{"type":"FeatureCollection","features":[{"type":"Feature","properties":{"density":1},"geometry":{"type":"Polygon","coordinates":[[[-104.681,55.108],[-104.588,55.137],[-104.344,55.166],[-103.86,55.277],[-103.221,55.326],[-103.049,55.33],[-102.607,55.256],[-102.488,55.211],[-102.393,55.151],[-102.264,55.039],[-102.177,54.864],[-102.152,54.641],[-102.223,54.527],[-102.466,54.47],[-102.744,54.5],[-103.292,54.793],[-103.487,54.875],[-104.148,54.946],[-104.529,55.025],[-104.675,55.031],[-104.689,55.052],[-104.681,55.108]]]}},{"type":"Feature","properties":{"density":1},"geometry":{"type":"Polygon","coordinates":[[[-102.836,56.425],[-102.798,56.412],[-102.603,56.407],[-102.249,56.431],[-101.787,56.43],[-101.247,56.354],[-101.078,56.305],[-101.047,56.271],[-101.122,56.232],[-101.205,56.229],[-101.569,56.251],[-101.971,56.32],[-102.197,56.326],[-102.737,56.284],[-102.904,56.295],[-102.917,56.329],[-102.891,56.396],[-102.836,56.425]]]}},{"type":"Feature","properties":{"density":1},"geometry":{"type":"Polygon","coordinates":[[[-105.278,55.711],[-105.113,55.732],[-104.839,55.731],[-104.589,55.694],[-104.456,55.626],[-104.428,55.591],[-104.419,55.523],[-104.433,55.503],[-104.486,55.486],[-104.962,55.61],[-105.094,55.63],[-105.32,55.634],[-105.328,55.68],[-105.278,55.711]]]}},{"type":"Feature","properties":{"density":1},"geometry":{"type":"Polygon","coordinates":[[[-103.527,56.432],[-103.393,56.482],[-102.633,56.652],[-102.508,56.647],[-102.476,56.637],[-102.459,56.609],[-102.502,56.577],[-102.565,56.561],[-103.478,56.383],[-103.535,56.383],[-103.527,56.432]]]}},{"type":"Feature","properties":{"density":1},"geometry":{"type":"Polygon","coordinates":[[[-102.794,56.074],[-102.537,56.101],[-102.303,56.089],[-102.064,56.049],[-101.996,55.993],[-102.068,55.952],[-102.5,55.934],[-102.712,55.959],[-102.778,56.006],[-102.799,56.044],[-102.794,56.074]]]}},{"type":"Feature","properties":{"density":1},"geometry":{"type":"Polygon","coordinates":[[[-102.152,55.356],[-101.791,55.386],[-101.529,55.373],[-101.375,55.342],[-101.003,55.213],[-100.914,55.152],[-100.874,55.097],[-100.86,55.036],[-100.882,54.968],[-100.963,54.917],[-101.028,54.9],[-101.308,54.955],[-101.793,55.103],[-102.112,55.171],[-102.146,55.206],[-102.191,55.298],[-102.178,55.341],[-102.152,55.356]]]}},{"type":"Feature","properties":{"density":1},"geometry":{"type":"Polygon","coordinates":[[[-104.735,54.603],[-104.616,54.626],[-104.366,54.615],[-104.322,54.601],[-104.302,54.559],[-104.328,54.523],[-104.357,54.511],[-104.502,54.501],[-104.667,54.538],[-104.733,54.57],[-104.735,54.603]]]}},{"type":"Feature","properties":{"density":1},"geometry":{"type":"Polygon","coordinates":[[[-106.393,39.32],[-106.26,39.312],[-106.22,39.267],[-106.191,39.121],[-106.19,39.034],[-106.21,39.007],[-106.358,39.074],[-106.439,39.163],[-106.452,39.269],[-106.393,39.32]]]}},{"type":"Feature","properties":{"density":1},"geometry":{"type":"Polygon","coordinates":[[[-105.111,38.709],[-105.131,38.897],[-105.195,39.126],[-105.102,39.274],[-104.887,39.314],[-104.716,39.281],[-104.537,39.188],[-104.377,38.966],[-104.327,38.69],[-104.415,38.287],[-104.522,37.659],[-104.604,37.448],[-104.869,36.987],[-104.965,36.873],[-105.355,36.469],[-105.917,35.986],[-106.12,35.603],[-106.351,35.276],[-106.512,35.12],[-106.71,35.002],[-107.011,35.013],[-107.102,35.09],[-107.177,35.204],[-107.199,35.355],[-107.156,35.469],[-107.102,35.551],[-106.927,35.751],[-106.344,36.295],[-106.033,36.617],[-105.925,36.749],[-105.518,37.118],[-105.407,37.25],[-105.317,37.329],[-105.246,37.472],[-105.217,37.59],[-105.214,37.852],[-105.26,38.233],[-105.254,38.418],[-105.233,38.542],[-105.111,38.709]]]}},{"type":"Feature","properties":{"density":1},"geometry":{"type":"Polygon","coordinates":[[[-107.844,38.293],[-107.887,38.345],[-107.901,38.486],[-107.882,38.532],[-107.759,38.597],[-107.447,38.584],[-107.203,38.635],[-106.871,38.735],[-106.575,38.764],[-106.307,38.73],[-106.112,38.732],[-105.979,38.699],[-105.933,38.634],[-105.996,38.456],[-106.254,38.115],[-106.655,37.77],[-106.907,37.502],[-107.2,37.244],[-107.374,37.109],[-107.499,37.067],[-107.605,37.059],[-107.695,37.09],[-107.786,37.236],[-107.799,37.368],[-107.539,37.653],[-107.404,37.878],[-107.403,37.937],[-107.428,37.971],[-107.464,37.984],[-107.589,38.001],[-107.696,38.078],[-107.844,38.293]]]}},{"type":"Feature","properties":{"density":1},"geometry":{"type":"Polygon","coordinates":[[[-112.607,40.351],[-112.563,40.331],[-112.443,40.318],[-112.15,40.356],[-112.055,40.352],[-111.969,40.323],[-111.934,40.276],[-111.955,40.235],[-112.054,40.197],[-112.569,40.12],[-112.668,40.161],[-112.82,40.263],[-112.856,40.347],[-112.841,40.372],[-112.759,40.396],[-112.683,40.389],[-112.607,40.351]]]}},{"type":"Feature","properties":{"density":1},"geometry":{"type":"Polygon","coordinates":[[[-106.701,40.392],[-106.632,40.418],[-106.619,40.449],[-106.69,40.462],[-106.764,40.422],[-106.752,40.398],[-106.701,40.392]]]}},{"type":"Feature","properties":{"density":1},"geometry":{"type":"Polygon","coordinates":[[[-123.213,42.586],[-123.278,42.773],[-123.286,42.878],[-123.285,42.967],[-123.252,43.098],[-123.105,43.434],[-122.907,43.697],[-122.697,43.913],[-122.625,43.965],[-122.492,43.995],[-122.117,43.909],[-121.92,43.7],[-121.913,43.632],[-121.931,43.554],[-122.182,43.292],[-122.331,43.19],[-122.489,43.006],[-122.642,42.907],[-122.673,42.81],[-122.579,42.681],[-122.428,42.572],[-122.394,42.531],[-122.386,42.471],[-122.408,42.409],[-122.474,42.35],[-122.579,42.302],[-122.752,42.287],[-122.868,42.311],[-122.983,42.363],[-123.066,42.429],[-123.127,42.496],[-123.205,42.547],[-123.213,42.586]]]}},{"type":"Feature","properties":{"density":1},"geometry":{"type":"Polygon","coordinates":[[[-92.298,48.278],[-92.244,48.34],[-91.991,48.519],[-91.881,48.573],[-91.534,48.685],[-90.959,49.012],[-90.18,49.252],[-89.567,49.375],[-89.146,49.417],[-88.707,49.369],[-88.446,49.27],[-88.35,49.204],[-88.265,49.108],[-88.226,48.944],[-88.222,48.633],[-88.249,48.516],[-88.335,48.353],[-88.443,48.2],[-88.583,48.083],[-88.763,47.966],[-88.979,47.898],[-89.151,47.88],[-89.561,47.875],[-91.362,48.126],[-91.763,48.132],[-92.23,48.106],[-92.274,48.114],[-92.316,48.146],[-92.334,48.192],[-92.298,48.278]]]}},{"type":"Feature","properties":{"density":1},"geometry":{"type":"Polygon","coordinates":[[[-141.142,70.958],[-138.454,70.896],[-133.635,71.023],[-128.625,71.036],[-119.303,71.575],[-110.444,72.191],[-103.203,72.345],[-89.259,72.037],[-72.696,72.422],[-65.763,72.114],[-58.83,70.651],[-53.668,69.11],[-49.739,66.799],[-47.428,63.563],[-46.196,61.483],[-46.735,59.634],[-49.046,58.71],[-52.358,58.248],[-54.901,57.94],[-57.765,55.649],[-59.101,53.519],[-58.813,51.016],[-57.444,49.359],[-56.818,47.702],[-58.019,45.487],[-61.705,43.644],[-67.149,43.56],[-70.972,42.338],[-71.824,41.227],[-72.159,40.71],[-72.722,40.208],[-73.254,39.767],[-73.787,39.386],[-74.533,38.93],[-75.309,38.504],[-75.765,38.275],[-77.964,37.724],[-79.231,37.518],[-81.148,36.902],[-83.1,36.423],[-86.883,35.618],[-88.082,34.865],[-89.759,33.872],[-91.3,33.29],[-92.806,32.947],[-94.073,32.947],[-96.573,33.153],[-100.286,33.248],[-101.176,33.02],[-102.317,32.586],[-104.828,31.856],[-106.586,31.787],[-108.024,31.878],[-109.743,31.599],[-110.91,31.904],[-112.178,32.614],[-113.801,33.704],[-115.247,34.82],[-117.307,35.912],[-118.059,36.939],[-118.277,38.022],[-118.48,39.409],[-118.189,40.679],[-117.333,41.863],[-116.69,42.895],[-115.287,44.078],[-114.61,45.076],[-114.069,46.056],[-113.472,46.789],[-112.666,47.905],[-112.447,48.852],[-112.953,49.224],[-113.596,49.139],[-114.458,48.581],[-116.685,46.583],[-117.806,45.859],[-119.615,44.168],[-121.017,42.442],[-122.539,41.033],[-123.972,39.738],[-125.043,38.656],[-126.767,37.484],[-128.033,36.673],[-130.024,35.178],[-131.926,35.127],[-134.817,35.786],[-135.908,36.421],[-136.212,37.511],[-135.764,39.16],[-135.409,39.768],[-134.885,40.597],[-131.9,44.185],[-129.732,46.088],[-127.627,46.836],[-126.79,47.089],[-126.432,47.304],[-126.124,47.612],[-126.048,47.973],[-126.161,48.401],[-126.116,48.845],[-126.207,49.626],[-126.232,50.133],[-125.305,52.19],[-124.933,52.517],[-124.46,52.697],[-124.009,52.844],[-123.468,53.069],[-122.735,53.272],[-121.608,53.734],[-120.762,54.14],[-119.872,54.512],[-117.448,55.656],[-116.383,55.707],[-114.862,55.808],[-111.886,55.538],[-111.023,55.487],[-107.642,55.014],[-106.796,54.963],[-106.289,55.149],[-106.103,55.487],[-106.391,55.944],[-106.982,56.146],[-108.031,56.366],[-109.096,56.4],[-110.077,56.316],[-111.767,56.265],[-113.137,56.451],[-114.202,56.535],[-115.673,56.586],[-118.801,56.586],[-120.559,56.806],[-125.26,57.888],[-126.782,58.53],[-129.183,59.122],[-132.344,59.258],[-134.373,58.776],[-136.073,58.7],[-138.685,58.979],[-141.17,59.486],[-142.793,60.348],[-143.808,61.134],[-147.308,64.076],[-148.407,64.939],[-149.388,65.649],[-150.334,66.443],[-151.518,67.678],[-152.482,69.436],[-152.397,69.994],[-151.873,70.501],[-151.231,70.772],[-150.131,71.025],[-148.661,71.144],[-147.02,70.907],[-143.426,70.772],[-142.199,70.893],[-141.142,70.958]]]}},{"type":"Feature","properties":{"density":1},"geometry":{"type":"Polygon","coordinates":[[[-110.657,28.115],[-112.761,28.152],[-113.944,27.889],[-115.654,27.326],[-117.007,26.762],[-118.359,26.48],[-120.163,26.95],[-120.914,27.269],[-121.76,27.42],[-122.718,26.931],[-123.206,26.123],[-123.375,24.827],[-122.718,22.742],[-122.117,21.445],[-121.121,20.149],[-119.655,18.759],[-118.942,17.782],[-118.178,17.325],[-117.451,16.799],[-116.7,16.198],[-115.861,15.734],[-114.583,15.359],[-113.506,15.108],[-112.454,15.221],[-111.377,15.596],[-109.298,16.623],[-106.887,19.56],[-106.524,20.124],[-106.023,20.763],[-105.647,21.489],[-105.434,22.065],[-105.434,22.829],[-105.684,23.468],[-106.386,24.42],[-106.962,25.009],[-108.127,26.073],[-109.458,27.472],[-110.085,27.873],[-110.657,28.115]]]}},{"type":"Feature","properties":{"density":1},"geometry":{"type":"Polygon","coordinates":[[[-95.091,17.536],[-96.394,18.413],[-97.434,19.402],[-98.285,20.529],[-99.275,22.07],[-99.462,23.185],[-99.4,24.212],[-98.886,25.978],[-98.686,27.055],[-98.198,27.919],[-97.521,28.407],[-95.517,29.046],[-94.853,29.196],[-94.277,29.021],[-93.889,28.382],[-93.751,27.243],[-94.039,25.639],[-94.202,23.711],[-94.302,22.834],[-94.227,21.757],[-93.751,20.605],[-93.138,18.939],[-92.925,18.313],[-92.912,17.849],[-93.15,17.536],[-93.488,17.348],[-94.064,17.261],[-94.641,17.273],[-95.091,17.536]]]}},{"type":"Feature","properties":{"density":1},"geometry":{"type":"Polygon","coordinates":[[[-76.168,54.799],[-76.163,54.897],[-76.095,55.048],[-76.062,55.072],[-76.004,55.077],[-75.954,55.057],[-75.937,55.037],[-75.917,54.935],[-75.954,54.816],[-76.012,54.769],[-76.056,54.762],[-76.151,54.78],[-76.168,54.799]]]}},{"type":"Feature","properties":{"density":1},"geometry":{"type":"Polygon","coordinates":[[[-109.981,27.342],[-110.251,27.514],[-110.265,27.588],[-110.143,27.602],[-110.049,27.527],[-109.934,27.467],[-109.904,27.436],[-109.91,27.352],[-109.981,27.342]]]}},{"type":"Feature","properties":{"density":1},"geometry":{"type":"Polygon","coordinates":[[[-92.197,17.897],[-92.163,17.856],[-92.167,17.822],[-92.208,17.822],[-92.298,17.856],[-92.557,17.982],[-92.575,18.02],[-92.554,18.034],[-92.453,18.002],[-92.197,17.897]]]}},{"type":"Feature","properties":{"density":1},"geometry":{"type":"Polygon","coordinates":[[[-91.212,18.136],[-91.442,18.237],[-91.428,18.271],[-91.221,18.177],[-91.201,18.123],[-91.212,18.136]]]}},{"type":"Feature","properties":{"density":1},"geometry":{"type":"Polygon","coordinates":[[[-123.35,42.854],[-123.395,42.903],[-123.449,43.065],[-123.444,43.155],[-123.368,43.344],[-123.143,43.697],[-122.597,44.457],[-122.42,44.588],[-122.288,44.644],[-122.131,44.644],[-121.964,44.553],[-121.929,44.492],[-121.919,44.396],[-121.939,44.148],[-121.828,44.163],[-121.676,44.254],[-121.347,44.492],[-121.099,44.629],[-120.744,44.705],[-120.668,44.7],[-120.592,44.664],[-120.567,44.568],[-120.592,44.492],[-120.704,44.366],[-120.881,44.305],[-121.291,44.077],[-121.61,43.87],[-122.41,43.201],[-122.698,42.984],[-122.83,42.933],[-122.865,42.842],[-122.845,42.628],[-122.865,42.552],[-122.985,42.553],[-123.143,42.646],[-123.35,42.854]]]}},{"type":"Feature","properties":{"density":1},"geometry":{"type":"Polygon","coordinates":[[[-118.169,44.982],[-118.111,45.056],[-118.078,45.161],[-118.111,45.171],[-118.179,45.093],[-118.202,45.046],[-118.192,44.996],[-118.169,44.982]]]}},{"type":"Feature","properties":{"density":1},"geometry":{"type":"Polygon","coordinates":[[[-105.131,37.904],[-105.199,38.029],[-105.347,38.15],[-105.324,38.184],[-105.216,38.231],[-105.087,38.234],[-105.02,38.234],[-104.827,38.191],[-104.679,38.062],[-104.638,37.981],[-104.605,37.809],[-104.608,37.607],[-104.692,37.418],[-104.804,37.327],[-105.111,37.225],[-105.165,37.222],[-105.256,37.246],[-105.297,37.276],[-105.327,37.364],[-105.327,37.441],[-105.219,37.735],[-105.131,37.904]]]}},{"type":"Feature","properties":{"density":1},"geometry":{"type":"Polygon","coordinates":[[[-106.425,39.271],[-106.499,39.275],[-106.522,39.214],[-106.436,39.077],[-106.402,39.057],[-106.263,39.037],[-106.191,38.989],[-106.162,39.057],[-106.175,39.111],[-106.254,39.19],[-106.324,39.235],[-106.425,39.271]]]}},{"type":"Feature","properties":{"density":1},"geometry":{"type":"Polygon","coordinates":[[[-107.566,38.354],[-107.289,38.374],[-107.064,38.365],[-106.918,38.322],[-106.718,38.194],[-106.488,37.935],[-106.45,37.874],[-106.403,37.744],[-106.387,37.62],[-106.461,37.485],[-106.554,37.397],[-106.776,37.285],[-106.918,37.244],[-107.008,37.265],[-107.076,37.334],[-107.328,37.735],[-107.433,37.793],[-107.674,37.883],[-107.737,37.933],[-107.8,38.027],[-107.834,38.14],[-107.787,38.255],[-107.683,38.327],[-107.566,38.354]]]}},{"type":"Feature","properties":{"density":1},"geometry":{"type":"Polygon","coordinates":[[[-112.542,40.072],[-112.681,40.15],[-112.836,40.298],[-112.978,40.588],[-112.974,40.659],[-112.94,40.74],[-112.886,40.784],[-112.812,40.804],[-112.741,40.774],[-112.603,40.642],[-112.532,40.504],[-112.384,40.379],[-112.292,40.41],[-112.087,40.572],[-112.026,40.798],[-111.948,40.896],[-111.847,40.933],[-111.773,40.919],[-111.682,40.71],[-111.675,40.565],[-111.705,40.386],[-111.79,40.251],[-111.894,40.156],[-112.184,40.055],[-112.478,40.028],[-112.542,40.072]]]}},{"type":"Feature","properties":{"density":1},"geometry":{"type":"Polygon","coordinates":[[[-121.376,49.899],[-121.441,49.901],[-121.527,49.937],[-121.583,50.002],[-121.606,50.086],[-121.592,50.155],[-121.554,50.216],[-121.484,50.257],[-121.32,50.263],[-121.214,50.212],[-121.142,50.122],[-121.124,50.05],[-121.165,49.964],[-121.34,49.892],[-121.376,49.899]]]}},{"type":"Feature","properties":{"density":1},"geometry":{"type":"Polygon","coordinates":[[[-104.667,55.157],[-104.724,55.09],[-104.703,55.058],[-104.512,54.993],[-103.139,54.736],[-102.597,54.68],[-102.213,54.667],[-101.703,54.596],[-101.548,54.596],[-101.382,54.633],[-101.338,54.711],[-101.335,54.788],[-101.403,54.886],[-101.645,54.977],[-102.044,55.004],[-102.752,55.089],[-103.157,55.078],[-103.62,55.129],[-104.615,55.18],[-104.667,55.157]]]}},{"type":"Feature","properties":{"density":1},"geometry":{"type":"Polygon","coordinates":[[[-105.294,55.723],[-105.339,55.691],[-105.375,55.633],[-104.81,55.608],[-104.691,55.615],[-104.698,55.644],[-104.779,55.666],[-105.294,55.723]]]}},{"type":"Feature","properties":{"density":1},"geometry":{"type":"Polygon","coordinates":[[[-102.848,56.284],[-102.379,56.236],[-102.052,56.243],[-101.633,56.226],[-101.286,56.243],[-101.178,56.273],[-101.104,56.327],[-102.312,56.422],[-102.744,56.422],[-102.862,56.398],[-102.869,56.304],[-102.848,56.284]]]}},{"type":"Feature","properties":{"density":1},"geometry":{"type":"Polygon","coordinates":[[[-102.161,55.363],[-102.209,55.332],[-102.209,55.308],[-102.124,55.267],[-102.109,55.212],[-102.004,55.18],[-101.615,55.131],[-101.374,55.126],[-100.94,55.079],[-100.63,55.063],[-100.36,55.005],[-100.029,55.005],[-99.838,55.039],[-99.705,55.079],[-99.599,55.149],[-99.572,55.239],[-99.768,55.304],[-100.061,55.36],[-100.873,55.419],[-101.631,55.428],[-101.935,55.414],[-102.079,55.392],[-102.161,55.363]]]}},{"type":"Feature","properties":{"density":1},"geometry":{"type":"Polygon","coordinates":[[[-92.267,48.426],[-92.366,48.358],[-92.465,48.206],[-92.374,48.13],[-92.115,48.077],[-91.766,48.054],[-90.787,48.085],[-90.058,48.024],[-89.154,47.993],[-87.377,47.857],[-86.132,47.697],[-85.311,47.424],[-84.841,47.378],[-84.529,47.378],[-84.256,47.507],[-84.104,47.819],[-84.15,48.13],[-84.286,48.434],[-84.658,48.73],[-85.418,48.92],[-86.071,48.996],[-87.924,49.057],[-89.199,49.155],[-89.739,49.231],[-90.756,49.17],[-91.093,49.051],[-91.164,49.011],[-91.194,48.91],[-91.184,48.859],[-91.138,48.829],[-91.067,48.824],[-91.062,48.783],[-91.113,48.722],[-91.29,48.707],[-91.559,48.616],[-91.634,48.51],[-92.014,48.459],[-92.156,48.414],[-92.267,48.426]]]}},{"type":"Feature","properties":{"density":1},"geometry":{"type":"Polygon","coordinates":[[[-89.585,50.386],[-89.724,50.321],[-89.78,50.263],[-89.657,50.269],[-89.447,50.326],[-89.299,50.393],[-89.249,50.429],[-89.252,50.454],[-89.351,50.445],[-89.443,50.398],[-89.585,50.386]]]}},{"type":"Feature","properties":{"density":1},"geometry":{"type":"Polygon","coordinates":[[[-91.42,51.517],[-91.485,51.459],[-91.492,51.429],[-91.46,51.414],[-91.386,51.429],[-91.183,51.501],[-91.03,51.589],[-90.979,51.648],[-90.988,51.663],[-91.073,51.641],[-91.352,51.522],[-91.42,51.517]]]}},{"type":"Feature","properties":{"density":1},"geometry":{"type":"Polygon","coordinates":[[[-92.272,51.956],[-92.385,51.897],[-92.403,51.852],[-92.187,51.884],[-91.831,52.041],[-91.744,52.102],[-91.741,52.131],[-92.272,51.956]]]}},{"type":"Feature","properties":{"density":1},"geometry":{"type":"Polygon","coordinates":[[[-89.307,51.068],[-89.517,50.849],[-89.54,50.805],[-89.547,50.667],[-89.517,50.616],[-89.419,50.609],[-89.351,50.636],[-89.091,50.859],[-88.696,51.277],[-88.636,51.358],[-88.605,51.571],[-88.636,51.608],[-88.727,51.578],[-89.307,51.068]]]}},{"type":"Feature","properties":{"density":1},"geometry":{"type":"Polygon","coordinates":[[[-110.406,63.1],[-109.096,63.465],[-107.912,64.0],[-106.647,64.319],[-105.93,64.729],[-105.064,65.15],[-104.301,65.731],[-104.073,66.46],[-104.552,67.11],[-105.702,67.531],[-108.891,68.18],[-113.858,68.34],[-116.876,68.34],[-120.35,67.77],[-120.886,67.542],[-121.592,67.428],[-123.46,67.292],[-124.155,67.201],[-124.929,67.155],[-125.909,67.132],[-126.433,67.155],[-127.8,67.326],[-129.657,67.531],[-131.16,67.52],[-131.593,67.258],[-131.832,66.756],[-131.547,66.119],[-130.875,65.868],[-130.249,65.731],[-130.044,65.219],[-129.714,64.797],[-129.497,64.467],[-129.281,63.954],[-129.007,63.533],[-128.814,63.271],[-128.984,62.986],[-128.973,62.679],[-128.745,62.325],[-128.29,62.007],[-127.834,61.836],[-127.39,61.745],[-126.934,61.688],[-126.467,61.688],[-126.16,61.528],[-126.069,61.312],[-126.103,60.947],[-126.228,60.628],[-126.08,60.275],[-125.408,58.92],[-125.1,58.624],[-123.346,57.872],[-121.74,57.598],[-120.054,57.519],[-119.2,57.45],[-118.391,57.245],[-116.74,57.211],[-114.689,57.382],[-113.937,57.473],[-113.425,57.576],[-112.855,57.735],[-112.445,57.872],[-112.001,58.043],[-111.648,58.259],[-111.466,58.601],[-111.557,58.76],[-112.138,58.954],[-112.616,58.92],[-113.527,58.897],[-114.325,58.794],[-114.564,58.783],[-114.871,58.806],[-115.361,58.794],[-115.862,58.874],[-116.261,59.091],[-116.569,59.364],[-116.352,59.717],[-116.022,60.025],[-116.079,60.298],[-115.76,60.651],[-115.464,60.924],[-114.769,61.437],[-114.268,61.87],[-113.858,62.029],[-113.379,62.029],[-112.912,62.189],[-112.354,62.462],[-111.42,62.827],[-110.406,63.1]]]}},{"type":"Feature","properties":{"density":1},"geometry":{"type":"Polygon","coordinates":[[[-70.933,19.379],[-70.798,19.408],[-70.719,19.455],[-70.677,19.507],[-70.67,19.541],[-70.722,19.575],[-70.791,19.561],[-70.942,19.449],[-70.962,19.395],[-70.933,19.379]]]}},{"type":"Feature","properties":{"density":1},"geometry":{"type":"Polygon","coordinates":[[[-74.99,20.623],[-75.051,20.634],[-75.166,20.619],[-75.067,20.576],[-74.999,20.565],[-74.977,20.585],[-74.99,20.623]]]}},{"type":"Feature","properties":{"density":1},"geometry":{"type":"Polygon","coordinates":[[[-75.821,20.562],[-75.778,20.513],[-75.785,20.477],[-75.808,20.477],[-75.938,20.574],[-75.922,20.604],[-75.892,20.604],[-75.821,20.562]]]}},{"type":"Feature","properties":{"density":1},"geometry":{"type":"Polygon","coordinates":[[[-76.021,20.559],[-76.237,20.396],[-76.304,20.393],[-76.285,20.433],[-76.124,20.567],[-76.034,20.598],[-76.021,20.559]]]}},{"type":"Feature","properties":{"density":1},"geometry":{"type":"Polygon","coordinates":[[[-77.991,21.663],[-78.102,21.663],[-78.16,21.642],[-78.032,21.629],[-77.942,21.647],[-77.962,21.667],[-77.991,21.663]]]}},{"type":"Feature","properties":{"density":1},"geometry":{"type":"Polygon","coordinates":[[[-79.726,22.678],[-80.003,22.671],[-80.118,22.692],[-80.136,22.721],[-80.001,22.764],[-79.796,22.766],[-79.728,22.73],[-79.715,22.701],[-79.726,22.678]]]}},{"type":"Feature","properties":{"density":1},"geometry":{"type":"Polygon","coordinates":[[[-81.236,27.092],[-81.285,27.058],[-81.26,27.004],[-81.215,26.997],[-81.173,27.04],[-81.166,27.081],[-81.193,27.108],[-81.236,27.092]]]}},{"type":"Feature","properties":{"density":1},"geometry":{"type":"Polygon","coordinates":[[[-81.568,43.438],[-81.402,43.472],[-81.156,43.549],[-81.037,43.618],[-81.044,43.668],[-81.087,43.684],[-81.341,43.625],[-81.449,43.564],[-81.613,43.508],[-81.627,43.465],[-81.568,43.438]]]}},{"type":"Feature","properties":{"density":1},"geometry":{"type":"Polygon","coordinates":[[[-98.966,36.23],[-98.554,36.18],[-98.493,36.139],[-98.483,36.102],[-98.541,36.068],[-99.685,36.021],[-99.81,36.052],[-99.779,36.126],[-99.688,36.149],[-99.182,36.21],[-99.047,36.244],[-98.966,36.23]]]}},{"type":"Feature","properties":{"density":1},"geometry":{"type":"Polygon","coordinates":[[[-116.07,30.996],[-116.091,30.986],[-116.091,30.969],[-116.075,30.947],[-116.027,30.933],[-115.916,30.95],[-115.881,30.98],[-115.895,30.999],[-115.949,31.008],[-116.07,30.996]]]}},{"type":"Feature","properties":{"density":1},"geometry":{"type":"Polygon","coordinates":[[[-123.255,42.776],[-123.341,42.871],[-123.384,42.945],[-123.394,42.988],[-123.379,43.307],[-123.307,43.618],[-123.14,43.972],[-123.016,44.17],[-122.953,44.303],[-122.611,44.735],[-122.52,44.876],[-122.418,44.971],[-122.132,45.163],[-121.814,45.501],[-121.71,45.535],[-121.666,45.524],[-121.625,45.467],[-121.625,45.386],[-121.662,45.281],[-121.868,44.863],[-121.949,44.785],[-122.051,44.647],[-122.294,44.168],[-122.385,43.513],[-122.466,43.348],[-122.489,43.233],[-122.557,43.105],[-122.712,42.892],[-122.854,42.575],[-122.982,42.534],[-123.073,42.578],[-123.255,42.776]]]}},{"type":"Feature","properties":{"density":1},"geometry":{"type":"Polygon","coordinates":[[[-118.46,44.65],[-118.551,44.647],[-118.575,44.677],[-118.504,44.758],[-118.652,44.869],[-118.693,44.95],[-118.585,45.028],[-118.484,45.045],[-118.359,45.133],[-118.069,45.274],[-117.957,45.342],[-117.677,45.561],[-117.63,45.581],[-117.579,45.575],[-117.542,45.534],[-117.539,45.436],[-117.606,45.342],[-117.89,45.058],[-117.991,44.994],[-118.231,44.755],[-118.403,44.643],[-118.46,44.65]]]}},{"type":"Feature","properties":{"density":1},"geometry":{"type":"Polygon","coordinates":[[[-121.493,49.815],[-121.591,49.893],[-121.662,50.011],[-121.676,50.125],[-121.655,50.223],[-121.534,50.341],[-121.466,50.368],[-121.399,50.449],[-121.352,50.426],[-121.331,50.362],[-121.348,50.287],[-121.315,50.011],[-121.375,49.882],[-121.446,49.805],[-121.493,49.815]]]}},{"type":"Feature","properties":{"density":1},"geometry":{"type":"Polygon","coordinates":[[[-104.756,37.543],[-104.686,37.795],[-104.735,38.056],[-104.807,38.146],[-104.918,38.211],[-105.174,38.259],[-105.237,38.229],[-105.282,38.164],[-105.266,38.065],[-105.239,38.018],[-105.149,37.937],[-105.08,37.75],[-105.075,37.701],[-105.122,37.581],[-105.138,37.489],[-105.111,37.446],[-105.017,37.406],[-104.969,37.41],[-104.792,37.482],[-104.756,37.543]]]}},{"type":"Feature","properties":{"density":1},"geometry":{"type":"Polygon","coordinates":[[[-106.401,39.264],[-106.464,39.264],[-106.5,39.244],[-106.518,39.154],[-106.473,39.106],[-106.405,39.066],[-106.358,39.068],[-106.331,39.097],[-106.327,39.178],[-106.365,39.246],[-106.401,39.264]]]}},{"type":"Feature","properties":{"density":1},"geometry":{"type":"Polygon","coordinates":[[[-107.474,38.33],[-107.398,38.319],[-107.254,38.26],[-107.161,38.195],[-107.105,38.116],[-107.083,37.968],[-107.089,37.914],[-107.125,37.882],[-107.17,37.774],[-107.236,37.693],[-107.384,37.619],[-107.652,37.601],[-107.755,37.648],[-107.857,37.752],[-107.944,37.945],[-107.949,38.022],[-107.906,38.123],[-107.816,38.206],[-107.616,38.308],[-107.542,38.332],[-107.474,38.33]]]}},{"type":"Feature","properties":{"density":1},"geometry":{"type":"Polygon","coordinates":[[[-112.548,40.071],[-112.642,40.118],[-112.71,40.199],[-112.76,40.297],[-112.771,40.382],[-112.73,40.456],[-112.686,40.496],[-112.46,40.591],[-112.315,40.672],[-112.237,40.665],[-112.18,40.608],[-112.163,40.53],[-112.183,40.415],[-112.231,40.317],[-112.386,40.098],[-112.436,40.064],[-112.548,40.071]]]}},{"type":"Feature","properties":{"density":1},"geometry":{"type":"Polygon","coordinates":[[[-78.029,51.77],[-78.171,51.682],[-78.181,51.605],[-76.872,51.483],[-76.446,51.49],[-75.998,51.466],[-75.758,51.473],[-75.643,51.507],[-75.616,51.531],[-75.64,51.618],[-75.822,51.662],[-76.048,51.686],[-76.365,51.689],[-76.777,51.77],[-77.395,51.841],[-77.938,51.794],[-78.029,51.77]]]}},{"type":"Feature","properties":{"density":1},"geometry":{"type":"Polygon","coordinates":[[[-76.74,52.236],[-76.841,52.199],[-76.855,52.141],[-76.018,51.976],[-75.397,51.905],[-75.211,51.838],[-74.756,51.72],[-74.108,51.639],[-74.013,51.679],[-73.949,51.726],[-74.04,51.801],[-75.218,52.023],[-75.758,52.182],[-76.362,52.253],[-76.679,52.263],[-76.74,52.236]]]}},{"type":"Feature","properties":{"density":1},"geometry":{"type":"Polygon","coordinates":[[[-76.241,52.573],[-76.284,52.53],[-76.288,52.479],[-75.977,52.422],[-74.961,52.361],[-74.698,52.374],[-74.739,52.432],[-74.82,52.496],[-75.022,52.536],[-75.697,52.607],[-76.068,52.607],[-76.241,52.573]]]}},{"type":"Feature","properties":{"density":1},"geometry":{"type":"Polygon","coordinates":[[[-75.542,54.166],[-75.603,54.153],[-75.643,54.119],[-75.68,54.048],[-75.582,53.984],[-75.515,53.977],[-75.329,54.018],[-75.167,54.028],[-74.958,54.092],[-74.88,54.126],[-74.83,54.173],[-74.82,54.217],[-74.84,54.251],[-74.978,54.258],[-75.542,54.166]]]}},{"type":"Feature","properties":{"density":1},"geometry":{"type":"Polygon","coordinates":[[[-76.062,54.882],[-76.146,54.858],[-76.19,54.811],[-76.173,54.767],[-76.055,54.747],[-75.95,54.777],[-75.9,54.841],[-75.927,54.889],[-76.062,54.882]]]}},{"type":"Feature","properties":{"density":1},"geometry":{"type":"Polygon","coordinates":[[[-90.473,49.448],[-90.54,49.38],[-90.486,49.35],[-90.068,49.34],[-89.612,49.441],[-89.562,49.515],[-89.595,49.552],[-89.943,49.566],[-90.304,49.519],[-90.473,49.448]]]}},{"type":"Feature","properties":{"density":1},"geometry":{"type":"Polygon","coordinates":[[[-91.646,48.584],[-92.186,48.399],[-92.291,48.324],[-92.334,48.216],[-92.314,48.156],[-92.169,48.085],[-92.112,48.088],[-91.96,48.135],[-91.835,48.118],[-91.879,47.98],[-91.754,47.946],[-91.113,47.929],[-90.998,47.936],[-90.725,48.004],[-90.627,48.01],[-90.093,47.963],[-89.14,47.843],[-88.897,47.805],[-88.646,47.737],[-88.327,47.722],[-87.553,47.722],[-87.249,47.661],[-86.93,47.555],[-86.55,47.464],[-86.163,47.35],[-85.799,47.274],[-85.366,47.206],[-84.561,47.213],[-84.326,47.266],[-84.143,47.335],[-83.931,47.464],[-83.726,47.684],[-83.619,47.851],[-83.604,48.117],[-83.657,48.307],[-83.779,48.504],[-83.969,48.709],[-84.333,48.815],[-84.766,48.907],[-85.085,48.96],[-85.935,49.051],[-88.297,49.127],[-89.018,49.271],[-90.021,49.241],[-90.514,49.18],[-90.97,49.074],[-91.092,48.99],[-91.175,48.846],[-91.259,48.762],[-91.646,48.584]]]}},{"type":"Feature","properties":{"density":1},"geometry":{"type":"Polygon","coordinates":[[[-92.358,51.923],[-92.412,51.896],[-92.439,51.848],[-92.364,51.801],[-92.243,51.764],[-91.456,51.666],[-91.386,51.703],[-91.423,51.761],[-91.723,51.852],[-92.189,51.916],[-92.358,51.923]]]}},{"type":"Feature","properties":{"density":1},"geometry":{"type":"Polygon","coordinates":[[[-91.369,51.604],[-91.465,51.583],[-91.536,51.538],[-91.591,51.432],[-91.526,51.356],[-91.384,51.335],[-91.217,51.285],[-90.574,51.204],[-90.432,51.199],[-90.118,51.264],[-90.032,51.234],[-90.017,51.173],[-90.098,51.118],[-90.538,51.047],[-90.624,50.996],[-90.635,50.94],[-90.711,50.89],[-90.827,50.849],[-90.898,50.799],[-90.918,50.723],[-90.898,50.657],[-90.741,50.627],[-90.447,50.616],[-89.845,50.647],[-89.728,50.642],[-89.647,50.601],[-89.668,50.53],[-89.754,50.465],[-89.835,50.429],[-89.926,50.343],[-89.946,50.272],[-89.936,50.217],[-89.647,50.146],[-89.521,50.13],[-89.48,50.11],[-89.516,50.044],[-89.607,50.004],[-89.895,49.958],[-90.007,49.903],[-90.047,49.776],[-90.027,49.68],[-89.885,49.629],[-89.531,49.66],[-89.111,49.66],[-89.07,49.639],[-89.04,49.584],[-88.969,49.543],[-88.822,49.538],[-88.24,49.655],[-87.034,49.562],[-86.863,49.596],[-85.781,49.949],[-85.542,50.109],[-85.337,50.325],[-85.189,50.633],[-85.177,50.94],[-85.223,51.248],[-85.382,51.521],[-85.542,51.738],[-86.407,52.171],[-86.817,52.239],[-87.034,52.273],[-87.66,52.33],[-88.72,52.193],[-89.244,52.045],[-90.576,51.772],[-91.078,51.692],[-91.369,51.604]]]}},{"type":"Feature","properties":{"density":1},"geometry":{"type":"Polygon","coordinates":[[[-105.302,55.763],[-105.366,55.692],[-105.37,55.645],[-104.904,55.58],[-104.651,55.597],[-104.192,55.574],[-104.141,55.624],[-104.185,55.685],[-104.401,55.715],[-104.863,55.763],[-105.302,55.763]]]}},{"type":"Feature","properties":{"density":1},"geometry":{"type":"Polygon","coordinates":[[[-105.633,55.78],[-105.656,55.739],[-105.613,55.709],[-105.555,55.699],[-105.43,55.709],[-105.39,55.736],[-105.383,55.78],[-105.467,55.807],[-105.592,55.8],[-105.633,55.78]]]}},{"type":"Feature","properties":{"density":1},"geometry":{"type":"Polygon","coordinates":[[[-104.723,54.678],[-104.767,54.64],[-104.784,54.576],[-104.774,54.502],[-104.629,54.472],[-104.47,54.445],[-104.325,54.455],[-104.075,54.408],[-103.832,54.455],[-103.812,54.516],[-103.896,54.573],[-104.359,54.678],[-104.531,54.694],[-104.723,54.678]]]}},{"type":"Feature","properties":{"density":1},"geometry":{"type":"Polygon","coordinates":[[[-104.484,55.204],[-104.676,55.164],[-104.747,55.123],[-104.75,55.066],[-104.71,55.012],[-104.339,54.931],[-102.766,54.671],[-102.395,54.624],[-101.539,54.43],[-100.947,54.364],[-100.243,54.354],[-100.061,54.435],[-99.934,54.556],[-99.808,54.647],[-99.084,54.713],[-98.78,54.824],[-98.724,54.905],[-98.765,54.986],[-98.689,55.093],[-98.537,55.169],[-98.36,55.189],[-97.307,55.189],[-96.983,55.148],[-96.466,55.133],[-96.33,55.179],[-96.071,55.336],[-96.112,55.432],[-96.34,55.508],[-96.709,55.564],[-97.16,55.604],[-98.355,55.645],[-98.901,55.538],[-98.993,55.493],[-99.053,55.386],[-99.17,55.305],[-99.311,55.275],[-100.01,55.25],[-100.253,55.224],[-100.445,55.229],[-101.266,55.321],[-101.483,55.371],[-101.701,55.396],[-101.853,55.452],[-102.258,55.523],[-102.496,55.533],[-102.931,55.584],[-103.24,55.65],[-103.483,55.655],[-103.579,55.609],[-103.635,55.528],[-103.554,55.457],[-103.407,55.457],[-103.002,55.391],[-102.81,55.381],[-102.354,55.305],[-102.141,55.164],[-101.995,55.143],[-101.64,55.012],[-101.564,54.966],[-101.6,54.936],[-101.797,54.916],[-103.017,55.022],[-103.691,55.133],[-104.484,55.204]]]}},{"type":"Feature","properties":{"density":1},"geometry":{"type":"Polygon","coordinates":[[[-102.845,56.515],[-102.982,56.434],[-103.043,56.323],[-103.032,56.287],[-102.926,56.242],[-102.805,56.227],[-102.759,56.166],[-102.805,56.12],[-102.896,56.09],[-102.982,56.019],[-102.962,55.948],[-102.0,55.746],[-101.691,55.695],[-101.063,55.645],[-100.182,55.614],[-99.428,55.614],[-99.342,55.655],[-99.281,55.746],[-99.276,55.827],[-99.372,55.933],[-99.544,55.999],[-100.213,56.151],[-100.501,56.212],[-100.891,56.252],[-102.136,56.434],[-102.845,56.515]]]}},{"type":"Feature","properties":{"density":1},"geometry":{"type":"Polygon","coordinates":[[[-112.48,67.366],[-112.292,67.349],[-111.352,67.195],[-110.942,67.093],[-110.412,66.87],[-109.455,66.631],[-108.789,66.512],[-108.02,66.307],[-106.927,66.238],[-104.415,66.136],[-103.715,65.965],[-103.441,65.623],[-103.527,64.769],[-104.535,63.949],[-105.662,63.47],[-107.115,63.163],[-107.918,62.941],[-110.002,62.599],[-111.027,62.138],[-111.574,62.018],[-112.275,61.984],[-113.129,61.83],[-113.641,61.711],[-114.137,61.54],[-114.53,61.335],[-114.94,61.044],[-115.179,60.839],[-115.453,60.515],[-115.47,60.122],[-115.077,59.729],[-114.376,59.438],[-113.402,59.182],[-112.411,58.994],[-111.027,58.328],[-110.959,57.986],[-111.625,57.593],[-113.505,57.542],[-115.265,57.337],[-117.828,56.995],[-119.468,56.875],[-120.664,56.721],[-123.261,56.704],[-125.072,57.063],[-126.148,57.388],[-126.764,57.815],[-126.951,58.276],[-128.284,59.934],[-128.916,60.497],[-130.232,60.942],[-131.496,61.437],[-132.094,61.847],[-132.966,62.582],[-133.359,62.975],[-133.564,63.556],[-133.239,64.0],[-132.914,64.171],[-132.556,64.581],[-132.436,65.196],[-132.675,66.153],[-133.068,67.4],[-133.137,67.913],[-132.829,68.562],[-132.385,69.057],[-131.616,69.553],[-130.369,69.741],[-129.361,69.809],[-128.301,69.809],[-125.021,69.656],[-123.961,69.724],[-122.936,69.826],[-121.791,69.912],[-120.408,69.724],[-119.622,69.502],[-118.938,69.228],[-118.186,68.75],[-117.571,68.442],[-116.785,68.272],[-115.914,68.118],[-114.923,67.998],[-113.266,67.656],[-112.48,67.366]]]}},{"type":"Feature","properties":{"density":1},"geometry":{"type":"Polygon","coordinates":[[[-92.64,36.644],[-92.761,36.694],[-92.979,36.705],[-93.176,36.654],[-93.176,36.588],[-93.11,36.527],[-92.69,36.538],[-92.65,36.588],[-92.64,36.644]]]}},{"type":"Feature","properties":{"density":1},"geometry":{"type":"Polygon","coordinates":[[[-98.517,36.178],[-99.555,36.3],[-99.965,36.426],[-100.036,36.426],[-100.178,36.462],[-100.213,36.411],[-100.112,36.335],[-99.747,36.168],[-99.251,36.062],[-98.613,36.052],[-98.507,36.077],[-98.467,36.122],[-98.487,36.168],[-98.517,36.178]]]}},{"type":"Feature","properties":{"density":1},"geometry":{"type":"Polygon","coordinates":[[[-98.497,36.563],[-98.77,36.613],[-99.15,36.73],[-99.064,36.786],[-98.72,36.705],[-98.497,36.634],[-98.472,36.588],[-98.497,36.563]]]}},{"type":"Feature","properties":{"density":1},"geometry":{"type":"Polygon","coordinates":[[[-116.059,30.936],[-115.915,30.932],[-115.866,30.961],[-115.762,31.116],[-115.749,31.157],[-115.758,31.211],[-115.83,31.215],[-115.879,31.161],[-115.915,31.058],[-115.951,31.033],[-115.996,31.006],[-116.08,31.008],[-116.091,30.984],[-116.059,30.936]]]}},{"type":"Feature","properties":{"density":1},"geometry":{"type":"Polygon","coordinates":[[[-91.749,17.627],[-91.882,17.713],[-91.886,17.76],[-91.751,17.702],[-91.718,17.654],[-91.722,17.636],[-91.749,17.627]]]}},{"type":"Feature","properties":{"density":1},"geometry":{"type":"Polygon","coordinates":[[[-92.719,18.494],[-92.82,18.51],[-92.942,18.507],[-93.036,18.561],[-93.056,18.618],[-93.08,18.639],[-93.272,18.787],[-93.333,18.811],[-93.519,18.936],[-93.522,18.959],[-93.485,18.963],[-93.431,18.942],[-93.144,18.777],[-92.796,18.645],[-92.685,18.571],[-92.678,18.514],[-92.702,18.483],[-92.719,18.494]]]}},{"type":"Feature","properties":{"density":1},"geometry":{"type":"Polygon","coordinates":[[[-75.057,20.668],[-74.989,20.623],[-74.988,20.584],[-75.019,20.557],[-75.309,20.522],[-75.643,20.528],[-75.82,20.452],[-75.879,20.456],[-75.943,20.497],[-75.994,20.504],[-76.053,20.491],[-76.278,20.384],[-76.35,20.362],[-76.377,20.363],[-76.384,20.381],[-76.39,20.453],[-76.33,20.579],[-76.347,20.644],[-76.338,20.678],[-76.231,20.734],[-76.068,20.743],[-75.952,20.722],[-75.865,20.68],[-75.781,20.594],[-75.75,20.591],[-75.708,20.599],[-75.639,20.659],[-75.586,20.672],[-75.247,20.698],[-75.121,20.692],[-75.057,20.668]]]}},{"type":"Feature","properties":{"density":1},"geometry":{"type":"Polygon","coordinates":[[[-77.967,21.675],[-78.649,21.678],[-78.691,21.665],[-78.721,21.606],[-78.577,21.579],[-78.3,21.618],[-78.048,21.624],[-77.941,21.648],[-77.967,21.675]]]}},{"type":"Feature","properties":{"density":1},"geometry":{"type":"Polygon","coordinates":[[[-78.205,21.924],[-78.444,21.953],[-78.601,21.954],[-78.645,21.929],[-78.627,21.912],[-78.486,21.875],[-78.178,21.869],[-78.16,21.882],[-78.171,21.909],[-78.205,21.924]]]}},{"type":"Feature","properties":{"density":1},"geometry":{"type":"Polygon","coordinates":[[[-79.747,22.63],[-80.155,22.583],[-80.55,22.428],[-80.679,22.394],[-80.77,22.391],[-80.841,22.418],[-80.888,22.458],[-80.918,22.522],[-80.942,22.708],[-80.928,22.812],[-80.884,22.89],[-80.817,22.958],[-80.371,22.968],[-79.764,22.775],[-79.73,22.738],[-79.72,22.677],[-79.747,22.63]]]}},{"type":"Feature","properties":{"density":1},"geometry":{"type":"Polygon","coordinates":[[[-121.973,43.353],[-121.815,43.586],[-121.433,44.296],[-121.387,44.547],[-121.44,44.767],[-121.744,45.147],[-121.721,45.314],[-121.509,45.618],[-121.357,45.762],[-121.288,45.876],[-121.288,46.05],[-121.303,46.149],[-121.372,46.24],[-121.668,46.415],[-121.797,46.362],[-121.949,46.195],[-122.139,45.906],[-122.313,45.519],[-122.458,45.337],[-122.572,45.154],[-122.906,44.509],[-122.974,44.342],[-123.035,44.152],[-123.042,44.0],[-123.103,43.787],[-123.111,43.112],[-123.141,42.96],[-123.149,42.808],[-123.187,42.679],[-123.187,42.61],[-123.156,42.519],[-123.08,42.474],[-122.944,42.436],[-122.792,42.451],[-122.686,42.497],[-122.518,42.671],[-122.313,42.823],[-122.063,43.096],[-121.973,43.353]]]}},{"type":"Feature","properties":{"density":1},"geometry":{"type":"Polygon","coordinates":[[[-121.26,49.921],[-121.132,50.052],[-121.051,50.225],[-120.933,50.383],[-120.71,50.498],[-120.649,50.545],[-120.599,50.63],[-120.599,50.727],[-120.616,50.812],[-120.673,50.896],[-120.771,50.91],[-120.838,50.832],[-120.926,50.788],[-121.041,50.896],[-121.081,50.997],[-121.277,51.001],[-121.362,50.886],[-121.429,50.765],[-121.55,50.366],[-121.581,50.133],[-121.571,50.032],[-121.523,49.934],[-121.469,49.887],[-121.348,49.88],[-121.26,49.921]]]}},{"type":"Feature","properties":{"density":1},"geometry":{"type":"Polygon","coordinates":[[[-117.861,45.75],[-117.962,45.706],[-118.178,45.538],[-118.553,45.332],[-118.597,45.288],[-118.634,45.217],[-118.664,45.102],[-118.664,44.977],[-118.648,44.89],[-118.604,44.809],[-118.594,44.738],[-118.556,44.687],[-118.459,44.647],[-118.394,44.674],[-118.178,44.815],[-118.016,44.9],[-117.584,45.193],[-117.358,45.409],[-117.139,45.561],[-117.058,45.662],[-117.007,45.764],[-116.997,45.929],[-117.031,45.973],[-117.139,46.003],[-117.291,45.986],[-117.676,45.845],[-117.746,45.791],[-117.861,45.75]]]}},{"type":"Feature","properties":{"density":1},"geometry":{"type":"Polygon","coordinates":[[[-105.465,44.489],[-105.57,44.46],[-105.642,44.472],[-105.704,44.514],[-105.732,44.571],[-105.722,44.612],[-105.638,44.697],[-105.531,44.747],[-105.45,44.751],[-105.363,44.721],[-105.345,44.687],[-105.365,44.592],[-105.414,44.52],[-105.465,44.489]]]}},{"type":"Feature","properties":{"density":1},"geometry":{"type":"Polygon","coordinates":[[[-105.386,38.241],[-105.15,38.197],[-105.066,38.173],[-105.015,38.14],[-104.971,37.967],[-104.998,37.897],[-105.143,37.731],[-105.234,37.674],[-105.41,37.505],[-105.515,37.427],[-105.602,37.407],[-105.71,37.421],[-105.788,37.485],[-105.832,37.549],[-105.92,37.768],[-106.004,37.927],[-106.014,38.032],[-105.974,38.173],[-105.936,38.221],[-105.737,38.278],[-105.562,38.278],[-105.386,38.241]]]}},{"type":"Feature","properties":{"density":1},"geometry":{"type":"Polygon","coordinates":[[[-106.692,40.522],[-106.895,40.502],[-106.993,40.435],[-107.084,40.286],[-107.101,40.141],[-107.043,40.094],[-106.939,40.07],[-106.736,40.131],[-106.662,40.192],[-106.615,40.269],[-106.598,40.431],[-106.628,40.489],[-106.692,40.522]]]}},{"type":"Feature","properties":{"density":1},"geometry":{"type":"Polygon","coordinates":[[[-107.641,38.433],[-107.732,38.545],[-108.005,38.73],[-108.103,38.72],[-108.184,38.693],[-108.255,38.653],[-108.323,38.582],[-108.363,38.474],[-108.356,38.032],[-108.309,37.907],[-108.235,37.795],[-108.019,37.701],[-107.887,37.691],[-107.648,37.775],[-107.54,37.859],[-107.445,37.994],[-107.411,38.116],[-107.418,38.183],[-107.465,38.261],[-107.641,38.433]]]}},{"type":"Feature","properties":{"density":1},"geometry":{"type":"Polygon","coordinates":[[[-109.46,37.826],[-109.504,37.913],[-109.831,38.133],[-110.105,38.261],[-110.152,38.268],[-110.202,38.237],[-110.209,38.194],[-110.007,38.021],[-109.986,37.971],[-109.99,37.91],[-109.939,37.782],[-109.885,37.721],[-109.794,37.694],[-109.625,37.697],[-109.484,37.775],[-109.46,37.826]]]}},{"type":"Feature","properties":{"density":1},"geometry":{"type":"Polygon","coordinates":[[[-112.712,40.418],[-112.729,40.306],[-112.718,40.235],[-112.685,40.165],[-112.61,40.097],[-112.54,40.08],[-112.438,40.1],[-112.263,40.276],[-112.148,40.451],[-111.983,40.522],[-111.905,40.6],[-111.838,40.701],[-111.8,40.792],[-111.797,40.856],[-111.827,40.904],[-111.838,41.015],[-111.827,41.12],[-111.709,41.302],[-111.679,41.39],[-111.638,41.592],[-111.622,41.845],[-111.652,41.903],[-111.787,42.021],[-111.949,42.038],[-112.043,41.997],[-112.135,41.882],[-112.324,41.592],[-112.536,41.12],[-112.604,40.846],[-112.695,40.593],[-112.712,40.418]]]}},{"type":"Feature","properties":{"density":1},"geometry":{"type":"Polygon","coordinates":[[[-103.374,56.564],[-103.617,56.496],[-103.594,56.435],[-103.435,56.359],[-103.283,56.352],[-103.131,56.321],[-103.002,56.268],[-103.002,56.207],[-103.055,56.147],[-103.032,56.063],[-103.086,55.949],[-103.473,55.934],[-103.944,55.972],[-104.323,56.071],[-104.771,56.086],[-105.25,56.048],[-105.44,55.987],[-105.69,55.866],[-105.728,55.721],[-105.637,55.577],[-105.318,55.478],[-105.09,55.44],[-104.612,55.418],[-104.141,55.448],[-104.118,55.41],[-104.164,55.349],[-104.635,55.304],[-104.771,55.235],[-104.832,55.167],[-104.809,55.053],[-104.627,54.924],[-104.384,54.84],[-104.414,54.81],[-104.551,54.787],[-104.673,54.787],[-104.817,54.749],[-104.893,54.658],[-104.862,54.559],[-104.718,54.453],[-104.179,54.294],[-102.334,54.028],[-102.083,54.02],[-101.703,53.944],[-101.476,54.02],[-101.309,54.051],[-100.686,54.066],[-100.435,54.089],[-99.813,54.073],[-99.478,53.982],[-98.142,53.671],[-97.717,53.663],[-97.405,53.77],[-97.17,53.876],[-96.585,54.066],[-96.175,54.051],[-95.218,53.929],[-94.839,53.899],[-94.421,53.922],[-93.282,53.891],[-93.039,53.929],[-92.637,54.035],[-92.432,54.195],[-92.257,54.385],[-92.226,54.673],[-92.31,54.856],[-92.477,55.121],[-92.857,55.266],[-93.282,55.402],[-93.844,55.493],[-96.319,55.493],[-97.269,55.645],[-98.681,56.124],[-99.813,56.39],[-100.709,56.534],[-102.121,56.655],[-102.85,56.67],[-103.146,56.625],[-103.374,56.564]]]}},{"type":"Feature","properties":{"density":1},"geometry":{"type":"Polygon","coordinates":[[[-92.663,52.351],[-92.792,52.328],[-92.876,52.26],[-92.883,52.199],[-92.785,52.139],[-92.572,52.063],[-92.557,51.956],[-92.701,51.774],[-92.633,51.675],[-92.534,51.592],[-91.797,51.372],[-91.456,51.334],[-91.281,51.303],[-91.137,51.258],[-90.651,51.22],[-90.582,51.182],[-90.582,51.113],[-90.658,51.015],[-90.833,50.916],[-90.879,50.802],[-90.856,50.597],[-90.673,50.552],[-90.294,50.514],[-90.074,50.468],[-89.96,50.392],[-89.952,50.346],[-90.043,50.248],[-90.142,50.217],[-90.241,50.141],[-90.309,50.05],[-90.241,49.906],[-90.172,49.815],[-90.172,49.709],[-90.233,49.663],[-90.37,49.602],[-90.56,49.473],[-90.628,49.352],[-90.727,49.276],[-91.084,49.131],[-91.273,48.98],[-91.418,48.82],[-91.957,48.608],[-92.245,48.585],[-92.602,48.486],[-92.716,48.44],[-92.807,48.372],[-92.815,48.243],[-92.663,48.159],[-92.443,48.099],[-92.147,48.038],[-90.825,47.886],[-89.686,47.78],[-87.249,47.689],[-86.55,47.605],[-84.614,47.423],[-82.093,47.491],[-81.443,47.468],[-81.124,47.503],[-80.862,47.639],[-80.543,47.879],[-80.179,48.084],[-79.849,48.562],[-79.655,48.881],[-79.507,49.314],[-79.45,49.997],[-79.518,50.327],[-79.655,50.567],[-79.917,50.92],[-80.464,51.284],[-80.76,51.512],[-81.455,51.82],[-83.22,51.956],[-84.143,51.979],[-85.134,52.025],[-86.25,52.196],[-88.198,52.218],[-89.793,52.389],[-90.761,52.446],[-91.581,52.446],[-92.173,52.412],[-92.663,52.351]]]}},{"type":"Feature","properties":{"density":1},"geometry":{"type":"Polygon","coordinates":[[[-92.602,19.512],[-92.773,19.119],[-93.064,18.556],[-93.149,18.111],[-93.183,17.735],[-93.269,17.257],[-93.593,16.881],[-94.174,16.591],[-94.584,16.574],[-95.626,16.779],[-96.412,17.274],[-96.703,17.753],[-97.386,21.58],[-97.865,23.271],[-97.984,24.057],[-96.959,28.021],[-95.233,33.062],[-95.182,33.967],[-95.285,34.616],[-95.746,35.334],[-96.242,36.034],[-96.925,36.684],[-97.626,37.111],[-98.172,38.051],[-98.343,38.632],[-98.446,40.511],[-98.292,41.399],[-98.036,42.442],[-97.831,43.125],[-97.66,44.783],[-97.66,45.398],[-97.796,45.927],[-98.309,46.594],[-98.958,47.004],[-99.744,47.328],[-100.786,47.482],[-101.965,47.568],[-102.768,47.482],[-103.674,47.089],[-105.058,46.252],[-105.724,45.654],[-107.159,44.68],[-108.885,43.211],[-109.073,42.647],[-108.988,42.049],[-108.629,41.314],[-107.928,40.562],[-107.194,39.964],[-106.63,39.469],[-105.724,38.495],[-105.348,38.153],[-105.126,37.846],[-105.622,36.923],[-106.083,36.564],[-106.972,36.274],[-108.663,35.983],[-111.551,35.915],[-112.712,36.052],[-113.823,36.427],[-114.455,36.906],[-115.104,38.495],[-114.814,40.374],[-114.643,41.861],[-113.994,44.082],[-113.14,45.329],[-110.15,47.858],[-108.834,48.456],[-108.338,48.746],[-107.125,49.908],[-106.715,50.523],[-106.647,51.087],[-107.057,51.378],[-108.304,51.395],[-110.115,51.002],[-111.619,50.626],[-113.413,50.011],[-115.925,48.678],[-119.461,46.85],[-121.307,45.517],[-122.332,44.492],[-123.22,43.569],[-124.382,42.732],[-125.766,41.468],[-126.86,40.033],[-128.124,38.563],[-128.978,37.863],[-130.003,37.35],[-131.968,34.668],[-132.669,33.215],[-133.199,32.002],[-133.848,30.96],[-137.162,28.602],[-139.059,27.423],[-143.382,25.185],[-146.944,23.852],[-149.225,23.852],[-150.84,23.775],[-152.147,24.813],[-152.339,25.967],[-152.032,27.427],[-151.224,28.85],[-150.263,30.08],[-149.264,31.464],[-147.649,33.501],[-146.265,34.539],[-145.189,35.27],[-144.304,35.847],[-143.266,36.462],[-142.305,36.923],[-141.267,37.384],[-138.922,38.384],[-137.884,38.922],[-135.501,40.075],[-134.348,40.806],[-133.656,41.767],[-133.31,42.92],[-133.156,44.304],[-133.694,45.419],[-134.655,46.226],[-135.808,46.572],[-137.077,46.764],[-138.961,46.764],[-140.268,46.072],[-141.882,44.343],[-145.073,42.613],[-146.995,42.997],[-147.841,43.651],[-148.264,44.996],[-148.149,46.534],[-146.765,48.725],[-145.842,50.032],[-145.035,51.262],[-143.958,52.608],[-143.19,53.723],[-142.152,55.107],[-140.998,57.682],[-141.921,59.297],[-142.997,60.066],[-145.727,62.103],[-148.341,63.949],[-149.917,65.525],[-151.147,66.678],[-152.147,67.831],[-152.723,68.831],[-152.377,70.023],[-151.686,71.022],[-151.109,71.368],[-149.84,71.714],[-148.418,71.83],[-147.303,71.599],[-145.996,71.56],[-143.651,72.329],[-142.305,72.637],[-121.085,73.342],[-118.291,73.495],[-113.627,73.829],[-111.986,73.444],[-108.424,72.675],[-105.656,72.035],[-101.914,71.42],[-94.277,70.676],[-88.228,70.523],[-85.178,70.907],[-75.337,73.111],[-69.109,74.29],[-64.496,74.879],[-61.215,74.879],[-58.191,74.674],[-55.91,74.264],[-53.757,73.598],[-52.066,72.419],[-51.143,71.368],[-50.169,70.036],[-49.734,68.6],[-49.657,67.498],[-48.99,66.345],[-48.247,65.243],[-46.581,63.603],[-45.248,62.167],[-44.428,61.475],[-43.019,60.168],[-42.301,58.579],[-42.25,57.811],[-43.711,55.53],[-44.992,55.017],[-46.171,54.658],[-47.837,54.402],[-49.067,53.941],[-49.426,53.3],[-49.247,52.634],[-49.067,51.608],[-49.067,50.378],[-49.682,49.584],[-53.091,45.662],[-54.09,43.868],[-54.911,42.664],[-56.013,41.921],[-57.14,41.28],[-58.652,40.537],[-60.062,39.793],[-61.651,39.178],[-62.599,39.127],[-63.624,39.05],[-65.752,39.563],[-67.469,39.563],[-68.52,39.435],[-69.852,38.845],[-71.108,38.435],[-72.364,37.641],[-73.517,36.795],[-78.011,35.923],[-79.344,36.333],[-80.3,37.068],[-81.086,37.53],[-83.393,37.752],[-84.008,37.632],[-84.726,37.273],[-86.041,36.539],[-87.579,35.599],[-89.168,34.505],[-89.766,34.112],[-91.68,31.994],[-92.466,30.336],[-92.534,29.636],[-92.38,29.021],[-91.936,28.525],[-91.509,28.115],[-91.013,27.808],[-90.518,27.551],[-89.971,27.295],[-89.458,26.936],[-89.134,26.304],[-88.878,25.843],[-88.724,25.125],[-88.809,24.339],[-88.997,23.485],[-89.458,22.784],[-90.039,22.357],[-90.586,22.084],[-91.167,21.674],[-91.765,21.042],[-92.004,20.495],[-92.124,20.119],[-92.602,19.512]]]}},{"type":"Feature","properties":{"density":2},"geometry":{"type":"Polygon","coordinates":[[[-104.666,55.104],[-104.548,55.122],[-103.771,55.075],[-103.294,55.016],[-103.259,55.009],[-103.225,54.972],[-103.227,54.953],[-103.271,54.937],[-103.428,54.928],[-104.018,54.959],[-104.479,55.035],[-104.673,55.047],[-104.68,55.086],[-104.666,55.104]]]}},{"type":"Feature","properties":{"density":2},"geometry":{"type":"Polygon","coordinates":[[[-102.818,56.356],[-102.357,56.404],[-102.242,56.407],[-102.206,56.392],[-102.207,56.375],[-102.254,56.345],[-102.362,56.33],[-102.832,56.316],[-102.858,56.329],[-102.858,56.349],[-102.818,56.356]]]}},{"type":"Feature","properties":{"density":2},"geometry":{"type":"Polygon","coordinates":[[[-105.27,55.701],[-105.07,55.708],[-105.03,55.699],[-105.011,55.671],[-105.021,55.653],[-105.057,55.644],[-105.322,55.653],[-105.317,55.674],[-105.27,55.701]]]}},{"type":"Feature","properties":{"density":2},"geometry":{"type":"Polygon","coordinates":[[[-106.434,39.226],[-106.423,39.266],[-106.396,39.288],[-106.299,39.277],[-106.239,39.067],[-106.321,39.094],[-106.42,39.181],[-106.434,39.226]]]}},{"type":"Feature","properties":{"density":2},"geometry":{"type":"Polygon","coordinates":[[[-105.223,38.333],[-105.229,38.408],[-105.204,38.45],[-105.164,38.477],[-105.103,38.479],[-105.019,38.446],[-104.871,38.266],[-104.763,38.216],[-104.718,38.178],[-104.654,38.081],[-104.658,37.993],[-104.717,37.886],[-104.822,37.747],[-105.001,37.621],[-105.022,37.621],[-104.998,37.732],[-105.013,37.901],[-105.048,37.921],[-105.099,37.988],[-105.126,38.122],[-105.223,38.333]]]}},{"type":"Feature","properties":{"density":2},"geometry":{"type":"Polygon","coordinates":[[[-107.669,38.075],[-107.739,38.178],[-107.774,38.365],[-107.744,38.402],[-107.674,38.439],[-107.224,38.421],[-106.898,38.295],[-106.889,38.262],[-106.887,38.217],[-106.965,38.155],[-107.117,38.199],[-107.124,38.16],[-107.019,38.105],[-107.004,38.079],[-107.006,38.037],[-107.056,38.015],[-107.145,38.012],[-107.388,38.082],[-107.476,38.085],[-107.547,38.045],[-107.607,38.038],[-107.669,38.075]]]}},{"type":"Feature","properties":{"density":2},"geometry":{"type":"Polygon","coordinates":[[[-112.583,40.156],[-112.802,40.297],[-112.799,40.339],[-112.703,40.352],[-112.631,40.342],[-112.518,40.257],[-112.48,40.214],[-112.488,40.168],[-112.536,40.139],[-112.583,40.156]]]}},{"type":"Feature","properties":{"density":2},"geometry":{"type":"Polygon","coordinates":[[[-123.007,42.585],[-123.137,42.684],[-123.232,42.794],[-123.236,42.868],[-123.099,43.039],[-122.988,43.316],[-122.783,43.426],[-122.675,43.435],[-122.645,43.419],[-122.63,43.357],[-122.694,43.166],[-122.836,42.972],[-122.867,42.883],[-122.948,42.804],[-122.956,42.779],[-122.956,42.7],[-122.922,42.575],[-122.981,42.565],[-123.007,42.585]]]}},{"type":"Feature","properties":{"density":2},"geometry":{"type":"Polygon","coordinates":[[[-91.435,48.59],[-91.399,48.631],[-91.129,48.782],[-91.026,48.814],[-90.923,48.786],[-90.929,48.662],[-90.973,48.603],[-91.011,48.582],[-91.439,48.542],[-91.435,48.59]]]}},{"type":"Feature","properties":{"density":2},"geometry":{"type":"Polygon","coordinates":[[[-91.327,48.279],[-91.249,48.361],[-91.116,48.444],[-90.949,48.507],[-90.882,48.487],[-90.876,48.373],[-90.91,48.298],[-91.138,48.254],[-91.313,48.253],[-91.327,48.279]]]}},{"type":"Feature","properties":{"density":2},"geometry":{"type":"Polygon","coordinates":[[[-92.207,48.307],[-92.007,48.439],[-91.907,48.476],[-91.789,48.493],[-91.744,48.442],[-91.767,48.368],[-91.824,48.336],[-92.219,48.264],[-92.223,48.291],[-92.207,48.307]]]}},{"type":"Feature","properties":{"density":2},"geometry":{"type":"Polygon","coordinates":[[[-91.978,48.24],[-91.778,48.326],[-91.605,48.347],[-91.59,48.332],[-91.601,48.246],[-91.622,48.212],[-91.68,48.181],[-91.919,48.173],[-91.986,48.209],[-91.978,48.24]]]}},{"type":"Feature","properties":{"density":2},"geometry":{"type":"Polygon","coordinates":[[[-90.96,48.949],[-90.811,49.021],[-90.734,49.032],[-90.714,49.013],[-90.726,48.945],[-90.809,48.917],[-90.874,48.904],[-90.992,48.91],[-90.96,48.949]]]}},{"type":"Feature","properties":{"density":2},"geometry":{"type":"Polygon","coordinates":[[[-118.904,56.862],[-119.768,56.974],[-121.722,57.363],[-122.962,57.713],[-124.64,58.277],[-127.659,59.216],[-128.861,59.629],[-130.001,60.055],[-131.248,60.09],[-132.317,59.873],[-133.245,59.554],[-134.284,59.341],[-135.148,59.316],[-136.338,59.316],[-139.062,59.686],[-141.486,60.325],[-142.801,61.283],[-144.36,63.274],[-144.942,63.931],[-145.468,64.57],[-146.558,65.829],[-147.478,66.994],[-147.647,67.501],[-147.647,67.801],[-147.478,68.29],[-147.197,68.553],[-146.934,68.703],[-146.539,68.872],[-146.182,68.929],[-145.09,68.833],[-144.489,68.858],[-143.704,68.716],[-142.669,68.449],[-142.051,68.248],[-137.0,67.255],[-135.854,67.593],[-134.764,68.062],[-133.675,68.72],[-132.491,69.208],[-131.458,69.509],[-129.748,69.678],[-122.591,69.659],[-121.144,69.396],[-118.927,69.077],[-116.429,68.889],[-113.366,68.419],[-107.58,68.213],[-104.124,68.476],[-102.32,68.532],[-100.291,68.682],[-95.643,68.452],[-93.97,68.244],[-92.692,67.906],[-91.765,67.68],[-90.676,67.342],[-89.912,66.816],[-89.436,66.228],[-89.123,65.677],[-89.16,65.025],[-89.473,64.336],[-89.862,64.011],[-90.801,63.635],[-91.452,63.397],[-92.254,63.234],[-93.206,63.197],[-94.082,63.197],[-96.086,63.51],[-96.762,63.798],[-97.714,64.249],[-99.514,65.151],[-100.933,65.626],[-101.776,65.777],[-102.519,65.785],[-103.705,65.263],[-104.723,64.707],[-105.453,64.395],[-105.987,64.194],[-106.666,64.083],[-107.341,64.057],[-108.143,63.931],[-108.756,63.781],[-109.395,63.581],[-110.222,63.355],[-112.038,62.992],[-112.977,62.692],[-114.117,62.378],[-115.332,61.64],[-115.382,61.356],[-115.19,61.13],[-114.814,60.963],[-114.171,60.871],[-113.612,60.704],[-113.127,60.504],[-112.835,60.02],[-112.526,59.602],[-112.33,58.73],[-112.318,58.367],[-112.743,57.991],[-113.257,57.678],[-114.672,57.352],[-115.987,57.102],[-117.465,56.876],[-118.317,56.851],[-118.718,56.818],[-118.904,56.862]]]}},{"type":"Feature","properties":{"density":2},"geometry":{"type":"Polygon","coordinates":[[[-105.565,54.341],[-106.636,54.266],[-107.97,54.247],[-108.988,54.475],[-111.151,55.191],[-112.331,55.386],[-113.906,55.412],[-115.24,55.524],[-116.518,55.355],[-117.495,55.167],[-118.378,54.792],[-119.242,54.322],[-119.73,53.815],[-120.012,53.383],[-120.294,53.007],[-121.12,52.162],[-121.853,51.335],[-122.379,51.053],[-123.801,51.014],[-124.189,50.976],[-124.702,50.863],[-125.479,50.4],[-125.617,50.275],[-125.855,49.899],[-125.771,49.356],[-125.621,49.056],[-125.42,48.73],[-125.02,48.392],[-124.844,48.292],[-124.356,48.154],[-123.461,48.058],[-122.799,48.18],[-122.687,48.091],[-122.646,47.985],[-122.662,47.735],[-122.804,47.51],[-123.063,47.226],[-123.355,47.0],[-123.827,46.854],[-124.236,46.771],[-124.687,46.637],[-126.374,46.036],[-126.883,45.919],[-127.434,45.685],[-128.052,45.226],[-129.137,44.299],[-129.463,43.923],[-130.173,43.23],[-130.674,42.17],[-130.882,41.636],[-131.62,40.447],[-132.054,39.695],[-132.855,38.159],[-132.855,37.683],[-132.688,37.391],[-132.087,37.7],[-130.985,39.002],[-128.8,41.263],[-128.547,41.629],[-128.265,42.447],[-127.927,43.236],[-127.729,43.602],[-127.504,43.743],[-127.053,43.686],[-126.799,43.546],[-126.489,43.32],[-126.264,43.207],[-125.531,43.377],[-125.137,43.574],[-124.517,43.94],[-124.01,44.335],[-123.023,44.926],[-122.46,45.462],[-121.276,46.42],[-120.431,46.899],[-119.523,47.707],[-118.739,48.201],[-117.531,48.903],[-117.086,49.348],[-116.445,50.124],[-116.068,50.39],[-115.678,50.588],[-112.432,51.636],[-111.305,51.937],[-108.825,52.676],[-107.711,52.876],[-106.312,53.269],[-105.794,53.31],[-105.068,53.469],[-104.517,53.678],[-104.158,53.878],[-103.74,54.045],[-103.406,54.229],[-103.248,54.413],[-103.298,54.529],[-103.523,54.529],[-103.824,54.479],[-104.625,54.385],[-105.202,54.426],[-105.488,54.378],[-105.565,54.341]]]}},{"type":"Feature","properties":{"density":2},"geometry":{"type":"Polygon","coordinates":[[[-86.281,46.376],[-85.346,46.632],[-84.912,46.721],[-84.339,46.676],[-83.821,46.632],[-82.378,46.17],[-82.359,46.147],[-82.352,46.066],[-82.478,45.925],[-83.046,45.747],[-83.368,45.691],[-84.088,45.65],[-84.934,45.557],[-85.239,45.539],[-85.584,45.561],[-85.951,45.654],[-86.196,45.761],[-86.33,45.862],[-86.437,46.014],[-86.467,46.147],[-86.448,46.214],[-86.281,46.376]]]}},{"type":"Feature","properties":{"density":2},"geometry":{"type":"Polygon","coordinates":[[[-76.152,54.802],[-76.143,54.889],[-76.104,54.97],[-76.052,54.999],[-75.994,54.994],[-75.952,54.94],[-75.947,54.908],[-75.957,54.842],[-75.979,54.812],[-76.025,54.788],[-76.085,54.783],[-76.152,54.802]]]}},{"type":"Feature","properties":{"density":2},"geometry":{"type":"Polygon","coordinates":[[[-92.206,17.879],[-92.3,17.915],[-92.316,17.901],[-92.194,17.845],[-92.183,17.858],[-92.206,17.879]]]}},{"type":"Feature","properties":{"density":2},"geometry":{"type":"Polygon","coordinates":[[[-123.0,42.582],[-123.239,42.771],[-123.341,42.905],[-123.356,42.977],[-123.281,43.082],[-123.191,43.118],[-123.117,43.185],[-123.03,43.448],[-122.741,43.661],[-122.694,43.748],[-122.664,43.742],[-122.676,43.671],[-122.657,43.65],[-122.636,43.565],[-122.708,43.253],[-122.894,43.154],[-122.976,43.043],[-122.999,42.975],[-123.03,42.723],[-122.948,42.638],[-122.939,42.59],[-122.967,42.57],[-123.0,42.582]]]}},{"type":"Feature","properties":{"density":2},"geometry":{"type":"Polygon","coordinates":[[[-118.172,44.996],[-118.121,45.11],[-118.172,45.05],[-118.189,45.009],[-118.172,44.996]]]}},{"type":"Feature","properties":{"density":2},"geometry":{"type":"Polygon","coordinates":[[[-105.07,38.016],[-104.922,37.978],[-104.816,37.87],[-104.803,37.807],[-104.816,37.699],[-104.899,37.647],[-104.953,37.629],[-105.007,37.634],[-105.039,37.654],[-105.068,37.845],[-105.131,37.962],[-105.129,37.994],[-105.07,38.016]]]}},{"type":"Feature","properties":{"density":2},"geometry":{"type":"Polygon","coordinates":[[[-106.423,39.228],[-106.468,39.239],[-106.45,39.205],[-106.4,39.196],[-106.423,39.228]]]}},{"type":"Feature","properties":{"density":2},"geometry":{"type":"Polygon","coordinates":[[[-107.535,38.284],[-107.409,38.286],[-107.337,38.264],[-107.26,38.228],[-107.168,38.158],[-107.143,38.106],[-107.13,38.009],[-107.127,37.967],[-107.145,37.935],[-107.177,37.933],[-107.343,38.036],[-107.391,38.045],[-107.492,37.996],[-107.562,38.014],[-107.665,38.097],[-107.685,38.138],[-107.631,38.169],[-107.64,38.214],[-107.618,38.25],[-107.535,38.284]]]}},{"type":"Feature","properties":{"density":2},"geometry":{"type":"Polygon","coordinates":[[[-121.403,49.937],[-121.464,49.948],[-121.502,49.978],[-121.513,50.018],[-121.502,50.063],[-121.453,50.119],[-121.387,50.081],[-121.284,49.978],[-121.281,49.957],[-121.299,49.939],[-121.403,49.937]]]}},{"type":"Feature","properties":{"density":2},"geometry":{"type":"Polygon","coordinates":[[[-104.632,55.061],[-104.319,55.012],[-103.982,54.987],[-103.394,54.91],[-102.809,54.809],[-102.733,54.829],[-102.695,54.863],[-102.668,54.922],[-102.773,54.987],[-103.192,54.973],[-103.417,54.985],[-103.862,55.075],[-104.369,55.12],[-104.524,55.124],[-104.672,55.108],[-104.666,55.084],[-104.632,55.061]]]}},{"type":"Feature","properties":{"density":2},"geometry":{"type":"Polygon","coordinates":[[[-102.821,56.314],[-102.396,56.273],[-102.285,56.27],[-102.214,56.297],[-102.734,56.368],[-102.835,56.354],[-102.821,56.314]]]}},{"type":"Feature","properties":{"density":2},"geometry":{"type":"Polygon","coordinates":[[[-102.028,55.323],[-101.582,55.29],[-101.278,55.237],[-101.221,55.245],[-101.185,55.285],[-101.747,55.35],[-102.04,55.344],[-102.028,55.323]]]}},{"type":"Feature","properties":{"density":2},"geometry":{"type":"Polygon","coordinates":[[[-102.047,55.198],[-101.534,55.155],[-101.438,55.158],[-101.366,55.183],[-101.569,55.225],[-102.053,55.233],[-102.047,55.198]]]}},{"type":"Feature","properties":{"density":2},"geometry":{"type":"Polygon","coordinates":[[[-90.964,48.905],[-90.703,48.928],[-90.442,48.928],[-90.406,48.946],[-90.41,48.964],[-90.793,48.973],[-90.946,48.957],[-90.98,48.941],[-90.998,48.91],[-90.964,48.905]]]}},{"type":"Feature","properties":{"density":2},"geometry":{"type":"Polygon","coordinates":[[[-91.436,48.547],[-91.202,48.588],[-90.921,48.613],[-90.374,48.617],[-90.248,48.637],[-90.206,48.651],[-90.199,48.669],[-90.584,48.705],[-90.959,48.689],[-91.418,48.61],[-91.45,48.572],[-91.436,48.547]]]}},{"type":"Feature","properties":{"density":2},"geometry":{"type":"Polygon","coordinates":[[[-92.208,48.147],[-91.961,48.19],[-91.396,48.205],[-91.218,48.246],[-90.937,48.25],[-90.788,48.228],[-90.264,48.21],[-89.972,48.271],[-89.906,48.302],[-89.904,48.349],[-90.185,48.408],[-90.66,48.408],[-90.827,48.442],[-91.052,48.448],[-91.724,48.397],[-92.008,48.401],[-92.197,48.336],[-92.249,48.282],[-92.233,48.257],[-92.188,48.262],[-92.071,48.313],[-91.956,48.325],[-91.753,48.317],[-91.571,48.332],[-91.561,48.317],[-91.608,48.289],[-91.892,48.273],[-92.185,48.227],[-92.302,48.187],[-92.2,48.192],[-92.195,48.183],[-92.243,48.162],[-92.208,48.147]]]}},{"type":"Feature","properties":{"density":2},"geometry":{"type":"Polygon","coordinates":[[[-89.717,50.272],[-89.605,50.31],[-89.542,50.357],[-89.684,50.319],[-89.722,50.283],[-89.717,50.272]]]}},{"type":"Feature","properties":{"density":2},"geometry":{"type":"Polygon","coordinates":[[[-92.358,51.87],[-92.133,51.94],[-92.081,51.983],[-92.295,51.92],[-92.358,51.87]]]}},{"type":"Feature","properties":{"density":2},"geometry":{"type":"Polygon","coordinates":[[[-89.402,50.933],[-89.53,50.761],[-89.527,50.683],[-89.479,50.65],[-89.402,50.663],[-89.341,50.697],[-89.196,50.876],[-89.081,50.964],[-88.993,51.176],[-89.007,51.213],[-89.101,51.203],[-89.317,50.994],[-89.402,50.933]]]}},{"type":"Feature","properties":{"density":2},"geometry":{"type":"Polygon","coordinates":[[[-125.026,59.102],[-124.138,58.606],[-122.19,58.196],[-120.14,57.923],[-119.046,57.803],[-118.055,57.769],[-117.15,57.718],[-116.124,57.769],[-115.407,57.855],[-115.048,57.974],[-114.963,58.367],[-115.202,58.47],[-116.295,58.641],[-116.893,58.777],[-117.355,58.948],[-117.56,59.375],[-117.269,59.666],[-116.927,59.888],[-116.91,60.059],[-117.081,60.503],[-116.671,60.896],[-116.124,61.033],[-115.766,61.306],[-115.902,61.579],[-115.561,61.938],[-115.082,62.246],[-114.501,62.519],[-113.425,63.117],[-111.699,63.425],[-110.982,63.596],[-110.349,63.681],[-109.786,63.937],[-108.572,64.416],[-107.94,64.621],[-107.018,65.031],[-106.522,65.407],[-106.266,65.56],[-106.027,65.834],[-106.027,66.09],[-106.112,66.551],[-106.317,66.944],[-107.274,67.167],[-108.538,67.132],[-109.478,66.688],[-110.161,66.244],[-111.204,66.056],[-112.075,65.97],[-112.741,66.141],[-113.22,66.244],[-113.92,66.329],[-114.365,66.312],[-114.963,65.783],[-115.236,65.68],[-116.039,66.022],[-118.209,66.688],[-118.482,66.705],[-118.636,66.671],[-119.183,66.483],[-119.507,66.398],[-120.02,66.398],[-123.642,66.791],[-126.12,66.774],[-128.341,67.132],[-129.452,67.149],[-129.896,67.098],[-130.306,67.013],[-130.579,66.876],[-130.75,66.551],[-130.682,66.261],[-130.152,66.073],[-129.554,66.056],[-128.683,66.09],[-127.948,66.21],[-127.47,66.227],[-126.581,66.022],[-126.239,65.817],[-126.188,65.629],[-126.359,65.407],[-127.162,65.39],[-128.512,65.543],[-129.007,65.424],[-129.127,65.099],[-129.11,64.826],[-128.768,64.518],[-128.307,64.279],[-127.623,63.989],[-127.452,63.732],[-127.64,63.322],[-127.692,62.929],[-127.555,62.553],[-127.179,62.348],[-126.872,62.212],[-126.427,62.075],[-126.103,61.955],[-125.231,61.699],[-124.924,61.665],[-124.565,61.494],[-124.343,61.289],[-124.497,60.947],[-124.787,60.674],[-125.231,60.4],[-125.402,60.042],[-125.402,59.768],[-125.317,59.529],[-125.026,59.102]]]}},{"type":"Feature","properties":{"density":2},"geometry":{"type":"Polygon","coordinates":[[[-75.802,20.489],[-75.862,20.544],[-75.863,20.57],[-75.782,20.499],[-75.802,20.489]]]}},{"type":"Feature","properties":{"density":2},"geometry":{"type":"Polygon","coordinates":[[[-76.043,20.562],[-76.129,20.501],[-76.069,20.564],[-76.043,20.562]]]}},{"type":"Feature","properties":{"density":2},"geometry":{"type":"Polygon","coordinates":[[[-79.745,22.729],[-79.893,22.747],[-79.956,22.726],[-79.932,22.708],[-79.772,22.698],[-79.733,22.705],[-79.745,22.729]]]}},{"type":"Feature","properties":{"density":2},"geometry":{"type":"Polygon","coordinates":[[[-98.568,36.122],[-99.033,36.092],[-99.189,36.126],[-99.185,36.17],[-99.057,36.18],[-98.571,36.143],[-98.568,36.122]]]}},{"type":"Feature","properties":{"density":2},"geometry":{"type":"Polygon","coordinates":[[[-116.063,30.981],[-115.973,30.972],[-115.953,30.948],[-116.045,30.951],[-116.064,30.96],[-116.063,30.981]]]}},{"type":"Feature","properties":{"density":2},"geometry":{"type":"Polygon","coordinates":[[[-123.051,42.613],[-123.172,42.76],[-123.204,42.965],[-123.162,43.105],[-123.078,43.273],[-123.024,43.333],[-122.973,43.352],[-122.938,43.315],[-122.89,43.12],[-122.815,43.019],[-122.802,42.947],[-122.835,42.872],[-122.875,42.827],[-122.902,42.676],[-122.991,42.605],[-123.051,42.613]]]}},{"type":"Feature","properties":{"density":2},"geometry":{"type":"Polygon","coordinates":[[[-118.517,44.724],[-118.467,44.782],[-118.457,44.819],[-118.561,44.866],[-118.602,44.91],[-118.602,44.957],[-118.555,44.987],[-118.494,44.987],[-118.325,45.031],[-118.008,45.2],[-117.961,45.214],[-117.937,45.197],[-117.94,45.153],[-117.988,45.092],[-118.173,44.933],[-118.227,44.923],[-118.261,44.896],[-118.295,44.836],[-118.42,44.704],[-118.474,44.674],[-118.521,44.674],[-118.517,44.724]]]}},{"type":"Feature","properties":{"density":2},"geometry":{"type":"Polygon","coordinates":[[[-121.507,49.909],[-121.527,49.97],[-121.568,50.021],[-121.578,50.071],[-121.568,50.139],[-121.483,50.23],[-121.433,50.223],[-121.409,50.176],[-121.436,50.129],[-121.399,50.001],[-121.45,49.869],[-121.477,49.869],[-121.507,49.909]]]}},{"type":"Feature","properties":{"density":2},"geometry":{"type":"Polygon","coordinates":[[[-105.104,38.038],[-105.129,38.022],[-105.134,37.982],[-105.068,37.939],[-105.035,37.946],[-105.032,37.986],[-105.048,38.016],[-105.084,38.043],[-105.104,38.038]]]}},{"type":"Feature","properties":{"density":2},"geometry":{"type":"Polygon","coordinates":[[[-107.614,38.287],[-107.647,38.245],[-107.609,38.159],[-107.625,38.141],[-107.681,38.15],[-107.713,38.123],[-107.692,38.058],[-107.71,37.977],[-107.679,37.936],[-107.636,37.927],[-107.571,37.968],[-107.53,37.957],[-107.481,37.916],[-107.418,37.912],[-107.353,37.932],[-107.251,38.051],[-107.245,38.098],[-107.276,38.155],[-107.303,38.182],[-107.409,38.227],[-107.614,38.287]]]}},{"type":"Feature","properties":{"density":2},"geometry":{"type":"Polygon","coordinates":[[[-76.76,52.145],[-76.585,52.148],[-75.927,51.983],[-75.714,51.973],[-75.63,51.996],[-75.657,52.03],[-75.711,52.057],[-76.021,52.155],[-76.318,52.165],[-76.521,52.199],[-76.703,52.202],[-76.777,52.162],[-76.76,52.145]]]}},{"type":"Feature","properties":{"density":2},"geometry":{"type":"Polygon","coordinates":[[[-76.197,52.465],[-76.031,52.452],[-75.383,52.459],[-75.269,52.476],[-75.198,52.526],[-75.559,52.567],[-76.106,52.577],[-76.19,52.55],[-76.217,52.526],[-76.217,52.479],[-76.197,52.465]]]}},{"type":"Feature","properties":{"density":2},"geometry":{"type":"Polygon","coordinates":[[[-78.124,51.635],[-77.766,51.642],[-77.337,51.618],[-76.818,51.622],[-76.75,51.652],[-76.75,51.672],[-77.057,51.74],[-77.53,51.76],[-78.043,51.713],[-78.114,51.682],[-78.124,51.635]]]}},{"type":"Feature","properties":{"density":2},"geometry":{"type":"Polygon","coordinates":[[[-75.579,54.126],[-75.623,54.096],[-75.643,54.035],[-75.525,54.075],[-75.528,54.042],[-75.566,54.008],[-75.528,54.001],[-75.38,54.069],[-75.211,54.119],[-75.198,54.153],[-75.208,54.177],[-75.339,54.18],[-75.579,54.126]]]}},{"type":"Feature","properties":{"density":2},"geometry":{"type":"Polygon","coordinates":[[[-90.453,49.357],[-90.26,49.387],[-89.977,49.384],[-89.923,49.401],[-89.923,49.417],[-89.953,49.451],[-90.037,49.478],[-90.22,49.468],[-90.372,49.441],[-90.463,49.404],[-90.48,49.377],[-90.453,49.357]]]}},{"type":"Feature","properties":{"density":2},"geometry":{"type":"Polygon","coordinates":[[[-92.157,48.381],[-92.299,48.196],[-92.238,48.192],[-92.251,48.159],[-91.951,48.162],[-91.588,48.209],[-91.44,48.207],[-91.356,48.149],[-91.366,48.119],[-91.755,48.089],[-91.806,48.075],[-91.831,48.048],[-91.827,48.023],[-91.783,47.999],[-91.716,47.994],[-91.308,47.99],[-91.107,48.021],[-91.077,48.042],[-91.111,48.096],[-91.102,48.134],[-90.96,48.159],[-90.444,48.158],[-90.207,48.137],[-90.003,48.174],[-89.91,48.207],[-89.46,48.23],[-89.212,48.198],[-89.041,48.144],[-88.886,48.129],[-88.625,48.142],[-88.533,48.167],[-88.474,48.203],[-88.377,48.423],[-88.467,48.466],[-88.555,48.482],[-88.888,48.498],[-89.034,48.52],[-89.61,48.543],[-89.795,48.529],[-89.847,48.572],[-89.813,48.612],[-89.741,48.628],[-89.331,48.624],[-89.28,48.657],[-89.23,48.763],[-89.239,48.788],[-89.41,48.828],[-89.628,48.853],[-89.781,48.853],[-90.681,48.817],[-91.383,48.68],[-91.442,48.653],[-91.478,48.615],[-91.482,48.57],[-91.525,48.549],[-92.157,48.381]]]}},{"type":"Feature","properties":{"density":2},"geometry":{"type":"Polygon","coordinates":[[[-89.801,49.825],[-89.864,49.821],[-89.963,49.787],[-89.99,49.767],[-89.993,49.74],[-89.945,49.722],[-89.806,49.738],[-89.385,49.738],[-89.097,49.693],[-88.568,49.672],[-88.363,49.703],[-88.302,49.73],[-88.265,49.807],[-88.265,49.888],[-88.315,49.966],[-88.46,49.99],[-88.595,49.99],[-88.919,49.963],[-89.801,49.825]]]}},{"type":"Feature","properties":{"density":2},"geometry":{"type":"Polygon","coordinates":[[[-88.896,49.58],[-88.739,49.595],[-88.721,49.625],[-88.928,49.611],[-88.934,49.589],[-88.896,49.58]]]}},{"type":"Feature","properties":{"density":2},"geometry":{"type":"Polygon","coordinates":[[[-91.445,51.531],[-91.512,51.439],[-91.353,51.399],[-91.202,51.399],[-90.965,51.372],[-90.047,51.379],[-89.956,51.399],[-89.885,51.443],[-89.841,51.51],[-89.862,51.558],[-90.051,51.581],[-90.165,51.564],[-91.127,51.568],[-91.445,51.531]]]}},{"type":"Feature","properties":{"density":2},"geometry":{"type":"Polygon","coordinates":[[[-89.73,50.322],[-89.767,50.322],[-89.811,50.299],[-89.825,50.275],[-89.814,50.231],[-89.744,50.221],[-88.734,50.295],[-88.208,50.309],[-87.634,50.208],[-87.546,50.221],[-87.506,50.255],[-87.519,50.285],[-87.631,50.349],[-87.604,50.39],[-87.546,50.41],[-87.206,50.457],[-86.902,50.478],[-86.622,50.528],[-86.544,50.582],[-86.497,50.66],[-86.48,50.751],[-86.531,50.94],[-86.595,51.014],[-86.676,51.058],[-86.949,51.149],[-87.182,51.166],[-87.408,51.21],[-87.685,51.318],[-87.968,51.396],[-88.103,51.396],[-88.448,51.318],[-88.927,51.169],[-89.497,51.115],[-89.629,51.082],[-89.906,51.055],[-90.149,51.055],[-90.26,51.034],[-90.415,50.994],[-90.439,50.967],[-90.159,50.96],[-90.105,50.943],[-90.125,50.896],[-90.314,50.872],[-90.489,50.822],[-90.834,50.754],[-90.83,50.731],[-90.749,50.687],[-90.489,50.677],[-89.615,50.731],[-89.501,50.673],[-89.214,50.673],[-89.197,50.653],[-89.274,50.569],[-89.271,50.505],[-89.602,50.403],[-89.73,50.322]]]}},{"type":"Feature","properties":{"density":2},"geometry":{"type":"Polygon","coordinates":[[[-92.361,51.855],[-92.283,51.821],[-92.061,51.777],[-91.983,51.767],[-91.882,51.784],[-91.929,51.821],[-92.047,51.821],[-92.327,51.885],[-92.361,51.855]]]}},{"type":"Feature","properties":{"density":2},"geometry":{"type":"Polygon","coordinates":[[[-98.726,55.469],[-98.766,55.446],[-98.777,55.402],[-98.557,55.348],[-98.243,55.318],[-97.892,55.314],[-97.443,55.27],[-97.352,55.297],[-97.288,55.365],[-97.281,55.405],[-97.366,55.442],[-97.47,55.453],[-97.842,55.459],[-98.277,55.49],[-98.726,55.469]]]}},{"type":"Feature","properties":{"density":2},"geometry":{"type":"Polygon","coordinates":[[[-104.738,54.568],[-104.342,54.541],[-104.227,54.5],[-104.117,54.496],[-104.092,54.53],[-104.117,54.566],[-104.229,54.608],[-104.342,54.622],[-104.702,54.642],[-104.745,54.604],[-104.738,54.568]]]}},{"type":"Feature","properties":{"density":2},"geometry":{"type":"Polygon","coordinates":[[[-104.633,55.035],[-104.07,54.961],[-102.565,54.689],[-102.258,54.706],[-102.167,54.723],[-102.096,54.757],[-102.099,54.824],[-102.238,54.858],[-103.091,54.966],[-103.706,55.078],[-104.519,55.169],[-104.657,55.162],[-104.688,55.132],[-104.678,55.061],[-104.633,55.035]]]}},{"type":"Feature","properties":{"density":2},"geometry":{"type":"Polygon","coordinates":[[[-101.86,55.361],[-101.974,55.391],[-102.18,55.364],[-102.211,55.331],[-102.113,55.256],[-101.725,55.169],[-101.353,55.108],[-100.655,54.946],[-100.091,54.862],[-99.976,54.862],[-99.919,54.882],[-99.889,54.932],[-99.885,55.017],[-99.949,55.084],[-100.047,55.142],[-100.209,55.179],[-100.611,55.219],[-101.06,55.219],[-101.33,55.28],[-101.731,55.341],[-101.802,55.368],[-101.86,55.361]]]}},{"type":"Feature","properties":{"density":2},"geometry":{"type":"Polygon","coordinates":[[[-102.825,56.448],[-102.906,56.401],[-102.929,56.326],[-102.339,56.205],[-101.455,55.972],[-101.289,55.935],[-101.178,55.942],[-101.07,55.996],[-101.056,56.046],[-101.097,56.08],[-101.205,56.11],[-101.569,56.168],[-102.42,56.34],[-102.545,56.347],[-102.754,56.407],[-102.825,56.448]]]}},{"type":"Feature","properties":{"density":2},"geometry":{"type":"Polygon","coordinates":[[[-102.747,56.093],[-102.801,56.093],[-102.845,56.023],[-102.794,55.969],[-102.592,55.888],[-102.194,55.82],[-101.731,55.769],[-101.654,55.763],[-101.606,55.79],[-101.647,55.844],[-101.765,55.888],[-102.427,56.039],[-102.747,56.093]]]}},{"type":"Feature","properties":{"density":2},"geometry":{"type":"Polygon","coordinates":[[[-105.295,55.668],[-105.123,55.665],[-104.863,55.624],[-104.786,55.658],[-104.806,55.688],[-105.17,55.726],[-105.235,55.722],[-105.302,55.695],[-105.295,55.668]]]}},{"type":"Feature","properties":{"density":2},"geometry":{"type":"Polygon","coordinates":[[[-109.613,65.973],[-107.751,65.786],[-107.461,65.7],[-107.187,65.563],[-106.811,65.29],[-106.709,65.051],[-106.931,64.658],[-107.256,64.504],[-107.734,64.367],[-110.092,63.923],[-111.22,63.667],[-111.886,63.479],[-112.398,63.308],[-112.791,63.206],[-113.697,62.778],[-114.073,62.539],[-114.227,62.334],[-114.312,62.163],[-114.637,61.822],[-115.235,61.326],[-115.337,61.172],[-115.542,60.967],[-115.799,60.762],[-116.004,60.557],[-116.516,60.113],[-116.841,59.771],[-117.165,59.515],[-117.439,59.088],[-117.234,58.832],[-116.499,58.712],[-116.055,58.678],[-115.594,58.695],[-115.166,58.78],[-114.791,58.729],[-114.312,58.49],[-114.432,58.199],[-114.893,58.011],[-115.576,57.823],[-116.362,57.687],[-117.695,57.482],[-119.045,57.379],[-120.668,57.345],[-123.18,57.328],[-124.837,57.584],[-126.392,58.456],[-126.768,58.866],[-126.836,59.276],[-126.597,59.805],[-126.392,60.045],[-126.101,60.301],[-125.862,60.574],[-125.777,60.899],[-125.777,61.224],[-125.931,61.48],[-127.144,62.197],[-127.708,62.18],[-128.716,61.907],[-129.946,61.941],[-130.612,62.146],[-130.903,62.556],[-130.766,63.001],[-130.407,63.342],[-130.236,63.633],[-130.1,64.128],[-129.946,64.265],[-129.57,64.333],[-129.143,64.47],[-128.647,64.675],[-128.306,64.863],[-128.032,65.068],[-127.861,65.341],[-127.844,65.563],[-127.947,65.803],[-128.767,66.076],[-129.997,65.991],[-130.39,66.213],[-130.595,66.486],[-130.698,66.862],[-130.561,67.255],[-130.287,67.699],[-129.655,68.28],[-129.467,68.417],[-129.04,68.588],[-128.442,68.656],[-127.639,68.656],[-126.067,68.622],[-125.025,68.485],[-124.376,68.348],[-122.325,68.246],[-120.959,68.092],[-120.121,68.058],[-119.284,68.058],[-118.789,68.075],[-118.344,67.99],[-117.781,67.853],[-117.131,67.648],[-116.807,67.477],[-116.67,67.118],[-116.602,66.742],[-116.414,66.23],[-115.935,65.854],[-115.235,65.666],[-113.868,65.666],[-113.663,65.529],[-113.389,65.239],[-113.031,65.222],[-112.364,65.358],[-112.381,65.7],[-112.791,65.991],[-113.082,66.401],[-112.945,66.947],[-112.159,66.896],[-111.595,66.537],[-110.639,66.23],[-110.177,66.127],[-109.955,66.11],[-109.613,65.973]]]}},{"type":"Feature","properties":{"density":2},"geometry":{"type":"Polygon","coordinates":[[[-98.578,36.143],[-98.796,36.148],[-99.044,36.183],[-99.499,36.3],[-99.585,36.289],[-99.742,36.315],[-99.914,36.365],[-99.965,36.355],[-99.96,36.315],[-99.818,36.229],[-99.692,36.188],[-99.322,36.138],[-99.226,36.112],[-98.679,36.102],[-98.603,36.107],[-98.578,36.143]]]}},{"type":"Feature","properties":{"density":2},"geometry":{"type":"Polygon","coordinates":[[[-75.042,20.578],[-75.444,20.539],[-75.531,20.557],[-75.55,20.579],[-75.544,20.602],[-75.498,20.617],[-75.109,20.65],[-75.018,20.629],[-75.019,20.591],[-75.042,20.578]]]}},{"type":"Feature","properties":{"density":2},"geometry":{"type":"Polygon","coordinates":[[[-75.787,20.516],[-75.952,20.618],[-76.008,20.636],[-76.263,20.483],[-76.339,20.393],[-76.215,20.435],[-76.114,20.501],[-76.009,20.533],[-75.957,20.527],[-75.886,20.47],[-75.828,20.462],[-75.775,20.489],[-75.787,20.516]]]}},{"type":"Feature","properties":{"density":2},"geometry":{"type":"Polygon","coordinates":[[[-78.24,21.885],[-78.459,21.884],[-78.519,21.908],[-78.516,21.926],[-78.313,21.927],[-78.22,21.92],[-78.187,21.9],[-78.201,21.882],[-78.24,21.885]]]}},{"type":"Feature","properties":{"density":2},"geometry":{"type":"Polygon","coordinates":[[[-122.846,42.689],[-122.715,42.76],[-122.586,42.865],[-122.532,42.986],[-122.32,43.26],[-122.205,43.465],[-122.023,43.624],[-121.894,43.87],[-121.888,43.931],[-121.928,44.002],[-121.972,44.022],[-122.235,43.864],[-122.458,43.806],[-122.512,43.806],[-122.569,43.857],[-122.694,43.908],[-122.755,43.911],[-122.823,43.877],[-122.92,43.661],[-123.039,43.256],[-123.039,43.195],[-122.991,43.111],[-122.991,43.02],[-123.12,42.709],[-123.093,42.635],[-123.018,42.591],[-122.981,42.591],[-122.846,42.689]]]}},{"type":"Feature","properties":{"density":2},"geometry":{"type":"Polygon","coordinates":[[[-121.362,49.951],[-121.281,50.032],[-121.172,50.208],[-121.139,50.322],[-121.142,50.38],[-121.183,50.441],[-121.26,50.518],[-121.348,50.572],[-121.469,50.535],[-121.5,50.468],[-121.55,50.1],[-121.534,50.032],[-121.507,49.995],[-121.432,49.948],[-121.362,49.951]]]}},{"type":"Feature","properties":{"density":2},"geometry":{"type":"Polygon","coordinates":[[[-118.459,44.667],[-118.394,44.697],[-118.354,44.741],[-118.361,44.778],[-118.303,44.836],[-118.077,44.913],[-117.949,44.984],[-117.831,45.136],[-117.571,45.406],[-117.527,45.507],[-117.547,45.622],[-117.595,45.652],[-117.676,45.662],[-117.983,45.497],[-118.07,45.406],[-118.273,45.176],[-118.513,44.852],[-118.543,44.751],[-118.519,44.711],[-118.459,44.667]]]}},{"type":"Feature","properties":{"density":2},"geometry":{"type":"Polygon","coordinates":[[[-105.48,44.519],[-105.599,44.537],[-105.611,44.567],[-105.545,44.627],[-105.465,44.634],[-105.456,44.616],[-105.48,44.58],[-105.45,44.54],[-105.465,44.517],[-105.48,44.519]]]}},{"type":"Feature","properties":{"density":2},"geometry":{"type":"Polygon","coordinates":[[[-105.056,37.951],[-105.153,37.954],[-105.285,37.876],[-105.336,37.809],[-105.376,37.785],[-105.444,37.775],[-105.531,37.812],[-105.66,38.008],[-105.677,38.069],[-105.656,38.116],[-105.596,38.146],[-105.234,38.167],[-105.113,38.136],[-105.066,38.089],[-105.076,38.021],[-105.035,37.994],[-105.022,37.957],[-105.056,37.951]]]}},{"type":"Feature","properties":{"density":2},"geometry":{"type":"Polygon","coordinates":[[[-106.726,40.448],[-106.875,40.404],[-106.919,40.36],[-106.946,40.323],[-106.949,40.262],[-106.915,40.208],[-106.811,40.192],[-106.713,40.252],[-106.676,40.3],[-106.659,40.364],[-106.665,40.397],[-106.726,40.448]]]}},{"type":"Feature","properties":{"density":2},"geometry":{"type":"Polygon","coordinates":[[[-107.553,38.248],[-107.749,38.399],[-107.806,38.491],[-107.914,38.588],[-107.955,38.602],[-108.053,38.595],[-108.137,38.531],[-108.177,38.443],[-108.204,38.207],[-108.194,38.011],[-108.157,37.94],[-108.029,37.873],[-107.847,37.846],[-107.745,37.87],[-107.658,37.913],[-107.486,38.065],[-107.465,38.177],[-107.475,38.204],[-107.553,38.248]]]}},{"type":"Feature","properties":{"density":2},"geometry":{"type":"Polygon","coordinates":[[[-109.581,37.849],[-109.851,38.015],[-109.889,38.072],[-109.872,38.092],[-109.676,37.988],[-109.565,37.907],[-109.521,37.853],[-109.551,37.839],[-109.581,37.849]]]}},{"type":"Feature","properties":{"density":2},"geometry":{"type":"Polygon","coordinates":[[[-112.546,40.097],[-112.469,40.154],[-112.374,40.289],[-112.351,40.424],[-112.273,40.634],[-112.138,40.934],[-112.023,41.113],[-112.0,41.292],[-112.03,41.363],[-112.121,41.396],[-112.178,41.356],[-112.513,40.752],[-112.637,40.458],[-112.671,40.276],[-112.661,40.219],[-112.597,40.124],[-112.546,40.097]]]}},{"type":"Feature","properties":{"density":2},"geometry":{"type":"Polygon","coordinates":[[[-104.689,54.646],[-104.757,54.59],[-104.737,54.563],[-104.644,54.534],[-104.118,54.428],[-103.724,54.32],[-103.007,54.228],[-102.632,54.157],[-102.268,54.142],[-102.182,54.208],[-102.151,54.284],[-102.83,54.476],[-103.878,54.633],[-104.222,54.638],[-104.581,54.678],[-104.689,54.646]]]}},{"type":"Feature","properties":{"density":2},"geometry":{"type":"Polygon","coordinates":[[[-104.632,55.2],[-104.718,55.088],[-104.693,55.053],[-104.06,54.932],[-102.683,54.739],[-102.005,54.597],[-101.382,54.395],[-101.114,54.359],[-100.719,54.263],[-100.521,54.238],[-100.461,54.263],[-100.435,54.359],[-100.526,54.461],[-101.493,54.759],[-103.199,55.149],[-103.544,55.19],[-104.02,55.19],[-104.257,55.23],[-104.551,55.225],[-104.632,55.2]]]}},{"type":"Feature","properties":{"density":2},"geometry":{"type":"Polygon","coordinates":[[[-105.128,55.934],[-105.371,55.914],[-105.543,55.873],[-105.65,55.802],[-105.7,55.731],[-105.518,55.666],[-105.037,55.62],[-104.764,55.554],[-104.212,55.488],[-103.123,55.321],[-101.493,55.033],[-100.931,54.916],[-100.643,54.835],[-99.883,54.699],[-98.648,54.41],[-98.005,54.319],[-97.788,54.253],[-97.55,54.238],[-97.428,54.253],[-97.372,54.339],[-97.332,54.481],[-97.398,54.633],[-97.651,54.739],[-98.031,54.775],[-98.385,54.856],[-99.494,55.048],[-102.329,55.615],[-104.809,55.944],[-105.002,55.954],[-105.128,55.934]]]}},{"type":"Feature","properties":{"density":2},"geometry":{"type":"Polygon","coordinates":[[[-102.724,56.465],[-102.815,56.455],[-102.987,56.384],[-102.987,56.329],[-102.901,56.283],[-102.622,56.222],[-102.602,56.177],[-102.643,56.126],[-102.779,56.101],[-102.855,56.035],[-102.81,55.995],[-102.688,55.954],[-102.293,55.878],[-101.169,55.569],[-100.511,55.407],[-99.549,55.205],[-99.281,55.144],[-99.134,55.094],[-99.003,55.073],[-98.836,55.078],[-98.744,55.185],[-98.815,55.235],[-98.861,55.301],[-98.866,55.412],[-98.8,55.448],[-98.699,55.331],[-98.628,55.291],[-97.469,54.962],[-97.028,54.866],[-96.208,54.749],[-95.631,54.633],[-94.907,54.542],[-93.738,54.466],[-93.646,54.476],[-93.555,54.542],[-93.53,54.623],[-93.53,54.714],[-93.56,54.795],[-93.646,54.886],[-93.849,55.023],[-94.132,55.119],[-95.099,55.266],[-95.879,55.337],[-96.37,55.412],[-96.821,55.423],[-97.018,55.443],[-97.443,55.509],[-97.894,55.65],[-98.38,55.716],[-100.283,56.248],[-100.638,56.329],[-101.478,56.46],[-102.157,56.521],[-102.612,56.501],[-102.724,56.465]]]}},{"type":"Feature","properties":{"density":2},"geometry":{"type":"Polygon","coordinates":[[[-92.74,48.257],[-92.488,48.369],[-92.473,48.401],[-92.5,48.41],[-92.758,48.275],[-92.74,48.257]]]}},{"type":"Feature","properties":{"density":2},"geometry":{"type":"Polygon","coordinates":[[[-92.201,51.94],[-92.444,51.874],[-92.464,51.834],[-91.563,51.722],[-91.401,51.687],[-90.323,51.667],[-90.045,51.738],[-89.964,51.788],[-89.953,51.874],[-89.999,51.95],[-90.207,51.996],[-90.586,52.021],[-91.73,52.031],[-92.065,52.001],[-92.181,51.965],[-92.201,51.94]]]}},{"type":"Feature","properties":{"density":2},"geometry":{"type":"Polygon","coordinates":[[[-92.13,51.667],[-92.215,51.619],[-92.221,51.596],[-91.989,51.498],[-91.823,51.461],[-91.712,51.454],[-91.295,51.356],[-91.319,51.316],[-91.201,51.292],[-91.096,51.292],[-90.907,51.248],[-90.215,51.174],[-90.06,51.113],[-90.482,51.073],[-90.536,51.005],[-90.502,50.948],[-90.384,50.924],[-90.434,50.89],[-90.715,50.84],[-90.812,50.796],[-90.802,50.735],[-90.683,50.637],[-90.447,50.552],[-90.069,50.489],[-89.645,50.475],[-89.928,50.303],[-89.911,50.259],[-89.682,50.195],[-89.685,50.175],[-89.905,50.145],[-90.117,50.091],[-90.188,50.05],[-90.222,49.996],[-90.181,49.939],[-90.094,49.925],[-89.925,49.956],[-89.911,49.915],[-89.928,49.881],[-89.975,49.848],[-89.982,49.787],[-90.107,49.733],[-90.127,49.642],[-90.104,49.615],[-90.104,49.571],[-90.377,49.517],[-90.536,49.429],[-90.546,49.362],[-90.515,49.321],[-90.404,49.26],[-90.559,49.203],[-90.677,49.129],[-90.799,49.102],[-90.951,49.034],[-91.045,48.953],[-91.052,48.852],[-91.383,48.68],[-91.629,48.595],[-92.291,48.457],[-92.416,48.325],[-92.412,48.238],[-92.365,48.15],[-92.24,48.12],[-91.943,48.133],[-91.865,48.093],[-91.892,48.032],[-91.855,47.964],[-91.575,47.981],[-90.934,47.985],[-90.478,47.934],[-88.74,47.9],[-86.833,47.807],[-86.044,47.742],[-85.416,47.747],[-84.945,47.797],[-84.575,47.777],[-84.368,47.833],[-84.186,47.985],[-84.084,48.136],[-84.034,48.278],[-84.008,48.369],[-84.008,48.465],[-84.064,48.557],[-84.236,48.668],[-84.282,48.886],[-84.175,49.002],[-83.998,49.053],[-82.824,48.992],[-82.312,48.916],[-82.1,48.916],[-81.867,48.987],[-81.705,49.194],[-81.594,49.468],[-81.548,49.751],[-81.548,50.065],[-81.664,50.288],[-81.766,50.445],[-81.948,50.612],[-82.257,50.759],[-83.512,51.093],[-84.019,51.149],[-84.732,51.27],[-85.887,51.381],[-87.648,51.675],[-88.053,51.68],[-88.717,51.589],[-88.975,51.574],[-90.595,51.589],[-91.921,51.645],[-92.13,51.667]]]}},{"type":"Feature","properties":{"density":2},"geometry":{"type":"Polygon","coordinates":[[[-93.512,40.206],[-93.999,40.309],[-94.127,40.719],[-93.948,41.001],[-93.82,41.795],[-94.461,41.949],[-94.948,41.77],[-95.153,41.334],[-95.178,40.642],[-95.153,40.052],[-95.024,39.412],[-94.589,38.873],[-93.974,38.72],[-93.077,38.72],[-91.718,38.925],[-89.232,39.591],[-87.951,39.873],[-86.541,40.129],[-85.337,40.309],[-84.619,40.565],[-82.808,41.317],[-81.766,41.812],[-80.929,42.291],[-80.057,42.752],[-78.776,43.23],[-75.35,44.426],[-72.454,45.682],[-71.403,45.913],[-69.378,46.656],[-68.61,46.912],[-67.815,47.579],[-67.431,48.271],[-67.354,48.835],[-67.379,49.117],[-67.61,49.475],[-68.481,50.142],[-70.147,50.834],[-72.3,51.526],[-72.966,51.782],[-73.607,52.218],[-74.424,53.821],[-73.889,54.242],[-73.103,54.299],[-72.408,54.185],[-70.472,53.673],[-69.139,53.297],[-67.408,52.317],[-65.528,51.719],[-61.12,50.848],[-59.463,50.694],[-58.797,50.78],[-58.011,51.736],[-58.438,52.454],[-59.087,52.813],[-60.215,53.001],[-61.154,53.001],[-63.017,52.915],[-64.845,52.915],[-65.973,53.086],[-67.049,53.223],[-68.518,53.582],[-70.945,54.453],[-72.67,55.717],[-73.149,56.025],[-73.798,56.367],[-74.464,56.589],[-74.994,56.606],[-75.558,56.52],[-75.934,56.298],[-76.361,55.734],[-77.079,54.231],[-77.728,52.984],[-78.514,52.164],[-79.949,51.07],[-81.025,50.438],[-81.863,50.182],[-83.161,49.532],[-84.272,48.712],[-84.75,47.328],[-84.665,46.935],[-84.545,46.132],[-84.613,45.415],[-85.023,44.851],[-85.878,44.15],[-86.066,43.843],[-86.049,43.569],[-85.775,43.228],[-85.656,42.749],[-85.844,42.237],[-86.39,41.946],[-87.142,41.587],[-87.706,41.297],[-89.346,40.904],[-90.969,40.425],[-92.798,40.22],[-93.512,40.206]]]}},{"type":"Feature","properties":{"density":2},"geometry":{"type":"Polygon","coordinates":[[[-103.07,63.316],[-104.027,62.82],[-104.693,62.564],[-105.377,62.359],[-105.923,62.086],[-106.573,61.881],[-107.307,61.847],[-107.871,61.898],[-109.136,61.881],[-109.922,61.59],[-110.844,61.351],[-111.237,61.385],[-112.296,61.402],[-112.809,61.351],[-113.151,61.095],[-113.253,60.907],[-113.527,60.736],[-114.979,60.821],[-115.338,60.736],[-115.765,60.565],[-116.072,59.916],[-115.799,59.625],[-115.321,59.454],[-114.603,59.301],[-114.073,59.198],[-113.612,59.13],[-113.031,58.993],[-111.254,58.942],[-110.417,58.788],[-109.699,58.6],[-109.46,58.463],[-109.306,58.156],[-109.306,57.968],[-109.682,57.678],[-111.784,57.097],[-112.655,56.926],[-113.715,56.772],[-114.74,56.772],[-115.782,56.687],[-119.797,56.259],[-120.617,56.123],[-122.018,56.148],[-124.786,56.661],[-127.554,57.02],[-128.708,57.02],[-129.861,56.943],[-130.809,56.738],[-132.039,56.225],[-132.731,55.713],[-133.5,54.969],[-134.423,54.611],[-135.422,54.38],[-136.371,54.072],[-137.165,53.688],[-137.729,53.098],[-137.601,52.56],[-137.088,52.201],[-136.268,51.791],[-134.756,51.407],[-133.295,51.151],[-130.732,50.741],[-129.246,50.254],[-127.759,50.074],[-126.862,50.074],[-125.683,50.151],[-124.453,50.407],[-121.89,50.843],[-120.891,51.279],[-120.301,51.689],[-118.405,52.765],[-116.79,53.483],[-114.919,53.97],[-113.433,54.457],[-112.177,55.098],[-111.152,55.456],[-110.332,55.79],[-109.537,56.046],[-108.333,56.071],[-107.128,56.071],[-104.898,55.764],[-103.463,55.456],[-101.208,54.79],[-98.85,53.611],[-98.337,53.175],[-97.799,52.612],[-97.671,52.253],[-98.235,51.586],[-99.901,50.792],[-101.08,50.177],[-102.053,49.613],[-103.079,49.049],[-104.437,47.845],[-105.718,46.794],[-107.154,45.512],[-107.666,45.23],[-108.999,43.872],[-109.947,43.18],[-110.613,42.847],[-111.229,42.924],[-111.639,43.411],[-111.587,44.205],[-111.1,45.025],[-110.383,45.82],[-109.511,46.691],[-107.641,48.152],[-105.923,49.28],[-105.001,49.946],[-104.129,50.51],[-103.104,51.304],[-102.156,51.971],[-101.643,52.483],[-101.541,52.945],[-102.207,53.432],[-104.386,53.867],[-107.41,53.867],[-108.871,53.585],[-110.485,53.022],[-111.792,52.458],[-113.279,51.458],[-114.765,50.536],[-116.38,49.664],[-118.123,48.998],[-119.25,48.716],[-120.045,48.562],[-120.609,48.434],[-121.198,48.126],[-121.634,47.768],[-122.275,46.999],[-123.069,46.563],[-123.351,46.23],[-123.659,45.769],[-124.069,45.23],[-124.556,44.795],[-124.94,44.257],[-125.606,43.565],[-126.529,42.924],[-127.452,42.206],[-128.067,41.386],[-129.886,38.541],[-134.833,34.979],[-136.422,33.749],[-138.19,32.621],[-139.241,31.903],[-141.112,30.776],[-141.855,30.263],[-143.521,29.059],[-144.367,28.597],[-145.443,28.238],[-146.238,28.29],[-146.494,28.751],[-145.751,29.392],[-144.136,30.314],[-142.393,31.493],[-140.625,32.954],[-139.369,34.441],[-138.241,35.62],[-137.088,36.645],[-135.422,37.67],[-133.68,38.644],[-132.372,39.464],[-129.835,41.591],[-128.631,42.668],[-127.811,43.513],[-127.708,44.205],[-127.811,44.743],[-128.964,47.024],[-131.706,48.178],[-133.91,48.203],[-136.524,48.203],[-138.857,48.05],[-140.317,48.075],[-142.445,48.075],[-143.495,48.716],[-143.829,49.741],[-142.932,51.433],[-141.958,52.765],[-140.907,54.303],[-137.601,56.674],[-135.422,57.725],[-134.192,58.237],[-133.603,59.314],[-133.398,60.134],[-133.398,60.697],[-133.91,61.108],[-135.038,61.441],[-136.371,61.774],[-139.6,63.414],[-141.881,64.465],[-143.162,65.388],[-143.982,66.028],[-144.777,66.49],[-145.597,67.207],[-145.879,67.822],[-145.93,68.54],[-145.725,69.437],[-145.084,70.103],[-144.239,70.642],[-143.367,70.821],[-142.316,70.821],[-141.138,70.77],[-139.856,70.488],[-138.985,70.462],[-136.729,70.795],[-134.346,70.949],[-132.731,70.847],[-131.373,70.411],[-129.271,69.924],[-127.913,69.642],[-124.94,68.847],[-123.864,68.822],[-122.736,68.566],[-120.378,68.566],[-119.225,68.463],[-117.943,68.309],[-116.508,67.976],[-113.356,67.694],[-110.434,67.207],[-108.486,67.13],[-106.82,67.13],[-105.436,67.079],[-104.232,67.182],[-100.541,67.848],[-96.441,67.797],[-94.467,67.515],[-92.724,67.105],[-89.957,66.105],[-87.906,66.643],[-86.599,67.105],[-85.548,67.361],[-84.395,67.617],[-80.218,68.066],[-78.167,68.348],[-70.094,68.245],[-68.633,68.245],[-67.198,68.143],[-65.891,67.912],[-64.738,67.861],[-61.252,67.194],[-58.228,66.426],[-56.562,66.067],[-54.922,65.554],[-53.538,64.888],[-52.769,64.375],[-51.872,63.735],[-50.719,62.838],[-49.745,62.12],[-48.848,61.505],[-48.258,60.992],[-47.951,60.454],[-47.771,59.839],[-47.746,59.07],[-47.797,58.481],[-48.335,58.096],[-49.463,57.891],[-50.129,57.891],[-50.539,58.352],[-50.411,58.942],[-50.309,59.634],[-50.437,60.48],[-51.077,61.223],[-51.436,61.761],[-51.769,62.12],[-52.282,62.274],[-53.128,62.427],[-53.948,62.479],[-55.204,62.274],[-56.639,62.197],[-57.664,61.864],[-58.484,61.351],[-59.407,60.967],[-60.201,60.89],[-60.637,61.325],[-60.406,61.787],[-59.689,62.043],[-58.869,62.299],[-58.202,62.684],[-57.972,63.632],[-58.125,64.093],[-58.817,64.785],[-59.894,65.324],[-61.688,65.862],[-67.967,66.81],[-71.965,66.887],[-72.708,66.502],[-73.041,65.887],[-73.041,65.118],[-72.76,64.478],[-72.554,63.76],[-72.554,63.145],[-73.272,62.709],[-74.297,62.556],[-76.424,63.196],[-77.321,63.683],[-78.475,64.196],[-80.653,64.708],[-82.575,65.221],[-84.241,65.272],[-85.138,65.144],[-87.932,63.786],[-90.802,62.53],[-91.571,62.017],[-92.545,61.505],[-93.878,61.12],[-95.134,60.864],[-96.671,60.864],[-97.876,60.967],[-99.08,61.223],[-99.747,61.659],[-100.413,62.325],[-100.798,62.735],[-101.31,63.145],[-101.925,63.555],[-102.592,63.606],[-103.07,63.316]]]}},{"type":"Feature","properties":{"density":3},"geometry":{"type":"Polygon","coordinates":[[[-104.621,55.108],[-104.138,55.091],[-103.922,55.068],[-103.878,55.046],[-103.859,54.989],[-104.013,54.98],[-104.323,55.031],[-104.668,55.055],[-104.665,55.091],[-104.621,55.108]]]}},{"type":"Feature","properties":{"density":3},"geometry":{"type":"Polygon","coordinates":[[[-106.42,39.219],[-106.377,39.268],[-106.346,39.276],[-106.314,39.249],[-106.309,39.224],[-106.313,39.203],[-106.374,39.178],[-106.399,39.185],[-106.42,39.219]]]}},{"type":"Feature","properties":{"density":3},"geometry":{"type":"Polygon","coordinates":[[[-105.05,37.996],[-104.985,38.005],[-104.848,37.933],[-104.855,37.858],[-104.901,37.796],[-104.943,37.788],[-104.973,37.807],[-104.998,37.908],[-105.058,37.94],[-105.05,37.996]]]}},{"type":"Feature","properties":{"density":3},"geometry":{"type":"Polygon","coordinates":[[[-107.482,38.153],[-107.644,38.182],[-107.661,38.2],[-107.663,38.242],[-107.625,38.271],[-107.569,38.272],[-107.241,38.218],[-107.131,38.125],[-107.183,38.091],[-107.255,38.082],[-107.482,38.153]]]}},{"type":"Feature","properties":{"density":3},"geometry":{"type":"Polygon","coordinates":[[[-123.048,42.635],[-123.186,42.767],[-123.19,42.836],[-123.157,42.897],[-123.047,42.924],[-123.023,42.966],[-123.04,43.049],[-123.028,43.124],[-122.996,43.189],[-122.861,43.338],[-122.814,43.36],[-122.755,43.339],[-122.716,43.307],[-122.694,43.219],[-122.785,43.118],[-122.966,42.806],[-122.974,42.696],[-122.941,42.597],[-122.992,42.593],[-123.048,42.635]]]}},{"type":"Feature","properties":{"density":3},"geometry":{"type":"Polygon","coordinates":[[[-122.358,58.008],[-123.322,58.228],[-124.437,58.769],[-126.602,59.463],[-127.53,60.351],[-127.635,60.471],[-128.837,61.339],[-129.536,61.508],[-130.663,61.847],[-131.43,62.106],[-131.869,62.286],[-133.662,62.399],[-135.003,62.714],[-137.099,63.053],[-138.294,63.154],[-138.971,63.402],[-140.267,64.169],[-140.425,64.574],[-140.537,65.025],[-140.549,65.747],[-140.334,66.152],[-139.252,66.626],[-136.57,66.761],[-135.07,66.66],[-133.605,66.637],[-133.098,66.727],[-132.241,67.133],[-131.745,67.482],[-131.103,67.798],[-130.235,68.147],[-128.443,68.632],[-127.293,68.88],[-126.538,68.846],[-123.072,68.187],[-122.311,67.883],[-121.026,67.409],[-119.775,66.885],[-117.819,66.571],[-116.624,66.444],[-115.339,66.241],[-114.415,66.019],[-113.31,66.019],[-112.228,65.884],[-110.921,65.681],[-110.571,65.512],[-110.481,65.444],[-110.38,65.106],[-110.515,64.847],[-110.808,64.689],[-111.89,64.227],[-112.375,64.114],[-113.198,63.821],[-114.539,63.19],[-114.945,62.818],[-115.283,62.536],[-116.196,61.972],[-116.94,61.443],[-117.177,61.026],[-117.379,60.631],[-117.503,60.349],[-117.616,60.022],[-117.684,59.707],[-117.582,59.312],[-117.177,59.019],[-116.94,58.884],[-116.726,58.839],[-116.568,58.636],[-116.624,58.489],[-116.782,58.298],[-117.188,58.14],[-118.45,57.948],[-119.465,57.768],[-121.223,57.745],[-122.13,57.942],[-122.358,58.008]]]}},{"type":"Feature","properties":{"density":3},"geometry":{"type":"Polygon","coordinates":[[[-123.032,42.609],[-123.129,42.65],[-123.191,42.753],[-123.264,42.827],[-123.266,42.9],[-123.212,42.945],[-123.177,42.956],[-123.122,42.915],[-123.117,42.825],[-122.982,42.615],[-123.032,42.609]]]}},{"type":"Feature","properties":{"density":3},"geometry":{"type":"Polygon","coordinates":[[[-105.079,37.989],[-105.057,37.973],[-105.061,37.944],[-105.097,37.967],[-105.079,37.989]]]}},{"type":"Feature","properties":{"density":3},"geometry":{"type":"Polygon","coordinates":[[[-107.571,38.178],[-107.429,38.192],[-107.409,38.198],[-107.395,38.228],[-107.427,38.259],[-107.528,38.264],[-107.589,38.214],[-107.571,38.178]]]}},{"type":"Feature","properties":{"density":3},"geometry":{"type":"Polygon","coordinates":[[[-104.645,55.081],[-104.227,55.03],[-104.15,55.048],[-104.515,55.106],[-104.666,55.095],[-104.645,55.081]]]}},{"type":"Feature","properties":{"density":3},"geometry":{"type":"Polygon","coordinates":[[[-92.156,48.307],[-91.934,48.34],[-91.922,48.361],[-92.012,48.365],[-92.105,48.34],[-92.156,48.307]]]}},{"type":"Feature","properties":{"density":3},"geometry":{"type":"Polygon","coordinates":[[[-91.358,48.597],[-91.151,48.61],[-91.076,48.637],[-91.079,48.662],[-91.34,48.617],[-91.389,48.59],[-91.358,48.597]]]}},{"type":"Feature","properties":{"density":3},"geometry":{"type":"Polygon","coordinates":[[[-91.216,48.289],[-90.903,48.291],[-90.8,48.311],[-90.86,48.338],[-90.98,48.345],[-91.304,48.304],[-91.297,48.289],[-91.216,48.289]]]}},{"type":"Feature","properties":{"density":3},"geometry":{"type":"Polygon","coordinates":[[[-89.463,50.687],[-89.375,50.751],[-89.304,50.849],[-89.284,50.889],[-89.28,50.94],[-89.294,50.953],[-89.382,50.886],[-89.49,50.771],[-89.496,50.704],[-89.463,50.687]]]}},{"type":"Feature","properties":{"density":3},"geometry":{"type":"Polygon","coordinates":[[[-119.725,64.028],[-119.85,63.948],[-119.953,63.823],[-119.93,63.618],[-119.794,63.459],[-119.645,63.402],[-119.452,63.174],[-118.928,62.809],[-119.065,62.752],[-119.395,62.73],[-120.055,62.855],[-121.035,62.935],[-121.548,63.105],[-122.117,63.231],[-122.459,63.345],[-122.641,63.299],[-122.687,63.094],[-122.425,62.821],[-121.924,62.673],[-121.354,62.559],[-120.876,62.525],[-120.739,62.365],[-120.955,62.126],[-121.992,61.83],[-122.448,61.773],[-124.19,60.918],[-124.327,60.736],[-124.236,60.497],[-123.997,60.406],[-123.598,60.44],[-122.356,60.668],[-121.741,60.668],[-120.876,60.383],[-120.659,60.281],[-120.511,60.007],[-120.352,59.665],[-120.226,59.46],[-119.862,59.198],[-119.452,59.141],[-118.916,59.347],[-118.825,59.529],[-118.848,59.848],[-118.541,60.053],[-118.233,60.337],[-118.313,60.691],[-118.677,60.953],[-118.609,61.34],[-118.176,61.682],[-117.629,61.921],[-117.128,62.103],[-116.672,62.16],[-116.228,62.342],[-115.875,62.673],[-115.442,62.843],[-114.782,63.048],[-114.087,63.299],[-113.87,63.459],[-113.859,63.641],[-114.189,63.789],[-114.155,64.074],[-113.836,64.176],[-113.483,64.188],[-112.857,64.313],[-112.093,64.746],[-111.991,64.939],[-112.025,65.281],[-112.697,65.418],[-113.233,65.338],[-114.554,65.224],[-114.873,65.258],[-115.158,65.258],[-115.499,65.156],[-115.887,64.939],[-116.205,65.144],[-116.376,65.349],[-116.718,65.589],[-116.987,65.578],[-117.004,65.528],[-116.562,65.227],[-116.43,65.079],[-116.424,65.032],[-116.457,65.025],[-116.818,65.268],[-116.926,65.325],[-117.034,65.298],[-116.977,65.204],[-116.829,65.109],[-116.751,65.028],[-116.7,64.947],[-116.69,64.86],[-116.795,64.883],[-117.041,65.042],[-117.169,65.096],[-117.763,65.292],[-117.882,65.224],[-117.787,65.133],[-117.342,64.87],[-117.271,64.795],[-117.586,64.47],[-118.533,64.379],[-118.72,64.338],[-119.464,64.05],[-119.606,64.014],[-119.725,64.028]]]}},{"type":"Feature","properties":{"density":3},"geometry":{"type":"Polygon","coordinates":[[[-129.554,66.158],[-128.597,66.193],[-128.119,66.227],[-127.282,66.227],[-126.598,66.141],[-125.573,65.97],[-125.3,66.21],[-125.47,66.312],[-126.222,66.5],[-127.094,66.517],[-127.76,66.586],[-128.307,66.534],[-128.854,66.449],[-129.212,66.432],[-129.52,66.381],[-129.691,66.295],[-129.554,66.158]]]}},{"type":"Feature","properties":{"density":3},"geometry":{"type":"Polygon","coordinates":[[[-123.035,42.621],[-123.098,42.664],[-123.141,42.732],[-123.147,42.769],[-122.982,42.874],[-122.897,42.765],[-122.894,42.724],[-122.991,42.61],[-123.035,42.621]]]}},{"type":"Feature","properties":{"density":3},"geometry":{"type":"Polygon","coordinates":[[[-107.62,38.263],[-107.508,38.245],[-107.488,38.202],[-107.553,38.193],[-107.638,38.249],[-107.62,38.263]]]}},{"type":"Feature","properties":{"density":3},"geometry":{"type":"Polygon","coordinates":[[[-76.22,52.108],[-76.129,52.111],[-76.031,52.077],[-76.149,52.067],[-76.254,52.094],[-76.22,52.108]]]}},{"type":"Feature","properties":{"density":3},"geometry":{"type":"Polygon","coordinates":[[[-76.193,52.486],[-75.947,52.496],[-75.829,52.543],[-75.825,52.567],[-76.095,52.546],[-76.207,52.492],[-76.193,52.486]]]}},{"type":"Feature","properties":{"density":3},"geometry":{"type":"Polygon","coordinates":[[[-92.143,48.358],[-92.181,48.331],[-92.184,48.307],[-91.857,48.317],[-91.84,48.3],[-91.853,48.273],[-91.924,48.219],[-91.894,48.206],[-91.566,48.199],[-91.404,48.216],[-91.239,48.267],[-91.202,48.256],[-91.306,48.169],[-91.266,48.155],[-91.067,48.182],[-90.736,48.182],[-90.672,48.243],[-90.537,48.273],[-89.629,48.334],[-89.582,48.381],[-89.578,48.439],[-89.622,48.466],[-90.277,48.452],[-90.658,48.493],[-91.053,48.415],[-91.074,48.439],[-91.074,48.503],[-91.04,48.523],[-90.891,48.55],[-90.493,48.584],[-89.686,48.702],[-89.612,48.746],[-89.538,48.766],[-89.551,48.827],[-90.061,48.827],[-90.611,48.793],[-91.155,48.685],[-91.371,48.624],[-91.425,48.601],[-91.381,48.547],[-91.398,48.53],[-91.587,48.469],[-92.143,48.358]]]}},{"type":"Feature","properties":{"density":3},"geometry":{"type":"Polygon","coordinates":[[[-90.928,48.925],[-90.547,48.955],[-90.095,48.962],[-89.859,48.989],[-89.292,49.009],[-88.951,48.979],[-88.907,48.982],[-88.873,49.019],[-88.9,49.05],[-89.217,49.083],[-90.206,49.066],[-90.625,49.039],[-90.932,48.969],[-90.996,48.931],[-90.928,48.925]]]}},{"type":"Feature","properties":{"density":3},"geometry":{"type":"Polygon","coordinates":[[[-89.945,49.756],[-89.779,49.774],[-89.45,49.753],[-89.372,49.765],[-89.338,49.801],[-89.435,49.819],[-89.671,49.814],[-89.93,49.778],[-89.966,49.758],[-89.945,49.756]]]}},{"type":"Feature","properties":{"density":3},"geometry":{"type":"Polygon","coordinates":[[[-89.758,50.237],[-89.227,50.318],[-88.959,50.322],[-88.788,50.358],[-88.755,50.419],[-88.788,50.439],[-88.908,50.439],[-89.463,50.397],[-89.632,50.354],[-89.794,50.273],[-89.758,50.237]]]}},{"type":"Feature","properties":{"density":3},"geometry":{"type":"Polygon","coordinates":[[[-89.175,50.538],[-88.442,50.561],[-88.137,50.542],[-87.887,50.505],[-87.83,50.532],[-87.813,50.579],[-87.712,50.606],[-87.371,50.633],[-87.297,50.653],[-87.253,50.707],[-87.482,50.764],[-88.441,50.822],[-88.731,50.879],[-89.193,50.839],[-89.447,50.781],[-89.521,50.721],[-89.49,50.683],[-89.423,50.673],[-89.129,50.7],[-88.873,50.704],[-88.805,50.633],[-88.826,50.616],[-89.052,50.619],[-89.177,50.579],[-89.197,50.559],[-89.175,50.538]]]}},{"type":"Feature","properties":{"density":3},"geometry":{"type":"Polygon","coordinates":[[[-90.746,50.717],[-90.483,50.704],[-89.879,50.71],[-89.794,50.748],[-89.804,50.775],[-89.889,50.812],[-90.041,50.818],[-90.672,50.768],[-90.783,50.737],[-90.746,50.717]]]}},{"type":"Feature","properties":{"density":3},"geometry":{"type":"Polygon","coordinates":[[[-91.451,51.443],[-90.992,51.423],[-90.78,51.396],[-90.746,51.429],[-90.716,51.497],[-90.739,51.524],[-91.164,51.531],[-91.245,51.5],[-91.397,51.483],[-91.465,51.456],[-91.451,51.443]]]}},{"type":"Feature","properties":{"density":3},"geometry":{"type":"Polygon","coordinates":[[[-98.689,55.419],[-98.304,55.378],[-98.122,55.378],[-98.098,55.395],[-98.172,55.429],[-98.446,55.459],[-98.682,55.439],[-98.702,55.426],[-98.689,55.419]]]}},{"type":"Feature","properties":{"density":3},"geometry":{"type":"Polygon","coordinates":[[[-104.693,54.575],[-104.499,54.577],[-104.373,54.559],[-104.34,54.588],[-104.571,54.629],[-104.709,54.608],[-104.738,54.581],[-104.693,54.575]]]}},{"type":"Feature","properties":{"density":3},"geometry":{"type":"Polygon","coordinates":[[[-104.646,55.074],[-104.475,55.079],[-103.928,54.984],[-103.802,54.977],[-103.723,54.989],[-103.719,55.016],[-103.894,55.074],[-104.247,55.09],[-104.479,55.124],[-104.661,55.115],[-104.688,55.072],[-104.646,55.074]]]}},{"type":"Feature","properties":{"density":3},"geometry":{"type":"Polygon","coordinates":[[[-102.045,55.375],[-102.119,55.337],[-102.106,55.287],[-101.822,55.26],[-101.647,55.226],[-101.498,55.223],[-101.512,55.273],[-101.947,55.368],[-102.045,55.375]]]}},{"type":"Feature","properties":{"density":3},"geometry":{"type":"Polygon","coordinates":[[[-121.461,63.681],[-121.723,63.601],[-122.099,63.419],[-122.315,63.248],[-122.304,63.202],[-122.384,62.975],[-122.771,63.077],[-122.919,62.929],[-122.942,62.644],[-122.634,62.405],[-121.928,62.439],[-121.359,62.439],[-120.174,62.405],[-119.707,62.257],[-119.422,62.132],[-119.445,61.938],[-119.741,61.733],[-120.083,61.596],[-120.345,61.46],[-120.618,61.277],[-120.778,61.072],[-120.664,60.264],[-120.288,59.728],[-119.969,59.455],[-119.684,59.318],[-119.502,59.261],[-119.24,59.25],[-118.83,59.295],[-118.294,59.5],[-117.713,59.922],[-117.543,60.252],[-117.577,60.457],[-117.77,60.526],[-118.237,60.537],[-118.329,60.788],[-118.272,61.015],[-118.067,61.209],[-117.486,61.494],[-117.178,61.608],[-116.825,61.779],[-115.413,62.337],[-114.592,62.918],[-114.308,63.054],[-113.977,63.134],[-113.704,63.248],[-113.601,63.362],[-113.658,63.476],[-113.829,63.51],[-114.0,63.612],[-113.955,63.863],[-113.693,63.954],[-113.226,64.034],[-112.519,64.193],[-112.246,64.33],[-112.155,64.592],[-112.155,64.774],[-112.44,64.854],[-113.043,64.865],[-113.658,64.752],[-114.547,64.672],[-115.344,64.82],[-115.754,64.934],[-116.016,65.048],[-116.21,65.23],[-116.358,65.332],[-116.586,65.435],[-117.419,65.758],[-117.576,65.788],[-117.732,65.783],[-117.844,65.743],[-117.682,65.646],[-117.302,65.479],[-117.16,65.322],[-116.892,65.12],[-116.912,65.059],[-117.074,65.079],[-117.307,65.196],[-117.591,65.302],[-118.016,65.338],[-118.507,65.525],[-118.654,65.611],[-118.937,65.697],[-119.074,65.717],[-119.221,65.687],[-119.428,65.53],[-119.373,65.378],[-118.674,65.115],[-118.269,65.014],[-117.712,64.958],[-117.429,64.958],[-117.234,64.905],[-117.074,64.806],[-117.044,64.646],[-117.12,64.533],[-117.469,64.373],[-118.335,64.16],[-118.851,64.092],[-119.292,63.963],[-120.036,63.811],[-120.211,63.75],[-120.324,63.659],[-120.332,63.477],[-120.188,63.28],[-120.044,63.158],[-119.595,63.021],[-118.904,63.113],[-118.487,63.021],[-118.335,62.816],[-118.472,62.649],[-118.942,62.649],[-119.345,62.74],[-119.725,62.778],[-120.302,62.763],[-120.567,62.733],[-121.053,62.794],[-122.086,62.809],[-122.101,62.915],[-121.927,63.059],[-121.418,63.318],[-121.198,63.469],[-121.114,63.576],[-121.152,63.674],[-121.372,63.743],[-121.461,63.681]]]}},{"type":"Feature","properties":{"density":3},"geometry":{"type":"Polygon","coordinates":[[[-117.551,66.446],[-117.361,66.439],[-117.088,66.347],[-116.943,66.294],[-116.921,66.226],[-117.004,66.211],[-117.399,66.234],[-117.483,66.279],[-117.566,66.37],[-117.551,66.446]]]}},{"type":"Feature","properties":{"density":3},"geometry":{"type":"Polygon","coordinates":[[[-122.616,66.256],[-122.198,66.12],[-122.046,66.036],[-122.062,65.983],[-122.198,65.998],[-122.343,66.036],[-122.494,66.082],[-122.639,66.15],[-122.669,66.173],[-122.616,66.256]]]}},{"type":"Feature","properties":{"density":3},"geometry":{"type":"Polygon","coordinates":[[[-75.79,20.504],[-75.97,20.608],[-76.02,20.611],[-76.03,20.593],[-75.984,20.543],[-75.919,20.512],[-75.811,20.486],[-75.79,20.504]]]}},{"type":"Feature","properties":{"density":3},"geometry":{"type":"Polygon","coordinates":[[[-123.045,42.615],[-123.086,42.679],[-123.072,42.74],[-122.775,43.293],[-122.586,43.536],[-122.556,43.563],[-122.488,43.567],[-122.397,43.368],[-122.387,43.276],[-122.566,43.121],[-122.731,42.848],[-122.87,42.73],[-122.934,42.649],[-123.005,42.598],[-123.045,42.615]]]}},{"type":"Feature","properties":{"density":3},"geometry":{"type":"Polygon","coordinates":[[[-121.382,49.965],[-121.284,50.144],[-121.284,50.252],[-121.304,50.285],[-121.348,50.248],[-121.388,50.144],[-121.412,49.975],[-121.382,49.965]]]}},{"type":"Feature","properties":{"density":3},"geometry":{"type":"Polygon","coordinates":[[[-104.715,54.577],[-104.211,54.478],[-103.221,54.321],[-103.164,54.318],[-103.106,54.362],[-103.093,54.399],[-103.103,54.443],[-103.265,54.49],[-103.788,54.541],[-104.129,54.611],[-104.311,54.618],[-104.47,54.605],[-104.669,54.632],[-104.709,54.628],[-104.723,54.598],[-104.715,54.577]]]}},{"type":"Feature","properties":{"density":3},"geometry":{"type":"Polygon","coordinates":[[[-104.662,55.074],[-104.055,54.959],[-103.299,54.888],[-102.428,54.733],[-102.141,54.703],[-102.026,54.713],[-101.932,54.746],[-101.895,54.78],[-101.939,54.811],[-102.242,54.895],[-102.526,54.942],[-103.035,54.996],[-103.457,55.101],[-103.633,55.165],[-104.473,55.158],[-104.642,55.124],[-104.679,55.081],[-104.662,55.074]]]}},{"type":"Feature","properties":{"density":3},"geometry":{"type":"Polygon","coordinates":[[[-105.526,55.83],[-105.627,55.779],[-105.644,55.742],[-105.391,55.715],[-105.263,55.658],[-104.993,55.668],[-104.618,55.654],[-103.923,55.573],[-103.629,55.573],[-103.292,55.523],[-102.877,55.496],[-102.705,55.448],[-102.053,55.351],[-101.814,55.216],[-101.709,55.185],[-100.599,54.956],[-100.109,54.787],[-99.647,54.699],[-99.556,54.696],[-99.509,54.73],[-99.519,54.811],[-99.785,54.929],[-99.995,54.959],[-100.197,55.01],[-100.838,55.226],[-101.658,55.415],[-102.539,55.573],[-104.362,55.82],[-104.952,55.864],[-105.526,55.83]]]}},{"type":"Feature","properties":{"density":3},"geometry":{"type":"Polygon","coordinates":[[[-102.725,55.994],[-101.181,55.781],[-100.518,55.583],[-100.229,55.533],[-100.128,55.528],[-100.067,55.553],[-100.077,55.629],[-100.351,55.735],[-101.211,55.882],[-101.692,56.029],[-102.345,56.125],[-102.467,56.125],[-102.695,56.085],[-102.771,56.039],[-102.725,55.994]]]}},{"type":"Feature","properties":{"density":3},"geometry":{"type":"Polygon","coordinates":[[[-102.826,56.333],[-101.667,56.171],[-101.054,56.11],[-100.239,55.958],[-100.087,55.953],[-100.047,56.014],[-100.158,56.064],[-100.533,56.171],[-101.313,56.287],[-102.31,56.404],[-102.776,56.414],[-102.831,56.399],[-102.826,56.333]]]}},{"type":"Feature","properties":{"density":3},"geometry":{"type":"Polygon","coordinates":[[[-98.647,55.477],[-98.733,55.406],[-98.409,55.34],[-97.984,55.184],[-97.822,55.143],[-96.733,54.91],[-96.369,54.809],[-95.853,54.728],[-95.463,54.723],[-95.027,54.667],[-94.233,54.606],[-94.06,54.637],[-93.954,54.708],[-94.147,54.86],[-94.4,54.956],[-95.291,55.143],[-95.923,55.209],[-96.359,55.209],[-97.518,55.371],[-97.989,55.386],[-98.161,55.432],[-98.394,55.437],[-98.647,55.477]]]}},{"type":"Feature","properties":{"density":3},"geometry":{"type":"Polygon","coordinates":[[[-90.713,48.779],[-91.089,48.723],[-91.6,48.57],[-92.203,48.318],[-92.232,48.297],[-92.241,48.257],[-92.304,48.216],[-92.302,48.189],[-92.236,48.194],[-92.245,48.169],[-92.227,48.151],[-92.0,48.187],[-91.6,48.165],[-91.597,48.12],[-91.726,48.088],[-91.827,48.025],[-91.773,47.996],[-91.336,48.041],[-90.612,48.032],[-89.358,47.981],[-89.15,48.027],[-88.046,48.072],[-87.768,48.052],[-86.75,48.032],[-85.986,47.986],[-85.824,48.087],[-85.788,48.224],[-85.875,48.346],[-85.895,48.487],[-85.778,48.685],[-85.773,48.796],[-85.925,48.913],[-86.072,48.913],[-86.857,49.024],[-87.925,49.13],[-88.76,49.161],[-89.378,49.151],[-90.097,49.086],[-90.4,49.036],[-90.843,49.012],[-90.964,48.948],[-90.991,48.897],[-90.559,48.864],[-90.556,48.83],[-90.713,48.779]]]}},{"type":"Feature","properties":{"density":3},"geometry":{"type":"Polygon","coordinates":[[[-90.41,49.369],[-89.544,49.331],[-88.873,49.335],[-88.281,49.286],[-87.934,49.302],[-87.434,49.252],[-86.55,49.194],[-86.155,49.184],[-86.047,49.215],[-86.003,49.326],[-85.997,49.441],[-86.132,49.556],[-86.81,49.718],[-87.866,49.896],[-88.651,49.983],[-89.016,50.04],[-89.561,50.085],[-89.912,50.079],[-90.06,50.058],[-90.178,50.008],[-90.161,49.991],[-89.792,49.966],[-89.603,49.929],[-89.503,49.93],[-89.513,49.907],[-89.773,49.89],[-89.908,49.849],[-89.955,49.788],[-89.939,49.755],[-89.797,49.761],[-89.793,49.738],[-90.013,49.711],[-90.08,49.667],[-90.067,49.63],[-89.429,49.562],[-89.334,49.532],[-89.334,49.515],[-89.402,49.505],[-89.837,49.532],[-90.07,49.508],[-90.455,49.417],[-90.458,49.38],[-90.41,49.369]]]}},{"type":"Feature","properties":{"density":3},"geometry":{"type":"Polygon","coordinates":[[[-89.778,50.246],[-89.613,50.236],[-88.449,50.067],[-87.831,50.043],[-87.21,49.949],[-86.316,49.859],[-85.531,49.758],[-84.68,49.713],[-83.321,49.371],[-82.957,49.394],[-82.706,49.5],[-82.509,49.758],[-82.471,50.138],[-82.506,50.34],[-83.534,50.533],[-84.627,50.768],[-85.713,50.882],[-86.351,50.897],[-88.743,51.057],[-90.328,51.003],[-90.444,50.978],[-89.786,50.887],[-89.73,50.867],[-89.902,50.816],[-90.14,50.821],[-90.616,50.781],[-90.758,50.755],[-90.768,50.72],[-90.403,50.674],[-89.793,50.531],[-89.61,50.517],[-89.361,50.548],[-89.209,50.533],[-89.138,50.462],[-89.138,50.411],[-89.315,50.381],[-89.573,50.366],[-89.659,50.34],[-89.781,50.274],[-89.778,50.246]]]}},{"type":"Feature","properties":{"density":3},"geometry":{"type":"Polygon","coordinates":[[[-91.251,51.514],[-91.403,51.499],[-91.454,51.468],[-91.459,51.438],[-91.114,51.342],[-90.583,51.241],[-89.712,51.165],[-88.502,51.099],[-87.464,51.119],[-87.328,51.21],[-87.94,51.473],[-88.102,51.514],[-88.558,51.539],[-89.424,51.458],[-89.829,51.443],[-90.608,51.473],[-90.821,51.509],[-91.17,51.539],[-91.251,51.514]]]}},{"type":"Feature","properties":{"density":3},"geometry":{"type":"Polygon","coordinates":[[[-119.013,65.688],[-119.207,65.723],[-119.321,65.711],[-119.548,65.495],[-119.378,65.267],[-118.945,65.187],[-118.842,64.994],[-119.161,64.925],[-119.492,65.096],[-119.754,65.267],[-120.129,65.324],[-120.369,65.324],[-120.448,65.165],[-120.061,64.834],[-120.198,64.675],[-120.596,64.743],[-120.881,64.868],[-121.268,64.982],[-121.644,65.039],[-121.861,65.016],[-121.963,64.846],[-121.758,64.549],[-121.519,64.39],[-121.291,64.287],[-120.995,64.06],[-120.722,63.65],[-120.688,63.41],[-120.915,63.399],[-121.371,63.524],[-121.792,63.672],[-122.089,63.65],[-122.203,63.479],[-122.271,63.285],[-122.453,62.516],[-122.111,62.311],[-121.906,62.055],[-121.001,61.611],[-121.069,61.406],[-121.736,61.166],[-122.299,61.132],[-122.932,61.235],[-123.444,61.166],[-123.717,60.927],[-123.752,60.654],[-124.025,60.415],[-124.162,60.056],[-124.179,59.834],[-123.905,59.526],[-123.359,59.116],[-122.897,58.843],[-122.351,58.535],[-121.787,58.33],[-121.308,58.091],[-120.745,57.903],[-120.147,57.732],[-119.531,57.664],[-118.968,57.749],[-118.711,57.92],[-118.489,58.193],[-118.301,58.672],[-118.25,58.996],[-118.079,59.424],[-117.908,59.68],[-117.652,59.97],[-117.191,60.192],[-116.883,60.312],[-116.524,60.483],[-116.165,60.62],[-115.926,60.688],[-115.602,60.978],[-115.414,61.269],[-115.089,61.491],[-114.252,61.918],[-113.825,62.192],[-112.441,62.67],[-111.621,62.687],[-111.006,62.824],[-110.493,62.858],[-109.861,62.858],[-109.28,63.012],[-108.511,63.319],[-108.238,63.49],[-108.05,63.746],[-108.015,63.9],[-108.323,64.225],[-108.733,64.43],[-109.211,64.566],[-111.125,64.481],[-112.646,64.532],[-113.551,64.601],[-114.32,64.789],[-115.072,65.113],[-115.345,65.421],[-115.294,65.609],[-115.294,65.763],[-115.397,66.138],[-115.721,66.258],[-116.165,66.361],[-116.815,66.446],[-117.874,66.651],[-118.387,66.668],[-118.626,66.566],[-118.404,66.48],[-117.977,66.395],[-117.259,66.224],[-116.849,66.07],[-116.524,65.916],[-115.995,65.797],[-115.943,65.626],[-116.063,65.54],[-116.524,65.54],[-116.951,65.677],[-117.464,65.899],[-117.754,65.916],[-117.857,65.899],[-117.789,65.626],[-117.823,65.455],[-118.096,65.335],[-118.78,65.626],[-119.013,65.688]]]}}]}