{"type":"FeatureCollection","features":[{"type":"Feature","properties":{"density":1},"geometry":{"type":"Polygon","coordinates":[[[-82.436,28.311],[-82.464,28.352],[-82.455,28.41],[-82.386,28.419],[-82.37,28.366],[-82.409,28.308],[-82.436,28.311]]]}},{"type":"Feature","properties":{"density":1},"geometry":{"type":"Polygon","coordinates":[[[-82.083,28.184],[-81.998,28.275],[-81.976,28.449],[-81.91,28.738],[-81.921,28.868],[-81.948,28.912],[-81.984,28.956],[-82.064,28.981],[-82.092,28.975],[-82.144,28.923],[-82.166,28.873],[-82.287,28.716],[-82.331,28.598],[-82.34,28.523],[-82.329,28.468],[-82.227,28.377],[-82.166,28.262],[-82.105,28.201],[-82.083,28.184]]]}},{"type":"Feature","properties":{"density":1},"geometry":{"type":"Polygon","coordinates":[[[-71.282,55.114],[-71.233,55.188],[-71.158,55.209],[-71.018,55.176],[-70.943,55.122],[-70.728,54.828],[-70.683,54.737],[-70.683,54.659],[-70.712,54.576],[-70.79,54.547],[-70.886,54.543],[-70.997,54.647],[-71.109,54.779],[-71.171,54.911],[-71.175,54.998],[-71.237,55.089],[-71.282,55.114]]]}},{"type":"Feature","properties":{"density":1},"geometry":{"type":"Polygon","coordinates":[[[-72.787,54.324],[-72.708,54.374],[-72.622,54.39],[-72.547,54.37],[-72.489,54.32],[-72.336,54.25],[-72.101,54.171],[-72.031,54.101],[-72.035,54.068],[-72.101,54.043],[-72.208,54.072],[-72.237,54.047],[-72.241,53.998],[-72.196,53.915],[-72.188,53.853],[-72.204,53.774],[-72.262,53.659],[-72.469,53.564],[-72.663,53.547],[-72.849,53.559],[-72.944,53.609],[-73.051,53.721],[-73.076,53.816],[-73.047,53.874],[-72.878,53.969],[-72.874,54.035],[-72.961,54.051],[-73.006,54.093],[-72.994,54.13],[-72.923,54.213],[-72.841,54.258],[-72.787,54.324]]]}},{"type":"Feature","properties":{"density":1},"geometry":{"type":"Polygon","coordinates":[[[-72.995,54.421],[-72.781,54.449],[-72.39,54.431],[-71.525,54.128],[-70.353,53.807],[-69.154,53.738],[-66.098,53.626],[-62.527,54.156],[-61.23,54.449],[-60.462,54.575],[-59.751,54.547],[-59.458,54.421],[-59.207,54.142],[-59.165,53.793],[-59.486,53.403],[-60.253,53.138],[-64.578,52.538],[-66.991,52.677],[-69.321,52.775],[-70.632,52.747],[-71.441,52.496],[-73.255,52.454],[-74.036,52.636],[-75.348,52.789],[-76.003,52.761],[-76.938,52.343],[-77.622,51.743],[-77.831,51.436],[-78.11,51.115],[-78.431,50.975],[-79.24,50.906],[-80.37,50.962],[-80.872,50.752],[-81.332,50.459],[-81.57,50.278],[-81.904,50.083],[-82.239,49.943],[-82.825,49.901],[-84.095,50.236],[-84.639,50.627],[-85.071,51.296],[-85.28,51.966],[-85.406,52.636],[-85.42,53.152],[-85.211,53.696],[-84.736,54.24],[-83.662,55.537],[-82.421,56.123],[-81.458,56.346],[-80.37,56.402],[-79.561,56.5],[-78.528,56.681],[-77.468,56.681],[-76.882,56.598],[-76.003,56.319],[-75.501,56.095],[-75.055,55.83],[-74.636,55.509],[-74.232,55.175],[-73.646,54.631],[-73.213,54.463],[-72.995,54.421]]]}},{"type":"Feature","properties":{"density":1},"geometry":{"type":"Polygon","coordinates":[[[-112.482,38.19],[-112.569,38.294],[-112.594,38.397],[-112.589,38.575],[-112.428,39.004],[-112.279,39.294],[-112.027,39.715],[-111.87,39.91],[-111.585,40.05],[-111.382,40.038],[-111.196,39.955],[-111.172,39.864],[-111.172,39.724],[-111.287,39.567],[-111.428,39.43],[-111.626,39.19],[-112.139,38.492],[-112.242,38.298],[-112.279,38.194],[-112.374,38.124],[-112.453,38.145],[-112.482,38.19]]]}},{"type":"Feature","properties":{"density":1},"geometry":{"type":"Polygon","coordinates":[[[-111.827,34.94],[-111.856,34.977],[-111.844,35.085],[-111.798,35.246],[-111.678,35.552],[-111.439,36.255],[-111.17,36.627],[-110.926,36.713],[-110.637,36.784],[-110.058,36.875],[-109.293,36.875],[-109.033,36.775],[-108.789,36.589],[-108.529,36.222],[-108.496,35.957],[-108.504,35.887],[-108.574,35.8],[-108.682,35.726],[-108.905,35.676],[-109.698,35.841],[-110.07,35.874],[-110.36,35.874],[-110.567,35.841],[-111.034,35.676],[-111.302,35.482],[-111.389,35.374],[-111.563,35.213],[-111.65,35.002],[-111.736,34.911],[-111.778,34.907],[-111.827,34.94]]]}},{"type":"Feature","properties":{"density":1},"geometry":{"type":"Polygon","coordinates":[[[-114.188,37.363],[-114.217,37.318],[-114.263,37.31],[-114.337,37.384],[-114.424,37.723],[-114.428,37.946],[-114.391,38.376],[-114.321,38.546],[-114.23,38.653],[-114.164,38.69],[-114.052,38.698],[-113.957,38.628],[-113.911,38.5],[-114.097,37.64],[-114.102,37.541],[-114.139,37.429],[-114.188,37.363]]]}},{"type":"Feature","properties":{"density":1},"geometry":{"type":"Polygon","coordinates":[[[-88.941,53.546],[-88.974,53.604],[-89.016,53.815],[-89.016,53.869],[-88.974,53.898],[-88.941,53.881],[-88.916,53.832],[-88.892,53.666],[-88.896,53.559],[-88.925,53.534],[-88.941,53.546]]]}},{"type":"Feature","properties":{"density":1},"geometry":{"type":"Polygon","coordinates":[[[-89.669,50.252],[-89.738,50.274],[-89.854,50.412],[-89.873,50.535],[-89.814,50.614],[-89.716,50.676],[-89.634,50.759],[-89.582,50.739],[-89.555,50.7],[-89.54,50.618],[-89.571,50.476],[-89.56,50.318],[-89.588,50.257],[-89.637,50.241],[-89.669,50.252]]]}},{"type":"Feature","properties":{"density":1},"geometry":{"type":"Polygon","coordinates":[[[-97.099,54.43],[-97.044,54.465],[-97.033,54.554],[-97.058,54.578],[-97.207,54.628],[-97.353,54.813],[-97.38,54.821],[-97.419,54.804],[-97.444,54.777],[-97.449,54.719],[-97.447,54.661],[-97.419,54.578],[-97.334,54.474],[-97.223,54.421],[-97.16,54.408],[-97.099,54.43]]]}},{"type":"Feature","properties":{"density":1},"geometry":{"type":"Polygon","coordinates":[[[-151.816,67.569],[-151.87,67.61],[-152.002,67.598],[-152.147,67.486],[-152.221,67.404],[-152.325,67.346],[-152.61,67.308],[-152.953,67.296],[-153.383,67.304],[-153.585,67.234],[-153.672,67.16],[-153.689,67.011],[-153.594,66.887],[-153.387,66.779],[-152.63,66.75],[-152.023,66.825],[-151.601,66.928],[-151.395,67.007],[-151.254,67.102],[-151.192,67.168],[-151.175,67.28],[-151.2,67.354],[-151.262,67.416],[-151.469,67.515],[-151.63,67.523],[-151.783,67.552],[-151.816,67.569]]]}},{"type":"Feature","properties":{"density":1},"geometry":{"type":"Polygon","coordinates":[[[-159.747,65.336],[-159.736,65.353],[-159.692,65.358],[-159.669,65.306],[-159.642,65.091],[-159.667,65.033],[-159.711,65.055],[-159.725,65.083],[-159.752,65.287],[-159.747,65.336]]]}},{"type":"Feature","properties":{"density":1},"geometry":{"type":"Polygon","coordinates":[[[-157.543,64.147],[-157.58,64.079],[-157.716,63.999],[-158.243,63.937],[-159.136,63.968],[-159.217,63.986],[-159.279,64.023],[-159.273,64.061],[-159.173,64.085],[-158.69,64.147],[-158.045,64.141],[-157.648,64.259],[-157.568,64.259],[-157.549,64.24],[-157.543,64.197],[-157.543,64.147]]]}},{"type":"Feature","properties":{"density":1},"geometry":{"type":"Polygon","coordinates":[[[-127.949,60.159],[-128.017,60.469],[-128.16,60.692],[-128.389,60.909],[-128.724,61.157],[-129.149,61.677],[-129.631,62.325],[-129.798,63.288],[-129.798,64.083],[-129.589,65.422],[-130.342,66.406],[-131.075,66.657],[-132.184,66.762],[-133.356,66.803],[-134.506,66.992],[-135.155,67.159],[-135.49,67.64],[-135.427,68.059],[-134.925,68.645],[-133.879,69.189],[-132.518,69.67],[-130.614,70.193],[-128.919,70.549],[-123.96,70.444],[-121.03,70.068],[-115.338,68.394],[-113.476,68.143],[-110.232,68.247],[-107.763,68.582],[-105.482,68.812],[-103.264,68.498],[-100.878,68.08],[-100.0,68.352],[-98.598,68.854],[-97.949,69.587],[-97.321,70.486],[-96.672,71.03],[-95.731,71.512],[-94.496,71.763],[-92.529,71.323],[-87.821,71.261],[-83.73,71.365],[-80.214,70.769],[-77.201,69.796],[-71.739,68.854],[-69.228,68.122],[-66.842,67.201],[-65.671,66.427],[-65.085,65.569],[-64.687,64.753],[-64.729,63.937],[-65.001,63.392],[-65.419,62.995],[-65.901,63.162],[-69.709,63.874],[-72.053,64.376],[-73.727,64.543],[-75.359,64.522],[-76.092,64.188],[-76.971,63.644],[-77.661,63.434],[-80.026,63.246],[-81.804,63.706],[-83.813,64.041],[-86.304,64.062],[-88.982,64.146],[-90.803,63.853],[-92.644,63.581],[-94.486,63.623],[-95.95,63.581],[-97.29,63.246],[-98.294,62.597],[-98.734,61.76],[-98.754,60.881],[-98.441,60.107],[-97.645,59.451],[-95.323,58.845],[-93.544,58.635],[-92.916,58.091],[-92.665,57.254],[-92.707,56.647],[-93.251,56.208],[-94.255,55.873],[-97.248,55.057],[-98.21,54.68],[-99.047,54.262],[-99.633,54.032],[-100.366,53.843],[-101.621,53.864],[-102.584,55.183],[-104.802,55.706],[-106.099,56.25],[-107.711,56.501],[-108.82,56.585],[-110.306,56.752],[-111.331,56.773],[-112.566,56.585],[-114.428,56.061],[-115.412,55.685],[-116.479,55.455],[-117.797,55.371],[-118.969,55.475],[-120.183,55.706],[-121.313,56.061],[-122.484,56.501],[-124.669,57.375],[-125.327,57.747],[-125.798,58.132],[-126.139,58.318],[-126.678,58.547],[-127.689,59.57],[-127.788,59.775],[-127.949,60.159]]]}},{"type":"Feature","properties":{"density":1},"geometry":{"type":"Polygon","coordinates":[[[-115.512,28.39],[-115.324,29.049],[-114.79,29.551],[-114.163,29.897],[-113.692,30.242],[-112.342,30.462],[-110.867,30.775],[-109.8,31.372],[-107.853,32.313],[-105.625,33.726],[-104.087,34.919],[-102.455,36.112],[-100.603,36.959],[-98.939,37.461],[-97.338,37.618],[-96.114,37.493],[-95.8,37.053],[-96.742,36.017],[-96.993,34.825],[-97.024,34.291],[-96.459,33.475],[-95.706,33.475],[-92.881,33.789],[-91.531,34.417],[-90.495,35.107],[-87.796,35.86],[-85.348,36.614],[-81.738,37.681],[-79.415,38.215],[-76.904,38.937],[-73.891,39.69],[-71.599,40.569],[-68.586,40.788],[-66.451,40.537],[-65.625,40.687],[-64.941,40.394],[-64.76,40.073],[-64.641,39.418],[-64.547,38.382],[-64.83,37.221],[-65.426,36.436],[-66.085,35.212],[-67.278,34.082],[-69.13,32.858],[-73.054,30.754],[-75.502,29.75],[-77.448,29.311],[-79.143,28.84],[-79.279,28.819],[-81.162,28.882],[-82.397,28.756],[-83.171,28.233],[-83.401,27.71],[-83.757,27.187],[-84.469,26.496],[-85.536,25.282],[-86.394,24.403],[-87.608,23.294],[-88.486,22.667],[-89.637,22.018],[-90.558,20.888],[-91.625,20.093],[-91.981,19.507],[-92.546,19.005],[-93.32,18.44],[-94.262,18.168],[-95.999,17.854],[-97.589,17.435],[-101.251,17.121],[-103.323,16.996],[-106.859,18.523],[-108.492,19.298],[-109.831,19.444],[-111.086,19.339],[-112.07,19.339],[-113.054,19.423],[-114.288,19.653],[-116.025,20.218],[-117.385,20.616],[-118.034,21.013],[-118.39,21.871],[-118.306,22.897],[-117.804,23.42],[-116.339,24.885],[-115.837,25.701],[-115.586,26.601],[-115.481,27.459],[-115.481,28.045],[-115.512,28.39]]]}},{"type":"Feature","properties":{"density":1},"geometry":{"type":"Polygon","coordinates":[[[-71.5,18.224],[-71.553,18.204],[-71.812,18.167],[-72.391,18.155],[-72.527,18.163],[-72.825,18.238],[-73.532,18.614],[-73.78,19.044],[-74.028,20.346],[-74.059,21.04],[-73.929,21.592],[-73.767,21.772],[-73.538,21.921],[-73.402,21.976],[-73.284,21.983],[-73.042,21.927],[-72.862,21.828],[-72.782,21.66],[-72.738,21.418],[-72.769,21.195],[-72.707,20.681],[-72.453,19.645],[-72.372,19.403],[-72.286,19.273],[-71.721,18.699],[-71.601,18.55],[-71.469,18.335],[-71.473,18.244],[-71.5,18.224]]]}},{"type":"Feature","properties":{"density":1},"geometry":{"type":"Polygon","coordinates":[[[-84.151,22.332],[-84.162,22.348],[-84.284,22.378],[-84.379,22.37],[-84.465,22.337],[-84.693,22.214],[-84.781,22.126],[-84.838,22.032],[-84.796,22.009],[-84.668,22.095],[-84.205,22.268],[-84.149,22.295],[-84.144,22.317],[-84.151,22.332]]]}},{"type":"Feature","properties":{"density":1},"geometry":{"type":"Polygon","coordinates":[[[-77.168,54.965],[-77.204,54.949],[-77.413,54.724],[-77.491,54.553],[-77.482,54.493],[-77.421,54.491],[-77.233,54.532],[-77.06,54.629],[-76.996,54.698],[-76.994,54.797],[-77.055,54.926],[-77.093,54.96],[-77.163,54.968],[-77.168,54.965]]]}},{"type":"Feature","properties":{"density":1},"geometry":{"type":"Polygon","coordinates":[[[-76.516,54.805],[-76.409,54.801],[-76.383,54.778],[-76.296,54.604],[-76.291,54.519],[-76.315,54.455],[-76.383,54.378],[-76.485,54.359],[-76.645,54.36],[-76.685,54.373],[-76.699,54.466],[-76.531,54.803],[-76.516,54.805]]]}},{"type":"Feature","properties":{"density":1},"geometry":{"type":"Polygon","coordinates":[[[-74.889,54.264],[-75.078,54.41],[-75.248,54.468],[-75.445,54.503],[-75.942,54.655],[-76.637,54.915],[-77.006,54.969],[-77.149,55.024],[-77.248,54.982],[-77.348,54.869],[-77.474,54.759],[-77.64,54.568],[-77.809,54.447],[-77.983,54.267],[-78.072,54.052],[-78.064,53.973],[-77.957,53.854],[-77.593,53.628],[-77.13,53.49],[-76.89,53.452],[-76.725,53.453],[-76.507,53.471],[-76.309,53.519],[-76.028,53.622],[-75.416,53.729],[-74.998,53.833],[-74.788,54.051],[-74.8,54.122],[-74.837,54.189],[-74.889,54.264]]]}},{"type":"Feature","properties":{"density":1},"geometry":{"type":"Polygon","coordinates":[[[-71.216,55.197],[-71.107,55.199],[-71.006,55.171],[-70.719,54.997],[-70.634,54.928],[-70.351,54.634],[-70.328,54.545],[-70.344,54.472],[-70.395,54.433],[-70.447,54.419],[-70.619,54.428],[-70.689,54.449],[-70.81,54.523],[-70.907,54.631],[-71.161,55.02],[-71.245,55.096],[-71.251,55.148],[-71.222,55.19],[-71.216,55.197]]]}},{"type":"Feature","properties":{"density":1},"geometry":{"type":"Polygon","coordinates":[[[-78.424,53.546],[-78.752,53.573],[-78.822,53.537],[-78.839,53.515],[-78.838,53.475],[-78.827,53.451],[-78.721,53.406],[-78.548,53.383],[-78.318,53.439],[-78.308,53.474],[-78.327,53.506],[-78.374,53.539],[-78.419,53.545],[-78.424,53.546]]]}},{"type":"Feature","properties":{"density":1},"geometry":{"type":"Polygon","coordinates":[[[-72.801,54.325],[-72.638,54.393],[-72.576,54.385],[-72.416,54.321],[-72.251,54.215],[-72.129,54.162],[-71.954,54.119],[-71.659,53.97],[-71.559,53.939],[-71.437,53.843],[-71.421,53.809],[-71.436,53.75],[-71.496,53.716],[-71.615,53.709],[-72.13,53.809],[-72.334,53.839],[-72.396,53.833],[-72.507,53.806],[-72.551,53.778],[-72.573,53.719],[-72.448,53.646],[-72.399,53.594],[-72.404,53.552],[-72.443,53.514],[-72.542,53.475],[-72.737,53.486],[-72.818,53.514],[-72.904,53.556],[-73.012,53.698],[-73.069,53.873],[-73.05,53.959],[-72.975,54.121],[-72.816,54.302],[-72.801,54.325]]]}},{"type":"Feature","properties":{"density":1},"geometry":{"type":"Polygon","coordinates":[[[-78.341,51.602],[-78.34,51.666],[-78.29,51.672],[-78.256,51.652],[-78.248,51.63],[-78.267,51.601],[-78.318,51.586],[-78.339,51.599],[-78.341,51.602]]]}},{"type":"Feature","properties":{"density":1},"geometry":{"type":"Polygon","coordinates":[[[-97.119,54.458],[-97.176,54.475],[-97.234,54.525],[-97.269,54.586],[-97.257,54.647],[-97.224,54.657],[-97.179,54.624],[-97.1,54.502],[-97.093,54.464],[-97.112,54.456],[-97.119,54.458]]]}},{"type":"Feature","properties":{"density":1},"geometry":{"type":"Polygon","coordinates":[[[-98.973,58.872],[-99.189,59.012],[-99.208,59.032],[-99.206,59.077],[-99.118,59.124],[-99.032,59.125],[-98.997,59.107],[-98.936,58.999],[-98.922,58.94],[-98.93,58.882],[-98.964,58.871],[-98.973,58.872]]]}},{"type":"Feature","properties":{"density":1},"geometry":{"type":"Polygon","coordinates":[[[-98.971,59.236],[-99.105,59.291],[-99.19,59.345],[-99.283,59.464],[-99.288,59.503],[-99.273,59.537],[-99.202,59.56],[-99.086,59.5],[-98.93,59.301],[-98.921,59.243],[-98.948,59.231],[-98.971,59.236]]]}},{"type":"Feature","properties":{"density":1},"geometry":{"type":"Polygon","coordinates":[[[-99.244,59.712],[-99.349,59.779],[-99.545,59.955],[-99.583,60.006],[-99.6,60.11],[-99.58,60.157],[-99.537,60.2],[-99.488,60.214],[-99.382,60.212],[-99.288,60.153],[-99.222,60.074],[-99.182,59.967],[-99.183,59.903],[-99.191,59.726],[-99.232,59.709],[-99.244,59.712]]]}},{"type":"Feature","properties":{"density":1},"geometry":{"type":"Polygon","coordinates":[[[-99.656,58.796],[-99.831,58.992],[-99.838,59.046],[-99.742,59.057],[-99.684,59.016],[-99.634,58.928],[-99.609,58.84],[-99.609,58.797],[-99.644,58.791],[-99.656,58.796]]]}},{"type":"Feature","properties":{"density":1},"geometry":{"type":"Polygon","coordinates":[[[-100.029,58.327],[-100.145,58.528],[-100.132,58.581],[-100.101,58.592],[-100.07,58.588],[-100.034,58.548],[-99.973,58.445],[-99.963,58.331],[-99.986,58.318],[-100.023,58.324],[-100.029,58.327]]]}},{"type":"Feature","properties":{"density":1},"geometry":{"type":"Polygon","coordinates":[[[-100.017,59.406],[-100.088,59.467],[-100.117,59.529],[-100.125,59.576],[-100.101,59.628],[-100.043,59.619],[-99.991,59.559],[-99.953,59.414],[-100.008,59.403],[-100.017,59.406]]]}},{"type":"Feature","properties":{"density":1},"geometry":{"type":"Polygon","coordinates":[[[-100.006,58.951],[-100.184,59.119],[-100.217,59.209],[-100.2,59.272],[-100.126,59.274],[-100.088,59.258],[-100.002,59.153],[-99.968,59.081],[-99.948,58.976],[-99.958,58.959],[-100.0,58.951],[-100.006,58.951]]]}},{"type":"Feature","properties":{"density":1},"geometry":{"type":"Polygon","coordinates":[[[-100.082,59.332],[-100.14,59.4],[-100.145,59.436],[-100.117,59.439],[-100.068,59.395],[-100.056,59.348],[-100.077,59.332],[-100.082,59.332]]]}},{"type":"Feature","properties":{"density":1},"geometry":{"type":"Polygon","coordinates":[[[-102.095,55.222],[-102.325,55.438],[-102.655,55.712],[-102.814,55.903],[-102.884,56.009],[-102.908,56.092],[-102.92,56.239],[-102.898,56.294],[-102.843,56.323],[-102.774,56.332],[-102.698,56.305],[-102.581,56.235],[-102.369,56.035],[-102.117,55.713],[-101.944,55.426],[-101.914,55.3],[-101.942,55.216],[-102.013,55.204],[-102.086,55.219],[-102.095,55.222]]]}},{"type":"Feature","properties":{"density":1},"geometry":{"type":"Polygon","coordinates":[[[-99.833,58.407],[-99.88,58.512],[-99.863,58.528],[-99.813,58.51],[-99.793,58.463],[-99.794,58.409],[-99.815,58.395],[-99.829,58.405],[-99.833,58.407]]]}},{"type":"Feature","properties":{"density":1},"geometry":{"type":"Polygon","coordinates":[[[-102.705,55.976],[-102.77,56.043],[-102.869,56.225],[-102.891,56.285],[-102.885,56.343],[-102.848,56.346],[-102.799,56.323],[-102.697,56.174],[-102.642,55.987],[-102.662,55.962],[-102.7,55.975],[-102.705,55.976]]]}},{"type":"Feature","properties":{"density":1},"geometry":{"type":"Polygon","coordinates":[[[-103.056,56.318],[-103.128,56.353],[-103.33,56.558],[-103.382,56.656],[-103.39,56.701],[-103.379,56.75],[-103.352,56.778],[-103.303,56.789],[-103.23,56.777],[-103.126,56.694],[-103.008,56.358],[-103.012,56.325],[-103.043,56.318],[-103.056,56.318]]]}},{"type":"Feature","properties":{"density":1},"geometry":{"type":"Polygon","coordinates":[[[-78.111,26.684],[-78.307,26.9],[-78.362,27.029],[-78.362,27.069],[-78.344,27.083],[-78.302,27.08],[-78.234,27.029],[-78.069,26.739],[-78.059,26.684],[-78.099,26.677],[-78.111,26.684]]]}},{"type":"Feature","properties":{"density":1},"geometry":{"type":"Polygon","coordinates":[[[-102.054,58.808],[-102.148,58.92],[-102.178,58.995],[-102.183,59.102],[-102.165,59.133],[-102.128,59.146],[-102.084,59.135],[-102.047,59.1],[-101.983,58.995],[-101.978,58.835],[-101.991,58.807],[-102.049,58.806],[-102.054,58.808]]]}},{"type":"Feature","properties":{"density":1},"geometry":{"type":"Polygon","coordinates":[[[-103.905,61.284],[-103.971,61.314],[-104.034,61.404],[-104.111,61.65],[-104.123,61.726],[-104.107,61.813],[-104.077,61.872],[-104.036,61.906],[-103.918,61.905],[-103.86,61.862],[-103.815,61.82],[-103.784,61.761],[-103.76,61.657],[-103.762,61.562],[-103.806,61.423],[-103.814,61.324],[-103.849,61.288],[-103.898,61.282],[-103.905,61.284]]]}},{"type":"Feature","properties":{"density":1},"geometry":{"type":"Polygon","coordinates":[[[-102.261,58.174],[-102.408,58.365],[-102.47,58.515],[-102.493,58.707],[-102.466,58.799],[-102.381,58.793],[-102.338,58.743],[-102.195,58.214],[-102.205,58.163],[-102.25,58.173],[-102.261,58.174]]]}},{"type":"Feature","properties":{"density":1},"geometry":{"type":"Polygon","coordinates":[[[-101.981,58.094],[-102.12,58.206],[-102.185,58.279],[-102.363,58.565],[-102.407,58.663],[-102.407,58.712],[-102.383,58.759],[-102.342,58.793],[-102.291,58.804],[-102.226,58.795],[-102.117,58.732],[-101.976,58.565],[-101.847,58.326],[-101.839,58.205],[-101.867,58.117],[-101.914,58.083],[-101.97,58.087],[-101.981,58.094]]]}},{"type":"Feature","properties":{"density":1},"geometry":{"type":"Polygon","coordinates":[[[-102.696,59.281],[-102.748,59.395],[-102.746,59.465],[-102.696,59.544],[-102.634,59.579],[-102.615,59.537],[-102.612,59.419],[-102.646,59.28],[-102.689,59.275],[-102.696,59.281]]]}},{"type":"Feature","properties":{"density":1},"geometry":{"type":"Polygon","coordinates":[[[-102.993,59.421],[-102.994,59.534],[-102.919,59.712],[-102.828,59.835],[-102.781,59.843],[-102.766,59.825],[-102.762,59.721],[-102.84,59.434],[-102.863,59.395],[-102.914,59.378],[-102.968,59.379],[-102.99,59.405],[-102.993,59.421]]]}},{"type":"Feature","properties":{"density":1},"geometry":{"type":"Polygon","coordinates":[[[-104.466,58.542],[-104.527,58.635],[-104.554,58.712],[-104.561,58.797],[-104.555,58.875],[-104.499,59.046],[-104.439,59.161],[-104.341,59.271],[-104.26,59.301],[-104.169,59.29],[-104.142,59.26],[-104.129,59.107],[-104.277,58.686],[-104.29,58.588],[-104.316,58.538],[-104.35,58.521],[-104.453,58.529],[-104.466,58.542]]]}},{"type":"Feature","properties":{"density":1},"geometry":{"type":"Polygon","coordinates":[[[-106.055,56.849],[-106.165,56.916],[-106.223,56.974],[-106.302,57.095],[-106.38,57.305],[-106.374,57.416],[-106.326,57.416],[-106.189,57.267],[-106.011,56.943],[-106.013,56.887],[-106.038,56.849],[-106.055,56.849]]]}},{"type":"Feature","properties":{"density":1},"geometry":{"type":"Polygon","coordinates":[[[-106.734,58.398],[-106.806,58.535],[-106.807,58.652],[-106.772,58.755],[-106.685,58.89],[-106.602,58.945],[-106.549,58.9],[-106.546,58.855],[-106.6,58.434],[-106.636,58.389],[-106.725,58.388],[-106.734,58.398]]]}},{"type":"Feature","properties":{"density":1},"geometry":{"type":"Polygon","coordinates":[[[-101.018,58.68],[-101.069,58.725],[-101.138,58.842],[-101.167,58.938],[-101.155,59.054],[-101.137,59.089],[-101.09,59.111],[-101.019,59.106],[-100.906,59.047],[-100.865,58.964],[-100.864,58.867],[-100.887,58.764],[-100.948,58.69],[-101.011,58.678],[-101.018,58.68]]]}},{"type":"Feature","properties":{"density":1},"geometry":{"type":"Polygon","coordinates":[[[-99.091,55.605],[-99.219,55.694],[-99.435,55.806],[-99.554,55.9],[-99.646,55.94],[-99.917,55.967],[-100.197,56.031],[-100.267,56.141],[-100.263,56.245],[-100.195,56.351],[-100.114,56.408],[-99.953,56.46],[-99.795,56.486],[-99.495,56.443],[-99.19,56.364],[-99.031,56.304],[-98.918,56.241],[-98.836,56.154],[-98.775,56.113],[-98.633,56.037],[-98.597,55.996],[-98.591,55.927],[-98.625,55.751],[-98.683,55.625],[-98.701,55.46],[-98.721,55.413],[-98.769,55.416],[-99.08,55.59],[-99.091,55.605]]]}},{"type":"Feature","properties":{"density":1},"geometry":{"type":"Polygon","coordinates":[[[-71.6,18.198],[-72.057,18.097],[-72.3,18.08],[-72.544,18.127],[-72.788,18.196],[-73.352,18.409],[-73.462,18.48],[-73.936,18.921],[-74.362,19.504],[-74.457,19.707],[-74.49,20.05],[-74.494,20.579],[-74.432,20.777],[-74.346,20.945],[-74.232,21.062],[-74.094,21.127],[-73.923,21.141],[-73.762,21.075],[-73.62,20.965],[-73.572,20.772],[-73.543,20.463],[-73.474,20.25],[-73.406,20.171],[-73.115,19.953],[-72.964,19.811],[-72.862,19.632],[-72.726,19.443],[-72.686,19.354],[-72.618,19.114],[-72.262,18.778],[-72.181,18.723],[-71.995,18.505],[-71.83,18.394],[-71.577,18.272],[-71.568,18.24],[-71.59,18.201],[-71.6,18.198]]]}},{"type":"Feature","properties":{"density":1},"geometry":{"type":"Polygon","coordinates":[[[-112.556,38.311],[-112.491,38.63],[-112.467,38.662],[-112.391,38.709],[-112.044,38.839],[-111.928,38.84],[-111.825,38.821],[-111.751,38.758],[-111.758,38.698],[-111.8,38.652],[-112.027,38.472],[-112.465,38.276],[-112.526,38.269],[-112.555,38.307],[-112.556,38.311]]]}},{"type":"Feature","properties":{"density":1},"geometry":{"type":"Polygon","coordinates":[[[-114.259,37.35],[-114.338,37.928],[-114.334,38.042],[-114.314,38.112],[-114.244,38.243],[-114.194,38.277],[-114.085,38.325],[-113.974,38.313],[-113.92,38.293],[-113.882,38.247],[-113.856,38.136],[-114.062,37.644],[-114.14,37.39],[-114.204,37.342],[-114.255,37.343],[-114.259,37.35]]]}},{"type":"Feature","properties":{"density":1},"geometry":{"type":"Polygon","coordinates":[[[-114.839,59.473],[-114.93,59.688],[-114.917,59.771],[-114.77,59.882],[-114.668,59.895],[-114.583,59.873],[-114.561,59.851],[-114.552,59.779],[-114.647,59.597],[-114.688,59.439],[-114.701,59.42],[-114.736,59.416],[-114.83,59.459],[-114.839,59.473]]]}},{"type":"Feature","properties":{"density":1},"geometry":{"type":"Polygon","coordinates":[[[-113.671,58.952],[-113.755,59.252],[-113.944,59.465],[-114.001,59.623],[-113.997,59.7],[-113.962,59.785],[-113.795,59.856],[-113.725,59.848],[-113.607,59.77],[-113.512,59.592],[-113.484,59.476],[-113.475,59.378],[-113.531,59.137],[-113.601,58.961],[-113.64,58.932],[-113.664,58.944],[-113.671,58.952]]]}},{"type":"Feature","properties":{"density":1},"geometry":{"type":"Polygon","coordinates":[[[-122.181,61.84],[-122.633,62.036],[-122.857,62.11],[-123.127,62.163],[-123.267,62.169],[-123.343,62.142],[-123.352,62.053],[-123.324,61.91],[-123.054,61.641],[-122.916,61.612],[-122.833,61.612],[-122.526,61.703],[-122.161,61.761],[-122.142,61.79],[-122.174,61.836],[-122.181,61.84]]]}},{"type":"Feature","properties":{"density":1},"geometry":{"type":"Polygon","coordinates":[[[-123.0,61.438],[-123.097,61.398],[-123.182,61.324],[-123.214,61.272],[-123.306,61.031],[-123.29,60.961],[-123.197,60.961],[-123.14,61.004],[-123.106,61.057],[-123.024,61.293],[-122.972,61.391],[-122.972,61.422],[-122.99,61.437],[-123.0,61.438]]]}},{"type":"Feature","properties":{"density":1},"geometry":{"type":"Polygon","coordinates":[[[-125.602,67.608],[-125.349,67.757],[-124.925,67.862],[-124.368,67.832],[-123.84,67.829],[-123.259,67.733],[-122.714,67.745],[-122.073,67.803],[-120.329,68.03],[-119.535,68.014],[-118.274,67.811],[-117.22,67.679],[-116.807,67.592],[-115.769,67.162],[-114.992,66.798],[-114.728,66.716],[-114.219,66.269],[-113.785,65.567],[-113.535,65.373],[-113.298,65.12],[-113.119,65.004],[-112.72,64.946],[-112.295,64.957],[-111.719,64.88],[-111.471,64.922],[-111.276,64.918],[-111.074,64.835],[-110.813,64.616],[-110.764,64.537],[-110.76,64.426],[-110.801,64.322],[-110.921,64.203],[-110.954,64.136],[-110.946,64.046],[-110.888,63.971],[-110.768,63.934],[-110.408,63.905],[-110.024,63.851],[-109.338,63.855],[-108.97,63.876],[-108.42,63.988],[-107.701,64.062],[-107.18,64.165],[-106.663,64.232],[-106.539,64.223],[-106.461,64.165],[-106.461,64.029],[-106.556,63.909],[-106.771,63.806],[-107.102,63.69],[-107.717,63.578],[-108.817,63.43],[-110.288,63.322],[-111.276,63.297],[-111.632,63.273],[-112.231,63.273],[-112.744,63.301],[-113.546,63.459],[-114.174,63.624],[-114.616,63.707],[-115.84,64.091],[-116.563,64.368],[-116.877,64.508],[-117.105,64.67],[-117.712,65.253],[-117.898,65.517],[-118.055,65.695],[-118.543,66.17],[-119.064,66.302],[-120.279,66.484],[-120.581,66.575],[-121.242,66.617],[-121.862,66.517],[-122.156,66.517],[-123.193,66.455],[-124.045,66.431],[-124.807,66.339],[-125.377,66.334],[-125.87,66.417],[-126.168,66.574],[-126.223,66.769],[-126.186,66.934],[-126.046,67.22],[-125.856,67.44],[-125.602,67.608]]]}},{"type":"Feature","properties":{"density":1},"geometry":{"type":"Polygon","coordinates":[[[-111.86,34.989],[-111.822,35.11],[-111.717,35.243],[-111.598,35.331],[-111.549,35.349],[-111.489,35.344],[-111.478,35.287],[-111.505,35.246],[-111.616,35.151],[-111.745,34.969],[-111.784,34.935],[-111.818,34.934],[-111.86,34.971],[-111.86,34.989]]]}},{"type":"Feature","properties":{"density":1},"geometry":{"type":"Polygon","coordinates":[[[-124.056,63.022],[-124.238,63.08],[-124.265,63.102],[-124.276,63.14],[-124.258,63.178],[-124.213,63.212],[-124.164,63.213],[-124.057,63.178],[-124.0,63.101],[-124.002,63.075],[-124.042,63.025],[-124.056,63.022]]]}},{"type":"Feature","properties":{"density":1},"geometry":{"type":"Polygon","coordinates":[[[-113.357,60.188],[-113.478,60.234],[-113.588,60.305],[-113.624,60.368],[-113.604,60.395],[-113.561,60.403],[-113.477,60.382],[-113.42,60.347],[-113.317,60.246],[-113.308,60.206],[-113.346,60.186],[-113.357,60.188]]]}},{"type":"Feature","properties":{"density":1},"geometry":{"type":"Polygon","coordinates":[[[-99.712,55.334],[-99.829,55.408],[-99.878,55.477],[-99.866,55.516],[-99.842,55.518],[-99.791,55.487],[-99.737,55.433],[-99.688,55.366],[-99.689,55.336],[-99.703,55.333],[-99.712,55.334]]]}},{"type":"Feature","properties":{"density":1},"geometry":{"type":"Polygon","coordinates":[[[-100.073,54.466],[-100.164,54.485],[-100.3,54.544],[-100.377,54.606],[-100.384,54.631],[-100.371,54.652],[-100.335,54.657],[-100.12,54.568],[-100.056,54.522],[-100.046,54.491],[-100.063,54.468],[-100.073,54.466]]]}},{"type":"Feature","properties":{"density":1},"geometry":{"type":"Polygon","coordinates":[[[-100.813,54.346],[-101.015,54.469],[-101.059,54.533],[-101.05,54.586],[-100.973,54.567],[-100.869,54.484],[-100.789,54.395],[-100.778,54.367],[-100.803,54.342],[-100.813,54.346]]]}},{"type":"Feature","properties":{"density":1},"geometry":{"type":"Polygon","coordinates":[[[-88.945,53.553],[-89.026,53.619],[-89.042,53.67],[-89.024,53.7],[-88.957,53.683],[-88.93,53.652],[-88.914,53.582],[-88.938,53.553],[-88.945,53.553]]]}},{"type":"Feature","properties":{"density":1},"geometry":{"type":"Polygon","coordinates":[[[-66.148,52.417],[-66.137,52.476],[-66.097,52.525],[-65.873,52.548],[-65.233,52.517],[-65.169,52.504],[-65.104,52.464],[-65.08,52.414],[-65.143,52.332],[-65.242,52.247],[-65.41,52.187],[-65.476,52.201],[-65.586,52.263],[-66.039,52.37],[-66.113,52.375],[-66.137,52.383],[-66.147,52.41],[-66.148,52.417]]]}},{"type":"Feature","properties":{"density":1},"geometry":{"type":"Polygon","coordinates":[[[-74.71,53.345],[-75.746,53.323],[-76.545,53.342],[-77.524,53.325],[-78.306,53.336],[-78.598,53.265],[-78.926,53.138],[-79.078,53.111],[-79.205,53.157],[-79.326,53.262],[-79.458,53.425],[-79.53,53.568],[-79.49,54.229],[-79.586,54.453],[-79.726,54.729],[-80.003,54.949],[-80.173,55.151],[-80.235,55.507],[-80.177,55.837],[-79.767,56.143],[-79.362,56.42],[-79.003,56.532],[-78.61,56.573],[-78.317,56.577],[-77.969,56.528],[-76.87,56.234],[-75.673,55.838],[-75.462,55.731],[-74.934,55.42],[-74.739,55.282],[-74.651,55.187],[-74.361,55.001],[-74.267,54.921],[-74.218,54.83],[-74.19,54.577],[-74.218,54.48],[-74.231,54.301],[-74.328,53.882],[-74.402,53.673],[-74.49,53.505],[-74.562,53.419],[-74.669,53.361],[-74.71,53.345]]]}},{"type":"Feature","properties":{"density":1},"geometry":{"type":"Polygon","coordinates":[[[-72.754,54.365],[-72.701,54.389],[-72.568,54.392],[-72.445,54.34],[-71.658,53.906],[-71.114,53.656],[-70.725,53.423],[-70.708,53.395],[-70.714,53.338],[-70.76,53.276],[-71.106,53.07],[-71.319,52.968],[-71.553,52.926],[-71.675,52.942],[-71.799,52.994],[-71.899,53.122],[-72.073,53.188],[-72.319,53.183],[-72.436,53.121],[-72.614,53.072],[-72.718,53.114],[-72.854,53.235],[-72.954,53.383],[-73.056,53.557],[-73.091,53.693],[-73.048,53.877],[-72.848,54.069],[-72.811,54.179],[-72.823,54.264],[-72.757,54.363],[-72.754,54.365]]]}},{"type":"Feature","properties":{"density":1},"geometry":{"type":"Polygon","coordinates":[[[-66.159,52.405],[-66.159,52.442],[-66.109,52.525],[-66.033,52.563],[-65.892,52.589],[-65.32,52.645],[-64.833,52.62],[-64.513,52.502],[-64.341,52.381],[-64.136,52.27],[-64.042,52.188],[-64.022,52.102],[-64.021,51.987],[-64.042,51.94],[-64.082,51.906],[-64.189,51.859],[-64.527,51.836],[-64.613,51.851],[-64.963,52.039],[-65.093,52.09],[-65.525,52.16],[-65.895,52.296],[-66.122,52.358],[-66.157,52.395],[-66.159,52.405]]]}},{"type":"Feature","properties":{"density":1},"geometry":{"type":"Polygon","coordinates":[[[-78.956,50.967],[-78.916,50.988],[-78.866,50.975],[-78.778,50.86],[-78.684,50.771],[-78.621,50.652],[-78.634,50.588],[-78.691,50.567],[-78.76,50.573],[-78.888,50.619],[-78.944,50.663],[-78.985,50.756],[-78.99,50.826],[-78.985,50.918],[-78.963,50.958],[-78.956,50.967]]]}},{"type":"Feature","properties":{"density":1},"geometry":{"type":"Polygon","coordinates":[[[-78.323,51.574],[-78.655,51.591],[-78.721,51.627],[-78.775,51.695],[-78.763,51.72],[-78.715,51.741],[-78.598,51.747],[-78.326,51.705],[-78.205,51.67],[-78.188,51.639],[-78.206,51.605],[-78.31,51.573],[-78.323,51.574]]]}},{"type":"Feature","properties":{"density":1},"geometry":{"type":"Polygon","coordinates":[[[-71.207,55.214],[-71.09,55.225],[-70.947,55.194],[-70.084,54.702],[-69.862,54.525],[-69.623,54.288],[-69.6,54.157],[-69.682,54.102],[-69.885,54.017],[-69.972,54.011],[-70.114,54.053],[-70.292,54.13],[-70.527,54.328],[-70.912,54.601],[-70.99,54.676],[-71.248,54.986],[-71.278,55.055],[-71.285,55.131],[-71.273,55.16],[-71.216,55.209],[-71.207,55.214]]]}},{"type":"Feature","properties":{"density":1},"geometry":{"type":"Polygon","coordinates":[[[-69.147,53.144],[-68.987,53.154],[-68.57,53.096],[-68.415,53.054],[-68.308,52.994],[-68.281,52.895],[-68.297,52.813],[-68.316,52.771],[-68.363,52.74],[-68.431,52.743],[-68.574,52.787],[-68.938,52.98],[-69.164,53.076],[-69.184,53.117],[-69.155,53.143],[-69.147,53.144]]]}},{"type":"Feature","properties":{"density":1},"geometry":{"type":"Polygon","coordinates":[[[-88.955,53.552],[-89.109,53.631],[-89.146,53.68],[-89.187,53.789],[-89.153,53.837],[-89.091,53.848],[-89.024,53.831],[-88.947,53.771],[-88.906,53.601],[-88.916,53.556],[-88.948,53.552],[-88.955,53.552]]]}},{"type":"Feature","properties":{"density":1},"geometry":{"type":"Polygon","coordinates":[[[-99.658,58.814],[-99.742,58.955],[-99.77,59.064],[-99.771,59.184],[-99.741,59.218],[-99.694,59.226],[-99.653,59.211],[-99.623,59.177],[-99.583,59.036],[-99.586,58.882],[-99.604,58.802],[-99.631,58.793],[-99.651,58.807],[-99.658,58.814]]]}},{"type":"Feature","properties":{"density":1},"geometry":{"type":"Polygon","coordinates":[[[-98.962,58.87],[-99.097,59.018],[-99.151,59.165],[-99.144,59.255],[-99.122,59.279],[-99.073,59.294],[-98.887,59.295],[-98.735,59.266],[-98.653,59.227],[-98.609,59.134],[-98.653,59.045],[-98.854,58.922],[-98.914,58.869],[-98.957,58.866],[-98.962,58.87]]]}},{"type":"Feature","properties":{"density":1},"geometry":{"type":"Polygon","coordinates":[[[-102.056,58.796],[-102.181,58.975],[-102.226,59.123],[-102.231,59.234],[-102.193,59.289],[-102.159,59.296],[-102.069,59.249],[-101.943,59.11],[-101.922,59.055],[-101.936,58.842],[-101.966,58.797],[-102.052,58.793],[-102.056,58.796]]]}},{"type":"Feature","properties":{"density":1},"geometry":{"type":"Polygon","coordinates":[[[-104.418,58.548],[-104.503,58.635],[-104.55,58.815],[-104.587,59.015],[-104.591,59.226],[-104.548,59.326],[-104.51,59.366],[-104.442,59.415],[-104.407,59.419],[-104.357,59.415],[-104.299,59.375],[-104.258,59.286],[-104.241,58.655],[-104.252,58.594],[-104.288,58.549],[-104.403,58.547],[-104.418,58.548]]]}},{"type":"Feature","properties":{"density":1},"geometry":{"type":"Polygon","coordinates":[[[-100.002,58.958],[-100.076,59.035],[-100.143,59.16],[-100.164,59.245],[-100.142,59.298],[-100.081,59.295],[-100.017,59.24],[-99.994,59.197],[-99.95,58.991],[-99.966,58.96],[-99.991,58.955],[-100.002,58.958]]]}},{"type":"Feature","properties":{"density":1},"geometry":{"type":"Polygon","coordinates":[[[-98.971,59.239],[-99.216,59.546],[-99.235,59.595],[-99.226,59.637],[-99.196,59.655],[-99.066,59.632],[-98.916,59.556],[-98.888,59.464],[-98.895,59.261],[-98.913,59.238],[-98.965,59.232],[-98.971,59.239]]]}},{"type":"Feature","properties":{"density":1},"geometry":{"type":"Polygon","coordinates":[[[-71.592,18.282],[-71.745,18.3],[-72.069,18.455],[-72.532,18.845],[-73.015,19.212],[-73.358,19.348],[-73.858,19.502],[-74.289,19.677],[-74.607,19.67],[-74.802,19.505],[-75.064,19.061],[-75.129,18.838],[-75.048,18.618],[-74.682,18.195],[-74.552,18.085],[-74.301,17.983],[-74.147,17.889],[-73.86,17.762],[-73.604,17.713],[-72.923,17.682],[-72.181,17.795],[-71.66,18.154],[-71.583,18.192],[-71.561,18.235],[-71.582,18.276],[-71.592,18.282]]]}},{"type":"Feature","properties":{"density":1},"geometry":{"type":"Polygon","coordinates":[[[-103.804,58.735],[-103.876,58.785],[-103.951,58.875],[-103.969,58.936],[-103.951,58.973],[-103.875,58.967],[-103.813,58.902],[-103.74,58.761],[-103.753,58.734],[-103.795,58.731],[-103.804,58.735]]]}},{"type":"Feature","properties":{"density":1},"geometry":{"type":"Polygon","coordinates":[[[-112.533,38.392],[-112.163,38.939],[-112.025,39.11],[-111.889,39.23],[-111.699,39.329],[-111.508,39.351],[-111.457,39.336],[-111.237,39.239],[-110.912,39.149],[-110.724,39.019],[-110.714,38.868],[-110.745,38.822],[-110.825,38.759],[-111.09,38.696],[-111.234,38.637],[-111.695,38.51],[-111.863,38.413],[-112.318,38.198],[-112.398,38.183],[-112.461,38.201],[-112.471,38.214],[-112.447,38.284],[-112.498,38.259],[-112.534,38.261],[-112.562,38.326],[-112.54,38.383],[-112.533,38.392]]]}},{"type":"Feature","properties":{"density":1},"geometry":{"type":"Polygon","coordinates":[[[-114.341,38.083],[-114.301,38.219],[-114.237,38.341],[-114.156,38.449],[-114.097,38.489],[-114.013,38.502],[-113.981,38.489],[-113.97,38.399],[-114.047,38.269],[-114.229,38.08],[-114.284,38.048],[-114.338,38.07],[-114.341,38.083]]]}},{"type":"Feature","properties":{"density":1},"geometry":{"type":"Polygon","coordinates":[[[-114.264,37.358],[-114.305,37.525],[-114.307,37.613],[-114.158,38.165],[-114.033,38.524],[-113.965,38.628],[-113.804,38.77],[-113.673,38.805],[-113.618,38.783],[-113.541,38.663],[-113.528,38.584],[-113.523,38.371],[-113.593,38.149],[-113.626,38.088],[-114.02,37.593],[-114.104,37.391],[-114.135,37.356],[-114.248,37.336],[-114.264,37.358]]]}},{"type":"Feature","properties":{"density":1},"geometry":{"type":"Polygon","coordinates":[[[-111.851,35.003],[-111.804,35.141],[-111.721,35.261],[-111.631,35.317],[-111.473,35.366],[-111.422,35.363],[-111.374,35.318],[-111.373,35.275],[-111.396,35.232],[-111.523,35.13],[-111.621,35.008],[-111.693,34.95],[-111.729,34.933],[-111.802,34.937],[-111.849,34.972],[-111.851,34.997],[-111.851,35.003]]]}},{"type":"Feature","properties":{"density":1},"geometry":{"type":"Polygon","coordinates":[[[-119.034,65.613],[-119.104,65.667],[-119.405,65.806],[-119.686,65.986],[-119.772,66.129],[-119.771,66.265],[-119.657,66.387],[-119.552,66.447],[-119.297,66.475],[-119.19,66.466],[-119.038,66.354],[-118.942,66.157],[-118.905,65.856],[-118.911,65.703],[-118.964,65.626],[-119.017,65.611],[-119.034,65.613]]]}},{"type":"Feature","properties":{"density":1},"geometry":{"type":"Polygon","coordinates":[[[-113.685,58.962],[-113.745,59.066],[-113.961,59.193],[-114.053,59.279],[-114.127,59.388],[-114.182,59.612],[-114.154,59.685],[-114.119,59.719],[-114.066,59.728],[-113.996,59.707],[-113.73,59.521],[-113.576,59.21],[-113.57,59.078],[-113.598,58.974],[-113.643,58.938],[-113.677,58.947],[-113.685,58.962]]]}},{"type":"Feature","properties":{"density":1},"geometry":{"type":"Polygon","coordinates":[[[-122.94,67.552],[-122.338,67.819],[-121.421,67.999],[-120.385,68.147],[-118.754,68.11],[-116.2,67.596],[-115.735,67.416],[-114.786,66.901],[-114.383,66.542],[-114.036,66.163],[-113.478,65.643],[-113.199,65.271],[-112.145,64.607],[-111.643,64.39],[-111.326,64.278],[-111.054,64.235],[-110.675,64.111],[-110.179,64.012],[-109.132,64.03],[-108.679,64.167],[-108.288,64.223],[-107.681,64.247],[-107.501,64.235],[-107.296,64.198],[-107.228,64.099],[-107.247,63.937],[-107.377,63.782],[-108.109,63.559],[-109.812,63.313],[-111.867,63.316],[-112.96,63.403],[-113.472,63.419],[-113.989,63.469],[-114.803,63.581],[-115.415,63.762],[-116.193,64.113],[-116.534,64.423],[-116.739,64.665],[-117.074,64.999],[-117.427,65.272],[-117.792,65.601],[-118.178,65.736],[-118.561,65.708],[-118.923,65.624],[-119.085,65.561],[-119.743,65.504],[-120.053,65.573],[-121.442,66.261],[-121.95,66.397],[-122.793,66.49],[-123.339,66.484],[-123.667,66.639],[-123.81,66.744],[-123.847,66.986],[-123.785,67.166],[-123.618,67.321],[-123.432,67.414],[-123.091,67.507],[-122.94,67.552]]]}},{"type":"Feature","properties":{"density":1},"geometry":{"type":"Polygon","coordinates":[[[-122.262,61.742],[-122.63,61.809],[-122.897,61.885],[-123.044,61.909],[-123.502,62.073],[-123.71,62.212],[-123.752,62.304],[-123.761,62.385],[-123.745,62.434],[-123.605,62.556],[-123.477,62.563],[-123.3,62.524],[-123.015,62.409],[-122.75,62.338],[-122.463,62.227],[-122.213,61.993],[-122.143,61.874],[-122.125,61.79],[-122.163,61.763],[-122.244,61.747],[-122.262,61.742]]]}},{"type":"Feature","properties":{"density":1},"geometry":{"type":"Polygon","coordinates":[[[-117.025,60.011],[-117.135,60.069],[-117.344,60.237],[-117.417,60.361],[-117.413,60.403],[-117.382,60.438],[-117.318,60.476],[-117.276,60.481],[-117.173,60.461],[-117.134,60.437],[-117.003,60.295],[-116.939,60.202],[-116.924,60.088],[-116.95,60.017],[-117.016,60.006],[-117.025,60.011]]]}},{"type":"Feature","properties":{"density":1},"geometry":{"type":"Polygon","coordinates":[[[-151.91,67.458],[-151.962,67.462],[-152.027,67.497],[-152.095,67.55],[-152.135,67.612],[-152.148,67.714],[-152.128,67.801],[-152.062,67.85],[-151.99,67.865],[-151.923,67.824],[-151.827,67.71],[-151.777,67.597],[-151.757,67.545],[-151.781,67.464],[-151.812,67.446],[-151.896,67.452],[-151.91,67.458]]]}},{"type":"Feature","properties":{"density":1},"geometry":{"type":"Polygon","coordinates":[[[-151.517,67.437],[-151.597,67.353],[-151.692,67.302],[-151.779,67.282],[-151.905,67.314],[-152.029,67.429],[-152.132,67.497],[-152.147,67.474],[-152.137,67.406],[-152.067,67.263],[-152.05,67.106],[-152.022,67.056],[-151.984,67.036],[-151.907,67.03],[-151.647,67.058],[-151.201,67.241],[-151.14,67.279],[-151.097,67.34],[-151.096,67.4],[-151.136,67.521],[-151.216,67.56],[-151.299,67.543],[-151.472,67.462],[-151.517,67.437]]]}},{"type":"Feature","properties":{"density":1},"geometry":{"type":"Polygon","coordinates":[[[-150.454,66.904],[-150.546,66.899],[-150.824,66.93],[-150.956,66.928],[-151.164,66.895],[-151.355,66.807],[-151.447,66.72],[-151.434,66.62],[-151.365,66.602],[-151.289,66.612],[-151.102,66.734],[-151.017,66.767],[-150.896,66.779],[-150.678,66.734],[-150.486,66.718],[-150.371,66.735],[-150.332,66.785],[-150.339,66.841],[-150.388,66.887],[-150.448,66.902],[-150.454,66.904]]]}},{"type":"Feature","properties":{"density":1},"geometry":{"type":"Polygon","coordinates":[[[-152.045,66.504],[-151.925,66.482],[-151.897,66.45],[-151.902,66.434],[-151.938,66.417],[-152.02,66.415],[-152.078,66.463],[-152.054,66.501],[-152.045,66.504]]]}},{"type":"Feature","properties":{"density":1},"geometry":{"type":"Polygon","coordinates":[[[-159.705,65.373],[-159.681,65.373],[-159.651,65.347],[-159.663,65.257],[-159.708,65.199],[-159.772,65.186],[-159.789,65.204],[-159.798,65.266],[-159.76,65.337],[-159.715,65.372],[-159.705,65.373]]]}},{"type":"Feature","properties":{"density":1},"geometry":{"type":"Polygon","coordinates":[[[-151.945,67.612],[-151.902,67.608],[-151.831,67.569],[-151.799,67.519],[-151.829,67.453],[-151.892,67.383],[-151.856,67.278],[-151.816,67.235],[-151.634,67.246],[-151.274,67.389],[-151.211,67.381],[-151.175,67.33],[-151.175,67.282],[-151.355,67.041],[-151.427,66.988],[-151.582,66.91],[-151.692,66.884],[-151.838,66.871],[-151.909,66.889],[-152.1,67.079],[-152.171,67.205],[-152.201,67.329],[-152.169,67.469],[-152.055,67.56],[-151.968,67.6],[-151.945,67.612]]]}},{"type":"Feature","properties":{"density":1},"geometry":{"type":"Polygon","coordinates":[[[-150.535,66.861],[-150.604,66.875],[-150.996,66.863],[-151.083,66.851],[-151.138,66.817],[-151.156,66.781],[-151.118,66.733],[-151.007,66.722],[-150.766,66.721],[-150.378,66.756],[-150.376,66.789],[-150.391,66.807],[-150.524,66.855],[-150.535,66.861]]]}},{"type":"Feature","properties":{"density":1},"geometry":{"type":"Polygon","coordinates":[[[-159.721,65.36],[-159.775,65.344],[-159.788,65.282],[-159.759,65.224],[-159.717,65.191],[-159.673,65.218],[-159.657,65.315],[-159.678,65.352],[-159.712,65.36],[-159.721,65.36]]]}},{"type":"Feature","properties":{"density":1},"geometry":{"type":"Polygon","coordinates":[[[-69.188,53.182],[-69.065,53.221],[-68.834,53.223],[-68.243,53.157],[-67.849,53.07],[-67.582,52.981],[-67.483,52.926],[-67.427,52.869],[-67.36,52.74],[-67.318,52.645],[-67.298,52.551],[-67.264,52.192],[-67.265,52.125],[-67.304,52.012],[-67.4,51.963],[-67.585,51.963],[-68.06,52.071],[-68.603,52.446],[-68.987,52.621],[-69.2,52.771],[-69.248,52.821],[-69.274,52.936],[-69.241,53.1],[-69.205,53.168],[-69.188,53.182]]]}},{"type":"Feature","properties":{"density":1},"geometry":{"type":"Polygon","coordinates":[[[-66.155,52.453],[-66.048,52.596],[-65.943,52.689],[-65.804,52.745],[-65.728,52.75],[-65.57,52.71],[-65.398,52.688],[-65.193,52.617],[-65.119,52.617],[-64.869,52.667],[-64.572,52.674],[-64.405,52.615],[-64.261,52.536],[-64.212,52.476],[-64.178,52.372],[-64.185,52.32],[-64.221,52.273],[-64.291,52.237],[-64.718,52.14],[-64.934,52.062],[-65.35,51.996],[-65.535,51.994],[-65.623,52.003],[-65.816,52.08],[-66.057,52.208],[-66.133,52.298],[-66.154,52.431],[-66.155,52.453]]]}},{"type":"Feature","properties":{"density":1},"geometry":{"type":"Polygon","coordinates":[[[-87.037,42.213],[-87.25,42.304],[-87.759,42.661],[-88.108,42.942],[-88.996,43.488],[-89.437,43.686],[-91.039,44.627],[-91.597,45.072],[-92.007,45.596],[-92.246,46.086],[-92.429,46.644],[-92.543,47.452],[-92.565,48.011],[-92.497,48.569],[-92.053,49.56],[-91.506,50.106],[-90.902,50.448],[-89.137,52.077],[-88.909,52.51],[-88.556,53.33],[-88.271,53.877],[-87.986,54.503],[-87.702,55.027],[-87.337,55.38],[-86.312,55.961],[-85.048,56.941],[-84.398,57.271],[-83.692,57.67],[-82.621,58.501],[-81.292,59.147],[-80.746,59.147],[-79.629,59.078],[-78.468,58.896],[-77.108,58.198],[-76.615,57.886],[-76.068,57.4],[-74.724,56.398],[-74.276,56.094],[-73.478,55.806],[-72.648,55.646],[-71.843,55.631],[-70.393,55.251],[-69.983,55.084],[-68.411,54.186],[-68.229,54.024],[-67.864,53.634],[-67.657,53.553],[-67.079,53.462],[-66.71,53.462],[-66.442,53.507],[-66.146,53.657],[-65.951,53.708],[-65.718,53.738],[-65.178,53.735],[-64.938,53.647],[-64.675,53.519],[-64.211,53.195],[-63.914,52.901],[-63.883,52.834],[-63.853,52.702],[-63.602,52.385],[-63.537,52.25],[-63.497,52.122],[-63.456,51.865],[-63.517,51.777],[-63.625,51.717],[-63.77,51.666],[-64.0,51.619],[-64.179,51.615],[-64.405,51.626],[-64.941,51.703],[-65.404,51.727],[-65.89,51.865],[-66.47,51.963],[-66.636,51.956],[-67.027,51.862],[-67.449,51.872],[-67.881,51.929],[-68.944,51.978],[-69.921,52.049],[-70.534,52.064],[-71.678,52.054],[-72.498,52.12],[-73.409,52.252],[-74.493,52.558],[-75.525,52.634],[-76.184,52.629],[-76.923,52.588],[-77.981,52.497],[-78.279,52.411],[-78.527,52.3],[-78.644,51.991],[-77.874,51.105],[-77.783,50.928],[-77.545,50.649],[-77.459,50.391],[-77.454,49.627],[-77.52,49.303],[-77.635,48.357],[-77.863,48.038],[-78.239,47.708],[-78.888,47.275],[-79.902,47.025],[-81.349,46.466],[-82.533,46.056],[-83.676,45.293],[-84.314,44.822],[-84.701,44.428],[-85.225,43.812],[-85.742,43.114],[-85.992,42.833],[-86.364,42.339],[-86.577,42.241],[-86.782,42.18],[-86.919,42.21],[-87.037,42.213]]]}},{"type":"Feature","properties":{"density":1},"geometry":{"type":"Polygon","coordinates":[[[-71.595,18.179],[-71.82,18.022],[-72.147,17.836],[-72.758,17.571],[-73.078,17.391],[-73.587,17.198],[-74.007,17.084],[-74.09,17.089],[-74.418,17.24],[-75.005,17.691],[-75.398,18.153],[-75.514,18.356],[-75.58,18.6],[-75.584,18.852],[-75.477,19.365],[-75.402,19.489],[-75.299,19.588],[-75.175,19.642],[-74.869,19.679],[-74.683,19.617],[-74.241,19.402],[-73.96,19.286],[-73.592,19.05],[-73.144,18.672],[-73.053,18.622],[-72.839,18.537],[-72.483,18.437],[-72.085,18.356],[-71.59,18.284],[-71.566,18.274],[-71.556,18.239],[-71.591,18.178],[-71.595,18.179]]]}},{"type":"Feature","properties":{"density":1},"geometry":{"type":"Polygon","coordinates":[[[-78.13,26.679],[-78.251,26.779],[-78.48,27.026],[-78.65,27.359],[-78.727,27.734],[-78.76,28.037],[-78.749,28.106],[-78.702,28.153],[-78.633,28.18],[-78.564,28.175],[-78.473,28.131],[-78.399,28.034],[-78.336,27.684],[-78.334,27.387],[-78.315,27.245],[-78.277,27.148],[-78.064,26.772],[-78.059,26.675],[-78.121,26.674],[-78.13,26.679]]]}},{"type":"Feature","properties":{"density":1},"geometry":{"type":"Polygon","coordinates":[[[-88.965,53.544],[-89.07,53.589],[-89.16,53.65],[-89.188,53.682],[-89.223,53.78],[-89.225,53.817],[-89.159,53.91],[-89.052,53.963],[-88.974,53.97],[-88.909,53.938],[-88.897,53.911],[-88.891,53.613],[-88.915,53.543],[-88.953,53.541],[-88.965,53.544]]]}},{"type":"Feature","properties":{"density":1},"geometry":{"type":"Polygon","coordinates":[[[-106.124,56.865],[-106.419,57.07],[-106.541,57.195],[-106.606,57.317],[-106.683,57.525],[-106.771,57.797],[-106.791,57.921],[-106.743,58.317],[-106.708,58.382],[-106.653,58.435],[-106.579,58.457],[-106.486,58.459],[-106.447,58.444],[-106.401,58.394],[-106.369,58.157],[-106.259,57.738],[-106.212,57.583],[-106.086,57.286],[-105.992,56.944],[-105.999,56.873],[-106.063,56.86],[-106.124,56.865]]]}},{"type":"Feature","properties":{"density":1},"geometry":{"type":"Polygon","coordinates":[[[-129.614,66.311],[-128.117,66.664],[-126.992,66.878],[-125.215,67.017],[-123.988,67.036],[-122.5,67.668],[-121.681,67.92],[-119.137,68.273],[-118.598,68.44],[-116.868,68.729],[-115.947,68.933],[-114.413,68.836],[-113.855,68.817],[-113.232,68.585],[-109.423,68.603],[-107.944,68.757],[-106.828,68.896],[-103.299,69.147],[-101.974,69.161],[-96.114,68.743],[-94.803,68.561],[-94.343,68.324],[-94.119,67.682],[-94.175,67.203],[-94.296,66.859],[-93.575,66.162],[-91.008,65.283],[-89.962,64.669],[-89.948,64.153],[-90.311,63.762],[-90.66,63.511],[-91.431,63.121],[-92.269,62.539],[-92.785,62.149],[-93.984,61.367],[-94.752,60.475],[-94.891,60.098],[-94.445,59.391],[-93.598,58.666],[-92.957,58.173],[-92.427,57.615],[-91.58,57.14],[-91.283,56.945],[-91.087,56.713],[-90.901,56.341],[-90.873,55.95],[-90.994,55.429],[-91.422,54.741],[-91.673,54.387],[-92.362,53.815],[-92.641,53.536],[-93.45,53.397],[-94.287,53.341],[-95.054,53.439],[-95.947,53.62],[-97.593,53.997],[-99.239,54.178],[-100.509,54.248],[-101.681,54.346],[-104.666,54.262],[-105.405,54.569],[-105.963,54.973],[-106.759,55.88],[-108.237,56.829],[-109.465,57.164],[-110.209,57.257],[-110.832,57.294],[-111.418,57.229],[-112.032,57.21],[-114.297,57.066],[-115.427,56.94],[-116.787,56.982],[-118.503,57.296],[-120.281,57.84],[-121.851,58.656],[-123.63,60.228],[-125.276,61.065],[-126.601,61.818],[-127.438,62.614],[-128.164,63.158],[-128.736,63.855],[-129.015,64.385],[-129.81,65.599],[-129.824,65.948],[-129.768,66.143],[-129.614,66.311]]]}},{"type":"Feature","properties":{"density":1},"geometry":{"type":"Polygon","coordinates":[[[-87.429,34.012],[-86.574,34.44],[-85.364,34.849],[-84.546,35.175],[-83.123,35.667],[-82.202,36.012],[-81.384,36.793],[-81.077,37.007],[-80.593,37.202],[-79.57,37.295],[-78.77,37.249],[-76.324,37.383],[-73.897,37.383],[-71.958,37.146],[-71.386,36.825],[-71.093,36.337],[-70.873,35.468],[-70.696,35.003],[-70.65,34.342],[-70.668,33.682],[-70.947,32.817],[-71.606,31.46],[-73.42,30.595],[-74.773,29.884],[-75.903,29.214],[-76.81,28.572],[-77.717,27.505],[-78.21,26.422],[-78.745,24.85],[-79.508,24.218],[-81.2,23.529],[-82.23,23.244],[-83.129,23.195],[-84.102,22.978],[-84.976,22.875],[-86.294,22.869],[-87.324,22.807],[-88.182,22.562],[-89.075,22.116],[-89.531,21.753],[-89.745,21.493],[-89.968,21.27],[-90.284,20.86],[-90.805,19.967],[-91.093,19.428],[-91.635,17.696],[-91.272,16.807],[-90.919,16.5],[-90.621,15.719],[-90.519,15.208],[-90.482,14.696],[-90.575,14.203],[-90.789,13.729],[-91.021,13.45],[-91.179,12.71],[-91.645,12.257],[-92.928,12.251],[-93.777,12.443],[-94.664,12.388],[-95.296,12.084],[-96.121,11.898],[-96.952,11.681],[-97.919,11.203],[-98.564,10.949],[-99.664,10.809],[-100.616,10.912],[-101.85,11.296],[-102.544,12.073],[-103.326,12.566],[-103.809,12.966],[-104.219,13.55],[-104.591,14.04],[-105.037,14.536],[-105.384,14.958],[-105.992,15.522],[-106.389,15.919],[-106.562,16.024],[-106.717,16.154],[-106.928,16.297],[-107.213,16.39],[-107.43,16.526],[-107.511,16.818],[-107.796,17.159],[-108.339,17.596],[-108.664,18.07],[-109.098,18.355],[-109.601,18.721],[-110.032,19.429],[-110.863,19.597],[-111.563,19.839],[-112.17,19.649],[-113.286,19.132],[-114.731,18.871],[-116.374,19.382],[-117.577,20.154],[-117.757,21.363],[-117.109,22.578],[-116.704,23.527],[-115.198,26.08],[-114.919,26.736],[-114.012,27.838],[-113.185,28.507],[-112.379,29.276],[-111.498,29.772],[-110.457,29.809],[-109.508,29.481],[-108.101,27.906],[-106.985,27.614],[-106.408,28.011],[-105.819,28.762],[-105.106,29.326],[-103.977,29.921],[-102.517,30.609],[-100.732,31.074],[-96.785,32.29],[-95.767,32.541],[-94.706,32.946],[-93.548,33.309],[-92.53,33.49],[-91.051,33.783],[-89.447,34.02],[-88.47,34.02],[-87.647,34.048],[-87.429,34.012]]]}},{"type":"Feature","properties":{"density":1},"geometry":{"type":"Polygon","coordinates":[[[-109.782,37.758],[-109.766,37.799],[-109.721,37.845],[-109.634,37.876],[-109.598,37.865],[-109.609,37.843],[-109.757,37.752],[-109.782,37.757],[-109.782,37.758]]]}},{"type":"Feature","properties":{"density":1},"geometry":{"type":"Polygon","coordinates":[[[-112.444,39.863],[-112.437,40.039],[-112.372,40.242],[-112.317,40.339],[-112.275,40.392],[-112.108,40.502],[-111.97,40.665],[-111.896,40.722],[-111.837,40.747],[-111.794,40.744],[-111.764,40.72],[-111.743,40.661],[-111.744,40.563],[-111.78,40.356],[-111.827,40.244],[-111.916,40.154],[-112.101,40.011],[-112.237,39.841],[-112.339,39.805],[-112.417,39.822],[-112.435,39.842],[-112.444,39.863]]]}},{"type":"Feature","properties":{"density":1},"geometry":{"type":"Polygon","coordinates":[[[-112.604,38.218],[-112.639,38.248],[-112.664,38.308],[-112.654,38.471],[-112.608,38.596],[-112.438,38.849],[-112.33,38.97],[-112.005,39.249],[-111.887,39.39],[-111.808,39.515],[-111.606,39.706],[-111.066,40.29],[-110.895,40.422],[-110.443,40.7],[-110.201,40.797],[-109.944,40.838],[-109.65,40.791],[-109.38,40.714],[-108.793,40.485],[-108.638,40.337],[-108.605,40.259],[-108.589,40.155],[-108.597,40.036],[-108.748,39.711],[-108.939,39.471],[-109.06,39.356],[-109.192,39.262],[-109.371,39.168],[-109.757,39.03],[-110.553,38.967],[-111.482,38.708],[-111.94,38.435],[-112.15,38.257],[-112.297,38.172],[-112.365,38.145],[-112.474,38.142],[-112.596,38.204],[-112.604,38.218]]]}},{"type":"Feature","properties":{"density":1},"geometry":{"type":"Polygon","coordinates":[[[-111.878,35.011],[-111.823,35.181],[-111.647,35.47],[-111.451,35.73],[-111.308,35.876],[-111.193,36.049],[-111.066,36.166],[-110.986,36.198],[-110.808,36.215],[-110.748,36.185],[-110.724,36.136],[-110.727,35.93],[-110.624,35.636],[-110.615,35.557],[-110.619,35.478],[-110.645,35.41],[-110.722,35.293],[-110.838,35.247],[-111.264,35.166],[-111.577,35.081],[-111.666,35.032],[-111.745,34.945],[-111.801,34.913],[-111.827,34.915],[-111.869,34.952],[-111.879,34.995],[-111.878,35.011]]]}},{"type":"Feature","properties":{"density":1},"geometry":{"type":"Polygon","coordinates":[[[-120.006,45.935],[-119.956,45.999],[-119.796,46.098],[-119.45,46.276],[-119.238,46.414],[-118.922,46.542],[-118.71,46.615],[-118.496,46.626],[-118.435,46.587],[-118.404,46.515],[-118.402,46.439],[-118.479,46.3],[-118.557,46.239],[-118.808,46.118],[-118.945,46.07],[-119.195,46.027],[-119.372,45.97],[-119.671,45.909],[-119.931,45.874],[-120.007,45.886],[-120.012,45.928],[-120.006,45.935]]]}},{"type":"Feature","properties":{"density":1},"geometry":{"type":"Polygon","coordinates":[[[-114.244,37.357],[-114.296,37.415],[-114.328,37.499],[-114.313,37.657],[-114.246,37.91],[-114.195,37.997],[-114.187,38.055],[-114.141,38.114],[-114.024,38.23],[-113.954,38.267],[-113.886,38.226],[-113.856,38.171],[-113.845,37.982],[-113.878,37.85],[-114.012,37.636],[-114.105,37.408],[-114.159,37.359],[-114.216,37.343],[-114.244,37.356],[-114.244,37.357]]]}},{"type":"Feature","properties":{"density":1},"geometry":{"type":"Polygon","coordinates":[[[-114.384,38.092],[-114.366,38.212],[-114.262,38.42],[-114.063,38.625],[-114.02,38.657],[-113.887,38.706],[-113.761,38.717],[-113.734,38.703],[-113.729,38.622],[-113.775,38.539],[-113.93,38.393],[-114.18,38.201],[-114.264,38.059],[-114.327,38.027],[-114.381,38.081],[-114.384,38.092]]]}},{"type":"Feature","properties":{"density":2},"geometry":{"type":"Polygon","coordinates":[[[-71.214,55.141],[-71.2,55.169],[-71.173,55.174],[-71.115,55.147],[-70.983,55.017],[-70.908,54.935],[-70.889,54.88],[-70.889,54.847],[-70.906,54.827],[-70.919,54.822],[-71.173,55.084],[-71.214,55.141]]]}},{"type":"Feature","properties":{"density":2},"geometry":{"type":"Polygon","coordinates":[[[-74.998,53.948],[-75.016,54.036],[-75.097,54.058],[-75.259,54.038],[-75.308,53.988],[-75.303,53.953],[-75.281,53.946],[-75.084,53.975],[-75.042,53.957],[-75.022,53.927],[-75.001,53.931],[-74.998,53.948]]]}},{"type":"Feature","properties":{"density":2},"geometry":{"type":"Polygon","coordinates":[[[-111.823,34.971],[-111.809,35.084],[-111.721,35.283],[-111.671,35.31],[-111.655,35.285],[-111.726,35.15],[-111.784,34.985],[-111.795,34.968],[-111.812,34.971],[-111.823,34.971]]]}},{"type":"Feature","properties":{"density":2},"geometry":{"type":"Polygon","coordinates":[[[-114.19,37.382],[-114.205,37.429],[-114.187,37.47],[-114.174,37.446],[-114.181,37.387],[-114.19,37.382]]]}},{"type":"Feature","properties":{"density":2},"geometry":{"type":"Polygon","coordinates":[[[-122.319,67.129],[-120.143,67.645],[-119.208,67.59],[-117.883,67.464],[-117.311,67.352],[-116.641,67.171],[-116.027,66.92],[-115.478,66.613],[-115.088,66.446],[-115.004,66.325],[-115.013,66.269],[-115.264,66.25],[-115.525,66.26],[-115.571,66.129],[-115.395,65.962],[-115.144,65.822],[-114.641,65.497],[-114.297,65.302],[-114.279,65.181],[-114.427,64.92],[-114.706,64.771],[-114.651,64.585],[-113.869,64.381],[-111.898,63.962],[-111.368,63.804],[-111.144,63.721],[-111.107,63.665],[-111.237,63.618],[-112.028,63.572],[-113.014,63.693],[-114.074,63.916],[-115.646,64.362],[-116.455,64.706],[-116.725,64.911],[-116.901,65.153],[-117.301,65.562],[-117.766,65.906],[-118.222,66.362],[-118.557,66.548],[-119.264,66.734],[-119.738,66.687],[-120.082,66.687],[-120.203,66.743],[-120.547,66.845],[-121.133,66.827],[-121.682,66.734],[-122.807,66.687],[-123.105,66.697],[-123.198,66.799],[-123.207,66.948],[-122.751,67.022],[-122.319,67.129]]]}},{"type":"Feature","properties":{"density":2},"geometry":{"type":"Polygon","coordinates":[[[-103.304,56.569],[-103.602,56.773],[-103.927,56.903],[-104.188,56.913],[-104.383,57.006],[-104.513,57.173],[-104.439,57.266],[-104.216,57.424],[-104.03,57.461],[-103.816,57.378],[-103.583,57.164],[-103.323,57.024],[-103.109,56.959],[-102.718,56.968],[-102.718,57.061],[-102.821,57.192],[-103.193,57.396],[-103.211,57.508],[-103.137,57.694],[-102.904,57.824],[-102.644,57.88],[-102.486,57.889],[-102.151,57.852],[-101.807,57.852],[-101.286,57.954],[-101.035,58.029],[-101.072,58.131],[-101.342,58.224],[-101.519,58.317],[-101.5,58.391],[-101.137,58.419],[-100.635,58.382],[-100.272,58.336],[-99.751,58.168],[-99.519,58.131],[-98.942,58.15],[-97.863,57.982],[-97.315,57.805],[-97.203,57.666],[-97.157,57.378],[-97.175,57.192],[-97.305,57.071],[-97.65,56.941],[-98.012,56.866],[-98.356,56.755],[-98.803,56.513],[-98.97,56.522],[-99.091,56.569],[-99.045,56.671],[-98.886,56.773],[-98.896,56.941],[-99.193,57.201],[-99.686,57.378],[-99.9,57.313],[-100.133,57.433],[-100.272,57.619],[-100.254,57.805],[-100.375,57.88],[-100.626,57.908],[-100.877,57.898],[-101.1,57.787],[-101.212,57.619],[-101.23,57.461],[-101.295,57.173],[-101.593,57.043],[-101.602,56.82],[-101.825,56.662],[-102.039,56.541],[-102.244,56.522],[-102.383,56.615],[-102.476,56.736],[-102.607,56.782],[-102.802,56.764],[-102.811,56.634],[-103.211,56.569],[-103.304,56.569]]]}},{"type":"Feature","properties":{"density":2},"geometry":{"type":"Polygon","coordinates":[[[-102.551,59.201],[-101.63,58.866],[-100.951,58.866],[-100.626,58.903],[-100.486,59.005],[-100.393,59.256],[-100.254,59.526],[-100.226,59.824],[-100.254,60.279],[-100.421,60.558],[-100.57,60.633],[-100.877,60.651],[-101.193,60.568],[-101.444,60.41],[-101.742,59.963],[-101.881,59.786],[-102.104,59.61],[-102.272,59.545],[-102.532,59.414],[-102.709,59.396],[-102.709,59.294],[-102.662,59.275],[-102.551,59.201]]]}},{"type":"Feature","properties":{"density":2},"geometry":{"type":"Polygon","coordinates":[[[-71.846,18.21],[-71.565,18.215],[-71.52,18.223],[-71.509,18.243],[-71.775,18.306],[-71.984,18.3],[-72.184,18.336],[-72.217,18.316],[-72.142,18.262],[-72.006,18.211],[-71.884,18.207],[-71.846,18.21]]]}},{"type":"Feature","properties":{"density":2},"geometry":{"type":"Polygon","coordinates":[[[-77.157,54.953],[-77.214,54.889],[-77.299,54.743],[-77.321,54.665],[-77.294,54.637],[-77.21,54.647],[-77.121,54.692],[-77.101,54.72],[-77.077,54.784],[-77.077,54.856],[-77.093,54.913],[-77.149,54.952],[-77.157,54.953]]]}},{"type":"Feature","properties":{"density":2},"geometry":{"type":"Polygon","coordinates":[[[-76.512,54.776],[-76.472,54.788],[-76.412,54.764],[-76.386,54.695],[-76.38,54.57],[-76.391,54.53],[-76.434,54.485],[-76.563,54.448],[-76.605,54.485],[-76.612,54.559],[-76.518,54.77],[-76.512,54.776]]]}},{"type":"Feature","properties":{"density":2},"geometry":{"type":"Polygon","coordinates":[[[-75.127,54.087],[-75.594,54.031],[-75.655,53.996],[-75.683,53.923],[-75.528,53.794],[-75.463,53.767],[-75.134,53.814],[-75.028,53.868],[-74.975,53.939],[-74.985,54.02],[-75.012,54.066],[-75.102,54.091],[-75.127,54.087]]]}},{"type":"Feature","properties":{"density":2},"geometry":{"type":"Polygon","coordinates":[[[-75.784,53.926],[-75.896,53.936],[-76.028,53.92],[-76.138,53.894],[-76.151,53.875],[-76.134,53.855],[-76.066,53.836],[-75.942,53.832],[-75.75,53.874],[-75.743,53.893],[-75.778,53.92],[-75.784,53.926]]]}},{"type":"Feature","properties":{"density":2},"geometry":{"type":"Polygon","coordinates":[[[-71.189,55.186],[-71.111,55.183],[-71.006,55.141],[-70.833,55.047],[-70.715,54.956],[-70.515,54.741],[-70.491,54.678],[-70.498,54.632],[-70.548,54.615],[-70.63,54.625],[-70.726,54.656],[-70.805,54.71],[-71.211,55.077],[-71.227,55.156],[-71.198,55.186],[-71.189,55.186]]]}},{"type":"Feature","properties":{"density":2},"geometry":{"type":"Polygon","coordinates":[[[-72.719,54.349],[-72.6,54.369],[-72.508,54.333],[-72.333,54.215],[-72.291,54.166],[-72.321,54.146],[-72.462,54.164],[-72.475,54.136],[-72.333,54.106],[-71.753,53.878],[-71.721,53.85],[-71.719,53.819],[-71.779,53.776],[-71.983,53.806],[-72.188,53.904],[-72.433,53.984],[-72.644,54.119],[-72.741,54.204],[-72.782,54.263],[-72.786,54.297],[-72.723,54.346],[-72.719,54.349]]]}},{"type":"Feature","properties":{"density":2},"geometry":{"type":"Polygon","coordinates":[[[-78.469,53.54],[-78.61,53.535],[-78.636,53.444],[-78.608,53.424],[-78.539,53.421],[-78.464,53.446],[-78.396,53.504],[-78.428,53.535],[-78.465,53.541],[-78.469,53.54]]]}},{"type":"Feature","properties":{"density":2},"geometry":{"type":"Polygon","coordinates":[[[-72.931,53.869],[-72.866,53.908],[-72.821,53.901],[-72.787,53.815],[-72.772,53.648],[-72.808,53.636],[-72.875,53.66],[-72.956,53.735],[-73.015,53.853],[-72.986,53.879],[-72.938,53.868],[-72.931,53.869]]]}},{"type":"Feature","properties":{"density":2},"geometry":{"type":"Polygon","coordinates":[[[-99.248,59.731],[-99.342,59.817],[-99.375,59.879],[-99.368,59.988],[-99.329,60.021],[-99.293,60.029],[-99.264,60.025],[-99.222,59.973],[-99.234,59.853],[-99.213,59.748],[-99.218,59.728],[-99.242,59.729],[-99.248,59.731]]]}},{"type":"Feature","properties":{"density":2},"geometry":{"type":"Polygon","coordinates":[[[-100.01,58.331],[-100.043,58.413],[-100.022,58.469],[-99.991,58.441],[-99.98,58.373],[-99.981,58.338],[-100.007,58.328],[-100.01,58.331]]]}},{"type":"Feature","properties":{"density":2},"geometry":{"type":"Polygon","coordinates":[[[-100.026,59.422],[-100.074,59.468],[-100.099,59.531],[-100.097,59.583],[-100.036,59.569],[-100.0,59.507],[-99.983,59.432],[-99.995,59.417],[-100.022,59.421],[-100.026,59.422]]]}},{"type":"Feature","properties":{"density":2},"geometry":{"type":"Polygon","coordinates":[[[-102.112,55.266],[-102.212,55.404],[-102.402,55.609],[-102.467,55.721],[-102.647,55.908],[-102.682,56.036],[-102.659,56.13],[-102.597,56.146],[-102.46,56.081],[-102.128,55.696],[-102.059,55.596],[-101.943,55.344],[-101.942,55.274],[-101.964,55.234],[-102.008,55.221],[-102.066,55.228],[-102.109,55.262],[-102.112,55.266]]]}},{"type":"Feature","properties":{"density":2},"geometry":{"type":"Polygon","coordinates":[[[-99.073,55.623],[-99.301,55.815],[-99.312,55.856],[-99.297,55.924],[-99.199,56.003],[-99.14,55.995],[-99.094,55.937],[-99.067,55.871],[-99.051,55.768],[-99.013,55.661],[-99.035,55.628],[-99.069,55.621],[-99.073,55.623]]]}},{"type":"Feature","properties":{"density":2},"geometry":{"type":"Polygon","coordinates":[[[-98.767,55.438],[-98.839,55.5],[-98.843,55.524],[-98.806,55.529],[-98.75,55.482],[-98.726,55.438],[-98.762,55.437],[-98.767,55.438]]]}},{"type":"Feature","properties":{"density":2},"geometry":{"type":"Polygon","coordinates":[[[-101.478,58.749],[-101.54,58.787],[-101.613,58.862],[-101.686,59.022],[-101.709,59.144],[-101.694,59.177],[-101.665,59.191],[-101.467,59.145],[-101.355,59.084],[-101.341,59.062],[-101.329,59.006],[-101.393,58.774],[-101.423,58.747],[-101.472,58.743],[-101.478,58.749]]]}},{"type":"Feature","properties":{"density":2},"geometry":{"type":"Polygon","coordinates":[[[-101.008,58.693],[-101.057,58.742],[-101.121,58.848],[-101.14,58.963],[-101.099,59.026],[-100.957,59.06],[-100.901,59.028],[-100.887,58.815],[-100.93,58.74],[-100.982,58.686],[-101.002,58.687],[-101.008,58.693]]]}},{"type":"Feature","properties":{"density":2},"geometry":{"type":"Polygon","coordinates":[[[-102.044,58.813],[-102.124,58.906],[-102.136,58.932],[-102.124,58.976],[-102.071,58.971],[-102.044,58.929],[-102.002,58.819],[-102.02,58.804],[-102.043,58.811],[-102.044,58.813]]]}},{"type":"Feature","properties":{"density":2},"geometry":{"type":"Polygon","coordinates":[[[-102.939,59.427],[-102.937,59.513],[-102.914,59.594],[-102.831,59.79],[-102.804,59.798],[-102.785,59.786],[-102.786,59.722],[-102.849,59.485],[-102.89,59.41],[-102.931,59.419],[-102.939,59.427]]]}},{"type":"Feature","properties":{"density":2},"geometry":{"type":"Polygon","coordinates":[[[-104.478,58.617],[-104.524,58.779],[-104.502,58.897],[-104.367,59.164],[-104.293,59.227],[-104.229,59.219],[-104.182,59.165],[-104.186,59.11],[-104.3,58.69],[-104.309,58.593],[-104.341,58.56],[-104.391,58.54],[-104.449,58.574],[-104.478,58.617]]]}},{"type":"Feature","properties":{"density":2},"geometry":{"type":"Polygon","coordinates":[[[-103.9,61.302],[-103.951,61.348],[-103.978,61.408],[-103.996,61.473],[-103.998,61.597],[-103.974,61.692],[-103.95,61.719],[-103.853,61.743],[-103.828,61.733],[-103.798,61.687],[-103.826,61.325],[-103.849,61.296],[-103.898,61.299],[-103.9,61.302]]]}},{"type":"Feature","properties":{"density":2},"geometry":{"type":"Polygon","coordinates":[[[-101.972,58.109],[-102.072,58.231],[-102.103,58.303],[-102.12,58.488],[-102.09,58.518],[-102.015,58.512],[-101.882,58.333],[-101.867,58.279],[-101.873,58.146],[-101.918,58.101],[-101.964,58.102],[-101.972,58.109]]]}},{"type":"Feature","properties":{"density":2},"geometry":{"type":"Polygon","coordinates":[[[-103.284,56.57],[-103.35,56.568],[-103.864,56.864],[-104.186,57.068],[-104.341,57.213],[-104.525,57.418],[-104.58,57.514],[-104.605,57.58],[-104.593,57.722],[-104.556,57.775],[-104.414,57.857],[-104.289,57.868],[-104.13,57.786],[-103.99,57.665],[-103.828,57.584],[-103.7,57.545],[-103.59,57.551],[-103.443,57.623],[-103.365,57.713],[-103.332,57.775],[-103.268,57.833],[-103.168,58.107],[-103.113,58.161],[-103.031,58.205],[-102.642,58.268],[-102.433,58.266],[-102.258,58.223],[-101.969,58.207],[-101.73,58.173],[-101.547,58.124],[-101.488,58.082],[-101.418,57.942],[-101.249,57.699],[-101.021,57.451],[-100.924,57.36],[-100.841,57.31],[-100.707,57.182],[-100.698,57.036],[-100.762,56.744],[-100.828,56.645],[-100.895,56.621],[-100.953,56.629],[-101.227,56.735],[-101.44,56.774],[-101.795,56.731],[-102.065,56.64],[-102.19,56.651],[-102.542,56.603],[-102.945,56.616],[-103.249,56.58],[-103.284,56.57]]]}},{"type":"Feature","properties":{"density":2},"geometry":{"type":"Polygon","coordinates":[[[-101.205,58.608],[-100.388,58.528],[-100.186,58.543],[-100.107,58.515],[-99.979,58.312],[-99.856,58.18],[-99.485,58.019],[-99.169,57.906],[-99.049,57.839],[-98.977,57.748],[-98.965,57.673],[-98.992,57.53],[-99.09,57.407],[-99.281,57.385],[-99.483,57.418],[-99.712,57.497],[-100.219,57.771],[-100.399,57.853],[-100.734,57.932],[-100.879,57.945],[-101.121,57.929],[-101.322,57.965],[-101.47,58.072],[-101.513,58.142],[-101.564,58.312],[-101.544,58.441],[-101.496,58.504],[-101.347,58.59],[-101.254,58.606],[-101.205,58.608]]]}},{"type":"Feature","properties":{"density":2},"geometry":{"type":"Polygon","coordinates":[[[-106.725,58.416],[-106.778,58.546],[-106.781,58.649],[-106.766,58.705],[-106.716,58.783],[-106.641,58.793],[-106.62,58.759],[-106.612,58.687],[-106.634,58.432],[-106.65,58.403],[-106.72,58.409],[-106.725,58.416]]]}},{"type":"Feature","properties":{"density":2},"geometry":{"type":"Polygon","coordinates":[[[-71.602,18.258],[-72.061,18.336],[-72.205,18.331],[-72.496,18.394],[-72.65,18.396],[-72.674,18.36],[-72.612,18.302],[-72.414,18.243],[-72.188,18.206],[-71.616,18.211],[-71.581,18.224],[-71.598,18.257],[-71.602,18.258]]]}},{"type":"Feature","properties":{"density":2},"geometry":{"type":"Polygon","coordinates":[[[-112.332,38.393],[-112.274,38.48],[-112.166,38.561],[-111.935,38.675],[-111.883,38.676],[-111.9,38.628],[-112.052,38.49],[-112.219,38.417],[-112.299,38.356],[-112.327,38.355],[-112.334,38.385],[-112.332,38.393]]]}},{"type":"Feature","properties":{"density":2},"geometry":{"type":"Polygon","coordinates":[[[-114.207,37.391],[-114.221,37.604],[-114.2,37.731],[-114.174,37.789],[-114.12,37.821],[-114.102,37.815],[-114.094,37.771],[-114.136,37.63],[-114.165,37.397],[-114.176,37.375],[-114.204,37.383],[-114.207,37.391]]]}},{"type":"Feature","properties":{"density":2},"geometry":{"type":"Polygon","coordinates":[[[-114.823,59.476],[-114.894,59.647],[-114.9,59.737],[-114.885,59.769],[-114.823,59.817],[-114.742,59.848],[-114.642,59.834],[-114.627,59.814],[-114.625,59.762],[-114.675,59.649],[-114.706,59.438],[-114.75,59.433],[-114.82,59.471],[-114.823,59.476]]]}},{"type":"Feature","properties":{"density":2},"geometry":{"type":"Polygon","coordinates":[[[-113.667,58.973],[-113.658,59.098],[-113.605,59.121],[-113.578,59.088],[-113.582,59.031],[-113.631,58.948],[-113.666,58.965],[-113.667,58.973]]]}},{"type":"Feature","properties":{"density":2},"geometry":{"type":"Polygon","coordinates":[[[-122.19,61.826],[-122.213,61.853],[-122.338,61.909],[-122.643,62.017],[-122.916,62.066],[-122.972,62.066],[-122.989,62.048],[-122.99,62.017],[-122.919,61.977],[-122.627,61.851],[-122.353,61.812],[-122.221,61.763],[-122.155,61.785],[-122.182,61.815],[-122.19,61.826]]]}},{"type":"Feature","properties":{"density":2},"geometry":{"type":"Polygon","coordinates":[[[-125.368,64.097],[-125.43,64.138],[-125.479,64.195],[-125.525,64.306],[-125.504,64.439],[-125.426,64.491],[-125.366,64.46],[-125.272,64.324],[-125.218,64.292],[-125.197,64.222],[-125.229,64.101],[-125.272,64.083],[-125.36,64.089],[-125.368,64.097]]]}},{"type":"Feature","properties":{"density":2},"geometry":{"type":"Polygon","coordinates":[[[-123.26,67.034],[-122.905,67.224],[-122.644,67.315],[-122.372,67.36],[-121.739,67.538],[-121.404,67.608],[-120.069,67.815],[-119.511,67.831],[-119.321,67.827],[-119.17,67.786],[-119.104,67.703],[-119.09,67.617],[-119.044,67.546],[-118.817,67.464],[-118.594,67.414],[-118.176,67.344],[-117.891,67.335],[-117.387,67.36],[-117.073,67.344],[-116.659,67.298],[-116.08,67.141],[-115.667,67.071],[-115.32,66.901],[-115.105,66.74],[-114.985,66.608],[-114.869,66.434],[-114.816,66.19],[-114.828,66.079],[-114.907,66.0],[-115.117,65.951],[-115.179,65.901],[-115.179,65.802],[-115.105,65.748],[-115.006,65.703],[-114.832,65.678],[-114.444,65.562],[-114.233,65.475],[-114.092,65.397],[-113.985,65.306],[-113.774,65.19],[-113.538,64.971],[-113.394,64.797],[-112.995,64.557],[-112.879,64.418],[-112.826,64.322],[-112.664,64.247],[-112.079,64.12],[-111.447,63.942],[-110.98,63.839],[-110.686,63.814],[-110.174,63.735],[-109.946,63.743],[-109.674,63.71],[-109.661,63.64],[-109.686,63.591],[-109.727,63.557],[-109.988,63.495],[-111.062,63.405],[-111.529,63.396],[-112.311,63.458],[-112.757,63.454],[-113.563,63.611],[-114.142,63.748],[-114.923,63.946],[-115.808,64.219],[-116.159,64.372],[-116.436,64.516],[-116.787,64.76],[-116.961,64.905],[-117.139,65.083],[-117.449,65.459],[-117.531,65.599],[-117.651,65.736],[-118.251,66.195],[-118.548,66.484],[-118.916,66.674],[-119.173,66.72],[-119.871,66.756],[-120.812,66.867],[-121.192,66.883],[-121.694,66.86],[-122.217,66.805],[-123.005,66.667],[-123.196,66.681],[-123.27,66.736],[-123.328,66.915],[-123.303,66.981],[-123.26,67.034]]]}},{"type":"Feature","properties":{"density":2},"geometry":{"type":"Polygon","coordinates":[[[-66.136,52.438],[-66.098,52.498],[-66.036,52.525],[-65.586,52.511],[-65.352,52.475],[-65.29,52.423],[-65.274,52.357],[-65.335,52.285],[-65.379,52.28],[-65.818,52.376],[-66.108,52.388],[-66.137,52.433],[-66.136,52.438]]]}},{"type":"Feature","properties":{"density":2},"geometry":{"type":"Polygon","coordinates":[[[-77.22,54.989],[-77.054,55.113],[-76.891,55.19],[-76.766,55.223],[-76.704,55.226],[-76.677,55.207],[-76.664,55.13],[-76.68,55.055],[-76.899,54.746],[-77.0,54.673],[-77.061,54.488],[-77.101,54.435],[-77.196,54.366],[-77.356,54.328],[-77.455,54.331],[-77.504,54.368],[-77.497,54.43],[-77.406,54.555],[-77.39,54.599],[-77.375,54.764],[-77.343,54.866],[-77.25,54.965],[-77.22,54.989]]]}},{"type":"Feature","properties":{"density":2},"geometry":{"type":"Polygon","coordinates":[[[-76.53,54.804],[-76.419,54.888],[-76.324,54.91],[-76.199,54.9],[-76.084,54.824],[-76.1,54.785],[-76.215,54.725],[-76.278,54.525],[-76.259,54.455],[-76.272,54.404],[-76.379,54.307],[-76.491,54.273],[-76.59,54.289],[-76.641,54.324],[-76.655,54.375],[-76.633,54.449],[-76.553,54.584],[-76.545,54.675],[-76.559,54.752],[-76.536,54.8],[-76.53,54.804]]]}},{"type":"Feature","properties":{"density":2},"geometry":{"type":"Polygon","coordinates":[[[-75.334,54.121],[-75.002,54.177],[-74.943,54.16],[-74.906,54.125],[-74.878,54.081],[-74.872,54.034],[-74.88,53.827],[-74.895,53.767],[-74.961,53.652],[-75.029,53.62],[-75.169,53.591],[-75.882,53.539],[-76.208,53.582],[-76.311,53.649],[-76.333,53.684],[-76.326,53.762],[-76.239,53.847],[-75.976,53.985],[-75.892,53.992],[-75.834,53.979],[-75.726,53.929],[-75.669,53.877],[-75.599,53.87],[-75.517,53.893],[-75.486,53.929],[-75.487,53.958],[-75.557,54.01],[-75.552,54.114],[-75.486,54.144],[-75.382,54.123],[-75.334,54.121]]]}},{"type":"Feature","properties":{"density":2},"geometry":{"type":"Polygon","coordinates":[[[-78.316,53.481],[-78.347,53.587],[-78.382,53.63],[-78.447,53.653],[-78.541,53.664],[-78.75,53.655],[-78.898,53.637],[-78.938,53.615],[-78.929,53.534],[-78.902,53.485],[-78.848,53.454],[-78.362,53.419],[-78.309,53.446],[-78.306,53.474],[-78.316,53.481]]]}},{"type":"Feature","properties":{"density":2},"geometry":{"type":"Polygon","coordinates":[[[-72.639,54.378],[-72.574,54.361],[-72.279,54.196],[-72.19,54.108],[-71.745,53.838],[-71.513,53.667],[-71.47,53.608],[-71.465,53.55],[-71.499,53.525],[-71.592,53.521],[-71.832,53.436],[-71.949,53.414],[-72.08,53.454],[-72.225,53.542],[-72.434,53.752],[-72.526,53.877],[-72.594,54.02],[-72.782,54.22],[-72.801,54.28],[-72.781,54.33],[-72.736,54.361],[-72.665,54.378],[-72.639,54.378]]]}},{"type":"Feature","properties":{"density":2},"geometry":{"type":"Polygon","coordinates":[[[-72.938,53.939],[-72.882,53.956],[-72.765,53.951],[-72.616,53.876],[-72.445,53.751],[-72.444,53.581],[-72.476,53.451],[-72.539,53.324],[-72.59,53.283],[-72.69,53.271],[-72.774,53.288],[-72.929,53.421],[-72.962,53.471],[-73.05,53.633],[-73.052,53.777],[-73.002,53.895],[-72.947,53.933],[-72.938,53.939]]]}},{"type":"Feature","properties":{"density":2},"geometry":{"type":"Polygon","coordinates":[[[-66.138,52.442],[-65.919,52.532],[-65.786,52.538],[-65.275,52.514],[-65.213,52.501],[-65.186,52.456],[-65.192,52.423],[-65.261,52.333],[-65.299,52.311],[-65.377,52.3],[-65.434,52.301],[-65.784,52.389],[-65.915,52.401],[-66.096,52.376],[-66.126,52.396],[-66.14,52.434],[-66.138,52.442]]]}},{"type":"Feature","properties":{"density":2},"geometry":{"type":"Polygon","coordinates":[[[-78.934,50.932],[-78.885,50.914],[-78.735,50.8],[-78.687,50.735],[-78.701,50.659],[-78.801,50.644],[-78.871,50.67],[-78.93,50.715],[-78.98,50.845],[-78.972,50.9],[-78.944,50.935],[-78.934,50.932]]]}},{"type":"Feature","properties":{"density":2},"geometry":{"type":"Polygon","coordinates":[[[-78.329,51.599],[-78.575,51.607],[-78.611,51.615],[-78.621,51.658],[-78.532,51.68],[-78.313,51.671],[-78.287,51.655],[-78.28,51.628],[-78.291,51.603],[-78.324,51.598],[-78.329,51.599]]]}},{"type":"Feature","properties":{"density":2},"geometry":{"type":"Polygon","coordinates":[[[-71.22,55.167],[-71.103,55.185],[-70.838,55.075],[-70.712,54.984],[-70.457,54.845],[-70.399,54.792],[-70.137,54.647],[-70.041,54.556],[-69.898,54.37],[-69.893,54.337],[-69.916,54.278],[-69.941,54.245],[-70.022,54.232],[-70.317,54.37],[-70.547,54.433],[-70.707,54.496],[-70.806,54.573],[-71.21,55.027],[-71.227,55.161],[-71.22,55.167]]]}},{"type":"Feature","properties":{"density":2},"geometry":{"type":"Polygon","coordinates":[[[-102.962,56.235],[-103.089,56.585],[-103.093,56.653],[-103.035,56.695],[-102.97,56.718],[-102.898,56.7],[-102.806,56.632],[-102.648,56.436],[-102.327,56.246],[-102.249,56.163],[-102.155,55.986],[-102.046,55.717],[-101.936,55.362],[-101.924,55.258],[-101.938,55.229],[-101.966,55.207],[-102.041,55.202],[-102.129,55.229],[-102.202,55.288],[-102.307,55.433],[-102.772,55.884],[-102.939,56.168],[-102.962,56.235]]]}},{"type":"Feature","properties":{"density":2},"geometry":{"type":"Polygon","coordinates":[[[-103.062,56.326],[-103.137,56.367],[-103.246,56.477],[-103.502,56.792],[-103.693,57.067],[-103.738,57.156],[-103.743,57.217],[-103.725,57.316],[-103.689,57.343],[-103.643,57.341],[-103.54,57.264],[-103.422,57.014],[-103.239,56.754],[-103.028,56.377],[-103.016,56.335],[-103.052,56.324],[-103.062,56.326]]]}},{"type":"Feature","properties":{"density":2},"geometry":{"type":"Polygon","coordinates":[[[-88.951,53.563],[-89.093,53.654],[-89.097,53.697],[-89.066,53.734],[-89.002,53.757],[-88.941,53.748],[-88.922,53.583],[-88.946,53.561],[-88.951,53.563]]]}},{"type":"Feature","properties":{"density":2},"geometry":{"type":"Polygon","coordinates":[[[-100.015,59.382],[-100.112,59.521],[-100.144,59.613],[-100.126,59.749],[-100.054,59.831],[-99.943,59.844],[-99.795,59.746],[-99.643,59.715],[-99.523,59.627],[-99.52,59.58],[-99.546,59.556],[-99.698,59.539],[-99.866,59.492],[-99.925,59.462],[-99.955,59.385],[-100.008,59.379],[-100.015,59.382]]]}},{"type":"Feature","properties":{"density":2},"geometry":{"type":"Polygon","coordinates":[[[-99.676,59.942],[-99.756,60.121],[-99.745,60.186],[-99.652,60.36],[-99.605,60.414],[-99.543,60.423],[-99.51,60.416],[-99.464,60.364],[-99.384,60.213],[-99.247,60.13],[-99.136,60.098],[-99.064,60.044],[-99.024,59.981],[-99.021,59.94],[-99.043,59.869],[-99.177,59.788],[-99.189,59.748],[-99.239,59.727],[-99.425,59.854],[-99.464,59.955],[-99.503,59.994],[-99.547,59.992],[-99.617,59.935],[-99.667,59.937],[-99.676,59.942]]]}},{"type":"Feature","properties":{"density":2},"geometry":{"type":"Polygon","coordinates":[[[-102.059,58.811],[-102.143,58.944],[-102.166,59.013],[-102.166,59.095],[-102.145,59.123],[-102.11,59.133],[-102.043,59.087],[-102.001,59.003],[-101.982,58.816],[-102.001,58.796],[-102.052,58.801],[-102.059,58.811]]]}},{"type":"Feature","properties":{"density":2},"geometry":{"type":"Polygon","coordinates":[[[-104.438,58.58],[-104.463,58.626],[-104.53,58.88],[-104.524,59.039],[-104.483,59.182],[-104.452,59.229],[-104.417,59.246],[-104.361,59.246],[-104.324,59.224],[-104.288,59.14],[-104.321,58.849],[-104.324,58.62],[-104.328,58.599],[-104.383,58.559],[-104.432,58.574],[-104.438,58.58]]]}},{"type":"Feature","properties":{"density":2},"geometry":{"type":"Polygon","coordinates":[[[-101.972,58.097],[-102.017,58.25],[-102.13,58.495],[-102.134,58.538],[-102.081,58.604],[-101.962,58.65],[-101.919,58.617],[-101.892,58.539],[-101.873,58.172],[-101.886,58.089],[-101.969,58.094],[-101.972,58.097]]]}},{"type":"Feature","properties":{"density":2},"geometry":{"type":"Polygon","coordinates":[[[-103.771,56.985],[-104.068,57.159],[-104.206,57.295],[-104.257,57.404],[-104.272,57.475],[-104.265,57.545],[-104.228,57.598],[-104.076,57.67],[-103.855,57.727],[-103.681,57.731],[-103.583,57.694],[-103.548,57.637],[-103.511,57.511],[-103.373,57.439],[-103.343,57.4],[-103.335,57.334],[-103.363,57.26],[-103.502,57.165],[-103.631,57.003],[-103.73,56.975],[-103.771,56.985]]]}},{"type":"Feature","properties":{"density":2},"geometry":{"type":"Polygon","coordinates":[[[-99.91,58.834],[-99.611,58.726],[-99.486,58.641],[-98.963,58.195],[-98.633,58.144],[-97.83,58.154],[-96.628,57.949],[-96.22,57.847],[-95.462,57.5],[-95.374,57.442],[-95.327,57.354],[-95.33,57.31],[-95.404,57.147],[-95.517,57.056],[-95.655,56.977],[-95.944,56.919],[-96.066,56.924],[-96.212,56.96],[-96.553,57.087],[-96.92,57.167],[-97.441,57.222],[-98.003,57.211],[-98.912,57.139],[-99.221,57.158],[-99.527,57.368],[-99.761,57.696],[-100.141,57.982],[-100.398,58.093],[-100.709,58.261],[-100.888,58.401],[-101.035,58.563],[-101.041,58.647],[-100.998,58.734],[-100.857,58.805],[-100.747,58.837],[-100.221,58.901],[-100.06,58.886],[-99.91,58.834]]]}},{"type":"Feature","properties":{"density":2},"geometry":{"type":"Polygon","coordinates":[[[-101.521,58.759],[-101.67,58.924],[-101.729,59.06],[-101.771,59.268],[-101.777,59.398],[-101.755,59.514],[-101.711,59.602],[-101.63,59.641],[-101.503,59.652],[-101.373,59.631],[-100.963,59.395],[-100.75,59.24],[-100.597,59.095],[-100.586,59.036],[-100.595,58.974],[-100.627,58.917],[-100.733,58.827],[-100.853,58.772],[-100.938,58.678],[-101.016,58.676],[-101.088,58.729],[-101.155,58.813],[-101.189,58.894],[-101.214,59.059],[-101.243,59.108],[-101.339,59.093],[-101.375,59.047],[-101.361,58.893],[-101.38,58.75],[-101.435,58.733],[-101.516,58.757],[-101.521,58.759]]]}},{"type":"Feature","properties":{"density":2},"geometry":{"type":"Polygon","coordinates":[[[-98.98,58.886],[-99.023,59.055],[-99.018,59.107],[-98.985,59.158],[-98.887,59.219],[-98.835,59.231],[-98.726,59.235],[-98.686,59.222],[-98.662,59.188],[-98.657,59.144],[-98.675,59.106],[-98.837,58.998],[-98.935,58.862],[-98.969,58.86],[-98.979,58.876],[-98.98,58.886]]]}},{"type":"Feature","properties":{"density":2},"geometry":{"type":"Polygon","coordinates":[[[-71.593,18.263],[-72.107,18.314],[-72.5,18.293],[-72.552,18.247],[-72.589,18.133],[-72.573,17.947],[-72.535,17.887],[-72.499,17.878],[-72.357,17.904],[-71.907,18.078],[-71.795,18.141],[-71.588,18.203],[-71.576,18.241],[-71.586,18.258],[-71.593,18.263]]]}},{"type":"Feature","properties":{"density":2},"geometry":{"type":"Polygon","coordinates":[[[-106.754,58.408],[-106.879,58.558],[-106.96,58.752],[-106.929,59.04],[-106.911,59.113],[-106.763,59.271],[-106.657,59.314],[-106.545,59.311],[-106.5,59.295],[-106.441,59.236],[-106.416,59.163],[-106.415,59.089],[-106.445,59.002],[-106.542,58.844],[-106.598,58.702],[-106.621,58.61],[-106.609,58.42],[-106.651,58.388],[-106.726,58.389],[-106.754,58.408]]]}},{"type":"Feature","properties":{"density":2},"geometry":{"type":"Polygon","coordinates":[[[-103.817,58.753],[-103.908,58.824],[-103.924,58.87],[-103.91,58.885],[-103.86,58.867],[-103.768,58.78],[-103.772,58.744],[-103.812,58.748],[-103.817,58.753]]]}},{"type":"Feature","properties":{"density":2},"geometry":{"type":"Polygon","coordinates":[[[-102.536,57.21],[-102.659,57.288],[-102.855,57.478],[-102.924,57.606],[-102.955,57.724],[-102.946,58.03],[-102.905,58.175],[-102.843,58.273],[-102.696,58.444],[-102.316,58.664],[-101.933,58.776],[-101.805,58.775],[-101.68,58.753],[-101.523,58.701],[-101.04,58.472],[-100.657,57.94],[-100.583,57.764],[-100.566,57.549],[-100.591,57.414],[-100.635,57.295],[-100.701,57.196],[-100.781,57.138],[-100.933,57.08],[-101.027,57.078],[-101.137,57.105],[-101.597,57.282],[-101.663,57.367],[-101.702,57.452],[-101.738,57.477],[-101.79,57.474],[-101.856,57.386],[-101.892,57.304],[-101.953,57.24],[-102.115,57.149],[-102.336,57.124],[-102.41,57.136],[-102.515,57.191],[-102.536,57.21]]]}},{"type":"Feature","properties":{"density":2},"geometry":{"type":"Polygon","coordinates":[[[-112.553,38.314],[-112.526,38.381],[-112.108,38.92],[-111.908,39.146],[-111.857,39.171],[-111.672,39.226],[-111.539,39.236],[-111.504,39.214],[-111.51,39.169],[-111.538,39.124],[-111.514,39.093],[-111.467,39.091],[-111.37,39.133],[-111.236,39.132],[-111.085,39.091],[-110.993,39.031],[-110.94,38.974],[-110.941,38.901],[-110.973,38.865],[-111.053,38.831],[-111.162,38.746],[-111.877,38.474],[-112.347,38.218],[-112.408,38.199],[-112.44,38.211],[-112.452,38.235],[-112.418,38.291],[-112.516,38.283],[-112.552,38.31],[-112.553,38.314]]]}},{"type":"Feature","properties":{"density":2},"geometry":{"type":"Polygon","coordinates":[[[-114.211,37.41],[-114.208,37.563],[-114.154,37.726],[-114.134,37.756],[-114.062,37.764],[-114.035,37.699],[-114.047,37.643],[-114.123,37.501],[-114.165,37.372],[-114.198,37.367],[-114.213,37.403],[-114.211,37.41]]]}},{"type":"Feature","properties":{"density":2},"geometry":{"type":"Polygon","coordinates":[[[-114.301,38.094],[-114.203,38.245],[-114.142,38.274],[-114.144,38.227],[-114.259,38.091],[-114.298,38.066],[-114.303,38.092],[-114.301,38.094]]]}},{"type":"Feature","properties":{"density":2},"geometry":{"type":"Polygon","coordinates":[[[-117.583,65.605],[-117.66,65.633],[-117.764,65.708],[-117.961,65.903],[-118.035,66.031],[-118.051,66.136],[-118.046,66.209],[-118.016,66.272],[-117.766,66.276],[-117.638,66.259],[-117.463,66.189],[-117.415,66.141],[-117.379,66.039],[-117.371,65.96],[-117.379,65.759],[-117.399,65.702],[-117.463,65.629],[-117.566,65.601],[-117.583,65.605]]]}},{"type":"Feature","properties":{"density":2},"geometry":{"type":"Polygon","coordinates":[[[-114.83,59.458],[-114.862,59.508],[-114.894,59.525],[-115.506,59.71],[-115.641,59.775],[-115.732,59.845],[-115.757,59.901],[-115.779,60.014],[-115.762,60.067],[-115.721,60.112],[-115.65,60.141],[-115.582,60.151],[-115.406,60.124],[-115.116,60.026],[-114.813,59.87],[-114.72,59.808],[-114.659,59.724],[-114.622,59.565],[-114.633,59.491],[-114.665,59.437],[-114.725,59.419],[-114.786,59.422],[-114.826,59.452],[-114.83,59.458]]]}},{"type":"Feature","properties":{"density":2},"geometry":{"type":"Polygon","coordinates":[[[-113.373,60.205],[-113.331,60.31],[-113.274,60.369],[-113.237,60.364],[-113.247,60.314],[-113.32,60.19],[-113.353,60.185],[-113.37,60.199],[-113.373,60.205]]]}},{"type":"Feature","properties":{"density":2},"geometry":{"type":"Polygon","coordinates":[[[-117.077,67.053],[-116.486,66.884],[-115.899,66.499],[-115.465,66.259],[-115.126,65.954],[-114.53,65.549],[-114.196,65.416],[-113.634,65.077],[-113.468,64.912],[-112.369,64.304],[-111.893,64.085],[-111.629,64.003],[-110.719,63.936],[-110.463,63.903],[-109.884,63.874],[-109.343,63.792],[-109.285,63.75],[-109.244,63.68],[-109.26,63.626],[-109.483,63.577],[-109.62,63.581],[-109.938,63.556],[-110.504,63.494],[-111.294,63.502],[-112.613,63.659],[-113.051,63.664],[-113.381,63.697],[-113.786,63.701],[-114.208,63.759],[-114.965,63.895],[-115.518,64.073],[-115.903,64.255],[-116.138,64.437],[-116.279,64.623],[-116.399,64.97],[-116.829,65.797],[-117.035,66.016],[-117.329,66.454],[-117.424,66.731],[-117.424,66.838],[-117.399,66.954],[-117.333,67.041],[-117.242,67.074],[-117.147,67.074],[-117.077,67.053]]]}},{"type":"Feature","properties":{"density":2},"geometry":{"type":"Polygon","coordinates":[[[-122.264,61.76],[-123.029,62.02],[-123.196,62.151],[-123.189,62.183],[-123.155,62.203],[-123.056,62.208],[-122.867,62.163],[-122.749,62.163],[-122.678,62.167],[-122.637,62.198],[-122.564,62.22],[-122.513,62.209],[-122.319,61.976],[-122.143,61.824],[-122.165,61.775],[-122.248,61.757],[-122.264,61.76]]]}},{"type":"Feature","properties":{"density":2},"geometry":{"type":"Polygon","coordinates":[[[-117.018,60.026],[-117.206,60.146],[-117.277,60.223],[-117.311,60.306],[-117.3,60.37],[-117.242,60.383],[-117.16,60.373],[-117.108,60.349],[-116.975,60.224],[-116.956,60.178],[-116.948,60.082],[-116.967,60.03],[-117.01,60.021],[-117.018,60.026]]]}},{"type":"Feature","properties":{"density":2},"geometry":{"type":"Polygon","coordinates":[[[-151.881,67.484],[-151.956,67.5],[-152.023,67.543],[-152.058,67.593],[-152.074,67.653],[-152.058,67.741],[-151.954,67.764],[-151.892,67.737],[-151.856,67.692],[-151.827,67.64],[-151.799,67.524],[-151.816,67.492],[-151.869,67.479],[-151.881,67.484]]]}},{"type":"Feature","properties":{"density":2},"geometry":{"type":"Polygon","coordinates":[[[-150.353,66.82],[-150.406,66.869],[-150.538,66.869],[-150.759,66.824],[-150.8,66.793],[-150.789,66.777],[-150.646,66.748],[-150.54,66.745],[-150.404,66.753],[-150.357,66.791],[-150.353,66.82]]]}},{"type":"Feature","properties":{"density":2},"geometry":{"type":"Polygon","coordinates":[[[-151.247,67.313],[-151.296,67.407],[-151.293,67.432],[-151.269,67.441],[-151.236,67.431],[-151.192,67.38],[-151.202,67.323],[-151.242,67.312],[-151.247,67.313]]]}},{"type":"Feature","properties":{"density":2},"geometry":{"type":"Polygon","coordinates":[[[-159.714,65.351],[-159.752,65.279],[-159.734,65.249],[-159.671,65.285],[-159.669,65.334],[-159.71,65.355],[-159.714,65.351]]]}},{"type":"Feature","properties":{"density":2},"geometry":{"type":"Polygon","coordinates":[[[-151.871,67.573],[-151.962,67.575],[-151.951,67.521],[-152.051,67.412],[-152.051,67.365],[-152.02,67.364],[-151.846,67.478],[-151.835,67.51],[-151.864,67.565],[-151.871,67.573]]]}},{"type":"Feature","properties":{"density":2},"geometry":{"type":"Polygon","coordinates":[[[-151.253,67.354],[-151.299,67.333],[-151.323,67.297],[-151.275,67.277],[-151.198,67.298],[-151.197,67.324],[-151.241,67.349],[-151.253,67.354]]]}},{"type":"Feature","properties":{"density":2},"geometry":{"type":"Polygon","coordinates":[[[-150.411,66.806],[-150.483,66.823],[-150.66,66.83],[-150.762,66.815],[-150.787,66.782],[-150.738,66.759],[-150.402,66.76],[-150.386,66.774],[-150.404,66.802],[-150.411,66.806]]]}},{"type":"Feature","properties":{"density":2},"geometry":{"type":"Polygon","coordinates":[[[-159.707,65.352],[-159.759,65.309],[-159.757,65.263],[-159.732,65.254],[-159.675,65.285],[-159.661,65.318],[-159.67,65.339],[-159.695,65.347],[-159.707,65.352]]]}},{"type":"Feature","properties":{"density":2},"geometry":{"type":"Polygon","coordinates":[[[-72.628,54.387],[-72.462,54.335],[-72.234,54.179],[-72.147,54.089],[-71.652,53.771],[-71.157,53.48],[-70.745,53.206],[-70.705,53.154],[-70.691,53.057],[-70.729,52.805],[-70.786,52.699],[-71.074,52.555],[-71.256,52.522],[-71.461,52.51],[-71.616,52.535],[-71.843,52.618],[-72.273,52.697],[-72.704,52.644],[-72.871,52.672],[-73.178,52.774],[-73.337,52.854],[-73.463,52.959],[-73.456,53.008],[-73.427,53.058],[-73.3,53.151],[-73.265,53.209],[-73.211,53.415],[-73.196,53.636],[-73.137,53.791],[-73.091,53.867],[-72.879,53.993],[-72.854,54.072],[-72.842,54.229],[-72.789,54.347],[-72.736,54.375],[-72.649,54.39],[-72.628,54.387]]]}},{"type":"Feature","properties":{"density":2},"geometry":{"type":"Polygon","coordinates":[[[-69.143,53.177],[-68.785,53.179],[-68.051,53.08],[-67.815,53.001],[-67.509,52.862],[-67.379,52.729],[-67.374,52.637],[-67.484,52.454],[-67.743,52.196],[-67.867,52.193],[-67.966,52.216],[-68.209,52.364],[-68.434,52.526],[-69.037,52.695],[-69.203,52.803],[-69.234,52.838],[-69.239,53.012],[-69.221,53.096],[-69.164,53.174],[-69.143,53.177]]]}},{"type":"Feature","properties":{"density":2},"geometry":{"type":"Polygon","coordinates":[[[-66.123,52.422],[-65.945,52.59],[-65.85,52.625],[-65.753,52.633],[-65.556,52.537],[-65.496,52.466],[-65.494,52.397],[-65.546,52.349],[-65.591,52.331],[-65.786,52.313],[-65.902,52.323],[-66.069,52.368],[-66.11,52.387],[-66.124,52.418],[-66.123,52.422]]]}},{"type":"Feature","properties":{"density":2},"geometry":{"type":"Polygon","coordinates":[[[-66.122,53.461],[-65.861,53.57],[-65.553,53.637],[-65.19,53.595],[-64.988,53.502],[-64.892,53.407],[-64.739,53.188],[-64.718,53.136],[-64.716,53.068],[-64.727,53.032],[-64.754,53.01],[-64.85,53.014],[-64.958,53.046],[-65.025,53.076],[-65.148,53.188],[-65.322,53.308],[-65.553,53.405],[-65.681,53.42],[-65.72,53.421],[-65.884,53.334],[-66.076,53.157],[-66.224,53.153],[-66.297,53.192],[-66.315,53.222],[-66.317,53.279],[-66.208,53.421],[-66.143,53.458],[-66.122,53.461]]]}},{"type":"Feature","properties":{"density":2},"geometry":{"type":"Polygon","coordinates":[[[-71.189,55.208],[-71.105,55.198],[-70.943,55.138],[-70.112,54.62],[-69.456,54.239],[-69.024,53.938],[-68.985,53.896],[-68.985,53.797],[-69.009,53.738],[-69.075,53.689],[-69.249,53.681],[-69.288,53.662],[-69.312,53.639],[-69.351,53.507],[-69.401,53.461],[-69.59,53.42],[-69.818,53.413],[-70.027,53.512],[-70.101,53.607],[-70.208,53.667],[-70.404,53.731],[-70.536,53.749],[-70.89,53.903],[-70.979,54.016],[-71.0,54.079],[-71.015,54.457],[-71.241,54.999],[-71.261,55.132],[-71.243,55.177],[-71.207,55.206],[-71.189,55.208]]]}},{"type":"Feature","properties":{"density":2},"geometry":{"type":"Polygon","coordinates":[[[-79.018,50.932],[-78.903,51.07],[-78.747,51.184],[-78.681,51.204],[-78.593,51.204],[-78.507,51.187],[-78.426,51.149],[-78.371,51.091],[-78.342,51.029],[-78.332,50.956],[-78.349,50.873],[-78.296,50.714],[-78.242,50.435],[-78.242,50.363],[-78.272,50.315],[-78.323,50.279],[-78.358,50.276],[-78.446,50.276],[-78.518,50.295],[-79.124,50.516],[-79.309,50.605],[-79.351,50.656],[-79.343,50.724],[-79.309,50.773],[-79.146,50.883],[-79.035,50.925],[-79.018,50.932]]]}},{"type":"Feature","properties":{"density":2},"geometry":{"type":"Polygon","coordinates":[[[-78.859,50.136],[-79.244,50.416],[-79.5,50.663],[-79.655,50.848],[-80.209,51.427],[-80.578,51.685],[-81.145,52.156],[-81.505,52.586],[-81.591,52.834],[-81.771,54.391],[-81.659,54.847],[-81.33,55.373],[-80.961,55.601],[-80.378,55.799],[-79.108,56.016],[-78.397,56.2],[-78.255,56.224],[-78.039,56.308],[-77.989,56.379],[-78.026,56.406],[-78.407,56.416],[-78.627,56.467],[-78.644,56.514],[-78.606,56.595],[-78.471,56.632],[-78.235,56.649],[-77.985,56.639],[-77.543,56.582],[-77.148,56.568],[-76.676,56.457],[-75.839,56.16],[-75.431,55.988],[-74.641,55.623],[-74.486,55.518],[-74.202,55.235],[-74.163,55.042],[-74.19,55.004],[-74.325,54.936],[-74.757,54.837],[-75.443,54.632],[-76.136,54.374],[-76.181,54.286],[-76.188,54.221],[-76.093,54.207],[-75.861,54.248],[-75.357,54.446],[-75.191,54.484],[-74.874,54.486],[-74.658,54.466],[-74.221,54.34],[-74.205,54.241],[-74.255,54.108],[-74.331,54.029],[-74.676,53.786],[-75.101,53.528],[-75.408,53.396],[-75.536,53.359],[-76.633,53.308],[-76.961,53.307],[-77.553,53.216],[-78.292,52.913],[-78.474,52.817],[-78.808,52.589],[-78.894,52.468],[-78.92,52.26],[-78.915,52.068],[-78.813,51.901],[-78.606,51.729],[-78.372,51.38],[-78.075,51.029],[-78.01,50.833],[-77.967,50.181],[-78.01,50.041],[-78.093,49.954],[-78.186,49.918],[-78.413,49.951],[-78.6,50.01],[-78.816,50.111],[-78.859,50.136]]]}},{"type":"Feature","properties":{"density":2},"geometry":{"type":"Polygon","coordinates":[[[-62.834,54.373],[-62.77,54.381],[-62.558,54.32],[-62.366,54.289],[-62.339,54.235],[-62.333,54.036],[-62.356,53.971],[-62.406,53.946],[-62.477,53.948],[-62.599,54.042],[-62.843,54.309],[-62.857,54.347],[-62.838,54.37],[-62.834,54.373]]]}},{"type":"Feature","properties":{"density":2},"geometry":{"type":"Polygon","coordinates":[[[-62.129,54.407],[-62.014,54.407],[-61.992,54.399],[-61.974,54.365],[-62.002,54.344],[-62.072,54.347],[-62.134,54.371],[-62.138,54.399],[-62.129,54.407]]]}},{"type":"Feature","properties":{"density":2},"geometry":{"type":"Polygon","coordinates":[[[-71.624,18.278],[-71.776,18.247],[-72.039,18.236],[-72.133,18.242],[-72.45,18.317],[-72.677,18.295],[-72.832,18.198],[-72.882,18.146],[-72.954,18.005],[-73.039,17.899],[-73.146,17.691],[-73.114,17.663],[-73.04,17.654],[-72.863,17.684],[-72.527,17.777],[-72.034,17.95],[-71.591,18.199],[-71.575,18.242],[-71.617,18.275],[-71.624,18.278]]]}},{"type":"Feature","properties":{"density":2},"geometry":{"type":"Polygon","coordinates":[[[-78.117,26.687],[-78.301,26.883],[-78.466,27.2],[-78.515,27.373],[-78.519,27.474],[-78.51,27.534],[-78.495,27.546],[-78.454,27.552],[-78.421,27.513],[-78.353,27.221],[-78.186,26.861],[-78.063,26.702],[-78.08,26.683],[-78.107,26.682],[-78.117,26.687]]]}},{"type":"Feature","properties":{"density":2},"geometry":{"type":"Polygon","coordinates":[[[-88.949,53.561],[-89.111,53.641],[-89.165,53.708],[-89.148,53.765],[-89.059,53.84],[-88.993,53.846],[-88.946,53.816],[-88.92,53.591],[-88.944,53.563],[-88.949,53.561]]]}},{"type":"Feature","properties":{"density":2},"geometry":{"type":"Polygon","coordinates":[[[-106.777,58.392],[-106.933,58.591],[-106.983,58.747],[-106.954,59.239],[-107.013,59.397],[-107.026,59.48],[-106.993,59.587],[-106.866,59.82],[-106.6,59.978],[-106.467,60.022],[-106.262,60.044],[-106.091,60.026],[-105.962,59.961],[-105.769,59.75],[-105.626,59.465],[-105.626,59.282],[-105.669,59.083],[-105.752,58.94],[-105.832,58.866],[-106.152,58.719],[-106.492,58.513],[-106.622,58.38],[-106.721,58.362],[-106.768,58.381],[-106.777,58.392]]]}},{"type":"Feature","properties":{"density":2},"geometry":{"type":"Polygon","coordinates":[[[-103.431,55.478],[-103.873,55.872],[-103.983,56.053],[-104.041,56.221],[-104.046,56.289],[-104.014,56.344],[-103.938,56.371],[-103.802,56.371],[-103.6,56.279],[-103.559,56.226],[-103.428,56.016],[-103.376,55.856],[-103.341,55.606],[-103.344,55.508],[-103.356,55.483],[-103.415,55.476],[-103.431,55.478]]]}},{"type":"Feature","properties":{"density":2},"geometry":{"type":"Polygon","coordinates":[[[-106.111,56.874],[-106.456,57.122],[-106.566,57.278],[-106.625,57.46],[-106.631,57.535],[-106.601,57.732],[-106.537,57.805],[-106.471,57.827],[-106.392,57.805],[-106.346,57.77],[-106.269,57.654],[-106.192,57.43],[-106.137,57.15],[-106.028,56.908],[-106.03,56.874],[-106.102,56.874],[-106.111,56.874]]]}},{"type":"Feature","properties":{"density":2},"geometry":{"type":"Polygon","coordinates":[[[-102.29,62.408],[-101.983,62.929],[-100.681,63.849],[-100.188,64.11],[-99.686,64.24],[-99.118,64.287],[-98.728,64.184],[-98.43,63.896],[-98.318,63.394],[-98.309,62.957],[-98.151,62.194],[-97.909,61.645],[-96.933,60.52],[-96.598,60.204],[-96.04,59.581],[-95.789,59.329],[-95.219,58.646],[-94.995,58.281],[-94.835,57.802],[-94.738,57.23],[-94.808,56.867],[-94.933,56.658],[-95.435,56.504],[-96.203,56.337],[-97.802,56.044],[-97.867,55.988],[-98.704,55.514],[-99.039,55.374],[-100.258,55.253],[-100.732,55.151],[-101.067,55.151],[-101.485,55.114],[-102.267,55.133],[-103.19,55.393],[-103.531,55.529],[-103.86,55.684],[-104.753,56.342],[-104.939,56.565],[-105.23,56.869],[-105.401,57.249],[-105.455,57.567],[-105.422,57.906],[-105.274,58.332],[-104.784,59.051],[-104.579,59.324],[-103.984,60.031],[-103.624,60.347],[-103.091,60.874],[-102.775,61.296],[-102.577,61.699],[-102.502,62.009],[-102.353,62.275],[-102.29,62.408]]]}},{"type":"Feature","properties":{"density":2},"geometry":{"type":"Polygon","coordinates":[[[-114.909,59.519],[-114.957,59.561],[-115.098,59.629],[-115.55,59.817],[-115.987,59.943],[-116.18,60.037],[-116.264,60.109],[-116.526,60.184],[-116.598,60.267],[-116.603,60.375],[-116.376,60.494],[-116.056,60.598],[-115.865,60.697],[-115.775,60.714],[-115.604,60.7],[-115.558,60.646],[-115.55,60.578],[-115.565,60.424],[-115.551,60.326],[-115.481,60.238],[-115.391,60.174],[-115.329,60.135],[-115.173,60.131],[-114.987,60.168],[-114.792,60.164],[-114.654,60.128],[-114.406,59.96],[-114.281,59.911],[-114.178,59.841],[-114.102,59.749],[-114.113,59.646],[-114.422,59.503],[-114.737,59.428],[-114.888,59.515],[-114.909,59.519]]]}},{"type":"Feature","properties":{"density":2},"geometry":{"type":"Polygon","coordinates":[[[-113.717,58.969],[-113.785,59.038],[-113.827,59.108],[-113.851,59.253],[-113.833,59.351],[-113.788,59.438],[-113.731,59.485],[-113.593,59.506],[-113.397,59.465],[-113.193,59.396],[-113.158,59.365],[-113.133,59.331],[-113.125,59.26],[-113.174,59.194],[-113.455,59.112],[-113.549,59.032],[-113.6,58.962],[-113.672,58.942],[-113.717,58.969]]]}},{"type":"Feature","properties":{"density":2},"geometry":{"type":"Polygon","coordinates":[[[-114.069,60.077],[-114.147,60.157],[-114.335,60.274],[-114.782,60.426],[-114.846,60.489],[-114.839,60.586],[-114.792,60.631],[-114.572,60.743],[-114.287,60.786],[-113.489,60.768],[-112.803,60.716],[-112.547,60.746],[-112.28,60.658],[-112.224,60.586],[-112.224,60.493],[-112.244,60.41],[-112.342,60.292],[-112.451,60.228],[-112.571,60.191],[-113.424,60.243],[-113.597,60.221],[-113.897,60.062],[-113.993,60.041],[-114.06,60.07],[-114.069,60.077]]]}},{"type":"Feature","properties":{"density":2},"geometry":{"type":"Polygon","coordinates":[[[-118.123,65.97],[-118.255,66.325],[-118.143,66.515],[-117.978,66.734],[-117.709,66.937],[-117.461,66.995],[-117.205,66.999],[-116.837,66.916],[-116.271,66.701],[-115.841,66.474],[-114.741,65.564],[-114.369,65.316],[-113.059,64.775],[-112.704,64.428],[-112.402,64.221],[-112.042,64.072],[-111.757,64.01],[-110.55,63.961],[-109.988,63.882],[-109.058,63.857],[-108.529,63.882],[-108.297,63.857],[-108.12,63.812],[-108.016,63.75],[-107.979,63.618],[-107.987,63.522],[-108.033,63.448],[-108.14,63.374],[-108.335,63.308],[-109.542,63.328],[-109.847,63.303],[-110.24,63.25],[-110.682,63.155],[-110.815,63.113],[-111.385,63.031],[-111.836,63.051],[-112.266,63.093],[-114.171,63.378],[-114.998,63.522],[-115.299,63.626],[-115.564,63.758],[-115.651,63.89],[-115.804,64.043],[-116.019,64.213],[-116.267,64.353],[-116.564,64.486],[-116.883,64.655],[-117.164,64.82],[-117.785,65.352],[-118.091,65.785],[-118.127,65.912],[-118.123,65.97]]]}},{"type":"Feature","properties":{"density":2},"geometry":{"type":"Polygon","coordinates":[[[-119.057,65.637],[-119.1,65.66],[-119.124,65.705],[-119.122,66.057],[-119.015,66.072],[-118.792,65.98],[-118.594,65.936],[-118.558,65.905],[-118.55,65.857],[-118.566,65.818],[-118.764,65.669],[-118.912,65.612],[-119.019,65.618],[-119.047,65.634],[-119.057,65.637]]]}},{"type":"Feature","properties":{"density":2},"geometry":{"type":"Polygon","coordinates":[[[-97.346,24.646],[-97.705,24.559],[-98.146,24.503],[-98.611,24.466],[-99.503,24.311],[-100.613,23.983],[-100.954,23.921],[-101.215,24.027],[-101.519,24.287],[-102.002,24.585],[-102.374,24.876],[-103.087,25.143],[-103.354,25.397],[-103.478,25.626],[-103.447,25.912],[-103.199,26.29],[-102.728,26.55],[-101.81,27.183],[-100.957,27.57],[-100.585,27.765],[-99.897,27.793],[-99.079,27.914],[-97.963,28.026],[-96.177,28.872],[-94.751,29.626],[-94.444,29.728],[-93.979,29.83],[-93.384,29.877],[-92.872,29.812],[-92.193,29.691],[-91.421,29.635],[-91.059,29.709],[-90.38,29.886],[-89.85,30.156],[-88.65,30.946],[-88.176,31.346],[-87.897,31.476],[-87.515,31.532],[-87.171,31.56],[-86.576,31.43],[-85.832,31.216],[-85.46,30.9],[-85.311,30.537],[-85.227,30.063],[-85.218,29.737],[-85.348,29.142],[-85.525,28.909],[-86.771,28.417],[-87.45,28.184],[-88.91,27.784],[-89.524,27.552],[-90.036,27.338],[-93.03,26.454],[-94.593,26.045],[-95.82,25.533],[-96.434,25.189],[-97.19,24.734],[-97.346,24.646]]]}},{"type":"Feature","properties":{"density":2},"geometry":{"type":"Polygon","coordinates":[[[-109.778,37.773],[-109.702,37.847],[-109.656,37.854],[-109.661,37.829],[-109.762,37.755],[-109.779,37.77],[-109.778,37.773]]]}},{"type":"Feature","properties":{"density":2},"geometry":{"type":"Polygon","coordinates":[[[-112.6,38.428],[-112.594,38.483],[-112.513,38.654],[-112.373,38.809],[-112.083,39.064],[-111.954,39.198],[-111.671,39.54],[-111.067,40.012],[-110.689,40.282],[-110.284,40.48],[-110.066,40.538],[-109.631,40.604],[-109.424,40.615],[-109.273,40.599],[-109.154,40.574],[-108.986,40.502],[-108.81,40.392],[-108.733,40.279],[-108.719,40.183],[-108.744,40.042],[-108.818,39.86],[-108.901,39.725],[-109.058,39.568],[-109.27,39.447],[-109.634,39.331],[-109.973,39.279],[-110.465,39.174],[-110.877,39.066],[-111.714,38.678],[-112.27,38.199],[-112.326,38.173],[-112.462,38.16],[-112.567,38.216],[-112.616,38.316],[-112.61,38.401],[-112.6,38.428]]]}},{"type":"Feature","properties":{"density":2},"geometry":{"type":"Polygon","coordinates":[[[-112.429,39.924],[-112.37,40.124],[-112.254,40.32],[-112.116,40.453],[-112.017,40.523],[-111.936,40.548],[-111.876,40.535],[-111.846,40.486],[-111.879,40.335],[-111.982,40.186],[-112.054,40.113],[-112.125,40.078],[-112.245,39.865],[-112.361,39.832],[-112.427,39.863],[-112.432,39.913],[-112.429,39.924]]]}},{"type":"Feature","properties":{"density":2},"geometry":{"type":"Polygon","coordinates":[[[-111.861,35.016],[-111.851,35.065],[-111.763,35.238],[-111.49,35.505],[-111.304,35.745],[-111.185,35.838],[-111.08,35.871],[-110.967,35.849],[-110.845,35.761],[-110.797,35.692],[-110.754,35.605],[-110.732,35.513],[-110.741,35.44],[-110.795,35.344],[-110.85,35.303],[-111.548,35.123],[-111.658,35.073],[-111.718,35.028],[-111.756,34.965],[-111.797,34.935],[-111.832,34.949],[-111.861,35.004],[-111.861,35.016]]]}},{"type":"Feature","properties":{"density":2},"geometry":{"type":"Polygon","coordinates":[[[-119.979,45.953],[-119.765,46.076],[-119.476,46.198],[-119.362,46.268],[-119.179,46.338],[-119.089,46.328],[-119.062,46.31],[-119.021,46.237],[-119.023,46.203],[-119.057,46.15],[-119.42,45.992],[-119.908,45.886],[-119.993,45.898],[-119.99,45.945],[-119.979,45.953]]]}},{"type":"Feature","properties":{"density":2},"geometry":{"type":"Polygon","coordinates":[[[-114.248,37.419],[-114.273,37.538],[-114.241,37.717],[-114.169,37.889],[-114.109,37.969],[-114.056,38.0],[-114.024,37.969],[-114.018,37.876],[-114.055,37.76],[-114.073,37.626],[-114.123,37.526],[-114.148,37.375],[-114.193,37.362],[-114.246,37.414],[-114.248,37.419]]]}},{"type":"Feature","properties":{"density":2},"geometry":{"type":"Polygon","coordinates":[[[-114.356,38.093],[-114.346,38.159],[-114.296,38.283],[-114.214,38.413],[-114.094,38.49],[-113.943,38.503],[-113.915,38.488],[-113.938,38.416],[-114.176,38.234],[-114.272,38.095],[-114.33,38.071],[-114.351,38.082],[-114.356,38.093]]]}},{"type":"Feature","properties":{"density":3},"geometry":{"type":"Polygon","coordinates":[[[-75.005,53.953],[-75.011,54.021],[-75.049,54.036],[-75.06,54.003],[-75.025,53.946],[-75.005,53.953]]]}},{"type":"Feature","properties":{"density":3},"geometry":{"type":"Polygon","coordinates":[[[-99.053,55.627],[-99.018,55.664],[-99.016,55.69],[-99.038,55.714],[-99.073,55.695],[-99.081,55.67],[-99.062,55.626],[-99.053,55.627]]]}},{"type":"Feature","properties":{"density":3},"geometry":{"type":"Polygon","coordinates":[[[-99.114,55.725],[-99.132,55.727],[-99.138,55.771],[-99.105,55.769],[-99.094,55.728],[-99.114,55.725]]]}},{"type":"Feature","properties":{"density":3},"geometry":{"type":"Polygon","coordinates":[[[-98.739,55.436],[-98.675,55.508],[-98.675,55.545],[-98.695,55.559],[-98.717,55.543],[-98.759,55.458],[-98.75,55.44],[-98.739,55.436]]]}},{"type":"Feature","properties":{"density":3},"geometry":{"type":"Polygon","coordinates":[[[-101.999,55.25],[-102.012,55.332],[-102.183,55.5],[-102.276,55.702],[-102.32,55.724],[-102.341,55.626],[-102.298,55.511],[-102.201,55.402],[-102.078,55.305],[-102.061,55.257],[-102.026,55.231],[-101.999,55.25]]]}},{"type":"Feature","properties":{"density":3},"geometry":{"type":"Polygon","coordinates":[[[-113.651,58.983],[-113.632,59.088],[-113.599,59.093],[-113.582,59.071],[-113.629,58.956],[-113.651,58.983]]]}},{"type":"Feature","properties":{"density":3},"geometry":{"type":"Polygon","coordinates":[[[-116.908,65.713],[-117.433,66.126],[-117.949,66.477],[-118.21,66.61],[-118.925,66.738],[-119.367,66.796],[-119.838,66.808],[-120.185,66.866],[-120.847,66.945],[-121.227,66.969],[-121.62,66.969],[-121.872,66.928],[-122.087,66.986],[-122.112,67.069],[-121.95,67.176],[-121.549,67.238],[-120.921,67.275],[-119.896,67.296],[-119.297,67.288],[-118.892,67.193],[-118.21,66.965],[-117.978,66.92],[-117.817,66.94],[-117.668,67.027],[-117.511,67.093],[-117.151,67.106],[-116.858,67.052],[-116.626,66.94],[-116.288,66.692],[-116.164,66.552],[-115.758,66.019],[-115.453,65.791],[-115.25,65.589],[-114.899,65.394],[-114.502,65.304],[-114.353,65.242],[-114.349,65.221],[-114.411,65.18],[-114.502,65.146],[-114.518,65.105],[-114.469,65.006],[-114.473,64.948],[-114.556,64.87],[-114.684,64.841],[-115.122,64.816],[-115.126,64.754],[-114.845,64.597],[-113.328,64.237],[-112.972,64.121],[-112.865,64.002],[-112.861,63.931],[-112.91,63.857],[-113.039,63.849],[-113.423,63.923],[-114.572,64.208],[-115.486,64.526],[-115.692,64.65],[-115.804,64.766],[-115.92,64.816],[-116.048,64.836],[-116.201,64.89],[-116.283,64.998],[-116.432,65.035],[-116.54,65.196],[-116.531,65.275],[-116.614,65.345],[-116.734,65.394],[-116.858,65.423],[-116.866,65.448],[-116.804,65.494],[-116.73,65.514],[-116.693,65.572],[-116.713,65.643],[-116.788,65.684],[-116.908,65.713]]]}},{"type":"Feature","properties":{"density":3},"geometry":{"type":"Polygon","coordinates":[[[-100.034,57.914],[-99.848,58.03],[-99.646,58.054],[-99.327,58.054],[-99.021,58.001],[-98.707,57.91],[-98.505,57.798],[-98.484,57.753],[-98.501,57.707],[-98.691,57.653],[-99.443,57.645],[-99.666,57.62],[-99.736,57.558],[-99.774,57.426],[-99.885,57.414],[-100.046,57.451],[-100.146,57.554],[-100.191,57.662],[-100.195,57.744],[-100.129,57.835],[-100.034,57.914]]]}},{"type":"Feature","properties":{"density":3},"geometry":{"type":"Polygon","coordinates":[[[-103.118,57.501],[-103.192,57.563],[-103.213,57.604],[-103.196,57.653],[-102.998,57.728],[-102.746,57.757],[-102.477,57.765],[-102.13,57.691],[-102.006,57.62],[-101.977,57.534],[-101.985,57.455],[-102.142,57.352],[-102.237,57.335],[-102.527,57.331],[-102.68,57.352],[-103.039,57.451],[-103.118,57.501]]]}},{"type":"Feature","properties":{"density":3},"geometry":{"type":"Polygon","coordinates":[[[-71.603,18.226],[-71.55,18.224],[-71.523,18.234],[-71.519,18.252],[-71.723,18.274],[-71.98,18.252],[-71.839,18.226],[-71.69,18.226],[-71.603,18.226]]]}},{"type":"Feature","properties":{"density":3},"geometry":{"type":"Polygon","coordinates":[[[-77.161,54.92],[-77.218,54.848],[-77.264,54.742],[-77.269,54.69],[-77.254,54.682],[-77.177,54.695],[-77.143,54.724],[-77.103,54.797],[-77.094,54.872],[-77.112,54.921],[-77.137,54.932],[-77.157,54.921],[-77.161,54.92]]]}},{"type":"Feature","properties":{"density":3},"geometry":{"type":"Polygon","coordinates":[[[-75.145,54.063],[-75.482,53.947],[-75.544,53.885],[-75.529,53.827],[-75.503,53.804],[-75.381,53.794],[-75.169,53.833],[-75.053,53.88],[-74.995,53.925],[-74.985,53.972],[-75.03,54.045],[-75.092,54.071],[-75.124,54.068],[-75.145,54.063]]]}},{"type":"Feature","properties":{"density":3},"geometry":{"type":"Polygon","coordinates":[[[-71.184,55.18],[-71.015,55.126],[-70.803,54.994],[-70.712,54.895],[-70.553,54.76],[-70.524,54.647],[-70.562,54.632],[-70.655,54.65],[-70.769,54.754],[-70.979,54.903],[-71.212,55.099],[-71.216,55.156],[-71.191,55.179],[-71.184,55.18]]]}},{"type":"Feature","properties":{"density":3},"geometry":{"type":"Polygon","coordinates":[[[-72.395,54.101],[-72.339,54.092],[-72.258,54.043],[-72.139,54.012],[-71.882,53.906],[-71.8,53.85],[-71.873,53.829],[-72.059,53.86],[-72.421,54.03],[-72.437,54.074],[-72.401,54.102],[-72.395,54.101]]]}},{"type":"Feature","properties":{"density":3},"geometry":{"type":"Polygon","coordinates":[[[-72.737,54.322],[-72.689,54.333],[-72.629,54.309],[-72.605,54.352],[-72.57,54.354],[-72.492,54.288],[-72.475,54.251],[-72.622,54.272],[-72.58,54.22],[-72.592,54.183],[-72.63,54.178],[-72.685,54.196],[-72.771,54.279],[-72.769,54.311],[-72.741,54.321],[-72.737,54.322]]]}},{"type":"Feature","properties":{"density":3},"geometry":{"type":"Polygon","coordinates":[[[-102.106,55.272],[-102.262,55.535],[-102.384,55.695],[-102.477,55.762],[-102.539,55.849],[-102.542,55.888],[-102.521,55.918],[-102.438,55.91],[-102.356,55.844],[-102.235,55.779],[-102.12,55.643],[-102.018,55.427],[-101.979,55.273],[-101.987,55.239],[-102.017,55.232],[-102.104,55.267],[-102.106,55.272]]]}},{"type":"Feature","properties":{"density":3},"geometry":{"type":"Polygon","coordinates":[[[-99.229,55.791],[-99.241,55.828],[-99.213,55.877],[-99.166,55.881],[-99.143,55.864],[-99.021,55.689],[-99.027,55.628],[-99.042,55.619],[-99.082,55.634],[-99.225,55.787],[-99.229,55.791]]]}},{"type":"Feature","properties":{"density":3},"geometry":{"type":"Polygon","coordinates":[[[-101.469,58.764],[-101.53,58.812],[-101.581,58.897],[-101.591,58.972],[-101.56,59.015],[-101.496,59.013],[-101.452,58.953],[-101.407,58.769],[-101.438,58.752],[-101.466,58.759],[-101.469,58.764]]]}},{"type":"Feature","properties":{"density":3},"geometry":{"type":"Polygon","coordinates":[[[-103.919,61.332],[-103.943,61.455],[-103.933,61.506],[-103.897,61.56],[-103.851,61.569],[-103.831,61.557],[-103.828,61.532],[-103.844,61.316],[-103.88,61.298],[-103.91,61.323],[-103.919,61.332]]]}},{"type":"Feature","properties":{"density":3},"geometry":{"type":"Polygon","coordinates":[[[-102.725,56.999],[-103.185,57.441],[-103.229,57.553],[-103.238,57.626],[-103.181,57.793],[-103.056,57.913],[-102.862,58.007],[-102.581,58.104],[-102.38,58.143],[-101.93,58.148],[-101.813,58.133],[-101.636,58.058],[-101.555,57.959],[-101.52,57.836],[-101.524,57.775],[-101.554,57.702],[-101.721,57.483],[-101.91,57.154],[-101.908,57.062],[-101.879,56.925],[-101.923,56.844],[-102.033,56.787],[-102.132,56.78],[-102.336,56.803],[-102.531,56.853],[-102.692,56.961],[-102.725,56.999]]]}},{"type":"Feature","properties":{"density":3},"geometry":{"type":"Polygon","coordinates":[[[-71.592,18.245],[-71.829,18.278],[-71.879,18.275],[-71.907,18.253],[-71.901,18.235],[-71.787,18.221],[-71.608,18.223],[-71.59,18.228],[-71.591,18.242],[-71.592,18.245]]]}},{"type":"Feature","properties":{"density":3},"geometry":{"type":"Polygon","coordinates":[[[-112.316,38.4],[-112.259,38.472],[-112.197,38.515],[-112.083,38.557],[-112.042,38.552],[-112.053,38.525],[-112.297,38.383],[-112.315,38.381],[-112.319,38.398],[-112.316,38.4]]]}},{"type":"Feature","properties":{"density":3},"geometry":{"type":"Polygon","coordinates":[[[-114.812,59.489],[-114.888,59.664],[-114.888,59.696],[-114.857,59.731],[-114.806,59.714],[-114.717,59.543],[-114.721,59.455],[-114.755,59.447],[-114.81,59.486],[-114.812,59.489]]]}},{"type":"Feature","properties":{"density":3},"geometry":{"type":"Polygon","coordinates":[[[-125.351,64.109],[-125.411,64.159],[-125.429,64.236],[-125.42,64.303],[-125.351,64.34],[-125.298,64.285],[-125.27,64.187],[-125.278,64.113],[-125.34,64.104],[-125.351,64.109]]]}},{"type":"Feature","properties":{"density":3},"geometry":{"type":"Polygon","coordinates":[[[-122.506,67.175],[-122.266,67.304],[-122.068,67.376],[-121.814,67.434],[-121.387,67.448],[-120.929,67.382],[-120.169,67.351],[-119.863,67.354],[-119.665,67.405],[-119.454,67.411],[-119.014,67.355],[-118.282,67.219],[-117.532,67.151],[-116.608,66.998],[-116.459,66.948],[-116.29,66.837],[-116.083,66.556],[-115.558,65.919],[-115.43,65.812],[-115.021,65.551],[-114.004,65.034],[-113.892,64.944],[-113.871,64.729],[-113.892,64.662],[-114.029,64.559],[-113.884,64.398],[-113.731,64.299],[-113.396,64.183],[-112.636,64.067],[-112.392,63.985],[-112.057,63.819],[-112.02,63.778],[-112.053,63.732],[-112.168,63.683],[-112.326,63.641],[-112.838,63.658],[-113.45,63.712],[-114.392,63.89],[-115.045,64.071],[-115.293,64.183],[-115.496,64.282],[-116.0,64.58],[-116.161,64.7],[-116.31,64.848],[-116.583,65.249],[-116.773,65.464],[-116.98,65.754],[-117.244,66.051],[-117.732,66.411],[-117.997,66.539],[-118.257,66.642],[-119.063,66.837],[-120.489,67.031],[-121.089,66.994],[-121.787,66.986],[-122.027,66.965],[-122.44,66.973],[-122.482,66.998],[-122.523,67.052],[-122.535,67.138],[-122.506,67.175]]]}},{"type":"Feature","properties":{"density":3},"geometry":{"type":"Polygon","coordinates":[[[-66.126,52.438],[-66.083,52.489],[-65.951,52.507],[-65.695,52.486],[-65.637,52.463],[-65.628,52.443],[-65.657,52.404],[-65.713,52.393],[-66.098,52.389],[-66.127,52.432],[-66.126,52.438]]]}},{"type":"Feature","properties":{"density":3},"geometry":{"type":"Polygon","coordinates":[[[-77.127,54.999],[-76.966,55.084],[-76.894,55.08],[-76.843,55.029],[-76.83,54.941],[-76.883,54.814],[-77.045,54.666],[-77.131,54.485],[-77.204,54.421],[-77.261,54.415],[-77.305,54.43],[-77.335,54.478],[-77.351,54.589],[-77.348,54.783],[-77.259,54.917],[-77.153,54.984],[-77.127,54.999]]]}},{"type":"Feature","properties":{"density":3},"geometry":{"type":"Polygon","coordinates":[[[-76.532,54.77],[-76.375,54.887],[-76.292,54.887],[-76.221,54.859],[-76.189,54.825],[-76.201,54.79],[-76.312,54.699],[-76.348,54.536],[-76.394,54.504],[-76.47,54.513],[-76.518,54.55],[-76.535,54.766],[-76.532,54.77]]]}},{"type":"Feature","properties":{"density":3},"geometry":{"type":"Polygon","coordinates":[[[-75.109,54.108],[-75.025,54.093],[-74.98,54.024],[-74.974,53.896],[-75.007,53.811],[-75.087,53.749],[-75.327,53.678],[-75.51,53.648],[-75.554,53.669],[-75.567,53.736],[-75.536,53.794],[-75.253,54.051],[-75.125,54.106],[-75.109,54.108]]]}},{"type":"Feature","properties":{"density":3},"geometry":{"type":"Polygon","coordinates":[[[-75.758,53.903],[-75.868,53.93],[-76.007,53.92],[-76.064,53.857],[-76.1,53.767],[-76.095,53.712],[-76.07,53.69],[-75.991,53.692],[-75.938,53.717],[-75.774,53.826],[-75.748,53.874],[-75.754,53.896],[-75.758,53.903]]]}},{"type":"Feature","properties":{"density":3},"geometry":{"type":"Polygon","coordinates":[[[-72.897,53.931],[-72.798,53.942],[-72.737,53.921],[-72.619,53.851],[-72.498,53.719],[-72.503,53.494],[-72.542,53.392],[-72.567,53.37],[-72.649,53.365],[-72.759,53.392],[-72.894,53.44],[-72.927,53.468],[-73.03,53.687],[-73.036,53.779],[-73.01,53.88],[-72.972,53.908],[-72.909,53.925],[-72.897,53.931]]]}},{"type":"Feature","properties":{"density":3},"geometry":{"type":"Polygon","coordinates":[[[-72.658,54.35],[-72.544,54.296],[-72.312,54.099],[-71.856,53.835],[-71.735,53.731],[-71.72,53.68],[-71.768,53.653],[-71.811,53.652],[-72.139,53.769],[-72.377,53.893],[-72.668,54.129],[-72.762,54.236],[-72.78,54.294],[-72.767,54.314],[-72.725,54.346],[-72.669,54.351],[-72.658,54.35]]]}},{"type":"Feature","properties":{"density":3},"geometry":{"type":"Polygon","coordinates":[[[-71.155,55.15],[-70.973,55.092],[-70.892,55.049],[-70.627,54.858],[-70.258,54.657],[-70.221,54.618],[-70.212,54.559],[-70.232,54.529],[-70.27,54.511],[-70.463,54.485],[-70.577,54.485],[-70.662,54.521],[-70.82,54.651],[-71.201,55.031],[-71.22,55.129],[-71.162,55.15],[-71.155,55.15]]]}},{"type":"Feature","properties":{"density":3},"geometry":{"type":"Polygon","coordinates":[[[-102.132,55.267],[-102.199,55.38],[-102.752,56.103],[-102.795,56.246],[-102.763,56.352],[-102.674,56.369],[-102.593,56.337],[-102.407,56.186],[-102.232,55.983],[-101.972,55.314],[-101.977,55.268],[-102.004,55.26],[-102.07,55.254],[-102.125,55.269],[-102.132,55.267]]]}},{"type":"Feature","properties":{"density":3},"geometry":{"type":"Polygon","coordinates":[[[-101.473,58.753],[-101.608,58.911],[-101.629,58.97],[-101.641,59.05],[-101.629,59.146],[-101.556,59.185],[-101.486,59.16],[-101.447,59.09],[-101.438,58.916],[-101.406,58.767],[-101.421,58.748],[-101.464,58.749],[-101.473,58.753]]]}},{"type":"Feature","properties":{"density":3},"geometry":{"type":"Polygon","coordinates":[[[-101.026,58.715],[-101.105,58.868],[-101.119,59.028],[-101.101,59.055],[-101.019,59.091],[-100.88,59.054],[-100.795,58.97],[-100.804,58.926],[-100.917,58.794],[-100.951,58.693],[-101.009,58.695],[-101.026,58.715]]]}},{"type":"Feature","properties":{"density":3},"geometry":{"type":"Polygon","coordinates":[[[-99.998,59.396],[-100.065,59.502],[-100.054,59.569],[-100.027,59.592],[-99.965,59.603],[-99.822,59.557],[-99.813,59.53],[-99.943,59.466],[-99.955,59.4],[-99.991,59.393],[-99.998,59.396]]]}},{"type":"Feature","properties":{"density":3},"geometry":{"type":"Polygon","coordinates":[[[-99.667,59.96],[-99.713,60.079],[-99.716,60.121],[-99.695,60.171],[-99.643,60.226],[-99.536,60.291],[-99.454,60.275],[-99.427,60.227],[-99.424,60.174],[-99.459,60.078],[-99.589,59.996],[-99.624,59.946],[-99.665,59.954],[-99.667,59.96]]]}},{"type":"Feature","properties":{"density":3},"geometry":{"type":"Polygon","coordinates":[[[-99.264,59.742],[-99.34,59.831],[-99.343,59.888],[-99.289,60.002],[-99.229,60.013],[-99.144,59.962],[-99.137,59.916],[-99.23,59.821],[-99.22,59.741],[-99.256,59.741],[-99.264,59.742]]]}},{"type":"Feature","properties":{"density":3},"geometry":{"type":"Polygon","coordinates":[[[-101.972,58.128],[-101.987,58.251],[-102.06,58.397],[-102.069,58.481],[-102.051,58.503],[-102.025,58.504],[-101.956,58.464],[-101.924,58.409],[-101.895,58.233],[-101.895,58.13],[-101.928,58.097],[-101.967,58.112],[-101.972,58.128]]]}},{"type":"Feature","properties":{"density":3},"geometry":{"type":"Polygon","coordinates":[[[-102.767,58.161],[-102.744,58.209],[-102.681,58.276],[-102.573,58.35],[-102.071,58.503],[-101.941,58.525],[-101.786,58.522],[-101.459,58.478],[-101.334,58.437],[-101.028,58.23],[-100.958,58.127],[-100.95,58.073],[-100.993,57.978],[-101.051,57.919],[-101.13,57.871],[-101.353,57.838],[-101.718,57.888],[-102.012,57.857],[-102.198,57.798],[-102.32,57.731],[-102.381,57.641],[-102.513,57.513],[-102.61,57.565],[-102.673,57.62],[-102.791,57.843],[-102.808,58.042],[-102.786,58.127],[-102.767,58.161]]]}},{"type":"Feature","properties":{"density":3},"geometry":{"type":"Polygon","coordinates":[[[-99.27,58.029],[-98.774,58.071],[-98.263,58.08],[-97.982,58.071],[-97.417,58.008],[-96.849,57.859],[-96.411,57.768],[-96.281,57.702],[-96.102,57.496],[-96.124,57.416],[-96.188,57.363],[-96.364,57.349],[-96.929,57.46],[-97.477,57.465],[-97.643,57.482],[-98.001,57.46],[-98.494,57.352],[-98.616,57.338],[-99.142,57.418],[-99.39,57.548],[-99.456,57.647],[-99.484,57.727],[-99.484,57.81],[-99.459,57.901],[-99.42,57.964],[-99.349,58.005],[-99.27,58.029]]]}},{"type":"Feature","properties":{"density":3},"geometry":{"type":"Polygon","coordinates":[[[-71.591,18.252],[-71.681,18.265],[-71.934,18.261],[-71.978,18.247],[-71.991,18.21],[-71.948,18.163],[-71.889,18.156],[-71.727,18.199],[-71.606,18.209],[-71.582,18.231],[-71.587,18.249],[-71.591,18.252]]]}},{"type":"Feature","properties":{"density":3},"geometry":{"type":"Polygon","coordinates":[[[-106.744,58.423],[-106.868,58.581],[-106.913,58.67],[-106.927,58.774],[-106.864,58.931],[-106.725,59.171],[-106.589,59.216],[-106.529,59.191],[-106.492,59.146],[-106.49,59.069],[-106.637,58.668],[-106.649,58.581],[-106.615,58.429],[-106.646,58.398],[-106.688,58.391],[-106.739,58.417],[-106.744,58.423]]]}},{"type":"Feature","properties":{"density":3},"geometry":{"type":"Polygon","coordinates":[[[-112.505,38.362],[-112.187,38.762],[-112.107,38.838],[-111.834,39.015],[-111.637,39.059],[-111.552,39.026],[-111.313,38.988],[-111.177,38.91],[-111.173,38.845],[-111.28,38.752],[-111.578,38.662],[-111.937,38.475],[-112.007,38.446],[-112.274,38.395],[-112.52,38.287],[-112.533,38.305],[-112.511,38.351],[-112.505,38.362]]]}},{"type":"Feature","properties":{"density":3},"geometry":{"type":"Polygon","coordinates":[[[-114.827,59.48],[-114.868,59.539],[-114.91,59.561],[-115.461,59.737],[-115.612,59.803],[-115.689,59.869],[-115.715,59.937],[-115.703,60.014],[-115.636,60.057],[-115.553,60.081],[-115.391,60.09],[-115.241,60.044],[-115.026,59.941],[-114.812,59.757],[-114.699,59.607],[-114.679,59.531],[-114.695,59.458],[-114.768,59.436],[-114.816,59.461],[-114.827,59.48]]]}},{"type":"Feature","properties":{"density":3},"geometry":{"type":"Polygon","coordinates":[[[-115.734,65.566],[-114.899,65.437],[-114.292,65.282],[-114.086,65.136],[-114.028,65.048],[-113.821,64.894],[-113.504,64.759],[-113.226,64.585],[-113.163,64.469],[-113.165,64.431],[-113.193,64.395],[-113.51,64.254],[-113.893,64.188],[-114.232,64.161],[-114.675,64.188],[-115.059,64.191],[-115.362,64.224],[-115.45,64.254],[-115.524,64.309],[-115.747,64.648],[-115.819,64.825],[-115.866,65.004],[-115.894,65.172],[-115.891,65.437],[-115.855,65.519],[-115.8,65.558],[-115.769,65.561],[-115.734,65.566]]]}},{"type":"Feature","properties":{"density":3},"geometry":{"type":"Polygon","coordinates":[[[-122.288,61.777],[-122.364,61.797],[-122.596,61.913],[-122.627,61.965],[-122.678,62.141],[-122.651,62.174],[-122.564,62.168],[-122.413,62.027],[-122.266,61.916],[-122.185,61.811],[-122.196,61.773],[-122.257,61.772],[-122.288,61.777]]]}},{"type":"Feature","properties":{"density":3},"geometry":{"type":"Polygon","coordinates":[[[-77.226,54.957],[-76.956,55.07],[-76.513,55.182],[-76.36,55.191],[-76.135,55.173],[-76.009,55.149],[-75.554,54.872],[-75.505,54.807],[-75.5,54.757],[-75.541,54.712],[-75.642,54.683],[-76.105,54.64],[-76.291,54.527],[-76.556,54.098],[-76.699,53.994],[-76.841,53.946],[-76.895,53.96],[-76.927,54.005],[-76.942,54.056],[-76.931,54.231],[-76.966,54.236],[-77.123,54.198],[-77.317,54.11],[-77.485,54.062],[-77.656,54.059],[-77.776,54.084],[-77.819,54.126],[-77.83,54.195],[-77.824,54.282],[-77.804,54.326],[-77.507,54.713],[-77.249,54.947],[-77.226,54.957]]]}},{"type":"Feature","properties":{"density":3},"geometry":{"type":"Polygon","coordinates":[[[-75.21,54.389],[-75.09,54.414],[-74.98,54.407],[-74.715,54.35],[-74.571,54.299],[-74.449,54.218],[-74.434,54.105],[-74.505,54.006],[-74.713,53.837],[-75.346,53.579],[-75.498,53.553],[-75.76,53.544],[-76.137,53.504],[-76.228,53.513],[-76.441,53.586],[-76.468,53.645],[-76.465,53.697],[-76.423,53.736],[-76.071,53.847],[-75.792,53.976],[-75.651,53.982],[-75.589,54.0],[-75.514,54.057],[-75.493,54.162],[-75.42,54.273],[-75.366,54.324],[-75.234,54.386],[-75.21,54.389]]]}},{"type":"Feature","properties":{"density":3},"geometry":{"type":"Polygon","coordinates":[[[-72.382,54.079],[-72.244,54.054],[-72.064,53.978],[-71.767,53.758],[-71.533,53.662],[-71.456,53.593],[-71.371,53.481],[-70.881,53.255],[-70.816,53.21],[-70.805,53.163],[-70.845,53.109],[-71.083,52.921],[-71.212,52.86],[-71.691,52.689],[-72.007,52.694],[-72.447,52.763],[-72.621,52.742],[-72.807,52.749],[-73.041,52.835],[-73.212,52.971],[-73.242,53.105],[-73.19,53.22],[-73.171,53.596],[-73.1,53.787],[-73.003,53.862],[-72.892,53.905],[-72.674,53.872],[-72.638,53.886],[-72.582,53.935],[-72.512,54.04],[-72.446,54.085],[-72.382,54.079]]]}},{"type":"Feature","properties":{"density":3},"geometry":{"type":"Polygon","coordinates":[[[-72.782,54.312],[-72.819,54.227],[-72.822,54.096],[-72.761,54.078],[-72.605,54.142],[-72.598,54.168],[-72.677,54.247],[-72.714,54.318],[-72.774,54.315],[-72.782,54.312]]]}},{"type":"Feature","properties":{"density":3},"geometry":{"type":"Polygon","coordinates":[[[-71.179,55.16],[-70.657,54.901],[-70.235,54.597],[-70.096,54.472],[-70.019,54.433],[-69.84,54.388],[-69.67,54.308],[-69.575,54.229],[-69.419,54.156],[-69.306,54.083],[-69.118,53.836],[-69.125,53.785],[-69.163,53.737],[-69.258,53.708],[-69.566,53.737],[-70.084,53.708],[-70.327,53.769],[-70.642,53.897],[-70.767,53.925],[-70.891,53.988],[-70.948,54.078],[-70.972,54.208],[-70.954,54.335],[-70.957,54.428],[-70.981,54.516],[-71.146,54.824],[-71.236,55.031],[-71.236,55.13],[-71.188,55.161],[-71.179,55.16]]]}},{"type":"Feature","properties":{"density":3},"geometry":{"type":"Polygon","coordinates":[[[-69.147,53.135],[-68.859,53.14],[-68.145,53.012],[-67.784,52.898],[-67.722,52.853],[-67.713,52.808],[-67.754,52.728],[-67.838,52.629],[-67.955,52.565],[-68.101,52.539],[-68.189,52.56],[-68.246,52.599],[-68.419,52.667],[-69.065,52.793],[-69.187,52.849],[-69.218,52.908],[-69.217,52.942],[-69.193,53.117],[-69.167,53.135],[-69.147,53.135]]]}},{"type":"Feature","properties":{"density":3},"geometry":{"type":"Polygon","coordinates":[[[-65.699,53.568],[-65.868,53.536],[-66.222,53.375],[-66.278,53.332],[-66.282,53.257],[-66.256,53.241],[-66.159,53.24],[-66.09,53.26],[-65.861,53.4],[-65.668,53.471],[-65.469,53.448],[-65.331,53.388],[-65.009,53.286],[-64.967,53.302],[-64.951,53.345],[-64.95,53.39],[-64.974,53.432],[-65.036,53.48],[-65.174,53.532],[-65.352,53.564],[-65.684,53.57],[-65.699,53.568]]]}},{"type":"Feature","properties":{"density":3},"geometry":{"type":"Polygon","coordinates":[[[-78.934,50.903],[-79.035,50.893],[-79.137,50.855],[-79.206,50.807],[-79.218,50.768],[-79.179,50.748],[-79.034,50.737],[-78.935,50.764],[-78.895,50.823],[-78.923,50.895],[-78.934,50.903]]]}},{"type":"Feature","properties":{"density":3},"geometry":{"type":"Polygon","coordinates":[[[-62.814,54.366],[-62.515,54.287],[-62.379,54.275],[-62.363,54.23],[-62.382,54.157],[-62.391,53.99],[-62.463,53.977],[-62.528,54.013],[-62.847,54.338],[-62.844,54.361],[-62.821,54.365],[-62.814,54.366]]]}},{"type":"Feature","properties":{"density":3},"geometry":{"type":"Polygon","coordinates":[[[-71.614,18.246],[-71.87,18.208],[-72.016,18.165],[-72.443,17.898],[-72.468,17.87],[-72.463,17.849],[-72.184,17.925],[-72.006,17.998],[-71.595,18.213],[-71.579,18.238],[-71.609,18.248],[-71.614,18.246]]]}},{"type":"Feature","properties":{"density":3},"geometry":{"type":"Polygon","coordinates":[[[-106.753,58.454],[-106.838,58.539],[-106.893,58.666],[-106.917,58.814],[-106.913,58.903],[-106.829,59.092],[-106.755,59.162],[-106.7,59.244],[-106.621,59.288],[-106.303,59.345],[-106.169,59.312],[-106.066,59.21],[-106.057,59.126],[-106.125,58.973],[-106.23,58.859],[-106.307,58.657],[-106.476,58.573],[-106.649,58.408],[-106.687,58.407],[-106.739,58.437],[-106.753,58.454]]]}},{"type":"Feature","properties":{"density":3},"geometry":{"type":"Polygon","coordinates":[[[-103.284,57.396],[-103.483,57.571],[-103.532,57.639],[-103.545,57.699],[-103.465,57.85],[-103.407,57.885],[-103.308,57.906],[-103.273,57.896],[-103.252,57.855],[-103.23,57.748],[-103.246,57.606],[-103.227,57.405],[-103.235,57.386],[-103.281,57.396],[-103.284,57.396]]]}},{"type":"Feature","properties":{"density":3},"geometry":{"type":"Polygon","coordinates":[[[-99.674,59.98],[-99.696,60.022],[-99.692,60.122],[-99.625,60.26],[-99.558,60.348],[-99.479,60.424],[-99.272,60.544],[-99.169,60.581],[-99.088,60.59],[-98.978,60.59],[-98.853,60.543],[-98.603,60.353],[-98.528,60.322],[-98.451,60.263],[-98.362,60.168],[-98.342,60.105],[-98.355,60.05],[-98.39,60.012],[-98.699,59.938],[-98.985,59.892],[-99.082,59.832],[-99.187,59.74],[-99.226,59.734],[-99.286,59.753],[-99.329,59.786],[-99.356,59.833],[-99.349,59.881],[-99.196,59.986],[-99.154,60.034],[-99.139,60.085],[-99.16,60.105],[-99.2,60.122],[-99.342,60.133],[-99.413,60.118],[-99.531,60.037],[-99.599,59.955],[-99.639,59.941],[-99.672,59.972],[-99.674,59.98]]]}},{"type":"Feature","properties":{"density":3},"geometry":{"type":"Polygon","coordinates":[[[-113.668,58.967],[-113.678,59.095],[-113.663,59.227],[-113.619,59.35],[-113.565,59.418],[-113.493,59.437],[-113.394,59.439],[-113.316,59.418],[-113.209,59.361],[-113.186,59.33],[-113.193,59.254],[-113.273,59.205],[-113.405,59.165],[-113.538,59.074],[-113.623,58.958],[-113.652,58.949],[-113.665,58.961],[-113.668,58.967]]]}},{"type":"Feature","properties":{"density":3},"geometry":{"type":"Polygon","coordinates":[[[-114.036,60.107],[-114.077,60.16],[-114.235,60.256],[-114.477,60.373],[-114.534,60.473],[-114.536,60.563],[-114.497,60.658],[-114.402,60.699],[-114.255,60.715],[-113.942,60.699],[-113.86,60.675],[-113.208,60.649],[-112.816,60.612],[-112.64,60.553],[-112.449,60.454],[-112.413,60.37],[-112.418,60.298],[-112.467,60.265],[-112.66,60.208],[-113.215,60.269],[-113.38,60.28],[-113.592,60.271],[-113.796,60.215],[-113.874,60.096],[-113.942,60.061],[-113.998,60.052],[-114.036,60.065],[-114.04,60.087],[-114.036,60.107]]]}},{"type":"Feature","properties":{"density":3},"geometry":{"type":"Polygon","coordinates":[[[-115.408,64.891],[-114.941,64.856],[-114.825,64.891],[-114.506,64.891],[-114.353,64.867],[-114.06,64.766],[-113.388,64.618],[-113.104,64.483],[-112.602,64.08],[-112.462,63.998],[-112.23,63.94],[-112.035,63.811],[-111.94,63.64],[-111.995,63.486],[-112.123,63.335],[-112.717,63.289],[-113.035,63.372],[-113.44,63.446],[-113.771,63.446],[-114.079,63.477],[-115.184,63.665],[-115.347,63.732],[-115.526,63.836],[-115.623,63.955],[-116.036,64.598],[-116.104,64.811],[-116.089,64.903],[-116.007,65.035],[-115.959,65.075],[-115.869,65.077],[-115.435,64.901],[-115.408,64.891]]]}},{"type":"Feature","properties":{"density":3},"geometry":{"type":"Polygon","coordinates":[[[-112.569,38.405],[-112.078,38.971],[-111.587,39.353],[-111.499,39.402],[-110.952,39.796],[-110.668,39.974],[-110.376,40.065],[-110.248,40.122],[-110.013,40.16],[-109.809,40.098],[-109.695,39.953],[-109.63,39.789],[-109.63,39.677],[-109.643,39.591],[-109.689,39.51],[-109.768,39.444],[-110.242,39.282],[-110.898,39.092],[-111.311,38.893],[-111.472,38.838],[-111.582,38.742],[-111.666,38.691],[-111.992,38.569],[-112.225,38.282],[-112.363,38.194],[-112.449,38.197],[-112.527,38.225],[-112.598,38.324],[-112.579,38.388],[-112.569,38.405]]]}},{"type":"Feature","properties":{"density":3},"geometry":{"type":"Polygon","coordinates":[[[-111.823,34.985],[-111.74,35.121],[-111.607,35.263],[-111.47,35.36],[-111.395,35.374],[-111.361,35.365],[-111.353,35.342],[-111.374,35.286],[-111.527,35.19],[-111.794,34.958],[-111.823,34.974],[-111.823,34.985]]]}}]}