{"type":"FeatureCollection","features":[{"type":"Feature","properties":{"density":1},"geometry":{"type":"Polygon","coordinates":[[[-84.966,31.699],[-85.091,31.722],[-85.173,31.759],[-85.208,31.794],[-85.204,31.849],[-85.155,31.873],[-85.048,31.827],[-84.947,31.735],[-84.94,31.695],[-84.966,31.699]]]}},{"type":"Feature","properties":{"density":1},"geometry":{"type":"Polygon","coordinates":[[[-84.308,31.945],[-84.42,31.807],[-84.493,31.765],[-84.639,31.745],[-84.696,31.776],[-84.681,31.818],[-84.409,31.947],[-84.313,31.967],[-84.308,31.945]]]}},{"type":"Feature","properties":{"density":1},"geometry":{"type":"Polygon","coordinates":[[[-82.593,33.055],[-82.654,32.929],[-82.728,32.851],[-82.871,32.785],[-82.948,32.832],[-82.951,32.865],[-82.929,32.904],[-82.852,32.981],[-82.67,33.077],[-82.593,33.055]]]}},{"type":"Feature","properties":{"density":1},"geometry":{"type":"Polygon","coordinates":[[[-81.7,33.582],[-81.965,33.48],[-82.078,33.46],[-82.171,33.463],[-82.196,33.524],[-82.169,33.562],[-82.102,33.601],[-81.926,33.634],[-81.678,33.645],[-81.662,33.615],[-81.7,33.582]]]}},{"type":"Feature","properties":{"density":1},"geometry":{"type":"Polygon","coordinates":[[[-77.284,34.689],[-77.452,34.651],[-77.517,34.618],[-77.598,34.512],[-77.621,34.437],[-77.604,34.352],[-77.552,34.269],[-77.47,34.222],[-77.379,34.199],[-77.274,34.204],[-77.203,34.247],[-77.173,34.31],[-77.159,34.395],[-77.175,34.563],[-77.198,34.631],[-77.239,34.683],[-77.284,34.689]]]}},{"type":"Feature","properties":{"density":1},"geometry":{"type":"Polygon","coordinates":[[[-93.25,31.334],[-93.363,31.364],[-93.415,31.405],[-93.44,31.458],[-93.424,31.518],[-93.382,31.557],[-93.308,31.576],[-93.236,31.557],[-93.162,31.515],[-93.134,31.474],[-93.145,31.397],[-93.195,31.342],[-93.25,31.334]]]}},{"type":"Feature","properties":{"density":1},"geometry":{"type":"Polygon","coordinates":[[[-119.576,37.594],[-119.837,37.532],[-120.144,37.519],[-120.208,37.546],[-120.23,37.574],[-120.239,37.627],[-120.21,37.673],[-120.14,37.713],[-119.745,37.717],[-119.58,37.671],[-119.554,37.627],[-119.561,37.594],[-119.576,37.594]]]}},{"type":"Feature","properties":{"density":1},"geometry":{"type":"Polygon","coordinates":[[[-77.691,33.552],[-80.956,32.925],[-83.655,32.642],[-86.888,33.05],[-88.678,33.803],[-89.431,34.745],[-90.153,36.158],[-90.404,37.915],[-91.503,39.767],[-92.978,40.521],[-94.139,40.332],[-95.426,39.673],[-96.776,38.637],[-97.812,36.817],[-98.753,32.799],[-99.381,30.853],[-100.511,28.875],[-100.7,26.898],[-100.229,24.795],[-100.135,23.665],[-100.825,21.593],[-102.52,20.903],[-104.215,20.62],[-105.722,19.898],[-106.224,18.486],[-105.659,17.073],[-101.892,13.087],[-100.574,11.36],[-99.883,10.481],[-98.785,10.042],[-98.314,10.356],[-97.592,11.706],[-97.718,12.836],[-97.341,14.123],[-95.771,15.943],[-93.543,17.293],[-92.915,17.889],[-91.911,18.674],[-91.346,19.49],[-90.906,20.62],[-91.032,22.064],[-92.507,23.665],[-94.076,24.858],[-94.861,25.862],[-94.955,27.086],[-94.139,27.902],[-93.229,28.091],[-92.35,27.965],[-90.592,27.275],[-88.834,26.71],[-87.077,26.521],[-85.633,26.553],[-83.844,27.18],[-83.373,27.369],[-80.014,29.283],[-77.786,30.194],[-75.839,30.696],[-74.019,30.947],[-72.073,31.01],[-70.66,31.324],[-69.97,31.7],[-69.656,32.391],[-69.75,33.301],[-70.252,33.992],[-71.225,34.274],[-72.763,34.306],[-74.082,34.18],[-76.844,33.741],[-77.44,33.552],[-77.691,33.552]]]}},{"type":"Feature","properties":{"density":1},"geometry":{"type":"Polygon","coordinates":[[[-99.099,57.11],[-95.614,55.838],[-90.059,54.897],[-85.915,54.567],[-80.03,54.426],[-76.875,54.661],[-72.402,56.027],[-71.461,57.298],[-71.414,58.758],[-72.544,60.217],[-74.945,61.253],[-77.864,61.583],[-80.03,61.488],[-86.245,61.394],[-91.142,61.818],[-94.72,61.912],[-97.309,61.771],[-100.087,61.441],[-101.359,60.829],[-102.347,59.982],[-102.442,59.511],[-102.347,58.946],[-101.5,58.193],[-100.558,57.863],[-99.852,57.581],[-99.099,57.11]]]}},{"type":"Feature","properties":{"density":1},"geometry":{"type":"Polygon","coordinates":[[[-81.495,28.965],[-81.462,28.957],[-81.417,28.987],[-81.406,29.128],[-81.428,29.18],[-81.451,29.183],[-81.475,29.161],[-81.497,29.075],[-81.495,28.965]]]}},{"type":"Feature","properties":{"density":1},"geometry":{"type":"Polygon","coordinates":[[[-85.719,31.095],[-85.755,31.045],[-85.755,31.015],[-85.625,30.921],[-85.526,30.913],[-85.479,30.955],[-85.485,31.023],[-85.719,31.095]]]}},{"type":"Feature","properties":{"density":1},"geometry":{"type":"Polygon","coordinates":[[[-87.243,32.538],[-87.276,32.533],[-87.268,32.475],[-87.204,32.458],[-87.188,32.472],[-87.193,32.522],[-87.243,32.538]]]}},{"type":"Feature","properties":{"density":1},"geometry":{"type":"Polygon","coordinates":[[[-86.426,33.037],[-86.461,33.049],[-86.473,33.038],[-86.46,32.89],[-86.421,32.846],[-86.292,32.846],[-86.281,32.867],[-86.289,32.921],[-86.328,32.971],[-86.426,33.037]]]}},{"type":"Feature","properties":{"density":1},"geometry":{"type":"Polygon","coordinates":[[[-86.728,33.332],[-86.715,33.317],[-86.721,33.291],[-86.782,33.306],[-86.831,33.352],[-86.848,33.4],[-86.796,33.413],[-86.728,33.332]]]}},{"type":"Feature","properties":{"density":1},"geometry":{"type":"Polygon","coordinates":[[[-85.438,32.233],[-85.394,32.271],[-85.41,32.315],[-85.457,32.304],[-85.504,32.26],[-85.471,32.227],[-85.438,32.233]]]}},{"type":"Feature","properties":{"density":1},"geometry":{"type":"Polygon","coordinates":[[[-85.262,32.548],[-85.217,32.537],[-85.14,32.548],[-85.122,32.59],[-85.142,32.614],[-85.217,32.647],[-85.269,32.654],[-85.278,32.621],[-85.262,32.548]]]}},{"type":"Feature","properties":{"density":1},"geometry":{"type":"Polygon","coordinates":[[[-84.896,31.765],[-85.017,31.857],[-85.074,31.868],[-85.104,31.835],[-85.1,31.802],[-85.05,31.734],[-84.971,31.66],[-84.916,31.653],[-84.892,31.671],[-84.87,31.738],[-84.896,31.765]]]}},{"type":"Feature","properties":{"density":1},"geometry":{"type":"Polygon","coordinates":[[[-85.402,33.111],[-85.472,33.114],[-85.507,33.081],[-85.494,33.015],[-85.454,32.986],[-85.398,32.995],[-85.367,33.032],[-85.367,33.067],[-85.402,33.111]]]}},{"type":"Feature","properties":{"density":1},"geometry":{"type":"Polygon","coordinates":[[[-84.761,33.14],[-84.653,33.114],[-84.619,33.149],[-84.618,33.192],[-84.636,33.206],[-84.757,33.221],[-84.783,33.199],[-84.761,33.14]]]}},{"type":"Feature","properties":{"density":1},"geometry":{"type":"Polygon","coordinates":[[[-82.684,32.994],[-82.607,32.997],[-82.586,33.013],[-82.578,33.067],[-82.624,33.118],[-82.715,33.138],[-82.764,33.125],[-82.781,33.101],[-82.782,33.03],[-82.684,32.994]]]}},{"type":"Feature","properties":{"density":1},"geometry":{"type":"Polygon","coordinates":[[[-82.785,32.902],[-82.76,32.938],[-82.781,32.969],[-82.935,32.982],[-82.973,32.967],[-82.956,32.939],[-82.815,32.886],[-82.788,32.885],[-82.785,32.902]]]}},{"type":"Feature","properties":{"density":1},"geometry":{"type":"Polygon","coordinates":[[[-77.693,34.837],[-77.566,34.878],[-77.456,34.936],[-77.443,34.958],[-77.514,34.962],[-77.639,34.927],[-77.698,34.878],[-77.693,34.837]]]}},{"type":"Feature","properties":{"density":1},"geometry":{"type":"Polygon","coordinates":[[[-79.593,35.42],[-79.628,35.388],[-79.639,35.353],[-79.474,35.298],[-79.408,35.295],[-79.395,35.32],[-79.435,35.368],[-79.593,35.42]]]}},{"type":"Feature","properties":{"density":1},"geometry":{"type":"Polygon","coordinates":[[[-79.951,35.291],[-80.006,35.276],[-80.027,35.251],[-79.821,35.205],[-79.749,35.214],[-79.755,35.241],[-79.951,35.291]]]}},{"type":"Feature","properties":{"density":1},"geometry":{"type":"Polygon","coordinates":[[[-89.515,32.403],[-89.413,32.478],[-89.388,32.513],[-89.388,32.555],[-89.454,32.541],[-89.517,32.486],[-89.542,32.425],[-89.531,32.403],[-89.515,32.403]]]}},{"type":"Feature","properties":{"density":1},"geometry":{"type":"Polygon","coordinates":[[[-90.521,29.74],[-90.551,29.718],[-90.595,29.724],[-90.661,29.785],[-90.667,29.829],[-90.622,29.837],[-90.559,29.801],[-90.521,29.765],[-90.521,29.74]]]}},{"type":"Feature","properties":{"density":1},"geometry":{"type":"Polygon","coordinates":[[[-91.504,30.57],[-91.485,30.553],[-91.452,30.553],[-91.43,30.584],[-91.427,30.606],[-91.463,30.675],[-91.551,30.746],[-91.639,30.865],[-91.7,30.903],[-91.805,30.912],[-91.821,30.862],[-91.805,30.826],[-91.761,30.771],[-91.703,30.738],[-91.661,30.644],[-91.609,30.595],[-91.584,30.586],[-91.537,30.603],[-91.504,30.57]]]}},{"type":"Feature","properties":{"density":1},"geometry":{"type":"Polygon","coordinates":[[[-92.505,30.76],[-92.604,30.873],[-92.626,30.992],[-92.615,31.005],[-92.574,30.981],[-92.483,30.879],[-92.463,30.79],[-92.505,30.76]]]}},{"type":"Feature","properties":{"density":1},"geometry":{"type":"Polygon","coordinates":[[[-92.193,30.909],[-92.259,30.978],[-92.273,31.066],[-92.237,31.066],[-92.196,31.038],[-92.146,30.972],[-92.141,30.928],[-92.193,30.909]]]}},{"type":"Feature","properties":{"density":1},"geometry":{"type":"Polygon","coordinates":[[[-92.383,31.074],[-92.342,31.055],[-92.317,31.063],[-92.312,31.091],[-92.35,31.146],[-92.394,31.14],[-92.383,31.074]]]}},{"type":"Feature","properties":{"density":1},"geometry":{"type":"Polygon","coordinates":[[[-93.273,31.33],[-93.133,31.27],[-93.114,31.27],[-93.1,31.303],[-93.16,31.388],[-93.218,31.54],[-93.351,31.736],[-93.378,31.755],[-93.408,31.741],[-93.392,31.576],[-93.329,31.413],[-93.273,31.33]]]}},{"type":"Feature","properties":{"density":1},"geometry":{"type":"Polygon","coordinates":[[[-91.276,32.351],[-91.235,32.34],[-91.221,32.362],[-91.235,32.39],[-91.306,32.425],[-91.345,32.412],[-91.35,32.395],[-91.276,32.351]]]}},{"type":"Feature","properties":{"density":1},"geometry":{"type":"Polygon","coordinates":[[[-91.706,32.326],[-91.645,32.34],[-91.621,32.392],[-91.554,32.409],[-91.53,32.464],[-91.543,32.494],[-91.687,32.42],[-91.706,32.395],[-91.706,32.326]]]}},{"type":"Feature","properties":{"density":1},"geometry":{"type":"Polygon","coordinates":[[[-91.576,32.905],[-91.499,32.891],[-91.469,32.941],[-91.543,33.056],[-91.598,33.032],[-91.609,32.971],[-91.576,32.905]]]}},{"type":"Feature","properties":{"density":1},"geometry":{"type":"Polygon","coordinates":[[[-91.17,33.92],[-91.2,33.914],[-91.203,33.898],[-91.17,33.862],[-91.151,33.867],[-91.142,33.9],[-91.17,33.92]]]}},{"type":"Feature","properties":{"density":1},"geometry":{"type":"Polygon","coordinates":[[[-91.98,34.35],[-92.057,34.377],[-92.121,34.465],[-92.019,34.443],[-91.958,34.399],[-91.939,34.366],[-91.98,34.35]]]}},{"type":"Feature","properties":{"density":1},"geometry":{"type":"Polygon","coordinates":[[[-91.939,34.537],[-92.01,34.57],[-92.03,34.598],[-91.95,34.603],[-91.886,34.587],[-91.848,34.556],[-91.862,34.54],[-91.939,34.537]]]}},{"type":"Feature","properties":{"density":1},"geometry":{"type":"Polygon","coordinates":[[[-91.702,34.548],[-91.807,34.6],[-91.853,34.675],[-91.812,34.689],[-91.688,34.664],[-91.636,34.636],[-91.619,34.589],[-91.702,34.548]]]}},{"type":"Feature","properties":{"density":1},"geometry":{"type":"Polygon","coordinates":[[[-90.98,34.857],[-90.947,34.832],[-90.892,34.821],[-90.839,34.829],[-90.732,34.898],[-90.71,34.937],[-90.713,34.964],[-90.737,34.975],[-90.848,34.959],[-90.914,34.926],[-90.98,34.857]]]}},{"type":"Feature","properties":{"density":1},"geometry":{"type":"Polygon","coordinates":[[[-91.016,35.3],[-90.941,35.3],[-90.9,35.32],[-90.85,35.361],[-90.842,35.402],[-90.878,35.413],[-90.933,35.394],[-91.032,35.317],[-91.016,35.3]]]}},{"type":"Feature","properties":{"density":1},"geometry":{"type":"Polygon","coordinates":[[[-91.065,35.526],[-91.01,35.507],[-90.977,35.515],[-90.952,35.543],[-90.955,35.645],[-90.98,35.686],[-91.018,35.711],[-91.065,35.675],[-91.065,35.526]]]}},{"type":"Feature","properties":{"density":1},"geometry":{"type":"Polygon","coordinates":[[[-90.798,35.565],[-90.718,35.617],[-90.701,35.645],[-90.701,35.694],[-90.724,35.714],[-90.77,35.719],[-90.828,35.675],[-90.837,35.606],[-90.823,35.573],[-90.798,35.565]]]}},{"type":"Feature","properties":{"density":1},"geometry":{"type":"Polygon","coordinates":[[[-90.751,35.76],[-90.726,35.736],[-90.655,35.771],[-90.635,35.802],[-90.646,35.821],[-90.685,35.824],[-90.746,35.78],[-90.751,35.76]]]}},{"type":"Feature","properties":{"density":1},"geometry":{"type":"Polygon","coordinates":[[[-92.593,35.672],[-92.635,35.609],[-92.571,35.603],[-92.527,35.628],[-92.519,35.656],[-92.538,35.675],[-92.593,35.672]]]}},{"type":"Feature","properties":{"density":1},"geometry":{"type":"Polygon","coordinates":[[[-89.824,36.61],[-89.822,36.574],[-89.794,36.566],[-89.758,36.58],[-89.717,36.712],[-89.736,36.745],[-89.78,36.756],[-89.813,36.684],[-89.824,36.61]]]}},{"type":"Feature","properties":{"density":1},"geometry":{"type":"Polygon","coordinates":[[[-90.039,36.784],[-90.004,36.795],[-89.979,36.844],[-89.973,36.896],[-89.99,36.91],[-90.048,36.85],[-90.039,36.784]]]}},{"type":"Feature","properties":{"density":1},"geometry":{"type":"Polygon","coordinates":[[[-90.318,36.69],[-90.265,36.693],[-90.241,36.712],[-90.227,36.77],[-90.243,36.789],[-90.296,36.761],[-90.318,36.69]]]}},{"type":"Feature","properties":{"density":1},"geometry":{"type":"Polygon","coordinates":[[[-90.265,36.83],[-90.235,36.833],[-90.213,36.858],[-90.188,36.894],[-90.185,36.932],[-90.21,36.943],[-90.265,36.899],[-90.279,36.836],[-90.265,36.83]]]}},{"type":"Feature","properties":{"density":1},"geometry":{"type":"Polygon","coordinates":[[[-89.82,37.816],[-89.757,37.802],[-89.718,37.851],[-89.691,37.934],[-89.699,37.97],[-89.727,38.0],[-89.751,38.008],[-89.79,37.967],[-89.82,37.816]]]}},{"type":"Feature","properties":{"density":1},"geometry":{"type":"Polygon","coordinates":[[[-120.202,44.421],[-120.335,44.454],[-120.372,44.438],[-120.401,44.384],[-120.393,44.347],[-120.297,44.297],[-120.19,44.264],[-120.14,44.268],[-120.111,44.309],[-120.116,44.371],[-120.202,44.421]]]}},{"type":"Feature","properties":{"density":1},"geometry":{"type":"Polygon","coordinates":[[[-118.644,44.148],[-118.768,44.214],[-118.793,44.214],[-118.814,44.177],[-118.809,44.136],[-118.731,44.082],[-118.628,44.086],[-118.611,44.111],[-118.644,44.148]]]}},{"type":"Feature","properties":{"density":1},"geometry":{"type":"Polygon","coordinates":[[[-118.561,44.706],[-118.648,44.71],[-118.731,44.694],[-118.714,44.657],[-118.628,44.628],[-118.557,44.624],[-118.537,44.657],[-118.561,44.706]]]}},{"type":"Feature","properties":{"density":1},"geometry":{"type":"Polygon","coordinates":[[[-119.551,37.679],[-119.688,37.725],[-120.039,37.725],[-120.159,37.783],[-120.262,37.795],[-120.353,37.774],[-120.395,37.733],[-120.378,37.683],[-120.324,37.621],[-120.233,37.572],[-120.072,37.539],[-119.965,37.539],[-119.779,37.58],[-119.584,37.555],[-119.547,37.568],[-119.531,37.601],[-119.518,37.654],[-119.551,37.679]]]}},{"type":"Feature","properties":{"density":1},"geometry":{"type":"Polygon","coordinates":[[[-92.061,18.012],[-92.099,17.966],[-92.207,17.922],[-92.27,17.922],[-92.383,17.988],[-92.49,17.977],[-92.51,17.944],[-92.419,17.869],[-92.347,17.847],[-92.138,17.853],[-92.077,17.872],[-92.039,17.91],[-92.022,17.946],[-92.022,18.001],[-92.061,18.012]]]}},{"type":"Feature","properties":{"density":1},"geometry":{"type":"Polygon","coordinates":[[[-77.255,34.708],[-77.315,34.683],[-77.395,34.622],[-77.426,34.567],[-77.393,34.526],[-77.282,34.548],[-77.186,34.595],[-77.087,34.685],[-77.026,34.785],[-77.015,34.834],[-77.065,34.837],[-77.161,34.793],[-77.252,34.73],[-77.255,34.708]]]}},{"type":"Feature","properties":{"density":1},"geometry":{"type":"Polygon","coordinates":[[[-68.896,18.812],[-68.971,18.799],[-69.001,18.779],[-68.863,18.793],[-68.88,18.815],[-68.896,18.812]]]}},{"type":"Feature","properties":{"density":1},"geometry":{"type":"Polygon","coordinates":[[[-68.786,18.548],[-68.885,18.526],[-68.761,18.545],[-68.786,18.548]]]}},{"type":"Feature","properties":{"density":1},"geometry":{"type":"Polygon","coordinates":[[[-70.191,19.171],[-70.23,19.162],[-70.266,19.206],[-70.255,19.237],[-70.211,19.226],[-70.191,19.171]]]}},{"type":"Feature","properties":{"density":1},"geometry":{"type":"Polygon","coordinates":[[[-81.517,27.841],[-81.457,27.883],[-81.409,27.942],[-81.339,28.065],[-81.398,28.037],[-81.503,27.931],[-81.528,27.878],[-81.517,27.841]]]}},{"type":"Feature","properties":{"density":1},"geometry":{"type":"Polygon","coordinates":[[[-86.822,30.669],[-86.857,30.661],[-86.888,30.575],[-86.896,30.454],[-86.883,30.424],[-86.802,30.395],[-86.754,30.404],[-86.712,30.444],[-86.682,30.54],[-86.765,30.634],[-86.822,30.669]]]}},{"type":"Feature","properties":{"density":1},"geometry":{"type":"Polygon","coordinates":[[[-85.706,31.075],[-85.838,30.997],[-85.877,30.953],[-85.877,30.915],[-85.769,30.794],[-85.742,30.711],[-85.662,30.661],[-85.684,30.623],[-85.69,30.548],[-85.662,30.523],[-85.623,30.554],[-85.593,30.65],[-85.447,30.67],[-85.392,30.714],[-85.287,30.849],[-85.29,30.884],[-85.312,30.909],[-85.436,30.986],[-85.61,31.069],[-85.706,31.075]]]}},{"type":"Feature","properties":{"density":1},"geometry":{"type":"Polygon","coordinates":[[[-87.158,31.477],[-87.302,31.375],[-87.293,31.35],[-87.191,31.369],[-87.098,31.408],[-87.076,31.441],[-87.089,31.463],[-87.158,31.477]]]}},{"type":"Feature","properties":{"density":1},"geometry":{"type":"Polygon","coordinates":[[[-87.213,32.538],[-87.246,32.543],[-87.269,32.508],[-87.246,32.251],[-87.23,32.24],[-87.158,32.265],[-87.145,32.293],[-87.161,32.392],[-87.213,32.538]]]}},{"type":"Feature","properties":{"density":1},"geometry":{"type":"Polygon","coordinates":[[[-86.409,32.993],[-86.428,32.869],[-86.48,32.78],[-86.547,32.753],[-86.646,32.811],[-86.665,32.899],[-86.549,33.001],[-86.505,33.023],[-86.423,33.034],[-86.392,33.023],[-86.409,32.993]]]}},{"type":"Feature","properties":{"density":1},"geometry":{"type":"Polygon","coordinates":[[[-86.715,33.329],[-86.764,33.352],[-86.852,33.288],[-86.883,33.216],[-86.872,33.192],[-86.83,33.186],[-86.748,33.23],[-86.709,33.285],[-86.715,33.329]]]}},{"type":"Feature","properties":{"density":1},"geometry":{"type":"Polygon","coordinates":[[[-85.528,32.871],[-85.47,32.871],[-85.41,32.906],[-85.388,32.978],[-85.393,33.014],[-85.454,33.121],[-85.548,33.154],[-85.619,33.124],[-85.633,33.102],[-85.622,33.033],[-85.528,32.871]]]}},{"type":"Feature","properties":{"density":1},"geometry":{"type":"Polygon","coordinates":[[[-85.165,32.59],[-85.28,32.669],[-85.341,32.686],[-85.38,32.656],[-85.385,32.592],[-85.371,32.551],[-85.324,32.485],[-85.286,32.463],[-85.253,32.466],[-85.189,32.507],[-85.159,32.548],[-85.165,32.59]]]}},{"type":"Feature","properties":{"density":1},"geometry":{"type":"Polygon","coordinates":[[[-84.798,31.716],[-84.82,31.76],[-84.886,31.818],[-84.936,31.826],[-84.983,31.812],[-85.098,31.857],[-85.154,31.843],[-85.195,31.801],[-85.198,31.757],[-85.165,31.697],[-85.156,31.622],[-85.107,31.553],[-85.007,31.545],[-84.853,31.609],[-84.806,31.675],[-84.798,31.716]]]}},{"type":"Feature","properties":{"density":1},"geometry":{"type":"Polygon","coordinates":[[[-85.605,31.903],[-85.655,31.914],[-85.691,31.887],[-85.683,31.746],[-85.663,31.719],[-85.628,31.711],[-85.572,31.755],[-85.556,31.807],[-85.561,31.843],[-85.605,31.903]]]}},{"type":"Feature","properties":{"density":1},"geometry":{"type":"Polygon","coordinates":[[[-84.281,30.888],[-84.32,30.916],[-84.353,30.993],[-84.35,31.032],[-84.323,31.065],[-84.292,31.07],[-84.257,31.029],[-84.243,30.96],[-84.248,30.905],[-84.281,30.888]]]}},{"type":"Feature","properties":{"density":1},"geometry":{"type":"Polygon","coordinates":[[[-81.936,31.729],[-82.011,31.737],[-82.024,31.759],[-82.024,31.831],[-81.983,31.872],[-81.95,31.878],[-81.892,31.831],[-81.9,31.756],[-81.917,31.723],[-81.936,31.729]]]}},{"type":"Feature","properties":{"density":1},"geometry":{"type":"Polygon","coordinates":[[[-82.578,33.029],[-82.625,33.082],[-82.733,33.159],[-82.78,33.184],[-82.824,33.181],[-83.066,32.961],[-83.116,32.872],[-83.11,32.845],[-83.0,32.826],[-82.857,32.839],[-82.686,32.905],[-82.581,32.994],[-82.578,33.029]]]}},{"type":"Feature","properties":{"density":1},"geometry":{"type":"Polygon","coordinates":[[[-82.452,33.294],[-82.589,33.277],[-82.642,33.302],[-82.642,33.324],[-82.576,33.377],[-82.487,33.39],[-82.41,33.344],[-82.416,33.313],[-82.452,33.294]]]}},{"type":"Feature","properties":{"density":1},"geometry":{"type":"Polygon","coordinates":[[[-82.205,33.739],[-82.387,33.822],[-82.512,33.855],[-82.554,33.833],[-82.577,33.738],[-82.573,33.71],[-82.492,33.655],[-82.325,33.626],[-82.216,33.655],[-82.189,33.716],[-82.205,33.739]]]}},{"type":"Feature","properties":{"density":1},"geometry":{"type":"Polygon","coordinates":[[[-82.453,33.932],[-82.549,33.938],[-82.608,33.918],[-82.428,33.896],[-82.453,33.932]]]}},{"type":"Feature","properties":{"density":1},"geometry":{"type":"Polygon","coordinates":[[[-83.223,34.25],[-83.158,34.274],[-83.147,34.298],[-83.188,34.314],[-83.23,34.294],[-83.236,34.252],[-83.223,34.25]]]}},{"type":"Feature","properties":{"density":1},"geometry":{"type":"Polygon","coordinates":[[[-84.201,34.392],[-84.133,34.396],[-84.126,34.445],[-84.15,34.46],[-84.201,34.458],[-84.214,34.442],[-84.201,34.392]]]}},{"type":"Feature","properties":{"density":1},"geometry":{"type":"Polygon","coordinates":[[[-84.73,33.061],[-84.627,33.113],[-84.528,33.302],[-84.546,33.339],[-84.671,33.348],[-84.772,33.311],[-84.873,33.247],[-84.892,33.181],[-84.861,33.109],[-84.818,33.072],[-84.73,33.061]]]}},{"type":"Feature","properties":{"density":1},"geometry":{"type":"Polygon","coordinates":[[[-79.949,35.287],[-79.979,35.262],[-79.974,35.19],[-79.952,35.152],[-79.853,35.072],[-79.764,35.039],[-79.698,35.042],[-79.613,35.113],[-79.596,35.21],[-79.607,35.24],[-79.654,35.273],[-79.814,35.314],[-79.949,35.287]]]}},{"type":"Feature","properties":{"density":1},"geometry":{"type":"Polygon","coordinates":[[[-79.599,35.416],[-79.665,35.392],[-79.679,35.35],[-79.585,35.309],[-79.456,35.295],[-79.354,35.306],[-79.304,35.339],[-79.304,35.361],[-79.365,35.394],[-79.599,35.416]]]}},{"type":"Feature","properties":{"density":1},"geometry":{"type":"Polygon","coordinates":[[[-87.56,36.562],[-87.483,36.565],[-87.45,36.598],[-87.447,36.631],[-87.48,36.662],[-87.527,36.664],[-87.563,36.642],[-87.576,36.609],[-87.56,36.562]]]}},{"type":"Feature","properties":{"density":1},"geometry":{"type":"Polygon","coordinates":[[[-87.439,36.518],[-87.375,36.491],[-87.364,36.543],[-87.384,36.565],[-87.414,36.565],[-87.441,36.543],[-87.439,36.518]]]}},{"type":"Feature","properties":{"density":1},"geometry":{"type":"Polygon","coordinates":[[[-88.733,35.846],[-88.629,35.902],[-88.587,35.943],[-88.585,35.968],[-88.615,35.968],[-88.714,35.91],[-88.764,35.855],[-88.733,35.846]]]}},{"type":"Feature","properties":{"density":1},"geometry":{"type":"Polygon","coordinates":[[[-89.422,35.287],[-89.49,35.302],[-89.496,35.326],[-89.443,35.39],[-89.397,35.405],[-89.373,35.397],[-89.353,35.351],[-89.422,35.287]]]}},{"type":"Feature","properties":{"density":1},"geometry":{"type":"Polygon","coordinates":[[[-88.333,35.226],[-88.414,35.204],[-88.397,35.191],[-88.322,35.19],[-88.311,35.208],[-88.333,35.226]]]}},{"type":"Feature","properties":{"density":1},"geometry":{"type":"Polygon","coordinates":[[[-87.054,35.425],[-87.089,35.403],[-87.084,35.381],[-87.038,35.377],[-87.01,35.392],[-87.018,35.412],[-87.054,35.425]]]}},{"type":"Feature","properties":{"density":1},"geometry":{"type":"Polygon","coordinates":[[[-85.118,35.891],[-85.079,35.897],[-85.063,35.936],[-85.074,35.955],[-85.129,35.958],[-85.118,35.891]]]}},{"type":"Feature","properties":{"density":1},"geometry":{"type":"Polygon","coordinates":[[[-88.247,34.743],[-88.258,34.712],[-88.244,34.698],[-88.192,34.698],[-88.181,34.743],[-88.23,34.759],[-88.247,34.743]]]}},{"type":"Feature","properties":{"density":1},"geometry":{"type":"Polygon","coordinates":[[[-89.027,33.946],[-88.958,33.952],[-88.944,33.979],[-88.977,34.04],[-89.005,34.045],[-89.043,34.018],[-89.049,33.996],[-89.027,33.946]]]}},{"type":"Feature","properties":{"density":1},"geometry":{"type":"Polygon","coordinates":[[[-89.595,32.761],[-89.534,32.764],[-89.517,32.811],[-89.545,32.847],[-89.586,32.836],[-89.595,32.761]]]}},{"type":"Feature","properties":{"density":1},"geometry":{"type":"Polygon","coordinates":[[[-91.267,30.22],[-91.328,30.265],[-91.422,30.402],[-91.424,30.444],[-91.377,30.521],[-91.38,30.554],[-91.364,30.576],[-91.278,30.546],[-91.185,30.455],[-91.179,30.427],[-91.242,30.35],[-91.215,30.3],[-91.223,30.245],[-91.267,30.22]]]}},{"type":"Feature","properties":{"density":1},"geometry":{"type":"Polygon","coordinates":[[[-91.747,29.926],[-91.692,29.928],[-91.681,29.956],[-91.744,30.08],[-91.846,30.201],[-91.929,30.265],[-91.956,30.243],[-91.942,30.196],[-91.843,30.061],[-91.824,30.011],[-91.747,29.926]]]}},{"type":"Feature","properties":{"density":1},"geometry":{"type":"Polygon","coordinates":[[[-92.121,30.251],[-92.168,30.234],[-92.218,30.281],[-92.301,30.48],[-92.309,30.515],[-92.29,30.543],[-92.265,30.554],[-92.215,30.496],[-92.119,30.276],[-92.121,30.251]]]}},{"type":"Feature","properties":{"density":1},"geometry":{"type":"Polygon","coordinates":[[[-92.381,30.367],[-92.692,30.648],[-92.706,30.694],[-92.673,30.747],[-92.64,30.744],[-92.582,30.678],[-92.342,30.361],[-92.381,30.367]]]}},{"type":"Feature","properties":{"density":1},"geometry":{"type":"Polygon","coordinates":[[[-91.901,30.424],[-92.11,30.62],[-92.182,30.722],[-92.199,30.805],[-92.133,30.824],[-92.072,30.783],[-91.898,30.48],[-91.89,30.433],[-91.901,30.424]]]}},{"type":"Feature","properties":{"density":1},"geometry":{"type":"Polygon","coordinates":[[[-91.501,30.664],[-91.493,30.821],[-91.521,30.876],[-91.603,30.934],[-91.664,30.934],[-91.752,31.022],[-91.86,31.094],[-91.978,31.152],[-92.02,31.152],[-92.042,31.111],[-92.05,31.042],[-91.942,30.871],[-91.813,30.758],[-91.656,30.653],[-91.535,30.648],[-91.501,30.664]]]}},{"type":"Feature","properties":{"density":1},"geometry":{"type":"Polygon","coordinates":[[[-92.363,31.027],[-92.454,31.197],[-92.443,31.233],[-92.412,31.222],[-92.365,31.173],[-92.302,31.079],[-92.31,31.054],[-92.363,31.027]]]}},{"type":"Feature","properties":{"density":1},"geometry":{"type":"Polygon","coordinates":[[[-93.283,31.346],[-93.424,31.487],[-93.548,31.644],[-93.619,31.768],[-93.625,31.845],[-93.586,31.856],[-93.545,31.815],[-93.28,31.478],[-93.211,31.382],[-93.195,31.332],[-93.206,31.299],[-93.253,31.302],[-93.283,31.346]]]}},{"type":"Feature","properties":{"density":1},"geometry":{"type":"Polygon","coordinates":[[[-91.222,32.377],[-91.315,32.471],[-91.384,32.513],[-91.442,32.477],[-91.456,32.446],[-91.398,32.369],[-91.335,32.336],[-91.227,32.353],[-91.222,32.377]]]}},{"type":"Feature","properties":{"density":1},"geometry":{"type":"Polygon","coordinates":[[[-91.503,32.617],[-91.569,32.639],[-91.591,32.631],[-91.61,32.584],[-91.602,32.554],[-91.525,32.54],[-91.475,32.557],[-91.453,32.579],[-91.503,32.617]]]}},{"type":"Feature","properties":{"density":1},"geometry":{"type":"Polygon","coordinates":[[[-91.69,32.375],[-91.723,32.342],[-91.701,32.314],[-91.663,32.311],[-91.649,32.336],[-91.66,32.364],[-91.69,32.375]]]}},{"type":"Feature","properties":{"density":1},"geometry":{"type":"Polygon","coordinates":[[[-91.958,32.242],[-91.996,32.253],[-92.046,32.234],[-92.046,32.201],[-92.007,32.176],[-91.966,32.176],[-91.941,32.193],[-91.941,32.24],[-91.958,32.242]]]}},{"type":"Feature","properties":{"density":1},"geometry":{"type":"Polygon","coordinates":[[[-91.577,32.783],[-91.619,32.838],[-91.619,32.862],[-91.583,32.882],[-91.456,32.89],[-91.442,32.904],[-91.484,32.934],[-91.55,33.028],[-91.597,33.042],[-91.698,32.992],[-91.787,32.915],[-91.798,32.843],[-91.718,32.733],[-91.665,32.716],[-91.616,32.714],[-91.586,32.73],[-91.563,32.777],[-91.577,32.783]]]}},{"type":"Feature","properties":{"density":1},"geometry":{"type":"Polygon","coordinates":[[[-90.304,33.123],[-90.246,33.134],[-90.21,33.159],[-90.188,33.192],[-90.202,33.216],[-90.241,33.225],[-90.29,33.192],[-90.312,33.156],[-90.304,33.112],[-90.304,33.123]]]}},{"type":"Feature","properties":{"density":1},"geometry":{"type":"Polygon","coordinates":[[[-90.353,34.418],[-90.309,34.421],[-90.287,34.457],[-90.296,34.501],[-90.32,34.514],[-90.348,34.517],[-90.387,34.484],[-90.395,34.451],[-90.353,34.418]]]}},{"type":"Feature","properties":{"density":1},"geometry":{"type":"Polygon","coordinates":[[[-91.401,33.431],[-91.436,33.412],[-91.445,33.382],[-91.431,33.368],[-91.357,33.396],[-91.359,33.429],[-91.401,33.431]]]}},{"type":"Feature","properties":{"density":1},"geometry":{"type":"Polygon","coordinates":[[[-91.544,34.197],[-91.588,34.195],[-91.613,34.175],[-91.613,34.156],[-91.574,34.129],[-91.525,34.137],[-91.508,34.186],[-91.544,34.197]]]}},{"type":"Feature","properties":{"density":1},"geometry":{"type":"Polygon","coordinates":[[[-91.299,34.002],[-91.216,33.999],[-91.199,34.018],[-91.188,34.054],[-91.122,34.123],[-91.142,34.181],[-91.194,34.211],[-91.246,34.217],[-91.271,34.2],[-91.318,34.076],[-91.299,34.002]]]}},{"type":"Feature","properties":{"density":1},"geometry":{"type":"Polygon","coordinates":[[[-90.985,34.175],[-91.034,34.222],[-91.045,34.203],[-91.018,34.153],[-90.985,34.145],[-90.974,34.156],[-90.985,34.175]]]}},{"type":"Feature","properties":{"density":1},"geometry":{"type":"Polygon","coordinates":[[[-91.293,34.437],[-91.365,34.47],[-91.384,34.451],[-91.362,34.36],[-91.337,34.33],[-91.293,34.313],[-91.274,34.322],[-91.271,34.36],[-91.277,34.418],[-91.293,34.437]]]}},{"type":"Feature","properties":{"density":1},"geometry":{"type":"Polygon","coordinates":[[[-90.971,34.341],[-90.954,34.275],[-90.91,34.233],[-90.822,34.242],[-90.778,34.288],[-90.77,34.448],[-90.852,34.528],[-90.907,34.536],[-90.949,34.495],[-90.971,34.341]]]}},{"type":"Feature","properties":{"density":1},"geometry":{"type":"Polygon","coordinates":[[[-91.764,34.851],[-91.847,34.906],[-91.897,34.897],[-91.908,34.873],[-91.886,34.831],[-91.803,34.798],[-91.77,34.82],[-91.764,34.851]]]}},{"type":"Feature","properties":{"density":1},"geometry":{"type":"Polygon","coordinates":[[[-91.886,34.765],[-91.93,34.765],[-91.938,34.688],[-91.966,34.666],[-91.996,34.68],[-92.018,34.738],[-92.068,34.754],[-92.095,34.685],[-92.062,34.633],[-92.062,34.578],[-92.032,34.545],[-91.891,34.528],[-91.877,34.448],[-91.808,34.393],[-91.753,34.416],[-91.75,34.464],[-91.783,34.552],[-91.724,34.545],[-91.656,34.355],[-91.625,34.332],[-91.559,34.341],[-91.52,34.418],[-91.601,34.526],[-91.601,34.574],[-91.577,34.622],[-91.595,34.67],[-91.645,34.716],[-91.75,34.743],[-91.807,34.679],[-91.847,34.671],[-91.862,34.682],[-91.856,34.743],[-91.886,34.765]]]}},{"type":"Feature","properties":{"density":1},"geometry":{"type":"Polygon","coordinates":[[[-90.988,34.99],[-90.955,34.979],[-90.878,34.993],[-90.844,35.017],[-90.844,35.056],[-90.855,35.086],[-90.911,35.128],[-90.991,35.155],[-91.048,35.133],[-91.059,35.1],[-91.054,35.053],[-91.029,35.012],[-90.988,34.99]]]}},{"type":"Feature","properties":{"density":1},"geometry":{"type":"Polygon","coordinates":[[[-90.751,35.301],[-90.718,35.279],[-90.671,35.282],[-90.632,35.323],[-90.624,35.362],[-90.638,35.395],[-90.704,35.398],[-90.751,35.301]]]}},{"type":"Feature","properties":{"density":1},"geometry":{"type":"Polygon","coordinates":[[[-91.108,35.352],[-91.138,35.369],[-91.163,35.429],[-91.163,35.49],[-91.13,35.528],[-91.13,35.551],[-91.174,35.586],[-91.185,35.661],[-91.102,35.782],[-90.915,35.823],[-90.851,35.823],[-90.818,35.854],[-90.722,35.87],[-90.703,35.87],[-90.606,35.793],[-90.59,35.727],[-90.609,35.705],[-90.664,35.719],[-90.7,35.697],[-90.697,35.589],[-90.763,35.537],[-90.862,35.551],[-90.937,35.694],[-90.956,35.716],[-90.989,35.721],[-91.008,35.694],[-90.934,35.553],[-90.876,35.484],[-90.799,35.44],[-90.81,35.393],[-90.904,35.292],[-91.017,35.311],[-91.108,35.352]]]}},{"type":"Feature","properties":{"density":1},"geometry":{"type":"Polygon","coordinates":[[[-90.57,35.484],[-90.598,35.484],[-90.642,35.531],[-90.623,35.581],[-90.551,35.6],[-90.496,35.592],[-90.49,35.567],[-90.523,35.504],[-90.548,35.473],[-90.57,35.484]]]}},{"type":"Feature","properties":{"density":1},"geometry":{"type":"Polygon","coordinates":[[[-91.397,35.526],[-91.317,35.517],[-91.273,35.528],[-91.237,35.553],[-91.221,35.586],[-91.232,35.628],[-91.309,35.683],[-91.35,35.686],[-91.391,35.661],[-91.425,35.592],[-91.397,35.526]]]}},{"type":"Feature","properties":{"density":1},"geometry":{"type":"Polygon","coordinates":[[[-90.066,35.898],[-89.989,35.912],[-89.97,35.975],[-90.033,35.98],[-90.058,35.964],[-90.077,35.936],[-90.066,35.898]]]}},{"type":"Feature","properties":{"density":1},"geometry":{"type":"Polygon","coordinates":[[[-90.058,36.016],[-89.986,36.044],[-89.95,36.082],[-89.953,36.102],[-89.978,36.118],[-90.036,36.096],[-90.074,36.044],[-90.058,36.016]]]}},{"type":"Feature","properties":{"density":1},"geometry":{"type":"Polygon","coordinates":[[[-89.967,36.184],[-89.92,36.151],[-89.865,36.168],[-89.812,36.212],[-89.812,36.253],[-89.881,36.325],[-89.928,36.339],[-89.964,36.259],[-89.967,36.184]]]}},{"type":"Feature","properties":{"density":1},"geometry":{"type":"Polygon","coordinates":[[[-89.829,36.358],[-89.779,36.339],[-89.752,36.347],[-89.733,36.397],[-89.785,36.405],[-89.81,36.394],[-89.829,36.358]]]}},{"type":"Feature","properties":{"density":1},"geometry":{"type":"Polygon","coordinates":[[[-89.691,36.402],[-89.691,36.363],[-89.647,36.352],[-89.531,36.374],[-89.485,36.397],[-89.46,36.435],[-89.465,36.471],[-89.493,36.487],[-89.592,36.479],[-89.691,36.402]]]}},{"type":"Feature","properties":{"density":1},"geometry":{"type":"Polygon","coordinates":[[[-89.983,36.394],[-89.931,36.383],[-89.879,36.41],[-89.862,36.567],[-89.906,36.606],[-89.95,36.57],[-89.97,36.402],[-89.983,36.394]]]}},{"type":"Feature","properties":{"density":1},"geometry":{"type":"Polygon","coordinates":[[[-89.719,36.496],[-89.672,36.537],[-89.664,36.581],[-89.763,36.675],[-89.793,36.669],[-89.812,36.639],[-89.785,36.559],[-89.741,36.501],[-89.719,36.496]]]}},{"type":"Feature","properties":{"density":1},"geometry":{"type":"Polygon","coordinates":[[[-90.926,36.35],[-90.934,36.319],[-90.923,36.306],[-90.884,36.306],[-90.747,36.355],[-90.716,36.35],[-90.694,36.325],[-90.703,36.262],[-90.758,36.228],[-90.793,36.146],[-90.816,36.151],[-90.829,36.206],[-90.862,36.215],[-90.901,36.195],[-90.912,36.162],[-90.849,35.958],[-90.835,35.936],[-90.805,35.928],[-90.785,35.945],[-90.788,35.975],[-90.824,36.019],[-90.827,36.11],[-90.799,36.14],[-90.758,36.14],[-90.714,36.08],[-90.672,36.085],[-90.623,36.179],[-90.625,36.228],[-90.603,36.278],[-90.532,36.273],[-90.364,36.35],[-90.369,36.394],[-90.311,36.493],[-90.32,36.529],[-90.386,36.617],[-90.441,36.653],[-90.485,36.636],[-90.499,36.595],[-90.485,36.51],[-90.496,36.485],[-90.658,36.463],[-90.692,36.554],[-90.727,36.595],[-90.832,36.634],[-90.868,36.595],[-90.838,36.435],[-90.926,36.35]]]}},{"type":"Feature","properties":{"density":1},"geometry":{"type":"Polygon","coordinates":[[[-90.245,36.438],[-90.209,36.457],[-90.176,36.504],[-90.184,36.556],[-90.24,36.526],[-90.245,36.438]]]}},{"type":"Feature","properties":{"density":1},"geometry":{"type":"Polygon","coordinates":[[[-90.35,36.705],[-90.303,36.645],[-90.27,36.642],[-90.24,36.667],[-90.193,36.846],[-90.215,37.017],[-90.292,37.13],[-90.336,37.146],[-90.361,37.127],[-90.386,37.041],[-90.38,36.815],[-90.35,36.705]]]}},{"type":"Feature","properties":{"density":1},"geometry":{"type":"Polygon","coordinates":[[[-90.196,36.697],[-90.209,36.628],[-90.19,36.603],[-90.162,36.617],[-90.162,36.672],[-90.165,36.694],[-90.196,36.697]]]}},{"type":"Feature","properties":{"density":1},"geometry":{"type":"Polygon","coordinates":[[[-89.854,36.796],[-89.766,36.791],[-89.694,36.843],[-89.724,36.942],[-89.774,36.992],[-89.724,37.041],[-89.724,37.074],[-89.755,37.094],[-89.823,37.094],[-89.931,36.904],[-89.901,36.837],[-89.873,36.799],[-89.854,36.796]]]}},{"type":"Feature","properties":{"density":1},"geometry":{"type":"Polygon","coordinates":[[[-90.019,36.857],[-90.083,37.069],[-90.052,37.113],[-89.997,36.909],[-89.997,36.871],[-90.019,36.857]]]}},{"type":"Feature","properties":{"density":1},"geometry":{"type":"Polygon","coordinates":[[[-90.202,37.897],[-90.178,38.038],[-90.205,38.082],[-90.23,38.076],[-90.249,38.038],[-90.263,37.93],[-90.23,37.9],[-90.202,37.897]]]}},{"type":"Feature","properties":{"density":1},"geometry":{"type":"Polygon","coordinates":[[[-93.231,39.564],[-93.218,39.514],[-93.173,39.469],[-93.111,39.481],[-93.057,39.576],[-93.053,39.626],[-93.094,39.655],[-93.144,39.651],[-93.181,39.618],[-93.202,39.564],[-93.231,39.564]]]}},{"type":"Feature","properties":{"density":1},"geometry":{"type":"Polygon","coordinates":[[[-85.554,39.503],[-85.546,39.461],[-85.516,39.437],[-85.419,39.464],[-85.356,39.539],[-85.293,39.585],[-85.282,39.63],[-85.298,39.679],[-85.334,39.712],[-85.411,39.707],[-85.53,39.583],[-85.554,39.503]]]}},{"type":"Feature","properties":{"density":1},"geometry":{"type":"Polygon","coordinates":[[[-84.852,46.437],[-84.85,46.401],[-84.808,46.332],[-84.764,46.321],[-84.737,46.34],[-84.717,46.417],[-84.701,46.765],[-84.723,46.88],[-84.759,46.949],[-84.795,46.974],[-84.836,46.963],[-84.855,46.889],[-84.869,46.561],[-84.852,46.437]]]}},{"type":"Feature","properties":{"density":1},"geometry":{"type":"Polygon","coordinates":[[[-88.428,45.142],[-88.424,45.088],[-88.383,45.068],[-88.346,45.08],[-88.312,45.117],[-88.279,45.196],[-88.259,45.312],[-88.271,45.398],[-88.3,45.436],[-88.337,45.423],[-88.403,45.283],[-88.436,45.183],[-88.428,45.142]]]}},{"type":"Feature","properties":{"density":1},"geometry":{"type":"Polygon","coordinates":[[[-116.239,44.968],[-116.23,44.928],[-116.168,44.943],[-116.125,44.998],[-116.131,45.051],[-116.202,45.053],[-116.239,45.009],[-116.239,44.968]]]}},{"type":"Feature","properties":{"density":1},"geometry":{"type":"Polygon","coordinates":[[[-118.721,44.153],[-118.779,44.131],[-118.795,44.103],[-118.569,44.084],[-118.539,44.095],[-118.525,44.12],[-118.721,44.153]]]}},{"type":"Feature","properties":{"density":1},"geometry":{"type":"Polygon","coordinates":[[[-120.162,44.403],[-120.311,44.453],[-120.344,44.453],[-120.388,44.428],[-120.383,44.395],[-120.35,44.37],[-120.126,44.31],[-120.024,44.23],[-119.961,44.205],[-119.961,44.246],[-119.991,44.279],[-120.162,44.403]]]}},{"type":"Feature","properties":{"density":1},"geometry":{"type":"Polygon","coordinates":[[[-119.528,37.681],[-119.723,37.723],[-119.822,37.687],[-119.949,37.687],[-120.018,37.645],[-119.999,37.406],[-119.927,37.207],[-119.889,37.166],[-119.839,37.136],[-119.701,37.127],[-119.624,37.202],[-119.613,37.375],[-119.511,37.513],[-119.484,37.577],[-119.503,37.667],[-119.528,37.681]]]}},{"type":"Feature","properties":{"density":1},"geometry":{"type":"Polygon","coordinates":[[[-118.164,34.794],[-118.345,34.557],[-118.37,34.482],[-118.384,34.419],[-118.376,34.262],[-118.365,34.207],[-118.329,34.174],[-118.29,34.207],[-118.221,34.372],[-118.194,34.529],[-118.097,34.766],[-118.13,34.802],[-118.164,34.794]]]}},{"type":"Feature","properties":{"density":1},"geometry":{"type":"Polygon","coordinates":[[[-94.804,17.517],[-94.848,17.517],[-94.884,17.495],[-94.881,17.453],[-94.834,17.36],[-94.741,17.288],[-94.697,17.28],[-94.661,17.299],[-94.653,17.343],[-94.688,17.431],[-94.741,17.492],[-94.804,17.517]]]}},{"type":"Feature","properties":{"density":1},"geometry":{"type":"Polygon","coordinates":[[[-93.377,18.324],[-93.47,18.244],[-93.44,18.228],[-93.269,18.244],[-93.209,18.258],[-93.17,18.291],[-93.178,18.319],[-93.377,18.324]]]}},{"type":"Feature","properties":{"density":1},"geometry":{"type":"Polygon","coordinates":[[[-93.024,18.296],[-93.057,18.277],[-93.074,18.239],[-92.897,18.208],[-92.842,18.225],[-92.826,18.25],[-92.881,18.274],[-93.024,18.296]]]}},{"type":"Feature","properties":{"density":1},"geometry":{"type":"Polygon","coordinates":[[[-92.33,18.211],[-92.385,18.197],[-92.404,18.164],[-92.396,18.101],[-92.649,17.969],[-92.655,17.889],[-92.484,17.574],[-92.401,17.478],[-92.316,17.428],[-92.183,17.395],[-92.043,17.401],[-91.9,17.431],[-91.825,17.484],[-91.712,17.621],[-91.696,17.729],[-91.704,17.773],[-91.834,17.935],[-91.88,18.021],[-91.977,18.095],[-92.203,18.211],[-92.274,18.233],[-92.33,18.211]]]}},{"type":"Feature","properties":{"density":1},"geometry":{"type":"Polygon","coordinates":[[[-92.572,18.112],[-92.602,18.142],[-92.671,18.164],[-92.652,18.112],[-92.624,18.09],[-92.561,18.079],[-92.55,18.087],[-92.572,18.112]]]}},{"type":"Feature","properties":{"density":1},"geometry":{"type":"Polygon","coordinates":[[[-90.63,18.161],[-90.815,18.287],[-90.859,18.331],[-90.856,18.364],[-90.716,18.298],[-90.614,18.213],[-90.606,18.169],[-90.63,18.161]]]}},{"type":"Feature","properties":{"density":1},"geometry":{"type":"Polygon","coordinates":[[[-82.173,28.91],[-82.248,29.035],[-82.251,29.066],[-82.224,29.072],[-82.207,29.042],[-82.156,28.917],[-82.16,28.904],[-82.173,28.91]]]}},{"type":"Feature","properties":{"density":1},"geometry":{"type":"Polygon","coordinates":[[[-85.26,30.304],[-85.321,30.301],[-85.47,30.206],[-85.507,30.152],[-85.486,30.095],[-85.277,30.24],[-85.237,30.281],[-85.26,30.304]]]}},{"type":"Feature","properties":{"density":1},"geometry":{"type":"Polygon","coordinates":[[[-85.736,31.067],[-85.885,31.003],[-86.006,30.912],[-86.047,30.848],[-86.067,30.746],[-86.05,30.338],[-85.888,30.389],[-85.736,30.473],[-85.642,30.554],[-85.621,30.662],[-85.669,30.794],[-85.662,30.996],[-85.682,31.054],[-85.736,31.067]]]}},{"type":"Feature","properties":{"density":1},"geometry":{"type":"Polygon","coordinates":[[[-86.789,30.638],[-86.806,30.227],[-86.836,30.183],[-87.052,30.055],[-87.248,30.004],[-87.42,29.933],[-87.484,29.953],[-87.505,29.984],[-87.508,30.038],[-87.349,30.21],[-87.309,30.352],[-87.282,30.395],[-87.211,30.449],[-87.025,30.527],[-86.853,30.669],[-86.816,30.672],[-86.789,30.638]]]}},{"type":"Feature","properties":{"density":1},"geometry":{"type":"Polygon","coordinates":[[[-87.133,31.482],[-87.299,31.536],[-87.373,31.502],[-87.549,31.283],[-87.633,31.135],[-87.461,31.135],[-87.383,31.185],[-87.292,31.199],[-87.255,31.158],[-87.117,31.077],[-87.029,31.087],[-86.995,31.114],[-86.958,31.178],[-86.978,31.273],[-87.015,31.361],[-87.133,31.482]]]}},{"type":"Feature","properties":{"density":1},"geometry":{"type":"Polygon","coordinates":[[[-87.204,32.522],[-87.265,32.576],[-87.36,32.599],[-87.532,32.552],[-87.646,32.471],[-87.741,32.363],[-87.758,32.312],[-87.714,32.103],[-87.687,32.059],[-87.562,31.999],[-87.336,31.958],[-87.285,31.968],[-87.231,32.012],[-87.201,32.069],[-87.201,32.299],[-87.177,32.407],[-87.204,32.522]]]}},{"type":"Feature","properties":{"density":1},"geometry":{"type":"Polygon","coordinates":[[[-88.284,32.64],[-88.44,32.65],[-88.44,32.63],[-88.362,32.603],[-88.278,32.596],[-88.257,32.623],[-88.284,32.64]]]}},{"type":"Feature","properties":{"density":1},"geometry":{"type":"Polygon","coordinates":[[[-88.102,32.68],[-88.153,32.724],[-88.2,32.734],[-88.213,32.714],[-88.149,32.653],[-88.102,32.65],[-88.102,32.68]]]}},{"type":"Feature","properties":{"density":1},"geometry":{"type":"Polygon","coordinates":[[[-87.798,32.822],[-87.687,32.809],[-87.67,32.839],[-87.727,32.93],[-87.842,33.018],[-87.913,33.031],[-87.943,33.018],[-87.886,32.903],[-87.798,32.822]]]}},{"type":"Feature","properties":{"density":1},"geometry":{"type":"Polygon","coordinates":[[[-87.252,32.822],[-87.339,32.815],[-87.306,32.778],[-87.218,32.768],[-87.225,32.802],[-87.252,32.822]]]}},{"type":"Feature","properties":{"density":1},"geometry":{"type":"Polygon","coordinates":[[[-86.442,33.021],[-86.35,32.886],[-86.377,32.768],[-86.492,32.613],[-86.55,32.562],[-86.641,32.542],[-86.847,32.535],[-86.995,32.69],[-87.049,32.782],[-87.076,32.954],[-87.1,32.987],[-87.245,33.075],[-87.299,33.129],[-87.309,33.163],[-87.258,33.322],[-87.194,33.372],[-87.137,33.392],[-86.87,33.376],[-86.745,33.352],[-86.715,33.325],[-86.725,33.295],[-86.786,33.241],[-86.806,33.176],[-86.789,33.119],[-86.715,33.068],[-86.631,33.045],[-86.563,33.062],[-86.509,33.055],[-86.442,33.021]]]}},{"type":"Feature","properties":{"density":1},"geometry":{"type":"Polygon","coordinates":[[[-85.972,32.684],[-86.124,32.751],[-86.182,32.755],[-86.229,32.707],[-86.229,32.667],[-86.205,32.63],[-86.138,32.572],[-86.084,32.562],[-86.006,32.579],[-85.962,32.623],[-85.949,32.657],[-85.972,32.684]]]}},{"type":"Feature","properties":{"density":1},"geometry":{"type":"Polygon","coordinates":[[[-85.024,31.83],[-84.882,31.779],[-84.795,31.708],[-84.751,31.617],[-84.741,31.567],[-84.751,31.536],[-84.778,31.516],[-84.835,31.523],[-84.984,31.496],[-85.122,31.509],[-85.416,31.644],[-85.456,31.681],[-85.537,31.833],[-85.591,31.857],[-85.638,31.85],[-85.645,31.813],[-85.618,31.678],[-85.635,31.624],[-85.743,31.57],[-85.807,31.563],[-85.861,31.563],[-85.996,31.617],[-86.033,31.675],[-86.03,31.725],[-85.989,31.779],[-85.885,31.874],[-85.733,31.951],[-85.611,32.093],[-85.625,32.302],[-85.824,32.468],[-85.868,32.528],[-85.864,32.65],[-85.891,32.782],[-86.03,32.879],[-86.053,32.923],[-85.969,33.146],[-85.75,33.22],[-85.554,33.17],[-85.432,33.163],[-85.355,33.109],[-85.402,33.008],[-85.409,32.95],[-85.351,32.852],[-85.375,32.819],[-85.544,32.795],[-85.591,32.778],[-85.608,32.751],[-85.564,32.697],[-85.297,32.66],[-85.206,32.616],[-85.179,32.579],[-85.196,32.515],[-85.284,32.508],[-85.338,32.468],[-85.389,32.387],[-85.463,32.353],[-85.476,32.319],[-85.405,32.275],[-85.378,32.215],[-85.439,32.177],[-85.429,32.076],[-85.405,32.029],[-85.331,31.951],[-85.024,31.83]]]}},{"type":"Feature","properties":{"density":1},"geometry":{"type":"Polygon","coordinates":[[[-84.33,31.54],[-84.523,31.587],[-84.624,31.587],[-84.654,31.553],[-84.611,31.516],[-84.418,31.492],[-84.337,31.496],[-84.33,31.54]]]}},{"type":"Feature","properties":{"density":1},"geometry":{"type":"Polygon","coordinates":[[[-82.525,31.141],[-82.643,31.209],[-82.667,31.212],[-82.673,31.199],[-82.616,31.141],[-82.569,31.121],[-82.515,31.108],[-82.525,31.141]]]}},{"type":"Feature","properties":{"density":1},"geometry":{"type":"Polygon","coordinates":[[[-81.907,31.745],[-82.029,31.897],[-82.022,32.042],[-82.039,32.08],[-82.069,32.1],[-82.106,32.11],[-82.15,32.083],[-82.302,31.884],[-82.312,31.82],[-82.282,31.772],[-82.224,31.745],[-82.1,31.759],[-81.958,31.705],[-81.924,31.718],[-81.907,31.745]]]}},{"type":"Feature","properties":{"density":1},"geometry":{"type":"Polygon","coordinates":[[[-84.742,32.451],[-84.83,32.491],[-84.975,32.525],[-85.043,32.518],[-85.103,32.478],[-85.043,32.437],[-84.83,32.397],[-84.732,32.41],[-84.742,32.451]]]}},{"type":"Feature","properties":{"density":1},"geometry":{"type":"Polygon","coordinates":[[[-84.658,33.136],[-84.665,33.173],[-84.56,33.271],[-84.53,33.349],[-84.553,33.396],[-84.786,33.504],[-84.867,33.527],[-84.975,33.521],[-85.046,33.365],[-85.194,33.23],[-85.218,33.095],[-85.188,32.94],[-85.174,32.91],[-85.103,32.863],[-84.992,32.852],[-84.827,33.008],[-84.746,33.041],[-84.681,33.089],[-84.658,33.136]]]}},{"type":"Feature","properties":{"density":1},"geometry":{"type":"Polygon","coordinates":[[[-83.693,33.264],[-83.939,33.217],[-84.006,33.217],[-84.033,33.241],[-83.936,33.288],[-83.736,33.332],[-83.696,33.318],[-83.682,33.291],[-83.693,33.264]]]}},{"type":"Feature","properties":{"density":1},"geometry":{"type":"Polygon","coordinates":[[[-86.241,34.83],[-86.243,34.792],[-86.273,34.774],[-86.322,34.774],[-86.439,34.841],[-86.439,34.873],[-86.313,34.879],[-86.241,34.83]]]}},{"type":"Feature","properties":{"density":1},"geometry":{"type":"Polygon","coordinates":[[[-84.181,34.417],[-84.485,34.474],[-84.556,34.461],[-84.569,34.42],[-84.552,34.383],[-84.492,34.36],[-84.249,34.336],[-84.161,34.38],[-84.181,34.417]]]}},{"type":"Feature","properties":{"density":1},"geometry":{"type":"Polygon","coordinates":[[[-83.821,34.543],[-83.916,34.549],[-83.934,34.527],[-83.839,34.507],[-83.81,34.513],[-83.821,34.543]]]}},{"type":"Feature","properties":{"density":1},"geometry":{"type":"Polygon","coordinates":[[[-82.746,32.912],[-82.841,32.905],[-83.046,32.76],[-83.205,32.723],[-83.411,32.74],[-83.451,32.8],[-83.394,32.898],[-83.377,33.04],[-83.279,33.138],[-83.232,33.175],[-83.063,33.188],[-82.969,33.232],[-82.976,33.286],[-83.043,33.361],[-83.043,33.394],[-83.023,33.421],[-82.733,33.435],[-82.699,33.445],[-82.679,33.475],[-82.682,33.502],[-82.942,33.583],[-82.888,33.847],[-82.807,33.998],[-82.743,34.042],[-82.479,34.093],[-82.371,34.09],[-82.307,34.069],[-82.213,34.022],[-82.142,33.965],[-82.105,33.901],[-82.095,33.84],[-82.182,33.718],[-82.213,33.57],[-82.307,33.58],[-82.361,33.566],[-82.378,33.539],[-82.378,33.492],[-82.409,33.411],[-82.392,33.33],[-82.409,33.293],[-82.557,33.259],[-82.571,33.236],[-82.544,33.124],[-82.618,32.969],[-82.709,32.915],[-82.746,32.912]]]}},{"type":"Feature","properties":{"density":1},"geometry":{"type":"Polygon","coordinates":[[[-80.535,32.696],[-80.529,32.645],[-80.562,32.648],[-80.65,32.696],[-80.687,32.763],[-80.839,32.878],[-80.866,32.935],[-80.853,33.006],[-80.812,33.053],[-80.758,33.047],[-80.677,32.949],[-80.535,32.696]]]}},{"type":"Feature","properties":{"density":1},"geometry":{"type":"Polygon","coordinates":[[[-78.656,34.37],[-78.696,34.343],[-78.699,34.241],[-78.642,34.208],[-78.561,34.194],[-78.514,34.211],[-78.517,34.235],[-78.463,34.289],[-78.46,34.329],[-78.48,34.356],[-78.531,34.373],[-78.656,34.37]]]}},{"type":"Feature","properties":{"density":1},"geometry":{"type":"Polygon","coordinates":[[[-79.957,35.33],[-80.014,35.195],[-79.859,35.08],[-79.778,34.992],[-79.697,34.965],[-79.484,35.016],[-79.288,35.202],[-79.238,35.283],[-79.238,35.343],[-79.153,35.522],[-79.14,35.593],[-79.153,35.752],[-79.18,35.863],[-79.255,35.944],[-79.319,35.937],[-79.434,35.634],[-79.467,35.586],[-79.565,35.529],[-79.866,35.411],[-79.957,35.33]]]}},{"type":"Feature","properties":{"density":1},"geometry":{"type":"Polygon","coordinates":[[[-81.361,36.113],[-81.388,36.099],[-81.401,36.066],[-81.307,36.029],[-81.303,36.072],[-81.34,36.113],[-81.361,36.113]]]}},{"type":"Feature","properties":{"density":1},"geometry":{"type":"Polygon","coordinates":[[[-87.43,36.492],[-87.359,36.482],[-87.335,36.519],[-87.413,36.617],[-87.399,36.755],[-87.413,36.819],[-87.426,36.843],[-87.467,36.846],[-87.619,36.762],[-87.723,36.677],[-87.727,36.64],[-87.602,36.546],[-87.43,36.492]]]}},{"type":"Feature","properties":{"density":1},"geometry":{"type":"Polygon","coordinates":[[[-89.44,35.258],[-89.588,35.444],[-89.608,35.505],[-89.605,35.562],[-89.571,35.606],[-89.504,35.575],[-89.426,35.488],[-89.406,35.444],[-89.392,35.349],[-89.402,35.299],[-89.44,35.258]]]}},{"type":"Feature","properties":{"density":1},"geometry":{"type":"Polygon","coordinates":[[[-87.763,38.265],[-87.718,38.265],[-87.672,38.301],[-87.647,38.615],[-87.682,38.731],[-87.809,38.807],[-87.85,38.797],[-87.87,38.746],[-87.87,38.63],[-87.809,38.432],[-87.789,38.301],[-87.763,38.265]]]}},{"type":"Feature","properties":{"density":1},"geometry":{"type":"Polygon","coordinates":[[[-85.587,39.49],[-85.349,39.754],[-85.202,39.992],[-85.126,40.027],[-85.035,40.002],[-84.944,39.946],[-84.949,39.865],[-85.065,39.718],[-85.187,39.612],[-85.374,39.49],[-85.465,39.455],[-85.551,39.445],[-85.587,39.49]]]}},{"type":"Feature","properties":{"density":1},"geometry":{"type":"Polygon","coordinates":[[[-84.316,44.099],[-84.252,44.17],[-84.228,44.237],[-84.215,44.335],[-84.225,44.369],[-84.329,44.217],[-84.36,44.116],[-84.35,44.072],[-84.316,44.099]]]}},{"type":"Feature","properties":{"density":1},"geometry":{"type":"Polygon","coordinates":[[[-84.918,46.431],[-84.851,46.323],[-84.756,46.316],[-84.702,46.661],[-84.709,47.157],[-84.736,47.268],[-84.793,47.366],[-84.871,47.454],[-84.915,47.444],[-84.925,47.349],[-84.898,46.694],[-84.918,46.431]]]}},{"type":"Feature","properties":{"density":1},"geometry":{"type":"Polygon","coordinates":[[[-118.737,44.2],[-118.812,44.2],[-118.849,44.115],[-118.812,44.061],[-118.639,43.899],[-118.498,43.815],[-118.434,43.785],[-118.241,43.771],[-118.12,43.849],[-118.096,43.947],[-118.11,43.997],[-118.147,44.038],[-118.552,44.173],[-118.737,44.2]]]}},{"type":"Feature","properties":{"density":1},"geometry":{"type":"Polygon","coordinates":[[[-118.602,44.719],[-118.629,44.719],[-118.673,44.682],[-118.666,44.652],[-118.42,44.574],[-118.326,44.584],[-118.319,44.618],[-118.353,44.642],[-118.602,44.719]]]}},{"type":"Feature","properties":{"density":1},"geometry":{"type":"Polygon","coordinates":[[[-120.33,44.476],[-120.374,44.459],[-120.388,44.419],[-120.398,44.372],[-120.368,44.338],[-120.148,44.237],[-119.77,43.926],[-119.412,43.67],[-119.223,43.602],[-119.095,43.599],[-119.048,43.636],[-119.001,43.703],[-118.98,43.808],[-119.105,43.947],[-119.146,44.132],[-119.237,44.243],[-119.301,44.281],[-119.473,44.358],[-119.635,44.473],[-119.851,44.534],[-120.087,44.551],[-120.293,44.5],[-120.33,44.476]]]}},{"type":"Feature","properties":{"density":1},"geometry":{"type":"Polygon","coordinates":[[[-116.258,45.035],[-116.295,44.941],[-116.254,44.91],[-116.028,44.88],[-115.917,44.887],[-115.842,44.934],[-115.728,44.971],[-115.616,45.029],[-115.566,45.11],[-115.549,45.255],[-115.566,45.417],[-115.616,45.538],[-115.677,45.565],[-115.728,45.562],[-115.971,45.363],[-116.069,45.302],[-116.15,45.231],[-116.258,45.035]]]}},{"type":"Feature","properties":{"density":1},"geometry":{"type":"Polygon","coordinates":[[[-118.355,45.371],[-118.382,45.358],[-118.382,45.31],[-118.321,45.28],[-118.24,45.263],[-117.916,45.246],[-117.765,45.277],[-117.599,45.341],[-117.562,45.385],[-117.538,45.452],[-117.562,45.506],[-117.626,45.54],[-117.704,45.54],[-118.251,45.412],[-118.355,45.371]]]}},{"type":"Feature","properties":{"density":1},"geometry":{"type":"Polygon","coordinates":[[[-113.772,42.244],[-113.893,41.974],[-114.021,41.539],[-114.021,41.509],[-113.981,41.488],[-113.9,41.509],[-113.866,41.549],[-113.616,41.934],[-113.562,41.978],[-113.377,42.039],[-113.306,42.082],[-113.289,42.15],[-113.353,42.19],[-113.633,42.271],[-113.785,42.271],[-113.772,42.244]]]}},{"type":"Feature","properties":{"density":1},"geometry":{"type":"Polygon","coordinates":[[[-117.889,41.534],[-117.953,41.254],[-117.957,41.099],[-117.926,40.951],[-117.852,40.89],[-117.795,40.927],[-117.768,41.008],[-117.737,41.339],[-117.757,41.477],[-117.781,41.524],[-117.855,41.548],[-117.889,41.534]]]}},{"type":"Feature","properties":{"density":1},"geometry":{"type":"Polygon","coordinates":[[[-121.775,42.584],[-121.768,42.638],[-121.717,42.675],[-121.619,42.682],[-121.511,42.652],[-121.386,42.56],[-121.363,42.402],[-121.4,42.382],[-121.454,42.412],[-121.599,42.544],[-121.707,42.564],[-121.764,42.557],[-121.775,42.584]]]}},{"type":"Feature","properties":{"density":1},"geometry":{"type":"Polygon","coordinates":[[[-121.326,43.097],[-121.383,43.084],[-121.383,43.06],[-121.289,42.982],[-121.083,42.76],[-121.032,42.726],[-120.938,42.719],[-120.938,42.814],[-120.992,42.878],[-121.224,43.08],[-121.326,43.097]]]}},{"type":"Feature","properties":{"density":1},"geometry":{"type":"Polygon","coordinates":[[[-121.653,42.935],[-121.393,42.841],[-121.295,42.753],[-121.245,42.665],[-121.268,42.652],[-121.43,42.719],[-121.575,42.814],[-121.629,42.857],[-121.656,42.901],[-121.653,42.935]]]}},{"type":"Feature","properties":{"density":1},"geometry":{"type":"Polygon","coordinates":[[[-121.899,43.492],[-121.926,43.478],[-121.933,43.428],[-121.613,43.229],[-121.481,43.185],[-121.383,43.219],[-121.37,43.269],[-121.383,43.3],[-121.569,43.448],[-121.64,43.478],[-121.899,43.492]]]}},{"type":"Feature","properties":{"density":1},"geometry":{"type":"Polygon","coordinates":[[[-123.195,43.377],[-123.287,43.377],[-123.31,43.333],[-123.303,43.279],[-123.226,43.178],[-123.138,43.127],[-123.06,43.104],[-122.993,43.094],[-122.942,43.107],[-122.922,43.131],[-122.952,43.222],[-123.074,43.327],[-123.195,43.377]]]}},{"type":"Feature","properties":{"density":1},"geometry":{"type":"Polygon","coordinates":[[[-121.615,38.602],[-121.701,38.607],[-121.696,38.551],[-121.605,38.369],[-121.418,38.162],[-121.352,38.111],[-121.286,38.106],[-121.301,38.177],[-121.519,38.516],[-121.615,38.602]]]}},{"type":"Feature","properties":{"density":1},"geometry":{"type":"Polygon","coordinates":[[[-119.494,37.64],[-119.55,37.681],[-119.666,37.721],[-119.737,37.716],[-119.823,37.66],[-120.238,37.266],[-120.294,37.154],[-120.253,36.704],[-120.218,36.506],[-120.132,36.324],[-120.0,36.152],[-119.838,36.061],[-119.697,36.04],[-119.454,35.97],[-119.357,36.04],[-119.292,36.127],[-119.256,36.223],[-119.251,36.334],[-119.322,36.628],[-119.271,36.749],[-119.292,36.81],[-119.352,36.901],[-119.352,37.104],[-119.388,37.154],[-119.519,37.261],[-119.56,37.331],[-119.575,37.412],[-119.484,37.519],[-119.474,37.6],[-119.494,37.64]]]}},{"type":"Feature","properties":{"density":1},"geometry":{"type":"Polygon","coordinates":[[[-111.791,35.24],[-111.823,35.29],[-111.985,35.368],[-112.064,35.384],[-112.079,35.366],[-112.034,35.312],[-111.854,35.206],[-111.818,35.195],[-111.791,35.24]]]}},{"type":"Feature","properties":{"density":1},"geometry":{"type":"Polygon","coordinates":[[[-97.98,24.973],[-98.125,25.162],[-98.236,25.246],[-98.348,25.273],[-98.419,25.24],[-98.436,25.199],[-98.412,25.162],[-98.287,25.057],[-98.047,24.919],[-97.98,24.902],[-97.963,24.919],[-97.98,24.973]]]}},{"type":"Feature","properties":{"density":1},"geometry":{"type":"Polygon","coordinates":[[[-99.543,24.882],[-99.586,24.912],[-99.705,24.949],[-99.738,24.943],[-99.627,24.862],[-99.532,24.828],[-99.543,24.882]]]}},{"type":"Feature","properties":{"density":1},"geometry":{"type":"Polygon","coordinates":[[[-92.295,18.249],[-92.532,18.189],[-92.633,18.145],[-92.727,18.067],[-92.866,17.983],[-92.997,17.932],[-93.065,17.885],[-93.136,17.817],[-93.156,17.733],[-93.144,17.509],[-93.114,17.352],[-92.896,17.195],[-92.699,17.104],[-92.496,17.043],[-92.132,16.901],[-92.046,16.901],[-91.813,17.012],[-91.615,17.144],[-91.499,17.291],[-91.463,17.382],[-91.489,17.443],[-91.62,17.63],[-91.625,17.701],[-91.565,17.873],[-91.575,17.914],[-91.62,17.969],[-91.762,18.055],[-91.894,18.111],[-92.295,18.249]]]}},{"type":"Feature","properties":{"density":1},"geometry":{"type":"Polygon","coordinates":[[[-93.542,18.239],[-93.466,18.416],[-93.411,18.487],[-93.32,18.518],[-93.213,18.325],[-93.137,18.3],[-93.067,18.305],[-92.945,18.275],[-92.879,18.239],[-92.869,18.194],[-93.411,18.133],[-93.553,18.199],[-93.542,18.239]]]}},{"type":"Feature","properties":{"density":1},"geometry":{"type":"Polygon","coordinates":[[[-87.677,15.42],[-87.576,15.447],[-87.508,15.447],[-87.468,15.426],[-87.515,15.403],[-87.643,15.386],[-87.68,15.393],[-87.677,15.42]]]}},{"type":"Feature","properties":{"density":1},"geometry":{"type":"Polygon","coordinates":[[[-107.752,45.687],[-107.806,45.647],[-107.792,45.593],[-107.681,45.519],[-107.377,45.417],[-107.242,45.353],[-106.905,45.262],[-106.736,45.238],[-106.503,45.222],[-106.22,45.245],[-106.037,45.282],[-105.943,45.346],[-105.886,45.448],[-105.882,45.512],[-105.973,45.552],[-106.112,45.579],[-107.752,45.687]]]}},{"type":"Feature","properties":{"density":1},"geometry":{"type":"Polygon","coordinates":[[[-94.623,29.829],[-94.552,29.768],[-94.506,29.697],[-94.587,29.677],[-94.643,29.697],[-94.927,30.056],[-94.967,30.122],[-94.982,30.183],[-94.972,30.224],[-94.917,30.193],[-94.82,30.082],[-94.694,29.864],[-94.623,29.829]]]}},{"type":"Feature","properties":{"density":1},"geometry":{"type":"Polygon","coordinates":[[[-88.97,33.991],[-88.984,34.021],[-89.217,34.089],[-89.284,34.085],[-89.345,34.065],[-89.352,34.045],[-89.23,33.967],[-89.041,33.92],[-88.953,33.92],[-88.94,33.947],[-88.97,33.991]]]}},{"type":"Feature","properties":{"density":1},"geometry":{"type":"Polygon","coordinates":[[[-89.564,32.742],[-89.493,32.83],[-89.48,32.918],[-89.554,32.955],[-89.682,32.972],[-89.757,32.962],[-89.801,32.935],[-89.949,32.827],[-89.969,32.793],[-89.959,32.749],[-89.885,32.692],[-89.895,32.634],[-89.855,32.516],[-89.804,32.472],[-89.713,32.438],[-89.571,32.442],[-89.473,32.462],[-89.406,32.546],[-89.423,32.573],[-89.463,32.58],[-89.544,32.634],[-89.574,32.692],[-89.564,32.742]]]}},{"type":"Feature","properties":{"density":1},"geometry":{"type":"Polygon","coordinates":[[[-89.001,32.769],[-89.004,32.742],[-89.031,32.719],[-89.112,32.719],[-89.18,32.762],[-89.183,32.8],[-89.159,32.837],[-89.126,32.854],[-89.024,32.87],[-88.977,32.823],[-89.001,32.769]]]}},{"type":"Feature","properties":{"density":1},"geometry":{"type":"Polygon","coordinates":[[[-88.991,30.822],[-89.058,30.849],[-89.139,30.856],[-89.186,30.845],[-89.207,30.815],[-89.112,30.775],[-89.007,30.768],[-88.97,30.802],[-88.991,30.822]]]}},{"type":"Feature","properties":{"density":1},"geometry":{"type":"Polygon","coordinates":[[[-89.379,31.018],[-88.957,30.886],[-88.926,30.889],[-88.916,30.92],[-88.92,30.953],[-88.977,31.048],[-89.126,31.173],[-89.294,31.18],[-89.392,31.102],[-89.379,31.018]]]}},{"type":"Feature","properties":{"density":1},"geometry":{"type":"Polygon","coordinates":[[[-90.27,29.499],[-90.482,29.58],[-90.536,29.593],[-90.617,29.587],[-90.759,29.512],[-90.8,29.458],[-90.813,29.371],[-90.783,29.344],[-90.543,29.357],[-90.314,29.414],[-90.256,29.445],[-90.27,29.499]]]}},{"type":"Feature","properties":{"density":1},"geometry":{"type":"Polygon","coordinates":[[[-91.073,30.008],[-91.039,29.975],[-91.083,29.941],[-91.269,29.971],[-91.694,30.177],[-91.728,30.174],[-91.738,30.14],[-91.647,30.049],[-91.653,29.998],[-91.691,29.965],[-91.687,29.938],[-91.724,29.924],[-91.819,29.985],[-92.197,30.319],[-92.578,30.542],[-92.835,30.818],[-93.088,30.974],[-93.378,31.399],[-93.547,31.561],[-93.724,31.828],[-93.734,31.903],[-93.689,31.924],[-93.613,31.888],[-93.42,31.736],[-93.238,31.534],[-93.147,31.382],[-92.993,31.218],[-92.879,31.124],[-92.798,31.073],[-92.656,31.087],[-92.585,31.066],[-92.227,30.888],[-92.183,30.817],[-92.237,30.712],[-92.227,30.672],[-92.031,30.594],[-91.944,30.537],[-91.876,30.466],[-91.896,30.422],[-91.88,30.385],[-91.151,30.024],[-91.073,30.008]]]}},{"type":"Feature","properties":{"density":1},"geometry":{"type":"Polygon","coordinates":[[[-91.196,30.28],[-91.2,30.233],[-91.24,30.199],[-91.267,30.196],[-91.341,30.283],[-91.493,30.381],[-91.659,30.395],[-91.8,30.439],[-91.848,30.52],[-91.986,30.641],[-92.003,30.678],[-91.972,30.769],[-91.983,30.847],[-92.03,30.955],[-92.091,30.972],[-92.145,30.928],[-92.293,31.019],[-92.509,31.215],[-92.516,31.316],[-92.455,31.316],[-92.388,31.289],[-92.32,31.32],[-92.286,31.36],[-92.215,31.387],[-92.107,31.397],[-92.05,31.384],[-91.929,31.326],[-91.851,31.239],[-91.834,31.178],[-91.76,31.107],[-91.699,31.087],[-91.669,31.276],[-91.605,31.333],[-91.493,31.384],[-91.368,31.401],[-91.308,31.397],[-91.189,31.323],[-91.098,31.225],[-91.078,31.06],[-91.007,30.908],[-91.007,30.834],[-90.977,30.78],[-90.977,30.685],[-91.017,30.624],[-91.017,30.557],[-91.044,30.489],[-91.152,30.368],[-91.196,30.28]]]}},{"type":"Feature","properties":{"density":1},"geometry":{"type":"Polygon","coordinates":[[[-93.0,32.395],[-92.957,32.341],[-92.919,32.332],[-92.865,32.352],[-92.754,32.557],[-92.77,32.613],[-92.842,32.631],[-92.95,32.563],[-92.997,32.48],[-93.0,32.395]]]}},{"type":"Feature","properties":{"density":1},"geometry":{"type":"Polygon","coordinates":[[[-89.448,31.766],[-89.657,31.813],[-89.694,31.874],[-89.704,31.924],[-89.758,31.951],[-89.86,31.914],[-90.015,31.924],[-90.106,31.901],[-90.133,31.853],[-89.927,31.779],[-89.573,31.712],[-89.451,31.729],[-89.448,31.766]]]}},{"type":"Feature","properties":{"density":1},"geometry":{"type":"Polygon","coordinates":[[[-90.231,33.163],[-90.258,33.143],[-90.302,33.156],[-90.42,33.227],[-90.46,33.268],[-90.471,33.301],[-90.454,33.328],[-90.366,33.369],[-90.319,33.372],[-90.261,33.342],[-90.234,33.308],[-90.265,33.268],[-90.265,33.244],[-90.231,33.163]]]}},{"type":"Feature","properties":{"density":1},"geometry":{"type":"Polygon","coordinates":[[[-91.196,32.36],[-91.22,32.333],[-91.402,32.279],[-91.456,32.231],[-91.544,32.069],[-91.605,32.012],[-91.672,31.985],[-91.972,31.999],[-92.05,32.032],[-92.094,32.076],[-92.138,32.157],[-92.165,32.37],[-92.114,32.414],[-91.962,32.417],[-91.902,32.474],[-91.895,32.549],[-91.908,32.596],[-92.128,32.711],[-92.178,32.755],[-92.222,32.812],[-92.239,32.93],[-92.172,33.031],[-91.912,33.082],[-91.851,33.068],[-91.713,33.001],[-91.655,32.998],[-91.557,33.085],[-91.537,33.156],[-91.632,33.22],[-91.648,33.264],[-91.618,33.301],[-91.551,33.308],[-91.294,33.234],[-91.284,33.197],[-91.358,33.122],[-91.372,33.085],[-91.355,33.058],[-91.294,33.038],[-91.24,33.041],[-91.2,33.014],[-91.227,32.981],[-91.537,32.896],[-91.557,32.873],[-91.567,32.802],[-91.524,32.761],[-91.486,32.684],[-91.254,32.478],[-91.196,32.36]]]}},{"type":"Feature","properties":{"density":1},"geometry":{"type":"Polygon","coordinates":[[[-91.395,33.47],[-91.378,33.386],[-91.389,33.355],[-91.47,33.345],[-91.709,33.362],[-91.817,33.403],[-91.895,33.467],[-91.875,33.511],[-91.76,33.524],[-91.642,33.521],[-91.395,33.47]]]}},{"type":"Feature","properties":{"density":1},"geometry":{"type":"Polygon","coordinates":[[[-89.724,34.511],[-89.758,34.497],[-89.822,34.518],[-89.92,34.511],[-89.961,34.524],[-89.974,34.565],[-89.853,34.7],[-89.731,34.771],[-89.67,34.788],[-89.64,34.777],[-89.61,34.734],[-89.62,34.686],[-89.724,34.511]]]}},{"type":"Feature","properties":{"density":1},"geometry":{"type":"Polygon","coordinates":[[[-90.082,34.133],[-89.994,34.16],[-89.974,34.237],[-89.991,34.275],[-90.038,34.275],[-90.075,34.234],[-90.082,34.133]]]}},{"type":"Feature","properties":{"density":1},"geometry":{"type":"Polygon","coordinates":[[[-90.305,34.379],[-90.487,34.443],[-90.541,34.484],[-90.561,34.528],[-90.558,34.561],[-90.487,34.609],[-90.413,34.615],[-90.22,34.555],[-90.19,34.528],[-90.197,34.487],[-90.305,34.379]]]}},{"type":"Feature","properties":{"density":1},"geometry":{"type":"Polygon","coordinates":[[[-90.234,34.771],[-90.281,34.821],[-90.295,34.872],[-90.217,34.973],[-90.187,34.977],[-90.173,34.943],[-90.19,34.818],[-90.207,34.777],[-90.234,34.771]]]}},{"type":"Feature","properties":{"density":1},"geometry":{"type":"Polygon","coordinates":[[[-90.48,33.856],[-90.528,33.927],[-90.571,33.957],[-90.642,33.957],[-90.659,33.944],[-90.676,33.88],[-90.629,33.792],[-90.605,33.782],[-90.507,33.816],[-90.48,33.856]]]}},{"type":"Feature","properties":{"density":1},"geometry":{"type":"Polygon","coordinates":[[[-90.865,33.795],[-90.97,33.856],[-91.03,33.863],[-91.095,33.846],[-91.084,33.802],[-91.017,33.768],[-90.912,33.748],[-90.852,33.778],[-90.865,33.795]]]}},{"type":"Feature","properties":{"density":1},"geometry":{"type":"Polygon","coordinates":[[[-91.169,34.109],[-91.196,34.021],[-91.226,33.978],[-91.277,33.961],[-91.412,34.028],[-91.506,34.106],[-91.56,34.113],[-91.678,34.092],[-91.695,34.119],[-91.682,34.153],[-91.462,34.248],[-91.452,34.302],[-91.479,34.339],[-91.54,34.345],[-91.618,34.315],[-91.695,34.308],[-91.813,34.322],[-92.002,34.393],[-92.114,34.521],[-92.218,34.73],[-92.235,34.923],[-92.222,34.966],[-92.195,34.997],[-92.141,35.007],[-91.959,34.983],[-91.847,35.041],[-91.763,35.031],[-91.722,34.987],[-91.689,34.821],[-91.699,34.774],[-91.675,34.73],[-91.597,34.68],[-91.479,34.487],[-91.29,34.467],[-91.203,34.528],[-91.111,34.568],[-90.98,34.572],[-90.899,34.555],[-90.757,34.403],[-90.754,34.271],[-90.774,34.241],[-90.868,34.204],[-90.939,34.123],[-91.024,34.069],[-91.081,34.113],[-91.169,34.109]]]}},{"type":"Feature","properties":{"density":1},"geometry":{"type":"Polygon","coordinates":[[[-90.938,34.982],[-91.025,34.999],[-91.127,35.077],[-91.14,35.121],[-91.113,35.155],[-91.022,35.175],[-90.884,35.124],[-90.846,35.087],[-90.84,35.033],[-90.897,34.972],[-90.938,34.982]]]}},{"type":"Feature","properties":{"density":1},"geometry":{"type":"Polygon","coordinates":[[[-90.708,35.293],[-90.789,35.374],[-90.83,35.377],[-90.934,35.293],[-91.019,35.293],[-91.019,35.33],[-90.988,35.36],[-91.13,35.36],[-91.248,35.492],[-91.37,35.526],[-91.397,35.566],[-91.4,35.603],[-91.302,35.654],[-91.251,35.701],[-91.265,35.779],[-91.184,35.971],[-91.123,35.981],[-91.046,35.826],[-91.019,35.826],[-90.951,35.9],[-90.836,35.907],[-90.722,35.894],[-90.593,35.826],[-90.522,35.759],[-90.431,35.627],[-90.323,35.563],[-90.263,35.499],[-90.229,35.428],[-90.225,35.391],[-90.252,35.34],[-90.313,35.276],[-90.411,35.229],[-90.452,35.242],[-90.458,35.323],[-90.492,35.371],[-90.566,35.404],[-90.61,35.384],[-90.651,35.32],[-90.708,35.293]]]}},{"type":"Feature","properties":{"density":1},"geometry":{"type":"Polygon","coordinates":[[[-90.993,36.152],[-90.936,36.101],[-90.764,36.081],[-90.703,36.054],[-90.558,36.081],[-90.507,35.946],[-90.453,35.943],[-90.389,35.973],[-90.366,36.017],[-90.393,36.105],[-90.349,36.233],[-90.234,36.31],[-90.092,36.354],[-90.048,36.341],[-90.038,36.283],[-90.119,36.115],[-90.119,36.027],[-90.092,35.946],[-90.055,35.905],[-89.988,35.885],[-89.967,35.916],[-89.981,36.034],[-89.961,36.111],[-89.917,36.138],[-89.718,36.125],[-89.67,36.152],[-89.647,36.179],[-89.687,36.273],[-89.404,36.611],[-89.302,36.786],[-89.313,36.834],[-89.367,36.844],[-89.41,36.823],[-89.532,36.702],[-89.556,36.705],[-89.556,36.736],[-89.613,36.79],[-89.637,36.84],[-89.596,37.016],[-89.596,37.087],[-89.63,37.178],[-89.704,37.269],[-89.812,37.336],[-89.853,37.343],[-89.89,37.33],[-90.096,37.205],[-90.153,37.198],[-90.2,37.218],[-90.305,37.303],[-90.352,37.313],[-90.416,37.303],[-90.44,37.279],[-90.44,37.225],[-90.406,37.053],[-90.366,36.982],[-90.349,36.908],[-90.366,36.888],[-90.487,36.898],[-90.598,36.773],[-90.652,36.739],[-90.696,36.732],[-90.808,36.834],[-90.906,36.854],[-90.936,36.837],[-90.956,36.8],[-90.946,36.712],[-90.963,36.557],[-90.997,36.472],[-91.014,36.324],[-90.993,36.152]]]}},{"type":"Feature","properties":{"density":1},"geometry":{"type":"Polygon","coordinates":[[[-91.817,19.343],[-91.532,19.989],[-91.304,20.558],[-91.266,21.09],[-91.19,21.545],[-91.19,22.438],[-91.608,23.444],[-91.741,23.862],[-91.969,24.165],[-92.273,24.412],[-92.766,24.64],[-93.791,25.285],[-94.494,25.988],[-95.433,27.298],[-95.718,27.753],[-95.718,28.209],[-95.263,28.75],[-94.835,28.978],[-92.927,28.779],[-91.475,28.608],[-90.365,28.522],[-89.112,28.522],[-88.086,28.465],[-86.52,28.437],[-82.006,29.683],[-79.937,32.094],[-79.595,33.29],[-80.762,34.259],[-81.531,34.487],[-83.069,34.515],[-84.208,34.202],[-86.088,34.059],[-86.828,34.316],[-87.369,34.686],[-87.995,35.312],[-88.764,35.967],[-89.419,36.48],[-90.388,36.992],[-91.441,37.334],[-92.552,37.42],[-93.976,37.277],[-95.627,36.964],[-98.731,35.028],[-99.244,34.543],[-99.642,34.116],[-100.326,33.205],[-101.123,31.838],[-101.436,30.357],[-101.465,27.339],[-101.095,26.599],[-100.639,25.317],[-100.354,24.804],[-100.041,24.178],[-99.927,23.665],[-99.984,23.096],[-100.127,22.612],[-100.098,22.213],[-99.956,21.53],[-99.899,20.932],[-100.155,20.419],[-101.835,20.732],[-102.689,21.558],[-103.601,22.954],[-104.284,24.463],[-105.081,25.716],[-105.793,26.94],[-107.815,28.193],[-109.41,28.449],[-110.321,28.051],[-110.862,27.225],[-112.001,26.285],[-112.969,25.773],[-114.165,25.317],[-115.561,24.947],[-118.038,24.605],[-122.31,24.89],[-123.136,24.918],[-124.588,25.089],[-126.638,25.232],[-129.087,25.26],[-131.166,24.662],[-132.191,23.865],[-132.277,22.754],[-131.679,22.156],[-130.739,21.871],[-129.657,21.701],[-127.549,21.473],[-126.069,21.444],[-123.99,21.473],[-122.452,21.473],[-120.146,21.444],[-119.12,21.359],[-117.81,21.103],[-116.501,20.334],[-111.517,18.369],[-110.606,18.141],[-109.638,18.824],[-108.527,19.793],[-107.36,20.134],[-106.107,20.22],[-105.024,20.02],[-103.003,19.793],[-101.664,18.967],[-100.753,18.027],[-101.123,16.205],[-100.781,15.407],[-100.183,14.809],[-99.614,14.524],[-96.966,14.952],[-94.146,15.236],[-92.979,14.838],[-92.182,14.325],[-91.897,13.869],[-92.125,13.158],[-92.723,12.588],[-93.463,12.075],[-93.862,11.534],[-93.662,10.851],[-92.78,10.338],[-91.384,10.31],[-90.444,10.794],[-88.622,11.591],[-88.309,12.218],[-88.309,12.759],[-88.764,13.186],[-89.419,13.699],[-91.327,15.122],[-91.897,15.692],[-92.182,16.233],[-92.011,16.603],[-91.726,16.86],[-91.555,17.23],[-91.584,17.514],[-92.068,18.34],[-92.068,18.71],[-91.817,19.343]]]}},{"type":"Feature","properties":{"density":2},"geometry":{"type":"Polygon","coordinates":[[[-77.283,34.656],[-77.386,34.617],[-77.409,34.576],[-77.398,34.559],[-77.366,34.546],[-77.299,34.554],[-77.259,34.581],[-77.237,34.641],[-77.247,34.656],[-77.283,34.656]]]}},{"type":"Feature","properties":{"density":2},"geometry":{"type":"Polygon","coordinates":[[[-97.808,24.294],[-98.255,24.982],[-98.32,25.428],[-98.245,25.754],[-98.05,26.126],[-97.697,26.377],[-97.427,26.433],[-97.185,26.275],[-96.971,25.968],[-96.59,25.317],[-96.302,24.898],[-95.269,24.071],[-95.009,23.792],[-94.776,23.438],[-94.674,23.103],[-94.609,22.722],[-94.627,22.136],[-94.516,21.364],[-94.497,20.843],[-94.516,20.415],[-94.702,19.941],[-94.962,19.551],[-95.362,19.206],[-95.641,19.076],[-95.818,19.086],[-96.06,19.151],[-96.255,19.327],[-96.422,19.653],[-96.478,20.016],[-96.432,20.443],[-96.329,20.825],[-96.19,21.253],[-96.134,21.578],[-96.097,21.978],[-96.134,22.322],[-96.246,22.666],[-96.506,23.122],[-96.915,23.503],[-97.232,23.773],[-97.548,23.987],[-97.762,24.219],[-97.808,24.294]]]}},{"type":"Feature","properties":{"density":2},"geometry":{"type":"Polygon","coordinates":[[[-85.703,31.051],[-85.565,31.021],[-85.551,30.968],[-85.595,30.966],[-85.647,31.004],[-85.691,31.012],[-85.719,31.037],[-85.703,31.051]]]}},{"type":"Feature","properties":{"density":2},"geometry":{"type":"Polygon","coordinates":[[[-86.432,33.015],[-86.443,32.988],[-86.423,32.911],[-86.396,32.901],[-86.377,32.931],[-86.383,32.965],[-86.432,33.015]]]}},{"type":"Feature","properties":{"density":2},"geometry":{"type":"Polygon","coordinates":[[[-85.227,32.553],[-85.166,32.561],[-85.16,32.597],[-85.201,32.618],[-85.221,32.612],[-85.243,32.588],[-85.245,32.566],[-85.227,32.553]]]}},{"type":"Feature","properties":{"density":2},"geometry":{"type":"Polygon","coordinates":[[[-84.92,31.745],[-85.032,31.817],[-85.061,31.804],[-85.032,31.745],[-84.973,31.686],[-84.905,31.695],[-84.901,31.727],[-84.92,31.745]]]}},{"type":"Feature","properties":{"density":2},"geometry":{"type":"Polygon","coordinates":[[[-85.455,33.006],[-85.397,33.023],[-85.389,33.047],[-85.406,33.067],[-85.459,33.067],[-85.455,33.006]]]}},{"type":"Feature","properties":{"density":2},"geometry":{"type":"Polygon","coordinates":[[[-84.715,33.14],[-84.664,33.133],[-84.651,33.17],[-84.68,33.188],[-84.737,33.19],[-84.743,33.175],[-84.715,33.14]]]}},{"type":"Feature","properties":{"density":2},"geometry":{"type":"Polygon","coordinates":[[[-82.625,33.021],[-82.71,33.047],[-82.749,33.096],[-82.717,33.123],[-82.674,33.116],[-82.625,33.074],[-82.613,33.043],[-82.625,33.021]]]}},{"type":"Feature","properties":{"density":2},"geometry":{"type":"Polygon","coordinates":[[[-82.787,32.929],[-82.887,32.954],[-82.914,32.956],[-82.918,32.944],[-82.791,32.915],[-82.787,32.929]]]}},{"type":"Feature","properties":{"density":2},"geometry":{"type":"Polygon","coordinates":[[[-79.621,35.364],[-79.446,35.328],[-79.455,35.353],[-79.571,35.39],[-79.615,35.385],[-79.621,35.364]]]}},{"type":"Feature","properties":{"density":2},"geometry":{"type":"Polygon","coordinates":[[[-91.615,30.664],[-91.661,30.691],[-91.612,30.628],[-91.601,30.639],[-91.615,30.664]]]}},{"type":"Feature","properties":{"density":2},"geometry":{"type":"Polygon","coordinates":[[[-92.499,30.785],[-92.543,30.865],[-92.538,30.895],[-92.499,30.829],[-92.499,30.785]]]}},{"type":"Feature","properties":{"density":2},"geometry":{"type":"Polygon","coordinates":[[[-92.179,30.923],[-92.229,31.005],[-92.174,30.956],[-92.163,30.931],[-92.179,30.923]]]}},{"type":"Feature","properties":{"density":2},"geometry":{"type":"Polygon","coordinates":[[[-93.257,31.339],[-93.232,31.339],[-93.21,31.383],[-93.276,31.54],[-93.309,31.573],[-93.323,31.565],[-93.32,31.521],[-93.257,31.339]]]}},{"type":"Feature","properties":{"density":2},"geometry":{"type":"Polygon","coordinates":[[[-91.246,32.37],[-91.293,32.392],[-91.237,32.351],[-91.246,32.37]]]}},{"type":"Feature","properties":{"density":2},"geometry":{"type":"Polygon","coordinates":[[[-91.568,32.456],[-91.593,32.45],[-91.601,32.428],[-91.565,32.425],[-91.554,32.445],[-91.568,32.456]]]}},{"type":"Feature","properties":{"density":2},"geometry":{"type":"Polygon","coordinates":[[[-91.53,32.913],[-91.565,32.974],[-91.563,33.007],[-91.543,33.018],[-91.505,32.941],[-91.508,32.919],[-91.53,32.913]]]}},{"type":"Feature","properties":{"density":2},"geometry":{"type":"Polygon","coordinates":[[[-91.724,34.573],[-91.795,34.622],[-91.74,34.631],[-91.641,34.592],[-91.688,34.567],[-91.724,34.573]]]}},{"type":"Feature","properties":{"density":2},"geometry":{"type":"Polygon","coordinates":[[[-90.803,35.584],[-90.757,35.639],[-90.754,35.686],[-90.776,35.686],[-90.809,35.653],[-90.803,35.584]]]}},{"type":"Feature","properties":{"density":2},"geometry":{"type":"Polygon","coordinates":[[[-89.808,36.582],[-89.764,36.635],[-89.767,36.712],[-89.794,36.69],[-89.811,36.569],[-89.808,36.582]]]}},{"type":"Feature","properties":{"density":2},"geometry":{"type":"Polygon","coordinates":[[[-120.297,44.421],[-120.331,44.4],[-120.314,44.367],[-120.264,44.359],[-120.231,44.38],[-120.24,44.405],[-120.297,44.421]]]}},{"type":"Feature","properties":{"density":2},"geometry":{"type":"Polygon","coordinates":[[[-87.136,31.46],[-87.169,31.444],[-87.169,31.43],[-87.136,31.427],[-87.122,31.449],[-87.136,31.46]]]}},{"type":"Feature","properties":{"density":2},"geometry":{"type":"Polygon","coordinates":[[[-86.417,32.995],[-86.483,32.932],[-86.513,32.822],[-86.558,32.8],[-86.61,32.805],[-86.626,32.844],[-86.618,32.888],[-86.469,33.017],[-86.436,33.017],[-86.417,32.995]]]}},{"type":"Feature","properties":{"density":2},"geometry":{"type":"Polygon","coordinates":[[[-85.465,32.901],[-85.429,32.956],[-85.462,33.011],[-85.451,33.047],[-85.49,33.102],[-85.542,33.113],[-85.556,33.097],[-85.531,32.992],[-85.487,32.904],[-85.465,32.901]]]}},{"type":"Feature","properties":{"density":2},"geometry":{"type":"Polygon","coordinates":[[[-85.217,32.573],[-85.247,32.57],[-85.291,32.504],[-85.264,32.507],[-85.209,32.548],[-85.217,32.573]]]}},{"type":"Feature","properties":{"density":2},"geometry":{"type":"Polygon","coordinates":[[[-84.941,31.757],[-85.068,31.779],[-85.118,31.749],[-85.054,31.722],[-85.085,31.611],[-85.065,31.589],[-85.038,31.581],[-84.944,31.6],[-84.864,31.664],[-84.878,31.711],[-84.941,31.757]]]}},{"type":"Feature","properties":{"density":2},"geometry":{"type":"Polygon","coordinates":[[[-82.633,33.049],[-82.793,33.027],[-82.829,33.005],[-82.837,32.972],[-82.912,32.944],[-82.961,32.903],[-82.829,32.916],[-82.757,32.996],[-82.691,33.024],[-82.636,33.027],[-82.633,33.049]]]}},{"type":"Feature","properties":{"density":2},"geometry":{"type":"Polygon","coordinates":[[[-82.242,33.732],[-82.444,33.802],[-82.518,33.774],[-82.509,33.714],[-82.442,33.675],[-82.261,33.67],[-82.204,33.716],[-82.242,33.732]]]}},{"type":"Feature","properties":{"density":2},"geometry":{"type":"Polygon","coordinates":[[[-84.732,33.114],[-84.693,33.111],[-84.658,33.131],[-84.666,33.199],[-84.646,33.247],[-84.605,33.289],[-84.607,33.313],[-84.739,33.298],[-84.811,33.267],[-84.837,33.23],[-84.818,33.164],[-84.774,33.153],[-84.732,33.114]]]}},{"type":"Feature","properties":{"density":2},"geometry":{"type":"Polygon","coordinates":[[[-79.944,35.281],[-79.944,35.246],[-79.905,35.232],[-79.842,35.152],[-79.787,35.111],[-79.729,35.135],[-79.687,35.179],[-79.679,35.248],[-79.767,35.273],[-79.913,35.281],[-79.935,35.27],[-79.944,35.281]]]}},{"type":"Feature","properties":{"density":2},"geometry":{"type":"Polygon","coordinates":[[[-91.263,34.085],[-91.266,34.04],[-91.249,34.016],[-91.233,34.029],[-91.227,34.076],[-91.263,34.085]]]}},{"type":"Feature","properties":{"density":2},"geometry":{"type":"Polygon","coordinates":[[[-91.197,34.167],[-91.244,34.167],[-91.222,34.126],[-91.18,34.107],[-91.164,34.162],[-91.197,34.167]]]}},{"type":"Feature","properties":{"density":2},"geometry":{"type":"Polygon","coordinates":[[[-90.88,34.283],[-90.847,34.291],[-90.816,34.338],[-90.822,34.366],[-90.861,34.396],[-90.838,34.432],[-90.861,34.47],[-90.907,34.454],[-90.899,34.41],[-90.918,34.363],[-90.91,34.305],[-90.88,34.283]]]}},{"type":"Feature","properties":{"density":2},"geometry":{"type":"Polygon","coordinates":[[[-91.941,34.594],[-91.977,34.627],[-91.999,34.627],[-92.032,34.597],[-91.996,34.561],[-91.955,34.55],[-91.933,34.561],[-91.941,34.594]]]}},{"type":"Feature","properties":{"density":2},"geometry":{"type":"Polygon","coordinates":[[[-91.833,34.52],[-91.844,34.567],[-91.822,34.564],[-91.811,34.539],[-91.814,34.52],[-91.833,34.52]]]}},{"type":"Feature","properties":{"density":2},"geometry":{"type":"Polygon","coordinates":[[[-91.811,34.448],[-91.825,34.448],[-91.833,34.418],[-91.789,34.407],[-91.786,34.429],[-91.811,34.448]]]}},{"type":"Feature","properties":{"density":2},"geometry":{"type":"Polygon","coordinates":[[[-91.356,35.603],[-91.372,35.564],[-91.356,35.551],[-91.306,35.548],[-91.265,35.584],[-91.303,35.603],[-91.356,35.603]]]}},{"type":"Feature","properties":{"density":2},"geometry":{"type":"Polygon","coordinates":[[[-91.086,35.407],[-91.108,35.451],[-91.091,35.473],[-91.044,35.484],[-91.028,35.471],[-91.03,35.44],[-91.064,35.407],[-91.086,35.407]]]}},{"type":"Feature","properties":{"density":2},"geometry":{"type":"Polygon","coordinates":[[[-90.799,35.697],[-90.816,35.686],[-90.832,35.603],[-90.805,35.573],[-90.777,35.57],[-90.749,35.611],[-90.749,35.652],[-90.766,35.683],[-90.799,35.697]]]}},{"type":"Feature","properties":{"density":2},"geometry":{"type":"Polygon","coordinates":[[[-90.041,35.947],[-90.058,35.92],[-90.047,35.909],[-90.019,35.909],[-89.992,35.931],[-89.992,35.953],[-90.011,35.961],[-90.041,35.947]]]}},{"type":"Feature","properties":{"density":2},"geometry":{"type":"Polygon","coordinates":[[[-89.92,36.16],[-89.881,36.228],[-89.917,36.256],[-89.945,36.231],[-89.939,36.171],[-89.92,36.16]]]}},{"type":"Feature","properties":{"density":2},"geometry":{"type":"Polygon","coordinates":[[[-89.716,36.515],[-89.697,36.559],[-89.722,36.592],[-89.752,36.592],[-89.749,36.551],[-89.716,36.515]]]}},{"type":"Feature","properties":{"density":2},"geometry":{"type":"Polygon","coordinates":[[[-90.427,36.454],[-90.364,36.454],[-90.35,36.474],[-90.369,36.51],[-90.419,36.537],[-90.432,36.537],[-90.455,36.493],[-90.452,36.465],[-90.427,36.454]]]}},{"type":"Feature","properties":{"density":2},"geometry":{"type":"Polygon","coordinates":[[[-84.811,46.376],[-84.789,46.343],[-84.767,46.346],[-84.728,46.561],[-84.75,46.729],[-84.767,46.754],[-84.795,46.762],[-84.83,46.718],[-84.852,46.641],[-84.833,46.384],[-84.811,46.376]]]}},{"type":"Feature","properties":{"density":2},"geometry":{"type":"Polygon","coordinates":[[[-116.201,44.952],[-116.168,44.996],[-116.169,45.034],[-116.217,44.983],[-116.219,44.954],[-116.201,44.952]]]}},{"type":"Feature","properties":{"density":2},"geometry":{"type":"Polygon","coordinates":[[[-120.305,44.373],[-120.333,44.387],[-120.344,44.409],[-120.33,44.423],[-120.256,44.409],[-120.184,44.368],[-120.305,44.373]]]}},{"type":"Feature","properties":{"density":2},"geometry":{"type":"Polygon","coordinates":[[[-119.558,37.648],[-119.624,37.679],[-119.679,37.681],[-119.712,37.612],[-119.608,37.582],[-119.572,37.593],[-119.55,37.621],[-119.558,37.648]]]}},{"type":"Feature","properties":{"density":2},"geometry":{"type":"Polygon","coordinates":[[[-92.319,18.175],[-92.241,18.178],[-92.189,18.159],[-92.071,18.095],[-92.059,18.059],[-92.106,18.057],[-92.23,18.106],[-92.332,18.164],[-92.319,18.175]]]}},{"type":"Feature","properties":{"density":2},"geometry":{"type":"Polygon","coordinates":[[[-87.174,31.448],[-87.258,31.408],[-87.265,31.391],[-87.228,31.347],[-87.204,31.347],[-87.147,31.415],[-87.14,31.448],[-87.174,31.448]]]}},{"type":"Feature","properties":{"density":2},"geometry":{"type":"Polygon","coordinates":[[[-87.738,32.866],[-87.822,32.944],[-87.893,32.957],[-87.778,32.859],[-87.721,32.836],[-87.738,32.866]]]}},{"type":"Feature","properties":{"density":2},"geometry":{"type":"Polygon","coordinates":[[[-86.516,32.974],[-86.475,32.917],[-86.455,32.795],[-86.512,32.704],[-86.56,32.674],[-86.658,32.65],[-86.82,32.66],[-86.894,32.701],[-86.938,32.771],[-86.968,32.977],[-86.948,33.021],[-86.901,33.052],[-86.88,33.052],[-86.779,32.981],[-86.516,32.974]]]}},{"type":"Feature","properties":{"density":2},"geometry":{"type":"Polygon","coordinates":[[[-85.993,32.667],[-86.091,32.707],[-86.124,32.697],[-86.094,32.603],[-85.996,32.64],[-85.993,32.667]]]}},{"type":"Feature","properties":{"density":2},"geometry":{"type":"Polygon","coordinates":[[[-84.98,31.688],[-85.223,31.691],[-85.277,31.712],[-85.267,31.739],[-85.206,31.756],[-85.061,31.769],[-84.997,31.762],[-84.96,31.725],[-84.98,31.688]]]}},{"type":"Feature","properties":{"density":2},"geometry":{"type":"Polygon","coordinates":[[[-85.25,32.569],[-85.675,32.562],[-85.692,32.542],[-85.689,32.515],[-85.584,32.471],[-85.223,32.542],[-85.25,32.569]]]}},{"type":"Feature","properties":{"density":2},"geometry":{"type":"Polygon","coordinates":[[[-85.47,33.028],[-85.635,33.116],[-85.767,33.126],[-85.885,33.082],[-85.949,33.028],[-85.972,32.981],[-85.868,32.933],[-85.885,32.866],[-85.864,32.829],[-85.8,32.788],[-85.756,32.785],[-85.483,32.879],[-85.443,32.937],[-85.453,33.011],[-85.47,33.028]]]}},{"type":"Feature","properties":{"density":2},"geometry":{"type":"Polygon","coordinates":[[[-84.715,33.149],[-84.729,33.183],[-84.634,33.244],[-84.631,33.284],[-84.651,33.325],[-84.908,33.46],[-84.935,33.45],[-84.968,33.251],[-85.002,33.22],[-85.083,33.193],[-85.127,33.146],[-85.144,33.095],[-85.124,33.001],[-85.086,32.947],[-85.043,32.92],[-84.965,32.91],[-84.935,32.93],[-84.908,33.028],[-84.86,33.041],[-84.823,33.082],[-84.722,33.095],[-84.705,33.109],[-84.715,33.149]]]}},{"type":"Feature","properties":{"density":2},"geometry":{"type":"Polygon","coordinates":[[[-86.261,34.816],[-86.367,34.864],[-86.313,34.816],[-86.27,34.805],[-86.261,34.816]]]}},{"type":"Feature","properties":{"density":2},"geometry":{"type":"Polygon","coordinates":[[[-82.236,33.695],[-82.247,33.614],[-82.29,33.607],[-82.341,33.614],[-82.395,33.668],[-82.473,33.705],[-82.601,33.718],[-82.655,33.685],[-82.668,33.658],[-82.773,33.6],[-82.83,33.573],[-82.884,33.583],[-82.837,33.759],[-82.736,33.894],[-82.706,33.978],[-82.641,34.025],[-82.463,34.073],[-82.172,33.894],[-82.166,33.826],[-82.236,33.695]]]}},{"type":"Feature","properties":{"density":2},"geometry":{"type":"Polygon","coordinates":[[[-78.669,34.316],[-78.591,34.316],[-78.564,34.289],[-78.632,34.289],[-78.669,34.316]]]}},{"type":"Feature","properties":{"density":2},"geometry":{"type":"Polygon","coordinates":[[[-79.92,35.32],[-79.963,35.296],[-79.977,35.266],[-79.977,35.235],[-79.95,35.215],[-79.886,35.225],[-79.801,35.212],[-79.768,35.185],[-79.71,35.175],[-79.413,35.262],[-79.363,35.35],[-79.38,35.37],[-79.366,35.418],[-79.207,35.573],[-79.18,35.634],[-79.194,35.711],[-79.251,35.765],[-79.315,35.762],[-79.346,35.732],[-79.477,35.485],[-79.569,35.438],[-79.68,35.435],[-79.734,35.418],[-79.92,35.32]]]}},{"type":"Feature","properties":{"density":2},"geometry":{"type":"Polygon","coordinates":[[[-87.511,36.596],[-87.524,36.647],[-87.565,36.647],[-87.575,36.627],[-87.561,36.6],[-87.528,36.576],[-87.511,36.596]]]}},{"type":"Feature","properties":{"density":2},"geometry":{"type":"Polygon","coordinates":[[[-84.847,46.35],[-84.797,46.333],[-84.777,46.377],[-84.75,46.748],[-84.763,46.988],[-84.8,47.116],[-84.831,47.15],[-84.824,46.715],[-84.847,46.35]]]}},{"type":"Feature","properties":{"density":2},"geometry":{"type":"Polygon","coordinates":[[[-118.758,44.179],[-118.785,44.179],[-118.812,44.136],[-118.785,44.081],[-118.677,43.984],[-118.548,43.903],[-118.403,43.852],[-118.302,43.879],[-118.258,43.919],[-118.245,43.994],[-118.292,44.048],[-118.579,44.152],[-118.758,44.179]]]}},{"type":"Feature","properties":{"density":2},"geometry":{"type":"Polygon","coordinates":[[[-120.314,44.446],[-120.371,44.419],[-120.371,44.392],[-120.31,44.321],[-120.084,44.233],[-119.969,44.163],[-119.385,43.71],[-119.328,43.683],[-119.223,43.73],[-119.109,43.754],[-119.115,43.812],[-119.23,43.96],[-119.237,44.105],[-119.294,44.163],[-119.689,44.331],[-119.8,44.432],[-119.844,44.449],[-119.966,44.47],[-120.138,44.473],[-120.314,44.446]]]}},{"type":"Feature","properties":{"density":2},"geometry":{"type":"Polygon","coordinates":[[[-116.268,44.954],[-116.102,45.099],[-116.028,45.197],[-115.991,45.221],[-115.745,45.251],[-115.687,45.234],[-115.66,45.177],[-115.68,45.049],[-115.815,45.022],[-115.971,44.944],[-116.126,44.934],[-116.268,44.954]]]}},{"type":"Feature","properties":{"density":2},"geometry":{"type":"Polygon","coordinates":[[[-118.352,45.351],[-118.352,45.314],[-118.055,45.287],[-117.886,45.314],[-117.849,45.361],[-117.869,45.395],[-118.352,45.351]]]}},{"type":"Feature","properties":{"density":2},"geometry":{"type":"Polygon","coordinates":[[[-113.721,42.224],[-113.741,42.224],[-113.755,42.201],[-113.751,42.174],[-113.724,42.147],[-113.647,42.14],[-113.64,42.17],[-113.66,42.207],[-113.721,42.224]]]}},{"type":"Feature","properties":{"density":2},"geometry":{"type":"Polygon","coordinates":[[[-121.329,43.077],[-121.184,43.003],[-121.157,42.952],[-121.164,42.935],[-121.329,43.036],[-121.339,43.057],[-121.329,43.077]]]}},{"type":"Feature","properties":{"density":2},"geometry":{"type":"Polygon","coordinates":[[[-121.906,43.455],[-121.683,43.441],[-121.619,43.421],[-121.548,43.377],[-121.488,43.313],[-121.454,43.229],[-121.481,43.229],[-121.788,43.377],[-121.913,43.441],[-121.906,43.455]]]}},{"type":"Feature","properties":{"density":2},"geometry":{"type":"Polygon","coordinates":[[[-123.135,43.323],[-123.185,43.354],[-123.263,43.35],[-123.26,43.33],[-123.037,43.192],[-123.071,43.246],[-123.158,43.323],[-123.135,43.323]]]}},{"type":"Feature","properties":{"density":2},"geometry":{"type":"Polygon","coordinates":[[[-119.535,37.6],[-119.58,37.635],[-119.702,37.66],[-119.742,37.615],[-119.833,37.569],[-119.914,37.488],[-119.929,37.387],[-119.965,37.316],[-120.132,37.134],[-120.117,37.053],[-120.071,36.987],[-119.853,37.154],[-119.737,37.306],[-119.636,37.493],[-119.57,37.539],[-119.535,37.6]]]}},{"type":"Feature","properties":{"density":2},"geometry":{"type":"Polygon","coordinates":[[[-92.299,18.182],[-92.812,17.949],[-92.93,17.844],[-92.991,17.75],[-92.937,17.676],[-92.93,17.48],[-92.859,17.416],[-92.764,17.399],[-92.65,17.341],[-92.461,17.206],[-92.359,17.152],[-92.255,17.115],[-92.137,17.098],[-92.049,17.105],[-91.992,17.156],[-91.911,17.179],[-91.759,17.287],[-91.732,17.345],[-91.735,17.466],[-91.769,17.547],[-91.813,17.591],[-92.066,17.75],[-92.113,17.838],[-92.106,17.885],[-92.076,17.912],[-92.019,17.932],[-91.938,17.993],[-91.914,18.023],[-91.927,18.064],[-92.241,18.205],[-92.299,18.182]]]}},{"type":"Feature","properties":{"density":2},"geometry":{"type":"Polygon","coordinates":[[[-107.732,45.664],[-107.07,45.637],[-106.287,45.552],[-106.112,45.495],[-106.098,45.444],[-106.179,45.373],[-106.257,45.353],[-106.955,45.333],[-107.31,45.478],[-107.6,45.532],[-107.722,45.573],[-107.772,45.6],[-107.779,45.627],[-107.732,45.664]]]}},{"type":"Feature","properties":{"density":2},"geometry":{"type":"Polygon","coordinates":[[[-89.598,32.749],[-89.531,32.843],[-89.527,32.904],[-89.544,32.918],[-89.595,32.891],[-89.655,32.921],[-89.72,32.81],[-89.635,32.746],[-89.598,32.749]]]}},{"type":"Feature","properties":{"density":2},"geometry":{"type":"Polygon","coordinates":[[[-89.193,31.139],[-89.247,31.136],[-89.315,31.085],[-89.304,31.045],[-89.139,30.964],[-89.078,30.964],[-89.088,31.058],[-89.193,31.139]]]}},{"type":"Feature","properties":{"density":2},"geometry":{"type":"Polygon","coordinates":[[[-91.598,30.83],[-91.696,30.969],[-91.733,30.999],[-91.824,31.006],[-91.875,30.962],[-91.888,30.901],[-91.675,30.702],[-91.638,30.688],[-91.601,30.712],[-91.581,30.78],[-91.598,30.83]]]}},{"type":"Feature","properties":{"density":2},"geometry":{"type":"Polygon","coordinates":[[[-92.966,32.386],[-92.934,32.356],[-92.912,32.359],[-92.878,32.383],[-92.822,32.482],[-92.82,32.532],[-92.876,32.575],[-92.896,32.575],[-92.934,32.523],[-92.966,32.453],[-92.966,32.386]]]}},{"type":"Feature","properties":{"density":2},"geometry":{"type":"Polygon","coordinates":[[[-91.659,32.869],[-91.807,32.944],[-91.871,32.937],[-91.929,32.91],[-92.02,32.836],[-91.969,32.819],[-91.659,32.819],[-91.659,32.869]]]}},{"type":"Feature","properties":{"density":2},"geometry":{"type":"Polygon","coordinates":[[[-91.338,33.227],[-91.524,33.241],[-91.351,33.203],[-91.338,33.227]]]}},{"type":"Feature","properties":{"density":2},"geometry":{"type":"Polygon","coordinates":[[[-89.741,34.514],[-89.704,34.585],[-89.687,34.696],[-89.707,34.7],[-89.772,34.578],[-89.775,34.501],[-89.741,34.514]]]}},{"type":"Feature","properties":{"density":2},"geometry":{"type":"Polygon","coordinates":[[[-90.524,33.87],[-90.575,33.907],[-90.629,33.91],[-90.629,33.863],[-90.521,33.832],[-90.524,33.87]]]}},{"type":"Feature","properties":{"density":2},"geometry":{"type":"Polygon","coordinates":[[[-90.814,34.352],[-90.838,34.356],[-90.902,34.437],[-90.946,34.46],[-91.071,34.261],[-91.054,34.204],[-90.98,34.163],[-90.966,34.18],[-91.014,34.237],[-91.024,34.268],[-91.014,34.291],[-90.933,34.322],[-90.838,34.312],[-90.801,34.325],[-90.814,34.352]]]}},{"type":"Feature","properties":{"density":2},"geometry":{"type":"Polygon","coordinates":[[[-91.192,34.14],[-91.23,34.099],[-91.253,34.028],[-91.297,34.021],[-91.375,34.079],[-91.405,34.123],[-91.408,34.16],[-91.331,34.241],[-91.27,34.248],[-91.196,34.194],[-91.192,34.14]]]}},{"type":"Feature","properties":{"density":2},"geometry":{"type":"Polygon","coordinates":[[[-91.81,34.406],[-91.979,34.487],[-91.975,34.545],[-92.036,34.585],[-92.077,34.639],[-92.073,34.696],[-92.04,34.713],[-91.925,34.653],[-91.881,34.649],[-91.82,34.693],[-91.84,34.788],[-91.891,34.885],[-91.84,34.916],[-91.793,34.882],[-91.763,34.835],[-91.709,34.683],[-91.678,34.646],[-91.756,34.632],[-91.803,34.592],[-91.79,34.572],[-91.668,34.541],[-91.624,34.514],[-91.587,34.457],[-91.587,34.416],[-91.631,34.389],[-91.749,34.386],[-91.81,34.406]]]}},{"type":"Feature","properties":{"density":2},"geometry":{"type":"Polygon","coordinates":[[[-91.086,35.401],[-91.022,35.414],[-90.992,35.438],[-90.958,35.509],[-90.951,35.556],[-90.965,35.59],[-91.002,35.59],[-91.096,35.522],[-91.11,35.435],[-91.086,35.401]]]}},{"type":"Feature","properties":{"density":2},"geometry":{"type":"Polygon","coordinates":[[[-90.816,35.597],[-90.88,35.738],[-90.877,35.765],[-90.803,35.792],[-90.749,35.792],[-90.698,35.772],[-90.678,35.735],[-90.735,35.698],[-90.742,35.657],[-90.715,35.624],[-90.732,35.583],[-90.762,35.573],[-90.816,35.597]]]}},{"type":"Feature","properties":{"density":2},"geometry":{"type":"Polygon","coordinates":[[[-90.357,35.279],[-90.317,35.33],[-90.306,35.384],[-90.344,35.347],[-90.357,35.279]]]}},{"type":"Feature","properties":{"density":2},"geometry":{"type":"Polygon","coordinates":[[[-89.876,36.324],[-89.809,36.348],[-89.741,36.402],[-89.714,36.456],[-89.718,36.493],[-89.792,36.499],[-89.859,36.462],[-89.896,36.388],[-89.896,36.351],[-89.876,36.324]]]}},{"type":"Feature","properties":{"density":2},"geometry":{"type":"Polygon","coordinates":[[[-89.812,36.952],[-89.836,36.982],[-89.876,37.131],[-89.876,37.171],[-89.853,37.185],[-89.812,37.185],[-89.758,37.161],[-89.711,37.117],[-89.741,37.012],[-89.772,36.965],[-89.812,36.952]]]}},{"type":"Feature","properties":{"density":2},"geometry":{"type":"Polygon","coordinates":[[[-90.268,36.847],[-90.244,36.83],[-90.2,36.837],[-90.173,36.915],[-90.207,36.965],[-90.271,36.985],[-90.281,36.958],[-90.268,36.847]]]}},{"type":"Feature","properties":{"density":2},"geometry":{"type":"Polygon","coordinates":[[[-90.862,36.148],[-90.862,36.189],[-90.777,36.408],[-90.801,36.506],[-90.848,36.537],[-90.882,36.51],[-90.906,36.334],[-90.902,36.145],[-90.862,36.148]]]}},{"type":"Feature","properties":{"density":2},"geometry":{"type":"Polygon","coordinates":[[[-90.73,36.179],[-90.696,36.142],[-90.669,36.138],[-90.524,36.135],[-90.474,36.155],[-90.43,36.192],[-90.484,36.246],[-90.474,36.287],[-90.433,36.314],[-90.16,36.408],[-90.133,36.462],[-90.163,36.516],[-90.308,36.631],[-90.386,36.726],[-90.49,36.78],[-90.538,36.766],[-90.561,36.719],[-90.565,36.651],[-90.524,36.513],[-90.528,36.408],[-90.565,36.381],[-90.619,36.381],[-90.713,36.334],[-90.74,36.236],[-90.73,36.179]]]}},{"type":"Feature","properties":{"density":2},"geometry":{"type":"Polygon","coordinates":[[[-97.03,21.441],[-97.098,21.851],[-97.098,22.193],[-97.03,22.398],[-96.893,22.398],[-96.722,22.33],[-96.414,22.261],[-96.295,22.278],[-96.414,22.517],[-96.551,22.74],[-96.414,22.825],[-96.209,22.808],[-95.987,22.859],[-95.868,22.945],[-96.056,23.081],[-96.346,23.218],[-96.551,23.372],[-96.568,23.628],[-96.619,23.816],[-96.773,23.97],[-97.508,24.448],[-97.696,24.841],[-97.833,25.063],[-98.055,25.32],[-98.396,25.627],[-98.636,25.815],[-98.789,26.14],[-98.806,26.516],[-98.619,26.772],[-98.379,26.857],[-98.089,26.755],[-97.559,26.516],[-97.354,26.328],[-97.047,26.157],[-96.466,25.935],[-95.851,25.525],[-95.594,25.285],[-95.338,25.08],[-95.15,24.875],[-94.962,24.619],[-94.689,24.089],[-94.62,23.884],[-94.501,23.013],[-94.33,22.159],[-94.21,21.954],[-94.176,21.732],[-94.21,21.39],[-94.347,21.134],[-94.518,20.86],[-94.62,20.655],[-94.586,20.416],[-94.415,20.108],[-94.347,19.613],[-94.655,19.459],[-95.03,19.476],[-95.201,19.374],[-95.201,19.186],[-95.167,19.015],[-95.133,18.673],[-95.27,18.331],[-95.458,18.314],[-95.577,18.947],[-95.577,19.357],[-95.714,19.647],[-96.056,19.767],[-96.397,19.801],[-96.705,19.852],[-96.927,19.989],[-97.132,20.245],[-97.166,20.706],[-97.081,20.877],[-97.047,20.997],[-97.03,21.441]]]}},{"type":"Feature","properties":{"density":2},"geometry":{"type":"Polygon","coordinates":[[[-113.368,24.178],[-112.884,23.922],[-112.4,23.694],[-111.489,22.925],[-111.147,22.754],[-110.691,22.669],[-108.983,22.583],[-107.673,22.242],[-107.132,21.985],[-107.046,21.672],[-107.103,21.501],[-107.502,21.188],[-107.872,21.017],[-108.755,20.846],[-109.467,20.818],[-110.15,21.131],[-111.716,21.473],[-113.026,21.9],[-113.539,22.213],[-114.165,22.897],[-113.881,24.15],[-113.767,24.406],[-113.368,24.178]]]}},{"type":"Feature","properties":{"density":3},"geometry":{"type":"Polygon","coordinates":[[[-84.964,31.75],[-84.991,31.738],[-84.988,31.716],[-84.94,31.703],[-84.927,31.725],[-84.964,31.75]]]}},{"type":"Feature","properties":{"density":3},"geometry":{"type":"Polygon","coordinates":[[[-82.253,33.724],[-82.319,33.71],[-82.231,33.699],[-82.253,33.724]]]}},{"type":"Feature","properties":{"density":3},"geometry":{"type":"Polygon","coordinates":[[[-84.708,33.129],[-84.743,33.171],[-84.714,33.179],[-84.688,33.157],[-84.686,33.135],[-84.708,33.129]]]}},{"type":"Feature","properties":{"density":3},"geometry":{"type":"Polygon","coordinates":[[[-90.869,34.322],[-90.838,34.349],[-90.869,34.363],[-90.888,34.355],[-90.891,34.333],[-90.877,34.313],[-90.869,34.322]]]}},{"type":"Feature","properties":{"density":3},"geometry":{"type":"Polygon","coordinates":[[[-84.786,46.371],[-84.767,46.569],[-84.8,46.638],[-84.811,46.561],[-84.797,46.36],[-84.786,46.371]]]}},{"type":"Feature","properties":{"density":3},"geometry":{"type":"Polygon","coordinates":[[[-86.58,32.89],[-86.59,32.863],[-86.57,32.819],[-86.577,32.765],[-86.688,32.724],[-86.776,32.765],[-86.833,32.819],[-86.86,32.869],[-86.86,32.9],[-86.836,32.903],[-86.809,32.886],[-86.674,32.903],[-86.58,32.89]]]}},{"type":"Feature","properties":{"density":3},"geometry":{"type":"Polygon","coordinates":[[[-82.274,33.671],[-82.334,33.671],[-82.668,33.84],[-82.638,33.928],[-82.581,33.975],[-82.503,33.958],[-82.368,33.975],[-82.328,33.924],[-82.331,33.823],[-82.25,33.732],[-82.247,33.701],[-82.274,33.671]]]}},{"type":"Feature","properties":{"density":3},"geometry":{"type":"Polygon","coordinates":[[[-79.943,35.276],[-79.947,35.252],[-79.909,35.242],[-79.747,35.232],[-79.653,35.283],[-79.639,35.364],[-79.68,35.384],[-79.72,35.381],[-79.943,35.276]]]}},{"type":"Feature","properties":{"density":3},"geometry":{"type":"Polygon","coordinates":[[[-118.704,44.156],[-118.764,44.159],[-118.781,44.119],[-118.697,44.051],[-118.488,43.93],[-118.39,43.903],[-118.37,43.93],[-118.363,43.994],[-118.376,44.051],[-118.467,44.092],[-118.704,44.156]]]}},{"type":"Feature","properties":{"density":3},"geometry":{"type":"Polygon","coordinates":[[[-120.327,44.362],[-120.074,44.27],[-119.983,44.217],[-119.831,44.078],[-119.638,43.947],[-119.558,43.865],[-119.406,43.751],[-119.352,43.744],[-119.25,43.849],[-119.298,43.947],[-119.308,44.031],[-119.385,44.149],[-119.426,44.179],[-119.601,44.243],[-119.73,44.27],[-119.838,44.338],[-120.013,44.402],[-120.287,44.422],[-120.327,44.362]]]}},{"type":"Feature","properties":{"density":3},"geometry":{"type":"Polygon","coordinates":[[[-107.732,45.64],[-106.952,45.61],[-106.814,45.586],[-106.584,45.573],[-106.348,45.525],[-106.301,45.498],[-106.294,45.465],[-106.314,45.441],[-106.49,45.444],[-106.959,45.508],[-107.313,45.579],[-107.634,45.593],[-107.752,45.62],[-107.732,45.64]]]}},{"type":"Feature","properties":{"density":3},"geometry":{"type":"Polygon","coordinates":[[[-92.932,32.368],[-92.894,32.419],[-92.885,32.462],[-92.923,32.494],[-92.948,32.449],[-92.932,32.368]]]}},{"type":"Feature","properties":{"density":3},"geometry":{"type":"Polygon","coordinates":[[[-90.332,36.496],[-90.443,36.604],[-90.47,36.604],[-90.48,36.567],[-90.423,36.472],[-90.335,36.429],[-90.312,36.439],[-90.332,36.496]]]}}]}