{"type":"FeatureCollection","features":[{"type":"Feature","properties":{"density":1},"geometry":{"type":"Polygon","coordinates":[[[-105.278,66.371],[-105.069,65.931],[-104.985,65.492],[-104.692,64.592],[-104.337,63.86],[-103.876,63.253],[-103.29,62.834],[-102.6,62.583],[-101.595,62.332],[-100.968,62.311],[-100.068,62.311],[-98.373,62.918],[-96.657,63.295],[-95.778,63.629],[-94.376,64.09],[-92.911,64.529],[-91.363,64.78],[-90.149,65.115],[-88.747,65.596],[-87.052,66.14],[-86.173,66.329],[-83.683,66.685],[-81.444,67.333],[-79.812,67.773],[-78.514,68.066],[-74.894,68.589],[-72.027,68.693],[-69.955,68.693],[-68.658,68.463],[-67.34,67.94],[-66.524,67.689],[-64.661,67.668],[-63.385,67.773],[-62.548,67.982],[-59.576,68.882],[-58.739,68.903],[-58.153,68.254],[-58.237,67.04],[-59.074,66.203],[-60.434,65.408],[-61.648,64.571],[-63.092,63.671],[-64.808,62.709],[-66.817,61.767],[-70.207,60.093],[-71.232,59.528],[-72.132,58.691],[-72.362,57.979],[-72.153,57.205],[-71.86,56.243],[-71.692,55.238],[-71.902,54.213],[-72.362,53.606],[-73.325,52.56],[-74.413,51.178],[-74.936,50.048],[-75.271,49.107],[-75.585,47.851],[-75.585,45.361],[-75.94,44.294],[-76.422,43.436],[-77.175,42.264],[-78.179,41.26],[-79.1,40.443],[-80.293,38.916],[-80.67,38.079],[-81.088,37.053],[-81.548,35.777],[-81.862,34.835],[-82.051,33.643],[-82.49,31.885],[-82.909,30.88],[-83.515,29.604],[-83.892,28.704],[-84.311,27.951],[-85.085,26.988],[-85.629,26.465],[-86.508,25.984],[-87.659,25.502],[-88.705,25.021],[-89.563,24.435],[-90.4,23.724],[-90.902,23.18],[-91.279,22.217],[-91.153,21.38],[-90.798,20.522],[-90.191,20.041],[-88.831,19.748],[-88.37,19.35],[-87.701,18.408],[-86.738,16.588],[-86.487,15.542],[-86.487,14.579],[-86.926,13.679],[-87.91,12.989],[-88.852,12.821],[-90.107,12.863],[-92.116,12.465],[-93.392,12.068],[-94.334,11.963],[-94.983,12.089],[-95.799,12.633],[-96.28,14.077],[-96.092,15.709],[-96.615,16.755],[-97.808,17.404],[-99.147,17.634],[-100.152,17.446],[-101.135,17.237],[-102.684,17.341],[-104.127,18.011],[-104.923,18.597],[-105.404,19.308],[-105.802,20.25],[-106.178,21.213],[-106.827,22.133],[-107.643,22.782],[-108.668,23.221],[-108.961,23.326],[-110.761,23.828],[-112.582,24.017],[-113.712,24.582],[-114.381,25.942],[-114.569,27.825],[-115.009,28.85],[-115.637,29.688],[-116.327,30.525],[-117.081,31.655],[-118.022,32.868],[-119.278,33.873],[-120.157,34.521],[-121.349,36.154],[-121.726,36.802],[-122.27,37.284],[-122.961,37.786],[-123.923,38.058],[-124.53,38.142],[-125.304,38.204],[-125.869,38.372],[-126.434,38.811],[-126.79,39.795],[-126.707,41.364],[-126.497,42.662],[-126.288,43.436],[-125.597,45.256],[-125.786,46.491],[-126.288,47.537],[-127.334,48.207],[-128.548,48.898],[-129.385,49.986],[-129.762,50.613],[-129.908,51.241],[-129.657,52.518],[-129.071,53.773],[-128.757,54.234],[-127.837,54.736],[-126.937,55.113],[-126.225,55.678],[-125.849,56.389],[-125.953,57.645],[-126.351,58.544],[-126.916,59.277],[-127.523,59.842],[-128.82,61.432],[-129.343,62.227],[-129.72,62.981],[-129.657,63.943],[-129.05,64.927],[-127.711,65.868],[-126.979,66.14],[-125.681,66.58],[-124.007,66.936],[-122.731,66.957],[-120.994,67.082],[-118.587,67.082],[-116.369,66.998],[-115.009,67.019],[-114.046,67.103],[-113.063,67.396],[-112.163,67.689],[-110.656,68.003],[-109.526,68.191],[-108.606,68.191],[-107.287,68.024],[-106.429,67.689],[-105.592,66.81],[-105.278,66.371]]]}},{"type":"Feature","properties":{"density":1},"geometry":{"type":"Polygon","coordinates":[[[-74.905,20.464],[-74.98,20.453],[-75.352,20.527],[-75.39,20.508],[-75.387,20.475],[-75.327,20.442],[-74.999,20.392],[-74.902,20.422],[-74.886,20.45],[-74.905,20.464]]]}},{"type":"Feature","properties":{"density":1},"geometry":{"type":"Polygon","coordinates":[[[-93.369,31.767],[-93.489,31.89],[-93.498,31.95],[-93.454,32.017],[-93.386,32.066],[-93.338,32.083],[-93.259,32.081],[-93.143,31.96],[-93.112,31.882],[-93.18,31.778],[-93.281,31.699],[-93.333,31.717],[-93.369,31.767]]]}},{"type":"Feature","properties":{"density":1},"geometry":{"type":"Polygon","coordinates":[[[-93.178,32.161],[-93.25,32.233],[-93.285,32.315],[-93.296,32.36],[-93.294,32.404],[-93.281,32.411],[-93.243,32.411],[-92.943,32.297],[-92.838,32.238],[-92.802,32.168],[-92.861,32.121],[-92.982,32.093],[-93.099,32.11],[-93.178,32.161]]]}},{"type":"Feature","properties":{"density":1},"geometry":{"type":"Polygon","coordinates":[[[-95.363,34.488],[-95.266,34.568],[-95.209,34.659],[-95.203,34.711],[-95.239,34.766],[-95.264,34.774],[-95.302,34.75],[-95.399,34.587],[-95.407,34.532],[-95.363,34.488]]]}},{"type":"Feature","properties":{"density":1},"geometry":{"type":"Polygon","coordinates":[[[-115.909,31.398],[-115.839,31.346],[-115.802,31.348],[-115.754,31.388],[-115.753,31.442],[-115.797,31.51],[-115.876,31.541],[-115.916,31.486],[-115.909,31.398]]]}},{"type":"Feature","properties":{"density":1},"geometry":{"type":"Polygon","coordinates":[[[-98.541,21.821],[-98.644,21.786],[-98.669,21.747],[-98.653,21.582],[-98.603,21.585],[-98.563,21.615],[-98.515,21.784],[-98.513,21.815],[-98.541,21.821]]]}},{"type":"Feature","properties":{"density":1},"geometry":{"type":"Polygon","coordinates":[[[-93.82,17.953],[-94.035,17.905],[-94.281,17.791],[-94.452,17.795],[-94.474,17.848],[-94.433,17.907],[-94.228,18.046],[-93.998,18.129],[-93.834,18.145],[-93.566,18.103],[-93.3,17.967],[-93.186,17.859],[-93.206,17.822],[-93.204,17.784],[-93.184,17.745],[-93.138,17.71],[-93.085,17.706],[-93.03,17.725],[-92.921,17.806],[-92.912,17.85],[-92.943,17.927],[-92.929,17.973],[-92.877,17.997],[-92.576,17.949],[-92.541,17.94],[-92.519,17.908],[-92.528,17.879],[-92.589,17.85],[-92.813,17.831],[-92.879,17.73],[-92.984,17.644],[-93.079,17.598],[-93.158,17.572],[-93.327,17.567],[-93.43,17.602],[-93.478,17.644],[-93.557,17.833],[-93.642,17.936],[-93.737,17.98],[-93.82,17.953]]]}},{"type":"Feature","properties":{"density":1},"geometry":{"type":"Polygon","coordinates":[[[-83.523,51.246],[-83.589,51.248],[-83.611,51.275],[-83.621,51.316],[-83.608,51.365],[-83.341,51.858],[-83.305,51.893],[-83.235,51.926],[-83.191,51.929],[-83.13,51.896],[-83.086,51.843],[-83.042,51.709],[-82.974,51.602],[-82.946,51.49],[-82.956,51.446],[-83.169,51.338],[-83.45,51.25],[-83.523,51.246]]]}},{"type":"Feature","properties":{"density":1},"geometry":{"type":"Polygon","coordinates":[[[-84.057,54.051],[-84.118,54.087],[-84.258,54.225],[-84.38,54.319],[-84.476,54.481],[-84.476,54.536],[-84.46,54.553],[-84.429,54.55],[-84.132,54.305],[-84.077,54.302],[-83.892,54.355],[-83.864,54.322],[-83.98,54.06],[-83.994,54.043],[-84.057,54.051]]]}},{"type":"Feature","properties":{"density":1},"geometry":{"type":"Polygon","coordinates":[[[-91.584,54.485],[-91.713,54.38],[-91.708,54.286],[-91.548,54.284],[-91.341,54.361],[-91.124,54.54],[-90.553,54.92],[-90.482,55.008],[-90.44,55.091],[-90.432,55.16],[-90.468,55.201],[-90.614,55.176],[-90.735,55.113],[-91.057,54.868],[-91.259,54.749],[-91.584,54.485]]]}},{"type":"Feature","properties":{"density":1},"geometry":{"type":"Polygon","coordinates":[[[-114.02,63.769],[-114.062,63.796],[-114.075,63.857],[-114.037,63.907],[-113.979,63.948],[-114.006,64.067],[-113.995,64.113],[-113.932,64.149],[-113.662,64.229],[-113.527,64.193],[-113.411,64.075],[-113.414,63.967],[-113.549,63.882],[-113.681,63.821],[-113.924,63.741],[-113.976,63.741],[-114.02,63.769]]]}},{"type":"Feature","properties":{"density":1},"geometry":{"type":"Polygon","coordinates":[[[-113.001,63.292],[-113.059,63.218],[-113.086,63.116],[-113.056,63.044],[-112.926,62.953],[-112.631,62.824],[-112.527,62.702],[-112.491,62.62],[-112.483,62.556],[-112.521,62.479],[-112.626,62.358],[-112.634,62.311],[-112.618,62.273],[-112.312,61.98],[-112.251,61.804],[-112.213,61.741],[-112.102,61.628],[-111.865,61.468],[-111.725,61.529],[-111.642,61.631],[-111.628,61.677],[-111.637,61.81],[-111.711,61.942],[-111.871,62.118],[-111.915,62.493],[-111.959,62.589],[-112.168,62.832],[-112.317,63.036],[-112.378,63.102],[-112.461,63.16],[-112.554,63.215],[-112.758,63.295],[-112.923,63.323],[-113.001,63.292]]]}},{"type":"Feature","properties":{"density":1},"geometry":{"type":"Polygon","coordinates":[[[-116.709,55.408],[-116.542,55.529],[-116.281,55.687],[-116.142,55.956],[-116.039,56.459],[-115.965,56.691],[-115.974,57.007],[-116.012,57.342],[-115.984,58.049],[-115.928,58.468],[-115.928,59.305],[-115.993,59.779],[-115.974,60.56],[-115.928,60.858],[-115.863,61.109],[-115.946,61.509],[-116.049,62.411],[-116.235,62.876],[-116.43,63.062],[-116.718,63.257],[-117.035,63.415],[-117.314,63.527],[-118.095,63.713],[-118.569,63.76],[-119.062,63.843],[-119.704,63.871],[-120.308,63.806],[-120.773,63.694],[-121.238,63.611],[-121.824,63.471],[-121.973,63.388],[-122.317,63.155],[-122.978,62.83],[-123.21,62.746],[-123.647,62.634],[-123.889,62.467],[-124.056,62.244],[-124.122,61.909],[-123.982,61.63],[-123.675,61.462],[-122.717,61.518],[-122.187,61.453],[-121.322,61.193],[-120.941,61.016],[-120.253,60.588],[-120.001,60.263],[-119.713,59.788],[-119.676,59.63],[-119.611,59.091],[-119.248,57.361],[-118.997,56.663],[-118.802,56.291],[-118.653,56.077],[-118.383,55.789],[-118.123,55.575],[-117.658,55.445],[-117.267,55.38],[-116.709,55.408]]]}},{"type":"Feature","properties":{"density":1},"geometry":{"type":"Polygon","coordinates":[[[-106.917,37.235],[-106.98,37.202],[-107.022,37.166],[-107.025,37.144],[-106.956,37.136],[-106.867,37.202],[-106.834,37.257],[-106.917,37.235]]]}},{"type":"Feature","properties":{"density":1},"geometry":{"type":"Polygon","coordinates":[[[-107.394,38.124],[-107.394,38.091],[-107.366,38.066],[-107.311,38.053],[-107.06,38.091],[-107.003,38.166],[-107.0,38.21],[-107.019,38.254],[-107.074,38.29],[-107.209,38.287],[-107.325,38.232],[-107.394,38.124]]]}},{"type":"Feature","properties":{"density":1},"geometry":{"type":"Polygon","coordinates":[[[-112.28,39.065],[-112.393,38.99],[-112.534,38.847],[-112.583,38.75],[-112.583,38.69],[-112.501,38.596],[-112.311,38.563],[-111.928,38.552],[-111.826,38.516],[-111.718,38.535],[-111.608,38.58],[-110.898,38.662],[-110.439,38.823],[-110.352,38.947],[-110.346,39.028],[-110.364,39.146],[-110.414,39.245],[-110.42,39.319],[-110.395,39.419],[-110.408,39.518],[-110.482,39.617],[-110.631,39.722],[-110.854,39.778],[-111.096,39.784],[-111.505,39.611],[-111.586,39.505],[-111.753,39.214],[-111.859,39.121],[-112.163,39.096],[-112.28,39.065]]]}},{"type":"Feature","properties":{"density":1},"geometry":{"type":"Polygon","coordinates":[[[-114.808,39.183],[-114.874,39.301],[-114.993,39.334],[-115.056,39.331],[-115.106,39.304],[-115.136,39.213],[-115.095,39.103],[-115.026,39.028],[-114.938,39.006],[-114.855,39.031],[-114.814,39.078],[-114.8,39.136],[-114.808,39.183]]]}},{"type":"Feature","properties":{"density":1},"geometry":{"type":"Polygon","coordinates":[[[-118.615,39.913],[-118.736,39.742],[-118.805,39.59],[-118.896,39.447],[-118.896,39.414],[-118.869,39.381],[-118.731,39.318],[-118.692,39.34],[-118.695,39.455],[-118.668,39.546],[-118.552,39.808],[-118.557,39.91],[-118.579,39.924],[-118.615,39.913]]]}},{"type":"Feature","properties":{"density":1},"geometry":{"type":"Polygon","coordinates":[[[-113.345,45.601],[-113.388,45.589],[-113.397,45.56],[-113.31,45.494],[-113.214,45.501],[-112.925,45.441],[-112.852,45.453],[-112.807,45.489],[-112.773,45.546],[-112.764,45.614],[-112.771,45.659],[-112.805,45.705],[-112.868,45.738],[-113.068,45.747],[-113.249,45.71],[-113.29,45.682],[-113.313,45.627],[-113.345,45.601]]]}},{"type":"Feature","properties":{"density":1},"geometry":{"type":"Polygon","coordinates":[[[-116.22,41.936],[-116.96,41.88],[-118.62,41.866],[-119.303,41.796],[-119.875,41.782],[-120.447,41.852],[-120.894,42.089],[-121.284,42.34],[-121.717,42.466],[-122.08,42.647],[-122.331,42.856],[-122.54,43.093],[-122.61,43.484],[-122.54,43.833],[-122.652,44.363],[-122.791,44.502],[-123.251,44.628],[-124.312,44.544],[-124.898,44.544],[-125.274,44.572],[-125.623,44.809],[-125.763,45.102],[-125.679,45.395],[-125.498,45.646],[-125.358,45.786],[-125.107,45.995],[-124.591,46.358],[-124.423,46.567],[-124.577,46.958],[-125.009,47.293],[-125.302,47.586],[-125.372,48.018],[-125.33,48.409],[-125.316,49.092],[-125.107,49.804],[-125.219,50.306],[-125.944,50.962],[-126.669,51.478],[-127.59,52.092],[-128.204,52.636],[-128.371,53.166],[-128.274,53.682],[-128.064,54.031],[-127.716,54.17],[-127.283,54.17],[-126.767,54.226],[-126.181,54.226],[-125.539,54.31],[-124.926,54.561],[-124.647,54.882],[-124.828,55.272],[-125.442,55.719],[-126.014,56.444],[-126.056,56.933],[-125.595,57.253],[-124.828,57.226],[-124.13,56.793],[-122.414,55.663],[-121.661,55.217],[-120.936,54.659],[-120.029,54.114],[-118.383,53.026],[-117.434,52.594],[-116.206,51.952],[-115.341,51.352],[-113.416,49.887],[-113.04,49.664],[-112.691,49.357],[-112.272,49.036],[-111.84,48.646],[-110.891,47.879],[-110.584,47.6],[-110.263,47.167],[-109.608,46.511],[-109.231,46.177],[-108.91,45.856],[-108.715,45.507],[-108.659,45.102],[-108.854,44.419],[-109.217,44.251],[-109.775,44.14],[-110.626,43.847],[-111.086,43.568],[-111.491,43.219],[-112.133,42.8],[-112.412,42.647],[-113.486,42.312],[-113.905,42.117],[-114.602,42.033],[-115.411,41.963],[-115.899,41.963],[-116.22,41.936]]]}},{"type":"Feature","properties":{"density":1},"geometry":{"type":"Polygon","coordinates":[[[-70.28,19.178],[-70.565,19.21],[-70.646,19.305],[-70.651,19.338],[-70.624,19.358],[-70.574,19.355],[-70.501,19.296],[-70.291,19.21],[-70.275,19.197],[-70.28,19.178]]]}},{"type":"Feature","properties":{"density":1},"geometry":{"type":"Polygon","coordinates":[[[-70.8,19.568],[-70.962,19.599],[-70.984,19.581],[-70.958,19.559],[-70.82,19.54],[-70.793,19.546],[-70.8,19.568]]]}},{"type":"Feature","properties":{"density":1},"geometry":{"type":"Polygon","coordinates":[[[-74.878,20.438],[-74.937,20.431],[-75.094,20.516],[-75.1,20.538],[-75.048,20.565],[-75.005,20.564],[-74.904,20.491],[-74.878,20.438]]]}},{"type":"Feature","properties":{"density":1},"geometry":{"type":"Polygon","coordinates":[[[-76.389,20.669],[-76.332,20.644],[-76.331,20.612],[-76.412,20.573],[-76.584,20.543],[-76.591,20.579],[-76.524,20.636],[-76.389,20.669]]]}},{"type":"Feature","properties":{"density":1},"geometry":{"type":"Polygon","coordinates":[[[-78.367,21.085],[-78.433,21.103],[-78.438,21.127],[-78.424,21.138],[-78.37,21.129],[-78.347,21.101],[-78.367,21.085]]]}},{"type":"Feature","properties":{"density":1},"geometry":{"type":"Polygon","coordinates":[[[-82.716,43.841],[-82.585,43.822],[-82.424,43.766],[-82.382,43.735],[-82.381,43.678],[-82.468,43.673],[-82.679,43.753],[-82.752,43.798],[-82.757,43.82],[-82.716,43.841]]]}},{"type":"Feature","properties":{"density":1},"geometry":{"type":"Polygon","coordinates":[[[-78.655,50.34],[-78.642,50.285],[-78.595,50.224],[-78.545,50.208],[-78.521,50.228],[-78.518,50.322],[-78.586,50.358],[-78.655,50.34]]]}},{"type":"Feature","properties":{"density":1},"geometry":{"type":"Polygon","coordinates":[[[-75.264,55.941],[-75.358,55.894],[-75.672,55.819],[-75.766,55.819],[-75.802,55.833],[-75.807,55.855],[-75.595,55.941],[-75.344,55.993],[-75.303,55.996],[-75.264,55.941]]]}},{"type":"Feature","properties":{"density":1},"geometry":{"type":"Polygon","coordinates":[[[-92.723,45.894],[-92.712,46.019],[-92.681,46.1],[-92.625,46.19],[-92.602,46.183],[-92.6,45.892],[-92.613,45.863],[-92.67,45.837],[-92.712,45.867],[-92.723,45.894]]]}},{"type":"Feature","properties":{"density":1},"geometry":{"type":"Polygon","coordinates":[[[-91.072,32.511],[-91.052,32.524],[-91.007,32.508],[-90.976,32.467],[-90.952,32.372],[-90.963,32.089],[-90.982,31.986],[-91.018,31.946],[-91.088,32.023],[-91.105,32.098],[-91.127,32.377],[-91.072,32.511]]]}},{"type":"Feature","properties":{"density":1},"geometry":{"type":"Polygon","coordinates":[[[-98.002,33.222],[-98.071,33.28],[-98.069,33.412],[-98.058,33.445],[-97.964,33.464],[-97.903,33.373],[-97.9,33.337],[-97.945,33.255],[-98.002,33.222]]]}},{"type":"Feature","properties":{"density":1},"geometry":{"type":"Polygon","coordinates":[[[-98.481,32.771],[-98.481,32.85],[-98.464,32.872],[-98.431,32.87],[-98.411,32.85],[-98.408,32.796],[-98.431,32.771],[-98.481,32.771]]]}},{"type":"Feature","properties":{"density":1},"geometry":{"type":"Polygon","coordinates":[[[-101.119,34.761],[-101.176,34.803],[-101.183,34.834],[-101.104,35.047],[-101.071,35.09],[-101.018,35.124],[-100.967,35.135],[-100.862,35.126],[-100.792,35.051],[-100.792,34.992],[-100.82,34.908],[-100.871,34.836],[-100.998,34.75],[-101.042,34.74],[-101.119,34.761]]]}},{"type":"Feature","properties":{"density":1},"geometry":{"type":"Polygon","coordinates":[[[-96.396,36.889],[-96.506,36.927],[-96.576,37.081],[-96.613,37.396],[-96.591,37.548],[-96.556,37.616],[-96.48,37.702],[-96.429,37.71],[-96.394,37.706],[-96.368,37.644],[-96.319,37.339],[-96.267,37.173],[-96.256,37.061],[-96.28,36.977],[-96.311,36.931],[-96.35,36.898],[-96.396,36.889]]]}},{"type":"Feature","properties":{"density":1},"geometry":{"type":"Polygon","coordinates":[[[-96.988,39.122],[-96.959,39.285],[-96.928,39.271],[-96.931,39.116],[-96.963,39.105],[-96.988,39.122]]]}},{"type":"Feature","properties":{"density":1},"geometry":{"type":"Polygon","coordinates":[[[-95.87,38.462],[-95.908,38.6],[-95.911,38.688],[-95.895,38.708],[-95.85,38.65],[-95.806,38.476],[-95.87,38.462]]]}},{"type":"Feature","properties":{"density":1},"geometry":{"type":"Polygon","coordinates":[[[-115.975,31.44],[-115.626,31.47],[-115.571,31.444],[-115.666,31.168],[-115.718,31.091],[-115.815,31.056],[-115.856,31.082],[-115.979,31.405],[-115.975,31.44]]]}},{"type":"Feature","properties":{"density":1},"geometry":{"type":"Polygon","coordinates":[[[-97.293,20.729],[-97.531,20.767],[-97.557,20.744],[-97.4,20.707],[-97.285,20.699],[-97.293,20.729]]]}},{"type":"Feature","properties":{"density":1},"geometry":{"type":"Polygon","coordinates":[[[-93.69,18.114],[-93.775,18.118],[-93.861,18.079],[-94.01,18.052],[-94.186,17.964],[-94.195,17.916],[-94.065,17.752],[-94.023,17.723],[-93.98,17.719],[-93.933,17.736],[-93.887,17.727],[-93.749,17.616],[-93.613,17.582],[-93.541,17.591],[-93.503,17.569],[-93.427,17.451],[-93.337,17.431],[-93.301,17.442],[-93.078,17.719],[-92.961,17.791],[-92.928,17.842],[-92.929,17.885],[-92.957,17.894],[-93.301,17.887],[-93.409,17.921],[-93.593,18.076],[-93.69,18.114]]]}},{"type":"Feature","properties":{"density":1},"geometry":{"type":"Polygon","coordinates":[[[-93.409,18.388],[-93.482,18.338],[-93.492,18.313],[-93.479,18.294],[-93.435,18.3],[-93.398,18.327],[-93.385,18.377],[-93.409,18.388]]]}},{"type":"Feature","properties":{"density":1},"geometry":{"type":"Polygon","coordinates":[[[-92.081,18.078],[-92.167,18.089],[-92.169,18.103],[-92.121,18.12],[-92.075,18.114],[-92.081,18.078]]]}},{"type":"Feature","properties":{"density":1},"geometry":{"type":"Polygon","coordinates":[[[-116.141,37.245],[-116.059,37.518],[-116.012,37.611],[-115.948,37.655],[-115.918,37.655],[-115.899,37.622],[-115.902,37.567],[-115.973,37.286],[-116.023,37.231],[-116.072,37.214],[-116.139,37.209],[-116.141,37.245]]]}},{"type":"Feature","properties":{"density":1},"geometry":{"type":"Polygon","coordinates":[[[-118.747,39.402],[-118.794,39.378],[-118.819,39.295],[-118.769,38.832],[-118.711,38.791],[-118.67,38.81],[-118.634,38.962],[-118.628,39.124],[-118.675,39.361],[-118.717,39.411],[-118.747,39.402]]]}},{"type":"Feature","properties":{"density":1},"geometry":{"type":"Polygon","coordinates":[[[-114.825,39.569],[-114.965,39.382],[-115.032,39.211],[-115.032,39.139],[-115.004,39.079],[-114.938,39.037],[-114.858,39.043],[-114.756,39.101],[-114.635,39.387],[-114.613,39.553],[-114.624,39.588],[-114.671,39.613],[-114.825,39.569]]]}},{"type":"Feature","properties":{"density":1},"geometry":{"type":"Polygon","coordinates":[[[-112.494,38.67],[-112.527,38.78],[-112.511,38.86],[-112.395,38.937],[-112.356,38.995],[-112.309,39.111],[-112.312,39.166],[-112.249,39.284],[-112.21,39.326],[-111.995,39.364],[-111.783,39.342],[-111.604,39.265],[-111.496,39.251],[-111.16,39.113],[-111.1,39.022],[-110.843,38.799],[-110.821,38.703],[-110.835,38.592],[-111.036,38.551],[-111.24,38.592],[-111.532,38.606],[-111.651,38.562],[-111.739,38.455],[-111.794,38.419],[-111.885,38.397],[-112.089,38.405],[-112.232,38.446],[-112.439,38.579],[-112.494,38.67]]]}},{"type":"Feature","properties":{"density":1},"geometry":{"type":"Polygon","coordinates":[[[-111.361,39.301],[-111.397,39.328],[-111.417,39.427],[-111.378,39.505],[-110.482,39.987],[-110.289,40.028],[-110.014,40.059],[-109.959,40.028],[-109.826,39.893],[-109.716,39.626],[-109.722,39.405],[-109.763,39.301],[-109.829,39.218],[-109.939,39.133],[-110.176,39.036],[-110.314,39.025],[-110.615,39.042],[-110.766,39.069],[-110.912,39.113],[-111.157,39.235],[-111.361,39.301]]]}},{"type":"Feature","properties":{"density":1},"geometry":{"type":"Polygon","coordinates":[[[-113.13,45.586],[-113.201,45.586],[-113.309,45.634],[-113.323,45.641],[-113.326,45.677],[-113.183,45.766],[-112.884,45.789],[-112.868,45.739],[-112.95,45.63],[-113.011,45.591],[-113.103,45.574],[-113.13,45.586]]]}},{"type":"Feature","properties":{"density":1},"geometry":{"type":"Polygon","coordinates":[[[-123.404,62.174],[-123.398,62.348],[-123.33,62.621],[-123.218,62.794],[-123.069,62.937],[-122.889,63.061],[-122.666,63.172],[-122.4,63.259],[-122.133,63.389],[-121.451,63.625],[-121.122,63.718],[-120.831,63.761],[-120.546,63.78],[-120.354,63.743],[-120.124,63.662],[-119.951,63.557],[-119.591,63.259],[-119.461,63.017],[-119.324,62.466],[-119.331,62.211],[-119.455,61.97],[-119.566,61.883],[-119.789,61.765],[-120.385,61.542],[-120.757,61.474],[-121.234,61.467],[-121.705,61.498],[-122.313,61.591],[-122.592,61.684],[-122.741,61.759],[-123.106,61.746],[-123.28,61.883],[-123.385,62.05],[-123.404,62.174]]]}},{"type":"Feature","properties":{"density":1},"geometry":{"type":"Polygon","coordinates":[[[-111.75,63.692],[-111.767,63.684],[-111.772,63.631],[-111.728,63.554],[-111.621,63.507],[-111.13,63.334],[-111.064,63.323],[-110.959,63.386],[-110.959,63.433],[-111.015,63.499],[-111.469,63.653],[-111.582,63.681],[-111.75,63.692]]]}},{"type":"Feature","properties":{"density":1},"geometry":{"type":"Polygon","coordinates":[[[-113.982,63.711],[-113.883,63.747],[-113.613,63.775],[-113.153,63.887],[-112.999,63.904],[-112.916,63.989],[-112.897,64.023],[-112.899,64.058],[-112.955,64.1],[-113.054,64.113],[-113.335,64.05],[-113.588,64.023],[-113.825,63.965],[-113.98,63.899],[-114.01,63.863],[-114.015,63.791],[-113.982,63.711]]]}},{"type":"Feature","properties":{"density":1},"geometry":{"type":"Polygon","coordinates":[[[-111.679,62.628],[-111.982,63.13],[-112.075,63.21],[-112.321,63.303],[-112.64,63.339],[-112.919,63.345],[-112.988,63.32],[-113.076,63.259],[-113.092,63.146],[-113.012,63.055],[-112.74,62.89],[-112.679,62.827],[-112.558,62.647],[-112.527,62.573],[-112.536,62.521],[-112.574,62.446],[-112.673,62.369],[-112.673,62.32],[-112.538,62.182],[-112.059,61.835],[-111.877,61.636],[-111.783,61.468],[-111.706,61.41],[-111.478,61.344],[-111.373,61.41],[-111.32,61.474],[-111.235,61.606],[-111.235,61.653],[-111.334,61.898],[-111.579,62.264],[-111.679,62.628]]]}},{"type":"Feature","properties":{"density":1},"geometry":{"type":"Polygon","coordinates":[[[-84.129,54.123],[-84.074,54.064],[-84.006,54.06],[-83.507,54.417],[-83.369,54.555],[-83.278,54.715],[-83.262,54.803],[-83.311,54.861],[-83.408,54.916],[-83.446,54.991],[-83.463,55.09],[-83.534,55.214],[-83.628,55.255],[-83.727,55.247],[-83.906,55.148],[-83.995,55.156],[-84.044,55.197],[-84.113,55.319],[-84.185,55.352],[-84.353,55.376],[-84.469,55.305],[-84.507,55.208],[-84.513,55.054],[-84.491,54.778],[-84.436,54.569],[-84.367,54.461],[-84.201,54.349],[-84.129,54.123]]]}},{"type":"Feature","properties":{"density":1},"geometry":{"type":"Polygon","coordinates":[[[-84.951,55.004],[-85.017,54.946],[-85.054,54.988],[-85.075,55.124],[-85.042,55.29],[-84.988,55.343],[-84.947,55.331],[-84.926,55.281],[-84.951,55.004]]]}},{"type":"Feature","properties":{"density":1},"geometry":{"type":"Polygon","coordinates":[[[-84.315,53.405],[-84.359,53.383],[-84.451,53.379],[-84.503,53.425],[-84.506,53.524],[-84.471,53.655],[-84.352,53.93],[-84.256,54.083],[-84.163,54.189],[-84.073,54.191],[-84.034,54.09],[-84.108,53.7],[-84.179,53.467],[-84.28,53.395],[-84.315,53.405]]]}},{"type":"Feature","properties":{"density":1},"geometry":{"type":"Polygon","coordinates":[[[-83.618,51.473],[-83.609,51.252],[-83.573,51.214],[-83.502,51.208],[-83.166,51.263],[-82.678,51.42],[-82.623,51.423],[-82.568,51.404],[-82.405,51.283],[-82.328,51.291],[-82.168,51.398],[-82.129,51.495],[-82.138,51.732],[-82.154,51.803],[-82.24,51.933],[-82.419,52.068],[-82.708,52.118],[-82.882,52.096],[-83.35,51.98],[-83.444,51.911],[-83.549,51.784],[-83.618,51.473]]]}},{"type":"Feature","properties":{"density":1},"geometry":{"type":"Polygon","coordinates":[[[-94.865,57.6],[-94.584,57.794],[-94.468,57.963],[-94.836,57.724],[-94.894,57.645],[-94.894,57.579],[-94.865,57.6]]]}},{"type":"Feature","properties":{"density":1},"geometry":{"type":"Polygon","coordinates":[[[-91.662,54.512],[-91.711,54.425],[-91.728,54.313],[-91.703,54.268],[-91.596,54.268],[-91.476,54.305],[-91.004,54.491],[-90.694,54.644],[-90.401,54.797],[-90.087,54.991],[-89.649,55.231],[-89.115,55.591],[-88.624,56.05],[-88.5,56.231],[-88.471,56.438],[-88.541,56.525],[-88.69,56.517],[-88.867,56.405],[-89.037,56.269],[-89.264,56.132],[-89.797,55.872],[-90.521,55.334],[-90.918,55.012],[-91.29,54.756],[-91.546,54.603],[-91.662,54.512]]]}},{"type":"Feature","properties":{"density":1},"geometry":{"type":"Polygon","coordinates":[[[-90.05,54.566],[-90.128,54.52],[-90.198,54.384],[-90.211,54.309],[-90.157,54.243],[-90.062,54.231],[-89.748,54.305],[-89.611,54.351],[-89.45,54.433],[-89.062,54.59],[-88.859,54.706],[-88.082,55.215],[-87.71,55.537],[-87.359,55.938],[-87.33,56.273],[-87.4,56.401],[-87.557,56.388],[-87.851,56.231],[-88.165,56.021],[-88.487,55.735],[-88.913,55.467],[-89.967,54.673],[-90.05,54.566]]]}},{"type":"Feature","properties":{"density":1},"geometry":{"type":"Polygon","coordinates":[[[-120.304,41.962],[-117.755,41.999],[-115.784,42.148],[-115.105,42.259],[-114.807,42.25],[-114.602,42.138],[-114.007,42.129],[-113.765,42.185],[-113.57,42.297],[-113.421,42.39],[-113.338,42.501],[-113.375,42.576],[-113.626,42.659],[-114.296,42.585],[-114.602,42.65],[-114.956,42.799],[-115.161,42.957],[-115.691,43.189],[-115.998,43.459],[-116.258,43.729],[-116.342,43.952],[-116.174,44.296],[-115.514,44.752],[-115.04,45.003],[-113.338,45.421],[-113.003,45.412],[-112.649,45.552],[-112.305,45.821],[-112.11,46.314],[-112.11,46.779],[-112.389,47.17],[-113.226,48.165],[-113.765,48.686],[-114.342,48.993],[-114.816,49.179],[-115.421,49.272],[-116.481,49.272],[-116.862,49.411],[-117.355,49.476],[-117.783,49.346],[-118.267,49.309],[-118.713,49.309],[-119.057,49.393],[-119.169,49.569],[-119.15,49.858],[-119.029,50.146],[-118.983,50.416],[-118.992,50.574],[-119.253,50.741],[-119.56,50.63],[-119.727,50.472],[-119.876,50.258],[-120.062,50.053],[-120.118,49.821],[-120.118,49.737],[-120.062,49.514],[-120.08,49.244],[-120.276,49.132],[-120.527,49.104],[-120.685,49.16],[-120.862,49.337],[-120.973,49.755],[-120.862,50.239],[-120.778,50.723],[-120.778,50.918],[-120.815,51.141],[-121.206,51.643],[-121.438,51.82],[-122.052,51.997],[-122.378,51.941],[-122.778,51.904],[-123.066,51.625],[-123.224,51.318],[-123.205,51.16],[-123.122,50.937],[-122.861,50.751],[-122.731,50.583],[-122.768,50.286],[-122.685,49.997],[-122.406,49.774],[-122.35,49.625],[-122.433,49.328],[-122.833,49.142],[-123.289,49.021],[-123.689,48.844],[-123.968,48.909],[-124.182,49.049],[-124.545,49.188],[-124.889,49.197],[-125.149,49.179],[-125.289,49.123],[-125.577,48.891],[-125.633,48.77],[-125.726,48.453],[-125.726,48.286],[-125.131,47.942],[-125.019,47.774],[-125.084,47.347],[-125.475,46.891],[-125.698,46.584],[-125.893,46.305],[-126.089,45.914],[-126.265,45.449],[-126.433,44.445],[-126.275,44.119],[-126.079,43.933],[-125.772,43.859],[-125.214,43.868],[-124.545,44.091],[-124.145,44.11],[-123.894,44.026],[-123.308,43.245],[-123.233,42.938],[-122.982,42.65],[-122.778,42.594],[-122.536,42.501],[-122.238,42.362],[-121.764,42.241],[-120.62,41.99],[-120.304,41.962]]]}},{"type":"Feature","properties":{"density":1},"geometry":{"type":"Polygon","coordinates":[[[-76.354,20.692],[-76.445,20.728],[-76.594,20.747],[-76.71,20.827],[-76.925,20.893],[-77.005,20.891],[-77.041,20.767],[-77.032,20.645],[-76.991,20.587],[-76.966,20.557],[-76.837,20.497],[-76.707,20.494],[-76.434,20.554],[-76.319,20.56],[-76.288,20.579],[-76.28,20.618],[-76.354,20.692]]]}},{"type":"Feature","properties":{"density":1},"geometry":{"type":"Polygon","coordinates":[[[-80.399,44.274],[-80.434,44.305],[-80.421,44.379],[-80.383,44.415],[-80.324,44.415],[-80.291,44.375],[-80.315,44.325],[-80.344,44.287],[-80.399,44.274]]]}},{"type":"Feature","properties":{"density":1},"geometry":{"type":"Polygon","coordinates":[[[-82.703,43.84],[-82.144,43.625],[-81.967,43.512],[-81.871,43.41],[-81.854,43.298],[-81.86,43.248],[-81.915,43.168],[-81.992,43.143],[-82.064,43.19],[-82.257,43.358],[-82.359,43.496],[-82.662,43.708],[-82.772,43.818],[-82.744,43.838],[-82.703,43.84]]]}},{"type":"Feature","properties":{"density":1},"geometry":{"type":"Polygon","coordinates":[[[-88.376,38.721],[-88.555,38.616],[-88.635,38.602],[-88.762,38.649],[-88.781,38.704],[-88.773,38.743],[-88.693,38.814],[-88.525,38.867],[-88.404,38.787],[-88.376,38.721]]]}},{"type":"Feature","properties":{"density":1},"geometry":{"type":"Polygon","coordinates":[[[-90.49,38.787],[-90.696,38.765],[-91.01,38.66],[-91.099,38.594],[-91.137,38.542],[-91.168,38.423],[-91.079,38.412],[-90.991,38.453],[-90.669,38.652],[-90.459,38.743],[-90.457,38.765],[-90.49,38.787]]]}},{"type":"Feature","properties":{"density":1},"geometry":{"type":"Polygon","coordinates":[[[-90.889,34.276],[-90.925,34.276],[-90.947,34.256],[-90.955,34.215],[-90.958,34.017],[-91.008,33.716],[-91.01,33.576],[-90.972,33.565],[-90.917,33.62],[-90.886,33.678],[-90.842,33.904],[-90.834,34.171],[-90.873,34.279],[-90.889,34.276]]]}},{"type":"Feature","properties":{"density":1},"geometry":{"type":"Polygon","coordinates":[[[-89.591,32.697],[-89.498,32.551],[-89.338,32.011],[-89.349,31.856],[-89.412,31.699],[-89.442,31.652],[-89.487,31.633],[-89.547,31.702],[-89.58,31.862],[-89.589,31.933],[-89.572,32.038],[-89.58,32.179],[-89.566,32.347],[-89.66,32.655],[-89.649,32.68],[-89.591,32.697]]]}},{"type":"Feature","properties":{"density":1},"geometry":{"type":"Polygon","coordinates":[[[-90.991,32.537],[-91.063,32.548],[-91.123,32.454],[-91.148,32.361],[-91.201,31.812],[-91.181,31.628],[-91.148,31.512],[-91.09,31.437],[-91.055,31.41],[-91.013,31.402],[-90.969,31.418],[-90.895,31.493],[-90.87,31.545],[-90.834,31.661],[-90.801,31.936],[-90.837,32.192],[-90.897,32.394],[-90.953,32.548],[-90.991,32.537]]]}},{"type":"Feature","properties":{"density":1},"geometry":{"type":"Polygon","coordinates":[[[-91.779,30.631],[-91.837,30.499],[-91.84,30.416],[-91.804,30.339],[-91.735,30.273],[-91.567,30.213],[-91.495,30.21],[-91.438,30.254],[-91.399,30.337],[-91.418,30.392],[-91.504,30.416],[-91.581,30.461],[-91.641,30.527],[-91.691,30.634],[-91.749,30.653],[-91.779,30.631]]]}},{"type":"Feature","properties":{"density":1},"geometry":{"type":"Polygon","coordinates":[[[-91.774,32.657],[-91.873,32.615],[-92.088,32.56],[-92.149,32.525],[-92.151,32.489],[-92.025,32.453],[-91.931,32.453],[-91.854,32.48],[-91.793,32.511],[-91.741,32.571],[-91.727,32.638],[-91.774,32.657]]]}},{"type":"Feature","properties":{"density":1},"geometry":{"type":"Polygon","coordinates":[[[-98.009,33.215],[-98.147,33.408],[-98.221,33.621],[-98.282,33.91],[-98.271,34.103],[-98.226,34.166],[-98.182,34.183],[-98.144,34.172],[-98.08,34.1],[-98.017,34.061],[-97.943,34.026],[-97.802,33.993],[-97.725,33.918],[-97.882,33.571],[-97.945,33.35],[-97.956,33.232],[-97.989,33.196],[-98.009,33.215]]]}},{"type":"Feature","properties":{"density":1},"geometry":{"type":"Polygon","coordinates":[[[-98.491,32.755],[-98.634,32.967],[-98.695,33.158],[-98.753,33.279],[-98.764,33.378],[-98.745,33.516],[-98.709,33.56],[-98.541,33.565],[-98.417,33.505],[-98.323,33.419],[-98.317,33.24],[-98.367,32.948],[-98.364,32.882],[-98.411,32.786],[-98.463,32.752],[-98.491,32.755]]]}},{"type":"Feature","properties":{"density":1},"geometry":{"type":"Polygon","coordinates":[[[-98.568,34.403],[-98.637,34.574],[-98.654,34.668],[-98.651,34.764],[-98.64,34.803],[-98.61,34.83],[-98.585,34.825],[-98.549,34.786],[-98.527,34.712],[-98.483,34.348],[-98.505,34.334],[-98.538,34.342],[-98.568,34.403]]]}},{"type":"Feature","properties":{"density":1},"geometry":{"type":"Polygon","coordinates":[[[-98.381,34.64],[-98.436,34.775],[-98.447,34.847],[-98.441,34.924],[-98.411,34.965],[-98.392,34.957],[-98.362,34.896],[-98.326,34.726],[-98.328,34.648],[-98.362,34.613],[-98.381,34.64]]]}},{"type":"Feature","properties":{"density":1},"geometry":{"type":"Polygon","coordinates":[[[-100.084,31.098],[-100.243,31.175],[-100.4,31.37],[-100.422,31.423],[-100.411,31.488],[-100.317,31.583],[-100.174,31.6],[-100.076,31.59],[-100.027,31.561],[-100.005,31.526],[-100.006,31.425],[-100.039,31.291],[-100.027,31.139],[-100.032,31.113],[-100.084,31.098]]]}},{"type":"Feature","properties":{"density":1},"geometry":{"type":"Polygon","coordinates":[[[-95.372,34.379],[-95.574,34.363],[-95.711,34.412],[-95.739,34.467],[-95.676,34.578],[-95.662,34.669],[-95.824,35.005],[-95.808,35.054],[-95.739,35.14],[-95.56,35.239],[-95.367,35.256],[-95.163,35.245],[-95.014,35.173],[-94.959,35.129],[-94.846,34.947],[-94.843,34.886],[-94.943,34.768],[-95.146,34.608],[-95.199,34.467],[-95.29,34.393],[-95.372,34.379]]]}},{"type":"Feature","properties":{"density":1},"geometry":{"type":"Polygon","coordinates":[[[-92.701,45.842],[-92.738,46.11],[-92.73,46.466],[-92.675,46.639],[-92.622,46.679],[-92.593,46.499],[-92.587,45.946],[-92.615,45.869],[-92.67,45.825],[-92.701,45.842]]]}},{"type":"Feature","properties":{"density":1},"geometry":{"type":"Polygon","coordinates":[[[-106.098,45.334],[-106.17,45.331],[-106.195,45.301],[-106.211,45.229],[-106.228,44.769],[-106.17,44.419],[-106.117,43.89],[-105.96,43.303],[-105.867,43.137],[-105.773,43.121],[-105.572,43.19],[-105.464,43.311],[-105.371,43.65],[-105.362,43.818],[-105.395,43.981],[-105.588,44.355],[-105.674,44.457],[-105.966,44.953],[-106.007,45.055],[-106.002,45.212],[-106.018,45.265],[-106.046,45.334],[-106.098,45.334]]]}},{"type":"Feature","properties":{"density":1},"geometry":{"type":"Polygon","coordinates":[[[-106.993,37.119],[-106.627,37.141],[-106.58,37.152],[-106.516,37.194],[-106.547,37.224],[-106.742,37.241],[-106.93,37.205],[-107.037,37.161],[-107.037,37.13],[-106.993,37.119]]]}},{"type":"Feature","properties":{"density":1},"geometry":{"type":"Polygon","coordinates":[[[-116.291,31.603],[-116.324,31.518],[-116.332,31.355],[-116.247,31.154],[-116.114,30.942],[-116.032,30.928],[-115.966,30.942],[-115.858,31.063],[-115.855,31.132],[-115.817,31.182],[-115.767,31.187],[-115.635,31.286],[-115.555,31.418],[-115.544,31.523],[-115.569,31.589],[-115.61,31.625],[-115.665,31.633],[-115.825,31.6],[-115.985,31.595],[-116.087,31.661],[-116.208,31.81],[-116.269,31.804],[-116.291,31.603]]]}},{"type":"Feature","properties":{"density":1},"geometry":{"type":"Polygon","coordinates":[[[-97.914,24.3],[-98.06,24.515],[-98.289,24.785],[-98.302,24.827],[-98.286,24.909],[-98.156,24.926],[-98.115,24.904],[-98.076,24.849],[-97.999,24.711],[-97.933,24.491],[-97.853,24.358],[-97.864,24.303],[-97.914,24.3]]]}},{"type":"Feature","properties":{"density":1},"geometry":{"type":"Polygon","coordinates":[[[-93.43,18.387],[-93.546,18.21],[-93.653,17.899],[-93.65,17.849],[-93.606,17.913],[-93.526,18.158],[-93.411,18.367],[-93.413,18.387],[-93.43,18.387]]]}},{"type":"Feature","properties":{"density":1},"geometry":{"type":"Polygon","coordinates":[[[-92.353,18.359],[-92.488,18.395],[-92.496,18.425],[-92.567,18.467],[-92.705,18.464],[-92.741,18.444],[-92.78,18.389],[-92.793,18.298],[-92.78,18.235],[-92.689,18.207],[-92.579,18.213],[-92.43,18.279],[-92.336,18.287],[-92.317,18.331],[-92.353,18.359]]]}},{"type":"Feature","properties":{"density":1},"geometry":{"type":"Polygon","coordinates":[[[-92.105,18.13],[-92.237,18.133],[-92.253,18.122],[-92.248,18.103],[-92.071,18.086],[-92.08,18.119],[-92.105,18.13]]]}},{"type":"Feature","properties":{"density":1},"geometry":{"type":"Polygon","coordinates":[[[-87.007,21.005],[-87.125,21.054],[-87.285,21.175],[-87.384,21.286],[-87.412,21.33],[-87.412,21.368],[-87.39,21.379],[-87.318,21.33],[-87.02,21.09],[-86.993,21.065],[-86.979,21.018],[-86.979,21.005],[-87.007,21.005]]]}},{"type":"Feature","properties":{"density":1},"geometry":{"type":"Polygon","coordinates":[[[-88.927,18.428],[-89.164,18.469],[-89.321,18.475],[-89.343,18.497],[-89.294,18.505],[-88.936,18.475],[-88.908,18.431],[-88.927,18.428]]]}},{"type":"Feature","properties":{"density":1},"geometry":{"type":"Polygon","coordinates":[[[-88.268,16.93],[-88.406,16.901],[-88.423,16.914],[-88.3,16.947],[-88.254,16.938],[-88.268,16.93]]]}},{"type":"Feature","properties":{"density":1},"geometry":{"type":"Polygon","coordinates":[[[-95.122,17.801],[-95.165,17.707],[-95.24,17.616],[-95.306,17.564],[-95.323,17.597],[-95.314,17.645],[-95.196,17.81],[-95.146,17.827],[-95.122,17.801]]]}},{"type":"Feature","properties":{"density":1},"geometry":{"type":"Polygon","coordinates":[[[-94.74,17.882],[-95.054,17.53],[-95.083,17.456],[-95.072,17.408],[-95.025,17.375],[-94.947,17.397],[-94.861,17.464],[-94.663,17.717],[-94.63,17.781],[-94.615,17.864],[-94.688,17.901],[-94.74,17.882]]]}},{"type":"Feature","properties":{"density":1},"geometry":{"type":"Polygon","coordinates":[[[-101.148,34.764],[-101.184,34.849],[-101.203,34.967],[-101.2,35.196],[-101.106,35.441],[-101.002,35.585],[-100.889,35.673],[-100.729,35.745],[-100.58,35.778],[-100.453,35.767],[-100.338,35.72],[-100.288,35.673],[-100.216,35.488],[-100.208,35.397],[-100.23,35.254],[-100.39,34.989],[-100.539,34.821],[-100.566,34.719],[-100.566,34.631],[-100.588,34.571],[-100.632,34.513],[-100.701,34.458],[-100.85,34.414],[-100.977,34.416],[-101.065,34.513],[-101.098,34.576],[-101.148,34.764]]]}},{"type":"Feature","properties":{"density":1},"geometry":{"type":"Polygon","coordinates":[[[-95.841,38.439],[-95.954,38.598],[-96.108,38.89],[-96.246,39.216],[-96.262,39.364],[-96.207,39.389],[-96.078,39.172],[-95.865,38.659],[-95.808,38.466],[-95.81,38.439],[-95.841,38.439]]]}},{"type":"Feature","properties":{"density":1},"geometry":{"type":"Polygon","coordinates":[[[-116.189,37.204],[-116.236,37.295],[-116.239,37.361],[-116.156,37.505],[-116.029,37.846],[-115.983,37.915],[-115.892,37.979],[-115.806,37.995],[-115.746,37.965],[-115.682,37.921],[-115.652,37.857],[-115.542,37.529],[-115.522,37.381],[-115.55,37.32],[-115.71,37.133],[-115.77,37.102],[-115.85,37.094],[-115.925,37.108],[-116.079,37.152],[-116.189,37.204]]]}},{"type":"Feature","properties":{"density":1},"geometry":{"type":"Polygon","coordinates":[[[-117.435,39.821],[-117.683,39.731],[-117.725,39.66],[-117.692,39.549],[-117.481,39.276],[-117.394,39.235],[-117.27,39.276],[-117.212,39.276],[-117.125,39.338],[-117.068,39.412],[-117.03,39.528],[-117.055,39.594],[-117.241,39.759],[-117.435,39.821]]]}},{"type":"Feature","properties":{"density":1},"geometry":{"type":"Polygon","coordinates":[[[-122.49,43.241],[-122.584,43.266],[-122.76,43.28],[-122.846,43.186],[-122.862,43.12],[-122.785,43.046],[-122.661,42.991],[-122.531,42.952],[-122.427,42.985],[-122.385,43.043],[-122.374,43.115],[-122.396,43.161],[-122.49,43.241]]]}},{"type":"Feature","properties":{"density":1},"geometry":{"type":"Polygon","coordinates":[[[-114.981,39.056],[-115.035,39.064],[-115.076,39.114],[-115.122,39.2],[-115.126,39.271],[-115.06,39.349],[-114.84,39.436],[-114.63,39.56],[-114.001,39.701],[-113.547,39.825],[-113.257,39.845],[-112.832,39.854],[-112.641,39.796],[-112.567,39.676],[-112.579,39.61],[-112.699,39.515],[-112.968,39.391],[-113.39,39.295],[-114.15,39.209],[-114.229,39.176],[-114.287,39.114],[-114.324,39.031],[-114.394,38.961],[-114.477,38.928],[-114.592,38.911],[-114.853,39.023],[-114.981,39.056]]]}},{"type":"Feature","properties":{"density":1},"geometry":{"type":"Polygon","coordinates":[[[-112.167,39.326],[-112.329,39.218],[-112.477,39.065],[-112.593,38.822],[-112.597,38.685],[-112.548,38.528],[-112.399,38.404],[-112.188,38.367],[-111.853,38.363],[-111.341,38.445],[-109.584,38.652],[-109.278,38.739],[-106.776,39.569],[-106.376,39.662],[-106.06,39.801],[-105.846,40.006],[-105.772,40.35],[-105.809,40.601],[-106.07,40.899],[-106.637,40.982],[-107.158,40.973],[-107.781,40.824],[-108.413,40.629],[-109.157,40.443],[-109.78,40.201],[-110.078,40.034],[-110.413,39.876],[-111.045,39.755],[-111.529,39.55],[-111.799,39.485],[-111.994,39.42],[-112.167,39.326]]]}},{"type":"Feature","properties":{"density":1},"geometry":{"type":"Polygon","coordinates":[[[-113.414,45.65],[-113.475,45.597],[-113.456,45.545],[-113.344,45.486],[-113.284,45.483],[-113.223,45.501],[-113.006,45.488],[-112.927,45.514],[-112.848,45.578],[-112.734,45.631],[-112.589,45.78],[-112.545,45.874],[-112.547,45.975],[-112.587,46.025],[-112.657,46.049],[-112.777,46.032],[-113.206,45.817],[-113.366,45.703],[-113.414,45.65]]]}},{"type":"Feature","properties":{"density":1},"geometry":{"type":"Polygon","coordinates":[[[-113.77,46.032],[-113.677,46.025],[-113.576,46.063],[-113.533,46.122],[-113.541,46.172],[-113.583,46.199],[-113.638,46.201],[-113.708,46.17],[-113.765,46.093],[-113.77,46.032]]]}},{"type":"Feature","properties":{"density":1},"geometry":{"type":"Polygon","coordinates":[[[-91.734,54.607],[-91.864,54.501],[-91.907,54.402],[-91.926,54.247],[-91.889,54.129],[-91.734,54.024],[-91.504,53.999],[-91.095,54.092],[-90.872,54.111],[-90.729,54.055],[-90.425,54.012],[-89.167,54.005],[-88.881,54.092],[-88.416,54.191],[-87.778,54.421],[-87.341,54.598],[-86.745,54.923],[-86.29,55.481],[-86.039,55.909],[-85.88,56.337],[-85.787,56.783],[-85.75,57.118],[-85.834,57.35],[-85.955,57.546],[-86.076,57.695],[-86.197,57.788],[-86.327,57.853],[-86.634,57.881],[-86.848,57.881],[-87.629,57.648],[-87.843,57.564],[-88.392,57.109],[-89.061,56.467],[-89.945,55.993],[-90.521,55.472],[-90.958,55.156],[-91.47,54.849],[-91.734,54.607]]]}},{"type":"Feature","properties":{"density":1},"geometry":{"type":"Polygon","coordinates":[[[-83.944,51.581],[-83.944,51.308],[-83.906,51.104],[-83.559,50.973],[-83.082,50.942],[-82.635,50.961],[-82.059,50.794],[-81.154,50.384],[-80.781,50.267],[-80.484,50.291],[-80.217,50.577],[-80.118,50.8],[-80.087,51.048],[-80.124,51.414],[-80.23,51.637],[-80.285,51.798],[-80.484,52.17],[-80.577,52.307],[-80.614,52.455],[-80.589,52.691],[-80.626,52.778],[-80.819,52.896],[-81.643,53.007],[-81.786,53.001],[-82.27,52.896],[-82.592,52.772],[-82.71,52.759],[-82.939,52.697],[-83.218,52.573],[-83.479,52.412],[-83.689,52.183],[-83.869,51.891],[-83.944,51.581]]]}},{"type":"Feature","properties":{"density":1},"geometry":{"type":"Polygon","coordinates":[[[-78.684,50.307],[-78.11,49.819],[-77.82,49.629],[-77.556,49.551],[-77.519,49.592],[-77.998,50.013],[-78.465,50.365],[-78.535,50.385],[-78.626,50.385],[-78.726,50.311],[-78.684,50.307]]]}},{"type":"Feature","properties":{"density":1},"geometry":{"type":"Polygon","coordinates":[[[-75.249,55.931],[-75.795,55.807],[-76.055,55.72],[-76.421,55.67],[-76.558,55.683],[-76.675,55.757],[-76.682,55.8],[-76.663,55.887],[-76.465,55.955],[-75.572,56.067],[-75.336,56.073],[-75.224,55.986],[-75.249,55.931]]]}},{"type":"Feature","properties":{"density":1},"geometry":{"type":"Polygon","coordinates":[[[-128.915,40.623],[-129.124,39.786],[-128.977,38.928],[-128.412,37.359],[-128.015,36.459],[-127.513,35.789],[-126.801,35.329],[-126.048,35.036],[-125.253,34.889],[-124.562,34.869],[-123.788,35.161],[-123.369,35.622],[-123.306,35.978],[-123.306,36.396],[-123.767,36.919],[-124.164,37.17],[-124.436,37.568],[-124.478,37.966],[-123.892,38.593],[-123.851,38.907],[-123.913,39.368],[-124.06,39.702],[-124.185,40.184],[-124.29,40.728],[-124.311,41.042],[-124.248,41.376],[-123.397,42.179],[-123.188,42.207],[-122.7,42.207],[-122.337,42.123],[-122.197,41.983],[-122.1,41.704],[-121.849,41.314],[-121.235,40.853],[-120.663,40.449],[-120.579,40.184],[-120.272,39.96],[-119.923,39.877],[-119.589,39.347],[-119.393,39.179],[-119.045,38.83],[-118.431,38.384],[-117.594,37.547],[-117.161,37.226],[-116.631,36.891],[-116.408,36.724],[-116.115,36.403],[-115.78,36.138],[-115.529,35.915],[-115.208,35.58],[-115.013,35.329],[-114.831,34.994],[-114.804,34.673],[-114.929,34.004],[-115.208,33.766],[-115.822,33.585],[-116.729,33.571],[-117.301,33.487],[-117.775,33.306],[-118.068,32.957],[-118.152,32.553],[-118.11,32.134],[-117.887,31.73],[-117.37,31.046],[-117.217,30.753],[-116.003,29.232],[-115.013,28.2],[-114.441,27.754],[-113.478,26.959],[-113.102,26.554],[-112.809,26.303],[-111.581,25.508],[-111.176,25.229],[-110.674,24.838],[-110.298,24.196],[-110.13,23.694],[-110.019,23.108],[-109.572,22.076],[-108.847,20.82],[-108.456,20.192],[-107.898,19.467],[-107.326,19.076],[-106.852,18.923],[-106.545,18.909],[-106.126,19.007],[-105.708,19.146],[-105.289,19.411],[-104.94,19.551],[-104.648,19.816],[-104.41,20.165],[-104.41,20.555],[-104.368,21.057],[-104.215,21.322],[-104.089,21.504],[-103.964,21.741],[-103.88,22.02],[-103.769,22.578],[-103.699,23.206],[-103.797,23.541],[-104.02,23.917],[-104.494,24.824],[-104.536,25.424],[-104.327,25.982],[-104.076,26.4],[-103.838,26.638],[-103.476,26.847],[-103.155,26.959],[-102.708,26.986],[-102.262,26.875],[-101.816,26.652],[-101.299,25.884],[-101.034,25.312],[-100.909,24.754],[-100.853,24.085],[-100.699,22.801],[-100.476,21.894],[-100.365,21.364],[-100.197,20.778],[-99.695,19.704],[-99.374,19.411],[-98.174,18.421],[-97.965,18.072],[-97.937,17.807],[-97.937,17.374],[-98.077,17.095],[-98.37,16.802],[-98.467,16.175],[-98.384,15.7],[-98.091,15.073],[-97.826,14.584],[-96.961,13.943],[-96.403,13.733],[-95.663,13.691],[-95.119,13.761],[-94.617,13.915],[-94.198,14.068],[-93.64,14.194],[-92.873,14.096],[-92.092,13.929],[-91.506,13.691],[-91.171,13.329],[-90.753,12.994],[-90.32,12.785],[-89.916,12.729],[-89.637,12.715],[-89.344,12.771],[-89.023,12.98],[-88.814,13.203],[-88.688,13.524],[-88.688,13.817],[-88.716,14.096],[-89.051,14.473],[-89.399,14.64],[-89.804,14.738],[-90.474,14.78],[-90.808,14.863],[-91.101,15.017],[-91.436,15.114],[-91.729,15.268],[-91.938,15.421],[-92.036,15.631],[-91.994,15.868],[-91.869,16.035],[-91.213,16.523],[-90.808,17.068],[-90.808,17.388],[-90.864,17.584],[-91.115,17.751],[-91.464,17.863],[-92.218,17.877],[-92.734,17.835],[-93.529,17.891],[-94.171,18.211],[-94.352,18.267],[-94.547,18.393],[-94.589,18.449],[-94.631,18.686],[-94.617,18.993],[-94.519,19.258],[-94.338,19.481],[-94.045,19.662],[-93.668,19.83],[-92.538,20.499],[-91.911,20.932],[-91.506,21.239],[-91.255,21.336],[-90.446,21.35],[-89.846,21.42],[-89.218,21.574],[-87.963,22.048],[-84.817,23.875],[-83.415,24.545],[-82.619,25.068],[-82.222,25.55],[-81.441,26.31],[-81.008,26.7],[-80.394,27.147],[-79.739,27.719],[-79.376,28.319],[-78.999,29.114],[-77.388,32.141],[-77.262,32.476],[-77.158,32.853],[-77.221,33.146],[-77.493,33.334],[-78.016,33.292],[-78.664,32.79],[-79.188,32.078],[-80.108,31.367],[-81.573,30.488],[-82.64,29.797],[-83.791,29.17],[-84.628,28.919],[-87.056,28.312],[-89.818,28.186],[-92.036,28.144],[-93.208,28.207],[-93.522,28.354],[-93.689,28.521],[-93.627,29.735],[-93.145,30.049],[-92.727,30.383],[-92.224,31.011],[-92.162,31.409],[-92.455,31.848],[-92.894,32.246],[-93.229,32.622],[-93.334,32.978],[-93.334,33.439],[-92.957,34.82],[-92.643,35.28],[-91.994,36.075],[-91.387,36.954],[-90.76,37.582],[-90.32,38.105],[-90.006,38.628],[-89.713,39.151],[-89.692,39.716],[-89.713,40.491],[-89.19,40.825],[-88.625,41.035],[-87.977,41.056],[-87.244,41.223],[-86.072,41.453],[-85.235,41.558],[-84.314,41.6],[-83.708,41.662],[-82.975,41.83],[-81.469,42.332],[-78.693,44.048],[-77.814,44.718],[-77.291,45.262],[-76.831,46.078],[-76.182,47.459],[-75.952,48.15],[-75.785,49.552],[-75.638,50.137],[-75.45,51.1],[-75.387,51.812],[-75.366,52.251],[-75.711,53.936],[-76.025,54.595],[-76.433,55.097],[-76.653,55.536],[-77.155,56.164],[-77.846,56.855],[-78.505,57.42],[-79.101,58.016],[-78.819,58.926],[-78.128,59.648],[-76.998,60.245],[-73.985,60.935],[-71.066,61.406],[-69.653,61.657],[-68.304,61.846],[-67.111,62.034],[-62.12,63.541],[-60.456,64.137],[-58.793,64.922],[-57.098,65.863],[-56.407,66.648],[-55.874,67.401],[-55.622,68.249],[-55.465,69.002],[-55.56,69.975],[-55.874,70.666],[-56.47,71.074],[-57.537,71.199],[-60.99,71.105],[-62.967,70.791],[-65.604,70.54],[-70.469,69.661],[-75.052,69.002],[-76.496,69.002],[-77.909,69.034],[-81.047,69.034],[-83.841,68.312],[-85.285,67.715],[-86.132,67.684],[-87.702,67.778],[-89.805,67.307],[-92.755,66.24],[-96.02,65.173],[-97.307,65.236],[-98.154,65.455],[-98.939,66.083],[-99.881,66.899],[-100.917,67.558],[-101.921,67.841],[-103.082,68.029],[-109.046,68.563],[-110.051,68.594],[-111.463,68.5],[-113.127,68.155],[-114.759,67.747],[-116.831,67.715],[-118.4,67.401],[-119.97,67.244],[-122.041,66.868],[-122.512,66.836],[-123.799,66.177],[-124.49,65.204],[-124.898,64.419],[-124.992,63.886],[-125.431,63.07],[-125.839,62.599],[-126.436,61.971],[-126.844,61.375],[-126.844,60.998],[-126.478,60.538],[-126.331,60.266],[-126.08,60.098],[-125.662,59.868],[-124.804,59.596],[-124.155,59.261],[-123.946,59.136],[-123.778,58.864],[-123.736,58.717],[-123.904,58.424],[-124.176,58.027],[-124.448,57.482],[-124.448,57.169],[-124.427,56.98],[-124.343,56.75],[-124.322,56.457],[-124.406,55.913],[-124.385,55.306],[-124.406,54.762],[-124.511,54.365],[-124.824,54.092],[-125.996,53.318],[-126.352,53.193],[-126.666,53.025],[-126.708,52.962],[-126.373,52.523],[-124.992,52.314],[-124.741,51.916],[-124.49,51.33],[-124.511,50.954],[-124.824,50.598],[-125.327,50.221],[-125.662,49.991],[-125.913,49.865],[-126.143,49.803],[-126.478,49.761],[-126.791,49.572],[-127.126,49.342],[-127.315,48.589],[-127.294,47.731],[-127.21,47.082],[-127.189,46.475],[-127.273,45.659],[-127.587,45.094],[-127.88,44.697],[-128.466,43.106],[-128.507,42.604],[-128.779,41.495],[-128.915,40.623]]]}},{"type":"Feature","properties":{"density":1},"geometry":{"type":"Polygon","coordinates":[[[-79.081,54.456],[-79.106,54.323],[-79.094,54.228],[-79.015,54.183],[-78.858,54.137],[-78.201,54.075],[-77.949,54.063],[-77.895,54.104],[-77.916,54.158],[-78.052,54.228],[-78.242,54.282],[-78.697,54.336],[-78.986,54.443],[-79.081,54.456]]]}},{"type":"Feature","properties":{"density":2},"geometry":{"type":"Polygon","coordinates":[[[-113.918,63.756],[-113.835,63.828],[-113.832,63.875],[-113.852,63.927],[-113.929,63.999],[-114.045,64.073],[-114.18,64.101],[-114.262,64.101],[-114.422,63.99],[-114.433,63.955],[-114.397,63.897],[-114.323,63.85],[-114.21,63.798],[-114.009,63.74],[-113.918,63.756]]]}},{"type":"Feature","properties":{"density":2},"geometry":{"type":"Polygon","coordinates":[[[-112.532,62.916],[-112.714,63.076],[-112.832,63.241],[-112.887,63.271],[-113.003,63.266],[-113.042,63.172],[-113.033,63.122],[-112.953,63.029],[-112.782,62.941],[-112.689,62.863],[-112.488,62.803],[-112.488,62.852],[-112.532,62.916]]]}},{"type":"Feature","properties":{"density":2},"geometry":{"type":"Polygon","coordinates":[[[-119.047,64.223],[-119.016,64.263],[-119.011,64.326],[-119.025,64.368],[-119.093,64.39],[-119.167,64.34],[-119.191,64.261],[-119.121,64.217],[-119.047,64.223]]]}},{"type":"Feature","properties":{"density":2},"geometry":{"type":"Polygon","coordinates":[[[-118.261,64.098],[-118.21,64.101],[-118.155,64.142],[-118.048,64.186],[-118.017,64.21],[-118.002,64.258],[-118.09,64.236],[-118.248,64.155],[-118.274,64.116],[-118.261,64.098]]]}},{"type":"Feature","properties":{"density":2},"geometry":{"type":"Polygon","coordinates":[[[-117.605,64.18],[-117.649,64.236],[-117.67,64.357],[-117.616,64.428],[-117.585,64.428],[-117.556,64.337],[-117.547,64.239],[-117.556,64.204],[-117.605,64.18]]]}},{"type":"Feature","properties":{"density":2},"geometry":{"type":"Polygon","coordinates":[[[-112.51,62.34],[-112.391,62.286],[-112.365,62.223],[-112.378,62.134],[-112.465,62.175],[-112.584,62.279],[-112.584,62.298],[-112.51,62.34]]]}},{"type":"Feature","properties":{"density":2},"geometry":{"type":"Polygon","coordinates":[[[-122.788,62.607],[-122.5,62.737],[-122.174,62.932],[-122.025,63.127],[-121.839,63.22],[-121.588,63.267],[-121.167,63.207],[-120.184,63.444],[-119.31,63.481],[-118.045,63.481],[-117.44,63.349],[-117.093,63.064],[-116.926,62.81],[-116.938,62.556],[-116.926,62.258],[-116.789,61.918],[-116.519,61.537],[-116.389,61.091],[-116.38,59.64],[-116.278,59.268],[-116.231,58.812],[-116.287,58.412],[-116.445,58.077],[-116.64,57.854],[-116.789,57.37],[-116.65,56.729],[-116.659,56.226],[-116.594,56.003],[-116.575,55.743],[-116.705,55.198],[-117.31,55.309],[-117.97,55.793],[-118.286,56.137],[-118.361,56.528],[-118.547,56.881],[-118.863,57.048],[-119.719,57.337],[-120.016,57.551],[-120.202,57.792],[-120.249,58.025],[-120.267,58.313],[-120.207,58.76],[-120.207,59.192],[-120.402,59.636],[-121.093,60.264],[-121.564,60.515],[-122.129,60.735],[-122.89,60.814],[-123.591,61.136],[-123.777,61.489],[-123.698,61.865],[-123.604,62.022],[-123.384,62.21],[-122.788,62.607]]]}},{"type":"Feature","properties":{"density":2},"geometry":{"type":"Polygon","coordinates":[[[-106.713,33.41],[-106.034,33.428],[-104.767,33.765],[-103.263,34.321],[-102.035,34.21],[-100.86,33.718],[-99.635,33.294],[-98.082,33.294],[-96.716,33.906],[-95.21,35.131],[-94.315,36.59],[-93.75,38.097],[-93.515,39.274],[-93.138,40.216],[-92.337,41.722],[-91.349,42.381],[-89.983,42.852],[-88.335,43.606],[-87.347,44.406],[-86.593,45.348],[-86.17,46.525],[-85.699,47.937],[-85.463,49.585],[-85.463,51.374],[-85.793,52.646],[-86.546,54.529],[-87.394,56.083],[-88.194,57.448],[-89.136,58.766],[-90.313,60.038],[-92.62,61.45],[-94.268,61.968],[-96.857,62.298],[-98.882,61.968],[-100.671,61.026],[-101.472,59.237],[-101.142,58.201],[-100.295,57.118],[-100.106,56.412],[-100.153,56.177],[-101.095,54.67],[-102.884,54.388],[-104.061,54.435],[-106.604,54.011],[-108.346,53.446],[-111.689,52.316],[-113.148,51.657],[-115.056,51.248],[-116.497,51.518],[-117.483,51.267],[-118.19,50.839],[-119.363,50.433],[-120.164,50.715],[-121.119,51.313],[-121.584,51.89],[-121.65,52.522],[-121.64,52.959],[-121.854,53.713],[-122.518,54.246],[-124.213,54.341],[-125.278,53.638],[-125.755,53.093],[-125.584,52.758],[-124.514,52.085],[-123.854,51.611],[-123.119,51.034],[-122.706,50.338],[-122.565,49.915],[-123.13,49.773],[-123.601,49.585],[-123.967,49.228],[-124.009,49.004],[-123.897,48.767],[-123.925,48.53],[-123.827,48.293],[-123.409,47.707],[-123.381,47.498],[-123.381,47.233],[-123.562,46.912],[-123.758,46.675],[-123.841,46.34],[-123.883,46.061],[-123.855,45.893],[-123.702,45.545],[-123.325,45.042],[-123.228,44.875],[-123.032,44.736],[-122.223,44.75],[-121.874,44.61],[-121.819,44.345],[-121.819,44.01],[-121.888,43.829],[-121.944,43.508],[-121.986,43.117],[-121.986,42.769],[-121.86,42.42],[-121.428,42.211],[-120.507,42.085],[-119.252,41.876],[-118.177,41.722],[-117.633,41.792],[-117.061,41.834],[-115.82,41.666],[-115.401,41.653],[-114.773,41.75],[-113.811,41.959],[-113.267,42.308],[-112.793,42.517],[-112.29,42.852],[-111.621,43.243],[-111.132,43.564],[-110.533,43.871],[-110.184,44.108],[-109.737,44.247],[-109.528,44.024],[-109.486,43.675],[-109.682,43.327],[-111.342,41.973],[-112.165,41.513],[-112.5,41.136],[-112.96,40.732],[-113.922,40.076],[-114.034,39.867],[-114.188,39.672],[-114.818,39.327],[-114.996,39.195],[-115.029,38.93],[-115.322,38.504],[-115.347,38.277],[-114.868,38.24],[-114.086,38.36],[-113.384,38.207],[-112.193,38.179],[-110.951,38.318],[-110.212,38.458],[-109.292,38.687],[-108.598,38.927],[-108.094,38.997],[-107.798,38.793],[-107.701,38.5],[-107.825,38.253],[-108.09,38.047],[-108.168,37.823],[-108.044,37.654],[-107.668,37.646],[-106.515,37.997],[-106.019,37.902],[-105.601,37.712],[-105.486,37.133],[-106.271,37.154],[-106.961,37.236],[-107.453,36.889],[-107.747,36.286],[-107.742,35.821],[-107.627,35.294],[-107.324,34.775],[-107.031,34.57],[-107.098,34.31],[-107.254,34.091],[-107.547,33.882],[-107.673,33.729],[-107.631,33.589],[-107.212,33.491],[-106.713,33.41]]]}},{"type":"Feature","properties":{"density":2},"geometry":{"type":"Polygon","coordinates":[[[-84.037,54.074],[-84.076,54.176],[-84.129,54.24],[-84.171,54.265],[-84.184,54.244],[-84.119,54.128],[-84.065,54.079],[-84.037,54.074]]]}},{"type":"Feature","properties":{"density":2},"geometry":{"type":"Polygon","coordinates":[[[-83.501,51.268],[-83.443,51.288],[-83.424,51.321],[-83.407,51.475],[-83.449,51.577],[-83.52,51.69],[-83.576,51.668],[-83.6,51.624],[-83.614,51.497],[-83.584,51.307],[-83.559,51.274],[-83.501,51.268]]]}},{"type":"Feature","properties":{"density":2},"geometry":{"type":"Polygon","coordinates":[[[-84.599,52.381],[-84.576,52.401],[-84.568,52.481],[-84.597,52.541],[-84.62,52.541],[-84.635,52.494],[-84.63,52.391],[-84.599,52.381]]]}},{"type":"Feature","properties":{"density":2},"geometry":{"type":"Polygon","coordinates":[[[-91.216,35.762],[-91.196,35.729],[-91.218,35.693],[-91.328,35.654],[-91.312,35.688],[-91.216,35.762]]]}},{"type":"Feature","properties":{"density":2},"geometry":{"type":"Polygon","coordinates":[[[-93.045,34.228],[-93.075,34.16],[-93.136,34.141],[-93.092,34.228],[-93.045,34.228]]]}},{"type":"Feature","properties":{"density":2},"geometry":{"type":"Polygon","coordinates":[[[-95.284,34.569],[-95.324,34.679],[-95.345,34.694],[-95.379,34.694],[-95.446,34.657],[-95.443,34.642],[-95.345,34.603],[-95.317,34.569],[-95.284,34.569]]]}},{"type":"Feature","properties":{"density":2},"geometry":{"type":"Polygon","coordinates":[[[-93.39,31.785],[-93.429,31.826],[-93.438,31.89],[-93.429,31.923],[-93.368,31.956],[-93.324,31.943],[-93.306,31.85],[-93.341,31.776],[-93.39,31.785]]]}},{"type":"Feature","properties":{"density":2},"geometry":{"type":"Polygon","coordinates":[[[-93.148,32.158],[-93.203,32.212],[-93.203,32.281],[-93.172,32.287],[-93.142,32.269],[-93.115,32.223],[-93.115,32.193],[-93.148,32.158]]]}},{"type":"Feature","properties":{"density":2},"geometry":{"type":"Polygon","coordinates":[[[-96.04,30.635],[-95.878,30.645],[-95.75,30.621],[-95.753,30.586],[-95.831,30.565],[-95.984,30.564],[-96.029,30.599],[-96.04,30.635]]]}},{"type":"Feature","properties":{"density":2},"geometry":{"type":"Polygon","coordinates":[[[-93.382,31.794],[-93.421,31.857],[-93.419,31.912],[-93.379,31.965],[-93.333,31.974],[-93.296,31.932],[-93.346,31.822],[-93.382,31.794]]]}},{"type":"Feature","properties":{"density":2},"geometry":{"type":"Polygon","coordinates":[[[-93.162,32.18],[-93.191,32.259],[-93.175,32.283],[-93.022,32.224],[-93.147,32.164],[-93.16,32.162],[-93.162,32.18]]]}},{"type":"Feature","properties":{"density":2},"geometry":{"type":"Polygon","coordinates":[[[-115.872,31.396],[-115.843,31.429],[-115.846,31.478],[-115.808,31.471],[-115.789,31.412],[-115.797,31.387],[-115.85,31.372],[-115.872,31.396]]]}},{"type":"Feature","properties":{"density":2},"geometry":{"type":"Polygon","coordinates":[[[-98.585,21.672],[-98.653,21.619],[-98.649,21.604],[-98.622,21.602],[-98.574,21.63],[-98.566,21.65],[-98.585,21.672]]]}},{"type":"Feature","properties":{"density":2},"geometry":{"type":"Polygon","coordinates":[[[-83.516,51.264],[-83.582,51.266],[-83.573,51.327],[-83.505,51.376],[-83.42,51.47],[-83.352,51.498],[-83.207,51.522],[-83.158,51.503],[-83.158,51.474],[-83.202,51.424],[-83.292,51.353],[-83.485,51.257],[-83.516,51.264]]]}},{"type":"Feature","properties":{"density":2},"geometry":{"type":"Polygon","coordinates":[[[-84.052,54.071],[-84.107,54.134],[-84.013,54.258],[-83.964,54.283],[-83.942,54.272],[-83.95,54.231],[-84.01,54.126],[-84.021,54.057],[-84.052,54.071]]]}},{"type":"Feature","properties":{"density":2},"geometry":{"type":"Polygon","coordinates":[[[-91.686,54.377],[-91.438,54.529],[-91.157,54.744],[-90.895,54.871],[-90.84,54.862],[-90.837,54.824],[-90.909,54.736],[-91.052,54.617],[-91.531,54.325],[-91.6,54.3],[-91.65,54.303],[-91.697,54.358],[-91.686,54.377]]]}},{"type":"Feature","properties":{"density":2},"geometry":{"type":"Polygon","coordinates":[[[-113.871,63.785],[-113.99,63.763],[-114.015,63.791],[-114.012,63.824],[-113.728,63.92],[-113.61,63.976],[-113.574,63.959],[-113.56,63.926],[-113.59,63.901],[-113.871,63.785]]]}},{"type":"Feature","properties":{"density":2},"geometry":{"type":"Polygon","coordinates":[[[-112.954,63.24],[-112.976,63.223],[-112.957,63.176],[-112.758,62.984],[-112.488,62.873],[-112.35,62.796],[-112.303,62.791],[-112.281,62.815],[-112.298,62.909],[-112.345,62.986],[-112.477,63.121],[-112.585,63.193],[-112.816,63.256],[-112.954,63.24]]]}},{"type":"Feature","properties":{"density":2},"geometry":{"type":"Polygon","coordinates":[[[-112.51,62.353],[-112.56,62.308],[-112.367,62.204],[-112.166,61.978],[-112.058,61.881],[-111.995,61.87],[-111.926,61.895],[-111.885,61.934],[-111.893,62.049],[-112.069,62.182],[-112.168,62.22],[-112.323,62.325],[-112.452,62.369],[-112.51,62.353]]]}},{"type":"Feature","properties":{"density":2},"geometry":{"type":"Polygon","coordinates":[[[-116.839,57.017],[-116.523,57.166],[-116.374,57.277],[-116.291,57.398],[-116.244,57.817],[-116.198,57.928],[-116.16,58.123],[-116.151,58.942],[-116.272,59.918],[-116.281,60.132],[-116.225,60.318],[-116.272,60.532],[-116.374,60.737],[-116.737,61.193],[-116.877,61.639],[-116.858,61.806],[-116.737,62.048],[-116.56,62.253],[-116.449,62.457],[-116.43,62.606],[-116.467,62.699],[-116.588,62.848],[-116.811,63.053],[-116.942,63.109],[-117.518,63.425],[-117.779,63.481],[-118.299,63.508],[-118.802,63.508],[-119.248,63.527],[-119.648,63.574],[-120.132,63.601],[-120.727,63.546],[-121.211,63.434],[-121.992,63.155],[-122.466,62.876],[-122.68,62.774],[-122.829,62.616],[-122.885,62.495],[-122.894,62.374],[-122.81,62.141],[-122.578,61.89],[-122.057,61.667],[-121.499,61.565],[-121.331,61.565],[-121.183,61.648],[-120.913,61.695],[-120.699,61.667],[-120.392,61.593],[-120.253,61.518],[-120.16,61.434],[-119.843,60.988],[-119.843,60.858],[-119.936,60.69],[-119.918,60.551],[-119.778,60.383],[-119.555,60.281],[-119.202,60.17],[-118.876,59.946],[-118.616,59.844],[-118.439,59.807],[-118.299,59.751],[-118.16,59.621],[-118.011,59.509],[-117.807,59.128],[-117.704,58.868],[-117.658,58.709],[-117.639,58.533],[-117.676,58.393],[-117.76,58.226],[-117.909,57.993],[-117.955,57.761],[-117.955,57.538],[-117.89,57.342],[-117.797,57.231],[-117.435,56.887],[-117.286,56.859],[-117.007,56.914],[-116.839,57.017]]]}},{"type":"Feature","properties":{"density":2},"geometry":{"type":"Polygon","coordinates":[[[-111.323,39.471],[-111.384,39.427],[-111.384,39.358],[-111.365,39.326],[-111.329,39.315],[-111.237,39.315],[-111.117,39.356],[-110.948,39.494],[-110.941,39.534],[-110.983,39.578],[-111.079,39.585],[-111.272,39.523],[-111.323,39.471]]]}},{"type":"Feature","properties":{"density":2},"geometry":{"type":"Polygon","coordinates":[[[-112.264,38.994],[-112.446,38.808],[-112.471,38.749],[-112.459,38.718],[-112.275,38.691],[-112.188,38.696],[-112.018,38.744],[-111.876,38.742],[-111.72,38.805],[-111.621,38.814],[-111.428,38.873],[-111.428,38.922],[-111.49,38.944],[-111.659,38.941],[-111.911,38.878],[-112.051,38.884],[-112.132,38.902],[-112.181,38.93],[-112.19,39.003],[-112.22,39.018],[-112.264,38.994]]]}},{"type":"Feature","properties":{"density":2},"geometry":{"type":"Polygon","coordinates":[[[-114.929,39.111],[-115.04,39.116],[-115.048,39.185],[-115.031,39.218],[-114.979,39.257],[-114.902,39.249],[-114.836,39.205],[-114.841,39.15],[-114.929,39.111]]]}},{"type":"Feature","properties":{"density":2},"geometry":{"type":"Polygon","coordinates":[[[-113.049,45.71],[-113.204,45.699],[-113.242,45.683],[-113.102,45.536],[-113.02,45.529],[-112.88,45.67],[-112.91,45.697],[-113.049,45.71]]]}},{"type":"Feature","properties":{"density":2},"geometry":{"type":"Polygon","coordinates":[[[-116.704,42.65],[-116.821,42.654],[-116.876,42.636],[-116.889,42.617],[-116.842,42.582],[-116.775,42.57],[-116.625,42.564],[-116.595,42.584],[-116.595,42.616],[-116.628,42.639],[-116.704,42.65]]]}},{"type":"Feature","properties":{"density":2},"geometry":{"type":"Polygon","coordinates":[[[-120.005,44.392],[-120.184,44.315],[-120.234,44.235],[-120.101,44.238],[-119.955,44.285],[-119.856,44.351],[-119.856,44.376],[-120.005,44.392]]]}},{"type":"Feature","properties":{"density":2},"geometry":{"type":"Polygon","coordinates":[[[-120.732,44.577],[-120.672,44.577],[-120.501,44.536],[-120.446,44.516],[-120.446,44.494],[-120.495,44.481],[-120.493,44.442],[-120.517,44.398],[-120.597,44.346],[-120.95,44.332],[-121.286,44.288],[-121.347,44.257],[-121.421,44.2],[-121.452,44.092],[-121.427,43.916],[-121.507,43.874],[-121.631,43.85],[-121.708,43.852],[-121.755,43.885],[-121.744,44.164],[-121.771,44.241],[-121.804,44.31],[-121.939,44.401],[-121.972,44.439],[-121.953,44.657],[-121.926,44.742],[-121.89,44.803],[-121.821,44.853],[-121.672,44.822],[-121.278,44.701],[-120.892,44.638],[-120.732,44.577]]]}},{"type":"Feature","properties":{"density":2},"geometry":{"type":"Polygon","coordinates":[[[-121.417,45.251],[-122.563,45.281],[-122.718,45.262],[-123.051,45.185],[-123.828,45.193],[-123.977,45.229],[-124.063,45.267],[-124.096,45.3],[-124.076,45.336],[-124.007,45.358],[-123.773,45.35],[-123.624,45.369],[-123.492,45.436],[-123.261,45.474],[-123.082,45.46],[-122.927,45.526],[-122.977,45.684],[-123.04,45.774],[-123.219,45.863],[-123.478,45.871],[-123.886,45.794],[-124.01,45.791],[-124.085,45.739],[-124.167,45.595],[-124.247,45.543],[-124.349,45.557],[-124.393,45.67],[-124.36,45.89],[-124.286,46.089],[-124.101,46.375],[-123.674,46.736],[-123.243,46.983],[-123.175,47.187],[-123.15,47.38],[-123.157,47.77],[-123.206,47.9],[-123.454,48.08],[-124.372,48.415],[-124.471,48.508],[-124.533,48.669],[-124.558,48.862],[-124.514,49.041],[-124.328,49.184],[-124.149,49.203],[-124.018,49.153],[-123.777,49.097],[-123.33,48.874],[-122.754,48.638],[-122.506,48.57],[-122.028,48.607],[-121.805,48.595],[-121.675,48.638],[-121.445,48.781],[-121.464,49.159],[-121.594,49.258],[-121.638,49.376],[-121.594,49.767],[-121.762,50.17],[-122.103,50.319],[-122.227,50.405],[-122.196,50.573],[-122.189,50.746],[-122.264,50.92],[-122.357,51.044],[-122.456,51.118],[-122.543,51.118],[-122.636,51.044],[-122.76,51.05],[-122.865,51.137],[-122.902,51.28],[-122.847,51.41],[-122.766,51.472],[-122.623,51.54],[-122.047,51.54],[-121.873,51.559],[-121.768,51.54],[-121.247,51.342],[-121.117,51.242],[-121.042,51.125],[-120.962,50.914],[-120.875,50.536],[-120.875,50.3],[-120.98,50.015],[-121.011,49.823],[-120.993,49.618],[-120.887,49.5],[-120.714,49.37],[-120.528,49.289],[-120.348,49.252],[-120.187,49.296],[-120.063,49.413],[-119.963,49.544],[-119.895,49.674],[-119.784,50.126],[-119.728,50.207],[-119.653,50.257],[-119.573,50.257],[-119.492,50.226],[-119.424,50.095],[-119.399,49.922],[-119.219,49.488],[-119.058,49.351],[-118.779,49.32],[-118.63,49.376],[-118.382,49.153],[-118.215,49.041],[-117.781,49.345],[-117.614,49.364],[-117.397,49.196],[-117.217,48.905],[-117.279,48.762],[-117.279,48.545],[-117.18,48.353],[-116.913,48.297],[-116.715,48.397],[-116.522,48.558],[-116.398,48.707],[-116.305,48.868],[-116.287,49.048],[-116.386,49.184],[-116.498,49.395],[-116.522,49.593],[-116.46,49.779],[-116.349,49.81],[-116.138,49.705],[-116.02,49.68],[-115.939,49.705],[-115.822,49.798],[-115.753,49.823],[-115.679,49.761],[-115.679,49.655],[-115.747,49.562],[-115.853,49.296],[-115.84,49.178],[-115.71,49.023],[-115.524,48.998],[-115.251,48.992],[-114.941,48.911],[-113.887,48.576],[-113.422,48.359],[-113.063,48.062],[-112.632,47.776],[-111.99,47.423],[-111.674,47.135],[-111.478,46.921],[-111.385,46.744],[-111.367,46.484],[-111.385,46.27],[-111.543,46.084],[-111.711,45.963],[-112.26,45.749],[-112.492,45.638],[-112.562,45.589],[-112.662,45.56],[-112.765,45.506],[-112.947,45.485],[-113.063,45.514],[-113.191,45.568],[-113.302,45.688],[-113.278,45.742],[-113.013,45.733],[-112.91,45.849],[-112.951,46.023],[-113.236,46.118],[-113.348,46.031],[-113.608,45.878],[-113.873,45.791],[-114.096,45.742],[-114.36,45.643],[-114.828,45.37],[-115.051,45.258],[-115.336,45.229],[-115.505,45.159],[-115.72,45.113],[-116.154,44.774],[-116.613,44.526],[-116.799,44.374],[-116.903,44.241],[-116.915,44.092],[-116.861,43.894],[-116.894,43.778],[-116.985,43.675],[-117.688,43.435],[-117.874,43.415],[-118.031,43.609],[-117.944,43.733],[-117.589,44.051],[-117.523,44.183],[-117.523,44.324],[-117.601,44.469],[-117.816,44.601],[-118.097,44.526],[-118.337,44.514],[-118.659,44.522],[-118.974,44.638],[-119.966,45.184],[-120.395,45.271],[-120.631,45.275],[-121.181,45.171],[-121.259,45.171],[-121.375,45.213],[-121.417,45.251]]]}},{"type":"Feature","properties":{"density":2},"geometry":{"type":"Polygon","coordinates":[[[-74.911,20.44],[-74.95,20.475],[-74.909,20.454],[-74.911,20.44]]]}},{"type":"Feature","properties":{"density":2},"geometry":{"type":"Polygon","coordinates":[[[-76.39,20.649],[-76.46,20.64],[-76.468,20.614],[-76.4,20.607],[-76.369,20.625],[-76.39,20.649]]]}},{"type":"Feature","properties":{"density":2},"geometry":{"type":"Polygon","coordinates":[[[-91.044,32.502],[-91.059,32.363],[-91.035,32.263],[-91.042,32.142],[-91.022,32.12],[-90.985,32.456],[-91.006,32.493],[-91.044,32.502]]]}},{"type":"Feature","properties":{"density":2},"geometry":{"type":"Polygon","coordinates":[[[-101.132,34.818],[-101.081,35.012],[-101.009,35.082],[-100.952,35.077],[-100.939,35.031],[-100.948,34.965],[-101.035,34.808],[-101.101,34.792],[-101.132,34.818]]]}},{"type":"Feature","properties":{"density":2},"geometry":{"type":"Polygon","coordinates":[[[-96.409,36.903],[-96.455,36.898],[-96.539,37.069],[-96.534,37.372],[-96.495,37.48],[-96.475,37.495],[-96.462,37.26],[-96.429,37.197],[-96.354,37.124],[-96.333,37.052],[-96.352,36.951],[-96.409,36.903]]]}},{"type":"Feature","properties":{"density":2},"geometry":{"type":"Polygon","coordinates":[[[-114.941,39.137],[-115.004,39.15],[-115.023,39.172],[-115.032,39.192],[-115.015,39.23],[-114.844,39.365],[-114.759,39.382],[-114.742,39.362],[-114.855,39.23],[-114.869,39.145],[-114.908,39.128],[-114.941,39.137]]]}},{"type":"Feature","properties":{"density":2},"geometry":{"type":"Polygon","coordinates":[[[-112.439,38.854],[-112.491,38.788],[-112.497,38.739],[-112.464,38.703],[-112.364,38.656],[-112.312,38.648],[-112.254,38.581],[-112.205,38.57],[-112.081,38.664],[-111.981,38.7],[-111.615,38.774],[-111.546,38.807],[-111.494,38.854],[-111.45,38.934],[-111.488,38.981],[-111.91,39.0],[-111.962,39.02],[-112.031,39.113],[-112.067,39.127],[-112.13,39.113],[-112.172,39.077],[-112.221,39.08],[-112.263,39.061],[-112.334,38.923],[-112.439,38.854]]]}},{"type":"Feature","properties":{"density":2},"geometry":{"type":"Polygon","coordinates":[[[-111.342,39.372],[-111.361,39.419],[-111.334,39.455],[-111.124,39.565],[-110.841,39.675],[-110.606,39.799],[-110.526,39.827],[-110.452,39.819],[-110.408,39.714],[-110.463,39.565],[-110.755,39.499],[-110.808,39.458],[-110.901,39.331],[-110.94,39.301],[-110.973,39.287],[-111.047,39.298],[-111.124,39.326],[-111.221,39.331],[-111.342,39.372]]]}},{"type":"Feature","properties":{"density":2},"geometry":{"type":"Polygon","coordinates":[[[-113.144,45.597],[-113.227,45.62],[-113.263,45.666],[-113.258,45.688],[-113.134,45.748],[-113.059,45.745],[-113.022,45.721],[-113.027,45.653],[-113.048,45.63],[-113.144,45.597]]]}},{"type":"Feature","properties":{"density":2},"geometry":{"type":"Polygon","coordinates":[[[-121.211,61.765],[-121.288,61.646],[-121.37,61.591],[-121.483,61.564],[-121.533,61.567],[-121.646,61.608],[-121.828,61.707],[-122.189,61.801],[-122.252,61.809],[-122.307,61.795],[-122.376,61.743],[-122.473,61.729],[-122.627,61.831],[-122.869,61.889],[-123.095,61.894],[-123.159,61.928],[-123.197,61.977],[-123.197,62.156],[-123.23,62.308],[-123.217,62.399],[-123.051,62.6],[-122.958,62.669],[-122.759,62.751],[-122.486,62.82],[-122.321,62.845],[-122.054,62.856],[-121.599,62.911],[-121.318,62.977],[-121.161,63.033],[-120.874,63.082],[-120.712,63.132],[-120.624,63.126],[-120.522,63.024],[-120.505,62.92],[-120.467,62.856],[-120.312,62.768],[-120.29,62.724],[-120.296,62.677],[-120.326,62.63],[-120.318,62.597],[-120.378,62.481],[-120.343,62.437],[-120.072,62.413],[-119.979,62.36],[-119.913,62.294],[-119.91,62.22],[-119.982,62.126],[-120.039,62.085],[-120.117,62.057],[-120.081,61.947],[-120.155,61.911],[-120.268,61.894],[-120.456,61.944],[-120.728,61.853],[-120.836,61.845],[-120.946,61.883],[-121.227,61.941],[-121.249,61.922],[-121.211,61.839],[-121.211,61.765]]]}},{"type":"Feature","properties":{"density":2},"geometry":{"type":"Polygon","coordinates":[[[-113.944,63.761],[-113.329,63.854],[-113.263,63.874],[-113.247,63.918],[-113.263,63.945],[-113.293,63.954],[-113.42,63.959],[-113.715,63.896],[-113.922,63.89],[-113.96,63.879],[-114.004,63.83],[-113.991,63.791],[-113.944,63.761]]]}},{"type":"Feature","properties":{"density":2},"geometry":{"type":"Polygon","coordinates":[[[-112.536,62.397],[-112.594,62.377],[-112.613,62.361],[-112.613,62.333],[-112.594,62.297],[-112.505,62.231],[-112.307,62.146],[-112.064,62.077],[-111.96,62.025],[-111.85,62.011],[-111.808,62.052],[-111.792,62.102],[-111.797,62.154],[-111.872,62.234],[-112.004,62.295],[-112.373,62.41],[-112.505,62.416],[-112.536,62.397]]]}},{"type":"Feature","properties":{"density":2},"geometry":{"type":"Polygon","coordinates":[[[-113.045,63.132],[-112.866,63.099],[-112.792,63.058],[-112.671,63.025],[-112.591,63.022],[-112.525,62.992],[-112.277,62.805],[-112.161,62.771],[-112.062,62.752],[-111.987,62.769],[-111.921,62.86],[-111.965,62.995],[-111.993,63.028],[-112.051,63.055],[-112.128,63.143],[-112.128,63.171],[-112.161,63.223],[-112.365,63.29],[-112.464,63.292],[-112.516,63.256],[-112.762,63.317],[-112.935,63.314],[-113.029,63.251],[-113.062,63.163],[-113.045,63.132]]]}},{"type":"Feature","properties":{"density":2},"geometry":{"type":"Polygon","coordinates":[[[-84.015,54.078],[-83.98,54.15],[-83.919,54.218],[-83.653,54.38],[-83.528,54.516],[-83.471,54.631],[-83.466,54.721],[-83.508,54.751],[-83.614,54.764],[-83.732,54.663],[-83.952,54.602],[-84.015,54.551],[-84.048,54.393],[-84.066,54.097],[-84.05,54.06],[-84.015,54.078]]]}},{"type":"Feature","properties":{"density":2},"geometry":{"type":"Polygon","coordinates":[[[-84.42,53.429],[-84.341,53.745],[-84.317,53.79],[-84.275,53.803],[-84.343,53.436],[-84.356,53.407],[-84.405,53.399],[-84.42,53.429]]]}},{"type":"Feature","properties":{"density":2},"geometry":{"type":"Polygon","coordinates":[[[-83.568,51.274],[-83.477,51.288],[-83.215,51.401],[-83.111,51.401],[-82.909,51.442],[-82.703,51.564],[-82.606,51.74],[-82.59,51.812],[-82.601,51.872],[-82.67,51.936],[-82.733,51.936],[-82.953,51.839],[-83.235,51.806],[-83.314,51.784],[-83.414,51.729],[-83.505,51.605],[-83.565,51.459],[-83.604,51.335],[-83.604,51.302],[-83.568,51.274]]]}},{"type":"Feature","properties":{"density":2},"geometry":{"type":"Polygon","coordinates":[[[-91.653,54.313],[-91.207,54.553],[-90.761,54.71],[-90.364,54.929],[-89.988,55.194],[-89.401,55.57],[-89.124,55.773],[-88.987,55.942],[-89.053,55.946],[-89.322,55.777],[-89.702,55.628],[-89.868,55.537],[-90.062,55.458],[-90.587,55.136],[-90.839,55.0],[-91.546,54.504],[-91.62,54.425],[-91.658,54.355],[-91.653,54.313]]]}},{"type":"Feature","properties":{"density":2},"geometry":{"type":"Polygon","coordinates":[[[-89.971,54.574],[-90.161,54.433],[-90.174,54.371],[-90.128,54.301],[-90.029,54.272],[-89.905,54.289],[-89.281,54.586],[-88.905,54.843],[-88.648,55.049],[-88.429,55.173],[-88.305,55.277],[-88.218,55.396],[-88.243,55.516],[-88.355,55.516],[-88.491,55.425],[-88.929,55.215],[-89.971,54.574]]]}},{"type":"Feature","properties":{"density":2},"geometry":{"type":"Polygon","coordinates":[[[-120.472,44.511],[-120.555,44.585],[-120.638,44.622],[-120.733,44.635],[-120.906,44.548],[-121.001,44.568],[-121.158,44.568],[-121.427,44.643],[-121.501,44.68],[-121.638,44.796],[-121.791,44.841],[-122.084,44.771],[-122.13,44.726],[-122.138,44.647],[-121.931,44.477],[-121.663,44.349],[-121.377,44.3],[-121.096,44.271],[-120.836,44.283],[-120.633,44.312],[-120.472,44.374],[-120.472,44.511]]]}},{"type":"Feature","properties":{"density":2},"geometry":{"type":"Polygon","coordinates":[[[-119.829,44.382],[-119.972,44.384],[-119.988,44.38],[-119.998,44.348],[-119.949,44.32],[-119.828,44.314],[-119.785,44.333],[-119.774,44.363],[-119.829,44.382]]]}},{"type":"Feature","properties":{"density":2},"geometry":{"type":"Polygon","coordinates":[[[-117.924,43.494],[-117.8,43.416],[-117.548,43.329],[-117.338,43.304],[-116.85,43.317],[-116.66,43.432],[-116.639,43.507],[-116.784,43.685],[-116.846,43.817],[-116.87,43.941],[-116.813,44.098],[-116.709,44.222],[-116.449,44.379],[-116.345,44.507],[-116.337,44.615],[-116.37,44.763],[-116.412,44.821],[-116.407,44.912],[-116.358,44.937],[-116.345,44.999],[-116.416,45.156],[-116.075,45.77],[-115.945,45.894],[-115.827,45.931],[-115.715,45.931],[-115.362,45.857],[-115.008,45.863],[-114.804,46.012],[-114.686,46.154],[-114.655,46.21],[-114.649,46.365],[-114.704,46.433],[-114.903,46.446],[-115.064,46.433],[-115.275,46.272],[-115.331,46.254],[-115.486,46.247],[-115.61,46.303],[-115.535,46.452],[-115.207,46.613],[-115.107,46.712],[-115.107,46.818],[-115.25,46.954],[-115.399,47.029],[-115.591,47.097],[-115.777,47.097],[-115.969,47.078],[-116.143,46.967],[-116.298,46.892],[-116.614,46.781],[-117.085,46.557],[-117.668,46.34],[-117.842,46.291],[-118.003,46.216],[-118.307,46.123],[-118.611,46.08],[-118.964,46.068],[-119.2,46.03],[-119.931,46.03],[-121.091,45.993],[-121.246,46.068],[-121.345,46.161],[-121.475,46.247],[-121.55,46.322],[-121.562,46.427],[-121.488,46.545],[-121.289,46.557],[-120.644,46.52],[-120.316,46.526],[-119.857,46.65],[-119.448,46.824],[-118.735,46.973],[-118.115,47.128],[-117.575,47.357],[-117.377,47.481],[-117.147,47.543],[-116.949,47.661],[-116.825,47.841],[-117.315,48.076],[-117.532,48.337],[-117.631,48.585],[-117.823,48.74],[-117.966,48.814],[-118.146,48.864],[-118.369,48.845],[-118.666,48.752],[-118.797,48.752],[-118.976,48.814],[-119.237,48.982],[-119.336,49.112],[-119.398,49.255],[-119.441,49.41],[-119.435,49.558],[-119.286,49.72],[-119.243,49.899],[-119.311,50.036],[-119.466,50.16],[-119.689,50.16],[-119.782,50.123],[-119.782,49.813],[-119.851,49.608],[-119.857,49.379],[-119.795,49.242],[-119.782,49.155],[-119.956,49.044],[-120.055,48.895],[-120.068,48.796],[-120.155,48.579],[-120.248,48.448],[-120.279,48.318],[-120.415,48.219],[-120.558,48.213],[-120.719,48.281],[-121.24,48.331],[-122.442,48.052],[-123.236,47.717],[-123.602,47.444],[-123.943,47.146],[-124.234,46.799],[-124.792,46.272],[-125.022,46.086],[-125.133,45.962],[-125.375,45.485],[-125.394,45.262],[-125.388,45.02],[-125.338,44.846],[-125.214,44.747],[-124.6,44.716],[-124.228,44.716],[-123.906,44.797],[-123.552,44.927],[-123.248,45.001],[-122.994,45.1],[-122.622,45.175],[-122.225,45.187],[-121.692,45.119],[-121.649,45.144],[-121.705,45.193],[-121.698,45.262],[-121.252,45.131],[-120.967,45.119],[-120.502,45.063],[-120.099,44.84],[-119.293,44.592],[-118.958,44.555],[-118.524,44.759],[-118.456,44.778],[-118.363,44.759],[-118.164,44.611],[-117.929,44.369],[-117.836,44.158],[-117.829,44.015],[-117.867,43.873],[-117.96,43.711],[-117.924,43.494]]]}},{"type":"Feature","properties":{"density":2},"geometry":{"type":"Polygon","coordinates":[[[-121.296,48.75],[-121.185,48.781],[-121.042,48.911],[-120.999,49.01],[-121.073,49.134],[-121.234,49.215],[-121.278,49.351],[-121.141,49.605],[-121.123,49.822],[-121.017,49.946],[-120.937,50.108],[-120.943,50.201],[-121.067,50.356],[-121.067,50.535],[-120.968,50.721],[-121.03,50.994],[-121.185,51.186],[-121.445,51.348],[-121.718,51.465],[-121.947,51.527],[-122.505,51.558],[-122.741,51.496],[-122.983,51.31],[-122.915,51.143],[-122.667,51.025],[-122.425,50.932],[-122.251,50.796],[-122.195,50.728],[-122.189,50.523],[-122.245,50.399],[-122.363,50.3],[-122.344,50.145],[-122.158,50.052],[-121.644,49.934],[-121.644,49.692],[-121.706,49.643],[-121.743,49.568],[-121.749,49.432],[-121.693,49.401],[-121.575,49.376],[-121.433,49.246],[-121.365,49.153],[-121.346,49.047],[-121.371,48.979],[-121.433,48.911],[-121.371,48.762],[-121.296,48.75]]]}},{"type":"Feature","properties":{"density":2},"geometry":{"type":"Polygon","coordinates":[[[-116.682,42.64],[-116.844,42.654],[-116.853,42.64],[-116.704,42.568],[-116.599,42.544],[-116.533,42.552],[-116.549,42.602],[-116.605,42.632],[-116.682,42.64]]]}},{"type":"Feature","properties":{"density":2},"geometry":{"type":"Polygon","coordinates":[[[-76.379,20.673],[-76.591,20.692],[-76.759,20.731],[-76.809,20.709],[-76.757,20.643],[-76.674,20.587],[-76.561,20.596],[-76.434,20.574],[-76.365,20.609],[-76.379,20.673]]]}},{"type":"Feature","properties":{"density":2},"geometry":{"type":"Polygon","coordinates":[[[-91.027,32.482],[-91.027,32.339],[-91.055,32.217],[-91.096,32.126],[-91.11,31.914],[-91.06,31.749],[-91.024,31.727],[-90.999,31.787],[-90.994,31.975],[-90.964,32.137],[-90.955,32.427],[-90.988,32.485],[-91.027,32.482]]]}},{"type":"Feature","properties":{"density":2},"geometry":{"type":"Polygon","coordinates":[[[-100.095,31.142],[-100.216,31.276],[-100.229,31.322],[-100.218,31.35],[-100.183,31.339],[-100.152,31.302],[-100.076,31.151],[-100.084,31.128],[-100.095,31.142]]]}},{"type":"Feature","properties":{"density":2},"geometry":{"type":"Polygon","coordinates":[[[-95.403,34.495],[-95.433,34.523],[-95.516,34.718],[-95.521,34.837],[-95.494,34.881],[-95.372,34.864],[-95.265,34.886],[-95.111,34.997],[-95.064,34.988],[-95.036,34.933],[-95.069,34.881],[-95.221,34.765],[-95.292,34.649],[-95.317,34.536],[-95.35,34.506],[-95.403,34.495]]]}},{"type":"Feature","properties":{"density":2},"geometry":{"type":"Polygon","coordinates":[[[-92.694,45.895],[-92.707,46.306],[-92.675,46.363],[-92.65,46.352],[-92.639,46.323],[-92.651,45.88],[-92.672,45.875],[-92.694,45.895]]]}},{"type":"Feature","properties":{"density":2},"geometry":{"type":"Polygon","coordinates":[[[-106.128,45.268],[-106.068,45.188],[-105.949,44.879],[-106.043,44.664],[-106.071,44.648],[-106.098,44.683],[-106.093,44.86],[-106.12,45.02],[-106.167,45.174],[-106.167,45.248],[-106.159,45.265],[-106.128,45.268]]]}},{"type":"Feature","properties":{"density":2},"geometry":{"type":"Polygon","coordinates":[[[-92.364,18.354],[-92.477,18.345],[-92.504,18.323],[-92.372,18.315],[-92.358,18.326],[-92.364,18.354]]]}},{"type":"Feature","properties":{"density":2},"geometry":{"type":"Polygon","coordinates":[[[-101.101,34.777],[-101.139,34.86],[-101.123,34.918],[-101.09,34.962],[-100.999,34.992],[-100.938,34.976],[-100.914,34.912],[-100.93,34.802],[-100.991,34.733],[-101.015,34.725],[-101.101,34.777]]]}},{"type":"Feature","properties":{"density":2},"geometry":{"type":"Polygon","coordinates":[[[-116.2,37.257],[-116.206,37.292],[-116.192,37.315],[-116.145,37.339],[-116.104,37.405],[-116.029,37.422],[-115.999,37.414],[-115.985,37.337],[-116.007,37.315],[-116.062,37.303],[-116.137,37.259],[-116.2,37.257]]]}},{"type":"Feature","properties":{"density":2},"geometry":{"type":"Polygon","coordinates":[[[-117.444,39.669],[-117.535,39.644],[-117.572,39.611],[-117.551,39.532],[-117.51,39.491],[-117.44,39.474],[-117.411,39.491],[-117.398,39.573],[-117.444,39.669]]]}},{"type":"Feature","properties":{"density":2},"geometry":{"type":"Polygon","coordinates":[[[-122.564,43.208],[-122.589,43.225],[-122.716,43.219],[-122.768,43.178],[-122.785,43.123],[-122.755,43.081],[-122.664,43.043],[-122.462,43.015],[-122.407,43.026],[-122.394,43.07],[-122.413,43.134],[-122.493,43.197],[-122.564,43.208]]]}},{"type":"Feature","properties":{"density":2},"geometry":{"type":"Polygon","coordinates":[[[-114.998,39.117],[-115.049,39.172],[-115.058,39.208],[-115.062,39.267],[-115.029,39.298],[-114.665,39.48],[-114.279,39.637],[-114.164,39.662],[-113.761,39.697],[-113.532,39.701],[-113.405,39.668],[-113.412,39.603],[-113.745,39.434],[-113.928,39.368],[-114.601,39.227],[-114.854,39.104],[-114.944,39.087],[-114.998,39.117]]]}},{"type":"Feature","properties":{"density":2},"geometry":{"type":"Polygon","coordinates":[[[-111.925,39.194],[-112.032,39.169],[-112.225,39.07],[-112.325,38.981],[-112.358,38.888],[-112.487,38.822],[-112.531,38.786],[-112.545,38.739],[-112.443,38.689],[-112.327,38.56],[-112.231,38.518],[-111.966,38.463],[-111.795,38.463],[-111.302,38.587],[-111.104,38.664],[-110.963,38.764],[-110.894,38.852],[-110.781,38.915],[-110.712,38.976],[-110.699,39.031],[-110.707,39.127],[-110.677,39.224],[-110.588,39.284],[-110.522,39.309],[-110.376,39.276],[-110.244,39.284],[-110.079,39.384],[-109.979,39.491],[-109.968,39.651],[-110.002,39.756],[-110.137,39.847],[-110.313,39.896],[-110.437,39.896],[-110.759,39.789],[-110.839,39.747],[-110.872,39.701],[-111.024,39.585],[-111.368,39.486],[-111.418,39.403],[-111.498,39.386],[-111.771,39.238],[-111.925,39.194]]]}},{"type":"Feature","properties":{"density":2},"geometry":{"type":"Polygon","coordinates":[[[-113.333,45.512],[-113.432,45.58],[-113.425,45.609],[-113.37,45.655],[-113.01,45.832],[-112.889,45.861],[-112.8,45.852],[-112.808,45.815],[-112.863,45.764],[-112.953,45.556],[-113.006,45.512],[-113.063,45.508],[-113.17,45.549],[-113.254,45.547],[-113.333,45.512]]]}},{"type":"Feature","properties":{"density":2},"geometry":{"type":"Polygon","coordinates":[[[-115.045,46.282],[-115.155,46.256],[-115.247,46.197],[-115.247,46.126],[-115.191,46.014],[-115.037,45.958],[-114.888,45.953],[-114.809,45.96],[-114.741,46.015],[-114.721,46.056],[-114.723,46.172],[-114.745,46.194],[-114.844,46.256],[-115.045,46.282]]]}},{"type":"Feature","properties":{"density":2},"geometry":{"type":"Polygon","coordinates":[[[-115.209,46.901],[-115.316,46.883],[-115.345,46.849],[-115.389,46.737],[-115.372,46.704],[-115.293,46.695],[-115.143,46.714],[-115.062,46.765],[-114.992,46.785],[-114.974,46.813],[-114.976,46.838],[-115.064,46.881],[-115.209,46.901]]]}},{"type":"Feature","properties":{"density":2},"geometry":{"type":"Polygon","coordinates":[[[-122.765,51.501],[-122.907,51.384],[-123.013,51.229],[-123.137,51.086],[-123.187,50.962],[-123.187,50.85],[-123.143,50.77],[-123.044,50.733],[-122.709,50.807],[-122.579,50.813],[-122.436,50.795],[-122.318,50.733],[-122.25,50.646],[-122.269,50.503],[-122.511,50.33],[-122.585,50.237],[-122.597,50.175],[-122.554,50.038],[-122.492,49.958],[-122.368,49.871],[-122.213,49.827],[-122.101,49.672],[-122.145,49.505],[-122.411,49.214],[-122.424,49.121],[-122.38,49.034],[-122.039,48.693],[-121.984,48.575],[-122.002,48.463],[-122.108,48.376],[-122.294,48.308],[-122.554,48.283],[-123.565,48.339],[-124.11,48.401],[-124.594,48.519],[-125.096,48.699],[-125.388,48.872],[-125.704,48.953],[-125.784,48.928],[-125.915,48.686],[-126.051,48.5],[-126.101,48.345],[-126.107,48.159],[-126.082,48.042],[-125.983,47.899],[-125.859,47.608],[-125.716,47.384],[-125.549,47.211],[-124.972,46.746],[-124.935,46.566],[-125.09,46.306],[-125.456,46.014],[-125.598,45.847],[-125.716,45.655],[-125.846,45.388],[-126.249,44.315],[-126.491,43.373],[-126.51,43.267],[-126.51,43.044],[-126.454,43.044],[-126.367,43.106],[-126.225,43.057],[-126.051,42.734],[-125.939,42.567],[-125.853,42.474],[-125.753,42.455],[-125.629,42.474],[-125.487,42.542],[-125.344,42.716],[-125.084,43.174],[-124.941,43.509],[-124.755,43.77],[-124.563,43.987],[-124.104,44.352],[-123.993,44.526],[-123.856,44.656],[-123.639,44.675],[-123.534,43.863],[-123.391,43.701],[-123.1,43.584],[-123.019,43.509],[-122.982,43.336],[-122.982,43.249],[-122.914,43.119],[-122.802,43.007],[-122.653,42.951],[-122.486,42.933],[-122.17,43.019],[-121.971,43.013],[-121.754,43.032],[-121.618,43.156],[-121.574,43.274],[-121.798,43.286],[-121.953,43.367],[-122.114,43.528],[-122.176,43.701],[-122.176,43.937],[-122.132,44.024],[-122.052,44.067],[-121.897,44.049],[-121.723,43.968],[-121.314,43.825],[-120.849,43.832],[-120.545,44.03],[-120.44,44.049],[-120.124,44.049],[-119.869,44.098],[-119.683,44.166],[-119.522,44.278],[-119.38,44.346],[-119.268,44.359],[-118.995,44.328],[-118.642,44.47],[-118.35,44.508],[-118.201,44.47],[-117.867,44.228],[-117.563,43.962],[-117.538,43.881],[-117.55,43.739],[-117.662,43.67],[-117.972,43.677],[-118.077,43.565],[-118.065,43.218],[-118.077,43.131],[-117.91,43.038],[-117.358,42.858],[-117.271,42.747],[-117.259,42.61],[-117.296,42.53],[-117.395,42.517],[-117.935,42.809],[-118.09,42.858],[-118.301,42.889],[-118.493,42.84],[-118.797,42.654],[-119.02,42.703],[-119.094,42.815],[-119.349,42.995],[-119.411,43.019],[-119.64,42.995],[-119.876,42.821],[-120.229,42.964],[-120.353,43.137],[-120.545,43.311],[-120.892,43.36],[-121.444,43.026],[-121.531,42.939],[-121.636,42.871],[-121.816,42.809],[-122.114,42.672],[-122.188,42.579],[-122.25,42.437],[-122.145,42.269],[-121.946,42.263],[-121.481,42.517],[-121.382,42.542],[-121.302,42.461],[-121.159,42.368],[-121.085,42.344],[-121.029,42.195],[-121.054,42.04],[-121.165,41.916],[-121.339,41.761],[-121.407,41.637],[-121.469,41.457],[-121.438,41.395],[-121.283,41.414],[-121.147,41.513],[-120.936,41.817],[-120.799,41.922],[-120.607,41.934],[-120.421,41.872],[-120.204,41.662],[-120.13,41.637],[-120.037,41.469],[-119.851,41.445],[-119.783,41.513],[-119.758,41.587],[-119.776,41.68],[-119.69,41.848],[-119.479,41.891],[-119.119,41.866],[-118.921,41.922],[-118.71,41.841],[-118.555,41.841],[-118.195,41.965],[-118.009,41.959],[-117.786,41.841],[-117.631,41.705],[-117.619,41.538],[-117.65,41.352],[-117.383,41.166],[-117.154,41.339],[-116.98,41.389],[-116.794,41.37],[-116.583,41.407],[-116.441,41.531],[-116.379,41.693],[-116.236,41.928],[-116.093,42.021],[-115.74,42.046],[-115.573,42.034],[-115.374,41.885],[-115.033,41.711],[-114.698,41.494],[-114.506,41.426],[-114.227,41.438],[-113.967,41.507],[-113.775,41.606],[-113.582,41.637],[-113.347,41.587],[-113.192,41.6],[-113.024,41.693],[-112.776,41.879],[-112.683,41.965],[-112.59,42.089],[-112.565,42.182],[-112.714,42.455],[-112.727,42.672],[-112.565,42.833],[-112.398,42.926],[-112.237,43.001],[-111.821,43.131],[-111.4,43.181],[-111.158,43.112],[-110.743,43.05],[-110.383,42.951],[-110.073,42.908],[-109.651,42.945],[-109.459,42.926],[-109.348,42.852],[-109.193,42.685],[-109.081,42.511],[-108.913,42.344],[-108.548,42.164],[-108.207,42.052],[-107.766,41.841],[-107.425,41.773],[-107.277,41.717],[-106.967,41.494],[-106.669,41.333],[-106.607,41.265],[-106.551,41.023],[-106.657,40.837],[-106.706,40.787],[-107.394,40.546],[-107.636,40.477],[-107.878,40.366],[-108.535,40.174],[-108.802,40.068],[-109.056,39.919],[-109.18,39.752],[-109.255,39.578],[-109.242,39.479],[-109.031,39.392],[-108.715,39.367],[-108.337,39.529],[-107.487,39.69],[-106.799,39.882],[-105.906,39.988],[-105.491,39.895],[-105.348,39.777],[-105.231,39.429],[-105.386,38.853],[-105.441,38.605],[-105.466,38.382],[-105.398,38.276],[-105.15,38.127],[-104.617,38.041],[-103.488,38.065],[-102.912,38.059],[-102.397,38.127],[-101.932,38.214],[-101.312,38.233],[-100.686,38.289],[-100.208,38.289],[-99.991,38.27],[-99.898,38.282],[-99.836,38.245],[-99.712,38.084],[-99.663,37.898],[-99.712,37.669],[-99.954,37.489],[-100.264,37.352],[-100.506,37.173],[-101.51,36.639],[-102.279,36.305],[-102.955,35.957],[-103.668,35.418],[-104.052,35.282],[-104.921,34.847],[-105.299,34.692],[-105.999,34.457],[-106.285,34.327],[-107.122,34.029],[-107.215,33.911],[-107.01,33.868],[-106.644,33.917],[-106.471,33.917],[-106.266,33.837],[-106.08,33.924],[-105.59,33.8],[-105.429,33.8],[-105.355,33.632],[-105.336,33.527],[-105.231,33.471],[-105.026,33.49],[-104.518,33.682],[-104.325,33.781],[-104.195,33.899],[-103.941,34.079],[-103.656,34.141],[-103.488,34.122],[-103.519,33.731],[-103.507,33.595],[-103.358,33.471],[-103.129,33.496],[-102.744,33.899],[-102.651,34.029],[-102.608,34.159],[-102.434,34.314],[-102.285,34.413],[-101.92,34.55],[-101.535,34.637],[-101.386,34.637],[-101.126,34.606],[-100.99,34.63],[-100.866,34.736],[-100.766,34.798],[-100.556,34.891],[-100.382,34.94],[-99.762,34.94],[-99.346,34.798],[-99.098,34.798],[-98.671,34.692],[-98.175,34.438],[-97.945,34.289],[-97.666,34.19],[-97.418,34.165],[-97.251,34.215],[-97.164,34.296],[-97.108,34.661],[-97.009,34.723],[-96.724,34.829],[-96.656,34.885],[-96.631,34.953],[-96.569,35.033],[-96.432,35.052],[-96.228,35.046],[-95.93,35.158],[-95.707,35.319],[-95.552,35.455],[-95.397,35.629],[-95.285,35.716],[-94.275,36.373],[-93.729,36.838],[-93.531,37.042],[-93.295,37.34],[-93.284,37.675],[-93.117,37.972],[-92.745,38.14],[-92.41,38.205],[-92.084,38.428],[-91.861,38.586],[-91.685,38.754],[-91.257,39.079],[-90.996,39.256],[-90.82,39.46],[-90.764,39.591],[-90.764,39.907],[-90.82,40.139],[-90.866,40.279],[-90.95,40.391],[-91.033,40.781],[-91.099,40.93],[-91.164,41.19],[-91.089,41.46],[-90.959,41.702],[-90.95,41.934],[-90.996,42.195],[-91.033,42.372],[-91.312,43.125],[-91.433,43.329],[-91.498,43.618],[-91.229,43.953],[-90.847,44.092],[-90.513,44.101],[-89.164,43.953],[-88.55,43.934],[-87.481,43.934],[-87.109,43.962],[-86.207,44.166],[-84.095,44.455],[-83.128,44.408],[-82.738,44.362],[-82.272,44.353],[-81.873,44.427],[-81.575,44.529],[-81.249,44.669],[-80.989,44.92],[-80.97,45.013],[-80.97,45.236],[-81.063,45.543],[-81.203,45.748],[-81.37,46.12],[-81.296,46.492],[-81.166,46.836],[-80.737,47.534],[-80.597,48.023],[-80.332,48.357],[-80.137,48.637],[-79.997,49.013],[-79.593,49.222],[-79.188,49.613],[-78.7,50.157],[-78.547,50.59],[-78.463,51.064],[-78.463,51.58],[-78.547,51.985],[-78.686,52.487],[-79.174,53.715],[-79.425,54.161],[-79.997,55.026],[-80.262,55.57],[-80.597,57.216],[-81.086,58.067],[-81.909,59.141],[-82.467,59.671],[-83.904,60.829],[-84.699,61.722],[-84.978,62.224],[-85.006,62.838],[-85.006,63.368],[-84.936,63.773],[-84.894,64.219],[-84.448,65.433],[-84.699,65.977],[-85.843,66.535],[-86.457,66.633],[-87.475,66.633],[-88.563,66.242],[-90.307,65.335],[-91.521,64.317],[-92.623,63.299],[-94.074,62.852],[-95.65,62.503],[-96.961,62.001],[-97.715,61.583],[-98.287,60.969],[-98.594,60.481],[-98.607,60.104],[-98.538,59.657],[-98.342,58.988],[-98.077,58.611],[-97.631,58.388],[-96.989,58.235],[-96.431,58.193],[-94.938,58.179],[-94.325,58.025],[-93.781,57.802],[-93.348,57.523],[-93.111,57.258],[-92.999,56.937],[-92.944,56.505],[-92.846,56.086],[-92.134,56.254],[-91.646,56.56],[-91.158,56.756],[-90.042,56.895],[-89.498,57.063],[-89.135,56.853],[-89.121,56.588],[-89.386,56.142],[-89.791,55.779],[-89.944,55.542],[-90.628,55.11],[-91.409,54.663],[-92.232,54.259],[-92.957,53.924],[-93.585,53.701],[-94.283,53.491],[-95.064,53.17],[-98.217,52.333],[-98.949,52.292],[-100.121,52.271],[-101.084,52.145],[-101.837,51.936],[-104.069,50.527],[-104.683,49.857],[-105.939,48.825],[-106.511,48.49],[-107.222,48.127],[-107.78,47.904],[-108.84,47.695],[-109.454,47.639],[-110.598,47.658],[-111.017,47.481],[-111.277,47.276],[-111.5,47.053],[-111.947,47.062],[-112.347,47.174],[-112.57,47.416],[-112.895,47.853],[-113.416,48.206],[-113.993,48.476],[-114.43,48.746],[-115.276,49.676],[-115.471,49.862],[-115.927,50.187],[-116.346,50.438],[-116.876,50.671],[-117.183,50.792],[-117.471,50.82],[-117.694,50.727],[-117.787,50.541],[-117.769,50.401],[-117.545,50.206],[-117.276,50.001],[-116.969,49.713],[-116.876,49.574],[-116.736,49.267],[-116.736,49.006],[-117.043,48.783],[-117.229,48.829],[-117.425,49.006],[-117.685,49.053],[-117.927,49.053],[-118.113,48.913],[-118.299,48.811],[-118.513,48.783],[-118.708,48.839],[-118.838,49.322],[-119.071,49.555],[-119.238,49.927],[-119.331,50.057],[-119.275,50.15],[-119.201,50.392],[-119.229,50.476],[-119.387,50.522],[-119.526,50.411],[-119.861,50.048],[-120.001,49.825],[-119.973,49.732],[-119.898,49.629],[-119.824,49.471],[-119.815,49.304],[-119.926,49.136],[-120.177,49.081],[-120.326,49.118],[-120.419,49.22],[-120.354,49.406],[-120.345,49.555],[-120.419,49.704],[-120.54,49.871],[-120.866,50.225],[-121.005,50.494],[-121.014,51.201],[-121.256,51.536],[-121.684,51.722],[-121.879,51.713],[-122.289,51.592],[-122.765,51.501]]]}},{"type":"Feature","properties":{"density":2},"geometry":{"type":"Polygon","coordinates":[[[-91.638,54.49],[-91.345,54.606],[-90.088,55.329],[-89.948,55.445],[-89.778,55.557],[-89.39,55.887],[-88.85,56.086],[-88.627,56.234],[-88.441,56.42],[-88.292,56.625],[-88.181,56.867],[-88.004,56.997],[-87.846,57.044],[-87.241,57.109],[-87.083,57.109],[-86.916,57.044],[-86.767,56.904],[-86.609,56.662],[-86.516,56.439],[-86.423,56.048],[-86.451,55.658],[-86.628,55.332],[-86.814,55.1],[-86.953,54.96],[-87.353,54.653],[-87.641,54.477],[-88.181,54.328],[-88.981,54.179],[-89.185,54.17],[-89.808,54.067],[-90.059,54.095],[-90.404,54.263],[-90.441,54.319],[-90.562,54.346],[-90.766,54.319],[-91.073,54.309],[-91.352,54.198],[-91.631,54.17],[-91.734,54.179],[-91.78,54.244],[-91.771,54.393],[-91.638,54.49]]]}},{"type":"Feature","properties":{"density":2},"geometry":{"type":"Polygon","coordinates":[[[-83.584,51.141],[-83.454,51.147],[-83.218,51.215],[-82.629,51.24],[-82.474,51.215],[-82.102,51.073],[-81.904,51.017],[-81.693,50.998],[-81.352,51.035],[-81.166,51.066],[-80.893,51.221],[-80.757,51.346],[-80.738,51.476],[-80.775,51.606],[-80.924,51.842],[-81.116,52.003],[-81.271,52.096],[-81.47,52.263],[-81.699,52.418],[-81.898,52.53],[-82.09,52.598],[-82.257,52.61],[-82.499,52.567],[-82.989,52.362],[-83.435,52.009],[-83.652,51.68],[-83.72,51.488],[-83.72,51.246],[-83.584,51.141]]]}},{"type":"Feature","properties":{"density":2},"geometry":{"type":"Polygon","coordinates":[[[-113.895,63.887],[-113.928,63.887],[-113.995,63.854],[-113.974,63.838],[-113.606,63.838],[-112.812,63.879],[-112.544,63.908],[-112.461,63.933],[-112.403,63.986],[-112.424,64.007],[-113.06,63.991],[-113.895,63.887]]]}},{"type":"Feature","properties":{"density":2},"geometry":{"type":"Polygon","coordinates":[[[-111.762,63.747],[-111.804,63.681],[-111.787,63.565],[-111.614,63.424],[-111.068,63.337],[-110.713,63.176],[-110.411,63.073],[-110.283,63.077],[-110.254,63.151],[-110.196,63.18],[-110.014,63.189],[-109.77,63.061],[-109.667,63.023],[-109.539,62.994],[-109.439,63.003],[-109.559,63.089],[-109.787,63.193],[-110.002,63.255],[-110.117,63.271],[-110.423,63.375],[-110.481,63.424],[-110.576,63.565],[-110.663,63.623],[-111.064,63.73],[-111.762,63.747]]]}},{"type":"Feature","properties":{"density":2},"geometry":{"type":"Polygon","coordinates":[[[-113.04,63.35],[-113.11,63.288],[-113.164,63.185],[-113.151,63.089],[-112.949,63.04],[-112.49,63.015],[-112.077,62.932],[-111.882,62.846],[-111.762,62.771],[-111.68,62.606],[-111.7,62.478],[-111.841,62.424],[-112.147,62.511],[-112.325,62.527],[-112.44,62.523],[-112.564,62.49],[-112.647,62.441],[-112.697,62.362],[-112.684,62.118],[-112.515,61.928],[-112.316,61.746],[-112.068,61.614],[-111.506,61.634],[-111.386,61.556],[-111.279,61.44],[-111.151,61.333],[-111.047,61.283],[-110.911,61.32],[-110.832,61.42],[-110.799,61.51],[-110.803,61.572],[-110.816,61.651],[-110.948,61.829],[-110.903,61.924],[-110.721,62.048],[-110.692,62.118],[-110.692,62.308],[-110.713,62.461],[-110.77,62.589],[-110.989,62.829],[-111.378,63.032],[-111.589,63.164],[-112.089,63.325],[-112.279,63.35],[-112.705,63.333],[-112.895,63.371],[-113.04,63.35]]]}},{"type":"Feature","properties":{"density":2},"geometry":{"type":"Polygon","coordinates":[[[-109.336,61.928],[-108.956,61.655],[-108.753,61.577],[-108.815,61.672],[-109.055,61.787],[-109.22,61.928],[-109.361,61.99],[-109.336,61.928]]]}},{"type":"Feature","properties":{"density":2},"geometry":{"type":"Polygon","coordinates":[[[-109.555,61.961],[-109.625,61.895],[-109.625,61.792],[-109.572,61.655],[-109.237,61.362],[-109.072,61.18],[-108.671,60.932],[-108.46,60.899],[-108.464,61.023],[-108.753,61.337],[-109.117,61.589],[-109.22,61.717],[-109.324,61.812],[-109.439,61.887],[-109.522,61.973],[-109.555,61.961]]]}},{"type":"Feature","properties":{"density":2},"geometry":{"type":"Polygon","coordinates":[[[-123.178,61.848],[-122.688,61.649],[-121.802,61.513],[-121.616,61.494],[-121.2,61.544],[-120.828,61.544],[-120.673,61.525],[-119.954,61.507],[-119.743,61.445],[-119.21,61.184],[-118.987,61.116],[-118.999,61.191],[-118.863,61.023],[-118.838,60.769],[-118.72,60.385],[-118.528,60.075],[-118.193,59.82],[-117.53,59.51],[-117.257,59.343],[-117.034,59.25],[-116.811,59.12],[-116.575,58.903],[-116.352,58.642],[-116.221,58.37],[-116.215,57.929],[-116.234,57.588],[-116.271,57.371],[-116.308,56.974],[-116.383,56.652],[-116.426,56.237],[-116.383,55.927],[-116.277,55.66],[-116.023,55.406],[-115.676,55.263],[-114.882,55.152],[-114.56,55.158],[-114.089,55.276],[-113.878,55.288],[-113.698,55.424],[-113.605,55.586],[-113.562,55.846],[-113.593,56.069],[-113.679,56.255],[-113.803,56.46],[-114.138,56.919],[-114.144,57.179],[-114.113,57.402],[-114.113,57.619],[-114.287,57.96],[-114.423,58.128],[-114.479,58.382],[-114.374,58.791],[-114.361,58.99],[-114.275,59.293],[-114.256,59.541],[-114.306,59.758],[-114.523,60.347],[-114.628,60.49],[-114.628,60.744],[-114.498,61.048],[-114.281,61.321],[-113.903,61.476],[-113.617,61.637],[-113.407,61.916],[-113.382,62.164],[-113.512,62.4],[-113.717,62.567],[-114.25,62.902],[-115.552,63.466],[-116.296,63.714],[-116.829,63.838],[-118.082,63.981],[-119.123,63.999],[-120.016,63.857],[-120.493,63.671],[-120.81,63.522],[-121.269,63.472],[-121.975,63.479],[-122.186,63.46],[-122.434,63.367],[-122.819,63.107],[-122.974,62.933],[-123.067,62.766],[-123.079,62.598],[-123.06,62.493],[-123.184,62.276],[-123.277,62.071],[-123.178,61.848]]]}},{"type":"Feature","properties":{"density":2},"geometry":{"type":"Polygon","coordinates":[[[-78.982,54.249],[-78.961,54.336],[-78.924,54.377],[-78.891,54.389],[-78.771,54.298],[-78.569,54.282],[-78.424,54.236],[-78.387,54.195],[-78.403,54.166],[-78.469,54.15],[-78.775,54.162],[-78.903,54.187],[-78.974,54.22],[-78.982,54.249]]]}},{"type":"Feature","properties":{"density":3},"geometry":{"type":"Polygon","coordinates":[[[-117.697,57.62],[-117.26,57.704],[-116.86,57.955],[-116.767,58.262],[-116.721,58.606],[-116.795,59.936],[-116.777,60.41],[-116.86,60.68],[-117.056,60.894],[-117.641,61.284],[-117.809,61.498],[-117.883,61.777],[-117.79,62.075],[-117.641,62.382],[-117.623,62.605],[-117.697,62.847],[-118.023,63.21],[-118.413,63.349],[-118.572,63.349],[-119.734,63.303],[-120.143,63.303],[-120.608,63.237],[-120.971,63.07],[-121.38,63.079],[-121.603,63.2],[-121.771,63.191],[-122.022,63.014],[-122.366,62.652],[-122.664,62.466],[-122.803,62.345],[-123.026,62.196],[-123.185,61.889],[-123.045,61.74],[-122.078,61.731],[-121.752,61.684],[-121.492,61.359],[-121.176,61.191],[-120.776,61.098],[-120.525,61.08],[-119.557,60.661],[-118.944,60.317],[-118.172,60.029],[-117.651,59.768],[-117.474,59.471],[-117.418,59.052],[-117.483,58.801],[-117.641,58.68],[-117.893,58.569],[-118.181,58.392],[-118.265,58.262],[-118.209,57.843],[-118.06,57.741],[-117.697,57.62]]]}},{"type":"Feature","properties":{"density":3},"geometry":{"type":"Polygon","coordinates":[[[-113.923,63.77],[-113.896,63.853],[-113.926,63.877],[-114.078,63.963],[-114.138,63.941],[-114.127,63.902],[-114.064,63.82],[-113.923,63.77]]]}},{"type":"Feature","properties":{"density":3},"geometry":{"type":"Polygon","coordinates":[[[-112.97,63.211],[-112.937,63.111],[-112.843,63.001],[-112.741,62.957],[-112.705,62.971],[-112.705,63.023],[-112.741,63.081],[-112.865,63.202],[-112.94,63.241],[-112.97,63.211]]]}},{"type":"Feature","properties":{"density":3},"geometry":{"type":"Polygon","coordinates":[[[-123.441,45.877],[-123.291,45.777],[-123.019,45.672],[-122.726,45.61],[-122.642,45.421],[-122.328,45.254],[-122.077,45.149],[-121.952,45.107],[-121.596,45.128],[-121.484,44.803],[-121.577,44.375],[-121.642,43.882],[-121.735,43.547],[-121.638,43.266],[-121.554,43.14],[-121.052,42.826],[-120.591,42.617],[-119.566,42.408],[-117.955,42.24],[-117.453,42.24],[-116.908,42.282],[-116.071,42.282],[-115.188,42.459],[-114.314,42.478],[-113.979,42.533],[-113.625,42.682],[-114.025,43.073],[-114.314,43.231],[-114.628,43.266],[-115.318,43.14],[-116.741,43.098],[-117.787,43.161],[-118.52,43.266],[-119.503,43.287],[-120.236,43.412],[-120.696,43.643],[-120.822,44.019],[-120.822,44.459],[-120.843,44.584],[-120.926,44.668],[-121.031,44.919],[-121.031,45.212],[-120.947,45.338],[-120.508,45.407],[-119.68,45.324],[-119.289,44.979],[-117.222,44.584],[-116.629,44.914],[-115.578,45.193],[-114.397,45.482],[-114.042,45.756],[-113.477,45.756],[-112.744,45.798],[-112.514,45.798],[-111.593,46.593],[-111.3,47.409],[-111.539,48.147],[-112.475,48.377],[-114.106,47.844],[-114.769,47.292],[-115.334,46.907],[-116.419,46.889],[-117.504,47.178],[-117.616,47.303],[-117.471,47.529],[-117.409,48.037],[-117.243,48.426],[-117.446,48.851],[-117.946,49.108],[-118.64,49.323],[-119.227,49.306],[-119.761,49.141],[-120.136,48.795],[-120.553,48.49],[-121.159,48.37],[-121.716,48.46],[-122.052,48.548],[-122.452,48.752],[-122.842,48.765],[-123.139,48.71],[-123.079,48.55],[-122.857,48.445],[-122.625,48.28],[-122.381,47.94],[-122.162,47.755],[-122.28,47.624],[-122.616,47.371],[-122.84,47.121],[-123.084,46.893],[-123.378,46.687],[-123.544,46.52],[-123.605,46.279],[-123.568,46.065],[-123.441,45.877]]]}},{"type":"Feature","properties":{"density":3},"geometry":{"type":"Polygon","coordinates":[[[-119.532,50.139],[-119.591,50.106],[-119.611,50.038],[-119.732,49.91],[-119.743,49.835],[-119.697,49.732],[-119.644,49.667],[-119.53,49.62],[-119.446,49.618],[-119.352,49.642],[-119.324,49.68],[-119.311,49.794],[-119.345,49.84],[-119.398,49.862],[-119.416,49.893],[-119.425,50.077],[-119.455,50.106],[-119.532,50.139]]]}},{"type":"Feature","properties":{"density":3},"geometry":{"type":"Polygon","coordinates":[[[-119.31,50.408],[-119.359,50.382],[-119.363,50.342],[-119.345,50.323],[-119.286,50.323],[-119.275,50.343],[-119.273,50.38],[-119.31,50.408]]]}},{"type":"Feature","properties":{"density":3},"geometry":{"type":"Polygon","coordinates":[[[-121.549,51.381],[-121.259,51.264],[-121.13,51.148],[-121.119,51.093],[-121.134,51.047],[-121.274,50.95],[-121.307,50.852],[-121.523,50.817],[-121.577,50.841],[-121.661,50.935],[-121.669,51.01],[-121.729,51.211],[-121.779,51.302],[-121.788,51.381],[-121.735,51.42],[-121.549,51.381]]]}},{"type":"Feature","properties":{"density":3},"geometry":{"type":"Polygon","coordinates":[[[-116.302,49.653],[-116.343,49.656],[-116.434,49.628],[-116.415,49.512],[-116.349,49.526],[-116.313,49.559],[-116.302,49.653]]]}},{"type":"Feature","properties":{"density":3},"geometry":{"type":"Polygon","coordinates":[[[-116.164,49.746],[-116.197,49.738],[-116.25,49.658],[-116.228,49.644],[-116.115,49.639],[-116.087,49.678],[-116.098,49.724],[-116.164,49.746]]]}},{"type":"Feature","properties":{"density":3},"geometry":{"type":"Polygon","coordinates":[[[-114.806,48.454],[-114.908,48.413],[-114.944,48.429],[-114.941,48.479],[-114.875,48.55],[-114.803,48.603],[-114.767,48.603],[-114.767,48.509],[-114.806,48.454]]]}},{"type":"Feature","properties":{"density":3},"geometry":{"type":"Polygon","coordinates":[[[-113.862,44.323],[-113.858,44.411],[-113.825,44.432],[-113.794,44.426],[-113.779,44.375],[-113.797,44.334],[-113.829,44.318],[-113.862,44.323]]]}},{"type":"Feature","properties":{"density":3},"geometry":{"type":"Polygon","coordinates":[[[-117.148,44.437],[-117.075,44.349],[-117.062,44.303],[-117.055,44.235],[-117.088,44.178],[-117.134,44.132],[-117.29,44.086],[-117.413,44.009],[-117.427,44.053],[-117.343,44.204],[-117.246,44.309],[-117.218,44.437],[-117.17,44.459],[-117.148,44.437]]]}},{"type":"Feature","properties":{"density":3},"geometry":{"type":"Polygon","coordinates":[[[-113.159,45.677],[-113.085,45.68],[-113.02,45.628],[-113.002,45.583],[-113.099,45.579],[-113.169,45.603],[-113.198,45.655],[-113.159,45.677]]]}},{"type":"Feature","properties":{"density":3},"geometry":{"type":"Polygon","coordinates":[[[-97.517,59.441],[-96.355,59.19],[-95.696,58.813],[-94.252,57.966],[-93.53,57.464],[-92.902,56.773],[-92.275,55.769],[-91.804,54.733],[-91.678,53.98],[-91.521,53.352],[-91.051,52.285],[-90.391,51.468],[-89.512,50.903],[-88.194,49.868],[-87.284,48.989],[-87.064,47.922],[-87.347,46.635],[-88.791,45.818],[-92.714,45.693],[-93.687,45.285],[-95.162,44.249],[-95.508,43.119],[-95.288,41.581],[-95.194,40.294],[-95.633,39.227],[-96.512,37.94],[-98.019,36.841],[-101.189,36.308],[-103.386,35.617],[-104.108,35.084],[-104.548,34.927],[-105.019,34.895],[-104.893,35.24],[-104.328,35.523],[-103.261,36.308],[-103.292,36.716],[-103.324,36.747],[-104.579,36.339],[-105.144,35.931],[-105.772,35.586],[-106.557,35.397],[-106.149,36.025],[-105.489,36.433],[-104.673,37.092],[-104.485,37.595],[-104.422,38.317],[-105.175,38.725],[-105.992,38.536],[-106.619,38.411],[-107.09,38.379],[-107.027,38.787],[-106.431,39.541],[-106.619,39.949],[-107.216,39.98],[-108.628,39.352],[-109.57,38.976],[-112.05,38.599],[-112.74,38.536],[-112.866,38.756],[-112.74,39.509],[-114.184,39.227],[-113.588,39.917],[-112.615,40.357],[-111.767,41.016],[-111.171,41.581],[-110.512,41.926],[-109.476,42.68],[-108.032,42.742],[-106.588,42.742],[-105.866,42.805],[-104.045,43.778],[-103.606,44.123],[-102.853,44.783],[-102.037,45.442],[-101.252,45.85],[-100.091,46.101],[-98.898,46.478],[-96.669,46.854],[-95.068,47.388],[-94.441,48.11],[-93.907,48.549],[-93.781,48.832],[-93.593,50.464],[-93.593,51.406],[-93.907,52.442],[-94.409,53.509],[-94.754,54.199],[-95.414,55.047],[-96.104,56.145],[-96.795,56.805],[-97.736,57.495],[-98.333,57.715],[-99.369,57.809],[-100.216,57.118],[-100.624,57.997],[-100.404,58.468],[-99.808,59.065],[-99.117,59.535],[-98.176,59.567],[-97.517,59.441]]]}},{"type":"Feature","properties":{"density":3},"geometry":{"type":"Polygon","coordinates":[[[-114.868,39.203],[-114.772,39.124],[-114.719,39.046],[-114.719,38.967],[-114.789,38.756],[-114.834,38.74],[-114.93,38.897],[-114.942,39.017],[-114.963,39.071],[-114.95,39.137],[-114.868,39.203]]]}},{"type":"Feature","properties":{"density":3},"geometry":{"type":"Polygon","coordinates":[[[-93.147,32.164],[-93.166,32.199],[-93.156,32.221],[-93.13,32.213],[-93.147,32.164]]]}},{"type":"Feature","properties":{"density":3},"geometry":{"type":"Polygon","coordinates":[[[-93.345,31.793],[-93.341,31.847],[-93.374,31.874],[-93.413,31.879],[-93.403,31.817],[-93.369,31.788],[-93.345,31.793]]]}},{"type":"Feature","properties":{"density":3},"geometry":{"type":"Polygon","coordinates":[[[-83.531,51.303],[-83.45,51.419],[-83.417,51.439],[-83.356,51.461],[-83.316,51.433],[-83.31,51.41],[-83.332,51.378],[-83.373,51.353],[-83.503,51.288],[-83.531,51.303]]]}},{"type":"Feature","properties":{"density":3},"geometry":{"type":"Polygon","coordinates":[[[-91.644,54.364],[-91.457,54.449],[-91.281,54.57],[-91.187,54.601],[-91.19,54.578],[-91.421,54.441],[-91.496,54.377],[-91.628,54.33],[-91.644,54.364]]]}},{"type":"Feature","properties":{"density":3},"geometry":{"type":"Polygon","coordinates":[[[-113.954,63.788],[-113.929,63.821],[-113.825,63.849],[-113.833,63.832],[-113.91,63.808],[-113.935,63.783],[-113.954,63.788]]]}},{"type":"Feature","properties":{"density":3},"geometry":{"type":"Polygon","coordinates":[[[-117.072,57.054],[-116.839,57.138],[-116.616,57.259],[-116.523,57.389],[-116.486,57.528],[-116.449,57.807],[-116.43,58.133],[-116.421,58.691],[-116.458,58.942],[-116.458,59.1],[-116.598,59.658],[-116.57,59.77],[-116.495,59.863],[-116.439,60.039],[-116.43,60.263],[-116.458,60.616],[-116.681,61.155],[-116.765,61.248],[-116.839,61.388],[-116.97,61.537],[-117.044,61.695],[-117.1,61.862],[-117.146,62.067],[-117.258,62.197],[-117.351,62.253],[-117.435,62.43],[-117.602,62.43],[-117.76,62.457],[-118.095,62.569],[-118.225,62.671],[-118.43,62.867],[-118.448,63.062],[-118.262,63.118],[-118.048,63.09],[-117.946,63.229],[-118.076,63.36],[-118.318,63.35],[-118.662,63.136],[-119.23,62.848],[-119.499,62.811],[-119.825,62.811],[-120.15,62.932],[-120.913,63.062],[-120.969,63.025],[-120.904,62.932],[-120.662,62.867],[-120.104,62.653],[-119.76,62.588],[-119.499,62.467],[-118.532,62.402],[-118.327,62.318],[-118.113,62.095],[-118.123,62.02],[-118.234,61.937],[-118.365,61.909],[-118.504,61.946],[-118.83,61.965],[-119.044,61.918],[-119.332,61.704],[-119.406,61.611],[-119.416,61.444],[-119.248,61.202],[-118.96,61.072],[-118.523,61.035],[-118.318,61.146],[-118.039,61.239],[-117.825,61.23],[-117.667,61.155],[-117.537,60.951],[-117.621,60.765],[-117.583,60.365],[-117.397,59.667],[-117.128,59.081],[-117.053,58.216],[-117.072,58.03],[-117.183,57.686],[-117.304,57.51],[-117.323,57.426],[-117.314,57.342],[-117.276,57.231],[-117.239,57.184],[-117.072,57.054]]]}},{"type":"Feature","properties":{"density":3},"geometry":{"type":"Polygon","coordinates":[[[-111.285,39.363],[-111.215,39.38],[-111.029,39.499],[-111.009,39.538],[-111.042,39.562],[-111.072,39.562],[-111.275,39.44],[-111.321,39.433],[-111.349,39.396],[-111.331,39.37],[-111.285,39.363]]]}},{"type":"Feature","properties":{"density":3},"geometry":{"type":"Polygon","coordinates":[[[-113.189,45.687],[-113.07,45.697],[-113.005,45.694],[-112.994,45.68],[-113.024,45.656],[-113.124,45.644],[-113.184,45.666],[-113.189,45.687]]]}},{"type":"Feature","properties":{"density":3},"geometry":{"type":"Polygon","coordinates":[[[-120.688,44.533],[-120.628,44.528],[-120.561,44.492],[-120.539,44.45],[-120.561,44.406],[-120.989,44.365],[-121.135,44.373],[-121.3,44.434],[-121.394,44.503],[-121.54,44.577],[-121.587,44.61],[-121.598,44.66],[-121.529,44.663],[-121.366,44.616],[-121.06,44.566],[-120.928,44.555],[-120.774,44.566],[-120.688,44.533]]]}},{"type":"Feature","properties":{"density":3},"geometry":{"type":"Polygon","coordinates":[[[-121.508,45.306],[-121.941,45.303],[-122.056,45.353],[-122.213,45.38],[-122.326,45.378],[-122.511,45.339],[-122.654,45.328],[-122.696,45.356],[-122.701,45.4],[-122.693,45.438],[-122.66,45.48],[-122.588,45.496],[-121.908,45.466],[-121.819,45.394],[-121.734,45.38],[-121.723,45.394],[-121.764,45.441],[-121.748,45.466],[-121.684,45.48],[-121.37,45.375],[-121.34,45.353],[-121.345,45.334],[-121.447,45.287],[-121.508,45.306]]]}},{"type":"Feature","properties":{"density":3},"geometry":{"type":"Polygon","coordinates":[[[-117.224,44.402],[-117.29,44.349],[-117.303,44.303],[-117.282,44.192],[-117.422,44.022],[-117.385,43.935],[-117.261,43.906],[-117.079,44.051],[-117.034,44.13],[-117.026,44.225],[-117.042,44.299],[-117.1,44.374],[-117.224,44.402]]]}},{"type":"Feature","properties":{"density":3},"geometry":{"type":"Polygon","coordinates":[[[-115.115,46.079],[-115.168,46.074],[-115.276,46.028],[-115.331,46.033],[-115.37,46.063],[-115.361,46.09],[-115.205,46.112],[-115.195,46.151],[-115.214,46.193],[-115.19,46.21],[-115.164,46.208],[-115.076,46.12],[-115.115,46.079]]]}},{"type":"Feature","properties":{"density":3},"geometry":{"type":"Polygon","coordinates":[[[-120.566,48.149],[-120.71,48.153],[-120.896,48.079],[-121.087,48.075],[-121.202,48.091],[-121.425,48.153],[-121.409,48.195],[-121.343,48.232],[-121.26,48.248],[-121.173,48.29],[-121.256,48.306],[-121.442,48.282],[-122.116,48.133],[-122.467,48.005],[-122.566,47.943],[-122.711,47.798],[-122.723,47.686],[-122.686,47.62],[-122.583,47.612],[-122.24,47.81],[-122.083,47.852],[-121.711,47.885],[-121.64,47.852],[-121.599,47.777],[-121.492,47.724],[-121.301,47.744],[-121.136,47.79],[-121.008,47.798],[-120.905,47.777],[-120.777,47.719],[-120.715,47.637],[-120.723,47.533],[-120.843,47.418],[-121.082,47.352],[-121.545,47.302],[-121.76,47.252],[-121.922,47.17],[-121.988,47.116],[-122.141,46.955],[-122.215,46.847],[-122.298,46.649],[-122.285,46.616],[-122.198,46.595],[-122.153,46.607],[-122.095,46.665],[-121.926,46.909],[-121.864,46.955],[-121.74,46.992],[-121.69,46.946],[-121.678,46.893],[-121.707,46.806],[-121.872,46.669],[-121.996,46.529],[-122.058,46.5],[-122.442,46.496],[-122.496,46.479],[-122.546,46.492],[-122.599,46.475],[-122.62,46.409],[-122.587,46.355],[-122.5,46.302],[-122.327,46.252],[-122.211,46.273],[-122.161,46.264],[-122.145,46.231],[-122.232,46.128],[-122.207,46.099],[-122.165,46.087],[-122.165,46.033],[-122.273,45.88],[-122.294,45.806],[-122.182,45.744],[-121.851,45.739],[-121.727,45.752],[-121.578,45.814],[-121.529,45.855],[-121.492,45.909],[-121.471,46.099],[-121.475,46.24],[-121.525,46.31],[-121.611,46.355],[-121.702,46.364],[-121.789,46.401],[-121.835,46.459],[-121.624,46.587],[-121.583,46.632],[-121.57,46.678],[-121.574,46.814],[-121.545,46.897],[-121.45,46.963],[-121.339,47.0],[-121.194,47.004],[-120.719,47.083],[-120.487,47.17],[-120.334,47.207],[-120.214,47.19],[-120.07,47.211],[-119.896,47.389],[-119.768,47.409],[-119.553,47.385],[-119.508,47.451],[-119.528,47.529],[-119.999,47.905],[-120.388,48.104],[-120.566,48.149]]]}},{"type":"Feature","properties":{"density":3},"geometry":{"type":"Polygon","coordinates":[[[-119.596,50.11],[-119.576,50.019],[-119.58,49.924],[-119.609,49.895],[-119.671,49.494],[-119.667,49.37],[-119.629,49.304],[-119.576,49.353],[-119.485,49.965],[-119.485,50.015],[-119.505,50.052],[-119.596,50.11]]]}},{"type":"Feature","properties":{"density":3},"geometry":{"type":"Polygon","coordinates":[[[-121.188,51.168],[-121.374,51.25],[-121.576,51.387],[-121.688,51.42],[-121.671,51.308],[-121.539,51.168],[-121.527,51.031],[-121.543,50.953],[-121.469,50.837],[-121.432,50.713],[-121.444,50.622],[-121.386,50.556],[-121.308,50.606],[-121.324,50.713],[-121.262,50.792],[-121.08,50.759],[-120.985,50.796],[-121.076,50.878],[-121.196,50.878],[-121.27,50.907],[-121.304,50.949],[-121.312,51.019],[-121.262,51.085],[-121.105,51.056],[-121.113,51.114],[-121.188,51.168]]]}},{"type":"Feature","properties":{"density":3},"geometry":{"type":"Polygon","coordinates":[[[-121.295,49.905],[-121.366,49.905],[-121.403,49.864],[-121.465,49.545],[-121.477,49.45],[-121.461,49.426],[-121.337,49.632],[-121.266,49.702],[-121.242,49.764],[-121.25,49.826],[-121.295,49.905]]]}},{"type":"Feature","properties":{"density":3},"geometry":{"type":"Polygon","coordinates":[[[-121.08,49.087],[-121.105,49.074],[-121.13,49.012],[-121.134,48.954],[-121.097,48.921],[-121.027,49.004],[-121.035,49.041],[-121.08,49.087]]]}},{"type":"Feature","properties":{"density":3},"geometry":{"type":"Polygon","coordinates":[[[-119.762,48.901],[-119.803,48.876],[-119.919,48.723],[-119.927,48.607],[-119.882,48.524],[-119.828,48.504],[-119.824,48.467],[-119.877,48.359],[-119.873,48.21],[-119.82,48.082],[-119.766,48.02],[-119.638,47.979],[-119.415,47.991],[-119.348,48.02],[-119.282,48.078],[-119.237,48.202],[-119.253,48.293],[-119.344,48.347],[-119.394,48.421],[-119.398,48.557],[-119.534,48.785],[-119.596,48.814],[-119.675,48.884],[-119.762,48.901]]]}},{"type":"Feature","properties":{"density":3},"geometry":{"type":"Polygon","coordinates":[[[-118.278,48.318],[-118.348,48.264],[-118.427,48.144],[-118.443,48.078],[-118.439,47.987],[-118.394,47.805],[-118.406,47.706],[-118.468,47.553],[-118.418,47.508],[-118.294,47.454],[-118.195,47.437],[-118.096,47.462],[-118.017,47.59],[-117.96,47.851],[-117.947,48.057],[-118.034,48.19],[-118.199,48.301],[-118.278,48.318]]]}},{"type":"Feature","properties":{"density":3},"geometry":{"type":"Polygon","coordinates":[[[-117.567,47.884],[-117.608,47.834],[-117.629,47.772],[-117.637,47.615],[-117.616,47.582],[-117.509,47.751],[-117.501,47.813],[-117.546,47.888],[-117.567,47.884]]]}},{"type":"Feature","properties":{"density":3},"geometry":{"type":"Polygon","coordinates":[[[-101.079,34.862],[-101.046,34.946],[-101.014,34.968],[-101.055,34.84],[-101.079,34.831],[-101.079,34.862]]]}},{"type":"Feature","properties":{"density":3},"geometry":{"type":"Polygon","coordinates":[[[-96.412,36.936],[-96.442,36.969],[-96.418,37.008],[-96.403,37.006],[-96.398,36.962],[-96.4,36.934],[-96.412,36.936]]]}},{"type":"Feature","properties":{"density":3},"geometry":{"type":"Polygon","coordinates":[[[-112.417,38.722],[-112.243,38.791],[-112.061,38.796],[-112.053,38.821],[-112.089,38.874],[-112.257,38.857],[-112.436,38.805],[-112.466,38.783],[-112.466,38.733],[-112.417,38.722]]]}},{"type":"Feature","properties":{"density":3},"geometry":{"type":"Polygon","coordinates":[[[-111.315,39.386],[-111.009,39.364],[-110.965,39.394],[-110.959,39.455],[-110.998,39.488],[-111.006,39.554],[-111.058,39.538],[-111.1,39.499],[-111.334,39.444],[-111.35,39.422],[-111.337,39.383],[-111.315,39.386]]]}},{"type":"Feature","properties":{"density":3},"geometry":{"type":"Polygon","coordinates":[[[-113.165,45.635],[-113.249,45.656],[-113.251,45.679],[-113.217,45.7],[-113.101,45.717],[-113.084,45.706],[-113.103,45.659],[-113.165,45.635]]]}},{"type":"Feature","properties":{"density":3},"geometry":{"type":"Polygon","coordinates":[[[-121.592,61.637],[-121.877,61.828],[-122.001,61.861],[-122.207,61.89],[-122.567,61.902],[-122.629,61.956],[-122.72,61.989],[-122.869,61.993],[-123.125,61.952],[-123.158,61.997],[-123.158,62.043],[-123.109,62.167],[-123.109,62.253],[-123.067,62.386],[-122.865,62.584],[-122.691,62.708],[-122.551,62.745],[-121.893,62.745],[-121.757,62.725],[-121.269,62.526],[-120.897,62.299],[-120.819,62.22],[-120.744,62.183],[-120.707,62.187],[-120.62,62.295],[-120.575,62.311],[-120.484,62.299],[-120.409,62.266],[-120.389,62.208],[-120.393,62.158],[-120.451,62.03],[-120.814,61.852],[-120.93,61.894],[-121.439,62.005],[-121.674,62.096],[-121.724,62.179],[-121.798,62.196],[-121.844,62.233],[-121.864,62.311],[-121.939,62.361],[-122.009,62.377],[-122.121,62.361],[-122.174,62.332],[-122.183,62.295],[-122.116,62.204],[-121.757,62.051],[-121.534,61.865],[-121.418,61.819],[-121.302,61.737],[-121.372,61.704],[-121.48,61.609],[-121.592,61.637]]]}},{"type":"Feature","properties":{"density":3},"geometry":{"type":"Polygon","coordinates":[[[-112.552,62.383],[-112.572,62.372],[-112.572,62.333],[-112.326,62.157],[-112.249,62.14],[-112.191,62.184],[-112.169,62.24],[-112.202,62.273],[-112.401,62.353],[-112.552,62.383]]]}},{"type":"Feature","properties":{"density":3},"geometry":{"type":"Polygon","coordinates":[[[-112.955,63.204],[-112.726,63.199],[-112.715,63.221],[-112.883,63.254],[-112.941,63.243],[-112.988,63.21],[-112.955,63.204]]]}},{"type":"Feature","properties":{"density":3},"geometry":{"type":"Polygon","coordinates":[[[-84.024,54.093],[-83.971,54.213],[-83.971,54.266],[-84.041,54.167],[-84.05,54.082],[-84.024,54.093]]]}},{"type":"Feature","properties":{"density":3},"geometry":{"type":"Polygon","coordinates":[[[-83.516,51.299],[-83.323,51.44],[-83.281,51.531],[-83.312,51.539],[-83.364,51.514],[-83.436,51.42],[-83.527,51.349],[-83.549,51.305],[-83.516,51.299]]]}},{"type":"Feature","properties":{"density":3},"geometry":{"type":"Polygon","coordinates":[[[-90.116,54.425],[-90.116,54.375],[-90.083,54.342],[-90.025,54.322],[-89.88,54.33],[-89.789,54.371],[-89.595,54.508],[-89.31,54.603],[-89.223,54.657],[-89.165,54.743],[-89.173,54.789],[-89.244,54.789],[-89.529,54.727],[-89.777,54.611],[-89.893,54.578],[-90.058,54.487],[-90.103,54.454],[-90.116,54.425]]]}},{"type":"Feature","properties":{"density":3},"geometry":{"type":"Polygon","coordinates":[[[-115.132,46.1],[-115.226,46.084],[-115.226,46.12],[-115.151,46.219],[-115.093,46.244],[-115.035,46.202],[-115.041,46.117],[-115.132,46.1]]]}},{"type":"Feature","properties":{"density":3},"geometry":{"type":"Polygon","coordinates":[[[-117.265,44.42],[-117.42,44.244],[-117.411,44.125],[-117.475,43.949],[-117.389,43.797],[-117.29,43.718],[-117.243,43.718],[-117.186,43.745],[-117.166,43.902],[-117.122,43.943],[-117.031,43.979],[-116.995,44.078],[-116.995,44.114],[-117.034,44.211],[-117.177,44.434],[-117.213,44.453],[-117.265,44.42]]]}},{"type":"Feature","properties":{"density":3},"geometry":{"type":"Polygon","coordinates":[[[-120.65,44.415],[-120.828,44.363],[-121.107,44.319],[-121.168,44.367],[-121.26,44.404],[-121.282,44.437],[-121.054,44.444],[-120.903,44.475],[-120.723,44.541],[-120.672,44.543],[-120.63,44.54],[-120.584,44.466],[-120.586,44.433],[-120.613,44.415],[-120.65,44.415]]]}},{"type":"Feature","properties":{"density":3},"geometry":{"type":"Polygon","coordinates":[[[-121.53,45.289],[-121.636,45.317],[-121.899,45.322],[-122.002,45.344],[-122.204,45.436],[-122.526,45.55],[-122.601,45.596],[-122.616,45.633],[-122.592,45.651],[-122.11,45.556],[-121.923,45.477],[-121.82,45.412],[-121.761,45.403],[-121.872,45.499],[-121.824,45.495],[-121.545,45.359],[-121.506,45.355],[-121.489,45.37],[-121.609,45.425],[-121.636,45.455],[-121.62,45.466],[-121.508,45.429],[-121.385,45.359],[-121.385,45.337],[-121.53,45.289]]]}},{"type":"Feature","properties":{"density":3},"geometry":{"type":"Polygon","coordinates":[[[-120.792,48.203],[-120.548,48.145],[-120.32,48.112],[-120.209,48.071],[-119.998,47.963],[-119.828,47.835],[-119.783,47.703],[-119.634,47.538],[-119.543,47.393],[-119.535,47.269],[-119.58,47.161],[-119.899,46.856],[-119.986,46.818],[-120.11,46.81],[-120.205,46.934],[-120.279,47.087],[-120.362,47.194],[-120.634,47.451],[-120.899,47.591],[-121.064,47.637],[-121.399,47.645],[-121.544,47.736],[-121.796,47.831],[-121.941,47.91],[-122.118,47.872],[-122.536,47.728],[-122.887,47.463],[-123.11,47.343],[-123.301,47.31],[-123.338,47.352],[-123.251,47.521],[-123.164,47.587],[-122.664,47.864],[-122.358,47.967],[-122.168,48.05],[-121.717,48.137],[-121.445,48.153],[-121.387,48.096],[-121.176,47.976],[-121.097,47.959],[-121.027,47.988],[-120.994,48.05],[-120.99,48.162],[-120.961,48.207],[-120.792,48.203]]]}},{"type":"Feature","properties":{"density":3},"geometry":{"type":"Polygon","coordinates":[[[-117.514,47.826],[-117.591,47.845],[-117.646,47.774],[-117.676,47.661],[-117.635,47.625],[-117.607,47.625],[-117.552,47.666],[-117.483,47.691],[-117.423,47.694],[-117.37,47.73],[-117.373,47.757],[-117.401,47.785],[-117.514,47.826]]]}},{"type":"Feature","properties":{"density":3},"geometry":{"type":"Polygon","coordinates":[[[-118.205,48.294],[-118.263,48.308],[-118.343,48.3],[-118.44,48.245],[-118.445,48.198],[-118.404,48.077],[-118.401,47.958],[-118.332,47.84],[-118.271,47.801],[-118.125,47.809],[-118.076,47.845],[-118.134,47.967],[-118.128,48.013],[-118.034,48.044],[-118.043,48.118],[-118.098,48.151],[-118.117,48.184],[-118.106,48.217],[-118.172,48.283],[-118.205,48.294]]]}},{"type":"Feature","properties":{"density":3},"geometry":{"type":"Polygon","coordinates":[[[-119.644,48.84],[-119.787,48.909],[-119.859,48.92],[-120.016,48.826],[-120.032,48.807],[-120.032,48.724],[-119.983,48.587],[-119.889,48.493],[-119.9,48.336],[-119.878,48.198],[-119.751,48.063],[-119.625,48.019],[-119.556,48.052],[-119.509,48.118],[-119.509,48.17],[-119.55,48.314],[-119.509,48.446],[-119.501,48.556],[-119.558,48.738],[-119.644,48.84]]]}},{"type":"Feature","properties":{"density":3},"geometry":{"type":"Polygon","coordinates":[[[-119.576,50.139],[-119.631,50.117],[-119.598,49.963],[-119.598,49.839],[-119.579,49.759],[-119.557,49.712],[-119.507,49.665],[-119.444,49.665],[-119.345,49.839],[-119.342,49.913],[-119.425,50.054],[-119.469,50.093],[-119.576,50.139]]]}},{"type":"Feature","properties":{"density":3},"geometry":{"type":"Polygon","coordinates":[[[-76.39,20.645],[-76.52,20.681],[-76.558,20.673],[-76.511,20.645],[-76.371,20.623],[-76.39,20.645]]]}},{"type":"Feature","properties":{"density":3},"geometry":{"type":"Polygon","coordinates":[[[-122.545,43.17],[-122.597,43.17],[-122.633,43.148],[-122.581,43.106],[-122.504,43.098],[-122.515,43.148],[-122.545,43.17]]]}},{"type":"Feature","properties":{"density":3},"geometry":{"type":"Polygon","coordinates":[[[-114.964,39.126],[-115.007,39.146],[-115.034,39.192],[-115.04,39.227],[-115.005,39.293],[-114.728,39.403],[-114.641,39.453],[-114.614,39.453],[-114.566,39.396],[-114.555,39.322],[-114.57,39.286],[-114.705,39.251],[-114.891,39.129],[-114.942,39.113],[-114.964,39.126]]]}},{"type":"Feature","properties":{"density":3},"geometry":{"type":"Polygon","coordinates":[[[-112.314,38.954],[-112.236,39.02],[-112.134,39.047],[-112.021,39.108],[-111.586,39.163],[-111.52,39.147],[-111.501,39.125],[-111.536,39.078],[-111.52,39.07],[-111.338,39.047],[-111.159,39.086],[-111.027,39.089],[-110.958,39.045],[-110.955,38.998],[-111.107,38.89],[-111.225,38.857],[-111.349,38.852],[-111.523,38.783],[-111.658,38.695],[-111.804,38.571],[-111.975,38.546],[-112.035,38.565],[-112.121,38.648],[-112.187,38.675],[-112.471,38.717],[-112.473,38.753],[-112.451,38.766],[-112.28,38.808],[-112.231,38.846],[-112.14,38.879],[-112.134,38.907],[-112.286,38.915],[-112.314,38.954]]]}},{"type":"Feature","properties":{"density":3},"geometry":{"type":"Polygon","coordinates":[[[-111.33,39.433],[-111.272,39.461],[-110.955,39.505],[-110.892,39.505],[-110.803,39.464],[-110.82,39.425],[-110.883,39.408],[-111.255,39.373],[-111.319,39.384],[-111.349,39.411],[-111.33,39.433]]]}},{"type":"Feature","properties":{"density":3},"geometry":{"type":"Polygon","coordinates":[[[-113.148,45.62],[-113.23,45.642],[-113.241,45.698],[-113.139,45.758],[-113.067,45.764],[-113.017,45.738],[-112.993,45.696],[-113.012,45.637],[-113.148,45.62]]]}},{"type":"Feature","properties":{"density":3},"geometry":{"type":"Polygon","coordinates":[[[-115.138,46.08],[-115.171,46.098],[-115.182,46.148],[-115.168,46.177],[-115.067,46.232],[-114.923,46.241],[-114.876,46.232],[-114.848,46.195],[-114.844,46.159],[-114.877,46.113],[-114.94,46.085],[-115.087,46.058],[-115.138,46.08]]]}},{"type":"Feature","properties":{"density":3},"geometry":{"type":"Polygon","coordinates":[[[-115.249,46.758],[-115.288,46.804],[-115.284,46.849],[-115.268,46.864],[-115.17,46.884],[-115.091,46.868],[-115.069,46.844],[-115.075,46.816],[-115.181,46.745],[-115.224,46.743],[-115.249,46.758]]]}},{"type":"Feature","properties":{"density":3},"geometry":{"type":"Polygon","coordinates":[[[-119.607,50.125],[-119.676,50.114],[-119.745,50.031],[-119.872,49.943],[-119.9,49.902],[-119.897,49.858],[-119.809,49.811],[-119.574,49.734],[-119.478,49.734],[-119.395,49.684],[-119.343,49.555],[-119.293,49.329],[-119.271,49.307],[-119.23,49.334],[-119.205,49.381],[-119.2,49.557],[-119.326,49.874],[-119.472,50.04],[-119.566,50.122],[-119.607,50.125]]]}},{"type":"Feature","properties":{"density":3},"geometry":{"type":"Polygon","coordinates":[[[-121.25,49.797],[-121.277,49.772],[-121.291,49.717],[-121.294,49.604],[-121.344,49.577],[-121.396,49.48],[-121.404,49.381],[-121.498,49.37],[-121.534,49.538],[-121.589,49.538],[-121.757,49.42],[-121.881,49.395],[-121.892,49.475],[-121.666,49.703],[-121.517,49.781],[-121.432,49.849],[-121.335,49.877],[-121.288,49.872],[-121.242,49.833],[-121.25,49.797]]]}},{"type":"Feature","properties":{"density":3},"geometry":{"type":"Polygon","coordinates":[[[-122.595,51.514],[-122.727,51.459],[-122.782,51.371],[-122.804,51.291],[-122.768,51.214],[-122.545,51.098],[-122.46,51.037],[-122.308,50.786],[-122.057,50.629],[-122.002,50.544],[-121.933,50.492],[-121.776,50.486],[-121.517,50.541],[-121.396,50.596],[-121.341,50.646],[-121.283,50.734],[-121.231,50.869],[-121.242,51.062],[-121.286,51.211],[-121.379,51.302],[-121.512,51.357],[-121.837,51.445],[-121.942,51.47],[-122.038,51.464],[-122.093,51.351],[-122.137,51.299],[-122.25,51.238],[-122.283,51.241],[-122.404,51.368],[-122.449,51.467],[-122.501,51.495],[-122.595,51.514]]]}},{"type":"Feature","properties":{"density":3},"geometry":{"type":"Polygon","coordinates":[[[-121.087,49.072],[-121.156,48.979],[-121.12,48.893],[-121.2,48.868],[-121.261,48.786],[-121.107,48.797],[-121.035,48.835],[-120.985,48.913],[-121.005,49.026],[-121.038,49.072],[-121.087,49.072]]]}},{"type":"Feature","properties":{"density":3},"geometry":{"type":"Polygon","coordinates":[[[-119.942,48.903],[-119.765,48.899],[-119.545,48.808],[-119.173,48.506],[-118.987,48.295],[-118.983,48.246],[-119.004,48.2],[-119.049,48.196],[-119.099,48.233],[-119.227,48.146],[-119.293,48.051],[-119.31,47.766],[-119.248,47.502],[-119.248,47.382],[-119.277,47.312],[-119.264,46.96],[-119.277,46.791],[-119.351,46.687],[-119.508,46.551],[-119.876,46.419],[-120.203,46.464],[-120.323,46.456],[-120.401,46.501],[-120.422,46.592],[-120.327,46.679],[-120.335,46.869],[-120.413,46.944],[-120.405,47.059],[-120.339,47.15],[-120.38,47.229],[-120.521,47.291],[-120.666,47.436],[-120.703,47.555],[-120.79,47.646],[-120.947,47.7],[-121.137,47.721],[-121.273,47.725],[-121.488,47.688],[-121.6,47.725],[-121.67,47.725],[-121.757,47.601],[-121.811,47.436],[-121.873,47.332],[-121.964,47.307],[-121.993,47.183],[-121.997,47.059],[-122.083,47.002],[-122.245,46.853],[-122.319,46.853],[-122.555,46.737],[-122.629,46.654],[-122.666,46.567],[-122.662,46.439],[-122.687,46.332],[-122.869,46.175],[-122.923,46.084],[-122.951,46.001],[-122.902,45.927],[-122.699,45.761],[-122.613,45.716],[-121.947,45.464],[-121.724,45.464],[-121.389,45.373],[-121.327,45.332],[-121.36,45.27],[-121.554,45.236],[-121.629,45.191],[-121.84,45.249],[-122.117,45.298],[-122.315,45.311],[-122.732,45.298],[-123.261,45.414],[-123.406,45.472],[-123.538,45.567],[-123.605,45.675],[-123.633,45.84],[-123.592,45.993],[-123.427,46.27],[-123.365,46.51],[-123.241,46.795],[-123.183,46.877],[-122.943,47.08],[-122.881,47.221],[-122.861,47.307],[-122.906,47.328],[-123.109,47.25],[-123.733,47.084],[-124.059,47.072],[-124.336,47.109],[-124.477,47.134],[-124.646,47.216],[-124.659,47.287],[-124.597,47.328],[-124.216,47.332],[-124.055,47.349],[-123.526,47.452],[-123.278,47.58],[-122.584,47.803],[-122.427,47.874],[-122.278,47.977],[-122.179,48.022],[-121.604,48.192],[-121.406,48.217],[-121.24,48.146],[-121.141,48.138],[-121.009,48.208],[-120.848,48.221],[-120.649,48.208],[-120.649,48.262],[-120.695,48.312],[-120.641,48.332],[-120.575,48.262],[-120.401,48.151],[-120.289,48.18],[-120.132,48.436],[-120.124,48.543],[-120.141,48.643],[-120.099,48.758],[-120.033,48.862],[-119.971,48.907],[-119.942,48.903]]]}},{"type":"Feature","properties":{"density":3},"geometry":{"type":"Polygon","coordinates":[[[-120.535,44.498],[-120.515,44.566],[-120.557,44.588],[-120.627,44.586],[-120.663,44.551],[-120.698,44.549],[-120.759,44.582],[-120.829,44.593],[-120.911,44.533],[-120.996,44.531],[-121.13,44.595],[-121.235,44.612],[-121.319,44.557],[-121.327,44.501],[-121.229,44.413],[-120.972,44.321],[-120.831,44.312],[-120.724,44.338],[-120.559,44.296],[-120.436,44.294],[-120.355,44.411],[-120.391,44.468],[-120.425,44.487],[-120.535,44.498]]]}},{"type":"Feature","properties":{"density":3},"geometry":{"type":"Polygon","coordinates":[[[-91.634,54.328],[-91.386,54.37],[-90.92,54.532],[-90.548,54.609],[-90.008,54.758],[-89.688,54.805],[-89.286,54.926],[-89.269,54.921],[-89.319,54.838],[-89.542,54.758],[-90.002,54.527],[-90.057,54.477],[-90.112,54.367],[-90.115,54.301],[-89.754,54.334],[-89.244,54.433],[-89.046,54.441],[-88.367,54.693],[-87.84,54.984],[-87.276,55.443],[-87.065,55.666],[-86.99,55.809],[-87.003,55.846],[-87.065,55.902],[-87.207,55.895],[-87.325,55.852],[-87.393,55.914],[-87.499,55.957],[-87.648,55.97],[-87.747,55.939],[-87.858,55.864],[-88.032,55.778],[-88.33,55.554],[-88.547,55.424],[-88.757,55.344],[-88.95,55.325],[-89.086,55.294],[-89.309,55.22],[-89.594,55.077],[-90.165,54.934],[-91.194,54.6],[-91.529,54.476],[-91.64,54.42],[-91.634,54.328]]]}},{"type":"Feature","properties":{"density":3},"geometry":{"type":"Polygon","coordinates":[[[-98.245,37.195],[-98.589,36.953],[-98.85,36.73],[-99.213,36.535],[-99.408,36.451],[-99.799,36.19],[-100.105,35.939],[-100.254,35.763],[-100.319,35.605],[-100.143,35.484],[-99.892,35.363],[-99.613,35.047],[-99.017,34.833],[-98.738,34.795],[-98.329,34.879],[-98.152,34.935],[-97.892,34.981],[-97.659,35.065],[-97.139,35.4],[-96.925,35.605],[-96.488,36.209],[-96.218,36.618],[-96.153,36.683],[-96.069,36.721],[-96.041,36.842],[-96.162,37.204],[-95.632,37.734],[-95.316,38.013],[-94.358,39.232],[-94.162,39.548],[-93.986,39.892],[-93.818,40.32],[-93.604,40.934],[-93.558,41.175],[-93.632,41.371],[-93.772,41.417],[-93.958,41.436],[-94.497,41.408],[-94.758,41.455],[-94.897,41.538],[-95.027,41.566],[-95.204,41.575],[-95.502,41.548],[-95.744,41.427],[-96.497,41.222],[-96.906,40.971],[-97.427,40.766],[-97.799,40.599],[-98.013,40.469],[-98.283,40.348],[-98.868,40.366],[-99.464,40.199],[-100.022,40.19],[-100.198,40.245],[-100.357,40.431],[-100.357,40.813],[-100.496,40.924],[-100.775,40.896],[-101.073,40.692],[-101.314,40.338],[-101.482,40.059],[-101.705,39.808],[-101.984,39.66],[-102.821,39.418],[-103.528,39.288],[-103.956,39.25],[-104.467,39.157],[-104.7,39.018],[-104.802,38.748],[-104.7,38.646],[-104.467,38.516],[-104.04,38.423],[-103.621,38.404],[-102.83,38.404],[-102.142,38.571],[-101.891,38.664],[-101.445,38.85],[-100.71,39.269],[-99.836,39.436],[-99.417,39.427],[-99.092,39.381],[-98.887,39.334],[-98.562,39.325],[-97.864,39.548],[-96.562,39.911],[-96.506,39.901],[-96.283,39.753],[-96.088,39.399],[-96.46,39.213],[-96.664,39.092],[-96.869,38.897],[-97.027,38.664],[-97.111,38.339],[-97.232,37.995],[-97.38,37.79],[-98.004,37.307],[-98.245,37.195]]]}},{"type":"Feature","properties":{"density":3},"geometry":{"type":"Polygon","coordinates":[[[-87.675,53.536],[-87.592,54.219],[-87.634,55.182],[-87.745,55.893],[-87.857,56.382],[-88.01,56.842],[-88.192,57.163],[-88.61,57.819],[-89.07,58.432],[-89.559,58.921],[-90.256,59.242],[-91.191,59.465],[-92.154,59.576],[-93.019,59.646],[-93.869,59.66],[-94.469,59.451],[-95.823,58.67],[-96.436,58.6],[-96.59,58.907],[-96.66,59.451],[-96.311,60.023],[-95.837,60.399],[-95.237,60.678],[-92.851,60.846],[-91.916,60.846],[-90.954,60.706],[-90.326,60.567],[-89.336,60.274],[-88.819,60.051],[-87.829,59.381],[-87.382,59.004],[-87.02,58.614],[-86.727,58.167],[-86.406,57.763],[-86.015,57.149],[-85.708,56.493],[-85.485,55.907],[-85.346,55.28],[-85.29,54.791],[-85.276,54.191],[-85.304,53.633],[-85.75,51.834],[-86.071,51.541],[-86.49,51.248],[-87.048,51.192],[-87.41,51.415],[-87.62,51.75],[-87.731,52.196],[-87.675,53.536]]]}},{"type":"Feature","properties":{"density":3},"geometry":{"type":"Polygon","coordinates":[[[-112.597,62.445],[-112.643,62.383],[-112.655,62.188],[-112.61,62.106],[-112.535,62.023],[-112.37,61.878],[-112.052,61.663],[-111.936,61.68],[-111.808,61.796],[-111.729,61.94],[-111.696,62.023],[-111.688,62.097],[-111.684,62.164],[-111.767,62.259],[-111.928,62.308],[-112.209,62.337],[-112.469,62.428],[-112.597,62.445]]]}},{"type":"Feature","properties":{"density":3},"geometry":{"type":"Polygon","coordinates":[[[-113.003,63.304],[-113.069,63.259],[-113.102,63.213],[-113.089,63.172],[-112.804,63.061],[-112.531,63.023],[-112.031,62.99],[-111.614,62.928],[-111.523,62.941],[-111.469,62.974],[-111.452,63.003],[-111.49,63.061],[-111.7,63.18],[-112.151,63.28],[-112.395,63.304],[-112.655,63.259],[-112.982,63.288],[-113.003,63.304]]]}},{"type":"Feature","properties":{"density":3},"geometry":{"type":"Polygon","coordinates":[[[-111.787,63.681],[-111.849,63.643],[-111.618,63.614],[-111.378,63.606],[-111.32,63.598],[-111.304,63.581],[-111.357,63.548],[-111.502,63.54],[-111.605,63.503],[-111.572,63.47],[-111.399,63.466],[-111.18,63.424],[-111.06,63.424],[-110.812,63.391],[-110.733,63.399],[-110.7,63.424],[-110.713,63.511],[-110.775,63.573],[-111.056,63.656],[-111.428,63.705],[-111.787,63.681]]]}},{"type":"Feature","properties":{"density":3},"geometry":{"type":"Polygon","coordinates":[[[-109.547,61.874],[-109.584,61.8],[-109.555,61.763],[-109.34,61.606],[-109.08,61.333],[-108.852,61.217],[-108.832,61.296],[-108.894,61.37],[-109.121,61.568],[-109.278,61.663],[-109.489,61.887],[-109.547,61.874]]]}},{"type":"Feature","properties":{"density":3},"geometry":{"type":"Polygon","coordinates":[[[-123.132,62.085],[-123.2,62.023],[-123.156,61.955],[-122.822,61.942],[-122.505,61.763],[-122.264,61.874],[-122.102,61.856],[-121.972,61.8],[-121.774,61.67],[-121.582,61.632],[-121.482,61.632],[-121.408,61.657],[-121.371,61.694],[-121.222,61.769],[-120.645,61.8],[-120.453,61.794],[-119.455,61.595],[-119.009,61.446],[-118.847,61.44],[-118.76,61.477],[-118.723,61.521],[-118.723,61.57],[-118.767,61.651],[-118.872,61.732],[-119.412,62.054],[-119.784,62.259],[-120.025,62.37],[-120.36,62.562],[-120.466,62.693],[-120.36,62.817],[-120.255,62.897],[-120.249,63.021],[-120.329,63.139],[-120.515,63.226],[-120.757,63.3],[-120.962,63.337],[-121.885,63.22],[-122.016,63.17],[-122.301,63.096],[-122.437,63.077],[-122.685,63.003],[-122.722,62.978],[-122.729,62.953],[-122.679,62.73],[-122.729,62.606],[-122.611,62.438],[-122.698,62.352],[-122.667,62.24],[-122.766,62.166],[-122.983,62.104],[-123.132,62.085]]]}},{"type":"Feature","properties":{"density":3},"geometry":{"type":"Polygon","coordinates":[[[-115.029,55.443],[-114.351,55.536],[-114.22,55.685],[-114.211,55.778],[-114.211,56.038],[-114.276,56.271],[-114.453,56.466],[-114.583,56.568],[-114.695,56.745],[-114.825,56.903],[-114.862,57.033],[-114.769,57.117],[-114.704,57.145],[-114.583,57.266],[-114.499,57.405],[-114.481,57.517],[-114.499,57.796],[-114.592,57.926],[-114.816,58.168],[-114.89,58.298],[-114.936,58.475],[-114.881,58.614],[-114.713,58.903],[-114.695,59.042],[-114.732,59.228],[-114.881,59.461],[-114.843,59.768],[-114.797,59.972],[-114.871,60.158],[-115.113,60.475],[-115.439,60.791],[-115.355,61.079],[-115.048,61.098],[-114.769,61.312],[-114.657,61.516],[-114.648,61.842],[-114.75,62.111],[-115.346,62.595],[-115.653,62.744],[-116.406,62.976],[-116.983,63.06],[-117.382,62.939],[-117.578,62.716],[-117.745,62.455],[-117.903,61.758],[-117.894,61.237],[-117.792,61.051],[-117.624,60.874],[-117.141,60.493],[-116.908,60.223],[-116.611,59.916],[-116.22,59.349],[-116.08,59.247],[-116.053,59.098],[-115.997,59.033],[-116.015,58.838],[-115.95,58.633],[-115.801,58.419],[-115.718,58.056],[-115.736,57.759],[-115.885,57.173],[-115.829,56.708],[-115.783,56.466],[-115.792,56.234],[-115.913,55.945],[-115.932,55.759],[-115.727,55.582],[-115.253,55.406],[-115.029,55.443]]]}}]}