{"type":"FeatureCollection","features":[{"type":"Feature","properties":{"density":1},"geometry":{"type":"Polygon","coordinates":[[[-103.371,55.548],[-103.398,55.597],[-103.3,55.625],[-102.698,55.644],[-102.218,55.618],[-102.103,55.579],[-102.072,55.558],[-102.049,55.51],[-102.069,55.468],[-102.124,55.442],[-102.422,55.413],[-102.875,55.5],[-103.228,55.512],[-103.312,55.521],[-103.371,55.548]]]}},{"type":"Feature","properties":{"density":1},"geometry":{"type":"Polygon","coordinates":[[[-117.412,39.67],[-117.519,39.641],[-117.561,39.535],[-117.586,39.403],[-117.69,39.257],[-117.723,39.139],[-117.69,39.124],[-117.631,39.145],[-117.478,39.235],[-117.322,39.248],[-117.133,39.371],[-117.1,39.475],[-117.142,39.557],[-117.31,39.613],[-117.351,39.655],[-117.412,39.67]]]}},{"type":"Feature","properties":{"density":1},"geometry":{"type":"Polygon","coordinates":[[[-78.812,22.172],[-79.054,22.259],[-79.156,22.338],[-79.184,22.372],[-79.181,22.397],[-79.139,22.41],[-78.975,22.341],[-78.784,22.203],[-78.791,22.173],[-78.812,22.172]]]}},{"type":"Feature","properties":{"density":1},"geometry":{"type":"Polygon","coordinates":[[[-76.441,20.582],[-76.617,20.604],[-76.657,20.632],[-76.663,20.667],[-76.593,20.685],[-76.497,20.661],[-76.419,20.624],[-76.412,20.592],[-76.441,20.582]]]}},{"type":"Feature","properties":{"density":1},"geometry":{"type":"Polygon","coordinates":[[[-74.891,20.219],[-75.135,20.234],[-75.196,20.217],[-75.211,20.184],[-75.204,20.158],[-75.169,20.135],[-74.951,20.091],[-74.885,20.104],[-74.86,20.131],[-74.861,20.179],[-74.891,20.219]]]}},{"type":"Feature","properties":{"density":1},"geometry":{"type":"Polygon","coordinates":[[[-74.906,20.624],[-75.173,20.746],[-75.227,20.728],[-75.248,20.688],[-75.194,20.592],[-75.083,20.49],[-75.043,20.479],[-74.973,20.48],[-74.951,20.496],[-74.905,20.577],[-74.906,20.624]]]}},{"type":"Feature","properties":{"density":1},"geometry":{"type":"Polygon","coordinates":[[[-71.728,18.123],[-71.777,18.102],[-71.988,18.084],[-72.071,18.022],[-72.087,17.967],[-72.077,17.941],[-71.993,17.912],[-71.917,17.921],[-71.645,18.05],[-71.63,18.096],[-71.645,18.139],[-71.728,18.123]]]}},{"type":"Feature","properties":{"density":1},"geometry":{"type":"Polygon","coordinates":[[[-74.928,20.274],[-74.965,20.277],[-74.97,20.232],[-74.899,20.101],[-74.886,20.16],[-74.928,20.274]]]}},{"type":"Feature","properties":{"density":1},"geometry":{"type":"Polygon","coordinates":[[[-76.632,20.712],[-76.652,20.719],[-76.664,20.702],[-76.616,20.647],[-76.494,20.587],[-76.414,20.584],[-76.424,20.631],[-76.45,20.65],[-76.632,20.712]]]}},{"type":"Feature","properties":{"density":1},"geometry":{"type":"Polygon","coordinates":[[[-78.234,21.86],[-78.268,21.866],[-78.283,21.835],[-78.246,21.752],[-78.225,21.747],[-78.205,21.806],[-78.234,21.86]]]}},{"type":"Feature","properties":{"density":1},"geometry":{"type":"Polygon","coordinates":[[[-79.367,22.582],[-79.394,22.596],[-79.426,22.584],[-79.43,22.55],[-79.403,22.489],[-79.304,22.366],[-79.23,22.305],[-79.102,22.22],[-78.959,22.161],[-78.845,22.137],[-78.762,22.146],[-78.748,22.193],[-78.771,22.228],[-79.08,22.357],[-79.221,22.444],[-79.367,22.582]]]}},{"type":"Feature","properties":{"density":1},"geometry":{"type":"Polygon","coordinates":[[[-81.622,31.014],[-81.699,31.019],[-81.71,30.997],[-81.699,30.953],[-81.597,30.837],[-81.41,30.672],[-81.261,30.573],[-80.961,30.443],[-80.567,30.328],[-80.396,30.319],[-80.283,30.352],[-80.228,30.386],[-80.17,30.468],[-80.156,30.606],[-80.208,30.683],[-80.305,30.749],[-80.396,30.766],[-80.713,30.735],[-80.895,30.744],[-81.399,30.906],[-81.509,30.972],[-81.622,31.014]]]}},{"type":"Feature","properties":{"density":1},"geometry":{"type":"Polygon","coordinates":[[[-82.788,31.425],[-82.828,31.418],[-82.832,31.398],[-82.741,31.331],[-82.679,31.216],[-82.644,31.196],[-82.614,31.206],[-82.594,31.238],[-82.593,31.277],[-82.63,31.342],[-82.731,31.413],[-82.788,31.425]]]}},{"type":"Feature","properties":{"density":1},"geometry":{"type":"Polygon","coordinates":[[[-82.74,31.792],[-82.763,31.801],[-82.8,31.788],[-82.808,31.729],[-82.881,31.697],[-82.892,31.654],[-82.85,31.607],[-82.639,31.521],[-82.612,31.581],[-82.68,31.667],[-82.715,31.781],[-82.74,31.792]]]}},{"type":"Feature","properties":{"density":1},"geometry":{"type":"Polygon","coordinates":[[[-100.882,35.762],[-100.98,35.729],[-101.076,35.612],[-101.169,35.554],[-101.182,35.511],[-101.164,35.494],[-101.114,35.492],[-101.054,35.533],[-100.997,35.611],[-100.84,35.684],[-100.842,35.742],[-100.882,35.762]]]}},{"type":"Feature","properties":{"density":1},"geometry":{"type":"Polygon","coordinates":[[[-106.813,37.324],[-106.875,37.338],[-106.931,37.272],[-106.997,37.237],[-107.02,37.169],[-107.002,37.109],[-106.939,37.103],[-106.781,37.214],[-106.764,37.256],[-106.813,37.324]]]}},{"type":"Feature","properties":{"density":1},"geometry":{"type":"Polygon","coordinates":[[[-117.367,39.819],[-117.47,39.884],[-117.499,39.886],[-117.571,39.863],[-117.609,39.805],[-117.639,39.678],[-117.646,39.415],[-117.606,39.334],[-117.567,39.31],[-117.504,39.312],[-117.38,39.402],[-117.267,39.547],[-117.267,39.665],[-117.317,39.761],[-117.367,39.819]]]}},{"type":"Feature","properties":{"density":1},"geometry":{"type":"Polygon","coordinates":[[[-122.507,43.219],[-122.536,43.239],[-122.593,43.232],[-122.825,43.116],[-122.849,43.043],[-122.823,42.927],[-122.757,42.923],[-122.711,42.938],[-122.582,43.019],[-122.489,43.05],[-122.468,43.07],[-122.454,43.129],[-122.507,43.219]]]}},{"type":"Feature","properties":{"density":1},"geometry":{"type":"Polygon","coordinates":[[[-126.65,61.066],[-126.874,61.977],[-127.008,63.275],[-126.74,64.454],[-126.217,65.38],[-124.366,66.872],[-123.672,67.41],[-122.441,67.992],[-121.299,68.328],[-120.045,68.529],[-116.195,69.671],[-115.142,70.029],[-113.217,70.432],[-111.157,70.566],[-109.344,70.902],[-107.888,70.902],[-106.523,70.387],[-104.776,69.492],[-102.94,68.395],[-100.433,66.693],[-98.709,65.82],[-96.537,64.902],[-95.127,64.253],[-92.574,63.469],[-91.063,62.965],[-88.712,61.79],[-85.858,60.178],[-84.212,58.767],[-81.07,57.924],[-80.234,57.536],[-78.606,57.318],[-77.673,56.31],[-77.525,55.229],[-77.587,54.001],[-77.575,52.932],[-77.501,52.084],[-77.589,51.331],[-77.931,50.758],[-78.091,50.057],[-77.906,49.001],[-77.734,47.49],[-77.833,46.249],[-77.968,45.315],[-78.227,44.211],[-78.257,43.412],[-77.913,42.517],[-77.451,41.517],[-76.645,40.397],[-75.421,39.651],[-74.256,39.293],[-73.226,39.397],[-71.995,39.979],[-71.189,40.517],[-70.271,41.233],[-69.622,41.703],[-68.301,42.308],[-63.465,43.786],[-61.562,44.524],[-60.107,44.547],[-58.853,44.726],[-52.315,44.703],[-51.375,44.659],[-50.345,44.323],[-48.912,42.957],[-48.24,41.703],[-48.173,40.494],[-48.532,39.218],[-49.427,37.673],[-50.614,36.778],[-52.091,35.793],[-57.263,33.352],[-58.718,32.882],[-61.002,31.83],[-62.614,31.001],[-66.286,29.725],[-68.032,29.188],[-69.689,28.494],[-71.57,27.419],[-73.047,26.815],[-75.085,26.121],[-76.764,25.651],[-79.786,25.136],[-81.242,25.18],[-82.719,25.516],[-84.757,26.009],[-85.54,25.852],[-86.727,25.539],[-88.093,24.822],[-90.391,23.33],[-90.615,22.897],[-90.779,22.3],[-91.167,21.21],[-91.735,20.135],[-92.267,18.101],[-92.456,17.683],[-92.556,17.145],[-92.605,16.648],[-92.536,16.18],[-92.148,15.762],[-91.899,15.394],[-91.551,15.085],[-90.934,14.757],[-89.69,14.349],[-89.212,14.071],[-88.764,13.921],[-88.486,13.643],[-88.516,13.265],[-88.754,12.926],[-89.536,11.911],[-90.849,11.135],[-91.834,10.792],[-94.282,10.105],[-94.998,10.135],[-96.058,10.21],[-97.013,10.359],[-97.924,10.866],[-98.76,11.508],[-99.581,12.359],[-100.581,13.329],[-101.611,14.031],[-102.551,14.568],[-103.67,15.27],[-104.611,15.837],[-105.959,16.518],[-106.297,16.518],[-107.253,16.628],[-108.297,16.707],[-108.944,16.877],[-109.402,17.304],[-109.671,17.812],[-109.71,18.28],[-109.561,18.717],[-109.312,18.966],[-109.074,19.265],[-108.705,19.523],[-107.193,20.946],[-106.835,21.245],[-106.417,21.474],[-106.148,21.822],[-106.228,22.389],[-106.526,22.927],[-107.123,23.444],[-107.71,23.703],[-108.248,23.971],[-108.845,24.3],[-109.233,24.688],[-109.342,25.086],[-109.342,25.603],[-109.283,25.942],[-108.825,26.071],[-108.307,26.121],[-107.8,25.912],[-107.074,25.573],[-106.636,25.245],[-106.039,24.653],[-105.74,24.205],[-105.113,23.145],[-104.445,22.572],[-103.585,22.4],[-102.541,22.412],[-101.657,22.732],[-101.141,23.346],[-101.116,24.23],[-101.657,25.668],[-102.234,26.982],[-102.713,27.818],[-103.303,28.358],[-104.089,28.063],[-104.581,27.56],[-105.428,27.228],[-105.981,27.707],[-106.03,28.751],[-105.686,30.164],[-105.698,31.712],[-105.49,33.309],[-104.716,34.844],[-104.151,35.827],[-103.083,36.392],[-102.412,37.348],[-101.471,38.892],[-101.225,40.057],[-101.203,41.4],[-101.65,42.228],[-102.613,42.855],[-103.822,42.99],[-104.874,42.9],[-105.815,42.497],[-106.374,42.027],[-109.039,40.146],[-110.427,39.467],[-111.188,39.139],[-112.934,38.691],[-113.711,38.586],[-114.487,38.542],[-115.755,38.945],[-116.973,39.255],[-117.344,39.261],[-117.61,39.341],[-117.749,39.487],[-117.848,39.62],[-117.749,39.819],[-117.49,40.197],[-117.205,40.522],[-117.105,40.893],[-117.192,41.251],[-117.596,41.53],[-117.901,41.537],[-118.233,41.371],[-118.664,41.059],[-119.016,41.039],[-119.593,41.106],[-120.044,41.245],[-120.704,41.872],[-120.923,42.339],[-121.033,42.718],[-121.102,43.026],[-121.152,43.364],[-121.281,43.742],[-121.411,43.941],[-121.699,44.29],[-121.908,44.668],[-121.988,44.946],[-121.988,45.155],[-121.958,45.394],[-121.859,45.593],[-121.305,45.981],[-120.88,46.2],[-120.416,46.346],[-120.104,46.532],[-119.872,46.738],[-119.759,46.97],[-119.819,47.116],[-119.991,47.248],[-120.25,47.341],[-120.588,47.374],[-121.066,47.149],[-121.305,47.089],[-121.802,46.821],[-122.15,46.492],[-122.509,46.034],[-122.907,45.398],[-123.315,44.592],[-123.623,44.034],[-123.922,43.378],[-124.28,42.93],[-124.708,42.741],[-125.524,42.681],[-126.2,42.761],[-126.817,43.039],[-127.285,43.626],[-127.394,44.333],[-127.166,44.94],[-126.887,45.577],[-126.668,46.283],[-126.469,46.741],[-126.011,47.547],[-125.514,48.497],[-125.155,48.967],[-124.036,49.885],[-123.521,50.557],[-123.185,51.027],[-122.782,51.676],[-122.334,52.169],[-121.73,52.662],[-121.17,52.997],[-120.678,53.423],[-120.297,54.072],[-120.185,54.923],[-120.14,55.841],[-120.454,56.781],[-121.327,57.475],[-122.29,57.901],[-123.118,58.214],[-123.946,58.572],[-124.685,59.087],[-125.695,59.95],[-126.034,60.199],[-126.402,60.587],[-126.603,60.892],[-126.65,61.066]]]}},{"type":"Feature","properties":{"density":1},"geometry":{"type":"Polygon","coordinates":[[[-114.316,47.043],[-114.364,46.969],[-114.366,46.948],[-114.337,46.929],[-114.296,46.941],[-114.188,47.072],[-114.185,47.143],[-114.22,47.145],[-114.316,47.043]]]}},{"type":"Feature","properties":{"density":1},"geometry":{"type":"Polygon","coordinates":[[[-123.51,63.725],[-123.628,63.75],[-123.87,63.731],[-124.0,63.682],[-124.205,63.527],[-124.26,63.415],[-124.291,63.266],[-124.273,62.956],[-124.223,62.783],[-124.025,62.411],[-123.876,62.274],[-123.715,62.169],[-123.591,62.113],[-123.244,61.989],[-122.816,61.735],[-122.617,61.679],[-122.165,61.667],[-121.954,61.642],[-121.607,61.543],[-121.483,61.524],[-121.247,61.536],[-121.123,61.58],[-120.844,61.747],[-120.782,61.815],[-120.757,61.884],[-120.739,62.026],[-120.708,62.101],[-120.59,62.194],[-120.466,62.243],[-120.162,62.305],[-120.019,62.305],[-119.592,62.243],[-119.443,62.243],[-119.306,62.262],[-119.151,62.373],[-119.151,62.423],[-119.189,62.535],[-119.263,62.621],[-119.437,62.721],[-119.846,62.82],[-120.801,62.826],[-120.949,62.807],[-121.532,62.801],[-122.045,62.853],[-122.313,62.907],[-122.537,63.039],[-123.215,63.543],[-123.51,63.725]]]}},{"type":"Feature","properties":{"density":1},"geometry":{"type":"Polygon","coordinates":[[[-106.501,62.998],[-106.529,62.989],[-106.527,62.941],[-106.459,62.882],[-106.327,62.847],[-106.205,62.787],[-106.176,62.788],[-106.156,62.809],[-106.152,62.873],[-106.226,62.948],[-106.338,62.987],[-106.501,62.998]]]}},{"type":"Feature","properties":{"density":1},"geometry":{"type":"Polygon","coordinates":[[[-106.136,62.809],[-106.235,62.776],[-106.242,62.708],[-106.202,62.619],[-106.128,62.555],[-105.923,62.522],[-105.625,62.55],[-105.359,62.504],[-105.313,62.518],[-105.219,62.583],[-105.109,62.746],[-105.098,62.794],[-105.107,62.84],[-105.156,62.895],[-105.219,62.93],[-105.285,62.941],[-105.52,62.908],[-105.799,62.831],[-106.136,62.809]]]}},{"type":"Feature","properties":{"density":1},"geometry":{"type":"Polygon","coordinates":[[[-78.504,50.469],[-78.547,50.454],[-78.594,50.391],[-78.652,50.368],[-78.658,50.318],[-78.594,50.303],[-78.556,50.325],[-78.521,50.372],[-78.441,50.408],[-78.438,50.449],[-78.504,50.469]]]}},{"type":"Feature","properties":{"density":1},"geometry":{"type":"Polygon","coordinates":[[[-92.915,17.801],[-93.02,17.821],[-93.121,17.797],[-93.303,17.793],[-93.678,17.94],[-93.825,17.926],[-93.858,17.882],[-93.849,17.821],[-93.759,17.707],[-93.599,17.624],[-93.472,17.589],[-93.288,17.591],[-93.015,17.685],[-92.892,17.683],[-92.871,17.698],[-92.869,17.742],[-92.915,17.801]]]}},{"type":"Feature","properties":{"density":1},"geometry":{"type":"Polygon","coordinates":[[[-92.541,17.931],[-93.029,18.152],[-93.165,18.198],[-93.244,18.187],[-93.239,18.141],[-93.169,18.054],[-92.869,17.896],[-92.616,17.836],[-92.473,17.837],[-92.463,17.883],[-92.541,17.931]]]}},{"type":"Feature","properties":{"density":1},"geometry":{"type":"Polygon","coordinates":[[[-94.008,18.26],[-94.168,18.232],[-94.255,18.153],[-94.271,18.01],[-94.209,17.916],[-94.166,17.909],[-94.122,17.924],[-94.038,18.021],[-94.005,18.036],[-93.9,18.06],[-93.823,18.06],[-93.582,18.038],[-93.463,17.999],[-93.305,17.876],[-93.228,17.839],[-93.169,17.845],[-93.134,17.878],[-93.149,17.937],[-93.193,17.983],[-93.303,18.032],[-93.546,18.187],[-93.704,18.223],[-93.884,18.229],[-94.008,18.26]]]}},{"type":"Feature","properties":{"density":1},"geometry":{"type":"Polygon","coordinates":[[[-93.36,18.252],[-93.397,18.245],[-93.373,18.216],[-93.267,18.181],[-93.242,18.188],[-93.258,18.218],[-93.36,18.252]]]}},{"type":"Feature","properties":{"density":1},"geometry":{"type":"Polygon","coordinates":[[[-71.87,20.087],[-71.925,20.096],[-71.952,20.069],[-71.955,20.019],[-71.917,19.95],[-71.6,19.697],[-71.532,19.671],[-71.465,19.678],[-71.474,19.738],[-71.531,19.805],[-71.72,19.986],[-71.87,20.087]]]}},{"type":"Feature","properties":{"density":1},"geometry":{"type":"Polygon","coordinates":[[[-71.654,18.151],[-71.81,18.183],[-71.95,18.12],[-72.014,17.994],[-72.111,17.905],[-72.2,17.849],[-72.23,17.81],[-72.242,17.767],[-72.23,17.677],[-72.177,17.649],[-72.085,17.634],[-71.847,17.714],[-71.757,17.787],[-71.706,17.966],[-71.639,18.022],[-71.623,18.054],[-71.654,18.151]]]}},{"type":"Feature","properties":{"density":1},"geometry":{"type":"Polygon","coordinates":[[[-77.402,21.604],[-77.462,21.573],[-77.483,21.528],[-77.481,21.49],[-77.453,21.491],[-77.404,21.573],[-77.362,21.589],[-77.363,21.601],[-77.402,21.604]]]}},{"type":"Feature","properties":{"density":1},"geometry":{"type":"Polygon","coordinates":[[[-77.651,21.699],[-77.692,21.672],[-77.755,21.587],[-77.735,21.553],[-77.653,21.575],[-77.516,21.68],[-77.51,21.707],[-77.543,21.74],[-77.651,21.699]]]}},{"type":"Feature","properties":{"density":1},"geometry":{"type":"Polygon","coordinates":[[[-78.591,21.881],[-78.636,21.882],[-78.643,21.825],[-78.56,21.748],[-78.493,21.735],[-78.494,21.796],[-78.567,21.84],[-78.591,21.881]]]}},{"type":"Feature","properties":{"density":1},"geometry":{"type":"Polygon","coordinates":[[[-78.25,22.068],[-78.321,22.053],[-78.356,21.99],[-78.422,21.941],[-78.422,21.885],[-78.344,21.9],[-78.224,21.979],[-78.224,22.047],[-78.25,22.068]]]}},{"type":"Feature","properties":{"density":1},"geometry":{"type":"Polygon","coordinates":[[[-78.325,21.895],[-78.344,21.928],[-78.393,21.928],[-78.396,21.871],[-78.342,21.79],[-78.317,21.801],[-78.325,21.895]]]}},{"type":"Feature","properties":{"density":1},"geometry":{"type":"Polygon","coordinates":[[[-78.828,22.323],[-78.914,22.251],[-78.91,22.223],[-78.873,22.228],[-78.812,22.298],[-78.811,22.317],[-78.828,22.323]]]}},{"type":"Feature","properties":{"density":1},"geometry":{"type":"Polygon","coordinates":[[[-79.656,22.628],[-79.695,22.648],[-79.724,22.687],[-79.702,22.816],[-79.737,22.897],[-79.787,22.931],[-79.898,22.924],[-79.931,22.893],[-79.949,22.847],[-79.914,22.66],[-79.935,22.594],[-79.998,22.51],[-79.986,22.45],[-79.945,22.427],[-79.882,22.43],[-79.784,22.466],[-79.69,22.543],[-79.633,22.567],[-79.656,22.628]]]}},{"type":"Feature","properties":{"density":1},"geometry":{"type":"Polygon","coordinates":[[[-80.072,22.771],[-80.119,22.757],[-80.126,22.724],[-80.09,22.655],[-80.042,22.639],[-80.023,22.715],[-80.039,22.76],[-80.072,22.771]]]}},{"type":"Feature","properties":{"density":1},"geometry":{"type":"Polygon","coordinates":[[[-86.332,31.744],[-86.465,31.764],[-86.503,31.731],[-86.503,31.707],[-86.152,31.491],[-86.011,31.344],[-85.983,31.327],[-85.934,31.327],[-85.919,31.369],[-85.923,31.43],[-85.971,31.498],[-86.149,31.606],[-86.332,31.744]]]}},{"type":"Feature","properties":{"density":1},"geometry":{"type":"Polygon","coordinates":[[[-82.59,31.795],[-82.653,31.817],[-82.739,31.815],[-82.807,31.733],[-82.886,31.698],[-82.901,31.641],[-82.831,31.397],[-82.75,31.371],[-82.704,31.393],[-82.671,31.444],[-82.594,31.465],[-82.376,31.378],[-82.276,31.4],[-82.254,31.463],[-82.293,31.549],[-82.455,31.635],[-82.59,31.795]]]}},{"type":"Feature","properties":{"density":1},"geometry":{"type":"Polygon","coordinates":[[[-81.532,31.044],[-81.627,31.061],[-81.689,31.036],[-81.714,31.007],[-81.685,30.949],[-81.602,30.891],[-81.354,30.805],[-81.09,30.664],[-80.978,30.631],[-80.66,30.635],[-80.341,30.585],[-80.226,30.619],[-80.031,30.755],[-79.986,30.821],[-80.002,30.908],[-80.106,31.007],[-80.147,31.024],[-80.3,31.019],[-80.461,30.945],[-80.618,30.912],[-80.775,30.924],[-81.143,31.003],[-81.4,31.011],[-81.532,31.044]]]}},{"type":"Feature","properties":{"density":1},"geometry":{"type":"Polygon","coordinates":[[[-86.643,35.426],[-86.668,35.451],[-86.701,35.447],[-86.707,35.399],[-86.611,35.177],[-86.595,35.196],[-86.595,35.26],[-86.643,35.426]]]}},{"type":"Feature","properties":{"density":1},"geometry":{"type":"Polygon","coordinates":[[[-92.716,30.989],[-92.804,31.031],[-92.855,31.022],[-92.928,30.978],[-93.113,30.917],[-93.149,30.876],[-93.15,30.836],[-93.119,30.82],[-92.9,30.845],[-92.68,30.788],[-92.66,30.799],[-92.654,30.84],[-92.716,30.989]]]}},{"type":"Feature","properties":{"density":1},"geometry":{"type":"Polygon","coordinates":[[[-92.575,30.94],[-92.615,30.92],[-92.618,30.885],[-92.589,30.853],[-92.53,30.846],[-92.381,30.872],[-92.357,30.901],[-92.351,30.954],[-92.366,30.99],[-92.41,31.001],[-92.473,30.962],[-92.575,30.94]]]}},{"type":"Feature","properties":{"density":1},"geometry":{"type":"Polygon","coordinates":[[[-106.618,37.445],[-106.708,37.401],[-106.85,37.245],[-106.989,37.164],[-107.0,37.145],[-106.989,37.105],[-106.851,37.113],[-106.752,37.068],[-106.682,37.066],[-106.605,37.114],[-106.456,37.27],[-106.436,37.335],[-106.442,37.377],[-106.464,37.405],[-106.521,37.434],[-106.618,37.445]]]}},{"type":"Feature","properties":{"density":1},"geometry":{"type":"Polygon","coordinates":[[[-112.535,48.439],[-112.612,48.442],[-112.672,48.422],[-112.763,48.351],[-112.827,48.276],[-112.893,48.238],[-113.188,48.158],[-113.303,48.097],[-113.372,48.017],[-113.383,47.962],[-113.359,47.86],[-113.292,47.758],[-113.251,47.731],[-113.155,47.742],[-113.088,47.769],[-112.876,47.946],[-112.708,48.014],[-112.565,48.127],[-112.422,48.155],[-112.4,48.183],[-112.397,48.224],[-112.413,48.307],[-112.479,48.397],[-112.535,48.439]]]}},{"type":"Feature","properties":{"density":1},"geometry":{"type":"Polygon","coordinates":[[[-114.072,47.382],[-114.127,47.399],[-114.219,47.378],[-114.278,47.301],[-114.383,47.231],[-114.436,47.138],[-114.434,47.075],[-114.405,47.005],[-114.35,46.954],[-114.283,46.93],[-114.193,46.824],[-113.997,46.852],[-113.9,46.929],[-113.859,47.017],[-113.851,47.136],[-113.873,47.243],[-113.95,47.318],[-114.072,47.382]]]}},{"type":"Feature","properties":{"density":1},"geometry":{"type":"Polygon","coordinates":[[[-113.462,49.142],[-113.528,49.07],[-113.619,49.048],[-113.85,49.051],[-114.382,48.957],[-114.641,48.85],[-114.922,48.679],[-114.997,48.613],[-115.005,48.519],[-114.991,48.475],[-114.944,48.433],[-114.878,48.411],[-114.743,48.406],[-114.335,48.568],[-113.817,48.651],[-113.605,48.759],[-113.357,48.839],[-113.277,48.896],[-113.236,48.954],[-113.222,49.087],[-113.239,49.155],[-113.274,49.2],[-113.365,49.227],[-113.434,49.183],[-113.462,49.142]]]}},{"type":"Feature","properties":{"density":1},"geometry":{"type":"Polygon","coordinates":[[[-116.396,49.44],[-116.517,49.442],[-116.575,49.371],[-116.699,49.299],[-116.713,49.263],[-116.716,48.966],[-116.65,48.913],[-116.575,48.894],[-116.528,48.842],[-116.446,48.85],[-116.352,48.955],[-116.28,49.004],[-116.126,49.068],[-116.115,49.112],[-116.12,49.211],[-116.145,49.263],[-116.242,49.351],[-116.396,49.44]]]}},{"type":"Feature","properties":{"density":1},"geometry":{"type":"Polygon","coordinates":[[[-116.816,43.092],[-116.934,43.063],[-116.967,43.042],[-117.004,42.976],[-116.998,42.842],[-116.962,42.776],[-116.954,42.723],[-116.985,42.636],[-117.085,42.48],[-117.096,42.383],[-117.07,42.348],[-116.958,42.295],[-116.87,42.3],[-116.682,42.411],[-116.449,42.458],[-116.212,42.64],[-116.181,42.69],[-116.168,42.749],[-116.168,42.811],[-116.199,42.884],[-116.26,42.967],[-116.306,42.995],[-116.561,43.059],[-116.816,43.092]]]}},{"type":"Feature","properties":{"density":1},"geometry":{"type":"Polygon","coordinates":[[[-117.301,40.368],[-117.403,40.377],[-117.472,40.349],[-117.538,40.253],[-117.689,40.148],[-117.747,40.074],[-117.725,39.928],[-117.634,39.71],[-117.593,39.624],[-117.524,39.575],[-117.397,39.567],[-117.284,39.644],[-117.204,39.944],[-117.152,40.032],[-117.141,40.109],[-117.193,40.324],[-117.229,40.366],[-117.301,40.368]]]}},{"type":"Feature","properties":{"density":1},"geometry":{"type":"Polygon","coordinates":[[[-115.944,37.855],[-115.977,37.883],[-116.029,37.891],[-116.073,37.883],[-116.109,37.847],[-116.134,37.662],[-116.162,37.618],[-116.253,37.552],[-116.28,37.5],[-116.308,37.403],[-116.305,37.279],[-116.286,37.227],[-116.228,37.183],[-116.123,37.174],[-116.043,37.232],[-115.944,37.411],[-115.878,37.466],[-115.842,37.522],[-115.842,37.632],[-115.864,37.723],[-115.944,37.855]]]}},{"type":"Feature","properties":{"density":1},"geometry":{"type":"Polygon","coordinates":[[[-122.53,43.275],[-122.622,43.272],[-122.671,43.238],[-122.699,43.18],[-122.807,43.095],[-122.815,43.055],[-122.798,43.027],[-122.671,42.994],[-122.581,43.005],[-122.546,43.024],[-122.491,43.095],[-122.466,43.22],[-122.497,43.268],[-122.53,43.275]]]}},{"type":"Feature","properties":{"density":1},"geometry":{"type":"Polygon","coordinates":[[[-120.02,46.266],[-119.89,46.249],[-119.871,46.194],[-119.888,46.029],[-119.929,45.921],[-119.987,45.828],[-120.045,45.77],[-120.191,45.544],[-120.309,45.489],[-120.621,45.411],[-120.805,45.296],[-120.96,45.174],[-121.128,45.086],[-121.348,45.045],[-121.566,45.061],[-121.684,45.136],[-121.748,45.196],[-121.792,45.274],[-121.836,45.414],[-121.822,45.566],[-121.751,45.665],[-121.657,45.734],[-121.42,45.819],[-121.224,45.863],[-120.973,45.974],[-120.632,46.029],[-120.541,46.059],[-120.177,46.241],[-120.02,46.266]]]}},{"type":"Feature","properties":{"density":1},"geometry":{"type":"Polygon","coordinates":[[[-118.804,46.699],[-118.891,46.716],[-119.18,46.679],[-119.462,46.555],[-119.648,46.377],[-119.759,46.294],[-119.846,46.24],[-120.106,46.125],[-120.412,45.939],[-120.483,45.86],[-120.697,45.459],[-120.921,45.182],[-121.028,44.926],[-121.045,44.823],[-121.041,44.69],[-120.966,44.401],[-120.908,44.248],[-120.813,44.145],[-120.681,44.099],[-120.582,44.099],[-120.379,44.186],[-120.272,44.26],[-120.082,44.413],[-119.854,44.852],[-119.772,44.934],[-119.552,45.054],[-119.358,45.182],[-119.189,45.364],[-119.056,45.546],[-118.965,45.629],[-118.887,45.695],[-118.544,45.885],[-118.474,45.968],[-118.399,46.145],[-118.428,46.298],[-118.474,46.393],[-118.664,46.617],[-118.804,46.699]]]}},{"type":"Feature","properties":{"density":1},"geometry":{"type":"Polygon","coordinates":[[[-118.542,45.245],[-118.796,45.303],[-118.944,45.278],[-119.168,45.151],[-119.278,45.055],[-119.394,44.994],[-119.65,44.931],[-119.876,44.754],[-119.972,44.713],[-120.022,44.655],[-120.036,44.559],[-119.969,44.401],[-119.934,44.352],[-119.832,44.313],[-119.625,44.302],[-119.476,44.374],[-119.256,44.619],[-119.19,44.672],[-118.898,44.829],[-118.771,44.842],[-118.647,44.804],[-118.462,44.773],[-118.396,44.796],[-118.374,44.834],[-118.368,44.892],[-118.385,45.021],[-118.468,45.168],[-118.542,45.245]]]}},{"type":"Feature","properties":{"density":1},"geometry":{"type":"Polygon","coordinates":[[[-118.778,44.09],[-118.885,44.11],[-119.015,44.096],[-119.16,44.007],[-119.357,43.934],[-119.414,43.897],[-119.46,43.833],[-119.489,43.743],[-119.482,43.704],[-119.434,43.649],[-119.316,43.638],[-119.204,43.589],[-119.155,43.583],[-119.098,43.581],[-118.967,43.638],[-118.828,43.673],[-118.763,43.748],[-118.708,43.917],[-118.712,44.0],[-118.751,44.075],[-118.778,44.09]]]}},{"type":"Feature","properties":{"density":1},"geometry":{"type":"Polygon","coordinates":[[[-118.247,43.8],[-118.323,43.857],[-118.473,44.015],[-118.642,44.072],[-118.681,44.074],[-118.712,44.055],[-118.725,43.978],[-118.673,43.914],[-118.427,43.78],[-118.319,43.664],[-118.243,43.658],[-118.212,43.679],[-118.201,43.747],[-118.212,43.78],[-118.247,43.8]]]}},{"type":"Feature","properties":{"density":1},"geometry":{"type":"Polygon","coordinates":[[[-117.873,46.248],[-117.914,46.264],[-118.121,46.278],[-118.22,46.256],[-118.372,46.121],[-118.457,45.975],[-118.603,45.804],[-118.633,45.699],[-118.611,45.556],[-118.534,45.41],[-118.416,45.267],[-118.201,45.101],[-118.093,45.041],[-117.864,44.966],[-117.702,44.952],[-117.63,44.972],[-117.501,45.098],[-117.44,45.291],[-117.355,45.454],[-117.316,45.622],[-117.333,45.732],[-117.393,45.809],[-117.685,46.019],[-117.873,46.248]]]}},{"type":"Feature","properties":{"density":1},"geometry":{"type":"Polygon","coordinates":[[[-120.077,49.06],[-120.16,49.066],[-120.234,49.038],[-120.301,48.994],[-120.48,48.826],[-120.642,48.782],[-120.703,48.749],[-120.865,48.512],[-120.987,48.41],[-121.05,48.242],[-121.056,48.085],[-120.959,47.834],[-120.904,47.749],[-120.769,47.625],[-120.593,47.592],[-120.485,47.636],[-120.389,47.774],[-120.088,47.798],[-119.959,47.92],[-119.917,48.016],[-119.884,48.151],[-119.882,48.253],[-119.843,48.435],[-119.829,48.672],[-119.975,49.016],[-120.025,49.063],[-120.077,49.06]]]}},{"type":"Feature","properties":{"density":1},"geometry":{"type":"Polygon","coordinates":[[[-121.277,49.004],[-121.326,49.004],[-121.346,48.959],[-121.244,48.819],[-121.195,48.808],[-121.18,48.833],[-121.18,48.894],[-121.277,49.004]]]}},{"type":"Feature","properties":{"density":1},"geometry":{"type":"Polygon","coordinates":[[[-123.015,63.69],[-123.157,63.74],[-123.498,63.758],[-123.629,63.696],[-123.734,63.609],[-123.827,63.436],[-123.889,63.262],[-123.914,63.051],[-123.92,62.766],[-123.821,62.487],[-123.678,62.338],[-123.554,62.27],[-123.337,62.109],[-123.182,62.028],[-122.959,61.855],[-122.742,61.551],[-122.618,61.483],[-122.469,61.464],[-122.314,61.47],[-122.017,61.545],[-121.899,61.551],[-121.496,61.47],[-121.378,61.483],[-121.322,61.514],[-121.149,61.663],[-121.049,61.7],[-120.925,61.718],[-120.863,61.756],[-120.808,61.818],[-120.752,61.892],[-120.684,62.171],[-120.603,62.382],[-120.603,62.5],[-120.646,62.636],[-120.789,62.909],[-120.863,62.965],[-121.105,63.033],[-121.564,63.033],[-121.986,63.12],[-122.209,63.206],[-122.606,63.467],[-123.015,63.69]]]}},{"type":"Feature","properties":{"density":1},"geometry":{"type":"Polygon","coordinates":[[[-120.532,62.177],[-120.563,62.115],[-120.558,62.073],[-120.54,62.06],[-120.473,62.069],[-120.314,62.185],[-120.176,62.218],[-120.104,62.256],[-120.08,62.28],[-120.071,62.337],[-120.104,62.385],[-120.227,62.394],[-120.361,62.345],[-120.422,62.306],[-120.532,62.177]]]}},{"type":"Feature","properties":{"density":1},"geometry":{"type":"Polygon","coordinates":[[[-106.532,63.109],[-106.594,63.088],[-106.648,63.039],[-106.672,62.952],[-106.639,62.91],[-106.524,62.873],[-106.458,62.873],[-106.185,62.956],[-105.705,62.952],[-105.594,62.989],[-105.573,63.059],[-105.656,63.171],[-105.73,63.233],[-105.846,63.254],[-106.032,63.249],[-106.532,63.109]]]}},{"type":"Feature","properties":{"density":1},"geometry":{"type":"Polygon","coordinates":[[[-106.052,62.91],[-106.152,62.894],[-106.272,62.836],[-106.309,62.741],[-106.309,62.683],[-106.243,62.588],[-105.999,62.497],[-105.8,62.489],[-105.585,62.509],[-105.474,62.538],[-105.292,62.547],[-104.895,62.435],[-104.515,62.348],[-104.37,62.352],[-104.267,62.377],[-104.184,62.431],[-104.13,62.505],[-104.126,62.571],[-104.168,62.712],[-104.267,62.824],[-104.469,62.923],[-104.717,63.001],[-105.267,63.01],[-105.606,62.927],[-106.052,62.91]]]}},{"type":"Feature","properties":{"density":1},"geometry":{"type":"Polygon","coordinates":[[[-104.405,63.144],[-104.469,63.139],[-104.487,63.122],[-104.486,63.093],[-104.44,63.051],[-103.968,62.965],[-103.875,62.954],[-103.846,62.964],[-103.845,63.0],[-103.878,63.045],[-104.006,63.115],[-104.17,63.141],[-104.405,63.144]]]}},{"type":"Feature","properties":{"density":1},"geometry":{"type":"Polygon","coordinates":[[[-105.471,63.393],[-105.483,63.365],[-105.462,63.358],[-105.397,63.361],[-105.375,63.387],[-105.39,63.411],[-105.471,63.393]]]}},{"type":"Feature","properties":{"density":1},"geometry":{"type":"Polygon","coordinates":[[[-81.324,52.419],[-81.432,52.419],[-81.506,52.369],[-81.545,52.234],[-81.617,52.099],[-81.622,51.983],[-81.594,51.945],[-81.531,51.928],[-81.451,51.983],[-81.352,52.157],[-81.256,52.284],[-81.247,52.35],[-81.324,52.419]]]}},{"type":"Feature","properties":{"density":1},"geometry":{"type":"Polygon","coordinates":[[[-78.572,50.6],[-78.651,50.587],[-78.673,50.543],[-78.671,50.436],[-78.689,50.374],[-78.673,50.319],[-78.651,50.306],[-78.595,50.308],[-78.474,50.354],[-78.445,50.367],[-78.43,50.398],[-78.426,50.431],[-78.454,50.51],[-78.572,50.6]]]}},{"type":"Feature","properties":{"density":1},"geometry":{"type":"Polygon","coordinates":[[[-115.971,31.587],[-116.002,31.585],[-116.023,31.565],[-116.024,31.51],[-115.952,31.433],[-115.933,31.387],[-115.881,31.381],[-115.855,31.42],[-115.864,31.478],[-115.971,31.587]]]}},{"type":"Feature","properties":{"density":1},"geometry":{"type":"Polygon","coordinates":[[[-92.987,18.101],[-93.086,18.143],[-93.178,18.152],[-93.226,18.088],[-93.22,18.053],[-93.183,18.018],[-93.09,17.968],[-92.875,17.912],[-92.707,17.831],[-92.638,17.831],[-92.634,17.869],[-92.662,17.906],[-92.801,17.974],[-92.987,18.101]]]}},{"type":"Feature","properties":{"density":1},"geometry":{"type":"Polygon","coordinates":[[[-93.012,17.935],[-93.345,18.093],[-93.624,18.196],[-94.152,18.234],[-94.326,18.165],[-94.373,18.129],[-94.483,17.889],[-94.681,17.793],[-94.85,17.732],[-94.938,17.68],[-94.987,17.6],[-95.001,17.396],[-94.96,17.305],[-94.863,17.17],[-94.726,17.016],[-94.527,16.925],[-94.353,16.922],[-94.21,16.958],[-94.015,17.079],[-93.623,17.077],[-93.527,17.096],[-93.345,17.187],[-93.284,17.256],[-93.226,17.429],[-93.224,17.537],[-93.166,17.622],[-93.078,17.669],[-92.934,17.68],[-92.868,17.705],[-92.854,17.738],[-92.863,17.812],[-92.921,17.881],[-93.012,17.935]]]}},{"type":"Feature","properties":{"density":1},"geometry":{"type":"Polygon","coordinates":[[[-75.322,20.005],[-75.462,20.034],[-75.646,20.034],[-75.715,20.013],[-75.76,19.962],[-75.773,19.917],[-75.773,19.734],[-75.672,19.436],[-75.494,19.118],[-75.42,19.019],[-75.34,18.942],[-75.25,18.887],[-74.998,18.778],[-74.902,18.719],[-74.583,18.401],[-74.451,18.345],[-74.206,18.305],[-74.079,18.302],[-74.044,18.321],[-73.999,18.393],[-73.996,18.493],[-74.05,18.618],[-74.135,18.714],[-74.238,18.791],[-74.475,18.91],[-74.591,19.022],[-74.655,19.126],[-74.732,19.362],[-74.878,19.657],[-74.974,19.766],[-75.322,20.005]]]}},{"type":"Feature","properties":{"density":1},"geometry":{"type":"Polygon","coordinates":[[[-75.352,21.378],[-75.439,21.413],[-75.559,21.399],[-75.639,21.346],[-75.673,21.261],[-75.641,21.091],[-75.487,20.863],[-75.471,20.767],[-75.392,20.65],[-75.214,20.539],[-75.062,20.475],[-75.009,20.467],[-74.956,20.491],[-74.916,20.547],[-74.919,20.677],[-75.097,20.948],[-75.246,21.243],[-75.352,21.378]]]}},{"type":"Feature","properties":{"density":1},"geometry":{"type":"Polygon","coordinates":[[[-74.899,20.221],[-75.145,20.32],[-75.297,20.347],[-75.465,20.343],[-75.644,20.43],[-75.821,20.481],[-75.872,20.48],[-75.94,20.449],[-75.995,20.375],[-76.002,20.315],[-75.987,20.271],[-75.941,20.221],[-75.759,20.138],[-75.679,20.124],[-75.57,20.124],[-75.297,20.173],[-75.223,20.173],[-75.155,20.168],[-74.939,20.099],[-74.883,20.095],[-74.874,20.15],[-74.899,20.221]]]}},{"type":"Feature","properties":{"density":1},"geometry":{"type":"Polygon","coordinates":[[[-76.122,20.435],[-76.157,20.451],[-76.2,20.43],[-76.218,20.398],[-76.218,20.304],[-76.081,20.129],[-75.996,20.071],[-75.956,20.069],[-75.938,20.129],[-75.959,20.186],[-76.058,20.373],[-76.122,20.435]]]}},{"type":"Feature","properties":{"density":1},"geometry":{"type":"Polygon","coordinates":[[[-77.863,21.566],[-77.883,21.505],[-77.83,21.483],[-77.528,21.687],[-77.527,21.738],[-77.59,21.75],[-77.634,21.729],[-77.863,21.566]]]}},{"type":"Feature","properties":{"density":1},"geometry":{"type":"Polygon","coordinates":[[[-78.367,22.77],[-78.446,22.783],[-78.58,22.759],[-78.701,22.691],[-78.754,22.562],[-78.874,22.428],[-78.905,22.327],[-78.911,22.22],[-78.878,22.118],[-78.87,21.958],[-78.846,21.882],[-78.8,21.881],[-78.729,21.915],[-78.67,22.018],[-78.62,22.158],[-78.569,22.224],[-78.418,22.281],[-78.321,22.336],[-78.253,22.38],[-78.233,22.415],[-78.218,22.496],[-78.233,22.584],[-78.315,22.722],[-78.367,22.77]]]}},{"type":"Feature","properties":{"density":1},"geometry":{"type":"Polygon","coordinates":[[[-80.318,22.391],[-80.344,22.404],[-80.399,22.397],[-80.457,22.351],[-80.472,22.285],[-80.467,22.116],[-80.505,22.039],[-80.582,21.991],[-80.702,21.95],[-80.742,21.914],[-80.773,21.748],[-80.759,21.713],[-80.707,21.669],[-80.586,21.645],[-80.45,21.699],[-80.34,21.787],[-80.285,21.87],[-80.252,21.972],[-80.252,22.053],[-80.316,22.307],[-80.318,22.391]]]}},{"type":"Feature","properties":{"density":1},"geometry":{"type":"Polygon","coordinates":[[[-79.873,22.558],[-79.961,22.575],[-80.029,22.54],[-80.162,22.511],[-80.187,22.472],[-80.189,22.415],[-80.143,22.369],[-80.037,22.34],[-79.881,22.377],[-79.82,22.421],[-79.833,22.49],[-79.873,22.558]]]}},{"type":"Feature","properties":{"density":1},"geometry":{"type":"Polygon","coordinates":[[[-79.768,23.091],[-79.781,23.115],[-79.823,23.135],[-79.906,23.137],[-79.941,23.121],[-79.976,23.075],[-79.985,22.985],[-80.023,22.926],[-80.251,22.81],[-80.295,22.77],[-80.382,22.621],[-80.385,22.535],[-80.369,22.492],[-80.304,22.417],[-80.257,22.386],[-80.139,22.355],[-79.909,22.351],[-79.773,22.397],[-79.724,22.432],[-79.643,22.529],[-79.582,22.617],[-79.584,22.727],[-79.709,22.895],[-79.768,23.091]]]}},{"type":"Feature","properties":{"density":1},"geometry":{"type":"Polygon","coordinates":[[[-80.098,22.778],[-80.342,22.641],[-80.362,22.588],[-80.302,22.575],[-80.248,22.589],[-80.06,22.707],[-80.042,22.74],[-80.049,22.772],[-80.098,22.778]]]}},{"type":"Feature","properties":{"density":1},"geometry":{"type":"Polygon","coordinates":[[[-80.025,22.691],[-80.059,22.701],[-80.096,22.687],[-80.152,22.633],[-80.303,22.542],[-80.32,22.501],[-80.311,22.466],[-80.282,22.455],[-80.141,22.535],[-80.066,22.618],[-80.013,22.649],[-80.025,22.691]]]}},{"type":"Feature","properties":{"density":1},"geometry":{"type":"Polygon","coordinates":[[[-79.744,22.758],[-79.79,22.761],[-79.886,22.701],[-80.06,22.537],[-80.066,22.475],[-80.026,22.461],[-79.975,22.478],[-79.873,22.608],[-79.736,22.702],[-79.731,22.745],[-79.744,22.758]]]}},{"type":"Feature","properties":{"density":1},"geometry":{"type":"Polygon","coordinates":[[[-79.774,22.629],[-79.824,22.636],[-79.934,22.551],[-79.951,22.513],[-79.906,22.517],[-79.792,22.566],[-79.768,22.596],[-79.774,22.629]]]}},{"type":"Feature","properties":{"density":1},"geometry":{"type":"Polygon","coordinates":[[[-79.618,22.637],[-79.693,22.621],[-79.769,22.549],[-79.971,22.446],[-79.999,22.395],[-80.0,22.34],[-79.948,22.313],[-79.918,22.314],[-79.803,22.353],[-79.706,22.468],[-79.607,22.535],[-79.599,22.594],[-79.618,22.637]]]}},{"type":"Feature","properties":{"density":1},"geometry":{"type":"Polygon","coordinates":[[[-81.024,22.757],[-81.035,22.684],[-80.994,22.67],[-80.917,22.784],[-80.868,22.823],[-80.876,22.856],[-80.918,22.857],[-81.024,22.757]]]}},{"type":"Feature","properties":{"density":1},"geometry":{"type":"Polygon","coordinates":[[[-79.753,25.383],[-79.976,25.414],[-80.138,25.414],[-80.379,25.377],[-80.547,25.296],[-80.708,25.147],[-80.807,24.992],[-80.968,24.837],[-81.21,24.707],[-81.502,24.651],[-82.023,24.596],[-82.618,24.49],[-82.99,24.354],[-83.108,24.224],[-83.337,23.895],[-83.622,23.641],[-83.659,23.529],[-83.653,23.349],[-83.548,23.083],[-83.548,22.915],[-83.61,22.76],[-83.715,22.574],[-83.876,22.351],[-83.926,22.227],[-83.976,22.078],[-83.988,21.973],[-83.951,21.849],[-83.852,21.762],[-83.721,21.706],[-83.548,21.663],[-83.356,21.657],[-83.176,21.712],[-82.767,21.998],[-82.593,22.06],[-82.364,22.097],[-82.178,22.097],[-81.861,22.01],[-81.477,21.841],[-80.925,21.748],[-80.658,21.748],[-80.472,21.772],[-79.964,21.934],[-79.803,21.996],[-79.666,22.082],[-79.58,22.163],[-79.431,22.454],[-79.387,22.603],[-79.356,22.808],[-79.27,23.087],[-79.183,23.304],[-79.115,23.57],[-79.015,23.992],[-78.997,24.265],[-79.034,24.513],[-79.127,24.755],[-79.239,24.99],[-79.443,25.257],[-79.753,25.383]]]}},{"type":"Feature","properties":{"density":1},"geometry":{"type":"Polygon","coordinates":[[[-86.21,32.889],[-86.255,32.917],[-86.297,32.907],[-86.324,32.854],[-86.305,32.41],[-86.242,32.223],[-86.195,32.143],[-86.129,32.091],[-86.06,32.072],[-85.994,32.077],[-85.892,32.171],[-85.889,32.298],[-86.123,32.576],[-86.21,32.889]]]}},{"type":"Feature","properties":{"density":1},"geometry":{"type":"Polygon","coordinates":[[[-86.826,34.239],[-86.856,34.25],[-86.878,34.201],[-86.896,33.863],[-86.881,33.835],[-86.854,33.824],[-86.828,33.824],[-86.806,33.859],[-86.778,33.986],[-86.782,34.085],[-86.826,34.239]]]}},{"type":"Feature","properties":{"density":1},"geometry":{"type":"Polygon","coordinates":[[[-90.231,33.24],[-90.256,33.244],[-90.278,33.203],[-90.269,33.119],[-90.24,33.042],[-90.084,32.777],[-90.016,32.709],[-89.986,32.704],[-89.964,32.72],[-89.959,32.762],[-89.955,32.849],[-89.975,32.926],[-90.141,33.095],[-90.231,33.24]]]}},{"type":"Feature","properties":{"density":1},"geometry":{"type":"Polygon","coordinates":[[[-81.418,31.218],[-81.604,31.2],[-81.762,31.088],[-81.8,31.042],[-81.8,30.958],[-81.735,30.846],[-81.437,30.586],[-81.13,30.391],[-80.814,30.279],[-80.591,30.233],[-80.339,30.214],[-80.051,30.242],[-79.558,30.567],[-79.372,30.651],[-79.168,30.688],[-78.87,30.819],[-78.758,30.921],[-78.768,31.07],[-78.87,31.2],[-79.093,31.339],[-79.326,31.377],[-79.558,31.377],[-79.93,31.246],[-80.572,31.181],[-81.418,31.218]]]}},{"type":"Feature","properties":{"density":1},"geometry":{"type":"Polygon","coordinates":[[[-93.121,30.922],[-93.002,30.987],[-92.864,31.105],[-92.743,31.174],[-92.655,31.202],[-92.464,31.213],[-92.398,31.202],[-92.192,31.07],[-92.148,30.962],[-92.142,30.879],[-92.15,30.791],[-92.2,30.681],[-92.283,30.593],[-92.349,30.541],[-92.561,30.441],[-92.69,30.326],[-92.842,30.127],[-92.9,30.083],[-93.084,30.056],[-93.17,30.111],[-93.253,30.243],[-93.291,30.331],[-93.313,30.447],[-93.316,30.527],[-93.283,30.656],[-93.178,30.877],[-93.121,30.922]]]}},{"type":"Feature","properties":{"density":1},"geometry":{"type":"Polygon","coordinates":[[[-100.019,38.525],[-100.14,38.52],[-100.192,38.446],[-100.214,38.318],[-100.296,38.163],[-100.302,38.116],[-100.265,38.057],[-100.188,38.077],[-100.037,38.257],[-99.905,38.316],[-99.883,38.384],[-99.894,38.419],[-99.975,38.518],[-100.019,38.525]]]}},{"type":"Feature","properties":{"density":1},"geometry":{"type":"Polygon","coordinates":[[[-97.398,29.639],[-97.431,29.656],[-97.522,29.661],[-97.544,29.642],[-97.555,29.601],[-97.552,29.512],[-97.497,29.339],[-97.456,29.099],[-97.37,28.768],[-97.301,28.655],[-97.26,28.62],[-97.219,28.614],[-97.188,28.628],[-97.164,28.68],[-97.161,28.901],[-97.175,28.986],[-97.235,29.193],[-97.398,29.639]]]}},{"type":"Feature","properties":{"density":1},"geometry":{"type":"Polygon","coordinates":[[[-106.149,37.343],[-106.494,37.465],[-106.637,37.473],[-106.885,37.316],[-107.017,37.164],[-107.042,37.09],[-107.006,37.06],[-106.943,37.043],[-106.665,37.093],[-106.334,37.035],[-106.108,37.043],[-106.039,37.098],[-106.031,37.167],[-106.064,37.28],[-106.149,37.343]]]}},{"type":"Feature","properties":{"density":1},"geometry":{"type":"Polygon","coordinates":[[[-113.257,48.058],[-113.345,48.036],[-113.389,47.961],[-113.384,47.892],[-113.329,47.752],[-113.276,47.702],[-113.221,47.68],[-113.144,47.678],[-112.979,47.727],[-112.684,47.915],[-112.549,47.953],[-112.298,47.992],[-112.218,48.036],[-112.138,48.113],[-112.067,48.273],[-112.05,48.377],[-112.069,48.515],[-112.111,48.587],[-112.213,48.659],[-112.372,48.689],[-112.585,48.659],[-112.703,48.584],[-112.802,48.493],[-112.954,48.204],[-113.072,48.121],[-113.257,48.058]]]}},{"type":"Feature","properties":{"density":1},"geometry":{"type":"Polygon","coordinates":[[[-111.732,39.734],[-111.87,39.726],[-111.922,39.704],[-112.029,39.602],[-112.366,39.47],[-112.49,39.368],[-112.592,39.257],[-112.677,39.109],[-112.694,38.985],[-112.586,38.734],[-112.536,38.673],[-112.443,38.668],[-112.404,38.69],[-112.291,38.783],[-112.062,39.026],[-111.966,39.095],[-111.823,39.161],[-111.624,39.348],[-111.591,39.403],[-111.594,39.594],[-111.679,39.718],[-111.732,39.734]]]}},{"type":"Feature","properties":{"density":1},"geometry":{"type":"Polygon","coordinates":[[[-115.559,31.892],[-115.756,31.864],[-115.988,31.917],[-116.257,31.926],[-116.422,31.839],[-116.463,31.76],[-116.48,31.665],[-116.443,31.578],[-116.348,31.483],[-116.124,31.355],[-115.938,31.297],[-115.707,31.289],[-115.554,31.359],[-115.455,31.45],[-115.38,31.603],[-115.36,31.744],[-115.38,31.81],[-115.459,31.892],[-115.559,31.892]]]}},{"type":"Feature","properties":{"density":1},"geometry":{"type":"Polygon","coordinates":[[[-115.353,32.556],[-115.408,32.578],[-115.423,32.567],[-115.425,32.532],[-115.392,32.459],[-115.175,32.246],[-115.039,32.165],[-114.989,32.165],[-115.002,32.233],[-115.043,32.286],[-115.267,32.452],[-115.353,32.556]]]}},{"type":"Feature","properties":{"density":1},"geometry":{"type":"Polygon","coordinates":[[[-98.036,21.266],[-98.232,21.428],[-98.378,21.638],[-98.461,21.729],[-98.549,21.809],[-98.651,21.869],[-98.742,21.891],[-98.836,21.886],[-98.971,21.679],[-98.971,21.486],[-98.927,21.373],[-98.786,21.241],[-98.359,21.012],[-98.232,20.963],[-98.031,20.916],[-97.824,20.91],[-97.788,20.941],[-97.78,21.001],[-97.802,21.059],[-97.86,21.15],[-98.036,21.266]]]}},{"type":"Feature","properties":{"density":1},"geometry":{"type":"Polygon","coordinates":[[[-94.589,17.891],[-94.61,17.908],[-94.637,17.892],[-94.649,17.76],[-94.743,17.592],[-94.738,17.555],[-94.696,17.561],[-94.636,17.642],[-94.586,17.807],[-94.589,17.891]]]}},{"type":"Feature","properties":{"density":1},"geometry":{"type":"Polygon","coordinates":[[[-94.79,17.751],[-94.794,17.764],[-94.827,17.76],[-94.867,17.72],[-94.925,17.55],[-95.0,17.409],[-95.008,17.333],[-94.991,17.32],[-94.938,17.333],[-94.87,17.448],[-94.801,17.655],[-94.79,17.751]]]}},{"type":"Feature","properties":{"density":1},"geometry":{"type":"Polygon","coordinates":[[[-92.504,18.887],[-92.539,18.893],[-92.559,18.878],[-92.568,18.847],[-92.552,18.792],[-92.352,18.614],[-92.271,18.559],[-91.979,18.424],[-91.856,18.384],[-91.791,18.384],[-91.788,18.435],[-91.804,18.456],[-92.008,18.614],[-92.504,18.887]]]}},{"type":"Feature","properties":{"density":1},"geometry":{"type":"Polygon","coordinates":[[[-115.725,38.466],[-115.803,38.487],[-115.882,38.475],[-116.051,38.346],[-116.117,38.243],[-116.188,38.065],[-116.241,37.859],[-116.32,37.739],[-116.477,37.569],[-116.51,37.466],[-116.522,37.35],[-116.514,37.243],[-116.485,37.181],[-116.415,37.127],[-116.324,37.098],[-116.105,37.111],[-115.853,37.152],[-115.464,37.276],[-115.278,37.371],[-115.158,37.4],[-115.071,37.412],[-114.617,37.404],[-114.526,37.421],[-114.505,37.516],[-114.526,37.598],[-114.617,37.759],[-114.679,37.826],[-114.753,37.871],[-115.167,38.028],[-115.406,38.194],[-115.725,38.466]]]}},{"type":"Feature","properties":{"density":1},"geometry":{"type":"Polygon","coordinates":[[[-119.473,35.818],[-119.517,35.807],[-119.534,35.765],[-119.473,35.625],[-119.407,35.557],[-119.317,35.545],[-119.278,35.585],[-119.273,35.612],[-119.297,35.717],[-119.348,35.778],[-119.473,35.818]]]}},{"type":"Feature","properties":{"density":1},"geometry":{"type":"Polygon","coordinates":[[[-123.3,38.612],[-123.337,38.622],[-123.368,38.603],[-123.386,38.535],[-123.344,38.438],[-123.265,38.381],[-123.083,38.298],[-122.96,38.188],[-122.868,38.175],[-122.769,38.192],[-122.725,38.223],[-122.723,38.353],[-122.76,38.431],[-122.82,38.489],[-122.901,38.519],[-123.186,38.567],[-123.3,38.612]]]}},{"type":"Feature","properties":{"density":1},"geometry":{"type":"Polygon","coordinates":[[[-122.236,43.523],[-122.252,43.537],[-122.331,43.541],[-122.397,43.495],[-122.469,43.377],[-122.658,43.273],[-122.686,43.21],[-122.686,43.17],[-122.645,43.076],[-122.603,43.049],[-122.502,43.041],[-122.449,43.063],[-122.327,43.175],[-122.195,43.247],[-122.173,43.377],[-122.236,43.523]]]}},{"type":"Feature","properties":{"density":1},"geometry":{"type":"Polygon","coordinates":[[[-118.783,47.476],[-118.957,47.448],[-119.028,47.399],[-119.161,47.206],[-119.166,47.148],[-119.138,47.101],[-119.094,47.085],[-119.045,47.096],[-118.868,47.302],[-118.733,47.388],[-118.717,47.462],[-118.733,47.481],[-118.783,47.476]]]}},{"type":"Feature","properties":{"density":1},"geometry":{"type":"Polygon","coordinates":[[[-119.24,46.762],[-119.262,46.759],[-119.342,46.688],[-119.353,46.644],[-119.32,46.611],[-119.216,46.58],[-119.185,46.5],[-119.136,46.487],[-119.034,46.506],[-118.896,46.608],[-118.753,46.809],[-118.631,46.886],[-118.582,47.002],[-118.609,47.06],[-118.656,47.082],[-118.736,47.06],[-118.866,46.994],[-119.116,46.765],[-119.24,46.762]]]}},{"type":"Feature","properties":{"density":1},"geometry":{"type":"Polygon","coordinates":[[[-116.592,49.425],[-116.642,49.45],[-116.681,49.447],[-116.711,49.406],[-116.711,49.332],[-116.689,49.271],[-116.631,49.186],[-116.59,48.968],[-116.546,48.938],[-116.479,48.962],[-116.444,49.026],[-116.427,49.106],[-116.444,49.18],[-116.592,49.425]]]}},{"type":"Feature","properties":{"density":1},"geometry":{"type":"Polygon","coordinates":[[[-105.152,56.415],[-105.264,56.421],[-105.412,56.397],[-105.58,56.192],[-105.735,56.118],[-105.89,56.068],[-105.989,55.963],[-106.014,55.783],[-105.939,55.541],[-105.76,55.38],[-105.034,55.045],[-104.352,54.816],[-104.092,54.766],[-103.589,54.741],[-103.366,54.816],[-103.205,55.026],[-103.224,55.293],[-103.317,55.504],[-103.459,55.659],[-103.881,56.018],[-104.241,56.204],[-104.699,56.291],[-105.152,56.415]]]}},{"type":"Feature","properties":{"density":1},"geometry":{"type":"Polygon","coordinates":[[[-91.663,54.399],[-91.729,54.349],[-91.75,54.308],[-91.742,54.27],[-91.605,54.213],[-91.312,54.208],[-90.915,54.316],[-90.237,54.374],[-89.551,54.502],[-89.427,54.535],[-89.34,54.58],[-89.324,54.651],[-89.344,54.729],[-89.431,54.783],[-89.592,54.808],[-89.712,54.808],[-90.295,54.692],[-90.977,54.605],[-91.291,54.489],[-91.663,54.399]]]}},{"type":"Feature","properties":{"density":1},"geometry":{"type":"Polygon","coordinates":[[[-90.097,54.427],[-90.167,54.386],[-90.225,54.295],[-90.175,54.266],[-90.088,54.246],[-89.902,54.237],[-89.749,54.283],[-89.514,54.32],[-89.398,54.324],[-89.258,54.303],[-88.91,54.208],[-88.228,53.886],[-87.84,53.803],[-87.596,53.791],[-87.426,53.812],[-87.315,53.865],[-87.261,53.969],[-87.24,54.051],[-87.24,54.151],[-87.286,54.287],[-87.356,54.39],[-87.492,54.502],[-87.674,54.63],[-87.889,54.713],[-88.129,54.75],[-88.336,54.758],[-88.799,54.671],[-89.456,54.609],[-89.832,54.518],[-90.097,54.427]]]}},{"type":"Feature","properties":{"density":1},"geometry":{"type":"Polygon","coordinates":[[[-87.897,53.049],[-88.147,53.062],[-88.491,52.976],[-89.034,52.946],[-89.148,52.917],[-89.218,52.873],[-89.242,52.803],[-89.174,52.766],[-89.06,52.761],[-88.834,52.787],[-88.443,52.742],[-88.039,52.836],[-87.596,52.831],[-87.421,52.862],[-87.363,52.891],[-87.333,52.928],[-87.33,52.963],[-87.359,53.013],[-87.409,53.038],[-87.723,53.022],[-87.897,53.049]]]}},{"type":"Feature","properties":{"density":1},"geometry":{"type":"Polygon","coordinates":[[[-78.083,50.739],[-78.162,50.864],[-78.213,50.899],[-78.371,50.941],[-78.43,50.921],[-78.472,50.883],[-78.537,50.745],[-78.662,50.682],[-78.709,50.646],[-78.739,50.598],[-78.746,50.559],[-78.711,50.431],[-78.715,50.333],[-78.7,50.286],[-78.663,50.26],[-78.614,50.26],[-78.384,50.376],[-78.114,50.405],[-78.064,50.436],[-78.03,50.471],[-78.022,50.574],[-78.083,50.739]]]}},{"type":"Feature","properties":{"density":1},"geometry":{"type":"Polygon","coordinates":[[[-78.37,52.327],[-78.398,52.369],[-78.456,52.402],[-78.514,52.405],[-78.572,52.369],[-78.599,52.339],[-78.624,52.234],[-78.709,52.079],[-78.731,51.958],[-78.726,51.884],[-78.668,51.691],[-78.635,51.65],[-78.591,51.644],[-78.549,51.669],[-78.442,51.809],[-78.362,51.848],[-78.321,51.895],[-78.288,52.041],[-78.37,52.327]]]}},{"type":"Feature","properties":{"density":1},"geometry":{"type":"Polygon","coordinates":[[[-113.943,33.957],[-114.253,34.003],[-114.581,33.889],[-115.02,33.697],[-115.704,33.157],[-116.039,32.965],[-116.443,32.79],[-116.624,32.65],[-116.764,32.497],[-116.861,32.329],[-117.068,31.731],[-117.179,31.464],[-117.224,31.241],[-117.629,30.279],[-117.81,29.804],[-117.936,29.274],[-118.005,28.897],[-118.047,28.465],[-118.033,27.949],[-117.977,27.488],[-117.894,27.126],[-117.754,26.791],[-117.531,26.442],[-117.424,26.155],[-117.182,25.69],[-116.652,25.095],[-115.921,24.66],[-115.398,24.513],[-113.933,24.325],[-113.242,24.325],[-112.51,24.304],[-111.673,24.199],[-110.815,24.053],[-110.187,23.906],[-109.476,23.592],[-108.931,23.153],[-107.846,21.714],[-107.636,21.49],[-107.483,21.211],[-107.357,20.849],[-107.274,20.5],[-107.023,19.774],[-106.855,19.384],[-106.632,18.951],[-106.367,18.491],[-106.074,18.114],[-105.683,17.71],[-105.321,17.277],[-104.595,16.747],[-103.995,16.259],[-103.646,16.091],[-102.712,15.882],[-101.777,15.603],[-101.345,15.422],[-100.41,14.585],[-99.894,14.027],[-99.601,13.748],[-99.015,13.092],[-98.834,12.827],[-98.527,12.464],[-98.248,12.185],[-97.941,11.92],[-97.62,11.725],[-97.257,11.544],[-96.964,11.446],[-96.546,11.376],[-95.946,11.334],[-95.583,11.39],[-94.858,11.585],[-94.537,11.627],[-93.553,11.551],[-93.161,11.443],[-92.842,11.241],[-92.598,11.181],[-92.137,10.944],[-91.816,10.818],[-91.551,10.734],[-90.965,10.553],[-90.296,10.539],[-89.528,10.651],[-89.221,10.72],[-88.594,10.93],[-88.398,11.055],[-88.161,11.251],[-87.394,12.182],[-87.115,12.656],[-86.905,13.103],[-86.78,13.647],[-86.682,14.219],[-86.682,15.237],[-86.766,15.753],[-86.877,16.339],[-87.324,17.888],[-87.831,20.035],[-87.942,20.286],[-88.124,20.579],[-88.305,20.76],[-88.486,20.872],[-88.654,20.9],[-88.961,20.872],[-89.602,20.718],[-89.965,20.649],[-90.356,20.593],[-91.095,20.523],[-92.114,20.509],[-92.616,20.537],[-93.104,20.705],[-93.453,20.942],[-93.704,21.263],[-94.025,21.988],[-94.136,22.337],[-94.136,22.672],[-94.053,23.104],[-93.913,23.481],[-93.746,23.802],[-93.523,24.109],[-93.202,24.36],[-92.895,24.639],[-92.49,24.806],[-92.03,24.932],[-91.597,24.987],[-90.272,24.973],[-89.616,24.987],[-88.696,25.169],[-88.249,25.28],[-87.747,25.336],[-86.226,25.336],[-85.752,25.28],[-85.32,25.141],[-84.887,24.904],[-84.636,24.653],[-84.455,24.401],[-84.399,24.178],[-84.427,23.885],[-84.58,23.69],[-84.803,23.453],[-84.999,23.216],[-85.054,22.867],[-85.027,22.532],[-84.901,22.225],[-84.608,21.904],[-83.98,21.583],[-83.073,21.374],[-82.041,21.053],[-81.595,20.83],[-81.232,20.621],[-80.981,20.342],[-80.688,20.049],[-80.339,19.84],[-79.809,19.561],[-78.059,18.861],[-76.929,18.673],[-75.314,18.508],[-74.528,18.39],[-73.633,18.437],[-72.833,18.531],[-69.302,18.531],[-67.983,18.673],[-66.571,19.144],[-64.075,20.226],[-62.804,21.027],[-61.815,21.874],[-59.979,23.993],[-58.566,25.264],[-57.531,26.441],[-56.354,27.477],[-55.224,28.984],[-54.046,30.491],[-53.293,31.762],[-52.775,32.892],[-52.446,34.352],[-52.21,35.529],[-51.363,37.6],[-50.751,38.495],[-50.421,39.484],[-50.28,40.567],[-50.327,41.791],[-51.41,43.533],[-52.069,43.957],[-52.869,44.098],[-56.019,44.501],[-56.584,44.595],[-57.494,44.72],[-58.593,44.815],[-59.974,44.815],[-61.386,44.595],[-62.673,44.124],[-63.678,43.779],[-64.462,43.371],[-66.283,42.303],[-66.942,41.895],[-67.727,41.519],[-68.606,41.268],[-69.673,41.173],[-70.583,41.268],[-72.948,43.308],[-73.325,43.517],[-73.869,43.768],[-74.392,44.061],[-74.894,44.396],[-75.459,44.856],[-76.652,46.07],[-77.133,46.719],[-77.405,47.409],[-77.552,48.121],[-77.573,48.916],[-77.363,49.669],[-77.049,50.339],[-76.652,51.071],[-76.108,51.678],[-74.538,52.892],[-74.245,53.29],[-74.036,53.75],[-73.651,55.782],[-74.027,56.77],[-74.404,57.429],[-75.251,58.136],[-76.57,58.654],[-77.841,58.889],[-78.83,58.889],[-80.195,58.701],[-81.325,58.465],[-83.679,57.9],[-85.092,57.477],[-86.316,57.194],[-87.446,57.006],[-88.859,56.817],[-90.318,56.817],[-91.731,56.912],[-93.379,57.335],[-94.885,57.806],[-96.015,58.371],[-96.91,59.124],[-97.522,59.878],[-98.087,60.867],[-98.84,62.044],[-99.5,62.985],[-101.263,64.56],[-101.597,64.916],[-102.225,65.397],[-103.857,66.569],[-106.933,68.41],[-107.31,68.62],[-108.21,68.913],[-109.068,69.122],[-109.863,69.268],[-110.826,69.394],[-111.516,69.394],[-112.27,69.289],[-112.814,69.08],[-114.111,68.389],[-114.655,68.055],[-115.367,67.678],[-115.994,67.322],[-116.936,66.987],[-117.941,66.757],[-118.966,66.674],[-120.954,66.569],[-123.109,66.36],[-123.946,66.088],[-124.637,65.69],[-125.39,64.79],[-125.833,64.368],[-125.872,63.869],[-125.683,62.76],[-125.61,62.164],[-125.433,61.411],[-125.244,60.751],[-124.02,59.341],[-123.549,58.994],[-123.151,58.889],[-122.712,58.638],[-122.461,58.366],[-122.314,58.178],[-122.147,57.571],[-122.105,57.194],[-122.084,56.755],[-122.272,56.273],[-122.586,56.001],[-122.858,55.708],[-123.737,54.536],[-123.946,54.16],[-124.28,53.673],[-124.336,53.515],[-124.355,53.264],[-124.327,53.022],[-124.141,52.297],[-124.001,51.934],[-122.857,50.074],[-122.457,49.6],[-122.281,49.367],[-122.141,49.135],[-122.03,48.902],[-121.62,47.879],[-121.555,47.758],[-121.444,47.674],[-121.286,47.628],[-120.644,47.563],[-120.458,47.516],[-120.179,47.368],[-120.011,47.256],[-119.881,47.135],[-119.77,46.986],[-119.677,46.809],[-119.677,46.633],[-119.751,46.484],[-119.853,46.382],[-120.077,46.279],[-120.328,46.214],[-120.979,46.112],[-121.239,46.103],[-122.662,45.724],[-122.783,45.65],[-123.136,45.343],[-123.276,45.185],[-123.499,44.85],[-123.778,44.478],[-123.787,44.274],[-123.75,44.022],[-123.573,43.595],[-123.304,43.176],[-123.155,43.027],[-122.764,42.758],[-122.513,42.655],[-122.039,42.553],[-121.453,42.46],[-121.165,42.451],[-120.681,42.311],[-120.346,42.06],[-119.825,41.809],[-119.537,41.697],[-119.323,41.651],[-118.923,41.604],[-118.44,41.446],[-118.272,41.288],[-118.189,41.121],[-118.133,40.897],[-118.142,40.656],[-118.207,40.423],[-118.491,39.602],[-118.407,39.379],[-118.212,39.24],[-117.737,39.072],[-117.528,39.044],[-117.361,38.961],[-117.124,38.612],[-117.068,38.361],[-117.054,38.11],[-117.054,37.412],[-116.942,37.175],[-116.789,37.063],[-116.552,36.952],[-116.301,36.896],[-115.896,36.882],[-115.687,36.896],[-115.408,36.98],[-114.975,37.022],[-114.78,37.133],[-114.32,37.566],[-114.138,37.691],[-113.134,38.054],[-112.715,38.096],[-112.059,38.235],[-111.348,38.347],[-110.971,38.375],[-110.497,38.375],[-110.079,38.319],[-109.674,38.235],[-108.976,38.054],[-108.265,37.649],[-107.972,37.147],[-107.86,36.924],[-107.707,36.743],[-107.512,36.631],[-107.079,36.505],[-106.284,36.31],[-105.447,36.017],[-103.954,35.208],[-103.675,34.929],[-103.577,34.692],[-103.55,34.455],[-103.605,33.883],[-103.815,33.269],[-103.954,32.962],[-104.163,32.613],[-104.442,32.306],[-104.735,32.055],[-105.154,31.832],[-105.628,31.706],[-106.312,31.609],[-107.009,31.581],[-107.735,31.651],[-109.102,31.93],[-110.302,32.39],[-112.618,33.632],[-113.176,33.799],[-113.943,33.957]]]}},{"type":"Feature","properties":{"density":2},"geometry":{"type":"Polygon","coordinates":[[[-103.256,55.599],[-102.828,55.589],[-102.952,55.547],[-103.267,55.544],[-103.291,55.581],[-103.256,55.599]]]}},{"type":"Feature","properties":{"density":2},"geometry":{"type":"Polygon","coordinates":[[[-122.148,62.345],[-121.466,62.298],[-121.113,62.15],[-120.87,61.998],[-120.87,61.944],[-120.917,61.919],[-121.171,61.909],[-121.205,61.866],[-121.189,61.828],[-121.221,61.727],[-121.263,61.686],[-121.344,61.639],[-121.441,61.619],[-121.513,61.632],[-121.668,61.702],[-121.943,61.767],[-122.438,62.035],[-122.544,62.069],[-122.814,62.094],[-122.941,62.121],[-123.035,62.105],[-123.293,62.141],[-123.414,62.191],[-123.549,62.272],[-123.641,62.461],[-123.644,62.581],[-123.584,62.806],[-123.488,62.893],[-123.398,62.931],[-123.297,62.935],[-122.399,62.587],[-122.311,62.506],[-122.257,62.422],[-122.148,62.345]]]}},{"type":"Feature","properties":{"density":2},"geometry":{"type":"Polygon","coordinates":[[[-110.501,63.331],[-109.757,63.381],[-108.921,63.559],[-108.704,63.533],[-108.314,63.417],[-108.01,63.29],[-107.767,63.159],[-107.666,63.027],[-107.377,62.506],[-107.306,62.232],[-107.286,61.979],[-107.352,61.691],[-107.453,61.017],[-107.752,60.374],[-108.091,60.091],[-109.033,59.742],[-109.346,59.65],[-109.792,59.534],[-110.192,59.493],[-110.486,59.488],[-110.718,59.504],[-111.017,59.549],[-111.533,59.752],[-111.655,59.843],[-111.751,60.035],[-111.766,60.162],[-111.635,60.46],[-111.447,60.754],[-111.29,60.855],[-110.982,61.25],[-110.891,61.524],[-110.799,61.954],[-110.812,62.173],[-111.01,62.423],[-111.085,62.569],[-111.098,62.801],[-111.062,62.983],[-110.846,63.192],[-110.747,63.258],[-110.655,63.298],[-110.501,63.331]]]}},{"type":"Feature","properties":{"density":2},"geometry":{"type":"Polygon","coordinates":[[[-117.399,39.652],[-117.493,39.629],[-117.492,39.576],[-117.428,39.565],[-117.386,39.591],[-117.371,39.633],[-117.399,39.652]]]}},{"type":"Feature","properties":{"density":2},"geometry":{"type":"Polygon","coordinates":[[[-116.548,48.912],[-116.617,48.956],[-116.64,48.994],[-116.646,49.067],[-116.611,49.152],[-116.566,49.156],[-116.513,49.136],[-116.458,49.079],[-116.336,48.886],[-116.29,48.774],[-116.283,48.713],[-116.291,48.649],[-116.311,48.628],[-116.367,48.641],[-116.423,48.693],[-116.484,48.855],[-116.548,48.912]]]}},{"type":"Feature","properties":{"density":2},"geometry":{"type":"Polygon","coordinates":[[[-106.176,62.734],[-106.111,62.751],[-105.955,62.751],[-105.586,62.73],[-105.541,62.712],[-105.526,62.674],[-105.532,62.656],[-105.63,62.619],[-105.721,62.604],[-106.125,62.583],[-106.192,62.667],[-106.2,62.707],[-106.176,62.734]]]}},{"type":"Feature","properties":{"density":2},"geometry":{"type":"Polygon","coordinates":[[[-117.405,39.685],[-117.46,39.707],[-117.527,39.696],[-117.549,39.683],[-117.552,39.65],[-117.503,39.582],[-117.44,39.57],[-117.409,39.61],[-117.405,39.685]]]}},{"type":"Feature","properties":{"density":2},"geometry":{"type":"Polygon","coordinates":[[[-122.527,43.168],[-122.613,43.16],[-122.672,43.115],[-122.733,43.097],[-122.762,43.063],[-122.76,43.039],[-122.667,43.024],[-122.544,43.068],[-122.499,43.115],[-122.51,43.158],[-122.527,43.168]]]}},{"type":"Feature","properties":{"density":2},"geometry":{"type":"Polygon","coordinates":[[[-120.114,46.086],[-120.3,45.918],[-120.486,45.835],[-121.025,45.769],[-121.323,45.686],[-121.593,45.528],[-121.676,45.463],[-121.686,45.314],[-121.574,45.109],[-121.583,45.025],[-121.723,44.765],[-121.732,44.653],[-121.658,44.533],[-121.565,44.44],[-121.36,44.384],[-121.286,44.393],[-121.211,44.44],[-121.09,44.393],[-120.942,44.198],[-120.849,44.133],[-120.774,44.105],[-120.625,44.095],[-120.542,44.123],[-120.244,44.337],[-120.132,44.495],[-119.928,44.877],[-119.714,45.063],[-119.491,45.193],[-119.295,45.36],[-119.221,45.528],[-119.184,45.686],[-119.184,45.862],[-119.221,46.281],[-119.37,46.411],[-119.621,46.402],[-119.993,46.123],[-120.114,46.086]]]}},{"type":"Feature","properties":{"density":2},"geometry":{"type":"Polygon","coordinates":[[[-119.702,45.773],[-119.837,45.8],[-120.103,45.775],[-120.221,45.682],[-120.345,45.509],[-120.432,45.44],[-120.519,45.409],[-120.63,45.335],[-120.723,45.23],[-120.792,45.087],[-120.816,44.963],[-120.878,44.82],[-120.99,44.715],[-121.015,44.647],[-121.046,44.399],[-121.015,44.312],[-120.947,44.238],[-120.854,44.213],[-120.513,44.213],[-120.389,44.25],[-120.215,44.424],[-120.128,44.548],[-120.072,44.696],[-120.023,44.851],[-119.973,45.137],[-119.924,45.242],[-119.612,45.557],[-119.57,45.664],[-119.579,45.706],[-119.641,45.754],[-119.702,45.773]]]}},{"type":"Feature","properties":{"density":2},"geometry":{"type":"Polygon","coordinates":[[[-119.516,44.709],[-119.581,44.718],[-119.617,44.707],[-119.737,44.617],[-119.847,44.581],[-119.906,44.542],[-119.957,44.474],[-119.965,44.437],[-119.924,44.357],[-119.882,44.331],[-119.832,44.324],[-119.707,44.342],[-119.448,44.537],[-119.388,44.61],[-119.358,44.693],[-119.369,44.709],[-119.447,44.682],[-119.516,44.709]]]}},{"type":"Feature","properties":{"density":2},"geometry":{"type":"Polygon","coordinates":[[[-119.285,43.811],[-119.343,43.797],[-119.411,43.722],[-119.382,43.689],[-119.329,43.675],[-119.279,43.616],[-119.227,43.61],[-119.185,43.648],[-119.185,43.711],[-119.205,43.748],[-119.285,43.811]]]}},{"type":"Feature","properties":{"density":2},"geometry":{"type":"Polygon","coordinates":[[[-114.856,46.838],[-114.98,46.838],[-115.221,46.721],[-115.37,46.547],[-115.513,46.187],[-115.581,46.07],[-115.686,45.989],[-115.792,45.915],[-116.182,45.76],[-116.691,45.499],[-116.988,45.251],[-117.41,44.836],[-117.825,44.581],[-117.993,44.433],[-118.154,43.937],[-118.148,43.596],[-118.018,43.379],[-117.9,43.292],[-117.763,43.286],[-117.652,43.341],[-117.472,43.571],[-117.336,43.639],[-117.193,43.639],[-117.038,43.608],[-116.852,43.546],[-116.666,43.534],[-116.48,43.558],[-116.269,43.676],[-116.108,43.806],[-115.792,44.327],[-115.643,44.488],[-115.383,44.656],[-115.159,44.743],[-114.347,44.96],[-113.994,45.09],[-113.659,45.276],[-113.56,45.357],[-113.448,45.493],[-113.423,45.629],[-113.467,45.958],[-113.522,46.132],[-113.553,46.522],[-113.609,46.727],[-113.659,46.814],[-113.77,46.876],[-113.876,46.894],[-113.95,46.882],[-114.124,46.795],[-114.248,46.758],[-114.384,46.752],[-114.657,46.776],[-114.856,46.838]]]}},{"type":"Feature","properties":{"density":2},"geometry":{"type":"Polygon","coordinates":[[[-118.149,46.123],[-118.223,46.086],[-118.31,45.908],[-118.426,45.822],[-118.467,45.726],[-118.463,45.664],[-118.421,45.59],[-118.364,45.532],[-118.202,45.491],[-118.07,45.408],[-118.004,45.338],[-117.88,45.152],[-117.805,45.09],[-117.677,45.073],[-117.615,45.131],[-117.549,45.342],[-117.512,45.396],[-117.417,45.474],[-117.405,45.582],[-117.421,45.689],[-117.471,45.751],[-117.545,45.788],[-117.706,45.817],[-117.764,45.846],[-117.888,46.049],[-117.963,46.094],[-118.149,46.123]]]}},{"type":"Feature","properties":{"density":2},"geometry":{"type":"Polygon","coordinates":[[[-113.113,48.003],[-113.196,47.974],[-113.278,48.005],[-113.341,47.994],[-113.322,47.867],[-113.256,47.766],[-113.175,47.783],[-113.091,47.869],[-112.999,47.91],[-113.008,47.97],[-113.113,48.003]]]}},{"type":"Feature","properties":{"density":2},"geometry":{"type":"Polygon","coordinates":[[[-114.886,48.589],[-114.965,48.558],[-114.97,48.512],[-114.93,48.474],[-114.816,48.476],[-114.561,48.558],[-114.043,48.674],[-113.989,48.713],[-113.986,48.788],[-114.044,48.856],[-114.134,48.872],[-114.528,48.703],[-114.886,48.589]]]}},{"type":"Feature","properties":{"density":2},"geometry":{"type":"Polygon","coordinates":[[[-116.527,49.129],[-116.587,49.135],[-116.594,49.12],[-116.583,49.018],[-116.626,48.971],[-116.594,48.925],[-116.541,48.945],[-116.49,49.03],[-116.49,49.062],[-116.527,49.129]]]}},{"type":"Feature","properties":{"density":2},"geometry":{"type":"Polygon","coordinates":[[[-118.323,50.043],[-118.401,50.106],[-118.428,50.118],[-118.441,50.106],[-118.431,50.069],[-118.356,50.006],[-118.267,49.972],[-118.237,49.978],[-118.249,50.008],[-118.323,50.043]]]}},{"type":"Feature","properties":{"density":2},"geometry":{"type":"Polygon","coordinates":[[[-118.867,55.907],[-119.536,55.97],[-119.955,55.97],[-120.269,55.886],[-120.645,55.656],[-121.106,55.405],[-121.482,55.091],[-121.775,54.694],[-121.985,54.317],[-122.068,53.919],[-122.131,53.438],[-122.236,52.852],[-122.466,52.392],[-123.094,51.513],[-123.303,51.032],[-123.407,50.508],[-123.24,49.713],[-123.031,49.525],[-121.901,48.981],[-121.65,48.793],[-121.503,48.562],[-121.461,48.186],[-121.336,47.872],[-121.168,47.683],[-120.541,47.307],[-120.269,46.909],[-120.227,46.533],[-120.29,46.323],[-121.378,45.486],[-121.545,45.298],[-121.65,45.005],[-121.671,44.691],[-121.545,44.377],[-120.792,43.184],[-119.745,42.159],[-119.348,41.887],[-118.929,41.761],[-118.218,41.594],[-117.632,41.657],[-116.962,41.782],[-116.418,41.971],[-115.811,42.264],[-115.351,42.431],[-114.221,42.452],[-113.677,42.536],[-112.965,42.829],[-112.589,43.31],[-112.463,44.398],[-112.463,44.858],[-112.777,45.528],[-113.3,46.281],[-113.384,46.574],[-113.363,46.867],[-113.154,47.286],[-112.38,47.495],[-111.919,47.432],[-111.501,47.349],[-110.266,47.223],[-109.638,47.244],[-109.199,47.411],[-108.822,47.683],[-108.383,48.102],[-108.069,48.479],[-107.943,49.065],[-107.86,49.671],[-107.839,50.508],[-108.069,50.822],[-108.487,51.011],[-109.073,51.094],[-109.617,51.115],[-110.224,51.241],[-111.061,51.492],[-111.835,51.764],[-112.38,52.141],[-112.714,52.559],[-113.091,53.082],[-113.468,53.564],[-114.116,54.17],[-114.66,54.547],[-115.267,54.819],[-116.418,55.384],[-117.13,55.593],[-118.867,55.907]]]}},{"type":"Feature","properties":{"density":2},"geometry":{"type":"Polygon","coordinates":[[[-122.527,62.804],[-122.72,62.895],[-122.926,63.041],[-123.003,63.036],[-123.034,63.006],[-123.056,62.95],[-123.07,62.832],[-123.061,62.713],[-123.009,62.606],[-122.846,62.487],[-122.736,62.449],[-122.629,62.333],[-122.549,62.303],[-122.494,62.3],[-122.403,62.325],[-122.381,62.358],[-122.359,62.435],[-122.361,62.543],[-122.37,62.595],[-122.425,62.7],[-122.488,62.782],[-122.527,62.804]]]}},{"type":"Feature","properties":{"density":2},"geometry":{"type":"Polygon","coordinates":[[[-122.488,61.832],[-122.598,62.06],[-122.786,62.289],[-122.844,62.421],[-122.874,62.537],[-122.954,62.697],[-122.987,62.741],[-123.037,62.771],[-123.13,62.774],[-123.172,62.752],[-123.196,62.645],[-123.185,62.567],[-123.092,62.41],[-123.05,62.212],[-122.99,62.11],[-122.755,61.956],[-122.568,61.754],[-122.521,61.735],[-122.488,61.749],[-122.488,61.832]]]}},{"type":"Feature","properties":{"density":2},"geometry":{"type":"Polygon","coordinates":[[[-121.19,62.262],[-121.559,62.443],[-121.733,62.471],[-121.824,62.46],[-122.086,62.3],[-122.507,62.267],[-122.609,62.206],[-122.612,62.154],[-122.59,62.107],[-122.494,62.03],[-122.111,61.887],[-121.898,61.843],[-121.708,61.716],[-121.576,61.65],[-121.507,61.647],[-121.408,61.713],[-121.254,61.912],[-121.083,61.923],[-120.92,61.895],[-120.887,61.909],[-120.871,61.939],[-120.882,61.997],[-120.956,62.096],[-121.19,62.262]]]}},{"type":"Feature","properties":{"density":2},"geometry":{"type":"Polygon","coordinates":[[[-111.031,62.941],[-111.212,63.044],[-111.555,63.164],[-111.944,63.246],[-112.229,63.275],[-112.543,63.275],[-112.738,63.242],[-112.87,63.201],[-112.911,63.164],[-112.932,63.106],[-112.891,63.065],[-112.758,63.036],[-112.523,63.044],[-112.341,63.069],[-111.94,63.027],[-111.626,62.916],[-111.245,62.755],[-111.088,62.664],[-110.985,62.626],[-110.878,62.626],[-110.865,62.684],[-110.902,62.783],[-111.031,62.941]]]}},{"type":"Feature","properties":{"density":2},"geometry":{"type":"Polygon","coordinates":[[[-110.313,63.629],[-110.592,63.601],[-110.676,63.564],[-110.722,63.48],[-110.75,63.322],[-110.75,63.201],[-110.685,63.053],[-110.527,62.876],[-110.071,62.523],[-109.969,62.383],[-109.894,62.216],[-109.857,61.946],[-109.857,61.481],[-109.904,61.286],[-110.015,61.062],[-110.155,60.839],[-110.406,60.542],[-110.564,60.439],[-110.666,60.328],[-110.741,60.216],[-110.796,60.03],[-110.834,59.639],[-110.815,59.5],[-110.703,59.314],[-110.517,59.212],[-110.359,59.128],[-109.932,59.026],[-109.643,58.988],[-109.141,58.998],[-108.871,59.007],[-108.685,59.063],[-108.471,59.184],[-108.36,59.314],[-108.285,59.472],[-108.239,59.965],[-108.23,60.523],[-108.174,60.755],[-108.081,60.96],[-107.951,61.174],[-107.765,61.546],[-107.718,61.76],[-107.718,62.169],[-107.802,62.364],[-107.978,62.588],[-108.211,62.653],[-108.592,62.718],[-108.797,62.792],[-109.662,63.35],[-110.043,63.573],[-110.138,63.603],[-110.313,63.629]]]}},{"type":"Feature","properties":{"density":2},"geometry":{"type":"Polygon","coordinates":[[[-108.252,63.498],[-108.329,63.286],[-108.5,63.118],[-108.723,63.024],[-108.745,63.005],[-108.734,62.955],[-108.632,62.958],[-108.458,63.027],[-108.279,63.176],[-108.202,63.281],[-108.155,63.424],[-108.155,63.473],[-108.18,63.542],[-108.197,63.545],[-108.252,63.498]]]}},{"type":"Feature","properties":{"density":2},"geometry":{"type":"Polygon","coordinates":[[[-106.075,62.787],[-106.139,62.782],[-106.17,62.75],[-106.152,62.658],[-106.132,62.62],[-106.104,62.609],[-106.023,62.614],[-105.908,62.655],[-105.549,62.622],[-105.412,62.624],[-105.377,62.647],[-105.39,62.73],[-105.43,62.769],[-105.5,62.785],[-105.641,62.798],[-105.908,62.765],[-106.075,62.787]]]}},{"type":"Feature","properties":{"density":2},"geometry":{"type":"Polygon","coordinates":[[[-112.829,48.208],[-112.918,48.186],[-112.995,48.1],[-113.054,48.065],[-113.178,48.03],[-113.248,47.991],[-113.281,47.949],[-113.28,47.841],[-113.261,47.8],[-113.18,47.784],[-113.081,47.874],[-112.965,47.942],[-112.914,48.014],[-112.706,48.07],[-112.704,48.111],[-112.723,48.146],[-112.791,48.201],[-112.829,48.208]]]}},{"type":"Feature","properties":{"density":2},"geometry":{"type":"Polygon","coordinates":[[[-114.848,48.668],[-114.911,48.632],[-114.936,48.582],[-114.947,48.535],[-114.928,48.497],[-114.831,48.483],[-114.721,48.524],[-114.581,48.624],[-114.33,48.657],[-114.2,48.728],[-114.013,48.764],[-113.972,48.786],[-113.916,48.905],[-113.93,48.949],[-113.961,48.979],[-114.016,48.998],[-114.096,48.993],[-114.713,48.759],[-114.848,48.668]]]}},{"type":"Feature","properties":{"density":2},"geometry":{"type":"Polygon","coordinates":[[[-116.419,49.347],[-116.529,49.329],[-116.57,49.281],[-116.581,49.123],[-116.626,49.04],[-116.63,49.004],[-116.588,48.936],[-116.553,48.932],[-116.516,48.949],[-116.45,49.121],[-116.406,49.191],[-116.38,49.294],[-116.398,49.339],[-116.419,49.347]]]}},{"type":"Feature","properties":{"density":2},"geometry":{"type":"Polygon","coordinates":[[[-117.477,39.828],[-117.508,39.836],[-117.52,39.823],[-117.527,39.76],[-117.465,39.63],[-117.431,39.607],[-117.409,39.636],[-117.406,39.69],[-117.437,39.781],[-117.477,39.828]]]}},{"type":"Feature","properties":{"density":2},"geometry":{"type":"Polygon","coordinates":[[[-115.998,37.544],[-116.057,37.563],[-116.086,37.556],[-116.147,37.492],[-116.212,37.461],[-116.231,37.419],[-116.237,37.309],[-116.207,37.255],[-116.142,37.245],[-116.086,37.304],[-116.054,37.376],[-115.973,37.414],[-115.944,37.444],[-115.94,37.505],[-115.998,37.544]]]}},{"type":"Feature","properties":{"density":2},"geometry":{"type":"Polygon","coordinates":[[[-122.543,43.198],[-122.605,43.227],[-122.644,43.204],[-122.668,43.145],[-122.721,43.088],[-122.717,43.055],[-122.602,43.049],[-122.556,43.068],[-122.534,43.102],[-122.543,43.198]]]}},{"type":"Feature","properties":{"density":2},"geometry":{"type":"Polygon","coordinates":[[[-120.706,45.831],[-120.796,45.809],[-120.934,45.739],[-121.235,45.622],[-121.358,45.493],[-121.518,45.394],[-121.536,45.348],[-121.535,45.285],[-121.502,45.227],[-121.479,45.203],[-121.434,45.19],[-121.393,45.186],[-121.347,45.203],[-121.143,45.374],[-120.963,45.456],[-120.789,45.596],[-120.688,45.655],[-120.532,45.712],[-120.476,45.754],[-120.469,45.807],[-120.5,45.842],[-120.706,45.831]]]}},{"type":"Feature","properties":{"density":2},"geometry":{"type":"Polygon","coordinates":[[[-120.525,45.418],[-120.613,45.407],[-120.718,45.313],[-120.788,45.278],[-120.942,45.251],[-121.043,45.214],[-121.187,45.115],[-121.262,45.083],[-121.528,45.047],[-121.613,45.012],[-121.677,44.966],[-121.723,44.903],[-121.73,44.832],[-121.708,44.773],[-121.635,44.683],[-121.475,44.587],[-121.352,44.586],[-121.098,44.705],[-121.032,44.753],[-120.913,44.918],[-120.803,45.03],[-120.476,45.164],[-120.43,45.238],[-120.428,45.295],[-120.454,45.359],[-120.525,45.418]]]}},{"type":"Feature","properties":{"density":2},"geometry":{"type":"Polygon","coordinates":[[[-119.023,46.377],[-119.077,46.393],[-119.18,46.393],[-119.276,46.377],[-119.358,46.323],[-119.441,46.224],[-119.486,46.104],[-119.54,46.025],[-119.681,45.885],[-120.082,45.571],[-120.21,45.43],[-120.52,45.24],[-120.557,45.203],[-120.582,45.153],[-120.594,45.042],[-120.619,44.98],[-120.809,44.806],[-120.826,44.769],[-120.842,44.674],[-120.834,44.558],[-120.925,44.422],[-120.917,44.372],[-120.879,44.322],[-120.813,44.273],[-120.71,44.252],[-120.623,44.269],[-120.52,44.294],[-120.354,44.372],[-120.197,44.484],[-119.809,45.033],[-119.371,45.368],[-119.011,45.724],[-118.866,45.806],[-118.817,45.864],[-118.788,45.93],[-118.796,46.17],[-118.916,46.319],[-119.023,46.377]]]}},{"type":"Feature","properties":{"density":2},"geometry":{"type":"Polygon","coordinates":[[[-119.118,44.983],[-119.314,44.917],[-119.457,44.823],[-119.614,44.779],[-119.923,44.553],[-119.947,44.487],[-119.881,44.366],[-119.84,44.335],[-119.793,44.335],[-119.708,44.368],[-119.664,44.399],[-119.584,44.506],[-119.512,44.539],[-119.264,44.793],[-119.066,44.862],[-119.03,44.881],[-118.991,44.933],[-118.986,44.958],[-119.005,44.986],[-119.118,44.983]]]}},{"type":"Feature","properties":{"density":2},"geometry":{"type":"Polygon","coordinates":[[[-118.379,43.114],[-118.431,43.118],[-118.477,43.07],[-118.444,42.932],[-118.42,42.897],[-118.383,42.886],[-118.343,42.892],[-118.31,42.919],[-118.284,42.949],[-118.273,42.998],[-118.277,43.037],[-118.302,43.068],[-118.379,43.114]]]}},{"type":"Feature","properties":{"density":2},"geometry":{"type":"Polygon","coordinates":[[[-113.597,47.508],[-113.736,47.489],[-114.071,47.331],[-114.276,47.126],[-114.434,47.052],[-114.806,46.996],[-115.122,46.978],[-115.271,46.94],[-115.448,46.847],[-115.624,46.736],[-115.792,46.596],[-116.108,46.327],[-116.238,46.187],[-116.378,46.066],[-116.527,45.89],[-116.768,45.545],[-116.908,45.434],[-117.047,45.359],[-117.178,45.313],[-117.429,45.257],[-117.522,45.22],[-117.633,45.145],[-117.894,44.829],[-118.219,44.308],[-118.284,44.15],[-118.312,43.964],[-118.322,43.704],[-118.415,43.537],[-118.591,43.304],[-118.656,43.127],[-118.675,42.904],[-118.582,42.69],[-118.48,42.541],[-118.349,42.42],[-118.117,42.346],[-117.912,42.318],[-117.773,42.318],[-117.643,42.402],[-117.494,42.551],[-117.261,42.867],[-117.085,42.978],[-116.954,43.109],[-116.852,43.378],[-116.722,43.825],[-116.638,44.02],[-116.238,44.597],[-116.043,44.699],[-115.885,44.718],[-115.764,44.671],[-115.587,44.634],[-115.113,44.671],[-115.011,44.597],[-114.89,44.374],[-114.722,44.225],[-114.378,44.085],[-113.978,43.983],[-113.681,43.983],[-113.504,44.048],[-113.355,44.15],[-113.197,44.55],[-113.188,44.922],[-113.197,45.08],[-113.243,45.285],[-113.318,45.48],[-113.364,45.713],[-113.411,45.973],[-113.42,46.169],[-113.374,46.327],[-113.104,46.838],[-113.057,47.052],[-113.039,47.229],[-113.076,47.387],[-113.178,47.471],[-113.402,47.517],[-113.597,47.508]]]}},{"type":"Feature","properties":{"density":2},"geometry":{"type":"Polygon","coordinates":[[[-118.033,46.044],[-118.101,46.085],[-118.157,46.085],[-118.231,46.041],[-118.3,45.911],[-118.424,45.862],[-118.482,45.793],[-118.49,45.702],[-118.471,45.647],[-118.394,45.559],[-118.209,45.534],[-118.184,45.515],[-118.129,45.385],[-118.101,45.358],[-117.969,45.305],[-117.906,45.247],[-117.776,45.214],[-117.716,45.231],[-117.666,45.272],[-117.636,45.341],[-117.63,45.506],[-117.707,45.628],[-117.864,45.765],[-117.922,45.851],[-117.95,45.928],[-118.033,46.044]]]}},{"type":"Feature","properties":{"density":2},"geometry":{"type":"Polygon","coordinates":[[[-120.955,48.062],[-120.962,48.034],[-120.947,47.989],[-120.892,47.91],[-120.857,47.886],[-120.795,47.873],[-120.714,47.908],[-120.657,48.108],[-120.637,48.293],[-120.644,48.334],[-120.692,48.404],[-120.729,48.422],[-120.802,48.407],[-120.883,48.271],[-120.929,48.226],[-120.953,48.152],[-120.955,48.062]]]}},{"type":"Feature","properties":{"density":2},"geometry":{"type":"Polygon","coordinates":[[[-120.708,48.169],[-120.752,48.115],[-120.754,48.045],[-120.703,47.946],[-120.646,47.93],[-120.563,47.959],[-120.501,48.003],[-120.416,48.121],[-120.299,48.148],[-120.245,48.187],[-120.17,48.321],[-120.041,48.444],[-119.97,48.716],[-119.977,48.821],[-120.008,48.867],[-120.106,48.925],[-120.196,48.927],[-120.306,48.87],[-120.407,48.742],[-120.556,48.705],[-120.646,48.643],[-120.672,48.573],[-120.675,48.483],[-120.644,48.334],[-120.659,48.26],[-120.708,48.169]]]}},{"type":"Feature","properties":{"density":2},"geometry":{"type":"Polygon","coordinates":[[[-120.95,49.413],[-121.043,49.418],[-121.135,49.351],[-121.221,49.319],[-121.313,49.241],[-121.342,49.158],[-121.337,49.123],[-121.285,49.037],[-121.223,49.009],[-121.165,48.959],[-121.096,48.937],[-121.025,48.943],[-120.891,49.042],[-120.838,49.158],[-120.835,49.207],[-120.905,49.363],[-120.95,49.413]]]}},{"type":"Feature","properties":{"density":2},"geometry":{"type":"Polygon","coordinates":[[[-120.431,49.576],[-120.576,49.561],[-120.67,49.473],[-120.843,49.392],[-120.878,49.335],[-120.885,49.161],[-120.839,49.036],[-120.756,48.927],[-120.593,48.885],[-120.468,48.907],[-120.282,49.071],[-120.224,49.085],[-120.06,49.083],[-120.022,49.107],[-119.966,49.19],[-119.946,49.311],[-119.994,49.427],[-120.038,49.473],[-120.181,49.539],[-120.288,49.565],[-120.431,49.576]]]}},{"type":"Feature","properties":{"density":2},"geometry":{"type":"Polygon","coordinates":[[[-119.255,52.291],[-119.33,52.31],[-119.479,52.254],[-119.584,52.179],[-119.696,52.043],[-119.758,51.938],[-119.82,51.423],[-119.776,51.014],[-119.77,50.704],[-119.795,50.549],[-120.068,49.904],[-120.142,49.476],[-120.186,49.061],[-120.179,48.962],[-120.148,48.844],[-120.093,48.732],[-119.993,48.645],[-119.869,48.602],[-119.752,48.583],[-119.634,48.583],[-119.442,48.614],[-119.361,48.664],[-119.206,48.85],[-119.162,49.011],[-119.144,49.154],[-119.144,49.439],[-119.212,49.724],[-119.212,49.83],[-119.175,50.016],[-118.617,51.132],[-118.573,51.268],[-118.549,51.46],[-118.561,51.609],[-118.635,51.894],[-118.735,52.049],[-118.902,52.204],[-119.255,52.291]]]}},{"type":"Feature","properties":{"density":2},"geometry":{"type":"Polygon","coordinates":[[[-117.842,52.372],[-117.91,52.409],[-118.084,52.434],[-118.257,52.434],[-118.35,52.39],[-118.443,52.303],[-118.716,51.993],[-118.803,51.795],[-118.859,51.584],[-118.871,51.175],[-118.828,50.989],[-118.821,50.846],[-118.89,50.648],[-119.063,50.276],[-119.088,50.127],[-119.094,49.954],[-119.007,49.78],[-118.914,49.644],[-118.722,49.439],[-118.66,49.303],[-118.592,49.03],[-118.598,48.85],[-118.704,48.484],[-118.654,48.193],[-118.487,47.914],[-118.356,47.87],[-118.22,47.858],[-118.077,47.883],[-117.947,47.982],[-117.848,48.1],[-117.767,48.267],[-117.712,48.478],[-117.687,48.651],[-117.643,48.794],[-117.588,48.881],[-117.42,48.943],[-117.253,48.949],[-117.147,48.974],[-117.042,49.055],[-116.986,49.228],[-117.011,49.389],[-117.185,49.681],[-117.228,49.792],[-117.228,49.923],[-117.191,50.078],[-117.085,50.208],[-116.974,50.276],[-116.825,50.319],[-116.72,50.375],[-116.627,50.493],[-116.546,50.704],[-116.503,50.927],[-116.503,51.392],[-116.583,51.64],[-116.689,51.845],[-116.831,52.024],[-117.104,52.198],[-117.247,52.235],[-117.495,52.266],[-117.699,52.347],[-117.842,52.372]]]}},{"type":"Feature","properties":{"density":2},"geometry":{"type":"Polygon","coordinates":[[[-118.861,49.782],[-119.001,49.819],[-119.117,49.819],[-119.187,49.794],[-119.278,49.712],[-119.311,49.613],[-119.328,49.439],[-119.282,49.294],[-119.282,49.212],[-119.307,49.125],[-119.439,48.902],[-119.477,48.567],[-119.435,48.348],[-119.394,48.265],[-119.324,48.207],[-119.253,48.182],[-119.092,48.17],[-118.968,48.22],[-118.89,48.352],[-118.84,48.625],[-118.811,48.902],[-118.786,49.005],[-118.687,49.232],[-118.666,49.352],[-118.695,49.464],[-118.861,49.782]]]}},{"type":"Feature","properties":{"density":2},"geometry":{"type":"Polygon","coordinates":[[[-116.442,49.964],[-116.477,49.969],[-116.508,49.947],[-116.502,49.84],[-116.53,49.752],[-116.484,49.641],[-116.358,49.576],[-116.239,49.56],[-116.172,49.577],[-116.075,49.717],[-116.015,49.758],[-115.985,49.807],[-116.007,49.864],[-116.033,49.883],[-116.092,49.888],[-116.143,49.859],[-116.248,49.845],[-116.323,49.865],[-116.442,49.964]]]}},{"type":"Feature","properties":{"density":2},"geometry":{"type":"Polygon","coordinates":[[[-117.19,50.545],[-117.376,50.676],[-117.528,50.759],[-117.587,50.768],[-117.602,50.748],[-117.576,50.685],[-117.525,50.634],[-117.383,50.562],[-117.227,50.399],[-117.185,50.375],[-117.111,50.375],[-117.1,50.411],[-117.13,50.478],[-117.19,50.545]]]}},{"type":"Feature","properties":{"density":2},"geometry":{"type":"Polygon","coordinates":[[[-121.122,54.444],[-121.234,54.546],[-121.503,54.593],[-121.745,54.574],[-122.005,54.49],[-122.154,54.36],[-122.229,54.156],[-122.34,53.932],[-122.359,53.458],[-122.201,53.039],[-122.182,52.788],[-122.182,52.481],[-122.312,52.165],[-122.554,51.7],[-122.638,51.505],[-122.675,51.282],[-122.573,51.086],[-122.443,51.003],[-122.071,51.059],[-121.81,50.938],[-121.633,50.928],[-121.382,50.984],[-121.159,51.114],[-120.955,51.291],[-120.676,51.737],[-120.48,52.109],[-120.359,52.23],[-120.238,52.398],[-120.173,52.556],[-120.164,52.714],[-120.248,52.993],[-120.397,53.226],[-120.462,53.356],[-120.471,53.477],[-120.508,53.616],[-120.582,53.784],[-120.676,53.96],[-120.824,54.165],[-121.122,54.444]]]}},{"type":"Feature","properties":{"density":2},"geometry":{"type":"Polygon","coordinates":[[[-122.372,62.804],[-122.447,62.895],[-122.567,62.953],[-122.811,62.916],[-122.935,62.945],[-123.067,63.015],[-123.154,62.998],[-123.187,62.974],[-123.187,62.916],[-123.112,62.788],[-123.042,62.738],[-122.889,62.68],[-122.765,62.602],[-122.658,62.358],[-122.55,62.3],[-122.484,62.291],[-122.43,62.312],[-122.381,62.345],[-122.327,62.428],[-122.306,62.622],[-122.372,62.804]]]}},{"type":"Feature","properties":{"density":2},"geometry":{"type":"Polygon","coordinates":[[[-121.466,61.78],[-121.537,61.868],[-121.656,62.111],[-121.769,62.218],[-121.907,62.26],[-122.27,62.257],[-122.455,62.304],[-122.855,62.505],[-122.926,62.602],[-123.034,62.918],[-123.127,63.074],[-123.181,63.12],[-123.285,63.169],[-123.433,63.194],[-123.533,63.173],[-123.677,63.082],[-123.752,62.925],[-123.756,62.838],[-123.735,62.727],[-123.59,62.442],[-123.475,62.285],[-123.371,62.194],[-123.309,62.161],[-123.012,62.111],[-122.851,62.041],[-122.747,61.946],[-122.636,61.772],[-122.524,61.718],[-122.412,61.735],[-122.239,61.913],[-122.144,61.962],[-122.003,61.933],[-121.925,61.9],[-121.792,61.797],[-121.759,61.751],[-121.631,61.669],[-121.429,61.623],[-121.408,61.632],[-121.4,61.677],[-121.466,61.78]]]}},{"type":"Feature","properties":{"density":2},"geometry":{"type":"Polygon","coordinates":[[[-120.319,62.278],[-120.446,62.227],[-120.529,62.113],[-120.534,62.074],[-120.497,62.08],[-120.433,62.144],[-120.284,62.229],[-120.277,62.271],[-120.319,62.278]]]}},{"type":"Feature","properties":{"density":2},"geometry":{"type":"Polygon","coordinates":[[[-108.716,63.048],[-108.754,63.006],[-108.724,62.951],[-108.702,62.946],[-108.247,63.064],[-108.25,63.086],[-108.28,63.111],[-108.393,63.114],[-108.716,63.048]]]}},{"type":"Feature","properties":{"density":2},"geometry":{"type":"Polygon","coordinates":[[[-106.552,63.045],[-106.587,63.001],[-106.583,62.968],[-106.501,62.935],[-106.319,63.023],[-105.977,63.032],[-105.929,63.074],[-105.929,63.106],[-105.94,63.141],[-105.973,63.166],[-106.095,63.181],[-106.3,63.141],[-106.552,63.045]]]}},{"type":"Feature","properties":{"density":2},"geometry":{"type":"Polygon","coordinates":[[[-106.181,62.795],[-106.234,62.753],[-106.256,62.696],[-106.234,62.652],[-106.176,62.637],[-105.928,62.63],[-105.77,62.685],[-105.597,62.705],[-105.417,62.679],[-105.322,62.642],[-104.859,62.592],[-104.749,62.617],[-104.735,62.656],[-104.757,62.738],[-104.799,62.793],[-104.909,62.865],[-104.978,62.879],[-105.044,62.884],[-105.355,62.84],[-105.893,62.854],[-106.181,62.795]]]}},{"type":"Feature","properties":{"density":2},"geometry":{"type":"Polygon","coordinates":[[[-104.412,63.11],[-104.444,63.105],[-104.439,63.073],[-104.324,63.059],[-104.23,63.025],[-104.155,63.028],[-104.139,63.055],[-104.156,63.083],[-104.191,63.097],[-104.412,63.11]]]}},{"type":"Feature","properties":{"density":2},"geometry":{"type":"Polygon","coordinates":[[[-112.478,63.869],[-112.589,63.827],[-112.827,63.701],[-112.98,63.562],[-113.12,63.394],[-113.231,63.213],[-113.245,62.976],[-113.036,62.711],[-112.799,62.613],[-112.436,62.557],[-112.087,62.543],[-111.752,62.543],[-111.139,62.599],[-110.901,62.641],[-110.595,62.669],[-110.12,62.669],[-109.688,62.488],[-109.59,62.334],[-109.492,62.055],[-109.451,61.595],[-109.576,60.786],[-109.744,60.479],[-110.148,59.99],[-110.329,59.711],[-110.427,59.321],[-110.399,58.916],[-110.176,58.567],[-109.911,58.316],[-109.492,58.191],[-108.948,58.065],[-108.418,58.051],[-107.93,58.135],[-107.511,58.316],[-107.177,58.609],[-107.009,58.93],[-106.898,59.279],[-106.842,59.614],[-106.814,60.451],[-106.716,61.134],[-106.633,61.427],[-106.521,61.678],[-106.284,61.846],[-105.935,61.971],[-105.572,62.125],[-105.293,62.264],[-105.14,62.418],[-105.098,62.627],[-105.126,62.808],[-105.21,63.046],[-105.363,63.283],[-105.544,63.422],[-105.823,63.576],[-106.395,63.785],[-106.784,63.853],[-107.595,64.217],[-108.237,64.385],[-108.669,64.413],[-109.032,64.357],[-109.437,64.203],[-109.813,64.12],[-110.748,64.022],[-111.111,63.966],[-111.878,63.897],[-112.478,63.869]]]}},{"type":"Feature","properties":{"density":2},"geometry":{"type":"Polygon","coordinates":[[[-80.064,22.737],[-80.05,22.764],[-80.09,22.77],[-80.293,22.622],[-80.302,22.598],[-80.223,22.606],[-80.064,22.737]]]}},{"type":"Feature","properties":{"density":2},"geometry":{"type":"Polygon","coordinates":[[[-80.046,22.69],[-80.097,22.674],[-80.162,22.603],[-80.272,22.535],[-80.297,22.506],[-80.295,22.477],[-80.239,22.495],[-80.1,22.627],[-80.042,22.653],[-80.033,22.673],[-80.046,22.69]]]}},{"type":"Feature","properties":{"density":2},"geometry":{"type":"Polygon","coordinates":[[[-79.779,22.739],[-79.894,22.653],[-80.028,22.516],[-80.003,22.508],[-79.961,22.524],[-79.877,22.629],[-79.753,22.71],[-79.752,22.742],[-79.779,22.739]]]}},{"type":"Feature","properties":{"density":2},"geometry":{"type":"Polygon","coordinates":[[[-79.841,22.61],[-79.903,22.548],[-79.839,22.567],[-79.793,22.625],[-79.841,22.61]]]}},{"type":"Feature","properties":{"density":2},"geometry":{"type":"Polygon","coordinates":[[[-79.937,22.432],[-79.977,22.395],[-79.979,22.363],[-79.963,22.348],[-79.872,22.369],[-79.732,22.507],[-79.656,22.551],[-79.649,22.588],[-79.688,22.596],[-79.857,22.464],[-79.937,22.432]]]}},{"type":"Feature","properties":{"density":2},"geometry":{"type":"Polygon","coordinates":[[[-81.573,31.032],[-81.647,31.029],[-81.661,30.995],[-81.641,30.968],[-81.564,30.926],[-81.183,30.774],[-80.869,30.749],[-80.67,30.7],[-80.311,30.526],[-80.158,30.476],[-80.005,30.497],[-79.877,30.592],[-79.848,30.646],[-79.868,30.753],[-79.901,30.811],[-79.959,30.861],[-80.116,30.96],[-80.339,31.059],[-80.521,31.08],[-80.662,31.03],[-81.158,30.968],[-81.332,30.972],[-81.573,31.032]]]}},{"type":"Feature","properties":{"density":2},"geometry":{"type":"Polygon","coordinates":[[[-113.226,47.972],[-113.283,47.96],[-113.296,47.921],[-113.257,47.767],[-113.191,47.75],[-113.114,47.774],[-113.026,47.862],[-112.901,47.914],[-112.89,47.945],[-112.891,47.98],[-112.917,48.015],[-112.967,48.039],[-113.009,48.042],[-113.094,47.994],[-113.226,47.972]]]}},{"type":"Feature","properties":{"density":2},"geometry":{"type":"Polygon","coordinates":[[[-114.685,48.817],[-114.941,48.643],[-114.969,48.593],[-114.969,48.549],[-114.947,48.489],[-114.908,48.45],[-114.801,48.447],[-114.682,48.475],[-114.456,48.61],[-114.153,48.715],[-113.732,48.808],[-113.533,48.833],[-113.338,48.828],[-113.097,48.898],[-113.01,48.943],[-112.799,49.138],[-112.489,49.229],[-112.406,49.27],[-112.257,49.386],[-112.059,49.481],[-111.766,49.563],[-111.551,49.601],[-111.162,49.638],[-110.943,49.679],[-110.674,49.762],[-110.588,49.836],[-110.521,49.923],[-110.517,50.126],[-110.583,50.266],[-110.736,50.411],[-110.798,50.44],[-111.05,50.493],[-111.245,50.514],[-111.662,50.493],[-111.856,50.452],[-112.195,50.341],[-112.353,50.266],[-112.646,50.225],[-113.01,50.138],[-113.262,49.977],[-113.436,49.832],[-113.679,49.526],[-113.874,49.34],[-114.283,49.092],[-114.685,48.817]]]}},{"type":"Feature","properties":{"density":2},"geometry":{"type":"Polygon","coordinates":[[[-116.556,49.367],[-116.591,49.398],[-116.654,49.383],[-116.657,49.35],[-116.657,49.315],[-116.586,49.194],[-116.577,49.106],[-116.593,48.959],[-116.577,48.942],[-116.543,48.946],[-116.512,48.974],[-116.477,49.073],[-116.474,49.183],[-116.492,49.273],[-116.556,49.367]]]}},{"type":"Feature","properties":{"density":2},"geometry":{"type":"Polygon","coordinates":[[[-116.458,43.076],[-116.551,43.081],[-116.648,43.021],[-116.83,42.976],[-116.857,42.957],[-116.882,42.874],[-116.863,42.825],[-116.835,42.792],[-116.736,42.778],[-116.565,42.844],[-116.416,42.847],[-116.383,42.866],[-116.372,42.897],[-116.383,42.974],[-116.416,43.037],[-116.458,43.076]]]}},{"type":"Feature","properties":{"density":2},"geometry":{"type":"Polygon","coordinates":[[[-116.865,42.632],[-116.912,42.613],[-116.987,42.505],[-117.053,42.45],[-117.064,42.423],[-117.042,42.392],[-116.926,42.406],[-116.761,42.502],[-116.717,42.513],[-116.416,42.513],[-116.317,42.593],[-116.306,42.676],[-116.328,42.726],[-116.364,42.748],[-116.444,42.759],[-116.65,42.626],[-116.865,42.632]]]}},{"type":"Feature","properties":{"density":2},"geometry":{"type":"Polygon","coordinates":[[[-111.978,39.566],[-112.046,39.57],[-112.121,39.542],[-112.193,39.487],[-112.307,39.447],[-112.356,39.368],[-112.441,39.281],[-112.57,38.94],[-112.557,38.831],[-112.502,38.726],[-112.463,38.725],[-112.406,38.767],[-112.345,38.855],[-112.255,39.046],[-112.055,39.191],[-111.991,39.305],[-111.831,39.357],[-111.791,39.403],[-111.792,39.45],[-111.825,39.498],[-111.978,39.566]]]}},{"type":"Feature","properties":{"density":2},"geometry":{"type":"Polygon","coordinates":[[[-115.708,31.653],[-115.784,31.648],[-115.92,31.684],[-116.055,31.699],[-116.101,31.688],[-116.144,31.646],[-116.171,31.58],[-116.109,31.482],[-116.068,31.455],[-115.989,31.436],[-115.92,31.383],[-115.883,31.381],[-115.725,31.422],[-115.591,31.521],[-115.581,31.604],[-115.598,31.635],[-115.708,31.653]]]}},{"type":"Feature","properties":{"density":2},"geometry":{"type":"Polygon","coordinates":[[[-93.242,17.937],[-93.454,18.094],[-93.531,18.116],[-93.801,18.108],[-94.093,18.132],[-94.179,18.11],[-94.258,18.072],[-94.371,17.959],[-94.669,17.777],[-94.76,17.683],[-94.901,17.477],[-94.881,17.286],[-94.812,17.201],[-94.76,17.165],[-94.551,17.107],[-94.388,16.994],[-94.283,16.95],[-94.195,16.934],[-94.11,16.939],[-93.928,17.03],[-93.749,17.014],[-93.531,16.961],[-93.437,16.95],[-93.349,16.961],[-93.206,17.03],[-93.156,17.074],[-93.079,17.209],[-93.038,17.372],[-93.032,17.548],[-93.046,17.592],[-93.151,17.816],[-93.242,17.937]]]}},{"type":"Feature","properties":{"density":2},"geometry":{"type":"Polygon","coordinates":[[[-115.65,38.187],[-115.744,38.242],[-115.89,38.253],[-115.986,38.198],[-116.022,38.156],[-116.052,38.098],[-116.119,37.859],[-116.215,37.724],[-116.375,37.558],[-116.394,37.492],[-116.394,37.382],[-116.314,37.28],[-116.229,37.244],[-116.028,37.252],[-115.703,37.371],[-115.562,37.454],[-115.438,37.5],[-115.286,37.523],[-115.052,37.511],[-114.964,37.523],[-114.903,37.558],[-114.892,37.613],[-114.925,37.677],[-115.019,37.751],[-115.322,37.773],[-115.441,37.831],[-115.554,38.002],[-115.65,38.187]]]}},{"type":"Feature","properties":{"density":2},"geometry":{"type":"Polygon","coordinates":[[[-116.539,40.702],[-116.61,40.698],[-116.672,40.723],[-116.878,40.864],[-117.056,40.909],[-117.172,40.917],[-117.279,40.913],[-117.37,40.872],[-117.449,40.818],[-117.507,40.752],[-117.589,40.595],[-117.738,40.396],[-117.775,40.281],[-117.771,40.206],[-117.651,39.979],[-117.647,39.855],[-117.61,39.648],[-117.531,39.533],[-117.486,39.512],[-117.366,39.499],[-117.304,39.52],[-117.164,39.648],[-117.114,39.727],[-116.99,39.847],[-116.845,39.876],[-116.643,39.979],[-116.461,40.227],[-116.399,40.372],[-116.395,40.508],[-116.432,40.62],[-116.461,40.682],[-116.539,40.702]]]}},{"type":"Feature","properties":{"density":2},"geometry":{"type":"Polygon","coordinates":[[[-123.299,38.569],[-123.329,38.575],[-123.339,38.559],[-123.306,38.511],[-123.162,38.407],[-122.934,38.3],[-122.838,38.281],[-122.799,38.297],[-122.845,38.442],[-122.876,38.478],[-122.905,38.482],[-122.94,38.456],[-123.005,38.445],[-123.174,38.504],[-123.299,38.569]]]}},{"type":"Feature","properties":{"density":2},"geometry":{"type":"Polygon","coordinates":[[[-122.433,43.311],[-122.485,43.304],[-122.525,43.247],[-122.613,43.192],[-122.622,43.124],[-122.587,43.071],[-122.53,43.062],[-122.479,43.084],[-122.375,43.217],[-122.362,43.26],[-122.371,43.279],[-122.433,43.311]]]}},{"type":"Feature","properties":{"density":2},"geometry":{"type":"Polygon","coordinates":[[[-119.486,46.422],[-119.54,46.418],[-119.722,46.286],[-119.85,46.216],[-120.296,46.096],[-120.383,46.054],[-120.528,45.943],[-120.788,45.806],[-121.346,45.662],[-121.528,45.579],[-121.586,45.534],[-121.677,45.426],[-121.677,45.364],[-121.644,45.286],[-121.536,45.157],[-121.478,45.128],[-121.235,45.108],[-120.97,45.236],[-120.784,45.372],[-120.334,45.488],[-120.028,45.662],[-119.672,45.707],[-119.503,45.761],[-119.341,45.877],[-119.292,45.959],[-119.271,46.046],[-119.296,46.199],[-119.37,46.385],[-119.395,46.406],[-119.486,46.422]]]}},{"type":"Feature","properties":{"density":2},"geometry":{"type":"Polygon","coordinates":[[[-120.672,45.356],[-120.867,45.294],[-121.04,45.207],[-121.272,45.137],[-121.586,45.1],[-121.714,45.054],[-121.789,45.009],[-121.809,44.843],[-121.71,44.632],[-121.636,44.55],[-121.478,44.446],[-121.309,44.446],[-120.945,44.682],[-120.834,44.781],[-120.792,44.835],[-120.763,44.938],[-120.726,45.004],[-120.672,45.058],[-120.59,45.1],[-120.131,45.261],[-120.102,45.343],[-120.139,45.41],[-120.201,45.426],[-120.577,45.348],[-120.672,45.356]]]}},{"type":"Feature","properties":{"density":2},"geometry":{"type":"Polygon","coordinates":[[[-118.374,46.984],[-118.548,47.003],[-118.628,46.997],[-118.802,46.941],[-118.914,46.879],[-119.0,46.774],[-119.038,46.699],[-119.044,46.6],[-119.081,46.488],[-119.255,46.265],[-119.496,46.073],[-119.608,45.961],[-119.968,45.72],[-120.253,45.403],[-120.557,45.149],[-120.718,44.994],[-120.91,44.69],[-120.935,44.591],[-120.954,44.424],[-120.885,44.306],[-120.817,44.231],[-120.73,44.194],[-120.619,44.176],[-120.433,44.182],[-120.172,44.306],[-119.999,44.504],[-119.955,44.603],[-119.831,44.789],[-119.658,44.938],[-119.49,45.044],[-119.304,45.217],[-119.062,45.534],[-118.839,45.713],[-118.542,45.819],[-118.207,45.986],[-118.089,46.166],[-117.915,46.482],[-117.922,46.643],[-118.021,46.867],[-118.083,46.941],[-118.163,46.978],[-118.374,46.984]]]}},{"type":"Feature","properties":{"density":2},"geometry":{"type":"Polygon","coordinates":[[[-119.238,45.062],[-119.333,45.062],[-119.412,45.033],[-119.685,44.69],[-119.912,44.57],[-119.941,44.393],[-119.875,44.318],[-119.796,44.293],[-119.672,44.298],[-119.585,44.339],[-119.511,44.426],[-119.329,44.703],[-119.259,44.748],[-118.982,44.814],[-118.887,44.901],[-118.887,44.955],[-118.978,45.038],[-119.238,45.062]]]}},{"type":"Feature","properties":{"density":2},"geometry":{"type":"Polygon","coordinates":[[[-119.036,43.979],[-119.155,43.967],[-119.189,43.946],[-119.288,43.826],[-119.428,43.764],[-119.445,43.723],[-119.424,43.682],[-119.292,43.682],[-119.201,43.707],[-119.056,43.69],[-118.994,43.707],[-118.808,43.806],[-118.759,43.855],[-118.519,43.963],[-118.449,44.017],[-118.436,44.087],[-118.469,44.141],[-118.54,44.169],[-118.618,44.153],[-118.759,44.037],[-118.808,44.017],[-119.036,43.979]]]}},{"type":"Feature","properties":{"density":2},"geometry":{"type":"Polygon","coordinates":[[[-117.157,44.632],[-117.252,44.43],[-117.356,44.343],[-117.438,44.306],[-117.616,44.26],[-117.823,44.169],[-117.955,44.029],[-118.05,43.959],[-118.149,43.847],[-118.178,43.76],[-118.178,43.702],[-118.087,43.62],[-117.963,43.558],[-117.934,43.508],[-117.918,43.33],[-117.893,43.285],[-117.777,43.268],[-117.591,43.368],[-117.492,43.442],[-117.248,43.773],[-117.165,43.847],[-117.004,43.934],[-116.934,43.992],[-116.818,44.157],[-116.777,44.265],[-116.744,44.484],[-116.744,44.732],[-116.773,44.831],[-116.81,44.893],[-116.864,44.922],[-116.955,44.914],[-117.041,44.827],[-117.157,44.632]]]}},{"type":"Feature","properties":{"density":2},"geometry":{"type":"Polygon","coordinates":[[[-117.5,46.228],[-117.666,46.162],[-117.905,46.137],[-118.112,46.071],[-118.203,46.013],[-118.348,45.877],[-118.501,45.807],[-118.567,45.732],[-118.558,45.637],[-118.509,45.551],[-118.434,45.447],[-118.29,45.298],[-118.253,45.108],[-118.219,45.034],[-118.166,44.959],[-118.1,44.922],[-117.918,44.906],[-117.628,45.017],[-117.513,45.034],[-117.318,45.034],[-117.141,45.108],[-117.017,45.245],[-116.988,45.344],[-116.971,45.497],[-116.917,45.629],[-116.905,45.699],[-116.909,45.869],[-116.946,46.009],[-117.021,46.125],[-117.165,46.245],[-117.368,46.249],[-117.5,46.228]]]}},{"type":"Feature","properties":{"density":2},"geometry":{"type":"Polygon","coordinates":[[[-113.054,47.55],[-113.463,47.532],[-113.751,47.476],[-114.105,47.336],[-114.393,47.262],[-115.016,47.159],[-115.407,46.955],[-115.555,46.834],[-115.918,46.415],[-116.16,46.248],[-116.383,46.006],[-116.476,45.839],[-116.699,45.541],[-116.941,45.355],[-117.295,45.141],[-117.36,45.086],[-117.462,44.946],[-117.499,44.834],[-117.555,44.751],[-117.815,44.434],[-117.955,44.295],[-118.057,44.118],[-118.16,43.746],[-118.16,43.477],[-118.094,43.272],[-117.899,43.17],[-117.694,43.105],[-117.518,43.123],[-117.322,43.244],[-117.183,43.365],[-116.839,43.811],[-116.653,44.09],[-116.476,44.23],[-116.151,44.416],[-115.862,44.5],[-115.537,44.527],[-114.904,44.49],[-114.579,44.546],[-114.132,44.723],[-113.556,45.216],[-113.174,45.727],[-112.951,45.895],[-112.254,46.164],[-111.928,46.313],[-111.789,46.462],[-111.742,46.657],[-111.733,46.853],[-111.872,47.048],[-112.375,47.494],[-113.054,47.55]]]}},{"type":"Feature","properties":{"density":2},"geometry":{"type":"Polygon","coordinates":[[[-119.406,48.942],[-119.517,48.859],[-119.654,48.851],[-119.894,48.921],[-120.187,48.954],[-120.332,48.884],[-120.472,48.781],[-120.604,48.715],[-120.753,48.537],[-121.018,48.297],[-121.055,48.144],[-121.001,47.958],[-120.943,47.875],[-120.894,47.834],[-120.7,47.772],[-120.584,47.772],[-120.009,47.962],[-119.807,48.045],[-119.683,48.119],[-119.559,48.198],[-119.488,48.285],[-119.307,48.624],[-119.207,48.731],[-119.224,48.859],[-119.269,48.925],[-119.307,48.95],[-119.406,48.942]]]}},{"type":"Feature","properties":{"density":2},"geometry":{"type":"Polygon","coordinates":[[[-120.62,49.686],[-120.682,49.661],[-120.785,49.574],[-120.814,49.521],[-120.826,49.446],[-120.88,49.376],[-120.888,49.264],[-120.843,49.074],[-120.764,48.905],[-120.686,48.843],[-120.479,48.839],[-120.231,49.07],[-120.186,49.14],[-120.095,49.231],[-120.049,49.339],[-119.995,49.587],[-119.843,49.839],[-119.83,49.955],[-119.859,50.083],[-119.925,50.12],[-120.057,50.087],[-120.31,49.86],[-120.454,49.752],[-120.62,49.686]]]}},{"type":"Feature","properties":{"density":2},"geometry":{"type":"Polygon","coordinates":[[[-119.119,50.389],[-119.247,50.418],[-119.471,50.347],[-119.553,50.298],[-119.623,50.095],[-119.743,49.988],[-120.02,49.864],[-120.062,49.831],[-120.115,49.748],[-120.136,49.649],[-120.144,49.459],[-120.181,49.372],[-120.202,49.256],[-120.223,48.958],[-120.181,48.83],[-120.115,48.752],[-120.037,48.698],[-119.847,48.636],[-119.681,48.611],[-119.582,48.615],[-119.471,48.644],[-119.351,48.698],[-119.264,48.768],[-119.123,48.934],[-119.02,49.012],[-118.788,49.124],[-118.64,49.26],[-118.532,49.322],[-118.491,49.397],[-118.474,49.438],[-118.47,49.541],[-118.54,49.698],[-118.644,49.868],[-118.685,50.07],[-118.743,50.161],[-118.838,50.248],[-118.983,50.347],[-119.119,50.389]]]}},{"type":"Feature","properties":{"density":2},"geometry":{"type":"Polygon","coordinates":[[[-118.766,49.865],[-118.859,49.871],[-118.964,49.803],[-119.02,49.729],[-119.064,49.319],[-119.126,49.133],[-119.299,48.786],[-119.343,48.637],[-119.361,48.513],[-119.349,48.389],[-119.293,48.296],[-119.188,48.185],[-119.107,48.178],[-119.014,48.216],[-118.871,48.333],[-118.809,48.439],[-118.747,48.86],[-118.592,49.251],[-118.555,49.536],[-118.555,49.691],[-118.586,49.778],[-118.636,49.828],[-118.766,49.865]]]}},{"type":"Feature","properties":{"density":2},"geometry":{"type":"Polygon","coordinates":[[[-118.625,48.966],[-118.704,48.953],[-118.774,48.912],[-118.816,48.846],[-118.89,48.445],[-118.894,48.35],[-118.857,48.23],[-118.828,48.185],[-118.787,48.176],[-118.729,48.205],[-118.679,48.263],[-118.642,48.362],[-118.601,48.565],[-118.51,48.805],[-118.51,48.838],[-118.555,48.937],[-118.625,48.966]]]}},{"type":"Feature","properties":{"density":2},"geometry":{"type":"Polygon","coordinates":[[[-117.294,51.715],[-117.524,51.746],[-117.66,51.727],[-117.828,51.634],[-117.983,51.504],[-118.206,51.101],[-118.603,50.778],[-118.807,50.549],[-118.863,50.431],[-118.913,49.991],[-118.919,49.644],[-118.869,49.061],[-118.832,48.906],[-118.659,48.515],[-118.652,48.422],[-118.671,48.181],[-118.646,48.044],[-118.553,47.914],[-118.442,47.827],[-118.33,47.765],[-118.162,47.771],[-118.001,47.833],[-117.821,47.926],[-117.679,48.032],[-117.387,48.404],[-117.257,48.491],[-116.96,48.646],[-116.842,48.745],[-116.78,48.869],[-116.761,49.073],[-116.792,49.433],[-116.792,49.607],[-116.736,49.768],[-116.383,50.357],[-116.333,50.599],[-116.346,50.853],[-116.445,51.07],[-116.631,51.305],[-116.922,51.566],[-117.294,51.715]]]}},{"type":"Feature","properties":{"density":2},"geometry":{"type":"Polygon","coordinates":[[[-116.289,50.215],[-116.407,50.143],[-116.435,50.093],[-116.49,49.9],[-116.562,49.782],[-116.567,49.702],[-116.545,49.628],[-116.49,49.581],[-116.41,49.553],[-116.19,49.548],[-116.066,49.572],[-115.928,49.622],[-115.559,49.804],[-115.363,49.876],[-115.12,49.931],[-114.919,50.022],[-114.861,50.069],[-114.834,50.126],[-114.806,50.245],[-114.801,50.405],[-114.831,50.523],[-114.886,50.609],[-114.961,50.675],[-115.06,50.702],[-115.244,50.689],[-115.368,50.636],[-115.65,50.554],[-115.878,50.38],[-116.044,50.283],[-116.289,50.215]]]}},{"type":"Feature","properties":{"density":2},"geometry":{"type":"Polygon","coordinates":[[[-116.143,50.857],[-116.206,50.846],[-116.333,50.774],[-116.476,50.644],[-116.606,50.413],[-116.611,50.352],[-116.581,50.305],[-116.496,50.294],[-116.421,50.305],[-116.338,50.347],[-116.27,50.402],[-116.212,50.479],[-116.132,50.542],[-115.972,50.625],[-115.9,50.694],[-115.898,50.744],[-115.939,50.796],[-116.143,50.857]]]}},{"type":"Feature","properties":{"density":2},"geometry":{"type":"Polygon","coordinates":[[[-116.84,50.89],[-116.964,50.843],[-117.077,50.719],[-117.234,50.62],[-117.273,50.578],[-117.297,50.46],[-117.275,50.399],[-117.212,50.361],[-117.058,50.369],[-116.925,50.438],[-116.655,50.526],[-116.586,50.57],[-116.531,50.636],[-116.504,50.7],[-116.509,50.755],[-116.537,50.807],[-116.581,50.848],[-116.722,50.881],[-116.84,50.89]]]}},{"type":"Feature","properties":{"density":2},"geometry":{"type":"Polygon","coordinates":[[[-120.418,51.036],[-120.48,51.09],[-120.62,51.14],[-120.765,51.152],[-120.856,51.127],[-120.934,51.045],[-121.062,50.863],[-121.149,50.776],[-121.269,50.735],[-121.397,50.726],[-121.711,50.743],[-121.79,50.702],[-121.86,50.611],[-121.848,50.466],[-121.666,49.887],[-121.579,49.78],[-121.455,49.747],[-121.253,49.743],[-120.723,49.953],[-120.595,50.02],[-120.475,50.144],[-120.236,50.284],[-120.178,50.359],[-120.157,50.483],[-120.277,50.793],[-120.418,51.036]]]}},{"type":"Feature","properties":{"density":2},"geometry":{"type":"Polygon","coordinates":[[[-105.136,56.025],[-105.166,56.05],[-105.307,56.05],[-105.384,56.006],[-105.516,55.967],[-105.627,55.901],[-105.665,55.86],[-105.69,55.783],[-105.687,55.7],[-105.643,55.631],[-105.585,55.584],[-105.511,55.565],[-105.332,55.565],[-105.271,55.543],[-104.759,55.289],[-104.535,55.199],[-104.205,55.143],[-104.133,55.177],[-104.108,55.254],[-104.122,55.35],[-104.174,55.441],[-104.23,55.502],[-104.392,55.598],[-104.916,55.819],[-105.04,55.912],[-105.136,56.025]]]}},{"type":"Feature","properties":{"density":2},"geometry":{"type":"Polygon","coordinates":[[[-90.039,54.39],[-90.097,54.32],[-90.055,54.279],[-90.002,54.275],[-89.898,54.291],[-89.671,54.39],[-89.514,54.415],[-89.406,54.403],[-88.948,54.266],[-88.852,54.254],[-88.435,54.109],[-88.059,54.039],[-87.757,54.027],[-87.654,54.051],[-87.571,54.093],[-87.542,54.155],[-87.542,54.27],[-87.629,54.427],[-87.691,54.481],[-87.902,54.556],[-88.104,54.601],[-88.513,54.622],[-88.807,54.613],[-89.568,54.498],[-90.039,54.39]]]}},{"type":"Feature","properties":{"density":2},"geometry":{"type":"Polygon","coordinates":[[[-122.297,63.202],[-122.417,63.302],[-122.603,63.38],[-122.669,63.38],[-122.731,63.335],[-122.793,63.252],[-122.801,63.149],[-122.752,62.921],[-122.801,62.578],[-122.776,62.462],[-122.727,62.376],[-122.673,62.322],[-122.533,62.281],[-122.458,62.289],[-122.268,62.446],[-122.181,62.562],[-122.128,62.677],[-122.111,62.913],[-122.132,62.992],[-122.194,63.116],[-122.297,63.202]]]}},{"type":"Feature","properties":{"density":2},"geometry":{"type":"Polygon","coordinates":[[[-122.297,62.405],[-122.4,62.425],[-122.719,62.26],[-122.781,62.198],[-122.801,62.115],[-122.76,62.016],[-122.607,61.751],[-122.549,61.718],[-122.429,61.739],[-122.276,61.851],[-122.185,61.896],[-122.119,61.958],[-122.09,62.07],[-122.094,62.165],[-122.297,62.405]]]}},{"type":"Feature","properties":{"density":2},"geometry":{"type":"Polygon","coordinates":[[[-121.276,62.231],[-121.483,62.533],[-121.586,62.599],[-121.694,62.607],[-121.813,62.586],[-121.946,62.512],[-122.066,62.343],[-122.061,62.247],[-121.987,62.016],[-121.913,61.933],[-121.689,61.751],[-121.598,61.698],[-121.503,61.685],[-121.417,61.694],[-121.189,61.768],[-121.144,61.863],[-121.156,62.028],[-121.276,62.231]]]}},{"type":"Feature","properties":{"density":2},"geometry":{"type":"Polygon","coordinates":[[[-120.797,62.053],[-120.846,62.082],[-121.078,62.479],[-121.127,62.512],[-121.156,62.467],[-121.152,62.367],[-121.04,62.111],[-120.995,62.041],[-120.887,61.917],[-120.846,61.9],[-120.776,61.929],[-120.768,62.028],[-120.78,62.066],[-120.797,62.053]]]}},{"type":"Feature","properties":{"density":2},"geometry":{"type":"Polygon","coordinates":[[[-119.738,62.669],[-119.962,62.731],[-120.061,62.748],[-120.156,62.744],[-120.367,62.624],[-120.668,62.533],[-120.71,62.496],[-120.739,62.434],[-120.751,62.26],[-120.615,62.041],[-120.549,61.987],[-120.449,61.987],[-120.313,62.057],[-120.197,62.09],[-119.933,62.103],[-119.838,62.14],[-119.738,62.194],[-119.693,62.239],[-119.66,62.318],[-119.652,62.413],[-119.738,62.669]]]}},{"type":"Feature","properties":{"density":2},"geometry":{"type":"Polygon","coordinates":[[[-108.57,63.141],[-108.719,63.124],[-108.797,63.087],[-108.835,63.004],[-108.773,62.922],[-108.653,62.889],[-108.248,62.889],[-107.938,62.922],[-107.644,62.909],[-107.334,62.963],[-106.731,62.976],[-106.636,63.033],[-106.631,63.141],[-106.917,63.339],[-107.127,63.36],[-107.499,63.331],[-107.669,63.294],[-107.933,63.269],[-108.413,63.153],[-108.57,63.141]]]}},{"type":"Feature","properties":{"density":2},"geometry":{"type":"Polygon","coordinates":[[[-117.093,41.914],[-117.437,42.066],[-117.685,42.112],[-117.928,42.041],[-118.667,41.768],[-119.168,41.616],[-119.538,41.616],[-119.771,41.808],[-120.632,42.431],[-120.757,42.597],[-120.872,42.878],[-120.841,43.212],[-120.845,43.549],[-120.936,43.964],[-121.152,44.295],[-121.611,44.649],[-121.668,44.807],[-121.659,44.94],[-121.62,44.985],[-121.512,45.026],[-121.475,45.063],[-121.473,45.114],[-121.499,45.188],[-121.541,45.248],[-121.589,45.296],[-121.703,45.366],[-121.733,45.41],[-121.728,45.47],[-121.635,45.512],[-121.395,45.728],[-121.021,45.9],[-120.459,46.092],[-120.216,46.315],[-119.217,47.018],[-118.914,47.17],[-118.195,47.58],[-117.881,47.782],[-117.618,47.974],[-117.253,48.157],[-116.691,48.617],[-116.433,48.759],[-116.099,48.876],[-115.431,48.982],[-114.747,49.058],[-114.499,49.134],[-114.322,49.26],[-114.221,49.453],[-114.16,49.787],[-114.246,49.959],[-114.55,50.086],[-114.788,50.096],[-115.258,49.954],[-115.82,49.701],[-116.215,49.331],[-116.975,49.134],[-117.223,49.043],[-117.623,48.81],[-117.82,48.658],[-117.921,48.511],[-118.023,48.207],[-118.073,48.106],[-118.215,47.969],[-118.367,47.899],[-118.59,47.883],[-118.792,47.899],[-118.974,47.98],[-119.248,48.005],[-119.531,47.924],[-120.164,47.605],[-120.387,47.519],[-120.584,47.534],[-120.847,47.676],[-120.974,47.777],[-121.014,47.969],[-121.004,48.197],[-120.964,48.4],[-120.999,48.547],[-121.257,48.739],[-121.349,48.901],[-121.399,49.184],[-121.399,49.362],[-121.619,49.807],[-122.136,50.604],[-122.462,50.885],[-122.607,51.166],[-122.561,51.485],[-122.295,51.751],[-121.847,51.956],[-120.739,51.994],[-119.767,52.154],[-119.554,52.161],[-119.038,52.123],[-116.786,51.933],[-115.886,52.207],[-115.385,52.423],[-114.244,53.116],[-113.289,53.335],[-111.926,53.465],[-110.692,53.554],[-109.249,53.365],[-108.145,53.176],[-106.96,52.659],[-105.727,51.773],[-103.876,51.355],[-102.059,51.711],[-100.362,53.078],[-99.325,53.647],[-98.46,53.852],[-97.742,54.262],[-97.093,54.547],[-96.182,54.638],[-94.929,54.559],[-94.085,54.792],[-93.819,55.286],[-93.493,55.742],[-92.83,56.516],[-92.074,57.019],[-91.408,57.241],[-90.553,57.258],[-88.589,56.729],[-86.624,56.08],[-85.325,55.464],[-83.889,55.178],[-82.788,54.548],[-82.439,54.191],[-82.215,53.687],[-82.079,53.038],[-82.335,52.697],[-82.694,52.133],[-82.916,51.637],[-83.258,51.21],[-83.343,51.125],[-83.497,50.834],[-83.804,50.119],[-83.462,49.299],[-83.188,47.932],[-83.069,46.463],[-83.086,45.147],[-83.314,44.458],[-83.872,43.649],[-84.521,43.091],[-85.455,42.613],[-86.253,42.567],[-87.346,42.818],[-88.553,43.433],[-89.328,43.752],[-90.535,43.535],[-91.264,42.852],[-91.333,41.884],[-90.901,40.321],[-90.354,39.603],[-89.722,38.475],[-89.09,37.621],[-88.235,37.091],[-87.142,36.715],[-85.485,35.793],[-84.306,35.417],[-83.11,34.904],[-80.551,34.576],[-78.843,34.497],[-77.854,34.914],[-76.882,35.666],[-75.508,36.251],[-74.938,36.357],[-74.29,36.408],[-73.809,36.559],[-73.359,36.721],[-73.146,36.904],[-72.969,37.253],[-72.954,37.359],[-72.878,37.536],[-72.842,37.688],[-72.541,38.15],[-72.245,38.549],[-71.766,39.062],[-71.345,39.642],[-70.555,40.192],[-69.65,40.67],[-68.009,41.302],[-67.018,41.61],[-66.181,41.695],[-65.429,41.729],[-64.917,41.49],[-64.695,41.148],[-64.763,40.602],[-65.378,39.901],[-66.079,39.286],[-67.241,38.483],[-68.061,38.022],[-69.092,37.093],[-69.638,36.136],[-70.185,35.259],[-70.696,34.972],[-71.117,34.699],[-72.044,33.987],[-72.566,33.63],[-73.602,32.833],[-75.06,32.013],[-75.698,31.535],[-77.236,30.601],[-78.318,30.43],[-78.899,30.27],[-79.389,30.168],[-80.608,30.031],[-81.393,29.985],[-83.421,30.373],[-85.711,31.455],[-86.656,32.275],[-88.82,33.528],[-89.583,33.676],[-90.517,33.961],[-91.03,34.223],[-91.508,34.53],[-91.975,34.963],[-92.659,35.726],[-93.103,36.558],[-93.787,38.004],[-94.276,38.939],[-94.743,39.918],[-95.165,40.738],[-96.441,43.404],[-96.919,44.099],[-97.557,44.941],[-99.937,47.02],[-100.654,47.454],[-101.474,47.633],[-102.478,47.704],[-103.104,47.692],[-106.704,48.171],[-107.717,48.171],[-108.799,47.988],[-109.927,47.692],[-110.884,47.499],[-112.638,46.838],[-112.991,46.667],[-113.584,46.439],[-113.899,46.268],[-113.959,46.101],[-114.028,45.706],[-113.914,45.585],[-113.559,45.545],[-113.371,45.54],[-113.073,45.454],[-112.647,45.277],[-112.42,45.14],[-112.161,44.859],[-111.972,44.563],[-111.949,44.077],[-112.063,43.811],[-112.306,43.401],[-112.617,43.189],[-112.951,43.052],[-113.521,42.915],[-114.842,42.346],[-115.457,42.194],[-115.882,42.133],[-116.194,42.027],[-116.505,41.951],[-117.018,41.896],[-117.093,41.914]]]}},{"type":"Feature","properties":{"density":2},"geometry":{"type":"Polygon","coordinates":[[[-116.847,57.425],[-117.836,57.566],[-118.825,57.566],[-119.672,57.142],[-120.473,56.577],[-121.273,55.494],[-121.885,54.317],[-122.215,53.47],[-122.403,52.434],[-122.45,51.163],[-122.45,49.986],[-122.12,49.138],[-121.508,48.338],[-120.567,48.008],[-119.955,47.82],[-119.248,47.396],[-118.966,46.972],[-118.825,46.36],[-119.06,45.701],[-119.672,45.418],[-120.378,45.23],[-121.085,45.089],[-121.932,44.618],[-122.309,43.441],[-121.838,42.499],[-121.32,41.652],[-120.52,40.804],[-119.578,40.475],[-118.778,40.333],[-117.977,40.428],[-116.894,40.616],[-116.141,40.522],[-114.822,40.286],[-114.21,40.286],[-113.504,40.428],[-112.798,40.804],[-112.233,41.369],[-111.621,41.934],[-110.915,42.782],[-109.973,43.441],[-109.22,44.006],[-108.419,44.665],[-107.713,45.089],[-107.007,45.324],[-106.018,45.466],[-105.076,45.701],[-103.522,46.36],[-103.004,46.596],[-102.204,46.784],[-101.404,47.019],[-99.567,47.443],[-98.955,47.537],[-97.967,47.537],[-96.931,47.396],[-95.895,47.019],[-95.047,46.596],[-94.435,46.219],[-94.059,45.889],[-92.646,44.383],[-92.175,43.535],[-91.657,41.746],[-91.657,40.475],[-91.751,39.627],[-91.893,38.591],[-91.893,36.708],[-91.657,35.719],[-91.139,34.683],[-90.433,33.789],[-89.633,33.083],[-88.738,32.565],[-87.608,32.0],[-86.384,31.623],[-85.495,31.304],[-85.118,31.074],[-84.658,30.571],[-84.365,30.195],[-84.009,29.86],[-83.465,29.525],[-82.837,29.316],[-82.063,29.086],[-81.288,29.002],[-80.43,28.939],[-79.719,28.96],[-78.819,29.107],[-77.815,29.295],[-76.936,29.504],[-75.973,29.692],[-75.136,29.923],[-74.236,30.278],[-73.567,30.697],[-72.499,31.492],[-71.6,32.266],[-71.202,32.685],[-70.365,33.878],[-69.884,34.505],[-69.026,35.803],[-68.544,36.473],[-68.042,37.121],[-66.724,38.335],[-66.117,38.837],[-65.531,39.36],[-65.092,39.821],[-64.568,40.323],[-64.045,40.867],[-63.648,41.348],[-63.543,41.976],[-63.752,42.604],[-64.108,42.939],[-64.652,43.106],[-65.426,43.085],[-66.012,43.043],[-66.787,42.834],[-67.477,42.499],[-68.231,42.081],[-68.796,41.599],[-69.884,40.428],[-70.511,39.695],[-70.993,39.067],[-71.746,38.021],[-72.081,37.707],[-72.52,37.519],[-72.96,37.414],[-73.462,37.331],[-74.99,37.331],[-75.701,37.351],[-77.794,36.996],[-78.233,36.766],[-78.756,36.431],[-79.363,35.97],[-80.012,35.426],[-80.43,35.112],[-80.849,34.861],[-81.351,34.798],[-81.832,34.819],[-82.9,34.819],[-83.36,34.694],[-84.344,34.338],[-84.678,34.275],[-85.411,34.254],[-85.955,34.317],[-86.373,34.464],[-87.064,34.778],[-87.545,35.175],[-87.817,35.552],[-88.068,36.368],[-88.299,37.289],[-88.299,38.063],[-88.131,38.649],[-87.922,39.026],[-87.252,39.507],[-86.771,39.507],[-86.269,39.402],[-85.39,38.753],[-84.909,38.44],[-84.344,38.209],[-83.548,38.021],[-82.753,37.958],[-81.832,37.958],[-81.205,38.126],[-80.41,38.858],[-80.242,39.339],[-80.179,40.009],[-80.284,40.595],[-80.556,41.055],[-80.682,41.516],[-80.786,42.206],[-80.786,42.939],[-80.702,43.629],[-80.43,44.278],[-80.075,44.864],[-79.782,45.387],[-79.342,45.994],[-79.028,46.58],[-78.694,47.312],[-78.505,48.128],[-77.982,49.74],[-77.647,50.409],[-77.145,51.079],[-76.517,51.853],[-75.91,52.774],[-75.513,53.527],[-75.283,54.26],[-75.262,55.055],[-75.408,55.913],[-75.848,56.729],[-76.475,57.399],[-77.124,57.859],[-78.066,58.215],[-79.321,58.403],[-80.158,58.466],[-81.121,58.466],[-81.979,58.298],[-82.69,58.047],[-83.255,57.733],[-83.883,57.273],[-84.49,56.771],[-85.118,56.018],[-85.746,55.222],[-87.001,54.364],[-87.441,54.197],[-91.945,53.349],[-92.981,52.973],[-94.425,52.565],[-95.806,52.345],[-96.496,52.188],[-97.187,51.843],[-97.721,51.466],[-98.631,51.058],[-99.73,50.744],[-101.927,50.493],[-102.868,50.462],[-103.685,50.713],[-104.469,51.121],[-105.066,51.592],[-105.568,52.157],[-106.384,52.816],[-107.232,53.538],[-108.079,54.166],[-109.962,55.296],[-110.873,55.766],[-111.94,56.112],[-116.847,57.425]]]}},{"type":"Feature","properties":{"density":3},"geometry":{"type":"Polygon","coordinates":[[[-121.654,45.467],[-121.476,45.564],[-121.356,45.659],[-121.173,45.729],[-121.098,45.74],[-120.794,45.728],[-120.585,45.56],[-120.544,45.563],[-120.297,45.68],[-120.179,45.785],[-120.037,45.984],[-119.909,46.092],[-119.835,46.115],[-119.71,46.004],[-119.696,45.93],[-119.706,45.859],[-119.939,45.707],[-119.983,45.66],[-120.182,45.238],[-120.233,45.17],[-120.365,44.894],[-120.378,44.752],[-120.297,44.583],[-120.294,44.536],[-120.515,44.285],[-120.587,44.241],[-120.729,44.247],[-120.929,44.283],[-121.044,44.327],[-121.1,44.403],[-121.103,44.474],[-121.079,44.517],[-120.869,44.79],[-120.855,44.862],[-120.891,44.907],[-120.948,44.918],[-120.99,44.906],[-121.113,44.762],[-121.292,44.601],[-121.424,44.577],[-121.502,44.589],[-121.532,44.622],[-121.601,44.733],[-121.622,44.877],[-121.614,44.927],[-121.479,44.991],[-121.367,45.017],[-121.323,45.107],[-121.329,45.137],[-121.449,45.201],[-121.515,45.285],[-121.527,45.327],[-121.647,45.351],[-121.712,45.398],[-121.701,45.438],[-121.654,45.467]]]}},{"type":"Feature","properties":{"density":3},"geometry":{"type":"Polygon","coordinates":[[[-118.187,48.006],[-118.278,47.946],[-118.361,47.929],[-118.405,47.941],[-118.494,48.0],[-118.513,48.036],[-118.504,48.087],[-118.424,48.139],[-118.419,48.157],[-118.453,48.245],[-118.46,48.366],[-118.505,48.463],[-118.62,48.512],[-118.788,48.515],[-119.124,48.402],[-119.169,48.362],[-119.074,48.305],[-119.043,48.247],[-119.07,48.227],[-119.157,48.256],[-119.616,48.237],[-119.726,48.28],[-119.894,48.409],[-119.962,48.513],[-119.991,48.593],[-120.039,48.911],[-120.024,49.01],[-120.037,49.221],[-120.012,49.41],[-120.033,49.662],[-119.974,49.787],[-119.772,49.942],[-119.525,50.074],[-119.433,50.098],[-119.322,50.093],[-119.211,50.047],[-119.127,49.956],[-119.086,49.875],[-118.838,49.618],[-118.75,49.462],[-118.706,49.422],[-118.652,49.404],[-118.442,49.393],[-118.251,49.49],[-118.109,49.528],[-118.08,49.526],[-118.032,49.481],[-117.906,49.168],[-117.726,48.984],[-117.729,48.936],[-117.816,48.797],[-118.026,48.612],[-118.086,48.529],[-118.073,48.349],[-118.086,48.225],[-118.126,48.091],[-118.187,48.006]]]}},{"type":"Feature","properties":{"density":3},"geometry":{"type":"Polygon","coordinates":[[[-118.338,45.763],[-118.186,45.768],[-118.129,45.751],[-118.063,45.696],[-117.897,45.444],[-117.82,45.357],[-117.743,45.198],[-117.702,45.154],[-117.71,45.122],[-117.77,45.138],[-118.153,45.383],[-118.146,45.547],[-118.177,45.599],[-118.381,45.625],[-118.489,45.688],[-118.526,45.729],[-118.522,45.746],[-118.433,45.781],[-118.338,45.763]]]}},{"type":"Feature","properties":{"density":3},"geometry":{"type":"Polygon","coordinates":[[[-120.811,48.084],[-120.753,48.082],[-120.722,48.103],[-120.642,48.238],[-120.578,48.291],[-120.526,48.294],[-120.502,48.267],[-120.459,48.176],[-120.454,48.126],[-120.508,47.968],[-120.608,47.964],[-120.631,47.938],[-120.552,47.814],[-120.506,47.704],[-120.539,47.696],[-120.609,47.711],[-120.81,47.903],[-120.915,47.982],[-120.937,48.027],[-120.924,48.048],[-120.845,48.086],[-120.811,48.084]]]}},{"type":"Feature","properties":{"density":3},"geometry":{"type":"Polygon","coordinates":[[[-121.784,61.808],[-121.874,61.808],[-121.953,61.842],[-122.118,61.973],[-122.247,62.04],[-122.745,62.148],[-122.64,62.183],[-122.415,62.202],[-121.944,62.124],[-121.656,61.926],[-121.586,61.805],[-121.617,61.791],[-121.784,61.808]]]}},{"type":"Feature","properties":{"density":3},"geometry":{"type":"Polygon","coordinates":[[[-119.867,44.371],[-119.935,44.463],[-119.925,44.483],[-119.853,44.498],[-119.828,44.475],[-119.821,44.404],[-119.793,44.356],[-119.831,44.352],[-119.867,44.371]]]}},{"type":"Feature","properties":{"density":3},"geometry":{"type":"Polygon","coordinates":[[[-116.392,49.622],[-116.351,49.652],[-116.253,49.67],[-116.114,49.638],[-116.115,49.605],[-116.209,49.588],[-116.364,49.601],[-116.392,49.622]]]}},{"type":"Feature","properties":{"density":3},"geometry":{"type":"Polygon","coordinates":[[[-122.554,43.127],[-122.569,43.143],[-122.603,43.143],[-122.68,43.088],[-122.689,43.055],[-122.664,43.047],[-122.567,43.076],[-122.554,43.127]]]}},{"type":"Feature","properties":{"density":3},"geometry":{"type":"Polygon","coordinates":[[[-121.139,45.478],[-121.249,45.466],[-121.319,45.409],[-121.482,45.359],[-121.512,45.335],[-121.506,45.284],[-121.39,45.218],[-121.333,45.218],[-121.166,45.322],[-121.104,45.39],[-120.962,45.433],[-120.942,45.466],[-120.97,45.5],[-121.028,45.497],[-121.084,45.473],[-121.139,45.478]]]}},{"type":"Feature","properties":{"density":3},"geometry":{"type":"Polygon","coordinates":[[[-121.088,45.142],[-121.15,45.113],[-121.227,45.036],[-121.266,45.017],[-121.426,44.986],[-121.479,44.96],[-121.543,44.881],[-121.622,44.854],[-121.639,44.812],[-121.624,44.76],[-121.477,44.648],[-121.394,44.665],[-121.325,44.725],[-121.24,44.856],[-121.045,44.951],[-120.968,45.019],[-120.946,45.118],[-121.001,45.142],[-121.088,45.142]]]}},{"type":"Feature","properties":{"density":3},"geometry":{"type":"Polygon","coordinates":[[[-120.232,45.431],[-120.298,45.411],[-120.394,45.321],[-120.419,45.155],[-120.455,45.092],[-120.521,45.059],[-120.675,45.02],[-120.758,44.968],[-120.783,44.935],[-120.802,44.888],[-120.794,44.83],[-120.73,44.742],[-120.706,44.667],[-120.714,44.612],[-120.838,44.488],[-120.835,44.37],[-120.796,44.337],[-120.747,44.317],[-120.678,44.315],[-120.557,44.362],[-120.499,44.403],[-120.292,44.645],[-120.273,44.783],[-120.281,44.929],[-120.251,45.048],[-120.088,45.235],[-119.978,45.436],[-119.871,45.552],[-119.862,45.607],[-119.887,45.671],[-119.948,45.676],[-119.992,45.648],[-120.096,45.486],[-120.152,45.447],[-120.232,45.431]]]}},{"type":"Feature","properties":{"density":3},"geometry":{"type":"Polygon","coordinates":[[[-119.818,44.525],[-119.851,44.515],[-119.858,44.471],[-119.835,44.415],[-119.79,44.409],[-119.684,44.443],[-119.568,44.509],[-119.552,44.535],[-119.581,44.578],[-119.739,44.53],[-119.818,44.525]]]}},{"type":"Feature","properties":{"density":3},"geometry":{"type":"Polygon","coordinates":[[[-118.122,45.911],[-118.153,45.93],[-118.224,45.914],[-118.26,45.886],[-118.282,45.779],[-118.376,45.726],[-118.373,45.677],[-118.332,45.636],[-118.282,45.616],[-118.224,45.605],[-118.098,45.613],[-117.996,45.542],[-117.924,45.545],[-117.88,45.622],[-117.896,45.666],[-117.957,45.718],[-118.037,45.74],[-118.059,45.76],[-118.122,45.911]]]}},{"type":"Feature","properties":{"density":3},"geometry":{"type":"Polygon","coordinates":[[[-113.247,47.949],[-113.286,47.939],[-113.289,47.91],[-113.259,47.825],[-113.212,47.812],[-113.15,47.857],[-113.128,47.917],[-113.148,47.929],[-113.198,47.918],[-113.247,47.949]]]}},{"type":"Feature","properties":{"density":3},"geometry":{"type":"Polygon","coordinates":[[[-114.887,48.556],[-114.924,48.544],[-114.922,48.53],[-114.909,48.51],[-114.854,48.501],[-114.689,48.559],[-114.228,48.662],[-114.221,48.678],[-114.228,48.699],[-114.252,48.705],[-114.344,48.696],[-114.887,48.556]]]}},{"type":"Feature","properties":{"density":3},"geometry":{"type":"Polygon","coordinates":[[[-120.52,48.586],[-120.601,48.606],[-120.653,48.58],[-120.68,48.492],[-120.688,48.193],[-120.701,48.154],[-120.734,48.134],[-120.833,48.145],[-120.888,48.101],[-120.91,48.031],[-120.884,47.912],[-120.627,47.735],[-120.581,47.746],[-120.572,47.774],[-120.598,47.857],[-120.587,47.904],[-120.546,47.95],[-120.508,48.042],[-120.426,48.095],[-120.407,48.152],[-120.427,48.459],[-120.469,48.544],[-120.52,48.586]]]}},{"type":"Feature","properties":{"density":3},"geometry":{"type":"Polygon","coordinates":[[[-119.585,49.414],[-119.695,49.421],[-119.759,49.383],[-119.796,49.328],[-119.825,49.164],[-119.849,49.116],[-119.98,48.999],[-120.004,48.929],[-119.991,48.841],[-119.943,48.762],[-119.756,48.651],[-119.614,48.677],[-119.462,48.815],[-119.408,48.894],[-119.388,49.019],[-119.331,49.133],[-119.34,49.234],[-119.395,49.331],[-119.463,49.388],[-119.585,49.414]]]}},{"type":"Feature","properties":{"density":3},"geometry":{"type":"Polygon","coordinates":[[[-119.125,48.574],[-119.205,48.598],[-119.253,48.582],[-119.281,48.534],[-119.281,48.422],[-119.264,48.352],[-119.22,48.277],[-119.09,48.242],[-119.055,48.271],[-119.071,48.387],[-119.046,48.473],[-119.097,48.56],[-119.125,48.574]]]}},{"type":"Feature","properties":{"density":3},"geometry":{"type":"Polygon","coordinates":[[[-118.648,50.102],[-118.681,50.118],[-118.777,50.121],[-118.871,50.08],[-118.943,50.003],[-119.039,49.738],[-119.05,49.57],[-118.973,49.294],[-118.863,49.002],[-118.73,48.843],[-118.562,48.738],[-118.477,48.608],[-118.482,48.504],[-118.51,48.396],[-118.504,48.319],[-118.518,48.278],[-118.615,48.225],[-118.628,48.189],[-118.617,48.14],[-118.529,48.019],[-118.48,47.994],[-118.301,47.983],[-118.196,48.021],[-118.116,48.082],[-118.099,48.115],[-118.113,48.366],[-118.075,48.457],[-117.915,48.674],[-117.791,48.749],[-117.752,48.848],[-117.738,49.022],[-117.667,49.124],[-117.499,49.27],[-117.471,49.361],[-117.477,49.424],[-117.504,49.482],[-117.65,49.565],[-117.733,49.636],[-117.912,49.928],[-118.014,50.03],[-118.091,50.083],[-118.168,50.091],[-118.276,50.05],[-118.43,50.044],[-118.648,50.102]]]}},{"type":"Feature","properties":{"density":3},"geometry":{"type":"Polygon","coordinates":[[[-120.408,49.534],[-120.491,49.526],[-120.559,49.475],[-120.612,49.376],[-120.634,49.26],[-120.669,49.223],[-120.779,49.174],[-120.798,49.139],[-120.798,49.071],[-120.781,49.032],[-120.726,48.955],[-120.664,48.902],[-120.568,48.9],[-120.509,48.927],[-120.454,49.001],[-120.447,49.089],[-120.467,49.221],[-120.449,49.3],[-120.41,49.356],[-120.318,49.39],[-120.287,49.424],[-120.315,49.501],[-120.346,49.528],[-120.408,49.534]]]}},{"type":"Feature","properties":{"density":3},"geometry":{"type":"Polygon","coordinates":[[[-120.942,49.225],[-121.008,49.28],[-121.104,49.283],[-121.146,49.263],[-121.26,49.159],[-121.254,48.986],[-121.271,48.907],[-121.229,48.833],[-121.201,48.819],[-121.131,48.848],[-121.006,49.032],[-120.918,49.069],[-120.903,49.124],[-120.942,49.225]]]}},{"type":"Feature","properties":{"density":3},"geometry":{"type":"Polygon","coordinates":[[[-121.683,50.568],[-121.735,50.579],[-121.763,50.557],[-121.777,50.466],[-121.746,50.38],[-121.628,50.185],[-121.606,50.063],[-121.545,49.909],[-121.556,49.821],[-121.526,49.791],[-121.446,49.766],[-121.355,49.78],[-121.292,49.857],[-121.27,49.942],[-121.292,49.97],[-121.369,49.989],[-121.388,50.011],[-121.402,50.138],[-121.49,50.229],[-121.529,50.355],[-121.62,50.535],[-121.683,50.568]]]}},{"type":"Feature","properties":{"density":3},"geometry":{"type":"Polygon","coordinates":[[[-116.366,49.776],[-116.438,49.768],[-116.447,49.708],[-116.352,49.599],[-116.245,49.581],[-116.208,49.618],[-116.214,49.691],[-116.302,49.72],[-116.366,49.776]]]}},{"type":"Feature","properties":{"density":3},"geometry":{"type":"Polygon","coordinates":[[[-122.538,62.672],[-122.576,62.691],[-122.659,62.689],[-122.664,62.65],[-122.535,62.369],[-122.51,62.344],[-122.436,62.319],[-122.403,62.35],[-122.4,62.421],[-122.458,62.556],[-122.538,62.672]]]}},{"type":"Feature","properties":{"density":3},"geometry":{"type":"Polygon","coordinates":[[[-113.127,47.984],[-113.178,47.958],[-113.249,47.852],[-113.254,47.824],[-113.238,47.801],[-113.183,47.807],[-113.1,47.928],[-113.089,47.979],[-113.127,47.984]]]}},{"type":"Feature","properties":{"density":3},"geometry":{"type":"Polygon","coordinates":[[[-114.042,48.925],[-114.401,48.84],[-114.71,48.733],[-114.882,48.616],[-114.919,48.562],[-114.919,48.529],[-114.857,48.505],[-114.565,48.665],[-114.28,48.735],[-114.148,48.807],[-114.002,48.832],[-113.984,48.853],[-113.984,48.895],[-114.006,48.921],[-114.042,48.925]]]}},{"type":"Feature","properties":{"density":3},"geometry":{"type":"Polygon","coordinates":[[[-116.123,37.435],[-116.157,37.414],[-116.196,37.336],[-116.2,37.308],[-116.178,37.283],[-116.151,37.286],[-116.091,37.379],[-116.095,37.417],[-116.123,37.435]]]}},{"type":"Feature","properties":{"density":3},"geometry":{"type":"Polygon","coordinates":[[[-121.066,45.629],[-121.138,45.603],[-121.255,45.508],[-121.402,45.453],[-121.494,45.397],[-121.513,45.337],[-121.489,45.276],[-121.428,45.234],[-121.351,45.228],[-121.244,45.287],[-121.121,45.458],[-121.005,45.537],[-121.0,45.577],[-121.026,45.611],[-121.066,45.629]]]}},{"type":"Feature","properties":{"density":3},"geometry":{"type":"Polygon","coordinates":[[[-121.161,45.082],[-121.267,44.942],[-121.304,44.92],[-121.475,44.911],[-121.58,44.881],[-121.657,44.824],[-121.659,44.767],[-121.53,44.69],[-121.422,44.718],[-121.293,44.711],[-121.251,44.723],[-121.157,44.795],[-121.049,44.852],[-121.003,44.938],[-121.019,45.069],[-121.041,45.102],[-121.082,45.124],[-121.161,45.082]]]}},{"type":"Feature","properties":{"density":3},"geometry":{"type":"Polygon","coordinates":[[[-119.836,45.578],[-119.982,45.498],[-120.241,45.269],[-120.401,44.996],[-120.484,44.883],[-120.737,44.66],[-120.746,44.599],[-120.702,44.525],[-120.746,44.431],[-120.74,44.379],[-120.674,44.362],[-120.583,44.395],[-120.542,44.426],[-120.365,44.652],[-120.084,44.839],[-119.977,44.947],[-119.811,45.189],[-119.517,45.456],[-119.459,45.575],[-119.456,45.613],[-119.467,45.641],[-119.497,45.655],[-119.561,45.658],[-119.836,45.578]]]}},{"type":"Feature","properties":{"density":3},"geometry":{"type":"Polygon","coordinates":[[[-119.579,44.694],[-119.632,44.674],[-119.675,44.636],[-119.811,44.597],[-119.869,44.548],[-119.886,44.487],[-119.875,44.459],[-119.776,44.402],[-119.741,44.401],[-119.71,44.421],[-119.653,44.5],[-119.509,44.608],[-119.509,44.676],[-119.579,44.694]]]}},{"type":"Feature","properties":{"density":3},"geometry":{"type":"Polygon","coordinates":[[[-117.979,43.863],[-117.929,43.876],[-117.789,44.001],[-117.701,44.003],[-117.626,43.937],[-117.555,43.722],[-117.56,43.659],[-117.599,43.573],[-117.607,43.485],[-117.646,43.441],[-117.725,43.438],[-117.786,43.507],[-117.858,43.667],[-117.899,43.673],[-118.001,43.739],[-118.015,43.841],[-117.979,43.863]]]}},{"type":"Feature","properties":{"density":3},"geometry":{"type":"Polygon","coordinates":[[[-118.115,45.92],[-118.206,45.909],[-118.237,45.876],[-118.281,45.757],[-118.38,45.696],[-118.396,45.661],[-118.391,45.625],[-118.355,45.589],[-118.3,45.564],[-118.176,45.556],[-118.129,45.531],[-118.101,45.391],[-118.074,45.38],[-117.98,45.426],[-117.925,45.501],[-117.898,45.506],[-117.878,45.545],[-117.878,45.603],[-117.895,45.641],[-117.994,45.73],[-118.035,45.854],[-118.115,45.92]]]}},{"type":"Feature","properties":{"density":3},"geometry":{"type":"Polygon","coordinates":[[[-120.798,48.226],[-120.846,48.216],[-120.872,48.191],[-120.885,48.106],[-120.831,48.022],[-120.798,47.93],[-120.76,47.895],[-120.738,47.902],[-120.718,47.95],[-120.738,48.033],[-120.719,48.147],[-120.747,48.198],[-120.798,48.226]]]}},{"type":"Feature","properties":{"density":3},"geometry":{"type":"Polygon","coordinates":[[[-120.681,48.034],[-120.701,47.994],[-120.673,47.957],[-120.589,48.003],[-120.506,48.126],[-120.416,48.224],[-120.429,48.286],[-120.484,48.303],[-120.547,48.275],[-120.681,48.034]]]}},{"type":"Feature","properties":{"density":3},"geometry":{"type":"Polygon","coordinates":[[[-121.098,49.26],[-121.144,49.255],[-121.205,49.217],[-121.247,49.171],[-121.263,49.125],[-121.217,49.06],[-121.163,49.04],[-121.103,48.974],[-121.076,48.972],[-120.939,49.063],[-120.932,49.141],[-120.95,49.189],[-120.988,49.227],[-121.098,49.26]]]}},{"type":"Feature","properties":{"density":3},"geometry":{"type":"Polygon","coordinates":[[[-119.776,49.42],[-119.862,49.414],[-119.917,49.334],[-119.931,49.213],[-119.986,49.097],[-120.008,48.924],[-119.997,48.882],[-119.953,48.824],[-119.768,48.692],[-119.718,48.684],[-119.677,48.709],[-119.619,48.802],[-119.633,48.957],[-119.669,49.064],[-119.636,49.276],[-119.74,49.42],[-119.776,49.42]]]}},{"type":"Feature","properties":{"density":3},"geometry":{"type":"Polygon","coordinates":[[[-117.951,50.414],[-118.096,50.448],[-118.348,50.464],[-118.497,50.41],[-118.567,50.352],[-118.671,50.216],[-118.7,50.104],[-118.737,49.819],[-118.749,49.443],[-118.716,49.311],[-118.538,49.075],[-118.509,48.972],[-118.509,48.897],[-118.551,48.666],[-118.542,48.509],[-118.439,48.248],[-118.394,48.195],[-118.34,48.162],[-118.204,48.145],[-118.137,48.174],[-118.051,48.302],[-117.984,48.48],[-117.976,48.678],[-118.026,48.885],[-118.026,48.988],[-117.885,49.245],[-117.869,49.418],[-117.881,49.658],[-117.865,49.741],[-117.761,49.947],[-117.757,50.034],[-117.757,50.092],[-117.79,50.179],[-117.951,50.414]]]}},{"type":"Feature","properties":{"density":3},"geometry":{"type":"Polygon","coordinates":[[[-116.396,49.777],[-116.426,49.768],[-116.423,49.724],[-116.361,49.678],[-116.323,49.621],[-116.26,49.629],[-116.189,49.691],[-116.199,49.74],[-116.29,49.719],[-116.396,49.777]]]}},{"type":"Feature","properties":{"density":3},"geometry":{"type":"Polygon","coordinates":[[[-122.241,51.893],[-122.286,51.891],[-122.327,51.849],[-122.39,51.681],[-122.451,51.579],[-122.613,51.428],[-122.622,51.381],[-122.605,51.351],[-122.465,51.295],[-122.415,51.298],[-122.36,51.326],[-122.319,51.367],[-122.25,51.508],[-122.175,51.574],[-122.159,51.648],[-122.167,51.764],[-122.186,51.844],[-122.211,51.88],[-122.241,51.893]]]}},{"type":"Feature","properties":{"density":3},"geometry":{"type":"Polygon","coordinates":[[[-121.476,51.69],[-121.52,51.715],[-121.697,51.709],[-121.865,51.745],[-121.983,51.726],[-122.03,51.682],[-122.069,51.602],[-122.077,51.533],[-122.033,51.403],[-121.95,51.329],[-121.713,51.246],[-121.68,51.216],[-121.633,51.103],[-121.595,51.075],[-121.537,51.067],[-121.49,51.092],[-121.435,51.15],[-121.405,51.227],[-121.366,51.425],[-121.374,51.519],[-121.419,51.632],[-121.476,51.69]]]}},{"type":"Feature","properties":{"density":3},"geometry":{"type":"Polygon","coordinates":[[[-122.393,62.489],[-122.408,62.502],[-122.428,62.479],[-122.422,62.329],[-122.401,62.336],[-122.385,62.386],[-122.393,62.489]]]}},{"type":"Feature","properties":{"density":3},"geometry":{"type":"Polygon","coordinates":[[[-122.532,62.491],[-122.55,62.464],[-122.531,62.424],[-122.536,62.327],[-122.511,62.355],[-122.5,62.41],[-122.506,62.46],[-122.532,62.491]]]}},{"type":"Feature","properties":{"density":3},"geometry":{"type":"Polygon","coordinates":[[[-113.2,47.901],[-113.239,47.87],[-113.255,47.813],[-113.242,47.787],[-113.176,47.785],[-113.147,47.818],[-113.143,47.87],[-113.158,47.89],[-113.2,47.901]]]}},{"type":"Feature","properties":{"density":3},"geometry":{"type":"Polygon","coordinates":[[[-114.842,48.624],[-114.886,48.577],[-114.895,48.533],[-114.892,48.503],[-114.831,48.472],[-114.671,48.538],[-114.603,48.58],[-114.47,48.706],[-114.41,48.723],[-113.944,48.828],[-113.751,48.855],[-113.409,48.875],[-113.274,48.902],[-113.225,48.919],[-113.181,48.963],[-113.161,49.004],[-113.161,49.095],[-113.183,49.147],[-113.28,49.216],[-113.448,49.222],[-113.591,49.172],[-113.63,49.139],[-113.864,49.034],[-114.244,48.954],[-114.556,48.858],[-114.704,48.77],[-114.842,48.624]]]}},{"type":"Feature","properties":{"density":3},"geometry":{"type":"Polygon","coordinates":[[[-115.784,37.822],[-115.896,37.848],[-115.97,37.826],[-116.029,37.732],[-116.065,37.598],[-116.108,37.565],[-116.245,37.534],[-116.275,37.502],[-116.3,37.407],[-116.229,37.311],[-116.168,37.293],[-116.076,37.309],[-115.977,37.374],[-115.775,37.429],[-115.676,37.48],[-115.641,37.515],[-115.621,37.545],[-115.619,37.657],[-115.687,37.759],[-115.724,37.796],[-115.784,37.822]]]}},{"type":"Feature","properties":{"density":3},"geometry":{"type":"Polygon","coordinates":[[[-117.288,40.605],[-117.403,40.593],[-117.486,40.475],[-117.508,40.425],[-117.519,40.255],[-117.558,40.15],[-117.58,40.02],[-117.538,39.703],[-117.492,39.601],[-117.458,39.571],[-117.406,39.563],[-117.365,39.568],[-117.299,39.637],[-117.144,39.984],[-116.987,40.169],[-116.94,40.277],[-116.957,40.373],[-117.067,40.525],[-117.153,40.58],[-117.288,40.605]]]}},{"type":"Feature","properties":{"density":3},"geometry":{"type":"Polygon","coordinates":[[[-123.304,38.566],[-123.324,38.561],[-123.312,38.54],[-123.156,38.423],[-122.961,38.33],[-122.92,38.329],[-122.914,38.347],[-122.951,38.401],[-123.13,38.46],[-123.304,38.566]]]}},{"type":"Feature","properties":{"density":3},"geometry":{"type":"Polygon","coordinates":[[[-122.498,43.242],[-122.526,43.235],[-122.601,43.158],[-122.606,43.132],[-122.578,43.087],[-122.538,43.093],[-122.497,43.144],[-122.453,43.17],[-122.453,43.222],[-122.498,43.242]]]}},{"type":"Feature","properties":{"density":3},"geometry":{"type":"Polygon","coordinates":[[[-121.388,45.459],[-121.483,45.405],[-121.528,45.327],[-121.512,45.281],[-121.47,45.236],[-121.412,45.203],[-121.309,45.203],[-121.21,45.252],[-120.982,45.438],[-120.573,45.505],[-120.408,45.575],[-120.28,45.674],[-120.263,45.711],[-120.263,45.773],[-120.284,45.835],[-120.408,45.868],[-120.474,45.868],[-120.61,45.815],[-120.722,45.715],[-120.825,45.674],[-120.933,45.658],[-121.388,45.459]]]}},{"type":"Feature","properties":{"density":3},"geometry":{"type":"Polygon","coordinates":[[[-121.073,45.017],[-121.197,45.017],[-121.346,44.901],[-121.611,44.864],[-121.66,44.794],[-121.64,44.74],[-121.586,44.674],[-121.516,44.641],[-121.359,44.624],[-121.173,44.699],[-121.057,44.814],[-120.999,44.851],[-120.834,44.905],[-120.78,44.947],[-120.763,44.996],[-120.801,45.075],[-121.073,45.017]]]}},{"type":"Feature","properties":{"density":3},"geometry":{"type":"Polygon","coordinates":[[[-118.542,46.588],[-118.69,46.507],[-118.759,46.278],[-118.802,46.222],[-119.292,45.98],[-119.36,45.93],[-119.465,45.837],[-119.602,45.664],[-119.645,45.583],[-119.713,45.515],[-119.999,45.273],[-120.191,45.143],[-120.439,44.945],[-120.681,44.672],[-120.712,44.603],[-120.718,44.541],[-120.681,44.461],[-120.482,44.43],[-120.247,44.504],[-120.141,44.579],[-120.055,44.672],[-119.955,44.796],[-119.72,45.162],[-119.639,45.255],[-119.41,45.391],[-119.279,45.49],[-119.168,45.614],[-119.025,45.85],[-118.852,45.949],[-118.622,45.992],[-118.374,46.085],[-118.281,46.141],[-118.182,46.24],[-118.139,46.327],[-118.12,46.526],[-118.244,46.606],[-118.542,46.588]]]}},{"type":"Feature","properties":{"density":3},"geometry":{"type":"Polygon","coordinates":[[[-117.812,43.821],[-117.88,43.842],[-117.959,43.763],[-117.974,43.715],[-117.943,43.65],[-117.779,43.625],[-117.731,43.641],[-117.722,43.693],[-117.75,43.763],[-117.812,43.821]]]}},{"type":"Feature","properties":{"density":3},"geometry":{"type":"Polygon","coordinates":[[[-118.137,45.765],[-118.215,45.765],[-118.31,45.72],[-118.339,45.683],[-118.319,45.567],[-118.133,45.489],[-118.095,45.381],[-118.021,45.298],[-117.967,45.282],[-117.831,45.286],[-117.546,45.348],[-117.252,45.323],[-117.19,45.36],[-117.174,45.406],[-117.174,45.493],[-117.203,45.579],[-117.248,45.654],[-117.318,45.724],[-117.409,45.765],[-117.637,45.778],[-117.757,45.807],[-117.984,45.77],[-118.137,45.765]]]}},{"type":"Feature","properties":{"density":3},"geometry":{"type":"Polygon","coordinates":[[[-119.621,48.743],[-119.783,48.655],[-119.888,48.542],[-120.131,48.451],[-120.221,48.402],[-120.549,48.363],[-120.709,48.297],[-120.883,48.176],[-120.916,48.09],[-120.919,48.027],[-120.899,47.98],[-120.861,47.947],[-120.773,47.931],[-120.618,47.964],[-120.489,47.947],[-120.348,47.975],[-120.015,48.079],[-119.877,48.17],[-119.786,48.264],[-119.579,48.377],[-119.472,48.465],[-119.431,48.523],[-119.406,48.669],[-119.425,48.73],[-119.464,48.774],[-119.488,48.779],[-119.621,48.743]]]}},{"type":"Feature","properties":{"density":3},"geometry":{"type":"Polygon","coordinates":[[[-120.839,49.273],[-120.908,49.311],[-120.952,49.311],[-120.996,49.297],[-121.076,49.212],[-121.225,49.16],[-121.247,49.116],[-121.252,49.055],[-121.244,48.945],[-121.219,48.884],[-121.172,48.873],[-121.12,48.895],[-121.07,48.953],[-120.968,49.03],[-120.784,49.093],[-120.792,49.171],[-120.839,49.273]]]}},{"type":"Feature","properties":{"density":3},"geometry":{"type":"Polygon","coordinates":[[[-120.301,49.583],[-120.355,49.587],[-120.496,49.533],[-120.549,49.488],[-120.735,49.409],[-120.777,49.351],[-120.789,49.223],[-120.735,49.107],[-120.731,49.004],[-120.711,48.942],[-120.669,48.917],[-120.607,48.917],[-120.529,48.95],[-120.413,49.058],[-120.227,49.136],[-120.165,49.198],[-120.153,49.364],[-120.177,49.434],[-120.301,49.583]]]}},{"type":"Feature","properties":{"density":3},"geometry":{"type":"Polygon","coordinates":[[[-119.475,49.893],[-119.533,49.893],[-119.611,49.864],[-119.677,49.814],[-119.71,49.769],[-119.764,49.612],[-119.987,49.438],[-120.062,49.347],[-120.111,49.248],[-120.136,49.062],[-119.958,48.785],[-119.859,48.752],[-119.789,48.748],[-119.561,48.834],[-119.396,48.929],[-119.318,49.033],[-119.169,49.111],[-118.933,49.149],[-118.809,49.248],[-118.784,49.302],[-118.726,49.492],[-118.788,49.632],[-118.842,49.674],[-118.912,49.694],[-119.02,49.669],[-119.152,49.678],[-119.293,49.798],[-119.475,49.893]]]}},{"type":"Feature","properties":{"density":3},"geometry":{"type":"Polygon","coordinates":[[[-118.759,49.375],[-118.803,49.375],[-118.867,49.345],[-118.902,49.293],[-118.966,49.105],[-119.139,48.901],[-119.225,48.736],[-119.255,48.59],[-119.258,48.491],[-119.186,48.331],[-119.12,48.276],[-119.082,48.281],[-119.059,48.306],[-119.002,48.439],[-118.919,48.532],[-118.894,48.607],[-118.875,48.866],[-118.798,49.009],[-118.69,49.158],[-118.674,49.26],[-118.698,49.345],[-118.759,49.375]]]}},{"type":"Feature","properties":{"density":3},"geometry":{"type":"Polygon","coordinates":[[[-117.704,50.975],[-117.753,50.995],[-117.848,50.987],[-117.931,50.942],[-118.03,50.669],[-118.229,50.545],[-118.406,50.483],[-118.473,50.433],[-118.535,50.342],[-118.551,50.239],[-118.526,50.119],[-118.501,50.016],[-118.444,49.912],[-118.419,49.83],[-118.427,49.656],[-118.477,49.569],[-118.675,49.404],[-118.716,49.338],[-118.741,49.164],[-118.745,48.978],[-118.683,48.801],[-118.634,48.718],[-118.439,48.553],[-118.402,48.474],[-118.377,48.243],[-118.353,48.189],[-118.253,48.147],[-118.134,48.181],[-117.902,48.292],[-117.629,48.515],[-117.518,48.581],[-117.055,48.743],[-116.98,48.784],[-116.898,48.834],[-116.844,48.974],[-116.844,49.065],[-116.869,49.131],[-116.91,49.173],[-116.956,49.177],[-117.195,49.049],[-117.286,49.024],[-117.381,49.02],[-117.514,49.036],[-117.596,49.077],[-117.65,49.148],[-117.679,49.239],[-117.675,49.33],[-117.654,49.388],[-117.58,49.47],[-117.464,49.54],[-117.385,49.644],[-117.365,49.714],[-117.369,49.937],[-117.394,50.144],[-117.332,50.446],[-117.336,50.582],[-117.377,50.694],[-117.501,50.847],[-117.704,50.975]]]}},{"type":"Feature","properties":{"density":3},"geometry":{"type":"Polygon","coordinates":[[[-116.28,49.83],[-116.349,49.802],[-116.385,49.736],[-116.388,49.687],[-116.338,49.607],[-116.269,49.585],[-116.041,49.706],[-115.787,49.775],[-115.625,49.857],[-115.484,49.899],[-115.368,49.973],[-115.255,50.075],[-115.14,50.144],[-115.095,50.221],[-115.159,50.329],[-115.225,50.356],[-115.341,50.362],[-115.418,50.337],[-115.561,50.262],[-115.74,50.114],[-116.052,49.899],[-116.28,49.83]]]}},{"type":"Feature","properties":{"density":3},"geometry":{"type":"Polygon","coordinates":[[[-116.512,50.441],[-116.537,50.377],[-116.518,50.325],[-116.49,50.328],[-116.432,50.372],[-116.316,50.534],[-116.201,50.631],[-116.19,50.68],[-116.209,50.738],[-116.25,50.744],[-116.319,50.719],[-116.377,50.664],[-116.46,50.559],[-116.512,50.441]]]}},{"type":"Feature","properties":{"density":3},"geometry":{"type":"Polygon","coordinates":[[[-117.19,50.587],[-117.234,50.504],[-117.218,50.468],[-117.154,50.41],[-117.107,50.405],[-116.986,50.498],[-116.821,50.531],[-116.702,50.603],[-116.658,50.65],[-116.642,50.755],[-116.666,50.807],[-116.727,50.829],[-116.801,50.821],[-116.909,50.763],[-117.036,50.655],[-117.19,50.587]]]}},{"type":"Feature","properties":{"density":3},"geometry":{"type":"Polygon","coordinates":[[[-120.761,50.547],[-120.827,50.556],[-120.965,50.514],[-121.014,50.476],[-121.138,50.313],[-121.359,50.195],[-121.428,50.093],[-121.516,50.035],[-121.565,49.927],[-121.563,49.858],[-121.491,49.82],[-121.35,49.836],[-121.171,49.955],[-120.931,49.993],[-120.86,50.024],[-120.733,50.117],[-120.595,50.173],[-120.554,50.208],[-120.515,50.261],[-120.504,50.363],[-120.573,50.462],[-120.667,50.539],[-120.761,50.547]]]}},{"type":"Feature","properties":{"density":3},"geometry":{"type":"Polygon","coordinates":[[[-122.565,51.785],[-122.664,51.673],[-122.72,51.555],[-122.751,51.437],[-122.763,51.332],[-122.745,51.208],[-122.67,51.121],[-122.584,51.09],[-122.447,51.084],[-122.354,51.022],[-122.286,50.954],[-122.212,50.793],[-122.094,50.675],[-121.951,50.631],[-121.808,50.625],[-121.653,50.675],[-121.498,50.749],[-121.244,50.985],[-121.145,51.121],[-121.071,51.239],[-120.971,51.716],[-120.792,51.952],[-120.593,52.15],[-120.488,52.293],[-120.42,52.429],[-120.389,52.535],[-120.389,52.814],[-120.463,52.975],[-120.705,53.254],[-120.829,53.328],[-121.077,53.341],[-121.219,53.31],[-121.393,53.235],[-121.505,53.136],[-121.901,52.529],[-122.398,52.064],[-122.565,51.785]]]}},{"type":"Feature","properties":{"density":3},"geometry":{"type":"Polygon","coordinates":[[[-122.326,63.012],[-122.458,63.045],[-122.516,63.037],[-122.578,62.958],[-122.603,62.822],[-122.681,62.657],[-122.71,62.487],[-122.673,62.413],[-122.599,62.359],[-122.425,62.347],[-122.355,62.615],[-122.322,62.677],[-122.28,62.715],[-122.252,62.785],[-122.243,62.868],[-122.276,62.971],[-122.326,63.012]]]}},{"type":"Feature","properties":{"density":3},"geometry":{"type":"Polygon","coordinates":[[[-122.338,62.276],[-122.363,62.293],[-122.417,62.289],[-122.661,62.185],[-122.681,62.132],[-122.677,61.904],[-122.653,61.855],[-122.595,61.813],[-122.483,61.785],[-122.301,61.904],[-122.272,61.942],[-122.252,62.09],[-122.264,62.185],[-122.338,62.276]]]}},{"type":"Feature","properties":{"density":3},"geometry":{"type":"Polygon","coordinates":[[[-120.159,62.545],[-120.252,62.537],[-120.36,62.476],[-120.564,62.435],[-120.619,62.405],[-120.677,62.294],[-120.668,62.239],[-120.619,62.168],[-120.539,62.112],[-120.445,62.099],[-120.335,62.154],[-120.131,62.132],[-120.065,62.14],[-119.963,62.201],[-119.946,62.314],[-120.013,62.432],[-120.159,62.545]]]}},{"type":"Feature","properties":{"density":3},"geometry":{"type":"Polygon","coordinates":[[[-108.702,63.066],[-108.748,63.042],[-108.768,63.013],[-108.731,62.938],[-108.396,62.967],[-108.169,62.93],[-108.033,62.976],[-108.012,63.038],[-108.029,63.104],[-108.103,63.149],[-108.244,63.149],[-108.492,63.12],[-108.702,63.066]]]}}]}