{"type":"FeatureCollection","features":[{"type":"Feature","properties":{"density":1},"geometry":{"type":"Polygon","coordinates":[[[-114.896,48.555],[-114.593,48.584],[-114.271,48.549],[-113.82,48.601],[-113.735,48.569],[-113.695,48.497],[-113.712,48.461],[-114.143,48.261],[-114.269,48.242],[-114.434,48.298],[-114.582,48.404],[-114.708,48.454],[-114.809,48.449],[-114.907,48.481],[-114.936,48.503],[-114.937,48.528],[-114.896,48.555]]]}},{"type":"Feature","properties":{"density":1},"geometry":{"type":"Polygon","coordinates":[[[-105.483,55.944],[-105.358,55.996],[-105.257,56.013],[-104.841,56.039],[-104.383,55.983],[-104.228,55.894],[-104.182,55.806],[-104.192,55.783],[-104.226,55.769],[-104.292,55.762],[-104.561,55.771],[-104.725,55.759],[-105.003,55.673],[-105.193,55.641],[-105.52,55.646],[-105.607,55.661],[-105.681,55.697],[-105.691,55.73],[-105.648,55.789],[-105.483,55.944]]]}},{"type":"Feature","properties":{"density":1},"geometry":{"type":"Polygon","coordinates":[[[-105.887,55.957],[-105.75,55.957],[-105.696,55.943],[-105.605,55.891],[-105.586,55.844],[-105.636,55.833],[-105.705,55.846],[-105.862,55.898],[-105.918,55.927],[-105.92,55.941],[-105.887,55.957]]]}},{"type":"Feature","properties":{"density":1},"geometry":{"type":"Polygon","coordinates":[[[-107.214,61.986],[-106.899,61.974],[-106.653,61.917],[-106.024,61.831],[-105.928,61.794],[-105.916,61.76],[-105.923,61.723],[-106.021,61.674],[-106.124,61.674],[-106.669,61.757],[-107.151,61.884],[-107.237,61.934],[-107.24,61.973],[-107.214,61.986]]]}},{"type":"Feature","properties":{"density":1},"geometry":{"type":"Polygon","coordinates":[[[-102.064,55.179],[-101.912,55.4],[-101.705,55.56],[-101.645,55.592],[-101.589,55.589],[-101.59,55.527],[-101.681,55.395],[-101.937,55.19],[-102.028,55.155],[-102.055,55.155],[-102.064,55.179]]]}},{"type":"Feature","properties":{"density":1},"geometry":{"type":"Polygon","coordinates":[[[-122.568,43.187],[-122.887,43.151],[-123.206,43.153],[-123.584,43.084],[-123.705,43.044],[-123.858,42.965],[-123.888,42.935],[-123.907,42.852],[-123.879,42.816],[-123.818,42.787],[-123.572,42.755],[-123.254,42.762],[-123.133,42.789],[-122.691,42.913],[-122.601,42.954],[-122.537,43.0],[-122.481,43.079],[-122.477,43.113],[-122.502,43.161],[-122.568,43.187]]]}},{"type":"Feature","properties":{"density":1},"geometry":{"type":"Polygon","coordinates":[[[-121.007,47.783],[-121.342,48.185],[-121.655,48.833],[-121.878,49.504],[-122.169,49.705],[-122.437,49.772],[-123.085,50.13],[-123.532,50.711],[-123.689,51.605],[-123.577,52.722],[-123.018,53.728],[-122.191,54.332],[-120.314,55.651],[-119.889,56.254],[-120.157,56.925],[-120.47,57.372],[-120.694,58.154],[-121.062,58.505],[-121.614,58.825],[-122.276,58.958],[-122.607,59.09],[-123.358,59.333],[-123.884,59.702],[-124.024,60.017],[-123.847,60.867],[-123.814,61.927],[-124.706,63.615],[-124.794,65.999],[-123.801,66.772],[-122.8,67.051],[-121.122,67.714],[-120.09,68.078],[-117.363,69.576],[-113.675,70.336],[-110.825,70.57],[-108.545,70.604],[-105.997,70.604],[-103.181,70.403],[-101.974,70.001],[-99.862,69.229],[-98.152,68.089],[-97.023,67.553],[-94.978,65.675],[-93.737,64.2],[-91.893,63.127],[-89.781,61.484],[-87.099,60.143],[-83.943,59.007],[-82.702,58.486],[-81.361,57.79],[-80.057,57.182],[-79.274,56.995],[-78.343,56.846],[-77.114,56.437],[-76.182,55.915],[-75.326,55.394],[-74.729,54.648],[-73.868,54.098],[-73.405,53.651],[-72.445,53.204],[-71.517,52.691],[-70.16,51.279],[-69.365,50.112],[-68.223,48.746],[-67.626,48.473],[-65.913,48.1],[-64.448,47.827],[-63.181,47.728],[-59.282,47.728],[-57.022,47.529],[-54.836,46.933],[-53.768,46.61],[-51.93,45.542],[-50.117,44.126],[-48.28,42.388],[-47.584,40.947],[-47.609,39.209],[-48.23,37.843],[-51.719,34.652],[-53.06,33.162],[-55.221,30.628],[-56.786,28.766],[-58.611,26.754],[-60.511,25.003],[-61.703,23.811],[-63.789,22.47],[-65.317,21.427],[-66.919,20.868],[-68.223,19.399],[-69.282,18.438],[-70.574,17.478],[-71.964,16.882],[-73.62,16.418],[-75.392,16.22],[-76.816,16.468],[-78.024,17.213],[-78.67,17.958],[-79.498,19.597],[-79.746,20.144],[-79.995,21.005],[-80.541,21.981],[-81.236,22.942],[-82.114,24.018],[-82.975,24.995],[-85.425,26.419],[-86.104,26.419],[-87.445,26.237],[-88.704,26.22],[-89.697,25.972],[-90.74,25.376],[-91.204,24.631],[-91.419,23.604],[-91.502,22.726],[-91.601,20.723],[-91.684,19.862],[-91.717,18.637],[-91.419,17.23],[-90.906,16.087],[-90.343,15.11],[-89.614,14.465],[-89.2,13.537],[-89.151,12.991],[-89.432,12.627],[-90.326,11.6],[-92.81,10.805],[-94.002,10.557],[-95.815,10.483],[-97.827,10.458],[-99.813,11.054],[-103.415,12.718],[-104.681,13.339],[-107.016,14.431],[-109.077,15.599],[-111.337,17.677],[-112.943,19.829],[-114.251,21.418],[-114.913,22.346],[-115.94,23.356],[-116.817,24.266],[-117.712,25.409],[-117.91,25.922],[-117.91,26.352],[-117.629,27.131],[-117.082,27.975],[-116.271,28.538],[-114.135,29.382],[-113.241,29.366],[-112.715,29.906],[-111.895,30.427],[-111.572,30.651],[-111.249,31.023],[-111.051,31.421],[-110.554,31.793],[-109.883,32.141],[-109.387,32.489],[-108.791,33.01],[-108.219,33.557],[-107.449,33.706],[-106.754,34.674],[-106.282,35.171],[-105.612,35.966],[-105.363,36.661],[-105.239,37.729],[-105.228,38.348],[-105.777,38.998],[-106.561,39.131],[-107.665,38.546],[-108.625,38.148],[-109.795,38.005],[-110.788,38.204],[-111.127,38.343],[-111.377,38.402],[-111.642,38.535],[-111.907,38.733],[-112.496,38.917],[-112.709,38.961],[-113.629,39.042],[-113.96,39.028],[-114.232,38.807],[-114.254,38.652],[-114.247,38.527],[-114.094,38.136],[-114.117,37.847],[-114.312,37.649],[-114.695,37.488],[-115.009,37.38],[-115.358,37.355],[-115.835,37.264],[-116.027,37.205],[-116.202,37.19],[-116.279,37.272],[-116.309,37.356],[-116.255,37.439],[-115.99,37.611],[-115.896,37.716],[-115.891,37.793],[-115.96,37.861],[-116.363,37.988],[-117.005,38.307],[-117.682,38.565],[-117.991,38.793],[-118.168,39.131],[-118.153,39.426],[-118.021,39.772],[-117.962,40.154],[-117.955,40.485],[-117.969,40.714],[-118.278,40.765],[-118.536,40.758],[-119.375,40.5],[-119.78,40.441],[-120.03,40.552],[-120.265,40.824],[-120.567,41.118],[-121.332,41.501],[-121.748,41.6],[-122.05,41.828],[-122.162,42.203],[-122.206,42.461],[-122.162,42.623],[-122.169,42.917],[-122.273,43.219],[-122.265,43.778],[-122.309,44.087],[-122.324,44.337],[-122.302,44.514],[-122.346,44.757],[-122.258,45.147],[-122.234,45.471],[-121.984,45.787],[-121.733,46.023],[-121.594,46.111],[-121.336,46.17],[-121.115,46.258],[-120.85,46.442],[-120.777,46.604],[-120.74,46.766],[-120.725,47.053],[-120.872,47.612],[-121.007,47.783]]]}},{"type":"Feature","properties":{"density":1},"geometry":{"type":"Polygon","coordinates":[[[-78.717,22.197],[-78.901,22.281],[-78.939,22.316],[-78.96,22.401],[-78.862,22.416],[-78.717,22.355],[-78.679,22.305],[-78.658,22.22],[-78.67,22.2],[-78.717,22.197]]]}},{"type":"Feature","properties":{"density":1},"geometry":{"type":"Polygon","coordinates":[[[-113.291,47.852],[-113.279,47.937],[-113.191,47.969],[-112.942,47.946],[-112.91,47.895],[-112.951,47.838],[-113.152,47.789],[-113.271,47.79],[-113.291,47.852]]]}},{"type":"Feature","properties":{"density":1},"geometry":{"type":"Polygon","coordinates":[[[-80.835,22.479],[-80.818,22.493],[-80.819,22.523],[-80.896,22.516],[-81.041,22.405],[-81.127,22.374],[-81.145,22.342],[-81.139,22.313],[-81.101,22.299],[-81.063,22.307],[-80.931,22.391],[-80.835,22.479]]]}},{"type":"Feature","properties":{"density":1},"geometry":{"type":"Polygon","coordinates":[[[-80.406,22.613],[-80.501,22.554],[-80.511,22.492],[-80.454,22.477],[-80.382,22.49],[-80.166,22.56],[-80.047,22.607],[-80.01,22.64],[-80.006,22.675],[-80.027,22.696],[-80.078,22.693],[-80.256,22.662],[-80.406,22.613]]]}},{"type":"Feature","properties":{"density":1},"geometry":{"type":"Polygon","coordinates":[[[-86.168,32.863],[-86.226,32.876],[-86.293,32.843],[-86.309,32.803],[-86.417,32.72],[-86.412,32.646],[-86.359,32.624],[-86.272,32.694],[-86.169,32.701],[-86.107,32.736],[-86.109,32.806],[-86.168,32.863]]]}},{"type":"Feature","properties":{"density":1},"geometry":{"type":"Polygon","coordinates":[[[-99.07,37.552],[-99.136,37.576],[-99.171,37.547],[-99.128,37.453],[-99.123,37.354],[-99.092,37.306],[-99.072,37.301],[-99.038,37.323],[-99.027,37.389],[-99.042,37.486],[-99.07,37.552]]]}},{"type":"Feature","properties":{"density":1},"geometry":{"type":"Polygon","coordinates":[[[-92.489,32.14],[-92.559,32.16],[-92.625,32.151],[-92.678,32.114],[-92.756,32.1],[-92.822,32.045],[-92.945,31.982],[-92.903,31.933],[-92.847,31.931],[-92.669,32.021],[-92.598,32.034],[-92.48,32.024],[-92.46,32.069],[-92.489,32.14]]]}},{"type":"Feature","properties":{"density":1},"geometry":{"type":"Polygon","coordinates":[[[-114.825,48.661],[-114.907,48.637],[-114.973,48.573],[-114.968,48.532],[-114.869,48.448],[-114.529,48.435],[-114.397,48.372],[-114.272,48.341],[-114.066,48.367],[-113.744,48.347],[-113.669,48.38],[-113.634,48.448],[-113.557,48.523],[-113.552,48.547],[-113.564,48.609],[-113.662,48.714],[-113.699,48.797],[-113.801,48.837],[-113.886,48.832],[-114.081,48.72],[-114.2,48.687],[-114.825,48.661]]]}},{"type":"Feature","properties":{"density":1},"geometry":{"type":"Polygon","coordinates":[[[-113.254,48.028],[-113.299,48.004],[-113.312,47.928],[-113.299,47.873],[-113.261,47.816],[-113.225,47.808],[-113.161,47.835],[-112.996,47.827],[-112.962,47.836],[-112.925,47.873],[-112.923,47.939],[-112.983,47.995],[-113.116,47.978],[-113.254,48.028]]]}},{"type":"Feature","properties":{"density":1},"geometry":{"type":"Polygon","coordinates":[[[-114.251,47.043],[-114.32,47.067],[-114.428,47.031],[-114.446,46.988],[-114.436,46.957],[-114.35,46.898],[-114.287,46.891],[-114.207,46.909],[-114.18,46.937],[-114.178,46.977],[-114.211,47.026],[-114.251,47.043]]]}},{"type":"Feature","properties":{"density":1},"geometry":{"type":"Polygon","coordinates":[[[-106.922,37.452],[-106.966,37.492],[-107.001,37.494],[-107.036,37.459],[-107.023,37.354],[-107.04,37.184],[-106.997,37.132],[-106.973,37.138],[-106.946,37.204],[-106.92,37.349],[-106.922,37.452]]]}},{"type":"Feature","properties":{"density":1},"geometry":{"type":"Polygon","coordinates":[[[-115.08,46.254],[-115.215,46.265],[-115.455,46.353],[-115.584,46.347],[-115.658,46.316],[-115.699,46.255],[-115.763,46.211],[-115.775,46.148],[-115.681,46.049],[-115.601,46.008],[-115.449,45.971],[-115.275,45.957],[-115.148,46.0],[-115.064,46.043],[-115.039,46.072],[-114.998,46.138],[-114.988,46.195],[-115.008,46.23],[-115.08,46.254]]]}},{"type":"Feature","properties":{"density":1},"geometry":{"type":"Polygon","coordinates":[[[-115.179,46.85],[-115.258,46.87],[-115.384,46.793],[-115.517,46.829],[-115.559,46.817],[-115.58,46.766],[-115.574,46.697],[-115.517,46.646],[-115.407,46.63],[-115.297,46.693],[-115.153,46.703],[-115.13,46.728],[-115.126,46.766],[-115.179,46.85]]]}},{"type":"Feature","properties":{"density":1},"geometry":{"type":"Polygon","coordinates":[[[-116.543,49.292],[-116.663,49.31],[-116.72,49.291],[-116.753,49.259],[-116.771,49.204],[-116.779,49.061],[-116.857,48.868],[-116.842,48.772],[-116.773,48.707],[-116.694,48.705],[-116.561,48.801],[-116.397,48.823],[-116.37,48.872],[-116.356,48.966],[-116.38,49.086],[-116.462,49.23],[-116.543,49.292]]]}},{"type":"Feature","properties":{"density":1},"geometry":{"type":"Polygon","coordinates":[[[-117.376,40.281],[-117.478,40.328],[-117.62,40.346],[-117.661,40.338],[-117.692,40.314],[-117.787,40.126],[-117.791,40.039],[-117.755,39.941],[-117.61,39.79],[-117.555,39.63],[-117.533,39.603],[-117.482,39.583],[-117.447,39.579],[-117.348,39.628],[-117.226,39.76],[-117.189,39.86],[-117.199,39.967],[-117.258,40.116],[-117.315,40.242],[-117.376,40.281]]]}},{"type":"Feature","properties":{"density":1},"geometry":{"type":"Polygon","coordinates":[[[-115.101,39.001],[-115.174,39.081],[-115.294,39.174],[-115.387,39.233],[-115.513,39.267],[-115.619,39.267],[-115.679,39.233],[-115.771,39.141],[-115.858,39.008],[-115.904,38.862],[-116.024,38.258],[-116.024,38.106],[-116.07,37.94],[-116.136,37.781],[-116.276,37.542],[-116.315,37.436],[-116.335,37.296],[-116.289,37.223],[-116.189,37.137],[-116.037,37.124],[-115.665,37.184],[-115.413,37.283],[-114.936,37.734],[-114.571,37.9],[-114.445,38.0],[-114.358,38.159],[-114.358,38.338],[-114.431,38.491],[-114.571,38.603],[-114.796,38.663],[-114.902,38.723],[-114.962,38.782],[-115.101,39.001]]]}},{"type":"Feature","properties":{"density":1},"geometry":{"type":"Polygon","coordinates":[[[-122.508,43.27],[-122.608,43.317],[-122.701,43.321],[-122.825,43.227],[-122.931,43.195],[-123.037,43.097],[-123.141,43.056],[-123.287,43.048],[-123.495,43.076],[-123.699,43.07],[-123.737,43.054],[-123.768,42.999],[-123.756,42.891],[-123.699,42.806],[-123.627,42.757],[-123.497,42.706],[-123.361,42.7],[-123.18,42.783],[-122.939,42.789],[-122.889,42.804],[-122.724,42.893],[-122.624,42.969],[-122.5,43.011],[-122.461,43.04],[-122.445,43.083],[-122.449,43.182],[-122.508,43.27]]]}},{"type":"Feature","properties":{"density":1},"geometry":{"type":"Polygon","coordinates":[[[-108.206,63.071],[-108.312,63.069],[-108.536,63.114],[-108.684,63.116],[-108.729,63.099],[-108.759,63.065],[-108.774,62.971],[-108.753,62.922],[-108.66,62.831],[-108.047,62.568],[-107.884,62.533],[-107.776,62.588],[-107.744,62.633],[-107.744,62.717],[-107.77,62.768],[-107.913,62.867],[-108.053,63.012],[-108.206,63.071]]]}},{"type":"Feature","properties":{"density":1},"geometry":{"type":"Polygon","coordinates":[[[-107.075,62.012],[-107.171,62.038],[-107.236,62.036],[-107.268,61.998],[-107.258,61.92],[-107.185,61.847],[-106.802,61.658],[-105.825,61.355],[-105.664,61.348],[-105.626,61.382],[-105.642,61.455],[-105.703,61.54],[-105.906,61.67],[-106.305,61.804],[-107.075,62.012]]]}},{"type":"Feature","properties":{"density":1},"geometry":{"type":"Polygon","coordinates":[[[-101.782,55.397],[-101.815,55.403],[-101.877,55.384],[-101.931,55.318],[-102.01,55.281],[-102.049,55.229],[-102.041,55.168],[-101.983,55.158],[-101.852,55.276],[-101.738,55.305],[-101.742,55.361],[-101.782,55.397]]]}},{"type":"Feature","properties":{"density":1},"geometry":{"type":"Polygon","coordinates":[[[-95.804,49.734],[-95.871,49.705],[-95.881,49.659],[-95.829,49.537],[-95.827,49.269],[-95.79,49.259],[-95.75,49.3],[-95.728,49.429],[-95.773,49.599],[-95.775,49.694],[-95.804,49.734]]]}},{"type":"Feature","properties":{"density":1},"geometry":{"type":"Polygon","coordinates":[[[-115.881,31.644],[-115.93,31.653],[-115.979,31.636],[-116.011,31.567],[-116.004,31.503],[-115.945,31.434],[-115.935,31.385],[-115.9,31.367],[-115.854,31.415],[-115.826,31.53],[-115.855,31.625],[-115.881,31.644]]]}},{"type":"Feature","properties":{"density":1},"geometry":{"type":"Polygon","coordinates":[[[-102.244,17.924],[-102.238,17.841],[-102.199,17.713],[-102.148,17.662],[-102.12,17.69],[-102.107,17.743],[-102.127,17.997],[-102.15,18.02],[-102.198,18.006],[-102.244,17.924]]]}},{"type":"Feature","properties":{"density":1},"geometry":{"type":"Polygon","coordinates":[[[-71.662,17.986],[-71.578,18.053],[-71.579,18.139],[-71.627,18.176],[-71.733,18.178],[-71.841,18.152],[-72.039,18.029],[-72.195,17.957],[-72.309,17.932],[-72.56,17.923],[-72.615,17.906],[-72.659,17.879],[-72.718,17.803],[-72.673,17.76],[-72.441,17.755],[-72.248,17.801],[-71.662,17.986]]]}},{"type":"Feature","properties":{"density":1},"geometry":{"type":"Polygon","coordinates":[[[-77.63,21.717],[-77.8,21.654],[-77.872,21.611],[-78.038,21.479],[-78.036,21.446],[-78.013,21.43],[-77.918,21.449],[-77.793,21.55],[-77.646,21.624],[-77.567,21.693],[-77.579,21.724],[-77.63,21.717]]]}},{"type":"Feature","properties":{"density":1},"geometry":{"type":"Polygon","coordinates":[[[-77.752,21.54],[-77.797,21.555],[-77.899,21.494],[-77.948,21.38],[-77.879,21.394],[-77.817,21.475],[-77.748,21.501],[-77.752,21.54]]]}},{"type":"Feature","properties":{"density":1},"geometry":{"type":"Polygon","coordinates":[[[-78.1,21.905],[-78.233,21.873],[-78.412,21.72],[-78.563,21.617],[-78.662,21.51],[-78.69,21.464],[-78.694,21.419],[-78.639,21.4],[-78.58,21.429],[-78.341,21.621],[-78.162,21.803],[-78.075,21.834],[-78.06,21.87],[-78.1,21.905]]]}},{"type":"Feature","properties":{"density":1},"geometry":{"type":"Polygon","coordinates":[[[-78.699,22.232],[-78.768,22.234],[-78.921,22.131],[-78.99,22.028],[-78.985,21.954],[-78.941,21.928],[-78.883,21.953],[-78.732,22.158],[-78.69,22.188],[-78.699,22.232]]]}},{"type":"Feature","properties":{"density":1},"geometry":{"type":"Polygon","coordinates":[[[-79.926,21.812],[-79.994,21.813],[-80.13,21.704],[-80.41,21.541],[-80.435,21.482],[-80.381,21.441],[-80.334,21.436],[-80.175,21.517],[-79.98,21.683],[-79.874,21.73],[-79.876,21.766],[-79.926,21.812]]]}},{"type":"Feature","properties":{"density":1},"geometry":{"type":"Polygon","coordinates":[[[-79.734,21.753],[-79.801,21.748],[-79.92,21.613],[-80.124,21.457],[-80.17,21.398],[-80.151,21.361],[-80.109,21.354],[-80.057,21.372],[-79.882,21.539],[-79.786,21.596],[-79.706,21.689],[-79.707,21.725],[-79.734,21.753]]]}},{"type":"Feature","properties":{"density":1},"geometry":{"type":"Polygon","coordinates":[[[-80.841,22.518],[-80.935,22.522],[-81.083,22.409],[-81.104,22.344],[-81.092,22.306],[-81.057,22.301],[-81.013,22.321],[-80.929,22.419],[-80.83,22.449],[-80.822,22.493],[-80.841,22.518]]]}},{"type":"Feature","properties":{"density":1},"geometry":{"type":"Polygon","coordinates":[[[-86.134,32.846],[-86.202,32.862],[-86.261,32.846],[-86.308,32.778],[-86.411,32.71],[-86.408,32.666],[-86.364,32.645],[-86.303,32.649],[-86.235,32.689],[-86.088,32.713],[-86.086,32.778],[-86.134,32.846]]]}},{"type":"Feature","properties":{"density":1},"geometry":{"type":"Polygon","coordinates":[[[-91.403,32.413],[-91.539,32.463],[-91.745,32.457],[-92.098,32.287],[-92.553,32.2],[-92.673,32.156],[-92.926,32.044],[-92.963,31.991],[-92.969,31.941],[-92.877,31.925],[-92.7,31.956],[-92.498,32.06],[-92.028,32.182],[-91.741,32.285],[-91.655,32.294],[-91.33,32.239],[-91.298,32.271],[-91.288,32.321],[-91.338,32.383],[-91.403,32.413]]]}},{"type":"Feature","properties":{"density":1},"geometry":{"type":"Polygon","coordinates":[[[-92.67,31.148],[-92.729,31.158],[-92.783,31.137],[-92.929,30.961],[-93.128,30.851],[-93.141,30.818],[-93.106,30.796],[-93.032,30.81],[-92.874,30.904],[-92.691,30.957],[-92.652,31.029],[-92.65,31.093],[-92.67,31.148]]]}},{"type":"Feature","properties":{"density":1},"geometry":{"type":"Polygon","coordinates":[[[-99.053,37.437],[-99.077,37.538],[-99.088,37.551],[-99.137,37.551],[-99.154,37.5],[-99.123,37.373],[-99.123,37.265],[-99.224,36.642],[-99.24,36.385],[-99.214,36.329],[-99.167,36.307],[-99.093,36.313],[-99.012,36.386],[-98.968,36.464],[-98.944,36.57],[-98.941,36.77],[-99.018,37.29],[-99.053,37.437]]]}},{"type":"Feature","properties":{"density":1},"geometry":{"type":"Polygon","coordinates":[[[-96.536,37.796],[-96.584,37.801],[-96.592,37.773],[-96.507,37.643],[-96.373,37.29],[-96.307,37.215],[-96.239,37.207],[-96.19,37.261],[-96.185,37.355],[-96.245,37.524],[-96.43,37.735],[-96.536,37.796]]]}},{"type":"Feature","properties":{"density":1},"geometry":{"type":"Polygon","coordinates":[[[-114.082,48.883],[-114.256,48.903],[-114.556,48.776],[-114.86,48.734],[-114.928,48.707],[-115.039,48.619],[-115.063,48.575],[-115.058,48.489],[-115.022,48.429],[-114.89,48.346],[-114.815,48.329],[-114.587,48.324],[-114.333,48.376],[-114.063,48.398],[-113.967,48.382],[-113.829,48.294],[-113.699,48.241],[-113.542,48.236],[-113.487,48.255],[-113.449,48.288],[-113.424,48.401],[-113.432,48.522],[-113.451,48.58],[-113.523,48.693],[-113.636,48.759],[-113.788,48.77],[-113.87,48.792],[-113.967,48.847],[-114.082,48.883]]]}},{"type":"Feature","properties":{"density":1},"geometry":{"type":"Polygon","coordinates":[[[-112.278,48.058],[-112.493,48.083],[-112.563,48.083],[-112.728,48.041],[-113.067,48.062],[-113.158,48.025],[-113.261,47.955],[-113.299,47.901],[-113.299,47.864],[-113.282,47.81],[-113.253,47.781],[-113.216,47.76],[-113.154,47.76],[-113.009,47.785],[-112.869,47.835],[-112.736,47.847],[-112.534,47.905],[-112.393,47.901],[-112.249,47.876],[-112.166,47.893],[-112.166,47.955],[-112.207,48.021],[-112.278,48.058]]]}},{"type":"Feature","properties":{"density":1},"geometry":{"type":"Polygon","coordinates":[[[-114.237,47.103],[-114.344,47.118],[-114.45,47.037],[-114.467,47.006],[-114.465,46.951],[-114.401,46.816],[-114.362,46.778],[-114.278,46.771],[-114.169,46.809],[-113.991,46.842],[-113.978,46.864],[-114.015,46.962],[-114.237,47.103]]]}},{"type":"Feature","properties":{"density":1},"geometry":{"type":"Polygon","coordinates":[[[-106.705,45.142],[-106.732,45.172],[-106.784,45.19],[-106.82,45.133],[-106.795,45.041],[-106.679,44.889],[-106.596,44.832],[-106.539,44.824],[-106.532,44.857],[-106.705,45.142]]]}},{"type":"Feature","properties":{"density":1},"geometry":{"type":"Polygon","coordinates":[[[-106.528,45.019],[-106.554,45.041],[-106.565,45.026],[-106.56,44.962],[-106.515,44.878],[-106.46,44.817],[-106.405,44.784],[-106.367,44.784],[-106.38,44.848],[-106.464,44.927],[-106.528,45.019]]]}},{"type":"Feature","properties":{"density":1},"geometry":{"type":"Polygon","coordinates":[[[-106.971,37.242],[-107.0,37.236],[-107.011,37.214],[-107.006,37.154],[-106.976,37.122],[-106.932,37.122],[-106.912,37.148],[-106.912,37.194],[-106.941,37.236],[-106.971,37.242]]]}},{"type":"Feature","properties":{"density":1},"geometry":{"type":"Polygon","coordinates":[[[-112.309,39.146],[-112.373,39.231],[-112.404,39.242],[-112.448,39.238],[-112.524,39.178],[-112.522,39.029],[-112.531,38.987],[-112.577,38.919],[-112.588,38.832],[-112.573,38.763],[-112.533,38.702],[-112.478,38.696],[-112.277,38.889],[-112.272,38.963],[-112.309,39.146]]]}},{"type":"Feature","properties":{"density":1},"geometry":{"type":"Polygon","coordinates":[[[-116.784,43.46],[-116.919,43.476],[-116.969,43.46],[-117.007,43.427],[-117.084,43.226],[-117.178,43.126],[-117.272,43.077],[-117.341,42.972],[-117.338,42.823],[-117.302,42.743],[-117.087,42.512],[-117.007,42.451],[-116.927,42.443],[-116.878,42.46],[-116.814,42.498],[-116.718,42.606],[-116.583,42.939],[-116.591,43.154],[-116.638,43.294],[-116.69,43.396],[-116.784,43.46]]]}},{"type":"Feature","properties":{"density":1},"geometry":{"type":"Polygon","coordinates":[[[-114.977,46.3],[-115.068,46.339],[-115.272,46.336],[-115.429,46.455],[-115.572,46.471],[-115.652,46.447],[-115.776,46.35],[-115.803,46.284],[-115.801,46.221],[-115.715,46.072],[-115.652,46.019],[-115.495,45.956],[-115.233,45.937],[-115.153,45.945],[-115.029,46.006],[-114.875,46.041],[-114.845,46.066],[-114.845,46.116],[-114.897,46.221],[-114.977,46.3]]]}},{"type":"Feature","properties":{"density":1},"geometry":{"type":"Polygon","coordinates":[[[-114.227,39.276],[-114.313,39.342],[-114.417,39.384],[-114.561,39.404],[-114.665,39.404],[-114.793,39.359],[-114.843,39.313],[-114.933,39.276],[-115.049,39.272],[-115.177,39.305],[-115.252,39.342],[-115.537,39.384],[-115.661,39.384],[-115.777,39.359],[-115.868,39.293],[-116.004,39.036],[-116.021,38.908],[-115.967,38.664],[-115.967,38.47],[-116.029,38.243],[-116.087,38.127],[-116.281,37.838],[-116.322,37.734],[-116.364,37.362],[-116.326,37.251],[-116.26,37.172],[-116.198,37.123],[-115.971,37.098],[-115.851,37.102],[-115.578,37.176],[-115.405,37.28],[-115.045,37.623],[-114.847,37.904],[-114.785,37.974],[-114.69,38.04],[-114.487,38.164],[-114.359,38.222],[-113.896,38.305],[-113.801,38.35],[-113.735,38.404],[-113.689,38.561],[-113.698,38.71],[-113.731,38.788],[-113.933,39.02],[-114.227,39.276]]]}},{"type":"Feature","properties":{"density":1},"geometry":{"type":"Polygon","coordinates":[[[-116.71,41.591],[-116.784,41.637],[-116.896,41.674],[-117.028,41.69],[-117.111,41.678],[-117.177,41.645],[-117.363,41.418],[-117.417,41.289],[-117.533,40.946],[-117.549,40.645],[-117.541,40.43],[-117.57,40.289],[-117.694,39.934],[-117.714,39.814],[-117.702,39.578],[-117.623,39.454],[-117.541,39.409],[-117.446,39.4],[-117.256,39.442],[-117.181,39.491],[-116.933,39.719],[-116.693,39.855],[-116.598,39.942],[-116.425,40.264],[-116.23,40.463],[-116.168,40.612],[-116.156,40.744],[-116.177,40.855],[-116.313,41.141],[-116.388,41.265],[-116.71,41.591]]]}},{"type":"Feature","properties":{"density":1},"geometry":{"type":"Polygon","coordinates":[[[-117.672,42.561],[-117.766,42.547],[-117.804,42.512],[-117.824,42.399],[-117.826,42.225],[-117.862,42.164],[-117.942,42.101],[-117.997,42.021],[-117.981,41.872],[-117.984,41.572],[-117.937,41.492],[-117.879,41.464],[-117.824,41.473],[-117.741,41.528],[-117.68,41.61],[-117.614,41.74],[-117.526,42.007],[-117.493,42.305],[-117.512,42.434],[-117.573,42.52],[-117.672,42.561]]]}},{"type":"Feature","properties":{"density":1},"geometry":{"type":"Polygon","coordinates":[[[-123.239,38.612],[-123.296,38.617],[-123.331,38.599],[-123.353,38.553],[-123.342,38.518],[-123.303,38.441],[-123.088,38.22],[-122.991,37.995],[-122.917,37.871],[-122.741,37.677],[-122.625,37.487],[-122.474,37.41],[-122.362,37.414],[-122.324,37.465],[-122.296,37.55],[-122.28,37.642],[-122.287,37.732],[-122.377,37.864],[-122.478,37.947],[-122.651,38.266],[-122.748,38.36],[-122.857,38.435],[-123.239,38.612]]]}},{"type":"Feature","properties":{"density":1},"geometry":{"type":"Polygon","coordinates":[[[-122.434,43.489],[-122.558,43.514],[-122.645,43.485],[-122.691,43.435],[-122.728,43.336],[-122.769,43.282],[-122.889,43.171],[-122.93,43.146],[-123.298,43.047],[-123.509,42.956],[-123.625,42.794],[-123.629,42.683],[-123.588,42.53],[-123.559,42.484],[-123.517,42.451],[-123.348,42.431],[-123.273,42.456],[-123.187,42.501],[-122.918,42.708],[-122.753,42.782],[-122.575,42.815],[-122.43,42.894],[-122.339,43.014],[-122.31,43.27],[-122.323,43.357],[-122.368,43.435],[-122.434,43.489]]]}},{"type":"Feature","properties":{"density":1},"geometry":{"type":"Polygon","coordinates":[[[-111.667,63.092],[-111.736,63.108],[-111.926,63.096],[-112.199,62.976],[-112.344,62.931],[-112.48,62.856],[-112.625,62.724],[-112.687,62.608],[-112.703,62.484],[-112.687,62.36],[-112.654,62.311],[-112.534,62.278],[-112.455,62.278],[-112.369,62.311],[-112.282,62.36],[-112.067,62.579],[-111.988,62.633],[-111.914,62.666],[-111.699,62.707],[-111.587,62.753],[-111.525,62.848],[-111.525,62.947],[-111.598,63.049],[-111.667,63.092]]]}},{"type":"Feature","properties":{"density":1},"geometry":{"type":"Polygon","coordinates":[[[-111.981,63.965],[-112.099,63.947],[-112.52,63.798],[-112.694,63.699],[-113.078,63.519],[-113.178,63.432],[-113.24,63.283],[-113.246,63.153],[-113.202,62.992],[-113.06,62.787],[-112.948,62.372],[-112.775,62.13],[-112.682,62.056],[-112.409,61.938],[-111.894,61.851],[-111.646,61.764],[-111.119,61.64],[-110.121,61.374],[-109.842,61.337],[-109.687,61.293],[-109.203,61.237],[-108.813,61.225],[-108.633,61.268],[-108.335,61.461],[-108.261,61.572],[-108.205,61.684],[-108.186,61.901],[-108.211,62.031],[-108.273,62.136],[-108.397,62.26],[-108.589,62.372],[-108.955,62.539],[-109.104,62.651],[-109.544,63.035],[-109.817,63.308],[-110.127,63.538],[-110.468,63.724],[-110.791,63.841],[-111.051,63.903],[-111.659,63.984],[-111.981,63.965]]]}},{"type":"Feature","properties":{"density":1},"geometry":{"type":"Polygon","coordinates":[[[-108.609,63.195],[-108.775,63.162],[-108.855,63.091],[-108.852,63.035],[-108.797,62.914],[-108.67,62.793],[-108.193,62.622],[-107.854,62.393],[-107.791,62.366],[-107.601,62.33],[-107.54,62.355],[-107.499,62.393],[-107.474,62.52],[-107.559,62.702],[-107.714,62.823],[-107.799,62.936],[-107.907,63.044],[-107.995,63.096],[-108.157,63.146],[-108.609,63.195]]]}},{"type":"Feature","properties":{"density":1},"geometry":{"type":"Polygon","coordinates":[[[-107.056,62.089],[-107.202,62.114],[-107.257,62.1],[-107.299,62.075],[-107.315,62.028],[-107.301,61.957],[-107.106,61.789],[-106.962,61.709],[-106.695,61.598],[-106.499,61.554],[-105.783,61.337],[-105.596,61.254],[-105.353,61.102],[-105.29,61.078],[-105.177,61.053],[-105.127,61.069],[-105.077,61.133],[-105.075,61.271],[-105.094,61.326],[-105.168,61.411],[-105.254,61.461],[-105.505,61.513],[-105.899,61.722],[-106.262,61.893],[-107.056,62.089]]]}},{"type":"Feature","properties":{"density":1},"geometry":{"type":"Polygon","coordinates":[[[-105.844,62.769],[-105.941,62.776],[-105.972,62.76],[-106.011,62.701],[-105.993,62.622],[-105.91,62.576],[-105.625,62.503],[-105.412,62.416],[-104.978,62.146],[-104.843,62.111],[-104.776,62.119],[-104.734,62.15],[-104.727,62.201],[-104.769,62.319],[-104.846,62.405],[-105.247,62.554],[-105.456,62.661],[-105.616,62.723],[-105.713,62.753],[-105.844,62.769]]]}},{"type":"Feature","properties":{"density":1},"geometry":{"type":"Polygon","coordinates":[[[-89.896,54.405],[-89.965,54.46],[-90.042,54.468],[-90.131,54.421],[-90.153,54.386],[-90.285,53.967],[-90.379,53.785],[-90.384,53.705],[-90.329,53.664],[-90.233,53.672],[-90.122,53.724],[-90.001,53.868],[-89.849,54.24],[-89.844,54.325],[-89.863,54.377],[-89.896,54.405]]]}},{"type":"Feature","properties":{"density":1},"geometry":{"type":"Polygon","coordinates":[[[-90.032,50.054],[-90.147,50.062],[-90.175,50.015],[-90.164,49.979],[-90.023,49.806],[-90.023,49.737],[-90.098,49.627],[-90.106,49.541],[-90.043,49.456],[-89.99,49.409],[-89.894,49.39],[-89.745,49.481],[-89.701,49.472],[-89.544,49.368],[-89.481,49.346],[-89.423,49.348],[-89.395,49.373],[-89.373,49.428],[-89.376,49.472],[-89.439,49.572],[-89.511,49.621],[-89.643,49.662],[-89.886,49.866],[-89.949,49.985],[-90.032,50.054]]]}},{"type":"Feature","properties":{"density":1},"geometry":{"type":"Polygon","coordinates":[[[-83.991,54.095],[-84.048,54.096],[-84.059,54.052],[-83.984,53.961],[-83.907,53.792],[-83.852,53.76],[-83.824,53.797],[-83.835,53.889],[-83.879,53.938],[-83.914,54.01],[-83.991,54.095]]]}},{"type":"Feature","properties":{"density":1},"geometry":{"type":"Polygon","coordinates":[[[-84.549,52.409],[-84.604,52.418],[-84.621,52.407],[-84.617,52.369],[-84.543,52.273],[-84.507,52.194],[-84.468,51.928],[-84.424,51.875],[-84.376,51.911],[-84.345,51.97],[-84.334,52.126],[-84.367,52.205],[-84.549,52.409]]]}},{"type":"Feature","properties":{"density":1},"geometry":{"type":"Polygon","coordinates":[[[-82.945,51.545],[-83.066,51.548],[-83.184,51.526],[-83.295,51.468],[-83.496,51.435],[-83.556,51.405],[-83.6,51.355],[-83.628,51.305],[-83.634,51.159],[-83.576,50.975],[-83.567,50.848],[-83.521,50.757],[-83.482,50.727],[-83.35,50.713],[-83.082,50.851],[-82.917,51.024],[-82.851,51.126],[-82.727,51.248],[-82.705,51.372],[-82.732,51.432],[-82.826,51.504],[-82.945,51.545]]]}},{"type":"Feature","properties":{"density":1},"geometry":{"type":"Polygon","coordinates":[[[-116.071,31.74],[-116.169,31.761],[-116.248,31.729],[-116.264,31.678],[-116.244,31.604],[-116.2,31.536],[-116.088,31.43],[-115.946,31.342],[-115.88,31.338],[-115.864,31.373],[-115.88,31.459],[-115.95,31.547],[-116.04,31.713],[-116.071,31.74]]]}},{"type":"Feature","properties":{"density":1},"geometry":{"type":"Polygon","coordinates":[[[-102.109,18.015],[-102.158,18.038],[-102.188,18.026],[-102.203,17.998],[-102.204,17.785],[-102.256,17.598],[-102.276,17.41],[-102.274,17.282],[-102.223,17.124],[-102.157,17.002],[-102.113,16.991],[-102.037,17.039],[-101.966,17.247],[-101.966,17.388],[-102.054,17.634],[-102.109,18.015]]]}},{"type":"Feature","properties":{"density":1},"geometry":{"type":"Polygon","coordinates":[[[-71.6,18.183],[-71.717,18.217],[-71.81,18.215],[-72.003,18.161],[-72.171,18.074],[-72.394,17.997],[-72.941,17.978],[-73.026,17.957],[-73.095,17.93],[-73.207,17.843],[-73.246,17.779],[-73.257,17.721],[-73.241,17.673],[-73.185,17.596],[-73.148,17.577],[-72.978,17.569],[-72.776,17.596],[-72.593,17.718],[-72.503,17.752],[-72.431,17.766],[-71.982,17.776],[-71.884,17.822],[-71.714,17.938],[-71.592,17.954],[-71.547,17.978],[-71.52,18.007],[-71.52,18.082],[-71.6,18.183]]]}},{"type":"Feature","properties":{"density":1},"geometry":{"type":"Polygon","coordinates":[[[-71.958,18.411],[-72.088,18.422],[-72.221,18.326],[-72.341,18.294],[-72.636,18.294],[-72.973,18.326],[-73.207,18.297],[-73.31,18.254],[-73.371,18.204],[-73.422,18.138],[-73.43,18.066],[-73.313,17.944],[-73.294,17.88],[-73.257,17.827],[-73.196,17.822],[-72.681,17.914],[-72.351,18.013],[-72.168,18.122],[-71.937,18.183],[-71.897,18.254],[-71.916,18.337],[-71.958,18.411]]]}},{"type":"Feature","properties":{"density":1},"geometry":{"type":"Polygon","coordinates":[[[-75.054,20.475],[-75.151,20.43],[-75.314,20.404],[-75.339,20.388],[-75.348,20.344],[-75.318,20.317],[-75.21,20.315],[-75.095,20.379],[-74.881,20.429],[-74.879,20.461],[-74.907,20.48],[-75.054,20.475]]]}},{"type":"Feature","properties":{"density":1},"geometry":{"type":"Polygon","coordinates":[[[-77.774,21.561],[-77.821,21.556],[-77.878,21.526],[-77.965,21.421],[-78.045,21.371],[-78.298,21.269],[-78.475,21.216],[-78.668,21.078],[-78.948,20.973],[-79.183,20.798],[-79.463,20.736],[-79.505,20.679],[-79.397,20.545],[-79.341,20.53],[-79.061,20.499],[-78.84,20.571],[-78.721,20.638],[-78.586,20.801],[-78.275,20.932],[-78.121,21.035],[-78.016,21.14],[-77.855,21.386],[-77.726,21.481],[-77.724,21.533],[-77.774,21.561]]]}},{"type":"Feature","properties":{"density":1},"geometry":{"type":"Polygon","coordinates":[[[-77.597,21.669],[-77.655,21.653],[-77.768,21.556],[-77.887,21.508],[-77.983,21.437],[-78.052,21.341],[-78.059,21.29],[-78.045,21.271],[-78.014,21.269],[-77.94,21.302],[-77.832,21.414],[-77.582,21.614],[-77.577,21.657],[-77.597,21.669]]]}},{"type":"Feature","properties":{"density":1},"geometry":{"type":"Polygon","coordinates":[[[-77.582,21.72],[-77.644,21.717],[-77.721,21.665],[-77.841,21.618],[-78.073,21.467],[-78.246,21.391],[-78.282,21.341],[-78.243,21.324],[-78.161,21.34],[-77.961,21.435],[-77.706,21.619],[-77.567,21.671],[-77.561,21.688],[-77.582,21.72]]]}},{"type":"Feature","properties":{"density":1},"geometry":{"type":"Polygon","coordinates":[[[-77.924,21.86],[-78.007,21.864],[-78.076,21.832],[-78.223,21.701],[-78.402,21.572],[-79.158,21.154],[-79.25,21.079],[-79.279,21.032],[-79.275,20.908],[-79.254,20.89],[-79.156,20.895],[-78.999,20.948],[-78.781,21.058],[-78.636,21.18],[-78.413,21.456],[-78.181,21.607],[-78.022,21.763],[-77.908,21.816],[-77.903,21.839],[-77.924,21.86]]]}},{"type":"Feature","properties":{"density":1},"geometry":{"type":"Polygon","coordinates":[[[-78.145,21.901],[-78.223,21.851],[-78.284,21.786],[-78.516,21.653],[-78.786,21.462],[-78.871,21.343],[-78.886,21.279],[-78.732,21.338],[-78.595,21.483],[-78.192,21.779],[-78.119,21.844],[-78.089,21.899],[-78.092,21.917],[-78.145,21.901]]]}},{"type":"Feature","properties":{"density":1},"geometry":{"type":"Polygon","coordinates":[[[-78.473,22.032],[-78.535,22.041],[-78.56,22.028],[-78.631,21.943],[-78.955,21.72],[-79.05,21.586],[-79.071,21.495],[-79.056,21.483],[-79.008,21.488],[-78.953,21.515],[-78.666,21.731],[-78.5,21.956],[-78.454,21.981],[-78.473,22.032]]]}},{"type":"Feature","properties":{"density":1},"geometry":{"type":"Polygon","coordinates":[[[-78.408,22.108],[-78.473,22.094],[-78.554,22.023],[-78.772,21.92],[-78.797,21.883],[-78.744,21.876],[-78.56,21.938],[-78.493,21.933],[-78.42,22.005],[-78.369,22.03],[-78.37,22.085],[-78.408,22.108]]]}},{"type":"Feature","properties":{"density":1},"geometry":{"type":"Polygon","coordinates":[[[-78.682,22.221],[-78.755,22.209],[-78.893,22.089],[-78.907,22.035],[-78.852,22.028],[-78.785,22.071],[-78.73,22.135],[-78.65,22.172],[-78.655,22.202],[-78.682,22.221]]]}},{"type":"Feature","properties":{"density":1},"geometry":{"type":"Polygon","coordinates":[[[-80.082,22.697],[-80.175,22.665],[-80.246,22.596],[-80.477,22.182],[-80.581,21.919],[-80.684,21.741],[-80.74,21.677],[-81.043,21.451],[-81.123,21.342],[-81.147,21.281],[-81.17,21.127],[-81.16,21.066],[-81.07,20.968],[-80.876,20.947],[-80.65,21.0],[-80.44,21.132],[-80.363,21.196],[-80.321,21.265],[-80.254,21.438],[-80.236,21.669],[-80.246,21.961],[-80.228,22.094],[-80.1,22.466],[-80.023,22.577],[-79.997,22.652],[-79.997,22.675],[-80.026,22.699],[-80.063,22.71],[-80.082,22.697]]]}},{"type":"Feature","properties":{"density":1},"geometry":{"type":"Polygon","coordinates":[[[-83.555,31.794],[-83.596,31.79],[-83.622,31.764],[-83.617,31.714],[-83.575,31.67],[-83.332,31.608],[-83.125,31.371],[-83.005,31.319],[-82.882,31.296],[-82.863,31.337],[-82.882,31.403],[-83.146,31.645],[-83.26,31.721],[-83.412,31.78],[-83.555,31.794]]]}},{"type":"Feature","properties":{"density":1},"geometry":{"type":"Polygon","coordinates":[[[-96.507,37.822],[-96.62,37.843],[-96.648,37.817],[-96.661,37.763],[-96.584,37.539],[-96.509,37.147],[-96.368,36.91],[-96.293,36.712],[-96.164,36.573],[-96.071,36.444],[-95.93,36.12],[-95.883,36.079],[-95.822,36.053],[-95.682,36.05],[-95.628,36.061],[-95.541,36.109],[-95.404,36.133],[-95.309,36.171],[-95.191,36.313],[-95.17,36.39],[-95.165,36.573],[-95.191,36.65],[-95.25,36.73],[-95.381,36.807],[-95.641,36.846],[-95.757,36.887],[-95.922,36.977],[-96.087,37.176],[-96.128,37.302],[-96.254,37.513],[-96.383,37.688],[-96.507,37.822]]]}},{"type":"Feature","properties":{"density":1},"geometry":{"type":"Polygon","coordinates":[[[-100.278,30.095],[-100.316,30.128],[-100.401,30.141],[-100.435,30.12],[-100.468,30.015],[-100.424,29.755],[-100.363,29.603],[-100.337,29.479],[-100.262,29.381],[-100.185,29.35],[-100.02,29.221],[-99.842,29.17],[-99.765,29.201],[-99.755,29.299],[-99.791,29.389],[-99.966,29.567],[-100.278,30.095]]]}},{"type":"Feature","properties":{"density":1},"geometry":{"type":"Polygon","coordinates":[[[-99.631,30.143],[-99.681,30.162],[-99.707,30.112],[-99.643,29.93],[-99.595,29.871],[-99.573,29.894],[-99.574,29.962],[-99.631,30.143]]]}},{"type":"Feature","properties":{"density":1},"geometry":{"type":"Polygon","coordinates":[[[-99.066,37.608],[-99.112,37.647],[-99.174,37.651],[-99.267,37.589],[-99.282,37.539],[-99.286,37.272],[-99.332,37.129],[-99.394,37.013],[-99.541,36.804],[-99.576,36.712],[-99.599,36.534],[-99.692,36.206],[-99.734,36.105],[-99.896,35.858],[-100.02,35.584],[-100.093,35.321],[-100.116,35.166],[-100.089,35.039],[-100.047,34.965],[-99.997,34.942],[-99.9,34.946],[-99.78,34.993],[-99.641,35.097],[-99.263,35.294],[-98.981,35.479],[-98.903,35.545],[-98.795,35.676],[-98.737,35.931],[-98.741,36.488],[-98.722,36.932],[-98.842,37.233],[-98.981,37.515],[-99.066,37.608]]]}},{"type":"Feature","properties":{"density":1},"geometry":{"type":"Polygon","coordinates":[[[-106.355,45.721],[-106.471,45.756],[-106.76,45.764],[-106.861,45.733],[-106.946,45.648],[-107.023,45.393],[-107.027,45.246],[-106.984,45.149],[-106.865,44.979],[-106.791,44.662],[-106.749,44.593],[-106.602,44.481],[-106.351,44.434],[-106.138,44.353],[-105.999,44.261],[-105.91,44.222],[-105.744,44.203],[-105.679,44.222],[-105.597,44.299],[-105.485,44.496],[-105.493,44.717],[-105.555,44.848],[-105.636,44.937],[-105.806,45.026],[-105.98,45.176],[-106.104,45.354],[-106.212,45.605],[-106.27,45.679],[-106.355,45.721]]]}},{"type":"Feature","properties":{"density":1},"geometry":{"type":"Polygon","coordinates":[[[-108.963,37.665],[-109.075,37.668],[-109.118,37.615],[-109.12,37.552],[-109.07,37.449],[-109.003,37.37],[-108.953,37.246],[-108.888,37.224],[-108.799,37.224],[-108.737,37.256],[-108.689,37.306],[-108.649,37.375],[-108.651,37.459],[-108.733,37.572],[-108.883,37.646],[-108.963,37.665]]]}},{"type":"Feature","properties":{"density":1},"geometry":{"type":"Polygon","coordinates":[[[-106.935,37.596],[-106.976,37.629],[-107.012,37.61],[-107.028,37.577],[-107.031,37.491],[-106.99,37.328],[-107.009,37.179],[-106.993,37.134],[-106.962,37.144],[-106.945,37.17],[-106.89,37.318],[-106.892,37.472],[-106.935,37.596]]]}},{"type":"Feature","properties":{"density":1},"geometry":{"type":"Polygon","coordinates":[[[-113.26,48.083],[-113.363,48.068],[-113.412,48.042],[-113.448,48.006],[-113.453,47.957],[-113.373,47.81],[-113.267,47.73],[-112.845,47.707],[-112.721,47.673],[-112.423,47.555],[-112.222,47.437],[-112.062,47.393],[-111.748,47.38],[-111.622,47.429],[-111.433,47.57],[-111.24,47.622],[-111.16,47.663],[-111.124,47.715],[-111.124,48.003],[-111.184,48.091],[-111.256,48.145],[-111.354,48.171],[-111.593,48.147],[-111.763,48.111],[-111.967,48.098],[-112.196,48.14],[-112.289,48.14],[-112.724,48.225],[-112.824,48.225],[-112.902,48.217],[-113.26,48.083]]]}},{"type":"Feature","properties":{"density":1},"geometry":{"type":"Polygon","coordinates":[[[-112.093,42.196],[-112.128,42.231],[-112.182,42.235],[-112.24,42.204],[-112.271,42.146],[-112.247,41.833],[-112.263,41.505],[-112.209,41.435],[-112.162,41.439],[-112.089,41.493],[-112.05,41.555],[-112.035,41.648],[-112.027,41.949],[-112.05,42.084],[-112.093,42.196]]]}},{"type":"Feature","properties":{"density":1},"geometry":{"type":"Polygon","coordinates":[[[-112.05,39.359],[-112.164,39.395],[-112.256,39.393],[-112.318,39.349],[-112.421,39.23],[-112.558,39.135],[-112.591,39.096],[-112.632,38.893],[-112.761,38.767],[-112.787,38.715],[-112.782,38.679],[-112.699,38.638],[-112.586,38.646],[-112.496,38.692],[-112.367,38.713],[-112.025,38.901],[-111.965,38.999],[-111.955,39.099],[-111.983,39.233],[-112.014,39.313],[-112.05,39.359]]]}},{"type":"Feature","properties":{"density":1},"geometry":{"type":"Polygon","coordinates":[[[-116.486,33.68],[-116.522,33.701],[-116.599,33.691],[-116.697,33.621],[-116.776,33.6],[-116.998,33.626],[-117.068,33.626],[-117.13,33.603],[-117.199,33.531],[-117.199,33.366],[-117.119,33.253],[-117.073,33.217],[-116.954,33.173],[-116.828,33.168],[-116.658,33.201],[-116.591,33.232],[-116.548,33.274],[-116.421,33.472],[-116.419,33.521],[-116.486,33.68]]]}},{"type":"Feature","properties":{"density":1},"geometry":{"type":"Polygon","coordinates":[[[-122.448,39.005],[-122.55,39.046],[-122.649,39.058],[-122.717,39.058],[-122.842,39.024],[-122.903,38.989],[-122.993,38.883],[-123.13,38.766],[-123.319,38.667],[-123.365,38.618],[-123.388,38.565],[-123.395,38.485],[-123.297,38.311],[-123.194,38.182],[-123.069,38.107],[-122.452,37.932],[-122.372,37.928],[-122.281,37.951],[-122.175,38.035],[-122.137,38.148],[-122.141,38.266],[-122.167,38.319],[-122.345,38.542],[-122.345,38.819],[-122.361,38.872],[-122.448,39.005]]]}},{"type":"Feature","properties":{"density":1},"geometry":{"type":"Polygon","coordinates":[[[-96.462,49.42],[-96.498,49.45],[-96.578,49.455],[-96.614,49.435],[-96.662,49.311],[-96.677,49.2],[-96.634,49.026],[-96.687,48.798],[-96.657,48.659],[-96.614,48.606],[-96.553,48.571],[-96.293,48.513],[-96.167,48.437],[-96.0,48.442],[-95.952,48.505],[-95.937,48.563],[-95.947,48.73],[-95.977,48.816],[-96.109,49.031],[-96.313,49.22],[-96.462,49.42]]]}},{"type":"Feature","properties":{"density":1},"geometry":{"type":"Polygon","coordinates":[[[-96.504,53.988],[-96.543,54.008],[-96.572,54.002],[-96.612,53.946],[-96.61,53.904],[-96.525,53.752],[-96.499,53.661],[-96.432,53.562],[-96.329,53.491],[-96.257,53.409],[-96.169,53.367],[-96.019,53.368],[-95.903,53.434],[-95.874,53.51],[-95.863,53.698],[-95.94,53.815],[-96.038,53.848],[-96.193,53.842],[-96.322,53.87],[-96.504,53.988]]]}},{"type":"Feature","properties":{"density":1},"geometry":{"type":"Polygon","coordinates":[[[-89.855,54.444],[-89.948,54.472],[-90.011,54.472],[-90.062,54.447],[-90.261,54.123],[-90.378,54.002],[-90.451,53.856],[-90.456,53.701],[-90.39,53.522],[-90.388,53.459],[-90.459,53.277],[-90.469,53.196],[-90.459,53.113],[-90.418,53.052],[-90.35,53.04],[-90.261,53.067],[-90.206,53.105],[-90.165,53.141],[-90.042,53.32],[-89.981,53.373],[-89.807,53.472],[-89.718,53.6],[-89.693,53.752],[-89.723,53.893],[-89.713,54.176],[-89.802,54.371],[-89.855,54.444]]]}},{"type":"Feature","properties":{"density":1},"geometry":{"type":"Polygon","coordinates":[[[-88.612,50.194],[-88.88,50.29],[-88.988,50.302],[-89.158,50.222],[-89.295,50.217],[-89.431,50.222],[-89.698,50.279],[-89.937,50.29],[-90.113,50.273],[-90.238,50.222],[-90.369,50.12],[-90.466,49.972],[-90.488,49.779],[-90.392,49.489],[-90.011,49.063],[-89.857,48.824],[-89.732,48.739],[-89.596,48.693],[-89.26,48.687],[-89.09,48.727],[-88.931,48.847],[-88.692,49.068],[-88.391,49.171],[-88.232,49.193],[-88.118,49.239],[-88.05,49.353],[-88.027,49.438],[-88.027,49.563],[-88.141,49.785],[-88.379,50.091],[-88.612,50.194]]]}},{"type":"Feature","properties":{"density":1},"geometry":{"type":"Polygon","coordinates":[[[-83.998,54.117],[-84.031,54.127],[-84.056,54.112],[-84.066,54.036],[-83.998,53.887],[-83.955,53.561],[-83.925,53.491],[-83.89,53.433],[-83.657,53.19],[-83.571,53.19],[-83.508,53.271],[-83.503,53.344],[-83.561,53.45],[-83.725,53.614],[-83.768,53.68],[-83.955,54.069],[-83.998,54.117]]]}},{"type":"Feature","properties":{"density":1},"geometry":{"type":"Polygon","coordinates":[[[-84.506,52.486],[-84.608,52.505],[-84.661,52.498],[-84.714,52.483],[-84.767,52.441],[-84.805,52.346],[-84.813,52.153],[-84.855,51.998],[-85.01,51.763],[-85.033,51.691],[-85.048,51.52],[-85.04,51.441],[-85.002,51.35],[-84.953,51.274],[-84.87,51.202],[-84.711,51.111],[-84.551,51.118],[-84.464,51.141],[-84.26,51.289],[-84.119,51.342],[-84.063,51.384],[-84.021,51.448],[-84.021,51.615],[-84.04,51.691],[-84.252,51.99],[-84.313,52.153],[-84.354,52.331],[-84.392,52.407],[-84.506,52.486]]]}},{"type":"Feature","properties":{"density":1},"geometry":{"type":"Polygon","coordinates":[[[-83.066,51.622],[-83.163,51.662],[-83.509,51.657],[-83.742,51.611],[-83.879,51.497],[-83.941,51.372],[-84.027,50.889],[-84.078,50.707],[-84.18,50.52],[-84.243,50.298],[-84.191,50.002],[-84.078,49.872],[-83.839,49.826],[-83.6,49.832],[-83.293,49.889],[-83.026,49.963],[-82.753,50.076],[-82.503,50.213],[-81.884,50.622],[-81.616,50.736],[-81.247,50.81],[-80.991,50.821],[-80.747,50.878],[-80.485,50.986],[-80.377,51.162],[-80.36,51.327],[-80.428,51.463],[-80.548,51.611],[-80.781,51.708],[-81.014,51.736],[-81.48,51.691],[-82.27,51.577],[-82.702,51.554],[-82.816,51.56],[-83.066,51.622]]]}},{"type":"Feature","properties":{"density":1},"geometry":{"type":"Polygon","coordinates":[[[-115.844,31.604],[-116.036,31.758],[-116.135,31.786],[-116.211,31.708],[-116.349,31.685],[-116.387,31.649],[-116.392,31.614],[-116.387,31.571],[-116.357,31.521],[-116.264,31.437],[-116.072,31.397],[-115.905,31.306],[-115.829,31.288],[-115.761,31.316],[-115.753,31.404],[-115.844,31.604]]]}},{"type":"Feature","properties":{"density":1},"geometry":{"type":"Polygon","coordinates":[[[-97.691,16.138],[-97.782,16.178],[-97.893,16.153],[-97.982,16.031],[-98.126,15.948],[-98.136,15.92],[-98.123,15.882],[-98.088,15.86],[-97.977,15.857],[-97.787,15.958],[-97.59,15.999],[-97.588,16.072],[-97.636,16.125],[-97.691,16.138]]]}},{"type":"Feature","properties":{"density":1},"geometry":{"type":"Polygon","coordinates":[[[-97.428,21.403],[-97.696,21.535],[-97.772,21.55],[-97.843,21.54],[-97.83,21.494],[-97.795,21.454],[-97.688,21.381],[-97.486,21.307],[-97.383,21.292],[-97.363,21.348],[-97.428,21.403]]]}},{"type":"Feature","properties":{"density":1},"geometry":{"type":"Polygon","coordinates":[[[-97.33,21.039],[-97.378,21.07],[-97.529,21.108],[-97.815,21.093],[-97.908,21.11],[-98.108,21.189],[-98.244,21.307],[-98.323,21.312],[-98.355,21.29],[-98.333,21.201],[-98.262,21.113],[-98.209,21.077],[-98.083,21.039],[-97.608,21.004],[-97.337,20.964],[-97.304,20.989],[-97.33,21.039]]]}},{"type":"Feature","properties":{"density":1},"geometry":{"type":"Polygon","coordinates":[[[-87.82,21.225],[-87.919,21.238],[-87.952,21.223],[-87.957,21.202],[-87.942,21.162],[-87.858,21.119],[-87.56,21.036],[-86.989,20.983],[-86.946,21.018],[-86.954,21.066],[-87.015,21.106],[-87.452,21.152],[-87.82,21.225]]]}},{"type":"Feature","properties":{"density":1},"geometry":{"type":"Polygon","coordinates":[[[-53.689,58.199],[-54.164,58.544],[-54.984,59.407],[-55.847,59.968],[-56.667,60.4],[-57.617,60.745],[-58.264,60.832],[-59.041,60.832],[-59.948,60.616],[-60.984,60.443],[-61.933,60.055],[-65.084,58.199],[-65.861,57.983],[-66.854,57.81],[-67.631,57.638],[-73.275,56.537],[-74.034,56.146],[-74.466,55.973],[-75.012,55.657],[-75.674,55.398],[-76.538,55.196],[-77.804,55.052],[-78.293,55.254],[-78.897,55.686],[-79.502,56.261],[-79.847,56.635],[-80.135,57.239],[-80.509,58.103],[-81.113,59.081],[-81.775,59.829],[-82.466,60.376],[-83.214,60.837],[-83.933,61.124],[-84.682,61.326],[-86.12,61.614],[-88.739,62.362],[-89.084,62.506],[-89.689,62.707],[-90.293,62.793],[-90.667,62.793],[-91.128,62.678],[-91.876,62.563],[-92.566,62.506],[-93.257,62.419],[-94.552,62.477],[-95.548,62.868],[-96.624,63.168],[-97.372,63.513],[-98.61,64.319],[-100.307,65.642],[-100.739,65.959],[-101.43,66.534],[-102.408,67.225],[-103.415,67.772],[-104.566,68.347],[-105.545,68.923],[-106.523,69.355],[-107.818,69.757],[-109.89,70.275],[-110.984,70.419],[-114.984,70.419],[-115.703,70.247],[-116.825,69.873],[-117.372,69.47],[-117.833,69.268],[-118.725,68.779],[-121.199,68.232],[-122.408,68.088],[-124.077,67.714],[-124.653,67.542],[-125.257,67.283],[-126.063,66.88],[-126.725,66.333],[-127.444,65.498],[-127.732,64.779],[-127.789,64.031],[-127.732,63.34],[-127.358,62.218],[-127.127,61.642],[-126.84,60.837],[-126.638,60.462],[-126.293,59.973],[-125.171,59.052],[-124.854,58.765],[-124.451,58.477],[-124.02,58.016],[-123.386,57.153],[-123.156,56.664],[-122.955,56.376],[-122.581,55.772],[-122.379,55.484],[-122.379,55.11],[-122.437,54.65],[-122.552,54.333],[-122.84,53.729],[-123.185,53.182],[-123.645,52.664],[-124.243,52.21],[-124.282,52.056],[-124.301,51.769],[-124.282,51.443],[-123.956,50.713],[-123.457,49.946],[-123.169,49.447],[-123.073,49.102],[-123.054,48.757],[-122.996,48.354],[-122.996,47.874],[-123.054,47.414],[-123.207,46.819],[-123.399,45.975],[-123.438,45.706],[-123.495,45.15],[-123.495,44.766],[-123.534,44.421],[-123.553,44.037],[-123.553,43.634],[-123.38,43.001],[-123.112,42.483],[-122.958,42.253],[-122.569,41.793],[-122.339,41.658],[-121.629,41.562],[-120.881,41.562],[-119.672,41.658],[-119.327,41.601],[-118.79,41.332],[-118.559,41.044],[-118.425,40.718],[-118.368,40.354],[-118.291,40.047],[-118.157,39.817],[-117.984,39.682],[-117.773,39.586],[-117.351,39.452],[-117.178,39.337],[-117.005,39.126],[-116.852,38.646],[-116.814,38.359],[-116.852,37.764],[-116.852,37.457],[-116.679,37.265],[-116.392,37.054],[-116.161,37.035],[-115.912,37.054],[-115.356,37.169],[-115.145,37.188],[-114.339,37.764],[-113.917,38.205],[-113.706,38.301],[-113.092,38.531],[-112.67,38.781],[-112.497,38.953],[-112.382,39.145],[-112.133,39.375],[-111.864,39.586],[-111.576,39.663],[-110.847,39.778],[-110.502,39.797],[-109.946,39.797],[-109.581,39.74],[-109.255,39.644],[-108.929,39.51],[-108.583,39.318],[-108.142,39.126],[-107.356,38.838],[-106.972,38.666],[-106.646,38.455],[-106.339,38.148],[-106.166,37.783],[-105.591,37.054],[-105.335,36.837],[-104.695,36.453],[-104.465,36.363],[-103.583,36.197],[-103.34,36.133],[-103.135,36.069],[-102.905,35.967],[-102.764,35.877],[-102.649,35.749],[-102.559,35.481],[-102.559,35.353],[-102.496,35.174],[-102.419,35.046],[-102.278,34.905],[-101.869,34.675],[-101.217,34.407],[-100.756,34.138],[-100.59,33.959],[-100.487,33.793],[-100.372,33.562],[-100.539,32.514],[-100.731,32.264],[-100.961,32.034],[-101.916,31.367],[-102.862,30.791],[-103.348,30.548],[-103.885,30.305],[-105.049,30.062],[-105.625,30.049],[-106.226,30.126],[-107.16,30.356],[-108.774,31.345],[-109.004,31.55],[-109.413,31.87],[-109.912,32.445],[-110.296,32.79],[-111.613,33.494],[-112.393,33.814],[-112.751,33.929],[-113.046,34.044],[-113.903,34.261],[-114.376,34.338],[-114.939,34.376],[-115.348,34.325],[-116.269,34.069],[-116.64,33.839],[-116.806,33.571],[-116.921,33.187],[-116.998,32.816],[-117.01,32.394],[-117.142,31.057],[-117.026,30.693],[-116.835,30.424],[-116.662,30.06],[-116.604,29.695],[-116.662,29.254],[-116.815,28.794],[-117.314,27.949],[-117.525,27.662],[-117.755,27.259],[-117.89,26.856],[-117.909,26.453],[-117.909,25.993],[-117.775,25.609],[-117.564,25.244],[-117.41,24.822],[-117.18,24.362],[-116.285,23.505],[-115.837,23.352],[-115.351,23.16],[-114.865,22.84],[-114.635,22.661],[-114.456,22.405],[-113.983,21.804],[-113.829,21.663],[-113.65,21.535],[-113.113,21.331],[-112.422,21.139],[-112.166,21.037],[-111.872,20.947],[-111.591,20.794],[-111.386,20.64],[-110.27,19.988],[-109.58,19.796],[-109.138,19.719],[-108.736,19.623],[-108.371,19.623],[-107.987,19.585],[-107.22,19.451],[-106.74,19.336],[-105.455,18.702],[-105.071,18.491],[-103.978,18.05],[-103.652,17.935],[-103.345,17.801],[-103.057,17.628],[-102.769,17.398],[-102.577,17.149],[-102.213,16.573],[-102.117,16.247],[-102.098,15.69],[-102.155,15.384],[-102.232,15.115],[-102.251,14.885],[-102.213,14.52],[-102.155,14.175],[-102.04,13.887],[-101.867,13.599],[-101.541,13.177],[-101.138,12.717],[-100.966,12.563],[-100.87,12.429],[-100.716,12.295],[-100.39,12.103],[-99.834,11.911],[-99.182,11.585],[-98.606,11.431],[-98.241,11.355],[-97.877,11.24],[-97.09,11.048],[-96.707,10.971],[-96.265,10.913],[-95.882,10.933],[-95.536,10.913],[-94.827,11.029],[-94.52,11.144],[-94.251,11.22],[-94.04,11.316],[-93.829,11.489],[-93.656,11.604],[-93.234,12.007],[-93.023,12.256],[-92.774,12.391],[-92.505,12.583],[-92.237,12.678],[-91.93,12.813],[-91.546,12.928],[-91.181,13.062],[-90.568,13.139],[-90.126,13.273],[-89.679,13.606],[-89.564,13.721],[-89.372,14.162],[-89.314,14.527],[-89.429,15.245],[-89.498,15.356],[-89.677,15.484],[-89.915,15.603],[-90.614,15.697],[-91.024,15.902],[-91.143,16.021],[-91.228,16.132],[-91.322,16.294],[-91.399,16.507],[-91.783,17.078],[-91.842,17.291],[-91.893,17.598],[-91.902,17.837],[-92.06,18.66],[-92.06,18.864],[-92.021,19.146],[-91.919,19.389],[-91.74,19.683],[-91.548,19.913],[-91.356,20.105],[-91.088,20.31],[-90.857,20.425],[-90.602,20.578],[-90.269,20.706],[-89.451,20.962],[-89.131,21.026],[-88.159,21.141],[-87.272,21.309],[-86.698,21.446],[-85.366,21.577],[-85.221,21.611],[-85.042,21.603],[-84.846,21.535],[-84.693,21.424],[-84.556,21.253],[-84.48,21.108],[-84.249,20.345],[-84.173,20.251],[-83.96,20.072],[-83.601,19.731],[-82.689,18.998],[-81.896,18.546],[-81.367,18.376],[-80.736,18.282],[-79.27,17.992],[-78.571,17.966],[-78.119,18.009],[-77.179,17.89],[-76.923,17.826],[-76.514,17.583],[-75.913,17.186],[-75.657,17.045],[-75.375,16.943],[-74.595,16.866],[-74.173,16.866],[-73.462,16.937],[-69.829,18.28],[-69.228,18.842],[-68.044,21.245],[-67.468,22.08],[-66.864,22.828],[-65.885,23.404],[-63.036,24.353],[-61.655,24.756],[-60.389,25.332],[-59.324,25.965],[-58.288,26.742],[-57.425,27.663],[-56.705,28.468],[-56.072,29.217],[-55.267,30.051],[-54.49,30.627],[-53.684,31.116],[-52.763,31.49],[-51.9,31.778],[-50.921,32.209],[-49.885,32.699],[-47.439,33.476],[-46.72,33.792],[-45.77,34.454],[-45.08,35.116],[-44.216,36.267],[-43.813,36.986],[-43.526,37.85],[-43.468,38.627],[-43.669,39.49],[-44.037,40.451],[-45.054,41.448],[-46.013,41.909],[-47.065,42.137],[-47.727,42.051],[-49.418,41.936],[-49.849,41.936],[-50.425,42.08],[-50.914,42.368],[-51.375,42.771],[-52.008,43.231],[-52.986,44.209],[-53.446,44.612],[-53.907,44.986],[-55.107,45.477],[-56.066,45.669],[-56.957,45.677],[-57.475,45.62],[-58.137,45.476],[-59.0,45.389],[-59.577,45.535],[-61.188,45.62],[-63.116,45.591],[-63.749,45.447],[-64.411,45.447],[-65.015,45.591],[-65.59,45.994],[-65.936,46.397],[-66.339,46.943],[-66.598,47.576],[-66.626,48.123],[-66.626,48.958],[-66.483,49.62],[-65.993,50.281],[-65.447,50.857],[-64.871,51.289],[-64.094,51.605],[-63.403,51.749],[-61.648,52.037],[-60.641,52.296],[-59.749,52.497],[-58.885,52.843],[-57.936,53.159],[-56.641,53.907],[-55.777,54.166],[-54.022,54.483],[-53.562,54.656],[-53.216,54.943],[-52.9,55.576],[-52.813,56.152],[-52.813,56.814],[-53.072,57.562],[-53.689,58.199]]]}},{"type":"Feature","properties":{"density":1},"geometry":{"type":"Polygon","coordinates":[[[-145.699,64.771],[-145.811,64.835],[-146.199,64.852],[-146.48,64.846],[-147.072,64.799],[-147.556,64.787],[-147.663,64.757],[-147.854,64.673],[-148.273,64.595],[-148.368,64.548],[-148.44,64.446],[-148.458,64.345],[-148.434,64.207],[-148.249,64.028],[-148.093,63.95],[-147.675,63.866],[-147.37,63.866],[-147.203,63.884],[-146.97,63.962],[-146.797,63.986],[-145.865,63.938],[-145.661,63.968],[-145.542,64.01],[-145.488,64.064],[-145.458,64.153],[-145.452,64.297],[-145.476,64.392],[-145.59,64.637],[-145.699,64.771]]]}},{"type":"Feature","properties":{"density":2},"geometry":{"type":"Polygon","coordinates":[[[-114.919,48.531],[-114.869,48.546],[-114.697,48.542],[-114.579,48.557],[-114.472,48.546],[-114.311,48.507],[-114.274,48.468],[-114.261,48.423],[-114.288,48.387],[-114.322,48.382],[-114.627,48.464],[-114.84,48.463],[-114.922,48.501],[-114.919,48.531]]]}},{"type":"Feature","properties":{"density":2},"geometry":{"type":"Polygon","coordinates":[[[-105.467,55.913],[-105.203,55.918],[-104.773,55.963],[-104.603,55.946],[-104.471,55.888],[-104.448,55.862],[-104.468,55.84],[-104.499,55.838],[-104.69,55.854],[-105.435,55.831],[-105.506,55.862],[-105.501,55.897],[-105.467,55.913]]]}},{"type":"Feature","properties":{"density":2},"geometry":{"type":"Polygon","coordinates":[[[-113.071,63.113],[-113.105,63.147],[-113.135,63.268],[-113.115,63.325],[-113.027,63.361],[-112.798,63.433],[-112.543,63.477],[-112.396,63.482],[-112.237,63.466],[-112.097,63.425],[-111.709,63.204],[-111.554,63.052],[-111.075,62.753],[-110.856,62.64],[-110.4,62.44],[-110.261,62.359],[-110.184,62.247],[-110.141,62.15],[-110.141,62.05],[-110.184,61.965],[-110.273,61.891],[-110.404,61.826],[-110.667,61.775],[-111.026,61.748],[-111.321,61.83],[-111.56,61.971],[-111.795,62.149],[-111.934,62.427],[-111.998,62.522],[-112.078,62.623],[-112.328,62.852],[-112.547,62.968],[-112.733,63.022],[-112.973,63.05],[-113.019,63.066],[-113.071,63.113]]]}},{"type":"Feature","properties":{"density":2},"geometry":{"type":"Polygon","coordinates":[[[-107.164,61.975],[-107.008,61.951],[-106.966,61.9],[-106.985,61.881],[-107.077,61.88],[-107.233,61.944],[-107.226,61.976],[-107.164,61.975]]]}},{"type":"Feature","properties":{"density":2},"geometry":{"type":"Polygon","coordinates":[[[-108.738,62.977],[-108.674,63.013],[-108.539,63.015],[-108.264,62.953],[-108.248,62.913],[-108.292,62.863],[-108.361,62.839],[-108.503,62.832],[-108.617,62.874],[-108.736,62.95],[-108.738,62.977]]]}},{"type":"Feature","properties":{"density":2},"geometry":{"type":"Polygon","coordinates":[[[-122.566,43.17],[-122.688,43.144],[-122.85,43.138],[-123.054,43.02],[-123.082,42.977],[-123.081,42.922],[-122.989,42.904],[-122.849,42.913],[-122.656,42.958],[-122.509,43.081],[-122.505,43.139],[-122.541,43.172],[-122.566,43.17]]]}},{"type":"Feature","properties":{"density":2},"geometry":{"type":"Polygon","coordinates":[[[-121.495,41.945],[-121.699,42.059],[-121.857,42.224],[-121.871,42.495],[-121.857,42.778],[-121.817,43.089],[-121.674,43.693],[-121.633,44.316],[-121.708,44.611],[-121.719,44.798],[-121.79,45.015],[-122.098,45.17],[-122.169,45.234],[-122.184,45.339],[-122.122,45.451],[-121.829,45.62],[-121.585,45.842],[-121.461,45.916],[-121.249,45.966],[-120.979,45.952],[-120.728,45.98],[-120.113,46.216],[-119.233,46.385],[-118.976,46.424],[-118.733,46.438],[-118.355,46.647],[-118.071,46.841],[-117.835,46.948],[-116.666,47.264],[-115.995,47.428],[-115.959,47.524],[-115.977,47.637],[-116.203,47.828],[-116.412,48.06],[-116.853,48.143],[-117.032,48.149],[-117.282,48.336],[-117.378,48.372],[-117.676,48.404],[-117.835,48.404],[-117.926,48.332],[-117.982,48.241],[-118.033,48.11],[-118.093,48.026],[-118.221,47.924],[-118.436,47.953],[-118.51,47.977],[-118.592,48.046],[-118.685,48.075],[-118.772,48.081],[-118.82,48.03],[-118.857,47.935],[-118.884,47.628],[-118.923,47.527],[-119.176,47.336],[-119.29,47.265],[-119.431,47.204],[-119.743,47.19],[-120.082,47.267],[-120.739,47.561],[-120.832,47.657],[-120.97,47.977],[-120.983,48.081],[-120.975,48.179],[-120.906,48.298],[-120.816,48.38],[-120.721,48.443],[-120.617,48.473],[-120.567,48.573],[-120.588,48.679],[-120.665,48.82],[-120.747,48.926],[-120.832,48.96],[-120.933,48.944],[-121.012,48.772],[-121.055,48.727],[-121.166,48.719],[-121.306,48.753],[-121.423,48.854],[-121.613,49.156],[-121.682,49.355],[-121.661,49.463],[-121.489,49.5],[-121.325,49.479],[-121.15,49.418],[-120.959,49.408],[-120.853,49.493],[-120.798,49.606],[-120.721,49.662],[-120.604,49.704],[-120.53,49.704],[-120.405,49.665],[-120.31,49.614],[-120.17,49.593],[-120.048,49.606],[-119.746,49.757],[-119.611,49.797],[-119.534,49.879],[-119.547,49.924],[-119.6,49.993],[-119.801,50.097],[-120.045,50.102],[-120.329,50.046],[-120.694,49.927],[-120.988,49.824],[-121.166,49.731],[-121.245,49.707],[-121.494,49.712],[-121.595,49.755],[-121.706,49.834],[-121.809,49.988],[-121.855,50.157],[-121.921,50.512],[-121.855,50.661],[-121.878,50.881],[-121.922,51.067],[-122.021,51.27],[-122.053,51.453],[-121.954,51.636],[-121.771,51.771],[-121.529,51.854],[-120.382,52.569],[-118.974,53.012],[-118.196,53.24],[-117.498,53.4],[-116.814,53.467],[-115.433,53.776],[-114.736,54.017],[-113.931,54.138],[-112.572,54.536],[-111.49,54.786],[-110.999,55.09],[-110.351,55.731],[-110.29,55.898],[-110.184,56.049],[-110.142,56.21],[-110.131,56.905],[-110.107,57.105],[-110.137,57.224],[-110.018,57.325],[-109.833,57.445],[-109.517,57.528],[-109.19,57.522],[-108.892,57.474],[-108.519,57.55],[-108.259,57.506],[-107.919,57.413],[-107.57,57.258],[-107.164,57.139],[-106.814,56.937],[-106.456,56.646],[-106.108,56.282],[-105.75,56.139],[-105.607,56.098],[-105.446,56.157],[-105.309,56.181],[-105.053,56.372],[-104.728,56.653],[-104.478,56.662],[-104.147,56.591],[-103.709,56.537],[-103.351,56.439],[-102.967,56.215],[-102.568,56.066],[-101.833,55.987],[-101.27,55.96],[-100.35,56.013],[-99.198,55.523],[-98.443,55.026],[-97.946,54.655],[-97.787,54.258],[-97.959,53.828],[-98.529,53.669],[-99.264,53.629],[-99.933,53.496],[-100.549,53.291],[-100.893,52.94],[-101.41,52.755],[-102.022,52.782],[-102.36,52.763],[-102.757,52.823],[-103.069,52.723],[-103.338,52.502],[-103.633,51.858],[-104.129,51.308],[-104.652,50.651],[-105.51,50.074],[-105.992,49.541],[-106.944,48.572],[-107.411,48.016],[-108.067,47.42],[-108.633,46.943],[-109.021,46.794],[-109.716,46.496],[-110.362,46.267],[-111.236,45.92],[-111.782,45.761],[-113.441,45.492],[-114.425,45.373],[-115.021,45.244],[-115.359,45.125],[-115.597,44.996],[-115.736,44.807],[-115.806,44.618],[-115.811,44.432],[-115.709,44.174],[-115.417,43.91],[-115.073,43.413],[-114.888,42.87],[-114.908,42.466],[-115.159,42.194],[-115.563,42.095],[-116.669,42.082],[-117.206,42.128],[-117.623,42.075],[-118.987,41.585],[-119.464,41.433],[-119.914,41.38],[-120.232,41.393],[-120.477,41.552],[-120.749,41.638],[-121.12,41.658],[-121.358,41.764],[-121.495,41.945]]]}},{"type":"Feature","properties":{"density":2},"geometry":{"type":"Polygon","coordinates":[[[-105.795,58.228],[-105.524,58.215],[-105.067,58.149],[-104.564,58.142],[-103.895,58.175],[-103.312,58.367],[-102.418,58.553],[-101.524,58.646],[-101.186,58.646],[-100.808,58.526],[-100.464,58.381],[-100.345,58.301],[-100.239,58.162],[-100.212,58.03],[-100.378,57.851],[-100.676,57.732],[-101.153,57.619],[-101.477,57.454],[-103.06,57.248],[-103.842,57.189],[-104.19,57.093],[-104.936,57.044],[-105.683,57.129],[-105.895,57.169],[-106.107,57.321],[-106.325,57.507],[-106.398,57.732],[-106.405,57.917],[-106.246,58.103],[-106.054,58.215],[-105.795,58.228]]]}},{"type":"Feature","properties":{"density":2},"geometry":{"type":"Polygon","coordinates":[[[-122.373,62.581],[-122.618,62.382],[-122.956,61.925],[-123.162,61.402],[-123.566,60.23],[-123.652,59.918],[-123.592,59.826],[-123.334,59.938],[-122.956,60.197],[-122.493,60.561],[-122.142,60.74],[-121.287,61.024],[-120.883,61.13],[-120.565,61.177],[-120.274,61.263],[-120.082,61.362],[-120.108,61.462],[-120.512,61.607],[-120.638,61.687],[-120.658,61.839],[-120.559,62.024],[-120.3,62.258],[-120.009,62.431],[-119.704,62.598],[-119.373,62.731],[-118.972,62.925],[-118.526,63.036],[-118.172,63.075],[-117.411,63.197],[-117.033,63.336],[-116.775,63.468],[-116.563,63.621],[-116.47,63.766],[-116.484,63.892],[-116.669,63.958],[-117.133,63.991],[-117.556,64.051],[-117.98,64.058],[-118.676,63.938],[-120.159,63.481],[-120.484,63.395],[-120.894,63.263],[-121.729,62.958],[-122.067,62.786],[-122.373,62.581]]]}},{"type":"Feature","properties":{"density":2},"geometry":{"type":"Polygon","coordinates":[[[-85.397,51.284],[-84.666,51.553],[-83.787,51.94],[-82.789,52.521],[-81.88,52.804],[-79.868,53.579],[-78.78,53.952],[-78.229,54.19],[-77.663,54.235],[-77.022,54.086],[-76.471,53.222],[-76.411,52.238],[-76.545,50.39],[-77.052,48.319],[-77.797,46.948],[-78.274,46.203],[-78.765,45.592],[-79.406,44.683],[-80.151,43.506],[-80.703,42.731],[-81.209,42.195],[-81.79,41.897],[-82.476,41.599],[-83.31,41.42],[-84.026,41.375],[-84.756,41.375],[-85.948,41.599],[-86.44,41.762],[-86.887,41.852],[-87.393,42.105],[-87.647,42.582],[-87.662,43.178],[-87.905,43.771],[-87.984,44.288],[-87.994,45.013],[-87.676,45.758],[-87.627,46.295],[-87.453,46.844],[-87.572,47.306],[-87.527,47.783],[-87.051,47.887],[-86.544,47.947],[-86.037,47.902],[-85.486,47.887],[-83.668,47.589],[-83.206,47.753],[-82.58,48.006],[-82.088,48.155],[-81.656,48.334],[-81.418,48.572],[-81.224,48.855],[-81.06,49.422],[-80.822,49.958],[-80.792,50.39],[-80.896,50.688],[-81.165,51.016],[-81.701,51.106],[-82.312,51.15],[-83.623,51.001],[-84.279,50.867],[-84.89,50.808],[-85.367,50.852],[-85.605,50.971],[-85.605,51.076],[-85.493,51.217],[-85.397,51.284]]]}},{"type":"Feature","properties":{"density":2},"geometry":{"type":"Polygon","coordinates":[[[-89.375,35.64],[-88.799,35.322],[-87.666,34.527],[-86.762,34.011],[-85.67,33.266],[-84.115,32.779],[-83.251,32.615],[-82.342,32.481],[-80.375,32.421],[-79.466,32.436],[-77.439,32.585],[-76.754,32.608],[-76.24,32.496],[-75.77,32.071],[-75.726,31.334],[-76.195,30.529],[-77.178,29.836],[-78.028,29.59],[-79.347,29.501],[-80.107,29.568],[-82.096,29.814],[-83.392,30.104],[-84.532,30.283],[-86.43,31.114],[-86.867,31.373],[-87.665,32.015],[-88.082,32.154],[-88.579,32.353],[-88.966,32.621],[-89.711,33.336],[-89.999,33.684],[-90.158,33.972],[-90.287,34.27],[-90.337,34.667],[-90.337,34.946],[-90.248,35.174],[-90.099,35.383],[-89.96,35.522],[-89.791,35.581],[-89.602,35.621],[-89.375,35.64]]]}},{"type":"Feature","properties":{"density":2},"geometry":{"type":"Polygon","coordinates":[[[-122.586,50.37],[-122.461,50.411],[-122.453,50.388],[-122.479,50.353],[-122.445,50.349],[-122.286,50.415],[-122.26,50.376],[-122.261,50.345],[-122.305,50.273],[-122.416,50.154],[-122.482,50.117],[-122.528,50.123],[-122.544,50.142],[-122.538,50.234],[-122.728,50.306],[-122.762,50.329],[-122.772,50.362],[-122.76,50.394],[-122.722,50.402],[-122.586,50.37]]]}},{"type":"Feature","properties":{"density":2},"geometry":{"type":"Polygon","coordinates":[[[-116.016,37.27],[-115.628,37.509],[-115.264,37.597],[-115.115,37.675],[-114.855,37.87],[-114.879,37.948],[-115.156,38.117],[-115.355,38.191],[-115.5,38.215],[-115.658,38.191],[-115.766,37.847],[-115.817,37.752],[-116.013,37.492],[-116.09,37.421],[-116.225,37.354],[-116.249,37.3],[-116.229,37.253],[-116.182,37.216],[-116.138,37.212],[-116.016,37.27]]]}},{"type":"Feature","properties":{"density":2},"geometry":{"type":"Polygon","coordinates":[[[-113.268,47.868],[-113.249,47.905],[-113.175,47.926],[-113.095,47.911],[-113.073,47.898],[-113.065,47.87],[-113.131,47.82],[-113.24,47.793],[-113.274,47.816],[-113.268,47.868]]]}},{"type":"Feature","properties":{"density":2},"geometry":{"type":"Polygon","coordinates":[[[-114.843,48.56],[-114.9,48.549],[-114.9,48.516],[-114.865,48.472],[-114.812,48.462],[-114.635,48.479],[-114.281,48.429],[-114.222,48.433],[-114.136,48.466],[-114.022,48.444],[-113.987,48.468],[-113.996,48.501],[-114.068,48.543],[-114.161,48.558],[-114.301,48.547],[-114.474,48.582],[-114.601,48.586],[-114.843,48.56]]]}},{"type":"Feature","properties":{"density":2},"geometry":{"type":"Polygon","coordinates":[[[-113.103,47.912],[-113.245,47.865],[-113.259,47.841],[-113.233,47.827],[-113.067,47.887],[-113.067,47.908],[-113.103,47.912]]]}},{"type":"Feature","properties":{"density":2},"geometry":{"type":"Polygon","coordinates":[[[-114.295,46.989],[-114.37,47.013],[-114.398,46.984],[-114.397,46.963],[-114.332,46.928],[-114.283,46.929],[-114.25,46.96],[-114.246,46.988],[-114.295,46.989]]]}},{"type":"Feature","properties":{"density":2},"geometry":{"type":"Polygon","coordinates":[[[-115.107,46.214],[-115.186,46.209],[-115.205,46.16],[-115.26,46.133],[-115.586,46.195],[-115.607,46.187],[-115.615,46.156],[-115.601,46.101],[-115.552,46.068],[-115.41,46.039],[-115.281,46.035],[-115.156,46.092],[-115.102,46.097],[-115.08,46.168],[-115.107,46.214]]]}},{"type":"Feature","properties":{"density":2},"geometry":{"type":"Polygon","coordinates":[[[-115.183,46.809],[-115.234,46.805],[-115.264,46.772],[-115.323,46.758],[-115.334,46.74],[-115.305,46.719],[-115.222,46.719],[-115.161,46.766],[-115.183,46.809]]]}},{"type":"Feature","properties":{"density":2},"geometry":{"type":"Polygon","coordinates":[[[-116.55,49.191],[-116.612,49.231],[-116.656,49.239],[-116.71,49.223],[-116.734,49.183],[-116.734,49.029],[-116.81,48.871],[-116.796,48.776],[-116.734,48.758],[-116.69,48.768],[-116.606,48.842],[-116.402,48.861],[-116.385,48.883],[-116.373,48.991],[-116.389,49.051],[-116.55,49.191]]]}},{"type":"Feature","properties":{"density":2},"geometry":{"type":"Polygon","coordinates":[[[-117.342,39.89],[-117.354,39.903],[-117.386,39.879],[-117.375,39.746],[-117.403,39.644],[-117.384,39.624],[-117.352,39.658],[-117.333,39.722],[-117.342,39.89]]]}},{"type":"Feature","properties":{"density":2},"geometry":{"type":"Polygon","coordinates":[[[-115.021,38.662],[-115.118,38.698],[-115.18,38.698],[-115.257,38.686],[-115.298,38.656],[-115.348,38.471],[-115.404,38.388],[-115.463,38.341],[-115.502,38.249],[-115.522,38.081],[-115.561,37.993],[-115.593,37.949],[-115.95,37.748],[-115.991,37.71],[-116.174,37.333],[-116.133,37.265],[-116.08,37.25],[-115.982,37.321],[-115.914,37.397],[-115.794,37.595],[-115.74,37.651],[-115.449,37.719],[-115.41,37.742],[-115.292,37.869],[-115.139,37.94],[-114.998,38.055],[-114.853,38.111],[-114.582,38.167],[-114.511,38.217],[-114.476,38.297],[-114.479,38.326],[-114.505,38.356],[-114.561,38.397],[-114.617,38.415],[-114.726,38.415],[-114.874,38.482],[-114.921,38.521],[-115.021,38.662]]]}},{"type":"Feature","properties":{"density":2},"geometry":{"type":"Polygon","coordinates":[[[-122.515,43.211],[-122.604,43.221],[-122.687,43.15],[-122.821,43.136],[-122.853,43.095],[-122.956,43.055],[-122.983,43.026],[-122.984,42.98],[-123.016,42.925],[-123.009,42.887],[-122.954,42.872],[-122.888,42.878],[-122.666,42.989],[-122.546,43.074],[-122.488,43.085],[-122.481,43.158],[-122.515,43.211]]]}},{"type":"Feature","properties":{"density":2},"geometry":{"type":"Polygon","coordinates":[[[-111.708,47.634],[-112.374,47.627],[-112.779,47.668],[-113.163,47.668],[-113.705,47.593],[-114.33,47.435],[-114.632,47.408],[-114.803,47.428],[-114.94,47.463],[-115.386,47.62],[-115.585,47.661],[-115.75,47.668],[-115.935,47.648],[-116.114,47.593],[-116.587,47.366],[-116.711,47.257],[-116.868,47.167],[-117.006,47.113],[-117.308,47.016],[-117.946,46.934],[-118.049,46.893],[-118.385,46.708],[-118.625,46.612],[-118.865,46.577],[-119.38,46.564],[-119.723,46.502],[-120.1,46.378],[-120.402,46.337],[-121.136,46.337],[-121.329,46.317],[-121.445,46.289],[-121.534,46.248],[-121.644,46.227],[-121.74,46.186],[-121.871,46.09],[-122.015,45.871],[-122.234,45.761],[-122.344,45.678],[-122.392,45.603],[-122.413,45.479],[-122.392,45.363],[-122.296,45.157],[-122.193,45.088],[-122.111,45.054],[-121.987,45.033],[-121.685,45.068],[-121.603,45.061],[-121.493,45.027],[-121.267,45.013],[-121.075,45.047],[-120.883,45.15],[-120.821,45.404],[-120.787,45.473],[-120.732,45.548],[-120.533,45.672],[-120.409,45.685],[-120.231,45.651],[-119.943,45.534],[-119.593,45.507],[-119.304,45.582],[-119.044,45.685],[-118.529,46.049],[-118.378,46.118],[-117.905,46.241],[-117.582,46.241],[-117.459,46.255],[-117.17,46.323],[-116.882,46.413],[-116.56,46.433],[-116.409,46.42],[-116.024,46.282],[-115.524,46.234],[-115.297,46.227],[-114.748,46.468],[-114.508,46.632],[-114.172,46.735],[-113.76,46.756],[-113.589,46.742],[-113.218,46.632],[-112.998,46.605],[-112.786,46.591],[-112.504,46.605],[-112.038,46.776],[-111.859,46.811],[-111.461,46.955],[-111.125,47.188],[-110.762,47.257],[-110.693,47.298],[-110.645,47.36],[-110.659,47.49],[-110.741,47.565],[-110.837,47.6],[-111.146,47.641],[-111.708,47.634]]]}},{"type":"Feature","properties":{"density":2},"geometry":{"type":"Polygon","coordinates":[[[-121.403,45.046],[-121.436,45.061],[-121.586,45.071],[-121.623,45.063],[-121.678,45.006],[-121.684,44.916],[-121.623,44.817],[-121.619,44.731],[-121.578,44.672],[-121.554,44.658],[-121.503,44.664],[-121.456,44.701],[-121.413,44.711],[-121.334,44.67],[-121.231,44.646],[-121.086,44.644],[-121.062,44.662],[-120.991,44.794],[-120.991,44.851],[-121.019,44.904],[-121.082,44.947],[-121.19,44.953],[-121.294,44.985],[-121.403,45.046]]]}},{"type":"Feature","properties":{"density":2},"geometry":{"type":"Polygon","coordinates":[[[-120.295,44.926],[-120.569,44.908],[-120.653,44.851],[-120.817,44.847],[-120.892,44.816],[-121.029,44.723],[-121.192,44.55],[-121.383,44.431],[-121.436,44.378],[-121.44,44.316],[-121.418,44.214],[-121.321,44.015],[-121.334,43.958],[-121.369,43.9],[-121.436,43.852],[-121.608,43.79],[-121.701,43.688],[-121.75,43.573],[-121.754,43.498],[-121.723,43.44],[-121.723,43.392],[-121.741,43.343],[-121.918,43.188],[-121.975,43.095],[-122.028,42.764],[-122.099,42.573],[-122.108,42.476],[-122.086,42.392],[-122.042,42.312],[-121.904,42.162],[-121.754,42.06],[-121.449,41.968],[-121.206,41.959],[-120.896,42.109],[-120.679,42.251],[-120.365,42.308],[-120.219,42.379],[-120.078,42.476],[-120.038,42.547],[-119.985,42.777],[-119.967,42.918],[-119.959,43.241],[-119.901,43.471],[-119.897,43.591],[-119.936,43.71],[-119.981,43.79],[-120.051,43.874],[-120.228,44.024],[-120.299,44.157],[-120.304,44.418],[-120.193,44.594],[-120.1,44.679],[-120.069,44.727],[-120.078,44.873],[-120.113,44.913],[-120.295,44.926]]]}},{"type":"Feature","properties":{"density":2},"geometry":{"type":"Polygon","coordinates":[[[-119.894,44.493],[-119.967,44.493],[-120.03,44.468],[-120.089,44.407],[-120.14,44.273],[-120.191,44.234],[-120.382,44.179],[-120.423,44.122],[-120.405,44.082],[-120.313,44.051],[-120.183,44.055],[-120.148,44.065],[-120.032,44.155],[-119.947,44.352],[-119.859,44.419],[-119.859,44.464],[-119.894,44.493]]]}},{"type":"Feature","properties":{"density":2},"geometry":{"type":"Polygon","coordinates":[[[-119.833,44.426],[-119.888,44.409],[-119.998,44.326],[-120.028,44.228],[-119.967,44.21],[-119.888,44.263],[-119.837,44.35],[-119.8,44.375],[-119.798,44.399],[-119.833,44.426]]]}},{"type":"Feature","properties":{"density":2},"geometry":{"type":"Polygon","coordinates":[[[-119.749,44.415],[-119.786,44.413],[-119.824,44.361],[-119.819,44.339],[-119.795,44.332],[-119.758,44.356],[-119.749,44.415]]]}},{"type":"Feature","properties":{"density":2},"geometry":{"type":"Polygon","coordinates":[[[-119.085,44.091],[-119.194,44.062],[-119.306,43.964],[-119.548,43.929],[-119.657,43.894],[-119.716,43.855],[-119.748,43.808],[-119.801,43.672],[-119.884,43.546],[-119.928,43.389],[-119.928,43.28],[-119.901,43.112],[-119.916,42.991],[-119.872,42.906],[-119.804,42.835],[-119.674,42.776],[-119.444,42.788],[-119.371,42.814],[-119.306,42.859],[-119.144,43.018],[-119.12,43.059],[-119.111,43.153],[-119.138,43.245],[-119.208,43.354],[-119.217,43.475],[-119.185,43.569],[-119.132,43.646],[-118.952,43.755],[-118.902,43.885],[-118.911,44.0],[-118.946,44.062],[-118.984,44.088],[-119.085,44.091]]]}},{"type":"Feature","properties":{"density":2},"geometry":{"type":"Polygon","coordinates":[[[-117.851,43.627],[-117.942,43.682],[-118.056,43.877],[-118.113,43.922],[-118.193,43.938],[-118.236,43.898],[-118.242,43.836],[-118.172,43.716],[-118.016,43.58],[-117.955,43.552],[-117.845,43.549],[-117.816,43.564],[-117.814,43.582],[-117.816,43.604],[-117.851,43.627]]]}},{"type":"Feature","properties":{"density":2},"geometry":{"type":"Polygon","coordinates":[[[-117.682,44.042],[-117.733,44.079],[-117.802,44.058],[-117.824,44.008],[-117.824,43.869],[-117.867,43.818],[-117.995,43.796],[-118.067,43.8],[-118.187,43.765],[-118.635,43.537],[-118.671,43.497],[-118.667,43.476],[-118.628,43.446],[-118.451,43.452],[-118.233,43.517],[-118.001,43.621],[-117.924,43.627],[-117.812,43.604],[-117.702,43.617],[-117.668,43.655],[-117.649,43.731],[-117.682,44.042]]]}},{"type":"Feature","properties":{"density":2},"geometry":{"type":"Polygon","coordinates":[[[-118.096,45.819],[-118.255,45.88],[-118.271,45.927],[-118.261,46.071],[-118.33,46.145],[-118.389,46.159],[-118.499,46.106],[-118.527,46.081],[-118.562,46.004],[-118.684,45.917],[-118.723,45.843],[-118.723,45.794],[-118.69,45.707],[-118.572,45.581],[-118.452,45.511],[-118.299,45.463],[-118.269,45.436],[-118.238,45.399],[-118.185,45.257],[-118.114,45.184],[-117.9,45.106],[-117.809,45.11],[-117.762,45.157],[-117.748,45.198],[-117.768,45.338],[-117.791,45.389],[-117.874,45.485],[-117.929,45.627],[-117.974,45.699],[-118.023,45.766],[-118.096,45.819]]]}},{"type":"Feature","properties":{"density":2},"geometry":{"type":"Polygon","coordinates":[[[-117.119,44.917],[-117.248,44.94],[-117.284,44.911],[-117.278,44.707],[-117.293,44.586],[-117.243,44.516],[-117.148,44.507],[-117.083,44.533],[-117.024,44.657],[-116.927,44.748],[-116.921,44.819],[-116.948,44.858],[-116.998,44.89],[-117.119,44.917]]]}},{"type":"Feature","properties":{"density":2},"geometry":{"type":"Polygon","coordinates":[[[-120.463,62.201],[-120.549,62.226],[-120.608,62.212],[-120.661,62.089],[-120.702,62.043],[-120.915,62.002],[-120.942,61.894],[-120.706,61.719],[-120.622,61.719],[-120.584,61.739],[-120.545,61.794],[-120.512,61.955],[-120.445,62.01],[-120.419,62.053],[-120.415,62.144],[-120.439,62.189],[-120.463,62.201]]]}},{"type":"Feature","properties":{"density":2},"geometry":{"type":"Polygon","coordinates":[[[-122.444,62.546],[-122.504,62.546],[-122.616,62.44],[-122.663,62.3],[-122.669,62.088],[-122.723,61.836],[-122.955,61.458],[-123.041,61.166],[-123.094,61.053],[-123.147,60.854],[-123.127,60.748],[-123.068,60.695],[-122.975,60.668],[-122.869,60.668],[-122.762,60.701],[-122.577,60.814],[-122.49,60.934],[-122.305,61.126],[-122.205,61.186],[-121.98,61.252],[-121.854,61.259],[-121.714,61.292],[-121.615,61.352],[-121.349,61.365],[-121.21,61.312],[-120.945,61.166],[-120.772,61.113],[-120.447,61.073],[-120.248,61.073],[-120.069,61.1],[-119.923,61.146],[-119.797,61.239],[-119.764,61.352],[-119.764,61.504],[-119.81,61.571],[-119.863,61.61],[-120.049,61.697],[-120.115,61.75],[-120.222,61.935],[-120.275,62.241],[-120.381,62.44],[-120.441,62.513],[-120.514,62.566],[-120.626,62.605],[-120.852,62.619],[-121.17,62.532],[-121.409,62.519],[-121.668,62.513],[-122.444,62.546]]]}},{"type":"Feature","properties":{"density":2},"geometry":{"type":"Polygon","coordinates":[[[-112.987,63.398],[-113.07,63.321],[-113.085,63.241],[-113.082,63.156],[-113.035,63.07],[-113.002,63.044],[-112.843,63.014],[-112.69,63.038],[-112.569,63.035],[-112.277,62.947],[-112.183,62.864],[-112.079,62.731],[-111.861,62.286],[-111.684,62.145],[-111.494,62.038],[-111.233,61.928],[-110.605,61.747],[-110.273,61.623],[-109.911,61.548],[-109.783,61.53],[-109.424,61.539],[-109.309,61.574],[-109.27,61.614],[-109.274,61.755],[-109.318,61.835],[-109.42,61.906],[-109.637,61.954],[-109.769,62.007],[-109.88,62.109],[-110.048,62.485],[-110.185,62.609],[-110.371,62.702],[-110.711,62.817],[-111.0,62.826],[-111.086,62.843],[-111.192,62.89],[-111.416,63.073],[-111.546,63.289],[-111.661,63.412],[-111.784,63.48],[-112.009,63.536],[-112.203,63.563],[-112.433,63.554],[-112.987,63.398]]]}},{"type":"Feature","properties":{"density":2},"geometry":{"type":"Polygon","coordinates":[[[-112.458,62.482],[-112.54,62.45],[-112.617,62.464],[-112.633,62.454],[-112.637,62.397],[-112.595,62.342],[-112.534,62.305],[-112.196,62.236],[-111.77,62.114],[-111.39,62.055],[-111.259,62.075],[-111.219,62.114],[-111.212,62.195],[-111.231,62.265],[-111.302,62.346],[-111.432,62.417],[-111.599,62.454],[-111.711,62.444],[-111.813,62.379],[-111.935,62.352],[-112.035,62.368],[-112.265,62.46],[-112.458,62.482]]]}},{"type":"Feature","properties":{"density":2},"geometry":{"type":"Polygon","coordinates":[[[-108.63,63.027],[-108.71,63.018],[-108.732,62.996],[-108.711,62.934],[-108.672,62.895],[-108.518,62.81],[-108.09,62.624],[-108.011,62.595],[-107.966,62.616],[-107.964,62.663],[-108.017,62.725],[-108.367,62.899],[-108.541,63.014],[-108.63,63.027]]]}},{"type":"Feature","properties":{"density":2},"geometry":{"type":"Polygon","coordinates":[[[-107.114,61.994],[-107.193,61.996],[-107.214,61.986],[-107.218,61.961],[-107.181,61.928],[-106.996,61.861],[-106.831,61.76],[-106.63,61.695],[-106.53,61.688],[-106.564,61.749],[-106.78,61.83],[-107.044,61.975],[-107.114,61.994]]]}},{"type":"Feature","properties":{"density":2},"geometry":{"type":"Polygon","coordinates":[[[-105.388,55.971],[-105.461,55.971],[-105.488,55.952],[-105.488,55.883],[-105.376,55.813],[-105.27,55.792],[-104.967,55.786],[-104.755,55.807],[-104.635,55.788],[-104.467,55.788],[-104.272,55.815],[-104.137,55.809],[-103.957,55.767],[-103.663,55.74],[-103.349,55.603],[-103.227,55.572],[-103.034,55.544],[-102.829,55.535],[-102.751,55.566],[-102.717,55.61],[-102.67,55.743],[-102.552,55.893],[-102.543,56.014],[-102.614,56.179],[-102.692,56.248],[-102.869,56.347],[-103.025,56.397],[-103.585,56.49],[-104.17,56.661],[-104.447,56.683],[-104.553,56.63],[-104.581,56.531],[-104.566,56.481],[-104.472,56.388],[-104.413,56.36],[-104.083,56.26],[-103.959,56.195],[-103.931,56.164],[-103.931,56.123],[-103.984,56.045],[-104.089,56.011],[-104.475,56.011],[-105.388,55.971]]]}},{"type":"Feature","properties":{"density":2},"geometry":{"type":"Polygon","coordinates":[[[-105.435,55.814],[-105.482,55.813],[-105.541,55.769],[-105.653,55.758],[-105.682,55.745],[-105.681,55.715],[-105.616,55.673],[-105.534,55.658],[-105.278,55.69],[-105.057,55.628],[-104.96,55.618],[-104.879,55.63],[-104.859,55.655],[-104.855,55.709],[-104.874,55.737],[-104.948,55.774],[-105.24,55.764],[-105.435,55.814]]]}},{"type":"Feature","properties":{"density":2},"geometry":{"type":"Polygon","coordinates":[[[-102.225,56.369],[-102.698,56.58],[-102.929,56.653],[-103.16,56.695],[-103.79,56.611],[-104.284,56.517],[-104.568,56.517],[-104.83,56.548],[-105.723,56.842],[-105.996,56.989],[-106.469,57.189],[-106.815,57.304],[-107.414,57.399],[-107.813,57.399],[-108.044,57.357],[-108.254,57.21],[-108.391,56.947],[-108.444,56.59],[-108.422,56.275],[-108.328,56.002],[-108.212,55.771],[-108.202,55.267],[-108.349,55.057],[-108.57,54.836],[-109.158,54.552],[-109.294,54.374],[-109.315,54.143],[-109.179,53.933],[-108.979,53.733],[-108.696,53.586],[-108.37,53.481],[-107.698,53.387],[-107.309,53.397],[-107.015,53.46],[-106.7,53.502],[-105.702,53.775],[-105.398,53.88],[-105.082,54.027],[-104.788,54.111],[-104.484,54.153],[-103.444,54.185],[-103.129,54.111],[-102.803,53.996],[-102.551,53.87],[-102.362,53.702],[-102.247,53.555],[-102.068,53.397],[-101.637,52.935],[-101.459,52.788],[-101.291,52.683],[-100.587,52.368],[-100.314,52.305],[-99.957,52.263],[-99.694,52.252],[-99.442,52.273],[-99.232,52.326],[-98.759,52.567],[-98.497,52.662],[-98.182,52.714],[-97.919,52.725],[-97.32,52.714],[-97.1,52.746],[-96.564,52.935],[-96.249,53.155],[-96.144,53.292],[-96.102,53.439],[-96.081,53.597],[-96.081,53.828],[-96.123,54.027],[-96.134,54.164],[-96.176,54.311],[-96.27,54.552],[-96.501,54.941],[-96.711,55.13],[-96.963,55.288],[-97.551,55.55],[-98.476,55.907],[-98.591,55.907],[-98.801,55.855],[-99.064,55.813],[-99.736,55.823],[-99.988,55.897],[-100.188,56.002],[-100.293,56.107],[-100.398,56.464],[-100.387,56.758],[-100.198,56.937],[-99.894,57.031],[-99.211,57.094],[-98.875,57.189],[-98.612,57.304],[-98.413,57.483],[-98.266,57.682],[-98.15,57.934],[-98.098,58.197],[-98.087,58.502],[-98.14,58.722],[-98.381,59.226],[-98.423,59.426],[-98.423,59.647],[-98.308,59.972],[-98.108,60.224],[-97.73,60.371],[-97.341,60.455],[-96.732,60.697],[-96.491,60.875],[-96.304,61.098],[-96.302,61.359],[-96.48,61.726],[-96.669,61.999],[-96.921,62.209],[-97.415,62.377],[-97.825,62.44],[-98.161,62.44],[-98.77,62.262],[-99.274,61.926],[-99.505,61.695],[-99.978,61.296],[-100.303,61.075],[-100.65,61.022],[-101.07,61.033],[-101.826,61.222],[-102.204,61.285],[-102.656,61.338],[-102.982,61.348],[-103.202,61.285],[-103.265,61.075],[-103.003,60.707],[-102.698,60.466],[-101.679,60.182],[-101.427,60.151],[-101.018,60.035],[-100.104,59.846],[-99.946,59.636],[-99.904,59.436],[-99.946,59.1],[-100.072,58.785],[-100.293,58.554],[-100.545,58.428],[-101.553,58.407],[-101.952,58.355],[-102.289,58.218],[-102.488,58.103],[-102.919,58.04],[-103.528,58.082],[-104.379,58.344],[-104.599,58.365],[-105.072,58.334],[-105.345,58.271],[-105.513,58.187],[-105.566,58.008],[-105.545,57.766],[-105.398,57.588],[-105.166,57.399],[-104.851,57.283],[-103.328,56.979],[-102.74,56.968],[-102.373,56.905],[-102.131,56.769],[-101.994,56.622],[-102.005,56.401],[-102.068,56.344],[-102.155,56.339],[-102.225,56.369]]]}},{"type":"Feature","properties":{"density":2},"geometry":{"type":"Polygon","coordinates":[[[-96.543,37.77],[-96.557,37.779],[-96.565,37.759],[-96.438,37.602],[-96.387,37.447],[-96.344,37.372],[-96.32,37.355],[-96.306,37.362],[-96.299,37.437],[-96.369,37.59],[-96.543,37.77]]]}},{"type":"Feature","properties":{"density":2},"geometry":{"type":"Polygon","coordinates":[[[-114.169,48.806],[-114.222,48.802],[-114.341,48.723],[-114.586,48.7],[-114.902,48.584],[-114.933,48.562],[-114.942,48.508],[-114.894,48.463],[-114.823,48.442],[-114.534,48.466],[-114.307,48.444],[-114.169,48.481],[-114.09,48.523],[-113.935,48.569],[-113.915,48.589],[-113.904,48.648],[-113.919,48.687],[-114.169,48.806]]]}},{"type":"Feature","properties":{"density":2},"geometry":{"type":"Polygon","coordinates":[[[-113.129,47.929],[-113.167,47.924],[-113.187,47.896],[-113.248,47.867],[-113.254,47.812],[-113.176,47.804],[-113.074,47.848],[-113.064,47.894],[-113.103,47.931],[-113.129,47.929]]]}},{"type":"Feature","properties":{"density":2},"geometry":{"type":"Polygon","coordinates":[[[-114.314,46.971],[-114.373,46.984],[-114.391,46.951],[-114.36,46.876],[-114.331,46.853],[-114.281,46.881],[-114.279,46.922],[-114.314,46.971]]]}},{"type":"Feature","properties":{"density":2},"geometry":{"type":"Polygon","coordinates":[[[-116.897,43.027],[-116.924,43.042],[-116.998,43.038],[-117.025,43.001],[-116.991,42.801],[-117.027,42.568],[-117.018,42.533],[-116.969,42.5],[-116.926,42.505],[-116.866,42.566],[-116.814,42.636],[-116.759,42.77],[-116.759,42.829],[-116.785,42.915],[-116.836,42.987],[-116.897,43.027]]]}},{"type":"Feature","properties":{"density":2},"geometry":{"type":"Polygon","coordinates":[[[-115.12,46.188],[-115.16,46.217],[-115.201,46.196],[-115.204,46.101],[-115.15,46.085],[-115.116,46.096],[-115.104,46.152],[-115.12,46.188]]]}},{"type":"Feature","properties":{"density":2},"geometry":{"type":"Polygon","coordinates":[[[-115.132,46.897],[-115.16,46.91],[-115.19,46.902],[-115.217,46.849],[-115.28,46.8],[-115.274,46.755],[-115.237,46.746],[-115.117,46.788],[-115.103,46.822],[-115.132,46.897]]]}},{"type":"Feature","properties":{"density":2},"geometry":{"type":"Polygon","coordinates":[[[-116.383,49.351],[-116.436,49.395],[-116.549,49.428],[-116.618,49.4],[-116.631,49.331],[-116.618,49.213],[-116.626,49.108],[-116.736,48.973],[-116.736,48.923],[-116.692,48.849],[-116.629,48.838],[-116.455,48.849],[-116.331,48.874],[-116.166,48.94],[-116.072,49.02],[-116.099,49.116],[-116.21,49.166],[-116.279,49.221],[-116.383,49.351]]]}},{"type":"Feature","properties":{"density":2},"geometry":{"type":"Polygon","coordinates":[[[-115.471,38.048],[-115.735,38.102],[-115.868,38.247],[-115.913,38.247],[-115.954,38.21],[-116.012,38.139],[-116.045,38.028],[-116.05,37.933],[-116.021,37.755],[-116.025,37.689],[-116.091,37.561],[-116.248,37.408],[-116.24,37.284],[-116.198,37.251],[-116.103,37.238],[-115.963,37.251],[-115.839,37.292],[-115.657,37.445],[-115.554,37.577],[-115.508,37.614],[-115.297,37.726],[-115.272,37.759],[-115.281,37.883],[-115.347,37.974],[-115.471,38.048]]]}},{"type":"Feature","properties":{"density":2},"geometry":{"type":"Polygon","coordinates":[[[-114.727,39.549],[-114.779,39.571],[-114.84,39.565],[-114.884,39.497],[-114.892,39.353],[-114.925,39.309],[-115.027,39.243],[-115.038,39.221],[-115.044,39.191],[-115.005,39.105],[-114.936,39.05],[-114.865,39.039],[-114.606,39.158],[-114.415,39.185],[-114.393,39.232],[-114.407,39.279],[-114.44,39.317],[-114.542,39.323],[-114.589,39.348],[-114.63,39.4],[-114.655,39.469],[-114.727,39.549]]]}},{"type":"Feature","properties":{"density":2},"geometry":{"type":"Polygon","coordinates":[[[-116.93,41.035],[-117.096,41.098],[-117.245,41.112],[-117.369,41.057],[-117.426,40.999],[-117.471,40.902],[-117.495,40.709],[-117.457,40.448],[-117.465,40.288],[-117.581,40.007],[-117.617,39.781],[-117.614,39.61],[-117.6,39.555],[-117.559,39.511],[-117.506,39.505],[-117.371,39.538],[-117.181,39.698],[-117.024,39.775],[-116.969,39.825],[-116.892,39.954],[-116.729,40.078],[-116.666,40.169],[-116.669,40.406],[-116.636,40.591],[-116.638,40.759],[-116.671,40.844],[-116.765,40.957],[-116.93,41.035]]]}},{"type":"Feature","properties":{"density":2},"geometry":{"type":"Polygon","coordinates":[[[-117.78,41.982],[-117.818,41.991],[-117.849,41.98],[-117.887,41.911],[-117.928,41.591],[-117.901,41.52],[-117.873,41.497],[-117.804,41.52],[-117.785,41.555],[-117.741,41.737],[-117.68,41.878],[-117.68,41.914],[-117.705,41.963],[-117.78,41.982]]]}},{"type":"Feature","properties":{"density":2},"geometry":{"type":"Polygon","coordinates":[[[-123.289,38.563],[-123.324,38.574],[-123.324,38.532],[-123.134,38.384],[-123.009,38.188],[-122.977,38.11],[-122.964,38.093],[-122.942,38.094],[-122.934,38.164],[-122.997,38.29],[-123.289,38.563]]]}},{"type":"Feature","properties":{"density":2},"geometry":{"type":"Polygon","coordinates":[[[-122.487,43.325],[-122.554,43.325],[-122.655,43.227],[-122.884,43.112],[-122.939,43.04],[-122.946,42.987],[-122.929,42.952],[-122.879,42.918],[-122.757,42.908],[-122.705,42.922],[-122.431,43.074],[-122.407,43.121],[-122.405,43.191],[-122.445,43.278],[-122.487,43.325]]]}},{"type":"Feature","properties":{"density":2},"geometry":{"type":"Polygon","coordinates":[[[-121.569,45.092],[-121.784,45.02],[-121.815,44.992],[-121.826,44.874],[-121.773,44.769],[-121.707,44.695],[-121.522,44.604],[-121.398,44.612],[-121.071,44.711],[-120.93,44.789],[-120.85,44.89],[-120.853,45.031],[-120.897,45.067],[-121.026,45.081],[-121.131,45.042],[-121.272,45.031],[-121.569,45.092]]]}},{"type":"Feature","properties":{"density":2},"geometry":{"type":"Polygon","coordinates":[[[-119.784,45.107],[-119.855,45.111],[-119.958,45.156],[-120.243,45.334],[-120.4,45.384],[-120.545,45.388],[-120.743,45.33],[-120.83,45.289],[-121.037,45.02],[-121.194,44.913],[-121.326,44.846],[-121.471,44.727],[-121.615,44.545],[-121.744,44.412],[-122.054,44.007],[-122.277,43.507],[-122.355,43.243],[-122.397,42.953],[-122.368,42.709],[-122.236,42.519],[-122.107,42.379],[-121.74,42.193],[-121.442,42.11],[-121.322,42.106],[-121.219,42.106],[-120.962,42.189],[-120.764,42.217],[-120.578,42.205],[-120.202,42.143],[-120.057,42.155],[-119.917,42.205],[-119.507,42.42],[-119.297,42.42],[-119.189,42.387],[-119.049,42.37],[-118.656,42.37],[-118.445,42.432],[-118.383,42.478],[-118.321,42.544],[-118.23,42.726],[-118.081,42.937],[-118.015,43.011],[-117.734,43.21],[-117.606,43.391],[-117.565,43.515],[-117.54,43.801],[-117.569,43.995],[-117.556,44.222],[-117.569,44.367],[-117.631,44.503],[-117.726,44.644],[-117.858,44.768],[-117.986,44.838],[-118.243,44.929],[-118.3,44.933],[-118.486,44.888],[-118.734,44.879],[-118.887,44.9],[-119.185,45.037],[-119.309,45.078],[-119.487,45.074],[-119.784,45.107]]]}},{"type":"Feature","properties":{"density":2},"geometry":{"type":"Polygon","coordinates":[[[-118.065,45.868],[-118.12,45.926],[-118.159,45.94],[-118.308,45.945],[-118.481,45.904],[-118.553,45.907],[-118.757,45.959],[-118.859,45.951],[-118.903,45.923],[-118.942,45.885],[-118.966,45.775],[-118.958,45.717],[-118.889,45.571],[-118.859,45.422],[-118.831,45.364],[-118.793,45.317],[-118.641,45.265],[-118.542,45.254],[-118.465,45.177],[-118.363,45.116],[-117.955,45.105],[-117.908,45.138],[-117.886,45.177],[-117.875,45.403],[-117.927,45.554],[-118.013,45.703],[-118.065,45.868]]]}},{"type":"Feature","properties":{"density":2},"geometry":{"type":"Polygon","coordinates":[[[-121.198,46.647],[-121.744,46.455],[-122.166,46.43],[-122.321,46.386],[-122.488,46.312],[-122.618,46.225],[-122.724,46.058],[-122.761,45.872],[-122.749,45.667],[-122.711,45.543],[-122.625,45.394],[-122.439,45.208],[-122.333,45.134],[-121.899,44.998],[-121.539,44.967],[-121.273,45.016],[-121.043,45.122],[-120.802,45.388],[-120.678,45.469],[-120.547,45.537],[-120.299,45.624],[-119.779,45.729],[-119.407,45.76],[-118.997,45.878],[-118.508,46.076],[-117.85,46.293],[-116.957,46.436],[-116.53,46.473],[-115.916,46.572],[-115.792,46.603],[-115.556,46.746],[-115.141,46.907],[-114.192,47.112],[-113.87,47.155],[-113.529,47.168],[-112.803,47.143],[-112.041,47.031],[-111.669,47.037],[-111.266,47.013],[-110.639,46.907],[-110.515,46.944],[-110.478,47.025],[-110.497,47.106],[-110.739,47.416],[-110.838,47.502],[-110.956,47.564],[-111.303,47.651],[-111.824,47.664],[-112.065,47.626],[-112.357,47.608],[-113.262,47.571],[-113.752,47.571],[-114.099,47.633],[-114.285,47.713],[-114.725,47.775],[-115.519,47.769],[-115.68,47.719],[-115.829,47.645],[-116.189,47.428],[-116.399,47.329],[-116.709,47.279],[-117.354,47.211],[-117.633,47.199],[-118.842,47.211],[-119.14,47.18],[-119.927,47.025],[-120.603,46.839],[-121.198,46.647]]]}},{"type":"Feature","properties":{"density":2},"geometry":{"type":"Polygon","coordinates":[[[-122.36,50.457],[-122.443,50.497],[-122.616,50.466],[-122.684,50.429],[-122.719,50.394],[-122.726,50.365],[-122.66,50.266],[-122.575,50.233],[-122.522,50.172],[-122.471,50.179],[-122.302,50.313],[-122.302,50.354],[-122.36,50.457]]]}},{"type":"Feature","properties":{"density":2},"geometry":{"type":"Polygon","coordinates":[[[-122.463,61.818],[-122.482,61.814],[-122.502,61.78],[-122.473,61.748],[-122.368,61.743],[-122.214,61.693],[-122.181,61.699],[-122.168,61.726],[-122.204,61.754],[-122.463,61.818]]]}},{"type":"Feature","properties":{"density":2},"geometry":{"type":"Polygon","coordinates":[[[-120.904,62.0],[-120.937,62.011],[-120.974,61.989],[-120.957,61.958],[-120.882,61.925],[-120.737,61.923],[-120.483,61.965],[-120.437,61.985],[-120.413,62.015],[-120.404,62.064],[-120.468,62.081],[-120.634,62.007],[-120.755,61.982],[-120.904,62.0]]]}},{"type":"Feature","properties":{"density":2},"geometry":{"type":"Polygon","coordinates":[[[-122.35,62.432],[-122.57,62.465],[-122.627,62.452],[-122.665,62.398],[-122.673,62.32],[-122.64,62.212],[-122.574,62.117],[-122.479,62.035],[-122.102,61.857],[-121.875,61.634],[-121.763,61.576],[-121.573,61.547],[-121.462,61.51],[-121.131,61.34],[-120.846,61.266],[-120.428,61.278],[-120.255,61.225],[-119.945,61.196],[-119.874,61.233],[-119.825,61.291],[-119.804,61.398],[-119.804,61.497],[-119.837,61.597],[-119.916,61.704],[-119.998,61.774],[-120.098,61.828],[-120.259,61.878],[-120.346,61.886],[-120.569,61.803],[-120.771,61.758],[-120.85,61.754],[-121.028,61.791],[-121.131,61.82],[-121.288,61.911],[-121.35,62.018],[-121.462,62.142],[-121.627,62.2],[-121.871,62.208],[-122.078,62.295],[-122.214,62.386],[-122.35,62.432]]]}},{"type":"Feature","properties":{"density":2},"geometry":{"type":"Polygon","coordinates":[[[-111.07,63.829],[-111.508,63.891],[-111.707,63.903],[-111.897,63.879],[-112.05,63.808],[-112.368,63.746],[-112.546,63.664],[-112.749,63.523],[-113.108,63.316],[-113.137,63.267],[-113.137,63.118],[-113.096,63.056],[-113.021,63.015],[-112.744,62.953],[-112.554,62.944],[-112.405,63.002],[-112.294,63.073],[-112.178,63.176],[-111.943,63.321],[-111.736,63.378],[-111.604,63.37],[-111.389,63.304],[-111.198,63.275],[-110.942,63.292],[-110.872,63.337],[-110.847,63.473],[-110.864,63.556],[-110.913,63.701],[-111.07,63.829]]]}},{"type":"Feature","properties":{"density":2},"geometry":{"type":"Polygon","coordinates":[[[-111.988,62.862],[-112.118,62.898],[-112.267,62.895],[-112.539,62.729],[-112.603,62.636],[-112.636,62.36],[-112.606,62.302],[-112.548,62.294],[-112.473,62.341],[-112.313,62.559],[-112.217,62.625],[-111.95,62.666],[-111.93,62.735],[-111.988,62.862]]]}},{"type":"Feature","properties":{"density":2},"geometry":{"type":"Polygon","coordinates":[[[-108.537,62.985],[-108.728,63.038],[-108.744,63.025],[-108.752,62.965],[-108.735,62.924],[-108.64,62.862],[-108.493,62.838],[-108.296,62.748],[-108.243,62.755],[-108.235,62.79],[-108.25,62.814],[-108.449,62.948],[-108.537,62.985]]]}},{"type":"Feature","properties":{"density":2},"geometry":{"type":"Polygon","coordinates":[[[-107.062,62.036],[-107.226,62.058],[-107.25,62.028],[-107.252,61.975],[-107.195,61.909],[-106.693,61.674],[-106.504,61.646],[-106.335,61.652],[-106.019,61.521],[-105.837,61.488],[-105.765,61.501],[-105.775,61.567],[-105.861,61.655],[-106.012,61.676],[-106.127,61.714],[-106.394,61.872],[-106.478,61.902],[-106.809,61.96],[-107.062,62.036]]]}},{"type":"Feature","properties":{"density":2},"geometry":{"type":"Polygon","coordinates":[[[-105.891,62.736],[-105.972,62.713],[-105.974,62.672],[-105.934,62.633],[-105.656,62.541],[-105.451,62.449],[-105.368,62.427],[-105.325,62.444],[-105.366,62.53],[-105.511,62.619],[-105.706,62.703],[-105.891,62.736]]]}},{"type":"Feature","properties":{"density":2},"geometry":{"type":"Polygon","coordinates":[[[-89.919,54.368],[-90.032,54.372],[-90.066,54.364],[-90.088,54.339],[-90.16,54.02],[-90.138,53.945],[-90.069,53.945],[-90.028,53.965],[-89.951,54.061],[-89.873,54.265],[-89.882,54.345],[-89.919,54.368]]]}},{"type":"Feature","properties":{"density":2},"geometry":{"type":"Polygon","coordinates":[[[-83.464,51.359],[-83.504,51.342],[-83.513,51.298],[-83.48,51.215],[-83.475,51.041],[-83.432,50.964],[-83.377,50.962],[-83.326,50.988],[-83.205,51.116],[-83.142,51.151],[-83.098,51.206],[-83.096,51.243],[-83.111,51.285],[-83.175,51.35],[-83.464,51.359]]]}},{"type":"Feature","properties":{"density":2},"geometry":{"type":"Polygon","coordinates":[[[-96.552,37.8],[-96.573,37.805],[-96.588,37.788],[-96.593,37.723],[-96.547,37.611],[-96.32,37.221],[-96.286,37.086],[-96.231,36.959],[-96.202,36.917],[-96.018,36.768],[-95.994,36.732],[-95.956,36.596],[-95.873,36.457],[-95.773,36.362],[-95.685,36.367],[-95.654,36.393],[-95.641,36.452],[-95.69,36.604],[-95.726,36.65],[-95.85,36.722],[-95.958,36.813],[-96.12,37.003],[-96.195,37.147],[-96.35,37.536],[-96.552,37.8]]]}},{"type":"Feature","properties":{"density":2},"geometry":{"type":"Polygon","coordinates":[[[-106.357,45.386],[-106.389,45.408],[-106.522,45.439],[-106.647,45.415],[-106.714,45.384],[-106.74,45.296],[-106.735,45.216],[-106.702,45.13],[-106.628,45.03],[-106.611,44.845],[-106.451,44.752],[-106.335,44.709],[-106.225,44.615],[-106.092,44.551],[-106.036,44.538],[-105.971,44.551],[-105.946,44.584],[-105.941,44.634],[-105.964,44.759],[-106.101,44.929],[-106.154,45.109],[-106.357,45.386]]]}},{"type":"Feature","properties":{"density":2},"geometry":{"type":"Polygon","coordinates":[[[-109.08,38.918],[-109.148,38.887],[-109.087,38.83],[-109.066,38.837],[-109.054,38.867],[-109.059,38.908],[-109.08,38.918]]]}},{"type":"Feature","properties":{"density":2},"geometry":{"type":"Polygon","coordinates":[[[-108.95,37.639],[-109.036,37.637],[-109.055,37.624],[-109.056,37.588],[-108.989,37.461],[-108.958,37.335],[-108.902,37.285],[-108.764,37.296],[-108.696,37.375],[-108.684,37.404],[-108.694,37.459],[-108.732,37.504],[-108.811,37.54],[-108.881,37.607],[-108.95,37.639]]]}},{"type":"Feature","properties":{"density":2},"geometry":{"type":"Polygon","coordinates":[[[-110.537,46.85],[-110.67,46.853],[-110.735,46.804],[-110.725,46.745],[-110.699,46.708],[-110.634,46.665],[-110.452,46.605],[-110.367,46.513],[-110.246,46.453],[-110.078,46.412],[-109.864,46.387],[-109.56,46.407],[-109.403,46.338],[-109.323,46.332],[-109.256,46.366],[-109.244,46.394],[-109.238,46.495],[-109.511,46.675],[-109.703,46.884],[-109.761,46.913],[-110.039,46.872],[-110.537,46.85]]]}},{"type":"Feature","properties":{"density":2},"geometry":{"type":"Polygon","coordinates":[[[-113.116,45.809],[-113.176,45.813],[-113.218,45.782],[-113.223,45.716],[-113.252,45.644],[-113.235,45.631],[-113.169,45.639],[-113.096,45.708],[-113.092,45.758],[-113.116,45.809]]]}},{"type":"Feature","properties":{"density":2},"geometry":{"type":"Polygon","coordinates":[[[-113.552,46.219],[-113.624,46.217],[-113.694,46.176],[-113.708,46.135],[-113.701,46.068],[-113.663,46.063],[-113.543,46.113],[-113.527,46.171],[-113.552,46.219]]]}},{"type":"Feature","properties":{"density":2},"geometry":{"type":"Polygon","coordinates":[[[-114.327,47.17],[-114.424,47.189],[-114.52,47.185],[-114.574,47.081],[-114.625,47.035],[-114.737,46.981],[-114.76,46.942],[-114.752,46.88],[-114.71,46.818],[-114.578,46.683],[-114.404,46.664],[-114.242,46.71],[-113.983,46.845],[-113.875,46.865],[-113.551,46.857],[-113.516,46.884],[-113.423,46.903],[-113.141,46.915],[-113.087,46.938],[-113.072,46.992],[-113.087,47.042],[-113.126,47.089],[-113.18,47.12],[-113.334,47.166],[-113.918,47.151],[-114.327,47.17]]]}},{"type":"Feature","properties":{"density":2},"geometry":{"type":"Polygon","coordinates":[[[-113.182,48.034],[-113.278,48.013],[-113.342,47.957],[-113.342,47.89],[-113.327,47.864],[-113.236,47.802],[-113.126,47.797],[-112.984,47.825],[-112.84,47.828],[-112.538,47.787],[-112.381,47.738],[-112.242,47.728],[-111.858,47.743],[-111.81,47.813],[-111.828,47.877],[-111.851,47.9],[-111.977,47.972],[-112.317,48.086],[-112.634,48.163],[-112.86,48.168],[-113.182,48.034]]]}},{"type":"Feature","properties":{"density":2},"geometry":{"type":"Polygon","coordinates":[[[-113.91,49.391],[-113.999,49.452],[-114.265,49.576],[-114.412,49.595],[-114.493,49.584],[-114.563,49.549],[-114.605,49.507],[-114.617,49.34],[-114.721,49.228],[-114.721,49.174],[-114.706,49.136],[-114.543,48.958],[-114.497,48.885],[-114.485,48.834],[-114.505,48.773],[-114.555,48.745],[-114.891,48.649],[-114.972,48.545],[-114.953,48.49],[-114.903,48.444],[-114.829,48.417],[-114.675,48.402],[-114.427,48.409],[-114.254,48.348],[-114.114,48.32],[-114.014,48.34],[-113.863,48.409],[-113.763,48.572],[-113.747,48.742],[-113.763,48.919],[-113.802,49.112],[-113.836,49.24],[-113.91,49.391]]]}},{"type":"Feature","properties":{"density":2},"geometry":{"type":"Polygon","coordinates":[[[-116.115,49.467],[-116.227,49.486],[-116.432,49.552],[-116.513,49.552],[-116.629,49.505],[-116.675,49.443],[-116.714,49.27],[-116.787,49.181],[-116.807,49.115],[-116.811,49.046],[-116.745,48.926],[-116.625,48.841],[-116.49,48.81],[-116.416,48.852],[-116.297,48.961],[-116.161,49.018],[-116.073,49.03],[-116.034,49.057],[-115.999,49.103],[-115.988,49.25],[-116.011,49.366],[-116.057,49.463],[-116.115,49.467]]]}},{"type":"Feature","properties":{"density":2},"geometry":{"type":"Polygon","coordinates":[[[-114.993,47.023],[-115.04,47.042],[-115.098,47.033],[-115.15,46.982],[-115.256,46.944],[-115.289,46.913],[-115.297,46.832],[-115.258,46.748],[-115.199,46.745],[-114.954,46.837],[-114.925,46.897],[-114.993,47.023]]]}},{"type":"Feature","properties":{"density":2},"geometry":{"type":"Polygon","coordinates":[[[-114.788,46.363],[-114.984,46.343],[-115.177,46.379],[-115.308,46.374],[-115.324,46.284],[-115.314,46.242],[-115.211,46.023],[-115.172,46.005],[-115.01,46.029],[-114.889,45.969],[-114.84,45.975],[-114.75,46.029],[-114.634,46.175],[-114.626,46.224],[-114.649,46.289],[-114.716,46.353],[-114.788,46.363]]]}},{"type":"Feature","properties":{"density":2},"geometry":{"type":"Polygon","coordinates":[[[-116.072,43.883],[-116.542,44.016],[-116.773,44.027],[-116.994,43.935],[-117.057,43.883],[-117.098,43.83],[-117.109,43.772],[-117.115,43.471],[-117.138,43.396],[-117.33,43.147],[-117.359,43.054],[-117.364,42.851],[-117.347,42.741],[-117.266,42.544],[-117.208,42.468],[-117.133,42.411],[-117.075,42.393],[-116.814,42.387],[-116.721,42.411],[-116.652,42.445],[-116.472,42.579],[-116.345,42.7],[-116.165,42.776],[-116.09,42.828],[-116.008,42.926],[-115.823,43.28],[-115.8,43.373],[-115.806,43.488],[-115.95,43.749],[-116.072,43.883]]]}},{"type":"Feature","properties":{"density":2},"geometry":{"type":"Polygon","coordinates":[[[-116.566,33.541],[-116.679,33.502],[-116.935,33.49],[-117.015,33.454],[-117.11,33.447],[-117.124,33.406],[-117.076,33.306],[-117.022,33.267],[-116.837,33.224],[-116.732,33.225],[-116.626,33.268],[-116.555,33.402],[-116.478,33.45],[-116.469,33.474],[-116.499,33.524],[-116.566,33.541]]]}},{"type":"Feature","properties":{"density":2},"geometry":{"type":"Polygon","coordinates":[[[-122.855,38.766],[-122.875,38.784],[-122.961,38.804],[-123.014,38.789],[-123.047,38.761],[-123.074,38.69],[-123.1,38.67],[-123.276,38.622],[-123.332,38.587],[-123.337,38.531],[-123.324,38.501],[-123.077,38.364],[-123.001,38.362],[-122.93,38.387],[-122.809,38.4],[-122.655,38.369],[-122.627,38.384],[-122.62,38.453],[-122.637,38.511],[-122.855,38.766]]]}},{"type":"Feature","properties":{"density":2},"geometry":{"type":"Polygon","coordinates":[[[-115.072,38.336],[-115.197,38.268],[-115.266,38.253],[-115.599,38.268],[-115.773,38.302],[-115.936,38.272],[-116.02,38.238],[-116.122,38.117],[-116.171,37.991],[-116.171,37.927],[-116.122,37.76],[-116.13,37.7],[-116.277,37.487],[-116.3,37.419],[-116.285,37.302],[-116.243,37.23],[-116.19,37.196],[-116.031,37.169],[-115.883,37.188],[-115.671,37.256],[-115.383,37.415],[-115.088,37.446],[-114.951,37.541],[-114.724,37.878],[-114.701,37.98],[-114.697,38.154],[-114.709,38.207],[-114.841,38.321],[-115.072,38.336]]]}},{"type":"Feature","properties":{"density":2},"geometry":{"type":"Polygon","coordinates":[[[-114.512,39.644],[-114.648,39.769],[-114.754,39.81],[-114.872,39.791],[-114.947,39.719],[-115.023,39.594],[-115.08,39.541],[-115.133,39.344],[-115.137,39.269],[-115.114,39.147],[-115.023,39.018],[-114.955,39.003],[-114.667,39.06],[-114.292,39.09],[-114.042,39.026],[-113.746,38.89],[-113.648,38.871],[-113.439,38.863],[-113.288,38.912],[-113.231,38.965],[-113.189,39.06],[-113.117,39.143],[-113.109,39.227],[-113.17,39.352],[-113.212,39.409],[-113.337,39.5],[-113.64,39.575],[-113.845,39.545],[-114.216,39.549],[-114.375,39.579],[-114.512,39.644]]]}},{"type":"Feature","properties":{"density":2},"geometry":{"type":"Polygon","coordinates":[[[-116.632,41.023],[-116.757,41.038],[-116.871,41.023],[-116.939,40.955],[-117.033,40.811],[-117.223,40.371],[-117.344,40.151],[-117.526,39.879],[-117.564,39.716],[-117.545,39.651],[-117.488,39.575],[-117.439,39.545],[-117.348,39.526],[-117.219,39.545],[-117.166,39.579],[-117.083,39.678],[-116.931,39.788],[-116.829,39.917],[-116.772,39.962],[-116.711,39.992],[-116.605,40.011],[-116.42,40.015],[-116.109,39.935],[-115.889,39.867],[-115.7,39.784],[-115.624,39.731],[-115.374,39.636],[-115.23,39.617],[-115.165,39.629],[-115.097,39.678],[-115.071,39.723],[-115.067,39.879],[-115.086,39.958],[-115.192,40.102],[-115.385,40.265],[-115.442,40.402],[-115.449,40.542],[-115.34,40.743],[-115.294,40.799],[-115.264,40.875],[-115.264,41.023],[-115.279,41.084],[-115.374,41.201],[-115.431,41.213],[-115.518,41.197],[-115.631,41.133],[-115.73,41.11],[-115.95,40.997],[-116.124,40.959],[-116.325,40.97],[-116.632,41.023]]]}},{"type":"Feature","properties":{"density":2},"geometry":{"type":"Polygon","coordinates":[[[-117.627,45.211],[-117.696,45.251],[-117.878,45.251],[-117.951,45.205],[-118.059,45.029],[-118.128,44.972],[-118.247,44.955],[-118.429,44.983],[-118.605,45.063],[-118.838,45.131],[-119.174,45.125],[-119.338,45.074],[-119.367,44.978],[-119.378,44.858],[-119.35,44.671],[-119.088,44.159],[-118.838,43.761],[-118.73,43.659],[-118.617,43.585],[-118.344,43.517],[-118.054,43.488],[-117.781,43.488],[-117.639,43.54],[-117.502,43.625],[-117.428,43.716],[-117.389,43.898],[-117.377,44.369],[-117.292,44.62],[-117.292,44.745],[-117.309,44.83],[-117.468,45.091],[-117.627,45.211]]]}},{"type":"Feature","properties":{"density":2},"geometry":{"type":"Polygon","coordinates":[[[-119.382,45.021],[-119.427,45.063],[-119.511,45.082],[-119.564,45.059],[-119.636,44.995],[-119.662,44.87],[-119.628,44.733],[-119.621,44.57],[-119.662,44.513],[-119.905,44.347],[-119.966,44.263],[-119.988,44.188],[-119.985,44.089],[-119.947,43.983],[-119.822,43.82],[-119.662,43.733],[-119.507,43.695],[-119.2,43.702],[-119.128,43.752],[-119.09,43.926],[-119.094,44.055],[-119.17,44.309],[-119.23,44.589],[-119.382,45.021]]]}},{"type":"Feature","properties":{"density":2},"geometry":{"type":"Polygon","coordinates":[[[-119.803,45.582],[-119.848,45.62],[-120.038,45.643],[-120.125,45.628],[-120.159,45.593],[-120.193,45.533],[-120.254,45.328],[-120.394,45.059],[-120.413,44.953],[-120.386,44.858],[-120.242,44.627],[-120.178,44.438],[-120.144,44.392],[-120.045,44.347],[-119.837,44.316],[-119.723,44.388],[-119.685,44.441],[-119.647,44.517],[-119.613,44.695],[-119.723,44.995],[-119.719,45.396],[-119.803,45.582]]]}},{"type":"Feature","properties":{"density":2},"geometry":{"type":"Polygon","coordinates":[[[-118.01,45.828],[-118.086,45.957],[-118.238,46.082],[-118.586,46.181],[-118.707,46.226],[-118.92,46.336],[-119.151,46.404],[-119.261,46.412],[-119.348,46.374],[-119.424,46.298],[-119.469,46.188],[-119.507,45.961],[-119.507,45.87],[-119.469,45.791],[-119.359,45.669],[-119.318,45.582],[-119.314,45.499],[-119.374,45.305],[-119.363,45.233],[-119.314,45.158],[-119.246,45.097],[-119.147,45.04],[-119.018,45.017],[-118.795,44.999],[-118.48,45.029],[-118.359,45.063],[-118.298,45.108],[-118.207,45.215],[-118.143,45.241],[-117.98,45.264],[-117.923,45.366],[-117.923,45.412],[-117.957,45.73],[-118.01,45.828]]]}},{"type":"Feature","properties":{"density":2},"geometry":{"type":"Polygon","coordinates":[[[-121.711,43.716],[-121.868,43.701],[-122.014,43.57],[-122.105,43.532],[-122.196,43.509],[-122.52,43.494],[-122.593,43.471],[-122.643,43.436],[-122.671,43.385],[-122.681,43.282],[-122.722,43.231],[-122.873,43.138],[-122.886,43.095],[-122.871,43.031],[-122.818,42.988],[-122.752,42.968],[-122.588,42.953],[-122.502,42.963],[-122.267,43.064],[-122.179,43.09],[-122.004,43.11],[-121.926,43.155],[-121.853,43.223],[-121.807,43.302],[-121.729,43.36],[-121.595,43.418],[-121.549,43.466],[-121.532,43.522],[-121.557,43.602],[-121.625,43.681],[-121.711,43.716]]]}},{"type":"Feature","properties":{"density":2},"geometry":{"type":"Polygon","coordinates":[[[-112.642,62.899],[-112.676,62.869],[-112.737,62.713],[-112.695,62.414],[-112.676,62.357],[-112.623,62.304],[-112.51,62.3],[-112.381,62.406],[-112.206,62.6],[-112.127,62.903],[-112.066,63.02],[-112.07,63.1],[-112.134,63.149],[-112.335,63.119],[-112.434,63.073],[-112.542,62.961],[-112.642,62.899]]]}},{"type":"Feature","properties":{"density":2},"geometry":{"type":"Polygon","coordinates":[[[-110.276,64.289],[-110.674,64.403],[-110.981,64.432],[-111.117,64.432],[-111.242,64.409],[-111.515,64.329],[-112.487,63.909],[-112.953,63.676],[-113.056,63.607],[-113.164,63.516],[-113.232,63.391],[-113.255,63.278],[-113.232,63.17],[-113.158,63.073],[-113.022,62.965],[-112.897,62.908],[-112.771,62.92],[-112.675,62.954],[-112.561,63.016],[-112.476,63.084],[-112.351,63.141],[-112.004,63.204],[-111.896,63.238],[-111.788,63.289],[-111.646,63.397],[-111.203,63.63],[-111.021,63.687],[-110.805,63.744],[-110.606,63.766],[-110.418,63.772],[-110.106,63.749],[-110.009,63.766],[-109.998,63.903],[-110.14,64.198],[-110.276,64.289]]]}},{"type":"Feature","properties":{"density":2},"geometry":{"type":"Polygon","coordinates":[[[-109.144,62.318],[-109.247,62.364],[-109.303,62.364],[-109.406,62.293],[-109.475,62.164],[-109.634,62.035],[-109.649,61.901],[-109.619,61.815],[-109.55,61.788],[-109.422,61.81],[-109.278,61.98],[-109.131,62.066],[-109.101,62.098],[-109.078,62.192],[-109.144,62.318]]]}},{"type":"Feature","properties":{"density":2},"geometry":{"type":"Polygon","coordinates":[[[-108.612,63.218],[-108.691,63.201],[-108.777,63.142],[-108.797,63.021],[-108.762,62.945],[-108.676,62.895],[-108.499,62.88],[-108.367,62.842],[-108.158,62.698],[-108.016,62.673],[-107.705,62.665],[-107.561,62.642],[-107.339,62.534],[-107.071,62.483],[-106.796,62.503],[-106.7,62.569],[-106.589,62.612],[-106.553,62.657],[-106.548,62.7],[-106.594,62.824],[-106.629,62.877],[-106.692,62.925],[-107.016,63.084],[-107.306,63.148],[-107.582,63.254],[-107.819,63.307],[-108.024,63.309],[-108.254,63.256],[-108.612,63.218]]]}},{"type":"Feature","properties":{"density":2},"geometry":{"type":"Polygon","coordinates":[[[-107.018,62.118],[-107.13,62.13],[-107.215,62.12],[-107.294,62.062],[-107.299,62.027],[-107.261,61.951],[-107.18,61.873],[-106.781,61.643],[-106.526,61.542],[-105.917,61.39],[-105.818,61.35],[-105.692,61.251],[-105.594,61.218],[-105.419,61.196],[-105.301,61.216],[-105.174,61.264],[-105.078,61.357],[-104.932,61.441],[-104.924,61.504],[-104.972,61.6],[-105.043,61.693],[-105.151,61.777],[-105.303,61.855],[-105.942,62.082],[-106.177,62.153],[-106.392,62.183],[-106.619,62.168],[-106.935,62.105],[-107.018,62.118]]]}},{"type":"Feature","properties":{"density":2},"geometry":{"type":"Polygon","coordinates":[[[-105.713,62.794],[-106.073,62.855],[-106.248,62.847],[-106.32,62.771],[-106.316,62.703],[-106.21,62.578],[-106.032,62.491],[-105.713,62.396],[-105.016,62.252],[-104.645,62.135],[-104.171,61.964],[-103.985,61.881],[-103.523,61.619],[-103.386,61.566],[-103.246,61.559],[-103.182,61.585],[-103.163,61.612],[-103.133,61.752],[-103.167,61.881],[-103.224,61.979],[-103.576,62.222],[-103.648,62.301],[-103.69,62.381],[-103.94,62.589],[-104.36,62.718],[-104.826,62.798],[-105.334,62.843],[-105.713,62.794]]]}},{"type":"Feature","properties":{"density":2},"geometry":{"type":"Polygon","coordinates":[[[-104.186,63.095],[-104.429,63.112],[-104.494,63.095],[-104.514,63.072],[-104.497,63.029],[-104.454,63.001],[-104.136,62.93],[-103.971,62.872],[-103.602,62.675],[-103.428,62.637],[-103.385,62.66],[-103.37,62.703],[-103.421,62.814],[-103.519,62.903],[-103.794,63.031],[-103.931,63.074],[-104.186,63.095]]]}},{"type":"Feature","properties":{"density":2},"geometry":{"type":"Polygon","coordinates":[[[-100.03,55.999],[-100.136,55.986],[-100.282,55.923],[-100.434,55.895],[-100.474,55.85],[-100.479,55.804],[-100.31,55.84],[-100.179,55.913],[-99.959,55.936],[-99.977,55.986],[-100.03,55.999]]]}},{"type":"Feature","properties":{"density":2},"geometry":{"type":"Polygon","coordinates":[[[-96.505,49.372],[-96.581,49.362],[-96.611,49.291],[-96.561,49.109],[-96.535,48.796],[-96.487,48.7],[-96.452,48.69],[-96.407,48.697],[-96.341,48.766],[-96.318,48.945],[-96.505,49.372]]]}},{"type":"Feature","properties":{"density":2},"geometry":{"type":"Polygon","coordinates":[[[-96.536,53.96],[-96.57,53.946],[-96.563,53.916],[-96.491,53.847],[-96.45,53.742],[-96.388,53.658],[-96.167,53.528],[-96.075,53.518],[-96.05,53.532],[-95.997,53.641],[-96.006,53.705],[-96.029,53.739],[-96.082,53.741],[-96.162,53.717],[-96.272,53.752],[-96.378,53.821],[-96.536,53.96]]]}},{"type":"Feature","properties":{"density":2},"geometry":{"type":"Polygon","coordinates":[[[-89.924,54.352],[-90.001,54.362],[-90.055,54.323],[-90.111,54.121],[-90.22,53.92],[-90.237,53.802],[-90.227,53.664],[-90.19,53.57],[-90.131,53.526],[-90.052,53.521],[-89.946,53.546],[-89.868,53.602],[-89.819,53.673],[-89.813,53.752],[-89.853,53.892],[-89.819,54.18],[-89.882,54.331],[-89.924,54.352]]]}},{"type":"Feature","properties":{"density":2},"geometry":{"type":"Polygon","coordinates":[[[-89.874,50.137],[-89.982,50.182],[-90.096,50.171],[-90.164,50.143],[-90.227,50.091],[-90.261,49.955],[-90.124,49.671],[-90.096,49.557],[-90.016,49.421],[-89.943,49.347],[-89.857,49.307],[-89.715,49.284],[-89.55,49.114],[-89.476,49.068],[-89.385,49.051],[-89.3,49.068],[-88.868,49.318],[-88.766,49.353],[-88.431,49.341],[-88.368,49.381],[-88.334,49.449],[-88.334,49.506],[-88.385,49.597],[-88.573,49.756],[-88.811,49.841],[-89.169,49.853],[-89.539,49.983],[-89.874,50.137]]]}},{"type":"Feature","properties":{"density":2},"geometry":{"type":"Polygon","coordinates":[[[-84.557,52.427],[-84.612,52.42],[-84.673,52.359],[-84.718,52.051],[-84.812,51.892],[-84.829,51.732],[-84.804,51.639],[-84.741,51.548],[-84.607,51.467],[-84.534,51.462],[-84.458,51.497],[-84.349,51.604],[-84.334,51.778],[-84.501,52.18],[-84.486,52.382],[-84.521,52.43],[-84.557,52.427]]]}},{"type":"Feature","properties":{"density":2},"geometry":{"type":"Polygon","coordinates":[[[-83.377,51.42],[-83.487,51.423],[-83.555,51.386],[-83.585,51.287],[-83.608,51.014],[-83.65,50.825],[-83.812,50.556],[-83.866,50.408],[-83.866,50.343],[-83.843,50.294],[-83.786,50.271],[-83.612,50.26],[-83.452,50.336],[-83.335,50.412],[-83.24,50.506],[-83.123,50.734],[-83.047,50.817],[-82.975,50.866],[-82.827,50.908],[-82.687,50.923],[-82.422,51.029],[-82.009,51.029],[-81.861,51.052],[-81.501,51.223],[-81.414,51.245],[-81.209,51.257],[-80.982,51.215],[-80.841,51.211],[-80.754,51.226],[-80.694,51.298],[-80.682,51.37],[-80.697,51.446],[-80.872,51.579],[-80.993,51.617],[-81.122,51.621],[-81.3,51.59],[-81.459,51.526],[-81.573,51.507],[-82.354,51.503],[-82.52,51.45],[-82.695,51.355],[-82.842,51.325],[-82.952,51.333],[-83.18,51.401],[-83.377,51.42]]]}},{"type":"Feature","properties":{"density":2},"geometry":{"type":"Polygon","coordinates":[[[-120.303,62.935],[-120.792,62.992],[-121.425,63.108],[-122.0,63.136],[-122.518,63.136],[-122.979,62.992],[-123.267,62.791],[-123.526,62.417],[-123.554,61.928],[-123.353,61.438],[-123.036,61.064],[-122.518,60.834],[-121.396,60.431],[-120.821,60.287],[-120.36,60.201],[-119.727,60.057],[-119.295,60.028],[-118.403,59.539],[-118.202,59.223],[-117.914,58.446],[-117.626,58.158],[-116.533,57.956],[-116.015,57.525],[-115.842,57.122],[-115.842,56.719],[-115.9,56.431],[-116.331,56.028],[-116.763,55.942],[-117.482,55.827],[-118.0,55.798],[-118.259,55.769],[-118.547,55.712],[-119.267,55.424],[-119.612,55.309],[-119.986,54.992],[-120.245,54.561],[-120.36,54.129],[-120.389,53.669],[-120.648,53.295],[-121.08,52.834],[-121.569,52.489],[-122.0,52.316],[-122.346,52.115],[-122.547,51.798],[-122.662,51.482],[-122.749,51.108],[-122.749,50.647],[-122.662,50.072],[-122.374,49.064],[-121.972,48.489],[-121.856,48.287],[-121.856,47.971],[-121.972,47.769],[-122.547,47.309],[-122.864,46.618],[-122.892,46.129],[-122.892,45.784],[-122.806,45.381],[-122.662,45.093],[-122.547,44.719],[-122.576,44.46],[-122.777,44.115],[-122.806,43.942],[-122.806,43.712],[-122.691,42.695],[-122.614,42.58],[-122.384,42.311],[-122.192,42.139],[-121.981,42.004],[-121.502,41.87],[-121.329,41.851],[-121.195,41.87],[-120.677,42.12],[-120.37,42.369],[-120.178,42.465],[-119.756,42.484],[-119.219,42.446],[-118.931,42.484],[-118.547,42.657],[-118.355,42.695],[-118.01,42.599],[-117.78,42.446],[-117.569,42.407],[-117.358,42.407],[-117.089,42.369],[-116.974,42.446],[-116.705,42.427],[-116.418,42.254],[-116.092,42.004],[-115.727,41.87],[-115.363,41.851],[-114.998,41.87],[-114.729,41.909],[-114.538,42.081],[-114.442,42.369],[-114.614,42.849],[-114.864,43.29],[-114.94,43.693],[-114.94,44.134],[-114.71,44.729],[-114.595,44.921],[-114.269,45.343],[-114.116,45.515],[-113.693,45.688],[-113.252,45.726],[-112.888,45.784],[-112.562,45.918],[-112.351,46.072],[-112.063,46.206],[-111.199,46.532],[-110.739,46.532],[-110.279,46.446],[-109.818,45.956],[-109.502,45.554],[-108.926,45.151],[-108.235,44.374],[-107.948,44.259],[-107.027,44.0],[-106.624,43.827],[-106.163,43.482],[-105.876,43.194],[-105.646,42.705],[-105.559,42.302],[-105.415,41.87],[-105.329,41.352],[-105.214,40.863],[-105.07,40.374],[-104.782,39.913],[-104.351,39.453],[-104.034,39.165],[-102.969,38.733],[-102.797,38.647],[-102.106,38.158],[-101.789,37.755],[-101.387,37.352],[-101.041,37.036],[-100.696,36.834],[-100.207,36.719],[-99.689,36.662],[-99.286,36.662],[-98.969,36.805],[-98.739,37.093],[-98.566,37.582],[-98.48,38.014],[-98.423,38.187],[-98.423,38.877],[-98.595,39.28],[-98.854,39.597],[-99.746,40.201],[-99.833,40.604],[-99.833,40.805],[-99.689,40.978],[-99.343,41.036],[-98.797,41.064],[-98.106,41.323],[-97.761,41.525],[-97.617,41.813],[-97.53,42.273],[-97.559,42.762],[-97.732,43.251],[-98.106,43.712],[-98.566,44.0],[-98.739,44.23],[-98.94,44.316],[-99.171,44.575],[-99.171,44.892],[-99.056,45.18],[-98.739,45.697],[-98.451,46.129],[-97.789,46.791],[-96.897,47.453],[-96.034,48.0],[-95.689,48.144],[-95.315,48.403],[-94.912,48.719],[-94.423,49.381],[-94.394,49.784],[-94.394,50.302],[-94.451,50.676],[-94.595,51.136],[-94.768,51.539],[-95.228,52.172],[-95.516,52.46],[-96.235,52.978],[-96.61,53.208],[-97.674,53.928],[-98.02,54.244],[-98.192,54.618],[-98.221,55.05],[-98.192,55.51],[-97.818,56.431],[-97.387,56.834],[-96.926,57.122],[-96.178,57.496],[-95.689,57.784],[-95.056,58.331],[-94.768,58.791],[-94.566,59.453],[-94.451,60.028],[-94.451,60.518],[-94.768,61.093],[-95.142,61.554],[-95.602,61.928],[-97.444,62.849],[-97.905,62.906],[-98.451,62.906],[-98.998,62.935],[-99.487,63.05],[-99.746,63.05],[-100.638,62.992],[-101.415,62.705],[-101.732,62.474],[-101.905,62.273],[-101.991,62.1],[-102.221,61.928],[-102.422,62.043],[-102.768,62.417],[-103.113,62.849],[-103.372,63.223],[-103.861,63.683],[-104.667,64.172],[-105.933,64.69],[-106.509,64.834],[-107.746,65.064],[-108.379,65.208],[-109.099,65.237],[-109.818,65.179],[-110.566,65.036],[-111.286,64.863],[-111.804,64.69],[-112.725,64.143],[-113.156,63.568],[-113.329,63.309],[-113.789,62.877],[-114.135,62.647],[-114.739,62.388],[-115.401,62.158],[-116.178,62.072],[-117.099,62.043],[-118.451,62.302],[-120.303,62.935]]]}},{"type":"Feature","properties":{"density":2},"geometry":{"type":"Polygon","coordinates":[[[-74.595,55.134],[-74.998,54.961],[-75.401,54.731],[-76.063,54.242],[-76.408,53.925],[-76.667,53.58],[-76.955,53.235],[-77.732,52.343],[-78.25,52.084],[-79.516,51.623],[-80.092,51.45],[-81.818,50.99],[-83.459,50.443],[-84.351,50.069],[-85.099,49.609],[-85.617,49.12],[-85.876,48.573],[-86.02,47.911],[-85.991,47.249],[-85.847,46.645],[-85.559,46.04],[-85.185,45.436],[-84.782,44.918],[-84.322,44.63],[-83.804,44.4],[-82.941,44.141],[-82.566,43.94],[-82.221,43.566],[-81.607,43.172],[-81.06,42.769],[-80.686,42.568],[-80.197,42.482],[-79.737,42.482],[-79.363,42.539],[-78.931,42.683],[-78.384,42.942],[-77.837,43.431],[-77.406,43.892],[-77.089,44.295],[-76.801,44.841],[-76.485,45.935],[-76.485,47.028],[-76.571,47.719],[-76.6,48.151],[-76.629,48.611],[-76.629,49.187],[-76.542,49.676],[-76.399,50.194],[-76.082,50.741],[-75.765,51.115],[-75.506,51.546],[-74.586,52.208],[-74.269,52.467],[-73.147,53.043],[-72.801,53.388],[-72.6,53.849],[-72.542,54.251],[-72.6,54.712],[-72.773,55.086],[-73.003,55.287],[-73.147,55.374],[-73.377,55.374],[-74.125,55.316],[-74.595,55.134]]]}},{"type":"Feature","properties":{"density":2},"geometry":{"type":"Polygon","coordinates":[[[-87.622,35.546],[-87.852,35.777],[-88.082,35.921],[-88.427,35.921],[-88.715,35.805],[-88.859,35.633],[-88.945,35.316],[-88.945,34.971],[-88.715,34.597],[-88.427,34.223],[-88.14,34.021],[-87.765,33.705],[-87.593,33.503],[-87.449,33.129],[-87.449,32.755],[-87.363,32.439],[-87.247,32.093],[-87.046,31.805],[-86.845,31.575],[-86.557,31.431],[-86.269,31.345],[-85.895,31.259],[-85.665,30.942],[-85.176,30.136],[-84.974,29.935],[-84.629,29.705],[-84.255,29.503],[-83.823,29.475],[-83.305,29.475],[-82.528,29.59],[-81.953,29.59],[-81.463,29.561],[-80.945,29.417],[-80.456,29.187],[-79.334,28.323],[-78.902,28.064],[-78.499,27.949],[-78.039,27.863],[-77.521,27.805],[-77.003,27.834],[-76.514,27.949],[-75.708,28.208],[-75.305,28.41],[-74.931,28.669],[-74.614,29.388],[-74.557,29.791],[-74.442,30.194],[-74.269,31.633],[-74.183,31.863],[-74.01,32.18],[-73.722,32.496],[-73.291,32.899],[-73.032,33.187],[-72.859,33.475],[-72.6,33.82],[-72.399,34.194],[-72.226,34.654],[-72.111,35.086],[-72.111,35.46],[-72.36,35.988],[-72.514,36.064],[-72.801,36.141],[-73.319,36.141],[-73.78,36.084],[-74.164,35.988],[-74.528,35.796],[-74.912,35.431],[-75.295,35.144],[-75.583,34.971],[-75.967,34.856],[-77.271,34.856],[-77.655,34.952],[-79.017,35.163],[-79.497,35.163],[-79.881,35.105],[-80.418,34.99],[-81.224,34.683],[-81.588,34.51],[-81.857,34.357],[-82.739,34.031],[-83.18,33.935],[-83.929,33.916],[-84.312,33.954],[-84.753,34.05],[-85.31,34.223],[-85.578,34.338],[-87.075,35.201],[-87.305,35.393],[-87.622,35.546]]]}},{"type":"Feature","properties":{"density":2},"geometry":{"type":"Polygon","coordinates":[[[-147.336,64.646],[-147.607,64.646],[-147.938,64.495],[-148.272,64.427],[-148.372,64.359],[-148.396,64.323],[-148.392,64.299],[-148.3,64.108],[-148.264,64.088],[-148.185,64.084],[-148.033,64.148],[-147.91,64.244],[-147.802,64.295],[-147.456,64.435],[-147.24,64.483],[-147.205,64.526],[-147.213,64.562],[-147.336,64.646]]]}},{"type":"Feature","properties":{"density":3},"geometry":{"type":"Polygon","coordinates":[[[-114.881,48.489],[-114.912,48.502],[-114.915,48.53],[-114.669,48.533],[-114.619,48.508],[-114.634,48.491],[-114.795,48.473],[-114.881,48.489]]]}},{"type":"Feature","properties":{"density":3},"geometry":{"type":"Polygon","coordinates":[[[-120.517,48.973],[-120.536,49.074],[-120.501,49.179],[-120.432,49.3],[-120.422,49.426],[-120.449,49.505],[-120.482,49.549],[-120.506,49.58],[-120.549,49.592],[-120.592,49.578],[-120.609,49.537],[-120.664,49.39],[-120.705,49.19],[-120.743,49.144],[-120.75,49.077],[-120.734,48.989],[-120.709,48.941],[-120.643,48.874],[-120.559,48.88],[-120.518,48.931],[-120.517,48.973]]]}},{"type":"Feature","properties":{"density":3},"geometry":{"type":"Polygon","coordinates":[[[-105.43,55.9],[-105.066,55.917],[-105.014,55.914],[-104.98,55.889],[-105.034,55.863],[-105.335,55.845],[-105.411,55.847],[-105.48,55.873],[-105.479,55.895],[-105.43,55.9]]]}},{"type":"Feature","properties":{"density":3},"geometry":{"type":"Polygon","coordinates":[[[-113.033,63.132],[-113.066,63.245],[-112.805,63.341],[-112.565,63.353],[-112.335,63.317],[-112.261,63.279],[-112.252,63.25],[-112.295,63.203],[-112.411,63.176],[-112.586,63.187],[-112.82,63.056],[-112.961,63.08],[-113.033,63.132]]]}},{"type":"Feature","properties":{"density":3},"geometry":{"type":"Polygon","coordinates":[[[-112.631,63.056],[-112.606,63.115],[-112.564,63.138],[-112.459,63.128],[-112.455,63.107],[-112.482,63.075],[-112.612,63.044],[-112.631,63.056]]]}},{"type":"Feature","properties":{"density":3},"geometry":{"type":"Polygon","coordinates":[[[-108.704,62.99],[-108.583,62.971],[-108.511,62.928],[-108.494,62.886],[-108.539,62.881],[-108.701,62.94],[-108.725,62.962],[-108.704,62.99]]]}},{"type":"Feature","properties":{"density":3},"geometry":{"type":"Polygon","coordinates":[[[-122.585,43.141],[-122.817,43.057],[-122.901,43.004],[-122.952,42.944],[-122.924,42.924],[-122.853,42.922],[-122.648,42.982],[-122.521,43.108],[-122.539,43.154],[-122.585,43.141]]]}},{"type":"Feature","properties":{"density":3},"geometry":{"type":"Polygon","coordinates":[[[-121.446,49.786],[-121.539,49.812],[-121.585,49.841],[-121.62,49.892],[-121.637,49.95],[-121.64,50.115],[-121.616,50.168],[-121.6,50.168],[-121.51,50.061],[-121.443,50.007],[-121.304,49.979],[-121.283,49.979],[-121.247,50.014],[-121.313,50.118],[-121.268,50.132],[-121.194,50.105],[-121.167,50.135],[-121.234,50.254],[-121.346,50.347],[-121.384,50.445],[-121.359,50.618],[-121.316,50.634],[-121.29,50.615],[-121.146,50.377],[-121.038,50.237],[-121.014,50.238],[-120.932,50.371],[-120.917,50.498],[-120.958,50.638],[-120.954,50.698],[-120.922,50.717],[-120.877,50.709],[-120.821,50.592],[-120.821,50.281],[-120.793,50.248],[-120.752,50.259],[-120.665,50.344],[-120.511,50.397],[-120.414,50.491],[-120.408,50.563],[-120.431,50.601],[-120.829,50.741],[-121.0,50.723],[-121.07,50.758],[-121.061,50.791],[-120.985,50.815],[-120.848,50.825],[-120.668,50.806],[-120.562,50.826],[-120.347,50.931],[-120.309,51.027],[-120.306,51.125],[-120.238,51.427],[-120.215,51.454],[-120.166,51.443],[-120.139,51.384],[-120.09,51.359],[-119.926,51.376],[-119.827,51.41],[-119.687,51.701],[-119.654,51.95],[-119.382,52.343],[-118.674,52.535],[-118.435,52.678],[-118.049,52.778],[-117.663,52.746],[-117.418,52.757],[-117.237,52.683],[-117.176,52.604],[-117.18,52.56],[-117.204,52.529],[-117.34,52.472],[-117.578,52.455],[-117.802,52.36],[-117.84,52.317],[-117.864,52.255],[-117.798,52.153],[-117.595,52.081],[-117.185,51.974],[-116.81,51.855],[-116.738,51.817],[-116.69,51.772],[-116.618,51.66],[-116.582,51.586],[-116.565,51.493],[-116.338,51.305],[-116.255,51.203],[-116.155,51.037],[-116.098,50.854],[-116.148,50.79],[-116.226,50.754],[-116.523,50.708],[-116.852,50.626],[-117.013,50.511],[-117.075,50.414],[-117.091,50.366],[-117.086,50.29],[-117.057,50.191],[-116.906,50.037],[-116.72,49.925],[-116.545,49.882],[-115.793,49.931],[-115.512,49.9],[-115.27,49.929],[-115.006,50.001],[-114.494,50.023],[-114.27,50.106],[-113.977,50.153],[-113.893,50.114],[-113.626,49.925],[-113.33,49.667],[-112.943,49.573],[-112.63,49.667],[-112.561,49.727],[-112.51,49.853],[-112.479,50.051],[-112.366,50.179],[-111.988,50.461],[-111.164,50.725],[-110.485,50.801],[-110.356,50.752],[-110.318,50.64],[-110.372,50.495],[-110.49,50.366],[-110.849,50.157],[-110.989,49.996],[-111.246,49.621],[-111.386,49.47],[-111.712,49.266],[-111.876,49.209],[-112.377,49.137],[-112.791,49.124],[-113.606,49.053],[-114.511,49.02],[-115.633,48.871],[-115.811,48.876],[-115.995,48.917],[-116.747,48.776],[-116.944,48.706],[-117.14,48.71],[-117.314,48.656],[-117.468,48.563],[-117.67,48.539],[-117.862,48.602],[-118.062,48.538],[-118.112,48.462],[-118.144,48.334],[-118.104,48.244],[-118.109,48.174],[-118.137,48.105],[-118.19,48.034],[-118.287,47.983],[-118.404,47.961],[-118.462,47.98],[-118.493,48.012],[-118.505,48.19],[-118.474,48.327],[-118.274,48.78],[-118.311,48.875],[-118.342,48.899],[-118.403,48.9],[-118.575,48.831],[-118.649,48.772],[-118.773,48.63],[-118.864,48.552],[-118.968,48.4],[-118.986,48.217],[-118.961,47.998],[-119.016,47.727],[-119.081,47.612],[-119.238,47.479],[-119.362,47.402],[-119.576,47.371],[-119.729,47.376],[-119.874,47.412],[-120.027,47.469],[-120.347,47.631],[-120.55,47.624],[-120.621,47.648],[-120.686,47.697],[-120.874,47.915],[-120.933,48.036],[-120.938,48.118],[-120.931,48.144],[-120.893,48.158],[-120.791,48.166],[-120.61,48.087],[-120.453,47.974],[-120.4,47.963],[-120.346,47.972],[-120.295,48.006],[-120.252,48.069],[-120.182,48.25],[-120.163,48.403],[-120.16,48.806],[-120.148,48.877],[-120.089,48.98],[-120.027,49.063],[-119.567,49.499],[-119.199,49.823],[-119.099,50.002],[-119.09,50.075],[-119.128,50.109],[-119.507,49.997],[-119.588,50.023],[-119.612,50.086],[-119.647,50.127],[-119.718,50.17],[-119.974,50.181],[-120.303,50.116],[-120.735,49.988],[-120.943,49.914],[-121.099,49.822],[-121.249,49.801],[-121.35,49.763],[-121.395,49.76],[-121.446,49.786]]]}},{"type":"Feature","properties":{"density":3},"geometry":{"type":"Polygon","coordinates":[[[-120.659,44.568],[-120.741,44.57],[-120.898,44.517],[-121.059,44.409],[-121.117,44.305],[-121.124,44.25],[-121.1,44.173],[-120.898,43.976],[-120.859,43.92],[-120.835,43.749],[-120.869,43.676],[-121.111,43.506],[-121.165,43.452],[-121.219,43.355],[-121.284,43.225],[-121.317,43.105],[-121.317,43.004],[-121.36,42.889],[-121.472,42.78],[-121.472,42.726],[-121.439,42.658],[-121.331,42.64],[-121.23,42.65],[-121.031,42.726],[-120.934,42.741],[-120.793,42.712],[-120.594,42.708],[-120.547,42.723],[-120.493,42.795],[-120.45,42.925],[-120.425,43.066],[-120.363,43.568],[-120.374,43.81],[-120.427,44.009],[-120.486,44.114],[-120.595,44.238],[-120.607,44.289],[-120.598,44.339],[-120.573,44.372],[-120.431,44.438],[-120.399,44.468],[-120.381,44.526],[-120.52,44.574],[-120.645,44.579],[-120.659,44.568]]]}},{"type":"Feature","properties":{"density":3},"geometry":{"type":"Polygon","coordinates":[[[-121.561,44.689],[-121.564,44.824],[-121.532,44.904],[-121.472,44.911],[-121.399,44.888],[-121.359,44.838],[-121.361,44.797],[-121.443,44.743],[-121.507,44.676],[-121.561,44.689]]]}},{"type":"Feature","properties":{"density":3},"geometry":{"type":"Polygon","coordinates":[[[-121.529,45.095],[-121.834,45.114],[-122.01,45.191],[-122.091,45.256],[-122.084,45.359],[-122.018,45.432],[-121.829,45.531],[-121.601,45.684],[-121.555,45.758],[-121.458,45.838],[-121.351,45.89],[-121.092,45.909],[-120.895,45.885],[-120.678,45.89],[-120.449,45.991],[-119.764,46.2],[-119.559,46.203],[-119.427,46.183],[-119.282,46.152],[-119.162,46.102],[-119.003,46.07],[-118.859,46.116],[-118.522,46.321],[-118.32,46.484],[-118.175,46.633],[-117.752,46.853],[-117.682,46.906],[-117.508,46.961],[-117.049,47.009],[-116.924,46.98],[-116.849,46.93],[-116.827,46.867],[-116.873,46.819],[-117.354,46.653],[-117.634,46.419],[-117.956,46.294],[-118.308,46.13],[-118.65,45.935],[-118.768,45.849],[-119.095,45.673],[-119.208,45.594],[-119.307,45.553],[-119.403,45.536],[-119.562,45.622],[-119.759,45.692],[-119.853,45.683],[-120.506,45.454],[-120.677,45.348],[-120.946,45.09],[-121.04,45.054],[-121.281,45.047],[-121.529,45.095]]]}},{"type":"Feature","properties":{"density":3},"geometry":{"type":"Polygon","coordinates":[[[-118.397,45.651],[-118.416,45.674],[-118.419,45.717],[-118.391,45.76],[-118.278,45.787],[-118.119,45.75],[-118.012,45.561],[-117.986,45.481],[-117.972,45.374],[-117.977,45.325],[-117.998,45.298],[-118.023,45.288],[-118.061,45.302],[-118.107,45.34],[-118.128,45.396],[-118.129,45.523],[-118.14,45.562],[-118.173,45.596],[-118.356,45.612],[-118.397,45.651]]]}},{"type":"Feature","properties":{"density":3},"geometry":{"type":"Polygon","coordinates":[[[-122.501,50.212],[-122.529,50.155],[-122.497,50.13],[-122.383,50.233],[-122.36,50.297],[-122.371,50.327],[-122.458,50.349],[-122.516,50.311],[-122.519,50.261],[-122.501,50.212]]]}},{"type":"Feature","properties":{"density":3},"geometry":{"type":"Polygon","coordinates":[[[-113.27,47.844],[-113.224,47.862],[-113.205,47.842],[-113.211,47.824],[-113.247,47.808],[-113.27,47.823],[-113.27,47.844]]]}},{"type":"Feature","properties":{"density":3},"geometry":{"type":"Polygon","coordinates":[[[-114.85,48.53],[-114.869,48.499],[-114.81,48.479],[-114.373,48.485],[-114.351,48.512],[-114.397,48.554],[-114.584,48.571],[-114.85,48.53]]]}},{"type":"Feature","properties":{"density":3},"geometry":{"type":"Polygon","coordinates":[[[-116.547,48.966],[-116.625,48.974],[-116.687,48.94],[-116.695,48.92],[-116.683,48.901],[-116.646,48.897],[-116.596,48.926],[-116.539,48.921],[-116.53,48.945],[-116.547,48.966]]]}},{"type":"Feature","properties":{"density":3},"geometry":{"type":"Polygon","coordinates":[[[-122.544,43.184],[-122.586,43.184],[-122.66,43.127],[-122.753,43.108],[-122.844,43.053],[-122.847,43.009],[-122.747,43.002],[-122.669,43.052],[-122.513,43.11],[-122.502,43.149],[-122.521,43.178],[-122.544,43.184]]]}},{"type":"Feature","properties":{"density":3},"geometry":{"type":"Polygon","coordinates":[[[-121.24,45.126],[-121.352,45.123],[-121.564,45.256],[-121.647,45.282],[-121.8,45.256],[-121.939,45.203],[-122.169,45.197],[-122.222,45.22],[-122.284,45.306],[-122.304,45.356],[-122.292,45.456],[-122.222,45.545],[-121.591,45.825],[-121.464,45.94],[-121.378,46.046],[-121.16,46.131],[-121.107,46.126],[-121.045,46.081],[-120.992,46.064],[-120.812,46.055],[-120.724,46.073],[-120.535,46.155],[-120.264,46.229],[-119.996,46.329],[-119.671,46.397],[-119.539,46.409],[-119.368,46.403],[-119.288,46.382],[-119.223,46.326],[-119.167,46.217],[-119.091,46.182],[-118.993,46.182],[-118.834,46.241],[-118.695,46.42],[-118.654,46.453],[-118.516,46.506],[-118.33,46.572],[-117.832,46.705],[-117.759,46.705],[-117.408,46.791],[-117.043,46.844],[-116.837,46.904],[-116.725,46.957],[-116.419,47.057],[-116.048,47.23],[-115.946,47.251],[-115.696,47.262],[-115.451,47.229],[-115.234,47.219],[-114.542,47.302],[-114.098,47.289],[-113.899,47.322],[-113.62,47.441],[-113.441,47.468],[-113.335,47.448],[-113.294,47.415],[-113.275,47.362],[-113.308,47.295],[-113.388,47.216],[-113.481,47.196],[-113.633,47.176],[-114.164,47.163],[-114.336,47.189],[-114.713,47.185],[-115.179,47.129],[-115.57,47.05],[-116.127,46.977],[-116.267,46.93],[-116.751,46.685],[-117.05,46.586],[-117.335,46.539],[-117.607,46.519],[-118.197,46.413],[-118.396,46.347],[-118.827,46.101],[-119.119,46.061],[-119.285,46.061],[-119.345,46.035],[-119.378,45.955],[-119.418,45.909],[-119.531,45.909],[-119.584,45.929],[-119.69,45.995],[-119.763,46.068],[-119.889,46.101],[-120.022,46.108],[-120.247,46.081],[-120.579,45.982],[-120.804,45.896],[-120.983,45.823],[-121.156,45.736],[-121.202,45.697],[-121.242,45.61],[-121.249,45.464],[-121.222,45.405],[-121.083,45.338],[-121.036,45.299],[-121.036,45.265],[-121.056,45.212],[-121.09,45.186],[-121.24,45.126]]]}},{"type":"Feature","properties":{"density":3},"geometry":{"type":"Polygon","coordinates":[[[-121.44,44.973],[-121.503,44.975],[-121.538,44.935],[-121.576,44.756],[-121.535,44.717],[-121.505,44.721],[-121.334,44.87],[-121.336,44.908],[-121.352,44.924],[-121.44,44.973]]]}},{"type":"Feature","properties":{"density":3},"geometry":{"type":"Polygon","coordinates":[[[-120.453,44.567],[-120.668,44.667],[-120.842,44.658],[-120.938,44.589],[-120.993,44.493],[-121.13,44.361],[-121.176,44.297],[-121.194,44.228],[-121.185,44.196],[-120.979,44.018],[-120.97,43.931],[-120.984,43.858],[-121.062,43.684],[-121.181,43.638],[-121.405,43.611],[-121.483,43.551],[-121.487,43.501],[-121.46,43.46],[-121.373,43.386],[-121.364,43.331],[-121.382,43.267],[-121.51,43.194],[-121.78,43.116],[-121.876,43.034],[-121.903,42.938],[-121.881,42.897],[-121.789,42.869],[-121.57,42.97],[-121.487,42.988],[-121.414,42.979],[-121.368,42.947],[-121.387,42.911],[-121.428,42.883],[-121.693,42.81],[-121.753,42.773],[-121.794,42.723],[-121.789,42.673],[-121.702,42.618],[-121.624,42.595],[-121.51,42.627],[-121.405,42.618],[-121.231,42.696],[-120.984,42.682],[-120.847,42.751],[-120.81,42.787],[-120.705,43.007],[-120.508,43.167],[-120.449,43.295],[-120.417,43.496],[-120.421,43.665],[-120.44,43.725],[-120.499,43.816],[-120.645,43.995],[-120.691,44.114],[-120.696,44.256],[-120.636,44.384],[-120.591,44.443],[-120.444,44.452],[-120.403,44.471],[-120.376,44.507],[-120.371,44.551],[-120.39,44.566],[-120.453,44.567]]]}},{"type":"Feature","properties":{"density":3},"geometry":{"type":"Polygon","coordinates":[[[-118.145,45.772],[-118.198,45.796],[-118.277,45.784],[-118.369,45.833],[-118.444,45.853],[-118.515,45.819],[-118.54,45.739],[-118.487,45.646],[-118.361,45.511],[-118.322,45.495],[-118.19,45.534],[-118.137,45.505],[-118.11,45.355],[-118.09,45.324],[-118.039,45.314],[-118.01,45.347],[-117.998,45.406],[-118.01,45.495],[-118.09,45.711],[-118.145,45.772]]]}},{"type":"Feature","properties":{"density":3},"geometry":{"type":"Polygon","coordinates":[[[-120.533,48.335],[-120.598,48.379],[-120.722,48.397],[-120.778,48.338],[-120.884,48.294],[-120.919,48.238],[-120.919,48.076],[-120.839,47.919],[-120.81,47.74],[-120.742,47.619],[-120.671,47.557],[-120.565,47.527],[-120.359,47.38],[-120.2,47.288],[-119.816,47.129],[-119.631,47.094],[-119.595,47.103],[-119.566,47.141],[-119.536,47.268],[-119.536,47.365],[-119.566,47.439],[-119.61,47.442],[-119.76,47.362],[-119.884,47.371],[-120.058,47.462],[-120.088,47.527],[-120.094,47.692],[-120.064,47.725],[-119.996,47.743],[-119.881,47.745],[-119.713,47.887],[-119.666,47.902],[-119.466,47.902],[-119.346,47.937],[-119.103,48.092],[-119.041,48.154],[-119.019,48.216],[-118.935,48.605],[-118.851,48.724],[-118.802,48.751],[-118.634,48.782],[-118.59,48.777],[-118.501,48.724],[-118.457,48.658],[-118.453,48.561],[-118.475,48.477],[-118.532,48.379],[-118.594,48.211],[-118.762,48.141],[-118.749,48.083],[-118.656,48.03],[-118.475,48.003],[-118.245,48.008],[-118.179,48.021],[-118.112,48.061],[-118.055,48.167],[-118.05,48.459],[-118.028,48.618],[-117.909,48.724],[-117.728,48.76],[-117.643,48.751],[-117.52,48.689],[-117.268,48.636],[-116.939,48.623],[-116.82,48.636],[-116.674,48.689],[-116.488,48.815],[-116.349,48.855],[-116.064,48.815],[-115.838,48.729],[-115.692,48.702],[-115.314,48.696],[-114.956,48.755],[-114.617,48.861],[-114.465,48.934],[-114.266,48.981],[-113.921,49.021],[-113.768,49.021],[-112.972,48.901],[-112.382,48.888],[-112.15,48.861],[-111.433,48.888],[-111.009,49.001],[-110.743,49.1],[-110.611,49.173],[-110.412,49.332],[-109.927,49.91],[-109.768,50.042],[-109.708,50.115],[-109.649,50.208],[-109.582,50.407],[-109.45,50.659],[-109.257,50.852],[-109.025,50.971],[-108.475,51.117],[-108.043,51.196],[-107.433,51.196],[-106.677,50.964],[-106.577,50.967],[-106.551,50.997],[-106.551,51.077],[-106.577,51.163],[-106.717,51.323],[-106.949,51.415],[-107.479,51.482],[-108.01,51.482],[-108.561,51.402],[-109.304,51.263],[-109.523,51.183],[-109.788,50.997],[-109.954,50.918],[-110.093,50.924],[-110.153,50.958],[-110.166,51.011],[-110.153,51.07],[-110.047,51.203],[-109.748,51.449],[-109.562,51.548],[-109.337,51.581],[-109.045,51.575],[-108.68,51.601],[-108.402,51.641],[-107.931,51.681],[-107.844,51.707],[-107.579,51.727],[-106.73,51.754],[-106.285,51.74],[-105.668,51.674],[-105.251,51.555],[-104.925,51.488],[-104.74,51.495],[-104.713,51.561],[-104.786,51.701],[-105.297,51.973],[-105.443,52.019],[-105.788,52.052],[-106.537,52.046],[-107.831,52.079],[-108.236,52.072],[-108.428,52.039],[-109.131,51.86],[-109.715,51.853],[-110.0,51.82],[-110.266,51.754],[-110.518,51.641],[-111.161,51.143],[-111.493,50.785],[-111.599,50.752],[-111.898,50.739],[-112.475,50.759],[-112.541,50.725],[-112.627,50.613],[-112.687,50.414],[-112.786,50.288],[-112.853,50.235],[-113.078,50.175],[-113.384,50.162],[-113.722,50.288],[-114.054,50.301],[-114.126,50.268],[-114.146,50.235],[-114.186,50.055],[-114.272,49.983],[-114.491,49.916],[-114.803,49.896],[-115.248,50.029],[-115.42,50.188],[-115.506,50.367],[-115.553,50.659],[-115.553,50.772],[-115.533,50.852],[-115.413,51.07],[-115.307,51.19],[-115.208,51.389],[-115.181,51.455],[-115.155,51.661],[-115.161,51.853],[-115.261,52.066],[-115.267,52.364],[-115.287,52.464],[-115.387,52.755],[-115.486,52.822],[-115.573,52.848],[-115.805,52.895],[-116.03,52.961],[-116.176,52.974],[-116.753,53.147],[-117.065,53.293],[-117.404,53.372],[-117.702,53.412],[-117.987,53.439],[-118.14,53.419],[-118.458,53.333],[-118.75,53.167],[-118.856,53.074],[-118.936,52.974],[-119.162,52.576],[-119.294,52.437],[-119.407,52.377],[-119.646,52.344],[-119.858,52.245],[-120.05,52.072],[-120.17,51.913],[-120.21,51.754],[-120.276,51.614],[-120.395,51.515],[-120.614,51.422],[-120.681,51.369],[-120.877,51.141],[-120.939,51.106],[-121.134,51.039],[-121.222,51.035],[-121.408,50.986],[-121.519,50.858],[-121.585,50.655],[-121.729,50.493],[-121.735,50.274],[-121.676,50.089],[-121.556,49.883],[-121.497,49.83],[-121.437,49.817],[-121.298,49.803],[-121.205,49.817],[-121.132,49.85],[-121.052,49.856],[-120.528,50.261],[-120.296,50.268],[-120.216,50.301],[-120.117,50.387],[-119.951,50.434],[-119.832,50.407],[-119.772,50.354],[-119.719,50.182],[-119.719,50.075],[-119.692,50.022],[-119.659,49.996],[-119.579,49.983],[-119.394,50.002],[-119.188,50.115],[-119.016,50.188],[-118.956,50.188],[-118.916,50.168],[-118.896,50.109],[-118.923,50.029],[-118.969,49.956],[-119.42,49.604],[-119.679,49.505],[-119.798,49.485],[-119.984,49.485],[-120.137,49.584],[-120.243,49.783],[-120.303,49.837],[-120.415,49.89],[-120.508,49.91],[-120.594,49.896],[-120.641,49.863],[-120.714,49.77],[-120.747,49.657],[-120.82,49.531],[-120.873,49.472],[-120.986,49.465],[-121.238,49.538],[-121.39,49.545],[-121.437,49.525],[-121.536,49.312],[-121.523,49.246],[-121.47,49.107],[-121.344,48.994],[-121.245,48.934],[-121.112,48.901],[-120.933,48.954],[-120.754,48.914],[-120.687,48.934],[-120.442,49.113],[-120.362,49.12],[-120.203,49.107],[-120.137,49.06],[-120.07,48.974],[-120.057,48.848],[-120.11,48.755],[-120.269,48.676],[-120.289,48.583],[-120.243,48.483],[-120.143,48.377],[-120.15,48.264],[-120.243,48.165],[-120.303,48.171],[-120.362,48.191],[-120.533,48.335]]]}},{"type":"Feature","properties":{"density":3},"geometry":{"type":"Polygon","coordinates":[[[-120.905,61.982],[-120.921,61.961],[-120.917,61.925],[-120.881,61.896],[-120.828,61.884],[-120.74,61.882],[-120.624,61.921],[-120.618,61.937],[-120.624,61.971],[-120.671,61.992],[-120.765,61.975],[-120.905,61.982]]]}},{"type":"Feature","properties":{"density":3},"geometry":{"type":"Polygon","coordinates":[[[-112.408,63.469],[-112.52,63.463],[-112.615,63.421],[-112.747,63.401],[-112.818,63.374],[-112.951,63.265],[-112.983,63.159],[-112.957,63.141],[-112.874,63.147],[-112.762,63.209],[-112.517,63.295],[-112.311,63.298],[-112.284,63.312],[-112.264,63.348],[-112.267,63.404],[-112.337,63.457],[-112.408,63.469]]]}},{"type":"Feature","properties":{"density":3},"geometry":{"type":"Polygon","coordinates":[[[-108.672,62.985],[-108.704,62.979],[-108.705,62.967],[-108.672,62.935],[-108.554,62.866],[-108.481,62.855],[-108.502,62.904],[-108.672,62.985]]]}},{"type":"Feature","properties":{"density":3},"geometry":{"type":"Polygon","coordinates":[[[-107.125,61.971],[-107.162,61.974],[-107.172,61.946],[-106.994,61.863],[-106.948,61.867],[-106.956,61.906],[-106.989,61.928],[-107.07,61.965],[-107.125,61.971]]]}},{"type":"Feature","properties":{"density":3},"geometry":{"type":"Polygon","coordinates":[[[-104.878,55.9],[-105.195,55.902],[-105.376,55.946],[-105.423,55.937],[-105.459,55.906],[-105.444,55.869],[-105.245,55.825],[-104.795,55.846],[-104.805,55.888],[-104.878,55.9]]]}},{"type":"Feature","properties":{"density":3},"geometry":{"type":"Polygon","coordinates":[[[-114.321,48.676],[-114.468,48.628],[-114.641,48.617],[-114.759,48.586],[-114.871,48.538],[-114.876,48.496],[-114.823,48.483],[-114.656,48.536],[-114.411,48.556],[-114.319,48.587],[-114.231,48.641],[-114.24,48.688],[-114.321,48.676]]]}},{"type":"Feature","properties":{"density":3},"geometry":{"type":"Polygon","coordinates":[[[-116.445,49.001],[-116.512,49.013],[-116.607,48.995],[-116.632,48.985],[-116.648,48.953],[-116.568,48.929],[-116.409,48.948],[-116.408,48.98],[-116.445,49.001]]]}},{"type":"Feature","properties":{"density":3},"geometry":{"type":"Polygon","coordinates":[[[-115.885,37.443],[-116.028,37.456],[-116.179,37.342],[-116.19,37.305],[-116.139,37.268],[-116.089,37.27],[-115.968,37.329],[-115.839,37.338],[-115.808,37.364],[-115.802,37.399],[-115.824,37.43],[-115.885,37.443]]]}},{"type":"Feature","properties":{"density":3},"geometry":{"type":"Polygon","coordinates":[[[-114.769,39.282],[-114.882,39.304],[-114.998,39.222],[-114.953,39.161],[-114.89,39.131],[-114.693,39.2],[-114.596,39.212],[-114.534,39.255],[-114.539,39.276],[-114.571,39.292],[-114.711,39.273],[-114.769,39.282]]]}},{"type":"Feature","properties":{"density":3},"geometry":{"type":"Polygon","coordinates":[[[-117.148,40.022],[-117.249,40.04],[-117.298,40.018],[-117.425,39.856],[-117.462,39.719],[-117.452,39.629],[-117.399,39.625],[-117.346,39.651],[-117.304,39.698],[-117.261,39.807],[-117.223,39.843],[-117.061,39.842],[-117.048,39.891],[-117.056,39.937],[-117.094,39.992],[-117.148,40.022]]]}},{"type":"Feature","properties":{"density":3},"geometry":{"type":"Polygon","coordinates":[[[-122.492,43.157],[-122.521,43.195],[-122.567,43.212],[-122.605,43.179],[-122.677,43.157],[-122.728,43.053],[-122.655,43.043],[-122.515,43.08],[-122.482,43.12],[-122.492,43.157]]]}},{"type":"Feature","properties":{"density":3},"geometry":{"type":"Polygon","coordinates":[[[-121.548,44.974],[-121.589,44.991],[-121.636,44.972],[-121.657,44.915],[-121.714,44.866],[-121.73,44.812],[-121.684,44.761],[-121.598,44.706],[-121.541,44.691],[-121.427,44.776],[-121.414,44.836],[-121.434,44.882],[-121.548,44.974]]]}},{"type":"Feature","properties":{"density":3},"geometry":{"type":"Polygon","coordinates":[[[-120.491,44.545],[-120.537,44.582],[-120.578,44.718],[-120.578,44.846],[-120.52,45.02],[-120.508,45.161],[-120.57,45.239],[-120.64,45.276],[-120.739,45.218],[-120.764,45.177],[-120.793,45.053],[-120.834,44.987],[-121.177,44.764],[-121.206,44.714],[-121.202,44.466],[-121.31,44.202],[-121.239,44.069],[-121.053,43.9],[-121.045,43.784],[-121.074,43.722],[-121.144,43.672],[-121.202,43.668],[-121.355,43.734],[-121.429,43.734],[-121.491,43.693],[-121.541,43.619],[-121.545,43.466],[-121.566,43.404],[-121.599,43.367],[-121.723,43.276],[-122.0,43.164],[-122.078,43.106],[-122.095,43.073],[-122.116,42.978],[-122.095,42.842],[-122.045,42.742],[-121.954,42.66],[-121.756,42.614],[-121.454,42.726],[-121.285,42.722],[-120.933,42.796],[-120.723,42.933],[-120.504,42.953],[-120.318,43.015],[-120.189,43.036],[-120.061,43.077],[-119.954,43.131],[-119.892,43.181],[-119.855,43.338],[-119.863,43.42],[-119.912,43.594],[-120.012,43.763],[-120.07,43.83],[-120.227,43.916],[-120.268,44.024],[-120.26,44.173],[-120.218,44.313],[-120.227,44.379],[-120.326,44.499],[-120.491,44.545]]]}},{"type":"Feature","properties":{"density":3},"geometry":{"type":"Polygon","coordinates":[[[-119.735,44.45],[-119.805,44.532],[-119.892,44.693],[-119.933,44.735],[-119.979,44.739],[-120.024,44.706],[-120.036,44.586],[-120.107,44.516],[-120.115,44.47],[-120.045,44.383],[-119.863,44.35],[-119.739,44.288],[-119.685,44.293],[-119.656,44.317],[-119.656,44.4],[-119.685,44.441],[-119.735,44.45]]]}},{"type":"Feature","properties":{"density":3},"geometry":{"type":"Polygon","coordinates":[[[-119.578,44.049],[-119.636,44.078],[-119.702,44.082],[-119.726,44.069],[-119.739,43.995],[-119.698,43.933],[-119.569,43.863],[-119.433,43.739],[-119.33,43.734],[-119.317,43.768],[-119.33,43.817],[-119.45,43.982],[-119.578,44.049]]]}},{"type":"Feature","properties":{"density":3},"geometry":{"type":"Polygon","coordinates":[[[-117.82,43.801],[-117.94,43.836],[-118.07,43.812],[-118.28,43.854],[-118.32,43.826],[-118.329,43.793],[-118.313,43.755],[-118.182,43.723],[-117.901,43.753],[-117.791,43.72],[-117.776,43.731],[-117.786,43.773],[-117.82,43.801]]]}},{"type":"Feature","properties":{"density":3},"geometry":{"type":"Polygon","coordinates":[[[-117.865,43.644],[-117.955,43.683],[-118.037,43.771],[-118.091,43.793],[-118.272,43.742],[-118.497,43.76],[-118.522,43.727],[-118.502,43.659],[-118.392,43.604],[-118.294,43.604],[-118.054,43.643],[-117.94,43.589],[-117.861,43.578],[-117.835,43.613],[-117.865,43.644]]]}},{"type":"Feature","properties":{"density":3},"geometry":{"type":"Polygon","coordinates":[[[-118.132,45.78],[-118.213,45.808],[-118.276,45.81],[-118.362,45.778],[-118.469,45.762],[-118.636,45.767],[-118.665,45.758],[-118.683,45.725],[-118.649,45.648],[-118.544,45.609],[-118.507,45.578],[-118.498,45.484],[-118.472,45.44],[-118.327,45.37],[-118.235,45.369],[-118.187,45.385],[-118.158,45.426],[-118.184,45.539],[-118.156,45.582],[-118.083,45.642],[-118.074,45.672],[-118.079,45.731],[-118.132,45.78]]]}},{"type":"Feature","properties":{"density":3},"geometry":{"type":"Polygon","coordinates":[[[-122.439,45.804],[-122.501,45.76],[-122.525,45.68],[-122.532,45.58],[-122.513,45.5],[-122.47,45.438],[-122.389,45.401],[-122.302,45.394],[-122.11,45.469],[-121.887,45.667],[-121.806,45.704],[-121.688,45.68],[-121.614,45.63],[-121.583,45.531],[-121.583,45.233],[-121.552,45.184],[-121.477,45.153],[-121.391,45.14],[-121.31,45.171],[-121.242,45.221],[-121.192,45.308],[-121.136,45.568],[-121.112,45.797],[-121.068,45.897],[-120.913,46.064],[-120.684,46.194],[-120.529,46.25],[-120.405,46.281],[-120.262,46.269],[-119.965,46.2],[-119.642,46.194],[-119.357,46.275],[-119.196,46.349],[-118.712,46.442],[-118.526,46.498],[-117.683,46.69],[-117.472,46.709],[-117.286,46.696],[-117.05,46.703],[-116.542,46.783],[-116.331,46.833],[-115.445,47.155],[-115.097,47.242],[-114.508,47.279],[-114.006,47.261],[-113.95,47.31],[-113.95,47.341],[-113.969,47.391],[-114.012,47.416],[-114.304,47.44],[-114.763,47.397],[-115.252,47.341],[-115.674,47.261],[-116.077,47.149],[-116.251,47.068],[-117.143,47.013],[-117.292,47.025],[-117.782,47.174],[-117.937,47.199],[-118.086,47.205],[-118.191,47.168],[-118.377,47.031],[-118.501,47.006],[-118.644,47.0],[-118.929,47.087],[-119.171,47.106],[-119.562,46.913],[-119.878,46.864],[-120.206,46.864],[-120.467,46.789],[-120.826,46.622],[-121.533,46.368],[-121.701,46.275],[-121.998,46.027],[-122.228,45.878],[-122.439,45.804]]]}},{"type":"Feature","properties":{"density":3},"geometry":{"type":"Polygon","coordinates":[[[-120.572,48.574],[-120.638,48.562],[-120.729,48.484],[-120.77,48.467],[-120.977,48.471],[-121.06,48.43],[-121.085,48.397],[-121.105,48.302],[-120.985,48.157],[-120.977,48.111],[-120.998,47.996],[-120.969,47.95],[-120.923,47.921],[-120.832,47.901],[-120.721,47.698],[-120.659,47.682],[-120.407,47.793],[-120.068,47.797],[-119.968,47.843],[-119.906,47.93],[-119.89,48.091],[-120.018,48.211],[-120.076,48.298],[-120.084,48.57],[-120.154,48.624],[-120.208,48.628],[-120.332,48.608],[-120.378,48.574],[-120.572,48.574]]]}},{"type":"Feature","properties":{"density":3},"geometry":{"type":"Polygon","coordinates":[[[-116.453,51.121],[-116.62,51.108],[-117.092,50.873],[-117.86,50.649],[-118.301,50.414],[-118.914,50.147],[-119.293,49.893],[-119.472,49.713],[-119.534,49.614],[-119.596,49.552],[-120.068,49.217],[-120.216,49.056],[-120.247,49.0],[-120.272,48.876],[-120.247,48.796],[-120.142,48.597],[-120.13,48.504],[-120.142,48.207],[-120.018,47.921],[-119.95,47.903],[-119.844,47.909],[-119.696,47.996],[-119.621,48.076],[-119.503,48.262],[-119.33,48.43],[-119.162,48.913],[-119.057,49.062],[-118.939,49.149],[-118.784,49.236],[-118.487,49.354],[-118.214,49.422],[-117.668,49.484],[-117.346,49.602],[-117.234,49.676],[-117.079,49.726],[-116.918,49.651],[-116.676,49.447],[-116.44,49.323],[-115.814,49.13],[-115.399,49.081],[-115.262,49.044],[-114.909,48.901],[-114.636,48.876],[-114.388,48.876],[-113.632,49.068],[-113.328,49.099],[-113.173,49.093],[-112.993,49.062],[-112.702,48.963],[-112.379,48.895],[-111.424,48.777],[-111.176,48.758],[-110.625,48.758],[-110.37,48.765],[-110.172,48.802],[-109.645,48.988],[-109.137,49.428],[-108.765,49.893],[-108.659,50.005],[-108.157,50.271],[-107.89,50.563],[-107.853,50.625],[-107.835,50.711],[-107.847,50.823],[-107.909,51.003],[-108.008,51.096],[-108.101,51.152],[-108.324,51.207],[-108.61,51.232],[-108.975,51.17],[-109.254,51.021],[-109.391,50.99],[-109.738,50.978],[-109.874,50.947],[-110.122,50.798],[-110.209,50.662],[-110.246,50.525],[-110.246,50.395],[-110.178,50.284],[-110.067,50.16],[-110.054,49.992],[-110.079,49.881],[-110.147,49.775],[-110.259,49.676],[-110.947,49.484],[-111.257,49.434],[-111.989,49.422],[-112.497,49.391],[-113.086,49.478],[-113.334,49.478],[-114.463,49.614],[-114.605,49.645],[-114.934,49.757],[-115.126,49.905],[-115.182,49.974],[-115.213,50.11],[-115.256,50.643],[-115.374,50.823],[-115.523,50.91],[-115.659,50.966],[-115.92,50.984],[-116.236,51.052],[-116.453,51.121]]]}},{"type":"Feature","properties":{"density":3},"geometry":{"type":"Polygon","coordinates":[[[-120.3,49.54],[-120.336,49.568],[-120.427,49.595],[-120.548,49.598],[-120.606,49.576],[-120.677,49.504],[-120.697,49.466],[-120.708,49.372],[-120.796,49.155],[-120.785,49.017],[-120.719,48.923],[-120.666,48.895],[-120.611,48.895],[-120.509,48.953],[-120.462,49.011],[-120.385,49.218],[-120.269,49.323],[-120.25,49.361],[-120.25,49.482],[-120.3,49.54]]]}},{"type":"Feature","properties":{"density":3},"geometry":{"type":"Polygon","coordinates":[[[-120.876,49.356],[-121.132,49.339],[-121.322,49.482],[-121.375,49.51],[-121.424,49.513],[-121.529,49.469],[-121.556,49.419],[-121.562,49.353],[-121.543,49.273],[-121.485,49.21],[-121.289,49.119],[-121.253,48.879],[-121.231,48.821],[-121.173,48.805],[-121.118,48.813],[-121.0,48.923],[-120.892,49.058],[-120.777,49.124],[-120.752,49.166],[-120.749,49.223],[-120.766,49.27],[-120.812,49.334],[-120.876,49.356]]]}},{"type":"Feature","properties":{"density":3},"geometry":{"type":"Polygon","coordinates":[[[-118.423,50.351],[-118.46,50.376],[-118.547,50.364],[-118.575,50.31],[-118.551,50.19],[-118.522,50.144],[-118.365,50.004],[-118.253,49.975],[-118.237,50.045],[-118.253,50.116],[-118.373,50.318],[-118.423,50.351]]]}},{"type":"Feature","properties":{"density":3},"geometry":{"type":"Polygon","coordinates":[[[-117.103,50.505],[-117.138,50.529],[-117.165,50.518],[-117.21,50.455],[-117.246,50.439],[-117.248,50.41],[-117.162,50.349],[-117.12,50.354],[-117.088,50.404],[-117.103,50.505]]]}},{"type":"Feature","properties":{"density":3},"geometry":{"type":"Polygon","coordinates":[[[-121.153,50.405],[-121.236,50.451],[-121.273,50.438],[-121.302,50.405],[-121.314,50.376],[-121.285,50.281],[-121.281,50.207],[-121.31,50.128],[-121.31,50.058],[-121.352,50.058],[-121.409,50.083],[-121.525,50.074],[-121.571,50.046],[-121.595,50.0],[-121.591,49.95],[-121.562,49.893],[-121.509,49.847],[-121.438,49.81],[-121.256,49.802],[-121.141,49.864],[-120.98,49.992],[-120.707,50.05],[-120.566,50.12],[-120.484,50.19],[-120.293,50.434],[-120.182,50.513],[-119.934,50.575],[-119.731,50.694],[-119.665,50.707],[-119.611,50.67],[-119.578,50.384],[-119.525,50.347],[-119.372,50.351],[-119.049,50.413],[-118.847,50.579],[-118.661,50.856],[-118.499,50.938],[-118.458,50.984],[-118.454,51.104],[-118.512,51.286],[-118.512,51.459],[-118.466,51.633],[-118.367,51.819],[-118.189,52.017],[-117.904,52.224],[-117.834,52.253],[-117.623,52.282],[-117.553,52.257],[-117.433,52.187],[-117.078,51.798],[-116.908,51.753],[-116.722,51.74],[-116.305,51.491],[-116.016,51.408],[-115.579,51.361],[-115.272,51.408],[-114.761,51.519],[-114.24,51.817],[-114.138,51.891],[-113.933,52.179],[-113.905,52.347],[-113.905,52.486],[-114.063,52.691],[-114.165,52.765],[-114.407,52.793],[-114.51,52.775],[-114.872,52.626],[-115.077,52.589],[-115.319,52.589],[-115.561,52.617],[-115.821,52.719],[-116.044,52.877],[-116.416,53.091],[-117.011,53.389],[-117.681,53.491],[-117.979,53.5],[-118.211,53.482],[-118.444,53.37],[-118.704,53.156],[-118.844,52.97],[-119.132,52.644],[-119.29,52.542],[-119.504,52.431],[-120.164,52.142],[-120.387,52.031],[-120.471,51.966],[-120.546,51.854],[-120.592,51.733],[-120.601,51.594],[-120.564,51.463],[-120.518,51.063],[-120.518,50.942],[-120.546,50.831],[-120.657,50.775],[-120.815,50.729],[-120.862,50.673],[-120.927,50.394],[-121.085,50.375],[-121.153,50.405]]]}},{"type":"Feature","properties":{"density":3},"geometry":{"type":"Polygon","coordinates":[[[-122.434,50.38],[-122.469,50.38],[-122.538,50.342],[-122.643,50.366],[-122.654,50.333],[-122.61,50.281],[-122.475,50.215],[-122.439,50.234],[-122.378,50.32],[-122.387,50.364],[-122.434,50.38]]]}},{"type":"Feature","properties":{"density":3},"geometry":{"type":"Polygon","coordinates":[[[-112.135,63.65],[-112.248,63.655],[-112.425,63.633],[-112.822,63.424],[-112.913,63.358],[-112.976,63.286],[-113.014,63.198],[-113.012,63.126],[-112.968,63.107],[-112.904,63.129],[-112.711,63.3],[-112.571,63.402],[-112.469,63.451],[-112.306,63.498],[-112.08,63.52],[-112.014,63.548],[-112.02,63.609],[-112.135,63.65]]]}},{"type":"Feature","properties":{"density":3},"geometry":{"type":"Polygon","coordinates":[[[-112.568,63.22],[-112.634,63.176],[-112.67,63.124],[-112.676,63.055],[-112.659,63.035],[-112.546,63.055],[-112.419,63.121],[-112.196,63.283],[-111.976,63.355],[-111.89,63.416],[-111.879,63.465],[-111.893,63.485],[-112.017,63.49],[-112.35,63.352],[-112.568,63.22]]]}},{"type":"Feature","properties":{"density":3},"geometry":{"type":"Polygon","coordinates":[[[-108.573,62.985],[-108.7,63.007],[-108.735,62.985],[-108.713,62.952],[-108.643,62.917],[-108.555,62.895],[-108.494,62.9],[-108.493,62.933],[-108.511,62.956],[-108.573,62.985]]]}},{"type":"Feature","properties":{"density":3},"geometry":{"type":"Polygon","coordinates":[[[-107.125,61.988],[-107.184,61.992],[-107.198,61.975],[-107.162,61.935],[-107.018,61.9],[-106.807,61.795],[-106.528,61.712],[-106.451,61.709],[-106.441,61.731],[-106.464,61.797],[-106.561,61.867],[-106.686,61.909],[-106.926,61.933],[-107.125,61.988]]]}},{"type":"Feature","properties":{"density":3},"geometry":{"type":"Polygon","coordinates":[[[-89.953,54.326],[-89.992,54.328],[-90.042,54.293],[-90.047,54.218],[-90.097,54.122],[-90.102,54.069],[-90.086,54.045],[-90.031,54.042],[-89.973,54.116],[-89.901,54.251],[-89.896,54.301],[-89.953,54.326]]]}},{"type":"Feature","properties":{"density":3},"geometry":{"type":"Polygon","coordinates":[[[-89.952,49.866],[-90.045,50.001],[-90.087,50.018],[-90.09,49.963],[-90.07,49.924],[-89.96,49.82],[-89.949,49.778],[-89.957,49.731],[-90.01,49.638],[-89.985,49.561],[-89.842,49.583],[-89.701,49.497],[-89.594,49.47],[-89.577,49.489],[-89.583,49.53],[-89.627,49.583],[-89.836,49.731],[-89.952,49.866]]]}},{"type":"Feature","properties":{"density":3},"geometry":{"type":"Polygon","coordinates":[[[-96.544,37.783],[-96.561,37.783],[-96.573,37.76],[-96.564,37.709],[-96.453,37.551],[-96.375,37.352],[-96.338,37.335],[-96.317,37.372],[-96.329,37.455],[-96.544,37.783]]]}},{"type":"Feature","properties":{"density":3},"geometry":{"type":"Polygon","coordinates":[[[-106.371,45.211],[-106.415,45.216],[-106.453,45.178],[-106.474,45.037],[-106.458,44.91],[-106.494,44.831],[-106.46,44.792],[-106.278,44.723],[-106.214,44.658],[-106.139,44.641],[-106.094,44.683],[-106.113,44.776],[-106.149,44.823],[-106.245,44.898],[-106.295,44.965],[-106.305,45.133],[-106.371,45.211]]]}},{"type":"Feature","properties":{"density":3},"geometry":{"type":"Polygon","coordinates":[[[-109.008,37.603],[-109.034,37.605],[-109.049,37.576],[-108.989,37.516],[-108.945,37.421],[-108.914,37.395],[-108.86,37.399],[-108.836,37.435],[-108.854,37.512],[-108.9,37.555],[-109.008,37.603]]]}},{"type":"Feature","properties":{"density":3},"geometry":{"type":"Polygon","coordinates":[[[-110.647,46.824],[-110.681,46.812],[-110.678,46.763],[-110.663,46.747],[-110.544,46.719],[-110.441,46.662],[-110.101,46.696],[-109.697,46.587],[-109.653,46.6],[-109.627,46.642],[-109.638,46.701],[-109.684,46.752],[-109.864,46.835],[-110.179,46.809],[-110.372,46.827],[-110.647,46.824]]]}},{"type":"Feature","properties":{"density":3},"geometry":{"type":"Polygon","coordinates":[[[-113.988,47.102],[-114.283,47.054],[-114.352,47.015],[-114.353,46.97],[-114.312,46.958],[-114.17,47.016],[-113.955,47.051],[-113.943,47.08],[-113.988,47.102]]]}},{"type":"Feature","properties":{"density":3},"geometry":{"type":"Polygon","coordinates":[[[-113.257,47.923],[-113.314,47.905],[-113.319,47.867],[-113.291,47.849],[-113.221,47.843],[-113.154,47.864],[-112.873,47.856],[-112.652,47.89],[-112.412,47.836],[-112.335,47.851],[-112.312,47.864],[-112.304,47.895],[-112.307,47.934],[-112.335,47.98],[-112.459,48.037],[-112.605,48.068],[-112.75,48.068],[-113.257,47.923]]]}},{"type":"Feature","properties":{"density":3},"geometry":{"type":"Polygon","coordinates":[[[-114.171,48.878],[-114.215,48.891],[-114.272,48.87],[-114.284,48.847],[-114.279,48.736],[-114.333,48.685],[-114.8,48.605],[-114.877,48.543],[-114.874,48.523],[-114.828,48.479],[-114.727,48.474],[-114.545,48.505],[-114.388,48.582],[-114.313,48.59],[-114.12,48.548],[-113.991,48.551],[-113.978,48.626],[-114.011,48.724],[-114.081,48.827],[-114.171,48.878]]]}},{"type":"Feature","properties":{"density":3},"geometry":{"type":"Polygon","coordinates":[[[-116.313,49.154],[-116.398,49.133],[-116.486,49.079],[-116.556,49.076],[-116.633,49.048],[-116.659,48.991],[-116.653,48.971],[-116.581,48.945],[-116.486,48.963],[-116.391,49.04],[-116.283,49.079],[-116.259,49.128],[-116.283,49.156],[-116.313,49.154]]]}},{"type":"Feature","properties":{"density":3},"geometry":{"type":"Polygon","coordinates":[[[-115.081,46.922],[-115.12,46.911],[-115.157,46.87],[-115.234,46.843],[-115.246,46.81],[-115.232,46.784],[-115.194,46.784],[-115.122,46.832],[-115.062,46.851],[-115.048,46.904],[-115.081,46.922]]]}},{"type":"Feature","properties":{"density":3},"geometry":{"type":"Polygon","coordinates":[[[-114.963,46.258],[-115.027,46.268],[-115.07,46.242],[-115.128,46.234],[-115.178,46.201],[-115.185,46.141],[-115.125,46.112],[-114.876,46.096],[-114.85,46.134],[-114.853,46.186],[-114.895,46.236],[-114.963,46.258]]]}},{"type":"Feature","properties":{"density":3},"geometry":{"type":"Polygon","coordinates":[[[-116.563,43.154],[-116.652,43.158],[-116.69,43.135],[-116.748,43.034],[-116.814,42.969],[-116.957,42.919],[-117.057,42.818],[-117.088,42.718],[-117.073,42.652],[-117.038,42.602],[-117.019,42.494],[-116.988,42.47],[-116.918,42.459],[-116.756,42.544],[-116.663,42.559],[-116.578,42.594],[-116.505,42.664],[-116.443,42.752],[-116.389,42.892],[-116.397,43.065],[-116.447,43.127],[-116.563,43.154]]]}},{"type":"Feature","properties":{"density":3},"geometry":{"type":"Polygon","coordinates":[[[-116.835,33.413],[-116.986,33.393],[-117.005,33.378],[-117.01,33.331],[-116.972,33.302],[-116.847,33.283],[-116.781,33.257],[-116.727,33.269],[-116.713,33.295],[-116.725,33.34],[-116.835,33.413]]]}},{"type":"Feature","properties":{"density":3},"geometry":{"type":"Polygon","coordinates":[[[-115.185,38.058],[-115.271,38.056],[-115.4,37.952],[-115.478,37.93],[-115.571,37.975],[-115.677,37.998],[-115.811,38.0],[-115.859,37.973],[-115.93,37.897],[-115.917,37.657],[-115.983,37.568],[-116.115,37.48],[-116.185,37.414],[-116.221,37.371],[-116.226,37.303],[-116.173,37.258],[-116.046,37.245],[-115.945,37.288],[-115.68,37.346],[-115.544,37.417],[-115.42,37.525],[-115.301,37.573],[-115.245,37.647],[-115.084,37.735],[-115.011,37.793],[-114.995,37.831],[-114.988,37.925],[-115.003,37.97],[-115.099,38.043],[-115.185,38.058]]]}},{"type":"Feature","properties":{"density":3},"geometry":{"type":"Polygon","coordinates":[[[-114.663,39.56],[-114.803,39.621],[-114.883,39.61],[-114.921,39.515],[-115.027,39.405],[-115.038,39.367],[-115.042,39.185],[-114.989,39.106],[-114.925,39.075],[-114.765,39.075],[-114.618,39.121],[-114.421,39.125],[-114.246,39.174],[-114.045,39.178],[-113.943,39.14],[-113.769,39.003],[-113.644,38.943],[-113.534,38.924],[-113.462,38.965],[-113.435,39.075],[-113.409,39.109],[-113.341,39.143],[-113.25,39.159],[-113.197,39.193],[-113.185,39.231],[-113.185,39.28],[-113.246,39.363],[-113.424,39.443],[-113.954,39.485],[-114.455,39.492],[-114.663,39.56]]]}},{"type":"Feature","properties":{"density":3},"geometry":{"type":"Polygon","coordinates":[[[-117.454,39.773],[-117.481,39.659],[-117.401,39.61],[-117.359,39.621],[-117.193,39.765],[-117.102,39.989],[-117.052,40.061],[-116.977,40.117],[-116.897,40.144],[-116.764,40.125],[-116.628,40.17],[-116.537,40.174],[-116.48,40.151],[-116.344,40.053],[-116.276,40.034],[-116.215,40.053],[-116.162,40.114],[-116.151,40.174],[-116.162,40.22],[-116.215,40.299],[-116.397,40.417],[-116.655,40.439],[-116.84,40.493],[-116.958,40.5],[-117.075,40.455],[-117.113,40.402],[-117.219,40.17],[-117.401,39.901],[-117.454,39.773]]]}},{"type":"Feature","properties":{"density":3},"geometry":{"type":"Polygon","coordinates":[[[-117.775,44.767],[-117.806,44.798],[-117.942,44.828],[-117.999,44.794],[-118.082,44.468],[-118.139,44.381],[-118.196,44.362],[-118.257,44.373],[-118.457,44.472],[-118.654,44.54],[-118.742,44.544],[-118.901,44.476],[-118.942,44.366],[-118.954,44.271],[-118.939,44.18],[-118.798,43.975],[-118.545,43.714],[-118.431,43.653],[-118.332,43.653],[-118.245,43.634],[-118.067,43.566],[-117.9,43.536],[-117.821,43.54],[-117.662,43.634],[-117.609,43.744],[-117.593,43.824],[-117.593,43.915],[-117.639,44.028],[-117.639,44.43],[-117.68,44.65],[-117.707,44.711],[-117.775,44.767]]]}},{"type":"Feature","properties":{"density":3},"geometry":{"type":"Polygon","coordinates":[[[-119.424,44.422],[-119.499,44.468],[-119.553,44.464],[-119.602,44.426],[-119.621,44.377],[-119.632,44.233],[-119.678,44.176],[-119.681,44.146],[-119.67,44.085],[-119.458,43.767],[-119.374,43.744],[-119.272,43.812],[-119.257,43.953],[-119.283,44.07],[-119.276,44.161],[-119.363,44.335],[-119.424,44.422]]]}},{"type":"Feature","properties":{"density":3},"geometry":{"type":"Polygon","coordinates":[[[-119.939,45.086],[-119.973,45.112],[-120.026,45.124],[-120.083,45.12],[-120.14,45.078],[-120.159,45.025],[-120.155,44.892],[-120.212,44.722],[-120.147,44.585],[-120.038,44.449],[-119.981,44.422],[-119.841,44.415],[-119.784,44.453],[-119.761,44.517],[-119.757,44.589],[-119.939,45.086]]]}},{"type":"Feature","properties":{"density":3},"geometry":{"type":"Polygon","coordinates":[[[-118.128,45.798],[-118.23,45.791],[-118.393,45.726],[-118.51,45.741],[-118.689,45.847],[-118.791,45.874],[-118.878,45.878],[-118.958,45.859],[-119.056,45.775],[-119.086,45.726],[-119.037,45.643],[-118.783,45.518],[-118.719,45.449],[-118.753,45.377],[-118.901,45.313],[-118.931,45.233],[-118.886,45.127],[-118.783,45.078],[-118.575,45.089],[-118.423,45.135],[-118.245,45.252],[-118.124,45.461],[-118.022,45.499],[-117.999,45.518],[-117.98,45.578],[-117.98,45.628],[-118.029,45.73],[-118.128,45.798]]]}},{"type":"Feature","properties":{"density":3},"geometry":{"type":"Polygon","coordinates":[[[-120.401,45.988],[-120.435,45.991],[-120.496,45.95],[-120.545,45.881],[-120.572,45.764],[-120.64,45.662],[-120.727,45.575],[-120.924,45.457],[-120.996,45.359],[-121.038,45.222],[-121.042,45.029],[-121.186,44.775],[-121.228,44.601],[-121.231,44.532],[-121.209,44.487],[-121.174,44.441],[-121.08,44.377],[-121.019,44.354],[-120.966,44.354],[-120.811,44.411],[-120.746,44.411],[-120.454,44.343],[-120.367,44.343],[-120.303,44.396],[-120.269,44.506],[-120.273,44.582],[-120.314,44.692],[-120.413,44.82],[-120.47,44.866],[-120.496,44.923],[-120.5,45.12],[-120.481,45.192],[-120.409,45.313],[-120.242,45.506],[-120.155,45.734],[-120.163,45.836],[-120.204,45.908],[-120.299,45.999],[-120.401,45.988]]]}},{"type":"Feature","properties":{"density":3},"geometry":{"type":"Polygon","coordinates":[[[-121.354,45.249],[-121.48,45.256],[-121.521,45.226],[-121.559,45.097],[-121.627,44.991],[-121.677,44.972],[-121.737,44.98],[-121.813,44.851],[-121.786,44.767],[-121.749,44.711],[-121.635,44.608],[-121.502,44.597],[-121.335,44.676],[-121.233,44.752],[-121.173,44.828],[-121.154,44.904],[-121.157,45.082],[-121.233,45.218],[-121.354,45.249]]]}},{"type":"Feature","properties":{"density":3},"geometry":{"type":"Polygon","coordinates":[[[-122.128,43.438],[-122.219,43.378],[-122.295,43.365],[-122.467,43.375],[-122.56,43.335],[-122.621,43.206],[-122.623,43.102],[-122.588,43.062],[-122.451,43.042],[-122.345,43.082],[-122.214,43.092],[-122.146,43.12],[-122.093,43.165],[-122.045,43.345],[-122.045,43.431],[-122.06,43.448],[-122.128,43.438]]]}},{"type":"Feature","properties":{"density":3},"geometry":{"type":"Polygon","coordinates":[[[-120.28,48.943],[-120.388,48.955],[-120.496,48.892],[-120.576,48.869],[-120.649,48.869],[-120.746,48.898],[-120.877,48.875],[-121.081,48.71],[-121.178,48.585],[-121.201,48.511],[-121.189,48.415],[-121.127,48.187],[-121.087,48.125],[-120.985,48.062],[-120.871,47.948],[-120.803,47.903],[-120.638,47.897],[-120.541,47.937],[-120.354,48.147],[-120.195,48.443],[-119.973,48.631],[-119.956,48.699],[-119.962,48.784],[-120.013,48.852],[-120.121,48.903],[-120.28,48.943]]]}},{"type":"Feature","properties":{"density":3},"geometry":{"type":"Polygon","coordinates":[[[-119.831,48.71],[-119.893,48.71],[-119.984,48.739],[-120.047,48.818],[-120.07,48.864],[-120.075,49.046],[-120.235,49.33],[-120.246,49.54],[-120.189,49.654],[-119.99,49.841],[-119.592,50.455],[-119.228,50.859],[-119.103,51.098],[-118.95,51.245],[-118.882,51.274],[-118.791,51.257],[-118.603,51.126],[-118.461,50.87],[-118.489,50.461],[-118.592,50.239],[-118.683,49.841],[-118.848,49.654],[-118.984,49.557],[-119.075,49.443],[-119.16,49.227],[-119.314,49.0],[-119.359,48.909],[-119.416,48.852],[-119.461,48.812],[-119.598,48.744],[-119.7,48.716],[-119.831,48.71]]]}},{"type":"Feature","properties":{"density":3},"geometry":{"type":"Polygon","coordinates":[[[-120.553,49.887],[-120.644,49.892],[-120.718,49.87],[-120.763,49.784],[-120.78,49.682],[-120.769,49.426],[-120.837,49.199],[-120.843,49.097],[-120.82,48.994],[-120.757,48.886],[-120.689,48.852],[-120.604,48.864],[-120.553,48.926],[-120.405,49.199],[-120.206,49.426],[-120.178,49.557],[-120.178,49.688],[-120.206,49.767],[-120.274,49.83],[-120.553,49.887]]]}},{"type":"Feature","properties":{"density":3},"geometry":{"type":"Polygon","coordinates":[[[-121.309,49.608],[-121.36,49.608],[-121.428,49.557],[-121.462,49.495],[-121.468,49.33],[-121.434,49.244],[-121.377,49.165],[-121.32,49.119],[-121.275,49.04],[-121.252,48.932],[-121.207,48.83],[-121.127,48.795],[-120.996,48.852],[-120.9,49.017],[-120.831,49.273],[-120.82,49.381],[-120.843,49.5],[-120.877,49.54],[-121.127,49.568],[-121.309,49.608]]]}},{"type":"Feature","properties":{"density":3},"geometry":{"type":"Polygon","coordinates":[[[-118.603,49.262],[-118.649,49.262],[-118.722,49.233],[-118.802,49.159],[-118.865,49.125],[-119.058,49.114],[-119.109,49.097],[-119.155,49.046],[-119.189,48.955],[-119.206,48.824],[-119.291,48.619],[-119.297,48.545],[-119.297,48.471],[-119.257,48.324],[-119.217,48.267],[-119.137,48.25],[-119.075,48.255],[-118.995,48.318],[-118.859,48.545],[-118.74,48.699],[-118.615,48.818],[-118.279,48.909],[-118.211,48.955],[-118.188,49.017],[-118.2,49.114],[-118.239,49.159],[-118.347,49.205],[-118.603,49.262]]]}},{"type":"Feature","properties":{"density":3},"geometry":{"type":"Polygon","coordinates":[[[-118.285,48.187],[-118.45,48.272],[-118.546,48.392],[-118.575,48.471],[-118.586,48.761],[-118.535,48.881],[-118.529,48.989],[-118.552,49.114],[-118.552,49.216],[-118.512,49.313],[-118.461,49.352],[-118.381,49.352],[-118.16,49.262],[-118.08,49.267],[-117.853,49.335],[-117.796,49.324],[-117.733,49.296],[-117.694,49.222],[-117.682,49.114],[-117.648,49.063],[-117.603,49.04],[-117.552,49.034],[-117.25,49.068],[-117.023,49.046],[-116.983,48.949],[-117.023,48.852],[-117.125,48.795],[-117.228,48.773],[-117.307,48.733],[-117.586,48.642],[-117.722,48.568],[-117.807,48.5],[-118.006,48.415],[-118.046,48.375],[-118.069,48.267],[-118.092,48.238],[-118.143,48.21],[-118.285,48.187]]]}},{"type":"Feature","properties":{"density":3},"geometry":{"type":"Polygon","coordinates":[[[-120.178,51.871],[-120.235,51.893],[-120.36,51.899],[-120.473,51.876],[-120.547,51.825],[-120.587,51.74],[-120.689,51.382],[-120.831,51.24],[-121.042,51.149],[-121.121,51.098],[-121.195,51.018],[-121.246,50.921],[-121.36,50.563],[-121.417,50.472],[-121.593,50.29],[-121.695,50.086],[-121.707,49.972],[-121.667,49.841],[-121.604,49.756],[-121.508,49.733],[-121.207,49.728],[-121.059,49.767],[-120.786,49.932],[-120.695,50.018],[-120.587,50.194],[-120.428,50.626],[-120.246,50.87],[-120.121,51.189],[-120.075,51.416],[-120.075,51.575],[-120.098,51.751],[-120.178,51.871]]]}},{"type":"Feature","properties":{"density":3},"geometry":{"type":"Polygon","coordinates":[[[-112.381,63.07],[-112.51,62.986],[-112.555,62.892],[-112.654,62.793],[-112.665,62.751],[-112.665,62.706],[-112.631,62.641],[-112.616,62.547],[-112.635,62.418],[-112.619,62.369],[-112.566,62.327],[-112.532,62.327],[-112.464,62.384],[-112.422,62.494],[-112.4,62.759],[-112.366,62.835],[-112.256,62.979],[-112.252,63.047],[-112.381,63.07]]]}},{"type":"Feature","properties":{"density":3},"geometry":{"type":"Polygon","coordinates":[[[-110.481,64.261],[-110.913,64.301],[-111.021,64.272],[-111.39,64.227],[-111.998,64.051],[-112.192,63.965],[-112.885,63.568],[-113.067,63.42],[-113.118,63.346],[-113.13,63.261],[-113.05,63.136],[-112.953,63.045],[-112.823,62.993],[-112.709,62.976],[-112.612,62.993],[-112.51,63.045],[-112.447,63.107],[-112.192,63.46],[-112.021,63.522],[-111.686,63.533],[-111.555,63.556],[-110.964,63.795],[-110.816,63.835],[-110.27,63.84],[-110.088,63.874],[-110.066,63.914],[-110.066,63.971],[-110.111,64.051],[-110.168,64.108],[-110.31,64.198],[-110.481,64.261]]]}},{"type":"Feature","properties":{"density":3},"geometry":{"type":"Polygon","coordinates":[[[-109.247,62.205],[-109.326,62.237],[-109.368,62.23],[-109.396,62.207],[-109.449,62.081],[-109.571,61.949],[-109.583,61.861],[-109.543,61.8],[-109.52,61.798],[-109.47,61.831],[-109.376,61.954],[-109.217,62.078],[-109.214,62.139],[-109.247,62.205]]]}},{"type":"Feature","properties":{"density":3},"geometry":{"type":"Polygon","coordinates":[[[-108.686,63.125],[-108.714,63.1],[-108.739,63.026],[-108.724,62.986],[-108.688,62.963],[-108.63,62.958],[-108.496,63.001],[-108.362,63.006],[-108.251,62.988],[-108.09,62.872],[-107.892,62.839],[-107.723,62.791],[-107.306,62.766],[-107.279,62.796],[-107.281,62.86],[-107.321,62.956],[-107.38,63.004],[-107.536,63.062],[-107.708,63.193],[-107.766,63.218],[-107.973,63.244],[-108.122,63.203],[-108.522,63.173],[-108.686,63.125]]]}},{"type":"Feature","properties":{"density":3},"geometry":{"type":"Polygon","coordinates":[[[-107.162,62.039],[-107.2,62.042],[-107.231,62.012],[-107.173,61.938],[-106.864,61.893],[-106.71,61.83],[-106.569,61.794],[-106.324,61.777],[-106.21,61.751],[-105.94,61.64],[-105.758,61.638],[-105.541,61.671],[-105.253,61.625],[-105.197,61.623],[-105.172,61.648],[-105.182,61.686],[-105.23,61.749],[-105.293,61.794],[-105.457,61.82],[-105.702,61.918],[-106.127,62.019],[-106.389,62.05],[-106.948,62.029],[-107.162,62.039]]]}},{"type":"Feature","properties":{"density":3},"geometry":{"type":"Polygon","coordinates":[[[-105.812,62.745],[-105.914,62.767],[-106.115,62.771],[-106.187,62.737],[-106.221,62.688],[-106.206,62.65],[-106.157,62.612],[-106.005,62.54],[-105.486,62.495],[-105.156,62.415],[-104.792,62.388],[-104.66,62.362],[-104.52,62.286],[-104.402,62.176],[-104.319,62.131],[-103.845,61.926],[-103.701,61.922],[-103.625,61.975],[-103.629,62.04],[-103.671,62.135],[-103.887,62.32],[-104.091,62.426],[-104.315,62.57],[-104.466,62.639],[-104.701,62.695],[-105.391,62.714],[-105.467,62.73],[-105.812,62.745]]]}},{"type":"Feature","properties":{"density":3},"geometry":{"type":"Polygon","coordinates":[[[-89.986,54.346],[-90.02,54.335],[-90.025,54.318],[-90.028,54.149],[-90.149,53.983],[-90.176,53.88],[-90.165,53.728],[-90.123,53.678],[-90.062,53.658],[-90.001,53.661],[-89.941,53.696],[-89.899,53.782],[-89.937,53.925],[-89.936,53.976],[-89.882,54.129],[-89.87,54.249],[-89.888,54.304],[-89.919,54.333],[-89.986,54.346]]]}},{"type":"Feature","properties":{"density":3},"geometry":{"type":"Polygon","coordinates":[[[-89.926,49.755],[-89.973,49.726],[-89.951,49.649],[-89.891,49.603],[-89.795,49.455],[-89.712,49.428],[-89.695,49.487],[-89.719,49.586],[-89.855,49.693],[-89.889,49.738],[-89.926,49.755]]]}},{"type":"Feature","properties":{"density":3},"geometry":{"type":"Polygon","coordinates":[[[-89.8,49.666],[-89.833,49.64],[-89.839,49.612],[-89.81,49.581],[-89.673,49.533],[-89.606,49.536],[-89.364,49.605],[-89.143,49.536],[-89.103,49.533],[-89.076,49.548],[-89.074,49.585],[-89.158,49.664],[-89.308,49.726],[-89.443,49.75],[-89.615,49.751],[-89.707,49.693],[-89.8,49.666]]]}},{"type":"Feature","properties":{"density":3},"geometry":{"type":"Polygon","coordinates":[[[-83.456,51.374],[-83.494,51.37],[-83.517,51.317],[-83.498,51.105],[-83.581,50.734],[-83.642,50.582],[-83.646,50.533],[-83.615,50.51],[-83.528,50.541],[-83.487,50.609],[-83.407,50.825],[-83.384,51.105],[-83.411,51.211],[-83.418,51.348],[-83.456,51.374]]]}},{"type":"Feature","properties":{"density":3},"geometry":{"type":"Polygon","coordinates":[[[-114.878,58.801],[-115.127,58.935],[-115.396,59.031],[-115.991,59.088],[-116.202,59.069],[-116.355,58.973],[-116.509,58.743],[-116.47,58.359],[-116.202,58.052],[-115.799,57.688],[-115.434,57.438],[-115.204,57.151],[-115.108,56.805],[-115.07,56.479],[-115.204,56.096],[-115.511,55.75],[-116.758,55.578],[-117.295,55.578],[-117.871,55.539],[-118.446,55.405],[-119.118,55.194],[-119.578,54.925],[-119.789,54.657],[-120.173,53.103],[-120.327,52.7],[-120.499,52.412],[-120.864,52.22],[-121.286,52.067],[-121.976,51.721],[-122.168,51.606],[-122.36,51.319],[-122.475,50.992],[-122.571,50.647],[-122.571,50.379],[-122.475,50.283],[-122.226,50.129],[-121.689,49.861],[-121.554,49.65],[-121.439,49.112],[-121.228,48.556],[-121.171,48.364],[-121.151,48.211],[-121.151,47.98],[-121.209,47.654],[-121.593,47.386],[-121.919,47.213],[-122.398,47.002],[-122.456,46.753],[-122.437,46.254],[-122.245,46.024],[-122.13,45.928],[-121.976,45.87],[-121.823,45.774],[-121.593,45.41],[-121.554,44.834],[-121.593,44.527],[-121.612,44.201],[-121.574,43.971],[-121.439,43.51],[-121.286,43.299],[-120.96,42.916],[-120.768,42.801],[-120.538,42.724],[-120.269,42.686],[-119.444,42.686],[-119.022,43.031],[-118.274,43.146],[-118.044,43.223],[-117.794,43.434],[-117.621,43.741],[-117.41,44.009],[-117.276,44.297],[-117.219,44.681],[-117.219,45.045],[-117.41,45.371],[-117.621,45.602],[-117.909,45.717],[-118.139,45.774],[-118.466,45.889],[-118.696,46.004],[-118.888,46.177],[-119.041,46.369],[-119.118,46.618],[-119.118,46.925],[-118.964,47.251],[-118.753,47.462],[-118.504,47.578],[-118.159,47.597],[-116.892,47.213],[-116.279,47.194],[-115.434,47.136],[-115.07,47.136],[-114.821,47.156],[-114.533,47.251],[-113.689,47.309],[-113.439,47.347],[-112.94,47.194],[-112.672,47.021],[-112.173,46.964],[-112.0,46.964],[-111.885,47.002],[-111.885,47.136],[-111.943,47.328],[-112.058,47.462],[-112.307,47.578],[-112.864,47.654],[-113.669,47.654],[-114.092,47.674],[-114.859,47.635],[-115.914,47.635],[-116.681,47.616],[-118.005,47.789],[-118.6,47.942],[-118.657,48.057],[-118.619,48.249],[-118.351,48.403],[-118.197,48.46],[-117.909,48.441],[-117.679,48.46],[-117.545,48.575],[-117.219,48.786],[-117.104,49.17],[-116.873,49.208],[-116.681,49.151],[-116.451,48.997],[-115.991,48.997],[-115.837,49.112],[-115.665,49.17],[-115.415,49.208],[-115.166,49.208],[-114.821,48.959],[-114.686,48.882],[-114.322,48.825],[-114.034,48.825],[-113.516,48.94],[-113.247,48.921],[-112.154,48.786],[-111.77,48.709],[-111.291,48.652],[-110.542,48.614],[-109.928,48.614],[-109.487,48.556],[-108.739,48.594],[-108.221,48.69],[-107.722,48.805],[-107.319,48.921],[-106.821,49.285],[-106.571,49.63],[-106.533,49.88],[-106.437,50.052],[-106.245,50.302],[-106.015,50.455],[-105.746,50.59],[-105.516,50.743],[-105.228,50.858],[-104.902,50.935],[-104.71,51.031],[-104.595,51.127],[-104.595,51.376],[-104.768,51.664],[-105.017,51.837],[-105.765,51.971],[-106.341,51.952],[-106.629,51.894],[-107.089,51.702],[-107.262,51.549],[-107.396,51.338],[-107.569,51.146],[-107.876,50.973],[-108.279,50.839],[-109.142,50.417],[-109.967,49.88],[-110.255,49.726],[-110.542,49.65],[-110.907,49.611],[-111.367,49.573],[-111.713,49.592],[-111.981,49.688],[-112.48,49.995],[-112.557,50.129],[-112.633,50.34],[-112.653,50.494],[-112.672,50.685],[-112.576,50.897],[-112.327,51.28],[-111.559,51.779],[-111.329,52.374],[-111.367,52.566],[-111.425,52.719],[-111.54,52.911],[-111.809,53.16],[-112.096,53.467],[-112.211,53.621],[-112.288,53.889],[-112.288,54.158],[-112.269,54.292],[-112.116,54.446],[-111.866,54.58],[-111.444,54.676],[-111.041,54.733],[-110.581,54.657],[-110.255,54.522],[-109.948,54.331],[-109.756,54.235],[-109.449,54.158],[-108.375,54.004],[-108.01,53.985],[-107.3,54.043],[-106.744,54.139],[-106.456,54.158],[-105.976,54.273],[-105.919,54.388],[-105.9,54.58],[-105.9,54.829],[-105.957,55.021],[-106.187,55.328],[-106.456,55.539],[-106.782,55.712],[-107.895,56.172],[-109.161,56.479],[-110.274,56.844],[-110.964,57.016],[-111.904,57.343],[-112.921,57.765],[-114.878,58.801]]]}},{"type":"Feature","properties":{"density":3},"geometry":{"type":"Polygon","coordinates":[[[-148.244,64.326],[-148.328,64.341],[-148.365,64.321],[-148.367,64.298],[-148.248,64.181],[-148.156,64.16],[-148.122,64.176],[-148.108,64.21],[-148.12,64.238],[-148.244,64.326]]]}}]}