{"type":"FeatureCollection","features":[{"type":"Feature","properties":{"density":1},"geometry":{"type":"Polygon","coordinates":[[[-76.383,20.605],[-76.437,20.607],[-76.578,20.538],[-76.734,20.529],[-76.808,20.51],[-76.829,20.49],[-76.803,20.467],[-76.755,20.461],[-76.566,20.486],[-76.349,20.566],[-76.347,20.583],[-76.383,20.605]]]}},{"type":"Feature","properties":{"density":1},"geometry":{"type":"Polygon","coordinates":[[[-78.035,21.728],[-78.193,21.725],[-78.239,21.693],[-78.231,21.673],[-78.2,21.664],[-78.102,21.686],[-78.036,21.682],[-78.018,21.702],[-78.035,21.728]]]}},{"type":"Feature","properties":{"density":1},"geometry":{"type":"Polygon","coordinates":[[[-85.007,30.523],[-85.184,30.54],[-85.229,30.522],[-85.235,30.5],[-85.217,30.479],[-85.177,30.476],[-84.979,30.487],[-84.975,30.511],[-85.007,30.523]]]}},{"type":"Feature","properties":{"density":1},"geometry":{"type":"Polygon","coordinates":[[[-89.812,32.147],[-89.852,32.118],[-89.845,32.091],[-89.822,32.09],[-89.773,32.128],[-89.782,32.145],[-89.812,32.147]]]}},{"type":"Feature","properties":{"density":1},"geometry":{"type":"Polygon","coordinates":[[[-92.238,48.266],[-92.254,48.226],[-92.155,48.174],[-92.083,48.179],[-91.962,48.153],[-91.921,48.17],[-91.894,48.202],[-91.897,48.247],[-91.944,48.289],[-91.989,48.294],[-92.076,48.274],[-92.194,48.284],[-92.238,48.266]]]}},{"type":"Feature","properties":{"density":1},"geometry":{"type":"Polygon","coordinates":[[[-92.858,32.209],[-92.989,32.074],[-93.243,31.866],[-93.295,31.789],[-93.268,31.78],[-93.237,31.792],[-93.063,31.881],[-92.891,32.025],[-92.793,32.151],[-92.781,32.224],[-92.818,32.233],[-92.858,32.209]]]}},{"type":"Feature","properties":{"density":1},"geometry":{"type":"Polygon","coordinates":[[[-93.227,31.801],[-93.247,31.755],[-93.238,31.715],[-93.145,31.744],[-92.976,31.911],[-92.783,32.013],[-92.755,32.072],[-92.759,32.1],[-92.799,32.122],[-92.853,32.103],[-93.047,31.923],[-93.227,31.801]]]}},{"type":"Feature","properties":{"density":1},"geometry":{"type":"Polygon","coordinates":[[[-92.241,32.042],[-92.33,32.054],[-92.452,31.949],[-92.666,31.834],[-92.704,31.755],[-92.733,31.589],[-92.727,31.548],[-92.686,31.534],[-92.627,31.563],[-92.546,31.642],[-92.429,31.71],[-92.295,31.859],[-92.218,31.911],[-92.203,31.975],[-92.241,32.042]]]}},{"type":"Feature","properties":{"density":1},"geometry":{"type":"Polygon","coordinates":[[[-105.829,36.089],[-106.035,36.149],[-106.067,36.14],[-106.145,36.066],[-106.26,35.607],[-106.416,35.387],[-106.426,35.231],[-106.338,35.01],[-106.237,34.803],[-106.201,34.776],[-106.132,34.758],[-106.077,34.758],[-106.021,34.78],[-105.879,34.868],[-105.75,35.047],[-105.691,35.194],[-105.677,35.276],[-105.686,35.598],[-105.663,35.846],[-105.723,36.016],[-105.75,36.053],[-105.829,36.089]]]}},{"type":"Feature","properties":{"density":1},"geometry":{"type":"Polygon","coordinates":[[[-106.738,37.037],[-106.834,37.055],[-106.868,37.022],[-106.86,36.953],[-106.813,36.867],[-106.742,36.806],[-106.648,36.765],[-106.562,36.745],[-106.47,36.78],[-106.442,36.847],[-106.46,36.92],[-106.525,36.98],[-106.738,37.037]]]}},{"type":"Feature","properties":{"density":1},"geometry":{"type":"Polygon","coordinates":[[[-104.455,37.159],[-104.504,37.097],[-104.519,37.033],[-104.47,36.95],[-104.418,36.938],[-104.354,36.95],[-104.219,37.027],[-103.947,37.125],[-103.622,37.153],[-103.567,37.183],[-103.537,37.238],[-103.537,37.296],[-103.561,37.355],[-103.616,37.413],[-103.705,37.443],[-103.818,37.434],[-103.932,37.373],[-104.128,37.306],[-104.33,37.202],[-104.455,37.159]]]}},{"type":"Feature","properties":{"density":1},"geometry":{"type":"Polygon","coordinates":[[[-146.368,64.645],[-146.586,64.639],[-147.077,64.678],[-147.296,64.705],[-147.741,64.791],[-147.986,64.858],[-148.47,64.904],[-148.636,64.891],[-148.776,64.851],[-148.915,64.778],[-148.981,64.692],[-148.994,64.559],[-148.941,64.433],[-148.868,64.333],[-148.656,64.161],[-148.431,63.949],[-148.285,63.882],[-148.112,63.876],[-147.94,63.882],[-147.469,63.955],[-147.004,64.095],[-145.989,64.168],[-145.804,64.201],[-145.558,64.36],[-145.386,64.433],[-144.988,64.552],[-144.948,64.619],[-145.001,64.692],[-145.094,64.751],[-145.412,64.798],[-146.368,64.645]]]}},{"type":"Feature","properties":{"density":1},"geometry":{"type":"Polygon","coordinates":[[[-99.173,24.443],[-99.209,24.451],[-99.228,24.418],[-99.187,24.207],[-99.071,23.926],[-99.02,23.852],[-98.991,23.834],[-98.973,23.852],[-98.967,23.95],[-99.032,24.131],[-99.054,24.253],[-99.089,24.333],[-99.173,24.443]]]}},{"type":"Feature","properties":{"density":1},"geometry":{"type":"Polygon","coordinates":[[[-98.23,24.449],[-98.265,24.595],[-98.311,24.618],[-98.344,24.502],[-98.389,24.068],[-98.389,23.924],[-98.358,23.846],[-98.32,23.85],[-98.283,23.885],[-98.228,24.03],[-98.218,24.207],[-98.23,24.449]]]}},{"type":"Feature","properties":{"density":1},"geometry":{"type":"Polygon","coordinates":[[[-93.137,15.933],[-93.205,15.868],[-93.2,15.831],[-93.141,15.833],[-93.04,15.9],[-92.985,15.961],[-92.981,16.032],[-93.137,15.933]]]}},{"type":"Feature","properties":{"density":1},"geometry":{"type":"Polygon","coordinates":[[[-92.558,16.063],[-92.593,16.056],[-92.572,16.005],[-92.473,15.962],[-92.433,15.97],[-92.446,15.995],[-92.558,16.063]]]}},{"type":"Feature","properties":{"density":1},"geometry":{"type":"Polygon","coordinates":[[[-127.335,54.92],[-127.368,54.48],[-127.338,54.226],[-127.233,53.957],[-127.024,53.689],[-126.696,53.435],[-125.651,52.734],[-125.159,52.375],[-124.92,52.122],[-124.487,51.539],[-124.308,51.166],[-124.203,50.853],[-124.114,50.032],[-124.024,49.719],[-123.785,49.166],[-123.382,48.569],[-122.92,48.017],[-122.681,47.778],[-122.044,46.977],[-121.925,46.798],[-121.85,46.455],[-121.865,46.096],[-121.83,45.276],[-121.78,44.977],[-121.661,44.629],[-121.631,44.45],[-121.631,44.241],[-121.671,43.972],[-121.731,43.763],[-122.178,43.146],[-122.318,43.027],[-123.134,42.599],[-123.81,41.823],[-123.87,41.654],[-124.188,40.937],[-124.358,40.489],[-124.447,40.051],[-124.457,39.803],[-124.487,39.594],[-124.457,39.305],[-124.417,38.531],[-124.328,38.352],[-124.164,38.158],[-123.492,37.606],[-123.298,37.427],[-123.014,36.979],[-122.82,36.442],[-122.566,35.845],[-122.273,35.417],[-122.183,35.387],[-121.984,35.397],[-121.795,35.437],[-121.596,35.506],[-121.218,35.706],[-120.611,36.084],[-120.392,36.203],[-120.163,36.293],[-119.944,36.352],[-119.686,36.382],[-119.417,36.372],[-119.188,36.312],[-118.91,36.203],[-118.691,36.054],[-118.243,35.656],[-117.795,35.118],[-117.357,34.671],[-117.148,34.501],[-116.661,34.243],[-116.094,34.294],[-115.914,34.384],[-115.123,34.832],[-114.631,35.175],[-114.273,35.458],[-113.347,36.011],[-112.735,36.264],[-112.332,36.369],[-110.725,36.648],[-110.024,36.618],[-109.71,36.573],[-109.442,36.498],[-109.173,36.319],[-108.889,36.05],[-108.143,35.095],[-107.874,34.946],[-107.561,34.856],[-107.262,34.558],[-107.098,34.274],[-107.009,33.946],[-106.934,33.483],[-106.83,33.02],[-106.695,32.662],[-106.516,32.468],[-106.262,32.409],[-105.949,32.364],[-105.561,32.349],[-104.994,32.274],[-104.755,32.155],[-104.456,31.916],[-104.217,31.603],[-104.083,31.259],[-103.979,30.871],[-103.904,30.453],[-103.889,30.02],[-104.05,28.864],[-104.05,28.566],[-104.005,28.103],[-103.931,27.79],[-103.662,27.148],[-103.528,26.909],[-103.229,26.491],[-103.065,26.312],[-102.901,26.163],[-102.468,25.82],[-102.184,25.566],[-101.93,25.297],[-101.662,24.954],[-101.453,24.611],[-101.274,24.237],[-101.11,23.834],[-100.841,22.909],[-100.816,22.512],[-100.67,22.275],[-100.531,22.086],[-100.282,21.808],[-100.173,21.639],[-100.013,21.459],[-99.834,21.31],[-99.386,21.012],[-98.869,20.753],[-98.093,20.474],[-97.874,20.325],[-97.635,20.126],[-97.307,19.728],[-97.108,19.29],[-96.949,19.041],[-96.769,18.703],[-96.06,17.763],[-95.98,17.535],[-95.95,17.296],[-95.98,17.027],[-96.07,16.768],[-96.339,16.546],[-96.597,16.296],[-96.69,16.011],[-96.71,15.819],[-96.696,15.613],[-96.604,15.228],[-96.378,14.717],[-96.176,14.369],[-96.076,14.296],[-95.884,14.236],[-95.466,14.157],[-94.995,14.084],[-94.398,14.051],[-94.113,14.064],[-93.33,14.157],[-92.985,14.243],[-92.434,14.455],[-92.136,14.621],[-91.562,15.137],[-91.462,15.286],[-91.363,15.485],[-91.313,15.744],[-91.303,16.033],[-91.363,16.341],[-91.462,16.6],[-91.88,17.356],[-92.03,17.754],[-92.239,18.099],[-92.508,18.606],[-92.798,19.261],[-92.888,19.597],[-92.865,20.179],[-92.686,20.806],[-92.306,21.388],[-91.03,22.351],[-90.649,22.441],[-90.246,22.486],[-89.865,22.508],[-89.529,22.597],[-89.104,22.754],[-88.141,23.224],[-87.626,23.403],[-86.641,23.605],[-86.126,23.538],[-85.611,23.403],[-85.276,23.247],[-84.805,23.09],[-84.358,23.045],[-83.932,23.09],[-83.552,23.202],[-83.283,23.448],[-83.149,23.851],[-83.149,24.209],[-83.283,24.635],[-83.619,25.015],[-84.067,25.418],[-85.074,25.956],[-85.567,26.18],[-86.171,26.314],[-86.932,26.426],[-87.716,26.516],[-89.166,26.633],[-89.733,26.59],[-90.134,26.583],[-90.434,26.501],[-90.865,26.419],[-91.507,26.419],[-91.865,26.508],[-92.164,26.657],[-92.821,27.09],[-93.104,27.374],[-93.814,28.558],[-93.874,28.747],[-93.914,29.085],[-93.854,29.384],[-93.625,29.742],[-93.466,29.921],[-93.237,30.1],[-93.008,30.25],[-92.62,30.399],[-92.431,30.449],[-92.093,30.488],[-91.336,30.548],[-90.958,30.558],[-90.202,30.528],[-89.953,30.478],[-89.575,30.349],[-89.041,30.267],[-88.116,30.237],[-87.459,30.267],[-86.87,30.373],[-86.355,30.328],[-85.885,30.261],[-85.415,30.172],[-85.012,30.015],[-84.631,29.769],[-84.273,29.567],[-83.982,29.321],[-83.646,29.075],[-83.243,28.851],[-82.818,28.716],[-82.28,28.627],[-81.833,28.649],[-80.792,29.097],[-80.545,29.388],[-80.12,29.948],[-79.672,30.395],[-79.068,30.821],[-78.575,31.09],[-78.082,31.336],[-77.433,31.582],[-76.538,31.806],[-74.791,32.142],[-73.806,32.209],[-72.799,32.231],[-70.56,32.231],[-69.53,32.209],[-67.47,32.231],[-66.44,32.41],[-63.905,32.78],[-63.199,33.082],[-61.89,33.737],[-60.882,34.392],[-60.026,35.248],[-58.363,37.062],[-57.507,38.019],[-56.6,38.623],[-55.744,39.329],[-54.736,40.084],[-53.678,40.739],[-52.57,41.293],[-51.512,41.596],[-50.354,41.596],[-49.094,41.394],[-47.986,41.142],[-46.173,40.387],[-45.219,39.957],[-44.443,39.719],[-42.532,39.918],[-41.358,39.813],[-39.976,39.581],[-38.516,39.178],[-37.055,38.724],[-35.594,38.321],[-34.284,38.019],[-32.571,37.767],[-31.312,37.868],[-30.909,38.472],[-31.11,39.329],[-31.665,40.185],[-32.521,40.941],[-33.579,41.696],[-34.486,42.15],[-35.493,42.402],[-36.501,43.258],[-36.954,43.913],[-37.659,44.719],[-38.516,45.071],[-40.027,45.273],[-41.236,45.071],[-42.092,44.618],[-43.1,44.215],[-44.359,44.014],[-45.518,44.165],[-47.533,44.618],[-48.591,44.82],[-49.9,44.82],[-51.361,44.668],[-52.772,44.265],[-54.283,43.711],[-55.442,43.107],[-56.701,42.855],[-57.171,42.889],[-57.641,43.056],[-58.112,43.258],[-58.582,43.56],[-58.951,43.896],[-59.287,44.299],[-59.556,44.568],[-60.071,45.15],[-60.362,45.329],[-60.854,45.486],[-61.324,45.598],[-62.309,45.665],[-62.757,45.732],[-63.362,45.889],[-65.726,46.873],[-67.846,47.539],[-68.284,47.718],[-69.408,48.246],[-71.898,49.044],[-72.48,49.291],[-74.45,49.94],[-75.256,50.231],[-76.085,50.432],[-76.936,50.611],[-77.607,50.723],[-78.525,50.746],[-79.443,50.701],[-80.361,50.679],[-81.66,50.679],[-82.667,50.723],[-83.742,50.835],[-86.003,51.44],[-86.854,51.776],[-87.727,52.156],[-90.332,52.988],[-92.127,53.503],[-92.832,53.906],[-93.671,54.444],[-94.511,54.847],[-95.451,55.082],[-96.392,55.25],[-99.515,55.35],[-100.678,55.484],[-101.384,55.664],[-101.765,55.933],[-102.302,56.403],[-102.683,56.761],[-103.086,57.321],[-103.511,59.0],[-103.513,59.591],[-103.217,60.166],[-102.155,60.949],[-101.442,61.262],[-100.589,61.523],[-99.475,61.627],[-97.839,61.854],[-96.412,62.01],[-95.133,62.106],[-93.633,62.106],[-91.322,62.172],[-88.221,62.352],[-85.478,62.3],[-83.223,62.326],[-81.172,62.527],[-78.112,63.437],[-77.117,64.028],[-76.514,64.328],[-75.446,64.896],[-74.425,65.511],[-73.997,66.17],[-73.92,66.888],[-74.33,67.401],[-76.995,68.785],[-79.507,69.835],[-82.373,70.779],[-87.217,71.651],[-93.727,72.035],[-100.774,72.753],[-107.207,73.112],[-118.168,72.655],[-119.602,72.53],[-120.318,72.441],[-120.99,72.262],[-121.841,72.06],[-122.557,71.859],[-123.161,71.612],[-123.9,71.232],[-124.505,70.762],[-124.863,70.336],[-125.199,69.732],[-125.423,69.105],[-125.512,68.411],[-125.49,67.963],[-125.472,66.712],[-125.333,66.015],[-125.02,65.142],[-124.908,64.761],[-124.729,64.246],[-124.572,63.709],[-124.37,63.149],[-124.273,62.303],[-124.303,61.557],[-124.403,60.821],[-124.532,60.214],[-124.662,59.701],[-124.953,59.007],[-125.4,58.157],[-125.871,57.328],[-126.363,56.5],[-126.968,55.559],[-127.335,54.92]]]}},{"type":"Feature","properties":{"density":1},"geometry":{"type":"Polygon","coordinates":[[[-91.848,33.278],[-91.94,33.324],[-92.009,33.31],[-92.069,33.273],[-92.105,33.214],[-92.161,32.947],[-92.252,32.754],[-92.395,32.63],[-92.684,32.47],[-92.785,32.378],[-92.872,32.24],[-92.891,32.12],[-92.882,32.065],[-92.776,32.042],[-92.56,32.116],[-92.468,32.093],[-92.321,31.946],[-92.133,31.872],[-92.064,31.827],[-91.922,31.657],[-91.844,31.597],[-91.733,31.533],[-91.457,31.441],[-91.325,31.445],[-91.247,31.482],[-91.123,31.579],[-91.003,31.703],[-90.847,31.785],[-90.59,31.808],[-90.429,31.79],[-90.296,31.794],[-90.232,31.822],[-90.19,31.895],[-90.222,32.015],[-90.273,32.084],[-90.466,32.171],[-90.608,32.162],[-91.008,31.96],[-91.146,31.928],[-91.449,31.974],[-91.637,32.061],[-91.724,32.12],[-91.88,32.313],[-91.913,32.405],[-91.931,32.534],[-91.922,32.621],[-91.789,32.828],[-91.724,32.952],[-91.715,32.998],[-91.761,33.172],[-91.848,33.278]]]}},{"type":"Feature","properties":{"density":1},"geometry":{"type":"Polygon","coordinates":[[[-92.236,48.283],[-92.046,48.299],[-91.828,48.252],[-91.746,48.208],[-91.664,48.122],[-91.66,48.063],[-91.683,48.035],[-91.733,48.021],[-91.841,48.03],[-91.978,48.105],[-92.24,48.207],[-92.262,48.25],[-92.236,48.283]]]}},{"type":"Feature","properties":{"density":1},"geometry":{"type":"Polygon","coordinates":[[[-123.133,42.249],[-122.933,42.412],[-122.645,42.561],[-122.43,42.607],[-122.393,42.605],[-122.358,42.57],[-122.391,42.526],[-122.485,42.467],[-122.542,42.454],[-122.731,42.361],[-122.924,42.225],[-123.174,41.966],[-123.297,41.795],[-123.344,41.659],[-123.343,41.569],[-123.322,41.506],[-123.267,41.457],[-123.124,41.389],[-123.071,41.337],[-122.948,41.154],[-122.887,41.089],[-122.76,40.862],[-122.672,40.781],[-122.622,40.757],[-122.589,40.707],[-122.578,40.626],[-122.652,40.56],[-122.909,40.434],[-123.016,40.283],[-123.276,39.983],[-123.341,39.868],[-123.453,39.548],[-123.734,39.168],[-123.806,39.107],[-123.927,39.088],[-124.04,39.085],[-124.238,39.132],[-124.362,39.184],[-124.453,39.272],[-124.486,39.377],[-124.489,39.548],[-124.426,40.107],[-124.316,40.47],[-124.169,40.816],[-123.989,41.168],[-123.708,41.641],[-123.497,41.958],[-123.31,42.177],[-123.166,42.252],[-123.133,42.249]]]}},{"type":"Feature","properties":{"density":1},"geometry":{"type":"Polygon","coordinates":[[[-121.963,45.07],[-121.853,45.097],[-121.659,45.076],[-121.527,45.036],[-121.481,44.99],[-121.481,44.958],[-121.58,44.936],[-121.798,44.932],[-121.875,44.848],[-121.913,44.848],[-121.961,44.905],[-121.99,44.993],[-121.987,45.045],[-121.963,45.07]]]}},{"type":"Feature","properties":{"density":1},"geometry":{"type":"Polygon","coordinates":[[[-122.22,37.05],[-122.166,37.32],[-122.108,37.453],[-122.049,37.528],[-121.973,37.57],[-121.885,37.578],[-121.801,37.556],[-121.736,37.499],[-121.713,37.434],[-121.762,37.067],[-121.758,36.811],[-121.624,36.29],[-121.63,36.191],[-121.654,36.167],[-121.685,36.152],[-121.806,36.15],[-122.003,36.336],[-122.115,36.473],[-122.187,36.615],[-122.216,36.749],[-122.232,37.012],[-122.22,37.05]]]}},{"type":"Feature","properties":{"density":1},"geometry":{"type":"Polygon","coordinates":[[[-105.872,36.041],[-105.76,36.045],[-105.712,36.021],[-105.678,35.976],[-105.659,35.878],[-105.684,35.754],[-105.683,35.637],[-105.639,35.478],[-105.63,35.387],[-105.656,35.268],[-105.69,35.204],[-105.752,35.137],[-105.893,35.091],[-106.033,35.077],[-106.113,35.099],[-106.158,35.138],[-106.19,35.193],[-106.214,35.486],[-106.175,35.58],[-106.056,35.725],[-105.937,35.975],[-105.911,36.016],[-105.872,36.041]]]}},{"type":"Feature","properties":{"density":1},"geometry":{"type":"Polygon","coordinates":[[[-104.485,37.041],[-104.47,37.163],[-104.489,37.3],[-104.484,37.428],[-104.463,37.482],[-104.426,37.517],[-104.323,37.522],[-104.212,37.462],[-104.177,37.411],[-104.15,37.315],[-104.158,37.269],[-104.227,37.133],[-104.337,37.036],[-104.424,37.002],[-104.479,37.012],[-104.485,37.041]]]}},{"type":"Feature","properties":{"density":1},"geometry":{"type":"Polygon","coordinates":[[[-96.525,36.869],[-96.471,36.929],[-96.407,36.966],[-96.306,36.977],[-96.282,36.966],[-96.268,36.933],[-96.274,36.903],[-96.296,36.888],[-96.47,36.837],[-96.522,36.841],[-96.525,36.869]]]}},{"type":"Feature","properties":{"density":1},"geometry":{"type":"Polygon","coordinates":[[[-96.602,37.567],[-96.418,37.708],[-96.321,37.753],[-96.269,37.748],[-96.226,37.694],[-96.224,37.626],[-96.285,37.583],[-96.568,37.501],[-96.605,37.52],[-96.602,37.567]]]}},{"type":"Feature","properties":{"density":1},"geometry":{"type":"Polygon","coordinates":[[[-93.269,31.771],[-93.198,31.853],[-93.018,31.992],[-92.811,32.09],[-92.758,32.1],[-92.714,32.089],[-92.705,32.048],[-92.732,31.991],[-92.785,31.925],[-92.853,31.874],[-93.216,31.709],[-93.255,31.717],[-93.269,31.771]]]}},{"type":"Feature","properties":{"density":1},"geometry":{"type":"Polygon","coordinates":[[[-92.746,31.575],[-92.509,31.78],[-92.374,31.837],[-92.318,31.845],[-92.283,31.828],[-92.278,31.798],[-92.327,31.758],[-92.636,31.553],[-92.732,31.522],[-92.76,31.539],[-92.746,31.575]]]}},{"type":"Feature","properties":{"density":1},"geometry":{"type":"Polygon","coordinates":[[[-91.414,32.65],[-91.328,32.733],[-91.22,32.795],[-91.097,32.831],[-91.048,32.809],[-91.081,32.767],[-91.395,32.596],[-91.428,32.606],[-91.414,32.65]]]}},{"type":"Feature","properties":{"density":1},"geometry":{"type":"Polygon","coordinates":[[[-91.065,32.519],[-91.053,32.557],[-91.008,32.603],[-90.907,32.677],[-90.82,32.702],[-90.771,32.684],[-90.779,32.644],[-90.828,32.578],[-90.964,32.45],[-91.037,32.422],[-91.099,32.428],[-91.065,32.519]]]}},{"type":"Feature","properties":{"density":1},"geometry":{"type":"Polygon","coordinates":[[[-90.554,33.387],[-90.196,33.592],[-90.094,33.622],[-90.019,33.617],[-90.001,33.598],[-90.029,33.558],[-90.337,33.428],[-90.52,33.366],[-90.554,33.366],[-90.554,33.387]]]}},{"type":"Feature","properties":{"density":1},"geometry":{"type":"Polygon","coordinates":[[[-87.82,33.135],[-87.975,33.147],[-88.077,33.181],[-88.14,33.225],[-88.205,33.313],[-88.212,33.38],[-88.171,33.496],[-88.138,33.529],[-87.946,33.606],[-87.555,33.696],[-87.238,33.732],[-87.188,33.727],[-87.151,33.697],[-87.144,33.643],[-87.18,33.583],[-87.327,33.473],[-87.522,33.373],[-87.592,33.241],[-87.678,33.169],[-87.719,33.147],[-87.82,33.135]]]}},{"type":"Feature","properties":{"density":1},"geometry":{"type":"Polygon","coordinates":[[[-81.159,27.758],[-81.025,27.772],[-80.914,27.749],[-80.874,27.72],[-80.856,27.674],[-80.887,27.645],[-80.93,27.634],[-81.018,27.643],[-81.172,27.697],[-81.183,27.735],[-81.159,27.758]]]}},{"type":"Feature","properties":{"density":1},"geometry":{"type":"Polygon","coordinates":[[[-81.268,27.077],[-81.198,27.096],[-81.114,27.082],[-81.037,27.018],[-81.023,26.958],[-81.069,26.926],[-81.152,26.93],[-81.276,27.023],[-81.282,27.058],[-81.268,27.077]]]}},{"type":"Feature","properties":{"density":1},"geometry":{"type":"Polygon","coordinates":[[[-78.022,21.724],[-78.109,21.775],[-78.236,21.804],[-78.303,21.799],[-78.327,21.762],[-78.29,21.697],[-78.167,21.665],[-78.039,21.679],[-78.02,21.7],[-78.022,21.724]]]}},{"type":"Feature","properties":{"density":1},"geometry":{"type":"Polygon","coordinates":[[[-76.332,20.602],[-76.554,20.653],[-76.609,20.625],[-76.623,20.552],[-76.603,20.527],[-76.471,20.524],[-76.345,20.56],[-76.332,20.602]]]}},{"type":"Feature","properties":{"density":1},"geometry":{"type":"Polygon","coordinates":[[[-99.033,23.857],[-99.31,24.265],[-99.461,24.431],[-99.496,24.51],[-99.49,24.557],[-99.458,24.584],[-99.371,24.585],[-99.331,24.562],[-99.154,24.308],[-99.038,24.108],[-98.959,23.929],[-98.969,23.859],[-99.033,23.857]]]}},{"type":"Feature","properties":{"density":1},"geometry":{"type":"Polygon","coordinates":[[[-81.921,26.985],[-81.849,26.967],[-81.802,26.908],[-81.776,26.802],[-81.795,26.756],[-81.82,26.743],[-81.868,26.743],[-81.914,26.79],[-81.939,26.952],[-81.921,26.985]]]}},{"type":"Feature","properties":{"density":1},"geometry":{"type":"Polygon","coordinates":[[[-120.559,58.092],[-120.255,58.148],[-119.901,58.166],[-119.517,58.055],[-119.306,57.863],[-119.145,57.534],[-119.083,57.094],[-119.213,56.616],[-119.598,56.232],[-120.676,55.972],[-121.284,55.854],[-121.805,55.823],[-122.828,55.81],[-123.392,55.717],[-123.752,55.494],[-124.204,55.128],[-124.645,54.694],[-124.986,54.459],[-125.19,54.465],[-125.488,54.812],[-125.519,55.079],[-125.463,55.457],[-125.289,55.829],[-125.035,56.213],[-124.812,56.499],[-124.508,56.809],[-124.161,57.063],[-123.739,57.255],[-122.257,57.763],[-121.296,57.987],[-120.726,58.092],[-120.559,58.092]]]}},{"type":"Feature","properties":{"density":1},"geometry":{"type":"Polygon","coordinates":[[[-120.08,39.805],[-119.906,39.952],[-119.784,40.024],[-119.446,40.165],[-119.351,40.18],[-118.981,40.132],[-118.702,40.139],[-118.647,40.119],[-118.632,40.057],[-118.735,39.935],[-119.0,39.737],[-119.38,39.649],[-119.582,39.713],[-119.722,39.717],[-120.071,39.691],[-120.106,39.708],[-120.117,39.748],[-120.08,39.805]]]}},{"type":"Feature","properties":{"density":1},"geometry":{"type":"Polygon","coordinates":[[[-106.851,36.993],[-106.755,37.036],[-106.732,37.033],[-106.722,37.006],[-106.746,36.969],[-106.799,36.949],[-106.847,36.952],[-106.851,36.993]]]}},{"type":"Feature","properties":{"density":1},"geometry":{"type":"Polygon","coordinates":[[[-121.939,45.078],[-121.811,45.079],[-121.534,45.017],[-121.42,44.975],[-121.359,44.932],[-121.343,44.897],[-121.38,44.868],[-121.453,44.869],[-121.81,44.938],[-121.878,44.838],[-121.93,44.825],[-121.978,44.876],[-122.005,44.976],[-121.989,45.039],[-121.939,45.078]]]}},{"type":"Feature","properties":{"density":1},"geometry":{"type":"Polygon","coordinates":[[[-116.096,44.202],[-115.966,44.161],[-115.944,44.122],[-115.952,44.103],[-116.141,44.015],[-116.182,44.016],[-116.201,44.054],[-116.18,44.114],[-116.157,44.162],[-116.096,44.202]]]}},{"type":"Feature","properties":{"density":1},"geometry":{"type":"Polygon","coordinates":[[[-105.762,36.095],[-105.72,36.067],[-105.688,36.017],[-105.666,35.951],[-105.678,35.854],[-105.798,35.675],[-105.879,35.604],[-105.972,35.596],[-106.014,35.625],[-106.027,35.68],[-105.976,35.943],[-106.053,36.137],[-106.049,36.158],[-106.021,36.179],[-105.978,36.182],[-105.789,36.131],[-105.762,36.095]]]}},{"type":"Feature","properties":{"density":1},"geometry":{"type":"Polygon","coordinates":[[[-104.486,37.038],[-104.438,37.27],[-104.432,37.436],[-104.342,37.602],[-104.171,37.659],[-104.054,37.632],[-103.981,37.548],[-103.981,37.506],[-104.016,37.419],[-104.348,37.035],[-104.402,37.006],[-104.459,36.999],[-104.487,37.021],[-104.486,37.038]]]}},{"type":"Feature","properties":{"density":1},"geometry":{"type":"Polygon","coordinates":[[[-96.517,36.901],[-96.295,37.115],[-96.097,37.218],[-96.011,37.229],[-95.882,37.2],[-95.847,37.18],[-95.81,37.124],[-95.804,37.071],[-95.825,37.029],[-95.889,36.998],[-96.371,36.877],[-96.465,36.84],[-96.523,36.84],[-96.531,36.874],[-96.517,36.901]]]}},{"type":"Feature","properties":{"density":1},"geometry":{"type":"Polygon","coordinates":[[[-96.63,37.569],[-96.443,37.711],[-96.315,37.783],[-96.193,37.814],[-96.184,37.789],[-96.202,37.716],[-96.289,37.607],[-96.419,37.543],[-96.558,37.504],[-96.622,37.515],[-96.63,37.569]]]}},{"type":"Feature","properties":{"density":1},"geometry":{"type":"Polygon","coordinates":[[[-121.089,57.251],[-120.896,57.293],[-120.617,57.389],[-120.358,57.441],[-120.16,57.425],[-119.959,57.342],[-119.763,57.18],[-119.475,56.855],[-119.417,56.71],[-119.388,56.553],[-119.438,56.408],[-119.57,56.263],[-119.723,56.152],[-120.223,55.999],[-120.504,55.937],[-120.905,55.978],[-121.112,56.02],[-122.151,55.956],[-122.427,56.011],[-122.647,56.097],[-122.777,56.201],[-122.873,56.367],[-122.854,56.538],[-122.611,56.739],[-122.224,56.9],[-122.067,57.007],[-121.798,57.103],[-121.348,57.21],[-121.089,57.251]]]}},{"type":"Feature","properties":{"density":1},"geometry":{"type":"Polygon","coordinates":[[[-91.079,32.525],[-91.055,32.591],[-90.968,32.693],[-90.66,32.958],[-90.443,33.046],[-90.337,33.048],[-90.324,33.032],[-90.324,32.974],[-90.372,32.913],[-90.726,32.656],[-91.017,32.494],[-91.057,32.488],[-91.079,32.525]]]}},{"type":"Feature","properties":{"density":1},"geometry":{"type":"Polygon","coordinates":[[[-93.265,31.779],[-92.828,32.183],[-92.601,32.299],[-92.544,32.306],[-92.506,32.287],[-92.498,32.244],[-92.575,32.136],[-93.085,31.787],[-93.234,31.707],[-93.275,31.725],[-93.265,31.779]]]}},{"type":"Feature","properties":{"density":1},"geometry":{"type":"Polygon","coordinates":[[[-81.149,27.772],[-80.827,27.772],[-80.646,27.724],[-80.57,27.653],[-80.552,27.613],[-80.552,27.527],[-80.61,27.46],[-80.661,27.453],[-80.744,27.474],[-81.171,27.704],[-81.189,27.743],[-81.149,27.772]]]}},{"type":"Feature","properties":{"density":1},"geometry":{"type":"Polygon","coordinates":[[[-81.241,27.107],[-81.078,27.086],[-80.994,27.046],[-80.894,26.952],[-80.838,26.872],[-80.828,26.839],[-80.843,26.782],[-80.88,26.772],[-80.94,26.783],[-81.01,26.814],[-81.276,26.991],[-81.302,27.027],[-81.305,27.063],[-81.293,27.085],[-81.241,27.107]]]}},{"type":"Feature","properties":{"density":1},"geometry":{"type":"Polygon","coordinates":[[[-77.975,21.743],[-78.238,21.854],[-78.423,21.901],[-78.502,21.865],[-78.542,21.803],[-78.495,21.733],[-78.45,21.706],[-78.323,21.665],[-78.137,21.639],[-77.97,21.644],[-77.941,21.681],[-77.949,21.724],[-77.975,21.743]]]}},{"type":"Feature","properties":{"density":1},"geometry":{"type":"Polygon","coordinates":[[[-76.333,20.643],[-76.48,20.663],[-76.69,20.633],[-76.776,20.595],[-76.816,20.554],[-76.829,20.515],[-76.789,20.496],[-76.366,20.553],[-76.326,20.564],[-76.303,20.605],[-76.312,20.633],[-76.333,20.643]]]}},{"type":"Feature","properties":{"density":1},"geometry":{"type":"Polygon","coordinates":[[[-121.937,45.062],[-121.464,44.973],[-121.332,44.932],[-121.193,44.856],[-121.148,44.813],[-121.123,44.759],[-121.142,44.733],[-121.22,44.72],[-121.608,44.845],[-121.959,44.989],[-121.986,45.035],[-121.937,45.062]]]}},{"type":"Feature","properties":{"density":1},"geometry":{"type":"Polygon","coordinates":[[[-121.739,42.46],[-121.694,42.526],[-121.604,42.597],[-121.185,42.815],[-120.863,42.925],[-120.67,42.971],[-120.558,42.972],[-120.512,42.954],[-120.474,42.901],[-120.471,42.848],[-120.49,42.799],[-120.536,42.751],[-120.897,42.452],[-120.993,42.404],[-121.436,42.307],[-121.61,42.303],[-121.705,42.345],[-121.735,42.39],[-121.739,42.46]]]}},{"type":"Feature","properties":{"density":1},"geometry":{"type":"Polygon","coordinates":[[[-104.493,37.032],[-104.535,37.219],[-104.557,37.583],[-104.549,37.657],[-104.478,37.757],[-104.377,37.774],[-104.329,37.759],[-104.275,37.711],[-104.253,37.662],[-104.235,37.608],[-104.229,37.377],[-104.282,37.157],[-104.35,37.015],[-104.379,36.995],[-104.448,36.987],[-104.487,37.011],[-104.493,37.032]]]}},{"type":"Feature","properties":{"density":1},"geometry":{"type":"Polygon","coordinates":[[[-103.329,37.061],[-103.363,37.143],[-103.379,37.35],[-103.338,37.441],[-103.297,37.47],[-103.233,37.475],[-103.177,37.44],[-103.155,37.405],[-103.143,37.365],[-103.154,37.245],[-103.21,37.111],[-103.243,37.069],[-103.28,37.045],[-103.329,37.061]]]}},{"type":"Feature","properties":{"density":1},"geometry":{"type":"Polygon","coordinates":[[[-121.92,36.408],[-121.96,36.783],[-121.965,37.054],[-121.906,37.19],[-121.799,37.3],[-121.665,37.298],[-121.608,37.254],[-121.546,37.021],[-121.546,36.78],[-121.575,36.648],[-121.586,36.435],[-121.549,36.23],[-121.575,36.156],[-121.628,36.116],[-121.703,36.132],[-121.784,36.174],[-121.909,36.367],[-121.92,36.408]]]}},{"type":"Feature","properties":{"density":1},"geometry":{"type":"Polygon","coordinates":[[[-120.023,35.409],[-120.063,35.56],[-120.022,35.676],[-119.95,35.723],[-119.801,35.78],[-119.738,35.764],[-119.705,35.712],[-119.709,35.65],[-119.761,35.553],[-119.927,35.404],[-119.992,35.393],[-120.023,35.409]]]}},{"type":"Feature","properties":{"density":1},"geometry":{"type":"Polygon","coordinates":[[[-116.138,44.11],[-115.995,44.241],[-115.865,44.299],[-115.738,44.296],[-115.636,44.268],[-115.567,44.233],[-115.529,44.185],[-115.529,44.135],[-115.564,44.082],[-115.632,44.048],[-115.752,44.02],[-116.01,44.024],[-116.129,44.041],[-116.142,44.059],[-116.138,44.11]]]}},{"type":"Feature","properties":{"density":1},"geometry":{"type":"Polygon","coordinates":[[[-115.689,64.646],[-115.925,64.555],[-116.173,64.49],[-116.226,64.437],[-116.222,64.395],[-116.174,64.364],[-116.023,64.353],[-115.764,64.435],[-115.636,64.504],[-115.605,64.553],[-115.591,64.595],[-115.62,64.649],[-115.689,64.646]]]}},{"type":"Feature","properties":{"density":1},"geometry":{"type":"Polygon","coordinates":[[[-113.953,63.877],[-114.681,63.701],[-114.743,63.667],[-114.762,63.608],[-114.688,63.547],[-114.609,63.54],[-114.206,63.616],[-113.923,63.771],[-113.905,63.844],[-113.924,63.87],[-113.953,63.877]]]}},{"type":"Feature","properties":{"density":1},"geometry":{"type":"Polygon","coordinates":[[[-113.121,63.191],[-113.035,63.276],[-112.93,63.328],[-112.855,63.336],[-112.83,63.309],[-112.827,63.214],[-112.877,63.057],[-112.911,63.01],[-112.99,62.998],[-113.069,63.013],[-113.132,63.056],[-113.153,63.112],[-113.121,63.191]]]}},{"type":"Feature","properties":{"density":1},"geometry":{"type":"Polygon","coordinates":[[[-92.895,30.984],[-92.733,31.236],[-92.579,31.431],[-92.327,31.627],[-92.198,31.673],[-92.09,31.69],[-92.035,31.677],[-92.002,31.644],[-91.995,31.539],[-92.053,31.434],[-92.2,31.284],[-92.459,31.085],[-92.584,30.949],[-92.658,30.892],[-92.711,30.872],[-92.759,30.894],[-92.74,30.999],[-92.851,30.92],[-92.88,30.916],[-92.898,30.942],[-92.895,30.984]]]}},{"type":"Feature","properties":{"density":1},"geometry":{"type":"Polygon","coordinates":[[[-91.827,32.675],[-91.643,32.878],[-91.576,32.917],[-91.518,32.914],[-91.496,32.897],[-91.489,32.854],[-91.504,32.809],[-91.678,32.631],[-91.812,32.626],[-91.84,32.648],[-91.827,32.675]]]}},{"type":"Feature","properties":{"density":1},"geometry":{"type":"Polygon","coordinates":[[[-96.639,37.573],[-96.535,37.767],[-96.272,38.11],[-96.098,38.438],[-95.991,38.56],[-95.886,38.631],[-95.748,38.686],[-95.652,38.686],[-95.539,38.656],[-95.476,38.568],[-95.44,38.35],[-95.484,38.121],[-95.531,38.03],[-95.746,37.865],[-96.26,37.656],[-96.519,37.512],[-96.632,37.484],[-96.651,37.521],[-96.639,37.573]]]}},{"type":"Feature","properties":{"density":1},"geometry":{"type":"Polygon","coordinates":[[[-91.88,34.248],[-91.044,34.917],[-90.933,34.965],[-90.88,34.969],[-90.827,34.936],[-90.808,34.879],[-90.823,34.835],[-90.898,34.743],[-91.216,34.493],[-91.679,34.169],[-91.764,34.124],[-91.842,34.123],[-91.884,34.179],[-91.88,34.248]]]}},{"type":"Feature","properties":{"density":1},"geometry":{"type":"Polygon","coordinates":[[[-91.334,32.889],[-91.354,32.95],[-91.343,33.018],[-91.305,33.088],[-91.231,33.172],[-90.517,33.675],[-90.201,33.862],[-89.927,33.972],[-89.826,33.972],[-89.785,33.959],[-89.745,33.921],[-89.682,33.583],[-89.625,33.524],[-89.57,33.504],[-89.343,33.355],[-89.339,33.305],[-89.354,33.265],[-89.453,33.186],[-90.263,32.894],[-90.386,32.817],[-90.529,32.664],[-90.792,32.537],[-90.952,32.48],[-91.103,32.479],[-91.119,32.528],[-91.108,32.585],[-91.084,32.637],[-90.867,32.863],[-90.813,32.963],[-90.832,32.989],[-90.981,32.985],[-91.116,32.954],[-91.277,32.89],[-91.334,32.889]]]}},{"type":"Feature","properties":{"density":1},"geometry":{"type":"Polygon","coordinates":[[[-89.187,31.13],[-89.168,31.188],[-89.127,31.241],[-88.918,31.395],[-88.852,31.421],[-88.787,31.411],[-88.779,31.355],[-88.802,31.307],[-88.86,31.261],[-89.047,31.187],[-89.154,31.105],[-89.185,31.106],[-89.187,31.13]]]}},{"type":"Feature","properties":{"density":1},"geometry":{"type":"Polygon","coordinates":[[[-88.754,31.318],[-88.569,31.504],[-88.495,31.552],[-88.446,31.562],[-88.408,31.541],[-88.407,31.489],[-88.439,31.431],[-88.615,31.297],[-88.73,31.275],[-88.754,31.318]]]}},{"type":"Feature","properties":{"density":1},"geometry":{"type":"Polygon","coordinates":[[[-88.38,31.151],[-88.321,31.245],[-88.197,31.322],[-88.155,31.327],[-88.143,31.308],[-88.175,31.249],[-88.241,31.192],[-88.352,31.126],[-88.381,31.131],[-88.38,31.151]]]}},{"type":"Feature","properties":{"density":1},"geometry":{"type":"Polygon","coordinates":[[[-105.9,35.929],[-105.938,36.019],[-106.134,36.197],[-106.285,36.372],[-106.34,36.509],[-106.338,36.592],[-106.313,36.643],[-106.217,36.743],[-106.096,36.761],[-105.901,36.752],[-105.831,36.721],[-105.62,36.535],[-105.53,36.432],[-105.508,36.377],[-105.493,36.237],[-105.504,36.173],[-105.596,36.002],[-105.659,35.921],[-105.723,35.863],[-105.772,35.835],[-105.81,35.833],[-105.877,35.884],[-105.9,35.929]]]}},{"type":"Feature","properties":{"density":1},"geometry":{"type":"Polygon","coordinates":[[[-78.48,22.064],[-78.572,22.086],[-78.671,22.076],[-78.803,22.005],[-78.91,21.924],[-79.294,21.553],[-79.567,21.367],[-79.593,21.305],[-79.578,21.222],[-79.501,21.136],[-79.288,21.068],[-79.033,21.053],[-78.759,21.083],[-78.607,21.134],[-78.449,21.211],[-78.019,21.522],[-77.949,21.59],[-77.923,21.647],[-77.925,21.704],[-78.009,21.768],[-78.052,21.865],[-78.164,21.992],[-78.248,22.031],[-78.395,22.04],[-78.48,22.064]]]}},{"type":"Feature","properties":{"density":1},"geometry":{"type":"Polygon","coordinates":[[[-76.356,20.628],[-76.614,20.587],[-76.913,20.488],[-77.049,20.471],[-77.38,20.381],[-77.523,20.286],[-77.532,20.238],[-77.51,20.19],[-77.448,20.146],[-77.216,20.117],[-76.977,20.133],[-76.731,20.198],[-76.544,20.326],[-76.325,20.528],[-76.318,20.591],[-76.356,20.628]]]}},{"type":"Feature","properties":{"density":1},"geometry":{"type":"Polygon","coordinates":[[[-148.364,64.843],[-147.744,64.642],[-147.192,64.499],[-145.963,64.358],[-145.597,64.303],[-145.316,64.237],[-145.137,64.163],[-145.095,64.055],[-145.194,63.997],[-145.542,63.989],[-146.101,64.072],[-147.236,64.102],[-148.083,64.033],[-148.182,63.989],[-148.322,63.953],[-148.562,63.931],[-149.185,64.006],[-149.342,64.036],[-149.533,64.11],[-149.729,64.356],[-149.848,64.433],[-150.049,64.529],[-150.277,64.615],[-150.784,64.708],[-150.975,64.758],[-151.046,64.871],[-150.933,64.981],[-150.746,65.042],[-150.553,65.067],[-149.484,65.064],[-149.189,65.036],[-148.588,64.929],[-148.364,64.843]]]}},{"type":"Feature","properties":{"density":1},"geometry":{"type":"Polygon","coordinates":[[[-124.372,59.931],[-124.489,61.837],[-125.199,63.189],[-126.765,64.044],[-129.933,64.62],[-133.671,64.996],[-135.814,64.917],[-137.474,65.31],[-138.411,65.79],[-138.699,66.609],[-138.571,67.28],[-137.783,68.121],[-136.828,68.888],[-136.124,69.357],[-134.615,69.596],[-133.322,69.716],[-128.036,70.555],[-123.398,71.831],[-119.348,73.573],[-112.568,74.751],[-107.483,74.939],[-100.656,74.892],[-90.815,74.562],[-83.8,73.95],[-76.392,72.569],[-73.661,72.286],[-71.778,71.784],[-69.643,70.999],[-67.854,69.712],[-66.567,68.3],[-65.343,66.291],[-64.589,63.278],[-63.397,59.605],[-62.957,57.941],[-63.397,54.112],[-63.271,53.076],[-62.455,52.385],[-60.948,52.134],[-59.442,51.82],[-57.527,51.13],[-54.304,48.19],[-54.032,47.646],[-54.409,46.662],[-54.702,46.327],[-55.371,45.888],[-56.669,45.072],[-56.771,44.703],[-56.562,44.404],[-56.08,44.22],[-55.091,44.035],[-54.419,44.007],[-53.237,44.423],[-51.437,44.842],[-47.524,45.48],[-42.631,44.531],[-41.433,44.722],[-40.594,46.016],[-40.69,46.806],[-41.121,48.004],[-41.672,49.058],[-41.794,49.992],[-41.385,50.855],[-40.133,51.414],[-38.75,51.238],[-37.109,50.405],[-35.516,49.082],[-33.193,47.86],[-32.043,46.207],[-30.558,45.058],[-27.777,44.484],[-24.839,43.696],[-23.529,42.895],[-22.305,41.439],[-21.645,39.924],[-21.948,37.657],[-23.785,35.724],[-28.591,34.655],[-32.664,34.734],[-35.682,35.341],[-38.217,36.314],[-40.133,35.835],[-43.213,34.891],[-44.762,34.933],[-46.113,34.743],[-47.207,34.652],[-48.232,34.617],[-49.006,34.879],[-50.043,35.198],[-50.225,35.848],[-49.69,36.531],[-49.063,36.873],[-48.586,37.25],[-48.424,37.758],[-49.188,38.567],[-50.103,39.057],[-51.139,39.199],[-52.069,39.235],[-53.176,39.064],[-54.098,38.559],[-55.283,36.975],[-57.192,34.661],[-57.715,33.845],[-58.217,33.426],[-59.515,32.401],[-62.601,31.009],[-64.516,31.041],[-68.346,31.041],[-69.727,31.009],[-71.547,30.915],[-75.311,30.605],[-76.732,29.847],[-77.518,28.161],[-78.361,27.409],[-79.119,27.368],[-79.852,27.284],[-81.128,27.619],[-82.195,27.745],[-85.239,27.549],[-85.951,27.605],[-86.571,27.436],[-86.912,27.114],[-87.042,26.832],[-86.791,26.209],[-86.325,25.814],[-85.834,25.596],[-85.214,25.394],[-84.736,25.018],[-83.471,24.571],[-82.903,23.986],[-82.81,23.344],[-83.21,22.674],[-84.633,22.293],[-85.849,22.186],[-88.192,21.921],[-89.894,21.474],[-90.727,21.0],[-91.587,20.354],[-91.882,20.069],[-92.069,19.729],[-92.236,19.486],[-92.322,19.238],[-92.297,18.449],[-92.256,17.882],[-92.332,17.472],[-92.246,17.016],[-92.275,16.472],[-91.689,15.621],[-91.368,14.728],[-91.647,13.598],[-92.397,12.239],[-93.004,11.528],[-93.779,10.942],[-94.888,10.586],[-96.164,10.586],[-98.257,10.816],[-100.747,11.214],[-102.63,11.548],[-104.87,12.114],[-108.281,12.699],[-109.641,12.992],[-111.127,13.474],[-112.089,14.478],[-112.236,15.797],[-111.984,16.989],[-111.482,18.036],[-110.537,20.17],[-110.244,21.063],[-109.853,21.775],[-109.337,22.43],[-108.682,23.49],[-107.433,25.011],[-106.68,25.262],[-105.487,25.137],[-103.398,23.18],[-101.978,22.322],[-100.786,21.98],[-100.087,22.557],[-99.789,24.321],[-99.66,26.379],[-99.288,29.357],[-99.357,31.236],[-100.712,32.626],[-101.701,33.569],[-103.248,34.847],[-104.357,35.935],[-105.361,36.835],[-106.408,37.127],[-111.8,36.332],[-113.516,35.914],[-114.876,34.942],[-115.536,34.784],[-116.169,34.681],[-116.652,34.663],[-117.322,34.663],[-118.67,34.793],[-119.712,34.96],[-120.345,35.165],[-120.893,35.416],[-122.177,36.151],[-122.512,36.458],[-123.451,37.509],[-123.972,37.872],[-124.521,38.392],[-124.939,38.997],[-125.553,39.657],[-125.981,40.662],[-125.841,41.276],[-125.376,41.861],[-124.883,42.271],[-123.251,43.359],[-122.749,43.638],[-122.512,44.112],[-122.372,44.684],[-122.414,45.047],[-122.735,45.368],[-123.209,45.661],[-123.691,46.152],[-123.97,46.462],[-125.024,47.336],[-125.378,47.591],[-125.576,47.87],[-125.75,48.192],[-126.909,49.928],[-127.027,50.337],[-126.773,50.474],[-126.444,50.554],[-126.109,50.542],[-125.17,50.31],[-124.798,50.3],[-124.231,50.319],[-123.631,50.638],[-123.346,51.06],[-123.085,51.326],[-121.87,51.816],[-121.349,51.742],[-119.968,51.247],[-119.131,51.247],[-118.531,51.61],[-118.657,52.363],[-119.717,53.117],[-121.126,53.884],[-122.451,54.163],[-123.386,54.275],[-124.446,54.777],[-125.158,55.516],[-125.492,56.646],[-125.506,57.232],[-124.934,58.683],[-124.372,59.931]]]}},{"type":"Feature","properties":{"density":1},"geometry":{"type":"Polygon","coordinates":[[[-82.106,28.354],[-81.749,28.306],[-81.492,28.226],[-81.431,28.183],[-81.393,28.12],[-81.389,28.073],[-81.42,28.037],[-81.485,28.032],[-81.582,28.039],[-81.789,28.095],[-82.084,28.22],[-82.123,28.25],[-82.139,28.317],[-82.106,28.354]]]}},{"type":"Feature","properties":{"density":1},"geometry":{"type":"Polygon","coordinates":[[[-149.375,65.12],[-149.053,65.101],[-147.919,64.894],[-147.292,64.748],[-146.557,64.601],[-146.18,64.596],[-145.43,64.625],[-144.387,64.732],[-143.724,64.764],[-143.574,64.697],[-143.501,64.564],[-143.574,64.449],[-143.699,64.379],[-145.783,64.037],[-146.07,64.009],[-146.871,63.998],[-147.636,64.017],[-147.894,63.998],[-148.417,63.894],[-148.965,63.964],[-149.145,64.038],[-150.179,64.548],[-150.466,64.567],[-150.934,64.653],[-151.186,64.761],[-151.205,64.86],[-151.129,64.949],[-150.966,65.013],[-150.039,65.073],[-149.501,65.127],[-149.375,65.12]]]}},{"type":"Feature","properties":{"density":1},"geometry":{"type":"Polygon","coordinates":[[[-139.152,62.77],[-139.145,62.894],[-139.071,63.011],[-138.9,63.092],[-138.824,63.096],[-138.805,63.083],[-138.786,63.006],[-138.808,62.957],[-138.844,62.924],[-138.988,62.83],[-139.074,62.743],[-139.112,62.732],[-139.136,62.741],[-139.152,62.77]]]}},{"type":"Feature","properties":{"density":1},"geometry":{"type":"Polygon","coordinates":[[[-148.472,64.101],[-148.724,64.117],[-149.351,64.208],[-149.492,64.281],[-149.569,64.391],[-149.504,64.519],[-149.305,64.62],[-149.128,64.666],[-148.781,64.71],[-148.209,64.681],[-147.27,64.725],[-145.685,64.744],[-145.453,64.682],[-145.33,64.483],[-145.397,64.289],[-145.61,64.209],[-146.187,64.1],[-146.887,64.1],[-147.867,64.048],[-148.297,64.074],[-148.472,64.101]]]}},{"type":"Feature","properties":{"density":1},"geometry":{"type":"Polygon","coordinates":[[[-140.189,63.446],[-140.158,63.597],[-140.117,63.651],[-139.976,63.722],[-139.491,63.736],[-139.455,63.7],[-139.458,63.645],[-139.556,63.508],[-139.737,63.404],[-139.913,63.368],[-140.035,63.368],[-140.098,63.375],[-140.169,63.41],[-140.189,63.446]]]}},{"type":"Feature","properties":{"density":1},"geometry":{"type":"Polygon","coordinates":[[[-139.153,62.772],[-139.115,62.949],[-139.04,63.05],[-138.937,63.118],[-138.88,63.136],[-138.825,63.129],[-138.796,63.096],[-138.784,63.031],[-138.798,62.925],[-138.837,62.854],[-139.092,62.749],[-139.153,62.772]]]}},{"type":"Feature","properties":{"density":2},"geometry":{"type":"Polygon","coordinates":[[[-105.815,35.996],[-105.891,36.011],[-105.953,35.975],[-105.98,35.864],[-106.032,35.776],[-106.038,35.622],[-106.057,35.561],[-106.149,35.457],[-106.194,35.356],[-106.173,35.273],[-106.133,35.246],[-106.047,35.231],[-105.971,35.246],[-105.891,35.31],[-105.845,35.393],[-105.827,35.491],[-105.839,35.702],[-105.775,35.831],[-105.76,35.91],[-105.766,35.941],[-105.815,35.996]]]}},{"type":"Feature","properties":{"density":2},"geometry":{"type":"Polygon","coordinates":[[[-106.82,36.981],[-106.789,36.999],[-106.717,36.975],[-106.708,36.918],[-106.688,36.892],[-106.557,36.902],[-106.549,36.876],[-106.598,36.845],[-106.657,36.843],[-106.707,36.875],[-106.76,36.951],[-106.819,36.955],[-106.82,36.981]]]}},{"type":"Feature","properties":{"density":2},"geometry":{"type":"Polygon","coordinates":[[[-104.423,37.088],[-104.446,37.072],[-104.442,37.038],[-104.401,37.028],[-104.296,37.095],[-104.163,37.133],[-104.182,37.162],[-104.232,37.158],[-104.423,37.088]]]}},{"type":"Feature","properties":{"density":2},"geometry":{"type":"Polygon","coordinates":[[[-115.156,46.883],[-115.196,46.901],[-115.241,46.883],[-115.263,46.783],[-115.298,46.746],[-115.227,46.736],[-115.147,46.777],[-115.133,46.832],[-115.156,46.883]]]}},{"type":"Feature","properties":{"density":2},"geometry":{"type":"Polygon","coordinates":[[[-115.033,46.345],[-115.06,46.351],[-115.088,46.317],[-115.093,46.298],[-115.072,46.266],[-115.007,46.27],[-114.999,46.315],[-115.033,46.345]]]}},{"type":"Feature","properties":{"density":2},"geometry":{"type":"Polygon","coordinates":[[[-115.06,46.205],[-115.113,46.233],[-115.198,46.158],[-115.257,46.146],[-115.428,46.152],[-115.445,46.121],[-115.396,46.076],[-115.31,46.032],[-115.121,46.032],[-115.038,46.091],[-115.027,46.121],[-115.031,46.174],[-115.06,46.205]]]}},{"type":"Feature","properties":{"density":2},"geometry":{"type":"Polygon","coordinates":[[[-113.543,46.23],[-113.689,46.131],[-113.693,46.082],[-113.645,46.081],[-113.513,46.165],[-113.504,46.211],[-113.543,46.23]]]}},{"type":"Feature","properties":{"density":2},"geometry":{"type":"Polygon","coordinates":[[[-121.719,36.288],[-121.75,36.285],[-121.75,36.256],[-121.714,36.212],[-121.669,36.198],[-121.663,36.223],[-121.719,36.288]]]}},{"type":"Feature","properties":{"density":2},"geometry":{"type":"Polygon","coordinates":[[[-123.877,41.219],[-123.978,41.054],[-124.006,40.917],[-124.001,40.743],[-124.024,40.642],[-124.134,40.445],[-124.207,40.249],[-124.211,40.07],[-124.166,39.901],[-124.07,39.759],[-124.015,39.704],[-123.964,39.682],[-123.919,39.686],[-123.845,39.741],[-123.621,39.97],[-123.502,40.02],[-123.429,40.075],[-123.333,40.212],[-123.237,40.432],[-123.123,40.574],[-123.1,40.647],[-123.136,40.816],[-123.205,40.93],[-123.26,40.976],[-123.425,41.058],[-123.608,41.191],[-123.635,41.315],[-123.626,41.392],[-123.598,41.461],[-123.521,41.562],[-123.063,42.042],[-122.912,42.152],[-122.729,42.243],[-122.587,42.252],[-122.505,42.188],[-122.437,42.17],[-122.308,42.179],[-122.084,42.262],[-121.97,42.271],[-121.906,42.225],[-121.878,42.156],[-121.874,42.088],[-121.846,42.037],[-121.75,42.01],[-121.613,42.056],[-121.577,42.092],[-121.577,42.156],[-121.654,42.358],[-121.759,42.486],[-121.91,42.577],[-122.02,42.76],[-122.084,42.788],[-122.235,42.797],[-122.354,42.737],[-122.857,42.353],[-123.205,42.179],[-123.365,42.065],[-123.594,41.736],[-123.727,41.461],[-123.877,41.219]]]}},{"type":"Feature","properties":{"density":2},"geometry":{"type":"Polygon","coordinates":[[[-121.559,42.629],[-121.593,42.682],[-121.643,42.689],[-121.676,42.672],[-121.749,42.614],[-121.789,42.492],[-121.762,42.431],[-121.74,42.275],[-121.655,42.205],[-121.591,42.08],[-121.53,42.05],[-121.508,42.001],[-121.472,41.979],[-121.438,42.065],[-121.429,42.242],[-121.463,42.358],[-121.548,42.501],[-121.545,42.589],[-121.559,42.629]]]}},{"type":"Feature","properties":{"density":2},"geometry":{"type":"Polygon","coordinates":[[[-121.209,45.435],[-121.413,45.44],[-121.51,45.395],[-121.554,45.347],[-121.563,45.311],[-121.55,45.139],[-121.483,44.997],[-121.359,44.803],[-121.214,44.688],[-120.997,44.604],[-120.851,44.555],[-120.422,44.511],[-120.338,44.511],[-120.09,44.573],[-119.887,44.56],[-119.577,44.396],[-119.29,44.321],[-118.874,44.338],[-118.75,44.396],[-118.666,44.546],[-118.653,44.644],[-118.666,44.728],[-118.719,44.807],[-118.87,44.927],[-119.016,44.993],[-119.091,45.055],[-119.237,45.254],[-119.254,45.316],[-119.268,45.559],[-119.303,45.634],[-119.369,45.692],[-119.608,45.758],[-119.701,45.758],[-119.975,45.678],[-120.232,45.519],[-120.409,45.457],[-120.904,45.413],[-121.209,45.435]]]}},{"type":"Feature","properties":{"density":2},"geometry":{"type":"Polygon","coordinates":[[[-120.496,44.414],[-120.542,44.411],[-120.598,44.368],[-120.605,44.344],[-120.492,44.362],[-120.479,44.386],[-120.496,44.414]]]}},{"type":"Feature","properties":{"density":2},"geometry":{"type":"Polygon","coordinates":[[[-120.609,44.432],[-120.642,44.418],[-120.678,44.364],[-120.674,44.335],[-120.647,44.329],[-120.602,44.358],[-120.579,44.423],[-120.609,44.432]]]}},{"type":"Feature","properties":{"density":2},"geometry":{"type":"Polygon","coordinates":[[[-117.961,46.235],[-118.039,46.254],[-118.061,46.247],[-118.079,46.205],[-118.032,46.089],[-118.03,45.983],[-118.018,45.96],[-117.994,45.956],[-117.939,45.983],[-117.902,46.077],[-117.9,46.14],[-117.916,46.184],[-117.961,46.235]]]}},{"type":"Feature","properties":{"density":2},"geometry":{"type":"Polygon","coordinates":[[[-122.222,51.499],[-122.267,51.487],[-122.284,51.446],[-122.278,51.189],[-122.249,51.08],[-122.16,50.891],[-122.031,50.714],[-121.73,50.452],[-121.588,50.246],[-121.532,50.21],[-121.476,50.204],[-121.432,50.222],[-121.344,50.296],[-121.305,50.372],[-121.261,50.611],[-121.167,50.779],[-121.134,50.871],[-121.146,50.933],[-121.217,51.095],[-121.341,51.254],[-121.5,51.342],[-121.898,51.44],[-122.084,51.502],[-122.222,51.499]]]}},{"type":"Feature","properties":{"density":2},"geometry":{"type":"Polygon","coordinates":[[[-148.152,64.628],[-148.28,64.654],[-148.338,64.65],[-148.404,64.614],[-148.448,64.566],[-148.462,64.504],[-148.444,64.442],[-148.36,64.34],[-148.338,64.247],[-148.307,64.194],[-148.148,64.168],[-148.019,64.283],[-147.966,64.296],[-147.865,64.283],[-147.825,64.305],[-147.811,64.353],[-147.82,64.429],[-147.865,64.482],[-148.05,64.601],[-148.152,64.628]]]}},{"type":"Feature","properties":{"density":2},"geometry":{"type":"Polygon","coordinates":[[[-118.048,45.869],[-118.109,45.865],[-118.16,45.824],[-118.26,45.783],[-118.27,45.665],[-118.219,45.584],[-118.185,45.566],[-118.101,45.566],[-117.873,45.625],[-117.596,45.588],[-117.523,45.629],[-117.505,45.669],[-117.525,45.747],[-117.637,45.824],[-117.918,45.844],[-118.048,45.869]]]}},{"type":"Feature","properties":{"density":2},"geometry":{"type":"Polygon","coordinates":[[[-117.852,41.735],[-118.002,41.665],[-118.135,41.54],[-118.215,41.416],[-118.251,41.275],[-118.251,40.991],[-118.277,40.823],[-118.339,40.628],[-118.428,40.459],[-118.552,40.291],[-118.703,40.167],[-118.906,40.096],[-119.81,39.945],[-119.935,39.901],[-119.988,39.777],[-119.917,39.688],[-119.793,39.599],[-119.429,39.546],[-119.226,39.537],[-118.836,39.582],[-118.632,39.67],[-118.224,39.919],[-118.038,40.06],[-117.94,40.229],[-117.861,40.796],[-117.816,40.964],[-117.745,41.15],[-117.542,41.514],[-117.515,41.691],[-117.542,41.78],[-117.586,41.815],[-117.719,41.789],[-117.852,41.735]]]}},{"type":"Feature","properties":{"density":2},"geometry":{"type":"Polygon","coordinates":[[[-119.608,58.774],[-119.847,58.914],[-120.326,59.133],[-120.685,59.253],[-121.024,59.292],[-121.323,59.233],[-121.502,59.053],[-122.021,58.136],[-122.34,57.797],[-122.739,57.558],[-123.197,57.378],[-124.414,57.039],[-125.032,56.8],[-125.71,56.481],[-126.308,56.002],[-126.707,55.563],[-126.906,55.085],[-126.926,54.606],[-126.707,54.187],[-126.348,53.888],[-125.929,53.709],[-125.431,53.609],[-124.952,53.609],[-124.494,53.769],[-123.975,54.028],[-123.477,54.367],[-122.898,54.706],[-122.32,55.105],[-121.702,55.424],[-120.984,55.543],[-120.406,55.484],[-119.269,55.204],[-117.953,54.706],[-117.315,54.387],[-116.916,54.028],[-116.617,53.549],[-116.397,53.011],[-116.397,52.512],[-116.557,52.114],[-116.816,51.695],[-117.095,51.316],[-117.474,50.997],[-117.893,50.817],[-118.332,50.757],[-118.671,50.817],[-119.05,50.937],[-119.389,51.077],[-119.787,51.216],[-120.725,51.416],[-121.183,51.475],[-121.562,51.475],[-121.901,51.416],[-122.101,51.256],[-122.12,50.997],[-122.081,50.698],[-121.981,50.319],[-121.801,49.94],[-121.642,49.721],[-121.542,49.421],[-121.542,49.102],[-121.642,48.664],[-122.001,47.826],[-122.081,47.407],[-122.041,47.028],[-121.901,46.809],[-121.602,46.63],[-121.323,46.51],[-120.864,46.35],[-120.525,46.191],[-120.425,46.111],[-120.326,45.972],[-120.306,45.812],[-120.366,45.692],[-120.565,45.593],[-120.844,45.533],[-121.163,45.533],[-121.383,45.473],[-121.622,45.373],[-121.722,45.254],[-121.722,45.034],[-121.602,44.855],[-121.462,44.675],[-121.283,44.556],[-121.084,44.356],[-121.004,44.177],[-121.064,43.938],[-121.403,43.519],[-122.001,43.18],[-122.539,42.96],[-123.197,42.302],[-123.357,42.103],[-123.716,41.485],[-124.135,40.867],[-124.294,40.468],[-124.374,40.169],[-124.394,39.85],[-124.294,39.57],[-124.095,39.411],[-123.875,39.451],[-123.536,39.65],[-123.237,39.889],[-122.639,40.468],[-122.24,40.986],[-121.821,41.245],[-121.582,41.325],[-121.084,41.285],[-120.784,41.106],[-120.525,40.906],[-120.286,40.567],[-120.186,40.149],[-120.106,39.67],[-119.987,39.251],[-119.767,38.872],[-119.488,38.633],[-119.129,38.454],[-118.83,38.394],[-118.551,38.394],[-118.272,38.474],[-117.893,38.613],[-116.068,39.62],[-115.56,39.8],[-114.991,39.979],[-114.453,40.099],[-113.765,40.189],[-113.017,40.129],[-112.269,40.009],[-111.611,39.8],[-110.953,39.441],[-110.505,39.082],[-109.906,38.394],[-109.488,37.885],[-108.979,37.347],[-108.53,36.958],[-107.992,36.569],[-107.334,36.21],[-106.706,35.971],[-106.197,35.881],[-105.569,35.821],[-104.941,35.851],[-104.432,36.001],[-103.445,36.21],[-102.398,36.539],[-101.172,36.808],[-99.976,36.898],[-99.437,36.838],[-98.839,36.689],[-98.36,36.36],[-97.852,35.941],[-97.493,35.612],[-97.254,35.313],[-95.967,34.276],[-95.578,34.067],[-94.113,33.648],[-93.604,33.558],[-92.647,33.438],[-92.019,33.408],[-90.703,33.408],[-89.895,33.229],[-88.549,32.631],[-87.861,32.362],[-87.532,32.212],[-87.173,31.943],[-86.695,31.644],[-85.707,31.105],[-84.571,30.716],[-83.434,30.567],[-82.985,30.597],[-81.819,31.315],[-81.609,31.494],[-80.024,32.541],[-79.486,32.81],[-78.887,32.99],[-78.409,33.05],[-77.781,33.109],[-76.913,33.109],[-76.016,33.139],[-75.298,33.229],[-74.58,33.379],[-73.743,33.498],[-72.397,33.917],[-71.888,34.246],[-71.26,34.754],[-71.021,34.994],[-70.363,35.323],[-69.675,35.562],[-68.418,35.951],[-67.82,36.22],[-67.282,36.579],[-66.803,37.058],[-66.025,37.506],[-65.158,37.806],[-64.35,38.015],[-63.453,38.164],[-61.658,38.494],[-59.564,38.912],[-57.979,39.301],[-57.321,39.57],[-56.693,39.869],[-56.244,40.348],[-55.915,40.946],[-55.945,41.874],[-56.184,42.053],[-56.543,42.143],[-57.111,42.143],[-57.68,42.023],[-58.517,41.784],[-60.103,40.946],[-60.671,40.707],[-61.18,40.557],[-62.286,40.378],[-63.273,40.288],[-63.961,40.258],[-64.619,40.258],[-65.277,40.318],[-65.876,40.438],[-66.474,40.587],[-67.012,40.767],[-67.491,41.036],[-68.149,41.724],[-68.418,41.963],[-68.658,42.113],[-69.016,42.233],[-69.405,42.292],[-70.542,42.382],[-70.901,42.382],[-72.516,42.621],[-72.995,42.741],[-73.503,42.95],[-73.892,43.22],[-74.969,44.207],[-75.418,44.566],[-75.896,44.865],[-77.87,45.962],[-78.678,46.261],[-79.426,46.5],[-80.413,46.679],[-82.417,46.769],[-83.135,46.739],[-83.913,46.65],[-84.421,46.679],[-85.528,46.919],[-86.036,47.128],[-86.605,47.427],[-88.16,48.115],[-88.609,48.295],[-89.895,48.624],[-90.344,48.713],[-90.972,48.773],[-91.391,48.863],[-92.049,48.923],[-92.737,48.953],[-93.335,49.013],[-93.784,49.102],[-94.262,49.282],[-94.681,49.521],[-95.13,49.701],[-96.057,49.94],[-97.762,50.239],[-99.317,50.448],[-99.886,50.508],[-100.514,50.538],[-101.292,50.628],[-104.403,50.748],[-105.001,50.867],[-105.599,51.047],[-106.167,51.286],[-107.573,51.765],[-108.471,52.213],[-109.488,52.632],[-110.205,52.961],[-110.864,53.23],[-111.372,53.529],[-111.94,53.828],[-112.569,54.187],[-113.376,54.756],[-115.081,55.683],[-115.769,56.102],[-117.205,56.909],[-117.743,57.418],[-119.608,58.774]]]}},{"type":"Feature","properties":{"density":2},"geometry":{"type":"Polygon","coordinates":[[[-115.105,71.954],[-115.977,71.629],[-116.797,71.373],[-117.591,71.04],[-118.258,70.502],[-118.847,69.707],[-119.257,68.938],[-119.462,68.041],[-119.411,66.375],[-119.565,65.581],[-119.616,64.812],[-119.488,64.12],[-118.924,63.582],[-118.283,63.377],[-117.463,63.377],[-116.669,63.479],[-115.977,63.813],[-115.182,64.453],[-114.465,65.068],[-113.875,65.632],[-113.234,66.299],[-112.542,66.914],[-111.799,67.452],[-111.005,67.913],[-109.493,68.58],[-108.775,68.785],[-107.775,68.964],[-106.878,69.041],[-105.93,68.861],[-105.289,68.58],[-104.751,68.246],[-103.393,67.144],[-102.752,66.529],[-102.137,66.068],[-101.471,65.863],[-100.702,65.735],[-99.907,65.709],[-99.138,65.76],[-97.344,66.119],[-96.473,66.222],[-95.73,66.222],[-94.628,65.965],[-93.551,65.376],[-92.783,64.991],[-91.937,64.607],[-91.04,64.325],[-89.528,64.043],[-88.81,63.992],[-87.836,64.018],[-86.99,64.248],[-86.145,64.556],[-85.401,64.684],[-84.607,64.735],[-83.71,64.684],[-82.762,64.581],[-81.839,64.453],[-80.968,64.376],[-79.994,64.351],[-79.174,64.376],[-78.738,64.453],[-78.302,64.838],[-77.969,65.478],[-77.995,66.17],[-78.482,66.811],[-79.225,67.349],[-79.942,67.913],[-80.916,68.451],[-81.813,68.81],[-82.992,69.169],[-84.376,69.477],[-85.478,69.758],[-86.58,69.989],[-88.887,70.322],[-90.989,70.809],[-93.654,71.296],[-94.525,71.501],[-95.909,71.783],[-97.473,72.065],[-100.676,72.424],[-102.316,72.501],[-103.957,72.629],[-105.469,72.68],[-110.629,72.766],[-111.705,72.663],[-113.175,72.415],[-115.105,71.954]]]}},{"type":"Feature","properties":{"density":2},"geometry":{"type":"Polygon","coordinates":[[[-92.232,48.27],[-92.004,48.271],[-91.91,48.227],[-91.884,48.185],[-91.937,48.139],[-92.032,48.141],[-92.245,48.228],[-92.251,48.25],[-92.232,48.27]]]}},{"type":"Feature","properties":{"density":2},"geometry":{"type":"Polygon","coordinates":[[[-115.015,46.327],[-114.837,46.286],[-114.774,46.213],[-114.761,46.035],[-114.818,45.894],[-114.872,45.867],[-114.976,45.864],[-114.992,45.877],[-114.99,45.919],[-114.938,46.023],[-114.941,46.074],[-114.97,46.09],[-115.341,46.034],[-115.494,46.05],[-115.654,46.097],[-115.707,46.138],[-115.666,46.172],[-115.596,46.183],[-115.493,46.159],[-115.318,46.147],[-115.286,46.179],[-115.27,46.249],[-115.187,46.294],[-115.133,46.354],[-115.072,46.356],[-115.015,46.327]]]}},{"type":"Feature","properties":{"density":2},"geometry":{"type":"Polygon","coordinates":[[[-115.204,46.911],[-115.138,46.91],[-115.067,46.883],[-115.037,46.856],[-115.032,46.789],[-115.276,46.714],[-115.423,46.636],[-115.521,46.631],[-115.596,46.676],[-115.589,46.763],[-115.542,46.816],[-115.413,46.852],[-115.385,46.852],[-115.35,46.823],[-115.302,46.824],[-115.204,46.911]]]}},{"type":"Feature","properties":{"density":2},"geometry":{"type":"Polygon","coordinates":[[[-113.693,46.064],[-113.804,46.104],[-113.829,46.142],[-113.83,46.196],[-113.786,46.215],[-113.596,46.203],[-113.518,46.258],[-113.466,46.253],[-113.457,46.215],[-113.481,46.175],[-113.634,46.069],[-113.693,46.064]]]}},{"type":"Feature","properties":{"density":2},"geometry":{"type":"Polygon","coordinates":[[[-121.458,42.918],[-121.556,42.844],[-121.616,42.765],[-121.635,42.675],[-121.612,42.62],[-121.524,42.591],[-121.4,42.585],[-121.208,42.614],[-121.077,42.614],[-120.906,42.526],[-120.856,42.472],[-120.845,42.401],[-120.865,42.353],[-120.905,42.328],[-121.08,42.28],[-121.186,42.203],[-121.274,42.167],[-121.316,42.132],[-121.322,42.026],[-121.34,41.994],[-121.397,41.962],[-121.465,41.95],[-121.635,41.952],[-121.722,41.978],[-121.78,42.062],[-121.747,42.196],[-121.756,42.23],[-121.808,42.25],[-122.06,42.152],[-122.267,42.144],[-122.355,42.206],[-122.391,42.269],[-122.4,42.364],[-122.366,42.568],[-122.319,42.656],[-122.229,42.756],[-121.928,42.878],[-121.357,43.189],[-121.246,43.216],[-121.22,43.177],[-121.458,42.918]]]}},{"type":"Feature","properties":{"density":2},"geometry":{"type":"Polygon","coordinates":[[[-123.448,41.605],[-123.488,41.472],[-123.497,41.346],[-123.479,41.227],[-123.445,41.155],[-123.381,41.114],[-123.199,41.064],[-123.035,40.939],[-122.985,40.861],[-122.896,40.779],[-122.865,40.698],[-122.858,40.578],[-122.914,40.497],[-123.087,40.452],[-123.173,40.404],[-123.237,40.258],[-123.331,40.111],[-123.52,39.936],[-123.579,39.765],[-123.612,39.594],[-123.678,39.418],[-123.774,39.311],[-123.823,39.287],[-123.979,39.289],[-124.136,39.375],[-124.204,39.443],[-124.284,39.605],[-124.306,39.717],[-124.31,39.844],[-124.288,39.943],[-124.215,40.063],[-124.02,40.204],[-123.974,40.32],[-123.985,40.377],[-124.097,40.496],[-124.128,40.559],[-124.13,40.735],[-124.114,40.818],[-124.042,41.016],[-123.946,41.196],[-123.842,41.339],[-123.622,41.558],[-123.47,41.828],[-123.41,41.857],[-123.384,41.849],[-123.383,41.807],[-123.448,41.605]]]}},{"type":"Feature","properties":{"density":2},"geometry":{"type":"Polygon","coordinates":[[[-117.966,45.564],[-118.17,45.558],[-118.576,45.633],[-118.707,45.705],[-118.749,45.774],[-118.758,45.836],[-118.745,45.88],[-118.635,45.939],[-118.262,45.932],[-118.103,45.962],[-118.088,45.997],[-118.2,46.112],[-118.206,46.192],[-118.176,46.253],[-118.046,46.28],[-117.946,46.268],[-117.892,46.24],[-117.852,46.185],[-117.84,46.122],[-117.919,45.941],[-117.901,45.884],[-117.873,45.869],[-117.37,45.959],[-117.301,45.944],[-117.255,45.898],[-117.245,45.857],[-117.278,45.797],[-117.331,45.741],[-117.488,45.637],[-117.682,45.59],[-117.966,45.564]]]}},{"type":"Feature","properties":{"density":2},"geometry":{"type":"Polygon","coordinates":[[[-121.532,45.449],[-121.4,45.474],[-121.275,45.469],[-120.702,45.4],[-120.239,45.535],[-119.674,45.675],[-119.365,45.628],[-119.236,45.557],[-118.974,45.256],[-118.886,45.105],[-118.834,44.876],[-118.674,44.485],[-118.74,44.361],[-119.14,44.336],[-119.308,44.347],[-119.457,44.405],[-119.66,44.43],[-119.864,44.504],[-120.065,44.494],[-120.179,44.48],[-120.502,44.306],[-120.578,44.287],[-120.732,44.289],[-120.762,44.339],[-120.727,44.465],[-120.766,44.536],[-121.123,44.814],[-121.465,45.039],[-121.668,45.239],[-121.681,45.336],[-121.532,45.449]]]}},{"type":"Feature","properties":{"density":2},"geometry":{"type":"Polygon","coordinates":[[[-121.934,45.059],[-121.761,45.067],[-121.737,45.058],[-121.733,45.038],[-121.806,45.004],[-121.882,44.894],[-121.906,44.901],[-121.936,44.987],[-121.97,45.018],[-121.966,45.051],[-121.934,45.059]]]}},{"type":"Feature","properties":{"density":2},"geometry":{"type":"Polygon","coordinates":[[[-121.776,36.235],[-121.862,36.371],[-121.877,36.476],[-121.857,36.503],[-121.823,36.506],[-121.782,36.487],[-121.745,36.448],[-121.646,36.252],[-121.658,36.203],[-121.701,36.189],[-121.725,36.189],[-121.776,36.235]]]}},{"type":"Feature","properties":{"density":2},"geometry":{"type":"Polygon","coordinates":[[[-105.857,36.0],[-105.778,35.99],[-105.76,35.907],[-105.795,35.662],[-105.799,35.507],[-105.814,35.47],[-105.848,35.446],[-105.934,35.469],[-106.021,35.619],[-105.969,35.82],[-105.888,35.995],[-105.857,36.0]]]}},{"type":"Feature","properties":{"density":2},"geometry":{"type":"Polygon","coordinates":[[[-104.47,37.044],[-104.435,37.116],[-104.393,37.282],[-104.353,37.311],[-104.32,37.314],[-104.254,37.288],[-104.236,37.262],[-104.237,37.218],[-104.318,37.105],[-104.409,37.023],[-104.463,37.018],[-104.47,37.044]]]}},{"type":"Feature","properties":{"density":2},"geometry":{"type":"Polygon","coordinates":[[[-113.456,45.838],[-113.269,45.975],[-113.146,46.039],[-112.994,46.08],[-112.926,46.062],[-112.854,45.964],[-112.775,45.911],[-112.756,45.848],[-112.764,45.817],[-112.904,45.73],[-112.925,45.697],[-112.969,45.382],[-113.036,45.268],[-113.077,45.248],[-113.208,45.243],[-113.418,45.286],[-113.53,45.288],[-113.616,45.323],[-113.649,45.356],[-113.671,45.475],[-113.629,45.639],[-113.456,45.838]]]}},{"type":"Feature","properties":{"density":2},"geometry":{"type":"Polygon","coordinates":[[[-96.512,36.871],[-96.449,36.923],[-96.391,36.946],[-96.339,36.948],[-96.309,36.925],[-96.323,36.895],[-96.475,36.846],[-96.514,36.847],[-96.512,36.871]]]}},{"type":"Feature","properties":{"density":2},"geometry":{"type":"Polygon","coordinates":[[[-96.591,37.56],[-96.454,37.645],[-96.347,37.682],[-96.361,37.622],[-96.436,37.56],[-96.57,37.515],[-96.605,37.541],[-96.591,37.56]]]}},{"type":"Feature","properties":{"density":2},"geometry":{"type":"Polygon","coordinates":[[[-91.41,32.642],[-91.319,32.697],[-91.299,32.686],[-91.39,32.61],[-91.415,32.606],[-91.41,32.642]]]}},{"type":"Feature","properties":{"density":2},"geometry":{"type":"Polygon","coordinates":[[[-91.054,32.536],[-90.895,32.651],[-90.83,32.649],[-90.861,32.612],[-91.029,32.499],[-91.052,32.502],[-91.054,32.536]]]}},{"type":"Feature","properties":{"density":2},"geometry":{"type":"Polygon","coordinates":[[[-81.157,27.747],[-81.034,27.754],[-80.954,27.729],[-80.915,27.688],[-80.935,27.658],[-81.063,27.679],[-81.161,27.703],[-81.176,27.722],[-81.157,27.747]]]}},{"type":"Feature","properties":{"density":2},"geometry":{"type":"Polygon","coordinates":[[[-81.242,27.072],[-81.155,27.054],[-81.089,26.984],[-81.089,26.947],[-81.141,26.948],[-81.258,27.024],[-81.277,27.058],[-81.242,27.072]]]}},{"type":"Feature","properties":{"density":2},"geometry":{"type":"Polygon","coordinates":[[[-121.548,51.466],[-121.417,51.44],[-121.302,51.387],[-121.138,51.196],[-121.125,51.13],[-121.263,51.048],[-121.32,50.989],[-121.311,50.917],[-121.233,50.888],[-121.125,50.882],[-120.934,50.899],[-120.596,50.823],[-120.375,50.754],[-120.298,50.693],[-120.383,50.654],[-120.515,50.643],[-120.897,50.689],[-121.064,50.688],[-121.153,50.638],[-121.158,50.513],[-121.119,50.395],[-121.009,50.3],[-120.677,50.232],[-120.53,50.185],[-120.331,50.065],[-120.074,49.981],[-119.749,50.159],[-119.47,50.453],[-119.211,50.779],[-118.718,51.077],[-118.244,51.337],[-117.453,51.718],[-114.907,52.323],[-113.749,52.462],[-111.977,52.407],[-110.15,52.197],[-108.294,51.835],[-106.955,51.388],[-105.56,51.109],[-102.268,50.593],[-101.124,50.384],[-98.264,50.342],[-97.12,50.216],[-94.33,49.812],[-92.67,49.31],[-89.642,48.473],[-87.647,47.887],[-85.973,47.301],[-84.997,46.98],[-81.76,46.352],[-78.3,45.522],[-76.959,44.924],[-73.307,43.453],[-69.443,42.192],[-66.584,41.612],[-63.674,41.896],[-60.981,41.928],[-58.702,42.143],[-56.402,43.283],[-53.387,43.653],[-51.452,43.718],[-49.082,42.557],[-46.634,42.001],[-44.188,42.162],[-42.785,42.291],[-41.269,42.202],[-39.528,41.928],[-37.432,41.573],[-35.755,41.428],[-33.836,41.154],[-32.433,40.848],[-30.464,40.128],[-29.481,39.245],[-29.518,38.204],[-30.521,37.116],[-32.549,37.226],[-35.455,37.673],[-38.464,38.226],[-40.302,39.074],[-43.414,39.638],[-45.759,39.753],[-48.008,40.478],[-50.315,40.408],[-53.048,39.9],[-56.217,38.377],[-57.257,36.805],[-59.603,34.918],[-61.683,33.418],[-63.884,32.644],[-68.516,32.391],[-70.406,32.137],[-71.97,32.282],[-74.373,33.104],[-75.308,34.088],[-75.593,36.012],[-78.468,39.229],[-79.994,40.368],[-81.574,41.314],[-84.283,42.496],[-86.019,43.074],[-90.031,43.358],[-90.784,43.246],[-91.482,43.079],[-91.998,42.911],[-92.556,42.646],[-93.268,42.298],[-95.025,41.223],[-96.058,40.833],[-96.63,40.777],[-97.23,40.916],[-97.788,41.126],[-99.601,42.228],[-100.368,42.786],[-102.768,44.23],[-104.337,44.753],[-105.216,45.004],[-106.451,45.13],[-107.937,45.255],[-108.878,45.234],[-109.736,45.151],[-110.406,45.025],[-111.327,44.544],[-112.101,44.062],[-113.561,43.374],[-113.98,43.244],[-115.356,42.667],[-116.02,42.205],[-116.299,42.047],[-116.717,41.917],[-117.117,41.852],[-117.415,41.88],[-118.019,41.973],[-118.484,41.908],[-118.89,41.809],[-119.082,41.703],[-119.411,41.573],[-119.839,41.523],[-120.217,41.61],[-120.484,41.895],[-120.688,42.509],[-120.713,42.751],[-120.595,43.073],[-120.378,43.309],[-119.399,43.886],[-119.138,43.96],[-119.045,44.065],[-119.126,44.202],[-119.324,44.27],[-119.889,44.396],[-120.14,44.396],[-120.275,44.369],[-120.572,44.268],[-120.712,44.282],[-120.772,44.313],[-120.791,44.367],[-120.787,44.418],[-120.837,44.554],[-121.147,44.751],[-121.518,45.061],[-121.603,45.133],[-121.698,45.282],[-121.687,45.331],[-121.645,45.394],[-121.494,45.482],[-121.261,45.498],[-120.669,45.498],[-120.157,45.597],[-119.809,45.758],[-119.727,45.837],[-119.706,45.928],[-119.756,46.019],[-119.859,46.081],[-120.281,46.155],[-121.186,46.502],[-121.359,46.61],[-121.686,46.763],[-121.942,46.961],[-122.186,47.193],[-122.384,47.428],[-123.095,48.528],[-123.389,49.078],[-123.352,49.164],[-123.219,49.226],[-122.963,49.309],[-122.697,49.616],[-122.6,49.82],[-122.539,50.054],[-122.291,50.221],[-122.207,50.318],[-122.19,50.439],[-122.284,50.56],[-122.559,50.742],[-122.681,50.781],[-122.926,50.739],[-123.033,50.739],[-123.124,50.803],[-123.097,50.932],[-123.044,51.067],[-122.97,51.172],[-122.841,51.238],[-122.722,51.219],[-122.628,51.158],[-122.568,51.051],[-122.399,50.902],[-122.311,50.872],[-122.278,50.918],[-122.272,51.012],[-122.301,51.197],[-122.366,51.392],[-122.416,51.43],[-122.483,51.426],[-122.525,51.468],[-122.464,51.537],[-122.382,51.561],[-122.069,51.538],[-121.964,51.549],[-121.548,51.466]]]}},{"type":"Feature","properties":{"density":2},"geometry":{"type":"Polygon","coordinates":[[[-122.443,56.988],[-122.009,57.081],[-120.949,57.466],[-120.323,57.577],[-119.852,57.491],[-119.523,57.205],[-119.449,56.821],[-119.746,56.492],[-120.242,56.294],[-120.689,56.244],[-121.805,56.052],[-122.226,56.009],[-122.679,55.996],[-122.964,56.015],[-123.157,56.232],[-123.126,56.585],[-123.045,56.765],[-122.939,56.902],[-122.809,56.957],[-122.443,56.988]]]}},{"type":"Feature","properties":{"density":2},"geometry":{"type":"Polygon","coordinates":[[[-113.223,47.959],[-113.577,47.992],[-113.612,47.961],[-113.625,47.922],[-113.605,47.878],[-113.508,47.829],[-113.221,47.819],[-113.179,47.856],[-113.177,47.891],[-113.192,47.939],[-113.223,47.959]]]}},{"type":"Feature","properties":{"density":2},"geometry":{"type":"Polygon","coordinates":[[[-120.271,62.092],[-120.215,62.218],[-120.204,62.352],[-120.327,62.542],[-120.595,62.739],[-120.766,62.843],[-121.026,62.877],[-121.555,62.825],[-121.7,62.765],[-121.767,62.698],[-121.796,62.624],[-121.778,62.568],[-121.718,62.494],[-121.596,62.419],[-121.287,62.256],[-121.021,62.154],[-120.771,62.032],[-120.543,61.98],[-120.339,62.022],[-120.297,62.045],[-120.271,62.092]]]}},{"type":"Feature","properties":{"density":2},"geometry":{"type":"Polygon","coordinates":[[[-115.071,46.333],[-115.003,46.373],[-114.889,46.372],[-114.778,46.277],[-114.764,46.228],[-114.771,45.974],[-114.804,45.938],[-114.881,45.935],[-114.954,45.953],[-115.111,46.03],[-115.282,46.005],[-115.519,46.046],[-115.61,46.077],[-115.653,46.118],[-115.646,46.142],[-115.598,46.162],[-115.35,46.139],[-115.259,46.15],[-115.071,46.333]]]}},{"type":"Feature","properties":{"density":2},"geometry":{"type":"Polygon","coordinates":[[[-115.213,46.742],[-115.408,46.643],[-115.453,46.634],[-115.545,46.644],[-115.579,46.707],[-115.571,46.746],[-115.54,46.782],[-115.469,46.81],[-115.313,46.812],[-115.238,46.895],[-115.134,46.965],[-115.046,46.98],[-114.968,46.942],[-114.959,46.892],[-115.002,46.827],[-115.067,46.784],[-115.213,46.742]]]}},{"type":"Feature","properties":{"density":2},"geometry":{"type":"Polygon","coordinates":[[[-118.079,45.961],[-118.076,46.016],[-118.182,46.152],[-118.203,46.187],[-118.201,46.224],[-118.188,46.257],[-118.029,46.279],[-117.947,46.269],[-117.871,46.227],[-117.829,46.125],[-117.779,46.075],[-117.773,45.971],[-117.745,45.918],[-117.685,45.914],[-117.438,45.975],[-117.37,45.951],[-117.345,45.899],[-117.378,45.808],[-117.446,45.717],[-117.592,45.607],[-117.874,45.527],[-117.954,45.51],[-118.016,45.515],[-118.303,45.617],[-118.389,45.704],[-118.391,45.749],[-118.377,45.765],[-118.127,45.914],[-118.079,45.961]]]}},{"type":"Feature","properties":{"density":2},"geometry":{"type":"Polygon","coordinates":[[[-113.674,46.054],[-113.513,46.082],[-113.379,46.148],[-113.273,46.23],[-113.202,46.352],[-113.207,46.437],[-113.231,46.468],[-113.477,46.56],[-113.535,46.623],[-113.59,46.647],[-113.696,46.646],[-113.738,46.615],[-113.843,46.445],[-113.945,46.172],[-113.933,46.147],[-113.906,46.138],[-113.775,46.158],[-113.719,46.059],[-113.674,46.054]]]}},{"type":"Feature","properties":{"density":2},"geometry":{"type":"Polygon","coordinates":[[[-121.369,50.103],[-121.26,50.041],[-120.975,49.966],[-120.933,49.896],[-120.911,49.762],[-120.975,49.598],[-121.038,49.508],[-121.266,49.315],[-121.703,49.078],[-122.267,48.73],[-122.394,48.678],[-122.606,48.647],[-122.724,48.672],[-122.837,48.749],[-122.906,48.846],[-122.926,48.964],[-122.884,49.025],[-122.485,49.229],[-122.407,49.24],[-121.947,49.466],[-121.653,49.826],[-121.607,49.951],[-121.624,50.09],[-121.609,50.131],[-121.585,50.153],[-121.49,50.164],[-121.369,50.103]]]}},{"type":"Feature","properties":{"density":2},"geometry":{"type":"Polygon","coordinates":[[[-121.258,45.46],[-121.208,45.443],[-121.091,45.437],[-120.865,45.371],[-120.695,45.346],[-120.111,45.35],[-119.353,45.64],[-119.05,45.667],[-118.934,45.621],[-118.863,45.488],[-118.929,45.364],[-119.1,45.276],[-119.436,45.141],[-119.618,45.089],[-119.732,45.034],[-119.808,44.973],[-119.801,44.944],[-119.759,44.923],[-119.568,44.888],[-119.323,44.932],[-119.009,44.948],[-118.915,44.893],[-118.909,44.799],[-118.954,44.674],[-118.93,44.482],[-118.971,44.432],[-119.092,44.396],[-119.324,44.393],[-119.517,44.413],[-119.58,44.468],[-119.66,44.597],[-119.718,44.644],[-119.88,44.71],[-119.957,44.708],[-120.007,44.683],[-120.028,44.588],[-120.007,44.447],[-120.024,44.322],[-120.135,44.221],[-120.265,44.16],[-120.41,44.142],[-120.521,44.173],[-120.701,44.314],[-120.713,44.373],[-120.651,44.58],[-120.756,44.747],[-120.814,44.781],[-121.002,44.829],[-121.204,44.939],[-121.426,45.028],[-121.528,45.081],[-121.619,45.182],[-121.664,45.336],[-121.655,45.373],[-121.601,45.425],[-121.426,45.462],[-121.258,45.46]]]}},{"type":"Feature","properties":{"density":2},"geometry":{"type":"Polygon","coordinates":[[[-121.78,42.455],[-121.797,42.507],[-121.787,42.555],[-121.73,42.611],[-121.635,42.649],[-121.319,42.669],[-121.218,42.643],[-121.177,42.601],[-121.206,42.521],[-121.237,42.49],[-121.405,42.372],[-121.449,42.309],[-121.618,42.196],[-121.672,42.21],[-121.739,42.282],[-121.779,42.361],[-121.78,42.455]]]}},{"type":"Feature","properties":{"density":2},"geometry":{"type":"Polygon","coordinates":[[[-121.184,42.602],[-121.142,42.505],[-121.144,42.436],[-121.205,42.317],[-121.205,42.293],[-121.185,42.288],[-120.949,42.34],[-120.784,42.439],[-120.75,42.5],[-120.782,42.591],[-120.881,42.64],[-120.994,42.642],[-121.167,42.62],[-121.184,42.602]]]}},{"type":"Feature","properties":{"density":2},"geometry":{"type":"Polygon","coordinates":[[[-121.547,43.04],[-121.414,43.183],[-121.151,43.318],[-120.88,43.395],[-120.841,43.392],[-120.815,43.347],[-120.939,43.182],[-121.098,43.081],[-121.363,42.942],[-121.634,42.866],[-121.643,42.923],[-121.547,43.04]]]}},{"type":"Feature","properties":{"density":2},"geometry":{"type":"Polygon","coordinates":[[[-121.944,45.054],[-121.768,45.053],[-121.77,45.041],[-121.847,45.021],[-121.861,44.921],[-121.893,44.906],[-121.929,44.94],[-121.944,45.054]]]}},{"type":"Feature","properties":{"density":2},"geometry":{"type":"Polygon","coordinates":[[[-123.674,41.38],[-123.569,41.436],[-123.488,41.41],[-123.465,41.351],[-123.472,41.106],[-123.45,41.073],[-123.402,41.057],[-123.349,41.088],[-123.293,41.073],[-123.265,41.028],[-123.259,40.981],[-123.274,40.927],[-123.212,40.79],[-123.204,40.737],[-123.222,40.671],[-123.299,40.583],[-123.345,40.486],[-123.391,40.455],[-123.436,40.456],[-123.497,40.529],[-123.532,40.627],[-123.62,40.744],[-123.687,40.752],[-123.688,40.703],[-123.608,40.578],[-123.577,40.482],[-123.543,40.306],[-123.577,40.096],[-123.665,39.932],[-123.709,39.706],[-123.772,39.546],[-123.819,39.502],[-123.943,39.461],[-124.04,39.474],[-124.131,39.53],[-124.194,39.623],[-124.202,39.739],[-124.177,39.852],[-124.023,40.1],[-123.976,40.205],[-123.976,40.318],[-124.051,40.679],[-124.051,40.786],[-123.91,40.949],[-123.85,41.064],[-123.78,41.255],[-123.674,41.38]]]}},{"type":"Feature","properties":{"density":2},"geometry":{"type":"Polygon","coordinates":[[[-116.091,44.061],[-116.137,44.05],[-116.149,44.068],[-116.125,44.118],[-116.069,44.136],[-116.022,44.126],[-116.023,44.101],[-116.091,44.061]]]}},{"type":"Feature","properties":{"density":2},"geometry":{"type":"Polygon","coordinates":[[[-113.656,45.548],[-113.637,45.63],[-113.522,45.786],[-113.417,45.873],[-113.035,46.101],[-112.853,46.196],[-112.612,46.286],[-112.379,46.332],[-112.258,46.314],[-112.223,46.233],[-112.208,46.106],[-112.162,46.016],[-112.157,45.884],[-112.175,45.799],[-112.265,45.658],[-112.46,45.546],[-112.88,45.403],[-113.092,45.309],[-113.375,45.263],[-113.529,45.289],[-113.636,45.371],[-113.667,45.441],[-113.656,45.548]]]}},{"type":"Feature","properties":{"density":2},"geometry":{"type":"Polygon","coordinates":[[[-105.792,36.018],[-105.734,36.012],[-105.697,35.944],[-105.703,35.912],[-105.737,35.879],[-105.819,35.863],[-105.892,35.887],[-105.908,35.963],[-105.861,36.005],[-105.792,36.018]]]}},{"type":"Feature","properties":{"density":2},"geometry":{"type":"Polygon","coordinates":[[[-104.462,37.054],[-104.403,37.262],[-104.376,37.296],[-104.279,37.29],[-104.252,37.238],[-104.271,37.179],[-104.364,37.097],[-104.417,37.026],[-104.448,37.019],[-104.468,37.036],[-104.462,37.054]]]}},{"type":"Feature","properties":{"density":2},"geometry":{"type":"Polygon","coordinates":[[[-96.502,36.878],[-96.36,36.957],[-96.211,37.005],[-96.151,37.001],[-96.116,36.978],[-96.133,36.955],[-96.333,36.902],[-96.48,36.84],[-96.51,36.849],[-96.502,36.878]]]}},{"type":"Feature","properties":{"density":2},"geometry":{"type":"Polygon","coordinates":[[[-96.612,37.555],[-96.482,37.622],[-96.381,37.701],[-96.335,37.693],[-96.36,37.633],[-96.446,37.573],[-96.6,37.518],[-96.619,37.53],[-96.612,37.555]]]}},{"type":"Feature","properties":{"density":2},"geometry":{"type":"Polygon","coordinates":[[[-121.243,51.303],[-121.053,51.067],[-120.916,50.642],[-120.838,50.274],[-120.842,50.005],[-120.697,49.815],[-120.515,49.745],[-120.222,49.765],[-119.246,50.104],[-118.359,50.723],[-117.745,51.077],[-117.103,51.328],[-116.154,51.57],[-115.308,51.337],[-114.862,50.853],[-114.499,50.174],[-114.043,49.43],[-113.653,48.751],[-113.253,48.156],[-112.983,47.673],[-112.564,47.217],[-112.081,47.068],[-111.597,47.068],[-109.77,48.365],[-109.03,48.617],[-107.496,49.175],[-106.38,49.496],[-104.775,49.858],[-103.394,49.984],[-102.139,50.026],[-100.646,49.998],[-99.055,49.83],[-98.135,49.649],[-96.405,49.203],[-93.391,48.826],[-91.703,48.338],[-90.434,47.877],[-89.583,47.598],[-88.774,47.277],[-87.937,47.026],[-86.179,46.622],[-83.807,45.84],[-80.054,45.003],[-78.701,44.738],[-77.278,44.655],[-76.413,44.459],[-75.744,44.208],[-74.986,43.832],[-74.062,43.727],[-73.33,43.671],[-71.963,43.112],[-69.643,42.558],[-67.43,42.744],[-64.908,42.826],[-62.428,43.43],[-59.997,44.107],[-56.784,44.212],[-53.422,43.67],[-51.614,43.317],[-50.486,43.01],[-43.327,42.446],[-35.203,41.414],[-30.483,40.013],[-26.259,39.125],[-24.03,39.494],[-22.876,39.356],[-22.722,38.003],[-23.737,36.849],[-26.475,36.006],[-31.488,35.499],[-34.824,35.899],[-37.3,36.683],[-39.699,37.99],[-41.744,38.851],[-44.235,39.051],[-47.311,39.382],[-51.048,39.682],[-52.528,39.717],[-53.841,39.184],[-54.699,38.179],[-57.852,35.18],[-60.773,32.874],[-63.913,31.784],[-67.783,31.605],[-72.14,31.631],[-74.962,31.975],[-76.146,32.978],[-76.704,34.857],[-76.984,37.101],[-80.814,41.426],[-82.488,41.78],[-84.199,41.604],[-86.166,41.667],[-88.235,41.853],[-90.467,42.313],[-91.36,42.355],[-92.058,42.425],[-93.292,42.198],[-93.571,41.956],[-94.083,41.566],[-94.566,41.231],[-95.041,41.017],[-95.571,40.933],[-96.343,40.915],[-96.901,41.073],[-97.487,41.305],[-97.982,41.671],[-98.345,42.062],[-98.986,42.508],[-99.703,42.797],[-100.93,42.927],[-101.674,42.983],[-102.651,43.02],[-104.169,43.75],[-105.453,44.629],[-106.081,44.936],[-106.68,45.145],[-107.35,45.145],[-108.159,44.992],[-108.871,44.88],[-109.457,44.685],[-110.043,44.531],[-110.796,44.308],[-111.466,44.057],[-112.582,43.42],[-113.893,42.927],[-114.349,42.667],[-115.251,42.248],[-116.004,42.006],[-116.367,41.969],[-116.767,41.988],[-117.037,42.062],[-117.409,42.202],[-117.632,42.415],[-117.889,42.363],[-118.205,42.226],[-118.987,41.941],[-119.662,41.737],[-120.041,41.768],[-120.214,42.003],[-120.258,42.375],[-120.189,42.766],[-120.09,43.119],[-119.979,43.398],[-119.83,43.646],[-119.286,43.925],[-119.228,44.016],[-119.249,44.107],[-119.377,44.19],[-119.509,44.244],[-119.795,44.285],[-120.121,44.293],[-120.448,44.215],[-120.58,44.21],[-120.741,44.272],[-120.902,44.532],[-121.01,44.625],[-121.275,44.766],[-121.423,44.873],[-121.602,45.039],[-121.74,45.209],[-121.79,45.361],[-121.771,45.411],[-121.702,45.468],[-121.616,45.513],[-121.476,45.54],[-121.297,45.537],[-120.952,45.57],[-120.729,45.565],[-119.713,45.665],[-119.473,45.719],[-119.291,45.789],[-119.167,45.847],[-119.117,45.933],[-119.2,46.029],[-119.365,46.053],[-119.605,46.07],[-119.882,46.049],[-120.457,45.964],[-120.924,46.064],[-120.983,46.128],[-121.04,46.263],[-121.185,46.475],[-121.359,46.646],[-121.752,46.934],[-122.228,47.161],[-122.426,47.306],[-122.6,47.409],[-123.227,47.948],[-123.524,48.022],[-123.739,48.022],[-124.082,48.074],[-124.261,48.149],[-124.38,48.221],[-124.452,48.285],[-124.518,48.435],[-124.503,48.549],[-124.43,48.658],[-124.27,48.84],[-123.989,49.124],[-123.842,49.242],[-123.645,49.334],[-123.395,49.367],[-122.772,49.398],[-122.615,49.39],[-122.348,49.415],[-122.095,49.506],[-121.86,49.726],[-121.816,49.811],[-121.819,49.911],[-121.926,50.013],[-122.028,50.035],[-122.23,50.12],[-122.337,50.285],[-122.411,50.991],[-122.395,51.156],[-122.318,51.305],[-122.216,51.396],[-122.034,51.418],[-121.684,51.415],[-121.45,51.371],[-121.29,51.363],[-121.243,51.303]]]}},{"type":"Feature","properties":{"density":2},"geometry":{"type":"Polygon","coordinates":[[[-121.557,62.761],[-120.887,62.714],[-120.65,62.665],[-120.468,62.596],[-120.27,62.373],[-120.223,62.251],[-120.259,62.152],[-120.322,62.064],[-120.413,61.99],[-120.551,61.957],[-120.711,61.955],[-120.94,61.88],[-121.279,61.844],[-121.361,61.894],[-121.416,62.029],[-121.471,62.09],[-121.67,62.274],[-121.893,62.424],[-121.943,62.474],[-121.983,62.569],[-121.963,62.661],[-121.922,62.703],[-121.838,62.746],[-121.674,62.775],[-121.557,62.761]]]}},{"type":"Feature","properties":{"density":2},"geometry":{"type":"Polygon","coordinates":[[[-120.93,57.033],[-120.183,57.146],[-120.032,57.113],[-119.902,57.005],[-119.916,56.843],[-120.026,56.705],[-120.313,56.575],[-120.404,56.581],[-120.622,56.68],[-120.69,56.746],[-120.859,56.821],[-120.965,56.909],[-120.967,56.955],[-120.93,57.033]]]}},{"type":"Feature","properties":{"density":2},"geometry":{"type":"Polygon","coordinates":[[[-91.067,32.528],[-90.959,32.658],[-90.705,32.883],[-90.538,32.981],[-90.475,32.97],[-90.453,32.944],[-90.458,32.883],[-90.481,32.857],[-90.657,32.76],[-90.783,32.648],[-91.019,32.506],[-91.061,32.499],[-91.067,32.528]]]}},{"type":"Feature","properties":{"density":2},"geometry":{"type":"Polygon","coordinates":[[[-78.004,21.663],[-78.172,21.69],[-78.199,21.734],[-78.199,21.766],[-78.126,21.777],[-77.98,21.713],[-77.96,21.682],[-78.004,21.663]]]}},{"type":"Feature","properties":{"density":2},"geometry":{"type":"Polygon","coordinates":[[[-115.227,46.845],[-115.176,46.918],[-115.112,46.974],[-114.923,47.102],[-114.812,47.127],[-114.766,47.119],[-114.686,47.055],[-114.675,47.022],[-114.703,46.959],[-114.79,46.914],[-114.933,46.877],[-115.119,46.77],[-115.196,46.756],[-115.237,46.772],[-115.248,46.803],[-115.227,46.845]]]}},{"type":"Feature","properties":{"density":2},"geometry":{"type":"Polygon","coordinates":[[[-115.146,46.238],[-115.053,46.34],[-114.947,46.414],[-114.837,46.44],[-114.792,46.417],[-114.766,46.336],[-114.716,46.332],[-114.664,46.359],[-114.625,46.357],[-114.585,46.328],[-114.565,46.288],[-114.601,46.216],[-114.647,46.185],[-114.707,46.179],[-114.749,46.153],[-114.765,46.123],[-114.759,46.024],[-114.774,45.974],[-114.827,45.938],[-114.855,45.946],[-114.914,46.04],[-114.95,46.053],[-115.142,46.05],[-115.161,46.068],[-115.168,46.137],[-115.146,46.238]]]}},{"type":"Feature","properties":{"density":2},"geometry":{"type":"Polygon","coordinates":[[[-113.423,45.525],[-113.354,45.66],[-113.293,45.721],[-113.19,45.782],[-112.58,45.98],[-112.308,46.088],[-111.978,46.154],[-111.717,46.185],[-111.489,46.242],[-111.167,46.279],[-110.943,46.264],[-110.89,46.231],[-110.861,46.172],[-110.868,46.117],[-110.941,46.042],[-111.25,45.781],[-111.673,45.583],[-112.009,45.522],[-112.512,45.46],[-112.738,45.403],[-113.146,45.342],[-113.275,45.344],[-113.388,45.377],[-113.431,45.447],[-113.423,45.525]]]}},{"type":"Feature","properties":{"density":2},"geometry":{"type":"Polygon","coordinates":[[[-118.048,45.97],[-118.066,46.086],[-118.042,46.145],[-117.914,46.292],[-117.76,46.432],[-117.526,46.57],[-117.442,46.592],[-117.346,46.581],[-117.304,46.519],[-117.331,46.454],[-117.466,46.384],[-117.641,46.258],[-117.709,46.192],[-117.734,46.129],[-117.696,46.105],[-117.433,46.145],[-117.385,46.139],[-117.259,46.054],[-117.159,45.943],[-117.067,45.795],[-117.057,45.651],[-117.079,45.54],[-117.164,45.403],[-117.211,45.367],[-117.278,45.351],[-117.463,45.408],[-117.529,45.406],[-117.699,45.332],[-117.809,45.359],[-118.109,45.499],[-118.344,45.653],[-118.353,45.697],[-118.342,45.729],[-118.171,45.804],[-118.075,45.912],[-118.048,45.97]]]}},{"type":"Feature","properties":{"density":2},"geometry":{"type":"Polygon","coordinates":[[[-121.579,45.432],[-121.37,45.535],[-121.186,45.578],[-120.814,45.563],[-120.727,45.589],[-120.474,45.605],[-120.371,45.594],[-120.027,45.433],[-119.912,45.43],[-119.76,45.458],[-119.602,45.526],[-119.496,45.553],[-119.233,45.697],[-119.062,45.77],[-118.901,45.748],[-118.758,45.649],[-118.749,45.537],[-118.804,45.392],[-118.856,45.311],[-118.891,45.203],[-118.913,45.1],[-118.905,45.019],[-118.793,44.901],[-118.46,44.752],[-118.358,44.675],[-118.322,44.584],[-118.341,44.534],[-118.548,44.435],[-119.085,44.289],[-119.428,44.165],[-119.722,44.18],[-119.879,44.228],[-119.992,44.239],[-120.127,44.239],[-120.169,44.21],[-120.234,44.197],[-120.406,44.287],[-120.594,44.32],[-120.647,44.362],[-120.665,44.408],[-120.663,44.456],[-120.64,44.511],[-120.52,44.671],[-120.569,44.723],[-120.624,44.746],[-120.895,44.785],[-121.025,44.832],[-121.506,45.053],[-121.582,45.108],[-121.632,45.169],[-121.67,45.292],[-121.652,45.37],[-121.579,45.432]]]}},{"type":"Feature","properties":{"density":2},"geometry":{"type":"Polygon","coordinates":[[[-121.953,45.053],[-121.746,45.018],[-121.727,45.01],[-121.72,44.982],[-121.742,44.964],[-121.826,44.966],[-121.965,45.016],[-121.975,45.041],[-121.953,45.053]]]}},{"type":"Feature","properties":{"density":2},"geometry":{"type":"Polygon","coordinates":[[[-123.743,41.27],[-123.639,41.423],[-123.588,41.459],[-123.247,41.484],[-123.174,41.448],[-123.043,41.347],[-123.012,41.254],[-123.002,41.141],[-123.045,40.927],[-123.054,40.699],[-123.065,40.634],[-123.168,40.438],[-123.272,40.389],[-123.345,40.398],[-123.405,40.448],[-123.504,40.619],[-123.614,40.729],[-123.747,40.945],[-123.777,41.152],[-123.765,41.241],[-123.743,41.27]]]}},{"type":"Feature","properties":{"density":2},"geometry":{"type":"Polygon","coordinates":[[[-121.713,42.451],[-121.68,42.501],[-121.278,42.714],[-121.084,42.798],[-120.905,42.839],[-120.812,42.827],[-120.764,42.773],[-120.775,42.673],[-120.843,42.565],[-120.947,42.454],[-121.037,42.421],[-121.527,42.315],[-121.586,42.318],[-121.678,42.362],[-121.726,42.417],[-121.713,42.451]]]}},{"type":"Feature","properties":{"density":2},"geometry":{"type":"Polygon","coordinates":[[[-104.481,37.05],[-104.501,37.207],[-104.497,37.329],[-104.47,37.395],[-104.419,37.399],[-104.377,37.356],[-104.366,37.304],[-104.391,37.049],[-104.398,37.029],[-104.441,37.017],[-104.481,37.05]]]}},{"type":"Feature","properties":{"density":2},"geometry":{"type":"Polygon","coordinates":[[[-103.26,37.065],[-103.179,37.256],[-103.18,37.34],[-103.199,37.4],[-103.244,37.419],[-103.333,37.387],[-103.349,37.351],[-103.322,37.098],[-103.303,37.067],[-103.26,37.065]]]}},{"type":"Feature","properties":{"density":2},"geometry":{"type":"Polygon","coordinates":[[[-121.78,36.239],[-121.861,36.413],[-121.832,36.439],[-121.785,36.432],[-121.727,36.399],[-121.63,36.284],[-121.616,36.248],[-121.621,36.223],[-121.704,36.205],[-121.78,36.239]]]}},{"type":"Feature","properties":{"density":2},"geometry":{"type":"Polygon","coordinates":[[[-120.006,35.416],[-120.018,35.525],[-119.994,35.592],[-119.873,35.69],[-119.796,35.723],[-119.756,35.713],[-119.78,35.649],[-119.9,35.536],[-119.95,35.419],[-119.992,35.403],[-120.006,35.416]]]}},{"type":"Feature","properties":{"density":2},"geometry":{"type":"Polygon","coordinates":[[[-116.122,44.097],[-116.088,44.143],[-115.934,44.234],[-115.855,44.213],[-115.702,44.202],[-115.667,44.139],[-115.69,44.099],[-115.784,44.057],[-116.02,44.042],[-116.125,44.07],[-116.122,44.097]]]}},{"type":"Feature","properties":{"density":2},"geometry":{"type":"Polygon","coordinates":[[[-115.699,64.606],[-115.822,64.547],[-115.857,64.506],[-115.85,64.482],[-115.825,64.475],[-115.697,64.535],[-115.651,64.604],[-115.666,64.617],[-115.699,64.606]]]}},{"type":"Feature","properties":{"density":2},"geometry":{"type":"Polygon","coordinates":[[[-113.946,63.854],[-114.115,63.772],[-114.137,63.721],[-114.1,63.705],[-114.058,63.715],[-113.927,63.782],[-113.915,63.817],[-113.927,63.848],[-113.946,63.854]]]}},{"type":"Feature","properties":{"density":2},"geometry":{"type":"Polygon","coordinates":[[[-113.107,63.14],[-113.014,63.236],[-112.969,63.238],[-112.957,63.223],[-113.001,63.137],[-113.038,63.106],[-113.099,63.107],[-113.117,63.122],[-113.107,63.14]]]}},{"type":"Feature","properties":{"density":2},"geometry":{"type":"Polygon","coordinates":[[[-116.734,64.478],[-116.968,64.362],[-116.982,64.315],[-116.957,64.249],[-116.898,64.207],[-116.745,64.139],[-116.683,64.139],[-116.561,64.185],[-116.502,64.241],[-116.468,64.3],[-116.466,64.348],[-116.47,64.37],[-116.559,64.392],[-116.635,64.453],[-116.734,64.478]]]}},{"type":"Feature","properties":{"density":2},"geometry":{"type":"Polygon","coordinates":[[[-120.521,62.338],[-120.416,62.31],[-120.248,62.233],[-120.166,62.101],[-120.182,61.922],[-120.306,61.814],[-120.733,61.745],[-120.871,61.685],[-121.166,61.489],[-121.359,61.404],[-121.53,61.384],[-121.651,61.426],[-121.962,61.784],[-122.045,61.919],[-122.053,62.029],[-121.998,62.148],[-121.915,62.222],[-121.836,62.321],[-121.229,62.688],[-121.089,62.737],[-120.813,62.743],[-120.659,62.658],[-120.604,62.525],[-120.59,62.429],[-120.521,62.338]]]}},{"type":"Feature","properties":{"density":2},"geometry":{"type":"Polygon","coordinates":[[[-91.309,32.94],[-91.275,33.023],[-91.191,33.108],[-90.843,33.295],[-90.675,33.368],[-90.522,33.406],[-90.446,33.371],[-90.428,33.342],[-90.426,33.275],[-90.527,33.206],[-91.006,33.062],[-91.267,32.915],[-91.305,32.923],[-91.309,32.94]]]}},{"type":"Feature","properties":{"density":2},"geometry":{"type":"Polygon","coordinates":[[[-90.66,33.31],[-90.507,33.521],[-90.263,33.723],[-90.196,33.757],[-90.155,33.76],[-90.129,33.706],[-90.132,33.661],[-90.168,33.573],[-90.216,33.515],[-90.587,33.302],[-90.651,33.289],[-90.66,33.31]]]}},{"type":"Feature","properties":{"density":2},"geometry":{"type":"Polygon","coordinates":[[[-90.475,32.878],[-90.622,32.893],[-90.638,32.916],[-90.621,32.994],[-90.478,33.118],[-90.368,33.184],[-90.336,33.229],[-90.095,33.439],[-90.028,33.478],[-89.867,33.513],[-89.792,33.502],[-89.64,33.432],[-89.54,33.352],[-89.525,33.323],[-89.525,33.295],[-89.565,33.251],[-89.641,33.215],[-89.895,33.117],[-90.294,32.929],[-90.475,32.878]]]}},{"type":"Feature","properties":{"density":2},"geometry":{"type":"Polygon","coordinates":[[[-91.07,32.512],[-90.993,32.616],[-90.794,32.757],[-90.581,32.831],[-90.508,32.816],[-90.482,32.792],[-90.472,32.758],[-90.516,32.704],[-90.554,32.683],[-91.004,32.49],[-91.059,32.488],[-91.07,32.512]]]}},{"type":"Feature","properties":{"density":2},"geometry":{"type":"Polygon","coordinates":[[[-96.631,37.542],[-96.52,37.715],[-96.327,37.921],[-96.243,38.038],[-96.022,38.411],[-95.953,38.457],[-95.907,38.461],[-95.876,38.439],[-95.853,38.4],[-95.828,38.113],[-95.848,38.033],[-95.901,37.933],[-95.962,37.867],[-96.1,37.768],[-96.334,37.659],[-96.576,37.503],[-96.614,37.502],[-96.633,37.52],[-96.631,37.542]]]}},{"type":"Feature","properties":{"density":2},"geometry":{"type":"Polygon","coordinates":[[[-121.205,51.318],[-121.153,51.23],[-121.148,51.012],[-121.172,50.816],[-121.175,50.604],[-121.128,50.428],[-120.999,50.207],[-120.836,50.009],[-120.486,49.835],[-119.941,49.86],[-119.219,50.194],[-118.816,50.312],[-118.196,50.703],[-117.31,51.193],[-116.175,51.469],[-115.654,51.45],[-115.273,51.162],[-114.873,50.65],[-114.519,50.139],[-114.185,49.562],[-113.348,48.409],[-112.957,47.804],[-112.52,47.534],[-111.064,47.855],[-109.739,48.302],[-108.372,48.692],[-106.907,48.888],[-102.813,49.641],[-100.971,49.836],[-99.381,49.864],[-97.93,49.836],[-94.596,49.655],[-93.396,49.376],[-92.21,49.292],[-90.173,48.888],[-89.378,48.427],[-88.625,47.841],[-87.843,47.325],[-86.616,46.697],[-84.063,46.125],[-82.626,46.153],[-80.003,45.693],[-78.915,45.463],[-77.408,45.023],[-75.525,44.333],[-71.291,43.307],[-70.607,43.028],[-69.631,42.694],[-68.599,42.428],[-67.692,42.359],[-66.994,42.261],[-65.013,43.084],[-64.358,43.586],[-63.604,44.033],[-62.767,44.591],[-61.316,45.205],[-59.907,45.721],[-58.247,46.781],[-57.675,47.046],[-56.196,47.395],[-54.759,47.555],[-54.759,47.262],[-55.115,46.676],[-55.429,46.425],[-56.015,46.258],[-56.768,45.651],[-57.459,45.212],[-57.815,44.396],[-57.877,43.831],[-57.333,43.161],[-56.224,43.119],[-55.492,43.224],[-53.832,43.524],[-53.099,43.754],[-52.074,44.047],[-51.007,44.235],[-49.751,44.361],[-48.935,44.319],[-48.161,44.151],[-47.533,43.817],[-47.282,43.565],[-47.345,43.105],[-47.91,42.728],[-48.517,42.498],[-50.651,41.87],[-52.011,41.222],[-52.702,40.657],[-53.56,39.924],[-55.987,37.466],[-56.427,36.712],[-56.699,36.147],[-57.054,35.519],[-57.619,34.808],[-58.226,34.138],[-59.126,33.301],[-60.193,32.694],[-61.365,32.36],[-62.663,32.108],[-63.646,32.004],[-65.941,32.436],[-66.666,32.534],[-68.619,32.436],[-69.443,32.367],[-70.489,32.227],[-71.507,32.255],[-72.344,32.213],[-73.195,32.227],[-74.172,32.032],[-75.958,31.488],[-76.962,31.348],[-77.939,31.53],[-78.245,32.032],[-78.329,32.534],[-78.218,33.064],[-78.05,33.524],[-78.028,34.507],[-77.756,35.281],[-77.777,36.39],[-77.944,37.729],[-78.426,39.613],[-79.137,40.45],[-79.995,41.14],[-81.104,41.412],[-81.962,41.412],[-83.078,41.615],[-84.641,41.21],[-85.715,41.043],[-89.063,40.387],[-89.9,40.206],[-91.421,40.01],[-92.659,39.615],[-93.982,39.617],[-95.293,39.775],[-96.484,40.015],[-97.739,40.322],[-98.855,40.963],[-100.25,41.903],[-101.487,42.647],[-102.358,43.414],[-103.635,43.686],[-106.732,44.23],[-107.792,44.272],[-109.061,44.091],[-109.968,43.868],[-111.81,42.933],[-112.433,42.719],[-113.307,42.375],[-115.418,41.873],[-116.246,41.798],[-117.195,41.817],[-117.777,41.929],[-119.315,42.121],[-119.722,42.2],[-119.846,42.429],[-119.815,42.628],[-119.635,43.155],[-119.524,43.397],[-119.369,43.639],[-119.313,43.8],[-119.307,43.942],[-119.443,44.122],[-119.718,44.155],[-119.78,44.176],[-120.276,44.213],[-120.687,44.29],[-120.768,44.332],[-121.031,44.598],[-121.156,44.829],[-121.206,44.886],[-121.652,45.125],[-121.715,45.197],[-121.753,45.3],[-121.724,45.375],[-121.634,45.456],[-121.494,45.531],[-121.206,45.605],[-121.059,45.627],[-120.717,45.619],[-120.204,45.534],[-119.737,45.563],[-119.48,45.596],[-119.228,45.654],[-119.071,45.782],[-118.997,45.881],[-119.026,45.972],[-119.121,46.046],[-119.319,46.084],[-119.555,46.079],[-119.77,46.063],[-120.348,45.914],[-120.621,45.877],[-121.111,46.02],[-121.395,46.23],[-121.736,46.549],[-122.728,47.293],[-123.28,47.51],[-124.491,47.782],[-124.718,47.865],[-124.941,48.006],[-125.069,48.113],[-125.14,48.249],[-125.098,48.402],[-125.028,48.539],[-124.879,48.667],[-124.284,48.894],[-123.676,49.225],[-123.432,49.316],[-123.036,49.432],[-122.883,49.518],[-122.61,49.766],[-122.535,50.023],[-122.527,50.291],[-122.581,50.998],[-122.523,51.193],[-122.296,51.346],[-122.077,51.399],[-121.553,51.458],[-121.399,51.458],[-121.291,51.414],[-121.205,51.318]]]}},{"type":"Feature","properties":{"density":2},"geometry":{"type":"Polygon","coordinates":[[[-112.167,64.853],[-112.753,65.09],[-113.437,65.635],[-114.176,66.653],[-114.284,67.623],[-114.019,68.362],[-113.224,69.087],[-112.052,69.604],[-110.936,70.176],[-109.848,70.859],[-108.09,72.198],[-105.115,73.377],[-102.729,73.691],[-99.214,73.471],[-95.541,73.377],[-81.51,72.54],[-80.464,72.247],[-79.334,71.703],[-78.12,70.992],[-76.844,70.322],[-75.483,69.715],[-74.018,69.255],[-73.223,68.753],[-72.93,68.292],[-72.993,67.916],[-73.453,67.623],[-74.353,67.288],[-75.358,67.078],[-76.132,67.016],[-77.178,66.827],[-78.413,66.534],[-79.564,66.074],[-80.506,65.53],[-81.029,64.818],[-80.966,64.191],[-80.171,63.772],[-78.832,63.667],[-76.279,63.793],[-73.353,63.91],[-69.879,63.988],[-67.535,63.625],[-66.13,62.49],[-65.293,61.625],[-64.503,60.435],[-64.382,59.235],[-65.098,58.305],[-66.372,57.71],[-67.712,57.747],[-69.218,57.989],[-70.558,58.138],[-71.934,58.193],[-74.613,58.64],[-76.181,59.014],[-77.613,59.135],[-79.557,59.516],[-81.222,60.074],[-83.147,60.781],[-85.605,61.091],[-86.888,60.84],[-89.218,60.505],[-91.045,60.296],[-92.845,60.129],[-93.389,60.296],[-93.822,60.463],[-94.296,60.742],[-94.515,61.003],[-94.412,61.263],[-94.217,61.44],[-93.975,61.552],[-93.659,61.589],[-93.259,61.673],[-92.84,61.821],[-92.403,61.924],[-92.422,62.175],[-92.859,62.463],[-93.575,62.816],[-95.045,63.133],[-95.938,63.272],[-97.082,63.314],[-98.002,63.091],[-99.063,62.882],[-100.22,62.742],[-102.327,62.617],[-103.373,62.7],[-104.35,62.854],[-105.685,63.365],[-105.982,63.756],[-106.782,64.323],[-108.261,64.672],[-109.893,64.393],[-110.563,64.449],[-111.414,64.616],[-112.167,64.853]]]}},{"type":"Feature","properties":{"density":2},"geometry":{"type":"Polygon","coordinates":[[[-148.339,63.988],[-148.82,64.065],[-149.191,64.082],[-149.283,64.111],[-149.368,64.181],[-149.412,64.291],[-149.412,64.409],[-149.362,64.53],[-149.241,64.618],[-149.015,64.696],[-148.785,64.738],[-147.984,64.677],[-147.824,64.637],[-147.718,64.578],[-147.641,64.519],[-147.589,64.444],[-147.598,64.365],[-147.668,64.31],[-148.004,64.154],[-148.256,64.005],[-148.297,63.986],[-148.339,63.988]]]}},{"type":"Feature","properties":{"density":2},"geometry":{"type":"Polygon","coordinates":[[[-148.368,64.154],[-148.583,64.188],[-149.005,64.19],[-149.176,64.232],[-149.443,64.332],[-149.511,64.396],[-149.561,64.472],[-149.553,64.572],[-149.487,64.644],[-149.101,64.716],[-148.827,64.746],[-148.61,64.721],[-148.389,64.723],[-148.154,64.689],[-147.948,64.689],[-147.784,64.653],[-147.608,64.551],[-147.258,64.44],[-147.054,64.313],[-146.986,64.249],[-146.982,64.205],[-147.037,64.186],[-147.139,64.183],[-147.468,64.226],[-147.682,64.226],[-147.89,64.205],[-148.041,64.154],[-148.252,64.126],[-148.368,64.154]]]}},{"type":"Feature","properties":{"density":2},"geometry":{"type":"Polygon","coordinates":[[[-140.204,63.486],[-140.231,63.537],[-140.236,63.618],[-140.218,63.698],[-140.194,63.746],[-140.132,63.769],[-140.058,63.766],[-139.939,63.714],[-139.868,63.668],[-139.735,63.616],[-139.708,63.568],[-139.72,63.513],[-139.873,63.432],[-140.108,63.417],[-140.176,63.449],[-140.204,63.486]]]}},{"type":"Feature","properties":{"density":2},"geometry":{"type":"Polygon","coordinates":[[[-139.129,62.786],[-139.109,62.909],[-139.081,62.955],[-138.973,63.012],[-138.897,63.018],[-138.884,62.986],[-138.909,62.949],[-139.012,62.865],[-139.085,62.764],[-139.121,62.759],[-139.129,62.786]]]}},{"type":"Feature","properties":{"density":2},"geometry":{"type":"Polygon","coordinates":[[[-148.321,64.16],[-148.636,64.256],[-148.834,64.276],[-148.96,64.27],[-149.075,64.31],[-149.229,64.379],[-149.254,64.499],[-149.174,64.583],[-149.038,64.627],[-148.722,64.657],[-148.461,64.619],[-147.641,64.57],[-147.391,64.523],[-147.3,64.482],[-147.278,64.406],[-147.322,64.334],[-147.483,64.293],[-147.974,64.218],[-148.196,64.157],[-148.321,64.16]]]}},{"type":"Feature","properties":{"density":2},"geometry":{"type":"Polygon","coordinates":[[[-41.147,42.519],[-38.293,41.693],[-36.552,41.163],[-35.099,40.788],[-33.971,40.543],[-33.353,40.17],[-32.906,39.712],[-32.874,39.18],[-33.077,38.733],[-33.747,38.467],[-34.588,38.605],[-35.217,38.924],[-36.047,39.318],[-37.388,39.68],[-38.4,39.915],[-40.88,40.149],[-41.588,39.921],[-42.149,39.445],[-42.83,39.069],[-43.774,38.579],[-44.931,38.203],[-45.904,38.21],[-46.4,38.729],[-46.514,39.516],[-46.209,39.843],[-45.478,40.531],[-44.957,41.061],[-43.095,41.693],[-42.754,41.991],[-42.573,42.246],[-42.35,42.502],[-41.8,42.589],[-41.147,42.519]]]}},{"type":"Feature","properties":{"density":2},"geometry":{"type":"Polygon","coordinates":[[[-140.149,63.471],[-140.013,63.565],[-139.84,63.647],[-139.736,63.665],[-139.673,63.659],[-139.643,63.633],[-139.646,63.574],[-139.673,63.527],[-139.848,63.432],[-139.959,63.401],[-140.063,63.401],[-140.128,63.435],[-140.149,63.471]]]}},{"type":"Feature","properties":{"density":2},"geometry":{"type":"Polygon","coordinates":[[[-139.138,62.783],[-139.123,62.881],[-139.06,62.988],[-139.027,63.022],[-138.987,63.035],[-138.917,63.011],[-138.88,62.932],[-138.88,62.879],[-138.899,62.843],[-138.939,62.821],[-139.032,62.809],[-139.102,62.77],[-139.138,62.783]]]}},{"type":"Feature","properties":{"density":3},"geometry":{"type":"Polygon","coordinates":[[[-105.817,35.965],[-105.882,35.949],[-105.915,35.841],[-105.905,35.804],[-105.847,35.833],[-105.798,35.902],[-105.786,35.947],[-105.817,35.965]]]}},{"type":"Feature","properties":{"density":3},"geometry":{"type":"Polygon","coordinates":[[[-115.086,46.188],[-115.119,46.197],[-115.137,46.14],[-115.235,46.076],[-115.066,46.087],[-115.06,46.127],[-115.086,46.188]]]}},{"type":"Feature","properties":{"density":3},"geometry":{"type":"Polygon","coordinates":[[[-123.644,41.205],[-123.73,41.229],[-123.794,41.19],[-123.916,40.921],[-123.931,40.851],[-123.909,40.799],[-123.845,40.811],[-123.784,40.863],[-123.702,41.016],[-123.638,41.068],[-123.629,41.123],[-123.644,41.205]]]}},{"type":"Feature","properties":{"density":3},"geometry":{"type":"Polygon","coordinates":[[[-121.631,42.494],[-121.672,42.488],[-121.703,42.443],[-121.698,42.419],[-121.676,42.38],[-121.605,42.325],[-121.591,42.25],[-121.542,42.225],[-121.505,42.262],[-121.501,42.333],[-121.556,42.447],[-121.631,42.494]]]}},{"type":"Feature","properties":{"density":3},"geometry":{"type":"Polygon","coordinates":[[[-121.227,45.382],[-121.311,45.413],[-121.408,45.413],[-121.488,45.369],[-121.514,45.28],[-121.488,45.196],[-121.43,45.108],[-121.324,45.042],[-121.174,44.984],[-121.076,44.847],[-120.833,44.635],[-120.731,44.604],[-120.373,44.666],[-120.325,44.763],[-120.555,44.935],[-120.586,44.993],[-120.59,45.126],[-120.603,45.152],[-120.776,45.276],[-120.922,45.342],[-121.068,45.378],[-121.227,45.382]]]}},{"type":"Feature","properties":{"density":3},"geometry":{"type":"Polygon","coordinates":[[[-117.949,46.109],[-117.984,46.133],[-118.012,46.115],[-117.99,46.064],[-118.0,46.013],[-117.973,45.987],[-117.945,46.013],[-117.949,46.109]]]}},{"type":"Feature","properties":{"density":3},"geometry":{"type":"Polygon","coordinates":[[[-121.221,47.467],[-121.252,47.467],[-121.26,47.426],[-121.164,47.349],[-121.105,47.265],[-121.062,47.255],[-121.058,47.322],[-121.087,47.387],[-121.221,47.467]]]}},{"type":"Feature","properties":{"density":3},"geometry":{"type":"Polygon","coordinates":[[[-122.17,51.293],[-122.192,51.299],[-122.225,51.272],[-122.253,51.169],[-122.243,51.136],[-122.186,51.075],[-122.1,51.048],[-122.019,50.973],[-121.97,50.9],[-121.932,50.786],[-121.901,50.759],[-121.877,50.772],[-121.868,50.812],[-121.895,50.912],[-122.17,51.293]]]}},{"type":"Feature","properties":{"density":3},"geometry":{"type":"Polygon","coordinates":[[[-121.974,51.374],[-122.033,51.394],[-122.054,51.384],[-122.062,51.319],[-122.048,51.276],[-121.954,51.128],[-121.911,51.004],[-121.883,50.963],[-121.834,50.947],[-121.826,51.046],[-121.911,51.219],[-121.929,51.305],[-121.974,51.374]]]}},{"type":"Feature","properties":{"density":3},"geometry":{"type":"Polygon","coordinates":[[[-103.551,70.19],[-103.858,70.369],[-104.217,70.446],[-104.73,70.446],[-105.14,70.318],[-105.447,70.062],[-105.601,69.703],[-105.55,69.318],[-105.371,68.908],[-105.089,68.601],[-104.461,68.14],[-103.807,67.486],[-103.384,67.102],[-102.885,66.717],[-102.269,66.294],[-101.578,65.871],[-100.847,65.641],[-100.078,65.602],[-99.463,65.679],[-98.81,65.871],[-97.387,66.371],[-96.618,66.563],[-95.849,66.64],[-95.157,66.563],[-94.465,66.333],[-93.85,65.948],[-93.351,65.602],[-92.774,65.333],[-92.005,65.256],[-91.159,65.141],[-90.544,64.949],[-89.852,64.487],[-89.237,64.295],[-88.507,64.218],[-87.738,64.257],[-87.123,64.526],[-86.892,64.872],[-86.931,65.91],[-87.238,66.256],[-87.699,66.448],[-88.43,66.563],[-89.16,66.525],[-89.891,66.563],[-90.583,66.794],[-91.198,67.255],[-91.774,67.832],[-92.313,68.447],[-93.197,69.139],[-94.273,69.716],[-95.273,70.139],[-96.311,70.408],[-97.157,70.485],[-98.041,70.523],[-98.886,70.446],[-100.424,70.062],[-101.116,69.908],[-101.77,69.831],[-102.423,69.793],[-103.307,70.139],[-103.551,70.19]]]}},{"type":"Feature","properties":{"density":3},"geometry":{"type":"Polygon","coordinates":[[[-121.062,50.309],[-121.102,50.615],[-121.102,50.761],[-121.168,50.974],[-121.341,51.2],[-121.5,51.359],[-121.713,51.426],[-121.846,51.359],[-121.939,51.16],[-121.873,50.96],[-121.607,50.695],[-121.474,50.296],[-121.274,49.777],[-121.248,49.418],[-121.261,48.887],[-121.407,47.876],[-121.407,47.517],[-121.314,47.185],[-121.155,46.972],[-120.889,46.813],[-120.663,46.746],[-120.038,46.52],[-119.799,46.374],[-119.599,46.135],[-119.373,45.975],[-119.147,45.935],[-118.948,45.802],[-118.602,45.483],[-118.376,45.39],[-118.15,45.483],[-118.057,45.629],[-118.057,45.869],[-118.137,46.108],[-118.376,46.334],[-118.642,46.52],[-118.828,46.746],[-119.001,47.065],[-118.975,47.411],[-118.815,47.73],[-118.336,47.863],[-118.071,47.85],[-117.619,47.889],[-117.1,48.102],[-116.728,48.328],[-116.369,48.581],[-115.691,49.139],[-115.292,49.418],[-114.76,49.737],[-114.268,49.963],[-113.83,50.043],[-113.431,50.07],[-112.992,50.017],[-112.008,49.751],[-111.57,49.658],[-111.131,49.498],[-109.615,48.86],[-108.758,48.348],[-108.299,48.209],[-107.681,47.929],[-107.103,47.69],[-106.046,47.451],[-104.929,47.411],[-104.072,47.451],[-103.234,47.531],[-101.18,47.57],[-100.223,47.531],[-99.266,47.471],[-98.428,47.371],[-97.511,47.172],[-96.314,46.833],[-95.178,46.474],[-93.024,45.995],[-91.708,46.115],[-91.07,45.995],[-90.392,45.796],[-88.876,45.038],[-88.059,44.818],[-87.181,44.679],[-86.184,44.599],[-85.506,44.579],[-84.808,44.42],[-83.153,43.841],[-82.415,43.622],[-81.777,43.502],[-81.199,43.562],[-80.66,43.702],[-80.122,43.762],[-79.703,44.001],[-79.404,44.32],[-79.344,44.799],[-79.623,45.377],[-79.982,45.676],[-80.481,45.816],[-81.877,45.756],[-82.694,45.776],[-84.509,46.015],[-86.264,46.394],[-86.982,46.653],[-87.76,46.972],[-88.557,47.271],[-89.853,47.81],[-90.671,47.989],[-91.309,48.089],[-92.147,48.029],[-93.164,48.029],[-93.543,48.069],[-94.38,48.308],[-95.297,48.847],[-96.055,49.166],[-97.989,49.584],[-100.063,50.123],[-101.1,50.243],[-102.456,50.302],[-103.553,50.382],[-104.451,50.362],[-105.348,50.382],[-107.342,50.681],[-109.496,51.24],[-110.453,51.359],[-112.208,51.28],[-112.826,51.18],[-114.082,50.941],[-115.837,50.542],[-116.675,50.382],[-117.093,50.322],[-117.971,50.322],[-118.35,50.302],[-118.729,50.223],[-119.167,50.103],[-119.546,49.963],[-120.184,49.923],[-120.483,50.003],[-120.842,50.203],[-120.922,50.223],[-121.062,50.309]]]}},{"type":"Feature","properties":{"density":3},"geometry":{"type":"Polygon","coordinates":[[[-119.766,46.357],[-119.864,46.416],[-120.376,46.507],[-120.624,46.574],[-120.817,46.688],[-120.927,46.786],[-121.38,47.417],[-121.439,47.539],[-121.546,47.659],[-121.611,47.798],[-121.651,47.982],[-121.685,48.299],[-121.662,48.575],[-121.603,48.803],[-121.484,48.988],[-121.343,49.13],[-121.122,49.244],[-120.59,49.414],[-120.267,49.5],[-120.07,49.607],[-119.834,49.697],[-119.436,49.63],[-118.832,49.693],[-118.347,49.855],[-117.768,49.953],[-117.246,49.975],[-116.677,50.19],[-116.515,50.233],[-116.33,50.225],[-116.181,50.182],[-116.019,50.087],[-115.798,49.934],[-115.558,49.725],[-115.219,49.481],[-114.995,49.229],[-114.971,49.166],[-115.034,48.961],[-115.109,48.87],[-115.251,48.764],[-115.431,48.535],[-115.533,48.477],[-115.699,48.419],[-116.043,48.327],[-116.387,48.204],[-116.713,47.865],[-116.876,47.647],[-117.012,47.53],[-117.188,47.517],[-117.364,47.587],[-118.115,47.821],[-118.486,47.878],[-118.892,47.891],[-119.219,47.836],[-119.321,47.769],[-119.396,47.635],[-119.424,47.474],[-119.424,47.202],[-119.365,46.989],[-119.271,46.819],[-119.002,46.528],[-118.843,46.423],[-118.752,46.337],[-118.607,46.177],[-118.586,46.102],[-118.638,46.098],[-118.768,46.192],[-118.955,46.22],[-119.053,46.185],[-119.121,46.082],[-119.255,46.051],[-119.424,46.099],[-119.621,46.19],[-119.664,46.268],[-119.766,46.357]]]}},{"type":"Feature","properties":{"density":3},"geometry":{"type":"Polygon","coordinates":[[[-100.216,48.756],[-100.039,48.654],[-99.562,48.288],[-99.326,48.055],[-99.168,48.016],[-99.019,48.0],[-98.282,48.008],[-98.016,48.036],[-97.76,48.083],[-97.512,48.158],[-96.448,48.253],[-96.184,48.245],[-95.976,48.198],[-95.558,48.012],[-94.831,47.906],[-93.608,47.841],[-92.895,47.874],[-92.293,47.874],[-91.979,47.82],[-91.654,47.732],[-91.134,47.519],[-90.892,47.436],[-90.573,47.389],[-89.385,47.373],[-88.736,47.269],[-87.692,46.998],[-86.979,46.663],[-86.807,46.405],[-86.921,46.149],[-87.299,46.074],[-87.827,46.074],[-88.615,46.192],[-89.358,46.398],[-89.83,46.44],[-90.135,46.518],[-90.423,46.56],[-90.632,46.61],[-91.597,46.709],[-91.979,46.715],[-92.351,46.776],[-92.756,46.868],[-93.294,47.052],[-93.985,47.247],[-95.102,47.354],[-95.687,47.487],[-96.168,47.643],[-97.096,47.673],[-97.909,47.592],[-98.707,47.574],[-99.085,47.592],[-99.888,47.597],[-100.662,47.692],[-100.952,47.798],[-101.247,47.982],[-101.407,48.141],[-101.525,48.371],[-101.495,48.525],[-101.354,48.643],[-101.04,48.809],[-100.798,48.844],[-100.426,48.856],[-100.216,48.756]]]}},{"type":"Feature","properties":{"density":3},"geometry":{"type":"Polygon","coordinates":[[[-115.147,46.217],[-115.066,46.141],[-115.056,46.115],[-115.067,46.1],[-115.25,46.047],[-115.301,46.054],[-115.293,46.083],[-115.214,46.141],[-115.187,46.202],[-115.147,46.217]]]}},{"type":"Feature","properties":{"density":3},"geometry":{"type":"Polygon","coordinates":[[[-115.084,46.274],[-115.064,46.316],[-115.047,46.319],[-115.02,46.304],[-115.007,46.271],[-115.01,46.256],[-115.038,46.247],[-115.078,46.255],[-115.084,46.274]]]}},{"type":"Feature","properties":{"density":3},"geometry":{"type":"Polygon","coordinates":[[[-115.225,46.786],[-115.24,46.814],[-115.232,46.834],[-115.145,46.854],[-115.15,46.821],[-115.225,46.786]]]}},{"type":"Feature","properties":{"density":3},"geometry":{"type":"Polygon","coordinates":[[[-113.701,46.099],[-113.686,46.158],[-113.664,46.176],[-113.601,46.175],[-113.601,46.133],[-113.639,46.088],[-113.691,46.07],[-113.701,46.099]]]}},{"type":"Feature","properties":{"density":3},"geometry":{"type":"Polygon","coordinates":[[[-113.234,45.414],[-113.098,45.405],[-113.055,45.408],[-113.032,45.428],[-112.973,45.579],[-112.988,45.617],[-112.962,45.735],[-112.925,45.777],[-112.832,45.827],[-112.802,45.882],[-112.813,45.9],[-112.879,45.902],[-113.039,45.806],[-113.109,45.799],[-113.125,45.814],[-113.059,45.898],[-113.055,45.936],[-113.077,45.959],[-113.121,45.956],[-113.23,45.899],[-113.497,45.69],[-113.567,45.564],[-113.565,45.52],[-113.485,45.392],[-113.407,45.361],[-113.323,45.363],[-113.275,45.403],[-113.234,45.414]]]}},{"type":"Feature","properties":{"density":3},"geometry":{"type":"Polygon","coordinates":[[[-121.634,42.459],[-121.496,42.349],[-121.444,42.173],[-121.445,42.139],[-121.468,42.117],[-121.605,42.046],[-121.633,42.046],[-121.689,42.079],[-121.691,42.111],[-121.625,42.197],[-121.62,42.239],[-121.694,42.334],[-121.75,42.373],[-121.757,42.403],[-121.71,42.464],[-121.666,42.486],[-121.634,42.459]]]}},{"type":"Feature","properties":{"density":3},"geometry":{"type":"Polygon","coordinates":[[[-123.656,41.192],[-123.823,41.122],[-123.949,40.932],[-123.97,40.881],[-123.972,40.804],[-123.953,40.74],[-123.915,40.695],[-123.858,40.697],[-123.734,40.951],[-123.591,41.14],[-123.589,41.171],[-123.656,41.192]]]}},{"type":"Feature","properties":{"density":3},"geometry":{"type":"Polygon","coordinates":[[[-118.012,45.983],[-118.024,46.024],[-118.114,46.082],[-118.118,46.14],[-118.096,46.168],[-118.047,46.18],[-117.935,46.166],[-117.898,46.138],[-117.905,46.053],[-117.939,45.987],[-117.991,45.967],[-118.012,45.983]]]}},{"type":"Feature","properties":{"density":3},"geometry":{"type":"Polygon","coordinates":[[[-118.11,45.888],[-118.048,45.914],[-117.985,45.905],[-117.962,45.835],[-117.876,45.798],[-117.719,45.777],[-117.684,45.734],[-117.692,45.704],[-117.763,45.677],[-118.009,45.671],[-118.069,45.622],[-118.157,45.587],[-118.235,45.584],[-118.281,45.605],[-118.335,45.666],[-118.337,45.713],[-118.11,45.888]]]}},{"type":"Feature","properties":{"density":3},"geometry":{"type":"Polygon","coordinates":[[[-121.437,45.395],[-121.264,45.385],[-120.98,45.278],[-120.725,45.238],[-120.582,45.196],[-120.524,45.124],[-120.464,44.973],[-120.303,44.812],[-120.293,44.772],[-120.32,44.724],[-120.492,44.647],[-120.72,44.635],[-120.8,44.666],[-121.062,44.869],[-121.4,45.061],[-121.503,45.156],[-121.573,45.303],[-121.536,45.387],[-121.491,45.406],[-121.437,45.395]]]}},{"type":"Feature","properties":{"density":3},"geometry":{"type":"Polygon","coordinates":[[[-121.23,47.391],[-121.285,47.435],[-121.287,47.493],[-121.25,47.524],[-121.22,47.525],[-121.1,47.441],[-121.019,47.285],[-121.067,47.257],[-121.102,47.272],[-121.14,47.293],[-121.23,47.391]]]}},{"type":"Feature","properties":{"density":3},"geometry":{"type":"Polygon","coordinates":[[[-121.159,49.918],[-121.262,49.911],[-121.312,49.884],[-121.403,49.869],[-121.44,49.842],[-121.6,49.604],[-121.672,49.522],[-121.716,49.488],[-121.849,49.44],[-121.917,49.389],[-121.954,49.318],[-122.029,49.27],[-122.575,49.082],[-122.635,49.041],[-122.961,48.925],[-123.012,48.824],[-122.931,48.736],[-122.823,48.688],[-122.731,48.677],[-122.505,48.677],[-122.376,48.714],[-122.283,48.766],[-121.915,49.004],[-121.594,49.261],[-121.387,49.365],[-121.274,49.451],[-121.072,49.737],[-121.035,49.82],[-121.035,49.888],[-121.103,49.917],[-121.159,49.918]]]}},{"type":"Feature","properties":{"density":3},"geometry":{"type":"Polygon","coordinates":[[[-122.053,51.378],[-121.964,51.377],[-121.93,51.351],[-121.912,51.301],[-121.915,51.149],[-121.87,51.046],[-121.763,50.984],[-121.703,50.919],[-121.698,50.885],[-121.795,50.846],[-121.803,50.827],[-121.79,50.702],[-121.897,50.699],[-121.925,50.722],[-121.926,50.803],[-121.952,50.858],[-121.948,50.967],[-121.968,51.03],[-122.022,51.059],[-122.038,51.053],[-122.059,50.986],[-122.106,50.986],[-122.176,51.052],[-122.214,51.124],[-122.202,51.212],[-122.275,51.351],[-122.258,51.417],[-122.211,51.448],[-122.187,51.428],[-122.165,51.326],[-122.091,51.236],[-122.105,51.333],[-122.089,51.361],[-122.053,51.378]]]}},{"type":"Feature","properties":{"density":3},"geometry":{"type":"Polygon","coordinates":[[[-105.852,35.976],[-105.806,35.974],[-105.779,35.93],[-105.792,35.833],[-105.83,35.764],[-105.877,35.775],[-105.882,35.79],[-105.87,35.937],[-105.852,35.976]]]}},{"type":"Feature","properties":{"density":3},"geometry":{"type":"Polygon","coordinates":[[[-113.499,45.729],[-113.405,45.817],[-113.285,45.886],[-113.171,45.932],[-113.049,45.958],[-112.998,45.989],[-112.823,46.006],[-112.511,46.098],[-112.437,46.098],[-112.391,46.079],[-112.368,46.035],[-112.36,45.872],[-112.404,45.727],[-112.526,45.611],[-112.616,45.556],[-112.779,45.495],[-113.066,45.42],[-113.229,45.42],[-113.349,45.372],[-113.438,45.382],[-113.497,45.416],[-113.559,45.486],[-113.565,45.566],[-113.499,45.729]]]}},{"type":"Feature","properties":{"density":3},"geometry":{"type":"Polygon","coordinates":[[[-115.121,46.226],[-115.042,46.174],[-115.037,46.121],[-115.07,46.085],[-115.186,46.062],[-115.199,46.087],[-115.171,46.134],[-115.178,46.215],[-115.154,46.233],[-115.121,46.226]]]}},{"type":"Feature","properties":{"density":3},"geometry":{"type":"Polygon","coordinates":[[[-115.181,46.796],[-115.233,46.804],[-115.248,46.825],[-115.243,46.849],[-115.187,46.867],[-115.118,46.854],[-115.111,46.824],[-115.181,46.796]]]}},{"type":"Feature","properties":{"density":3},"geometry":{"type":"Polygon","coordinates":[[[-118.156,45.741],[-118.126,45.788],[-118.078,45.821],[-117.94,45.843],[-117.843,45.809],[-117.854,45.767],[-117.917,45.702],[-118.102,45.708],[-118.151,45.725],[-118.156,45.741]]]}},{"type":"Feature","properties":{"density":3},"geometry":{"type":"Polygon","coordinates":[[[-118.005,45.989],[-117.965,46.072],[-117.912,46.073],[-117.898,46.013],[-117.96,45.972],[-118.005,45.989]]]}},{"type":"Feature","properties":{"density":3},"geometry":{"type":"Polygon","coordinates":[[[-121.274,49.887],[-121.09,49.932],[-120.969,49.932],[-120.943,49.894],[-120.943,49.776],[-121.005,49.673],[-121.12,49.568],[-121.473,49.347],[-121.915,49.144],[-122.368,48.971],[-122.438,48.947],[-122.549,48.954],[-122.571,48.992],[-122.548,49.03],[-122.493,49.071],[-122.234,49.181],[-121.816,49.42],[-121.599,49.58],[-121.425,49.824],[-121.274,49.887]]]}},{"type":"Feature","properties":{"density":3},"geometry":{"type":"Polygon","coordinates":[[[-121.354,45.411],[-121.263,45.407],[-121.155,45.326],[-121.066,45.294],[-120.963,45.232],[-120.854,45.224],[-120.789,45.187],[-120.765,45.145],[-120.783,45.125],[-120.971,45.05],[-121.097,45.028],[-121.162,45.033],[-121.418,45.107],[-121.495,45.161],[-121.499,45.204],[-121.467,45.304],[-121.425,45.374],[-121.354,45.411]]]}},{"type":"Feature","properties":{"density":3},"geometry":{"type":"Polygon","coordinates":[[[-121.692,42.452],[-121.639,42.522],[-121.572,42.552],[-121.408,42.567],[-121.383,42.547],[-121.382,42.527],[-121.417,42.493],[-121.643,42.419],[-121.685,42.419],[-121.692,42.452]]]}},{"type":"Feature","properties":{"density":3},"geometry":{"type":"Polygon","coordinates":[[[-123.755,41.11],[-123.75,41.063],[-123.765,41.035],[-123.859,40.943],[-123.872,40.804],[-123.848,40.699],[-123.823,40.72],[-123.796,40.823],[-123.718,40.981],[-123.695,41.002],[-123.658,40.977],[-123.634,40.981],[-123.62,41.019],[-123.63,41.073],[-123.569,41.115],[-123.524,41.197],[-123.55,41.214],[-123.698,41.207],[-123.75,41.16],[-123.755,41.11]]]}},{"type":"Feature","properties":{"density":3},"geometry":{"type":"Polygon","coordinates":[[[-121.08,47.198],[-121.32,47.377],[-121.634,47.9],[-121.725,48.104],[-121.755,48.319],[-121.722,48.471],[-121.342,48.931],[-121.056,49.171],[-120.868,49.245],[-119.979,49.483],[-119.927,49.62],[-119.893,49.671],[-119.833,49.704],[-119.736,49.701],[-119.551,49.661],[-118.865,49.804],[-118.19,49.862],[-117.763,49.862],[-117.101,49.801],[-116.803,49.702],[-116.5,49.485],[-116.314,49.231],[-116.221,48.852],[-116.227,48.573],[-116.293,48.365],[-116.611,48.187],[-117.388,48.063],[-117.578,48.042],[-117.975,48.034],[-118.157,48.092],[-118.298,48.187],[-118.36,48.323],[-118.401,48.6],[-118.441,48.681],[-118.515,48.756],[-118.639,48.811],[-118.978,48.803],[-119.072,48.731],[-119.251,48.486],[-119.518,48.274],[-119.8,48.078],[-119.819,47.968],[-119.846,47.91],[-119.904,47.833],[-120.094,47.689],[-120.158,47.596],[-120.163,47.543],[-120.139,47.486],[-120.136,47.403],[-120.158,47.328],[-120.296,47.271],[-120.472,47.262],[-120.794,47.16],[-121.062,47.181],[-121.08,47.198]]]}},{"type":"Feature","properties":{"density":3},"geometry":{"type":"Polygon","coordinates":[[[-95.875,47.611],[-95.743,47.69],[-95.511,47.764],[-94.875,47.888],[-94.598,47.872],[-93.736,47.663],[-93.389,47.607],[-92.701,47.384],[-91.361,47.03],[-91.157,46.993],[-90.754,46.95],[-89.771,46.875],[-88.599,46.534],[-88.097,46.302],[-87.787,46.023],[-87.775,45.886],[-87.961,45.775],[-88.685,45.669],[-88.952,45.644],[-89.795,45.78],[-90.31,45.911],[-91.165,46.27],[-91.897,46.512],[-92.901,46.741],[-93.67,46.952],[-94.687,47.299],[-94.979,47.368],[-95.431,47.392],[-95.761,47.389],[-95.868,47.507],[-95.884,47.58],[-95.875,47.611]]]}},{"type":"Feature","properties":{"density":3},"geometry":{"type":"Polygon","coordinates":[[[-121.13,49.89],[-121.214,49.875],[-121.422,49.778],[-121.905,49.351],[-122.345,49.175],[-122.377,49.128],[-121.774,49.152],[-121.539,49.201],[-121.325,49.291],[-121.022,49.581],[-120.967,49.668],[-120.937,49.865],[-120.992,49.9],[-121.07,49.905],[-121.13,49.89]]]}},{"type":"Feature","properties":{"density":3},"geometry":{"type":"Polygon","coordinates":[[[-120.804,47.75],[-121.41,47.851],[-121.609,47.957],[-121.793,48.133],[-121.884,48.398],[-121.75,48.633],[-121.463,48.89],[-121.099,49.132],[-120.953,49.207],[-120.791,49.262],[-120.455,49.47],[-120.055,49.687],[-119.023,49.944],[-118.593,50.076],[-117.853,50.159],[-117.647,50.167],[-117.432,50.225],[-116.882,50.225],[-116.671,50.192],[-116.56,50.15],[-116.39,50.117],[-116.196,49.989],[-116.101,49.803],[-116.014,49.497],[-116.01,49.274],[-116.204,48.828],[-116.404,48.662],[-116.671,48.559],[-117.031,48.501],[-117.188,48.493],[-117.386,48.542],[-118.06,48.592],[-118.188,48.613],[-118.271,48.669],[-118.269,48.737],[-118.231,48.828],[-118.231,48.877],[-118.291,48.974],[-118.562,49.026],[-118.936,49.023],[-119.088,48.979],[-119.217,48.908],[-119.416,48.731],[-119.482,48.635],[-119.543,48.494],[-119.595,48.307],[-119.65,48.21],[-119.854,47.982],[-120.036,47.822],[-120.182,47.752],[-120.333,47.702],[-120.471,47.699],[-120.804,47.75]]]}},{"type":"Feature","properties":{"density":3},"geometry":{"type":"Polygon","coordinates":[[[-115.199,46.831],[-115.099,46.885],[-115.047,46.89],[-115.026,46.872],[-115.043,46.825],[-115.081,46.796],[-115.192,46.788],[-115.212,46.811],[-115.199,46.831]]]}},{"type":"Feature","properties":{"density":3},"geometry":{"type":"Polygon","coordinates":[[[-113.108,45.717],[-112.504,45.833],[-112.318,45.893],[-111.648,46.015],[-111.391,46.004],[-111.326,45.971],[-111.277,45.921],[-111.269,45.851],[-111.341,45.78],[-111.699,45.616],[-112.34,45.543],[-112.658,45.484],[-113.066,45.375],[-113.189,45.377],[-113.301,45.401],[-113.38,45.445],[-113.399,45.515],[-113.388,45.576],[-113.347,45.625],[-113.213,45.691],[-113.108,45.717]]]}},{"type":"Feature","properties":{"density":3},"geometry":{"type":"Polygon","coordinates":[[[-118.079,45.79],[-117.851,45.781],[-117.82,45.757],[-117.824,45.707],[-117.854,45.67],[-117.905,45.661],[-118.162,45.729],[-118.154,45.773],[-118.079,45.79]]]}},{"type":"Feature","properties":{"density":3},"geometry":{"type":"Polygon","coordinates":[[[-118.008,45.994],[-117.928,46.113],[-117.766,46.253],[-117.713,46.275],[-117.725,46.221],[-117.865,46.088],[-117.949,45.965],[-117.994,45.957],[-118.008,45.994]]]}},{"type":"Feature","properties":{"density":3},"geometry":{"type":"Polygon","coordinates":[[[-121.033,45.317],[-120.993,45.269],[-120.949,45.249],[-120.919,45.21],[-120.912,45.162],[-120.971,45.052],[-121.02,45.029],[-121.065,45.03],[-121.161,45.069],[-121.208,45.1],[-121.305,45.208],[-121.38,45.255],[-121.535,45.243],[-121.561,45.259],[-121.575,45.341],[-121.544,45.406],[-121.507,45.43],[-121.277,45.522],[-121.203,45.535],[-121.102,45.536],[-120.884,45.493],[-120.82,45.461],[-120.837,45.386],[-120.872,45.358],[-121.024,45.332],[-121.033,45.317]]]}},{"type":"Feature","properties":{"density":3},"geometry":{"type":"Polygon","coordinates":[[[-123.68,41.107],[-123.742,41.171],[-123.747,41.209],[-123.713,41.273],[-123.583,41.306],[-123.469,41.363],[-123.377,41.378],[-123.315,41.37],[-123.139,41.303],[-123.053,41.21],[-123.035,41.168],[-123.051,41.125],[-123.187,41.09],[-123.376,41.081],[-123.626,41.091],[-123.68,41.107]]]}},{"type":"Feature","properties":{"density":3},"geometry":{"type":"Polygon","coordinates":[[[-116.665,64.436],[-116.774,64.401],[-116.779,64.288],[-116.745,64.294],[-116.653,64.37],[-116.642,64.416],[-116.665,64.436]]]}},{"type":"Feature","properties":{"density":3},"geometry":{"type":"Polygon","coordinates":[[[-91.299,32.958],[-91.25,33.039],[-91.155,33.103],[-91.043,33.134],[-90.965,33.132],[-90.96,33.099],[-90.976,33.087],[-91.152,33.016],[-91.251,32.938],[-91.293,32.933],[-91.299,32.958]]]}},{"type":"Feature","properties":{"density":3},"geometry":{"type":"Polygon","coordinates":[[[-105.62,69.818],[-106.346,68.99],[-106.56,68.6],[-106.578,68.181],[-106.56,67.902],[-106.587,67.475],[-106.494,67.251],[-106.662,66.879],[-106.569,66.582],[-106.262,66.2],[-105.676,65.549],[-104.588,64.396],[-104.662,63.987],[-104.83,63.698],[-104.876,63.354],[-104.532,63.075],[-103.872,62.954],[-103.128,62.936],[-101.928,62.927],[-100.393,63.029],[-98.924,63.317],[-96.803,63.987],[-96.371,64.001],[-95.897,63.959],[-95.534,63.791],[-95.241,63.624],[-94.46,63.233],[-93.33,63.01],[-92.534,62.871],[-92.102,62.857],[-91.404,62.927],[-89.34,63.094],[-88.963,63.317],[-88.754,63.819],[-89.075,64.28],[-89.605,64.838],[-90.47,65.382],[-91.209,65.493],[-91.879,65.661],[-92.144,66.093],[-91.976,66.47],[-91.209,67.279],[-91.111,67.67],[-91.642,68.507],[-92.451,68.953],[-94.139,69.274],[-95.816,69.704],[-96.293,69.753],[-96.882,69.735],[-97.626,69.747],[-98.184,69.815],[-99.186,70.094],[-99.79,70.457],[-100.32,70.82],[-100.906,71.173],[-101.771,71.554],[-102.525,71.75],[-103.176,71.778],[-103.79,71.582],[-105.017,71.034],[-105.566,70.234],[-105.62,69.818]]]}},{"type":"Feature","properties":{"density":3},"geometry":{"type":"Polygon","coordinates":[[[-148.375,64.422],[-149.025,64.396],[-149.126,64.357],[-149.194,64.306],[-149.214,64.238],[-149.086,64.159],[-148.801,64.139],[-148.435,64.028],[-148.32,64.028],[-148.237,64.076],[-148.193,64.155],[-148.208,64.253],[-147.923,64.367],[-147.906,64.422],[-147.961,64.477],[-148.048,64.486],[-148.208,64.444],[-148.375,64.422]]]}},{"type":"Feature","properties":{"density":3},"geometry":{"type":"Polygon","coordinates":[[[-148.34,64.185],[-148.471,64.207],[-148.847,64.399],[-148.883,64.432],[-148.873,64.485],[-148.787,64.523],[-148.678,64.535],[-148.394,64.492],[-148.196,64.502],[-148.108,64.461],[-148.086,64.394],[-148.113,64.329],[-148.17,64.26],[-148.274,64.192],[-148.34,64.185]]]}},{"type":"Feature","properties":{"density":3},"geometry":{"type":"Polygon","coordinates":[[[-140.147,63.49],[-139.991,63.589],[-139.834,63.597],[-139.795,63.559],[-139.805,63.53],[-139.84,63.507],[-140.028,63.454],[-140.128,63.455],[-140.148,63.464],[-140.147,63.49]]]}},{"type":"Feature","properties":{"density":3},"geometry":{"type":"Polygon","coordinates":[[[-148.348,64.231],[-148.482,64.318],[-148.751,64.38],[-148.836,64.431],[-148.828,64.477],[-148.325,64.531],[-148.187,64.537],[-148.089,64.524],[-148.051,64.482],[-148.051,64.414],[-148.146,64.272],[-148.242,64.199],[-148.305,64.206],[-148.348,64.231]]]}},{"type":"Feature","properties":{"density":3},"geometry":{"type":"Polygon","coordinates":[[[-140.067,63.504],[-139.949,63.589],[-139.842,63.585],[-139.823,63.547],[-139.852,63.488],[-139.956,63.447],[-140.063,63.45],[-140.067,63.504]]]}}]}