{"type":"FeatureCollection","features":[{"type":"Feature","properties":{"density":1},"geometry":{"type":"Polygon","coordinates":[[[-109.58,44.047],[-109.221,44.226],[-108.401,44.918],[-108.068,45.354],[-107.812,46.123],[-107.632,46.892],[-107.632,48.327],[-107.94,49.147],[-108.914,50.633],[-112.374,53.709],[-114.834,55.708],[-116.961,57.656],[-118.089,58.399],[-119.165,58.963],[-120.703,60.167],[-121.933,61.269],[-124.496,62.525],[-126.751,63.243],[-129.494,63.986],[-132.749,64.755],[-135.747,65.498],[-137.49,65.806],[-139.258,66.37],[-140.027,67.036],[-140.258,68.087],[-140.207,69.343],[-139.694,70.521],[-138.336,71.931],[-136.362,72.572],[-133.21,73.879],[-130.058,74.673],[-125.137,75.288],[-111.656,77.134],[-102.949,78.748],[-99.546,79.959],[-91.243,81.343],[-88.417,80.824],[-86.802,79.844],[-85.591,78.46],[-85.361,77.595],[-85.245,76.903],[-85.534,76.153],[-86.399,75.173],[-86.802,73.731],[-86.802,72.982],[-86.341,72.29],[-85.188,71.367],[-80.171,71.425],[-65.812,71.31],[-57.451,70.906],[-54.106,69.118],[-53.184,68.311],[-52.319,66.869],[-51.569,65.082],[-50.992,60.757],[-50.646,58.854],[-49.666,57.528],[-48.628,56.72],[-45.514,56.259],[-43.035,56.547],[-38.306,57.528],[-35.019,57.297],[-34.5,56.317],[-34.789,55.74],[-35.538,55.221],[-36.98,54.471],[-43.9,51.876],[-45.803,49.685],[-46.379,48.359],[-46.552,47.09],[-46.495,44.38],[-46.322,43.054],[-46.033,41.67],[-45.976,40.228],[-46.206,39.075],[-46.956,37.979],[-47.475,37.402],[-49.32,36.884],[-53.299,36.249],[-55.26,35.73],[-58.95,35.557],[-61.257,35.846],[-62.41,36.941],[-62.929,38.383],[-62.987,39.536],[-68.032,38.642],[-70.368,37.777],[-74.635,35.211],[-78.095,33.424],[-80.517,31.982],[-82.362,30.598],[-85.072,28.464],[-86.918,26.446],[-89.051,25.696],[-89.974,25.696],[-91.473,25.927],[-94.933,29.848],[-95.51,30.598],[-95.971,30.771],[-96.432,30.54],[-97.47,29.675],[-98.047,28.926],[-98.912,28.061],[-99.604,27.253],[-100.123,27.023],[-100.584,26.965],[-101.046,27.08],[-101.738,27.715],[-102.026,28.464],[-102.833,29.964],[-103.122,30.54],[-103.237,31.059],[-103.295,31.867],[-103.641,32.616],[-103.987,33.308],[-104.563,34.0],[-105.082,34.519],[-105.601,34.519],[-106.351,34.289],[-106.812,34.116],[-107.735,33.654],[-108.196,33.539],[-108.542,33.366],[-108.83,33.366],[-108.6,33.712],[-108.196,34.173],[-107.85,34.635],[-107.619,35.211],[-107.792,35.903],[-107.792,36.653],[-108.196,36.999],[-108.542,36.884],[-108.888,36.538],[-109.349,36.019],[-110.503,35.154],[-111.714,35.038],[-111.944,34.981],[-112.117,35.154],[-112.117,35.384],[-111.944,35.846],[-111.656,36.365],[-111.656,37.057],[-111.483,37.748],[-110.906,39.305],[-110.157,40.228],[-109.58,40.516],[-108.6,40.92],[-107.735,41.324],[-107.216,41.843],[-107.619,42.362],[-108.081,42.535],[-108.83,42.938],[-109.349,43.054],[-109.58,43.227],[-109.58,44.047]]]}},{"type":"Feature","properties":{"density":1},"geometry":{"type":"Polygon","coordinates":[[[-111.842,34.909],[-111.944,34.986],[-111.944,35.191],[-112.201,35.371],[-112.201,35.627],[-111.996,35.806],[-111.816,35.909],[-111.406,36.242],[-111.201,36.345],[-109.997,36.216],[-109.766,36.216],[-109.74,36.011],[-109.92,35.832],[-110.253,35.576],[-110.74,35.422],[-110.919,35.319],[-111.278,35.191],[-111.56,35.114],[-111.714,34.986],[-111.842,34.909]]]}},{"type":"Feature","properties":{"density":1},"geometry":{"type":"Polygon","coordinates":[[[-83.169,30.871],[-83.29,30.844],[-83.315,30.844],[-83.324,30.866],[-83.281,30.898],[-83.212,30.896],[-83.169,30.871]]]}},{"type":"Feature","properties":{"density":1},"geometry":{"type":"Polygon","coordinates":[[[-80.149,34.818],[-79.96,34.886],[-79.923,34.947],[-79.95,35.001],[-79.973,35.001],[-80.169,34.849],[-80.176,34.822],[-80.149,34.818]]]}},{"type":"Feature","properties":{"density":1},"geometry":{"type":"Polygon","coordinates":[[[-78.391,34.254],[-78.424,34.212],[-78.451,34.228],[-78.391,34.254]]]}},{"type":"Feature","properties":{"density":1},"geometry":{"type":"Polygon","coordinates":[[[-81.51,37.262],[-81.541,37.157],[-81.529,37.141],[-81.508,37.148],[-81.471,37.231],[-81.472,37.28],[-81.51,37.262]]]}},{"type":"Feature","properties":{"density":1},"geometry":{"type":"Polygon","coordinates":[[[-103.831,22.584],[-104.811,23.045],[-105.734,23.737],[-106.83,24.832],[-107.81,25.582],[-108.848,25.697],[-109.598,26.505],[-111.27,26.966],[-114.211,26.851],[-116.344,23.045],[-116.344,22.238],[-115.998,20.565],[-115.71,19.527],[-114.73,17.74],[-113.173,16.125],[-112.654,14.972],[-112.885,13.991],[-115.883,11.973],[-117.325,11.108],[-119.458,10.416],[-121.707,10.07],[-122.572,9.378],[-122.63,8.283],[-121.534,7.36],[-120.15,6.899],[-118.997,6.899],[-117.44,7.245],[-114.73,7.245],[-111.731,8.052],[-108.271,8.744],[-102.101,10.013],[-97.027,12.204],[-95.124,13.818],[-93.913,14.799],[-93.74,15.202],[-95.47,16.125],[-96.565,17.278],[-97.142,18.893],[-97.2,21.719],[-97.315,23.045],[-97.892,23.506],[-99.564,24.429],[-100.775,24.429],[-101.582,25.121],[-102.505,25.236],[-102.966,25.063],[-103.254,24.371],[-103.312,23.564],[-103.427,23.102],[-103.485,22.757],[-103.831,22.584]]]}},{"type":"Feature","properties":{"density":1},"geometry":{"type":"Polygon","coordinates":[[[-71.56,18.079],[-71.887,18.048],[-72.031,18.063],[-72.137,18.109],[-72.168,18.147],[-72.168,18.177],[-72.13,18.2],[-71.788,18.185],[-71.636,18.139],[-71.56,18.079]]]}},{"type":"Feature","properties":{"density":1},"geometry":{"type":"Polygon","coordinates":[[[-76.754,21.162],[-77.127,21.374],[-77.453,21.458],[-77.559,21.45],[-77.62,21.329],[-77.552,21.26],[-77.301,21.169],[-77.043,21.101],[-76.77,21.124],[-76.754,21.162]]]}},{"type":"Feature","properties":{"density":1},"geometry":{"type":"Polygon","coordinates":[[[-91.084,18.635],[-91.449,18.259],[-91.677,17.883],[-91.768,17.473],[-91.756,16.926],[-91.699,16.243],[-91.403,15.525],[-91.118,15.365],[-90.765,15.286],[-89.979,15.582],[-89.615,15.821],[-89.376,16.106],[-89.102,16.584],[-88.931,16.972],[-88.863,17.416],[-88.931,17.746],[-89.319,18.338],[-89.843,18.84],[-90.127,18.931],[-90.891,18.828],[-91.039,18.703],[-91.084,18.635]]]}},{"type":"Feature","properties":{"density":1},"geometry":{"type":"Polygon","coordinates":[[[-95.169,56.9],[-95.363,56.718],[-95.647,56.399],[-95.727,56.388],[-95.818,56.445],[-95.818,56.524],[-95.773,56.616],[-95.625,56.707],[-95.385,56.821],[-95.226,56.935],[-95.18,56.935],[-95.169,56.9]]]}},{"type":"Feature","properties":{"density":1},"geometry":{"type":"Polygon","coordinates":[[[-93.722,56.969],[-94.132,56.422],[-94.246,56.354],[-94.315,56.376],[-94.36,56.445],[-94.326,56.513],[-94.018,56.775],[-93.859,56.935],[-93.813,56.969],[-93.722,56.969]]]}},{"type":"Feature","properties":{"density":1},"geometry":{"type":"Polygon","coordinates":[[[-97.903,56.536],[-98.711,56.262],[-98.78,56.262],[-98.803,56.285],[-98.803,56.365],[-98.746,56.411],[-98.677,56.445],[-98.267,56.57],[-97.982,56.581],[-97.903,56.536]]]}},{"type":"Feature","properties":{"density":1},"geometry":{"type":"Polygon","coordinates":[[[-97.356,56.786],[-97.595,56.638],[-97.891,56.524],[-98.051,56.479],[-98.165,56.513],[-98.187,56.581],[-98.176,56.627],[-97.686,56.786],[-97.47,56.832],[-97.413,56.832],[-97.356,56.786]]]}},{"type":"Feature","properties":{"density":1},"geometry":{"type":"Polygon","coordinates":[[[-97.003,58.677],[-97.026,58.609],[-97.151,58.518],[-97.231,58.495],[-97.322,58.495],[-97.322,58.541],[-97.083,58.677],[-97.026,58.7],[-97.003,58.677]]]}},{"type":"Feature","properties":{"density":1},"geometry":{"type":"Polygon","coordinates":[[[-97.413,58.438],[-98.324,58.358],[-98.415,58.313],[-98.415,58.267],[-98.347,58.233],[-98.187,58.233],[-97.55,58.313],[-97.367,58.37],[-97.413,58.438]]]}},{"type":"Feature","properties":{"density":1},"geometry":{"type":"Polygon","coordinates":[[[-97.641,58.222],[-97.925,58.176],[-98.187,58.187],[-98.233,58.222],[-98.199,58.256],[-98.108,58.267],[-97.891,58.267],[-97.652,58.29],[-97.641,58.222]]]}},{"type":"Feature","properties":{"density":1},"geometry":{"type":"Polygon","coordinates":[[[-97.06,58.267],[-97.253,58.176],[-97.413,58.142],[-97.527,58.142],[-97.572,58.176],[-97.561,58.222],[-97.493,58.267],[-97.185,58.313],[-97.06,58.313],[-97.06,58.267]]]}},{"type":"Feature","properties":{"density":1},"geometry":{"type":"Polygon","coordinates":[[[-98.005,57.971],[-98.415,57.857],[-98.848,57.777],[-99.042,57.789],[-99.099,57.857],[-98.985,57.96],[-98.734,57.994],[-98.062,58.017],[-98.005,57.971]]]}},{"type":"Feature","properties":{"density":1},"geometry":{"type":"Polygon","coordinates":[[[-99.076,58.267],[-99.326,58.313],[-99.383,58.358],[-99.383,58.381],[-99.326,58.404],[-99.235,58.404],[-99.087,58.358],[-99.053,58.313],[-99.076,58.267]]]}},{"type":"Feature","properties":{"density":1},"geometry":{"type":"Polygon","coordinates":[[[-99.281,57.994],[-99.486,57.96],[-99.885,57.982],[-100.226,57.96],[-100.34,57.982],[-100.409,58.062],[-100.409,58.119],[-100.329,58.187],[-100.101,58.233],[-99.486,58.222],[-99.315,58.142],[-99.281,58.074],[-99.281,57.994]]]}},{"type":"Feature","properties":{"density":1},"geometry":{"type":"Polygon","coordinates":[[[-99.167,58.096],[-99.281,58.085],[-99.429,58.131],[-99.418,58.153],[-99.258,58.176],[-99.178,58.131],[-99.167,58.096]]]}},{"type":"Feature","properties":{"density":1},"geometry":{"type":"Polygon","coordinates":[[[-100.09,57.686],[-100.226,57.629],[-100.614,57.572],[-101.012,57.572],[-101.263,57.641],[-101.331,57.72],[-101.32,57.777],[-101.24,57.812],[-101.126,57.812],[-100.238,57.755],[-100.101,57.732],[-100.09,57.686]]]}},{"type":"Feature","properties":{"density":1},"geometry":{"type":"Polygon","coordinates":[[[-100.716,57.253],[-101.411,57.219],[-101.764,57.242],[-102.037,57.288],[-102.151,57.345],[-102.163,57.39],[-100.728,57.356],[-100.636,57.333],[-100.716,57.253]]]}},{"type":"Feature","properties":{"density":1},"geometry":{"type":"Polygon","coordinates":[[[-101.502,57.402],[-102.151,57.447],[-102.402,57.504],[-102.47,57.55],[-102.413,57.572],[-102.277,57.584],[-101.855,57.538],[-101.445,57.447],[-101.502,57.402]]]}},{"type":"Feature","properties":{"density":1},"geometry":{"type":"Polygon","coordinates":[[[-101.103,57.493],[-101.753,57.572],[-102.402,57.629],[-102.561,57.709],[-102.504,57.732],[-102.299,57.732],[-102.106,57.675],[-101.035,57.561],[-101.103,57.493]]]}},{"type":"Feature","properties":{"density":1},"geometry":{"type":"Polygon","coordinates":[[[-101.798,60.295],[-102.003,60.443],[-102.231,60.762],[-102.277,60.933],[-102.208,61.001],[-102.094,61.024],[-102.026,60.967],[-101.946,60.864],[-101.741,60.466],[-101.719,60.34],[-101.798,60.295]]]}},{"type":"Feature","properties":{"density":1},"geometry":{"type":"Polygon","coordinates":[[[-103.541,55.477],[-103.735,55.454],[-104.133,55.465],[-104.589,55.59],[-105.01,55.887],[-105.227,56.262],[-105.227,56.331],[-105.204,56.354],[-105.17,56.354],[-104.942,56.126],[-104.418,55.761],[-103.723,55.556],[-103.564,55.522],[-103.541,55.477]]]}},{"type":"Feature","properties":{"density":1},"geometry":{"type":"Polygon","coordinates":[[[-99.235,56.65],[-99.759,56.433],[-100.204,56.228],[-101.149,56.103],[-101.764,56.046],[-102.413,56.046],[-102.459,56.057],[-102.516,56.16],[-102.448,56.206],[-102.22,56.262],[-102.015,56.262],[-100.682,56.388],[-100.01,56.547],[-99.828,56.661],[-99.6,56.707],[-99.304,56.741],[-99.235,56.775],[-99.235,56.65]]]}},{"type":"Feature","properties":{"density":1},"geometry":{"type":"Polygon","coordinates":[[[-97.333,57.219],[-97.606,57.083],[-97.914,57.037],[-97.903,57.083],[-97.812,57.14],[-97.379,57.231],[-97.333,57.219]]]}},{"type":"Feature","properties":{"density":1},"geometry":{"type":"Polygon","coordinates":[[[-97.641,57.105],[-97.846,57.037],[-98.654,56.9],[-98.689,56.946],[-98.597,57.026],[-97.834,57.128],[-97.663,57.174],[-97.641,57.174],[-97.641,57.105]]]}},{"type":"Feature","properties":{"density":1},"geometry":{"type":"Polygon","coordinates":[[[-100.716,57.026],[-101.286,56.969],[-102.06,56.991],[-102.755,57.094],[-102.858,57.174],[-102.858,57.242],[-102.812,57.265],[-102.675,57.276],[-102.448,57.265],[-101.331,57.128],[-100.705,57.117],[-100.682,57.094],[-100.716,57.026]]]}},{"type":"Feature","properties":{"density":1},"geometry":{"type":"Polygon","coordinates":[[[-103.552,57.31],[-104.202,57.436],[-104.771,57.629],[-105.238,57.743],[-105.512,57.914],[-105.534,58.028],[-105.5,58.108],[-105.341,58.108],[-105.215,58.085],[-104.817,57.948],[-104.19,57.664],[-103.336,57.413],[-103.552,57.31]]]}},{"type":"Feature","properties":{"density":1},"geometry":{"type":"Polygon","coordinates":[[[-103.336,57.812],[-104.259,58.153],[-104.578,58.358],[-104.862,58.518],[-105.124,58.7],[-105.386,58.905],[-105.455,59.087],[-105.398,59.156],[-105.113,59.133],[-104.908,59.019],[-104.543,58.78],[-103.997,58.358],[-103.199,57.96],[-103.336,57.812]]]}},{"type":"Feature","properties":{"density":1},"geometry":{"type":"Polygon","coordinates":[[[-102.949,58.176],[-103.279,58.279],[-103.609,58.438],[-103.723,58.506],[-103.769,58.586],[-103.78,58.643],[-103.746,58.677],[-103.587,58.689],[-102.732,58.267],[-102.949,58.176]]]}},{"type":"Feature","properties":{"density":1},"geometry":{"type":"Polygon","coordinates":[[[-103.837,58.632],[-104.361,58.905],[-104.919,59.27],[-104.931,59.361],[-104.896,59.418],[-104.68,59.418],[-104.486,59.327],[-103.962,58.905],[-103.78,58.7],[-103.837,58.632]]]}},{"type":"Feature","properties":{"density":1},"geometry":{"type":"Polygon","coordinates":[[[-101.969,58.165],[-103.382,58.62],[-103.518,58.655],[-103.598,58.632],[-103.587,58.552],[-103.473,58.461],[-102.869,58.233],[-102.482,58.119],[-102.151,58.028],[-101.992,58.005],[-101.969,58.165]]]}},{"type":"Feature","properties":{"density":1},"geometry":{"type":"Polygon","coordinates":[[[-101.502,57.629],[-102.174,57.664],[-102.755,57.812],[-102.949,57.914],[-103.085,58.108],[-102.96,58.108],[-102.356,57.937],[-101.468,57.777],[-101.445,57.766],[-101.502,57.629]]]}},{"type":"Feature","properties":{"density":1},"geometry":{"type":"Polygon","coordinates":[[[-101.229,57.982],[-101.81,58.119],[-101.855,58.165],[-101.696,58.187],[-101.525,58.153],[-101.183,58.039],[-101.229,57.982]]]}},{"type":"Feature","properties":{"density":1},"geometry":{"type":"Polygon","coordinates":[[[-101.115,58.689],[-101.4,58.791],[-101.525,58.86],[-101.445,58.905],[-101.183,58.803],[-101.081,58.723],[-101.115,58.689]]]}},{"type":"Feature","properties":{"density":1},"geometry":{"type":"Polygon","coordinates":[[[-101.479,58.996],[-101.73,59.144],[-102.015,59.27],[-102.037,59.315],[-102.015,59.361],[-101.821,59.315],[-101.627,59.19],[-101.491,59.053],[-101.479,58.996]]]}},{"type":"Feature","properties":{"density":1},"geometry":{"type":"Polygon","coordinates":[[[-101.719,58.905],[-102.527,59.281],[-103.017,59.6],[-103.199,59.794],[-103.256,59.953],[-103.108,59.907],[-102.846,59.748],[-102.026,59.201],[-101.673,58.939],[-101.719,58.905]]]}},{"type":"Feature","properties":{"density":1},"geometry":{"type":"Polygon","coordinates":[[[-103.085,59.429],[-103.404,59.589],[-103.632,59.816],[-103.894,60.044],[-103.928,60.34],[-103.849,60.42],[-103.621,60.511],[-103.427,60.466],[-103.165,60.374],[-102.846,60.113],[-102.539,59.771],[-102.436,59.634],[-102.436,59.475],[-102.527,59.315],[-102.618,59.258],[-102.687,59.247],[-103.085,59.429]]]}},{"type":"Feature","properties":{"density":1},"geometry":{"type":"Polygon","coordinates":[[[-102.527,59.953],[-102.744,60.113],[-102.823,60.215],[-102.846,60.352],[-102.812,60.374],[-102.709,60.34],[-102.573,60.181],[-102.527,59.953]]]}},{"type":"Feature","properties":{"density":1},"geometry":{"type":"Polygon","coordinates":[[[-99.702,59.907],[-99.885,60.033],[-100.135,60.306],[-100.158,60.386],[-100.112,60.443],[-100.021,60.443],[-99.964,60.397],[-99.668,60.078],[-99.634,60.021],[-99.702,59.907]]]}},{"type":"Feature","properties":{"density":1},"geometry":{"type":"Polygon","coordinates":[[[-100.807,60.238],[-101.138,60.557],[-101.286,60.659],[-101.297,60.739],[-101.229,60.75],[-101.16,60.739],[-101.058,60.682],[-100.933,60.557],[-100.739,60.352],[-100.693,60.249],[-100.807,60.238]]]}},{"type":"Feature","properties":{"density":1},"geometry":{"type":"Polygon","coordinates":[[[-100.204,59.338],[-100.705,59.611],[-101.365,60.033],[-101.434,60.124],[-101.422,60.204],[-101.263,60.238],[-101.069,60.192],[-100.431,59.816],[-100.01,59.532],[-99.93,59.452],[-99.919,59.361],[-100.112,59.304],[-100.204,59.338]]]}},{"type":"Feature","properties":{"density":1},"geometry":{"type":"Polygon","coordinates":[[[-98.632,58.643],[-99.099,58.575],[-99.737,58.586],[-100.112,58.632],[-100.226,58.689],[-100.26,58.791],[-100.181,58.871],[-99.839,58.939],[-99.156,58.871],[-98.746,58.803],[-98.586,58.746],[-98.632,58.643]]]}},{"type":"Feature","properties":{"density":1},"geometry":{"type":"Polygon","coordinates":[[[-98.951,59.19],[-99.258,59.224],[-99.532,59.315],[-99.668,59.384],[-99.702,59.429],[-99.611,59.497],[-99.44,59.475],[-99.064,59.384],[-98.905,59.281],[-98.951,59.19]]]}},{"type":"Feature","properties":{"density":1},"geometry":{"type":"Polygon","coordinates":[[[-98.381,59.19],[-98.518,59.247],[-98.677,59.247],[-98.689,59.235],[-98.666,59.178],[-98.586,59.133],[-98.472,59.11],[-98.427,59.11],[-98.381,59.19]]]}},{"type":"Feature","properties":{"density":1},"geometry":{"type":"Polygon","coordinates":[[[-97.561,58.894],[-97.698,58.837],[-97.868,58.791],[-98.21,58.791],[-98.279,58.871],[-98.108,58.951],[-97.709,58.939],[-97.618,58.973],[-97.561,58.894]]]}},{"type":"Feature","properties":{"density":1},"geometry":{"type":"Polygon","coordinates":[[[-97.686,58.985],[-97.812,58.939],[-98.074,58.905],[-98.13,58.939],[-98.096,58.973],[-97.971,59.008],[-97.698,59.008],[-97.686,58.985]]]}},{"type":"Feature","properties":{"density":1},"geometry":{"type":"Polygon","coordinates":[[[-97.663,59.144],[-97.709,59.065],[-97.766,59.008],[-97.88,58.973],[-97.96,58.973],[-98.039,59.042],[-97.96,59.11],[-97.857,59.156],[-97.663,59.144]]]}},{"type":"Feature","properties":{"density":1},"geometry":{"type":"Polygon","coordinates":[[[-98.13,59.384],[-98.347,59.418],[-98.689,59.543],[-98.803,59.623],[-98.814,59.657],[-98.768,59.668],[-98.7,59.657],[-98.267,59.475],[-98.108,59.429],[-98.13,59.384]]]}},{"type":"Feature","properties":{"density":1},"geometry":{"type":"Polygon","coordinates":[[[-100.83,56.627],[-101.286,56.479],[-101.912,56.354],[-102.186,56.388],[-102.277,56.468],[-102.22,56.513],[-102.049,56.559],[-101.81,56.559],[-101.525,56.627],[-101.092,56.673],[-100.864,56.718],[-100.83,56.627]]]}},{"type":"Feature","properties":{"density":1},"geometry":{"type":"Polygon","coordinates":[[[-101.513,56.889],[-102.63,56.98],[-103.028,57.06],[-103.279,57.128],[-103.484,57.151],[-103.587,57.128],[-103.666,57.083],[-103.666,57.014],[-103.575,56.923],[-103.347,56.843],[-103.12,56.832],[-102.539,56.752],[-102.015,56.707],[-101.513,56.889]]]}},{"type":"Feature","properties":{"density":1},"geometry":{"type":"Polygon","coordinates":[[[-78.812,49.952],[-78.413,49.986],[-77.627,49.997],[-76.853,50.032],[-76.112,50.18],[-74.916,50.453],[-74.609,50.613],[-74.506,50.863],[-74.609,51.125],[-74.791,51.342],[-75.053,51.49],[-75.417,51.49],[-75.782,51.398],[-76.408,51.114],[-78.356,50.362],[-78.823,50.248],[-79.028,50.214],[-79.097,50.18],[-79.131,50.111],[-79.017,49.997],[-78.812,49.952]]]}},{"type":"Feature","properties":{"density":1},"geometry":{"type":"Polygon","coordinates":[[[-78.846,50.84],[-78.185,50.977],[-78.094,51.068],[-78.094,51.182],[-78.14,51.25],[-78.379,51.262],[-78.47,51.239],[-78.652,51.125],[-78.892,50.943],[-78.846,50.84]]]}},{"type":"Feature","properties":{"density":1},"geometry":{"type":"Polygon","coordinates":[[[-78.333,51.33],[-78.014,51.398],[-77.627,51.535],[-77.468,51.603],[-77.422,51.683],[-77.513,51.763],[-77.627,51.74],[-77.889,51.626],[-78.288,51.41],[-78.368,51.387],[-78.333,51.33]]]}},{"type":"Feature","properties":{"density":1},"geometry":{"type":"Polygon","coordinates":[[[-78.242,51.581],[-77.741,51.706],[-77.559,51.774],[-77.479,51.843],[-77.502,51.957],[-77.855,51.877],[-78.276,51.626],[-78.242,51.581]]]}},{"type":"Feature","properties":{"density":1},"geometry":{"type":"Polygon","coordinates":[[[-79.114,50.246],[-79.074,50.284],[-78.933,50.326],[-78.479,50.511],[-77.804,50.878],[-77.539,50.953],[-76.621,51.073],[-76.265,51.185],[-76.035,51.282],[-75.762,51.47],[-75.654,51.502],[-75.496,51.429],[-75.456,51.372],[-75.436,51.233],[-75.467,51.059],[-75.587,50.9],[-75.96,50.627],[-76.339,50.447],[-77.326,50.201],[-77.499,50.151],[-77.741,50.047],[-77.85,50.02],[-77.977,49.991],[-78.412,49.957],[-78.56,49.906],[-78.724,49.873],[-78.875,49.871],[-78.974,49.913],[-78.981,50.0],[-78.945,50.053],[-79.101,50.023],[-79.165,50.052],[-79.179,50.084],[-79.166,50.163],[-79.114,50.246]]]}},{"type":"Feature","properties":{"density":1},"geometry":{"type":"Polygon","coordinates":[[[-78.291,51.626],[-78.087,51.779],[-77.922,51.858],[-77.604,51.962],[-77.436,51.979],[-77.326,51.97],[-77.299,51.924],[-77.281,51.76],[-77.302,51.661],[-77.36,51.517],[-77.508,51.351],[-77.862,51.2],[-78.014,51.16],[-78.326,50.989],[-78.51,50.914],[-78.879,50.808],[-78.956,50.818],[-79.001,50.841],[-79.045,50.888],[-79.041,50.946],[-79.005,50.991],[-78.573,51.21],[-78.468,51.287],[-78.425,51.334],[-78.291,51.626]]]}},{"type":"Feature","properties":{"density":1},"geometry":{"type":"Polygon","coordinates":[[[-100.698,57.108],[-101.032,57.148],[-101.53,57.246],[-102.208,57.291],[-102.414,57.301],[-102.52,57.264],[-102.577,57.203],[-102.565,57.187],[-102.322,57.139],[-101.925,57.113],[-101.527,57.053],[-101.309,57.064],[-100.702,57.038],[-100.67,57.055],[-100.68,57.097],[-100.698,57.108]]]}},{"type":"Feature","properties":{"density":1},"geometry":{"type":"Polygon","coordinates":[[[-100.819,56.751],[-101.356,56.786],[-101.934,56.797],[-102.096,56.783],[-102.182,56.76],[-102.225,56.718],[-102.233,56.675],[-102.214,56.641],[-102.043,56.606],[-101.727,56.586],[-100.881,56.609],[-100.826,56.624],[-100.784,56.685],[-100.79,56.734],[-100.819,56.751]]]}},{"type":"Feature","properties":{"density":1},"geometry":{"type":"Polygon","coordinates":[[[-101.571,56.927],[-102.036,56.989],[-102.51,57.024],[-103.14,57.038],[-103.308,57.082],[-103.479,57.082],[-104.135,57.143],[-104.493,57.14],[-104.545,57.107],[-104.554,57.085],[-104.529,57.035],[-104.069,56.881],[-103.724,56.842],[-103.498,56.842],[-103.173,56.793],[-102.68,56.793],[-102.058,56.724],[-101.567,56.786],[-101.48,56.822],[-101.466,56.847],[-101.479,56.886],[-101.571,56.927]]]}},{"type":"Feature","properties":{"density":1},"geometry":{"type":"Polygon","coordinates":[[[-102.963,58.164],[-103.391,58.301],[-103.831,58.519],[-104.215,58.667],[-104.54,58.899],[-104.717,58.991],[-104.908,59.121],[-105.15,59.312],[-105.238,59.49],[-105.257,59.566],[-105.202,59.641],[-105.095,59.648],[-104.849,59.648],[-104.494,59.568],[-103.706,59.132],[-103.298,58.873],[-102.997,58.717],[-102.703,58.538],[-102.502,58.454],[-101.921,58.254],[-101.857,58.186],[-101.857,58.088],[-101.91,58.04],[-102.055,58.024],[-102.723,58.2],[-102.963,58.164]]]}},{"type":"Feature","properties":{"density":1},"geometry":{"type":"Polygon","coordinates":[[[-101.831,58.86],[-101.75,58.848],[-101.228,58.692],[-101.014,58.685],[-100.941,58.729],[-100.929,58.778],[-101.031,58.858],[-101.375,59.033],[-102.031,59.436],[-102.106,59.464],[-102.731,59.861],[-102.924,60.006],[-103.067,60.059],[-103.293,60.199],[-103.447,60.256],[-103.592,60.355],[-103.707,60.404],[-103.839,60.43],[-104.039,60.4],[-104.091,60.352],[-104.116,60.288],[-104.117,60.184],[-104.094,60.084],[-104.047,59.948],[-103.971,59.869],[-103.644,59.695],[-103.393,59.493],[-103.112,59.351],[-102.9,59.281],[-102.647,59.16],[-102.496,59.043],[-102.43,58.943],[-102.338,58.866],[-102.217,58.795],[-102.019,58.743],[-101.965,58.754],[-101.883,58.798],[-101.831,58.86]]]}},{"type":"Feature","properties":{"density":1},"geometry":{"type":"Polygon","coordinates":[[[-103.087,60.18],[-103.283,60.283],[-103.468,60.414],[-103.564,60.496],[-103.626,60.616],[-103.598,60.642],[-103.55,60.648],[-103.482,60.633],[-103.282,60.55],[-103.185,60.489],[-103.032,60.326],[-102.988,60.235],[-102.986,60.191],[-103.087,60.18]]]}},{"type":"Feature","properties":{"density":1},"geometry":{"type":"Polygon","coordinates":[[[-102.547,59.95],[-102.879,60.159],[-103.152,60.394],[-103.211,60.494],[-103.214,60.542],[-103.198,60.572],[-103.146,60.58],[-103.024,60.561],[-102.873,60.477],[-102.749,60.376],[-102.662,60.287],[-102.47,59.986],[-102.476,59.945],[-102.547,59.95]]]}},{"type":"Feature","properties":{"density":1},"geometry":{"type":"Polygon","coordinates":[[[-101.993,59.705],[-102.185,59.782],[-102.42,59.918],[-102.452,59.943],[-102.466,59.981],[-102.456,60.016],[-102.421,60.05],[-102.372,60.065],[-102.303,60.052],[-102.219,60.005],[-102.087,59.907],[-101.976,59.774],[-101.944,59.689],[-101.993,59.705]]]}},{"type":"Feature","properties":{"density":1},"geometry":{"type":"Polygon","coordinates":[[[-101.784,60.263],[-102.047,60.384],[-102.161,60.472],[-102.418,60.852],[-102.46,60.95],[-102.469,61.033],[-102.442,61.083],[-102.374,61.114],[-102.308,61.116],[-102.128,61.0],[-101.913,60.641],[-101.696,60.39],[-101.677,60.341],[-101.681,60.297],[-101.74,60.26],[-101.784,60.263]]]}},{"type":"Feature","properties":{"density":1},"geometry":{"type":"Polygon","coordinates":[[[-100.831,60.237],[-100.937,60.291],[-101.079,60.4],[-101.246,60.548],[-101.301,60.637],[-101.198,60.649],[-100.992,60.593],[-100.623,60.4],[-100.432,60.228],[-100.44,60.192],[-100.556,60.169],[-100.831,60.237]]]}},{"type":"Feature","properties":{"density":1},"geometry":{"type":"Polygon","coordinates":[[[-99.224,59.746],[-99.658,59.904],[-99.727,59.904],[-99.751,59.883],[-99.754,59.827],[-99.526,59.735],[-99.246,59.682],[-99.191,59.694],[-99.197,59.731],[-99.224,59.746]]]}},{"type":"Feature","properties":{"density":1},"geometry":{"type":"Polygon","coordinates":[[[-99.607,59.914],[-99.575,59.952],[-99.568,59.99],[-99.675,60.154],[-99.781,60.238],[-99.853,60.255],[-99.994,60.254],[-100.02,60.173],[-99.929,60.064],[-99.713,59.927],[-99.664,59.909],[-99.607,59.914]]]}},{"type":"Feature","properties":{"density":1},"geometry":{"type":"Polygon","coordinates":[[[-100.168,59.726],[-100.286,59.796],[-100.499,59.878],[-100.529,59.918],[-100.53,59.966],[-100.489,59.995],[-100.415,60.013],[-100.318,60.009],[-100.159,59.938],[-100.099,59.88],[-100.073,59.768],[-100.085,59.737],[-100.117,59.714],[-100.168,59.726]]]}},{"type":"Feature","properties":{"density":1},"geometry":{"type":"Polygon","coordinates":[[[-98.392,59.207],[-98.466,59.23],[-98.948,59.292],[-99.081,59.261],[-99.113,59.211],[-99.087,59.163],[-98.983,59.123],[-98.819,59.093],[-98.689,59.088],[-98.5,59.095],[-98.366,59.131],[-98.35,59.14],[-98.35,59.166],[-98.392,59.207]]]}},{"type":"Feature","properties":{"density":1},"geometry":{"type":"Polygon","coordinates":[[[-97.697,59.223],[-98.005,59.236],[-98.18,59.208],[-98.341,59.15],[-98.407,59.073],[-98.415,59.03],[-98.385,58.957],[-98.301,58.866],[-98.146,58.812],[-97.976,58.804],[-97.656,58.859],[-97.537,58.903],[-97.493,58.945],[-97.488,58.974],[-97.558,59.026],[-97.666,59.06],[-97.636,59.128],[-97.639,59.187],[-97.651,59.208],[-97.697,59.223]]]}},{"type":"Feature","properties":{"density":1},"geometry":{"type":"Polygon","coordinates":[[[-99.356,58.036],[-99.593,58.054],[-100.158,58.141],[-100.32,58.227],[-100.325,58.303],[-100.273,58.337],[-100.104,58.346],[-99.807,58.323],[-99.369,58.249],[-99.193,58.185],[-99.175,58.154],[-99.184,58.079],[-99.208,58.049],[-99.254,58.032],[-99.356,58.036]]]}},{"type":"Feature","properties":{"density":1},"geometry":{"type":"Polygon","coordinates":[[[-99.133,58.306],[-99.373,58.292],[-99.746,58.382],[-99.798,58.404],[-99.818,58.442],[-99.81,58.48],[-99.728,58.51],[-99.569,58.503],[-99.369,58.428],[-99.12,58.359],[-99.109,58.313],[-99.133,58.306]]]}},{"type":"Feature","properties":{"density":1},"geometry":{"type":"Polygon","coordinates":[[[-100.275,57.616],[-100.466,57.631],[-100.975,57.751],[-101.872,58.029],[-101.931,58.062],[-101.936,58.134],[-101.916,58.187],[-101.798,58.235],[-101.644,58.252],[-101.247,58.185],[-100.896,58.156],[-100.302,58.037],[-100.169,57.961],[-100.144,57.928],[-100.12,57.811],[-100.073,57.737],[-100.072,57.704],[-100.125,57.654],[-100.275,57.616]]]}},{"type":"Feature","properties":{"density":1},"geometry":{"type":"Polygon","coordinates":[[[-100.605,57.349],[-101.282,57.478],[-101.778,57.54],[-101.908,57.528],[-101.923,57.501],[-101.909,57.464],[-101.829,57.43],[-100.726,57.249],[-100.664,57.25],[-100.6,57.284],[-100.585,57.327],[-100.605,57.349]]]}},{"type":"Feature","properties":{"density":1},"geometry":{"type":"Polygon","coordinates":[[[-101.459,57.789],[-101.388,57.762],[-101.325,57.699],[-100.991,57.583],[-100.976,57.535],[-100.999,57.518],[-101.136,57.499],[-101.434,57.516],[-101.687,57.563],[-101.99,57.57],[-102.977,57.859],[-103.405,58.022],[-103.84,58.243],[-103.91,58.346],[-103.925,58.415],[-103.893,58.463],[-103.827,58.474],[-103.745,58.461],[-102.934,58.142],[-102.424,58.015],[-101.993,57.95],[-101.487,57.814],[-101.459,57.789]]]}},{"type":"Feature","properties":{"density":1},"geometry":{"type":"Polygon","coordinates":[[[-99.32,56.816],[-100.009,56.839],[-100.309,56.791],[-101.116,56.471],[-101.2,56.418],[-101.204,56.374],[-101.094,56.315],[-100.796,56.29],[-100.475,56.328],[-99.787,56.554],[-99.413,56.626],[-99.221,56.641],[-99.179,56.7],[-99.179,56.743],[-99.236,56.798],[-99.32,56.816]]]}},{"type":"Feature","properties":{"density":1},"geometry":{"type":"Polygon","coordinates":[[[-101.3,56.277],[-101.51,56.321],[-101.747,56.346],[-101.94,56.347],[-102.089,56.316],[-102.143,56.284],[-102.16,56.231],[-102.134,56.207],[-102.067,56.195],[-101.542,56.183],[-101.326,56.213],[-101.306,56.224],[-101.3,56.277]]]}},{"type":"Feature","properties":{"density":1},"geometry":{"type":"Polygon","coordinates":[[[-102.924,56.478],[-102.994,56.517],[-103.157,56.565],[-103.677,56.608],[-103.945,56.679],[-104.22,56.705],[-104.304,56.695],[-104.374,56.667],[-104.439,56.565],[-104.434,56.525],[-104.372,56.454],[-103.955,56.206],[-103.73,56.122],[-103.625,56.111],[-103.351,56.043],[-103.077,56.048],[-102.966,56.084],[-102.951,56.138],[-103.065,56.213],[-103.095,56.264],[-103.077,56.284],[-102.877,56.278],[-102.838,56.296],[-102.823,56.377],[-102.837,56.418],[-102.924,56.478]]]}},{"type":"Feature","properties":{"density":1},"geometry":{"type":"Polygon","coordinates":[[[-103.574,55.461],[-103.86,55.493],[-104.062,55.544],[-104.24,55.62],[-104.302,55.682],[-104.307,55.706],[-104.201,55.724],[-104.131,55.71],[-103.554,55.554],[-103.517,55.518],[-103.512,55.481],[-103.527,55.464],[-103.574,55.461]]]}},{"type":"Feature","properties":{"density":1},"geometry":{"type":"Polygon","coordinates":[[[-97.907,56.601],[-97.986,56.628],[-98.127,56.625],[-98.487,56.535],[-98.527,56.502],[-98.519,56.479],[-98.486,56.462],[-98.334,56.456],[-98.052,56.538],[-97.905,56.561],[-97.887,56.576],[-97.907,56.601]]]}},{"type":"Feature","properties":{"density":1},"geometry":{"type":"Polygon","coordinates":[[[-97.366,56.85],[-97.434,56.876],[-97.604,56.883],[-98.143,56.771],[-98.194,56.739],[-98.216,56.706],[-98.171,56.66],[-98.019,56.619],[-97.833,56.628],[-97.599,56.735],[-97.471,56.772],[-97.352,56.781],[-97.343,56.828],[-97.366,56.85]]]}},{"type":"Feature","properties":{"density":1},"geometry":{"type":"Polygon","coordinates":[[[-97.401,57.288],[-97.774,57.241],[-98.558,57.184],[-99.004,57.116],[-99.109,57.039],[-99.105,57.008],[-99.065,56.964],[-98.984,56.924],[-98.76,56.894],[-98.624,56.901],[-98.393,56.957],[-98.063,56.99],[-97.624,57.079],[-97.315,57.184],[-97.258,57.228],[-97.254,57.257],[-97.291,57.289],[-97.401,57.288]]]}},{"type":"Feature","properties":{"density":1},"geometry":{"type":"Polygon","coordinates":[[[-98.187,58.12],[-98.368,58.131],[-99.193,58.054],[-99.283,58.037],[-99.326,57.993],[-99.343,57.942],[-99.289,57.904],[-99.171,57.872],[-98.339,57.869],[-98.069,57.903],[-97.967,57.93],[-97.911,57.947],[-97.831,58.004],[-97.835,58.024],[-97.907,58.061],[-98.187,58.12]]]}},{"type":"Feature","properties":{"density":1},"geometry":{"type":"Polygon","coordinates":[[[-97.103,57.97],[-97.292,57.968],[-97.654,57.911],[-98.045,57.873],[-98.477,57.769],[-98.554,57.694],[-98.561,57.624],[-98.535,57.581],[-98.443,57.535],[-98.295,57.493],[-98.003,57.491],[-97.877,57.526],[-97.767,57.594],[-97.569,57.668],[-97.025,57.839],[-97.01,57.911],[-97.027,57.935],[-97.103,57.97]]]}},{"type":"Feature","properties":{"density":1},"geometry":{"type":"Polygon","coordinates":[[[-97.437,58.507],[-97.746,58.493],[-98.319,58.384],[-98.414,58.348],[-98.504,58.289],[-98.556,58.228],[-98.539,58.177],[-98.315,58.138],[-97.257,58.101],[-97.126,58.122],[-96.906,58.217],[-96.884,58.258],[-96.889,58.322],[-97.031,58.351],[-97.314,58.372],[-97.314,58.447],[-97.344,58.474],[-97.437,58.507]]]}},{"type":"Feature","properties":{"density":1},"geometry":{"type":"Polygon","coordinates":[[[-97.051,58.762],[-97.466,58.681],[-97.52,58.648],[-97.549,58.608],[-97.534,58.566],[-97.464,58.555],[-97.165,58.606],[-96.978,58.683],[-96.978,58.722],[-97.051,58.762]]]}},{"type":"Feature","properties":{"density":1},"geometry":{"type":"Polygon","coordinates":[[[-98.091,59.489],[-98.22,59.531],[-98.427,59.536],[-98.557,59.487],[-98.583,59.454],[-98.55,59.397],[-98.463,59.38],[-98.12,59.417],[-98.076,59.433],[-98.071,59.461],[-98.091,59.489]]]}},{"type":"Feature","properties":{"density":1},"geometry":{"type":"Polygon","coordinates":[[[-95.172,56.967],[-95.455,56.927],[-95.736,56.841],[-95.888,56.749],[-95.923,56.66],[-95.921,56.614],[-95.834,56.568],[-95.729,56.568],[-95.655,56.591],[-95.448,56.718],[-95.113,56.879],[-95.083,56.919],[-95.085,56.947],[-95.096,56.963],[-95.172,56.967]]]}},{"type":"Feature","properties":{"density":1},"geometry":{"type":"Polygon","coordinates":[[[-93.807,57.032],[-93.911,57.017],[-94.067,56.963],[-94.198,56.863],[-94.36,56.772],[-94.439,56.684],[-94.462,56.621],[-94.465,56.576],[-94.45,56.553],[-94.396,56.524],[-94.336,56.527],[-94.136,56.595],[-94.047,56.687],[-93.74,56.922],[-93.549,57.108],[-93.537,57.158],[-93.607,57.157],[-93.669,57.13],[-93.807,57.032]]]}},{"type":"Feature","properties":{"density":1},"geometry":{"type":"Polygon","coordinates":[[[-103.964,61.239],[-104.348,61.522],[-104.484,61.699],[-104.531,61.812],[-104.548,61.899],[-104.548,61.964],[-104.522,62.007],[-104.481,62.02],[-104.378,61.99],[-104.185,61.87],[-103.876,61.595],[-103.738,61.43],[-103.736,61.335],[-103.761,61.303],[-103.912,61.237],[-103.964,61.239]]]}},{"type":"Feature","properties":{"density":1},"geometry":{"type":"Polygon","coordinates":[[[-71.599,18.142],[-71.777,18.195],[-71.958,18.209],[-72.01,18.196],[-72.075,18.149],[-72.101,18.056],[-72.083,18.03],[-72.012,18.006],[-71.857,17.997],[-71.574,18.073],[-71.554,18.113],[-71.599,18.142]]]}},{"type":"Feature","properties":{"density":1},"geometry":{"type":"Polygon","coordinates":[[[-76.804,21.128],[-76.979,21.157],[-77.072,21.223],[-77.094,21.26],[-77.086,21.285],[-76.999,21.29],[-76.803,21.207],[-76.756,21.17],[-76.755,21.152],[-76.771,21.129],[-76.804,21.128]]]}},{"type":"Feature","properties":{"density":1},"geometry":{"type":"Polygon","coordinates":[[[-112.41,34.874],[-112.372,35.009],[-112.243,35.188],[-112.204,35.441],[-112.253,35.628],[-112.231,35.828],[-112.083,36.005],[-111.543,36.509],[-111.319,36.647],[-110.917,36.782],[-110.702,36.834],[-110.071,36.881],[-109.308,36.787],[-109.181,36.727],[-109.098,36.603],[-109.156,36.503],[-109.395,36.285],[-109.686,36.081],[-110.112,35.945],[-110.545,35.781],[-111.066,35.346],[-111.504,35.153],[-111.571,35.086],[-111.656,34.886],[-111.702,34.831],[-111.77,34.793],[-111.877,34.744],[-112.031,34.7],[-112.156,34.696],[-112.35,34.763],[-112.41,34.874]]]}},{"type":"Feature","properties":{"density":1},"geometry":{"type":"Polygon","coordinates":[[[-105.003,38.498],[-104.484,38.789],[-104.371,38.819],[-103.751,39.073],[-102.875,39.497],[-102.629,39.58],[-102.514,39.586],[-102.373,39.53],[-102.351,39.329],[-102.522,38.979],[-102.687,38.695],[-102.864,38.475],[-103.103,38.301],[-103.499,37.949],[-103.612,37.872],[-103.752,37.849],[-103.942,37.844],[-104.587,37.943],[-104.988,37.91],[-105.124,37.923],[-105.209,38.024],[-105.233,38.21],[-105.225,38.268],[-105.203,38.331],[-105.14,38.418],[-105.1,38.454],[-105.003,38.498]]]}},{"type":"Feature","properties":{"density":1},"geometry":{"type":"Polygon","coordinates":[[[-83.924,30.814],[-84.263,30.714],[-84.326,30.667],[-84.338,30.638],[-84.314,30.613],[-84.255,30.613],[-84.051,30.684],[-83.923,30.754],[-83.908,30.802],[-83.924,30.814]]]}},{"type":"Feature","properties":{"density":1},"geometry":{"type":"Polygon","coordinates":[[[-83.159,30.898],[-83.304,30.906],[-83.366,30.893],[-83.395,30.838],[-83.391,30.813],[-83.363,30.783],[-83.269,30.77],[-83.222,30.792],[-83.153,30.863],[-83.159,30.898]]]}},{"type":"Feature","properties":{"density":1},"geometry":{"type":"Polygon","coordinates":[[[-81.861,33.826],[-81.809,33.824],[-81.719,33.778],[-81.71,33.726],[-81.742,33.713],[-81.795,33.729],[-81.87,33.786],[-81.861,33.826]]]}},{"type":"Feature","properties":{"density":1},"geometry":{"type":"Polygon","coordinates":[[[-108.727,33.31],[-108.617,33.495],[-107.741,34.644],[-107.443,35.63],[-107.561,36.195],[-107.58,37.236],[-106.935,38.203],[-106.123,38.854],[-105.776,38.972],[-105.459,38.997],[-104.889,38.972],[-104.79,38.898],[-104.418,38.34],[-103.984,37.571],[-103.494,37.292],[-103.153,37.255],[-102.793,37.36],[-102.378,37.391],[-102.111,37.379],[-101.826,37.205],[-101.504,36.777],[-101.442,36.381],[-101.516,36.052],[-101.745,35.835],[-102.074,35.761],[-102.427,35.736],[-102.992,35.73],[-104.598,35.86],[-105.28,35.748],[-105.521,35.599],[-105.707,35.339],[-105.881,35.06],[-106.253,34.675],[-106.935,34.058],[-108.046,33.576],[-108.409,33.339],[-108.611,33.234],[-108.704,33.245],[-108.727,33.31]]]}},{"type":"Feature","properties":{"density":1},"geometry":{"type":"Polygon","coordinates":[[[-102.045,59.671],[-102.403,59.864],[-102.536,59.954],[-102.614,60.055],[-102.625,60.115],[-102.615,60.147],[-102.558,60.147],[-102.507,60.123],[-102.039,59.823],[-101.952,59.719],[-101.963,59.674],[-102.045,59.671]]]}},{"type":"Feature","properties":{"density":1},"geometry":{"type":"Polygon","coordinates":[[[-100.186,59.743],[-100.327,59.815],[-100.733,59.974],[-100.877,60.083],[-100.905,60.155],[-100.878,60.189],[-100.833,60.2],[-100.647,60.162],[-100.342,60.054],[-100.157,59.958],[-100.083,59.909],[-100.039,59.83],[-100.041,59.794],[-100.075,59.751],[-100.186,59.743]]]}},{"type":"Feature","properties":{"density":1},"geometry":{"type":"Polygon","coordinates":[[[-99.08,59.625],[-99.519,59.732],[-99.864,59.91],[-100.221,60.068],[-100.387,60.181],[-100.424,60.251],[-100.43,60.303],[-100.408,60.355],[-100.299,60.399],[-100.205,60.392],[-100.023,60.32],[-99.634,60.121],[-99.566,60.067],[-99.482,59.925],[-99.184,59.824],[-99.022,59.734],[-98.986,59.672],[-98.988,59.629],[-99.08,59.625]]]}},{"type":"Feature","properties":{"density":1},"geometry":{"type":"Polygon","coordinates":[[[-97.432,56.891],[-97.616,56.933],[-97.732,56.935],[-97.982,56.929],[-98.456,56.878],[-98.62,56.893],[-99.052,56.891],[-99.129,56.842],[-99.148,56.796],[-99.109,56.732],[-99.148,56.609],[-99.302,56.522],[-99.355,56.476],[-99.364,56.432],[-99.342,56.39],[-99.234,56.357],[-98.995,56.34],[-98.753,56.34],[-98.334,56.388],[-97.804,56.563],[-97.584,56.68],[-97.331,56.763],[-97.315,56.814],[-97.326,56.838],[-97.382,56.882],[-97.432,56.891]]]}},{"type":"Feature","properties":{"density":1},"geometry":{"type":"Polygon","coordinates":[[[-100.71,57.122],[-101.029,57.218],[-101.487,57.326],[-102.496,57.41],[-102.575,57.408],[-102.645,57.368],[-102.653,57.326],[-102.515,57.272],[-101.64,57.094],[-101.005,57.059],[-100.698,57.027],[-100.667,57.082],[-100.692,57.119],[-100.71,57.122]]]}},{"type":"Feature","properties":{"density":1},"geometry":{"type":"Polygon","coordinates":[[[-101.305,56.317],[-101.435,56.397],[-101.753,56.504],[-101.865,56.512],[-101.952,56.496],[-102.04,56.427],[-102.043,56.377],[-102.025,56.322],[-101.967,56.291],[-101.892,56.279],[-101.358,56.207],[-101.309,56.212],[-101.274,56.242],[-101.268,56.267],[-101.305,56.317]]]}},{"type":"Feature","properties":{"density":1},"geometry":{"type":"Polygon","coordinates":[[[-102.142,55.413],[-102.421,55.462],[-102.805,55.464],[-102.959,55.42],[-103.006,55.373],[-103.024,55.312],[-102.997,55.249],[-102.878,55.18],[-102.355,55.183],[-102.092,55.167],[-101.967,55.182],[-101.94,55.203],[-101.927,55.27],[-101.946,55.292],[-102.142,55.413]]]}},{"type":"Feature","properties":{"density":1},"geometry":{"type":"Polygon","coordinates":[[[-97.017,58.744],[-97.056,58.763],[-97.147,58.771],[-97.279,58.766],[-97.464,58.736],[-97.516,58.72],[-97.532,58.7],[-97.525,58.669],[-97.446,58.624],[-97.394,58.624],[-97.104,58.667],[-96.994,58.669],[-96.982,58.707],[-97.017,58.744]]]}},{"type":"Feature","properties":{"density":1},"geometry":{"type":"Polygon","coordinates":[[[-97.71,59.222],[-97.761,59.246],[-98.028,59.264],[-98.322,59.255],[-98.487,59.173],[-98.524,59.088],[-98.493,59.052],[-98.442,59.027],[-98.074,58.92],[-97.663,58.917],[-97.519,58.973],[-97.503,59.023],[-97.53,59.095],[-97.598,59.167],[-97.71,59.222]]]}},{"type":"Feature","properties":{"density":1},"geometry":{"type":"Polygon","coordinates":[[[-95.215,57.003],[-95.386,56.998],[-96.098,56.889],[-96.3,56.779],[-96.385,56.709],[-96.409,56.671],[-96.429,56.513],[-96.382,56.447],[-96.338,56.418],[-96.197,56.401],[-96.026,56.423],[-95.848,56.478],[-95.568,56.669],[-95.138,56.876],[-95.108,56.918],[-95.108,56.963],[-95.154,56.992],[-95.215,57.003]]]}},{"type":"Feature","properties":{"density":1},"geometry":{"type":"Polygon","coordinates":[[[-93.596,57.185],[-93.791,57.108],[-93.848,57.071],[-94.223,56.937],[-94.629,56.744],[-94.961,56.531],[-95.035,56.458],[-95.073,56.39],[-95.055,56.267],[-94.985,56.204],[-94.906,56.199],[-94.816,56.215],[-94.515,56.344],[-94.228,56.566],[-93.999,56.678],[-93.664,56.946],[-93.539,57.08],[-93.547,57.176],[-93.596,57.185]]]}},{"type":"Feature","properties":{"density":1},"geometry":{"type":"Polygon","coordinates":[[[-94.667,58.011],[-94.854,58.016],[-95.033,57.998],[-95.139,57.966],[-95.168,57.94],[-95.183,57.892],[-95.139,57.808],[-95.087,57.768],[-95.006,57.751],[-94.872,57.798],[-94.609,57.936],[-94.603,57.98],[-94.667,58.011]]]}},{"type":"Feature","properties":{"density":1},"geometry":{"type":"Polygon","coordinates":[[[-99.055,58.932],[-99.409,58.982],[-100.118,59.217],[-100.364,59.256],[-100.857,59.3],[-100.917,59.253],[-100.928,59.198],[-100.835,59.099],[-100.647,59.008],[-99.74,58.718],[-99.214,58.594],[-98.939,58.594],[-98.658,58.62],[-98.579,58.646],[-98.555,58.696],[-98.568,58.765],[-98.63,58.815],[-99.003,58.933],[-99.055,58.932]]]}},{"type":"Feature","properties":{"density":1},"geometry":{"type":"Polygon","coordinates":[[[-97.632,58.838],[-98.14,58.752],[-98.475,58.793],[-98.814,58.954],[-99.244,59.086],[-99.843,59.186],[-100.236,59.272],[-100.488,59.351],[-101.154,59.649],[-101.492,59.839],[-102.067,60.26],[-102.286,60.355],[-102.72,60.653],[-102.943,60.827],[-103.171,61.228],[-103.2,61.339],[-103.183,61.442],[-103.001,61.6],[-102.885,61.633],[-102.671,61.6],[-102.055,61.422],[-101.794,61.331],[-100.98,60.799],[-100.594,60.656],[-100.054,60.408],[-99.671,60.22],[-99.293,60.005],[-98.599,59.7],[-98.263,59.633],[-98.015,59.512],[-98.004,59.463],[-98.133,59.369],[-98.114,59.33],[-98.053,59.311],[-97.819,59.3],[-97.668,59.259],[-97.571,59.226],[-97.497,59.157],[-97.472,59.049],[-97.477,58.947],[-97.508,58.878],[-97.632,58.838]]]}},{"type":"Feature","properties":{"density":1},"geometry":{"type":"Polygon","coordinates":[[[-97.163,58.834],[-97.75,58.768],[-98.742,58.532],[-99.052,58.383],[-99.42,58.177],[-99.544,58.09],[-99.615,57.995],[-99.86,57.871],[-100.017,57.722],[-100.697,57.292],[-101.09,56.965],[-101.289,56.858],[-102.518,56.54],[-102.728,56.405],[-102.629,56.248],[-102.182,56.165],[-101.702,56.176],[-101.09,56.275],[-100.28,56.345],[-99.234,56.296],[-98.68,56.321],[-97.99,56.445],[-97.781,56.552],[-97.442,56.66],[-97.263,56.792],[-97.293,56.861],[-97.362,56.913],[-97.486,56.941],[-97.737,56.938],[-97.777,56.962],[-97.767,57.009],[-97.577,57.034],[-97.21,57.156],[-97.161,57.235],[-97.172,57.313],[-97.417,57.404],[-97.684,57.426],[-97.759,57.464],[-97.797,57.519],[-97.756,57.599],[-97.359,57.652],[-96.99,57.751],[-96.937,57.8],[-96.987,58.08],[-96.941,58.14],[-96.873,58.179],[-96.832,58.325],[-96.886,58.557],[-96.962,58.728],[-97.01,58.782],[-97.122,58.837],[-97.163,58.834]]]}},{"type":"Feature","properties":{"density":1},"geometry":{"type":"Polygon","coordinates":[[[-60.813,54.943],[-61.251,54.815],[-61.293,54.788],[-61.31,54.764],[-61.304,54.741],[-61.282,54.722],[-61.194,54.726],[-60.864,54.843],[-60.782,54.884],[-60.779,54.921],[-60.813,54.943]]]}},{"type":"Feature","properties":{"density":1},"geometry":{"type":"Polygon","coordinates":[[[-61.245,55.211],[-61.381,55.44],[-61.481,55.653],[-61.527,55.681],[-61.592,55.682],[-61.654,55.63],[-61.68,55.573],[-61.695,55.423],[-61.641,55.271],[-61.514,55.196],[-61.36,55.153],[-61.27,55.163],[-61.245,55.211]]]}},{"type":"Feature","properties":{"density":1},"geometry":{"type":"Polygon","coordinates":[[[-77.889,21.808],[-77.98,21.727],[-78.031,21.639],[-77.988,21.628],[-77.898,21.664],[-77.841,21.773],[-77.84,21.792],[-77.889,21.808]]]}},{"type":"Feature","properties":{"density":1},"geometry":{"type":"Polygon","coordinates":[[[-77.577,21.711],[-77.673,21.635],[-77.705,21.568],[-77.613,21.614],[-77.538,21.684],[-77.577,21.711]]]}},{"type":"Feature","properties":{"density":1},"geometry":{"type":"Polygon","coordinates":[[[-78.709,51.618],[-78.147,51.763],[-77.766,51.8],[-76.973,51.816],[-76.468,51.924],[-76.109,52.114],[-75.861,52.201],[-74.86,52.337],[-74.629,52.321],[-74.385,52.217],[-74.257,52.06],[-74.174,51.858],[-74.108,51.593],[-74.203,51.238],[-74.356,51.01],[-74.563,50.824],[-74.885,50.659],[-75.034,50.51],[-75.212,50.262],[-75.536,49.998],[-76.004,49.857],[-76.258,49.805],[-76.632,49.802],[-77.272,49.761],[-77.759,49.824],[-78.424,49.84],[-78.933,49.821],[-79.041,49.857],[-79.176,49.934],[-79.217,50.033],[-79.213,50.186],[-79.162,50.283],[-79.083,50.36],[-78.934,50.461],[-78.903,50.581],[-78.923,50.634],[-79.1,50.84],[-79.1,50.911],[-78.923,51.261],[-78.811,51.532],[-78.756,51.604],[-78.709,51.618]]]}},{"type":"Feature","properties":{"density":1},"geometry":{"type":"Polygon","coordinates":[[[-108.707,33.304],[-108.528,33.889],[-108.334,34.315],[-108.042,34.616],[-107.459,35.035],[-107.205,35.17],[-106.288,35.726],[-106.161,35.787],[-106.037,35.823],[-105.869,35.815],[-105.803,35.748],[-105.789,35.669],[-105.814,35.616],[-105.954,35.489],[-106.376,35.219],[-106.806,34.891],[-106.989,34.62],[-107.2,34.427],[-107.281,34.326],[-107.34,34.219],[-107.458,34.079],[-107.573,33.947],[-107.695,33.844],[-108.102,33.644],[-108.2,33.541],[-108.402,33.377],[-108.578,33.274],[-108.636,33.247],[-108.705,33.244],[-108.707,33.304]]]}},{"type":"Feature","properties":{"density":1},"geometry":{"type":"Polygon","coordinates":[[[-111.956,34.994],[-111.929,35.245],[-111.687,36.137],[-111.485,36.545],[-111.406,36.641],[-111.342,36.688],[-111.251,36.727],[-111.017,36.763],[-110.896,36.801],[-110.805,36.801],[-110.733,36.73],[-110.708,36.633],[-110.785,36.327],[-110.901,35.999],[-111.089,35.622],[-111.149,35.434],[-111.295,35.244],[-111.789,34.89],[-111.819,34.882],[-111.902,34.919],[-111.956,34.994]]]}},{"type":"Feature","properties":{"density":1},"geometry":{"type":"Polygon","coordinates":[[[-109.972,37.893],[-109.952,38.202],[-109.974,38.464],[-109.974,38.822],[-109.914,38.951],[-109.667,39.384],[-109.196,39.996],[-108.882,40.215],[-108.386,40.318],[-107.799,40.318],[-107.22,40.273],[-106.753,40.335],[-106.398,40.364],[-106.167,40.168],[-106.14,40.052],[-106.209,39.989],[-106.275,39.882],[-106.686,39.507],[-106.738,39.443],[-106.779,39.352],[-106.586,39.273],[-106.104,39.212],[-106.063,39.179],[-106.049,39.135],[-106.093,39.071],[-106.333,38.898],[-106.506,38.732],[-106.672,38.512],[-106.967,38.275],[-107.402,38.038],[-107.537,38.013],[-107.694,38.016],[-107.837,38.107],[-107.906,38.134],[-107.972,38.134],[-108.187,38.049],[-108.295,37.955],[-108.49,37.724],[-108.565,37.655],[-108.628,37.633],[-108.703,37.63],[-108.774,37.652],[-108.834,37.727],[-108.819,37.896],[-108.773,38.121],[-108.772,38.222],[-108.799,38.321],[-108.836,38.383],[-108.865,38.396],[-108.928,38.378],[-109.005,38.317],[-109.352,37.929],[-109.571,37.738],[-109.67,37.672],[-109.769,37.647],[-109.861,37.654],[-109.916,37.691],[-109.966,37.759],[-109.972,37.893]]]}},{"type":"Feature","properties":{"density":1},"geometry":{"type":"Polygon","coordinates":[[[-106.495,39.266],[-106.311,39.464],[-105.97,39.753],[-105.865,39.804],[-105.831,39.799],[-105.803,39.768],[-105.801,39.719],[-105.919,39.51],[-106.082,39.351],[-106.323,39.206],[-106.411,39.175],[-106.484,39.19],[-106.495,39.266]]]}},{"type":"Feature","properties":{"density":1},"geometry":{"type":"Polygon","coordinates":[[[-105.186,38.0],[-105.228,38.089],[-105.461,38.285],[-105.515,38.412],[-105.502,38.528],[-105.408,38.638],[-105.276,38.717],[-105.16,38.778],[-104.35,39.072],[-103.771,39.356],[-103.482,39.398],[-103.341,39.348],[-103.215,39.169],[-103.113,38.976],[-103.074,38.811],[-103.115,38.634],[-103.17,38.496],[-103.228,38.428],[-103.352,38.345],[-104.27,38.094],[-104.788,37.821],[-105.0,37.819],[-105.113,37.854],[-105.19,37.937],[-105.186,38.0]]]}},{"type":"Feature","properties":{"density":1},"geometry":{"type":"Polygon","coordinates":[[[-112.528,38.374],[-112.462,38.451],[-112.379,38.516],[-112.34,38.523],[-112.315,38.509],[-112.311,38.472],[-112.346,38.365],[-112.383,38.304],[-112.415,38.282],[-112.495,38.266],[-112.536,38.282],[-112.56,38.317],[-112.557,38.344],[-112.528,38.374]]]}},{"type":"Feature","properties":{"density":1},"geometry":{"type":"Polygon","coordinates":[[[-103.927,61.228],[-104.048,61.272],[-104.359,61.542],[-104.482,61.628],[-104.563,61.72],[-104.728,61.988],[-104.772,62.17],[-104.761,62.251],[-104.713,62.332],[-104.651,62.376],[-104.57,62.398],[-104.441,62.405],[-104.373,62.378],[-104.3,62.302],[-103.863,61.711],[-103.737,61.501],[-103.72,61.439],[-103.724,61.322],[-103.746,61.283],[-103.779,61.263],[-103.845,61.234],[-103.927,61.228]]]}},{"type":"Feature","properties":{"density":1},"geometry":{"type":"Polygon","coordinates":[[[-121.748,61.809],[-121.987,62.024],[-122.257,62.434],[-122.346,62.655],[-122.362,62.82],[-122.343,62.963],[-122.26,63.027],[-122.142,63.032],[-121.985,62.936],[-121.67,62.691],[-121.555,62.533],[-121.254,62.037],[-121.227,61.795],[-121.263,61.704],[-121.323,61.632],[-121.406,61.627],[-121.604,61.721],[-121.748,61.809]]]}},{"type":"Feature","properties":{"density":1},"geometry":{"type":"Polygon","coordinates":[[[-101.388,56.198],[-101.464,56.222],[-102.144,56.321],[-102.635,56.466],[-102.77,56.548],[-102.797,56.626],[-102.797,56.69],[-102.764,56.76],[-102.713,56.796],[-102.641,56.83],[-102.501,56.841],[-102.415,56.819],[-102.174,56.695],[-102.057,56.658],[-101.797,56.589],[-101.593,56.554],[-101.401,56.461],[-101.263,56.362],[-101.241,56.293],[-101.255,56.237],[-101.311,56.204],[-101.388,56.198]]]}},{"type":"Feature","properties":{"density":1},"geometry":{"type":"Polygon","coordinates":[[[-91.874,56.601],[-92.146,56.481],[-92.201,56.435],[-92.494,56.162],[-92.519,56.082],[-92.519,56.026],[-92.482,55.991],[-92.38,55.974],[-92.19,56.099],[-92.055,56.23],[-91.807,56.533],[-91.81,56.594],[-91.874,56.601]]]}},{"type":"Feature","properties":{"density":1},"geometry":{"type":"Polygon","coordinates":[[[-94.629,58.029],[-95.068,57.988],[-95.556,57.783],[-95.662,57.732],[-95.701,57.677],[-95.719,57.607],[-95.706,57.542],[-95.495,57.53],[-95.388,57.54],[-95.268,57.565],[-95.086,57.642],[-94.921,57.733],[-94.671,57.84],[-94.573,57.908],[-94.529,57.976],[-94.535,58.006],[-94.578,58.033],[-94.629,58.029]]]}},{"type":"Feature","properties":{"density":1},"geometry":{"type":"Polygon","coordinates":[[[-95.249,57.036],[-95.543,56.996],[-96.057,56.862],[-96.917,56.605],[-97.589,56.452],[-97.738,56.388],[-97.815,56.331],[-97.88,56.23],[-97.909,56.138],[-97.903,56.074],[-97.872,56.006],[-97.824,55.971],[-97.745,55.941],[-97.657,55.934],[-97.123,55.936],[-96.981,55.987],[-96.805,56.02],[-96.684,56.066],[-95.971,56.417],[-95.638,56.605],[-95.227,56.763],[-95.096,56.851],[-95.061,56.891],[-95.054,56.941],[-95.058,56.979],[-95.094,57.0],[-95.249,57.036]]]}},{"type":"Feature","properties":{"density":1},"geometry":{"type":"Polygon","coordinates":[[[-93.581,57.214],[-93.739,57.179],[-94.048,57.078],[-94.265,57.03],[-94.792,56.929],[-95.023,56.905],[-95.064,56.844],[-95.025,56.756],[-95.025,56.716],[-95.056,56.657],[-95.225,56.541],[-95.697,56.317],[-95.823,56.234],[-96.008,56.066],[-96.058,55.986],[-96.096,55.796],[-96.091,55.711],[-96.047,55.634],[-95.991,55.568],[-95.876,55.532],[-95.749,55.526],[-95.443,55.62],[-95.253,55.722],[-95.115,55.838],[-94.997,56.003],[-94.693,56.269],[-94.587,56.332],[-94.31,56.413],[-94.232,56.468],[-94.085,56.626],[-93.867,56.762],[-93.723,56.901],[-93.547,57.032],[-93.52,57.079],[-93.516,57.151],[-93.542,57.204],[-93.581,57.214]]]}},{"type":"Feature","properties":{"density":1},"geometry":{"type":"Polygon","coordinates":[[[-90.939,48.963],[-90.815,48.984],[-90.576,48.957],[-90.016,48.935],[-89.774,48.889],[-89.711,48.863],[-89.695,48.828],[-89.706,48.804],[-89.816,48.782],[-90.658,48.809],[-91.005,48.871],[-91.022,48.892],[-91.018,48.922],[-90.982,48.952],[-90.939,48.963]]]}},{"type":"Feature","properties":{"density":1},"geometry":{"type":"Polygon","coordinates":[[[-112.005,35.016],[-111.922,35.278],[-111.771,35.524],[-111.598,35.86],[-111.413,36.449],[-111.116,36.879],[-110.972,36.992],[-110.73,37.312],[-110.49,37.49],[-110.358,37.56],[-110.188,37.614],[-109.92,37.667],[-109.585,37.762],[-109.233,37.804],[-109.147,37.75],[-109.126,37.614],[-109.176,37.436],[-109.494,37.2],[-109.688,37.109],[-110.048,36.857],[-110.209,36.655],[-110.279,36.502],[-110.467,35.857],[-110.599,35.65],[-110.704,35.548],[-110.883,35.386],[-111.097,35.247],[-111.217,35.14],[-111.501,35.016],[-111.749,34.86],[-111.834,34.852],[-111.956,34.893],[-111.998,34.929],[-112.005,35.016]]]}},{"type":"Feature","properties":{"density":1},"geometry":{"type":"Polygon","coordinates":[[[-127.461,71.472],[-125.139,72.288],[-117.448,73.356],[-102.24,73.803],[-91.741,73.897],[-88.586,73.897],[-84.772,73.144],[-79.358,71.825],[-70.93,70.695],[-68.717,70.083],[-64.95,69.001],[-60.43,67.4],[-55.44,66.176],[-52.097,64.951],[-47.624,63.727],[-45.458,63.821],[-42.586,64.763],[-40.043,65.375],[-37.783,65.752],[-35.759,65.752],[-33.499,64.528],[-32.981,63.727],[-32.557,62.221],[-32.887,60.808],[-33.875,58.595],[-34.629,56.053],[-35.617,53.84],[-37.736,50.261],[-38.96,47.813],[-40.043,45.176],[-41.55,41.881],[-43.057,39.621],[-44.893,37.69],[-48.095,35.901],[-51.72,35.053],[-54.31,34.63],[-57.323,34.065],[-63.585,33.5],[-65.374,33.688],[-67.289,33.814],[-69.988,33.562],[-71.966,33.06],[-73.284,32.495],[-76.278,29.799],[-76.724,29.478],[-78.203,28.711],[-79.458,28.125],[-80.853,27.609],[-81.523,27.177],[-82.555,26.563],[-83.351,26.172],[-84.202,25.893],[-84.815,25.782],[-85.625,25.768],[-88.121,25.491],[-88.809,25.063],[-88.948,24.658],[-89.102,24.1],[-89.437,23.082],[-89.465,22.342],[-90.42,20.689],[-91.09,19.664],[-91.425,18.89],[-91.718,17.906],[-92.018,16.123],[-92.194,15.351],[-92.427,14.821],[-92.883,14.105],[-94.008,13.165],[-95.617,12.449],[-97.779,12.556],[-98.923,12.542],[-101.239,12.207],[-102.578,11.761],[-103.513,11.328],[-104.768,10.464],[-106.69,9.606],[-108.008,9.637],[-111.053,9.26],[-113.031,9.292],[-115.165,9.511],[-116.578,9.825],[-117.833,10.673],[-118.649,11.552],[-119.057,12.682],[-119.403,13.749],[-119.591,14.753],[-119.748,16.072],[-119.748,17.61],[-119.34,19.242],[-118.775,20.717],[-117.833,22.381],[-114.966,25.949],[-113.376,26.932],[-111.848,27.602],[-110.697,28.083],[-107.259,28.46],[-104.915,28.146],[-103.827,28.188],[-102.404,28.188],[-100.751,28.816],[-100.437,29.799],[-100.228,31.264],[-101.688,33.863],[-101.911,34.18],[-102.106,34.421],[-102.413,34.654],[-102.98,34.793],[-103.864,34.812],[-104.496,34.7],[-104.971,34.57],[-105.529,34.403],[-106.412,34.012],[-107.057,33.587],[-107.336,33.432],[-107.696,33.271],[-108.663,33.091],[-108.762,33.141],[-108.849,33.302],[-108.849,33.544],[-108.582,34.232],[-108.108,34.858],[-107.373,35.761],[-107.113,36.03],[-106.248,36.784],[-105.885,37.156],[-105.736,37.351],[-105.662,37.639],[-105.634,37.844],[-105.727,38.048],[-105.895,38.104],[-106.108,38.104],[-106.48,38.039],[-106.797,37.881],[-107.848,37.676],[-108.22,37.49],[-108.536,37.23],[-108.936,37.128],[-109.298,36.998],[-109.559,36.802],[-109.782,36.598],[-110.117,36.068],[-110.256,35.761],[-110.554,35.472],[-110.796,35.277],[-111.459,34.889],[-111.577,34.858],[-112.042,34.889],[-112.098,35.057],[-112.104,35.23],[-111.747,35.808],[-111.617,36.118],[-110.935,37.313],[-110.726,37.759],[-110.433,38.903],[-110.433,39.573],[-110.307,41.205],[-109.805,42.084],[-109.407,42.67],[-108.445,44.616],[-107.995,46.342],[-108.058,47.912],[-108.466,49.45],[-109.313,50.894],[-111.824,54.127],[-112.923,55.1],[-114.304,56.45],[-115.591,58.113],[-116.627,58.992],[-117.788,59.62],[-118.981,59.62],[-121.9,60.938],[-123.532,62.319],[-125.259,64.077],[-127.425,65.866],[-128.398,67.09],[-129.025,68.346],[-129.088,69.35],[-128.837,70.167],[-128.178,70.983],[-127.461,71.472]]]}},{"type":"Feature","properties":{"density":1},"geometry":{"type":"Polygon","coordinates":[[[-122.704,41.827],[-122.635,41.875],[-122.486,41.91],[-122.44,41.908],[-122.396,41.875],[-122.383,41.73],[-122.385,41.603],[-122.401,41.544],[-122.449,41.522],[-122.508,41.53],[-122.772,41.666],[-122.826,41.739],[-122.815,41.774],[-122.704,41.827]]]}},{"type":"Feature","properties":{"density":1},"geometry":{"type":"Polygon","coordinates":[[[-110.27,38.022],[-110.186,38.384],[-109.684,39.738],[-109.21,40.435],[-108.429,41.272],[-107.061,42.249],[-105.548,43.476],[-104.899,44.062],[-104.271,44.669],[-103.518,45.59],[-103.413,46.029],[-103.371,46.929],[-103.539,47.787],[-103.978,48.645],[-104.02,49.503],[-103.058,49.942],[-102.2,50.047],[-101.656,50.005],[-101.132,49.775],[-98.517,48.938],[-95.441,49.064],[-94.52,49.126],[-93.013,49.105],[-92.071,48.694],[-91.695,48.401],[-91.444,47.857],[-91.423,47.271],[-91.674,46.413],[-92.009,45.388],[-92.741,44.027],[-93.222,43.421],[-94.08,42.604],[-94.813,42.395],[-95.775,42.228],[-97.177,41.872],[-97.952,41.809],[-99.019,41.495],[-100.742,40.679],[-100.965,40.275],[-101.174,39.842],[-101.37,39.326],[-101.635,38.796],[-102.039,38.391],[-102.639,37.847],[-103.281,37.443],[-104.215,37.303],[-104.564,37.373],[-104.997,37.554],[-105.276,37.694],[-105.527,37.903],[-105.945,38.029],[-106.461,38.029],[-107.271,37.791],[-107.661,37.652],[-107.982,37.471],[-108.303,37.387],[-108.777,37.345],[-109.349,37.345],[-110.144,37.554],[-110.312,37.791],[-110.27,38.022]]]}},{"type":"Feature","properties":{"density":2},"geometry":{"type":"Polygon","coordinates":[[[-91.935,34.923],[-94.702,34.923],[-95.567,34.462],[-96.086,33.539],[-96.317,32.905],[-96.144,32.04],[-95.279,31.002],[-94.184,30.54],[-93.665,30.483],[-90.32,29.848],[-87.725,29.56],[-84.784,29.56],[-83.861,29.791],[-82.247,30.656],[-81.44,31.521],[-80.805,32.616],[-80.575,34.0],[-80.748,34.923],[-81.728,35.384],[-82.708,35.269],[-83.169,34.981],[-84.669,34.231],[-86.629,33.827],[-87.956,34.231],[-89.282,35.038],[-90.089,35.269],[-90.608,35.327],[-91.243,35.154],[-91.935,34.923]]]}},{"type":"Feature","properties":{"density":2},"geometry":{"type":"Polygon","coordinates":[[[-109.003,39.767],[-108.081,39.651],[-107.619,39.478],[-106.409,40.113],[-105.659,40.17],[-104.39,40.17],[-103.179,40.401],[-102.776,40.747],[-102.026,41.035],[-100.411,41.497],[-98.278,41.497],[-97.586,41.67],[-97.009,41.9],[-96.548,42.189],[-96.317,42.765],[-96.548,43.63],[-97.182,44.092],[-98.393,44.495],[-100.181,44.784],[-101.622,45.187],[-102.314,45.418],[-104.621,44.899],[-105.89,44.438],[-106.351,43.976],[-106.524,43.746],[-106.697,42.996],[-106.985,42.189],[-107.677,41.324],[-108.311,41.035],[-108.542,40.862],[-109.868,40.689],[-110.157,40.574],[-110.387,40.401],[-110.099,40.113],[-109.003,39.767]]]}},{"type":"Feature","properties":{"density":2},"geometry":{"type":"Polygon","coordinates":[[[-85.072,52.309],[-87.667,52.914],[-89.224,53.174],[-91.473,53.693],[-91.992,53.952],[-92.684,54.385],[-92.857,55.077],[-92.511,55.596],[-90.781,56.115],[-86.629,57.153],[-83.169,57.931],[-80.834,58.018],[-79.277,57.845],[-77.98,57.412],[-76.596,56.461],[-75.731,54.904],[-75.904,53.26],[-77.634,51.53],[-80.229,49.454],[-85.072,47.465],[-87.235,46.946],[-94.241,45.822],[-96.317,45.735],[-98.393,46.081],[-100.728,47.119],[-101.507,47.725],[-101.42,48.849],[-100.21,49.195],[-98.826,49.282],[-98.134,49.109],[-95.625,48.763],[-91.473,48.33],[-88.273,48.503],[-85.764,49.454],[-84.207,50.146],[-83.515,50.492],[-83.169,51.271],[-84.207,52.136],[-85.072,52.309]]]}},{"type":"Feature","properties":{"density":2},"geometry":{"type":"Polygon","coordinates":[[[-101.796,55.438],[-102.448,55.386],[-103.435,55.431],[-104.593,55.449],[-105.659,55.423],[-106.928,55.331],[-108.929,56.037],[-110.684,57.105],[-113.024,58.133],[-115.434,59.667],[-117.674,61.581],[-120.182,62.977],[-121.72,65.016],[-121.102,67.541],[-119.534,68.62],[-111.586,69.991],[-101.247,70.214],[-97.788,69.522],[-94.933,67.705],[-92.857,66.149],[-90.954,64.419],[-91.059,63.205],[-91.992,62.689],[-92.823,62.26],[-92.932,61.82],[-92.371,61.567],[-87.927,61.737],[-76.769,62.343],[-66.129,63.554],[-61.026,64.073],[-57.999,64.332],[-56.442,63.64],[-55.577,62.343],[-55.49,61.305],[-55.75,60.353],[-57.48,59.834],[-60.161,59.921],[-64.918,60.613],[-72.617,60.613],[-77.028,60.786],[-82.305,60.613],[-90.954,59.921],[-95.388,59.859],[-98.482,59.671],[-99.431,58.537],[-100.21,57.845],[-100.728,57.499],[-101.074,57.066],[-101.624,56.745],[-101.55,56.186],[-101.593,55.682],[-101.796,55.438]]]}},{"type":"Feature","properties":{"density":2},"geometry":{"type":"Polygon","coordinates":[[[-50.387,41.064],[-51.425,40.113],[-53.674,39.334],[-54.798,39.075],[-55.231,38.729],[-55.317,38.123],[-54.712,37.258],[-53.328,37.258],[-52.636,37.431],[-51.857,37.777],[-51.079,38.815],[-50.646,39.594],[-50.3,40.459],[-50.387,41.064]]]}},{"type":"Feature","properties":{"density":2},"geometry":{"type":"Polygon","coordinates":[[[-65.87,41.785],[-65.409,41.439],[-65.236,40.805],[-65.236,40.401],[-65.697,39.824],[-67.023,39.19],[-68.35,38.844],[-70.656,38.094],[-73.424,36.999],[-74.404,36.768],[-75.154,36.711],[-75.442,36.884],[-75.5,37.23],[-75.442,37.806],[-75.039,38.44],[-73.885,39.363],[-71.867,40.286],[-69.561,41.439],[-67.254,41.67],[-66.504,41.67],[-65.87,41.785]]]}},{"type":"Feature","properties":{"density":2},"geometry":{"type":"Polygon","coordinates":[[[-101.719,58.928],[-102.242,59.144],[-102.436,59.258],[-102.527,59.349],[-102.516,59.384],[-102.356,59.395],[-101.81,59.076],[-101.696,58.985],[-101.719,58.928]]]}},{"type":"Feature","properties":{"density":2},"geometry":{"type":"Polygon","coordinates":[[[-98.666,58.689],[-98.916,58.655],[-99.144,58.655],[-99.27,58.677],[-99.326,58.734],[-99.292,58.768],[-99.144,58.803],[-98.973,58.803],[-98.723,58.734],[-98.666,58.689]]]}},{"type":"Feature","properties":{"density":2},"geometry":{"type":"Polygon","coordinates":[[[-98.392,59.156],[-98.563,59.11],[-98.62,59.11],[-98.689,59.167],[-98.677,59.19],[-98.575,59.201],[-98.427,59.19],[-98.392,59.156]]]}},{"type":"Feature","properties":{"density":2},"geometry":{"type":"Polygon","coordinates":[[[-97.732,59.156],[-97.868,59.122],[-97.891,59.087],[-97.789,59.065],[-97.72,59.076],[-97.686,59.11],[-97.732,59.156]]]}},{"type":"Feature","properties":{"density":2},"geometry":{"type":"Polygon","coordinates":[[[-97.413,58.381],[-97.686,58.336],[-98.005,58.324],[-98.005,58.381],[-97.868,58.404],[-97.379,58.427],[-97.413,58.381]]]}},{"type":"Feature","properties":{"density":2},"geometry":{"type":"Polygon","coordinates":[[[-98.039,57.937],[-98.643,57.926],[-98.734,57.937],[-98.757,57.982],[-98.677,58.017],[-97.994,57.994],[-98.039,57.937]]]}},{"type":"Feature","properties":{"density":2},"geometry":{"type":"Polygon","coordinates":[[[-97.686,57.105],[-98.028,57.026],[-98.096,57.048],[-98.039,57.094],[-97.88,57.14],[-97.698,57.162],[-97.686,57.105]]]}},{"type":"Feature","properties":{"density":2},"geometry":{"type":"Polygon","coordinates":[[[-99.292,56.661],[-99.44,56.581],[-99.714,56.479],[-100.01,56.411],[-100.158,56.411],[-100.226,56.445],[-100.169,56.479],[-99.759,56.616],[-99.281,56.695],[-99.292,56.661]]]}},{"type":"Feature","properties":{"density":2},"geometry":{"type":"Polygon","coordinates":[[[-102.937,56.297],[-103.222,56.308],[-103.518,56.342],[-103.689,56.445],[-103.7,56.536],[-103.621,56.547],[-103.188,56.513],[-102.903,56.399],[-102.937,56.297]]]}},{"type":"Feature","properties":{"density":2},"geometry":{"type":"Polygon","coordinates":[[[-103.393,57.413],[-104.247,57.652],[-104.669,57.869],[-104.874,57.937],[-104.942,57.891],[-104.84,57.777],[-104.6,57.618],[-104.247,57.458],[-103.837,57.356],[-103.552,57.322],[-103.473,57.322],[-103.393,57.413]]]}},{"type":"Feature","properties":{"density":2},"geometry":{"type":"Polygon","coordinates":[[[-103.188,57.96],[-103.621,58.165],[-103.917,58.324],[-104.076,58.381],[-104.202,58.347],[-104.133,58.222],[-104.008,58.131],[-103.712,57.971],[-103.507,57.88],[-103.325,57.823],[-103.188,57.96]]]}},{"type":"Feature","properties":{"density":2},"geometry":{"type":"Polygon","coordinates":[[[-102.06,58.176],[-102.345,58.301],[-102.664,58.415],[-102.869,58.438],[-102.915,58.427],[-102.812,58.336],[-102.356,58.199],[-102.06,58.074],[-102.026,58.074],[-102.06,58.176]]]}},{"type":"Feature","properties":{"density":2},"geometry":{"type":"Polygon","coordinates":[[[-102.812,58.301],[-103.063,58.393],[-103.495,58.62],[-103.803,58.848],[-103.871,58.757],[-103.712,58.586],[-103.484,58.449],[-102.858,58.256],[-102.812,58.301]]]}},{"type":"Feature","properties":{"density":2},"geometry":{"type":"Polygon","coordinates":[[[-101.536,57.698],[-101.935,57.72],[-102.151,57.755],[-102.391,57.823],[-102.391,57.891],[-102.288,57.891],[-101.65,57.789],[-101.513,57.755],[-101.536,57.698]]]}},{"type":"Feature","properties":{"density":2},"geometry":{"type":"Polygon","coordinates":[[[-100.317,57.812],[-100.784,57.823],[-100.841,57.869],[-100.716,57.914],[-100.443,57.926],[-100.26,57.857],[-100.317,57.812]]]}},{"type":"Feature","properties":{"density":2},"geometry":{"type":"Polygon","coordinates":[[[-78.994,50.214],[-78.003,50.407],[-77.673,50.487],[-77.388,50.51],[-77.365,50.453],[-77.422,50.339],[-77.741,50.214],[-78.151,50.168],[-78.789,50.02],[-78.994,50.214]]]}},{"type":"Feature","properties":{"density":2},"geometry":{"type":"Polygon","coordinates":[[[-76.822,21.138],[-76.951,21.191],[-77.004,21.229],[-77.004,21.259],[-76.777,21.168],[-76.822,21.138]]]}},{"type":"Feature","properties":{"density":2},"geometry":{"type":"Polygon","coordinates":[[[-72.91,49.57],[-71.682,49.559],[-69.711,49.35],[-69.064,49.408],[-68.466,49.516],[-67.95,49.679],[-66.056,50.382],[-65.428,50.599],[-64.819,50.738],[-63.069,50.967],[-62.092,50.738],[-61.512,50.557],[-61.217,50.448],[-60.8,50.225],[-60.414,49.881],[-60.275,49.157],[-60.505,48.837],[-60.903,48.693],[-60.951,48.427],[-60.927,48.119],[-60.843,48.011],[-60.517,47.812],[-59.334,47.57],[-58.526,47.305],[-58.272,47.1],[-57.856,46.816],[-57.645,46.647],[-57.524,46.502],[-57.427,46.182],[-57.427,46.092],[-57.458,45.989],[-57.53,45.917],[-57.627,45.851],[-57.832,45.826],[-58.17,45.863],[-58.58,45.881],[-59.4,46.08],[-59.871,46.122],[-60.306,46.213],[-61.416,46.599],[-61.742,46.786],[-62.14,46.913],[-62.466,47.063],[-62.834,47.172],[-63.141,47.142],[-64.022,47.196],[-64.354,47.256],[-64.71,47.365],[-65.03,47.498],[-65.314,47.576],[-65.983,47.896],[-66.351,47.908],[-67.299,47.679],[-67.944,47.588],[-69.049,47.558],[-69.507,47.522],[-70.259,47.229],[-70.822,47.14],[-71.305,47.136],[-71.975,47.075],[-72.228,47.112],[-72.458,47.124],[-72.741,47.347],[-72.796,47.462],[-72.85,47.534],[-72.808,47.703],[-72.675,47.866],[-72.723,48.035],[-72.946,48.186],[-73.337,48.289],[-73.715,48.49],[-73.742,48.736],[-73.705,49.029],[-73.598,49.193],[-73.477,49.35],[-73.302,49.453],[-72.91,49.57]]]}},{"type":"Feature","properties":{"density":2},"geometry":{"type":"Polygon","coordinates":[[[-79.099,50.214],[-78.887,50.319],[-78.665,50.392],[-78.411,50.449],[-78.009,50.612],[-77.601,50.741],[-77.392,50.779],[-77.177,50.786],[-76.984,50.764],[-76.872,50.7],[-76.9,50.573],[-77.054,50.491],[-77.183,50.439],[-77.567,50.341],[-77.785,50.262],[-78.018,50.133],[-78.558,49.931],[-78.868,49.9],[-78.904,49.915],[-78.936,49.944],[-78.931,49.987],[-78.865,50.088],[-78.924,50.095],[-79.061,50.058],[-79.142,50.066],[-79.159,50.099],[-79.154,50.136],[-79.099,50.214]]]}},{"type":"Feature","properties":{"density":2},"geometry":{"type":"Polygon","coordinates":[[[-78.99,50.941],[-78.257,51.353],[-78.051,51.432],[-77.981,51.433],[-77.952,51.405],[-77.949,51.368],[-77.979,51.321],[-78.189,51.207],[-78.416,51.058],[-78.676,50.929],[-78.908,50.874],[-78.984,50.89],[-79.001,50.92],[-78.99,50.941]]]}},{"type":"Feature","properties":{"density":2},"geometry":{"type":"Polygon","coordinates":[[[-76.548,56.283],[-76.279,56.44],[-75.283,56.808],[-73.155,57.287],[-72.63,57.349],[-72.411,57.324],[-72.274,57.229],[-72.142,56.981],[-72.134,56.353],[-72.216,56.018],[-72.522,55.617],[-72.832,55.435],[-73.56,55.237],[-74.006,55.191],[-75.345,55.001],[-75.614,54.935],[-76.189,54.881],[-76.441,55.018],[-76.54,55.224],[-76.627,55.559],[-76.627,56.022],[-76.548,56.283]]]}},{"type":"Feature","properties":{"density":2},"geometry":{"type":"Polygon","coordinates":[[[-101.529,56.877],[-101.965,56.924],[-102.055,56.913],[-102.089,56.882],[-101.68,56.815],[-101.522,56.812],[-101.501,56.825],[-101.496,56.855],[-101.529,56.877]]]}},{"type":"Feature","properties":{"density":2},"geometry":{"type":"Polygon","coordinates":[[[-103.571,57.293],[-103.765,57.324],[-104.137,57.338],[-104.609,57.505],[-105.076,57.715],[-105.338,57.937],[-105.4,58.018],[-105.394,58.061],[-105.337,58.134],[-105.274,58.17],[-105.211,58.177],[-105.127,58.15],[-104.984,58.02],[-104.535,57.758],[-104.154,57.636],[-104.002,57.562],[-103.925,57.543],[-103.519,57.51],[-103.337,57.444],[-103.301,57.416],[-103.301,57.347],[-103.348,57.318],[-103.571,57.293]]]}},{"type":"Feature","properties":{"density":2},"geometry":{"type":"Polygon","coordinates":[[[-103.331,57.871],[-103.709,57.969],[-104.395,58.274],[-104.573,58.323],[-104.701,58.388],[-104.885,58.604],[-104.946,58.755],[-104.938,58.808],[-104.821,58.856],[-104.729,58.841],[-104.415,58.59],[-104.025,58.362],[-103.899,58.299],[-103.314,58.075],[-103.169,58.0],[-103.147,57.945],[-103.174,57.897],[-103.248,57.866],[-103.331,57.871]]]}},{"type":"Feature","properties":{"density":2},"geometry":{"type":"Polygon","coordinates":[[[-102.944,58.179],[-103.226,58.271],[-103.519,58.408],[-103.602,58.48],[-103.626,58.546],[-103.612,58.584],[-103.582,58.605],[-103.465,58.599],[-102.841,58.358],[-102.765,58.318],[-102.731,58.282],[-102.733,58.244],[-102.753,58.231],[-102.887,58.182],[-102.944,58.179]]]}},{"type":"Feature","properties":{"density":2},"geometry":{"type":"Polygon","coordinates":[[[-103.855,58.66],[-104.19,58.779],[-104.374,58.868],[-104.58,59.012],[-104.656,59.087],[-104.727,59.212],[-104.711,59.269],[-104.644,59.3],[-104.573,59.307],[-104.466,59.263],[-103.899,58.872],[-103.663,58.756],[-103.66,58.701],[-103.724,58.655],[-103.763,58.644],[-103.855,58.66]]]}},{"type":"Feature","properties":{"density":2},"geometry":{"type":"Polygon","coordinates":[[[-102.078,58.08],[-102.111,58.081],[-102.775,58.334],[-102.837,58.398],[-102.84,58.43],[-102.774,58.449],[-102.525,58.397],[-102.324,58.323],[-102.031,58.251],[-101.956,58.216],[-101.926,58.16],[-101.946,58.127],[-102.078,58.08]]]}},{"type":"Feature","properties":{"density":2},"geometry":{"type":"Polygon","coordinates":[[[-102.748,59.27],[-102.957,59.372],[-103.057,59.389],[-103.459,59.601],[-103.627,59.791],[-103.638,59.89],[-103.591,59.995],[-103.542,60.058],[-103.475,60.105],[-103.412,60.119],[-103.327,60.119],[-103.211,60.064],[-103.054,59.951],[-102.665,59.617],[-102.294,59.392],[-101.758,59.109],[-101.629,59.011],[-101.594,58.954],[-101.607,58.919],[-101.635,58.899],[-101.787,58.884],[-102.17,58.998],[-102.492,59.183],[-102.748,59.27]]]}},{"type":"Feature","properties":{"density":2},"geometry":{"type":"Polygon","coordinates":[[[-102.6,59.591],[-102.642,59.604],[-102.819,59.732],[-102.844,59.785],[-102.839,59.808],[-102.775,59.812],[-102.637,59.731],[-102.565,59.667],[-102.508,59.569],[-102.547,59.566],[-102.6,59.591]]]}},{"type":"Feature","properties":{"density":2},"geometry":{"type":"Polygon","coordinates":[[[-102.571,59.983],[-102.754,60.102],[-102.955,60.284],[-103.002,60.381],[-102.999,60.45],[-102.922,60.462],[-102.893,60.452],[-102.691,60.261],[-102.498,60.001],[-102.493,59.961],[-102.517,59.95],[-102.571,59.983]]]}},{"type":"Feature","properties":{"density":2},"geometry":{"type":"Polygon","coordinates":[[[-103.064,60.196],[-103.358,60.389],[-103.381,60.42],[-103.376,60.466],[-103.352,60.482],[-103.267,60.49],[-103.191,60.455],[-103.053,60.307],[-103.012,60.242],[-103.006,60.201],[-103.064,60.196]]]}},{"type":"Feature","properties":{"density":2},"geometry":{"type":"Polygon","coordinates":[[[-101.779,60.285],[-102.021,60.412],[-102.113,60.496],[-102.215,60.655],[-102.225,60.711],[-102.203,60.758],[-102.117,60.769],[-101.997,60.69],[-101.901,60.553],[-101.712,60.347],[-101.71,60.285],[-101.779,60.285]]]}},{"type":"Feature","properties":{"density":2},"geometry":{"type":"Polygon","coordinates":[[[-100.794,60.252],[-100.963,60.347],[-100.998,60.413],[-100.969,60.426],[-100.902,60.42],[-100.768,60.357],[-100.708,60.286],[-100.709,60.266],[-100.739,60.25],[-100.794,60.252]]]}},{"type":"Feature","properties":{"density":2},"geometry":{"type":"Polygon","coordinates":[[[-98.377,59.188],[-98.414,59.205],[-98.61,59.223],[-98.75,59.203],[-98.809,59.169],[-98.8,59.138],[-98.639,59.116],[-98.377,59.141],[-98.361,59.162],[-98.377,59.188]]]}},{"type":"Feature","properties":{"density":2},"geometry":{"type":"Polygon","coordinates":[[[-97.698,59.202],[-97.861,59.212],[-98.006,59.194],[-98.088,59.136],[-98.128,59.088],[-98.137,59.044],[-98.125,59.02],[-98.046,59.006],[-97.951,59.024],[-97.811,59.095],[-97.649,59.14],[-97.648,59.182],[-97.698,59.202]]]}},{"type":"Feature","properties":{"density":2},"geometry":{"type":"Polygon","coordinates":[[[-100.147,57.699],[-100.443,57.738],[-100.537,57.766],[-100.606,57.815],[-100.604,57.855],[-100.584,57.877],[-100.541,57.888],[-100.217,57.806],[-100.096,57.741],[-100.087,57.689],[-100.147,57.699]]]}},{"type":"Feature","properties":{"density":2},"geometry":{"type":"Polygon","coordinates":[[[-100.344,57.833],[-100.445,57.856],[-100.606,57.865],[-101.438,58.036],[-101.515,58.076],[-101.563,58.13],[-101.554,58.154],[-101.505,58.167],[-101.126,58.135],[-100.738,58.077],[-100.424,58.028],[-100.264,57.984],[-100.154,57.913],[-100.156,57.868],[-100.208,57.836],[-100.274,57.824],[-100.344,57.833]]]}},{"type":"Feature","properties":{"density":2},"geometry":{"type":"Polygon","coordinates":[[[-101.45,57.763],[-101.556,57.809],[-102.001,57.925],[-102.306,57.946],[-102.37,57.91],[-102.373,57.876],[-102.34,57.836],[-102.227,57.764],[-102.09,57.711],[-101.548,57.658],[-101.458,57.663],[-101.416,57.676],[-101.389,57.719],[-101.45,57.763]]]}},{"type":"Feature","properties":{"density":2},"geometry":{"type":"Polygon","coordinates":[[[-99.223,56.757],[-99.478,56.775],[-99.571,56.767],[-99.733,56.735],[-99.793,56.706],[-99.84,56.651],[-99.822,56.627],[-99.689,56.615],[-99.271,56.641],[-99.2,56.7],[-99.201,56.734],[-99.223,56.757]]]}},{"type":"Feature","properties":{"density":2},"geometry":{"type":"Polygon","coordinates":[[[-102.938,56.292],[-103.669,56.349],[-103.765,56.371],[-103.809,56.414],[-103.798,56.477],[-103.757,56.522],[-103.644,56.543],[-103.329,56.53],[-103.187,56.546],[-103.077,56.523],[-102.986,56.493],[-102.865,56.422],[-102.846,56.372],[-102.861,56.316],[-102.894,56.292],[-102.938,56.292]]]}},{"type":"Feature","properties":{"density":2},"geometry":{"type":"Polygon","coordinates":[[[-103.053,56.08],[-103.494,56.098],[-103.599,56.144],[-103.613,56.169],[-103.59,56.199],[-103.513,56.209],[-103.103,56.175],[-103.008,56.143],[-102.992,56.123],[-103.004,56.095],[-103.053,56.08]]]}},{"type":"Feature","properties":{"density":2},"geometry":{"type":"Polygon","coordinates":[[[-103.571,55.475],[-103.959,55.518],[-104.066,55.572],[-104.096,55.643],[-104.075,55.663],[-104.046,55.662],[-103.562,55.545],[-103.524,55.489],[-103.546,55.469],[-103.571,55.475]]]}},{"type":"Feature","properties":{"density":2},"geometry":{"type":"Polygon","coordinates":[[[-97.939,56.595],[-98.062,56.607],[-98.101,56.597],[-98.132,56.565],[-98.122,56.549],[-98.056,56.544],[-97.903,56.574],[-97.939,56.595]]]}},{"type":"Feature","properties":{"density":2},"geometry":{"type":"Polygon","coordinates":[[[-97.353,56.804],[-97.371,56.832],[-97.419,56.857],[-97.568,56.864],[-97.631,56.856],[-97.666,56.81],[-97.371,56.788],[-97.353,56.804]]]}},{"type":"Feature","properties":{"density":2},"geometry":{"type":"Polygon","coordinates":[[[-97.387,57.274],[-97.305,57.276],[-97.274,57.25],[-97.322,57.209],[-97.415,57.173],[-97.942,57.033],[-98.144,57.01],[-98.362,57.016],[-98.482,57.039],[-98.548,57.091],[-98.556,57.126],[-98.538,57.149],[-98.5,57.159],[-98.168,57.173],[-97.862,57.217],[-97.611,57.228],[-97.433,57.254],[-97.387,57.274]]]}},{"type":"Feature","properties":{"density":2},"geometry":{"type":"Polygon","coordinates":[[[-97.122,57.941],[-97.405,57.918],[-97.676,57.848],[-97.702,57.815],[-97.714,57.753],[-97.556,57.734],[-97.172,57.807],[-97.108,57.845],[-97.1,57.875],[-97.047,57.927],[-97.122,57.941]]]}},{"type":"Feature","properties":{"density":2},"geometry":{"type":"Polygon","coordinates":[[[-97.405,58.463],[-97.498,58.461],[-97.932,58.388],[-98.075,58.331],[-98.161,58.275],[-98.209,58.2],[-98.176,58.184],[-97.744,58.174],[-97.401,58.141],[-97.223,58.147],[-97.0,58.217],[-96.934,58.248],[-96.907,58.288],[-96.929,58.31],[-97.16,58.343],[-97.561,58.279],[-97.579,58.31],[-97.364,58.377],[-97.313,58.424],[-97.351,58.454],[-97.405,58.463]]]}},{"type":"Feature","properties":{"density":2},"geometry":{"type":"Polygon","coordinates":[[[-97.927,58.059],[-98.161,58.098],[-98.442,58.086],[-98.763,57.971],[-98.785,57.909],[-98.699,57.885],[-98.205,57.899],[-97.933,57.958],[-97.869,57.991],[-97.865,58.022],[-97.927,58.059]]]}},{"type":"Feature","properties":{"density":2},"geometry":{"type":"Polygon","coordinates":[[[-98.095,59.469],[-98.159,59.505],[-98.239,59.51],[-98.289,59.473],[-98.283,59.453],[-98.093,59.439],[-98.095,59.469]]]}},{"type":"Feature","properties":{"density":2},"geometry":{"type":"Polygon","coordinates":[[[-95.191,56.951],[-95.47,56.91],[-95.625,56.857],[-95.702,56.81],[-95.715,56.728],[-95.613,56.706],[-95.553,56.71],[-95.479,56.74],[-95.166,56.888],[-95.115,56.928],[-95.116,56.951],[-95.191,56.951]]]}},{"type":"Feature","properties":{"density":2},"geometry":{"type":"Polygon","coordinates":[[[-93.774,57.009],[-93.853,57.009],[-93.955,56.985],[-94.069,56.921],[-94.092,56.877],[-94.059,56.845],[-93.943,56.866],[-93.735,56.977],[-93.738,57.006],[-93.774,57.009]]]}},{"type":"Feature","properties":{"density":2},"geometry":{"type":"Polygon","coordinates":[[[-104.025,61.337],[-104.354,61.584],[-104.418,61.661],[-104.423,61.714],[-104.401,61.789],[-104.333,61.826],[-104.227,61.811],[-104.111,61.754],[-104.008,61.685],[-103.883,61.567],[-103.788,61.475],[-103.753,61.409],[-103.751,61.372],[-103.773,61.347],[-103.81,61.337],[-104.025,61.337]]]}},{"type":"Feature","properties":{"density":2},"geometry":{"type":"Polygon","coordinates":[[[-71.611,18.138],[-71.771,18.139],[-71.823,18.114],[-71.865,18.056],[-71.836,18.034],[-71.8,18.033],[-71.629,18.073],[-71.579,18.095],[-71.572,18.112],[-71.611,18.138]]]}},{"type":"Feature","properties":{"density":2},"geometry":{"type":"Polygon","coordinates":[[[-108.668,33.322],[-108.559,33.534],[-108.4,33.7],[-108.293,33.866],[-108.242,33.915],[-107.76,34.273],[-107.61,34.331],[-107.525,34.326],[-107.485,34.249],[-107.517,34.165],[-107.598,34.062],[-107.874,33.807],[-108.174,33.628],[-108.3,33.51],[-108.604,33.296],[-108.665,33.278],[-108.677,33.291],[-108.668,33.322]]]}},{"type":"Feature","properties":{"density":2},"geometry":{"type":"Polygon","coordinates":[[[-111.936,35.032],[-111.931,35.288],[-111.912,35.37],[-111.83,35.526],[-111.797,35.541],[-111.734,35.528],[-111.692,35.473],[-111.688,35.175],[-111.806,34.909],[-111.835,34.909],[-111.907,34.951],[-111.935,34.981],[-111.936,35.032]]]}},{"type":"Feature","properties":{"density":2},"geometry":{"type":"Polygon","coordinates":[[[-105.171,38.237],[-105.174,38.308],[-105.156,38.365],[-105.109,38.405],[-104.601,38.661],[-104.47,38.67],[-104.407,38.646],[-104.364,38.597],[-104.323,38.497],[-104.345,38.425],[-104.406,38.343],[-104.701,38.113],[-104.771,38.027],[-104.878,37.963],[-104.946,37.943],[-105.066,37.945],[-105.134,37.991],[-105.156,38.061],[-105.145,38.187],[-105.171,38.237]]]}},{"type":"Feature","properties":{"density":2},"geometry":{"type":"Polygon","coordinates":[[[-107.474,36.324],[-107.502,36.553],[-107.48,36.862],[-107.4,37.115],[-107.257,37.454],[-107.185,37.493],[-107.069,37.49],[-106.987,37.396],[-106.893,37.22],[-106.549,36.757],[-106.433,36.567],[-106.4,36.429],[-106.386,36.181],[-106.471,36.137],[-107.328,36.126],[-107.406,36.184],[-107.466,36.272],[-107.474,36.324]]]}},{"type":"Feature","properties":{"density":2},"geometry":{"type":"Polygon","coordinates":[[[-105.146,36.711],[-105.002,36.852],[-104.754,37.152],[-104.628,37.196],[-104.473,37.108],[-104.184,36.984],[-103.837,36.761],[-103.732,36.667],[-103.6,36.513],[-103.547,36.433],[-103.545,36.336],[-103.583,36.243],[-103.826,36.135],[-103.952,36.135],[-104.195,36.176],[-104.611,36.284],[-104.933,36.386],[-105.008,36.427],[-105.146,36.551],[-105.169,36.651],[-105.146,36.711]]]}},{"type":"Feature","properties":{"density":2},"geometry":{"type":"Polygon","coordinates":[[[-107.7,38.071],[-107.778,38.124],[-107.813,38.177],[-107.816,38.256],[-107.796,38.295],[-107.751,38.33],[-107.556,38.41],[-107.495,38.486],[-107.289,38.66],[-107.049,38.805],[-106.819,38.888],[-106.7,38.868],[-106.7,38.748],[-106.823,38.537],[-106.953,38.443],[-107.199,38.313],[-107.433,38.132],[-107.62,38.055],[-107.691,38.058],[-107.7,38.071]]]}},{"type":"Feature","properties":{"density":2},"geometry":{"type":"Polygon","coordinates":[[[-108.767,37.707],[-108.767,37.749],[-108.823,37.854],[-108.931,37.96],[-109.021,38.021],[-109.158,38.047],[-109.251,38.019],[-109.434,37.855],[-109.581,37.753],[-109.69,37.714],[-109.831,37.679],[-109.908,37.714],[-109.954,37.813],[-109.947,37.89],[-109.906,37.99],[-109.871,38.172],[-109.894,38.346],[-110.01,38.642],[-110.035,38.785],[-109.994,38.917],[-109.677,39.171],[-109.542,39.262],[-109.291,39.389],[-108.996,39.595],[-108.781,39.683],[-108.574,39.711],[-108.349,39.727],[-108.225,39.692],[-107.866,39.468],[-107.745,39.226],[-107.596,39.094],[-107.453,39.074],[-107.106,38.96],[-106.84,38.945],[-106.682,38.888],[-106.639,38.845],[-106.64,38.69],[-106.671,38.605],[-106.855,38.406],[-107.159,38.263],[-107.446,38.065],[-107.586,38.021],[-107.812,38.032],[-108.028,38.021],[-108.327,37.919],[-108.5,37.783],[-108.575,37.674],[-108.623,37.645],[-108.722,37.636],[-108.761,37.671],[-108.767,37.707]]]}},{"type":"Feature","properties":{"density":2},"geometry":{"type":"Polygon","coordinates":[[[-107.974,40.981],[-106.362,41.304],[-106.143,41.436],[-106.048,41.597],[-105.969,41.796],[-105.812,42.002],[-105.523,42.188],[-104.77,42.761],[-104.479,43.034],[-104.138,43.22],[-103.778,43.381],[-103.45,43.468],[-103.171,43.474],[-102.848,43.381],[-102.402,43.214],[-101.329,43.04],[-100.994,42.953],[-100.703,42.842],[-100.486,42.656],[-100.461,42.383],[-100.715,42.079],[-100.994,41.93],[-102.402,41.608],[-102.873,41.533],[-103.158,41.515],[-104.318,41.508],[-104.622,41.453],[-104.857,41.196],[-105.031,41.048],[-105.246,40.891],[-105.502,40.75],[-106.63,40.399],[-107.102,40.312],[-107.275,40.304],[-107.482,40.312],[-107.631,40.337],[-107.759,40.378],[-107.871,40.461],[-107.961,40.56],[-108.061,40.8],[-108.052,40.886],[-107.974,40.981]]]}},{"type":"Feature","properties":{"density":2},"geometry":{"type":"Polygon","coordinates":[[[-83.945,30.795],[-84.071,30.752],[-84.096,30.725],[-83.945,30.761],[-83.932,30.783],[-83.945,30.795]]]}},{"type":"Feature","properties":{"density":2},"geometry":{"type":"Polygon","coordinates":[[[-103.576,57.302],[-103.902,57.356],[-104.433,57.412],[-104.593,57.452],[-105.365,57.764],[-105.944,58.042],[-106.074,58.144],[-106.157,58.251],[-106.247,58.409],[-106.247,58.438],[-106.201,58.499],[-106.137,58.528],[-106.056,58.523],[-105.986,58.495],[-105.74,58.31],[-105.286,58.012],[-105.218,57.982],[-104.985,57.949],[-104.715,57.953],[-104.266,57.881],[-104.037,57.809],[-103.564,57.601],[-103.349,57.472],[-103.28,57.41],[-103.277,57.368],[-103.324,57.318],[-103.534,57.29],[-103.576,57.302]]]}},{"type":"Feature","properties":{"density":2},"geometry":{"type":"Polygon","coordinates":[[[-103.34,57.844],[-103.643,57.923],[-103.96,58.056],[-104.883,58.498],[-105.056,58.566],[-105.474,58.678],[-105.605,58.777],[-105.592,58.894],[-105.412,58.928],[-105.041,58.849],[-104.188,58.468],[-103.771,58.311],[-103.557,58.209],[-103.263,58.095],[-103.17,58.03],[-103.141,57.967],[-103.145,57.905],[-103.21,57.84],[-103.34,57.844]]]}},{"type":"Feature","properties":{"density":2},"geometry":{"type":"Polygon","coordinates":[[[-100.793,57.261],[-101.277,57.349],[-101.522,57.378],[-101.969,57.52],[-102.231,57.677],[-102.578,57.856],[-103.093,58.171],[-103.636,58.452],[-104.05,58.642],[-104.625,58.958],[-105.126,59.046],[-105.435,59.167],[-105.56,59.256],[-105.731,59.444],[-105.736,59.543],[-105.711,59.656],[-105.612,59.73],[-105.502,59.75],[-105.287,59.703],[-104.783,59.526],[-104.576,59.48],[-104.284,59.375],[-103.895,59.179],[-103.675,59.033],[-102.806,58.659],[-102.146,58.443],[-101.297,58.248],[-100.804,58.111],[-100.51,58.046],[-100.292,57.976],[-100.201,57.938],[-100.162,57.905],[-100.149,57.873],[-100.182,57.839],[-100.127,57.792],[-100.1,57.738],[-100.138,57.671],[-100.286,57.645],[-100.484,57.664],[-100.775,57.723],[-101.341,57.901],[-101.555,57.989],[-101.683,58.065],[-101.806,58.111],[-101.863,58.101],[-101.868,58.081],[-101.459,57.867],[-101.111,57.658],[-100.803,57.504],[-100.612,57.378],[-100.6,57.299],[-100.631,57.272],[-100.666,57.251],[-100.793,57.261]]]}},{"type":"Feature","properties":{"density":2},"geometry":{"type":"Polygon","coordinates":[[[-101.172,58.697],[-101.889,58.916],[-102.583,59.185],[-103.234,59.415],[-103.826,59.792],[-104.046,59.975],[-104.116,60.068],[-104.168,60.171],[-104.168,60.269],[-104.079,60.436],[-104.0,60.491],[-103.822,60.52],[-103.56,60.412],[-102.836,59.942],[-102.622,59.782],[-102.285,59.472],[-101.855,59.313],[-101.654,59.209],[-101.398,59.036],[-101.166,58.931],[-101.067,58.87],[-100.967,58.78],[-100.945,58.732],[-100.986,58.703],[-101.172,58.697]]]}},{"type":"Feature","properties":{"density":2},"geometry":{"type":"Polygon","coordinates":[[[-102.642,59.908],[-103.271,60.285],[-103.835,60.703],[-104.004,60.856],[-104.096,60.962],[-104.15,61.054],[-104.139,61.129],[-104.094,61.201],[-104.012,61.24],[-103.924,61.245],[-103.846,61.227],[-103.76,61.181],[-103.606,61.074],[-103.369,60.857],[-103.259,60.729],[-103.001,60.503],[-102.747,60.313],[-102.628,60.199],[-102.487,60.019],[-102.489,59.964],[-102.568,59.963],[-102.586,59.908],[-102.642,59.908]]]}},{"type":"Feature","properties":{"density":2},"geometry":{"type":"Polygon","coordinates":[[[-104.017,61.31],[-104.316,61.57],[-104.435,61.655],[-104.577,61.805],[-104.647,61.96],[-104.657,62.089],[-104.619,62.209],[-104.578,62.251],[-104.529,62.269],[-104.421,62.27],[-104.322,62.217],[-104.152,61.864],[-103.753,61.376],[-103.742,61.334],[-103.748,61.306],[-103.793,61.273],[-103.903,61.244],[-103.969,61.26],[-104.017,61.31]]]}},{"type":"Feature","properties":{"density":2},"geometry":{"type":"Polygon","coordinates":[[[-101.847,60.324],[-102.588,60.676],[-102.784,60.808],[-102.841,60.869],[-102.891,60.973],[-102.906,61.067],[-102.884,61.142],[-102.85,61.192],[-102.786,61.221],[-102.729,61.221],[-102.56,61.161],[-102.162,60.863],[-102.048,60.758],[-101.976,60.668],[-101.781,60.497],[-101.665,60.322],[-101.68,60.289],[-101.707,60.282],[-101.847,60.324]]]}},{"type":"Feature","properties":{"density":2},"geometry":{"type":"Polygon","coordinates":[[[-100.645,60.188],[-100.874,60.283],[-101.447,60.618],[-101.567,60.715],[-101.611,60.834],[-101.611,60.873],[-101.551,60.905],[-101.453,60.905],[-101.356,60.874],[-101.11,60.748],[-100.734,60.521],[-100.608,60.394],[-100.504,60.32],[-100.437,60.228],[-100.449,60.176],[-100.474,60.165],[-100.573,60.156],[-100.645,60.188]]]}},{"type":"Feature","properties":{"density":2},"geometry":{"type":"Polygon","coordinates":[[[-100.148,59.327],[-100.69,59.503],[-100.885,59.586],[-101.067,59.69],[-101.217,59.814],[-101.262,59.869],[-101.363,60.047],[-101.375,60.146],[-101.344,60.183],[-101.284,60.19],[-100.837,59.926],[-100.797,59.885],[-100.622,59.78],[-100.211,59.657],[-99.95,59.516],[-99.9,59.47],[-99.88,59.384],[-99.943,59.325],[-100.045,59.301],[-100.106,59.303],[-100.148,59.327]]]}},{"type":"Feature","properties":{"density":2},"geometry":{"type":"Polygon","coordinates":[[[-100.106,59.806],[-100.295,59.892],[-100.343,59.934],[-100.336,59.966],[-100.261,59.97],[-100.113,59.881],[-100.077,59.821],[-100.106,59.806]]]}},{"type":"Feature","properties":{"density":2},"geometry":{"type":"Polygon","coordinates":[[[-99.693,59.911],[-99.937,59.966],[-100.006,60.004],[-100.228,60.159],[-100.26,60.233],[-100.196,60.257],[-99.96,60.2],[-99.612,60.037],[-99.586,59.96],[-99.609,59.922],[-99.693,59.911]]]}},{"type":"Feature","properties":{"density":2},"geometry":{"type":"Polygon","coordinates":[[[-99.085,59.656],[-99.338,59.695],[-99.531,59.754],[-99.564,59.776],[-99.592,59.83],[-99.536,59.861],[-99.172,59.773],[-99.073,59.731],[-98.998,59.66],[-99.008,59.644],[-99.085,59.656]]]}},{"type":"Feature","properties":{"density":2},"geometry":{"type":"Polygon","coordinates":[[[-99.201,58.163],[-99.248,58.187],[-99.6,58.267],[-100.044,58.299],[-100.245,58.29],[-100.325,58.242],[-100.346,58.194],[-100.315,58.138],[-100.238,58.079],[-100.082,58.027],[-99.658,57.964],[-99.522,57.966],[-99.219,58.027],[-99.147,58.109],[-99.201,58.163]]]}},{"type":"Feature","properties":{"density":2},"geometry":{"type":"Polygon","coordinates":[[[-97.442,58.52],[-97.603,58.58],[-97.863,58.606],[-98.041,58.556],[-98.166,58.497],[-98.474,58.424],[-98.852,58.31],[-98.816,58.241],[-98.877,58.175],[-98.974,58.13],[-99.273,58.06],[-99.369,58.008],[-99.398,57.939],[-99.387,57.895],[-99.341,57.849],[-99.035,57.817],[-98.557,57.834],[-98.505,57.748],[-98.533,57.707],[-98.606,57.692],[-98.998,57.681],[-99.147,57.652],[-99.183,57.579],[-99.172,57.547],[-99.117,57.472],[-98.981,57.353],[-98.972,57.25],[-99.238,57.125],[-99.292,57.053],[-99.301,57.009],[-99.264,56.976],[-99.108,56.937],[-98.875,56.932],[-98.399,56.969],[-98.118,57.024],[-97.855,57.053],[-97.351,57.151],[-97.231,57.209],[-97.226,57.244],[-97.276,57.303],[-97.892,57.332],[-97.978,57.35],[-98.06,57.389],[-98.387,57.441],[-98.369,57.468],[-98.303,57.479],[-97.917,57.49],[-97.86,57.527],[-97.825,57.593],[-97.619,57.683],[-97.458,57.733],[-97.166,57.755],[-97.002,57.794],[-96.981,57.879],[-97.007,57.957],[-97.112,58.004],[-97.242,58.022],[-97.559,58.031],[-97.794,58.011],[-97.795,58.037],[-97.771,58.071],[-97.722,58.085],[-97.186,58.137],[-96.899,58.209],[-96.874,58.227],[-96.86,58.295],[-96.906,58.348],[-97.23,58.424],[-97.442,58.52]]]}},{"type":"Feature","properties":{"density":2},"geometry":{"type":"Polygon","coordinates":[[[-97.398,56.864],[-97.533,56.889],[-97.693,56.888],[-97.818,56.866],[-98.338,56.838],[-98.536,56.843],[-98.571,56.833],[-98.673,56.737],[-98.657,56.703],[-98.617,56.674],[-98.527,56.637],[-98.504,56.593],[-98.537,56.573],[-98.605,56.564],[-98.909,56.544],[-98.938,56.528],[-98.945,56.495],[-98.912,56.446],[-98.857,56.421],[-98.727,56.413],[-98.259,56.47],[-97.889,56.539],[-97.813,56.636],[-97.717,56.695],[-97.345,56.779],[-97.332,56.812],[-97.398,56.864]]]}},{"type":"Feature","properties":{"density":2},"geometry":{"type":"Polygon","coordinates":[[[-100.893,56.626],[-101.521,56.689],[-101.828,56.767],[-101.983,56.737],[-102.194,56.768],[-102.615,56.862],[-102.736,56.909],[-102.788,56.974],[-102.799,57.027],[-102.762,57.084],[-102.617,57.132],[-102.463,57.159],[-102.086,57.192],[-101.892,57.155],[-101.642,57.03],[-101.477,56.907],[-101.397,56.879],[-100.918,56.82],[-100.846,56.794],[-100.798,56.76],[-100.77,56.711],[-100.808,56.653],[-100.893,56.626]]]}},{"type":"Feature","properties":{"density":2},"geometry":{"type":"Polygon","coordinates":[[[-101.368,56.225],[-101.678,56.274],[-101.71,56.295],[-101.705,56.358],[-101.628,56.392],[-101.561,56.392],[-101.457,56.359],[-101.302,56.277],[-101.305,56.245],[-101.368,56.225]]]}},{"type":"Feature","properties":{"density":2},"geometry":{"type":"Polygon","coordinates":[[[-102.784,55.966],[-102.969,56.027],[-103.344,56.102],[-103.699,56.194],[-104.083,56.226],[-104.258,56.32],[-104.356,56.458],[-104.518,56.547],[-104.56,56.639],[-104.285,56.692],[-103.928,56.708],[-103.681,56.801],[-103.615,56.806],[-103.206,56.699],[-103.185,56.639],[-103.023,56.536],[-102.882,56.413],[-102.856,56.368],[-102.856,56.328],[-102.885,56.296],[-102.946,56.282],[-103.054,56.287],[-103.069,56.256],[-103.061,56.234],[-102.795,56.154],[-102.731,56.12],[-102.647,56.046],[-102.634,55.975],[-102.66,55.94],[-102.703,55.936],[-102.784,55.966]]]}},{"type":"Feature","properties":{"density":2},"geometry":{"type":"Polygon","coordinates":[[[-104.425,56.215],[-104.708,56.341],[-104.8,56.431],[-104.796,56.46],[-104.759,56.477],[-104.639,56.473],[-104.479,56.437],[-104.322,56.376],[-104.257,56.301],[-104.272,56.246],[-104.327,56.197],[-104.368,56.183],[-104.425,56.215]]]}},{"type":"Feature","properties":{"density":2},"geometry":{"type":"Polygon","coordinates":[[[-99.252,56.792],[-99.46,56.872],[-99.891,56.949],[-100.22,56.949],[-100.524,56.92],[-100.594,56.866],[-100.597,56.835],[-100.276,56.694],[-99.951,56.6],[-99.809,56.583],[-99.204,56.614],[-99.156,56.657],[-99.148,56.734],[-99.169,56.769],[-99.252,56.792]]]}},{"type":"Feature","properties":{"density":2},"geometry":{"type":"Polygon","coordinates":[[[-99.751,56.481],[-99.921,56.524],[-100.09,56.539],[-100.178,56.509],[-100.178,56.48],[-100.136,56.443],[-100.08,56.426],[-99.838,56.371],[-99.678,56.361],[-99.675,56.4],[-99.751,56.481]]]}},{"type":"Feature","properties":{"density":2},"geometry":{"type":"Polygon","coordinates":[[[-102.062,55.35],[-102.228,55.392],[-102.386,55.402],[-102.476,55.379],[-102.499,55.338],[-102.486,55.302],[-102.372,55.231],[-102.186,55.192],[-101.992,55.199],[-101.959,55.22],[-101.952,55.251],[-102.062,55.35]]]}},{"type":"Feature","properties":{"density":2},"geometry":{"type":"Polygon","coordinates":[[[-103.589,55.47],[-103.929,55.509],[-103.961,55.541],[-103.934,55.573],[-103.784,55.598],[-103.719,55.591],[-103.531,55.521],[-103.513,55.502],[-103.521,55.477],[-103.589,55.47]]]}},{"type":"Feature","properties":{"density":2},"geometry":{"type":"Polygon","coordinates":[[[-97.004,58.73],[-97.161,58.75],[-97.239,58.738],[-97.27,58.703],[-97.259,58.685],[-97.223,58.677],[-97.017,58.68],[-96.995,58.698],[-97.004,58.73]]]}},{"type":"Feature","properties":{"density":2},"geometry":{"type":"Polygon","coordinates":[[[-97.697,59.203],[-97.853,59.234],[-98.112,59.232],[-98.179,59.213],[-98.219,59.173],[-98.209,59.15],[-98.143,59.122],[-97.755,59.106],[-97.677,59.124],[-97.67,59.176],[-97.697,59.203]]]}},{"type":"Feature","properties":{"density":2},"geometry":{"type":"Polygon","coordinates":[[[-98.44,59.12],[-99.078,59.183],[-99.521,59.309],[-99.72,59.381],[-99.786,59.436],[-99.799,59.478],[-99.776,59.498],[-99.606,59.502],[-98.961,59.34],[-98.434,59.268],[-98.372,59.239],[-98.34,59.172],[-98.345,59.153],[-98.396,59.126],[-98.44,59.12]]]}},{"type":"Feature","properties":{"density":2},"geometry":{"type":"Polygon","coordinates":[[[-105.069,57.297],[-105.513,57.45],[-105.609,57.497],[-105.725,57.611],[-105.756,57.721],[-105.738,57.743],[-105.697,57.753],[-105.655,57.743],[-105.133,57.451],[-105.006,57.334],[-105.014,57.304],[-105.069,57.297]]]}},{"type":"Feature","properties":{"density":2},"geometry":{"type":"Polygon","coordinates":[[[-93.798,57.042],[-94.125,56.936],[-94.259,56.871],[-94.922,56.462],[-94.972,56.397],[-94.992,56.327],[-94.972,56.282],[-94.889,56.276],[-94.799,56.294],[-94.553,56.423],[-93.827,56.858],[-93.744,56.972],[-93.743,57.019],[-93.798,57.042]]]}},{"type":"Feature","properties":{"density":2},"geometry":{"type":"Polygon","coordinates":[[[-95.191,56.987],[-95.451,56.941],[-96.14,56.676],[-96.362,56.551],[-96.385,56.519],[-96.379,56.485],[-96.345,56.466],[-96.194,56.462],[-95.87,56.577],[-95.323,56.843],[-95.14,56.914],[-95.131,56.965],[-95.191,56.987]]]}},{"type":"Feature","properties":{"density":2},"geometry":{"type":"Polygon","coordinates":[[[-94.645,57.988],[-94.841,57.984],[-94.87,57.969],[-94.884,57.93],[-94.847,57.883],[-94.813,57.879],[-94.642,57.951],[-94.627,57.978],[-94.645,57.988]]]}},{"type":"Feature","properties":{"density":2},"geometry":{"type":"Polygon","coordinates":[[[-98.972,58.904],[-99.223,58.908],[-99.458,58.936],[-99.89,58.999],[-100.205,59.078],[-100.292,59.079],[-100.325,59.066],[-100.343,59.035],[-100.325,58.933],[-100.283,58.894],[-100.196,58.852],[-99.96,58.814],[-99.31,58.648],[-99.121,58.631],[-98.675,58.637],[-98.621,58.645],[-98.596,58.668],[-98.585,58.74],[-98.619,58.771],[-98.871,58.841],[-98.972,58.904]]]}},{"type":"Feature","properties":{"density":2},"geometry":{"type":"Polygon","coordinates":[[[-61.278,55.196],[-61.287,55.239],[-61.439,55.369],[-61.493,55.392],[-61.582,55.388],[-61.597,55.33],[-61.578,55.293],[-61.522,55.256],[-61.302,55.18],[-61.278,55.196]]]}},{"type":"Feature","properties":{"density":2},"geometry":{"type":"Polygon","coordinates":[[[-78.938,50.969],[-78.825,51.091],[-78.58,51.228],[-78.133,51.369],[-77.891,51.391],[-77.486,51.474],[-76.593,51.565],[-76.251,51.573],[-76.091,51.548],[-76.047,51.501],[-76.072,51.421],[-76.169,51.336],[-76.213,51.264],[-76.235,51.182],[-76.149,51.129],[-76.009,51.118],[-75.852,51.132],[-75.612,51.099],[-75.449,51.044],[-75.422,50.961],[-75.449,50.856],[-75.499,50.765],[-75.491,50.709],[-75.425,50.638],[-75.364,50.464],[-75.353,50.318],[-75.367,50.255],[-75.414,50.191],[-75.681,50.089],[-75.907,50.04],[-76.987,49.869],[-78.125,49.915],[-78.597,49.862],[-78.764,49.862],[-78.972,49.917],[-79.102,50.02],[-79.158,50.161],[-79.145,50.247],[-78.98,50.389],[-78.898,50.419],[-78.826,50.477],[-78.787,50.527],[-78.763,50.593],[-78.765,50.656],[-79.026,50.811],[-79.042,50.877],[-78.938,50.969]]]}},{"type":"Feature","properties":{"density":2},"geometry":{"type":"Polygon","coordinates":[[[-108.686,33.315],[-108.432,33.904],[-108.262,34.123],[-108.208,34.17],[-108.084,34.192],[-107.983,34.241],[-107.899,34.252],[-107.86,34.23],[-107.838,34.195],[-107.842,34.131],[-107.866,34.074],[-108.0,33.861],[-108.147,33.712],[-108.269,33.532],[-108.458,33.367],[-108.629,33.257],[-108.684,33.26],[-108.695,33.28],[-108.686,33.315]]]}},{"type":"Feature","properties":{"density":2},"geometry":{"type":"Polygon","coordinates":[[[-111.91,35.059],[-111.68,35.629],[-111.643,35.678],[-111.559,35.704],[-111.417,35.691],[-111.34,35.653],[-111.221,35.533],[-111.206,35.447],[-111.258,35.386],[-111.454,35.226],[-111.566,35.171],[-111.688,35.061],[-111.818,34.91],[-111.855,34.905],[-111.919,34.942],[-111.91,35.059]]]}},{"type":"Feature","properties":{"density":2},"geometry":{"type":"Polygon","coordinates":[[[-109.891,37.901],[-109.782,38.303],[-109.643,38.569],[-109.492,38.744],[-109.371,38.799],[-109.317,38.803],[-109.27,38.779],[-109.24,38.729],[-109.196,38.527],[-109.185,38.364],[-109.202,38.235],[-109.264,38.095],[-109.321,38.018],[-109.513,37.881],[-109.694,37.725],[-109.812,37.715],[-109.891,37.772],[-109.913,37.803],[-109.891,37.901]]]}},{"type":"Feature","properties":{"density":2},"geometry":{"type":"Polygon","coordinates":[[[-108.724,37.742],[-108.713,37.915],[-108.653,38.223],[-108.611,38.326],[-108.447,38.56],[-108.328,38.668],[-108.17,38.767],[-108.013,38.764],[-107.955,38.732],[-107.918,38.666],[-107.907,38.578],[-107.923,38.504],[-108.069,38.337],[-108.221,38.223],[-108.342,38.073],[-108.554,37.683],[-108.586,37.658],[-108.645,37.653],[-108.718,37.703],[-108.724,37.742]]]}},{"type":"Feature","properties":{"density":2},"geometry":{"type":"Polygon","coordinates":[[[-107.63,38.266],[-107.531,38.384],[-107.176,38.692],[-106.957,38.832],[-106.804,38.881],[-106.772,38.878],[-106.765,38.813],[-106.838,38.709],[-106.989,38.416],[-107.042,38.347],[-107.301,38.142],[-107.532,38.062],[-107.649,38.058],[-107.703,38.089],[-107.707,38.112],[-107.698,38.155],[-107.63,38.266]]]}},{"type":"Feature","properties":{"density":2},"geometry":{"type":"Polygon","coordinates":[[[-105.01,38.574],[-104.756,38.657],[-104.563,38.695],[-104.469,38.75],[-104.388,38.83],[-104.331,38.923],[-104.245,38.965],[-104.151,38.936],[-104.071,38.889],[-103.99,38.718],[-103.898,38.629],[-103.874,38.512],[-103.907,38.468],[-104.039,38.405],[-104.438,38.144],[-104.745,38.003],[-104.859,37.932],[-105.067,37.928],[-105.127,37.955],[-105.154,37.987],[-105.205,38.187],[-105.248,38.28],[-105.264,38.389],[-105.249,38.447],[-105.219,38.484],[-105.082,38.56],[-105.01,38.574]]]}},{"type":"Feature","properties":{"density":2},"geometry":{"type":"Polygon","coordinates":[[[-104.582,42.324],[-104.148,42.539],[-103.871,42.716],[-103.057,43.059],[-102.516,43.204],[-102.197,43.204],[-102.156,43.055],[-102.288,42.729],[-102.408,42.572],[-102.768,42.253],[-103.003,42.088],[-103.239,41.956],[-103.524,41.745],[-103.702,41.555],[-103.876,41.253],[-104.132,41.001],[-104.318,40.922],[-104.516,40.869],[-104.74,40.832],[-105.107,40.811],[-105.422,40.943],[-105.562,41.104],[-105.628,41.299],[-105.616,41.559],[-105.496,41.77],[-105.355,41.898],[-104.975,42.146],[-104.582,42.324]]]}},{"type":"Feature","properties":{"density":2},"geometry":{"type":"Polygon","coordinates":[[[-102.077,42.642],[-101.857,42.593],[-101.606,42.568],[-100.765,42.568],[-100.363,42.659],[-99.892,42.816],[-99.594,42.879],[-99.476,42.879],[-99.344,42.819],[-99.319,42.75],[-99.396,42.653],[-99.691,42.502],[-99.889,42.43],[-100.123,42.276],[-100.562,41.951],[-101.077,41.689],[-101.317,41.634],[-101.515,41.634],[-101.683,41.67],[-101.964,41.772],[-102.259,41.818],[-102.427,41.945],[-102.485,42.05],[-102.499,42.174],[-102.493,42.331],[-102.43,42.449],[-102.325,42.529],[-102.198,42.604],[-102.146,42.609],[-102.077,42.642]]]}},{"type":"Feature","properties":{"density":2},"geometry":{"type":"Polygon","coordinates":[[[-106.464,39.249],[-106.383,39.347],[-106.261,39.43],[-106.169,39.462],[-106.127,39.457],[-106.13,39.4],[-106.173,39.343],[-106.397,39.186],[-106.463,39.191],[-106.475,39.223],[-106.464,39.249]]]}},{"type":"Feature","properties":{"density":2},"geometry":{"type":"Polygon","coordinates":[[[-115.687,64.989],[-115.726,65.05],[-115.932,65.179],[-116.337,65.516],[-116.472,65.659],[-116.552,65.802],[-116.566,65.948],[-116.541,66.039],[-116.459,66.089],[-116.362,66.114],[-116.007,66.056],[-115.806,65.995],[-115.657,65.926],[-115.522,65.827],[-115.359,65.474],[-115.312,65.303],[-115.29,64.915],[-115.321,64.829],[-115.4,64.747],[-115.456,64.719],[-115.615,64.719],[-115.679,64.772],[-115.701,64.818],[-115.687,64.989]]]}},{"type":"Feature","properties":{"density":2},"geometry":{"type":"Polygon","coordinates":[[[-115.809,65.046],[-115.951,65.141],[-116.357,65.492],[-116.777,65.746],[-117.056,65.786],[-117.273,65.893],[-117.29,66.083],[-117.251,66.227],[-117.144,66.318],[-117.025,66.359],[-116.593,66.411],[-116.367,66.422],[-115.909,66.422],[-115.722,66.406],[-115.606,66.359],[-115.474,66.276],[-115.377,66.174],[-115.254,65.852],[-115.229,65.325],[-115.255,64.866],[-115.325,64.741],[-115.385,64.698],[-115.516,64.65],[-115.587,64.66],[-115.651,64.698],[-115.701,64.754],[-115.809,65.046]]]}},{"type":"Feature","properties":{"density":2},"geometry":{"type":"Polygon","coordinates":[[[-104.031,61.361],[-104.501,61.781],[-104.584,61.873],[-104.612,61.982],[-104.544,62.081],[-104.454,62.118],[-104.165,61.982],[-104.022,61.857],[-103.93,61.734],[-103.879,61.649],[-103.844,61.543],[-103.855,61.39],[-103.875,61.35],[-103.926,61.322],[-104.031,61.361]]]}},{"type":"Feature","properties":{"density":2},"geometry":{"type":"Polygon","coordinates":[[[-106.488,61.363],[-106.571,61.559],[-106.679,61.741],[-106.665,61.799],[-106.568,61.826],[-106.466,61.755],[-106.356,61.592],[-106.329,61.49],[-106.331,61.377],[-106.351,61.322],[-106.436,61.305],[-106.486,61.341],[-106.488,61.363]]]}},{"type":"Feature","properties":{"density":2},"geometry":{"type":"Polygon","coordinates":[[[-106.32,61.653],[-106.453,61.923],[-106.464,62.0],[-106.428,62.085],[-106.293,62.074],[-106.216,62.008],[-106.152,61.903],[-106.116,61.788],[-106.119,61.669],[-106.169,61.556],[-106.235,61.548],[-106.29,61.581],[-106.32,61.653]]]}},{"type":"Feature","properties":{"density":2},"geometry":{"type":"Polygon","coordinates":[[[-121.748,61.905],[-121.905,62.082],[-122.045,62.277],[-122.133,62.437],[-122.144,62.58],[-122.114,62.66],[-122.04,62.691],[-121.916,62.691],[-121.811,62.666],[-121.715,62.6],[-121.596,62.459],[-121.483,62.299],[-121.329,61.982],[-121.309,61.842],[-121.326,61.712],[-121.456,61.696],[-121.596,61.762],[-121.715,61.845],[-121.748,61.905]]]}},{"type":"Feature","properties":{"density":2},"geometry":{"type":"Polygon","coordinates":[[[-105.12,57.32],[-105.535,57.536],[-106.207,57.968],[-106.343,58.1],[-106.363,58.165],[-106.345,58.214],[-106.233,58.227],[-105.974,58.167],[-105.831,58.091],[-105.449,57.935],[-105.368,57.88],[-105.205,57.656],[-105.107,57.559],[-105.012,57.388],[-104.995,57.337],[-105.001,57.303],[-105.021,57.287],[-105.049,57.281],[-105.12,57.32]]]}},{"type":"Feature","properties":{"density":2},"geometry":{"type":"Polygon","coordinates":[[[-101.399,56.22],[-101.771,56.289],[-102.232,56.447],[-102.373,56.519],[-102.384,56.569],[-102.364,56.606],[-102.285,56.643],[-102.124,56.626],[-101.61,56.529],[-101.324,56.365],[-101.279,56.321],[-101.262,56.25],[-101.297,56.225],[-101.399,56.22]]]}},{"type":"Feature","properties":{"density":2},"geometry":{"type":"Polygon","coordinates":[[[-102.007,55.201],[-102.559,55.243],[-103.128,55.468],[-103.152,55.509],[-103.157,55.579],[-103.077,55.631],[-102.741,55.601],[-102.332,55.53],[-101.971,55.39],[-101.945,55.338],[-101.933,55.217],[-101.972,55.198],[-102.007,55.201]]]}},{"type":"Feature","properties":{"density":2},"geometry":{"type":"Polygon","coordinates":[[[-99.47,57.367],[-99.506,57.397],[-99.62,57.439],[-100.331,57.657],[-100.458,57.673],[-100.525,57.65],[-100.533,57.625],[-100.536,57.601],[-100.434,57.488],[-100.309,57.423],[-100.243,57.406],[-100.072,57.375],[-99.498,57.316],[-99.464,57.325],[-99.47,57.367]]]}},{"type":"Feature","properties":{"density":2},"geometry":{"type":"Polygon","coordinates":[[[-109.859,63.12],[-110.011,63.269],[-110.171,63.467],[-110.369,63.612],[-110.496,63.756],[-110.803,64.03],[-110.985,64.317],[-111.051,64.667],[-111.048,64.89],[-111.015,64.962],[-110.963,65.014],[-110.831,65.028],[-110.734,65.009],[-110.605,64.923],[-110.387,64.722],[-110.279,64.535],[-110.299,64.433],[-110.293,64.375],[-110.208,64.223],[-109.946,64.056],[-109.806,63.909],[-109.707,63.709],[-109.644,63.419],[-109.621,63.163],[-109.625,63.108],[-109.651,63.061],[-109.701,63.036],[-109.802,63.063],[-109.859,63.12]]]}},{"type":"Feature","properties":{"density":2},"geometry":{"type":"Polygon","coordinates":[[[-115.776,64.822],[-115.995,65.098],[-116.595,66.198],[-116.686,66.541],[-117.087,67.364],[-117.145,67.525],[-117.157,67.901],[-116.917,68.099],[-116.491,68.248],[-115.938,68.352],[-115.648,68.36],[-115.256,68.302],[-115.119,68.236],[-115.065,68.062],[-115.074,67.876],[-115.198,67.037],[-115.218,66.781],[-115.218,66.177],[-115.189,65.933],[-115.189,65.272],[-115.269,64.783],[-115.319,64.714],[-115.495,64.645],[-115.666,64.667],[-115.776,64.822]]]}},{"type":"Feature","properties":{"density":2},"geometry":{"type":"Polygon","coordinates":[[[-117.814,65.112],[-118.066,65.364],[-118.607,65.806],[-118.859,65.959],[-119.049,66.112],[-119.235,66.348],[-119.43,66.658],[-119.628,67.174],[-119.674,67.43],[-119.674,67.72],[-119.31,67.774],[-119.074,67.732],[-118.0,67.43],[-117.487,67.162],[-117.421,67.149],[-117.251,66.98],[-117.028,66.562],[-116.731,65.951],[-116.611,65.806],[-116.532,65.665],[-116.408,65.384],[-116.449,65.277],[-116.487,65.223],[-116.714,65.124],[-117.123,64.992],[-117.256,64.975],[-117.625,65.003],[-117.776,65.065],[-117.814,65.112]]]}},{"type":"Feature","properties":{"density":2},"geometry":{"type":"Polygon","coordinates":[[[-108.798,60.444],[-109.241,60.967],[-109.357,61.127],[-109.612,61.345],[-110.12,61.845],[-110.224,62.031],[-110.265,62.139],[-110.294,62.283],[-110.294,62.415],[-110.248,62.523],[-110.133,62.626],[-109.893,62.655],[-109.715,62.647],[-109.512,62.59],[-109.137,62.403],[-108.798,62.21],[-108.418,61.883],[-108.297,61.727],[-108.264,61.528],[-108.251,61.096],[-108.325,60.613],[-108.361,60.517],[-108.388,60.467],[-108.514,60.363],[-108.595,60.337],[-108.715,60.38],[-108.798,60.444]]]}},{"type":"Feature","properties":{"density":2},"geometry":{"type":"Polygon","coordinates":[[[-106.521,61.387],[-106.556,61.47],[-106.686,61.641],[-106.835,61.776],[-107.124,62.286],[-107.065,62.472],[-107.004,62.604],[-106.905,62.686],[-106.759,62.645],[-106.621,62.582],[-106.39,62.414],[-106.277,62.248],[-106.161,61.956],[-106.111,61.675],[-106.144,61.576],[-106.172,61.551],[-106.279,61.526],[-106.313,61.468],[-106.324,61.413],[-106.318,61.309],[-106.348,61.289],[-106.384,61.287],[-106.442,61.314],[-106.489,61.342],[-106.484,61.356],[-106.521,61.387]]]}},{"type":"Feature","properties":{"density":2},"geometry":{"type":"Polygon","coordinates":[[[-95.266,56.998],[-95.46,56.976],[-95.67,56.928],[-95.861,56.854],[-96.184,56.775],[-96.933,56.449],[-97.542,56.256],[-97.649,56.163],[-97.66,56.127],[-97.644,56.075],[-97.597,56.05],[-97.349,56.022],[-97.09,56.022],[-96.693,56.16],[-96.423,56.267],[-96.211,56.378],[-95.263,56.803],[-95.107,56.901],[-95.103,56.951],[-95.141,56.987],[-95.266,56.998]]]}},{"type":"Feature","properties":{"density":2},"geometry":{"type":"Polygon","coordinates":[[[-93.608,57.173],[-94.271,56.918],[-95.021,56.876],[-95.028,56.833],[-94.999,56.813],[-94.707,56.784],[-94.685,56.756],[-94.69,56.725],[-94.74,56.696],[-94.815,56.685],[-94.968,56.626],[-95.115,56.536],[-95.331,56.451],[-95.546,56.335],[-95.588,56.291],[-95.831,56.13],[-95.941,56.029],[-95.969,55.898],[-95.952,55.83],[-95.901,55.79],[-95.68,55.764],[-95.326,55.841],[-95.212,55.915],[-95.148,55.977],[-95.013,56.172],[-94.736,56.328],[-94.354,56.441],[-94.238,56.516],[-94.058,56.702],[-93.705,56.952],[-93.58,57.061],[-93.539,57.117],[-93.536,57.159],[-93.571,57.18],[-93.608,57.173]]]}},{"type":"Feature","properties":{"density":2},"geometry":{"type":"Polygon","coordinates":[[[-94.669,58.002],[-94.945,57.987],[-95.461,57.814],[-95.533,57.752],[-95.562,57.695],[-95.56,57.608],[-95.492,57.574],[-95.34,57.574],[-94.765,57.814],[-94.628,57.9],[-94.596,57.954],[-94.616,57.995],[-94.669,58.002]]]}},{"type":"Feature","properties":{"density":2},"geometry":{"type":"Polygon","coordinates":[[[-91.874,56.58],[-92.018,56.534],[-92.128,56.461],[-92.185,56.396],[-92.165,56.339],[-92.06,56.317],[-91.979,56.358],[-91.915,56.446],[-91.817,56.541],[-91.837,56.591],[-91.874,56.58]]]}},{"type":"Feature","properties":{"density":2},"geometry":{"type":"Polygon","coordinates":[[[-104.61,55.062],[-105.698,55.215],[-106.954,55.466],[-107.944,55.759],[-108.684,56.219],[-109.493,56.75],[-111.167,58.424],[-112.799,59.407],[-113.699,59.993],[-114.641,60.767],[-116.524,62.63],[-117.215,63.341],[-117.821,64.032],[-119.433,64.932],[-119.963,65.266],[-120.702,66.062],[-121.26,67.568],[-121.204,68.475],[-120.646,69.131],[-120.228,69.41],[-119.154,69.717],[-117.173,69.856],[-110.724,70.501],[-109.175,70.857],[-106.957,71.234],[-103.756,71.485],[-99.926,71.903],[-96.515,71.841],[-94.862,71.569],[-93.648,71.213],[-92.435,70.501],[-91.661,69.832],[-91.284,68.953],[-91.137,67.802],[-91.019,66.281],[-90.879,65.821],[-90.572,65.096],[-90.279,64.551],[-89.847,64.119],[-89.177,63.77],[-87.601,63.212],[-85.718,62.668],[-84.448,62.361],[-83.639,62.25],[-81.491,61.887],[-79.837,61.42],[-79.349,61.42],[-78.149,61.35],[-76.74,61.21],[-70.423,62.187],[-68.218,62.633],[-66.155,62.902],[-65.504,63.041],[-62.886,63.451],[-61.142,63.213],[-58.752,63.094],[-57.26,62.913],[-55.907,62.662],[-54.498,62.369],[-51.4,61.797],[-50.019,61.323],[-48.894,60.909],[-47.927,60.239],[-47.241,58.9],[-47.566,57.747],[-48.52,57.138],[-49.761,56.538],[-51.103,55.935],[-51.703,55.628],[-52.15,55.446],[-53.21,55.153],[-54.549,54.707],[-55.512,54.414],[-57.312,54.009],[-58.344,53.981],[-60.45,54.958],[-61.622,55.265],[-62.864,56.046],[-63.254,56.534],[-64.873,57.953],[-66.138,58.622],[-67.184,58.911],[-68.123,59.218],[-69.149,59.435],[-70.129,59.59],[-71.468,59.361],[-72.913,59.153],[-74.336,59.134],[-77.247,58.976],[-78.732,58.703],[-80.434,58.486],[-81.544,58.449],[-82.164,58.387],[-82.523,58.269],[-82.579,58.133],[-82.471,57.978],[-81.899,57.853],[-81.104,57.727],[-80.225,57.532],[-77.882,57.225],[-75.663,57.113],[-74.631,56.988],[-74.11,57.034],[-73.664,57.192],[-73.18,57.388],[-72.408,57.611],[-71.86,57.704],[-70.697,57.713],[-70.52,57.602],[-70.111,57.137],[-70.074,56.569],[-70.269,56.076],[-70.79,55.509],[-72.222,54.644],[-73.366,54.226],[-74.724,53.974],[-77.542,54.002],[-80.211,54.221],[-82.43,54.556],[-83.308,54.598],[-84.62,54.584],[-85.303,54.402],[-86.447,54.054],[-86.991,53.928],[-88.254,53.565],[-88.728,53.496],[-89.551,53.454],[-90.026,53.579],[-90.472,54.612],[-90.291,55.058],[-89.984,55.365],[-89.523,55.644],[-88.268,55.979],[-86.664,56.118],[-86.343,56.314],[-86.273,56.593],[-86.664,56.816],[-87.235,56.997],[-87.975,57.067],[-88.477,57.095],[-89.914,57.416],[-91.379,57.806],[-92.244,57.946],[-92.885,58.085],[-94.587,58.769],[-95.215,58.866],[-95.773,59.09],[-96.136,59.076],[-96.568,59.02],[-96.638,58.922],[-96.694,58.755],[-96.736,58.532],[-96.75,58.071],[-96.847,57.667],[-97.029,57.137],[-97.257,56.701],[-97.486,56.552],[-98.063,56.391],[-98.965,56.239],[-99.703,56.239],[-100.192,56.261],[-101.005,56.354],[-101.215,56.341],[-101.371,56.267],[-101.544,56.106],[-101.588,55.876],[-101.451,55.227],[-101.34,55.046],[-101.033,54.767],[-100.223,54.543],[-99.484,54.543],[-99.121,54.669],[-98.731,54.836],[-98.103,55.143],[-97.74,55.283],[-97.419,55.325],[-97.14,55.339],[-96.945,55.269],[-96.722,55.129],[-96.471,54.794],[-96.373,54.571],[-96.136,53.567],[-96.178,53.037],[-96.261,52.772],[-96.457,52.409],[-96.889,51.949],[-97.224,51.823],[-97.712,51.865],[-98.215,51.865],[-99.205,52.004],[-99.972,52.214],[-101.116,52.395],[-101.625,52.541],[-102.485,52.827],[-102.603,52.908],[-102.677,53.057],[-102.559,53.125],[-101.797,53.137],[-101.239,53.119],[-101.034,53.156],[-100.885,53.206],[-100.792,53.292],[-100.885,53.509],[-101.071,53.633],[-101.648,53.745],[-101.915,53.832],[-102.367,54.142],[-102.609,54.278],[-102.894,54.483],[-103.229,54.644],[-103.83,54.799],[-104.221,54.948],[-104.455,55.006],[-104.61,55.062]]]}},{"type":"Feature","properties":{"density":2},"geometry":{"type":"Polygon","coordinates":[[[-49.771,42.167],[-49.185,42.642],[-48.334,43.158],[-47.33,43.437],[-46.702,43.465],[-45.976,43.269],[-45.404,42.558],[-45.153,41.665],[-45.056,40.744],[-45.112,39.81],[-45.195,39.335],[-45.446,38.847],[-45.865,38.331],[-46.395,37.773],[-49.213,36.531],[-50.259,36.294],[-51.933,36.071],[-52.966,35.945],[-54.179,36.001],[-55.184,36.252],[-55.728,36.559],[-56.091,37.103],[-56.286,38.024],[-55.728,38.889],[-54.654,39.698],[-53.872,40.13],[-52.729,40.73],[-50.915,41.484],[-50.315,41.763],[-50.036,41.902],[-49.771,42.167]]]}},{"type":"Feature","properties":{"density":2},"geometry":{"type":"Polygon","coordinates":[[[-71.955,50.531],[-70.789,50.358],[-70.38,50.32],[-69.692,50.296],[-69.282,50.227],[-68.21,50.085],[-67.397,49.911],[-66.424,49.558],[-65.723,49.142],[-65.488,48.963],[-64.88,48.566],[-64.297,48.392],[-63.702,48.243],[-63.572,48.144],[-63.448,47.995],[-63.398,47.753],[-63.429,47.598],[-63.894,47.047],[-64.161,46.817],[-64.353,46.693],[-64.576,46.594],[-64.862,46.495],[-65.252,46.402],[-65.612,46.371],[-66.089,46.358],[-66.616,46.408],[-67.187,46.507],[-67.67,46.619],[-68.405,46.898],[-68.74,46.972],[-69.595,47.028],[-70.935,47.335],[-71.279,47.465],[-72.234,47.354],[-72.661,47.267],[-73.12,47.279],[-73.644,47.177],[-73.802,47.205],[-74.026,47.298],[-74.174,47.428],[-74.202,47.67],[-74.137,47.884],[-73.905,48.032],[-73.626,48.172],[-73.04,48.246],[-72.789,48.311],[-72.286,48.544],[-72.063,48.786],[-71.989,48.944],[-71.917,49.207],[-71.911,49.548],[-72.023,49.747],[-72.085,50.044],[-72.079,50.243],[-72.017,50.429],[-71.955,50.531]]]}},{"type":"Feature","properties":{"density":2},"geometry":{"type":"Polygon","coordinates":[[[-91.093,47.515],[-90.828,47.668],[-90.074,47.947],[-88.986,48.296],[-88.414,48.435],[-86.391,48.449],[-83.713,47.836],[-82.876,47.557],[-80.546,46.701],[-79.793,46.561],[-78.984,46.459],[-78.444,46.344],[-78.041,46.344],[-77.39,46.406],[-76.144,46.574],[-75.4,46.636],[-75.133,46.63],[-74.972,46.462],[-74.885,46.202],[-74.873,45.972],[-74.978,45.768],[-75.226,45.514],[-75.493,45.359],[-77.111,44.906],[-77.716,44.794],[-78.394,44.701],[-79.222,44.655],[-80.18,44.515],[-80.859,44.339],[-81.445,44.227],[-82.115,44.19],[-82.887,44.181],[-83.407,44.311],[-83.891,44.515],[-84.43,44.646],[-85.751,45.101],[-86.058,45.38],[-86.318,45.724],[-86.579,46.013],[-86.737,46.32],[-86.923,46.552],[-87.23,46.85],[-87.462,46.999],[-87.797,47.166],[-88.662,47.166],[-88.923,47.026],[-89.229,46.822],[-89.601,46.543],[-89.953,46.463],[-90.759,46.469],[-91.044,46.519],[-91.304,46.649],[-91.385,46.804],[-91.416,47.015],[-91.366,47.226],[-91.187,47.431],[-91.093,47.515]]]}},{"type":"Feature","properties":{"density":2},"geometry":{"type":"Polygon","coordinates":[[[-90.966,48.939],[-90.823,48.946],[-90.505,48.913],[-90.371,48.889],[-90.325,48.873],[-90.3,48.843],[-90.357,48.827],[-90.593,48.829],[-90.961,48.87],[-91.003,48.894],[-91.0,48.922],[-90.966,48.939]]]}},{"type":"Feature","properties":{"density":2},"geometry":{"type":"Polygon","coordinates":[[[-109.846,37.955],[-109.737,38.276],[-109.41,38.852],[-109.34,39.049],[-109.146,39.339],[-109.039,39.46],[-108.901,39.556],[-108.763,39.6],[-108.65,39.587],[-108.551,39.534],[-108.493,39.405],[-108.509,39.228],[-108.609,38.829],[-108.763,38.495],[-108.862,38.363],[-109.141,38.049],[-109.677,37.704],[-109.813,37.705],[-109.875,37.737],[-109.908,37.788],[-109.914,37.889],[-109.846,37.955]]]}},{"type":"Feature","properties":{"density":2},"geometry":{"type":"Polygon","coordinates":[[[-108.75,37.836],[-108.381,38.422],[-108.177,38.79],[-108.086,38.86],[-107.995,38.959],[-107.941,39.059],[-107.875,39.331],[-107.759,39.542],[-107.615,39.699],[-107.482,39.766],[-107.321,39.79],[-107.185,39.79],[-107.019,39.757],[-106.796,39.741],[-106.536,39.753],[-106.226,39.832],[-106.122,39.873],[-105.945,39.873],[-105.829,39.852],[-105.701,39.774],[-105.626,39.637],[-105.602,39.538],[-105.54,39.393],[-105.186,39.254],[-105.15,39.196],[-105.147,39.048],[-105.288,38.965],[-105.628,38.962],[-105.72,38.946],[-106.069,38.788],[-106.228,38.645],[-106.203,38.444],[-106.217,38.384],[-106.26,38.327],[-106.445,38.206],[-106.704,38.097],[-106.806,38.07],[-107.222,38.07],[-107.443,38.028],[-107.727,38.015],[-107.755,38.06],[-107.757,38.104],[-107.654,38.287],[-107.647,38.326],[-107.674,38.363],[-107.797,38.366],[-107.904,38.295],[-108.179,38.039],[-108.38,37.799],[-108.585,37.644],[-108.648,37.619],[-108.696,37.622],[-108.731,37.646],[-108.765,37.72],[-108.75,37.836]]]}},{"type":"Feature","properties":{"density":2},"geometry":{"type":"Polygon","coordinates":[[[-105.103,38.199],[-105.023,38.303],[-104.915,38.526],[-104.753,38.758],[-104.56,38.956],[-104.469,39.028],[-104.361,39.083],[-104.262,39.184],[-104.029,39.362],[-103.836,39.484],[-103.658,39.627],[-103.417,39.777],[-103.008,39.981],[-102.661,40.081],[-102.129,40.141],[-101.812,40.089],[-101.672,40.02],[-101.586,39.902],[-101.567,39.706],[-101.702,39.229],[-101.862,38.932],[-101.967,38.797],[-102.198,38.59],[-102.529,38.513],[-103.13,38.491],[-103.612,38.433],[-104.21,38.26],[-104.375,38.195],[-104.743,37.96],[-104.819,37.928],[-104.955,37.902],[-105.032,37.899],[-105.114,37.92],[-105.144,37.951],[-105.173,38.037],[-105.173,38.094],[-105.103,38.199]]]}},{"type":"Feature","properties":{"density":2},"geometry":{"type":"Polygon","coordinates":[[[-111.758,35.434],[-111.572,35.704],[-111.491,35.765],[-111.403,35.873],[-111.113,36.105],[-110.902,36.209],[-110.696,36.251],[-110.58,36.234],[-110.514,36.176],[-110.477,36.065],[-110.559,35.866],[-110.654,35.738],[-110.89,35.515],[-111.142,35.335],[-111.262,35.194],[-111.588,35.074],[-111.741,34.965],[-111.799,34.896],[-111.829,34.878],[-111.877,34.88],[-111.919,34.895],[-111.961,34.934],[-111.975,34.969],[-111.965,35.06],[-111.844,35.31],[-111.758,35.434]]]}},{"type":"Feature","properties":{"density":2},"geometry":{"type":"Polygon","coordinates":[[[-108.736,33.36],[-108.458,33.771],[-108.159,34.174],[-107.908,34.609],[-107.836,34.777],[-107.657,35.042],[-107.53,35.072],[-107.404,35.077],[-107.282,35.031],[-107.172,34.948],[-107.128,34.862],[-107.117,34.752],[-107.216,34.534],[-107.246,34.21],[-107.207,34.139],[-107.113,34.028],[-107.049,33.858],[-107.073,33.791],[-107.203,33.61],[-107.282,33.534],[-107.527,33.431],[-107.918,33.358],[-108.372,33.336],[-108.53,33.253],[-108.669,33.209],[-108.714,33.22],[-108.763,33.288],[-108.736,33.36]]]}},{"type":"Feature","properties":{"density":2},"geometry":{"type":"Polygon","coordinates":[[[-78.726,51.129],[-78.496,51.172],[-78.037,51.303],[-77.213,51.489],[-76.841,51.532],[-76.143,51.592],[-75.378,51.608],[-74.473,51.58],[-74.137,51.619],[-73.865,51.619],[-73.462,51.582],[-72.594,51.265],[-72.451,51.123],[-72.327,50.869],[-72.308,50.683],[-72.346,50.466],[-72.426,50.255],[-72.581,50.106],[-73.263,49.858],[-73.728,49.802],[-74.106,49.69],[-74.826,49.585],[-75.272,49.498],[-75.663,49.442],[-75.998,49.436],[-78.329,49.703],[-78.719,49.765],[-79.129,49.895],[-79.253,49.988],[-79.259,50.106],[-79.135,50.261],[-79.017,50.366],[-78.936,50.466],[-78.898,50.564],[-78.939,50.713],[-79.005,50.76],[-79.058,50.875],[-79.049,50.939],[-79.016,50.988],[-78.799,51.11],[-78.726,51.129]]]}},{"type":"Feature","properties":{"density":2},"geometry":{"type":"Polygon","coordinates":[[[-122.717,41.802],[-122.598,41.838],[-122.508,41.847],[-122.462,41.822],[-122.449,41.675],[-122.475,41.638],[-122.51,41.623],[-122.697,41.675],[-122.758,41.715],[-122.765,41.735],[-122.752,41.772],[-122.717,41.802]]]}},{"type":"Feature","properties":{"density":3},"geometry":{"type":"Polygon","coordinates":[[[-101.968,55.56],[-103.756,55.617],[-104.39,55.675],[-105.025,55.56],[-106.005,55.79],[-107.158,56.771],[-112.463,59.135],[-115.693,60.634],[-117.653,62.653],[-118.288,63.979],[-118.172,65.19],[-117.48,66.17],[-115.231,67.669],[-111.368,68.823],[-106.697,68.65],[-104.044,68.246],[-100.238,67.035],[-97.528,65.594],[-95.51,64.267],[-93.78,63.287],[-92.627,62.883],[-92.569,62.595],[-93.088,62.249],[-93.78,62.076],[-94.126,61.788],[-94.011,61.557],[-93.434,61.442],[-92.396,61.442],[-87.033,61.211],[-80.632,61.499],[-73.193,62.307],[-68.177,62.883],[-63.102,63.056],[-61.603,62.768],[-61.43,62.076],[-62.814,61.672],[-65.236,61.615],[-67.6,61.499],[-70.656,61.615],[-77.461,61.442],[-85.476,60.692],[-91.819,60.346],[-95.048,60.115],[-96.663,60.058],[-97.932,60.058],[-98.681,60.288],[-99.719,60.577],[-100.527,61.269],[-101.622,61.903],[-102.545,61.845],[-103.064,61.442],[-103.41,60.865],[-103.641,59.596],[-103.756,58.789],[-103.698,57.924],[-102.949,56.886],[-101.622,55.906],[-101.968,55.56]]]}},{"type":"Feature","properties":{"density":3},"geometry":{"type":"Polygon","coordinates":[[[-107.158,39.99],[-105.371,40.221],[-102.026,41.201],[-101.046,41.836],[-100.642,42.758],[-100.757,43.681],[-101.853,43.796],[-102.257,43.565],[-104.217,43.046],[-106.178,42.124],[-106.524,41.547],[-106.985,41.201],[-107.389,40.855],[-107.619,40.682],[-107.158,39.99]]]}},{"type":"Feature","properties":{"density":3},"geometry":{"type":"Polygon","coordinates":[[[-103.268,57.937],[-103.666,58.028],[-104.019,58.222],[-104.316,58.358],[-104.338,58.438],[-104.247,58.461],[-104.054,58.393],[-103.325,58.074],[-103.256,58.017],[-103.268,57.937]]]}},{"type":"Feature","properties":{"density":3},"geometry":{"type":"Polygon","coordinates":[[[-103.438,57.402],[-104.521,57.777],[-104.896,57.937],[-104.885,57.846],[-104.68,57.732],[-104.088,57.447],[-103.837,57.367],[-103.484,57.31],[-103.438,57.402]]]}},{"type":"Feature","properties":{"density":3},"geometry":{"type":"Polygon","coordinates":[[[-113.736,60.329],[-114.465,60.796],[-115.0,61.297],[-115.171,61.582],[-115.319,61.878],[-115.809,62.368],[-115.945,62.607],[-116.014,62.858],[-116.014,63.256],[-115.945,63.416],[-115.626,63.439],[-115.285,63.439],[-115.034,63.404],[-114.373,63.04],[-113.986,62.653],[-113.827,62.391],[-113.713,62.083],[-113.679,61.798],[-113.679,61.536],[-113.644,61.252],[-113.565,61.081],[-113.496,60.807],[-113.28,60.511],[-113.121,60.397],[-113.018,60.283],[-112.984,60.158],[-113.075,60.124],[-113.212,60.215],[-113.348,60.238],[-113.417,60.204],[-113.736,60.329]]]}},{"type":"Feature","properties":{"density":3},"geometry":{"type":"Polygon","coordinates":[[[-110.25,60.477],[-110.523,60.739],[-110.751,61.035],[-110.911,61.195],[-111.025,61.252],[-111.116,61.263],[-111.207,61.195],[-111.15,61.081],[-111.025,60.933],[-110.842,60.762],[-110.649,60.534],[-110.375,60.363],[-110.296,60.363],[-110.25,60.477]]]}},{"type":"Feature","properties":{"density":3},"geometry":{"type":"Polygon","coordinates":[[[-79.017,50.168],[-78.197,50.339],[-78.083,50.339],[-78.06,50.294],[-78.163,50.225],[-78.63,50.123],[-78.766,50.111],[-79.017,50.168]]]}},{"type":"Feature","properties":{"density":3},"geometry":{"type":"Polygon","coordinates":[[[-72.404,49.058],[-71.345,48.841],[-70.612,48.787],[-69.775,48.833],[-69.326,48.769],[-68.666,48.868],[-68.304,49.013],[-67.571,49.158],[-67.073,49.285],[-66.578,49.527],[-66.107,49.837],[-65.902,50.123],[-65.508,50.336],[-65.158,50.585],[-64.731,50.69],[-64.229,50.678],[-63.561,50.734],[-62.674,50.642],[-62.05,50.543],[-61.697,49.981],[-61.6,49.457],[-61.715,49.101],[-61.858,48.797],[-62.077,48.461],[-62.366,48.111],[-62.825,47.846],[-63.182,47.675],[-63.524,47.623],[-63.801,47.614],[-64.123,47.687],[-64.406,47.797],[-64.61,47.904],[-65.214,48.023],[-65.471,48.123],[-65.929,48.198],[-66.235,48.129],[-66.518,48.033],[-67.465,47.996],[-68.171,48.069],[-68.871,48.117],[-69.474,48.087],[-69.74,48.045],[-70.448,48.027],[-70.967,48.083],[-71.413,48.083],[-71.984,48.163],[-72.399,48.256],[-72.721,48.308],[-73.336,48.485],[-73.517,48.63],[-73.549,48.819],[-73.469,48.94],[-73.312,49.044],[-73.143,49.092],[-72.95,49.121],[-72.761,49.121],[-72.404,49.058]]]}},{"type":"Feature","properties":{"density":3},"geometry":{"type":"Polygon","coordinates":[[[-79.013,50.229],[-78.53,50.377],[-78.442,50.397],[-78.315,50.401],[-78.176,50.351],[-78.133,50.319],[-78.112,50.217],[-78.163,50.164],[-78.206,50.143],[-78.666,50.08],[-78.877,50.114],[-79.105,50.086],[-79.142,50.118],[-79.094,50.193],[-79.013,50.229]]]}},{"type":"Feature","properties":{"density":3},"geometry":{"type":"Polygon","coordinates":[[[-103.533,57.321],[-104.101,57.368],[-104.433,57.46],[-104.444,57.521],[-104.406,57.55],[-104.347,57.563],[-104.047,57.555],[-103.599,57.491],[-103.412,57.449],[-103.355,57.416],[-103.342,57.382],[-103.373,57.346],[-103.533,57.321]]]}},{"type":"Feature","properties":{"density":3},"geometry":{"type":"Polygon","coordinates":[[[-103.334,57.913],[-103.44,57.932],[-103.714,58.019],[-104.127,58.224],[-104.135,58.259],[-104.07,58.285],[-103.903,58.246],[-103.742,58.193],[-103.591,58.116],[-103.229,58.004],[-103.196,57.978],[-103.2,57.925],[-103.221,57.91],[-103.334,57.913]]]}},{"type":"Feature","properties":{"density":3},"geometry":{"type":"Polygon","coordinates":[[[-102.863,58.259],[-103.005,58.306],[-103.114,58.323],[-103.226,58.369],[-103.264,58.387],[-103.277,58.413],[-103.269,58.449],[-103.193,58.459],[-102.884,58.357],[-102.73,58.268],[-102.746,58.241],[-102.863,58.259]]]}},{"type":"Feature","properties":{"density":3},"geometry":{"type":"Polygon","coordinates":[[[-101.981,58.204],[-102.255,58.297],[-102.409,58.325],[-102.475,58.311],[-102.469,58.277],[-102.384,58.219],[-102.175,58.129],[-102.073,58.12],[-101.991,58.141],[-101.955,58.169],[-101.981,58.204]]]}},{"type":"Feature","properties":{"density":3},"geometry":{"type":"Polygon","coordinates":[[[-101.842,58.927],[-102.328,59.129],[-102.41,59.212],[-102.411,59.256],[-102.358,59.276],[-102.15,59.227],[-101.906,59.124],[-101.661,58.989],[-101.644,58.966],[-101.658,58.928],[-101.68,58.918],[-101.842,58.927]]]}},{"type":"Feature","properties":{"density":3},"geometry":{"type":"Polygon","coordinates":[[[-100.126,57.699],[-100.466,57.752],[-100.557,57.795],[-100.569,57.842],[-100.516,57.85],[-100.195,57.781],[-100.111,57.732],[-100.1,57.691],[-100.126,57.699]]]}},{"type":"Feature","properties":{"density":3},"geometry":{"type":"Polygon","coordinates":[[[-100.349,57.844],[-100.664,57.891],[-100.955,57.977],[-100.975,58.005],[-100.954,58.033],[-100.848,58.045],[-100.549,58.019],[-100.299,57.96],[-100.185,57.894],[-100.2,57.865],[-100.263,57.839],[-100.349,57.844]]]}},{"type":"Feature","properties":{"density":3},"geometry":{"type":"Polygon","coordinates":[[[-101.447,57.746],[-101.764,57.847],[-101.957,57.874],[-102.021,57.849],[-101.972,57.801],[-101.899,57.768],[-101.572,57.679],[-101.46,57.692],[-101.443,57.715],[-101.447,57.746]]]}},{"type":"Feature","properties":{"density":3},"geometry":{"type":"Polygon","coordinates":[[[-102.895,56.402],[-102.99,56.455],[-103.188,56.519],[-103.312,56.487],[-103.355,56.44],[-103.342,56.384],[-103.306,56.356],[-103.045,56.314],[-102.892,56.315],[-102.871,56.37],[-102.895,56.402]]]}},{"type":"Feature","properties":{"density":3},"geometry":{"type":"Polygon","coordinates":[[[-97.658,57.129],[-97.619,57.164],[-97.658,57.181],[-97.898,57.194],[-98.306,57.121],[-98.332,57.102],[-98.305,57.058],[-98.216,57.034],[-98.045,57.034],[-97.696,57.107],[-97.658,57.129]]]}},{"type":"Feature","properties":{"density":3},"geometry":{"type":"Polygon","coordinates":[[[-97.988,58.048],[-98.161,58.071],[-98.334,58.071],[-98.45,58.016],[-98.473,57.991],[-98.469,57.952],[-98.399,57.936],[-98.155,57.934],[-97.943,57.977],[-97.906,58.01],[-97.911,58.031],[-97.988,58.048]]]}},{"type":"Feature","properties":{"density":3},"geometry":{"type":"Polygon","coordinates":[[[-108.663,33.311],[-108.503,33.57],[-108.379,33.638],[-108.316,33.651],[-108.303,33.639],[-108.421,33.439],[-108.646,33.288],[-108.663,33.286],[-108.663,33.311]]]}},{"type":"Feature","properties":{"density":3},"geometry":{"type":"Polygon","coordinates":[[[-105.103,38.053],[-105.094,38.104],[-105.116,38.172],[-105.111,38.235],[-105.036,38.339],[-104.952,38.398],[-104.889,38.409],[-104.81,38.384],[-104.779,38.303],[-104.78,38.17],[-104.796,38.105],[-104.844,38.015],[-104.879,37.986],[-104.967,37.962],[-105.039,37.963],[-105.093,37.994],[-105.103,38.053]]]}},{"type":"Feature","properties":{"density":3},"geometry":{"type":"Polygon","coordinates":[[[-107.72,38.11],[-107.756,38.232],[-107.754,38.257],[-107.729,38.28],[-107.635,38.285],[-107.4,38.351],[-107.35,38.331],[-107.342,38.243],[-107.404,38.164],[-107.6,38.076],[-107.687,38.084],[-107.72,38.11]]]}},{"type":"Feature","properties":{"density":3},"geometry":{"type":"Polygon","coordinates":[[[-108.71,37.779],[-108.62,38.101],[-108.584,38.12],[-108.618,37.835],[-108.674,37.716],[-108.717,37.725],[-108.71,37.779]]]}},{"type":"Feature","properties":{"density":3},"geometry":{"type":"Polygon","coordinates":[[[-109.832,37.904],[-109.82,38.017],[-109.792,38.082],[-109.692,38.166],[-109.518,38.212],[-109.426,38.173],[-109.406,38.138],[-109.422,38.077],[-109.604,37.955],[-109.621,37.825],[-109.72,37.734],[-109.768,37.718],[-109.813,37.735],[-109.838,37.819],[-109.832,37.904]]]}},{"type":"Feature","properties":{"density":3},"geometry":{"type":"Polygon","coordinates":[[[-103.59,57.321],[-103.71,57.369],[-104.058,57.43],[-104.245,57.487],[-104.36,57.499],[-104.547,57.552],[-104.632,57.596],[-104.731,57.68],[-104.803,57.773],[-104.801,57.821],[-104.719,57.841],[-104.593,57.837],[-104.401,57.862],[-104.304,57.849],[-103.852,57.657],[-103.678,57.6],[-103.471,57.487],[-103.365,57.4],[-103.376,57.351],[-103.42,57.323],[-103.59,57.321]]]}},{"type":"Feature","properties":{"density":3},"geometry":{"type":"Polygon","coordinates":[[[-103.328,57.859],[-103.876,58.038],[-103.936,58.081],[-103.975,58.136],[-103.976,58.179],[-103.879,58.166],[-103.391,58.004],[-103.24,57.895],[-103.255,57.859],[-103.328,57.859]]]}},{"type":"Feature","properties":{"density":3},"geometry":{"type":"Polygon","coordinates":[[[-101.508,57.703],[-101.782,57.793],[-102.139,57.875],[-102.333,57.94],[-102.494,58.029],[-102.538,58.089],[-102.535,58.132],[-102.471,58.165],[-102.3,58.184],[-101.971,58.08],[-101.734,57.986],[-101.399,57.807],[-101.364,57.728],[-101.385,57.707],[-101.451,57.688],[-101.508,57.703]]]}},{"type":"Feature","properties":{"density":3},"geometry":{"type":"Polygon","coordinates":[[[-102.15,58.128],[-102.481,58.222],[-102.872,58.368],[-103.061,58.502],[-103.117,58.578],[-103.143,58.673],[-103.039,58.689],[-102.704,58.596],[-102.138,58.368],[-102.093,58.34],[-102.004,58.237],[-101.996,58.178],[-102.023,58.128],[-102.15,58.128]]]}},{"type":"Feature","properties":{"density":3},"geometry":{"type":"Polygon","coordinates":[[[-101.902,58.937],[-102.032,59.008],[-102.279,59.106],[-102.428,59.239],[-102.428,59.294],[-102.394,59.329],[-102.232,59.336],[-101.913,59.27],[-101.847,59.244],[-101.684,59.131],[-101.634,59.058],[-101.619,59.003],[-101.713,58.939],[-101.842,58.921],[-101.902,58.937]]]}},{"type":"Feature","properties":{"density":3},"geometry":{"type":"Polygon","coordinates":[[[-102.673,59.572],[-102.945,59.753],[-103.078,59.875],[-103.133,59.942],[-103.145,60.002],[-103.133,60.036],[-103.047,60.042],[-102.985,60.013],[-102.602,59.711],[-102.551,59.665],[-102.5,59.586],[-102.523,59.562],[-102.673,59.572]]]}},{"type":"Feature","properties":{"density":3},"geometry":{"type":"Polygon","coordinates":[[[-103.079,59.467],[-103.388,59.612],[-103.619,59.746],[-103.754,59.876],[-103.775,59.947],[-103.764,59.972],[-103.634,60.01],[-103.469,60.006],[-103.219,59.922],[-103.025,59.813],[-102.799,59.611],[-102.664,59.467],[-102.592,59.352],[-102.594,59.28],[-102.62,59.252],[-102.647,59.248],[-102.738,59.259],[-102.924,59.351],[-103.079,59.467]]]}},{"type":"Feature","properties":{"density":3},"geometry":{"type":"Polygon","coordinates":[[[-101.06,58.734],[-101.258,58.828],[-101.302,58.861],[-101.32,58.895],[-101.308,58.916],[-101.252,58.923],[-101.17,58.895],[-101.048,58.81],[-100.972,58.734],[-100.994,58.722],[-101.06,58.734]]]}},{"type":"Feature","properties":{"density":3},"geometry":{"type":"Polygon","coordinates":[[[-103.109,60.23],[-103.341,60.358],[-103.548,60.546],[-103.614,60.662],[-103.615,60.704],[-103.594,60.747],[-103.517,60.743],[-103.339,60.619],[-103.273,60.564],[-102.979,60.235],[-102.995,60.202],[-103.016,60.194],[-103.109,60.23]]]}},{"type":"Feature","properties":{"density":3},"geometry":{"type":"Polygon","coordinates":[[[-104.039,61.376],[-104.355,61.652],[-104.435,61.804],[-104.436,61.911],[-104.406,61.93],[-104.326,61.915],[-104.248,61.867],[-104.093,61.714],[-104.026,61.618],[-103.917,61.362],[-103.924,61.347],[-103.988,61.343],[-104.031,61.357],[-104.039,61.376]]]}},{"type":"Feature","properties":{"density":3},"geometry":{"type":"Polygon","coordinates":[[[-101.833,60.341],[-102.022,60.424],[-102.452,60.662],[-102.58,60.827],[-102.62,60.906],[-102.632,61.002],[-102.616,61.023],[-102.532,61.039],[-102.499,61.019],[-102.309,60.748],[-102.141,60.637],[-101.929,60.528],[-101.708,60.359],[-101.683,60.324],[-101.686,60.299],[-101.73,60.291],[-101.833,60.341]]]}},{"type":"Feature","properties":{"density":3},"geometry":{"type":"Polygon","coordinates":[[[-100.147,59.345],[-100.323,59.392],[-100.424,59.441],[-100.464,59.477],[-100.474,59.505],[-100.461,59.53],[-100.379,59.526],[-100.213,59.468],[-100.132,59.421],[-100.077,59.359],[-100.147,59.345]]]}},{"type":"Feature","properties":{"density":3},"geometry":{"type":"Polygon","coordinates":[[[-100.822,59.798],[-101.095,59.922],[-101.163,59.989],[-101.175,60.021],[-101.154,60.033],[-101.062,60.022],[-100.937,59.97],[-100.779,59.841],[-100.755,59.804],[-100.761,59.786],[-100.822,59.798]]]}},{"type":"Feature","properties":{"density":3},"geometry":{"type":"Polygon","coordinates":[[[-97.401,58.456],[-97.591,58.535],[-97.848,58.553],[-97.993,58.506],[-98.051,58.47],[-98.082,58.438],[-98.089,58.403],[-98.071,58.373],[-98.037,58.362],[-97.887,58.35],[-97.376,58.394],[-97.359,58.419],[-97.401,58.456]]]}},{"type":"Feature","properties":{"density":3},"geometry":{"type":"Polygon","coordinates":[[[-97.888,58.046],[-98.074,58.086],[-98.418,58.112],[-98.744,58.064],[-98.797,58.047],[-98.85,57.993],[-98.843,57.957],[-98.813,57.94],[-98.51,57.939],[-97.948,57.98],[-97.851,58.021],[-97.888,58.046]]]}},{"type":"Feature","properties":{"density":3},"geometry":{"type":"Polygon","coordinates":[[[-97.1,57.955],[-97.351,58.009],[-97.604,58.004],[-97.848,57.959],[-97.921,57.936],[-98.074,57.834],[-98.118,57.794],[-98.128,57.756],[-98.029,57.708],[-97.927,57.7],[-97.706,57.711],[-97.477,57.766],[-97.063,57.805],[-97.032,57.826],[-97.056,57.87],[-97.035,57.91],[-97.063,57.945],[-97.1,57.955]]]}},{"type":"Feature","properties":{"density":3},"geometry":{"type":"Polygon","coordinates":[[[-97.12,58.358],[-97.342,58.374],[-97.882,58.311],[-97.993,58.256],[-97.999,58.225],[-97.918,58.16],[-97.711,58.122],[-97.606,58.12],[-97.317,58.157],[-96.943,58.231],[-96.898,58.254],[-96.901,58.287],[-97.12,58.358]]]}},{"type":"Feature","properties":{"density":3},"geometry":{"type":"Polygon","coordinates":[[[-97.367,57.297],[-97.56,57.314],[-97.833,57.308],[-98.097,57.364],[-98.461,57.397],[-98.738,57.401],[-98.852,57.36],[-98.876,57.327],[-98.876,57.298],[-98.843,57.27],[-98.841,57.238],[-98.866,57.185],[-98.842,57.12],[-98.783,57.048],[-98.594,57.0],[-98.494,56.995],[-97.809,57.09],[-97.401,57.167],[-97.317,57.207],[-97.292,57.249],[-97.367,57.297]]]}},{"type":"Feature","properties":{"density":3},"geometry":{"type":"Polygon","coordinates":[[[-97.928,56.647],[-98.136,56.709],[-98.253,56.716],[-98.287,56.687],[-98.25,56.577],[-98.187,56.541],[-98.075,56.543],[-97.975,56.574],[-97.888,56.579],[-97.869,56.614],[-97.928,56.647]]]}},{"type":"Feature","properties":{"density":3},"geometry":{"type":"Polygon","coordinates":[[[-101.629,56.846],[-102.187,56.98],[-102.257,57.008],[-102.283,57.07],[-102.259,57.109],[-102.115,57.145],[-102.002,57.14],[-101.845,57.101],[-101.772,57.074],[-101.651,56.998],[-101.526,56.888],[-101.498,56.84],[-101.528,56.813],[-101.629,56.846]]]}},{"type":"Feature","properties":{"density":3},"geometry":{"type":"Polygon","coordinates":[[[-101.998,56.762],[-102.512,56.885],[-102.542,56.906],[-102.537,56.949],[-102.516,56.98],[-102.462,56.993],[-102.289,56.984],[-102.026,56.896],[-101.9,56.793],[-101.903,56.769],[-101.934,56.75],[-101.998,56.762]]]}},{"type":"Feature","properties":{"density":3},"geometry":{"type":"Polygon","coordinates":[[[-102.785,55.995],[-103.531,56.189],[-103.577,56.218],[-103.588,56.26],[-103.578,56.298],[-103.497,56.342],[-103.36,56.348],[-103.248,56.336],[-103.157,56.303],[-103.004,56.196],[-102.797,56.135],[-102.668,56.05],[-102.648,55.993],[-102.663,55.96],[-102.692,55.946],[-102.785,55.995]]]}},{"type":"Feature","properties":{"density":3},"geometry":{"type":"Polygon","coordinates":[[[-103.009,56.343],[-103.196,56.401],[-103.331,56.471],[-103.389,56.479],[-103.449,56.555],[-103.43,56.628],[-103.393,56.647],[-103.328,56.644],[-103.018,56.502],[-102.893,56.417],[-102.871,56.364],[-102.877,56.329],[-102.902,56.315],[-102.946,56.315],[-103.009,56.343]]]}},{"type":"Feature","properties":{"density":3},"geometry":{"type":"Polygon","coordinates":[[[-99.203,56.763],[-99.403,56.795],[-99.645,56.865],[-100.166,56.868],[-100.362,56.899],[-100.404,56.861],[-100.391,56.821],[-100.236,56.75],[-99.94,56.702],[-99.662,56.636],[-99.271,56.65],[-99.199,56.686],[-99.203,56.763]]]}},{"type":"Feature","properties":{"density":3},"geometry":{"type":"Polygon","coordinates":[[[-98.438,59.139],[-98.751,59.164],[-99.149,59.227],[-99.257,59.308],[-99.256,59.333],[-99.178,59.349],[-98.551,59.264],[-98.406,59.215],[-98.366,59.186],[-98.372,59.146],[-98.438,59.139]]]}},{"type":"Feature","properties":{"density":3},"geometry":{"type":"Polygon","coordinates":[[[-98.736,58.668],[-99.054,58.649],[-99.349,58.676],[-99.392,58.708],[-99.4,58.752],[-99.375,58.795],[-99.33,58.815],[-99.177,58.839],[-98.677,58.767],[-98.61,58.716],[-98.607,58.687],[-98.632,58.667],[-98.736,58.668]]]}},{"type":"Feature","properties":{"density":3},"geometry":{"type":"Polygon","coordinates":[[[-99.703,58.798],[-100.028,58.833],[-100.156,58.861],[-100.261,58.916],[-100.272,58.947],[-100.251,58.988],[-100.204,59.02],[-100.133,59.025],[-99.959,58.982],[-99.757,58.889],[-99.618,58.863],[-99.561,58.822],[-99.587,58.779],[-99.703,58.798]]]}},{"type":"Feature","properties":{"density":3},"geometry":{"type":"Polygon","coordinates":[[[-78.894,50.287],[-78.748,50.358],[-78.348,50.458],[-76.946,50.697],[-76.279,50.692],[-75.722,50.653],[-75.584,50.582],[-75.515,50.471],[-75.554,50.372],[-75.672,50.289],[-75.846,50.218],[-76.075,50.157],[-76.653,50.069],[-77.486,49.986],[-78.161,49.997],[-78.808,49.937],[-78.897,49.942],[-78.957,49.975],[-78.985,50.028],[-78.993,50.105],[-78.957,50.234],[-78.921,50.281],[-78.894,50.287]]]}},{"type":"Feature","properties":{"density":3},"geometry":{"type":"Polygon","coordinates":[[[-108.648,33.346],[-108.52,33.592],[-108.439,33.695],[-108.308,33.73],[-108.265,33.711],[-108.259,33.68],[-108.285,33.587],[-108.341,33.502],[-108.509,33.357],[-108.657,33.268],[-108.669,33.309],[-108.648,33.346]]]}},{"type":"Feature","properties":{"density":3},"geometry":{"type":"Polygon","coordinates":[[[-109.821,37.905],[-109.713,38.167],[-109.67,38.206],[-109.574,38.235],[-109.529,38.224],[-109.528,38.151],[-109.614,37.964],[-109.725,37.802],[-109.762,37.792],[-109.777,37.803],[-109.816,37.858],[-109.821,37.905]]]}},{"type":"Feature","properties":{"density":3},"geometry":{"type":"Polygon","coordinates":[[[-107.63,38.193],[-107.455,38.379],[-107.337,38.466],[-107.165,38.526],[-107.124,38.515],[-107.101,38.481],[-107.126,38.421],[-107.296,38.274],[-107.382,38.149],[-107.444,38.106],[-107.537,38.069],[-107.625,38.081],[-107.65,38.132],[-107.63,38.193]]]}},{"type":"Feature","properties":{"density":3},"geometry":{"type":"Polygon","coordinates":[[[-105.038,38.11],[-104.769,38.314],[-104.452,38.671],[-104.346,38.749],[-104.296,38.74],[-104.296,38.636],[-104.351,38.445],[-104.393,38.375],[-104.589,38.277],[-104.988,38.019],[-105.033,37.994],[-105.087,37.988],[-105.105,38.006],[-105.098,38.032],[-105.038,38.11]]]}},{"type":"Feature","properties":{"density":3},"geometry":{"type":"Polygon","coordinates":[[[-110.402,60.37],[-111.353,60.982],[-111.597,61.119],[-111.721,61.251],[-111.803,61.375],[-111.82,61.445],[-111.795,61.491],[-111.316,61.511],[-110.547,61.503],[-110.348,61.47],[-110.133,61.362],[-109.997,61.21],[-109.914,61.048],[-109.852,60.9],[-109.844,60.714],[-109.956,60.561],[-110.018,60.54],[-110.051,60.507],[-110.067,60.399],[-110.104,60.329],[-110.257,60.317],[-110.402,60.37]]]}},{"type":"Feature","properties":{"density":3},"geometry":{"type":"Polygon","coordinates":[[[-108.782,60.482],[-108.992,60.809],[-109.15,61.003],[-109.319,61.172],[-109.41,61.309],[-109.41,61.449],[-109.336,61.557],[-109.162,61.586],[-108.753,61.499],[-108.62,61.424],[-108.501,61.329],[-108.434,61.23],[-108.377,61.069],[-108.352,60.928],[-108.41,60.54],[-108.459,60.416],[-108.554,60.37],[-108.637,60.379],[-108.782,60.482]]]}},{"type":"Feature","properties":{"density":3},"geometry":{"type":"Polygon","coordinates":[[[-109.845,63.115],[-109.878,63.228],[-110.212,63.727],[-110.25,63.829],[-110.267,63.939],[-110.256,64.002],[-110.165,64.016],[-110.0,63.964],[-109.876,63.821],[-109.68,63.49],[-109.63,63.355],[-109.619,63.236],[-109.633,63.126],[-109.663,63.077],[-109.716,63.057],[-109.774,63.065],[-109.845,63.115]]]}},{"type":"Feature","properties":{"density":3},"geometry":{"type":"Polygon","coordinates":[[[-117.781,65.231],[-117.905,65.344],[-118.271,65.779],[-118.321,65.95],[-118.222,66.079],[-118.062,66.176],[-117.676,66.498],[-117.568,66.531],[-117.442,66.523],[-117.298,66.427],[-117.227,66.286],[-117.122,65.994],[-117.02,65.636],[-116.995,65.47],[-116.992,65.302],[-117.015,65.142],[-117.13,65.029],[-117.21,65.029],[-117.279,65.063],[-117.373,65.082],[-117.453,65.085],[-117.626,65.054],[-117.737,65.118],[-117.781,65.231]]]}},{"type":"Feature","properties":{"density":3},"geometry":{"type":"Polygon","coordinates":[[[-101.119,57.439],[-101.438,57.508],[-101.653,57.604],[-101.94,57.803],[-102.122,57.883],[-102.295,58.018],[-102.632,58.15],[-102.899,58.177],[-103.506,58.532],[-103.779,58.64],[-104.258,58.863],[-104.634,59.103],[-105.068,59.413],[-105.436,59.619],[-105.544,59.731],[-105.635,59.871],[-105.68,60.0],[-105.684,60.099],[-105.614,60.136],[-105.473,60.165],[-105.349,60.165],[-104.787,59.954],[-104.428,59.768],[-104.233,59.694],[-103.87,59.64],[-103.32,59.475],[-103.138,59.396],[-102.845,59.239],[-102.704,59.127],[-102.456,58.974],[-102.352,58.862],[-102.325,58.803],[-102.238,58.699],[-102.154,58.639],[-101.612,58.483],[-101.177,58.413],[-100.997,58.369],[-100.381,58.116],[-100.207,57.994],[-100.137,57.879],[-100.102,57.741],[-100.153,57.691],[-100.196,57.684],[-101.201,57.987],[-101.431,58.092],[-101.587,58.125],[-101.668,58.13],[-101.74,58.112],[-101.809,58.139],[-101.844,58.128],[-101.844,58.075],[-101.576,57.958],[-101.299,57.757],[-101.067,57.664],[-100.999,57.62],[-100.669,57.381],[-100.617,57.311],[-100.63,57.271],[-100.659,57.26],[-100.795,57.274],[-101.119,57.439]]]}},{"type":"Feature","properties":{"density":3},"geometry":{"type":"Polygon","coordinates":[[[-102.804,56.018],[-102.971,56.084],[-103.12,56.105],[-103.243,56.156],[-103.652,56.382],[-103.75,56.476],[-103.763,56.549],[-103.746,56.634],[-103.673,56.746],[-103.548,56.889],[-103.452,56.953],[-103.125,57.047],[-103.041,57.051],[-102.982,57.019],[-102.903,56.94],[-102.719,56.538],[-102.671,56.244],[-102.625,56.068],[-102.625,55.981],[-102.675,55.948],[-102.706,55.948],[-102.804,56.018]]]}},{"type":"Feature","properties":{"density":3},"geometry":{"type":"Polygon","coordinates":[[[-103.672,57.383],[-103.895,57.485],[-104.576,57.658],[-104.691,57.669],[-104.766,57.614],[-104.824,57.598],[-104.914,57.617],[-105.113,57.733],[-105.515,58.005],[-105.664,58.085],[-105.774,58.171],[-105.937,58.248],[-106.053,58.331],[-106.177,58.422],[-106.199,58.551],[-106.138,58.659],[-105.851,58.749],[-105.584,58.763],[-105.289,58.755],[-105.069,58.818],[-104.766,58.696],[-104.646,58.679],[-104.385,58.588],[-104.183,58.464],[-103.906,58.208],[-103.458,57.959],[-103.384,57.848],[-103.282,57.622],[-103.196,57.261],[-103.199,57.168],[-103.224,57.063],[-103.26,57.038],[-103.414,57.049],[-103.601,57.126],[-103.645,57.181],[-103.672,57.383]]]}},{"type":"Feature","properties":{"density":3},"geometry":{"type":"Polygon","coordinates":[[[-102.129,56.806],[-102.395,56.924],[-102.549,57.014],[-102.606,57.078],[-102.634,57.142],[-102.637,57.286],[-102.525,57.484],[-102.389,57.559],[-102.316,57.581],[-102.235,57.589],[-102.044,57.484],[-101.875,57.254],[-101.768,57.139],[-101.601,57.008],[-101.489,56.953],[-101.454,56.924],[-101.445,56.885],[-101.447,56.83],[-101.467,56.801],[-101.513,56.79],[-101.855,56.872],[-101.888,56.852],[-101.899,56.742],[-101.952,56.723],[-101.994,56.727],[-102.027,56.758],[-102.129,56.806]]]}},{"type":"Feature","properties":{"density":3},"geometry":{"type":"Polygon","coordinates":[[[-101.406,56.256],[-101.5,56.284],[-101.637,56.355],[-101.681,56.378],[-101.703,56.411],[-101.665,56.451],[-101.588,56.449],[-101.393,56.355],[-101.324,56.306],[-101.298,56.258],[-101.344,56.24],[-101.406,56.256]]]}},{"type":"Feature","properties":{"density":3},"geometry":{"type":"Polygon","coordinates":[[[-101.911,58.981],[-101.982,59.072],[-102.095,59.158],[-102.225,59.227],[-102.498,59.307],[-102.696,59.271],[-103.118,59.442],[-103.319,59.552],[-103.7,59.861],[-103.932,59.989],[-104.358,60.282],[-104.461,60.414],[-104.544,60.576],[-104.56,60.704],[-104.507,60.828],[-104.411,60.915],[-104.139,60.981],[-104.006,60.981],[-103.713,60.906],[-103.486,60.869],[-103.217,60.857],[-102.994,60.886],[-102.911,60.848],[-102.779,60.753],[-102.584,60.472],[-102.469,60.216],[-102.456,59.964],[-102.374,59.877],[-102.146,59.691],[-102.059,59.589],[-101.776,59.432],[-101.349,59.236],[-101.213,59.162],[-101.023,59.027],[-100.949,58.933],[-100.938,58.765],[-100.982,58.732],[-101.026,58.729],[-101.14,58.842],[-101.381,59.01],[-101.467,59.014],[-101.578,58.937],[-101.682,58.916],[-101.876,58.926],[-101.911,58.981]]]}},{"type":"Feature","properties":{"density":3},"geometry":{"type":"Polygon","coordinates":[[[-99.351,56.652],[-99.402,56.659],[-99.521,56.634],[-99.675,56.641],[-100.086,56.735],[-100.334,56.766],[-100.869,56.891],[-101.051,56.919],[-101.19,56.985],[-101.216,57.105],[-101.19,57.184],[-101.125,57.245],[-101.03,57.313],[-100.91,57.341],[-100.399,57.279],[-100.115,57.289],[-99.673,57.228],[-99.577,57.192],[-99.434,57.092],[-99.323,57.042],[-99.239,56.981],[-99.189,56.894],[-99.16,56.801],[-99.165,56.69],[-99.231,56.652],[-99.351,56.652]]]}},{"type":"Feature","properties":{"density":3},"geometry":{"type":"Polygon","coordinates":[[[-99.183,59.223],[-99.651,59.346],[-99.809,59.368],[-100.055,59.298],[-100.14,59.303],[-100.692,59.527],[-101.183,59.762],[-101.372,59.9],[-101.59,60.218],[-101.618,60.319],[-101.563,60.35],[-101.458,60.369],[-101.375,60.363],[-100.562,59.939],[-100.006,59.713],[-99.284,59.597],[-98.851,59.545],[-98.548,59.421],[-98.366,59.302],[-98.314,59.22],[-98.311,59.189],[-98.314,59.165],[-98.344,59.14],[-98.438,59.126],[-99.183,59.223]]]}},{"type":"Feature","properties":{"density":3},"geometry":{"type":"Polygon","coordinates":[[[-99.675,59.921],[-100.177,60.155],[-100.375,60.334],[-100.457,60.371],[-100.517,60.363],[-100.491,60.257],[-100.458,60.224],[-100.452,60.182],[-100.485,60.16],[-100.565,60.163],[-100.642,60.196],[-100.739,60.273],[-100.97,60.362],[-101.262,60.541],[-101.254,60.59],[-101.213,60.637],[-101.039,60.662],[-100.631,60.637],[-100.331,60.557],[-99.998,60.363],[-99.649,60.109],[-99.542,60.069],[-99.512,60.012],[-99.532,59.987],[-99.614,59.931],[-99.675,59.921]]]}},{"type":"Feature","properties":{"density":3},"geometry":{"type":"Polygon","coordinates":[[[-99.362,58.065],[-99.746,58.177],[-99.825,58.221],[-99.847,58.27],[-99.837,58.386],[-99.788,58.414],[-99.716,58.428],[-99.63,58.419],[-99.318,58.291],[-99.228,58.27],[-99.167,58.236],[-99.121,58.188],[-99.132,58.103],[-99.213,58.03],[-99.308,58.019],[-99.34,58.033],[-99.362,58.065]]]}},{"type":"Feature","properties":{"density":3},"geometry":{"type":"Polygon","coordinates":[[[-97.076,58.415],[-97.195,58.456],[-97.388,58.492],[-97.837,58.647],[-98.104,58.677],[-98.22,58.663],[-98.449,58.578],[-98.705,58.376],[-99.038,58.189],[-99.055,58.153],[-99.033,58.109],[-98.691,58.018],[-98.506,57.902],[-98.479,57.82],[-98.476,57.778],[-98.551,57.696],[-98.804,57.654],[-98.865,57.63],[-98.895,57.599],[-98.903,57.544],[-98.859,57.492],[-98.683,57.395],[-98.63,57.293],[-98.628,57.255],[-98.702,57.189],[-98.892,57.101],[-98.912,57.043],[-98.912,56.955],[-98.8,56.835],[-98.828,56.76],[-98.893,56.722],[-98.887,56.545],[-98.808,56.486],[-98.692,56.495],[-98.532,56.47],[-98.393,56.491],[-98.078,56.493],[-97.937,56.528],[-97.849,56.585],[-97.821,56.66],[-97.836,56.69],[-98.194,56.894],[-98.273,56.911],[-98.363,56.887],[-98.402,56.896],[-98.409,56.965],[-98.256,57.043],[-98.168,57.064],[-97.802,57.043],[-97.555,57.164],[-97.372,57.197],[-97.306,57.241],[-97.28,57.292],[-97.34,57.318],[-97.714,57.348],[-97.887,57.394],[-98.188,57.39],[-98.21,57.411],[-98.215,57.451],[-98.147,57.545],[-98.035,57.552],[-97.966,57.528],[-97.92,57.534],[-97.888,57.552],[-97.864,57.591],[-97.868,57.635],[-97.951,57.721],[-98.079,57.714],[-98.12,57.727],[-98.135,57.752],[-98.019,57.778],[-97.811,57.745],[-97.418,57.752],[-97.097,57.802],[-96.988,57.846],[-96.983,57.907],[-97.032,57.976],[-97.165,58.028],[-97.64,58.089],[-97.888,58.105],[-97.929,58.138],[-97.923,58.155],[-97.679,58.201],[-97.424,58.213],[-97.011,58.206],[-96.942,58.214],[-96.854,58.255],[-96.868,58.303],[-97.076,58.415]]]}},{"type":"Feature","properties":{"density":3},"geometry":{"type":"Polygon","coordinates":[[[-108.731,60.536],[-108.82,60.713],[-109.124,61.114],[-109.17,61.224],[-109.129,61.415],[-109.049,61.544],[-109.041,61.613],[-109.068,61.757],[-109.261,62.065],[-109.261,62.272],[-109.212,62.297],[-109.135,62.297],[-109.0,62.22],[-108.661,61.961],[-108.448,61.779],[-108.388,61.693],[-108.36,61.6],[-108.327,61.393],[-108.324,61.178],[-108.427,60.514],[-108.459,60.448],[-108.622,60.404],[-108.689,60.411],[-108.739,60.437],[-108.731,60.536]]]}},{"type":"Feature","properties":{"density":3},"geometry":{"type":"Polygon","coordinates":[[[-102.123,55.245],[-102.37,55.326],[-102.829,55.412],[-102.886,55.435],[-102.904,55.466],[-102.896,55.49],[-102.807,55.528],[-102.598,55.528],[-102.318,55.483],[-102.158,55.423],[-102.022,55.397],[-101.984,55.374],[-101.961,55.273],[-101.97,55.232],[-102.04,55.222],[-102.123,55.245]]]}},{"type":"Feature","properties":{"density":3},"geometry":{"type":"Polygon","coordinates":[[[-98.712,58.662],[-98.923,58.751],[-99.366,58.809],[-99.502,58.809],[-99.697,58.767],[-99.785,58.789],[-100.104,58.899],[-100.172,58.936],[-100.227,58.988],[-100.236,59.046],[-100.063,59.098],[-99.878,59.127],[-99.692,59.127],[-99.284,59.089],[-98.842,58.989],[-98.638,58.868],[-98.404,58.762],[-98.364,58.69],[-98.397,58.666],[-98.509,58.646],[-98.662,58.647],[-98.712,58.662]]]}},{"type":"Feature","properties":{"density":3},"geometry":{"type":"Polygon","coordinates":[[[-104.029,61.316],[-104.28,61.536],[-104.514,61.784],[-104.823,62.049],[-104.894,62.17],[-104.927,62.28],[-104.927,62.377],[-104.881,62.476],[-104.79,62.52],[-104.564,62.515],[-104.423,62.44],[-104.189,62.159],[-104.081,62.008],[-103.905,61.603],[-103.853,61.385],[-103.839,61.247],[-103.883,61.203],[-103.955,61.214],[-104.029,61.316]]]}},{"type":"Feature","properties":{"density":3},"geometry":{"type":"Polygon","coordinates":[[[-103.582,55.483],[-103.64,55.493],[-103.821,55.577],[-104.015,55.749],[-104.094,55.864],[-104.082,55.912],[-104.01,56.008],[-103.891,56.049],[-103.797,56.021],[-103.382,55.618],[-103.375,55.587],[-103.394,55.536],[-103.443,55.484],[-103.538,55.46],[-103.582,55.483]]]}},{"type":"Feature","properties":{"density":3},"geometry":{"type":"Polygon","coordinates":[[[-106.893,58.48],[-107.054,58.619],[-107.22,58.805],[-107.411,58.939],[-107.514,59.045],[-107.525,59.095],[-107.514,59.154],[-107.436,59.174],[-107.201,59.143],[-107.054,59.146],[-106.865,59.229],[-106.718,59.222],[-106.648,59.178],[-106.591,59.102],[-106.547,58.836],[-106.542,58.61],[-106.56,58.481],[-106.593,58.391],[-106.637,58.342],[-106.676,58.327],[-106.784,58.342],[-106.85,58.397],[-106.893,58.48]]]}},{"type":"Feature","properties":{"density":3},"geometry":{"type":"Polygon","coordinates":[[[-108.64,57.099],[-108.735,57.332],[-108.829,57.42],[-109.025,57.729],[-109.165,58.058],[-109.185,58.225],[-109.142,58.366],[-109.029,58.447],[-108.875,58.442],[-108.654,58.361],[-108.445,58.069],[-108.371,57.867],[-108.344,57.753],[-108.336,57.531],[-108.449,57.244],[-108.474,57.071],[-108.526,57.044],[-108.64,57.099]]]}},{"type":"Feature","properties":{"density":3},"geometry":{"type":"Polygon","coordinates":[[[-109.836,63.121],[-109.881,63.201],[-110.249,63.606],[-110.431,63.762],[-110.483,63.825],[-110.488,63.931],[-110.457,63.997],[-110.406,64.041],[-110.264,64.08],[-110.196,64.086],[-110.113,64.069],[-109.821,63.825],[-109.777,63.759],[-109.718,63.474],[-109.669,63.125],[-109.693,63.078],[-109.72,63.072],[-109.811,63.089],[-109.836,63.121]]]}},{"type":"Feature","properties":{"density":3},"geometry":{"type":"Polygon","coordinates":[[[-115.728,64.94],[-116.062,65.415],[-116.302,65.862],[-116.451,66.221],[-116.582,66.648],[-116.935,67.37],[-117.001,67.61],[-116.997,67.751],[-116.926,67.846],[-116.79,67.937],[-116.05,68.011],[-115.777,68.015],[-115.434,67.912],[-115.38,67.858],[-115.351,67.771],[-115.376,67.544],[-115.434,67.292],[-115.446,67.031],[-115.434,66.874],[-115.384,66.73],[-115.318,66.366],[-115.331,65.411],[-115.288,64.863],[-115.311,64.798],[-115.35,64.754],[-115.458,64.701],[-115.521,64.694],[-115.62,64.734],[-115.692,64.831],[-115.728,64.94]]]}},{"type":"Feature","properties":{"density":3},"geometry":{"type":"Polygon","coordinates":[[[-117.769,65.282],[-117.802,65.445],[-117.857,65.571],[-117.965,65.775],[-118.064,65.905],[-118.301,66.161],[-119.046,66.833],[-119.092,66.99],[-119.096,67.151],[-118.926,67.246],[-118.426,67.283],[-117.914,67.213],[-117.736,67.172],[-117.575,67.102],[-117.467,66.994],[-117.364,66.833],[-117.174,66.411],[-117.087,66.254],[-116.93,65.886],[-116.869,65.664],[-116.856,65.448],[-116.913,65.251],[-116.963,65.161],[-117.056,65.067],[-117.163,65.056],[-117.503,65.091],[-117.657,65.071],[-117.721,65.091],[-117.756,65.145],[-117.78,65.24],[-117.769,65.282]]]}},{"type":"Feature","properties":{"density":3},"geometry":{"type":"Polygon","coordinates":[[[-95.219,56.958],[-95.618,56.829],[-95.657,56.791],[-95.657,56.758],[-95.625,56.748],[-95.478,56.774],[-95.216,56.894],[-95.129,56.947],[-95.125,56.963],[-95.178,56.975],[-95.219,56.958]]]}},{"type":"Feature","properties":{"density":3},"geometry":{"type":"Polygon","coordinates":[[[-93.825,56.994],[-94.316,56.873],[-94.701,56.696],[-94.959,56.604],[-95.104,56.494],[-95.159,56.419],[-95.218,56.288],[-95.208,56.237],[-95.183,56.226],[-95.034,56.235],[-94.33,56.512],[-94.262,56.566],[-94.15,56.702],[-93.753,56.953],[-93.724,57.014],[-93.778,57.019],[-93.825,56.994]]]}},{"type":"Feature","properties":{"density":3},"geometry":{"type":"Polygon","coordinates":[[[-94.659,57.986],[-94.783,57.973],[-94.957,57.916],[-95.04,57.857],[-95.066,57.805],[-95.055,57.79],[-94.974,57.775],[-94.835,57.805],[-94.647,57.924],[-94.616,57.966],[-94.659,57.986]]]}},{"type":"Feature","properties":{"density":3},"geometry":{"type":"Polygon","coordinates":[[[-107.163,58.329],[-107.721,58.843],[-108.099,59.123],[-108.886,59.631],[-109.444,59.829],[-109.953,59.941],[-111.044,60.245],[-111.509,60.468],[-111.869,60.666],[-112.21,60.883],[-112.42,61.138],[-112.52,61.367],[-112.594,61.627],[-112.644,62.464],[-112.569,62.694],[-112.458,62.836],[-112.259,62.923],[-112.086,62.954],[-111.875,62.905],[-111.267,62.805],[-110.498,62.632],[-110.232,62.557],[-110.07,62.601],[-109.81,62.867],[-109.351,63.196],[-109.209,63.376],[-109.097,63.841],[-109.06,64.225],[-108.967,64.554],[-108.75,65.131],[-108.44,65.379],[-108.13,65.589],[-107.82,65.732],[-107.256,65.738],[-106.716,65.633],[-106.152,65.62],[-105.023,65.958],[-104.484,66.293],[-103.833,66.656],[-103.07,67.195],[-102.559,67.372],[-102.131,67.474],[-101.666,67.511],[-101.229,67.484],[-100.066,67.232],[-99.443,67.046],[-98.988,66.73],[-96.988,65.214],[-96.793,64.879],[-96.616,64.666],[-96.43,64.219],[-96.225,64.033],[-95.798,63.68],[-95.407,63.522],[-94.719,63.187],[-94.375,62.936],[-94.161,62.712],[-93.965,62.387],[-93.919,62.182],[-94.021,62.015],[-94.198,61.894],[-95.156,61.513],[-95.667,61.355],[-96.644,61.02],[-97.007,60.927],[-97.211,60.899],[-97.295,60.797],[-97.258,60.676],[-97.034,60.573],[-96.551,60.508],[-95.5,60.322],[-95.184,60.229],[-94.7,60.146],[-94.216,60.108],[-93.324,59.876],[-92.263,59.755],[-91.77,59.755],[-89.008,59.848],[-88.004,59.904],[-85.897,60.248],[-84.572,60.332],[-81.81,60.464],[-80.373,60.464],[-79.536,60.562],[-76.048,60.673],[-74.904,60.743],[-71.94,60.973],[-70.433,61.35],[-67.796,61.789],[-64.511,62.229],[-62.167,62.229],[-60.221,62.103],[-59.552,61.978],[-59.112,62.02],[-56.817,61.943],[-54.948,61.664],[-54.125,61.399],[-53.497,61.022],[-53.065,60.59],[-52.995,60.241],[-52.995,59.753],[-53.093,59.306],[-53.274,58.916],[-53.581,58.567],[-54.125,58.092],[-54.613,57.716],[-54.976,57.548],[-55.701,57.409],[-56.259,57.409],[-56.887,57.507],[-58.254,57.772],[-58.84,58.009],[-59.761,58.274],[-62.142,59.092],[-62.523,59.204],[-63.09,59.399],[-64.151,59.669],[-64.653,59.753],[-66.132,59.753],[-67.396,59.846],[-68.001,59.939],[-69.21,60.041],[-70.131,60.069],[-71.433,59.864],[-72.223,59.641],[-73.033,59.436],[-73.953,59.325],[-75.134,59.278],[-75.962,59.222],[-76.613,59.157],[-77.725,58.964],[-83.605,58.378],[-85.467,58.295],[-86.785,58.19],[-88.285,58.323],[-88.794,58.453],[-89.271,58.509],[-90.139,58.385],[-90.951,58.217],[-92.024,58.205],[-92.433,58.254],[-93.562,58.524],[-94.175,58.599],[-94.696,58.636],[-95.44,58.747],[-97.407,59.31],[-98.077,59.645],[-98.705,60.077],[-99.611,60.51],[-100.169,60.831],[-100.658,61.165],[-101.341,61.584],[-101.983,61.779],[-102.36,61.863],[-103.848,62.365],[-104.127,62.43],[-104.778,62.402],[-105.168,62.356],[-105.54,62.216],[-105.885,61.947],[-106.089,61.696],[-106.302,60.689],[-106.438,60.323],[-106.612,59.672],[-106.624,59.43],[-106.649,59.282],[-106.606,59.009],[-106.55,58.866],[-106.538,58.451],[-106.587,58.376],[-106.686,58.302],[-106.848,58.277],[-107.065,58.27],[-107.163,58.329]]]}},{"type":"Feature","properties":{"density":3},"geometry":{"type":"Polygon","coordinates":[[[-78.632,50.348],[-78.429,50.41],[-77.743,50.551],[-76.925,50.675],[-75.747,50.675],[-74.337,50.621],[-74.044,50.646],[-73.457,50.654],[-73.308,50.625],[-73.225,50.563],[-73.159,50.476],[-73.122,50.361],[-73.163,50.141],[-73.246,50.026],[-73.49,49.91],[-73.696,49.848],[-74.06,49.84],[-74.349,49.794],[-74.852,49.778],[-76.092,49.84],[-76.464,49.895],[-76.873,49.914],[-78.163,49.883],[-78.367,49.858],[-78.799,49.867],[-79.023,49.905],[-79.134,49.968],[-79.176,50.037],[-79.165,50.137],[-79.091,50.214],[-78.685,50.318],[-78.632,50.348]]]}},{"type":"Feature","properties":{"density":3},"geometry":{"type":"Polygon","coordinates":[[[-70.466,48.485],[-70.313,48.568],[-69.891,48.696],[-69.532,48.733],[-68.938,48.652],[-68.194,48.47],[-67.789,48.324],[-67.461,48.164],[-67.333,48.048],[-67.267,47.937],[-67.242,47.821],[-67.283,47.751],[-67.366,47.66],[-67.663,47.573],[-67.882,47.552],[-68.114,47.569],[-68.279,47.614],[-68.862,47.924],[-69.189,47.982],[-69.652,48.102],[-70.103,48.183],[-70.398,48.2],[-70.514,48.302],[-70.525,48.329],[-70.509,48.428],[-70.466,48.485]]]}},{"type":"Feature","properties":{"density":3},"geometry":{"type":"Polygon","coordinates":[[[-107.636,38.215],[-107.537,38.385],[-107.213,38.696],[-106.684,38.87],[-106.588,38.936],[-106.489,38.961],[-106.32,39.062],[-106.207,39.097],[-105.818,39.312],[-105.7,39.345],[-105.567,39.337],[-105.394,39.277],[-105.319,39.232],[-105.267,39.161],[-105.259,39.081],[-105.3,39.037],[-105.576,39.029],[-105.7,38.998],[-106.094,38.852],[-106.323,38.747],[-107.345,38.134],[-107.573,38.047],[-107.667,38.047],[-107.688,38.072],[-107.692,38.135],[-107.636,38.215]]]}},{"type":"Feature","properties":{"density":3},"geometry":{"type":"Polygon","coordinates":[[[-108.702,37.777],[-108.665,37.897],[-108.416,38.214],[-108.218,38.353],[-108.112,38.356],[-108.071,38.33],[-108.059,38.246],[-108.087,38.2],[-108.536,37.86],[-108.597,37.796],[-108.651,37.691],[-108.692,37.668],[-108.73,37.693],[-108.702,37.777]]]}},{"type":"Feature","properties":{"density":3},"geometry":{"type":"Polygon","coordinates":[[[-105.052,38.152],[-104.989,38.251],[-104.941,38.375],[-104.843,38.511],[-104.735,38.627],[-104.527,38.779],[-104.456,38.849],[-104.338,38.902],[-104.233,38.976],[-103.884,39.274],[-103.297,39.637],[-103.159,39.789],[-102.977,39.91],[-102.825,39.957],[-102.591,39.891],[-102.316,39.758],[-102.219,39.629],[-102.175,39.458],[-102.172,39.282],[-102.2,39.094],[-102.274,38.885],[-102.412,38.673],[-102.506,38.609],[-102.583,38.587],[-103.087,38.604],[-103.255,38.595],[-103.536,38.507],[-104.171,38.368],[-104.259,38.326],[-104.494,38.266],[-104.693,38.172],[-104.832,38.076],[-104.935,37.951],[-105.016,37.953],[-105.046,37.972],[-105.081,38.069],[-105.052,38.152]]]}},{"type":"Feature","properties":{"density":3},"geometry":{"type":"Polygon","coordinates":[[[-111.866,35.019],[-111.756,35.194],[-111.662,35.267],[-111.487,35.247],[-111.425,35.205],[-111.419,35.171],[-111.458,35.145],[-111.62,35.117],[-111.67,35.088],[-111.757,35.013],[-111.822,34.927],[-111.85,34.93],[-111.883,34.962],[-111.866,35.019]]]}},{"type":"Feature","properties":{"density":3},"geometry":{"type":"Polygon","coordinates":[[[-108.608,33.393],[-108.132,33.966],[-107.902,34.187],[-107.702,34.317],[-107.627,34.326],[-107.564,34.311],[-107.467,34.227],[-107.439,34.161],[-107.441,34.119],[-107.502,33.983],[-107.474,33.887],[-107.37,33.861],[-107.136,33.913],[-107.099,33.894],[-107.085,33.85],[-107.107,33.784],[-107.278,33.613],[-107.377,33.545],[-107.651,33.431],[-107.742,33.413],[-108.356,33.375],[-108.509,33.332],[-108.672,33.253],[-108.693,33.266],[-108.693,33.288],[-108.608,33.393]]]}}]}