{"type":"FeatureCollection","features":[{"type":"Feature","properties":{"density":1},"geometry":{"type":"Polygon","coordinates":[[[-81.071,23.016],[-81.094,23.02],[-81.1,22.987],[-81.058,22.892],[-80.997,22.852],[-80.963,22.858],[-80.983,22.926],[-81.071,23.016]]]}},{"type":"Feature","properties":{"density":1},"geometry":{"type":"Polygon","coordinates":[[[-92.97,17.37],[-92.128,19.074],[-92.101,20.302],[-91.928,21.379],[-91.659,21.725],[-91.275,22.032],[-89.968,22.609],[-88.269,22.979],[-87.5,22.851],[-86.706,22.518],[-85.491,21.651],[-83.082,20.242],[-79.863,19.135],[-77.12,18.648],[-74.839,18.289],[-71.866,18.11],[-70.483,17.956],[-67.458,17.905],[-65.716,17.956],[-64.742,18.392],[-64.408,19.007],[-64.219,19.832],[-64.373,20.498],[-64.834,21.472],[-65.706,22.625],[-66.987,24.112],[-68.407,25.121],[-70.165,25.752],[-71.652,25.726],[-72.933,25.521],[-74.625,25.496],[-75.675,25.726],[-75.701,26.393],[-75.086,26.854],[-73.497,27.443],[-72.216,27.853],[-70.678,28.648],[-69.55,29.199],[-68.704,29.737],[-67.32,30.685],[-66.039,31.377],[-64.834,32.377],[-64.245,33.3],[-64.014,33.992],[-64.142,34.581],[-63.937,34.991],[-63.527,35.222],[-62.887,35.504],[-61.765,35.799],[-59.965,36.221],[-58.273,36.888],[-56.71,37.682],[-56.036,38.336],[-55.152,39.067],[-54.762,39.579],[-54.583,40.194],[-54.806,40.989],[-55.114,41.527],[-55.96,41.796],[-56.941,41.706],[-58.068,41.398],[-58.914,41.116],[-59.914,40.937],[-61.298,40.322],[-63.45,39.271],[-65.629,37.964],[-67.449,37.041],[-69.371,36.221],[-70.242,36.144],[-71.165,36.17],[-72.241,36.708],[-73.113,37.375],[-73.83,38.579],[-73.849,39.739],[-73.388,41.123],[-73.234,42.545],[-73.388,43.699],[-74.042,44.929],[-75.579,45.813],[-78.616,46.044],[-81.87,46.102],[-85.869,46.41],[-87.445,46.756],[-89.175,47.294],[-90.674,48.101],[-92.519,49.754],[-93.096,50.485],[-93.557,51.369],[-93.673,52.522],[-93.327,53.176],[-92.354,54.319],[-91.09,55.19],[-90.543,56.216],[-90.372,57.377],[-90.868,58.368],[-91.91,59.24],[-93.208,59.633],[-94.763,59.838],[-96.489,59.633],[-98.044,59.53],[-99.285,59.865],[-100.914,60.47],[-102.591,61.326],[-105.936,63.402],[-107.666,64.939],[-109.434,66.016],[-112.202,66.708],[-115.142,67.227],[-117.91,67.535],[-121.659,67.63],[-125.388,66.631],[-128.828,64.229],[-130.327,62.691],[-131.827,59.846],[-132.365,58.078],[-132.673,56.194],[-132.519,54.849],[-132.231,53.329],[-131.501,51.061],[-130.655,49.485],[-128.579,47.64],[-127.06,46.737],[-125.676,45.661],[-122.966,44.18],[-121.429,43.526],[-119.602,42.893],[-118.141,42.585],[-116.103,42.124],[-114.297,41.547],[-112.625,41.297],[-110.183,40.817],[-108.03,40.202],[-104.916,39.164],[-103.053,38.375],[-101.092,37.337],[-100.785,36.876],[-100.515,36.145],[-100.554,35.453],[-100.9,34.684],[-101.63,33.8],[-102.169,33.224],[-104.679,31.03],[-105.821,30.263],[-110.904,27.865],[-115.633,25.039],[-117.766,22.617],[-118.285,19.849],[-117.939,16.908],[-116.094,15.697],[-112.692,14.659],[-109.866,14.313],[-106.406,14.256],[-102.024,14.256],[-99.371,14.717],[-96.372,15.467],[-94.642,16.159],[-92.97,17.37]]]}},{"type":"Feature","properties":{"density":1},"geometry":{"type":"Polygon","coordinates":[[[-93.117,16.57],[-93.225,16.486],[-93.296,16.408],[-93.347,16.243],[-93.347,16.138],[-93.262,15.973],[-92.969,15.865],[-92.773,15.757],[-92.577,15.757],[-92.523,15.821],[-92.456,16.094],[-92.456,16.459],[-92.483,16.553],[-92.55,16.644],[-92.658,16.702],[-92.834,16.688],[-93.009,16.631],[-93.117,16.57]]]}},{"type":"Feature","properties":{"density":1},"geometry":{"type":"Polygon","coordinates":[[[-115.249,47.47],[-115.254,47.549],[-115.234,47.594],[-115.194,47.617],[-114.785,47.747],[-114.379,47.964],[-114.281,47.991],[-114.197,47.994],[-113.913,47.997],[-113.792,47.977],[-113.701,47.93],[-113.63,47.822],[-113.579,47.522],[-113.599,47.437],[-113.643,47.4],[-113.873,47.376],[-114.062,47.464],[-114.251,47.518],[-114.598,47.565],[-114.73,47.559],[-115.039,47.51],[-115.093,47.498],[-115.161,47.447],[-115.21,47.433],[-115.254,47.444],[-115.249,47.47]]]}},{"type":"Feature","properties":{"density":1},"geometry":{"type":"Polygon","coordinates":[[[-113.159,47.909],[-113.175,47.821],[-113.289,47.792],[-113.42,47.817],[-113.586,47.907],[-113.852,48.154],[-113.973,48.296],[-114.014,48.377],[-114.005,48.436],[-113.944,48.447],[-113.87,48.42],[-113.78,48.348],[-113.611,48.161],[-113.249,48.006],[-113.188,47.971],[-113.159,47.934],[-113.159,47.909]]]}},{"type":"Feature","properties":{"density":1},"geometry":{"type":"Polygon","coordinates":[[[-115.088,48.203],[-115.319,48.13],[-115.499,48.1],[-115.568,48.01],[-115.559,47.99],[-115.504,47.975],[-115.295,47.941],[-114.965,47.969],[-114.949,48.004],[-114.959,48.055],[-115.013,48.125],[-115.031,48.196],[-115.088,48.203]]]}},{"type":"Feature","properties":{"density":1},"geometry":{"type":"Polygon","coordinates":[[[-113.429,45.447],[-113.483,45.636],[-113.456,45.73],[-113.402,45.789],[-113.321,45.766],[-113.183,45.782],[-112.976,45.872],[-112.925,45.879],[-112.801,45.849],[-112.722,45.781],[-112.785,45.677],[-112.864,45.657],[-112.909,45.621],[-112.972,45.533],[-112.983,45.475],[-113.037,45.427],[-113.384,45.385],[-113.42,45.409],[-113.429,45.447]]]}},{"type":"Feature","properties":{"density":1},"geometry":{"type":"Polygon","coordinates":[[[-126.096,50.134],[-126.129,50.174],[-126.224,50.209],[-126.251,50.204],[-126.243,50.173],[-126.161,50.117],[-126.105,50.102],[-126.096,50.134]]]}},{"type":"Feature","properties":{"density":1},"geometry":{"type":"Polygon","coordinates":[[[-126.765,50.359],[-126.807,50.482],[-126.833,50.503],[-126.846,50.497],[-126.857,50.483],[-126.846,50.369],[-126.78,50.327],[-126.765,50.359]]]}},{"type":"Feature","properties":{"density":1},"geometry":{"type":"Polygon","coordinates":[[[-126.252,52.836],[-126.49,52.818],[-126.745,52.896],[-126.918,52.872],[-126.984,52.818],[-126.949,52.782],[-126.802,52.764],[-126.738,52.779],[-126.411,52.701],[-126.328,52.708],[-126.21,52.761],[-126.207,52.806],[-126.252,52.836]]]}},{"type":"Feature","properties":{"density":1},"geometry":{"type":"Polygon","coordinates":[[[-109.605,45.809],[-109.587,45.859],[-109.544,45.881],[-109.466,45.884],[-109.424,45.847],[-109.455,45.776],[-109.506,45.748],[-109.574,45.761],[-109.605,45.809]]]}},{"type":"Feature","properties":{"density":1},"geometry":{"type":"Polygon","coordinates":[[[-110.085,39.372],[-110.092,39.401],[-110.04,39.453],[-109.918,39.489],[-109.766,39.58],[-109.607,39.616],[-109.556,39.59],[-109.552,39.563],[-109.594,39.517],[-109.759,39.43],[-109.888,39.329],[-110.072,39.345],[-110.085,39.372]]]}},{"type":"Feature","properties":{"density":1},"geometry":{"type":"Polygon","coordinates":[[[-117.653,39.817],[-117.587,39.898],[-117.488,39.97],[-117.393,39.979],[-117.383,39.932],[-117.408,39.886],[-117.581,39.735],[-117.667,39.757],[-117.674,39.783],[-117.653,39.817]]]}},{"type":"Feature","properties":{"density":1},"geometry":{"type":"Polygon","coordinates":[[[-121.649,36.276],[-121.861,36.307],[-121.9,36.292],[-121.919,36.265],[-121.922,36.192],[-121.81,36.078],[-121.667,36.079],[-121.612,36.231],[-121.63,36.27],[-121.649,36.276]]]}},{"type":"Feature","properties":{"density":1},"geometry":{"type":"Polygon","coordinates":[[[-98.701,37.186],[-98.786,37.285],[-98.819,37.416],[-98.802,37.511],[-98.753,37.56],[-98.706,37.558],[-98.666,37.532],[-98.639,37.465],[-98.633,37.172],[-98.701,37.186]]]}},{"type":"Feature","properties":{"density":1},"geometry":{"type":"Polygon","coordinates":[[[-92.497,33.218],[-92.188,33.248],[-92.001,33.287],[-91.945,33.282],[-91.911,33.254],[-91.885,33.17],[-91.915,33.125],[-91.954,33.104],[-92.163,33.075],[-92.488,33.122],[-92.528,33.153],[-92.536,33.179],[-92.529,33.208],[-92.497,33.218]]]}},{"type":"Feature","properties":{"density":1},"geometry":{"type":"Polygon","coordinates":[[[-91.802,32.519],[-91.681,32.504],[-91.523,32.438],[-91.472,32.362],[-91.472,32.326],[-91.528,32.31],[-91.636,32.312],[-91.834,32.391],[-91.87,32.432],[-91.87,32.459],[-91.802,32.519]]]}},{"type":"Feature","properties":{"density":1},"geometry":{"type":"Polygon","coordinates":[[[-91.355,32.651],[-91.207,32.596],[-91.124,32.519],[-91.1,32.462],[-91.133,32.45],[-91.195,32.47],[-91.348,32.554],[-91.394,32.618],[-91.355,32.651]]]}},{"type":"Feature","properties":{"density":1},"geometry":{"type":"Polygon","coordinates":[[[-91.436,32.561],[-91.327,32.53],[-91.232,32.476],[-91.196,32.437],[-91.189,32.389],[-91.226,32.38],[-91.439,32.495],[-91.451,32.536],[-91.436,32.561]]]}},{"type":"Feature","properties":{"density":1},"geometry":{"type":"Polygon","coordinates":[[[-91.795,32.743],[-91.694,32.711],[-91.61,32.663],[-91.561,32.578],[-91.568,32.533],[-91.646,32.548],[-91.796,32.674],[-91.813,32.728],[-91.795,32.743]]]}},{"type":"Feature","properties":{"density":1},"geometry":{"type":"Polygon","coordinates":[[[-90.647,33.092],[-90.613,33.203],[-90.568,33.25],[-90.496,33.265],[-90.41,33.222],[-90.401,33.135],[-90.431,33.082],[-90.58,33.059],[-90.632,33.069],[-90.647,33.092]]]}},{"type":"Feature","properties":{"density":1},"geometry":{"type":"Polygon","coordinates":[[[-91.519,33.976],[-91.478,33.964],[-91.415,33.908],[-91.399,33.865],[-91.414,33.831],[-91.447,33.828],[-91.511,33.87],[-91.543,33.943],[-91.539,33.966],[-91.519,33.976]]]}},{"type":"Feature","properties":{"density":1},"geometry":{"type":"Polygon","coordinates":[[[-91.297,35.277],[-91.465,35.199],[-91.508,35.152],[-91.537,35.067],[-91.477,35.039],[-91.348,35.071],[-91.201,35.048],[-91.185,35.071],[-91.189,35.125],[-91.265,35.262],[-91.297,35.277]]]}},{"type":"Feature","properties":{"density":1},"geometry":{"type":"Polygon","coordinates":[[[-98.738,50.688],[-98.666,50.679],[-98.488,50.445],[-98.43,50.355],[-98.387,50.245],[-98.396,50.171],[-98.459,50.171],[-98.509,50.193],[-98.551,50.252],[-98.738,50.616],[-98.749,50.661],[-98.738,50.688]]]}},{"type":"Feature","properties":{"density":1},"geometry":{"type":"Polygon","coordinates":[[[-122.567,61.803],[-122.555,61.905],[-122.531,61.94],[-122.49,61.952],[-122.472,61.931],[-122.471,61.85],[-122.518,61.744],[-122.542,61.744],[-122.567,61.803]]]}},{"type":"Feature","properties":{"density":1},"geometry":{"type":"Polygon","coordinates":[[[-123.092,61.844],[-123.133,61.882],[-123.153,61.988],[-123.119,62.051],[-123.085,62.069],[-123.045,62.067],[-123.016,62.013],[-123.011,61.889],[-123.052,61.83],[-123.092,61.844]]]}},{"type":"Feature","properties":{"density":1},"geometry":{"type":"Polygon","coordinates":[[[-93.801,30.212],[-93.441,30.234],[-93.341,30.206],[-93.318,30.179],[-93.35,30.15],[-93.396,30.144],[-93.615,30.158],[-93.779,30.149],[-93.812,30.168],[-93.818,30.197],[-93.801,30.212]]]}},{"type":"Feature","properties":{"density":1},"geometry":{"type":"Polygon","coordinates":[[[-85.865,32.881],[-85.846,32.917],[-85.786,32.961],[-85.648,33.018],[-85.544,33.004],[-85.519,32.964],[-85.52,32.916],[-85.549,32.878],[-85.642,32.824],[-85.864,32.803],[-85.879,32.844],[-85.865,32.881]]]}},{"type":"Feature","properties":{"density":1},"geometry":{"type":"Polygon","coordinates":[[[-82.876,32.909],[-82.724,32.937],[-82.653,32.894],[-82.648,32.868],[-82.677,32.841],[-82.8,32.8],[-82.833,32.77],[-82.898,32.759],[-82.932,32.785],[-82.935,32.809],[-82.901,32.896],[-82.876,32.909]]]}},{"type":"Feature","properties":{"density":1},"geometry":{"type":"Polygon","coordinates":[[[-83.807,30.631],[-83.726,30.751],[-83.644,30.8],[-83.61,30.791],[-83.655,30.69],[-83.731,30.602],[-83.792,30.591],[-83.807,30.631]]]}},{"type":"Feature","properties":{"density":1},"geometry":{"type":"Polygon","coordinates":[[[-80.831,22.769],[-80.91,22.756],[-80.93,22.715],[-80.841,22.721],[-80.814,22.743],[-80.831,22.769]]]}},{"type":"Feature","properties":{"density":1},"geometry":{"type":"Polygon","coordinates":[[[-76.315,20.648],[-76.422,20.675],[-76.49,20.717],[-76.557,20.792],[-76.585,20.876],[-76.497,20.885],[-76.401,20.833],[-76.263,20.696],[-76.263,20.654],[-76.315,20.648]]]}},{"type":"Feature","properties":{"density":1},"geometry":{"type":"Polygon","coordinates":[[[-74.94,20.415],[-75.183,20.584],[-75.287,20.566],[-75.316,20.536],[-75.334,20.46],[-75.314,20.413],[-75.289,20.397],[-74.967,20.384],[-74.94,20.415]]]}},{"type":"Feature","properties":{"density":1},"geometry":{"type":"Polygon","coordinates":[[[-71.545,18.635],[-72.0,19.004],[-72.328,19.229],[-72.36,19.323],[-72.328,19.349],[-72.29,19.345],[-72.189,19.293],[-71.713,18.925],[-71.584,18.815],[-71.497,18.704],[-71.479,18.649],[-71.488,18.629],[-71.545,18.635]]]}},{"type":"Feature","properties":{"density":1},"geometry":{"type":"Polygon","coordinates":[[[-70.709,18.665],[-71.031,18.731],[-71.27,18.821],[-71.564,18.901],[-71.728,18.993],[-71.793,19.074],[-71.816,19.157],[-71.789,19.186],[-71.726,19.191],[-71.05,19.028],[-70.667,18.762],[-70.644,18.686],[-70.663,18.668],[-70.709,18.665]]]}},{"type":"Feature","properties":{"density":1},"geometry":{"type":"Polygon","coordinates":[[[-91.019,31.378],[-91.007,31.512],[-90.972,31.614],[-90.951,31.635],[-90.86,31.656],[-90.809,31.615],[-90.807,31.59],[-90.881,31.395],[-90.905,31.365],[-90.956,31.348],[-90.99,31.35],[-91.019,31.378]]]}},{"type":"Feature","properties":{"density":1},"geometry":{"type":"Polygon","coordinates":[[[-98.438,24.369],[-98.482,24.606],[-98.48,24.633],[-98.434,24.667],[-98.396,24.657],[-98.336,24.577],[-98.261,24.324],[-98.264,24.189],[-98.311,24.181],[-98.362,24.208],[-98.438,24.369]]]}},{"type":"Feature","properties":{"density":1},"geometry":{"type":"Polygon","coordinates":[[[-93.015,15.941],[-93.126,15.995],[-93.297,15.986],[-93.348,16.006],[-93.375,16.037],[-93.379,16.127],[-93.319,16.174],[-93.262,16.183],[-93.13,16.144],[-92.995,16.016],[-92.973,15.946],[-93.015,15.941]]]}},{"type":"Feature","properties":{"density":1},"geometry":{"type":"Polygon","coordinates":[[[-92.797,15.883],[-92.873,15.862],[-92.881,15.823],[-92.86,15.785],[-92.801,15.773],[-92.723,15.821],[-92.741,15.871],[-92.797,15.883]]]}},{"type":"Feature","properties":{"density":1},"geometry":{"type":"Polygon","coordinates":[[[-93.028,16.972],[-93.069,17.021],[-93.138,17.064],[-93.202,17.085],[-93.234,17.071],[-93.164,16.933],[-93.116,16.88],[-93.065,16.883],[-93.028,16.972]]]}},{"type":"Feature","properties":{"density":1},"geometry":{"type":"Polygon","coordinates":[[[-116.062,31.341],[-116.098,31.415],[-116.164,31.466],[-116.206,31.476],[-116.209,31.442],[-116.156,31.344],[-116.087,31.328],[-116.062,31.341]]]}},{"type":"Feature","properties":{"density":1},"geometry":{"type":"Polygon","coordinates":[[[-115.591,43.884],[-115.679,43.852],[-115.708,43.825],[-115.828,43.623],[-115.825,43.584],[-115.72,43.596],[-115.591,43.672],[-115.501,43.762],[-115.476,43.812],[-115.488,43.861],[-115.537,43.891],[-115.591,43.884]]]}},{"type":"Feature","properties":{"density":1},"geometry":{"type":"Polygon","coordinates":[[[-138.573,63.083],[-138.168,63.225],[-137.685,63.282],[-137.432,63.289],[-136.747,63.353],[-136.564,63.323],[-136.521,63.296],[-136.494,63.255],[-136.497,63.211],[-136.524,63.164],[-136.659,63.11],[-137.455,63.012],[-137.648,63.016],[-137.891,62.992],[-138.56,62.813],[-139.145,62.724],[-139.183,62.724],[-139.226,62.769],[-139.192,62.821],[-139.087,62.877],[-138.794,63.013],[-138.573,63.083]]]}},{"type":"Feature","properties":{"density":1},"geometry":{"type":"Polygon","coordinates":[[[-126.259,52.858],[-126.493,52.849],[-126.815,52.912],[-126.9,52.912],[-126.95,52.903],[-127.004,52.849],[-126.995,52.793],[-126.95,52.77],[-126.761,52.759],[-126.516,52.714],[-126.311,52.705],[-126.257,52.719],[-126.201,52.759],[-126.194,52.806],[-126.207,52.838],[-126.259,52.858]]]}},{"type":"Feature","properties":{"density":1},"geometry":{"type":"Polygon","coordinates":[[[-118.011,45.917],[-118.167,45.959],[-118.365,45.971],[-118.475,46.002],[-118.635,46.063],[-118.684,46.097],[-118.684,46.122],[-118.675,46.142],[-118.626,46.164],[-118.446,46.153],[-118.322,46.176],[-117.994,46.376],[-117.827,46.437],[-117.674,46.455],[-117.53,46.441],[-117.424,46.403],[-117.386,46.358],[-117.373,46.335],[-117.386,46.275],[-117.593,46.167],[-117.863,46.077],[-117.892,46.029],[-117.923,45.918],[-117.956,45.905],[-118.011,45.917]]]}},{"type":"Feature","properties":{"density":1},"geometry":{"type":"Polygon","coordinates":[[[-118.183,45.549],[-118.34,45.574],[-118.495,45.628],[-118.561,45.709],[-118.562,45.754],[-118.507,45.79],[-118.304,45.813],[-118.142,45.873],[-118.063,45.883],[-118.036,45.87],[-118.018,45.799],[-118.052,45.679],[-118.108,45.583],[-118.162,45.547],[-118.183,45.549]]]}},{"type":"Feature","properties":{"density":1},"geometry":{"type":"Polygon","coordinates":[[[-115.611,43.931],[-115.505,44.023],[-115.456,44.025],[-115.397,43.982],[-115.424,43.845],[-115.517,43.728],[-115.647,43.641],[-115.74,43.607],[-115.851,43.587],[-115.916,43.608],[-115.913,43.638],[-115.713,43.857],[-115.611,43.931]]]}},{"type":"Feature","properties":{"density":1},"geometry":{"type":"Polygon","coordinates":[[[-115.894,46.912],[-115.968,46.901],[-116.285,46.753],[-116.481,46.682],[-116.538,46.645],[-116.569,46.601],[-116.565,46.466],[-116.508,46.358],[-116.434,46.277],[-116.261,46.226],[-116.079,46.115],[-115.904,46.048],[-115.6,45.983],[-115.205,45.96],[-115.062,46.0],[-114.976,46.004],[-114.937,45.947],[-114.876,45.904],[-114.757,45.862],[-114.66,45.913],[-114.573,46.083],[-114.57,46.317],[-114.606,46.387],[-114.606,46.423],[-114.499,46.5],[-114.467,46.543],[-114.456,46.612],[-114.517,46.646],[-114.636,46.655],[-114.764,46.707],[-114.856,46.84],[-114.935,47.038],[-115.045,47.094],[-115.147,47.105],[-115.383,47.031],[-115.894,46.912]]]}},{"type":"Feature","properties":{"density":1},"geometry":{"type":"Polygon","coordinates":[[[-115.286,47.494],[-115.279,47.607],[-115.181,47.712],[-115.028,47.751],[-114.94,47.749],[-114.698,47.788],[-113.838,48.017],[-113.443,48.061],[-113.261,48.051],[-113.092,48.007],[-113.045,47.987],[-113.018,47.956],[-113.028,47.886],[-113.051,47.855],[-113.801,47.798],[-114.179,47.663],[-114.408,47.619],[-114.631,47.545],[-114.73,47.485],[-114.86,47.451],[-115.246,47.442],[-115.271,47.458],[-115.286,47.494]]]}},{"type":"Feature","properties":{"density":1},"geometry":{"type":"Polygon","coordinates":[[[-114.993,47.953],[-115.245,47.963],[-115.309,47.948],[-115.401,47.969],[-115.443,48.005],[-115.464,48.11],[-115.355,48.22],[-115.149,48.319],[-115.034,48.347],[-114.867,48.349],[-114.781,48.311],[-114.777,48.273],[-114.799,48.237],[-114.89,48.14],[-114.916,47.993],[-114.943,47.962],[-114.993,47.953]]]}},{"type":"Feature","properties":{"density":1},"geometry":{"type":"Polygon","coordinates":[[[-114.911,48.435],[-114.42,48.499],[-114.143,48.553],[-113.971,48.552],[-113.721,48.579],[-113.464,48.592],[-113.41,48.555],[-113.407,48.525],[-113.422,48.464],[-113.492,48.421],[-113.893,48.284],[-114.274,48.235],[-114.481,48.158],[-114.81,47.953],[-114.97,47.899],[-115.381,47.935],[-115.465,47.967],[-115.485,48.03],[-115.48,48.156],[-115.426,48.264],[-115.197,48.358],[-114.979,48.406],[-114.911,48.435]]]}},{"type":"Feature","properties":{"density":1},"geometry":{"type":"Polygon","coordinates":[[[-113.277,47.83],[-113.639,48.01],[-113.72,48.098],[-113.727,48.138],[-113.693,48.154],[-113.646,48.143],[-113.3,48.008],[-113.195,47.993],[-113.132,47.957],[-113.109,47.911],[-113.115,47.851],[-113.211,47.821],[-113.277,47.83]]]}},{"type":"Feature","properties":{"density":1},"geometry":{"type":"Polygon","coordinates":[[[-113.403,45.442],[-113.419,45.48],[-113.398,45.545],[-113.347,45.604],[-113.068,45.804],[-112.843,45.815],[-112.777,45.806],[-112.708,45.775],[-112.726,45.716],[-112.759,45.673],[-112.861,45.606],[-113.065,45.43],[-113.315,45.417],[-113.392,45.428],[-113.403,45.442]]]}},{"type":"Feature","properties":{"density":1},"geometry":{"type":"Polygon","coordinates":[[[-122.595,61.814],[-122.589,61.883],[-122.529,61.964],[-122.463,61.989],[-122.397,61.988],[-122.38,61.973],[-122.361,61.94],[-122.361,61.883],[-122.416,61.778],[-122.463,61.761],[-122.542,61.766],[-122.595,61.814]]]}},{"type":"Feature","properties":{"density":1},"geometry":{"type":"Polygon","coordinates":[[[-109.551,45.899],[-109.386,45.95],[-109.333,45.948],[-109.272,45.909],[-109.266,45.837],[-109.297,45.795],[-109.597,45.675],[-109.818,45.645],[-109.963,45.651],[-110.022,45.681],[-110.022,45.711],[-109.974,45.761],[-109.633,45.861],[-109.551,45.899]]]}},{"type":"Feature","properties":{"density":1},"geometry":{"type":"Polygon","coordinates":[[[-117.688,39.82],[-117.625,39.896],[-117.533,40.079],[-117.488,40.137],[-117.409,40.18],[-117.36,40.151],[-117.351,40.088],[-117.394,39.941],[-117.436,39.863],[-117.534,39.752],[-117.576,39.723],[-117.655,39.735],[-117.685,39.762],[-117.688,39.82]]]}},{"type":"Feature","properties":{"density":1},"geometry":{"type":"Polygon","coordinates":[[[-121.578,36.128],[-121.7,36.076],[-121.746,36.079],[-121.836,36.145],[-121.908,36.248],[-121.916,36.295],[-121.904,36.382],[-121.847,36.418],[-121.718,36.583],[-121.652,36.613],[-121.623,36.601],[-121.583,36.466],[-121.473,36.299],[-121.476,36.179],[-121.515,36.145],[-121.578,36.128]]]}},{"type":"Feature","properties":{"density":1},"geometry":{"type":"Polygon","coordinates":[[[-109.936,39.341],[-109.984,39.396],[-110.059,39.593],[-110.065,39.65],[-110.043,39.698],[-110.002,39.699],[-109.917,39.665],[-109.881,39.629],[-109.737,39.38],[-109.729,39.329],[-109.765,39.311],[-109.936,39.341]]]}},{"type":"Feature","properties":{"density":1},"geometry":{"type":"Polygon","coordinates":[[[-98.727,37.184],[-98.871,37.337],[-99.03,37.474],[-99.192,37.679],[-99.273,37.758],[-99.317,37.882],[-99.314,37.93],[-99.281,37.969],[-99.233,37.997],[-99.164,38.005],[-99.026,37.967],[-98.76,37.703],[-98.706,37.618],[-98.656,37.461],[-98.625,37.242],[-98.636,37.169],[-98.704,37.166],[-98.727,37.184]]]}},{"type":"Feature","properties":{"density":1},"geometry":{"type":"Polygon","coordinates":[[[-98.413,34.427],[-98.575,34.553],[-98.701,34.751],[-98.685,34.796],[-98.635,34.802],[-98.487,34.748],[-98.392,34.681],[-98.347,34.604],[-98.318,34.44],[-98.338,34.404],[-98.388,34.406],[-98.413,34.427]]]}},{"type":"Feature","properties":{"density":1},"geometry":{"type":"Polygon","coordinates":[[[-93.764,30.218],[-93.415,30.236],[-93.185,30.209],[-93.095,30.171],[-93.098,30.146],[-93.152,30.122],[-93.597,30.128],[-93.764,30.146],[-93.795,30.189],[-93.764,30.218]]]}},{"type":"Feature","properties":{"density":1},"geometry":{"type":"Polygon","coordinates":[[[-91.326,35.273],[-91.542,35.124],[-91.644,34.973],[-91.662,34.879],[-91.657,34.798],[-91.612,34.728],[-91.547,34.685],[-91.432,34.681],[-91.353,34.769],[-91.317,34.996],[-91.261,35.201],[-91.261,35.246],[-91.279,35.266],[-91.297,35.279],[-91.326,35.273]]]}},{"type":"Feature","properties":{"density":1},"geometry":{"type":"Polygon","coordinates":[[[-90.988,32.932],[-90.846,32.819],[-90.674,32.717],[-90.649,32.639],[-90.686,32.597],[-90.767,32.601],[-90.892,32.682],[-91.012,32.837],[-91.039,32.897],[-91.039,32.934],[-90.988,32.932]]]}},{"type":"Feature","properties":{"density":1},"geometry":{"type":"Polygon","coordinates":[[[-91.74,32.663],[-91.331,32.615],[-91.199,32.624],[-91.038,32.591],[-90.873,32.495],[-90.827,32.435],[-90.812,32.381],[-90.819,32.345],[-90.911,32.282],[-91.109,32.227],[-91.443,32.237],[-91.646,32.288],[-91.869,32.387],[-91.895,32.422],[-91.841,32.545],[-91.823,32.632],[-91.784,32.662],[-91.74,32.663]]]}},{"type":"Feature","properties":{"density":1},"geometry":{"type":"Polygon","coordinates":[[[-85.89,32.812],[-85.77,32.959],[-85.649,33.037],[-85.358,33.151],[-85.253,33.155],[-85.206,33.134],[-85.196,33.112],[-85.202,33.043],[-85.25,32.965],[-85.25,32.819],[-85.28,32.782],[-85.341,32.761],[-85.449,32.755],[-85.631,32.788],[-85.866,32.794],[-85.89,32.812]]]}},{"type":"Feature","properties":{"density":1},"geometry":{"type":"Polygon","coordinates":[[[-82.882,32.821],[-82.924,32.938],[-82.9,32.998],[-82.73,33.05],[-82.513,33.091],[-82.433,33.1],[-82.391,33.065],[-82.403,32.989],[-82.667,32.817],[-82.817,32.791],[-82.882,32.821]]]}},{"type":"Feature","properties":{"density":1},"geometry":{"type":"Polygon","coordinates":[[[-84.109,30.19],[-84.058,30.34],[-84.022,30.398],[-83.913,30.47],[-83.797,30.505],[-83.754,30.502],[-83.733,30.436],[-83.733,30.358],[-83.854,30.238],[-83.914,30.203],[-84.052,30.16],[-84.106,30.164],[-84.109,30.19]]]}},{"type":"Feature","properties":{"density":1},"geometry":{"type":"Polygon","coordinates":[[[-79.978,22.824],[-80.137,22.715],[-80.161,22.664],[-80.128,22.662],[-80.041,22.715],[-79.941,22.82],[-79.957,22.833],[-79.978,22.824]]]}},{"type":"Feature","properties":{"density":1},"geometry":{"type":"Polygon","coordinates":[[[-80.869,22.783],[-80.934,22.742],[-80.983,22.636],[-80.983,22.564],[-80.94,22.501],[-80.874,22.585],[-80.799,22.745],[-80.806,22.777],[-80.869,22.783]]]}},{"type":"Feature","properties":{"density":1},"geometry":{"type":"Polygon","coordinates":[[[-70.697,18.641],[-70.808,18.647],[-71.184,18.788],[-71.495,18.968],[-71.562,19.035],[-71.569,19.074],[-71.497,19.148],[-71.448,19.175],[-71.31,19.195],[-71.202,19.173],[-71.067,19.121],[-70.804,18.897],[-70.698,18.837],[-70.657,18.795],[-70.626,18.73],[-70.632,18.685],[-70.697,18.641]]]}},{"type":"Feature","properties":{"density":1},"geometry":{"type":"Polygon","coordinates":[[[-71.537,18.618],[-71.65,18.644],[-71.752,18.694],[-71.775,18.739],[-71.768,18.765],[-71.65,18.793],[-71.584,18.769],[-71.505,18.661],[-71.513,18.627],[-71.537,18.618]]]}},{"type":"Feature","properties":{"density":1},"geometry":{"type":"Polygon","coordinates":[[[-71.588,18.107],[-71.959,18.156],[-72.194,18.162],[-72.402,18.156],[-72.439,18.141],[-72.453,18.11],[-72.418,18.063],[-72.309,18.023],[-71.944,18.011],[-71.754,18.014],[-71.586,18.045],[-71.569,18.074],[-71.588,18.107]]]}},{"type":"Feature","properties":{"density":1},"geometry":{"type":"Polygon","coordinates":[[[-98.391,24.281],[-98.457,24.372],[-98.481,24.434],[-98.566,24.759],[-98.563,24.977],[-98.534,25.047],[-98.48,25.08],[-98.437,25.058],[-98.415,25.02],[-98.352,24.801],[-98.262,24.293],[-98.256,24.23],[-98.269,24.191],[-98.343,24.207],[-98.391,24.281]]]}},{"type":"Feature","properties":{"density":1},"geometry":{"type":"Polygon","coordinates":[[[-98.976,24.497],[-99.057,24.635],[-99.054,24.707],[-99.019,24.734],[-98.998,24.732],[-98.964,24.695],[-98.916,24.542],[-98.922,24.483],[-98.976,24.497]]]}},{"type":"Feature","properties":{"density":1},"geometry":{"type":"Polygon","coordinates":[[[-113.297,47.849],[-113.325,47.904],[-113.299,47.931],[-113.095,47.991],[-112.985,47.995],[-112.873,47.967],[-112.84,47.923],[-112.807,47.817],[-112.828,47.788],[-112.895,47.781],[-113.297,47.849]]]}},{"type":"Feature","properties":{"density":1},"geometry":{"type":"Polygon","coordinates":[[[-115.118,45.984],[-115.248,45.978],[-116.0,46.086],[-116.036,46.115],[-116.074,46.268],[-116.074,46.376],[-116.02,46.497],[-116.018,46.565],[-116.043,46.644],[-116.029,46.68],[-115.912,46.713],[-115.827,46.713],[-115.615,46.752],[-115.516,46.799],[-115.408,46.891],[-115.089,47.089],[-114.94,46.959],[-114.855,46.659],[-114.848,46.497],[-114.855,46.443],[-114.924,46.263],[-114.945,46.146],[-114.985,46.081],[-115.118,45.984]]]}},{"type":"Feature","properties":{"density":1},"geometry":{"type":"Polygon","coordinates":[[[-115.243,47.474],[-115.043,47.713],[-114.84,47.843],[-114.624,47.915],[-114.254,47.971],[-113.804,47.996],[-113.609,47.971],[-113.503,47.935],[-113.483,47.906],[-113.501,47.85],[-113.591,47.805],[-114.711,47.623],[-114.936,47.56],[-115.195,47.452],[-115.242,47.447],[-115.243,47.474]]]}},{"type":"Feature","properties":{"density":1},"geometry":{"type":"Polygon","coordinates":[[[-113.294,47.909],[-113.285,47.924],[-113.175,47.961],[-112.994,47.976],[-112.853,47.949],[-112.839,47.913],[-112.856,47.87],[-112.949,47.846],[-113.145,47.864],[-113.265,47.847],[-113.285,47.865],[-113.294,47.909]]]}},{"type":"Feature","properties":{"density":1},"geometry":{"type":"Polygon","coordinates":[[[-112.146,41.833],[-112.205,41.824],[-112.243,41.782],[-112.259,41.674],[-112.234,41.572],[-112.184,41.509],[-112.142,41.491],[-111.989,41.48],[-111.968,41.498],[-111.966,41.543],[-112.034,41.617],[-112.099,41.797],[-112.146,41.833]]]}},{"type":"Feature","properties":{"density":1},"geometry":{"type":"Polygon","coordinates":[[[-109.964,39.362],[-109.981,39.428],[-109.977,39.521],[-109.907,39.598],[-109.843,39.629],[-109.792,39.621],[-109.759,39.519],[-109.786,39.432],[-109.878,39.342],[-109.944,39.342],[-109.964,39.362]]]}},{"type":"Feature","properties":{"density":1},"geometry":{"type":"Polygon","coordinates":[[[-121.829,36.471],[-121.766,36.784],[-121.653,37.016],[-121.603,37.252],[-121.518,37.367],[-121.462,37.414],[-121.39,37.407],[-121.365,37.389],[-121.34,37.322],[-121.331,37.144],[-121.41,36.716],[-121.41,36.289],[-121.426,36.212],[-121.457,36.174],[-121.527,36.145],[-121.653,36.154],[-121.763,36.201],[-121.824,36.273],[-121.844,36.345],[-121.851,36.381],[-121.829,36.471]]]}},{"type":"Feature","properties":{"density":1},"geometry":{"type":"Polygon","coordinates":[[[-126.511,50.021],[-126.584,50.115],[-126.598,50.339],[-126.571,50.379],[-126.5,50.315],[-126.442,50.099],[-126.448,50.016],[-126.48,50.003],[-126.511,50.021]]]}},{"type":"Feature","properties":{"density":1},"geometry":{"type":"Polygon","coordinates":[[[-125.819,49.922],[-125.791,50.138],[-125.755,50.271],[-125.738,50.3],[-125.71,50.31],[-125.671,50.228],[-125.684,50.006],[-125.741,49.907],[-125.791,49.902],[-125.819,49.922]]]}},{"type":"Feature","properties":{"density":1},"geometry":{"type":"Polygon","coordinates":[[[-126.828,50.336],[-126.868,50.369],[-126.901,50.435],[-126.897,50.489],[-126.874,50.507],[-126.828,50.501],[-126.763,50.409],[-126.754,50.364],[-126.769,50.343],[-126.828,50.336]]]}},{"type":"Feature","properties":{"density":1},"geometry":{"type":"Polygon","coordinates":[[[-125.962,49.911],[-125.97,50.046],[-125.944,50.098],[-125.904,50.101],[-125.88,50.047],[-125.89,49.933],[-125.928,49.9],[-125.962,49.911]]]}},{"type":"Feature","properties":{"density":1},"geometry":{"type":"Polygon","coordinates":[[[-126.172,50.142],[-126.05,50.687],[-126.025,50.729],[-125.986,50.742],[-125.959,50.723],[-125.936,50.666],[-125.921,50.525],[-125.888,50.411],[-125.894,50.342],[-126.048,50.126],[-126.129,50.091],[-126.172,50.142]]]}},{"type":"Feature","properties":{"density":1},"geometry":{"type":"Polygon","coordinates":[[[-81.055,22.881],[-80.839,22.912],[-80.807,22.892],[-80.789,22.815],[-80.868,22.658],[-80.985,22.532],[-81.115,22.485],[-81.167,22.494],[-81.23,22.53],[-81.241,22.599],[-81.149,22.773],[-81.055,22.881]]]}},{"type":"Feature","properties":{"density":1},"geometry":{"type":"Polygon","coordinates":[[[-79.968,22.838],[-80.218,22.706],[-80.262,22.589],[-80.247,22.537],[-80.211,22.537],[-80.137,22.588],[-80.079,22.669],[-79.936,22.808],[-79.941,22.831],[-79.968,22.838]]]}},{"type":"Feature","properties":{"density":1},"geometry":{"type":"Polygon","coordinates":[[[-79.809,22.719],[-79.91,22.665],[-79.962,22.549],[-79.928,22.55],[-79.802,22.655],[-79.781,22.7],[-79.809,22.719]]]}},{"type":"Feature","properties":{"density":1},"geometry":{"type":"Polygon","coordinates":[[[-75.976,20.013],[-76.07,20.046],[-76.169,20.181],[-76.199,20.253],[-76.193,20.355],[-76.123,20.344],[-75.958,20.155],[-75.922,20.043],[-75.932,20.013],[-75.953,20.002],[-75.976,20.013]]]}},{"type":"Feature","properties":{"density":1},"geometry":{"type":"Polygon","coordinates":[[[-71.495,18.668],[-71.582,18.737],[-71.782,18.851],[-71.896,18.867],[-71.924,18.824],[-71.914,18.596],[-71.887,18.51],[-71.855,18.49],[-71.763,18.474],[-71.61,18.49],[-71.496,18.581],[-71.483,18.633],[-71.495,18.668]]]}},{"type":"Feature","properties":{"density":1},"geometry":{"type":"Polygon","coordinates":[[[-70.817,18.565],[-70.965,18.565],[-71.04,18.583],[-71.492,18.749],[-71.78,18.785],[-71.953,18.85],[-72.032,19.025],[-72.043,19.154],[-72.168,19.41],[-72.3,19.491],[-72.506,19.747],[-72.752,20.014],[-72.823,20.189],[-72.826,20.25],[-72.792,20.311],[-72.735,20.351],[-72.6,20.375],[-72.455,20.378],[-72.067,20.297],[-71.861,20.189],[-71.618,19.97],[-71.415,19.757],[-71.152,19.253],[-70.977,18.993],[-70.875,18.895],[-70.637,18.755],[-70.623,18.692],[-70.653,18.636],[-70.707,18.591],[-70.817,18.565]]]}},{"type":"Feature","properties":{"density":1},"geometry":{"type":"Polygon","coordinates":[[[-69.845,19.151],[-69.929,19.174],[-70.0,19.169],[-70.139,19.118],[-70.199,19.075],[-70.228,18.992],[-70.165,18.977],[-69.902,19.058],[-69.827,19.127],[-69.83,19.15],[-69.845,19.151]]]}},{"type":"Feature","properties":{"density":1},"geometry":{"type":"Polygon","coordinates":[[[-71.599,18.161],[-71.709,18.127],[-71.842,18.12],[-72.094,18.147],[-72.341,18.194],[-73.001,18.248],[-73.273,18.21],[-73.325,18.14],[-73.318,18.084],[-73.219,17.985],[-72.854,17.861],[-72.265,17.717],[-72.141,17.702],[-72.031,17.722],[-71.734,17.823],[-71.52,17.978],[-71.498,18.021],[-71.495,18.08],[-71.518,18.12],[-71.599,18.161]]]}},{"type":"Feature","properties":{"density":1},"geometry":{"type":"Polygon","coordinates":[[[-98.991,24.486],[-99.434,25.104],[-99.457,25.205],[-99.417,25.229],[-99.315,25.242],[-99.147,25.121],[-99.096,25.057],[-99.059,24.979],[-99.008,24.756],[-98.917,24.533],[-98.919,24.485],[-98.958,24.47],[-98.991,24.486]]]}},{"type":"Feature","properties":{"density":1},"geometry":{"type":"Polygon","coordinates":[[[-98.379,24.17],[-98.476,24.231],[-98.53,24.287],[-98.894,24.991],[-98.999,25.17],[-99.171,25.383],[-99.232,25.507],[-99.259,25.693],[-99.212,25.896],[-99.127,26.01],[-98.989,26.128],[-98.871,26.101],[-98.786,26.027],[-98.702,25.923],[-98.601,25.707],[-98.445,25.433],[-98.324,25.096],[-98.256,24.809],[-98.229,24.303],[-98.233,24.245],[-98.28,24.178],[-98.379,24.17]]]}},{"type":"Feature","properties":{"density":1},"geometry":{"type":"Polygon","coordinates":[[[-127.506,66.009],[-127.275,67.047],[-126.353,67.931],[-125.353,68.431],[-124.2,68.738],[-122.547,68.892],[-116.761,68.392],[-115.204,68.046],[-112.782,67.181],[-110.995,65.97],[-109.553,65.163],[-108.919,64.183],[-107.938,62.337],[-107.246,61.703],[-106.266,59.493],[-106.112,59.185],[-105.997,58.647],[-105.651,57.801],[-105.228,57.493],[-104.305,57.263],[-102.883,57.032],[-101.422,57.071],[-99.385,57.57],[-97.962,58.032],[-94.195,58.724],[-93.195,59.031],[-91.389,59.377],[-87.583,59.108],[-86.66,58.608],[-85.699,57.878],[-85.391,57.455],[-85.084,56.571],[-85.161,56.033],[-85.737,55.225],[-86.468,54.649],[-87.583,53.688],[-88.275,52.996],[-89.543,51.65],[-90.081,50.997],[-90.504,50.42],[-90.889,49.766],[-91.081,49.113],[-91.081,48.113],[-90.966,47.537],[-90.504,46.883],[-90.005,46.383],[-89.428,45.73],[-88.697,45.461],[-87.583,44.769],[-86.314,44.461],[-84.968,44.269],[-82.354,44.615],[-80.663,44.961],[-76.722,46.499],[-75.396,46.96],[-74.358,47.71],[-73.089,48.517],[-71.187,49.843],[-69.745,50.824],[-67.035,52.726],[-64.44,54.456],[-61.845,56.532],[-60.749,57.282],[-59.077,57.916],[-56.886,58.32],[-54.983,58.435],[-53.08,58.262],[-50.312,57.34],[-49.043,56.59],[-47.083,55.033],[-46.275,53.534],[-45.814,52.092],[-45.18,50.362],[-44.43,48.805],[-43.277,46.672],[-42.815,45.461],[-42.354,44.019],[-42.239,42.808],[-42.815,41.424],[-43.68,40.501],[-45.814,39.002],[-51.984,37.849],[-52.964,37.215],[-55.559,36.465],[-58.039,35.542],[-60.634,34.62],[-63.632,33.466],[-65.997,32.947],[-68.303,32.601],[-71.631,30.837],[-72.592,30.53],[-73.668,30.337],[-75.014,29.915],[-76.09,29.607],[-77.359,29.146],[-79.204,28.608],[-80.434,28.377],[-85.231,28.368],[-86.115,28.561],[-88.038,28.945],[-89.951,28.377],[-90.207,28.086],[-90.686,27.659],[-91.096,27.044],[-91.535,26.548],[-91.587,26.035],[-91.305,25.753],[-90.485,25.83],[-89.459,25.779],[-87.922,25.805],[-85.794,25.266],[-84.359,24.292],[-83.924,22.909],[-84.616,21.935],[-87.409,21.55],[-90.587,21.345],[-91.715,21.14],[-92.33,20.756],[-92.535,20.115],[-92.56,19.577],[-92.56,19.218],[-92.548,18.911],[-92.48,18.689],[-92.429,18.313],[-92.463,17.647],[-92.215,15.588],[-92.215,14.691],[-92.343,13.973],[-92.599,13.563],[-93.035,13.384],[-93.702,13.461],[-94.291,13.794],[-95.291,14.589],[-96.495,14.999],[-97.751,15.101],[-98.622,14.947],[-99.442,14.947],[-100.621,15.204],[-101.723,15.819],[-103.005,16.69],[-104.44,17.972],[-105.465,18.33],[-107.9,18.92],[-108.413,18.74],[-108.899,18.664],[-110.002,18.638],[-110.463,18.92],[-110.694,19.381],[-110.745,20.073],[-110.36,20.945],[-110.104,21.355],[-109.72,21.842],[-109.181,23.584],[-108.797,24.148],[-108.054,24.507],[-107.336,24.738],[-106.439,24.763],[-105.619,24.661],[-105.055,24.071],[-104.132,22.79],[-103.312,22.175],[-102.851,21.483],[-102.364,21.021],[-101.672,20.688],[-100.955,20.714],[-100.186,21.124],[-99.366,21.79],[-99.16,22.508],[-99.468,23.533],[-99.981,24.43],[-101.057,25.583],[-101.39,26.198],[-101.358,29.191],[-100.724,30.286],[-100.493,31.151],[-100.378,32.535],[-100.609,34.611],[-100.666,35.88],[-101.416,39.051],[-102.223,40.032],[-103.376,40.781],[-107.407,42.838],[-108.714,42.992],[-113.25,43.607],[-113.904,43.53],[-115.057,43.261],[-116.337,42.636],[-116.952,42.55],[-117.601,42.414],[-118.028,42.294],[-119.933,42.567],[-120.882,43.029],[-121.702,43.362],[-122.522,43.9],[-123.342,44.695],[-124.512,46.566],[-125.452,47.642],[-126.119,48.325],[-127.121,49.607],[-127.48,49.829],[-127.804,50.188],[-128.044,50.632],[-128.146,50.957],[-128.402,52.511],[-128.325,52.998],[-128.069,53.537],[-127.864,53.819],[-127.223,54.229],[-126.301,55.126],[-125.942,55.689],[-125.519,57.65],[-125.429,58.355],[-125.891,59.278],[-126.198,60.008],[-126.621,61.392],[-127.505,65.121],[-127.506,66.009]]]}},{"type":"Feature","properties":{"density":1},"geometry":{"type":"Polygon","coordinates":[[[-123.65,41.508],[-123.616,41.65],[-123.535,41.755],[-123.394,41.849],[-123.319,41.866],[-123.259,41.859],[-123.178,41.785],[-123.13,41.677],[-123.103,41.448],[-123.11,41.323],[-123.144,41.259],[-123.215,41.208],[-123.404,41.137],[-123.508,41.08],[-123.583,41.07],[-123.657,41.147],[-123.687,41.242],[-123.687,41.387],[-123.65,41.508]]]}},{"type":"Feature","properties":{"density":1},"geometry":{"type":"Polygon","coordinates":[[[-92.477,33.235],[-92.358,33.145],[-92.216,32.914],[-92.185,32.808],[-92.187,32.758],[-92.221,32.731],[-92.282,32.731],[-92.383,32.776],[-92.486,32.869],[-92.561,33.067],[-92.567,33.172],[-92.549,33.224],[-92.477,33.235]]]}},{"type":"Feature","properties":{"density":1},"geometry":{"type":"Polygon","coordinates":[[[-85.702,33.017],[-85.648,33.03],[-85.28,33.24],[-84.949,33.358],[-84.858,33.368],[-84.77,33.354],[-84.706,33.317],[-84.649,33.209],[-84.655,33.01],[-84.689,32.882],[-84.804,32.754],[-84.932,32.669],[-85.04,32.639],[-85.172,32.619],[-85.725,32.757],[-85.816,32.764],[-85.877,32.791],[-85.891,32.828],[-85.874,32.855],[-85.702,33.017]]]}},{"type":"Feature","properties":{"density":1},"geometry":{"type":"Polygon","coordinates":[[[-99.129,37.767],[-99.389,37.769],[-99.6,37.868],[-99.691,37.888],[-99.949,38.02],[-100.064,38.032],[-100.121,38.057],[-100.235,38.138],[-100.267,38.208],[-100.251,38.284],[-100.15,38.39],[-100.031,38.417],[-99.711,38.319],[-99.519,38.232],[-99.281,38.091],[-99.154,37.989],[-99.073,37.853],[-99.073,37.772],[-99.129,37.767]]]}},{"type":"Feature","properties":{"density":1},"geometry":{"type":"Polygon","coordinates":[[[-98.236,37.9],[-98.566,38.052],[-98.627,38.099],[-98.826,38.18],[-98.843,38.211],[-98.833,38.265],[-98.809,38.298],[-98.766,38.312],[-98.624,38.288],[-98.435,38.238],[-98.212,38.13],[-98.141,38.015],[-98.121,37.907],[-98.161,37.893],[-98.236,37.9]]]}},{"type":"Feature","properties":{"density":1},"geometry":{"type":"Polygon","coordinates":[[[-97.879,37.043],[-97.872,37.106],[-97.785,37.277],[-97.67,37.376],[-97.562,37.41],[-97.533,37.374],[-97.506,37.27],[-97.512,37.167],[-97.544,36.908],[-97.605,36.8],[-97.665,36.771],[-97.733,36.768],[-97.803,36.786],[-97.854,36.82],[-97.893,36.91],[-97.902,36.998],[-97.879,37.043]]]}},{"type":"Feature","properties":{"density":1},"geometry":{"type":"Polygon","coordinates":[[[-98.223,37.191],[-98.187,37.322],[-98.016,37.466],[-97.857,37.529],[-97.796,37.486],[-97.785,37.43],[-97.812,37.317],[-97.877,37.205],[-97.989,37.09],[-98.091,37.092],[-98.217,37.167],[-98.223,37.191]]]}},{"type":"Feature","properties":{"density":1},"geometry":{"type":"Polygon","coordinates":[[[-98.445,35.282],[-98.553,35.566],[-98.577,35.677],[-98.687,35.831],[-98.707,35.881],[-98.717,36.028],[-98.687,36.114],[-98.601,36.195],[-98.297,36.307],[-98.125,36.322],[-97.826,36.215],[-97.644,36.119],[-97.517,35.957],[-97.461,35.77],[-97.458,35.453],[-97.495,35.341],[-97.62,35.162],[-97.677,35.108],[-97.752,35.085],[-97.954,35.085],[-98.336,35.176],[-98.445,35.282]]]}},{"type":"Feature","properties":{"density":2},"geometry":{"type":"Polygon","coordinates":[[[-99.042,24.27],[-99.096,24.243],[-99.108,24.18],[-98.935,23.913],[-98.883,23.865],[-98.851,23.86],[-98.838,23.908],[-98.928,24.111],[-98.995,24.247],[-99.042,24.27]]]}},{"type":"Feature","properties":{"density":2},"geometry":{"type":"Polygon","coordinates":[[[-98.466,24.618],[-98.49,24.603],[-98.49,24.546],[-98.423,24.337],[-98.355,24.236],[-98.306,24.213],[-98.292,24.236],[-98.387,24.569],[-98.421,24.618],[-98.466,24.618]]]}},{"type":"Feature","properties":{"density":2},"geometry":{"type":"Polygon","coordinates":[[[-93.203,16.181],[-93.215,16.131],[-93.137,16.02],[-93.071,15.965],[-93.005,15.933],[-92.99,15.941],[-92.999,15.993],[-93.083,16.092],[-93.161,16.172],[-93.203,16.181]]]}},{"type":"Feature","properties":{"density":2},"geometry":{"type":"Polygon","coordinates":[[[-92.674,15.987],[-92.783,15.884],[-92.798,15.815],[-92.779,15.799],[-92.714,15.81],[-92.635,15.908],[-92.63,15.968],[-92.674,15.987]]]}},{"type":"Feature","properties":{"density":2},"geometry":{"type":"Polygon","coordinates":[[[-76.977,21.196],[-77.01,21.193],[-77.034,21.145],[-76.986,21.102],[-76.675,21.088],[-76.69,21.113],[-76.759,21.147],[-76.977,21.196]]]}},{"type":"Feature","properties":{"density":2},"geometry":{"type":"Polygon","coordinates":[[[-76.52,20.838],[-76.594,20.827],[-76.613,20.815],[-76.616,20.79],[-76.466,20.718],[-76.353,20.633],[-76.315,20.629],[-76.267,20.662],[-76.279,20.751],[-76.315,20.79],[-76.408,20.837],[-76.52,20.838]]]}},{"type":"Feature","properties":{"density":2},"geometry":{"type":"Polygon","coordinates":[[[-72.089,19.186],[-72.154,19.227],[-72.17,19.204],[-72.161,19.164],[-72.023,18.97],[-71.893,18.855],[-71.825,18.833],[-71.67,18.741],[-71.553,18.626],[-71.508,18.615],[-71.49,18.635],[-71.501,18.671],[-71.612,18.801],[-71.787,18.966],[-72.089,19.186]]]}},{"type":"Feature","properties":{"density":2},"geometry":{"type":"Polygon","coordinates":[[[-71.792,19.218],[-71.792,19.125],[-71.756,19.065],[-71.58,18.889],[-71.355,18.799],[-71.175,18.75],[-70.973,18.723],[-70.759,18.655],[-70.685,18.678],[-70.694,18.718],[-70.739,18.747],[-70.91,18.824],[-71.193,18.921],[-71.389,19.024],[-71.69,19.215],[-71.762,19.236],[-71.792,19.218]]]}},{"type":"Feature","properties":{"density":2},"geometry":{"type":"Polygon","coordinates":[[[-90.768,31.64],[-90.808,31.608],[-90.858,31.514],[-90.986,31.408],[-90.984,31.343],[-90.934,31.325],[-90.833,31.349],[-90.736,31.457],[-90.705,31.511],[-90.694,31.615],[-90.705,31.637],[-90.768,31.64]]]}},{"type":"Feature","properties":{"density":2},"geometry":{"type":"Polygon","coordinates":[[[-92.526,33.232],[-92.555,33.22],[-92.551,33.193],[-92.517,33.157],[-92.243,33.121],[-92.166,33.137],[-92.069,33.191],[-92.038,33.236],[-92.031,33.286],[-92.049,33.331],[-92.085,33.358],[-92.15,33.367],[-92.391,33.261],[-92.526,33.232]]]}},{"type":"Feature","properties":{"density":2},"geometry":{"type":"Polygon","coordinates":[[[-98.74,50.702],[-98.767,50.618],[-98.692,50.452],[-98.517,50.236],[-98.466,50.213],[-98.422,50.226],[-98.389,50.256],[-98.385,50.334],[-98.432,50.466],[-98.544,50.618],[-98.588,50.655],[-98.669,50.699],[-98.74,50.702]]]}},{"type":"Feature","properties":{"density":2},"geometry":{"type":"Polygon","coordinates":[[[-114.144,52.891],[-114.76,52.853],[-115.221,52.276],[-115.644,51.93],[-116.605,51.738],[-117.681,51.93],[-118.758,52.238],[-119.834,52.392],[-121.075,52.627],[-121.743,52.789],[-122.837,52.992],[-123.388,53.078],[-123.991,53.123],[-125.677,53.237],[-126.408,53.199],[-127.061,52.699],[-127.177,52.469],[-127.1,52.007],[-126.562,51.623],[-126.216,51.469],[-125.601,51.392],[-124.909,51.469],[-124.217,51.507],[-123.525,51.161],[-123.063,50.854],[-122.756,50.316],[-122.944,49.815],[-123.576,49.354],[-123.85,48.807],[-123.833,48.175],[-123.474,47.56],[-123.03,46.996],[-122.503,46.491],[-121.756,46.202],[-120.976,46.069],[-120.142,46.241],[-119.272,46.739],[-118.45,46.971],[-116.566,47.394],[-116.105,47.663],[-115.221,47.971],[-114.375,48.163],[-111.915,48.278],[-111.146,48.278],[-110.454,48.086],[-110.223,47.663],[-110.454,47.356],[-113.529,47.125],[-114.644,47.163],[-115.405,47.067],[-115.891,46.936],[-116.061,46.764],[-116.144,46.521],[-116.109,46.278],[-115.932,45.959],[-115.587,45.787],[-114.747,45.655],[-113.914,45.703],[-112.631,45.822],[-111.3,45.818],[-110.121,45.638],[-109.557,45.151],[-109.044,44.562],[-108.916,44.126],[-108.506,43.665],[-107.763,43.614],[-107.481,44.024],[-107.801,44.536],[-107.814,44.895],[-107.532,45.126],[-106.571,45.126],[-105.379,44.972],[-103.957,44.242],[-103.019,43.337],[-102.199,42.141],[-101.874,41.03],[-102.011,39.954],[-101.549,39.407],[-100.714,39.072],[-99.943,39.014],[-98.73,38.98],[-97.883,38.936],[-96.845,38.514],[-95.845,37.783],[-94.923,37.322],[-93.731,37.168],[-91.759,37.083],[-90.771,37.245],[-89.35,37.818],[-86.77,39.151],[-85.762,39.151],[-85.197,39.321],[-84.566,39.715],[-83.917,40.364],[-82.967,40.859],[-80.961,41.304],[-79.884,41.816],[-78.688,42.414],[-77.373,42.893],[-76.16,43.166],[-75.579,43.371],[-75.124,43.973],[-75.317,44.472],[-76.262,44.618],[-77.185,44.55],[-78.019,44.733],[-78.815,44.78],[-79.423,44.516],[-80.021,43.935],[-80.739,43.713],[-81.217,43.73],[-81.61,44.106],[-82.236,44.472],[-82.813,44.78],[-84.005,45.087],[-86.081,45.395],[-87.657,45.395],[-89.31,45.087],[-91.424,44.395],[-92.232,44.088],[-93.27,43.819],[-94.192,43.703],[-94.731,43.934],[-95.21,44.464],[-95.979,44.849],[-96.415,45.362],[-96.537,45.895],[-96.999,46.779],[-97.729,47.163],[-99.036,47.817],[-100.036,48.547],[-101.573,49.124],[-104.341,49.585],[-105.533,49.816],[-106.763,50.008],[-107.878,50.277],[-109.108,50.623],[-110.031,50.969],[-110.761,51.354],[-111.569,52.007],[-112.684,52.584],[-113.337,52.853],[-114.144,52.891]]]}},{"type":"Feature","properties":{"density":2},"geometry":{"type":"Polygon","coordinates":[[[-123.025,60.998],[-123.431,59.819],[-123.585,58.307],[-123.61,57.358],[-123.277,56.538],[-123.046,56.0],[-122.739,55.385],[-122.149,54.872],[-121.073,54.232],[-120.099,54.052],[-118.869,53.899],[-117.31,54.424],[-115.234,56.308],[-114.35,57.038],[-113.273,57.499],[-112.462,57.717],[-111.513,57.538],[-110.873,57.205],[-110.121,56.769],[-109.668,56.282],[-109.437,55.513],[-109.352,54.808],[-108.852,54.039],[-108.083,53.617],[-106.776,53.155],[-105.418,52.95],[-104.444,52.873],[-103.931,52.771],[-102.214,52.873],[-100.6,53.002],[-99.472,53.258],[-98.331,53.668],[-97.614,53.95],[-96.525,54.283],[-95.32,54.77],[-94.295,55.154],[-93.526,55.59],[-92.937,55.949],[-92.322,56.461],[-92.206,57.153],[-92.411,57.768],[-93.283,58.281],[-94.308,58.614],[-95.487,58.768],[-96.409,58.768],[-98.831,58.179],[-99.856,57.666],[-101.125,57.102],[-102.009,56.743],[-103.098,56.385],[-105.123,56.308],[-106.635,56.846],[-107.378,57.461],[-107.763,58.179],[-108.557,58.871],[-108.891,59.281],[-109.557,59.768],[-110.044,60.254],[-110.351,60.536],[-110.326,60.844],[-110.095,61.152],[-109.698,61.843],[-109.467,62.651],[-109.788,63.612],[-110.377,64.124],[-111.338,64.868],[-112.876,65.508],[-114.439,65.508],[-116.49,65.38],[-118.463,65.098],[-120.129,64.355],[-121.41,63.638],[-122.435,62.51],[-123.025,60.998]]]}},{"type":"Feature","properties":{"density":2},"geometry":{"type":"Polygon","coordinates":[[[-115.611,44.063],[-115.763,43.957],[-115.793,43.827],[-115.755,43.714],[-115.603,43.676],[-115.186,43.706],[-115.034,43.767],[-114.852,43.911],[-114.806,44.055],[-114.874,44.162],[-115.026,44.23],[-115.216,44.215],[-115.611,44.063]]]}},{"type":"Feature","properties":{"density":2},"geometry":{"type":"Polygon","coordinates":[[[-121.486,47.649],[-121.37,47.612],[-121.119,47.491],[-121.061,47.422],[-121.04,47.324],[-121.013,47.277],[-120.815,47.208],[-120.791,47.184],[-120.802,47.118],[-120.942,47.11],[-121.362,47.226],[-121.521,47.216],[-121.666,47.248],[-121.732,47.311],[-121.827,47.369],[-121.901,47.448],[-121.912,47.562],[-121.875,47.602],[-121.74,47.565],[-121.658,47.588],[-121.568,47.652],[-121.486,47.649]]]}},{"type":"Feature","properties":{"density":2},"geometry":{"type":"Polygon","coordinates":[[[-116.555,48.94],[-116.606,48.93],[-116.667,48.88],[-116.682,48.822],[-116.669,48.793],[-116.636,48.795],[-116.598,48.861],[-116.558,48.895],[-116.545,48.916],[-116.555,48.94]]]}},{"type":"Feature","properties":{"density":2},"geometry":{"type":"Polygon","coordinates":[[[-115.234,47.478],[-115.222,47.549],[-115.195,47.574],[-115.141,47.588],[-114.968,47.625],[-114.785,47.637],[-114.725,47.604],[-114.745,47.582],[-115.069,47.526],[-115.211,47.45],[-115.234,47.451],[-115.234,47.478]]]}},{"type":"Feature","properties":{"density":2},"geometry":{"type":"Polygon","coordinates":[[[-113.217,47.846],[-113.271,47.846],[-113.341,47.897],[-113.533,47.943],[-113.596,48.003],[-113.731,48.087],[-113.738,48.123],[-113.704,48.143],[-113.677,48.136],[-113.569,48.046],[-113.434,48.001],[-113.301,47.987],[-113.247,47.962],[-113.192,47.892],[-113.192,47.858],[-113.217,47.846]]]}},{"type":"Feature","properties":{"density":2},"geometry":{"type":"Polygon","coordinates":[[[-115.082,48.181],[-115.282,48.087],[-115.331,48.054],[-115.328,48.018],[-115.213,47.974],[-115.024,48.012],[-115.0,48.028],[-114.986,48.069],[-115.024,48.124],[-115.042,48.186],[-115.082,48.181]]]}},{"type":"Feature","properties":{"density":2},"geometry":{"type":"Polygon","coordinates":[[[-115.117,46.211],[-115.033,46.173],[-115.021,46.122],[-115.056,46.056],[-115.308,46.027],[-115.468,46.045],[-115.617,46.09],[-115.705,46.134],[-115.708,46.149],[-115.677,46.179],[-115.341,46.128],[-115.243,46.128],[-115.185,46.149],[-115.117,46.211]]]}},{"type":"Feature","properties":{"density":2},"geometry":{"type":"Polygon","coordinates":[[[-115.092,46.352],[-115.062,46.345],[-115.028,46.3],[-115.046,46.224],[-115.166,46.239],[-115.227,46.274],[-115.248,46.313],[-115.232,46.37],[-115.092,46.352]]]}},{"type":"Feature","properties":{"density":2},"geometry":{"type":"Polygon","coordinates":[[[-113.397,45.444],[-113.435,45.556],[-113.444,45.661],[-113.418,45.724],[-113.385,45.73],[-113.279,45.598],[-113.229,45.574],[-113.196,45.501],[-113.223,45.454],[-113.259,45.438],[-113.325,45.43],[-113.397,45.444]]]}},{"type":"Feature","properties":{"density":2},"geometry":{"type":"Polygon","coordinates":[[[-126.228,52.813],[-126.258,52.826],[-126.361,52.801],[-126.393,52.769],[-126.399,52.738],[-126.358,52.73],[-126.231,52.775],[-126.228,52.813]]]}},{"type":"Feature","properties":{"density":2},"geometry":{"type":"Polygon","coordinates":[[[-109.956,39.386],[-109.818,39.508],[-109.726,39.539],[-109.737,39.509],[-109.891,39.358],[-109.939,39.352],[-109.956,39.386]]]}},{"type":"Feature","properties":{"density":2},"geometry":{"type":"Polygon","coordinates":[[[-117.656,39.806],[-117.618,39.821],[-117.524,39.92],[-117.461,39.931],[-117.45,39.919],[-117.45,39.896],[-117.489,39.845],[-117.602,39.757],[-117.663,39.764],[-117.656,39.806]]]}},{"type":"Feature","properties":{"density":2},"geometry":{"type":"Polygon","coordinates":[[[-121.633,36.26],[-121.778,36.266],[-121.818,36.221],[-121.773,36.203],[-121.665,36.201],[-121.635,36.221],[-121.633,36.26]]]}},{"type":"Feature","properties":{"density":2},"geometry":{"type":"Polygon","coordinates":[[[-98.71,37.215],[-98.788,37.374],[-98.788,37.426],[-98.747,37.465],[-98.72,37.47],[-98.686,37.429],[-98.65,37.185],[-98.681,37.185],[-98.71,37.215]]]}},{"type":"Feature","properties":{"density":2},"geometry":{"type":"Polygon","coordinates":[[[-92.509,33.197],[-92.353,33.182],[-92.341,33.143],[-92.371,33.125],[-92.464,33.137],[-92.527,33.172],[-92.509,33.197]]]}},{"type":"Feature","properties":{"density":2},"geometry":{"type":"Polygon","coordinates":[[[-91.497,33.965],[-91.435,33.904],[-91.428,33.856],[-91.481,33.87],[-91.524,33.919],[-91.532,33.962],[-91.497,33.965]]]}},{"type":"Feature","properties":{"density":2},"geometry":{"type":"Polygon","coordinates":[[[-91.31,35.26],[-91.434,35.196],[-91.459,35.152],[-91.46,35.106],[-91.413,35.093],[-91.355,35.127],[-91.268,35.237],[-91.282,35.266],[-91.31,35.26]]]}},{"type":"Feature","properties":{"density":2},"geometry":{"type":"Polygon","coordinates":[[[-98.678,50.646],[-98.618,50.539],[-98.617,50.489],[-98.647,50.506],[-98.725,50.665],[-98.689,50.675],[-98.678,50.646]]]}},{"type":"Feature","properties":{"density":2},"geometry":{"type":"Polygon","coordinates":[[[-85.712,32.856],[-85.684,32.893],[-85.632,32.889],[-85.64,32.861],[-85.678,32.839],[-85.712,32.856]]]}},{"type":"Feature","properties":{"density":2},"geometry":{"type":"Polygon","coordinates":[[[-82.806,32.824],[-82.891,32.806],[-82.903,32.818],[-82.895,32.864],[-82.868,32.887],[-82.773,32.908],[-82.717,32.881],[-82.723,32.852],[-82.806,32.824]]]}},{"type":"Feature","properties":{"density":2},"geometry":{"type":"Polygon","coordinates":[[[-76.306,20.658],[-76.366,20.682],[-76.403,20.746],[-76.381,20.754],[-76.32,20.718],[-76.288,20.672],[-76.306,20.658]]]}},{"type":"Feature","properties":{"density":2},"geometry":{"type":"Polygon","coordinates":[[[-70.71,18.694],[-70.865,18.758],[-70.949,18.812],[-71.072,18.944],[-71.098,19.009],[-71.074,19.009],[-70.925,18.873],[-70.73,18.786],[-70.675,18.71],[-70.681,18.695],[-70.71,18.694]]]}},{"type":"Feature","properties":{"density":2},"geometry":{"type":"Polygon","coordinates":[[[-98.351,24.241],[-98.407,24.354],[-98.405,24.427],[-98.378,24.487],[-98.336,24.445],[-98.275,24.249],[-98.287,24.214],[-98.318,24.205],[-98.351,24.241]]]}},{"type":"Feature","properties":{"density":2},"geometry":{"type":"Polygon","coordinates":[[[-115.569,43.862],[-115.639,43.801],[-115.687,43.681],[-115.638,43.669],[-115.512,43.778],[-115.492,43.813],[-115.497,43.837],[-115.528,43.862],[-115.569,43.862]]]}},{"type":"Feature","properties":{"density":2},"geometry":{"type":"Polygon","coordinates":[[[-125.342,52.6],[-125.462,52.676],[-125.497,52.72],[-125.518,52.951],[-125.51,52.996],[-125.47,53.021],[-125.444,53.018],[-125.428,52.979],[-125.386,52.772],[-125.284,52.637],[-125.29,52.594],[-125.342,52.6]]]}},{"type":"Feature","properties":{"density":2},"geometry":{"type":"Polygon","coordinates":[[[-139.019,62.861],[-138.769,62.979],[-138.067,63.195],[-137.976,63.212],[-137.935,63.202],[-137.871,63.154],[-137.865,63.131],[-137.892,63.077],[-138.094,62.972],[-138.499,62.847],[-139.093,62.756],[-139.182,62.759],[-139.161,62.801],[-139.019,62.861]]]}},{"type":"Feature","properties":{"density":2},"geometry":{"type":"Polygon","coordinates":[[[-120.026,49.55],[-120.143,49.572],[-120.222,49.64],[-120.24,49.757],[-120.211,49.849],[-120.019,49.887],[-119.907,49.857],[-119.809,49.767],[-119.725,49.51],[-119.755,49.476],[-119.797,49.473],[-120.026,49.55]]]}},{"type":"Feature","properties":{"density":2},"geometry":{"type":"Polygon","coordinates":[[[-126.24,52.83],[-126.367,52.823],[-126.441,52.784],[-126.459,52.761],[-126.456,52.727],[-126.376,52.719],[-126.237,52.767],[-126.222,52.815],[-126.24,52.83]]]}},{"type":"Feature","properties":{"density":2},"geometry":{"type":"Polygon","coordinates":[[[-125.363,52.59],[-125.582,52.69],[-125.883,52.928],[-125.919,52.971],[-125.912,53.004],[-125.876,53.029],[-125.807,53.016],[-125.592,52.872],[-125.345,52.741],[-125.298,52.701],[-125.28,52.633],[-125.314,52.6],[-125.363,52.59]]]}},{"type":"Feature","properties":{"density":2},"geometry":{"type":"Polygon","coordinates":[[[-119.763,51.413],[-119.824,51.526],[-119.824,51.638],[-119.795,51.699],[-119.75,51.733],[-119.712,51.737],[-119.633,51.611],[-119.631,51.481],[-119.685,51.388],[-119.745,51.377],[-119.763,51.413]]]}},{"type":"Feature","properties":{"density":2},"geometry":{"type":"Polygon","coordinates":[[[-120.789,48.323],[-120.776,48.506],[-120.797,48.529],[-120.82,48.529],[-120.863,48.449],[-120.863,48.364],[-120.83,48.303],[-120.789,48.323]]]}},{"type":"Feature","properties":{"density":2},"geometry":{"type":"Polygon","coordinates":[[[-118.03,45.952],[-118.117,46.048],[-118.123,46.094],[-118.108,46.144],[-118.075,46.178],[-117.655,46.379],[-117.558,46.387],[-117.463,46.35],[-117.448,46.295],[-117.517,46.239],[-117.659,46.188],[-117.856,46.157],[-117.897,46.111],[-117.931,45.947],[-117.968,45.923],[-118.03,45.952]]]}},{"type":"Feature","properties":{"density":2},"geometry":{"type":"Polygon","coordinates":[[[-118.159,45.57],[-118.317,45.588],[-118.432,45.629],[-118.467,45.687],[-118.455,45.716],[-118.186,45.801],[-118.111,45.804],[-118.072,45.773],[-118.074,45.696],[-118.117,45.597],[-118.159,45.57]]]}},{"type":"Feature","properties":{"density":2},"geometry":{"type":"Polygon","coordinates":[[[-115.562,43.927],[-115.516,43.957],[-115.466,43.948],[-115.457,43.906],[-115.474,43.855],[-115.519,43.789],[-115.627,43.691],[-115.651,43.672],[-115.688,43.67],[-115.7,43.706],[-115.562,43.927]]]}},{"type":"Feature","properties":{"density":2},"geometry":{"type":"Polygon","coordinates":[[[-115.11,46.225],[-115.068,46.199],[-115.037,46.155],[-115.043,46.105],[-115.115,46.062],[-115.208,46.036],[-115.274,46.032],[-115.586,46.084],[-115.676,46.148],[-115.675,46.17],[-115.642,46.178],[-115.274,46.116],[-115.198,46.145],[-115.128,46.223],[-115.11,46.225]]]}},{"type":"Feature","properties":{"density":2},"geometry":{"type":"Polygon","coordinates":[[[-115.286,46.954],[-115.58,46.782],[-115.6,46.749],[-115.604,46.698],[-115.527,46.602],[-115.481,46.443],[-115.407,46.434],[-115.359,46.446],[-115.317,46.499],[-115.34,46.62],[-115.298,46.674],[-115.187,46.736],[-115.071,46.853],[-115.071,46.896],[-115.125,46.967],[-115.188,46.982],[-115.286,46.954]]]}},{"type":"Feature","properties":{"density":2},"geometry":{"type":"Polygon","coordinates":[[[-115.07,46.23],[-115.219,46.28],[-115.254,46.326],[-115.246,46.397],[-115.189,46.487],[-115.131,46.476],[-115.015,46.41],[-114.995,46.381],[-115.039,46.24],[-115.07,46.23]]]}},{"type":"Feature","properties":{"density":2},"geometry":{"type":"Polygon","coordinates":[[[-115.223,47.485],[-115.139,47.581],[-115.087,47.598],[-115.028,47.58],[-115.022,47.563],[-115.039,47.544],[-115.207,47.457],[-115.223,47.461],[-115.223,47.485]]]}},{"type":"Feature","properties":{"density":2},"geometry":{"type":"Polygon","coordinates":[[[-115.002,47.999],[-115.082,48.018],[-115.239,48.003],[-115.29,48.014],[-115.312,48.047],[-115.11,48.267],[-115.068,48.287],[-114.919,48.285],[-114.894,48.273],[-114.895,48.233],[-114.933,48.18],[-114.981,48.152],[-114.99,48.12],[-114.951,48.015],[-114.965,47.994],[-115.002,47.999]]]}},{"type":"Feature","properties":{"density":2},"geometry":{"type":"Polygon","coordinates":[[[-120.734,61.997],[-120.795,62.091],[-120.885,62.161],[-120.912,62.247],[-120.874,62.366],[-120.788,62.431],[-120.691,62.492],[-120.583,62.512],[-120.255,62.451],[-120.165,62.42],[-120.138,62.393],[-120.127,62.303],[-120.142,62.274],[-120.3,62.13],[-120.394,62.015],[-120.489,61.972],[-120.604,61.95],[-120.688,61.967],[-120.734,61.997]]]}},{"type":"Feature","properties":{"density":2},"geometry":{"type":"Polygon","coordinates":[[[-121.964,61.814],[-122.153,61.838],[-122.259,61.89],[-122.485,61.944],[-122.6,61.998],[-122.745,62.028],[-122.863,62.005],[-122.927,61.887],[-123.023,61.807],[-123.165,61.848],[-123.502,62.127],[-123.621,62.244],[-123.621,62.388],[-123.657,62.537],[-123.734,62.605],[-123.95,62.87],[-124.026,63.043],[-123.945,63.225],[-123.846,63.545],[-123.614,63.661],[-123.239,63.641],[-122.948,63.518],[-122.33,63.529],[-122.211,63.453],[-122.227,63.22],[-122.138,62.866],[-121.652,62.709],[-121.382,62.518],[-121.257,62.36],[-121.176,62.35],[-121.055,62.37],[-121.011,62.353],[-120.994,62.326],[-120.987,62.235],[-121.041,62.073],[-121.065,61.837],[-121.109,61.759],[-121.196,61.661],[-121.247,61.519],[-121.304,61.445],[-121.355,61.432],[-121.446,61.361],[-121.662,61.29],[-121.767,61.276],[-121.801,61.31],[-121.801,61.344],[-121.72,61.59],[-121.723,61.634],[-121.895,61.729],[-121.956,61.783],[-121.964,61.814]],[[-122.169,62.172],[-122.547,62.179],[-122.844,62.223],[-122.908,62.263],[-122.941,62.317],[-122.914,62.466],[-122.83,62.55],[-122.665,62.581],[-122.459,62.571],[-122.121,62.479],[-121.949,62.321],[-121.949,62.284],[-121.993,62.22],[-122.03,62.199],[-122.115,62.169],[-122.169,62.172]]]}},{"type":"Feature","properties":{"density":2},"geometry":{"type":"Polygon","coordinates":[[[-109.558,45.84],[-109.432,45.84],[-109.401,45.803],[-109.408,45.78],[-109.447,45.75],[-109.575,45.707],[-109.687,45.702],[-109.708,45.72],[-109.672,45.767],[-109.558,45.84]]]}},{"type":"Feature","properties":{"density":2},"geometry":{"type":"Polygon","coordinates":[[[-117.661,39.813],[-117.621,39.849],[-117.454,40.09],[-117.416,40.097],[-117.418,39.984],[-117.472,39.872],[-117.542,39.784],[-117.578,39.748],[-117.641,39.741],[-117.666,39.766],[-117.673,39.795],[-117.661,39.813]]]}},{"type":"Feature","properties":{"density":2},"geometry":{"type":"Polygon","coordinates":[[[-121.76,36.256],[-121.72,36.35],[-121.649,36.432],[-121.609,36.45],[-121.566,36.351],[-121.523,36.306],[-121.509,36.236],[-121.544,36.184],[-121.63,36.179],[-121.723,36.208],[-121.76,36.256]]]}},{"type":"Feature","properties":{"density":2},"geometry":{"type":"Polygon","coordinates":[[[-98.725,37.214],[-98.833,37.335],[-98.916,37.472],[-98.914,37.522],[-98.887,37.565],[-98.819,37.598],[-98.781,37.596],[-98.738,37.542],[-98.635,37.209],[-98.668,37.181],[-98.708,37.192],[-98.725,37.214]]]}},{"type":"Feature","properties":{"density":2},"geometry":{"type":"Polygon","coordinates":[[[-91.317,35.245],[-91.485,35.152],[-91.512,35.117],[-91.509,35.084],[-91.473,35.069],[-91.383,35.081],[-91.33,35.131],[-91.295,35.195],[-91.288,35.251],[-91.317,35.245]]]}},{"type":"Feature","properties":{"density":2},"geometry":{"type":"Polygon","coordinates":[[[-85.711,32.864],[-85.474,33.034],[-85.443,33.045],[-85.412,33.033],[-85.427,32.966],[-85.475,32.911],[-85.441,32.864],[-85.448,32.813],[-85.513,32.795],[-85.621,32.805],[-85.704,32.825],[-85.72,32.847],[-85.711,32.864]]]}},{"type":"Feature","properties":{"density":2},"geometry":{"type":"Polygon","coordinates":[[[-82.874,32.829],[-82.868,32.877],[-82.848,32.895],[-82.73,32.931],[-82.679,32.926],[-82.658,32.907],[-82.661,32.88],[-82.7,32.844],[-82.839,32.802],[-82.873,32.812],[-82.874,32.829]]]}},{"type":"Feature","properties":{"density":2},"geometry":{"type":"Polygon","coordinates":[[[-80.86,22.76],[-80.942,22.668],[-80.95,22.611],[-80.917,22.614],[-80.862,22.682],[-80.826,22.754],[-80.834,22.767],[-80.86,22.76]]]}},{"type":"Feature","properties":{"density":2},"geometry":{"type":"Polygon","coordinates":[[[-70.699,18.678],[-70.866,18.687],[-70.996,18.745],[-71.023,18.783],[-71.1,19.016],[-71.062,19.003],[-70.903,18.85],[-70.708,18.774],[-70.666,18.726],[-70.665,18.682],[-70.699,18.678]]]}},{"type":"Feature","properties":{"density":2},"geometry":{"type":"Polygon","coordinates":[[[-98.395,24.327],[-98.503,24.562],[-98.514,24.646],[-98.512,24.744],[-98.484,24.82],[-98.455,24.832],[-98.412,24.828],[-98.395,24.79],[-98.325,24.381],[-98.329,24.282],[-98.353,24.279],[-98.395,24.327]]]}},{"type":"Feature","properties":{"density":2},"geometry":{"type":"Polygon","coordinates":[[[-98.964,24.496],[-99.011,24.588],[-99.013,24.618],[-98.997,24.638],[-98.973,24.638],[-98.925,24.525],[-98.931,24.495],[-98.964,24.496]]]}},{"type":"Feature","properties":{"density":2},"geometry":{"type":"Polygon","coordinates":[[[-121.797,61.375],[-121.77,61.432],[-121.766,61.506],[-121.797,61.594],[-121.891,61.699],[-122.036,61.81],[-122.583,62.006],[-122.823,62.016],[-123.079,61.938],[-123.266,62.009],[-123.535,62.171],[-123.576,62.256],[-123.579,62.377],[-123.621,62.538],[-123.789,62.786],[-123.901,62.912],[-123.952,63.033],[-123.941,63.13],[-123.86,63.251],[-123.695,63.349],[-123.628,63.359],[-123.557,63.359],[-123.341,63.298],[-123.148,63.211],[-122.588,63.008],[-122.202,62.725],[-121.794,62.584],[-121.336,62.468],[-121.204,62.374],[-120.944,62.276],[-120.911,62.239],[-120.89,62.168],[-120.89,62.1],[-120.924,62.036],[-121.16,61.78],[-121.329,61.564],[-121.592,61.334],[-121.684,61.294],[-121.754,61.288],[-121.785,61.305],[-121.803,61.338],[-121.797,61.375]],[[-122.23,62.246],[-122.701,62.275],[-122.901,62.307],[-123.011,62.361],[-122.998,62.41],[-122.959,62.46],[-122.77,62.527],[-122.707,62.536],[-122.298,62.512],[-122.136,62.46],[-122.026,62.395],[-122.005,62.361],[-122.041,62.298],[-122.23,62.246]]]}},{"type":"Feature","properties":{"density":2},"geometry":{"type":"Polygon","coordinates":[[[-119.78,51.424],[-119.77,51.627],[-119.704,51.706],[-119.602,51.76],[-119.53,51.822],[-119.429,51.868],[-119.366,51.873],[-119.249,51.844],[-119.158,51.775],[-119.156,51.718],[-119.186,51.676],[-119.605,51.466],[-119.687,51.385],[-119.763,51.383],[-119.78,51.424]]]}},{"type":"Feature","properties":{"density":2},"geometry":{"type":"Polygon","coordinates":[[[-117.976,51.134],[-117.864,51.233],[-117.808,51.264],[-117.749,51.271],[-117.754,51.22],[-117.904,51.121],[-117.961,51.108],[-117.976,51.134]]]}},{"type":"Feature","properties":{"density":2},"geometry":{"type":"Polygon","coordinates":[[[-116.628,48.925],[-116.554,49.027],[-116.467,49.087],[-116.403,49.105],[-116.217,49.111],[-116.029,49.077],[-115.9,49.03],[-115.837,48.996],[-115.81,48.943],[-115.849,48.894],[-115.99,48.841],[-116.23,48.825],[-116.469,48.859],[-116.593,48.849],[-116.622,48.87],[-116.628,48.925]]]}},{"type":"Feature","properties":{"density":2},"geometry":{"type":"Polygon","coordinates":[[[-119.925,49.516],[-120.213,49.57],[-120.292,49.656],[-120.296,49.809],[-120.188,50.02],[-120.056,50.171],[-119.923,50.261],[-119.799,50.285],[-119.653,50.262],[-119.531,50.285],[-119.38,50.278],[-119.344,50.226],[-119.353,50.168],[-119.38,50.046],[-119.482,49.762],[-119.572,49.671],[-119.802,49.516],[-119.925,49.516]]]}},{"type":"Feature","properties":{"density":2},"geometry":{"type":"Polygon","coordinates":[[[-115.119,48.118],[-115.273,48.165],[-115.308,48.219],[-115.311,48.261],[-115.267,48.291],[-115.104,48.333],[-114.783,48.357],[-114.595,48.389],[-114.475,48.374],[-114.427,48.311],[-114.445,48.257],[-114.529,48.189],[-114.759,48.086],[-114.844,48.077],[-115.119,48.118]]]}},{"type":"Feature","properties":{"density":2},"geometry":{"type":"Polygon","coordinates":[[[-118.112,46.149],[-117.907,46.381],[-117.67,46.545],[-117.571,46.559],[-117.56,46.512],[-117.592,46.41],[-117.693,46.289],[-117.769,46.147],[-117.902,45.992],[-117.954,45.882],[-118.019,45.632],[-118.084,45.564],[-118.127,45.549],[-118.271,45.549],[-118.332,45.569],[-118.386,45.627],[-118.408,45.686],[-118.406,45.812],[-118.321,45.978],[-118.199,46.053],[-118.112,46.149]]]}},{"type":"Feature","properties":{"density":2},"geometry":{"type":"Polygon","coordinates":[[[-115.598,43.833],[-115.532,43.945],[-115.488,43.944],[-115.47,43.896],[-115.508,43.788],[-115.529,43.774],[-115.586,43.782],[-115.602,43.797],[-115.598,43.833]]]}},{"type":"Feature","properties":{"density":2},"geometry":{"type":"Polygon","coordinates":[[[-115.289,46.863],[-115.253,46.92],[-115.169,46.956],[-115.124,46.957],[-115.049,46.908],[-115.013,46.83],[-115.064,46.791],[-115.193,46.768],[-115.287,46.816],[-115.289,46.863]]]}},{"type":"Feature","properties":{"density":2},"geometry":{"type":"Polygon","coordinates":[[[-115.052,46.252],[-114.987,46.333],[-114.986,46.414],[-115.007,46.443],[-115.082,46.454],[-115.15,46.401],[-115.168,46.335],[-115.081,46.239],[-115.052,46.252]]]}},{"type":"Feature","properties":{"density":2},"geometry":{"type":"Polygon","coordinates":[[[-109.947,39.383],[-109.927,39.513],[-109.867,39.542],[-109.809,39.536],[-109.789,39.483],[-109.841,39.4],[-109.907,39.349],[-109.935,39.356],[-109.947,39.383]]]}},{"type":"Feature","properties":{"density":2},"geometry":{"type":"Polygon","coordinates":[[[-121.757,36.273],[-121.74,36.501],[-121.665,36.735],[-121.512,36.926],[-121.445,36.971],[-121.431,36.953],[-121.436,36.881],[-121.552,36.522],[-121.543,36.486],[-121.49,36.42],[-121.472,36.321],[-121.482,36.271],[-121.51,36.229],[-121.579,36.204],[-121.681,36.195],[-121.74,36.222],[-121.757,36.273]]]}},{"type":"Feature","properties":{"density":2},"geometry":{"type":"Polygon","coordinates":[[[-124.675,52.781],[-124.804,52.751],[-125.206,52.576],[-125.434,52.538],[-125.723,52.553],[-126.194,52.614],[-126.361,52.667],[-126.421,52.736],[-126.459,52.812],[-126.497,53.123],[-126.459,53.29],[-126.224,53.579],[-125.951,53.784],[-125.51,54.019],[-125.055,54.103],[-124.85,54.228],[-124.561,54.283],[-124.232,54.309],[-123.63,54.314],[-123.247,54.27],[-122.275,54.437],[-121.653,54.391],[-121.044,54.261],[-120.482,54.104],[-120.277,54.096],[-120.012,53.96],[-119.526,53.906],[-119.404,53.793],[-119.07,53.633],[-118.759,53.527],[-118.491,53.199],[-118.278,53.1],[-117.997,53.001],[-117.777,52.88],[-116.932,52.642],[-116.629,52.718],[-116.325,52.832],[-115.884,52.809],[-115.52,52.771],[-114.996,52.688],[-114.51,52.604],[-113.91,52.43],[-113.112,52.248],[-110.191,51.902],[-108.14,51.248],[-107.397,50.915],[-105.901,50.372],[-104.619,49.637],[-103.543,48.954],[-101.4,47.916],[-100.131,47.455],[-99.132,47.032],[-98.248,46.763],[-97.017,46.34],[-96.556,46.225],[-95.249,45.687],[-94.826,45.264],[-94.442,44.803],[-94.173,44.264],[-93.647,43.598],[-93.416,43.367],[-93.186,43.085],[-93.058,42.804],[-92.853,42.573],[-92.648,42.445],[-92.084,42.24],[-91.52,42.112],[-90.418,42.214],[-89.547,42.214],[-88.188,42.522],[-87.189,42.778],[-86.42,43.034],[-85.753,43.316],[-84.933,43.572],[-84.318,43.701],[-84.011,43.829],[-83.088,44.136],[-82.704,44.29],[-82.242,44.418],[-81.243,44.854],[-80.679,44.956],[-79.808,44.905],[-78.987,44.803],[-78.449,44.469],[-78.347,44.162],[-78.193,43.572],[-78.372,42.983],[-78.526,42.727],[-78.603,42.624],[-78.885,42.342],[-79.09,42.188],[-79.859,41.701],[-80.781,41.086],[-81.653,40.702],[-83.088,39.856],[-83.703,39.472],[-84.036,39.215],[-84.728,38.934],[-85.651,37.96],[-86.01,37.755],[-87.906,37.524],[-88.778,37.601],[-89.957,37.626],[-90.93,37.601],[-92.289,37.703],[-93.109,37.857],[-93.98,38.062],[-96.876,39.882],[-97.62,40.189],[-99.337,41.24],[-100.516,42.137],[-101.72,42.522],[-103.95,43.726],[-104.565,44.393],[-106.205,45.469],[-107.538,45.982],[-108.538,46.597],[-109.489,46.75],[-110.719,47.091],[-111.471,47.16],[-112.166,47.35],[-114.244,47.998],[-115.611,48.356],[-116.329,48.527],[-117.2,48.561],[-118.402,48.275],[-118.835,48.267],[-119.032,48.237],[-119.655,47.918],[-120.057,47.652],[-120.543,47.364],[-120.813,47.174],[-121.337,47.136],[-121.603,47.136],[-121.815,47.212],[-122.024,47.314],[-122.206,47.428],[-122.354,47.656],[-122.787,47.963],[-122.992,48.089],[-123.642,48.567],[-123.642,48.795],[-123.596,49.0],[-123.493,49.159],[-123.414,49.251],[-123.231,49.41],[-122.787,49.547],[-122.685,49.615],[-122.616,49.752],[-122.594,49.888],[-122.616,50.025],[-122.867,50.617],[-122.924,50.709],[-123.038,50.811],[-123.129,50.868],[-123.197,50.959],[-123.243,51.039],[-123.334,51.358],[-123.402,51.438],[-123.562,51.552],[-123.767,51.643],[-123.934,51.87],[-123.919,51.954],[-123.805,52.091],[-123.782,52.333],[-123.387,52.478],[-123.326,52.524],[-123.197,52.577],[-123.114,52.622],[-123.023,52.736],[-123.061,52.789],[-123.121,52.82],[-123.38,52.88],[-123.486,52.88],[-123.736,52.918],[-124.253,52.842],[-124.572,52.812],[-124.675,52.781]]]}},{"type":"Feature","properties":{"density":2},"geometry":{"type":"Polygon","coordinates":[[[-122.681,61.403],[-123.102,61.494],[-123.592,61.677],[-123.877,61.825],[-124.105,62.178],[-124.184,62.588],[-124.218,62.998],[-124.196,63.317],[-124.048,63.636],[-123.626,64.012],[-122.965,64.228],[-122.555,64.319],[-120.824,64.433],[-120.3,64.502],[-119.674,64.536],[-118.324,64.541],[-118.085,64.61],[-117.726,64.61],[-117.059,64.49],[-116.513,64.49],[-116.017,64.371],[-115.419,64.251],[-114.924,64.234],[-114.291,64.131],[-114.001,64.114],[-113.386,64.012],[-112.908,63.858],[-112.292,63.55],[-111.848,63.277],[-110.533,62.764],[-109.029,61.941],[-108.676,61.622],[-108.403,61.166],[-108.129,60.551],[-107.901,60.198],[-107.525,59.754],[-107.07,58.751],[-106.66,58.182],[-106.534,57.692],[-106.409,57.293],[-105.669,55.881],[-105.133,55.605],[-104.621,55.451],[-103.929,55.579],[-103.621,55.707],[-102.109,56.04],[-101.161,56.168],[-99.828,56.373],[-98.777,56.502],[-97.778,56.655],[-96.676,57.014],[-95.881,57.168],[-92.789,57.569],[-91.524,57.586],[-90.636,57.689],[-89.662,57.689],[-89.03,57.672],[-88.244,57.535],[-87.971,57.364],[-87.697,57.074],[-87.595,56.766],[-87.646,56.442],[-87.766,56.1],[-88.073,55.553],[-88.5,55.024],[-90.653,53.862],[-91.166,53.52],[-91.917,53.161],[-92.857,52.666],[-93.66,52.221],[-94.344,51.88],[-95.454,51.47],[-96.052,51.145],[-96.787,50.991],[-97.71,50.889],[-98.478,50.855],[-99.179,50.803],[-99.948,50.923],[-100.631,51.111],[-101.537,51.418],[-101.981,51.675],[-102.682,52.461],[-103.997,53.281],[-104.39,53.554],[-105.21,54.05],[-105.501,54.306],[-106.919,55.229],[-107.91,56.185],[-108.32,56.63],[-108.85,57.279],[-109.089,57.672],[-109.328,58.184],[-110.182,59.158],[-110.541,59.5],[-111.583,60.184],[-111.976,60.525],[-112.677,60.952],[-113.309,61.209],[-115.376,61.79],[-115.787,61.943],[-116.607,62.114],[-117.205,62.217],[-118.025,62.234],[-118.674,62.285],[-119.272,62.302],[-119.665,62.285],[-119.99,62.217],[-120.041,62.131],[-120.178,61.978],[-121.22,61.465],[-121.442,61.311],[-121.596,61.226],[-121.749,61.192],[-121.972,61.209],[-122.484,61.303],[-122.681,61.403]]]}},{"type":"Feature","properties":{"density":2},"geometry":{"type":"Polygon","coordinates":[[[-126.156,50.146],[-126.073,50.412],[-126.022,50.499],[-125.999,50.481],[-125.978,50.403],[-125.986,50.268],[-126.005,50.207],[-126.029,50.168],[-126.104,50.112],[-126.139,50.116],[-126.156,50.146]]]}},{"type":"Feature","properties":{"density":2},"geometry":{"type":"Polygon","coordinates":[[[-126.503,50.045],[-126.554,50.094],[-126.557,50.169],[-126.539,50.198],[-126.505,50.198],[-126.469,50.163],[-126.454,50.105],[-126.464,50.021],[-126.484,50.019],[-126.503,50.045]]]}},{"type":"Feature","properties":{"density":2},"geometry":{"type":"Polygon","coordinates":[[[-125.802,49.941],[-125.755,50.074],[-125.736,50.215],[-125.719,50.256],[-125.702,50.257],[-125.687,50.16],[-125.711,49.992],[-125.741,49.929],[-125.792,49.915],[-125.802,49.941]]]}},{"type":"Feature","properties":{"density":2},"geometry":{"type":"Polygon","coordinates":[[[-126.262,52.779],[-126.232,52.734],[-126.157,52.71],[-126.066,52.773],[-126.022,52.824],[-126.124,52.937],[-126.208,52.979],[-126.24,52.956],[-126.265,52.881],[-126.262,52.779]]]}},{"type":"Feature","properties":{"density":2},"geometry":{"type":"Polygon","coordinates":[[[-70.71,18.669],[-70.801,18.608],[-71.042,18.608],[-71.159,18.644],[-71.294,18.734],[-71.428,18.876],[-71.45,18.91],[-71.461,18.975],[-71.443,19.033],[-71.371,19.078],[-71.245,19.04],[-71.011,18.878],[-70.658,18.745],[-70.66,18.689],[-70.71,18.669]]]}},{"type":"Feature","properties":{"density":2},"geometry":{"type":"Polygon","coordinates":[[[-71.519,18.684],[-71.719,18.636],[-71.749,18.614],[-71.759,18.582],[-71.734,18.554],[-71.705,18.548],[-71.563,18.561],[-71.504,18.623],[-71.503,18.665],[-71.519,18.684]]]}},{"type":"Feature","properties":{"density":2},"geometry":{"type":"Polygon","coordinates":[[[-71.624,18.117],[-71.797,18.045],[-71.894,18.043],[-72.357,18.133],[-72.634,18.135],[-72.701,18.117],[-72.724,18.085],[-72.719,18.054],[-72.578,17.998],[-71.986,17.856],[-71.799,17.901],[-71.637,17.973],[-71.522,18.052],[-71.522,18.09],[-71.554,18.115],[-71.624,18.117]]]}},{"type":"Feature","properties":{"density":2},"geometry":{"type":"Polygon","coordinates":[[[-98.419,24.229],[-98.536,24.389],[-98.61,24.533],[-98.657,24.702],[-98.796,24.965],[-98.877,25.073],[-98.981,25.259],[-99.099,25.573],[-99.096,25.674],[-99.066,25.731],[-98.988,25.741],[-98.948,25.718],[-98.765,25.549],[-98.691,25.404],[-98.637,25.188],[-98.549,25.009],[-98.445,24.868],[-98.334,24.763],[-98.305,24.682],[-98.316,24.477],[-98.265,24.225],[-98.283,24.187],[-98.321,24.175],[-98.364,24.182],[-98.419,24.229]]]}},{"type":"Feature","properties":{"density":2},"geometry":{"type":"Polygon","coordinates":[[[-92.468,33.186],[-92.342,33.028],[-92.313,32.941],[-92.322,32.896],[-92.358,32.873],[-92.41,32.884],[-92.531,33.055],[-92.549,33.188],[-92.511,33.206],[-92.468,33.186]]]}},{"type":"Feature","properties":{"density":2},"geometry":{"type":"Polygon","coordinates":[[[-85.682,32.895],[-85.545,32.897],[-85.221,32.845],[-85.189,32.825],[-85.183,32.789],[-85.196,32.766],[-85.243,32.744],[-85.464,32.755],[-85.713,32.829],[-85.729,32.871],[-85.682,32.895]]]}},{"type":"Feature","properties":{"density":2},"geometry":{"type":"Polygon","coordinates":[[[-98.435,35.343],[-98.445,35.606],[-98.486,35.91],[-98.486,36.037],[-98.466,36.123],[-98.359,36.214],[-98.248,36.234],[-98.106,36.199],[-97.883,36.092],[-97.676,35.844],[-97.645,35.733],[-97.615,35.515],[-97.625,35.378],[-97.696,35.247],[-97.767,35.166],[-97.848,35.125],[-97.964,35.12],[-98.02,35.14],[-98.098,35.206],[-98.165,35.223],[-98.337,35.23],[-98.401,35.27],[-98.435,35.343]]]}},{"type":"Feature","properties":{"density":3},"geometry":{"type":"Polygon","coordinates":[[[-125.096,52.729],[-125.404,52.593],[-125.506,52.37],[-125.455,52.063],[-125.062,51.875],[-124.208,51.704],[-123.986,51.687],[-123.2,51.687],[-122.977,51.653],[-122.704,51.516],[-122.243,51.106],[-122.174,50.628],[-122.362,50.132],[-122.294,49.756],[-122.174,49.517],[-122.072,49.415],[-122.089,49.295],[-122.157,49.124],[-122.362,49.039],[-122.431,48.936],[-122.345,48.868],[-122.092,48.98],[-121.819,49.124],[-121.662,49.238],[-121.551,49.228],[-121.287,48.79],[-121.09,48.623],[-120.969,48.646],[-120.908,48.767],[-120.817,48.798],[-120.685,48.739],[-120.642,48.631],[-120.655,48.481],[-120.71,48.403],[-120.862,48.281],[-121.029,48.038],[-121.136,47.75],[-121.052,47.476],[-120.855,47.37],[-120.741,47.401],[-120.733,47.499],[-120.665,47.552],[-120.467,47.347],[-120.346,47.363],[-120.27,47.431],[-120.133,47.628],[-119.997,47.78],[-119.951,47.917],[-119.662,48.084],[-119.427,48.281],[-119.419,48.448],[-119.328,48.805],[-119.541,49.147],[-119.571,49.269],[-119.543,49.534],[-119.201,49.705],[-118.603,49.739],[-118.262,49.722],[-117.835,49.654],[-117.237,49.722],[-117.117,49.637],[-117.014,49.534],[-116.912,49.397],[-116.724,49.329],[-116.724,49.5],[-116.827,49.654],[-116.895,49.944],[-116.912,50.218],[-116.69,50.525],[-116.485,50.628],[-116.229,50.73],[-116.229,50.833],[-116.297,51.004],[-116.553,51.209],[-116.673,51.243],[-117.612,51.687],[-117.937,51.807],[-118.262,51.909],[-118.638,51.977],[-119.048,51.875],[-119.15,51.755],[-119.167,51.533],[-119.37,51.209],[-119.646,51.118],[-120.039,51.089],[-120.722,51.106],[-121.371,51.192],[-121.594,51.362],[-121.797,51.585],[-121.808,51.79],[-121.491,51.943],[-121.269,51.943],[-120.996,51.824],[-120.722,51.738],[-120.278,51.687],[-119.97,51.687],[-119.885,51.755],[-120.124,51.892],[-120.38,52.012],[-120.466,52.114],[-120.346,52.234],[-120.107,52.234],[-119.953,52.2],[-119.86,52.257],[-119.936,52.353],[-120.536,52.395],[-120.885,52.388],[-121.477,52.509],[-122.07,52.722],[-122.67,52.849],[-123.37,52.883],[-124.413,52.849],[-124.629,52.798],[-124.891,52.78],[-125.096,52.729]]]}},{"type":"Feature","properties":{"density":3},"geometry":{"type":"Polygon","coordinates":[[[-116.305,63.505],[-116.664,63.437],[-116.886,63.027],[-116.818,62.634],[-116.578,62.412],[-116.22,62.155],[-115.827,61.95],[-114.921,61.608],[-113.845,61.13],[-113.469,60.993],[-112.939,60.737],[-112.341,60.327],[-111.828,60.002],[-111.265,59.541],[-110.837,59.114],[-110.222,58.636],[-109.624,58.294],[-109.197,58.003],[-109.026,57.952],[-108.855,58.089],[-108.924,58.379],[-109.129,58.721],[-109.402,58.943],[-110.154,59.609],[-111.008,60.447],[-111.692,60.84],[-112.068,61.028],[-112.426,61.267],[-112.7,61.421],[-113.11,61.608],[-113.503,61.728],[-113.776,61.831],[-114.033,62.019],[-114.238,62.292],[-114.767,62.753],[-115.058,62.941],[-115.365,63.18],[-115.639,63.334],[-115.963,63.437],[-116.305,63.505]]]}},{"type":"Feature","properties":{"density":3},"geometry":{"type":"Polygon","coordinates":[[[-115.466,46.172],[-115.675,46.229],[-115.709,46.207],[-115.709,46.172],[-115.597,46.082],[-115.477,46.03],[-115.365,46.01],[-115.128,46.037],[-115.069,46.065],[-115.042,46.113],[-115.063,46.155],[-115.101,46.185],[-115.158,46.192],[-115.345,46.146],[-115.466,46.172]]]}},{"type":"Feature","properties":{"density":3},"geometry":{"type":"Polygon","coordinates":[[[-115.183,46.334],[-115.203,46.329],[-115.223,46.293],[-115.163,46.243],[-115.082,46.227],[-115.041,46.268],[-115.051,46.298],[-115.082,46.313],[-115.183,46.334]]]}},{"type":"Feature","properties":{"density":3},"geometry":{"type":"Polygon","coordinates":[[[-115.865,46.837],[-115.888,46.82],[-115.878,46.776],[-115.703,46.705],[-115.595,46.607],[-115.514,46.492],[-115.436,46.428],[-115.379,46.432],[-115.342,46.459],[-115.385,46.634],[-115.298,46.705],[-115.163,46.729],[-115.105,46.756],[-115.088,46.816],[-115.105,46.857],[-115.203,46.877],[-115.426,46.766],[-115.51,46.756],[-115.554,46.759],[-115.696,46.823],[-115.814,46.847],[-115.865,46.837]]]}},{"type":"Feature","properties":{"density":3},"geometry":{"type":"Polygon","coordinates":[[[-121.263,47.504],[-121.317,47.5],[-121.344,47.463],[-121.51,47.399],[-121.547,47.345],[-121.479,47.278],[-121.25,47.234],[-121.128,47.153],[-121.027,47.112],[-120.943,47.126],[-120.923,47.163],[-120.936,47.268],[-121.155,47.473],[-121.263,47.504]]]}},{"type":"Feature","properties":{"density":3},"geometry":{"type":"Polygon","coordinates":[[[-115.602,43.887],[-115.629,43.86],[-115.619,43.823],[-115.575,43.772],[-115.518,43.765],[-115.453,43.775],[-115.413,43.823],[-115.318,43.873],[-115.173,43.91],[-115.153,43.954],[-115.17,43.995],[-115.214,44.015],[-115.305,44.018],[-115.42,43.991],[-115.602,43.887]]]}},{"type":"Feature","properties":{"density":3},"geometry":{"type":"Polygon","coordinates":[[[-112.091,33.081],[-112.116,33.063],[-112.111,33.034],[-112.066,33.011],[-112.008,33.034],[-111.994,33.063],[-112.01,33.088],[-112.091,33.081]]]}},{"type":"Feature","properties":{"density":3},"geometry":{"type":"Polygon","coordinates":[[[-93.061,16.045],[-93.081,16.049],[-93.093,16.017],[-93.032,15.958],[-92.994,15.956],[-93.018,16.005],[-93.061,16.045]]]}},{"type":"Feature","properties":{"density":3},"geometry":{"type":"Polygon","coordinates":[[[-92.761,15.87],[-92.794,15.843],[-92.774,15.819],[-92.731,15.843],[-92.743,15.868],[-92.761,15.87]]]}},{"type":"Feature","properties":{"density":3},"geometry":{"type":"Polygon","coordinates":[[[-76.903,21.148],[-76.921,21.15],[-76.924,21.135],[-76.711,21.088],[-76.686,21.096],[-76.903,21.148]]]}},{"type":"Feature","properties":{"density":3},"geometry":{"type":"Polygon","coordinates":[[[-76.396,20.764],[-76.408,20.734],[-76.394,20.718],[-76.314,20.658],[-76.289,20.67],[-76.334,20.766],[-76.356,20.776],[-76.396,20.764]]]}},{"type":"Feature","properties":{"density":3},"geometry":{"type":"Polygon","coordinates":[[[-71.571,18.7],[-71.578,18.687],[-71.555,18.651],[-71.528,18.637],[-71.517,18.651],[-71.535,18.691],[-71.571,18.7]]]}},{"type":"Feature","properties":{"density":3},"geometry":{"type":"Polygon","coordinates":[[[-70.906,18.805],[-70.928,18.799],[-70.934,18.779],[-70.82,18.7],[-70.73,18.673],[-70.692,18.697],[-70.698,18.715],[-70.906,18.805]]]}},{"type":"Feature","properties":{"density":3},"geometry":{"type":"Polygon","coordinates":[[[-90.959,31.398],[-90.982,31.374],[-90.959,31.341],[-90.92,31.371],[-90.905,31.428],[-90.935,31.431],[-90.959,31.398]]]}},{"type":"Feature","properties":{"density":3},"geometry":{"type":"Polygon","coordinates":[[[-92.481,33.211],[-92.526,33.188],[-92.511,33.167],[-92.366,33.16],[-92.353,33.181],[-92.366,33.204],[-92.4,33.214],[-92.481,33.211]]]}},{"type":"Feature","properties":{"density":3},"geometry":{"type":"Polygon","coordinates":[[[-98.692,50.68],[-98.725,50.679],[-98.735,50.655],[-98.735,50.623],[-98.699,50.557],[-98.641,50.473],[-98.567,50.431],[-98.524,50.427],[-98.513,50.452],[-98.545,50.529],[-98.626,50.637],[-98.692,50.68]]]}},{"type":"Feature","properties":{"density":3},"geometry":{"type":"Polygon","coordinates":[[[-104.504,55.755],[-104.809,55.667],[-104.886,55.334],[-104.399,54.796],[-103.784,54.206],[-103.092,53.924],[-102.101,53.671],[-101.119,53.719],[-98.712,53.961],[-97.311,54.252],[-96.594,54.61],[-96.121,55.154],[-95.774,55.789],[-95.788,56.436],[-96.275,57.282],[-96.915,57.743],[-97.787,57.922],[-98.428,57.82],[-98.986,57.481],[-99.581,56.308],[-100.042,55.974],[-100.504,55.667],[-101.121,55.431],[-101.885,55.334],[-102.648,55.311],[-103.605,55.562],[-104.504,55.755]]]}},{"type":"Feature","properties":{"density":3},"geometry":{"type":"Polygon","coordinates":[[[-121.213,47.248],[-121.331,47.267],[-121.38,47.297],[-121.573,47.309],[-121.698,47.341],[-121.768,47.415],[-121.775,47.499],[-121.578,47.436],[-121.504,47.431],[-121.476,47.436],[-121.351,47.528],[-121.231,47.521],[-121.171,47.478],[-121.148,47.399],[-121.16,47.334],[-121.148,47.253],[-121.197,47.239],[-121.213,47.248]]]}},{"type":"Feature","properties":{"density":3},"geometry":{"type":"Polygon","coordinates":[[[-115.444,46.492],[-115.491,46.547],[-115.539,46.57],[-115.71,46.583],[-115.741,46.607],[-115.743,46.627],[-115.621,46.649],[-115.563,46.726],[-115.476,46.687],[-115.422,46.694],[-115.237,46.862],[-115.149,46.858],[-115.149,46.783],[-115.29,46.705],[-115.368,46.631],[-115.38,46.568],[-115.353,46.462],[-115.387,46.451],[-115.444,46.492]]]}},{"type":"Feature","properties":{"density":3},"geometry":{"type":"Polygon","coordinates":[[[-115.138,46.172],[-115.128,46.193],[-115.095,46.192],[-115.047,46.146],[-115.051,46.114],[-115.114,46.061],[-115.135,46.092],[-115.138,46.172]]]}},{"type":"Feature","properties":{"density":3},"geometry":{"type":"Polygon","coordinates":[[[-115.122,46.307],[-115.082,46.333],[-115.042,46.311],[-115.032,46.274],[-115.048,46.236],[-115.158,46.248],[-115.162,46.27],[-115.122,46.307]]]}},{"type":"Feature","properties":{"density":3},"geometry":{"type":"Polygon","coordinates":[[[-120.813,47.709],[-120.851,47.783],[-120.858,47.934],[-120.932,48.154],[-120.93,48.179],[-120.903,48.197],[-120.835,48.197],[-120.716,48.132],[-120.489,48.062],[-120.385,48.006],[-120.322,47.916],[-120.295,47.751],[-120.313,47.693],[-120.381,47.7],[-120.498,47.859],[-120.52,47.873],[-120.556,47.855],[-120.561,47.794],[-120.487,47.695],[-120.469,47.621],[-120.536,47.553],[-120.57,47.547],[-120.651,47.569],[-120.813,47.709]]]}},{"type":"Feature","properties":{"density":3},"geometry":{"type":"Polygon","coordinates":[[[-117.487,50.541],[-117.707,50.687],[-117.725,50.714],[-117.712,50.741],[-117.619,50.732],[-117.196,50.536],[-117.091,50.464],[-117.079,50.401],[-117.086,50.383],[-117.151,50.386],[-117.289,50.467],[-117.439,50.512],[-117.487,50.541]]]}},{"type":"Feature","properties":{"density":3},"geometry":{"type":"Polygon","coordinates":[[[-119.998,49.559],[-120.109,49.618],[-120.19,49.746],[-120.185,49.787],[-120.115,49.784],[-119.888,49.672],[-119.787,49.607],[-119.726,49.537],[-119.596,49.464],[-119.51,49.351],[-119.472,49.234],[-119.463,49.117],[-119.483,49.059],[-119.512,49.056],[-119.602,49.117],[-119.665,49.2],[-119.701,49.189],[-119.71,49.171],[-119.724,49.061],[-119.767,49.054],[-119.791,49.072],[-119.845,49.185],[-119.875,49.486],[-119.998,49.559]]]}},{"type":"Feature","properties":{"density":3},"geometry":{"type":"Polygon","coordinates":[[[-122.912,51.186],[-122.741,51.137],[-122.61,51.013],[-122.173,50.818],[-122.143,50.764],[-122.186,50.734],[-122.278,50.741],[-122.658,50.871],[-122.849,50.876],[-122.853,50.932],[-122.822,50.975],[-122.813,51.02],[-122.905,51.033],[-122.973,51.072],[-122.979,51.155],[-122.912,51.186]]]}},{"type":"Feature","properties":{"density":3},"geometry":{"type":"Polygon","coordinates":[[[-125.346,52.623],[-125.46,52.718],[-125.476,52.785],[-125.434,52.77],[-125.413,52.736],[-125.32,52.67],[-125.301,52.608],[-125.346,52.623]]]}},{"type":"Feature","properties":{"density":3},"geometry":{"type":"Polygon","coordinates":[[[-122.704,51.752],[-122.583,51.737],[-122.461,51.747],[-122.294,51.716],[-122.082,51.585],[-121.94,51.585],[-121.904,51.645],[-121.839,51.676],[-121.732,51.676],[-121.596,51.463],[-121.494,51.402],[-121.408,51.372],[-121.322,51.392],[-121.221,51.458],[-121.11,51.534],[-121.029,51.625],[-120.927,51.651],[-120.694,51.61],[-120.689,51.529],[-120.745,51.463],[-120.867,51.392],[-121.15,51.266],[-121.236,51.19],[-121.327,51.149],[-121.515,50.992],[-121.557,50.913],[-121.634,50.846],[-121.688,50.731],[-121.699,50.67],[-121.688,50.616],[-121.574,50.454],[-121.547,50.373],[-121.523,50.363],[-121.466,50.414],[-121.435,50.687],[-121.408,50.738],[-121.294,50.788],[-121.24,50.781],[-121.175,50.633],[-121.162,50.424],[-121.121,50.4],[-120.824,50.339],[-120.737,50.285],[-120.669,50.204],[-120.656,50.11],[-120.669,50.066],[-120.71,50.015],[-120.794,49.955],[-120.889,49.853],[-121.273,49.61],[-121.31,49.502],[-121.292,49.415],[-121.22,49.334],[-121.133,49.307],[-121.002,49.334],[-120.948,49.304],[-120.899,49.237],[-120.896,49.163],[-120.939,49.005],[-120.941,48.906],[-121.0,48.744],[-121.101,48.719],[-121.189,48.762],[-121.238,48.823],[-121.243,48.895],[-121.133,48.868],[-121.103,48.886],[-121.144,49.039],[-121.331,49.142],[-121.427,49.277],[-121.542,49.32],[-121.616,49.28],[-121.682,49.201],[-121.868,49.122],[-121.952,49.057],[-122.105,48.985],[-122.73,48.809],[-122.813,48.809],[-122.816,48.827],[-122.782,48.868],[-122.6,48.967],[-122.375,49.034],[-122.294,49.088],[-121.927,49.247],[-121.802,49.358],[-121.616,49.473],[-121.556,49.541],[-121.525,49.611],[-121.522,49.676],[-121.535,49.753],[-121.624,49.915],[-121.654,49.942],[-121.897,49.917],[-121.993,49.938],[-122.043,49.958],[-122.128,50.057],[-122.165,50.238],[-122.101,50.376],[-122.017,50.451],[-121.99,50.569],[-122.078,50.643],[-122.165,50.667],[-122.246,50.721],[-122.398,50.778],[-122.507,50.862],[-122.513,50.895],[-122.501,50.897],[-122.332,50.844],[-122.263,50.853],[-122.261,50.957],[-122.376,51.121],[-122.45,51.186],[-122.531,51.224],[-122.585,51.191],[-122.718,51.02],[-122.745,51.015],[-122.77,51.033],[-122.772,51.119],[-122.718,51.314],[-122.74,51.373],[-122.776,51.411],[-122.947,51.515],[-122.963,51.618],[-122.938,51.668],[-122.826,51.733],[-122.749,51.758],[-122.704,51.752]]]}},{"type":"Feature","properties":{"density":3},"geometry":{"type":"Polygon","coordinates":[[[-119.925,49.548],[-120.083,49.573],[-120.137,49.596],[-120.164,49.65],[-120.179,49.78],[-120.143,49.8],[-120.077,49.792],[-119.963,49.764],[-119.928,49.735],[-119.825,49.615],[-119.808,49.566],[-119.835,49.539],[-119.925,49.548]]]}},{"type":"Feature","properties":{"density":3},"geometry":{"type":"Polygon","coordinates":[[[-117.456,50.538],[-117.66,50.675],[-117.714,50.687],[-117.765,50.676],[-117.906,50.621],[-117.939,50.625],[-117.947,50.684],[-117.917,50.738],[-117.771,50.829],[-117.69,50.931],[-117.662,50.943],[-117.633,50.934],[-117.605,50.781],[-117.585,50.751],[-117.389,50.649],[-117.204,50.582],[-117.105,50.495],[-117.102,50.466],[-117.12,50.438],[-117.192,50.444],[-117.448,50.524],[-117.456,50.538]]]}},{"type":"Feature","properties":{"density":3},"geometry":{"type":"Polygon","coordinates":[[[-119.689,51.418],[-119.658,51.506],[-119.658,51.559],[-119.7,51.535],[-119.727,51.455],[-119.727,51.395],[-119.707,51.389],[-119.689,51.418]]]}},{"type":"Feature","properties":{"density":3},"geometry":{"type":"Polygon","coordinates":[[[-120.699,47.752],[-120.802,47.881],[-120.834,47.901],[-120.924,48.088],[-120.948,48.166],[-120.906,48.22],[-120.856,48.218],[-120.582,48.094],[-120.368,47.939],[-120.33,47.881],[-120.312,47.737],[-120.343,47.719],[-120.397,47.757],[-120.494,47.896],[-120.537,47.917],[-120.557,47.894],[-120.561,47.827],[-120.474,47.642],[-120.494,47.595],[-120.555,47.597],[-120.627,47.633],[-120.672,47.687],[-120.699,47.752]]]}},{"type":"Feature","properties":{"density":3},"geometry":{"type":"Polygon","coordinates":[[[-120.849,48.348],[-120.838,48.444],[-120.796,48.468],[-120.805,48.337],[-120.835,48.322],[-120.849,48.348]]]}},{"type":"Feature","properties":{"density":3},"geometry":{"type":"Polygon","coordinates":[[[-118.02,45.969],[-118.023,46.072],[-117.987,46.104],[-117.944,46.099],[-117.927,46.063],[-117.953,45.975],[-118.001,45.96],[-118.02,45.969]]]}},{"type":"Feature","properties":{"density":3},"geometry":{"type":"Polygon","coordinates":[[[-115.397,46.463],[-115.37,46.475],[-115.354,46.526],[-115.362,46.553],[-115.394,46.569],[-115.422,46.56],[-115.443,46.514],[-115.423,46.473],[-115.397,46.463]]]}},{"type":"Feature","properties":{"density":3},"geometry":{"type":"Polygon","coordinates":[[[-115.238,46.839],[-115.19,46.854],[-115.145,46.831],[-115.147,46.801],[-115.215,46.781],[-115.241,46.81],[-115.238,46.839]]]}},{"type":"Feature","properties":{"density":3},"geometry":{"type":"Polygon","coordinates":[[[-120.721,62.026],[-120.768,62.096],[-120.847,62.166],[-120.869,62.199],[-120.874,62.251],[-120.768,62.316],[-120.628,62.33],[-120.547,62.31],[-120.514,62.247],[-120.514,62.166],[-120.55,62.022],[-120.599,61.988],[-120.64,61.983],[-120.687,61.99],[-120.721,62.026]]]}},{"type":"Feature","properties":{"density":3},"geometry":{"type":"Polygon","coordinates":[[[-121.71,36.26],[-121.68,36.336],[-121.643,36.361],[-121.635,36.348],[-121.67,36.217],[-121.704,36.225],[-121.71,36.26]]]}},{"type":"Feature","properties":{"density":3},"geometry":{"type":"Polygon","coordinates":[[[-85.675,32.872],[-85.466,32.87],[-85.452,32.836],[-85.511,32.808],[-85.564,32.811],[-85.631,32.838],[-85.706,32.844],[-85.675,32.872]]]}},{"type":"Feature","properties":{"density":3},"geometry":{"type":"Polygon","coordinates":[[[-98.407,24.381],[-98.481,24.619],[-98.488,24.702],[-98.464,24.724],[-98.416,24.675],[-98.359,24.456],[-98.355,24.337],[-98.374,24.337],[-98.407,24.381]]]}},{"type":"Feature","properties":{"density":3},"geometry":{"type":"Polygon","coordinates":[[[-121.519,49.034],[-121.537,49.362],[-121.497,49.598],[-121.51,49.709],[-121.537,49.827],[-121.618,50.013],[-121.652,50.188],[-121.706,50.303],[-121.784,50.418],[-121.888,50.529],[-122.0,50.59],[-122.02,50.644],[-122.172,50.776],[-122.256,50.921],[-122.3,51.039],[-122.418,51.106],[-122.54,51.154],[-122.621,51.15],[-122.668,51.076],[-122.675,51.015],[-122.725,50.992],[-122.833,51.025],[-122.897,50.998],[-122.941,50.998],[-123.039,51.052],[-123.076,51.096],[-123.07,51.147],[-122.897,51.312],[-122.877,51.349],[-122.874,51.427],[-122.968,51.495],[-123.07,51.522],[-123.211,51.589],[-123.225,51.653],[-123.205,51.7],[-122.975,51.839],[-122.746,51.879],[-122.678,51.94],[-122.3,52.092],[-121.855,52.423],[-121.652,52.44],[-121.574,52.413],[-121.446,52.406],[-121.007,52.48],[-120.737,52.494],[-120.656,52.49],[-120.49,52.45],[-120.4,52.344],[-120.424,52.291],[-120.547,52.255],[-120.646,52.251],[-120.734,52.217],[-120.846,52.128],[-121.037,52.039],[-121.155,51.958],[-121.304,51.92],[-121.345,51.862],[-121.348,51.775],[-121.335,51.721],[-121.298,51.667],[-121.274,51.646],[-121.129,51.687],[-121.038,51.775],[-120.97,51.869],[-120.859,51.947],[-120.413,51.977],[-120.345,52.021],[-120.174,52.058],[-120.025,52.041],[-119.995,52.018],[-119.968,51.964],[-119.978,51.913],[-120.082,51.795],[-120.186,51.724],[-120.593,51.639],[-120.694,51.596],[-120.775,51.461],[-121.045,51.231],[-121.284,51.063],[-121.375,51.017],[-121.497,50.88],[-121.588,50.718],[-121.603,50.658],[-121.598,50.47],[-121.563,50.404],[-121.492,50.384],[-121.355,50.47],[-121.239,50.49],[-121.142,50.394],[-121.075,50.369],[-120.889,50.22],[-120.883,50.126],[-120.97,49.92],[-120.991,49.829],[-120.98,49.772],[-120.903,49.687],[-120.7,49.61],[-120.474,49.549],[-120.295,49.525],[-120.157,49.471],[-119.863,49.41],[-119.798,49.424],[-119.715,49.412],[-119.578,49.37],[-119.501,49.291],[-119.461,49.172],[-119.459,49.066],[-119.49,48.965],[-119.678,48.837],[-119.75,48.747],[-119.862,48.711],[-119.961,48.738],[-120.015,48.846],[-120.006,48.925],[-120.04,49.04],[-120.116,49.098],[-120.26,49.085],[-120.592,48.947],[-120.957,48.914],[-121.072,48.884],[-121.153,48.887],[-121.399,48.945],[-121.489,48.947],[-121.519,49.034]]]}},{"type":"Feature","properties":{"density":3},"geometry":{"type":"Polygon","coordinates":[[[-119.759,51.409],[-119.759,51.549],[-119.744,51.6],[-119.705,51.651],[-119.581,51.727],[-119.51,51.736],[-119.404,51.717],[-119.387,51.672],[-119.432,51.591],[-119.598,51.505],[-119.697,51.398],[-119.73,51.385],[-119.759,51.409]]]}},{"type":"Feature","properties":{"density":3},"geometry":{"type":"Polygon","coordinates":[[[-117.489,50.697],[-117.303,50.595],[-117.291,50.542],[-117.358,50.515],[-117.453,50.517],[-117.549,50.629],[-117.556,50.676],[-117.489,50.697]]]}},{"type":"Feature","properties":{"density":3},"geometry":{"type":"Polygon","coordinates":[[[-118.332,50.591],[-118.322,50.615],[-118.241,50.669],[-118.13,50.723],[-118.019,50.747],[-117.747,50.771],[-117.651,50.744],[-117.608,50.696],[-117.639,50.657],[-117.737,50.609],[-117.918,50.58],[-118.055,50.582],[-118.113,50.526],[-118.158,50.507],[-118.184,50.522],[-118.187,50.579],[-118.212,50.592],[-118.251,50.597],[-118.305,50.553],[-118.331,50.565],[-118.332,50.591]]]}},{"type":"Feature","properties":{"density":3},"geometry":{"type":"Polygon","coordinates":[[[-116.583,48.929],[-116.486,48.979],[-116.352,48.992],[-115.95,48.989],[-115.914,48.971],[-115.912,48.942],[-115.921,48.917],[-115.977,48.881],[-116.108,48.845],[-116.267,48.847],[-116.441,48.888],[-116.576,48.89],[-116.596,48.904],[-116.583,48.929]]]}},{"type":"Feature","properties":{"density":3},"geometry":{"type":"Polygon","coordinates":[[[-120.03,49.582],[-120.14,49.636],[-120.194,49.692],[-120.197,49.731],[-120.066,49.897],[-120.003,49.951],[-119.936,49.951],[-119.807,49.933],[-119.708,49.868],[-119.69,49.841],[-119.706,49.755],[-119.731,49.704],[-119.794,49.638],[-119.806,49.545],[-119.824,49.527],[-119.9,49.53],[-120.03,49.582]]]}},{"type":"Feature","properties":{"density":3},"geometry":{"type":"Polygon","coordinates":[[[-116.377,51.129],[-116.352,51.203],[-116.157,51.3],[-115.909,51.353],[-115.809,51.323],[-115.827,51.252],[-115.921,51.195],[-116.19,51.14],[-116.298,51.083],[-116.356,51.077],[-116.372,51.088],[-116.377,51.129]]]}},{"type":"Feature","properties":{"density":3},"geometry":{"type":"Polygon","coordinates":[[[-115.091,48.18],[-114.966,48.26],[-114.914,48.269],[-114.885,48.245],[-114.898,48.212],[-114.954,48.177],[-115.078,48.146],[-115.096,48.158],[-115.091,48.18]]]}},{"type":"Feature","properties":{"density":3},"geometry":{"type":"Polygon","coordinates":[[[-120.73,47.792],[-120.712,47.86],[-120.732,47.882],[-120.851,47.912],[-120.858,48.051],[-120.941,48.173],[-120.934,48.22],[-120.865,48.325],[-120.743,48.362],[-120.601,48.368],[-120.46,48.338],[-120.433,48.298],[-120.433,48.264],[-120.529,48.046],[-120.53,47.945],[-120.487,47.95],[-120.383,48.01],[-120.32,48.01],[-120.255,47.962],[-120.263,47.87],[-120.343,47.798],[-120.496,47.725],[-120.668,47.728],[-120.716,47.756],[-120.73,47.792]]]}},{"type":"Feature","properties":{"density":3},"geometry":{"type":"Polygon","coordinates":[[[-118.051,46.019],[-118.045,46.07],[-118.01,46.136],[-117.962,46.184],[-117.796,46.287],[-117.767,46.278],[-117.76,46.217],[-117.773,46.184],[-117.946,45.957],[-118.004,45.936],[-118.037,45.947],[-118.051,46.019]]]}},{"type":"Feature","properties":{"density":3},"geometry":{"type":"Polygon","coordinates":[[[-121.705,36.258],[-121.714,36.345],[-121.663,36.429],[-121.61,36.482],[-121.583,36.49],[-121.654,36.213],[-121.689,36.215],[-121.705,36.258]]]}},{"type":"Feature","properties":{"density":3},"geometry":{"type":"Polygon","coordinates":[[[-97.802,55.343],[-96.15,56.015],[-95.547,56.197],[-95.273,56.299],[-94.67,56.345],[-94.112,56.493],[-93.337,56.618],[-92.79,56.618],[-92.494,56.561],[-92.414,56.482],[-92.414,56.334],[-92.449,56.185],[-92.688,55.559],[-92.916,55.297],[-93.265,54.689],[-93.69,54.34],[-93.86,54.117],[-94.123,53.905],[-94.447,53.723],[-94.71,53.677],[-95.178,53.444],[-95.353,53.406],[-95.558,53.376],[-95.839,53.368],[-96.325,53.429],[-96.69,53.512],[-97.419,53.763],[-97.54,53.892],[-97.669,54.09],[-97.783,54.333],[-97.829,54.484],[-97.935,54.697],[-98.003,54.963],[-97.981,55.153],[-97.802,55.343]]]}},{"type":"Feature","properties":{"density":3},"geometry":{"type":"Polygon","coordinates":[[[-126.132,50.141],[-126.067,50.293],[-126.026,50.303],[-126.006,50.222],[-126.017,50.194],[-126.105,50.122],[-126.127,50.122],[-126.132,50.141]]]}},{"type":"Feature","properties":{"density":3},"geometry":{"type":"Polygon","coordinates":[[[-125.348,52.645],[-125.386,52.71],[-125.582,52.863],[-125.618,52.944],[-125.604,52.991],[-125.552,53.038],[-125.399,53.099],[-125.233,53.141],[-125.132,53.141],[-125.108,53.12],[-125.095,53.06],[-125.125,52.911],[-125.212,52.745],[-125.292,52.636],[-125.33,52.618],[-125.348,52.645]]]}},{"type":"Feature","properties":{"density":3},"geometry":{"type":"Polygon","coordinates":[[[-120.805,62.001],[-120.805,62.112],[-120.761,62.23],[-120.602,62.473],[-120.481,62.591],[-120.373,62.625],[-120.241,62.636],[-120.122,62.598],[-119.989,62.522],[-119.953,62.492],[-119.915,62.423],[-119.912,62.387],[-119.937,62.346],[-120.0,62.303],[-120.187,62.238],[-120.333,62.092],[-120.479,61.993],[-120.596,61.95],[-120.683,61.945],[-120.763,61.957],[-120.805,62.001]]]}},{"type":"Feature","properties":{"density":3},"geometry":{"type":"Polygon","coordinates":[[[-120.654,62.608],[-120.591,62.671],[-120.553,62.75],[-120.528,62.763],[-120.483,62.761],[-120.434,62.716],[-120.438,62.68],[-120.573,62.572],[-120.699,62.527],[-120.708,62.554],[-120.654,62.608]]]}},{"type":"Feature","properties":{"density":3},"geometry":{"type":"Polygon","coordinates":[[[-98.437,24.3],[-98.567,24.577],[-98.61,24.713],[-98.624,24.787],[-98.61,24.848],[-98.59,24.852],[-98.522,24.808],[-98.468,24.747],[-98.401,24.602],[-98.374,24.43],[-98.316,24.281],[-98.312,24.199],[-98.384,24.219],[-98.437,24.3]]]}}]}