{"type":"FeatureCollection","features":[{"type":"Feature","properties":{"density":1},"geometry":{"type":"Polygon","coordinates":[[[-71.217,19.045],[-71.242,19.032],[-71.238,19.016],[-71.193,19.005],[-71.074,19.014],[-71.043,19.044],[-71.046,19.059],[-71.084,19.066],[-71.217,19.045]]]}},{"type":"Feature","properties":{"density":1},"geometry":{"type":"Polygon","coordinates":[[[-71.998,18.466],[-71.922,18.415],[-71.902,18.369],[-71.904,18.338],[-71.954,18.31],[-72.38,18.443],[-72.696,18.591],[-72.784,18.659],[-72.817,18.753],[-72.764,18.819],[-72.707,18.836],[-72.497,18.836],[-72.396,18.808],[-72.258,18.727],[-72.11,18.575],[-72.033,18.518],[-71.998,18.466]]]}},{"type":"Feature","properties":{"density":1},"geometry":{"type":"Polygon","coordinates":[[[-71.509,18.624],[-71.959,18.856],[-72.025,18.9],[-72.047,18.935],[-72.047,18.968],[-71.992,18.968],[-71.83,18.88],[-71.724,18.849],[-71.564,18.77],[-71.461,18.659],[-71.463,18.628],[-71.509,18.624]]]}},{"type":"Feature","properties":{"density":1},"geometry":{"type":"Polygon","coordinates":[[[-76.619,20.664],[-76.681,20.676],[-76.72,20.708],[-76.624,20.704],[-76.593,20.678],[-76.619,20.664]]]}},{"type":"Feature","properties":{"density":1},"geometry":{"type":"Polygon","coordinates":[[[-77.008,21.257],[-77.111,21.274],[-77.019,21.283],[-77.005,21.277],[-77.008,21.257]]]}},{"type":"Feature","properties":{"density":1},"geometry":{"type":"Polygon","coordinates":[[[-80.497,26.234],[-80.319,26.377],[-80.255,26.392],[-80.189,26.366],[-80.192,26.313],[-80.229,26.274],[-80.404,26.169],[-80.492,26.177],[-80.497,26.234]]]}},{"type":"Feature","properties":{"density":1},"geometry":{"type":"Polygon","coordinates":[[[-80.885,26.434],[-80.824,26.524],[-80.598,26.774],[-80.563,26.796],[-80.516,26.798],[-80.481,26.766],[-80.477,26.735],[-80.532,26.605],[-80.652,26.478],[-80.778,26.41],[-80.837,26.403],[-80.885,26.434]]]}},{"type":"Feature","properties":{"density":1},"geometry":{"type":"Polygon","coordinates":[[[-82.61,32.836],[-82.424,32.676],[-82.456,32.621],[-82.48,32.606],[-82.557,32.608],[-82.656,32.696],[-82.674,32.742],[-82.634,32.823],[-82.61,32.836]]]}},{"type":"Feature","properties":{"density":1},"geometry":{"type":"Polygon","coordinates":[[[-123.132,42.056],[-123.355,42.106],[-123.579,42.261],[-123.622,42.465],[-123.566,42.757],[-123.461,42.943],[-123.207,43.104],[-123.039,43.166],[-122.153,43.581],[-121.954,43.711],[-121.83,43.817],[-121.638,44.121],[-121.601,44.263],[-121.607,44.418],[-121.557,44.604],[-121.427,44.728],[-121.297,44.815],[-121.08,45.045],[-121.08,45.193],[-121.223,45.454],[-121.247,45.652],[-121.055,46.495],[-121.285,48.228],[-121.461,48.535],[-121.601,49.047],[-121.545,49.484],[-121.35,49.819],[-121.145,50.116],[-120.875,50.405],[-120.531,50.581],[-120.001,50.581],[-119.666,50.284],[-119.434,49.902],[-119.183,49.437],[-119.118,49.261],[-118.885,49.093],[-118.606,49.056],[-117.899,49.149],[-117.481,49.149],[-117.127,49.037],[-116.876,48.833],[-116.244,48.005],[-115.965,47.447],[-115.816,47.177],[-115.621,46.871],[-115.481,46.573],[-115.397,46.257],[-115.425,45.885],[-115.937,45.131],[-116.216,44.815],[-116.495,44.304],[-116.662,43.876],[-116.885,43.606],[-117.285,42.881],[-117.825,42.462],[-118.188,42.295],[-118.932,42.192],[-119.508,42.369],[-120.159,42.657],[-120.708,42.816],[-121.136,42.871],[-121.48,42.853],[-121.787,42.723],[-122.298,42.425],[-122.466,42.323],[-122.689,42.137],[-122.921,42.081],[-123.132,42.056]]]}},{"type":"Feature","properties":{"density":1},"geometry":{"type":"Polygon","coordinates":[[[-103.814,37.146],[-103.833,36.942],[-103.917,36.765],[-104.373,36.402],[-104.707,36.328],[-105.591,35.947],[-105.991,35.751],[-106.791,35.314],[-107.098,35.082],[-107.516,34.961],[-107.786,34.961],[-108.018,35.072],[-108.66,35.156],[-108.902,35.091],[-109.265,34.961],[-109.488,34.924],[-109.72,34.924],[-109.999,35.035],[-110.483,35.333],[-110.632,35.556],[-110.762,35.788],[-110.874,36.458],[-110.994,36.774],[-111.115,36.998],[-111.255,37.518],[-111.301,37.816],[-111.32,38.095],[-111.329,38.476],[-111.311,38.811],[-111.218,39.127],[-111.078,39.453],[-110.92,39.704],[-110.418,40.346],[-110.213,40.439],[-109.999,40.42],[-109.757,40.318],[-109.516,40.188],[-109.209,40.085],[-108.697,39.946],[-108.372,39.909],[-107.73,39.899],[-107.358,39.983],[-107.098,40.067],[-106.846,40.225],[-106.558,40.448],[-105.461,41.541],[-105.349,41.792],[-105.335,42.071],[-105.628,42.406],[-106.033,42.601],[-106.493,42.643],[-107.721,42.448],[-108.265,42.434],[-108.697,42.573],[-109.046,42.782],[-109.158,43.047],[-109.088,43.299],[-108.906,43.522],[-108.683,43.717],[-108.53,43.912],[-108.502,44.15],[-108.683,44.387],[-108.753,44.694],[-108.614,45.056],[-108.209,45.67],[-108.069,46.005],[-108.014,46.27],[-108.0,46.605],[-108.404,47.065],[-108.739,47.288],[-109.395,47.442],[-110.706,47.456],[-111.655,47.288],[-112.199,47.135],[-112.827,47.051],[-113.231,47.037],[-113.859,47.093],[-114.794,47.037],[-115.477,47.177],[-115.882,47.456],[-116.342,47.874],[-117.291,48.321],[-118.546,48.656],[-120.165,48.586],[-121.588,47.958],[-122.229,47.958],[-122.843,48.084],[-123.415,48.237],[-123.876,48.67],[-124.336,49.074],[-124.922,49.395],[-125.48,49.534],[-126.237,49.308],[-126.959,48.994],[-127.335,48.335],[-127.775,47.142],[-127.932,45.259],[-128.026,43.626],[-128.026,42.402],[-128.716,39.734],[-129.344,38.008],[-129.878,35.308],[-130.819,33.142],[-132.232,31.542],[-134.115,30.192],[-135.936,29.69],[-137.913,29.533],[-139.546,29.878],[-140.613,30.914],[-141.366,32.138],[-141.743,33.425],[-141.774,36.972],[-141.335,38.981],[-138.164,45.008],[-137.317,46.138],[-136.313,47.927],[-135.779,48.743],[-135.151,49.653],[-133.351,51.756],[-132.766,52.489],[-132.159,53.116],[-131.531,53.514],[-130.945,53.807],[-130.129,54.456],[-129.229,54.895],[-128.371,55.251],[-127.513,55.397],[-126.885,55.481],[-126.279,55.795],[-125.965,56.716],[-126.006,57.176],[-126.341,57.636],[-127.178,58.348],[-127.994,58.348],[-128.664,58.285],[-129.689,58.285],[-131.405,58.955],[-131.636,59.499],[-131.364,59.917],[-131.071,60.231],[-130.924,60.566],[-130.903,60.943],[-130.757,61.319],[-130.15,61.675],[-129.669,61.654],[-129.124,61.529],[-128.35,61.403],[-127.304,61.382],[-126.404,61.529],[-126.006,61.717],[-125.63,62.135],[-125.441,62.659],[-125.651,63.244],[-125.965,63.747],[-126.802,64.626],[-128.434,65.525],[-130.045,65.818],[-132.996,66.509],[-136.26,67.492],[-137.955,68.539],[-140.696,70.087],[-142.763,71.196],[-144.128,72.891],[-144.505,76.941],[-142.857,80.095],[-140.362,82.685],[-136.36,84.521],[-132.734,85.368],[-127.508,85.463],[-122.423,85.416],[-119.174,84.568],[-115.549,83.297],[-113.147,81.555],[-106.488,77.406],[-105.672,76.935],[-103.569,74.895],[-101.842,73.734],[-100.43,72.698],[-99.268,72.133],[-97.981,71.725],[-95.627,71.411],[-93.744,71.505],[-92.269,71.85],[-90.95,72.604],[-89.412,73.2],[-86.179,73.859],[-84.892,73.859],[-83.794,73.451],[-82.758,72.886],[-81.502,71.379],[-80.571,70.668],[-79.274,70.249],[-78.06,70.166],[-76.616,70.145],[-75.235,70.229],[-73.038,70.542],[-71.301,70.626],[-68.999,70.626],[-67.304,70.71],[-66.404,70.605],[-65.755,70.103],[-65.672,69.517],[-66.216,68.931],[-67.074,68.513],[-67.911,68.22],[-70.736,67.341],[-71.949,67.048],[-73.414,66.629],[-75.109,66.232],[-76.574,65.75],[-77.516,65.499],[-78.457,65.395],[-79.378,65.206],[-80.215,64.997],[-80.717,64.599],[-80.613,63.846],[-79.65,63.26],[-78.353,62.737],[-73.268,60.937],[-70.568,58.573],[-69.648,58.029],[-68.601,56.731],[-67.22,54.513],[-66.467,53.571],[-65.567,52.4],[-64.291,50.265],[-62.47,49.135],[-61.256,48.549],[-59.854,48.235],[-58.452,48.152],[-56.15,48.8],[-55.564,49.135],[-54.811,49.888],[-54.037,50.83],[-53.346,51.793],[-53.012,52.713],[-52.823,53.655],[-52.928,54.597],[-53.095,55.35],[-53.221,56.062],[-53.577,56.752],[-54.293,57.919],[-56.365,58.955],[-57.307,59.049],[-59.002,57.589],[-60.084,57.542],[-60.979,57.966],[-60.932,59.096],[-59.849,60.65],[-58.484,61.685],[-57.212,62.015],[-56.035,62.015],[-54.152,61.827],[-49.773,61.168],[-48.125,61.638],[-46.43,62.25],[-44.829,63.098],[-42.993,63.993],[-40.827,65.264],[-36.402,67.147],[-33.435,67.759],[-30.846,68.513],[-27.503,69.596],[-25.949,69.925],[-18.651,70.396],[-16.721,70.349],[-14.414,69.454],[-12.53,68.418],[-11.871,66.158],[-11.871,63.569],[-12.154,61.168],[-13.707,58.625],[-15.073,56.742],[-16.203,55.565],[-15.999,52.473],[-15.34,51.751],[-14.367,50.841],[-13.99,49.773],[-13.707,48.895],[-13.707,47.89],[-13.582,47.2],[-13.676,45.975],[-14.21,45.348],[-15.748,44.626],[-17.976,44.029],[-20.048,43.778],[-22.025,43.653],[-23.375,43.715],[-24.411,44.343],[-24.725,45.253],[-25.227,46.069],[-25.98,46.697],[-27.048,47.168],[-28.178,47.419],[-29.088,47.953],[-29.339,48.643],[-29.339,49.46],[-29.873,50.244],[-30.5,50.778],[-31.568,50.778],[-32.415,50.056],[-32.635,49.334],[-32.258,48.581],[-32.164,47.451],[-32.541,46.634],[-33.325,46.415],[-34.424,46.321],[-35.491,45.881],[-36.15,45.253],[-36.747,44.531],[-37.249,42.209],[-37.343,41.204],[-37.657,39.509],[-37.971,38.254],[-38.159,37.249],[-38.128,36.308],[-38.473,35.209],[-38.818,33.891],[-39.478,32.447],[-40.67,31.223],[-42.146,30.312],[-44.939,28.366],[-46.634,27.236],[-50.213,25.447],[-53.917,23.721],[-56.553,22.904],[-58.311,22.277],[-60.163,21.649],[-61.262,21.335],[-63.27,20.927],[-65.279,21.241],[-65.939,21.774],[-66.504,22.559],[-67.037,23.407],[-67.163,24.411],[-66.912,25.51],[-66.504,26.2],[-65.97,26.514],[-65.279,26.859],[-65.028,27.707],[-65.028,28.711],[-65.499,29.747],[-66.158,30.72],[-67.1,31.474],[-68.104,31.882],[-72.028,31.181],[-73.242,31.055],[-74.686,30.72],[-75.69,30.281],[-76.841,29.988],[-77.699,29.841],[-82.554,29.841],[-84.27,30.553],[-86.509,31.85],[-87.89,32.687],[-88.497,33.21],[-91.28,36.496],[-91.719,37.145],[-92.807,38.254],[-94.837,39.049],[-96.009,39.174],[-97.516,39.279],[-98.688,39.237],[-99.692,39.028],[-100.404,38.505],[-100.927,38.086],[-101.638,37.249],[-102.35,37.479],[-102.643,37.71],[-102.915,38.023],[-103.229,38.191],[-103.48,38.191],[-103.856,38.107],[-103.982,37.856],[-103.814,37.146]]]}},{"type":"Feature","properties":{"density":1},"geometry":{"type":"Polygon","coordinates":[[[-92.936,17.794],[-92.901,17.779],[-92.886,17.739],[-92.897,17.721],[-93.391,17.711],[-93.902,17.781],[-94.1,17.846],[-94.319,17.866],[-94.672,17.869],[-94.749,17.895],[-94.778,17.945],[-94.749,18.0],[-94.664,18.02],[-94.216,18.02],[-92.936,17.794]]]}},{"type":"Feature","properties":{"density":1},"geometry":{"type":"Polygon","coordinates":[[[-110.248,33.333],[-109.558,33.176],[-108.961,32.736],[-108.428,31.355],[-108.616,30.728],[-108.867,30.1],[-108.993,29.441],[-108.773,28.342],[-108.302,27.086],[-107.706,26.176],[-107.235,25.705],[-106.733,25.046],[-106.293,24.261],[-105.728,23.194],[-105.195,21.813],[-105.038,21.06],[-104.692,20.369],[-103.813,18.925],[-103.5,18.298],[-103.28,17.45],[-103.092,16.634],[-103.248,15.504],[-103.688,14.437],[-104.378,13.495],[-105.352,12.742],[-106.482,12.365],[-107.612,12.239],[-109.118,12.836],[-110.091,13.715],[-110.594,13.84],[-112.194,13.997],[-113.67,14.437],[-113.952,14.813],[-113.984,15.316],[-113.638,16.038],[-113.293,16.508],[-112.791,17.324],[-112.508,18.298],[-112.194,18.925],[-111.849,19.679],[-111.504,20.62],[-111.064,22.378],[-111.064,23.288],[-111.315,23.539],[-111.567,23.696],[-112.069,24.167],[-112.477,24.701],[-113.042,25.391],[-113.356,26.082],[-113.795,26.929],[-113.984,27.589],[-113.984,28.154],[-113.889,28.719],[-113.858,29.189],[-113.67,29.472],[-113.638,29.911],[-113.575,30.319],[-113.23,30.884],[-112.508,31.167],[-112.037,31.512],[-111.661,31.92],[-111.378,32.36],[-111.221,32.831],[-110.97,33.05],[-110.248,33.333]]]}},{"type":"Feature","properties":{"density":1},"geometry":{"type":"Polygon","coordinates":[[[-72.029,18.31],[-72.299,18.401],[-72.879,18.492],[-73.169,18.495],[-73.493,18.549],[-73.618,18.613],[-73.656,18.728],[-73.652,18.775],[-73.517,18.9],[-73.22,19.055],[-72.987,19.066],[-72.511,18.907],[-72.33,18.823],[-71.934,18.544],[-71.869,18.471],[-71.863,18.369],[-71.884,18.321],[-71.93,18.286],[-72.029,18.31]]]}},{"type":"Feature","properties":{"density":1},"geometry":{"type":"Polygon","coordinates":[[[-72.031,18.937],[-71.858,18.919],[-71.585,18.814],[-71.469,18.757],[-71.442,18.726],[-71.437,18.649],[-71.451,18.622],[-71.537,18.618],[-71.795,18.74],[-72.164,18.835],[-72.174,18.89],[-72.161,18.913],[-72.129,18.931],[-72.031,18.937]]]}},{"type":"Feature","properties":{"density":1},"geometry":{"type":"Polygon","coordinates":[[[-92.912,17.791],[-93.27,17.87],[-93.4,17.859],[-93.443,17.836],[-93.459,17.8],[-93.45,17.762],[-93.42,17.73],[-93.315,17.692],[-93.204,17.688],[-92.921,17.735],[-92.901,17.755],[-92.912,17.791]]]}},{"type":"Feature","properties":{"density":1},"geometry":{"type":"Polygon","coordinates":[[[-105.474,55.819],[-105.3,55.962],[-105.134,56.058],[-104.963,56.067],[-104.889,56.04],[-104.651,55.851],[-104.525,55.704],[-104.516,55.641],[-104.554,55.583],[-105.155,55.427],[-105.222,55.416],[-105.285,55.427],[-105.402,55.491],[-105.534,55.629],[-105.627,55.698],[-105.617,55.787],[-105.559,55.815],[-105.474,55.819]]]}},{"type":"Feature","properties":{"density":1},"geometry":{"type":"Polygon","coordinates":[[[-102.059,55.415],[-101.779,55.45],[-101.489,55.459],[-101.408,55.443],[-101.387,55.42],[-101.381,55.374],[-101.423,55.3],[-101.576,55.221],[-101.929,55.162],[-102.074,55.188],[-102.127,55.242],[-102.127,55.275],[-102.059,55.415]]]}},{"type":"Feature","properties":{"density":1},"geometry":{"type":"Polygon","coordinates":[[[-104.409,56.273],[-103.854,56.358],[-103.658,56.346],[-103.59,56.327],[-103.56,56.279],[-103.595,56.243],[-103.836,56.187],[-104.159,56.171],[-104.414,56.205],[-104.427,56.246],[-104.409,56.273]]]}},{"type":"Feature","properties":{"density":1},"geometry":{"type":"Polygon","coordinates":[[[-118.003,45.975],[-117.998,46.055],[-117.941,46.103],[-117.907,46.091],[-117.902,46.023],[-117.921,45.991],[-117.972,45.956],[-118.003,45.975]]]}},{"type":"Feature","properties":{"density":1},"geometry":{"type":"Polygon","coordinates":[[[-118.326,45.702],[-118.357,45.758],[-118.327,45.813],[-118.3,45.826],[-118.116,45.845],[-118.002,45.826],[-117.984,45.798],[-117.98,45.751],[-117.996,45.733],[-118.069,45.703],[-118.258,45.672],[-118.31,45.679],[-118.326,45.702]]]}},{"type":"Feature","properties":{"density":1},"geometry":{"type":"Polygon","coordinates":[[[-118.49,44.715],[-118.53,44.727],[-118.83,44.937],[-118.893,44.955],[-118.95,45.008],[-118.95,45.075],[-118.919,45.111],[-118.88,45.12],[-118.421,44.901],[-118.334,44.805],[-118.319,44.732],[-118.368,44.702],[-118.49,44.715]]]}},{"type":"Feature","properties":{"density":1},"geometry":{"type":"Polygon","coordinates":[[[-117.323,44.883],[-117.245,44.907],[-117.13,44.907],[-117.029,44.88],[-116.978,44.84],[-116.938,44.765],[-116.951,44.526],[-116.992,44.462],[-117.056,44.418],[-117.13,44.384],[-117.205,44.381],[-117.286,44.438],[-117.343,44.829],[-117.323,44.883]]]}},{"type":"Feature","properties":{"density":1},"geometry":{"type":"Polygon","coordinates":[[[-123.48,42.793],[-123.394,42.818],[-123.253,42.904],[-122.802,43.213],[-122.412,43.415],[-122.281,43.446],[-122.194,43.436],[-122.129,43.405],[-122.053,43.319],[-121.992,43.198],[-121.921,42.853],[-121.886,42.772],[-121.87,42.636],[-121.881,42.372],[-121.911,42.165],[-121.989,41.996],[-122.167,41.854],[-122.299,41.811],[-122.491,41.79],[-122.711,41.804],[-122.788,41.848],[-122.896,42.027],[-122.988,42.104],[-123.146,42.148],[-123.551,42.146],[-123.627,42.164],[-123.681,42.245],[-123.684,42.308],[-123.648,42.537],[-123.585,42.693],[-123.519,42.785],[-123.48,42.793]]]}},{"type":"Feature","properties":{"density":1},"geometry":{"type":"Polygon","coordinates":[[[-77.72,47.753],[-77.602,47.798],[-77.411,47.813],[-77.281,47.791],[-77.189,47.753],[-77.074,47.649],[-77.013,47.514],[-77.011,47.404],[-77.09,47.366],[-77.177,47.372],[-77.272,47.388],[-77.371,47.429],[-77.72,47.672],[-77.739,47.719],[-77.72,47.753]]]}},{"type":"Feature","properties":{"density":1},"geometry":{"type":"Polygon","coordinates":[[[-76.83,46.79],[-76.671,46.781],[-76.552,46.716],[-76.479,46.554],[-76.475,46.469],[-76.509,46.426],[-76.578,46.43],[-76.655,46.48],[-76.812,46.709],[-76.841,46.766],[-76.83,46.79]]]}},{"type":"Feature","properties":{"density":1},"geometry":{"type":"Polygon","coordinates":[[[-107.556,38.172],[-107.619,38.319],[-107.619,38.365],[-107.566,38.449],[-107.535,38.472],[-107.452,38.485],[-107.41,38.421],[-107.412,38.332],[-107.49,38.143],[-107.515,38.136],[-107.556,38.172]]]}},{"type":"Feature","properties":{"density":1},"geometry":{"type":"Polygon","coordinates":[[[-105.013,37.827],[-105.253,37.824],[-105.393,37.883],[-105.52,38.031],[-105.556,38.106],[-105.583,38.234],[-105.566,38.325],[-105.537,38.37],[-105.204,38.519],[-105.143,38.53],[-105.078,38.514],[-105.044,38.487],[-105.017,38.422],[-104.913,37.949],[-104.94,37.859],[-105.013,37.827]]]}},{"type":"Feature","properties":{"density":1},"geometry":{"type":"Polygon","coordinates":[[[-78.438,34.275],[-78.387,34.313],[-78.274,34.34],[-78.235,34.328],[-78.213,34.28],[-78.261,34.244],[-78.433,34.218],[-78.445,34.236],[-78.438,34.275]]]}},{"type":"Feature","properties":{"density":1},"geometry":{"type":"Polygon","coordinates":[[[-122.246,51.115],[-122.459,51.122],[-123.217,51.268],[-123.273,51.311],[-123.338,51.437],[-123.3,51.509],[-123.228,51.565],[-123.14,51.587],[-122.783,51.56],[-122.643,51.581],[-122.498,51.668],[-122.468,51.79],[-122.427,51.827],[-122.268,51.84],[-122.184,51.803],[-122.113,51.716],[-122.063,51.621],[-122.022,51.527],[-122.002,51.253],[-122.034,51.181],[-122.106,51.126],[-122.246,51.115]]]}},{"type":"Feature","properties":{"density":1},"geometry":{"type":"Polygon","coordinates":[[[-123.261,63.585],[-123.215,63.627],[-122.846,63.792],[-122.594,63.871],[-122.434,63.873],[-122.39,63.854],[-122.375,63.83],[-122.384,63.806],[-122.445,63.777],[-123.011,63.588],[-123.123,63.516],[-123.222,63.49],[-123.259,63.496],[-123.276,63.531],[-123.261,63.585]]]}},{"type":"Feature","properties":{"density":1},"geometry":{"type":"Polygon","coordinates":[[[-76.828,46.782],[-76.582,46.808],[-76.472,46.793],[-76.349,46.734],[-76.284,46.607],[-76.264,46.521],[-76.262,46.33],[-76.292,46.278],[-76.376,46.28],[-76.461,46.335],[-76.554,46.438],[-76.604,46.563],[-76.661,46.648],[-76.718,46.705],[-76.84,46.748],[-76.828,46.782]]]}},{"type":"Feature","properties":{"density":1},"geometry":{"type":"Polygon","coordinates":[[[-102.027,55.447],[-101.783,55.463],[-101.294,55.453],[-100.993,55.411],[-100.857,55.331],[-100.818,55.268],[-100.785,55.105],[-100.807,55.02],[-100.895,54.957],[-100.972,54.94],[-101.338,54.936],[-101.608,54.984],[-101.882,55.056],[-102.055,55.125],[-102.105,55.156],[-102.157,55.217],[-102.16,55.289],[-102.114,55.41],[-102.027,55.447]]]}},{"type":"Feature","properties":{"density":1},"geometry":{"type":"Polygon","coordinates":[[[-129.183,59.726],[-129.398,59.763],[-129.452,59.807],[-129.457,59.86],[-129.393,59.892],[-129.345,59.895],[-129.119,59.851],[-129.101,59.798],[-129.114,59.745],[-129.183,59.726]]]}},{"type":"Feature","properties":{"density":1},"geometry":{"type":"Polygon","coordinates":[[[-123.702,63.326],[-123.891,63.58],[-124.007,63.666],[-124.054,63.729],[-124.187,63.787],[-124.658,63.936],[-124.778,64.022],[-124.864,64.147],[-124.96,64.502],[-124.869,64.671],[-124.811,64.709],[-124.678,64.709],[-124.352,64.576],[-123.939,64.204],[-123.852,64.159],[-123.552,63.898],[-123.378,63.787],[-123.262,63.762],[-123.109,63.766],[-122.663,63.894],[-122.291,63.977],[-122.233,63.973],[-122.2,63.931],[-122.212,63.799],[-122.27,63.733],[-122.341,63.679],[-122.52,63.599],[-122.77,63.555],[-123.01,63.472],[-123.396,63.293],[-123.531,63.263],[-123.663,63.288],[-123.702,63.326]]]}},{"type":"Feature","properties":{"density":1},"geometry":{"type":"Polygon","coordinates":[[[-121.512,44.445],[-121.494,44.54],[-121.396,44.687],[-121.336,44.937],[-121.284,45.027],[-121.108,45.09],[-120.987,45.09],[-120.977,45.025],[-121.159,44.709],[-121.235,44.537],[-121.295,44.476],[-121.393,44.412],[-121.472,44.411],[-121.512,44.445]]]}},{"type":"Feature","properties":{"density":1},"geometry":{"type":"Polygon","coordinates":[[[-118.495,44.728],[-118.659,44.788],[-118.83,44.908],[-118.87,44.968],[-118.868,45.097],[-118.843,45.167],[-118.828,45.296],[-118.811,45.313],[-118.716,45.346],[-118.481,45.329],[-118.369,45.296],[-118.282,45.242],[-118.134,45.185],[-118.096,45.123],[-118.092,45.032],[-118.129,44.974],[-118.289,44.875],[-118.365,44.754],[-118.46,44.721],[-118.495,44.728]]]}},{"type":"Feature","properties":{"density":1},"geometry":{"type":"Polygon","coordinates":[[[-118.313,45.852],[-118.128,45.833],[-118.074,45.812],[-118.029,45.743],[-118.03,45.702],[-118.056,45.658],[-118.145,45.611],[-118.275,45.652],[-118.365,45.709],[-118.463,45.815],[-118.497,45.918],[-118.448,45.919],[-118.371,45.864],[-118.313,45.852]]]}},{"type":"Feature","properties":{"density":1},"geometry":{"type":"Polygon","coordinates":[[[-123.75,42.528],[-123.562,42.769],[-123.447,42.834],[-123.352,42.921],[-123.174,43.041],[-123.081,43.064],[-122.739,43.102],[-122.47,43.057],[-122.259,42.966],[-122.226,42.854],[-122.23,42.445],[-122.338,42.164],[-122.369,42.108],[-122.443,42.034],[-122.555,42.003],[-122.673,42.003],[-122.84,42.053],[-123.293,42.115],[-123.442,42.127],[-123.733,42.102],[-123.789,42.152],[-123.774,42.44],[-123.75,42.528]]]}},{"type":"Feature","properties":{"density":1},"geometry":{"type":"Polygon","coordinates":[[[-122.889,52.087],[-123.029,52.091],[-123.236,52.021],[-123.517,51.984],[-123.575,51.943],[-123.632,51.777],[-123.635,51.681],[-123.583,51.49],[-123.439,51.357],[-123.009,51.178],[-122.442,51.09],[-122.245,51.09],[-122.082,51.142],[-122.029,51.217],[-122.063,51.728],[-122.093,51.83],[-122.156,51.934],[-122.269,52.0],[-122.366,52.034],[-122.625,52.072],[-122.889,52.087]]]}},{"type":"Feature","properties":{"density":1},"geometry":{"type":"Polygon","coordinates":[[[-105.071,38.226],[-105.134,38.278],[-105.231,38.317],[-105.418,38.347],[-105.534,38.284],[-105.547,38.201],[-105.468,37.953],[-105.206,37.7],[-105.137,37.678],[-104.938,37.664],[-104.85,37.697],[-104.82,37.755],[-104.809,37.898],[-104.875,38.08],[-104.958,38.165],[-105.071,38.226]]]}},{"type":"Feature","properties":{"density":1},"geometry":{"type":"Polygon","coordinates":[[[-118.347,46.695],[-118.323,46.856],[-118.261,46.971],[-118.017,47.257],[-117.895,47.494],[-117.913,47.569],[-117.969,47.649],[-118.081,47.724],[-118.285,47.767],[-118.391,47.941],[-118.44,48.183],[-118.416,48.375],[-118.292,48.821],[-118.23,48.982],[-118.168,49.044],[-118.062,49.069],[-117.777,49.075],[-117.548,49.069],[-117.374,49.032],[-116.921,48.821],[-116.382,48.641],[-115.811,48.307],[-115.731,48.183],[-115.712,48.065],[-115.725,47.897],[-115.836,47.668],[-115.929,47.569],[-116.097,47.501],[-116.481,47.426],[-116.965,47.29],[-117.076,47.234],[-117.312,47.153],[-117.958,46.653],[-118.147,46.555],[-118.286,46.541],[-118.324,46.563],[-118.346,46.597],[-118.347,46.695]]]}},{"type":"Feature","properties":{"density":1},"geometry":{"type":"Polygon","coordinates":[[[-112.479,61.854],[-112.4,61.865],[-112.249,61.84],[-112.135,61.796],[-112.08,61.726],[-112.098,61.711],[-112.157,61.707],[-112.479,61.774],[-112.505,61.825],[-112.479,61.854]]]}},{"type":"Feature","properties":{"density":1},"geometry":{"type":"Polygon","coordinates":[[[-118.343,46.609],[-118.36,47.116],[-118.248,47.44],[-118.025,47.657],[-117.926,47.899],[-117.895,48.066],[-117.907,48.271],[-117.932,48.289],[-118.012,48.196],[-118.074,48.066],[-118.205,47.973],[-118.347,47.973],[-118.434,48.06],[-118.459,48.277],[-118.229,49.188],[-118.164,49.365],[-118.071,49.477],[-117.867,49.588],[-117.634,49.663],[-117.364,49.681],[-117.067,49.616],[-116.871,49.477],[-116.414,48.915],[-116.331,48.836],[-116.199,48.596],[-116.133,48.509],[-115.814,48.195],[-115.756,48.113],[-115.744,47.997],[-115.794,47.918],[-115.868,47.889],[-116.1,47.881],[-116.434,47.765],[-116.517,47.716],[-116.666,47.526],[-117.092,47.162],[-117.356,46.868],[-117.447,46.736],[-117.746,46.547],[-117.851,46.503],[-118.063,46.473],[-118.187,46.473],[-118.248,46.498],[-118.32,46.557],[-118.343,46.609]]]}},{"type":"Feature","properties":{"density":1},"geometry":{"type":"Polygon","coordinates":[[[-122.984,43.411],[-122.755,43.578],[-122.55,43.64],[-122.432,43.442],[-122.42,43.287],[-122.333,43.28],[-122.011,43.497],[-121.887,43.677],[-121.645,44.086],[-121.515,44.229],[-121.366,44.322],[-121.242,44.341],[-121.167,44.21],[-121.149,44.074],[-121.205,43.801],[-121.291,43.504],[-121.496,42.989],[-121.57,42.698],[-121.651,42.462],[-121.831,42.022],[-122.209,41.817],[-122.414,41.736],[-122.686,41.681],[-123.152,41.761],[-123.462,41.867],[-123.703,41.991],[-123.846,42.202],[-123.846,42.307],[-123.716,42.611],[-123.449,43.032],[-123.22,43.249],[-123.028,43.367],[-122.984,43.411]]]}},{"type":"Feature","properties":{"density":1},"geometry":{"type":"Polygon","coordinates":[[[-72.068,18.303],[-72.395,18.456],[-72.564,18.514],[-73.027,18.803],[-73.16,18.919],[-73.201,18.993],[-73.213,19.109],[-73.176,19.2],[-73.06,19.254],[-73.003,19.262],[-72.862,19.217],[-72.511,19.027],[-72.399,18.944],[-72.308,18.836],[-72.093,18.63],[-71.953,18.423],[-71.903,18.303],[-71.911,18.27],[-71.944,18.258],[-72.068,18.303]]]}},{"type":"Feature","properties":{"density":1},"geometry":{"type":"Polygon","coordinates":[[[-141.701,67.548],[-142.737,68.961],[-143.208,71.033],[-142.972,72.445],[-142.454,73.575],[-141.418,74.234],[-140.948,74.47],[-138.876,74.423],[-136.051,74.14],[-128.753,74.328],[-127.011,74.611],[-123.056,74.846],[-113.969,75.129],[-110.014,75.223],[-101.363,75.103],[-97.273,74.826],[-92.117,74.614],[-87.668,74.332],[-82.941,73.293],[-78.986,73.363],[-76.09,72.869],[-73.336,72.021],[-72.912,71.033],[-73.336,69.691],[-74.466,68.278],[-75.737,66.583],[-76.585,63.899],[-76.302,62.063],[-75.172,59.591],[-72.371,56.131],[-71.759,54.907],[-71.23,54.269],[-70.728,53.264],[-70.037,52.134],[-69.723,51.035],[-69.566,49.937],[-69.409,48.587],[-68.745,47.185],[-66.909,46.432],[-64.508,45.867],[-62.342,46.102],[-60.459,46.573],[-58.202,49.511],[-56.601,50.782],[-55.659,52.195],[-54.812,54.643],[-53.069,55.726],[-50.904,56.715],[-49.216,57.186],[-47.451,56.888],[-45.944,55.663],[-44.375,54.816],[-42.115,55.758],[-40.42,57.17],[-38.777,58.038],[-37.505,58.603],[-36.587,58.814],[-35.245,58.673],[-32.915,57.473],[-31.997,56.06],[-30.725,52.458],[-30.372,50.622],[-29.878,47.868],[-29.807,45.819],[-29.949,41.864],[-29.949,39.746],[-29.857,37.646],[-30.422,35.292],[-31.129,33.22],[-32.384,31.227],[-33.859,29.218],[-34.989,27.712],[-36.151,26.362],[-37.752,25.2],[-39.604,24.541],[-41.173,24.447],[-42.75,24.118],[-43.932,23.949],[-44.874,23.62],[-46.993,23.431],[-49.535,23.855],[-51.936,24.467],[-53.773,23.808],[-54.667,22.866],[-56.174,21.548],[-58.811,19.665],[-59.894,19.194],[-61.636,19.1],[-63.472,19.288],[-65.402,19.288],[-66.768,19.476],[-67.427,20.23],[-68.952,19.88],[-71.146,21.03],[-72.324,21.831],[-72.983,23.055],[-73.265,24.514],[-73.689,26.162],[-74.725,27.904],[-76.891,29.646],[-78.256,30.164],[-80.799,31.812],[-83.247,33.036],[-86.684,35.532],[-87.599,35.875],[-88.384,36.314],[-90.267,37.13],[-91.568,37.937],[-92.164,38.125],[-93.106,38.533],[-94.016,39.255],[-95.209,39.977],[-96.716,40.259],[-98.078,40.68],[-99.632,40.491],[-101.515,40.727],[-103.446,41.056],[-104.152,41.715],[-104.905,43.552],[-105.329,45.152],[-105.564,46.942],[-106.694,48.307],[-107.73,48.966],[-109.472,49.39],[-110.885,49.296],[-112.062,48.825],[-113.427,48.166],[-113.992,47.224],[-115.012,45.247],[-115.138,44.682],[-115.138,43.332],[-115.232,42.61],[-115.421,42.139],[-115.734,41.857],[-116.488,41.825],[-117.241,41.982],[-117.837,42.076],[-118.528,42.359],[-119.062,42.673],[-119.724,43.217],[-119.864,43.37],[-120.143,43.468],[-120.533,43.468],[-120.757,43.37],[-120.868,43.273],[-121.036,43.063],[-121.175,42.924],[-121.622,42.31],[-121.817,42.101],[-121.946,41.84],[-122.144,41.778],[-122.64,41.661],[-123.365,41.772],[-123.713,41.847],[-123.889,42.115],[-123.834,42.645],[-123.722,42.98],[-123.387,43.398],[-122.641,44.11],[-122.222,44.654],[-121.448,45.784],[-120.988,46.37],[-120.632,46.914],[-120.97,47.566],[-121.319,48.612],[-121.598,49.087],[-122.853,50.251],[-125.26,51.842],[-126.516,52.407],[-127.708,52.972],[-128.493,53.631],[-128.94,54.329],[-128.469,55.459],[-127.528,56.071],[-125.927,56.684],[-125.597,57.107],[-124.985,59.179],[-124.985,60.074],[-125.079,61.439],[-125.692,63.181],[-126.963,64.217],[-128.799,64.923],[-131.812,65.676],[-133.743,66.006],[-136.897,66.194],[-138.404,66.477],[-140.852,67.136],[-141.701,67.548]]]}},{"type":"Feature","properties":{"density":1},"geometry":{"type":"Polygon","coordinates":[[[-104.959,38.004],[-105.041,38.041],[-105.207,38.281],[-105.302,38.351],[-105.504,38.351],[-105.509,38.235],[-105.434,37.979],[-105.434,37.884],[-105.413,37.826],[-105.331,37.768],[-105.124,37.735],[-105.046,37.76],[-104.975,37.851],[-104.951,37.975],[-104.959,38.004]]]}},{"type":"Feature","properties":{"density":1},"geometry":{"type":"Polygon","coordinates":[[[-95.776,18.329],[-95.022,18.329],[-94.29,18.078],[-93.704,17.743],[-92.742,16.655],[-92.344,15.672],[-92.051,14.898],[-91.925,14.395],[-91.946,13.642],[-92.721,13.307],[-94.792,13.223],[-95.734,13.37],[-97.534,13.726],[-98.58,13.998],[-101.373,15.013],[-103.037,16.08],[-103.539,16.708],[-103.79,17.492],[-103.79,17.995],[-103.571,18.497],[-103.1,18.528],[-102.284,18.528],[-101.185,18.434],[-100.212,18.371],[-99.678,18.308],[-98.737,18.308],[-97.575,18.214],[-96.571,18.214],[-95.776,18.329]]]}},{"type":"Feature","properties":{"density":2},"geometry":{"type":"Polygon","coordinates":[[[-71.232,19.028],[-71.114,19.045],[-71.091,19.024],[-71.204,19.011],[-71.236,19.017],[-71.232,19.028]]]}},{"type":"Feature","properties":{"density":2},"geometry":{"type":"Polygon","coordinates":[[[-71.97,18.325],[-72.126,18.404],[-72.17,18.472],[-72.106,18.498],[-71.963,18.411],[-71.919,18.362],[-71.935,18.334],[-71.97,18.325]]]}},{"type":"Feature","properties":{"density":2},"geometry":{"type":"Polygon","coordinates":[[[-80.472,26.223],[-80.371,26.281],[-80.354,26.269],[-80.448,26.195],[-80.479,26.197],[-80.472,26.223]]]}},{"type":"Feature","properties":{"density":2},"geometry":{"type":"Polygon","coordinates":[[[-80.837,26.465],[-80.754,26.563],[-80.707,26.59],[-80.686,26.586],[-80.683,26.566],[-80.753,26.478],[-80.808,26.436],[-80.852,26.423],[-80.837,26.465]]]}},{"type":"Feature","properties":{"density":2},"geometry":{"type":"Polygon","coordinates":[[[-123.199,42.86],[-123.378,42.742],[-123.248,42.582],[-123.232,42.521],[-123.27,42.43],[-123.314,42.383],[-123.309,42.334],[-123.259,42.292],[-123.185,42.279],[-122.791,42.212],[-122.741,42.268],[-122.634,42.328],[-122.584,42.375],[-122.449,42.568],[-122.394,42.72],[-122.416,42.802],[-122.529,42.901],[-122.645,42.893],[-122.667,42.874],[-122.769,42.849],[-122.871,42.885],[-122.923,42.929],[-122.989,42.943],[-123.052,42.934],[-123.199,42.86]]]}},{"type":"Feature","properties":{"density":2},"geometry":{"type":"Polygon","coordinates":[[[-120.548,44.215],[-120.586,44.201],[-120.611,44.168],[-120.625,44.129],[-120.608,44.074],[-120.443,44.047],[-120.363,44.058],[-120.043,43.997],[-119.922,43.997],[-119.853,44.027],[-119.84,44.077],[-119.969,44.143],[-120.344,44.212],[-120.548,44.215]]]}},{"type":"Feature","properties":{"density":2},"geometry":{"type":"Polygon","coordinates":[[[-119.465,43.774],[-119.503,43.768],[-119.514,43.744],[-119.277,43.498],[-119.029,43.35],[-118.96,43.319],[-118.9,43.325],[-118.9,43.363],[-118.952,43.424],[-119.167,43.603],[-119.355,43.724],[-119.465,43.774]]]}},{"type":"Feature","properties":{"density":2},"geometry":{"type":"Polygon","coordinates":[[[-121.391,44.422],[-121.385,44.455],[-121.352,44.491],[-121.184,44.585],[-121.168,44.646],[-121.198,44.679],[-121.223,44.692],[-121.275,44.687],[-121.339,44.662],[-121.509,44.524],[-121.512,44.489],[-121.474,44.431],[-121.427,44.406],[-121.391,44.422]]]}},{"type":"Feature","properties":{"density":2},"geometry":{"type":"Polygon","coordinates":[[[-118.255,45.775],[-118.274,45.759],[-118.269,45.698],[-118.059,45.748],[-118.084,45.775],[-118.131,45.786],[-118.255,45.775]]]}},{"type":"Feature","properties":{"density":2},"geometry":{"type":"Polygon","coordinates":[[[-120.752,45.073],[-120.768,45.131],[-120.765,45.2],[-120.749,45.241],[-120.669,45.326],[-120.666,45.379],[-120.84,45.525],[-120.892,45.638],[-120.859,45.77],[-120.821,45.85],[-120.71,45.946],[-120.699,46.007],[-120.713,46.087],[-120.804,46.274],[-120.856,46.343],[-120.829,46.464],[-120.763,46.544],[-120.686,46.561],[-120.614,46.539],[-120.465,46.539],[-120.393,46.591],[-120.391,46.668],[-120.498,46.908],[-120.512,47.032],[-120.62,47.454],[-120.515,47.634],[-120.384,47.733],[-120.279,47.752],[-120.192,47.839],[-120.112,47.994],[-120.0,48.062],[-119.888,48.062],[-119.795,48.006],[-119.709,47.895],[-119.578,47.64],[-119.547,47.485],[-119.293,46.996],[-119.287,46.865],[-119.194,46.363],[-119.19,46.016],[-119.206,45.937],[-119.322,45.776],[-119.401,45.714],[-119.479,45.677],[-119.566,45.603],[-119.591,45.545],[-119.541,45.371],[-119.773,45.177],[-119.81,45.09],[-119.822,45.003],[-119.76,44.941],[-119.686,44.929],[-119.566,44.983],[-119.479,44.995],[-119.376,44.962],[-119.277,44.954],[-119.273,44.879],[-119.359,44.821],[-119.653,44.805],[-119.793,44.78],[-120.012,44.677],[-120.083,44.619],[-120.227,44.557],[-120.331,44.54],[-120.401,44.548],[-120.546,44.602],[-120.682,44.569],[-120.728,44.52],[-120.827,44.486],[-120.901,44.47],[-120.996,44.491],[-121.009,44.515],[-120.995,44.641],[-120.852,44.754],[-120.796,44.836],[-120.739,44.96],[-120.752,45.073]]]}},{"type":"Feature","properties":{"density":2},"geometry":{"type":"Polygon","coordinates":[[[-121.606,49.951],[-121.569,49.871],[-121.402,49.809],[-121.377,49.846],[-121.364,49.914],[-121.395,50.013],[-121.445,50.069],[-121.464,50.131],[-121.718,50.596],[-121.885,50.801],[-121.972,50.962],[-122.152,51.39],[-122.195,51.594],[-122.319,51.774],[-122.387,51.911],[-122.412,51.997],[-122.449,52.047],[-122.511,51.985],[-122.487,51.855],[-122.48,51.625],[-122.53,51.47],[-122.673,51.402],[-123.2,51.402],[-123.931,51.458],[-123.931,51.359],[-123.82,51.322],[-123.541,51.253],[-122.834,51.154],[-122.549,51.092],[-122.294,50.968],[-121.941,50.534],[-121.86,50.336],[-121.662,50.075],[-121.606,49.951]]]}},{"type":"Feature","properties":{"density":2},"geometry":{"type":"Polygon","coordinates":[[[-129.118,59.862],[-129.174,59.843],[-129.186,59.806],[-129.155,59.762],[-129.105,59.731],[-129.037,59.738],[-128.957,59.787],[-128.845,59.818],[-128.572,59.831],[-128.498,59.862],[-128.585,59.899],[-128.764,59.936],[-128.926,59.917],[-129.056,59.868],[-129.118,59.862]]]}},{"type":"Feature","properties":{"density":2},"geometry":{"type":"Polygon","coordinates":[[[-55.891,31.978],[-57.775,31.601],[-58.716,31.664],[-60.003,31.884],[-60.851,31.853],[-61.667,31.727],[-62.326,31.476],[-63.017,31.099],[-63.55,30.848],[-64.147,30.66],[-64.9,30.471],[-65.559,30.974],[-65.716,31.382],[-67.694,32.794],[-68.353,33.045],[-69.075,33.045],[-69.922,32.983],[-71.115,32.669],[-71.868,32.606],[-73.281,32.826],[-73.971,33.171],[-74.756,33.108],[-75.478,33.077],[-76.137,32.637],[-77.55,31.853],[-77.832,31.633],[-78.837,31.382],[-79.402,31.664],[-79.653,32.01],[-80.092,32.857],[-81.128,33.799],[-81.536,33.987],[-82.195,33.987],[-83.137,34.144],[-83.733,34.395],[-85.083,34.897],[-86.245,35.211],[-88.536,36.655],[-89.666,37.565],[-90.231,38.538],[-91.33,40.014],[-92.648,40.296],[-94.217,40.265],[-94.876,40.045],[-95.536,39.951],[-96.98,39.951],[-97.796,40.077],[-98.11,40.359],[-98.204,40.736],[-97.701,41.05],[-97.356,41.238],[-96.948,41.489],[-96.697,41.834],[-96.634,42.085],[-97.199,42.682],[-97.639,42.682],[-98.706,42.368],[-100.307,41.772],[-100.715,41.583],[-101.154,41.426],[-102.347,41.426],[-103.195,41.583],[-103.195,42.054],[-102.975,42.556],[-102.347,43.435],[-101.908,43.843],[-101.343,44.063],[-100.935,44.032],[-100.589,44.063],[-99.679,44.032],[-98.988,44.126],[-98.204,44.408],[-97.607,44.753],[-97.607,44.879],[-97.953,45.13],[-99.145,45.067],[-99.585,45.005],[-99.962,44.879],[-103.257,44.314],[-104.67,44.377],[-105.047,44.628],[-104.701,45.507],[-104.199,45.978],[-103.854,46.417],[-103.006,46.794],[-102.504,46.794],[-101.751,46.919],[-101.28,47.327],[-101.123,47.641],[-101.154,48.081],[-103.038,48.363],[-104.262,47.516],[-105.8,47.327],[-106.742,47.422],[-108.028,47.861],[-108.342,48.269],[-110.791,49.305],[-114.338,50.435],[-115.938,50.843],[-118.167,51.063],[-119.234,50.655],[-119.988,49.87],[-120.772,49.085],[-121.526,48.96],[-123.974,49.132],[-125.23,49.854],[-126.297,50.388],[-127.772,50.482],[-128.306,50.199],[-128.62,49.446],[-128.745,48.504],[-129.122,47.343],[-129.907,46.558],[-130.629,46.213],[-131.225,46.276],[-132.01,46.653],[-132.669,47.218],[-132.951,47.971],[-132.983,48.661],[-132.951,49.352],[-132.7,50.262],[-132.198,51.078],[-131.539,51.769],[-130.88,52.177],[-130.064,52.554],[-128.682,53.056],[-127.49,53.464],[-126.391,53.935],[-125.292,54.28],[-124.162,54.5],[-122.436,54.719],[-121.745,55.347],[-121.557,55.787],[-121.557,56.32],[-121.714,56.634],[-122.31,58.078],[-122.687,58.831],[-123.44,59.083],[-124.194,59.396],[-124.665,59.648],[-124.978,59.899],[-125.01,60.401],[-124.958,60.872],[-124.644,61.186],[-124.413,61.479],[-124.1,62.127],[-124.016,62.881],[-124.037,63.153],[-124.434,63.613],[-124.769,63.864],[-125.062,64.283],[-125.104,64.659],[-124.644,64.827],[-124.079,64.638],[-123.304,64.429],[-122.258,64.283],[-121.881,64.283],[-121.463,64.324],[-119.601,64.324],[-118.805,64.429],[-118.596,64.429],[-118.261,64.471],[-117.131,64.492],[-116.776,64.534],[-116.483,64.638],[-116.148,64.827],[-116.148,65.036],[-116.273,65.287],[-116.503,65.454],[-118.031,65.768],[-119.266,65.81],[-120.877,66.04],[-123.242,66.48],[-125.857,66.919],[-126.799,67.191],[-127.72,67.401],[-132.847,68.384],[-134.039,68.761],[-135.672,69.242],[-137.157,69.577],[-138.413,69.807],[-139.789,70.555],[-141.248,71.403],[-142.002,72.533],[-141.578,74.463],[-140.542,75.923],[-138.612,77.9],[-136.258,79.171],[-133.762,80.207],[-131.361,80.819],[-127.735,81.055],[-121.097,81.055],[-118.507,80.772],[-115.447,79.925],[-104.586,74.306],[-103.55,73.521],[-102.923,72.894],[-102.012,71.921],[-101.541,71.387],[-101.008,70.508],[-100.254,69.378],[-98.591,67.526],[-97.838,66.993],[-97.053,66.271],[-96.394,65.831],[-96.08,65.517],[-95.672,64.984],[-95.201,64.262],[-93.883,62.504],[-93.318,61.719],[-92.784,61.123],[-92.188,60.589],[-91.34,60.181],[-90.618,60.15],[-90.618,60.934],[-91.152,61.719],[-91.466,62.378],[-91.811,63.446],[-91.842,64.513],[-91.403,65.925],[-90.493,67.903],[-89.708,68.782],[-88.892,69.378],[-88.107,69.88],[-86.412,70.665],[-85.439,71.042],[-84.654,71.104],[-83.869,71.01],[-83.681,70.853],[-83.901,70.414],[-84.905,69.88],[-85.345,69.378],[-86.192,68.719],[-86.977,68.248],[-87.573,67.966],[-88.233,67.495],[-88.578,66.93],[-88.798,66.396],[-88.923,65.8],[-88.421,64.701],[-88.013,64.293],[-87.573,64.136],[-87.103,64.293],[-86.506,64.387],[-85.659,64.45],[-84.874,64.387],[-83.869,64.073],[-82.582,63.508],[-81.264,62.755],[-79.82,61.97],[-78.69,61.562],[-77.623,61.123],[-76.462,60.621],[-75.426,59.993],[-74.484,59.522],[-73.668,58.957],[-73.04,58.329],[-72.569,57.921],[-71.785,56.917],[-71.439,56.32],[-71.22,55.755],[-70.906,55.128],[-70.623,54.468],[-70.341,53.746],[-68.96,52.585],[-68.74,52.083],[-68.583,51.424],[-68.52,50.764],[-68.96,50.451],[-69.556,50.419],[-70.937,50.513],[-71.659,50.67],[-72.664,51.267],[-73.417,52.146],[-73.417,53.841],[-73.511,54.563],[-73.982,55.504],[-74.421,56.006],[-75.018,56.383],[-75.74,56.509],[-76.524,56.195],[-77.058,55.347],[-77.278,54.468],[-76.807,53.307],[-76.116,51.957],[-75.175,51.204],[-72.161,49.446],[-70.937,49.101],[-69.05,48.048],[-68.653,47.796],[-67.732,46.918],[-66.916,45.892],[-66.497,45.495],[-65.974,45.139],[-65.367,45.076],[-63.254,44.93],[-62.019,44.888],[-60.931,44.951],[-59.885,45.202],[-58.985,45.495],[-58.127,45.955],[-57.248,46.457],[-56.683,47.169],[-55.741,47.817],[-54.486,48.508],[-53.764,48.665],[-52.948,48.382],[-52.916,47.723],[-53.638,47.001],[-54.768,46.217],[-55.93,45.463],[-56.84,44.961],[-57.813,44.27],[-59.508,42.889],[-61.14,42.293],[-62.71,41.916],[-63.934,41.665],[-65.158,41.508],[-66.037,41.634],[-68.988,42.952],[-70.745,43.988],[-71.122,44.082],[-71.75,44.333],[-72.346,44.647],[-73.037,44.93],[-73.665,45.055],[-74.198,44.741],[-73.853,44.145],[-73.288,43.486],[-72.723,42.952],[-71.97,42.136],[-70.996,41.477],[-70.243,41.037],[-69.27,40.661],[-68.109,40.378],[-66.79,40.284],[-65.378,40.221],[-64.091,40.096],[-60.136,41.037],[-59.1,41.194],[-58.064,41.634],[-57.154,41.885],[-56.15,42.418],[-53.921,43.423],[-48.083,50.925],[-47.486,51.804],[-47.361,52.965],[-47.392,53.593],[-47.737,54.095],[-48.114,54.597],[-48.679,55.005],[-49.118,55.633],[-49.464,56.387],[-49.526,57.14],[-49.275,58.113],[-48.616,58.772],[-47.423,59.212],[-45.791,59.525],[-44.41,59.965],[-43.311,60.655],[-42.181,61.566],[-41.083,62.507],[-39.702,63.512],[-37.85,64.265],[-36.092,64.893],[-34.648,65.207],[-33.675,65.113],[-32.796,64.736],[-32.2,64.171],[-31.478,63.418],[-30.599,62.696],[-28.998,62.413],[-26.738,62.476],[-25.639,62.664],[-24.698,62.633],[-23.882,62.005],[-23.003,60.718],[-22.563,59.525],[-22.155,57.862],[-22.124,56.638],[-22.344,55.068],[-22.94,54.001],[-23.631,53.31],[-24.478,53.248],[-26.989,54.221],[-28.621,55.037],[-29.908,55.476],[-31.352,55.602],[-32.419,55.382],[-33.204,54.754],[-34.02,53.875],[-34.742,52.902],[-37.128,48.665],[-37.85,46.938],[-37.818,45.997],[-38.321,44.647],[-38.917,44.113],[-39.639,43.643],[-40.078,43.266],[-40.455,42.607],[-41.114,39.782],[-41.303,38.401],[-41.397,37.082],[-41.271,35.764],[-40.863,35.262],[-40.392,35.042],[-39.89,34.508],[-39.764,33.975],[-40.141,33.661],[-41.24,33.253],[-42.213,33.127],[-43.249,33.033],[-44.975,32.468],[-46.262,32.092],[-47.612,31.809],[-48.993,31.715],[-50.374,31.652],[-52.069,31.715],[-53.45,31.715],[-54.141,32.06],[-54.894,32.343],[-55.302,32.248],[-55.891,31.978]]]}},{"type":"Feature","properties":{"density":2},"geometry":{"type":"Polygon","coordinates":[[[-105.012,37.467],[-105.123,37.641],[-105.19,37.686],[-105.429,37.984],[-105.508,38.203],[-105.516,38.265],[-105.421,38.319],[-105.363,38.298],[-105.293,38.327],[-105.227,38.327],[-105.136,38.281],[-105.049,38.203],[-104.747,37.802],[-104.722,37.703],[-104.718,37.591],[-104.76,37.508],[-104.822,37.467],[-104.929,37.45],[-105.012,37.467]]]}},{"type":"Feature","properties":{"density":2},"geometry":{"type":"Polygon","coordinates":[[[-107.558,38.186],[-107.591,38.376],[-107.554,38.422],[-107.513,38.409],[-107.467,38.273],[-107.426,38.223],[-107.347,38.232],[-107.26,38.31],[-107.215,38.331],[-107.182,38.319],[-107.273,38.141],[-107.322,38.079],[-107.384,38.083],[-107.533,38.153],[-107.558,38.186]]]}},{"type":"Feature","properties":{"density":2},"geometry":{"type":"Polygon","coordinates":[[[-106.401,39.289],[-106.45,39.236],[-106.45,39.206],[-106.368,39.167],[-106.318,39.17],[-106.288,39.198],[-106.307,39.25],[-106.401,39.289]]]}},{"type":"Feature","properties":{"density":2},"geometry":{"type":"Polygon","coordinates":[[[-116.43,63.186],[-116.294,63.201],[-115.965,63.123],[-115.823,63.03],[-115.825,62.976],[-115.838,62.96],[-115.91,62.946],[-116.122,62.955],[-116.343,63.079],[-116.436,63.115],[-116.43,63.186]]]}},{"type":"Feature","properties":{"density":2},"geometry":{"type":"Polygon","coordinates":[[[-123.578,61.967],[-123.567,62.077],[-123.539,62.141],[-123.479,62.197],[-123.434,62.213],[-123.422,62.189],[-123.435,62.131],[-123.512,61.96],[-123.545,61.931],[-123.578,61.967]]]}},{"type":"Feature","properties":{"density":2},"geometry":{"type":"Polygon","coordinates":[[[-119.895,63.27],[-119.451,63.35],[-118.676,63.407],[-117.913,63.35],[-117.481,63.2],[-117.164,62.994],[-116.307,62.701],[-115.751,62.561],[-115.607,62.447],[-115.523,62.326],[-115.485,62.204],[-115.546,62.083],[-115.637,62.037],[-115.744,61.939],[-116.07,61.733],[-116.328,61.642],[-116.541,61.612],[-116.967,61.607],[-117.172,61.664],[-117.674,61.744],[-118.432,61.809],[-118.903,61.733],[-119.291,61.789],[-119.53,61.858],[-120.001,61.948],[-120.209,62.084],[-120.279,62.284],[-120.229,62.399],[-120.074,62.547],[-119.91,62.648],[-119.685,62.714],[-119.586,62.79],[-119.566,62.864],[-119.676,62.93],[-120.043,63.031],[-120.245,63.051],[-120.733,63.024],[-121.084,62.97],[-121.692,62.94],[-121.972,62.9],[-122.149,62.808],[-122.268,62.774],[-122.384,62.793],[-122.469,62.852],[-122.552,62.874],[-122.682,62.816],[-122.775,62.808],[-122.851,62.821],[-122.933,62.898],[-123.026,63.343],[-123.001,63.421],[-122.7,63.585],[-122.627,63.673],[-122.634,63.768],[-122.67,63.807],[-122.751,63.838],[-122.89,63.82],[-123.15,63.764],[-123.31,63.709],[-123.438,63.738],[-123.528,63.841],[-123.629,64.1],[-123.715,64.191],[-123.887,64.317],[-124.302,64.53],[-124.606,64.626],[-124.905,64.586],[-124.95,64.373],[-124.608,63.933],[-124.42,63.762],[-124.192,63.641],[-123.818,63.293],[-123.668,62.988],[-123.6,62.585],[-123.808,62.111],[-123.892,61.648],[-124.123,60.923],[-124.685,59.904],[-124.526,59.494],[-124.002,59.221],[-123.308,59.112],[-122.71,58.771],[-122.112,58.531],[-120.847,58.121],[-120.147,57.831],[-119.395,57.66],[-118.165,57.301],[-117.174,57.165],[-115.807,57.148],[-114.867,57.37],[-113.979,57.609],[-112.099,58.207],[-111.843,58.412],[-111.194,58.651],[-110.527,59.3],[-110.357,59.335],[-109.981,59.198],[-109.656,58.856],[-109.28,58.258],[-108.938,57.079],[-108.614,56.498],[-107.614,55.114],[-107.183,53.868],[-107.003,52.715],[-106.773,51.844],[-105.543,51.075],[-104.441,50.229],[-103.578,49.335],[-102.655,47.682],[-101.348,47.105],[-99.58,46.759],[-98.042,46.721],[-96.504,46.605],[-95.12,46.452],[-91.314,43.799],[-90.911,42.992],[-89.354,41.089],[-88.585,40.551],[-87.162,39.782],[-85.894,39.244],[-84.471,38.782],[-83.703,38.475],[-82.934,37.821],[-82.472,37.091],[-81.665,36.553],[-81.088,35.245],[-80.358,33.861],[-80.204,33.4],[-79.973,32.785],[-79.563,31.927],[-78.974,31.773],[-77.795,32.157],[-77.154,32.413],[-75.335,32.977],[-71.593,32.875],[-70.094,32.759],[-68.21,32.337],[-67.21,31.837],[-66.057,31.299],[-65.019,31.106],[-63.481,31.222],[-61.867,31.222],[-55.639,31.645],[-51.103,31.606],[-48.104,31.76],[-43.029,32.721],[-41.799,32.721],[-40.761,32.836],[-40.069,33.221],[-39.3,33.682],[-38.762,34.643],[-38.532,35.681],[-38.57,36.604],[-38.801,40.833],[-39.377,41.871],[-39.723,42.851],[-39.493,46.022],[-39.608,48.098],[-38.608,51.289],[-38.455,52.865],[-38.608,53.75],[-38.954,54.249],[-40.031,54.826],[-40.569,54.749],[-41.107,54.134],[-41.607,53.365],[-41.991,52.173],[-42.261,50.866],[-42.453,49.252],[-42.76,48.175],[-43.76,46.484],[-44.294,45.454],[-44.687,43.831],[-44.789,43.626],[-44.96,43.489],[-45.251,43.387],[-45.609,43.404],[-45.797,43.472],[-45.951,43.66],[-46.105,43.968],[-46.327,44.515],[-46.464,44.959],[-46.635,46.069],[-46.771,46.616],[-46.976,47.265],[-47.335,47.949],[-47.95,48.53],[-48.429,48.889],[-48.924,49.162],[-49.283,49.23],[-49.778,49.042],[-50.171,48.871],[-50.598,48.461],[-51.333,47.812],[-52.529,46.445],[-52.914,45.779],[-53.836,44.344],[-54.067,43.959],[-54.426,43.472],[-54.708,43.242],[-55.63,42.652],[-56.22,42.37],[-57.45,41.858],[-58.834,41.627],[-61.294,41.012],[-63.165,40.525],[-64.216,40.551],[-65.113,40.499],[-67.625,40.756],[-70.136,40.756],[-71.751,40.884],[-72.981,40.909],[-74.211,41.089],[-75.493,41.345],[-76.441,41.832],[-77.441,42.498],[-77.953,43.139],[-78.645,43.754],[-79.183,44.446],[-79.875,45.484],[-80.836,46.984],[-81.836,48.367],[-82.297,49.559],[-82.759,50.29],[-82.797,50.674],[-82.451,51.135],[-82.028,51.212],[-81.567,50.943],[-80.964,50.302],[-80.606,50.021],[-79.632,49.559],[-78.684,49.329],[-77.658,49.047],[-76.505,48.252],[-76.249,47.868],[-75.531,47.74],[-74.865,47.663],[-74.762,48.073],[-74.89,48.585],[-75.377,49.38],[-75.864,50.507],[-76.3,51.276],[-76.889,51.994],[-78.844,54.211],[-79.715,54.852],[-80.868,55.979],[-81.868,56.569],[-83.303,57.107],[-85.533,57.825],[-88.121,58.593],[-89.762,59.567],[-91.822,61.193],[-93.475,62.343],[-96.803,65.064],[-97.828,66.257],[-99.372,67.91],[-100.218,69.409],[-101.141,70.754],[-102.102,71.715],[-103.486,72.676],[-105.301,73.212],[-107.477,73.316],[-110.658,73.275],[-119.866,73.275],[-124.532,72.979],[-126.918,72.561],[-129.136,72.435],[-132.128,72.791],[-136.062,73.084],[-137.653,72.728],[-138.623,71.985],[-138.931,71.1],[-138.7,69.601],[-138.2,68.755],[-136.047,67.756],[-134.356,67.218],[-132.549,66.679],[-126.232,66.091],[-125.73,66.125],[-124.739,66.114],[-123.082,65.852],[-121.971,65.698],[-120.998,65.442],[-119.898,65.362],[-118.976,65.26],[-118.03,65.032],[-117.666,64.895],[-117.461,64.713],[-117.347,64.531],[-117.409,64.471],[-117.495,64.428],[-118.953,64.405],[-119.174,64.377],[-119.313,64.343],[-119.367,64.261],[-119.374,64.2],[-119.42,64.14],[-119.549,64.094],[-119.982,64.041],[-120.255,64.026],[-120.597,63.973],[-121.463,63.912],[-121.949,63.927],[-122.268,63.804],[-122.468,63.645],[-122.494,63.587],[-122.464,63.53],[-122.381,63.446],[-122.402,63.407],[-122.47,63.382],[-122.548,63.385],[-122.646,63.348],[-122.74,63.281],[-122.851,63.126],[-122.916,62.947],[-122.902,62.876],[-122.848,62.829],[-122.757,62.815],[-122.656,62.832],[-122.554,62.937],[-122.406,63.048],[-122.311,63.092],[-121.89,63.095],[-121.667,63.156],[-121.473,63.267],[-121.328,63.29],[-121.203,63.287],[-121.056,63.237],[-120.84,63.102],[-120.705,63.082],[-120.421,63.122],[-119.895,63.27]]]}},{"type":"Feature","properties":{"density":2},"geometry":{"type":"Polygon","coordinates":[[[-72.051,18.362],[-72.08,18.418],[-72.188,18.488],[-72.278,18.524],[-72.317,18.562],[-72.33,18.602],[-72.319,18.634],[-72.209,18.618],[-71.972,18.503],[-71.896,18.436],[-71.891,18.346],[-71.945,18.308],[-72.024,18.314],[-72.051,18.362]]]}},{"type":"Feature","properties":{"density":2},"geometry":{"type":"Polygon","coordinates":[[[-105.511,55.8],[-105.415,55.77],[-105.253,55.777],[-105.163,55.741],[-105.107,55.701],[-105.107,55.593],[-105.173,55.545],[-105.223,55.535],[-105.416,55.581],[-105.508,55.637],[-105.575,55.706],[-105.589,55.773],[-105.562,55.796],[-105.511,55.8]]]}},{"type":"Feature","properties":{"density":2},"geometry":{"type":"Polygon","coordinates":[[[-102.069,55.402],[-101.856,55.42],[-101.633,55.39],[-101.439,55.408],[-101.427,55.396],[-101.465,55.356],[-101.523,55.335],[-101.806,55.281],[-102.05,55.341],[-102.083,55.373],[-102.069,55.402]]]}},{"type":"Feature","properties":{"density":2},"geometry":{"type":"Polygon","coordinates":[[[-122.85,42.934],[-122.965,42.939],[-123.242,42.831],[-123.424,42.729],[-123.523,42.597],[-123.557,42.504],[-123.591,42.266],[-123.568,42.221],[-123.503,42.192],[-123.345,42.196],[-122.938,42.142],[-122.664,42.07],[-122.538,42.066],[-122.506,42.093],[-122.497,42.162],[-122.544,42.252],[-122.551,42.34],[-122.495,42.401],[-122.324,42.477],[-122.29,42.558],[-122.279,42.633],[-122.292,42.714],[-122.322,42.783],[-122.522,42.885],[-122.749,42.9],[-122.85,42.934]]]}},{"type":"Feature","properties":{"density":2},"geometry":{"type":"Polygon","coordinates":[[[-119.506,43.829],[-119.348,43.948],[-119.27,43.955],[-119.186,43.916],[-119.049,43.532],[-118.95,43.446],[-118.883,43.345],[-118.889,43.262],[-118.928,43.248],[-119.081,43.284],[-119.238,43.39],[-119.465,43.631],[-119.513,43.745],[-119.506,43.829]]]}},{"type":"Feature","properties":{"density":2},"geometry":{"type":"Polygon","coordinates":[[[-121.489,44.486],[-121.471,44.525],[-121.445,44.535],[-121.262,44.527],[-121.196,44.502],[-121.147,44.444],[-121.145,44.418],[-121.188,44.412],[-121.368,44.453],[-121.469,44.454],[-121.489,44.486]]]}},{"type":"Feature","properties":{"density":2},"geometry":{"type":"Polygon","coordinates":[[[-118.415,44.846],[-118.473,44.862],[-118.514,44.851],[-118.543,44.83],[-118.558,44.782],[-118.465,44.73],[-118.384,44.728],[-118.378,44.762],[-118.415,44.846]]]}},{"type":"Feature","properties":{"density":2},"geometry":{"type":"Polygon","coordinates":[[[-118.301,45.693],[-118.31,45.736],[-118.25,45.801],[-118.13,45.808],[-118.067,45.795],[-118.034,45.771],[-118.043,45.74],[-118.077,45.726],[-118.266,45.681],[-118.301,45.693]]]}},{"type":"Feature","properties":{"density":2},"geometry":{"type":"Polygon","coordinates":[[[-118.288,46.655],[-118.258,46.728],[-118.027,46.947],[-117.653,47.463],[-117.596,47.604],[-117.505,47.999],[-117.474,48.202],[-117.353,48.44],[-117.252,48.526],[-117.145,48.581],[-116.993,48.632],[-116.725,48.678],[-116.356,48.546],[-116.229,48.455],[-116.194,48.344],[-116.189,48.212],[-116.219,47.974],[-116.28,47.863],[-116.583,47.589],[-117.254,47.287],[-117.681,46.947],[-118.033,46.707],[-118.113,46.626],[-118.206,46.561],[-118.278,46.574],[-118.297,46.593],[-118.288,46.655]]]}},{"type":"Feature","properties":{"density":2},"geometry":{"type":"Polygon","coordinates":[[[-120.905,44.755],[-120.733,45.109],[-120.666,45.363],[-120.439,45.935],[-120.279,46.512],[-120.196,47.097],[-120.234,47.658],[-120.12,47.818],[-119.998,47.879],[-119.907,47.901],[-119.824,47.901],[-119.489,47.757],[-119.3,47.605],[-119.148,47.4],[-119.057,47.188],[-119.003,46.884],[-118.996,46.535],[-119.011,46.39],[-118.977,46.044],[-118.96,45.956],[-118.883,45.772],[-118.857,45.741],[-118.847,45.645],[-118.857,45.569],[-118.947,45.482],[-119.152,45.38],[-119.519,45.333],[-119.566,45.276],[-119.563,45.208],[-119.448,45.144],[-119.129,45.126],[-118.984,45.063],[-118.73,44.852],[-118.564,44.763],[-118.496,44.696],[-118.478,44.597],[-118.469,44.448],[-118.51,44.354],[-118.568,44.336],[-119.145,44.331],[-119.186,44.295],[-119.211,44.25],[-119.216,44.174],[-119.166,43.971],[-119.034,43.819],[-118.963,43.784],[-118.86,43.791],[-118.69,43.874],[-118.492,43.94],[-118.33,43.97],[-118.153,43.94],[-117.737,43.762],[-117.59,43.474],[-117.458,43.094],[-117.413,42.861],[-117.393,42.628],[-117.428,42.451],[-117.56,42.385],[-117.767,42.411],[-117.97,42.487],[-118.358,42.598],[-118.625,42.618],[-118.881,42.558],[-119.107,42.534],[-119.3,42.71],[-119.34,42.939],[-119.435,43.31],[-119.477,43.602],[-119.534,43.727],[-119.648,43.867],[-119.757,43.926],[-120.067,43.956],[-120.222,43.987],[-120.491,44.0],[-120.657,44.067],[-120.682,44.107],[-120.684,44.204],[-120.66,44.226],[-120.502,44.278],[-120.453,44.316],[-120.43,44.384],[-120.444,44.451],[-120.471,44.521],[-120.516,44.552],[-120.681,44.535],[-120.711,44.498],[-120.779,44.467],[-120.856,44.46],[-120.934,44.477],[-120.968,44.514],[-120.981,44.609],[-120.905,44.755]]]}},{"type":"Feature","properties":{"density":2},"geometry":{"type":"Polygon","coordinates":[[[-122.22,51.136],[-122.373,51.127],[-122.832,51.199],[-122.954,51.251],[-122.994,51.332],[-122.983,51.381],[-122.877,51.458],[-122.701,51.487],[-122.602,51.487],[-122.472,51.46],[-122.382,51.471],[-122.323,51.631],[-122.256,51.622],[-122.206,51.6],[-122.161,51.55],[-122.152,51.478],[-122.076,51.363],[-122.051,51.26],[-122.076,51.201],[-122.22,51.136]]]}},{"type":"Feature","properties":{"density":2},"geometry":{"type":"Polygon","coordinates":[[[-77.705,47.747],[-77.582,47.776],[-77.537,47.762],[-77.559,47.729],[-77.712,47.688],[-77.729,47.726],[-77.705,47.747]]]}},{"type":"Feature","properties":{"density":2},"geometry":{"type":"Polygon","coordinates":[[[-105.016,37.864],[-105.216,37.874],[-105.297,37.901],[-105.415,37.999],[-105.478,38.101],[-105.489,38.141],[-105.464,38.211],[-105.42,38.225],[-105.156,38.201],[-105.037,38.159],[-104.983,38.068],[-104.964,37.991],[-104.979,37.897],[-105.016,37.864]]]}},{"type":"Feature","properties":{"density":2},"geometry":{"type":"Polygon","coordinates":[[[-107.537,38.21],[-107.568,38.368],[-107.549,38.401],[-107.513,38.422],[-107.475,38.401],[-107.479,38.322],[-107.499,38.206],[-107.524,38.179],[-107.537,38.21]]]}},{"type":"Feature","properties":{"density":2},"geometry":{"type":"Polygon","coordinates":[[[-116.424,63.195],[-116.209,63.308],[-116.042,63.353],[-115.898,63.355],[-115.619,63.272],[-115.467,63.197],[-115.238,63.035],[-115.076,62.968],[-115.018,62.917],[-114.968,62.816],[-114.957,62.742],[-114.968,62.654],[-115.032,62.576],[-115.093,62.553],[-115.305,62.566],[-115.356,62.583],[-115.585,62.738],[-115.693,62.789],[-116.04,62.906],[-116.413,63.075],[-116.455,63.118],[-116.424,63.195]]]}},{"type":"Feature","properties":{"density":2},"geometry":{"type":"Polygon","coordinates":[[[-123.259,63.563],[-123.222,63.599],[-123.006,63.7],[-122.814,63.732],[-122.866,63.662],[-122.972,63.629],[-123.209,63.5],[-123.268,63.519],[-123.259,63.563]]]}},{"type":"Feature","properties":{"density":2},"geometry":{"type":"Polygon","coordinates":[[[-123.67,63.35],[-123.843,63.578],[-123.898,63.71],[-123.867,63.777],[-123.81,63.813],[-123.753,63.806],[-123.457,63.622],[-123.317,63.574],[-123.303,63.549],[-123.312,63.483],[-123.465,63.357],[-123.624,63.326],[-123.67,63.35]]]}},{"type":"Feature","properties":{"density":2},"geometry":{"type":"Polygon","coordinates":[[[-140.2,71.669],[-140.196,72.151],[-139.792,72.5],[-138.913,72.695],[-136.534,72.904],[-134.295,72.695],[-130.696,71.551],[-129.085,71.314],[-123.297,73.861],[-118.306,74.143],[-112.421,73.955],[-109.878,73.672],[-107.383,73.155],[-104.322,72.401],[-102.322,71.685],[-100.414,70.131],[-99.996,69.524],[-99.494,68.98],[-98.908,68.185],[-98.144,67.258],[-97.422,66.155],[-97.004,65.381],[-96.397,64.648],[-95.726,64.357],[-94.972,63.841],[-94.261,63.325],[-93.507,62.516],[-92.977,61.47],[-92.358,60.296],[-91.144,59.772],[-88.33,58.752],[-86.384,57.936],[-84.375,57.34],[-82.879,56.795],[-81.498,56.126],[-79.991,55.142],[-78.693,53.845],[-77.877,52.286],[-77.563,51.564],[-77.441,50.438],[-77.49,49.398],[-77.755,48.547],[-77.909,48.129],[-78.258,47.612],[-78.571,47.083],[-78.592,46.246],[-78.508,45.848],[-78.383,45.346],[-78.257,45.032],[-78.09,44.53],[-77.79,43.246],[-77.734,42.939],[-77.595,42.632],[-77.483,42.312],[-77.204,41.921],[-76.953,41.698],[-76.632,41.363],[-76.172,41.084],[-75.851,41.014],[-72.726,40.603],[-71.228,40.656],[-70.068,40.665],[-69.106,40.728],[-67.997,40.707],[-66.971,40.644],[-65.967,40.644],[-64.795,40.749],[-62.598,40.833],[-60.149,41.147],[-58.706,41.461],[-56.383,42.182],[-55.096,42.716],[-54.06,43.501],[-53.652,43.972],[-53.338,44.694],[-52.585,45.667],[-51.282,46.797],[-50.435,47.597],[-49.634,48.445],[-48.457,49.527],[-47.06,49.951],[-46.589,49.637],[-46.181,48.758],[-45.93,47.503],[-45.836,45.714],[-45.805,45.368],[-45.616,45.149],[-45.083,45.117],[-44.235,45.557],[-43.356,46.153],[-42.383,47.377],[-42.164,48.099],[-41.41,50.265],[-40.688,51.081],[-39.778,52.18],[-38.962,53.059],[-38.02,53.592],[-37.173,53.969],[-36.168,54.157],[-36.011,54.157],[-35.603,53.31],[-35.478,52.054],[-35.666,50.736],[-36.325,49.575],[-37.173,47.534],[-37.549,46.341],[-38.114,45.149],[-38.46,42.638],[-38.46,41.57],[-38.177,37.961],[-38.177,37.364],[-38.083,36.485],[-38.083,35.544],[-38.114,34.947],[-38.24,34.037],[-38.679,31.997],[-39.213,31.557],[-39.998,31.055],[-41.379,30.678],[-43.388,30.396],[-47.563,30.427],[-48.536,30.584],[-49.446,30.804],[-50.262,30.93],[-51.361,31.181],[-52.271,31.338],[-54.636,31.62],[-55.242,31.62],[-56.665,31.495],[-58.549,32.018],[-59.239,32.185],[-60.683,32.101],[-60.997,32.039],[-61.478,31.892],[-61.98,31.683],[-62.336,31.515],[-62.901,31.327],[-64.073,31.306],[-64.596,31.474],[-66.509,32.65],[-67.107,33.064],[-67.861,33.294],[-68.593,33.42],[-69.367,33.503],[-69.87,33.483],[-70.497,33.42],[-71.376,33.21],[-72.067,33.001],[-73.008,32.855],[-74.369,32.604],[-75.268,32.52],[-76.168,32.394],[-76.838,32.227],[-77.445,31.934],[-78.135,31.725],[-78.763,31.557],[-79.684,31.557],[-80.228,31.641],[-80.584,31.892],[-80.709,32.185],[-80.531,33.336],[-80.343,33.608],[-80.176,33.901],[-80.071,34.131],[-79.924,34.55],[-79.841,34.926],[-79.922,35.233],[-80.117,35.559],[-80.508,35.865],[-81.047,36.712],[-81.233,37.4],[-81.557,37.898],[-82.226,38.275],[-83.566,38.881],[-84.57,39.279],[-86.453,40.378],[-87.521,41.445],[-88.117,41.853],[-89.498,43.297],[-90.346,44.05],[-91.162,45.023],[-91.915,46.122],[-92.229,46.781],[-92.982,48.209],[-93.171,49.151],[-93.171,49.904],[-93.877,51.835],[-94.301,52.588],[-96.105,53.713],[-97.549,54.194],[-98.784,54.794],[-99.29,55.08],[-99.69,55.406],[-99.978,55.713],[-100.248,56.048],[-100.443,56.438],[-100.806,56.81],[-101.355,56.968],[-101.718,57.015],[-102.768,57.043],[-102.992,56.968],[-103.164,56.872],[-103.234,56.719],[-103.388,56.231],[-103.499,55.938],[-103.695,55.45],[-103.806,55.226],[-104.057,54.515],[-104.239,54.194],[-104.378,54.027],[-104.685,53.887],[-104.964,53.803],[-105.341,53.859],[-105.829,53.999],[-106.317,54.25],[-106.931,54.864],[-107.712,55.547],[-107.852,55.742],[-108.033,56.077],[-108.187,56.482],[-108.326,56.942],[-108.633,57.57],[-108.842,57.891],[-109.052,58.574],[-109.149,58.756],[-109.428,58.965],[-109.797,59.028],[-110.188,58.982],[-110.467,58.796],[-110.718,58.563],[-111.006,58.263],[-111.423,58.058],[-111.87,57.919],[-112.818,57.723],[-113.516,57.696],[-114.688,57.696],[-114.995,57.723],[-115.399,57.793],[-116.041,57.751],[-116.557,57.751],[-117.548,57.528],[-118.315,57.514],[-118.747,57.57],[-119.626,57.765],[-120.584,58.241],[-121.588,58.564],[-121.872,58.737],[-121.926,59.066],[-121.934,59.263],[-122.033,59.378],[-122.322,59.395],[-122.616,59.502],[-123.025,59.686],[-123.277,59.677],[-123.797,59.5],[-123.937,59.407],[-124.114,59.379],[-124.421,59.444],[-124.7,59.528],[-124.858,59.677],[-124.96,59.853],[-124.884,59.996],[-124.595,60.095],[-124.352,60.24],[-124.265,60.417],[-124.203,60.707],[-124.054,61.053],[-123.882,61.237],[-123.56,61.427],[-123.407,61.671],[-123.424,61.923],[-123.652,62.395],[-123.595,62.712],[-123.607,63.241],[-123.467,63.291],[-123.278,63.302],[-123.069,63.338],[-122.896,63.424],[-122.547,63.491],[-122.429,63.604],[-122.194,63.745],[-122.061,63.869],[-121.9,64.096],[-121.751,64.365],[-121.255,64.759],[-119.925,64.935],[-119.219,64.926],[-118.354,64.852],[-117.795,64.937],[-117.502,65.062],[-117.306,65.216],[-117.195,65.355],[-117.167,65.523],[-117.181,65.704],[-117.558,66.095],[-118.171,66.178],[-118.925,66.234],[-119.413,66.248],[-121.563,66.126],[-122.975,66.252],[-124.482,66.503],[-125.957,66.565],[-127.841,66.785],[-129.253,67.162],[-131.419,67.915],[-131.984,68.166],[-135.426,69.174],[-138.349,70.374],[-139.102,70.709],[-140.065,71.357],[-140.2,71.669]]]}},{"type":"Feature","properties":{"density":2},"geometry":{"type":"Polygon","coordinates":[[[-138.783,71.989],[-137.677,72.007],[-133.891,71.998],[-132.943,71.859],[-132.552,71.542],[-132.459,71.273],[-132.205,70.903],[-131.981,70.428],[-131.508,70.001],[-129.763,69.48],[-128.647,69.256],[-126.61,68.782],[-125.132,68.545],[-124.448,68.461],[-123.89,68.35],[-123.248,68.266],[-121.066,67.845],[-119.462,67.566],[-118.443,67.19],[-118.164,66.743],[-118.081,66.297],[-118.276,66.018],[-118.806,65.753],[-119.531,65.683],[-120.508,65.795],[-121.847,66.171],[-123.937,66.715],[-124.843,66.869],[-125.509,66.954],[-127.448,67.458],[-128.679,67.886],[-130.592,68.313],[-132.261,68.557],[-133.852,69.059],[-135.205,69.628],[-136.111,69.833],[-136.829,70.038],[-137.427,70.175],[-138.281,70.631],[-139.169,70.927],[-139.306,71.041],[-139.705,71.291],[-139.784,71.519],[-139.784,71.679],[-139.434,71.849],[-138.783,71.989]]]}},{"type":"Feature","properties":{"density":2},"geometry":{"type":"Polygon","coordinates":[[[-77.736,47.752],[-77.665,47.805],[-77.475,47.853],[-77.169,47.897],[-76.939,47.892],[-76.779,47.871],[-76.691,47.833],[-76.669,47.779],[-76.719,47.689],[-76.913,47.621],[-76.957,47.537],[-77.003,47.508],[-77.534,47.647],[-77.712,47.655],[-77.751,47.682],[-77.736,47.752]]]}},{"type":"Feature","properties":{"density":2},"geometry":{"type":"Polygon","coordinates":[[[-102.054,55.427],[-101.7,55.396],[-101.571,55.413],[-101.305,55.4],[-101.231,55.38],[-101.209,55.299],[-101.255,55.192],[-101.494,55.088],[-101.661,55.071],[-101.849,55.089],[-102.051,55.163],[-102.141,55.246],[-102.126,55.328],[-102.054,55.427]]]}},{"type":"Feature","properties":{"density":2},"geometry":{"type":"Polygon","coordinates":[[[-105.562,55.811],[-105.446,55.816],[-105.196,55.759],[-104.961,55.673],[-104.77,55.572],[-104.718,55.534],[-104.605,55.405],[-104.588,55.37],[-104.605,55.272],[-104.706,55.243],[-104.856,55.258],[-105.081,55.327],[-105.172,55.377],[-105.575,55.625],[-105.665,55.695],[-105.674,55.715],[-105.661,55.752],[-105.632,55.781],[-105.562,55.811]]]}},{"type":"Feature","properties":{"density":2},"geometry":{"type":"Polygon","coordinates":[[[-108.624,55.244],[-108.489,55.238],[-108.342,55.209],[-108.3,55.185],[-108.276,55.147],[-108.266,55.105],[-108.277,55.053],[-108.376,55.012],[-108.425,54.973],[-108.522,54.978],[-108.602,55.028],[-108.638,55.073],[-108.649,55.143],[-108.677,55.182],[-108.668,55.223],[-108.624,55.244]]]}},{"type":"Feature","properties":{"density":2},"geometry":{"type":"Polygon","coordinates":[[[-123.706,63.367],[-123.85,63.618],[-123.858,63.72],[-123.814,63.77],[-123.748,63.77],[-123.586,63.676],[-123.525,63.62],[-123.375,63.592],[-123.318,63.552],[-123.318,63.469],[-123.353,63.407],[-123.446,63.355],[-123.514,63.332],[-123.644,63.323],[-123.706,63.367]]]}},{"type":"Feature","properties":{"density":2},"geometry":{"type":"Polygon","coordinates":[[[-118.261,46.727],[-118.178,46.849],[-117.996,47.014],[-117.839,47.246],[-117.729,47.481],[-117.712,47.58],[-117.638,47.754],[-117.506,47.952],[-117.386,48.308],[-117.328,48.419],[-117.249,48.448],[-116.989,48.452],[-116.319,48.366],[-116.175,48.324],[-116.088,48.238],[-116.071,48.167],[-116.088,48.035],[-116.117,47.973],[-116.257,47.824],[-116.516,47.667],[-116.676,47.546],[-116.83,47.488],[-117.112,47.425],[-117.34,47.284],[-117.486,47.108],[-117.616,46.986],[-117.781,46.876],[-118.123,46.59],[-118.266,46.582],[-118.301,46.63],[-118.297,46.674],[-118.261,46.727]]]}},{"type":"Feature","properties":{"density":2},"geometry":{"type":"Polygon","coordinates":[[[-119.072,48.086],[-119.147,48.202],[-119.265,48.31],[-119.336,48.461],[-119.323,48.483],[-119.292,48.498],[-119.233,48.492],[-119.156,48.466],[-119.046,48.411],[-118.923,48.374],[-118.873,48.314],[-118.864,48.137],[-118.893,48.055],[-118.917,48.031],[-118.971,48.031],[-119.033,48.053],[-119.072,48.086]]]}},{"type":"Feature","properties":{"density":2},"geometry":{"type":"Polygon","coordinates":[[[-121.485,44.489],[-121.381,44.676],[-121.306,44.916],[-121.266,44.958],[-121.216,44.955],[-121.185,44.902],[-121.201,44.71],[-121.28,44.519],[-121.378,44.446],[-121.439,44.424],[-121.491,44.434],[-121.485,44.489]]]}},{"type":"Feature","properties":{"density":2},"geometry":{"type":"Polygon","coordinates":[[[-120.879,44.585],[-120.83,44.778],[-120.698,44.977],[-120.563,45.072],[-120.448,45.074],[-120.442,45.012],[-120.461,44.984],[-120.626,44.819],[-120.702,44.598],[-120.816,44.496],[-120.873,44.5],[-120.892,44.52],[-120.879,44.585]]]}},{"type":"Feature","properties":{"density":2},"geometry":{"type":"Polygon","coordinates":[[[-118.486,44.752],[-118.646,44.817],[-118.664,44.886],[-118.629,44.945],[-118.535,44.971],[-118.452,44.919],[-118.415,44.771],[-118.486,44.752]]]}},{"type":"Feature","properties":{"density":2},"geometry":{"type":"Polygon","coordinates":[[[-118.269,45.686],[-118.313,45.695],[-118.35,45.726],[-118.358,45.753],[-118.329,45.794],[-118.246,45.808],[-118.121,45.794],[-118.065,45.761],[-118.082,45.674],[-118.129,45.644],[-118.19,45.643],[-118.269,45.686]]]}},{"type":"Feature","properties":{"density":2},"geometry":{"type":"Polygon","coordinates":[[[-122.861,42.859],[-122.653,42.745],[-122.609,42.708],[-122.587,42.664],[-122.559,42.557],[-122.572,42.363],[-122.614,42.293],[-122.728,42.209],[-122.817,42.204],[-123.122,42.264],[-123.343,42.168],[-123.398,42.166],[-123.433,42.192],[-123.517,42.413],[-123.507,42.56],[-123.415,42.773],[-123.324,42.849],[-123.061,43.016],[-122.987,43.038],[-122.936,43.042],[-122.861,43.023],[-122.844,42.972],[-122.871,42.888],[-122.861,42.859]]]}},{"type":"Feature","properties":{"density":2},"geometry":{"type":"Polygon","coordinates":[[[-120.972,44.607],[-120.897,44.831],[-120.815,44.996],[-120.444,45.312],[-120.428,45.403],[-120.498,45.535],[-120.498,45.659],[-120.448,45.697],[-120.382,45.697],[-120.223,45.765],[-120.041,46.054],[-119.925,46.286],[-119.797,46.74],[-119.785,46.864],[-119.822,47.001],[-119.909,47.143],[-119.977,47.292],[-120.033,47.472],[-120.045,47.596],[-119.971,47.683],[-119.853,47.695],[-119.549,47.546],[-119.332,47.404],[-119.152,47.249],[-119.066,47.125],[-119.053,46.97],[-119.19,46.474],[-119.181,46.248],[-119.202,46.083],[-119.169,46.0],[-119.094,45.926],[-118.962,45.868],[-118.913,45.823],[-118.867,45.748],[-118.867,45.682],[-118.937,45.587],[-119.004,45.537],[-119.057,45.5],[-119.322,45.426],[-119.466,45.322],[-119.504,45.265],[-119.504,45.165],[-119.338,45.132],[-119.214,45.136],[-118.627,45.322],[-118.553,45.318],[-118.516,45.26],[-118.524,45.17],[-118.582,45.033],[-118.71,44.835],[-118.871,44.459],[-118.962,44.182],[-118.973,43.917],[-118.911,43.849],[-118.818,43.824],[-118.464,43.886],[-118.284,43.892],[-118.135,43.867],[-117.968,43.774],[-117.819,43.65],[-117.782,43.557],[-117.484,43.024],[-117.41,42.851],[-117.373,42.727],[-117.36,42.565],[-117.385,42.503],[-117.478,42.417],[-117.59,42.386],[-117.782,42.441],[-117.987,42.51],[-118.489,42.807],[-118.83,42.931],[-118.991,43.03],[-119.27,43.34],[-119.326,43.489],[-119.388,43.557],[-119.475,43.619],[-119.543,43.7],[-119.562,43.762],[-119.512,43.892],[-119.512,43.954],[-119.555,44.035],[-119.642,44.14],[-119.692,44.295],[-119.828,44.403],[-120.027,44.456],[-120.142,44.461],[-120.196,44.428],[-120.242,44.374],[-120.295,44.229],[-120.382,44.084],[-120.452,44.006],[-120.485,43.998],[-120.56,44.014],[-120.622,44.118],[-120.626,44.27],[-120.568,44.523],[-120.572,44.585],[-120.651,44.601],[-120.676,44.593],[-120.75,44.502],[-120.915,44.49],[-120.952,44.51],[-120.972,44.607]]]}},{"type":"Feature","properties":{"density":2},"geometry":{"type":"Polygon","coordinates":[[[-122.278,51.221],[-122.52,51.261],[-122.733,51.201],[-122.909,51.248],[-122.948,51.27],[-123.008,51.432],[-122.994,51.518],[-122.931,51.589],[-122.909,51.595],[-122.655,51.586],[-122.614,51.595],[-122.542,51.655],[-122.446,51.639],[-122.355,51.556],[-122.294,51.435],[-122.183,51.317],[-122.176,51.255],[-122.191,51.221],[-122.23,51.205],[-122.278,51.221]]]}},{"type":"Feature","properties":{"density":2},"geometry":{"type":"Polygon","coordinates":[[[-121.731,50.879],[-121.718,50.771],[-121.648,50.684],[-121.59,50.643],[-121.516,50.651],[-121.487,50.742],[-121.499,51.032],[-121.487,51.127],[-121.35,51.127],[-121.276,51.027],[-121.094,50.631],[-121.057,50.515],[-121.04,50.366],[-121.044,50.201],[-121.069,50.089],[-121.119,49.998],[-121.226,49.862],[-121.367,49.796],[-121.499,49.8],[-121.594,49.858],[-121.743,50.403],[-121.788,50.486],[-121.921,50.655],[-121.945,50.916],[-122.007,51.065],[-122.007,51.114],[-121.896,51.1],[-121.871,51.081],[-121.753,50.955],[-121.731,50.879]]]}},{"type":"Feature","properties":{"density":2},"geometry":{"type":"Polygon","coordinates":[[[-112.462,61.843],[-112.312,61.832],[-112.255,61.801],[-112.238,61.764],[-112.319,61.757],[-112.455,61.779],[-112.481,61.801],[-112.462,61.843]]]}},{"type":"Feature","properties":{"density":2},"geometry":{"type":"Polygon","coordinates":[[[-132.043,71.662],[-132.111,71.56],[-132.18,71.218],[-131.787,70.688],[-131.36,70.261],[-130.129,69.749],[-129.207,69.441],[-128.045,69.253],[-127.259,69.065],[-126.234,68.877],[-125.14,68.57],[-123.927,68.262],[-122.68,67.732],[-122.133,67.22],[-122.184,67.049],[-122.441,66.929],[-122.8,66.81],[-123.722,66.776],[-124.594,66.878],[-125.345,67.066],[-126.08,67.288],[-128.745,67.715],[-129.788,67.903],[-130.744,68.143],[-133.239,69.082],[-135.238,69.663],[-136.434,69.954],[-137.562,70.449],[-137.835,70.586],[-138.109,70.893],[-138.057,71.406],[-137.921,71.748],[-137.579,71.97],[-136.827,72.072],[-136.007,72.055],[-134.811,72.004],[-133.837,72.089],[-133.137,72.124],[-132.111,71.919],[-132.043,71.662]]]}},{"type":"Feature","properties":{"density":2},"geometry":{"type":"Polygon","coordinates":[[[-108.659,55.248],[-108.422,55.149],[-108.125,54.956],[-107.998,54.893],[-107.596,54.766],[-106.973,54.482],[-106.81,54.284],[-106.774,54.168],[-106.799,54.072],[-106.841,54.052],[-107.039,54.025],[-108.053,54.292],[-108.4,54.35],[-108.669,54.375],[-108.888,54.424],[-108.929,54.482],[-108.958,54.598],[-108.95,54.71],[-108.785,55.193],[-108.754,55.247],[-108.659,55.248]]]}},{"type":"Feature","properties":{"density":2},"geometry":{"type":"Polygon","coordinates":[[[-108.105,55.302],[-107.924,55.107],[-107.838,54.963],[-107.789,54.745],[-107.834,54.664],[-107.969,54.73],[-108.084,54.879],[-108.123,54.967],[-108.161,55.092],[-108.172,55.265],[-108.153,55.308],[-108.105,55.302]]]}},{"type":"Feature","properties":{"density":2},"geometry":{"type":"Polygon","coordinates":[[[-110.333,56.257],[-110.269,56.268],[-110.166,56.257],[-109.813,56.176],[-109.767,56.135],[-109.756,56.088],[-109.789,55.963],[-109.821,55.935],[-109.936,55.895],[-110.407,55.955],[-110.524,55.99],[-110.53,56.021],[-110.421,56.111],[-110.377,56.212],[-110.333,56.257]]]}},{"type":"Feature","properties":{"density":2},"geometry":{"type":"Polygon","coordinates":[[[-131.932,69.893],[-130.279,69.453],[-128.856,69.118],[-127.412,68.825],[-125.947,68.553],[-123.541,68.156],[-121.658,67.947],[-120.59,67.8],[-119.942,67.758],[-119.188,67.654],[-118.602,67.633],[-118.205,67.57],[-117.619,67.382],[-116.949,67.193],[-115.463,66.963],[-115.15,66.837],[-114.333,66.691],[-114.124,66.607],[-113.999,66.503],[-113.894,66.356],[-113.873,66.168],[-114.061,65.959],[-114.626,65.812],[-115.233,65.77],[-116.782,65.812],[-118.77,66.147],[-120.883,66.607],[-121.93,66.879],[-125.382,67.591],[-126.617,67.779],[-127.621,67.905],[-129.651,68.449],[-130.844,68.846],[-131.848,69.16],[-133.041,69.642],[-134.15,69.955],[-135.992,70.207],[-138.461,70.834],[-139.256,71.148],[-140.093,71.609],[-140.344,71.881],[-140.156,72.174],[-139.549,72.278],[-138.796,72.215],[-137.77,71.964],[-136.871,71.776],[-134.401,70.834],[-133.46,70.395],[-132.309,70.102],[-131.932,69.893]]]}},{"type":"Feature","properties":{"density":2},"geometry":{"type":"Polygon","coordinates":[[[-128.45,72.479],[-125.954,72.856],[-122.517,72.574],[-118.091,72.527],[-114.795,72.715],[-112.018,73.233],[-109.805,73.562],[-106.98,73.468],[-103.025,73.28],[-99.87,72.95],[-98.693,72.291],[-98.128,71.585],[-96.292,68.713],[-95.821,67.347],[-94.926,65.323],[-93.938,64.146],[-92.713,63.157],[-91.018,62.827],[-89.229,62.074],[-87.299,61.321],[-84.615,60.379],[-79.436,58.872],[-76.881,57.613],[-74.979,55.247],[-74.539,54.337],[-73.817,52.736],[-73.629,51.637],[-73.598,50.225],[-74.728,46.803],[-75.355,45.454],[-75.701,44.543],[-75.952,43.539],[-76.109,42.409],[-76.014,42.189],[-75.324,41.781],[-73.817,41.028],[-71.369,40.588],[-69.831,40.463],[-67.634,40.337],[-66.253,40.369],[-64.181,40.839],[-61.701,41.216],[-58.829,41.938],[-57.887,42.409],[-56.475,43.021],[-53.791,43.539],[-53.038,44.01],[-51.343,45.234],[-50.448,46.552],[-49.883,47.871],[-49.318,49.048],[-48.989,49.942],[-48.047,50.696],[-47.294,50.696],[-46.682,50.272],[-45.552,48.388],[-44.751,47.4],[-42.303,46.835],[-41.455,48.012],[-40.796,49.189],[-40.561,50.46],[-39.996,52.83],[-39.933,53.238],[-39.776,53.929],[-39.337,55.153],[-38.803,56.032],[-38.144,56.534],[-37.422,56.754],[-35.758,57.036],[-34.785,57.036],[-33.749,56.691],[-33.498,56.22],[-33.279,55.498],[-33.247,54.399],[-33.467,53.489],[-34.44,50.554],[-34.675,49.707],[-35.193,48.012],[-35.429,46.741],[-36.888,42.691],[-37.124,41.561],[-37.265,39.678],[-37.312,37.936],[-37.312,36.806],[-37.453,35.299],[-37.83,34.169],[-38.395,33.181],[-39.101,32.427],[-40.231,31.391],[-41.55,30.638],[-43.433,30.214],[-44.94,29.838],[-46.917,29.273],[-48.565,29.508],[-49.883,29.838],[-51.39,30.356],[-52.096,30.544],[-53.509,30.779],[-55.062,31.062],[-56.004,31.156],[-57.558,31.533],[-59.724,31.768],[-61.089,31.862],[-62.031,31.815],[-62.737,31.533],[-64.149,31.25],[-65.374,31.768],[-66.127,32.286],[-68.246,33.228],[-68.874,33.228],[-69.878,33.134],[-71.51,33.196],[-73.237,32.757],[-74.461,32.631],[-75.905,32.255],[-76.815,32.066],[-77.6,31.815],[-78.416,31.501],[-79.232,31.564],[-80.017,31.878],[-80.299,32.255],[-80.33,32.725],[-80.205,33.196],[-80.205,33.636],[-80.707,34.515],[-81.304,35.645],[-82.59,37.559],[-83.658,37.967],[-84.756,38.25],[-86.043,38.658],[-86.954,39.192],[-87.707,39.851],[-89.339,41.169],[-90.03,42.142],[-90.406,43.052],[-90.814,43.837],[-91.16,44.59],[-92.059,44.998],[-93.545,45.229],[-95.344,45.145],[-96.83,45.04],[-97.897,44.894],[-98.42,45.124],[-98.392,45.8],[-97.597,47.07],[-97.248,48.13],[-97.848,49.267],[-99.404,50.376],[-100.743,50.816],[-101.81,51.213],[-102.668,51.611],[-103.37,52.258],[-104.092,53.097],[-104.737,53.611],[-105.56,53.988],[-106.648,54.685],[-107.119,55.026],[-107.259,55.249],[-107.426,55.43],[-107.635,55.597],[-108.054,55.737],[-108.514,55.779],[-108.919,55.751],[-109.128,55.681],[-109.77,55.639],[-110.3,55.695],[-110.774,55.779],[-111.095,55.876],[-111.988,56.058],[-113.229,56.393],[-114.171,56.623],[-115.092,56.748],[-117.247,57.334],[-118.252,57.418],[-119.089,57.46],[-120.009,57.565],[-120.993,58.046],[-121.453,58.297],[-122.039,58.695],[-122.625,59.239],[-123.127,59.552],[-123.713,59.72],[-124.299,59.72],[-124.663,60.207],[-124.858,60.723],[-124.691,61.351],[-124.44,61.867],[-124.174,62.691],[-124.076,63.166],[-123.937,63.514],[-123.42,63.905],[-122.681,64.156],[-121.718,64.379],[-120.895,64.658],[-119.975,64.923],[-119.319,65.035],[-118.531,65.282],[-118.259,65.4],[-118.11,65.568],[-118.153,65.716],[-118.493,65.864],[-119.581,65.969],[-120.125,66.115],[-120.607,66.283],[-121.109,66.366],[-121.632,66.366],[-122.155,66.45],[-122.846,66.471],[-123.369,66.45],[-123.934,66.492],[-124.457,66.492],[-125.169,66.639],[-125.671,66.659],[-126.236,66.743],[-127.557,67.065],[-129.66,67.379],[-131.763,67.755],[-135.843,68.854],[-137.287,69.356],[-138.92,69.984],[-141.282,70.374],[-142.341,71.616],[-142.474,72.111],[-142.027,72.527],[-141.18,72.746],[-139.61,72.683],[-138.08,72.717],[-136.238,72.864],[-134.711,72.697],[-133.581,72.487],[-132.451,72.404],[-131.3,72.425],[-129.942,72.338],[-128.45,72.479]]]}},{"type":"Feature","properties":{"density":2},"geometry":{"type":"Polygon","coordinates":[[[-120.045,44.032],[-119.982,44.214],[-119.947,44.271],[-119.804,44.414],[-119.747,44.429],[-119.741,44.379],[-119.83,44.214],[-120.002,43.999],[-120.043,43.973],[-120.045,44.032]]]}},{"type":"Feature","properties":{"density":2},"geometry":{"type":"Polygon","coordinates":[[[-117.349,44.707],[-117.474,44.808],[-117.513,44.868],[-117.527,44.975],[-117.413,45.054],[-117.261,45.078],[-117.134,45.074],[-117.092,45.015],[-117.085,44.968],[-117.094,44.914],[-117.154,44.802],[-117.243,44.696],[-117.272,44.681],[-117.349,44.707]]]}},{"type":"Feature","properties":{"density":2},"geometry":{"type":"Polygon","coordinates":[[[-118.299,45.769],[-118.145,45.717],[-118.09,45.633],[-118.092,45.578],[-118.116,45.561],[-118.162,45.563],[-118.298,45.651],[-118.364,45.747],[-118.336,45.769],[-118.299,45.769]]]}},{"type":"Feature","properties":{"density":2},"geometry":{"type":"Polygon","coordinates":[[[-118.275,46.67],[-118.23,46.756],[-118.222,47.067],[-118.208,47.097],[-118.112,47.103],[-118.049,47.07],[-117.938,47.07],[-117.693,47.147],[-117.503,47.158],[-117.332,47.089],[-117.326,47.033],[-117.4,46.872],[-117.481,46.816],[-117.63,46.667],[-117.772,46.587],[-118.07,46.506],[-118.188,46.519],[-118.237,46.541],[-118.275,46.598],[-118.275,46.67]]]}},{"type":"Feature","properties":{"density":2},"geometry":{"type":"Polygon","coordinates":[[[-121.598,44.518],[-121.636,44.747],[-121.614,44.921],[-121.529,45.155],[-121.12,45.854],[-120.884,46.089],[-120.752,46.275],[-120.409,46.631],[-119.95,46.837],[-119.34,47.028],[-119.071,47.09],[-118.873,47.057],[-118.575,46.961],[-118.488,46.966],[-118.311,47.139],[-118.125,47.197],[-117.964,47.284],[-117.796,47.346],[-117.629,47.383],[-117.412,47.371],[-117.319,47.209],[-117.313,47.042],[-117.382,46.622],[-117.494,46.301],[-117.717,45.869],[-117.841,45.411],[-118.016,44.959],[-118.382,44.295],[-118.494,44.233],[-118.686,44.029],[-119.12,43.861],[-119.225,43.774],[-119.325,43.632],[-119.449,43.601],[-119.573,43.626],[-119.591,43.675],[-119.592,43.843],[-119.554,43.994],[-119.543,44.122],[-119.622,44.282],[-119.673,44.295],[-119.751,44.255],[-119.963,43.969],[-120.012,43.943],[-120.058,43.954],[-120.1,44.0],[-120.123,44.12],[-120.168,44.145],[-120.192,44.142],[-120.352,43.994],[-120.404,43.974],[-120.512,43.966],[-120.661,44.018],[-120.683,44.057],[-120.68,44.363],[-120.719,44.379],[-120.989,44.363],[-121.044,44.327],[-121.038,44.25],[-121.077,44.126],[-121.138,44.032],[-121.25,43.991],[-121.306,43.991],[-121.421,44.013],[-121.479,44.074],[-121.565,44.377],[-121.567,44.454],[-121.598,44.518]]]}},{"type":"Feature","properties":{"density":2},"geometry":{"type":"Polygon","coordinates":[[[-122.63,43.011],[-122.627,42.968],[-122.605,42.945],[-122.315,42.766],[-122.26,42.634],[-122.224,42.279],[-122.249,42.088],[-122.304,41.956],[-122.348,41.918],[-122.428,41.896],[-122.541,41.89],[-122.679,41.898],[-122.949,41.948],[-123.175,41.942],[-123.288,41.975],[-123.473,42.08],[-123.506,42.124],[-123.508,42.185],[-123.556,42.264],[-123.597,42.446],[-123.52,42.688],[-123.396,42.818],[-123.319,42.972],[-123.21,43.135],[-123.117,43.229],[-122.782,43.473],[-122.716,43.514],[-122.654,43.531],[-122.617,43.531],[-122.576,43.498],[-122.514,43.415],[-122.534,43.295],[-122.58,43.163],[-122.632,43.084],[-122.63,43.011]]]}},{"type":"Feature","properties":{"density":2},"geometry":{"type":"Polygon","coordinates":[[[-119.116,48.104],[-119.187,48.308],[-119.309,48.787],[-119.32,48.958],[-119.243,49.346],[-119.204,49.413],[-118.973,49.418],[-118.862,49.371],[-118.813,49.286],[-118.785,49.176],[-118.771,48.939],[-118.777,48.503],[-118.865,48.115],[-118.912,48.043],[-118.942,48.032],[-119.052,48.043],[-119.116,48.104]]]}},{"type":"Feature","properties":{"density":2},"geometry":{"type":"Polygon","coordinates":[[[-121.597,49.94],[-121.643,49.965],[-121.66,50.013],[-121.607,50.109],[-121.542,50.153],[-121.421,50.178],[-121.384,50.16],[-121.373,50.105],[-121.423,49.833],[-121.484,49.828],[-121.597,49.94]]]}},{"type":"Feature","properties":{"density":2},"geometry":{"type":"Polygon","coordinates":[[[-122.379,51.248],[-122.482,51.331],[-122.573,51.45],[-122.853,51.584],[-122.942,51.68],[-123.159,51.788],[-123.281,51.882],[-123.407,51.928],[-123.529,52.019],[-123.666,52.171],[-123.771,52.256],[-123.801,52.463],[-123.552,52.732],[-123.284,52.819],[-122.953,52.963],[-122.569,53.075],[-122.399,53.1],[-122.259,53.091],[-121.928,53.009],[-121.564,52.868],[-121.465,52.765],[-121.428,52.629],[-121.414,52.331],[-121.436,51.841],[-121.53,51.395],[-121.606,51.252],[-121.622,51.178],[-121.672,51.161],[-121.759,51.161],[-121.837,51.169],[-121.903,51.198],[-121.932,51.219],[-122.035,51.372],[-122.052,51.442],[-122.074,51.472],[-122.096,51.475],[-122.118,51.464],[-122.137,51.404],[-122.129,51.23],[-122.143,51.178],[-122.231,51.172],[-122.339,51.214],[-122.379,51.248]]]}},{"type":"Feature","properties":{"density":2},"geometry":{"type":"Polygon","coordinates":[[[-113.601,60.337],[-113.485,60.306],[-113.368,60.303],[-113.035,60.306],[-112.74,60.328],[-112.631,60.314],[-112.492,60.271],[-112.499,60.194],[-112.62,60.095],[-112.681,60.075],[-112.762,60.08],[-113.5,60.2],[-113.607,60.242],[-113.643,60.288],[-113.649,60.329],[-113.601,60.337]]]}},{"type":"Feature","properties":{"density":2},"geometry":{"type":"Polygon","coordinates":[[[-123.676,63.326],[-123.69,63.409],[-123.648,63.516],[-123.516,63.604],[-123.348,63.66],[-122.94,63.75],[-122.502,63.792],[-122.185,63.792],[-122.169,63.748],[-122.207,63.687],[-122.27,63.629],[-122.361,63.574],[-122.53,63.522],[-122.888,63.469],[-123.265,63.389],[-123.414,63.274],[-123.66,63.3],[-123.676,63.326]]]}},{"type":"Feature","properties":{"density":2},"geometry":{"type":"Polygon","coordinates":[[[-105.004,37.979],[-105.157,38.095],[-105.31,38.115],[-105.339,38.074],[-105.356,37.975],[-105.339,37.9],[-105.269,37.851],[-105.157,37.826],[-105.041,37.871],[-104.992,37.933],[-105.004,37.979]]]}},{"type":"Feature","properties":{"density":3},"geometry":{"type":"Polygon","coordinates":[[[-122.887,42.587],[-122.871,42.549],[-122.711,42.505],[-122.686,42.474],[-122.703,42.441],[-122.882,42.392],[-122.937,42.397],[-123.069,42.452],[-123.091,42.477],[-123.091,42.562],[-123.234,42.651],[-123.24,42.673],[-123.212,42.739],[-123.19,42.755],[-123.066,42.742],[-122.89,42.791],[-122.854,42.753],[-122.849,42.651],[-122.887,42.587]]]}},{"type":"Feature","properties":{"density":3},"geometry":{"type":"Polygon","coordinates":[[[-120.52,44.084],[-120.594,44.119],[-120.586,44.147],[-120.462,44.194],[-120.404,44.164],[-120.487,44.075],[-120.52,44.084]]]}},{"type":"Feature","properties":{"density":3},"geometry":{"type":"Polygon","coordinates":[[[-120.876,44.571],[-120.779,44.693],[-120.738,44.786],[-120.487,45.032],[-120.479,44.971],[-120.501,44.93],[-120.68,44.673],[-120.842,44.53],[-120.873,44.541],[-120.876,44.571]]]}},{"type":"Feature","properties":{"density":3},"geometry":{"type":"Polygon","coordinates":[[[-120.189,45.354],[-120.046,45.404],[-119.845,45.437],[-119.837,45.464],[-119.983,45.464],[-120.225,45.39],[-120.25,45.362],[-120.242,45.346],[-120.189,45.354]]]}},{"type":"Feature","properties":{"density":3},"geometry":{"type":"Polygon","coordinates":[[[-120.316,44.698],[-120.272,44.739],[-120.189,44.745],[-120.167,44.781],[-120.159,44.877],[-120.22,44.885],[-120.275,44.946],[-120.357,44.96],[-120.385,44.91],[-120.379,44.75],[-120.357,44.704],[-120.316,44.698]]]}},{"type":"Feature","properties":{"density":3},"geometry":{"type":"Polygon","coordinates":[[[-118.203,46.634],[-117.897,46.874],[-117.693,47.067],[-117.629,47.169],[-117.621,47.246],[-117.921,47.003],[-118.191,46.711],[-118.219,46.659],[-118.203,46.634]]]}},{"type":"Feature","properties":{"density":3},"geometry":{"type":"Polygon","coordinates":[[[-122.177,51.283],[-122.268,51.353],[-122.313,51.361],[-122.35,51.345],[-122.355,51.312],[-122.317,51.258],[-122.284,51.246],[-122.177,51.283]]]}},{"type":"Feature","properties":{"density":3},"geometry":{"type":"Polygon","coordinates":[[[-122.608,62.97],[-122.534,63.007],[-122.314,63.028],[-121.872,63.136],[-121.558,63.26],[-121.43,63.33],[-120.649,63.565],[-120.438,63.656],[-120.438,63.685],[-120.711,63.673],[-121.029,63.565],[-121.285,63.508],[-121.727,63.371],[-121.827,63.375],[-121.897,63.396],[-121.996,63.462],[-122.17,63.512],[-122.248,63.474],[-122.215,63.446],[-122.062,63.421],[-121.988,63.379],[-122.0,63.346],[-122.05,63.338],[-122.058,63.301],[-121.967,63.276],[-121.876,63.305],[-121.843,63.288],[-121.864,63.255],[-121.951,63.222],[-122.137,63.115],[-122.19,63.115],[-122.352,63.185],[-122.48,63.189],[-122.761,63.011],[-122.802,62.978],[-122.819,62.941],[-122.815,62.921],[-122.711,62.921],[-122.608,62.97]]]}},{"type":"Feature","properties":{"density":3},"geometry":{"type":"Polygon","coordinates":[[[-123.129,62.644],[-123.331,62.652],[-123.373,62.668],[-123.397,62.718],[-123.402,62.78],[-123.364,62.809],[-123.286,62.792],[-123.261,62.821],[-123.257,62.875],[-123.294,62.912],[-123.294,62.949],[-123.261,62.97],[-123.195,62.978],[-123.17,62.949],[-123.211,62.863],[-123.191,62.792],[-123.112,62.722],[-123.079,62.656],[-123.116,62.619],[-123.129,62.644]]]}},{"type":"Feature","properties":{"density":3},"geometry":{"type":"Polygon","coordinates":[[[-123.683,63.392],[-123.724,63.425],[-123.79,63.57],[-123.84,63.64],[-123.84,63.702],[-123.774,63.689],[-123.732,63.656],[-123.662,63.636],[-123.534,63.557],[-123.472,63.45],[-123.451,63.313],[-123.472,63.317],[-123.501,63.4],[-123.571,63.462],[-123.6,63.47],[-123.617,63.454],[-123.567,63.367],[-123.596,63.342],[-123.683,63.392]]]}},{"type":"Feature","properties":{"density":3},"geometry":{"type":"Polygon","coordinates":[[[-120.029,63.702],[-119.843,63.636],[-119.306,63.525],[-119.017,63.504],[-118.223,63.496],[-118.124,63.504],[-117.938,63.554],[-117.52,63.545],[-117.462,63.583],[-117.471,63.657],[-117.529,63.707],[-117.657,63.744],[-118.392,63.847],[-118.479,63.851],[-118.636,63.781],[-118.814,63.74],[-118.888,63.74],[-119.017,63.814],[-119.124,63.839],[-119.347,63.843],[-119.434,63.814],[-119.599,63.818],[-119.699,63.748],[-120.009,63.756],[-120.05,63.731],[-120.029,63.702]]]}},{"type":"Feature","properties":{"density":3},"geometry":{"type":"Polygon","coordinates":[[[-119.182,64.186],[-119.021,64.199],[-118.686,64.178],[-118.376,64.178],[-118.19,64.194],[-118.082,64.141],[-116.867,63.913],[-116.739,63.909],[-116.541,63.872],[-116.487,63.884],[-116.466,63.909],[-116.474,63.992],[-116.549,64.07],[-116.706,64.124],[-117.338,64.182],[-117.863,64.289],[-118.062,64.281],[-118.425,64.298],[-118.587,64.261],[-118.694,64.256],[-119.074,64.281],[-119.136,64.269],[-119.182,64.186]]]}},{"type":"Feature","properties":{"density":3},"geometry":{"type":"Polygon","coordinates":[[[-43.682,39.254],[-44.058,38.375],[-44.372,37.716],[-44.717,37.245],[-45.502,35.77],[-45.408,35.456],[-45.188,35.362],[-44.78,35.644],[-44.56,35.958],[-44.372,36.146],[-44.152,36.146],[-43.933,36.084],[-43.933,35.864],[-44.027,35.55],[-44.184,35.173],[-44.341,34.922],[-44.498,34.577],[-44.686,34.232],[-44.906,34.012],[-45.031,33.981],[-45.314,34.106],[-45.408,34.326],[-45.377,34.64],[-45.471,34.891],[-46.004,35.079],[-46.318,34.922],[-46.601,34.671],[-47.95,33.761],[-48.296,33.478],[-48.547,33.07],[-48.829,32.756],[-49.237,32.631],[-49.645,32.725],[-50.242,32.819],[-50.775,32.725],[-51.215,32.725],[-51.749,32.851],[-52.502,32.882],[-53.287,32.851],[-54.04,32.756],[-54.636,32.725],[-55.201,32.631],[-56.112,32.725],[-56.99,33.039],[-57.022,33.196],[-56.677,33.447],[-56.331,33.729],[-56.08,33.981],[-55.986,34.294],[-56.3,34.859],[-56.3,35.111],[-55.892,35.832],[-55.578,36.241],[-55.295,36.649],[-54.919,36.9],[-54.511,37.119],[-53.946,37.465],[-53.852,37.998],[-54.448,38.155],[-55.515,38.03],[-56.582,37.841],[-58.748,37.841],[-59.564,37.59],[-61.73,37.151],[-64.304,37.025],[-67.004,36.554],[-68.102,36.272],[-69.012,35.832],[-69.891,35.581],[-70.77,35.267],[-71.681,35.016],[-72.371,34.891],[-73.909,34.797],[-74.003,35.205],[-72.999,35.644],[-71.806,36.052],[-71.147,36.335],[-70.456,36.774],[-69.923,36.962],[-69.326,37.402],[-69.609,37.716],[-70.205,37.622],[-70.707,37.496],[-72.591,37.182],[-73.093,37.078],[-74.181,36.994],[-75.227,37.036],[-76.462,37.538],[-77.132,37.873],[-78.094,38.27],[-81.003,39.296],[-81.84,39.463],[-83.033,39.798],[-85.67,40.97],[-86.088,41.221],[-86.8,41.723],[-87.365,42.309],[-87.574,42.476],[-87.762,42.874],[-87.783,43.209],[-87.699,44.234],[-87.95,45.029],[-87.637,46.892],[-87.678,47.373],[-87.804,48.022],[-88.055,48.503],[-88.348,48.922],[-88.892,49.612],[-89.499,50.198],[-90.19,50.387],[-90.545,50.324],[-90.943,50.387],[-91.361,50.554],[-91.801,50.784],[-92.219,51.056],[-92.47,51.412],[-93.192,53.149],[-93.475,55.315],[-93.412,56.005],[-93.726,56.602],[-94.166,57.072],[-94.887,57.637],[-96.3,58.234],[-100.056,58.851],[-100.914,59.123],[-101.563,59.27],[-102.463,59.5],[-103.321,59.542],[-104.283,59.479],[-105.33,59.625],[-105.895,59.583],[-106.104,59.374],[-106.187,59.102],[-106.083,58.956],[-106.543,58.684],[-106.878,58.37],[-107.255,58.244],[-107.297,58.14],[-107.213,57.909],[-107.192,57.533],[-107.234,57.47],[-107.527,57.449],[-108.531,58.035],[-108.803,58.537],[-109.117,59.06],[-109.285,59.374],[-109.368,59.563],[-109.347,59.939],[-109.208,60.916],[-109.161,61.427],[-109.171,61.548],[-109.226,61.66],[-109.375,61.762],[-109.422,61.892],[-109.431,62.023],[-109.385,62.171],[-109.291,62.302],[-109.05,62.432],[-108.929,62.553],[-108.836,62.748],[-108.682,63.306],[-108.501,63.348],[-108.375,63.306],[-108.32,63.25],[-108.222,63.069],[-108.138,62.79],[-107.943,61.743],[-107.831,61.381],[-107.58,61.102],[-107.273,61.199],[-106.994,61.172],[-106.59,60.99],[-106.255,61.018],[-105.781,61.144],[-105.529,61.297],[-105.209,61.604],[-104.874,62.078],[-104.818,62.72],[-104.93,63.264],[-105.139,63.641],[-105.278,63.822],[-106.046,64.617],[-106.367,65.12],[-107.092,65.789],[-107.51,66.124],[-108.696,66.473],[-109.059,66.668],[-109.505,66.863],[-109.826,67.031],[-110.189,67.128],[-110.621,67.212],[-111.403,67.324],[-111.64,67.324],[-111.751,67.282],[-111.626,66.891],[-111.096,66.138],[-110.914,65.803],[-110.761,65.287],[-110.621,64.645],[-110.552,64.059],[-110.496,63.473],[-110.51,62.971],[-110.635,62.427],[-110.705,61.939],[-110.887,61.241],[-111.235,60.474],[-111.417,60.153],[-111.751,59.79],[-112.561,59.191],[-113.021,58.772],[-113.356,58.716],[-113.9,58.66],[-116.132,58.27],[-116.802,58.047],[-117.429,57.921],[-118.476,57.865],[-118.852,57.991],[-119.787,58.507],[-120.122,58.66],[-120.471,58.73],[-121.168,59.023],[-121.642,59.414],[-121.908,59.483],[-122.187,59.483],[-122.41,59.525],[-122.661,59.721],[-122.731,59.888],[-123.275,59.888],[-123.582,60.0],[-123.833,60.237],[-123.875,60.404],[-123.777,60.572],[-123.679,60.683],[-123.651,60.837],[-123.749,60.976],[-123.749,61.199],[-123.61,61.227],[-123.4,61.213],[-123.233,61.241],[-123.065,61.506],[-122.982,61.674],[-122.982,61.827],[-123.052,61.911],[-123.135,61.967],[-123.121,62.102],[-123.177,62.129],[-123.251,62.222],[-123.103,62.278],[-123.14,62.427],[-123.075,62.474],[-122.823,62.437],[-122.779,62.409],[-122.683,62.392],[-122.556,62.315],[-122.545,62.26],[-122.594,62.166],[-122.703,62.055],[-122.721,61.999],[-122.712,61.962],[-122.535,62.12],[-122.461,62.083],[-122.47,61.878],[-122.424,61.767],[-122.331,61.646],[-122.191,61.562],[-122.014,61.497],[-121.615,61.478],[-121.419,61.516],[-121.41,61.599],[-121.522,61.692],[-121.847,61.86],[-121.987,61.916],[-122.089,61.99],[-122.024,62.129],[-121.903,62.129],[-121.819,62.111],[-121.726,62.046],[-121.633,62.018],[-121.559,62.055],[-121.475,62.362],[-121.531,62.315],[-121.522,62.427],[-121.549,62.529],[-121.605,62.567],[-121.68,62.492],[-121.773,62.436],[-121.763,62.455],[-121.845,62.49],[-121.837,62.556],[-121.808,62.614],[-121.493,62.692],[-121.36,62.687],[-121.298,62.63],[-121.141,62.638],[-120.86,62.696],[-120.658,62.7],[-120.583,62.671],[-120.538,62.597],[-120.579,62.411],[-120.604,62.154],[-120.534,61.989],[-120.348,61.848],[-119.898,61.803],[-119.737,61.725],[-119.551,61.547],[-119.405,61.476],[-119.223,61.41],[-118.398,61.223],[-118.258,61.139],[-118.063,61.069],[-117.728,61.027],[-116.961,61.027],[-116.514,60.944],[-115.914,60.748],[-115.175,60.804],[-114.882,60.846],[-114.505,60.944],[-114.212,61.139],[-113.947,61.278],[-113.696,61.502],[-113.487,61.85],[-113.32,62.171],[-113.082,62.869],[-112.957,63.092],[-112.72,64.076],[-112.636,64.599],[-112.783,65.31],[-112.95,65.938],[-113.117,66.461],[-113.996,67.214],[-114.75,67.549],[-115.608,67.842],[-116.089,68.031],[-118.056,68.637],[-119.583,68.909],[-120.86,69.223],[-122.346,69.893],[-124.572,70.183],[-126.596,70.937],[-127.679,72.679],[-127.679,73.856],[-125.702,75.928],[-124.383,76.728],[-122.783,77.246],[-120.899,77.717],[-118.733,77.905],[-116.473,77.528],[-114.119,77.01],[-112.377,76.54],[-109.081,74.703],[-107.998,74.185],[-106.472,72.4],[-105.705,71.605],[-104.519,70.698],[-103.947,70.307],[-103.473,69.833],[-102.999,69.428],[-102.413,68.996],[-101.353,68.298],[-100.934,67.963],[-100.474,67.531],[-99.888,66.931],[-99.316,66.289],[-99.079,66.052],[-98.911,65.759],[-98.828,65.383],[-98.786,64.95],[-98.897,64.49],[-98.967,63.778],[-98.814,63.443],[-98.423,62.955],[-98.116,62.662],[-96.679,62.02],[-95.542,60.437],[-93.847,59.014],[-88.03,57.152],[-84.472,55.394],[-83.761,54.85],[-83.091,54.431],[-80.371,52.088],[-79.785,51.774],[-79.136,51.209],[-78.194,50.644],[-77.629,50.267],[-77.169,49.89],[-76.96,49.451],[-77.399,49.409],[-78.048,49.639],[-78.739,49.932],[-79.199,50.246],[-79.848,50.644],[-80.706,50.999],[-81.333,51.439],[-82.798,52.36],[-84.012,53.301],[-84.912,53.824],[-85.77,54.201],[-87.444,54.975],[-88.678,55.645],[-89.055,55.98],[-89.704,56.294],[-90.562,56.566],[-91.294,56.691],[-91.838,56.754],[-92.299,56.587],[-92.529,56.147],[-92.508,55.561],[-92.027,54.829],[-91.545,54.201],[-91.106,53.908],[-90.373,53.615],[-88.49,53.05],[-87.883,52.987],[-87.507,52.925],[-86.921,52.757],[-86.146,52.422],[-85.623,52.234],[-85.1,51.816],[-84.828,51.376],[-84.661,50.979],[-84.577,50.623],[-84.598,50.1],[-84.514,48.656],[-84.305,48.07],[-83.865,47.505],[-83.552,47.233],[-82.296,45.768],[-82.066,45.475],[-81.898,45.077],[-81.731,44.743],[-81.626,44.429],[-81.626,44.052],[-81.689,43.424],[-81.689,43.006],[-80.768,42.378],[-79.638,41.834],[-79.073,41.541],[-77.064,40.809],[-76.332,40.641],[-75.704,40.411],[-74.993,40.223],[-74.323,39.971],[-73.298,39.93],[-72.837,39.846],[-72.461,39.741],[-72.335,39.532],[-72.377,39.344],[-72.252,39.176],[-71.122,39.051],[-69.489,39.176],[-68.61,39.093],[-67.752,39.093],[-66.329,39.406],[-65.869,39.469],[-65.158,39.49],[-64.321,39.595],[-63.567,39.783],[-62.772,39.825],[-62.081,39.909],[-60.219,39.992],[-59.633,40.097],[-58.964,40.181],[-58.189,40.348],[-57.541,40.411],[-56.097,40.683],[-55.594,41.018],[-55.155,41.206],[-54.736,41.436],[-54.444,41.813],[-54.004,42.294],[-53.732,42.692],[-47.318,46.019],[-46.377,46.961],[-45.403,48.185],[-44.964,49.378],[-44.776,50.727],[-44.242,52.925],[-43.52,54.337],[-42.108,56.064],[-40.758,57.099],[-40.193,57.35],[-39.188,57.288],[-38.969,56.848],[-39.0,56.534],[-40.067,54.871],[-40.695,53.709],[-40.821,52.454],[-40.413,51.073],[-39.91,50.414],[-39.753,49.346],[-39.816,48.342],[-40.444,46.49],[-41.009,45.705],[-41.637,45.015],[-42.202,44.199],[-43.238,42.284],[-43.583,41.217],[-43.677,39.898],[-43.682,39.254]]]}},{"type":"Feature","properties":{"density":3},"geometry":{"type":"Polygon","coordinates":[[[-122.427,62.368],[-122.354,62.507],[-122.359,62.538],[-122.383,62.549],[-122.42,62.52],[-122.462,62.36],[-122.427,62.368]]]}},{"type":"Feature","properties":{"density":3},"geometry":{"type":"Polygon","coordinates":[[[-105.053,37.913],[-105.206,37.926],[-105.243,37.971],[-105.095,37.98],[-105.103,38.079],[-105.07,38.083],[-105.024,38.05],[-104.958,37.938],[-104.966,37.905],[-105.053,37.913]]]}},{"type":"Feature","properties":{"density":3},"geometry":{"type":"Polygon","coordinates":[[[-121.054,62.937],[-121.109,62.922],[-121.211,62.856],[-121.337,62.831],[-121.393,62.78],[-121.408,62.613],[-121.443,62.517],[-121.499,62.41],[-121.55,62.355],[-121.6,62.334],[-121.864,62.329],[-122.385,62.253],[-122.502,62.117],[-122.805,61.636],[-122.942,61.499],[-123.193,61.362],[-123.466,61.271],[-123.58,61.192],[-123.671,61.044],[-123.694,60.839],[-123.675,60.731],[-123.692,60.633],[-123.841,60.421],[-123.854,60.353],[-123.834,60.323],[-123.773,60.289],[-123.638,60.171],[-123.578,60.157],[-123.637,60.047],[-123.511,59.951],[-123.354,59.921],[-123.172,59.926],[-123.01,59.961],[-122.752,59.89],[-122.655,59.779],[-122.336,59.602],[-122.098,59.516],[-121.607,59.384],[-121.521,59.334],[-121.238,58.997],[-120.972,58.837],[-120.623,58.739],[-119.947,58.496],[-119.4,58.26],[-118.899,58.07],[-118.367,57.941],[-116.777,57.913],[-116.123,58.027],[-115.364,58.103],[-115.022,58.088],[-114.719,58.141],[-114.202,58.118],[-113.959,58.08],[-112.911,58.391],[-112.478,58.741],[-111.863,59.16],[-111.191,59.547],[-110.781,59.866],[-109.408,61.358],[-108.861,62.263],[-108.383,63.323],[-108.041,64.502],[-107.922,65.715],[-107.443,66.074],[-106.828,65.8],[-106.538,65.322],[-105.786,64.638],[-105.119,63.869],[-104.761,62.947],[-104.692,62.144],[-104.966,61.495],[-105.581,61.084],[-106.076,61.426],[-106.333,62.298],[-106.743,62.896],[-107.358,63.032],[-107.939,62.639],[-108.383,61.682],[-108.784,58.758],[-108.625,58.12],[-108.374,57.676],[-107.681,57.182],[-107.339,57.182],[-107.066,57.233],[-106.844,57.301],[-106.179,57.409],[-105.283,57.72],[-104.668,57.736],[-104.037,57.774],[-103.734,58.017],[-103.832,58.434],[-103.642,58.875],[-103.141,59.133],[-102.624,59.152],[-102.122,59.072],[-101.667,58.936],[-100.949,58.662],[-100.699,58.614],[-99.312,58.175],[-98.492,58.047],[-97.797,58.053],[-97.205,58.03],[-96.476,58.098],[-95.621,58.087],[-95.268,58.098],[-94.79,58.212],[-94.585,58.341],[-94.457,58.597],[-94.431,58.956],[-94.482,59.314],[-94.713,59.673],[-95.02,59.955],[-95.738,60.288],[-96.251,60.493],[-96.584,60.827],[-97.37,61.228],[-97.814,61.706],[-98.207,62.339],[-98.395,62.766],[-98.566,63.347],[-98.754,63.859],[-98.925,64.611],[-99.617,66.157],[-99.839,66.687],[-100.129,67.2],[-100.522,67.763],[-101.402,68.959],[-101.863,69.369],[-102.607,69.78],[-103.58,70.241],[-104.657,70.779],[-105.554,71.266],[-106.425,71.574],[-107.348,71.702],[-108.296,71.855],[-111.42,72.158],[-116.256,72.106],[-117.998,72.192],[-119.816,72.227],[-121.892,72.15],[-122.392,72.15],[-123.842,72.22],[-124.901,72.323],[-125.949,72.368],[-126.598,72.232],[-127.715,71.867],[-127.977,71.4],[-128.091,70.831],[-127.669,70.512],[-127.065,70.25],[-126.496,69.919],[-125.522,69.635],[-125.317,69.549],[-124.719,69.344],[-124.497,69.276],[-124.309,69.242],[-124.087,69.156],[-123.677,69.071],[-123.198,68.951],[-122.641,68.784],[-122.162,68.682],[-121.651,68.226],[-121.001,67.942],[-120.158,67.611],[-119.133,67.349],[-118.302,67.27],[-117.459,67.133],[-116.524,67.076],[-115.704,67.486],[-115.413,67.674],[-114.866,67.622],[-114.439,67.537],[-114.303,67.469],[-114.046,67.264],[-113.688,66.785],[-113.346,66.238],[-113.072,65.709],[-112.884,65.265],[-112.583,64.262],[-112.674,63.943],[-112.754,63.397],[-112.833,63.191],[-112.902,62.907],[-112.902,62.326],[-113.086,61.939],[-113.146,61.779],[-113.306,61.551],[-113.503,61.392],[-114.05,60.86],[-114.293,60.67],[-114.612,60.511],[-114.999,60.359],[-115.364,60.268],[-115.607,60.298],[-115.774,60.367],[-116.465,61.073],[-116.678,61.21],[-116.951,61.179],[-117.164,61.096],[-117.509,60.993],[-118.223,60.841],[-118.451,60.834],[-118.656,60.872],[-118.914,60.978],[-119.142,61.137],[-119.385,61.494],[-119.491,61.608],[-119.628,61.699],[-120.172,61.973],[-120.273,61.978],[-120.385,62.013],[-120.42,62.054],[-120.44,62.135],[-120.415,62.211],[-120.329,62.342],[-120.192,62.499],[-120.096,62.651],[-120.066,62.737],[-120.126,62.904],[-120.501,62.904],[-121.054,62.937]]]}},{"type":"Feature","properties":{"density":3},"geometry":{"type":"Polygon","coordinates":[[[-122.866,62.965],[-122.728,63.178],[-122.67,63.245],[-122.579,63.299],[-122.488,63.33],[-122.333,63.333],[-122.198,63.306],[-122.154,63.269],[-122.161,63.235],[-122.191,63.205],[-122.346,63.174],[-122.427,63.141],[-122.512,63.076],[-122.677,62.901],[-122.819,62.871],[-122.853,62.884],[-122.873,62.935],[-122.866,62.965]]]}},{"type":"Feature","properties":{"density":3},"geometry":{"type":"Polygon","coordinates":[[[-122.012,63.363],[-121.867,63.441],[-121.752,63.458],[-121.189,63.519],[-121.111,63.519],[-121.084,63.498],[-121.094,63.471],[-121.236,63.37],[-121.651,63.245],[-121.756,63.201],[-121.843,63.134],[-121.894,63.114],[-121.951,63.134],[-122.122,63.24],[-122.125,63.334],[-122.012,63.363]]]}},{"type":"Feature","properties":{"density":3},"geometry":{"type":"Polygon","coordinates":[[[-119.733,63.812],[-119.484,63.767],[-119.252,63.701],[-118.958,63.706],[-118.791,63.736],[-118.715,63.782],[-118.396,63.868],[-117.859,63.807],[-117.156,63.817],[-117.08,63.777],[-117.08,63.706],[-117.13,63.655],[-117.242,63.605],[-117.439,63.579],[-117.586,63.569],[-117.91,63.6],[-118.269,63.564],[-118.75,63.564],[-119.029,63.534],[-119.189,63.48],[-119.226,63.439],[-119.314,63.439],[-119.628,63.517],[-119.975,63.618],[-120.063,63.662],[-120.077,63.726],[-120.06,63.747],[-119.733,63.812]]]}},{"type":"Feature","properties":{"density":3},"geometry":{"type":"Polygon","coordinates":[[[-116.359,63.181],[-116.224,63.165],[-116.137,63.133],[-116.101,63.079],[-116.107,63.039],[-116.157,63.039],[-116.418,63.124],[-116.418,63.167],[-116.359,63.181]]]}},{"type":"Feature","properties":{"density":3},"geometry":{"type":"Polygon","coordinates":[[[-123.058,61.95],[-123.072,62.058],[-123.112,62.105],[-123.165,62.138],[-123.245,62.156],[-123.275,62.185],[-123.287,62.24],[-123.251,62.356],[-123.344,62.481],[-123.344,62.536],[-123.278,62.652],[-123.234,62.674],[-123.174,62.667],[-123.011,62.565],[-122.944,62.477],[-122.917,62.257],[-122.941,61.937],[-122.974,61.908],[-123.052,61.925],[-123.058,61.95]]]}},{"type":"Feature","properties":{"density":3},"geometry":{"type":"Polygon","coordinates":[[[-82.527,44.602],[-82.516,44.466],[-82.368,44.067],[-82.208,43.737],[-82.083,43.429],[-81.901,43.064],[-81.343,42.187],[-80.91,41.823],[-80.257,41.568],[-79.773,41.318],[-79.158,41.045],[-78.322,40.748],[-77.981,40.71],[-77.563,40.619],[-77.092,40.604],[-76.735,40.551],[-76.264,40.445],[-76.008,40.41],[-75.103,40.069],[-74.675,39.932],[-74.299,39.881],[-74.146,39.812],[-73.548,39.727],[-72.813,39.385],[-72.369,39.266],[-71.89,39.197],[-71.549,39.18],[-70.882,39.112],[-70.473,39.149],[-69.931,39.128],[-69.396,39.163],[-67.255,39.185],[-65.17,39.407],[-63.376,39.715],[-62.607,39.818],[-61.804,39.903],[-60.676,39.988],[-60.13,40.057],[-58.729,40.313],[-57.447,40.672],[-55.799,41.249],[-54.638,42.154],[-54.005,43.094],[-53.633,43.866],[-52.98,44.284],[-52.061,44.725],[-50.968,45.211],[-50.271,45.951],[-49.374,47.13],[-49.067,47.707],[-48.759,47.861],[-48.298,47.784],[-47.875,47.592],[-47.366,47.237],[-46.837,45.99],[-46.837,45.477],[-46.786,44.811],[-46.606,44.196],[-46.196,43.504],[-45.53,43.017],[-44.751,43.04],[-44.421,43.552],[-44.273,44.315],[-43.908,44.452],[-43.498,44.27],[-43.223,43.863],[-42.967,43.171],[-42.993,42.53],[-42.729,41.445],[-42.899,39.634],[-43.3,38.583],[-43.647,37.549],[-43.715,36.243],[-43.438,35.909],[-43.172,35.264],[-43.155,34.597],[-43.241,33.982],[-43.77,33.709],[-44.778,33.794],[-46.077,33.487],[-47.17,32.718],[-48.144,32.188],[-49.323,32.12],[-50.103,32.194],[-50.737,32.325],[-51.266,32.394],[-51.523,32.462],[-51.864,32.582],[-52.313,32.627],[-53.246,32.768],[-53.874,32.729],[-54.444,32.815],[-55.151,33.054],[-55.447,33.134],[-55.629,33.248],[-55.8,33.556],[-56.05,34.296],[-56.062,34.478],[-56.039,34.706],[-55.914,34.945],[-55.788,35.105],[-55.629,35.241],[-55.492,35.412],[-55.162,36.278],[-54.911,36.597],[-54.376,37.007],[-54.113,37.092],[-53.863,37.223],[-53.782,37.366],[-53.751,37.533],[-53.805,37.662],[-54.025,37.837],[-54.45,37.912],[-54.777,37.943],[-55.141,37.943],[-55.483,37.973],[-55.847,37.973],[-57.586,37.906],[-59.363,37.701],[-60.32,37.53],[-61.653,37.427],[-62.917,37.239],[-64.011,37.222],[-64.592,37.154],[-66.163,36.898],[-66.779,36.778],[-67.804,36.505],[-68.81,36.047],[-69.714,35.842],[-70.48,35.588],[-70.902,35.554],[-71.107,35.508],[-71.528,35.485],[-72.326,35.292],[-72.611,35.201],[-72.679,35.201],[-72.702,35.292],[-72.667,35.406],[-72.474,35.554],[-71.756,35.918],[-70.925,36.374],[-70.583,36.522],[-70.492,36.613],[-70.241,36.795],[-70.162,36.966],[-70.127,37.16],[-70.162,37.285],[-70.367,37.399],[-70.64,37.444],[-71.312,37.433],[-71.665,37.342],[-71.938,37.228],[-72.269,37.148],[-72.907,37.057],[-74.57,36.903],[-76.489,36.64],[-77.406,36.429],[-78.243,36.412],[-78.79,36.463],[-79.388,36.617],[-79.627,36.719],[-79.849,36.941],[-79.849,37.044],[-79.746,37.198],[-79.558,37.3],[-79.297,37.596],[-79.08,37.756],[-78.875,37.881],[-78.784,38.052],[-78.784,38.234],[-78.943,38.508],[-79.023,38.599],[-79.581,38.747],[-81.165,38.918],[-82.492,39.362],[-83.124,39.635],[-84.269,40.045],[-85.413,40.49],[-86.53,41.213],[-86.871,41.372],[-87.566,41.976],[-87.851,42.432],[-87.942,42.842],[-87.881,43.689],[-88.018,44.327],[-88.645,45.211],[-88.645,45.553],[-88.509,45.809],[-88.082,45.894],[-87.569,45.86],[-86.783,45.672],[-86.287,45.331],[-85.45,45.262],[-84.647,45.484],[-84.288,45.946],[-84.22,46.715],[-84.528,48.013],[-84.733,48.645],[-84.886,49.363],[-84.784,49.5],[-84.306,49.653],[-83.605,49.568],[-83.28,49.346],[-83.11,49.055],[-82.956,48.679],[-82.648,48.047],[-82.58,47.535],[-82.58,47.313],[-82.546,46.903],[-82.563,45.758],[-82.512,45.074],[-82.527,44.602]]]}},{"type":"Feature","properties":{"density":3},"geometry":{"type":"Polygon","coordinates":[[[-123.669,63.353],[-123.725,63.411],[-123.869,63.659],[-123.885,63.76],[-123.86,63.785],[-123.77,63.767],[-123.545,63.614],[-123.437,63.553],[-123.374,63.542],[-123.343,63.513],[-123.406,63.456],[-123.408,63.38],[-123.422,63.364],[-123.473,63.36],[-123.557,63.445],[-123.578,63.42],[-123.575,63.354],[-123.587,63.343],[-123.632,63.331],[-123.669,63.353]]]}},{"type":"Feature","properties":{"density":3},"geometry":{"type":"Polygon","coordinates":[[[-117.82,64.284],[-116.484,64.264],[-116.038,64.147],[-115.861,64.015],[-115.851,63.96],[-115.952,63.934],[-116.104,63.924],[-116.504,63.929],[-117.01,64.01],[-117.79,64.091],[-118.034,64.093],[-118.086,64.102],[-118.117,64.14],[-118.117,64.178],[-118.086,64.223],[-117.82,64.284]]]}},{"type":"Feature","properties":{"density":3},"geometry":{"type":"Polygon","coordinates":[[[-121.795,62.458],[-121.858,62.538],[-121.858,62.635],[-121.811,62.704],[-121.739,62.752],[-121.637,62.76],[-121.619,62.718],[-121.685,62.484],[-121.726,62.443],[-121.763,62.43],[-121.795,62.458]]]}},{"type":"Feature","properties":{"density":3},"geometry":{"type":"Polygon","coordinates":[[[-122.884,42.748],[-123.051,42.772],[-123.12,42.765],[-123.168,42.732],[-123.286,42.504],[-123.265,42.448],[-123.22,42.421],[-122.979,42.37],[-122.908,42.339],[-122.865,42.343],[-122.815,42.375],[-122.779,42.406],[-122.764,42.447],[-122.776,42.561],[-122.824,42.741],[-122.884,42.748]]]}},{"type":"Feature","properties":{"density":3},"geometry":{"type":"Polygon","coordinates":[[[-120.882,44.597],[-120.822,44.734],[-120.666,44.928],[-120.502,45.304],[-120.455,45.308],[-120.439,45.295],[-120.385,45.133],[-120.401,44.912],[-120.435,44.795],[-120.475,44.75],[-120.716,44.607],[-120.821,44.51],[-120.877,44.522],[-120.882,44.597]]]}},{"type":"Feature","properties":{"density":3},"geometry":{"type":"Polygon","coordinates":[[[-120.207,45.384],[-119.953,45.517],[-119.824,45.629],[-119.799,45.673],[-119.694,45.77],[-119.59,45.81],[-119.498,45.81],[-119.241,45.72],[-119.205,45.664],[-119.246,45.608],[-119.491,45.488],[-119.655,45.439],[-119.937,45.399],[-120.198,45.323],[-120.245,45.324],[-120.251,45.35],[-120.207,45.384]]]}},{"type":"Feature","properties":{"density":3},"geometry":{"type":"Polygon","coordinates":[[[-120.518,44.06],[-120.623,44.102],[-120.647,44.167],[-120.629,44.195],[-120.564,44.207],[-120.497,44.194],[-120.477,44.176],[-120.462,44.087],[-120.518,44.06]]]}},{"type":"Feature","properties":{"density":3},"geometry":{"type":"Polygon","coordinates":[[[-119.478,43.722],[-119.471,43.816],[-119.438,43.835],[-119.368,43.831],[-119.353,43.684],[-119.366,43.647],[-119.452,43.665],[-119.478,43.722]]]}},{"type":"Feature","properties":{"density":3},"geometry":{"type":"Polygon","coordinates":[[[-120.37,44.823],[-120.382,44.907],[-120.359,44.963],[-120.131,44.918],[-120.113,44.9],[-120.106,44.855],[-120.125,44.777],[-120.226,44.712],[-120.298,44.69],[-120.353,44.684],[-120.362,44.696],[-120.37,44.823]]]}},{"type":"Feature","properties":{"density":3},"geometry":{"type":"Polygon","coordinates":[[[-118.201,46.747],[-117.963,46.93],[-117.868,47.076],[-117.648,47.321],[-117.574,47.366],[-117.315,47.596],[-117.028,47.805],[-116.925,47.852],[-116.732,47.871],[-116.641,47.856],[-116.591,47.809],[-116.594,47.677],[-116.644,47.61],[-116.695,47.583],[-117.049,47.515],[-117.32,47.38],[-117.438,47.245],[-117.78,46.913],[-117.987,46.789],[-118.194,46.592],[-118.257,46.591],[-118.275,46.612],[-118.275,46.655],[-118.201,46.747]]]}},{"type":"Feature","properties":{"density":3},"geometry":{"type":"Polygon","coordinates":[[[-122.203,51.312],[-122.349,51.366],[-122.511,51.383],[-122.556,51.38],[-122.587,51.36],[-122.626,51.284],[-122.613,51.242],[-122.544,51.188],[-122.332,51.152],[-122.217,51.17],[-122.194,51.188],[-122.176,51.255],[-122.203,51.312]]]}},{"type":"Feature","properties":{"density":3},"geometry":{"type":"Polygon","coordinates":[[[-105.014,37.922],[-105.089,37.904],[-105.194,37.913],[-105.322,37.986],[-105.327,38.006],[-105.234,38.023],[-105.14,37.97],[-105.043,37.999],[-104.994,37.992],[-104.98,37.953],[-105.014,37.922]]]}},{"type":"Feature","properties":{"density":3},"geometry":{"type":"Polygon","coordinates":[[[-112.693,63.271],[-112.467,63.261],[-111.068,63.045],[-110.324,62.893],[-110.182,62.848],[-109.954,62.716],[-109.914,62.67],[-109.878,62.589],[-109.878,62.498],[-109.939,62.432],[-110.152,62.422],[-110.658,62.493],[-111.67,62.807],[-112.293,62.911],[-112.559,62.983],[-112.856,63.114],[-112.847,63.19],[-112.693,63.271]]]}},{"type":"Feature","properties":{"density":3},"geometry":{"type":"Polygon","coordinates":[[[-119.595,62.768],[-119.679,62.738],[-119.945,62.518],[-120.112,62.427],[-120.157,62.366],[-120.256,62.298],[-120.302,62.237],[-120.302,62.093],[-120.142,61.994],[-119.99,61.948],[-119.664,61.895],[-119.466,61.834],[-119.315,61.743],[-119.197,61.572],[-119.151,61.345],[-119.163,61.253],[-119.151,61.185],[-118.969,61.003],[-118.707,60.889],[-118.32,60.798],[-117.91,60.798],[-117.579,60.855],[-117.306,60.866],[-116.896,60.821],[-116.6,60.889],[-116.406,60.912],[-116.133,60.855],[-115.996,60.764],[-115.848,60.604],[-115.734,60.422],[-115.692,60.168],[-115.715,60.023],[-115.783,59.955],[-116.156,59.712],[-116.209,59.59],[-116.239,59.454],[-116.171,59.37],[-116.026,59.287],[-115.859,59.256],[-115.632,59.271],[-115.381,59.332],[-115.009,59.385],[-114.629,59.545],[-114.138,59.837],[-113.637,60.004],[-113.207,60.278],[-112.66,60.916],[-112.247,61.336],[-111.974,61.791],[-111.826,61.996],[-111.616,62.601],[-111.63,62.649],[-111.68,62.699],[-111.81,62.78],[-112.033,62.806],[-112.241,62.876],[-112.484,62.927],[-112.808,63.028],[-112.889,63.084],[-112.904,63.13],[-112.853,63.231],[-112.787,63.312],[-112.625,63.327],[-112.362,63.327],[-111.957,63.266],[-111.701,63.203],[-111.61,63.226],[-111.428,63.393],[-111.272,63.871],[-111.318,64.338],[-111.378,64.606],[-111.549,64.999],[-112.326,66.041],[-112.736,66.374],[-113.223,66.656],[-114.069,67.22],[-115.068,67.528],[-116.196,67.938],[-117.862,68.322],[-118.989,68.681],[-119.63,68.988],[-123.389,69.962],[-124.09,70.202],[-124.978,70.817],[-125.132,71.124],[-125.114,71.681],[-124.723,72.114],[-124.165,72.295],[-123.119,72.379],[-121.654,72.351],[-120.073,72.43],[-118.167,72.479],[-116.618,72.437],[-114.923,72.416],[-113.04,72.353],[-108.143,72.29],[-107.076,72.248],[-104.321,71.491],[-102.988,71.005],[-101.963,70.184],[-100.144,68.647],[-99.554,67.724],[-99.016,66.93],[-98.589,66.084],[-98.418,65.588],[-98.162,64.751],[-97.811,64.068],[-97.658,63.658],[-96.855,62.692],[-96.479,62.316],[-95.18,61.163],[-94.958,60.856],[-94.702,60.599],[-94.326,60.138],[-93.842,59.61],[-93.532,58.987],[-93.467,58.531],[-93.505,58.103],[-93.867,57.657],[-95.002,57.49],[-95.979,57.323],[-96.913,57.491],[-97.709,57.602],[-98.501,57.692],[-100.094,57.593],[-101.096,57.66],[-101.833,57.937],[-102.373,58.216],[-103.287,58.542],[-103.553,58.56],[-103.869,58.504],[-104.111,58.399],[-104.901,58.283],[-105.461,58.283],[-106.013,58.394],[-106.218,58.456],[-106.348,58.444],[-106.455,58.454],[-106.649,58.135],[-106.694,58.01],[-106.603,57.93],[-106.375,57.668],[-106.353,57.509],[-106.353,57.235],[-106.501,56.837],[-106.569,56.757],[-106.694,56.7],[-107.264,56.62],[-107.446,56.62],[-107.799,56.711],[-108.055,56.892],[-108.346,57.509],[-108.46,57.827],[-108.613,58.166],[-108.613,58.705],[-108.492,59.468],[-108.269,59.914],[-108.046,60.417],[-107.822,60.745],[-107.822,60.904],[-107.776,61.474],[-107.811,61.69],[-107.902,61.747],[-107.959,61.759],[-108.016,61.725],[-108.152,61.576],[-108.445,61.011],[-108.813,60.456],[-109.202,60.079],[-109.506,59.836],[-109.665,59.737],[-110.03,59.437],[-110.379,59.224],[-110.683,59.133],[-110.858,59.012],[-111.07,58.921],[-111.154,58.852],[-111.351,58.738],[-111.48,58.541],[-111.549,58.465],[-111.921,58.389],[-112.148,58.283],[-112.703,58.085],[-113.424,57.918],[-113.72,57.888],[-113.963,57.895],[-114.472,58.009],[-114.708,58.131],[-114.73,58.207],[-114.859,58.336],[-115.004,58.397],[-115.406,58.51],[-115.452,58.586],[-115.892,58.685],[-116.226,58.655],[-116.378,58.518],[-116.454,58.404],[-116.727,58.169],[-116.991,57.968],[-117.153,57.881],[-117.689,57.785],[-117.993,57.75],[-118.446,57.785],[-119.502,57.937],[-119.904,58.021],[-120.026,58.089],[-120.155,58.188],[-120.633,58.393],[-121.142,58.583],[-121.453,58.765],[-121.613,59.19],[-121.803,59.471],[-121.97,59.608],[-122.509,59.775],[-122.995,59.896],[-123.253,59.942],[-123.534,60.041],[-123.762,60.155],[-123.861,60.23],[-123.873,60.5],[-123.951,60.753],[-123.954,60.864],[-123.745,61.198],[-123.58,61.303],[-123.271,61.689],[-123.073,62.074],[-123.175,62.159],[-123.144,62.335],[-123.063,62.439],[-122.633,62.647],[-122.39,62.672],[-122.086,62.733],[-121.433,62.94],[-121.225,63.016],[-121.155,63.062],[-121.094,63.138],[-121.094,63.193],[-121.155,63.224],[-121.357,63.234],[-121.489,63.219],[-121.929,63.097],[-122.051,63.102],[-122.273,63.052],[-122.628,62.879],[-122.709,62.859],[-122.78,62.859],[-122.815,62.879],[-122.825,62.93],[-122.759,63.041],[-122.613,63.193],[-122.182,63.467],[-121.949,63.588],[-121.565,63.821],[-120.657,64.175],[-120.316,64.221],[-120.054,64.221],[-118.073,64.021],[-117.86,64.021],[-117.564,63.983],[-117.238,63.975],[-116.455,63.839],[-116.212,63.77],[-116.159,63.748],[-116.098,63.679],[-116.068,63.588],[-116.106,63.527],[-116.167,63.497],[-116.372,63.482],[-116.615,63.505],[-116.736,63.535],[-117.275,63.588],[-117.784,63.619],[-118.521,63.588],[-118.703,63.565],[-119.03,63.451],[-119.212,63.322],[-119.318,63.224],[-119.44,63.034],[-119.531,62.85],[-119.595,62.768]]]}},{"type":"Feature","properties":{"density":3},"geometry":{"type":"Polygon","coordinates":[[[-116.411,63.175],[-116.29,63.254],[-116.197,63.276],[-115.93,63.297],[-115.734,63.256],[-115.509,63.13],[-115.41,63.024],[-115.369,62.892],[-115.374,62.869],[-115.399,62.82],[-115.448,62.806],[-115.687,62.822],[-115.957,62.907],[-116.148,63.027],[-116.175,63.06],[-116.292,63.121],[-116.417,63.116],[-116.437,63.145],[-116.411,63.175]]]}},{"type":"Feature","properties":{"density":3},"geometry":{"type":"Polygon","coordinates":[[[-112.672,63.274],[-111.68,63.186],[-111.322,63.125],[-111.13,63.051],[-111.065,62.947],[-111.069,62.869],[-111.096,62.835],[-111.187,62.805],[-111.319,62.795],[-111.68,62.822],[-111.97,62.879],[-112.8,63.095],[-112.837,63.163],[-112.753,63.254],[-112.672,63.274]]]}},{"type":"Feature","properties":{"density":3},"geometry":{"type":"Polygon","coordinates":[[[-115.211,64.986],[-114.735,65.016],[-114.084,64.996],[-114.02,64.982],[-113.945,64.922],[-113.895,64.854],[-113.888,64.756],[-113.925,64.672],[-114.094,64.631],[-115.194,64.662],[-115.37,64.696],[-115.393,64.743],[-115.393,64.793],[-115.309,64.932],[-115.211,64.986]]]}},{"type":"Feature","properties":{"density":3},"geometry":{"type":"Polygon","coordinates":[[[-116.87,65.134],[-116.681,65.103],[-116.482,65.11],[-116.259,65.09],[-116.222,65.07],[-116.205,65.019],[-116.229,65.002],[-116.31,64.995],[-116.823,65.029],[-116.975,65.029],[-117.046,65.002],[-117.127,64.999],[-117.147,65.022],[-117.123,65.056],[-117.076,65.083],[-116.87,65.134]]]}},{"type":"Feature","properties":{"density":3},"geometry":{"type":"Polygon","coordinates":[[[-123.249,63.547],[-123.171,63.602],[-123.048,63.644],[-123.085,63.593],[-123.214,63.515],[-123.236,63.521],[-123.249,63.547]]]}},{"type":"Feature","properties":{"density":3},"geometry":{"type":"Polygon","coordinates":[[[-80.692,45.117],[-80.599,44.029],[-80.59,43.703],[-80.683,42.652],[-80.609,42.197],[-80.367,41.685],[-79.855,41.397],[-79.511,41.378],[-78.879,41.229],[-77.67,41.034],[-76.014,40.383],[-75.345,40.178],[-74.731,40.076],[-73.847,39.862],[-73.066,39.448],[-72.229,39.211],[-71.42,39.086],[-70.75,39.114],[-69.983,39.03],[-68.658,38.848],[-68.1,38.89],[-67.207,39.016],[-65.944,39.232],[-65.212,39.253],[-63.538,39.546],[-62.68,39.797],[-60.315,39.965],[-57.951,40.341],[-56.925,40.404],[-56.318,40.571],[-55.481,40.99],[-54.414,41.576],[-53.431,42.601],[-52.74,43.375],[-51.994,44.15],[-51.784,44.505],[-51.408,45.029],[-50.947,45.363],[-49.211,45.782],[-48.667,45.845],[-47.704,45.594],[-47.474,45.447],[-47.223,45.112],[-47.055,44.464],[-46.783,43.794],[-46.444,43.484],[-46.054,43.474],[-45.807,43.543],[-45.388,43.822],[-44.777,44.272],[-42.713,45.656],[-41.764,46.382],[-40.718,46.465],[-40.034,45.977],[-39.811,45.182],[-40.411,42.702],[-40.369,41.447],[-40.222,40.317],[-40.054,38.017],[-40.11,36.859],[-40.208,36.455],[-40.194,35.862],[-40.292,35.032],[-40.166,34.265],[-40.152,33.539],[-40.584,32.59],[-41.533,32.395],[-42.872,32.73],[-44.267,32.869],[-46.016,32.302],[-46.937,32.03],[-47.606,31.737],[-48.36,31.528],[-49.259,31.402],[-50.264,31.423],[-51.122,31.57],[-52.524,31.988],[-53.089,32.198],[-53.884,32.407],[-54.449,32.532],[-56.353,32.679],[-57.283,32.856],[-57.525,32.976],[-57.6,33.135],[-57.6,33.311],[-57.581,33.376],[-57.451,33.488],[-57.246,33.572],[-57.032,33.618],[-56.772,33.711],[-56.465,33.86],[-56.149,34.111],[-55.749,34.52],[-55.507,34.734],[-54.339,35.377],[-53.892,35.675],[-53.66,35.917],[-53.371,36.103],[-53.075,36.355],[-52.949,36.508],[-52.615,36.815],[-52.503,36.941],[-52.405,37.08],[-52.306,37.472],[-52.461,37.792],[-52.935,38.085],[-53.647,38.266],[-55.488,38.336],[-56.102,38.322],[-56.674,38.252],[-57.511,38.182],[-58.941,37.861],[-59.834,37.82],[-60.587,37.68],[-61.438,37.485],[-62.306,37.13],[-62.682,36.586],[-62.766,35.853],[-62.871,35.142],[-63.101,34.535],[-63.854,34.2],[-64.879,34.137],[-65.884,34.451],[-66.74,34.904],[-67.284,35.26],[-67.702,35.574],[-68.56,36.097],[-69.0,36.285],[-70.088,36.452],[-71.601,36.578],[-72.787,36.592],[-73.666,36.676],[-74.922,36.69],[-75.521,36.662],[-76.149,36.718],[-76.777,36.815],[-77.293,36.983],[-78.033,37.373],[-78.884,37.903],[-79.107,38.099],[-79.414,38.294],[-79.804,38.489],[-80.334,38.698],[-81.82,39.075],[-83.243,39.703],[-84.499,40.393],[-85.252,40.749],[-85.838,41.251],[-86.215,41.67],[-86.361,42.298],[-86.382,42.863],[-86.528,43.386],[-86.863,44.097],[-87.972,45.144],[-88.312,45.627],[-88.303,45.804],[-88.182,45.953],[-87.968,45.99],[-87.447,45.906],[-87.196,45.813],[-86.787,45.599],[-86.573,45.385],[-86.022,44.937],[-85.373,44.455],[-84.787,44.225],[-84.264,44.121],[-83.929,44.121],[-83.573,44.204],[-83.28,44.372],[-83.008,44.686],[-82.904,44.874],[-82.59,45.272],[-82.234,45.481],[-81.815,45.669],[-81.418,45.774],[-81.083,45.837],[-80.895,45.753],[-80.832,45.627],[-80.748,45.397],[-80.692,45.117]]]}},{"type":"Feature","properties":{"density":3},"geometry":{"type":"Polygon","coordinates":[[[-77.716,47.748],[-77.389,47.84],[-77.108,47.864],[-77.066,47.849],[-77.047,47.754],[-77.02,47.693],[-76.986,47.672],[-76.976,47.61],[-77.009,47.594],[-77.086,47.594],[-77.341,47.671],[-77.712,47.673],[-77.739,47.69],[-77.716,47.748]]]}},{"type":"Feature","properties":{"density":3},"geometry":{"type":"Polygon","coordinates":[[[-102.038,55.394],[-101.899,55.399],[-101.686,55.333],[-101.482,55.228],[-101.441,55.179],[-101.449,55.122],[-101.495,55.109],[-101.625,55.138],[-101.75,55.214],[-101.869,55.255],[-102.059,55.353],[-102.06,55.38],[-102.038,55.394]]]}},{"type":"Feature","properties":{"density":3},"geometry":{"type":"Polygon","coordinates":[[[-105.497,55.795],[-105.349,55.773],[-105.064,55.67],[-104.939,55.606],[-104.86,55.547],[-104.832,55.501],[-104.83,55.437],[-104.841,55.422],[-104.913,55.407],[-105.113,55.451],[-105.632,55.711],[-105.631,55.741],[-105.55,55.758],[-105.497,55.795]]]}},{"type":"Feature","properties":{"density":3},"geometry":{"type":"Polygon","coordinates":[[[-108.652,55.219],[-108.604,55.234],[-108.424,55.217],[-108.396,55.212],[-108.365,55.168],[-108.452,55.057],[-108.529,55.048],[-108.657,55.169],[-108.668,55.199],[-108.652,55.219]]]}},{"type":"Feature","properties":{"density":3},"geometry":{"type":"Polygon","coordinates":[[[-117.425,47.58],[-117.326,47.671],[-117.073,47.795],[-116.932,47.839],[-116.81,47.831],[-116.739,47.795],[-116.689,47.721],[-116.689,47.633],[-116.791,47.58],[-117.149,47.567],[-117.284,47.531],[-117.394,47.47],[-117.447,47.462],[-117.463,47.478],[-117.463,47.511],[-117.425,47.58]]]}},{"type":"Feature","properties":{"density":3},"geometry":{"type":"Polygon","coordinates":[[[-119.05,48.121],[-119.134,48.308],[-119.129,48.336],[-119.075,48.358],[-119.026,48.351],[-118.971,48.305],[-118.932,48.115],[-118.939,48.088],[-118.987,48.071],[-119.015,48.079],[-119.05,48.121]]]}},{"type":"Feature","properties":{"density":3},"geometry":{"type":"Polygon","coordinates":[[[-119.494,43.772],[-119.49,43.904],[-119.448,44.012],[-119.32,44.227],[-119.271,44.342],[-119.18,44.624],[-119.097,44.793],[-119.068,44.905],[-119.039,44.95],[-118.989,44.967],[-118.932,44.975],[-118.894,44.962],[-118.853,44.925],[-118.874,44.756],[-118.948,44.632],[-119.035,44.409],[-119.163,44.152],[-119.338,43.84],[-119.374,43.705],[-119.412,43.649],[-119.463,43.655],[-119.485,43.681],[-119.494,43.772]]]}},{"type":"Feature","properties":{"density":3},"geometry":{"type":"Polygon","coordinates":[[[-121.46,44.505],[-121.357,44.672],[-121.311,44.682],[-121.285,44.669],[-121.272,44.645],[-121.274,44.577],[-121.399,44.446],[-121.459,44.443],[-121.471,44.464],[-121.46,44.505]]]}},{"type":"Feature","properties":{"density":3},"geometry":{"type":"Polygon","coordinates":[[[-120.276,44.962],[-120.103,44.901],[-120.05,44.868],[-120.011,44.818],[-120.009,44.734],[-120.026,44.719],[-120.186,44.705],[-120.281,44.653],[-120.351,44.666],[-120.373,44.697],[-120.404,44.898],[-120.366,44.957],[-120.276,44.962]]]}},{"type":"Feature","properties":{"density":3},"geometry":{"type":"Polygon","coordinates":[[[-120.852,44.577],[-120.757,44.835],[-120.72,44.841],[-120.706,44.738],[-120.744,44.607],[-120.823,44.518],[-120.864,44.531],[-120.852,44.577]]]}},{"type":"Feature","properties":{"density":3},"geometry":{"type":"Polygon","coordinates":[[[-122.951,42.768],[-123.033,42.719],[-123.129,42.721],[-123.186,42.704],[-123.329,42.567],[-123.364,42.493],[-123.366,42.447],[-123.272,42.381],[-123.017,42.333],[-122.967,42.28],[-122.873,42.275],[-122.807,42.306],[-122.747,42.39],[-122.734,42.436],[-122.717,42.556],[-122.726,42.613],[-122.739,42.653],[-122.778,42.695],[-122.844,42.736],[-122.951,42.768]]]}},{"type":"Feature","properties":{"density":3},"geometry":{"type":"Polygon","coordinates":[[[-122.26,51.233],[-122.359,51.264],[-122.456,51.259],[-122.607,51.224],[-122.666,51.224],[-122.728,51.246],[-122.772,51.286],[-122.8,51.349],[-122.796,51.454],[-122.78,51.481],[-122.727,51.506],[-122.485,51.535],[-122.426,51.523],[-122.332,51.456],[-122.231,51.339],[-122.213,51.253],[-122.26,51.233]]]}},{"type":"Feature","properties":{"density":3},"geometry":{"type":"Polygon","coordinates":[[[-117.866,64.288],[-117.734,64.374],[-117.544,64.416],[-117.263,64.412],[-117.036,64.378],[-116.734,64.399],[-116.391,64.345],[-116.176,64.275],[-116.006,64.172],[-115.977,64.081],[-115.994,64.035],[-116.043,63.994],[-116.271,63.949],[-116.783,64.011],[-117.461,64.019],[-117.875,64.044],[-118.109,64.088],[-118.167,64.118],[-118.161,64.148],[-118.117,64.192],[-118.046,64.226],[-117.921,64.242],[-117.866,64.288]]]}},{"type":"Feature","properties":{"density":3},"geometry":{"type":"Polygon","coordinates":[[[-112.648,63.273],[-112.325,63.316],[-111.842,63.304],[-111.6,63.254],[-111.185,63.105],[-111.011,63.019],[-110.893,62.926],[-110.664,62.82],[-110.211,62.653],[-109.715,62.529],[-109.083,62.492],[-108.99,62.467],[-108.922,62.411],[-108.903,62.349],[-108.953,62.318],[-109.219,62.312],[-109.616,62.262],[-109.895,62.256],[-110.087,62.275],[-111.054,62.436],[-111.755,62.653],[-111.885,62.715],[-112.064,62.764],[-112.442,62.952],[-112.555,62.993],[-112.642,63.056],[-112.812,63.091],[-112.862,63.123],[-112.864,63.167],[-112.648,63.273]]]}},{"type":"Feature","properties":{"density":3},"geometry":{"type":"Polygon","coordinates":[[[-109.365,61.927],[-109.128,61.95],[-109.007,61.939],[-108.009,61.944],[-107.962,61.908],[-107.948,61.872],[-107.957,61.806],[-107.99,61.743],[-108.097,61.635],[-108.166,61.597],[-108.337,61.569],[-108.814,61.682],[-109.235,61.814],[-109.421,61.837],[-109.44,61.86],[-109.436,61.904],[-109.365,61.927]]]}},{"type":"Feature","properties":{"density":3},"geometry":{"type":"Polygon","coordinates":[[[-111.49,63.553],[-111.419,63.561],[-111.213,63.541],[-111.035,63.479],[-110.708,63.409],[-110.266,63.28],[-110.13,63.293],[-109.849,63.227],[-109.22,63.032],[-108.939,62.979],[-108.923,62.954],[-108.927,62.925],[-108.943,62.888],[-109.076,62.846],[-109.481,62.813],[-109.646,62.83],[-110.092,62.962],[-110.316,63.049],[-110.402,63.103],[-111.031,63.313],[-111.208,63.399],[-111.35,63.436],[-111.545,63.45],[-111.569,63.489],[-111.565,63.54],[-111.49,63.553]]]}},{"type":"Feature","properties":{"density":3},"geometry":{"type":"Polygon","coordinates":[[[-124.203,69.904],[-124.496,70.49],[-124.301,71.062],[-123.799,71.746],[-122.794,72.192],[-120.981,72.346],[-116.429,72.329],[-112.6,72.203],[-111.533,72.203],[-109.744,72.329],[-108.049,72.14],[-107.232,72.14],[-104.104,72.206],[-102.834,72.415],[-101.663,72.402],[-100.812,72.22],[-100.002,71.788],[-99.929,71.209],[-99.985,70.539],[-99.863,69.988],[-99.975,69.36],[-99.975,68.565],[-99.804,67.788],[-99.532,67.369],[-99.134,66.993],[-98.611,66.616],[-97.858,65.674],[-97.272,64.23],[-96.086,63.372],[-95.626,63.149],[-95.347,62.982],[-94.998,62.801],[-94.621,62.326],[-94.23,61.405],[-93.951,60.485],[-93.603,60.066],[-93.477,59.857],[-92.808,59.145],[-92.431,58.811],[-91.803,58.329],[-91.092,57.43],[-91.029,56.844],[-91.28,55.958],[-91.922,54.995],[-92.256,54.577],[-93.052,53.893],[-93.359,53.726],[-93.819,53.6],[-94.405,53.405],[-94.809,53.433],[-95.507,53.321],[-95.953,53.419],[-96.107,53.642],[-96.121,53.809],[-96.121,54.549],[-96.009,54.688],[-95.786,55.093],[-95.563,55.456],[-95.465,55.721],[-95.465,55.874],[-95.507,56.195],[-95.688,56.516],[-95.953,56.781],[-96.316,57.018],[-96.511,57.102],[-96.763,57.116],[-97.307,57.004],[-97.627,56.878],[-97.879,56.669],[-98.074,56.474],[-98.172,56.293],[-98.241,56.014],[-98.241,55.846],[-98.339,55.581],[-98.492,55.442],[-98.743,55.274],[-99.148,55.26],[-99.608,55.316],[-100.027,55.469],[-100.473,55.567],[-101.115,55.832],[-101.706,56.274],[-101.789,56.427],[-102.068,57.195],[-102.25,57.488],[-102.417,58.074],[-102.78,58.576],[-102.919,58.715],[-103.073,58.799],[-103.45,58.841],[-103.729,58.813],[-103.826,58.715],[-103.91,58.548],[-103.91,58.339],[-103.784,57.976],[-103.505,57.669],[-103.003,56.985],[-102.71,56.679],[-102.501,56.316],[-102.222,56.051],[-101.58,55.256],[-101.399,55.186],[-101.217,55.074],[-100.534,54.572],[-100.492,54.502],[-100.492,54.405],[-100.534,54.307],[-100.91,54.335],[-101.552,54.502],[-101.817,54.586],[-102.11,54.698],[-102.78,55.102],[-103.454,55.439],[-103.882,55.607],[-104.161,55.69],[-104.375,55.69],[-104.449,55.635],[-104.449,55.523],[-104.412,55.439],[-104.31,55.337],[-104.18,55.272],[-103.947,55.095],[-103.873,54.993],[-103.835,54.909],[-103.817,54.788],[-103.873,54.714],[-103.984,54.714],[-104.152,54.751],[-104.3,54.807],[-104.412,54.9],[-104.775,55.021],[-105.305,55.263],[-105.51,55.328],[-105.807,55.383],[-106.328,55.346],[-106.523,55.402],[-106.802,55.402],[-107.053,55.542],[-107.277,55.695],[-107.486,55.988],[-107.667,56.281],[-107.89,56.978],[-108.086,57.829],[-108.086,58.164],[-108.016,58.639],[-107.625,59.238],[-107.291,59.364],[-107.109,59.541],[-107.072,59.68],[-107.091,59.829],[-107.212,59.894],[-107.36,59.894],[-107.779,59.82],[-107.965,59.69],[-108.188,59.504],[-108.337,59.411],[-109.158,59.106],[-109.297,58.994],[-109.52,58.897],[-109.813,58.715],[-110.413,58.422],[-110.567,58.241],[-110.874,57.948],[-111.18,57.781],[-111.697,57.725],[-112.115,57.781],[-112.534,57.781],[-113.064,57.683],[-113.831,57.641],[-114.375,57.697],[-114.947,57.613],[-115.338,57.725],[-115.603,58.046],[-115.617,58.157],[-115.7,58.283],[-115.854,58.367],[-116.161,58.604],[-116.245,58.687],[-116.3,58.701],[-116.398,58.673],[-116.621,58.646],[-116.719,58.339],[-116.914,57.976],[-117.068,57.864],[-117.347,57.809],[-117.974,57.767],[-118.518,57.781],[-118.974,57.757],[-120.323,58.055],[-121.002,58.278],[-121.448,58.576],[-121.811,58.873],[-121.988,59.069],[-122.09,59.236],[-122.211,59.506],[-122.332,59.655],[-122.471,59.766],[-122.629,59.841],[-123.122,59.924],[-123.466,60.138],[-123.717,60.324],[-123.95,60.547],[-124.08,60.706],[-124.099,60.78],[-124.089,60.929],[-124.043,61.068],[-123.969,61.217],[-123.41,61.761],[-123.336,62.18],[-123.336,62.356],[-123.215,62.542],[-123.085,62.691],[-123.029,62.794],[-122.852,62.989],[-122.583,63.231],[-121.96,63.528],[-121.513,63.835],[-120.29,64.402],[-119.955,64.528],[-119.16,64.737],[-118.407,65.03],[-117.723,65.351],[-117.012,65.435],[-116.677,65.519],[-116.147,65.546],[-115.394,65.505],[-114.529,65.421],[-113.05,65.435],[-112.255,65.309],[-111.473,65.379],[-110.595,65.309],[-110.162,65.184],[-110.037,65.086],[-109.939,64.974],[-109.911,64.751],[-109.925,64.695],[-110.232,64.486],[-110.608,64.305],[-111.013,64.151],[-111.39,64.082],[-112.394,63.858],[-113.726,63.618],[-116.049,63.492],[-116.405,63.555],[-117.458,63.611],[-117.84,63.564],[-118.379,63.369],[-118.667,63.202],[-118.89,62.988],[-118.974,62.848],[-119.123,62.504],[-119.151,62.383],[-118.77,61.704],[-118.04,61.328],[-116.993,61.007],[-116.77,60.797],[-116.254,60.365],[-116.045,60.198],[-115.668,59.946],[-115.208,59.821],[-114.133,59.612],[-113.757,59.598],[-112.319,60.1],[-111.984,60.249],[-111.026,60.342],[-110.496,60.444],[-110.215,60.664],[-109.968,60.884],[-109.898,60.987],[-109.819,61.066],[-109.736,61.198],[-109.476,61.491],[-109.458,61.912],[-109.31,62.024],[-109.111,62.03],[-108.863,62.067],[-108.826,62.123],[-108.832,62.179],[-108.9,62.222],[-109.099,62.253],[-109.31,62.265],[-109.651,62.222],[-110.14,62.228],[-110.55,62.303],[-110.866,62.396],[-111.12,62.451],[-111.337,62.464],[-111.591,62.526],[-111.715,62.575],[-112.311,62.976],[-112.398,63.009],[-112.766,63.051],[-112.857,63.084],[-112.861,63.104],[-112.849,63.133],[-112.706,63.253],[-112.604,63.283],[-112.188,63.327],[-111.902,63.325],[-111.329,63.192],[-110.855,62.931],[-110.583,62.918],[-110.351,62.972],[-110.128,62.984],[-109.88,62.972],[-109.582,63.001],[-109.48,63.084],[-109.402,63.104],[-109.188,63.253],[-109.026,63.468],[-109.014,63.526],[-109.068,63.687],[-109.071,63.782],[-109.052,63.856],[-109.061,63.921],[-109.001,64.717],[-109.057,65.121],[-109.196,65.47],[-109.224,65.623],[-109.252,66.167],[-109.419,66.474],[-109.559,66.851],[-110.438,67.242],[-110.976,67.405],[-112.664,67.767],[-112.978,67.893],[-113.92,68.019],[-115.447,68.144],[-116.18,68.123],[-116.661,67.998],[-116.933,67.851],[-117.665,67.726],[-118.188,67.767],[-119.444,67.956],[-119.863,68.081],[-120.867,68.437],[-122.404,68.872],[-123.422,69.235],[-124.203,69.904]]]}},{"type":"Feature","properties":{"density":3},"geometry":{"type":"Polygon","coordinates":[[[-81.038,44.969],[-80.773,44.091],[-80.18,43.323],[-79.762,43.03],[-78.611,42.402],[-77.355,41.754],[-76.769,41.503],[-75.849,41.21],[-74.3,40.624],[-73.17,40.059],[-72.124,39.64],[-71.58,39.473],[-70.743,39.138],[-69.927,38.992],[-68.955,39.064],[-68.211,39.045],[-67.62,38.985],[-67.118,39.054],[-66.476,39.082],[-64.523,39.361],[-62.366,39.762],[-58.254,40.484],[-56.967,40.673],[-55.712,40.955],[-54.739,41.269],[-53.577,41.552],[-52.918,41.834],[-52.008,42.305],[-51.192,43.498],[-50.501,45.004],[-50.062,46.197],[-49.779,46.825],[-49.434,47.358],[-49.026,48.08],[-48.712,48.457],[-48.555,48.551],[-47.833,49.116],[-47.425,49.179],[-46.609,48.991],[-46.295,48.426],[-45.855,46.647],[-45.73,46.354],[-45.353,45.852],[-44.83,45.705],[-43.888,45.705],[-42.968,46.124],[-42.486,46.48],[-42.047,46.752],[-41.503,46.814],[-40.917,46.605],[-40.645,46.396],[-40.237,44.942],[-40.205,44.282],[-40.331,43.623],[-40.174,41.677],[-40.237,40.83],[-40.049,38.601],[-39.954,38.067],[-39.923,36.969],[-40.143,35.18],[-40.331,33.798],[-40.582,33.108],[-40.959,32.668],[-41.649,32.292],[-42.654,31.852],[-45.595,30.971],[-48.075,30.783],[-50.586,31.128],[-53.85,32.038],[-56.298,32.258],[-57.272,32.76],[-57.02,33.419],[-53.762,35.86],[-52.877,36.841],[-52.5,38.065],[-52.831,38.779],[-53.756,38.944],[-55.388,38.379],[-56.518,37.908],[-58.307,37.249],[-59.887,36.966],[-61.289,36.548],[-62.451,35.366],[-63.256,34.372],[-64.176,33.872],[-64.825,33.872],[-68.79,34.374],[-69.062,34.248],[-69.774,34.144],[-70.695,34.039],[-72.39,34.018],[-73.415,33.976],[-75.466,33.809],[-76.428,33.516],[-77.507,33.344],[-77.786,33.33],[-78.177,33.218],[-78.4,33.19],[-78.525,33.246],[-78.581,33.4],[-78.456,33.581],[-78.26,33.804],[-77.981,34.097],[-77.563,34.474],[-77.116,34.795],[-76.293,35.311],[-75.61,35.576],[-75.108,35.576],[-74.41,35.492],[-73.643,35.283],[-72.652,35.185],[-72.234,35.171],[-71.732,35.13],[-71.215,35.199],[-71.034,35.381],[-71.034,35.492],[-71.118,35.632],[-71.369,35.813],[-71.857,35.967],[-72.764,36.106],[-73.392,36.148],[-73.81,36.134],[-74.271,36.092],[-75.931,36.106],[-76.891,36.246],[-77.979,36.329],[-78.914,36.176],[-79.618,36.299],[-79.939,36.299],[-80.079,36.355],[-80.134,36.522],[-79.981,37.192],[-79.883,37.429],[-79.8,37.778],[-79.855,38.029],[-80.107,38.308],[-80.483,38.448],[-81.655,38.824],[-81.99,39.033],[-82.283,39.285],[-83.594,40.191],[-84.529,40.666],[-85.003,40.945],[-85.868,41.831],[-86.119,41.998],[-86.426,42.43],[-86.496,42.765],[-86.524,43.17],[-86.426,44.24],[-86.175,44.513],[-85.903,44.764],[-85.484,44.952],[-85.338,44.994],[-84.543,44.596],[-84.082,44.408],[-83.664,44.282],[-83.162,44.24],[-82.555,44.24],[-82.241,44.345],[-81.697,44.707],[-81.555,44.874],[-81.437,44.936],[-81.139,44.998],[-81.038,44.969]]]}},{"type":"Feature","properties":{"density":3},"geometry":{"type":"Polygon","coordinates":[[[-105.456,55.819],[-105.096,55.711],[-104.608,55.48],[-104.418,55.372],[-104.319,55.281],[-103.955,55.033],[-103.897,54.946],[-103.889,54.868],[-103.901,54.835],[-103.93,54.802],[-104.013,54.785],[-104.199,54.818],[-104.844,55.05],[-105.092,55.178],[-105.497,55.492],[-105.6,55.612],[-105.617,55.707],[-105.547,55.794],[-105.456,55.819]]]}},{"type":"Feature","properties":{"density":3},"geometry":{"type":"Polygon","coordinates":[[[-101.929,55.412],[-101.412,55.136],[-101.185,54.983],[-100.92,54.776],[-100.879,54.718],[-100.867,54.623],[-100.904,54.586],[-100.978,54.569],[-101.102,54.565],[-101.276,54.602],[-101.441,54.66],[-101.54,54.718],[-101.867,54.95],[-102.02,55.078],[-102.094,55.239],[-102.103,55.297],[-102.103,55.355],[-102.057,55.408],[-102.028,55.421],[-101.929,55.412]]]}},{"type":"Feature","properties":{"density":3},"geometry":{"type":"Polygon","coordinates":[[[-108.64,55.235],[-108.629,55.196],[-108.554,55.124],[-108.375,55.025],[-107.377,54.581],[-107.226,54.438],[-107.094,54.378],[-106.972,54.278],[-106.934,54.234],[-106.931,54.182],[-106.961,54.141],[-107.127,54.13],[-107.945,54.369],[-108.247,54.517],[-108.467,54.801],[-108.553,54.872],[-108.725,55.156],[-108.732,55.18],[-108.716,55.22],[-108.686,55.238],[-108.64,55.235]]]}},{"type":"Feature","properties":{"density":3},"geometry":{"type":"Polygon","coordinates":[[[-110.275,56.162],[-110.165,56.18],[-110.128,56.2],[-110.068,56.194],[-110.04,56.185],[-110.015,56.13],[-109.849,56.098],[-109.824,56.074],[-109.826,56.044],[-109.872,55.997],[-109.995,55.944],[-110.091,55.939],[-110.309,55.989],[-110.355,56.02],[-110.358,56.043],[-110.329,56.115],[-110.275,56.162]]]}},{"type":"Feature","properties":{"density":3},"geometry":{"type":"Polygon","coordinates":[[[-110.341,56.19],[-110.348,56.216],[-110.331,56.235],[-110.268,56.25],[-110.237,56.224],[-110.233,56.195],[-110.25,56.175],[-110.313,56.168],[-110.341,56.19]]]}},{"type":"Feature","properties":{"density":3},"geometry":{"type":"Polygon","coordinates":[[[-116.36,63.278],[-116.126,63.329],[-115.738,63.37],[-114.801,63.258],[-114.101,63.289],[-113.779,63.322],[-113.489,63.38],[-113.283,63.394],[-113.112,63.33],[-113.087,63.206],[-113.173,63.057],[-113.357,62.967],[-113.854,62.672],[-113.97,62.619],[-114.185,62.557],[-114.503,62.544],[-114.713,62.583],[-114.892,62.705],[-115.057,62.734],[-115.392,62.862],[-115.536,62.97],[-115.878,63.067],[-115.996,63.074],[-116.241,63.126],[-116.318,63.105],[-116.413,63.121],[-116.468,63.167],[-116.467,63.218],[-116.36,63.278]]]}},{"type":"Feature","properties":{"density":3},"geometry":{"type":"Polygon","coordinates":[[[-121.525,44.445],[-121.599,44.668],[-121.587,44.885],[-121.45,45.121],[-121.239,45.369],[-121.084,45.654],[-121.016,45.846],[-120.917,46.032],[-120.762,46.181],[-120.626,46.249],[-120.322,46.305],[-120.105,46.367],[-119.968,46.373],[-119.851,46.355],[-119.683,46.311],[-119.565,46.231],[-119.361,46.069],[-119.243,45.908],[-119.199,45.759],[-119.237,45.611],[-119.268,45.561],[-119.435,45.412],[-119.522,45.294],[-119.51,44.941],[-119.54,44.811],[-119.627,44.6],[-119.677,44.519],[-119.733,44.47],[-119.955,44.37],[-120.147,44.251],[-120.467,43.984],[-120.539,43.992],[-120.575,44.017],[-120.583,44.067],[-120.533,44.276],[-120.573,44.36],[-120.536,44.596],[-120.536,44.695],[-120.544,44.745],[-120.577,44.798],[-120.668,44.811],[-120.705,44.749],[-120.743,44.455],[-120.767,44.414],[-120.809,44.397],[-120.916,44.422],[-120.949,44.497],[-120.962,44.587],[-120.962,44.666],[-120.925,44.827],[-120.834,45.092],[-120.801,45.377],[-120.755,45.608],[-120.685,45.741],[-120.681,45.794],[-120.697,45.807],[-120.809,45.757],[-120.846,45.683],[-120.883,45.501],[-120.999,45.195],[-120.968,45.123],[-121.03,44.974],[-121.088,44.738],[-121.113,44.515],[-121.104,44.379],[-121.18,44.182],[-121.213,44.173],[-121.26,44.193],[-121.323,44.339],[-121.483,44.411],[-121.525,44.445]]]}},{"type":"Feature","properties":{"density":3},"geometry":{"type":"Polygon","coordinates":[[[-119.48,43.755],[-119.434,43.892],[-119.335,44.057],[-119.05,44.425],[-119.005,44.458],[-118.761,44.557],[-118.674,44.565],[-118.612,44.545],[-118.546,44.388],[-118.554,44.305],[-118.595,44.226],[-118.653,44.16],[-118.943,44.053],[-119.195,43.929],[-119.429,43.681],[-119.454,43.67],[-119.509,43.681],[-119.48,43.755]]]}},{"type":"Feature","properties":{"density":3},"geometry":{"type":"Polygon","coordinates":[[[-119.513,43.759],[-119.434,44.023],[-119.252,44.395],[-118.955,45.189],[-118.649,45.755],[-118.435,46.057],[-118.196,46.501],[-118.096,46.787],[-117.811,47.113],[-117.762,47.146],[-117.621,47.163],[-117.576,47.105],[-117.559,47.006],[-117.53,46.787],[-117.526,46.563],[-117.559,46.423],[-117.617,46.287],[-117.828,45.989],[-118.076,45.695],[-118.254,45.431],[-118.344,45.261],[-118.597,44.976],[-118.774,44.555],[-118.779,44.406],[-118.841,44.224],[-118.944,44.004],[-119.035,43.938],[-119.283,43.805],[-119.343,43.75],[-119.385,43.662],[-119.426,43.646],[-119.501,43.657],[-119.513,43.759]]]}},{"type":"Feature","properties":{"density":3},"geometry":{"type":"Polygon","coordinates":[[[-117.314,44.741],[-117.286,44.815],[-117.22,44.903],[-117.191,44.93],[-117.138,44.947],[-117.163,44.859],[-117.263,44.728],[-117.29,44.717],[-117.314,44.741]]]}},{"type":"Feature","properties":{"density":3},"geometry":{"type":"Polygon","coordinates":[[[-122.972,42.759],[-122.837,42.739],[-122.694,42.759],[-122.589,42.756],[-122.498,42.731],[-122.397,42.649],[-122.339,42.362],[-122.402,42.141],[-122.498,42.064],[-122.559,42.034],[-122.926,42.053],[-123.16,42.009],[-123.251,42.034],[-123.289,42.07],[-123.344,42.164],[-123.342,42.23],[-123.298,42.412],[-123.209,42.574],[-123.094,42.717],[-123.022,42.759],[-122.972,42.759]]]}},{"type":"Feature","properties":{"density":3},"geometry":{"type":"Polygon","coordinates":[[[-119.073,48.203],[-119.084,48.278],[-119.147,48.449],[-119.181,48.733],[-119.183,48.915],[-119.161,48.989],[-119.081,49.083],[-118.996,49.105],[-118.927,49.099],[-118.811,49.017],[-118.789,48.879],[-118.913,48.339],[-118.914,48.158],[-118.934,48.094],[-118.962,48.076],[-119.033,48.092],[-119.065,48.118],[-119.073,48.203]]]}},{"type":"Feature","properties":{"density":3},"geometry":{"type":"Polygon","coordinates":[[[-122.374,51.299],[-122.663,51.666],[-123.108,52.033],[-123.141,52.091],[-123.125,52.203],[-123.054,52.315],[-122.959,52.393],[-122.806,52.484],[-122.542,52.707],[-122.41,52.782],[-122.046,52.794],[-121.752,52.761],[-121.587,52.707],[-121.55,52.62],[-121.513,52.31],[-121.537,51.744],[-121.628,51.306],[-121.661,51.215],[-121.715,51.19],[-121.777,51.186],[-121.876,51.215],[-121.901,51.343],[-121.947,51.405],[-122.112,51.537],[-122.168,51.525],[-122.179,51.497],[-122.152,51.247],[-122.168,51.203],[-122.19,51.192],[-122.273,51.214],[-122.359,51.26],[-122.374,51.299]]]}},{"type":"Feature","properties":{"density":3},"geometry":{"type":"Polygon","coordinates":[[[-123.503,63.366],[-123.437,63.493],[-123.313,63.575],[-123.084,63.677],[-122.841,63.721],[-122.588,63.705],[-122.56,63.685],[-122.555,63.655],[-122.596,63.594],[-122.767,63.539],[-123.332,63.413],[-123.453,63.308],[-123.497,63.304],[-123.503,63.366]]]}}]}