{"type":"FeatureCollection","features":[{"type":"Feature","properties":{"density":1},"geometry":{"type":"Polygon","coordinates":[[[-136.096,71.964],[-137.367,71.046],[-138.991,68.433],[-139.768,67.091],[-140.827,63.63],[-141.373,60.554],[-141.463,57.203],[-141.392,53.46],[-140.969,50.353],[-140.082,47.528],[-139.015,45.864],[-137.72,45.268],[-136.535,45.142],[-135.531,45.55],[-131.929,46.539],[-130.022,46.751],[-128.751,46.335],[-128.539,45.409],[-128.656,44.044],[-129.221,42.286],[-130.446,40.818],[-130.657,39.335],[-130.508,37.577],[-129.881,36.228],[-127.809,35.569],[-125.926,36.016],[-124.513,37.499],[-123.171,39.688],[-122.112,42.019],[-121.9,44.067],[-121.759,45.691],[-121.052,47.81],[-120.064,49.505],[-119.004,50.494],[-116.854,50.761],[-114.696,50.211],[-113.849,49.011],[-113.637,47.245],[-113.707,45.621],[-113.707,43.573],[-113.496,40.889],[-112.742,36.353],[-111.989,33.842],[-108.787,30.044],[-106.437,27.784],[-103.961,25.493],[-101.984,22.456],[-99.935,20.055],[-98.523,18.655],[-97.036,18.017],[-92.53,18.045],[-89.071,19.096],[-86.844,20.99],[-84.391,24.628],[-83.339,26.623],[-82.42,28.953],[-81.29,30.648],[-78.677,33.12],[-75.217,35.168],[-73.102,36.777],[-70.132,38.417],[-67.405,39.178],[-61.939,40.465],[-59.071,41.062],[-56.854,41.948],[-55.634,42.804],[-55.3,43.573],[-54.665,45.691],[-55.371,47.104],[-56.67,48.454],[-58.832,49.081],[-61.092,49.505],[-63.975,50.002],[-66.919,50.294],[-69.43,50.615],[-72.778,51.229],[-76.568,51.866],[-79.079,52.192],[-81.441,52.648],[-83.143,53.103],[-84.455,53.857],[-86.022,55.438],[-86.587,58.051],[-86.446,60.028],[-85.528,61.865],[-82.915,63.065],[-78.889,63.418],[-76.629,62.853],[-73.663,61.723],[-71.262,61.088],[-68.366,60.735],[-65.663,60.978],[-63.167,61.967],[-61.586,64.266],[-60.809,65.749],[-59.609,67.162],[-58.267,67.797],[-56.007,68.362],[-53.605,68.715],[-51.345,68.998],[-49.792,69.775],[-49.862,70.34],[-50.78,70.834],[-53.394,71.187],[-58.69,71.399],[-65.541,71.399],[-70.414,71.47],[-74.467,71.054],[-78.611,70.442],[-82.138,69.422],[-84.539,68.998],[-86.587,68.362],[-90.048,67.373],[-93.509,66.879],[-99.088,66.667],[-102.125,66.667],[-106.362,67.091],[-108.411,67.727],[-110.58,68.464],[-114.347,69.782],[-118.581,71.046],[-123.03,71.964],[-126.137,72.317],[-129.951,72.812],[-133.275,72.655],[-134.781,72.513],[-136.096,71.964]]]}},{"type":"Feature","properties":{"density":1},"geometry":{"type":"Polygon","coordinates":[[[-88.196,51.319],[-88.1,51.322],[-87.898,51.285],[-87.626,51.179],[-87.189,50.875],[-87.103,50.789],[-87.075,50.688],[-87.163,50.675],[-87.465,50.783],[-88.001,51.124],[-88.207,51.282],[-88.215,51.306],[-88.196,51.319]]]}},{"type":"Feature","properties":{"density":1},"geometry":{"type":"Polygon","coordinates":[[[-91.849,49.281],[-91.781,49.282],[-91.705,49.254],[-91.601,49.178],[-91.455,48.936],[-91.405,48.89],[-91.358,48.815],[-91.335,48.748],[-91.356,48.657],[-91.47,48.634],[-91.572,48.642],[-91.642,48.672],[-91.778,48.805],[-91.815,48.855],[-91.877,49.213],[-91.88,49.255],[-91.849,49.281]]]}},{"type":"Feature","properties":{"density":1},"geometry":{"type":"Polygon","coordinates":[[[-92.785,52.197],[-92.75,52.23],[-92.698,52.236],[-92.046,52.135],[-91.901,52.094],[-91.841,52.052],[-91.828,52.021],[-91.835,51.994],[-91.874,51.977],[-92.09,51.976],[-92.375,52.043],[-92.647,52.145],[-92.764,52.167],[-92.785,52.197]]]}},{"type":"Feature","properties":{"density":1},"geometry":{"type":"Polygon","coordinates":[[[-92.344,51.876],[-92.273,51.895],[-92.033,51.915],[-91.657,51.921],[-91.484,51.911],[-90.935,51.83],[-90.825,51.828],[-90.577,51.781],[-90.065,51.581],[-90.005,51.52],[-89.828,51.27],[-89.787,51.198],[-89.787,51.148],[-89.837,51.104],[-89.933,51.082],[-90.04,51.115],[-90.512,51.35],[-90.853,51.498],[-91.264,51.588],[-91.961,51.71],[-92.079,51.758],[-92.341,51.816],[-92.362,51.853],[-92.344,51.876]]]}},{"type":"Feature","properties":{"density":1},"geometry":{"type":"Polygon","coordinates":[[[-92.187,51.66],[-91.947,51.671],[-91.743,51.629],[-91.159,51.577],[-91.015,51.542],[-90.939,51.499],[-90.935,51.483],[-90.942,51.463],[-90.996,51.449],[-91.102,51.447],[-91.538,51.521],[-91.954,51.561],[-92.192,51.604],[-92.208,51.635],[-92.187,51.66]]]}},{"type":"Feature","properties":{"density":1},"geometry":{"type":"Polygon","coordinates":[[[-100.312,53.575],[-99.87,53.6],[-99.49,53.529],[-98.706,53.498],[-97.193,53.275],[-96.925,53.401],[-96.63,53.58],[-96.36,53.856],[-96.06,54.082],[-95.669,54.288],[-94.875,54.528],[-94.025,54.664],[-93.51,54.683],[-91.929,54.689],[-91.154,54.627],[-90.572,54.602],[-89.17,54.354],[-88.749,54.236],[-88.364,54.075],[-87.298,53.746],[-87.149,53.635],[-86.92,53.325],[-86.87,53.064],[-86.858,52.847],[-86.715,52.568],[-86.622,52.426],[-86.331,52.054],[-86.256,51.837],[-86.238,51.459],[-86.442,51.186],[-86.492,51.068],[-86.504,50.876],[-86.176,50.522],[-85.903,50.343],[-85.543,50.181],[-84.83,49.933],[-83.119,49.676],[-82.598,49.639],[-78.775,49.202],[-77.194,48.951],[-74.581,48.681],[-72.87,48.309],[-70.972,47.853],[-70.293,47.63],[-69.382,47.221],[-68.824,46.886],[-68.489,46.616],[-68.164,46.207],[-67.903,45.695],[-67.95,44.579],[-68.033,44.114],[-68.303,43.296],[-68.378,42.794],[-68.334,42.484],[-68.334,41.709],[-68.365,41.411],[-68.626,40.909],[-69.016,40.648],[-69.89,40.134],[-70.368,39.88],[-71.031,39.619],[-72.572,38.562],[-72.857,38.401],[-73.502,38.097],[-73.998,37.917],[-74.606,37.768],[-75.282,37.663],[-76.646,37.613],[-79.002,38.401],[-79.504,38.692],[-80.05,38.934],[-81.69,39.489],[-82.731,39.703],[-84.759,40.159],[-85.469,39.982],[-86.225,39.87],[-86.771,39.827],[-87.416,39.814],[-87.819,39.876],[-88.333,40.031],[-88.687,40.199],[-89.028,40.391],[-89.22,40.565],[-89.251,40.775],[-89.09,40.98],[-88.346,41.464],[-87.8,41.749],[-86.554,42.357],[-84.718,42.834],[-82.137,43.454],[-80.301,43.471],[-79.016,43.632],[-78.346,43.688],[-77.627,43.719],[-77.28,43.849],[-77.18,43.985],[-77.236,44.097],[-77.472,44.239],[-77.887,44.345],[-78.358,44.339],[-78.755,44.27],[-79.754,43.998],[-80.268,43.936],[-80.708,43.917],[-81.973,44.084],[-82.494,44.27],[-83.722,44.81],[-85.576,45.486],[-86.524,45.944],[-87.151,46.192],[-88.521,46.626],[-88.998,46.738],[-89.426,46.788],[-89.922,46.889],[-90.278,47.091],[-90.608,47.12],[-91.026,46.967],[-91.265,46.943],[-91.513,46.934],[-91.782,47.013],[-91.782,47.125],[-91.708,47.265],[-91.555,47.414],[-91.303,47.521],[-91.298,47.65],[-92.053,47.889],[-92.446,48.191],[-92.45,48.294],[-92.388,48.406],[-92.032,48.464],[-91.558,48.336],[-91.461,48.354],[-91.42,48.389],[-91.491,48.583],[-91.474,48.639],[-91.431,48.688],[-91.355,48.725],[-91.205,48.759],[-91.114,48.759],[-91.032,48.73],[-90.903,48.725],[-90.896,48.75],[-90.925,48.784],[-91.012,48.84],[-91.002,48.991],[-90.962,49.025],[-90.753,49.05],[-90.474,49.041],[-90.303,48.98],[-90.198,48.978],[-90.171,49.015],[-90.242,49.088],[-90.347,49.151],[-90.532,49.399],[-90.532,49.5],[-90.634,49.788],[-90.703,50.071],[-91.0,50.215],[-91.252,50.26],[-91.843,50.281],[-93.021,50.211],[-93.345,50.308],[-93.829,50.562],[-94.914,51.052],[-96.706,51.746],[-97.196,51.951],[-98.014,52.124],[-98.888,52.286],[-99.614,52.453],[-100.178,52.546],[-101.255,53.028],[-101.404,53.131],[-101.499,53.284],[-101.524,53.424],[-101.47,53.532],[-101.263,53.685],[-101.11,53.747],[-100.428,53.623],[-100.312,53.575]]]}},{"type":"Feature","properties":{"density":1},"geometry":{"type":"Polygon","coordinates":[[[-78.524,51.7],[-78.335,51.704],[-77.936,51.656],[-77.536,51.644],[-77.378,51.623],[-77.102,51.536],[-77.02,51.496],[-76.971,51.435],[-76.977,51.348],[-77.004,51.307],[-77.118,51.266],[-77.265,51.27],[-77.797,51.346],[-78.04,51.281],[-78.232,51.274],[-78.297,51.288],[-78.362,51.335],[-78.388,51.436],[-78.567,51.576],[-78.591,51.613],[-78.578,51.681],[-78.524,51.7]]]}},{"type":"Feature","properties":{"density":1},"geometry":{"type":"Polygon","coordinates":[[[-78.649,51.326],[-78.552,51.313],[-78.474,51.249],[-78.46,51.209],[-78.477,51.189],[-78.526,51.177],[-78.614,51.211],[-78.688,51.274],[-78.677,51.313],[-78.649,51.326]]]}},{"type":"Feature","properties":{"density":1},"geometry":{"type":"Polygon","coordinates":[[[-104.731,54.608],[-104.475,54.616],[-104.123,54.564],[-103.518,54.396],[-103.074,54.331],[-102.905,54.289],[-102.794,54.232],[-102.727,54.181],[-102.693,54.118],[-102.715,54.076],[-102.788,54.058],[-103.099,54.078],[-103.357,54.135],[-103.896,54.272],[-104.101,54.346],[-104.338,54.459],[-104.724,54.548],[-104.743,54.575],[-104.731,54.608]]]}},{"type":"Feature","properties":{"density":1},"geometry":{"type":"Polygon","coordinates":[[[-102.02,55.393],[-101.811,55.387],[-101.165,55.207],[-101.006,55.181],[-100.5,54.998],[-100.302,54.943],[-99.918,54.953],[-99.781,54.936],[-99.55,54.878],[-99.339,54.849],[-98.938,54.721],[-97.975,54.51],[-96.718,54.271],[-96.569,54.188],[-96.421,54.043],[-96.363,53.861],[-96.383,53.721],[-96.507,53.651],[-96.698,53.613],[-96.925,53.609],[-97.648,53.739],[-98.64,53.975],[-99.155,54.155],[-100.841,54.627],[-101.357,54.85],[-101.707,54.969],[-102.165,55.208],[-102.195,55.289],[-102.176,55.353],[-102.099,55.39],[-102.02,55.393]]]}},{"type":"Feature","properties":{"density":1},"geometry":{"type":"Polygon","coordinates":[[[-98.618,55.462],[-98.505,55.459],[-98.324,55.426],[-98.117,55.346],[-97.836,55.266],[-97.347,55.158],[-97.129,55.085],[-97.031,55.036],[-96.99,54.985],[-97.006,54.954],[-97.039,54.942],[-97.26,54.937],[-97.422,54.961],[-97.915,55.087],[-98.588,55.305],[-98.739,55.386],[-98.727,55.426],[-98.689,55.452],[-98.618,55.462]]]}},{"type":"Feature","properties":{"density":1},"geometry":{"type":"Polygon","coordinates":[[[-103.514,55.602],[-103.452,55.633],[-103.327,55.638],[-102.813,55.556],[-102.627,55.501],[-102.295,55.361],[-102.043,55.187],[-101.976,55.108],[-101.971,55.073],[-101.988,55.034],[-102.03,55.003],[-102.085,54.816],[-102.153,54.779],[-102.338,54.776],[-102.841,54.999],[-103.188,55.124],[-103.567,55.349],[-103.586,55.373],[-103.592,55.484],[-103.514,55.602]]]}},{"type":"Feature","properties":{"density":1},"geometry":{"type":"Polygon","coordinates":[[[-105.655,55.759],[-105.609,55.803],[-105.565,55.82],[-105.074,55.81],[-104.933,55.838],[-104.808,55.842],[-104.451,55.811],[-103.974,55.687],[-103.759,55.66],[-103.247,55.518],[-103.01,55.399],[-102.96,55.337],[-102.951,55.287],[-103.004,55.252],[-103.443,55.213],[-103.97,55.285],[-104.07,55.312],[-104.186,55.312],[-104.475,55.38],[-104.781,55.527],[-105.337,55.622],[-105.46,55.679],[-105.617,55.693],[-105.656,55.706],[-105.655,55.759]]]}},{"type":"Feature","properties":{"density":1},"geometry":{"type":"Polygon","coordinates":[[[-104.678,55.091],[-104.616,55.143],[-104.521,55.157],[-103.954,55.184],[-103.782,55.178],[-103.523,55.135],[-103.11,55.034],[-102.18,54.558],[-101.574,54.354],[-101.249,54.227],[-101.106,54.145],[-100.521,53.728],[-100.02,53.494],[-99.298,53.246],[-99.168,53.07],[-99.19,53.009],[-99.328,52.927],[-99.499,52.891],[-99.963,52.869],[-100.311,52.877],[-100.567,52.91],[-100.947,52.998],[-101.147,53.065],[-101.611,53.277],[-101.875,53.506],[-101.966,53.617],[-102.098,53.715],[-102.317,53.924],[-102.537,54.059],[-102.917,54.326],[-103.108,54.426],[-103.47,54.578],[-103.881,54.805],[-104.602,55.012],[-104.675,55.051],[-104.678,55.091]]]}},{"type":"Feature","properties":{"density":1},"geometry":{"type":"Polygon","coordinates":[[[-102.806,56.413],[-102.401,56.37],[-102.264,56.339],[-102.075,56.329],[-101.525,56.166],[-101.325,56.092],[-101.241,56.037],[-101.14,56.009],[-101.005,55.908],[-100.93,55.829],[-100.825,55.668],[-100.796,55.568],[-100.807,55.478],[-100.879,55.448],[-101.117,55.45],[-101.593,55.533],[-101.935,55.632],[-102.717,55.934],[-102.783,55.981],[-102.811,56.028],[-102.812,56.063],[-102.797,56.093],[-102.757,56.111],[-102.638,56.126],[-102.623,56.138],[-102.629,56.159],[-102.921,56.297],[-102.913,56.345],[-102.892,56.368],[-102.844,56.409],[-102.806,56.413]]]}},{"type":"Feature","properties":{"density":1},"geometry":{"type":"Polygon","coordinates":[[[-123.031,42.563],[-123.102,42.599],[-123.184,42.73],[-123.203,42.913],[-123.17,43.059],[-123.057,43.352],[-122.986,43.496],[-122.92,43.586],[-122.839,43.616],[-122.705,43.583],[-122.516,43.456],[-122.346,43.393],[-122.298,43.351],[-122.26,43.31],[-122.216,43.147],[-122.207,43.052],[-122.207,42.751],[-122.252,42.523],[-122.278,42.485],[-122.383,42.382],[-122.447,42.341],[-122.536,42.313],[-122.665,42.363],[-122.922,42.525],[-123.031,42.563]]]}},{"type":"Feature","properties":{"density":1},"geometry":{"type":"Polygon","coordinates":[[[-105.125,38.165],[-105.064,38.178],[-104.974,38.137],[-104.854,37.959],[-104.662,37.749],[-104.645,37.689],[-104.663,37.645],[-104.898,37.486],[-105.171,37.457],[-105.265,37.478],[-105.292,37.509],[-105.287,37.593],[-105.215,37.826],[-105.211,38.077],[-105.152,38.158],[-105.125,38.165]]]}},{"type":"Feature","properties":{"density":1},"geometry":{"type":"Polygon","coordinates":[[[-107.871,38.413],[-108.023,38.687],[-108.041,38.768],[-108.008,38.856],[-107.931,38.931],[-107.835,38.983],[-107.648,38.979],[-107.492,38.887],[-107.334,38.735],[-107.233,38.663],[-106.996,38.553],[-106.865,38.474],[-106.781,38.391],[-106.7,38.171],[-106.621,37.585],[-106.621,37.429],[-106.647,37.3],[-106.698,37.193],[-106.766,37.118],[-106.966,36.973],[-107.106,36.898],[-107.486,36.787],[-107.696,36.765],[-107.973,36.804],[-108.121,36.904],[-108.172,37.043],[-108.157,37.139],[-108.093,37.241],[-107.981,37.3],[-107.681,37.403],[-107.519,37.489],[-107.451,37.572],[-107.422,37.682],[-107.44,37.772],[-107.514,37.893],[-107.67,38.041],[-107.807,38.222],[-107.839,38.278],[-107.871,38.413]]]}},{"type":"Feature","properties":{"density":1},"geometry":{"type":"Polygon","coordinates":[[[-106.625,40.451],[-106.723,40.471],[-106.766,40.436],[-106.768,40.399],[-106.712,40.363],[-106.653,40.375],[-106.618,40.404],[-106.625,40.451]]]}},{"type":"Feature","properties":{"density":1},"geometry":{"type":"Polygon","coordinates":[[[-106.456,39.25],[-106.356,39.284],[-106.305,39.274],[-106.273,39.25],[-106.198,39.14],[-106.176,39.054],[-106.185,39.014],[-106.281,39.018],[-106.415,39.059],[-106.469,39.094],[-106.497,39.174],[-106.487,39.216],[-106.456,39.25]]]}},{"type":"Feature","properties":{"density":1},"geometry":{"type":"Polygon","coordinates":[[[-121.5,50.102],[-121.406,50.147],[-121.335,50.152],[-121.265,50.102],[-121.217,50.009],[-121.24,49.89],[-121.18,49.672],[-121.26,49.479],[-121.384,49.309],[-121.441,49.275],[-121.678,49.256],[-121.742,49.31],[-121.746,49.35],[-121.615,49.449],[-121.562,49.508],[-121.512,49.586],[-121.495,49.659],[-121.505,49.718],[-121.612,49.805],[-121.599,49.922],[-121.642,49.981],[-121.65,50.029],[-121.611,50.088],[-121.5,50.102]]]}},{"type":"Feature","properties":{"density":1},"geometry":{"type":"Polygon","coordinates":[[[-92.777,34.667],[-92.86,34.64],[-92.937,34.588],[-92.979,34.517],[-92.976,34.462],[-92.926,34.457],[-92.811,34.543],[-92.75,34.639],[-92.777,34.667]]]}},{"type":"Feature","properties":{"density":1},"geometry":{"type":"Polygon","coordinates":[[[-87.443,50.458],[-87.296,50.464],[-87.167,50.425],[-86.931,50.278],[-86.913,50.223],[-86.974,50.216],[-87.092,50.251],[-87.419,50.388],[-87.451,50.411],[-87.443,50.458]]]}},{"type":"Feature","properties":{"density":1},"geometry":{"type":"Polygon","coordinates":[[[-86.165,50.083],[-86.07,50.102],[-85.999,50.092],[-85.75,50.015],[-85.49,49.829],[-85.469,49.754],[-85.481,49.726],[-85.592,49.732],[-85.797,49.816],[-86.157,50.017],[-86.182,50.059],[-86.165,50.083]]]}},{"type":"Feature","properties":{"density":1},"geometry":{"type":"Polygon","coordinates":[[[-91.831,49.295],[-91.768,49.31],[-91.724,49.298],[-91.595,49.239],[-90.983,49.059],[-90.933,49.023],[-90.91,48.974],[-90.888,48.793],[-90.906,48.749],[-91.017,48.656],[-91.129,48.614],[-91.216,48.604],[-91.412,48.639],[-91.581,48.797],[-91.86,49.191],[-91.875,49.248],[-91.858,49.285],[-91.831,49.295]]]}},{"type":"Feature","properties":{"density":1},"geometry":{"type":"Polygon","coordinates":[[[-93.028,52.277],[-92.986,52.332],[-92.853,52.342],[-92.446,52.266],[-91.891,52.129],[-91.291,51.896],[-91.265,51.839],[-91.273,51.798],[-91.295,51.781],[-91.439,51.776],[-92.005,51.873],[-92.368,52.011],[-92.627,52.072],[-93.005,52.211],[-93.021,52.222],[-93.028,52.277]]]}},{"type":"Feature","properties":{"density":1},"geometry":{"type":"Polygon","coordinates":[[[-95.474,53.628],[-95.432,53.648],[-95.112,53.622],[-94.729,53.56],[-94.298,53.424],[-94.179,53.339],[-94.159,53.293],[-94.247,53.271],[-94.405,53.279],[-95.083,53.443],[-95.462,53.571],[-95.484,53.588],[-95.474,53.628]]]}},{"type":"Feature","properties":{"density":1},"geometry":{"type":"Polygon","coordinates":[[[-99.516,53.018],[-98.967,53.002],[-98.206,52.94],[-96.842,52.923],[-95.672,52.96],[-94.391,53.237],[-93.126,53.605],[-92.684,53.75],[-91.495,54.18],[-91.074,54.223],[-90.547,54.242],[-89.176,54.248],[-88.396,54.114],[-87.518,53.873],[-86.519,53.633],[-86.067,53.44],[-85.464,53.232],[-84.753,52.951],[-84.376,52.715],[-84.104,52.463],[-83.847,52.116],[-83.781,51.76],[-84.032,51.46],[-84.218,51.328],[-84.433,51.208],[-84.586,51.142],[-84.937,50.786],[-84.975,50.691],[-84.983,50.555],[-84.88,50.435],[-84.707,50.377],[-84.442,50.344],[-83.686,50.311],[-83.039,50.317],[-82.534,50.25],[-81.951,50.226],[-81.145,50.164],[-80.249,50.074],[-78.975,49.739],[-77.236,49.469],[-76.594,49.33],[-75.822,49.06],[-74.715,48.623],[-73.962,48.418],[-71.932,48.132],[-71.449,47.844],[-70.25,47.577],[-69.575,47.522],[-68.738,47.367],[-68.211,46.883],[-68.223,45.866],[-67.572,45.469],[-66.577,45.367],[-65.375,45.184],[-64.231,44.319],[-63.859,43.668],[-63.506,43.129],[-63.413,42.831],[-63.348,42.468],[-63.32,42.152],[-63.525,41.259],[-63.711,40.831],[-63.962,40.45],[-64.324,40.087],[-64.65,39.836],[-65.087,39.576],[-66.226,39.176],[-66.552,39.018],[-67.342,38.785],[-68.319,38.544],[-69.426,38.404],[-69.956,38.302],[-71.872,38.079],[-73.285,37.939],[-74.904,37.614],[-75.592,37.521],[-77.347,37.604],[-78.432,37.765],[-79.616,38.038],[-82.569,39.075],[-83.21,39.271],[-84.354,39.703],[-85.15,39.843],[-85.775,39.744],[-86.475,39.589],[-87.102,39.496],[-87.786,39.509],[-89.094,39.689],[-89.82,39.875],[-90.415,39.959],[-91.327,40.061],[-91.903,40.07],[-92.322,40.163],[-92.722,40.349],[-93.001,40.582],[-93.01,40.926],[-92.889,41.224],[-92.684,41.531],[-92.433,41.642],[-91.959,41.782],[-90.889,41.94],[-90.248,41.893],[-89.671,41.893],[-89.321,41.982],[-88.917,42.038],[-88.35,42.169],[-87.457,42.271],[-87.178,42.336],[-86.434,42.606],[-85.941,42.829],[-85.631,42.99],[-85.47,43.046],[-85.098,43.12],[-84.788,43.263],[-84.509,43.43],[-84.058,43.623],[-83.707,43.809],[-83.647,43.962],[-83.602,44.172],[-83.719,44.383],[-83.86,44.491],[-84.083,44.577],[-84.319,44.644],[-84.631,44.691],[-85.462,44.753],[-86.29,44.885],[-86.671,45.166],[-87.28,45.88],[-87.544,46.081],[-87.784,46.296],[-88.024,46.484],[-89.312,46.918],[-90.546,47.191],[-91.343,47.483],[-91.933,47.731],[-92.406,48.009],[-92.489,48.181],[-92.415,48.33],[-92.315,48.437],[-92.162,48.492],[-91.991,48.474],[-91.722,48.379],[-91.504,48.324],[-91.454,48.319],[-91.416,48.357],[-91.413,48.434],[-91.658,48.693],[-91.879,49.082],[-91.903,49.258],[-91.881,49.316],[-91.812,49.347],[-91.716,49.358],[-90.983,49.17],[-90.402,49.068],[-90.316,49.082],[-90.335,49.129],[-90.531,49.305],[-90.526,49.426],[-90.399,49.504],[-90.229,49.5],[-90.057,49.445],[-90.014,49.458],[-90.122,49.566],[-90.251,49.774],[-90.331,49.851],[-90.744,50.107],[-90.882,50.215],[-91.234,50.419],[-91.549,50.628],[-91.681,50.859],[-91.882,51.066],[-91.988,51.214],[-92.169,51.411],[-92.492,51.526],[-92.802,51.609],[-93.356,51.712],[-93.62,51.745],[-94.699,51.654],[-95.464,51.741],[-97.006,51.729],[-97.981,51.878],[-98.62,51.946],[-99.601,52.146],[-100.056,52.332],[-100.279,52.44],[-100.515,52.647],[-100.614,52.766],[-100.655,52.936],[-100.647,53.06],[-100.589,53.143],[-100.445,53.184],[-100.259,53.205],[-100.052,53.2],[-99.87,53.13],[-99.618,53.072],[-99.516,53.018]]]}},{"type":"Feature","properties":{"density":1},"geometry":{"type":"Polygon","coordinates":[[[-78.48,51.736],[-77.796,51.699],[-77.486,51.651],[-76.281,51.385],[-75.999,51.283],[-75.164,51.174],[-74.602,51.058],[-74.276,50.893],[-74.205,50.781],[-74.185,50.674],[-74.218,50.595],[-74.313,50.529],[-74.425,50.48],[-74.582,50.447],[-75.578,50.442],[-75.908,50.451],[-76.533,50.666],[-76.69,50.699],[-76.793,50.653],[-76.872,50.413],[-76.958,50.364],[-77.177,50.331],[-77.297,50.331],[-77.463,50.376],[-77.741,50.482],[-78.295,50.81],[-78.422,50.912],[-78.725,51.237],[-78.749,51.321],[-78.712,51.358],[-78.48,51.374],[-78.479,51.391],[-78.55,51.466],[-78.616,51.581],[-78.623,51.639],[-78.618,51.677],[-78.578,51.709],[-78.48,51.736]]]}},{"type":"Feature","properties":{"density":1},"geometry":{"type":"Polygon","coordinates":[[[-104.765,54.612],[-104.708,54.647],[-104.477,54.648],[-103.973,54.567],[-102.543,54.267],[-101.845,54.052],[-101.736,53.953],[-101.74,53.909],[-102.028,53.883],[-102.31,53.92],[-102.442,53.921],[-102.833,53.966],[-102.921,53.995],[-103.386,54.074],[-103.858,54.188],[-104.446,54.429],[-104.719,54.494],[-104.773,54.534],[-104.781,54.576],[-104.765,54.612]]]}},{"type":"Feature","properties":{"density":1},"geometry":{"type":"Polygon","coordinates":[[[-98.703,55.45],[-98.573,55.469],[-98.242,55.397],[-97.919,55.269],[-97.298,55.093],[-97.154,55.016],[-97.105,54.944],[-97.132,54.895],[-97.244,54.856],[-97.733,54.896],[-98.045,54.961],[-98.211,55.027],[-98.526,55.277],[-98.725,55.384],[-98.736,55.414],[-98.703,55.45]]]}},{"type":"Feature","properties":{"density":1},"geometry":{"type":"Polygon","coordinates":[[[-102.847,56.445],[-102.335,56.404],[-101.877,56.298],[-101.341,56.123],[-100.872,55.892],[-100.349,55.558],[-100.057,55.299],[-100.043,55.189],[-100.087,55.162],[-100.184,55.156],[-100.947,55.327],[-101.923,55.624],[-102.191,55.75],[-102.55,55.857],[-102.71,55.922],[-102.765,55.95],[-102.819,56.018],[-102.8,56.073],[-102.709,56.142],[-102.713,56.165],[-102.89,56.252],[-102.943,56.295],[-102.939,56.39],[-102.92,56.418],[-102.847,56.445]]]}},{"type":"Feature","properties":{"density":1},"geometry":{"type":"Polygon","coordinates":[[[-105.684,55.774],[-105.636,55.819],[-105.54,55.852],[-104.558,55.818],[-104.026,55.852],[-103.865,55.843],[-103.068,55.783],[-101.894,55.606],[-101.299,55.493],[-100.541,55.273],[-99.968,55.039],[-99.61,54.928],[-99.352,54.814],[-98.592,54.595],[-98.116,54.297],[-97.988,54.161],[-97.89,53.901],[-97.927,53.748],[-98.092,53.525],[-98.353,53.223],[-98.758,52.864],[-99.335,52.543],[-100.043,52.558],[-100.833,52.946],[-101.271,53.496],[-101.883,54.046],[-102.183,54.176],[-102.775,54.384],[-102.952,54.432],[-103.186,54.458],[-103.389,54.51],[-103.546,54.516],[-104.02,54.634],[-104.313,54.773],[-104.478,54.896],[-104.68,54.99],[-104.887,55.267],[-105.026,55.349],[-105.423,55.513],[-105.642,55.639],[-105.679,55.689],[-105.693,55.746],[-105.684,55.774]]]}},{"type":"Feature","properties":{"density":1},"geometry":{"type":"Polygon","coordinates":[[[-123.098,42.607],[-123.142,42.673],[-123.207,42.855],[-123.211,43.037],[-123.177,43.34],[-123.086,43.66],[-122.905,44.131],[-122.75,44.362],[-122.717,44.404],[-122.687,44.412],[-122.632,44.398],[-122.601,44.351],[-122.524,44.078],[-122.511,43.946],[-122.436,43.651],[-122.395,43.414],[-122.276,43.255],[-122.26,42.83],[-122.277,42.592],[-122.34,42.48],[-122.371,42.46],[-122.516,42.51],[-122.639,42.607],[-122.731,42.611],[-122.89,42.535],[-122.957,42.528],[-123.005,42.539],[-123.098,42.607]]]}},{"type":"Feature","properties":{"density":1},"geometry":{"type":"Polygon","coordinates":[[[-121.599,49.857],[-121.612,49.928],[-121.681,50.029],[-121.69,50.092],[-121.673,50.146],[-121.672,50.272],[-121.658,50.332],[-121.631,50.37],[-121.457,50.438],[-121.389,50.477],[-121.316,50.559],[-121.231,50.581],[-121.173,50.558],[-120.995,50.425],[-120.971,50.374],[-120.97,50.24],[-121.027,50.113],[-121.151,49.983],[-121.215,49.79],[-121.247,49.628],[-121.324,49.429],[-121.422,49.316],[-121.516,49.334],[-121.572,49.377],[-121.547,49.631],[-121.56,49.754],[-121.599,49.857]]]}},{"type":"Feature","properties":{"density":1},"geometry":{"type":"Polygon","coordinates":[[[-105.036,38.153],[-105.041,38.169],[-105.116,38.196],[-105.205,38.2],[-105.258,38.179],[-105.301,38.089],[-105.249,37.968],[-105.128,37.563],[-105.056,37.51],[-105.016,37.512],[-104.931,37.588],[-104.874,37.717],[-104.843,37.875],[-104.85,37.926],[-104.877,37.966],[-104.96,38.027],[-105.036,38.153]]]}},{"type":"Feature","properties":{"density":1},"geometry":{"type":"Polygon","coordinates":[[[-107.584,38.234],[-107.651,38.192],[-107.752,38.069],[-107.777,38.011],[-107.785,37.903],[-107.774,37.852],[-107.722,37.771],[-107.635,37.767],[-107.456,37.848],[-107.399,37.887],[-107.284,38.028],[-107.274,38.12],[-107.309,38.161],[-107.461,38.245],[-107.535,38.251],[-107.584,38.234]]]}},{"type":"Feature","properties":{"density":1},"geometry":{"type":"Polygon","coordinates":[[[-104.42,56.276],[-104.306,56.276],[-104.2,56.249],[-103.688,56.076],[-103.359,55.898],[-103.295,55.79],[-103.302,55.774],[-103.341,55.763],[-103.409,55.772],[-103.601,55.826],[-104.013,55.985],[-104.415,56.18],[-104.44,56.2],[-104.448,56.231],[-104.448,56.255],[-104.42,56.276]]]}},{"type":"Feature","properties":{"density":1},"geometry":{"type":"Polygon","coordinates":[[[-129.492,69.699],[-128.025,69.57],[-125.97,69.492],[-121.91,69.522],[-120.209,69.313],[-116.287,69.927],[-114.303,70.653],[-112.659,71.04],[-108.716,71.693],[-104.073,71.983],[-100.614,71.959],[-96.091,72.08],[-90.552,71.765],[-88.545,71.814],[-85.642,71.814],[-82.837,71.862],[-79.252,71.668],[-75.961,71.702],[-70.117,71.601],[-65.986,71.601],[-62.393,71.836],[-58.833,72.138],[-55.71,72.205],[-53.057,71.601],[-51.243,71.164],[-50.337,70.224],[-49.128,68.366],[-48.433,65.724],[-48.008,63.821],[-47.224,62.656],[-46.351,62.164],[-44.717,61.559],[-43.889,61.044],[-39.545,59.477],[-38.493,58.94],[-37.552,58.313],[-36.791,57.328],[-36.254,56.186],[-35.94,54.417],[-36.254,53.455],[-36.791,52.223],[-38.493,49.984],[-39.612,49.313],[-41.65,48.663],[-42.724,48.641],[-43.911,49.201],[-44.493,49.828],[-44.493,50.522],[-44.09,51.171],[-43.687,52.223],[-43.53,53.387],[-43.709,54.82],[-44.448,55.828],[-45.747,56.611],[-47.784,57.194],[-49.978,57.597],[-53.202,58.291],[-54.353,58.753],[-55.721,59.466],[-58.576,60.272],[-60.456,60.876],[-63.848,61.279],[-65.695,61.246],[-67.643,61.414],[-69.457,61.414],[-71.304,61.179],[-73.084,60.809],[-73.873,60.762],[-74.701,60.998],[-75.045,61.235],[-75.12,61.557],[-75.367,61.923],[-75.741,63.056],[-76.173,63.712],[-77.158,64.339],[-78.308,64.907],[-79.233,64.996],[-80.427,64.474],[-81.368,63.638],[-82.129,62.683],[-82.43,61.546],[-82.569,60.6],[-82.365,59.633],[-81.457,58.309],[-80.621,57.22],[-79.756,56.548],[-76.666,54.317],[-75.367,53.824],[-73.531,53.219],[-72.121,52.839],[-71.472,52.727],[-68.225,51.809],[-67.106,51.451],[-66.076,51.294],[-64.845,51.204],[-63.792,51.07],[-62.471,50.667],[-60.658,50.331],[-55.344,49.107],[-54.404,48.861],[-52.635,48.525],[-51.784,47.876],[-51.225,47.16],[-50.777,45.928],[-50.687,44.898],[-50.687,43.712],[-50.844,42.727],[-51.09,41.831],[-51.695,40.577],[-52.389,39.391],[-53.038,38.361],[-54.247,37.443],[-55.479,36.771],[-58.232,36.032],[-59.553,35.741],[-61.68,35.338],[-63.359,35.137],[-65.442,34.98],[-67.86,34.89],[-70.255,34.868],[-72.181,35.293],[-76.897,36.264],[-78.711,36.801],[-80.077,37.182],[-81.621,37.786],[-82.562,38.279],[-84.771,38.473],[-86.293,38.234],[-87.89,38.07],[-88.846,37.861],[-90.278,37.622],[-91.01,37.189],[-92.413,36.607],[-92.741,36.413],[-93.084,35.935],[-93.114,35.801],[-93.114,35.443],[-93.025,35.04],[-92.741,34.681],[-92.517,33.95],[-92.502,33.666],[-92.846,32.696],[-93.428,32.622],[-95.622,32.875],[-96.443,33.144],[-97.129,33.532],[-97.637,34.055],[-98.115,34.711],[-98.488,35.383],[-99.04,36.159],[-100.488,37.025],[-101.383,37.338],[-101.921,37.801],[-102.189,38.413],[-102.264,39.07],[-101.988,40.644],[-101.585,41.249],[-101.115,42.055],[-98.421,43.644],[-98.212,43.988],[-98.032,44.54],[-97.988,45.256],[-98.197,45.779],[-98.629,46.227],[-99.212,46.555],[-99.958,46.689],[-100.674,46.645],[-102.771,46.346],[-103.689,46.145],[-105.749,45.182],[-106.6,44.533],[-107.182,43.682],[-107.585,42.585],[-107.426,41.601],[-107.411,41.094],[-107.366,40.497],[-107.351,39.9],[-107.202,39.362],[-106.787,38.845],[-106.648,38.716],[-106.389,38.596],[-106.101,38.487],[-105.643,38.417],[-105.364,38.357],[-105.185,38.288],[-104.966,38.148],[-104.847,37.989],[-104.837,37.86],[-104.966,37.671],[-105.146,37.512],[-105.404,37.382],[-105.772,37.293],[-107.235,36.88],[-107.996,36.924],[-109.004,37.081],[-110.146,37.081],[-110.885,37.26],[-111.892,37.686],[-112.653,38.156],[-113.347,38.85],[-113.862,39.723],[-114.109,41.089],[-114.109,42.074],[-113.728,43.395],[-113.101,44.761],[-112.317,45.97],[-111.131,47.223],[-110.37,47.985],[-109.564,48.589],[-108.623,49.171],[-107.616,49.641],[-105.75,50.029],[-104.966,50.097],[-103.123,50.32],[-102.675,50.335],[-102.153,50.529],[-101.705,50.843],[-101.392,51.291],[-101.242,51.783],[-101.242,52.231],[-101.421,52.634],[-101.795,52.977],[-102.317,53.186],[-103.377,53.35],[-104.332,53.395],[-105.213,53.515],[-106.243,53.619],[-109.586,53.798],[-110.974,53.843],[-112.004,53.955],[-113.146,53.977],[-115.832,53.574],[-117.041,53.171],[-118.049,52.679],[-118.698,52.231],[-119.437,51.694],[-120.064,51.089],[-120.445,50.529],[-120.892,50.104],[-121.43,47.962],[-121.721,45.746],[-121.967,44.044],[-122.236,42.79],[-122.415,41.776],[-122.37,41.254],[-122.34,40.627],[-122.206,38.955],[-122.206,38.403],[-121.833,37.478],[-121.221,36.597],[-120.922,36.134],[-120.713,35.776],[-120.624,35.388],[-120.713,35.015],[-121.489,34.298],[-122.728,33.418],[-123.012,33.03],[-123.698,32.283],[-124.146,31.537],[-124.713,31.0],[-125.99,30.709],[-126.796,30.455],[-128.467,30.306],[-129.288,30.5],[-130.557,31.127],[-131.438,31.873],[-131.841,32.739],[-131.587,33.888],[-131.184,35.455],[-130.617,38.694],[-128.833,43.478],[-128.967,44.149],[-129.303,45.067],[-129.885,45.873],[-130.535,46.075],[-131.632,45.918],[-132.751,45.627],[-134.005,45.202],[-135.035,44.821],[-135.93,44.552],[-137.094,44.441],[-138.057,44.441],[-138.527,44.732],[-138.774,45.582],[-139.072,46.851],[-139.132,47.717],[-139.057,48.314],[-138.744,48.851],[-138.177,49.359],[-136.639,50.627],[-135.953,51.165],[-135.356,51.866],[-135.191,52.493],[-135.177,53.12],[-135.311,53.672],[-135.535,54.001],[-136.49,55.18],[-136.729,55.851],[-136.639,56.389],[-136.191,56.747],[-134.229,57.837],[-133.176,58.508],[-131.788,59.225],[-130.803,59.807],[-130.355,60.613],[-130.288,61.508],[-130.423,62.225],[-131.721,64.135],[-132.333,64.673],[-132.915,65.076],[-133.83,65.587],[-135.291,66.489],[-137.032,67.446],[-137.989,68.166],[-138.666,69.241],[-138.085,69.972],[-136.451,70.466],[-133.54,70.634],[-132.008,70.505],[-130.218,69.892],[-129.492,69.699]]]}},{"type":"Feature","properties":{"density":1},"geometry":{"type":"Polygon","coordinates":[[[-110.914,19.593],[-110.735,20.28],[-110.66,21.205],[-110.362,22.578],[-110.108,23.683],[-109.794,24.489],[-109.302,25.116],[-108.839,25.459],[-108.182,25.578],[-107.406,25.369],[-106.735,24.936],[-105.675,24.16],[-105.153,23.548],[-103.794,20.847],[-102.973,19.697],[-102.108,18.951],[-100.685,18.284],[-99.64,17.886],[-98.675,17.439],[-97.51,17.12],[-96.351,16.842],[-96.157,17.289],[-96.277,17.707],[-96.709,18.454],[-97.262,19.319],[-98.366,20.872],[-98.769,21.528],[-98.978,22.17],[-99.008,22.887],[-98.232,25.111],[-97.978,25.558],[-97.486,25.991],[-96.575,26.424],[-95.963,26.678],[-95.262,26.723],[-94.217,26.529],[-92.038,26.066],[-91.008,26.006],[-88.948,26.17],[-87.112,26.424],[-86.336,26.409],[-85.679,26.285],[-85.311,26.165],[-84.903,25.956],[-84.326,25.688],[-84.017,25.399],[-83.918,25.031],[-83.898,24.603],[-84.027,24.185],[-84.226,23.827],[-85.729,22.762],[-86.336,22.434],[-87.301,21.847],[-88.067,21.24],[-89.042,20.613],[-89.45,20.294],[-89.838,19.906],[-91.132,18.961],[-91.45,18.702],[-91.809,18.374],[-92.048,17.976],[-92.336,17.329],[-92.326,16.782],[-92.157,16.195],[-91.53,15.279],[-91.331,15.031],[-91.003,14.762],[-90.595,14.473],[-90.406,14.145],[-90.406,13.896],[-90.545,13.289],[-90.824,12.782],[-91.222,12.354],[-91.878,12.125],[-92.684,12.026],[-93.411,12.105],[-94.306,12.334],[-95.242,12.583],[-97.202,13.369],[-97.839,13.677],[-98.247,14.125],[-99.65,15.18],[-100.864,15.498],[-101.67,15.747],[-102.237,16.364],[-104.68,18.319],[-105.59,18.842],[-106.71,19.155],[-107.561,19.245],[-108.979,19.26],[-109.77,19.125],[-110.396,19.11],[-110.695,19.14],[-110.902,19.266],[-110.937,19.509],[-110.914,19.593]]]}},{"type":"Feature","properties":{"density":1},"geometry":{"type":"Polygon","coordinates":[[[-123.102,42.625],[-123.173,42.766],[-123.193,42.86],[-123.194,43.157],[-123.141,43.759],[-122.965,44.433],[-122.866,45.015],[-122.606,45.606],[-122.507,45.871],[-122.417,45.942],[-122.309,45.949],[-122.208,45.857],[-122.166,45.696],[-122.18,44.892],[-122.147,44.636],[-122.085,44.437],[-121.981,44.253],[-121.906,44.177],[-121.787,44.192],[-121.654,44.274],[-121.541,44.484],[-121.519,44.63],[-121.522,44.889],[-121.481,45.028],[-121.393,45.16],[-121.285,45.226],[-121.115,45.289],[-120.84,45.213],[-120.523,45.014],[-120.314,44.747],[-120.248,44.523],[-120.311,44.204],[-120.541,43.98],[-121.2,43.656],[-121.441,43.562],[-121.706,43.429],[-122.066,43.125],[-122.383,42.698],[-122.442,42.646],[-122.556,42.581],[-122.701,42.526],[-122.861,42.515],[-123.015,42.562],[-123.102,42.625]]]}},{"type":"Feature","properties":{"density":1},"geometry":{"type":"Polygon","coordinates":[[[-121.561,49.899],[-121.62,50.057],[-121.625,50.145],[-121.734,50.436],[-121.743,50.604],[-121.633,50.904],[-121.5,51.124],[-121.28,51.349],[-120.611,51.803],[-120.401,51.893],[-120.272,51.903],[-120.152,51.85],[-120.128,51.674],[-120.157,51.526],[-120.635,50.479],[-120.942,50.117],[-121.161,49.96],[-121.322,49.818],[-121.382,49.799],[-121.496,49.812],[-121.561,49.899]]]}},{"type":"Feature","properties":{"density":1},"geometry":{"type":"Polygon","coordinates":[[[-78.315,21.311],[-78.487,21.298],[-78.669,21.247],[-78.763,21.19],[-78.746,21.162],[-78.688,21.141],[-78.491,21.147],[-78.274,21.228],[-78.259,21.254],[-78.266,21.281],[-78.278,21.305],[-78.315,21.311]]]}},{"type":"Feature","properties":{"density":1},"geometry":{"type":"Polygon","coordinates":[[[-107.57,38.337],[-107.624,38.388],[-107.792,38.493],[-107.92,38.541],[-107.996,38.522],[-108.076,38.458],[-108.143,38.369],[-108.156,38.292],[-108.124,38.203],[-107.894,37.901],[-107.808,37.824],[-107.659,37.751],[-107.576,37.757],[-107.474,37.812],[-107.194,38.07],[-107.216,38.127],[-107.27,38.178],[-107.531,38.289],[-107.57,38.337]]]}},{"type":"Feature","properties":{"density":2},"geometry":{"type":"Polygon","coordinates":[[[-133.751,67.221],[-134.033,65.715],[-135.258,63.219],[-135.446,62.748],[-136.011,61.76],[-136.435,60.488],[-137.094,58.935],[-137.612,57.569],[-137.753,56.439],[-137.047,54.933],[-136.058,54.038],[-134.081,54.132],[-132.951,54.556],[-132.244,54.368],[-132.103,53.567],[-132.527,52.673],[-132.668,52.013],[-132.291,51.213],[-131.444,51.26],[-129.419,53.379],[-125.417,55.215],[-122.545,56.063],[-118.873,56.816],[-115.765,57.004],[-110.774,56.251],[-107.949,56.063],[-107.478,56.251],[-107.604,56.596],[-108.608,56.91],[-111.339,57.663],[-111.998,58.746],[-111.198,59.876],[-109.597,59.923],[-107.196,58.935],[-102.817,57.616],[-100.086,57.616],[-98.721,57.852],[-97.371,59.107],[-95.896,59.264],[-94.766,58.919],[-93.322,58.417],[-91.188,58.448],[-89.524,59.358],[-88.457,60.394],[-87.798,62.089],[-87.609,63.784],[-88.049,65.04],[-89.618,65.762],[-91.282,65.982],[-92.663,65.573],[-94.892,64.412],[-97.34,63.659],[-100.416,63.376],[-103.649,63.47],[-107.792,64.883],[-111.904,66.515],[-118.276,69.089],[-121.321,70.062],[-124.005,70.706],[-127.913,71.318],[-130.408,71.223],[-131.632,70.988],[-133.045,69.905],[-133.798,68.54],[-133.751,67.221]]]}},{"type":"Feature","properties":{"density":2},"geometry":{"type":"Polygon","coordinates":[[[-88.195,51.321],[-88.191,51.272],[-88.149,51.239],[-87.992,51.164],[-87.864,51.069],[-87.798,51.04],[-87.695,51.028],[-87.707,51.086],[-87.744,51.148],[-87.819,51.21],[-88.013,51.288],[-88.195,51.321]]]}},{"type":"Feature","properties":{"density":2},"geometry":{"type":"Polygon","coordinates":[[[-112.584,40.261],[-112.589,40.219],[-112.551,40.142],[-112.438,40.167],[-112.314,40.228],[-112.286,40.288],[-112.3,40.343],[-112.35,40.393],[-112.446,40.412],[-112.51,40.401],[-112.543,40.379],[-112.584,40.261]]]}},{"type":"Feature","properties":{"density":2},"geometry":{"type":"Polygon","coordinates":[[[-122.983,43.305],[-123.121,43.159],[-123.146,43.074],[-123.168,42.853],[-123.088,42.633],[-123.049,42.578],[-122.923,42.542],[-122.854,42.558],[-122.807,42.597],[-122.749,42.674],[-122.664,42.735],[-122.617,42.801],[-122.564,42.892],[-122.556,43.068],[-122.581,43.142],[-122.749,43.277],[-122.859,43.316],[-122.983,43.305]]]}},{"type":"Feature","properties":{"density":2},"geometry":{"type":"Polygon","coordinates":[[[-96.935,35.688],[-96.952,35.653],[-96.946,35.627],[-96.91,35.607],[-96.814,35.64],[-96.807,35.669],[-96.821,35.684],[-96.935,35.688]]]}},{"type":"Feature","properties":{"density":2},"geometry":{"type":"Polygon","coordinates":[[[-127.468,42.827],[-127.678,42.429],[-127.552,41.969],[-127.238,41.488],[-126.359,41.278],[-125.438,41.676],[-124.56,42.45],[-124.246,43.183],[-123.702,44.062],[-123.43,44.94],[-123.262,45.819],[-122.948,46.614],[-122.048,47.912],[-121.483,48.812],[-120.353,49.816],[-119.077,50.653],[-118.742,51.281],[-119.244,51.93],[-120.165,52.139],[-121.086,52.076],[-122.111,51.323],[-122.634,50.695],[-123.241,49.439],[-123.618,48.77],[-124.79,46.907],[-125.292,46.049],[-126.087,44.564],[-126.548,43.873],[-126.924,43.371],[-127.468,42.827]]]}},{"type":"Feature","properties":{"density":2},"geometry":{"type":"Polygon","coordinates":[[[-72.68,67.881],[-72.809,67.878],[-72.886,67.819],[-72.833,67.733],[-72.694,67.714],[-72.21,67.764],[-71.984,67.852],[-71.039,68.105],[-70.84,68.173],[-70.816,68.241],[-70.896,68.279],[-71.132,68.272],[-71.483,68.232],[-71.744,68.177],[-72.037,68.093],[-72.173,68.019],[-72.522,67.9],[-72.68,67.881]]]}},{"type":"Feature","properties":{"density":2},"geometry":{"type":"Polygon","coordinates":[[[-105.578,56.064],[-106.018,55.813],[-106.01,55.447],[-105.775,55.165],[-105.304,54.741],[-104.927,54.506],[-104.032,54.035],[-102.714,53.611],[-101.728,53.03],[-101.33,52.486],[-101.288,51.879],[-101.665,51.398],[-102.335,50.895],[-103.778,50.31],[-106.387,49.138],[-108.082,47.961],[-110.012,46.737],[-111.165,45.748],[-112.065,44.555],[-112.944,43.048],[-113.216,41.709],[-113.132,40.432],[-112.379,38.361],[-111.521,36.812],[-110.726,35.85],[-109.683,35.296],[-108.215,34.845],[-106.352,34.845],[-105.348,35.536],[-104.574,36.812],[-104.469,37.775],[-105.201,40.223],[-105.097,42.462],[-104.456,44.665],[-101.914,46.549],[-99.844,47.443],[-98.288,47.632],[-96.217,47.773],[-94.522,47.773],[-94.004,47.49],[-94.027,46.92],[-96.405,45.842],[-98.1,44.76],[-98.995,43.771],[-100.179,41.918],[-100.158,40.244],[-99.607,38.686],[-98.9,37.179],[-98.147,35.955],[-97.3,35.296],[-95.369,34.166],[-92.544,33.648],[-90.511,34.134],[-89.201,35.013],[-87.553,36.426],[-86.138,37.67],[-83.669,38.758],[-81.574,39.204],[-79.881,39.365],[-78.06,39.177],[-76.219,38.905],[-74.44,38.612],[-72.327,38.842],[-70.443,39.302],[-69.083,39.763],[-68.016,40.432],[-67.409,41.437],[-66.648,43.065],[-66.837,44.195],[-67.354,45.183],[-68.39,46.36],[-69.238,47.02],[-70.132,47.632],[-71.074,48.197],[-72.11,48.715],[-74.712,49.431],[-77.454,50.1],[-80.114,50.41],[-82.045,50.786],[-83.145,51.063],[-84.022,51.398],[-84.736,51.712],[-86.188,52.387],[-87.318,53.046],[-87.937,53.532],[-89.201,54.27],[-90.49,54.997],[-91.474,55.248],[-92.75,55.541],[-93.608,55.646],[-96.496,55.583],[-97.522,55.604],[-99.701,56.342],[-100.925,56.625],[-102.439,56.629],[-103.109,56.462],[-103.695,56.127],[-104.741,56.001],[-105.578,56.064]]]}},{"type":"Feature","properties":{"density":2},"geometry":{"type":"Polygon","coordinates":[[[-78.232,51.662],[-78.268,51.621],[-78.237,51.593],[-78.08,51.541],[-77.885,51.42],[-77.766,51.389],[-77.692,51.392],[-77.639,51.45],[-77.659,51.521],[-77.714,51.574],[-77.882,51.656],[-78.031,51.69],[-78.232,51.662]]]}},{"type":"Feature","properties":{"density":2},"geometry":{"type":"Polygon","coordinates":[[[-91.463,51.471],[-91.375,51.488],[-91.182,51.493],[-90.728,51.4],[-90.573,51.348],[-90.421,51.289],[-90.258,51.177],[-90.229,51.106],[-90.228,51.045],[-90.302,50.997],[-90.425,50.983],[-90.715,51.051],[-90.853,51.128],[-91.142,51.337],[-91.226,51.373],[-91.493,51.42],[-91.502,51.449],[-91.463,51.471]]]}},{"type":"Feature","properties":{"density":2},"geometry":{"type":"Polygon","coordinates":[[[-92.166,48.393],[-91.975,48.388],[-91.405,48.209],[-91.383,48.219],[-91.367,48.287],[-91.313,48.342],[-91.313,48.373],[-91.413,48.468],[-91.449,48.562],[-91.449,48.604],[-91.424,48.636],[-91.367,48.663],[-91.238,48.696],[-91.113,48.682],[-90.779,48.597],[-90.455,48.478],[-90.213,48.426],[-90.2,48.452],[-90.222,48.476],[-90.518,48.546],[-90.707,48.636],[-90.939,48.808],[-90.993,48.885],[-90.994,48.926],[-90.975,48.959],[-90.942,48.977],[-90.89,48.996],[-90.674,49.005],[-90.498,49.002],[-90.258,48.919],[-90.111,48.837],[-90.012,48.751],[-89.768,48.614],[-89.519,48.561],[-89.167,48.433],[-89.085,48.417],[-88.96,48.452],[-88.925,48.485],[-88.943,48.531],[-89.341,48.774],[-89.551,48.801],[-89.654,48.788],[-89.724,48.797],[-90.046,48.949],[-90.468,49.334],[-90.498,49.371],[-90.5,49.417],[-90.455,49.446],[-90.319,49.475],[-90.255,49.469],[-90.072,49.383],[-89.923,49.335],[-89.864,49.319],[-89.839,49.337],[-89.87,49.394],[-89.938,49.444],[-90.127,49.509],[-90.234,49.565],[-90.468,49.632],[-90.462,49.729],[-90.386,49.779],[-90.367,49.86],[-90.433,49.96],[-90.535,50.027],[-90.591,50.11],[-90.576,50.145],[-90.481,50.225],[-90.444,50.297],[-90.457,50.365],[-90.486,50.417],[-90.724,50.576],[-90.808,50.718],[-90.801,50.75],[-90.777,50.768],[-90.736,50.773],[-90.618,50.743],[-90.368,50.643],[-89.967,50.406],[-89.858,50.363],[-89.762,50.347],[-89.744,50.367],[-89.753,50.394],[-90.044,50.575],[-90.103,50.647],[-90.294,50.809],[-90.452,50.918],[-90.471,50.974],[-90.433,50.985],[-90.296,50.978],[-90.089,50.898],[-89.995,50.878],[-89.93,50.9],[-89.876,50.94],[-89.641,50.999],[-89.311,51.028],[-89.107,51.011],[-88.934,50.945],[-88.773,50.818],[-88.543,50.701],[-88.275,50.595],[-87.457,50.168],[-87.068,49.947],[-86.721,49.788],[-86.509,49.71],[-86.291,49.68],[-86.106,49.675],[-85.027,49.679],[-83.989,49.6],[-83.332,49.476],[-82.559,49.406],[-80.959,49.179],[-80.054,49.067],[-78.988,48.971],[-77.169,48.931],[-75.966,48.703],[-74.645,48.525],[-73.982,48.348],[-73.436,48.279],[-72.264,47.864],[-71.39,47.492],[-71.093,47.337],[-70.584,47.008],[-70.156,46.698],[-69.797,46.5],[-69.53,46.271],[-69.133,45.868],[-68.936,45.642],[-68.74,45.322],[-68.644,44.953],[-68.725,44.477],[-68.914,43.743],[-68.916,43.421],[-69.005,43.126],[-69.244,42.787],[-70.248,41.673],[-70.863,41.031],[-71.053,40.792],[-71.74,40.353],[-72.88,39.944],[-73.538,39.8],[-74.497,39.543],[-75.522,39.18],[-76.22,39.002],[-76.795,38.989],[-78.072,39.208],[-78.502,39.258],[-79.883,39.678],[-80.966,39.971],[-82.297,40.198],[-83.857,40.552],[-84.183,40.639],[-84.754,40.759],[-84.94,40.837],[-85.118,40.949],[-85.217,41.089],[-85.258,41.188],[-85.237,41.391],[-85.155,41.56],[-84.994,41.668],[-84.56,41.854],[-84.279,42.003],[-83.888,42.127],[-83.454,42.195],[-82.728,42.195],[-81.389,42.14],[-80.943,42.158],[-80.416,42.257],[-79.715,42.288],[-79.093,42.495],[-78.444,42.766],[-77.574,42.943],[-76.774,42.974],[-76.272,43.1],[-75.78,43.315],[-75.575,43.679],[-75.588,44.025],[-75.757,44.315],[-76.055,44.493],[-76.369,44.625],[-76.679,44.712],[-77.026,44.749],[-78.713,44.791],[-79.068,44.721],[-79.366,44.642],[-80.432,44.481],[-82.351,44.684],[-84.885,45.535],[-85.786,46.122],[-86.348,46.647],[-87.175,47.114],[-87.621,47.308],[-87.915,47.391],[-88.345,47.366],[-88.87,47.3],[-89.382,47.102],[-89.767,47.06],[-89.977,47.126],[-90.023,47.263],[-90.162,47.376],[-90.382,47.357],[-90.956,47.235],[-91.176,47.23],[-91.22,47.304],[-91.011,47.483],[-90.659,47.731],[-90.698,47.816],[-90.894,47.856],[-91.047,47.85],[-91.558,47.877],[-92.177,48.086],[-92.289,48.152],[-92.311,48.195],[-92.312,48.262],[-92.257,48.347],[-92.166,48.393]]]}},{"type":"Feature","properties":{"density":2},"geometry":{"type":"Polygon","coordinates":[[[-89.714,51.417],[-89.595,51.427],[-89.409,51.395],[-88.773,51.129],[-88.573,50.979],[-88.506,50.908],[-88.478,50.848],[-88.544,50.815],[-88.596,50.819],[-88.914,50.957],[-89.105,51.047],[-89.377,51.226],[-89.743,51.364],[-89.749,51.396],[-89.714,51.417]]]}},{"type":"Feature","properties":{"density":2},"geometry":{"type":"Polygon","coordinates":[[[-88.191,51.312],[-88.055,51.301],[-88.033,51.271],[-88.079,51.262],[-88.194,51.294],[-88.191,51.312]]]}},{"type":"Feature","properties":{"density":2},"geometry":{"type":"Polygon","coordinates":[[[-91.809,49.265],[-91.774,49.262],[-91.652,49.142],[-91.589,48.994],[-91.587,48.922],[-91.634,48.922],[-91.706,48.976],[-91.755,49.041],[-91.858,49.211],[-91.847,49.255],[-91.809,49.265]]]}},{"type":"Feature","properties":{"density":2},"geometry":{"type":"Polygon","coordinates":[[[-92.775,52.203],[-92.73,52.225],[-92.691,52.221],[-92.523,52.181],[-92.509,52.156],[-92.516,52.142],[-92.558,52.144],[-92.759,52.183],[-92.775,52.203]]]}},{"type":"Feature","properties":{"density":2},"geometry":{"type":"Polygon","coordinates":[[[-92.33,51.87],[-91.755,51.901],[-91.243,51.787],[-91.004,51.704],[-91.001,51.662],[-91.02,51.639],[-91.17,51.636],[-91.788,51.76],[-92.326,51.831],[-92.342,51.846],[-92.33,51.87]]]}},{"type":"Feature","properties":{"density":2},"geometry":{"type":"Polygon","coordinates":[[[-96.522,53.161],[-96.266,53.157],[-94.625,53.347],[-94.104,53.558],[-93.616,53.699],[-93.277,54.087],[-93.054,54.211],[-92.578,54.286],[-91.479,54.393],[-90.942,54.377],[-89.739,54.075],[-88.664,53.691],[-88.205,53.364],[-87.775,53.0],[-87.494,52.645],[-87.482,52.244],[-87.564,52.062],[-87.837,51.851],[-88.052,51.723],[-88.404,51.545],[-89.015,51.5],[-89.598,51.665],[-89.921,51.773],[-90.603,51.95],[-90.95,52.095],[-91.239,52.298],[-91.491,52.5],[-91.673,52.579],[-91.921,52.645],[-92.43,52.674],[-92.723,52.62],[-93.699,52.756],[-94.348,52.785],[-94.707,52.74],[-96.261,52.765],[-96.786,52.851],[-96.853,52.926],[-96.853,53.0],[-96.753,53.075],[-96.522,53.161]]]}},{"type":"Feature","properties":{"density":2},"geometry":{"type":"Polygon","coordinates":[[[-78.531,51.687],[-77.985,51.611],[-77.862,51.569],[-77.78,51.565],[-77.625,51.589],[-77.467,51.573],[-77.346,51.507],[-77.293,51.441],[-77.293,51.409],[-77.326,51.382],[-77.5,51.371],[-77.916,51.382],[-78.108,51.407],[-78.533,51.566],[-78.585,51.639],[-78.571,51.673],[-78.531,51.687]]]}},{"type":"Feature","properties":{"density":2},"geometry":{"type":"Polygon","coordinates":[[[-78.643,51.309],[-78.567,51.283],[-78.522,51.221],[-78.524,51.199],[-78.57,51.203],[-78.669,51.267],[-78.68,51.301],[-78.643,51.309]]]}},{"type":"Feature","properties":{"density":2},"geometry":{"type":"Polygon","coordinates":[[[-104.629,55.127],[-104.526,55.14],[-103.872,55.136],[-103.535,55.076],[-103.192,54.992],[-103.084,54.926],[-103.0,54.85],[-102.789,54.747],[-102.666,54.668],[-102.572,54.595],[-102.544,54.554],[-102.541,54.508],[-102.557,54.471],[-102.59,54.455],[-102.764,54.453],[-103.205,54.563],[-103.578,54.693],[-103.767,54.824],[-104.522,55.031],[-104.653,55.05],[-104.663,55.095],[-104.629,55.127]]]}},{"type":"Feature","properties":{"density":2},"geometry":{"type":"Polygon","coordinates":[[[-104.691,54.603],[-104.589,54.602],[-104.097,54.531],[-103.968,54.487],[-103.92,54.432],[-103.986,54.408],[-104.061,54.419],[-104.729,54.573],[-104.716,54.598],[-104.691,54.603]]]}},{"type":"Feature","properties":{"density":2},"geometry":{"type":"Polygon","coordinates":[[[-102.042,55.38],[-101.856,55.374],[-101.555,55.28],[-101.112,55.075],[-100.988,55.048],[-100.868,54.997],[-100.761,54.935],[-100.751,54.898],[-100.791,54.861],[-100.838,54.857],[-101.053,54.879],[-101.62,55.024],[-101.802,55.085],[-102.021,55.185],[-102.168,55.299],[-102.145,55.34],[-102.042,55.38]]]}},{"type":"Feature","properties":{"density":2},"geometry":{"type":"Polygon","coordinates":[[[-98.699,55.44],[-98.579,55.447],[-98.462,55.423],[-98.039,55.289],[-97.941,55.245],[-97.922,55.179],[-97.939,55.163],[-97.983,55.16],[-98.078,55.173],[-98.503,55.296],[-98.714,55.389],[-98.719,55.42],[-98.699,55.44]]]}},{"type":"Feature","properties":{"density":2},"geometry":{"type":"Polygon","coordinates":[[[-103.501,55.599],[-103.451,55.619],[-103.365,55.619],[-103.024,55.567],[-102.733,55.483],[-102.685,55.443],[-102.678,55.403],[-102.726,55.387],[-102.809,55.391],[-103.087,55.442],[-103.313,55.504],[-103.453,55.522],[-103.52,55.557],[-103.521,55.583],[-103.501,55.599]]]}},{"type":"Feature","properties":{"density":2},"geometry":{"type":"Polygon","coordinates":[[[-105.619,55.779],[-105.537,55.801],[-105.092,55.778],[-104.819,55.797],[-104.515,55.781],[-104.328,55.737],[-104.035,55.604],[-103.996,55.573],[-103.992,55.545],[-104.01,55.52],[-104.054,55.506],[-104.281,55.504],[-104.653,55.576],[-104.872,55.581],[-105.196,55.619],[-105.62,55.713],[-105.641,55.729],[-105.644,55.761],[-105.619,55.779]]]}},{"type":"Feature","properties":{"density":2},"geometry":{"type":"Polygon","coordinates":[[[-102.116,54.081],[-101.887,54.033],[-100.9,53.658],[-100.841,53.597],[-100.845,53.549],[-100.903,53.48],[-100.878,53.425],[-100.708,53.335],[-100.527,53.282],[-100.479,53.237],[-100.468,53.097],[-100.502,53.044],[-100.558,53.016],[-100.745,53.015],[-100.852,53.037],[-101.384,53.249],[-101.691,53.422],[-101.906,53.595],[-101.939,53.647],[-101.947,53.74],[-101.925,53.814],[-101.93,53.856],[-102.148,53.992],[-102.201,54.045],[-102.203,54.085],[-102.116,54.081]]]}},{"type":"Feature","properties":{"density":2},"geometry":{"type":"Polygon","coordinates":[[[-102.618,56.052],[-102.082,55.937],[-101.944,55.893],[-101.73,55.762],[-101.7,55.686],[-101.706,55.657],[-101.739,55.649],[-101.893,55.673],[-102.674,55.937],[-102.687,55.947],[-102.683,55.983],[-102.647,56.041],[-102.618,56.052]]]}},{"type":"Feature","properties":{"density":2},"geometry":{"type":"Polygon","coordinates":[[[-102.806,56.387],[-102.722,56.389],[-102.277,56.307],[-102.196,56.277],[-102.169,56.251],[-102.175,56.209],[-102.258,56.169],[-102.33,56.168],[-102.59,56.24],[-102.724,56.254],[-102.908,56.305],[-102.883,56.345],[-102.806,56.387]]]}},{"type":"Feature","properties":{"density":2},"geometry":{"type":"Polygon","coordinates":[[[-123.054,42.594],[-123.13,42.688],[-123.173,42.776],[-123.176,42.926],[-123.077,43.195],[-122.905,43.543],[-122.82,43.563],[-122.723,43.473],[-122.646,43.34],[-122.519,43.17],[-122.462,43.059],[-122.386,42.717],[-122.391,42.599],[-122.446,42.539],[-122.531,42.537],[-122.628,42.658],[-122.732,42.733],[-122.76,42.738],[-122.811,42.71],[-122.903,42.547],[-122.948,42.537],[-123.054,42.594]]]}},{"type":"Feature","properties":{"density":2},"geometry":{"type":"Polygon","coordinates":[[[-105.088,38.145],[-105.024,38.134],[-104.965,38.083],[-104.944,37.848],[-104.905,37.713],[-104.926,37.651],[-104.98,37.651],[-105.095,37.696],[-105.149,37.755],[-105.157,38.04],[-105.141,38.11],[-105.088,38.145]]]}},{"type":"Feature","properties":{"density":2},"geometry":{"type":"Polygon","coordinates":[[[-107.547,38.248],[-107.578,38.35],[-107.572,38.383],[-107.529,38.432],[-107.47,38.446],[-107.41,38.386],[-107.361,38.259],[-107.325,38.242],[-107.256,38.259],[-107.224,38.238],[-107.171,38.093],[-107.153,37.935],[-107.171,37.888],[-107.189,37.872],[-107.268,37.88],[-107.436,37.999],[-107.533,38.129],[-107.547,38.248]]]}},{"type":"Feature","properties":{"density":2},"geometry":{"type":"Polygon","coordinates":[[[-106.446,39.226],[-106.368,39.266],[-106.348,39.227],[-106.355,39.171],[-106.428,39.178],[-106.452,39.2],[-106.446,39.226]]]}},{"type":"Feature","properties":{"density":2},"geometry":{"type":"Polygon","coordinates":[[[-121.492,50.078],[-121.388,50.118],[-121.356,50.073],[-121.283,50.026],[-121.258,49.978],[-121.271,49.942],[-121.348,49.916],[-121.378,49.875],[-121.398,49.792],[-121.389,49.67],[-121.434,49.651],[-121.454,49.67],[-121.483,49.778],[-121.551,49.844],[-121.506,49.922],[-121.579,50.008],[-121.556,50.057],[-121.492,50.078]]]}},{"type":"Feature","properties":{"density":2},"geometry":{"type":"Polygon","coordinates":[[[-122.828,62.939],[-122.767,63.033],[-122.691,63.099],[-122.395,63.266],[-122.272,63.286],[-122.235,63.28],[-122.217,63.255],[-122.228,63.192],[-122.268,63.143],[-122.574,62.992],[-122.753,62.885],[-122.801,62.887],[-122.828,62.939]]]}},{"type":"Feature","properties":{"density":2},"geometry":{"type":"Polygon","coordinates":[[[-119.194,64.201],[-119.163,64.245],[-119.103,64.276],[-118.983,64.283],[-118.737,64.25],[-118.704,64.209],[-118.743,64.183],[-119.115,64.155],[-119.185,64.176],[-119.194,64.201]]]}},{"type":"Feature","properties":{"density":2},"geometry":{"type":"Polygon","coordinates":[[[-120.391,64.44],[-120.341,64.488],[-120.269,64.521],[-119.944,64.576],[-119.493,64.709],[-119.404,64.698],[-119.388,64.672],[-119.407,64.628],[-119.459,64.578],[-119.549,64.527],[-119.679,64.489],[-120.289,64.39],[-120.36,64.398],[-120.388,64.417],[-120.391,64.44]]]}},{"type":"Feature","properties":{"density":2},"geometry":{"type":"Polygon","coordinates":[[[-92.787,34.661],[-92.834,34.634],[-92.834,34.597],[-92.764,34.631],[-92.76,34.649],[-92.787,34.661]]]}},{"type":"Feature","properties":{"density":2},"geometry":{"type":"Polygon","coordinates":[[[-88.749,51.641],[-88.7,51.65],[-88.485,51.629],[-88.008,51.514],[-87.923,51.509],[-87.861,51.547],[-87.733,51.552],[-87.491,51.535],[-87.203,51.486],[-86.785,51.353],[-86.42,51.209],[-86.123,51.125],[-85.984,51.038],[-85.902,50.935],[-85.895,50.878],[-85.909,50.815],[-85.924,50.792],[-85.97,50.773],[-86.531,50.681],[-86.804,50.705],[-86.889,50.742],[-87.052,50.782],[-87.369,50.942],[-87.94,51.138],[-88.43,51.384],[-88.586,51.442],[-88.76,51.532],[-88.795,51.567],[-88.804,51.62],[-88.749,51.641]]]}},{"type":"Feature","properties":{"density":2},"geometry":{"type":"Polygon","coordinates":[[[-87.439,50.446],[-87.384,50.458],[-87.294,50.449],[-87.246,50.428],[-87.218,50.371],[-87.253,50.364],[-87.429,50.405],[-87.439,50.446]]]}},{"type":"Feature","properties":{"density":2},"geometry":{"type":"Polygon","coordinates":[[[-93.015,52.273],[-92.991,52.313],[-92.966,52.324],[-92.872,52.328],[-92.759,52.307],[-92.037,52.104],[-91.876,52.034],[-91.853,51.982],[-91.873,51.956],[-91.928,51.934],[-91.988,51.932],[-92.587,52.08],[-92.993,52.228],[-93.015,52.273]]]}},{"type":"Feature","properties":{"density":2},"geometry":{"type":"Polygon","coordinates":[[[-92.563,51.91],[-92.362,51.908],[-92.128,51.946],[-91.743,51.902],[-91.242,51.782],[-91.007,51.806],[-90.663,51.742],[-90.3,51.639],[-90.166,51.595],[-89.948,51.475],[-89.867,51.453],[-89.687,51.468],[-89.451,51.457],[-89.197,51.406],[-88.643,51.218],[-88.434,51.114],[-87.961,50.925],[-87.614,50.751],[-87.41,50.546],[-87.145,50.389],[-86.921,50.171],[-86.787,50.088],[-86.318,49.901],[-86.089,49.873],[-85.707,49.792],[-85.365,49.694],[-84.327,49.608],[-84.16,49.56],[-83.309,49.395],[-82.642,49.326],[-82.199,49.313],[-80.479,49.087],[-79.807,48.963],[-79.325,48.908],[-79.052,48.85],[-78.762,48.737],[-78.462,48.685],[-78.079,48.522],[-76.752,48.228],[-76.376,48.104],[-76.061,47.976],[-75.466,47.881],[-74.476,47.747],[-74.141,47.809],[-73.156,47.874],[-72.794,47.852],[-72.575,47.798],[-72.401,47.67],[-72.219,47.306],[-71.922,46.951],[-71.318,46.578],[-70.974,46.336],[-70.644,46.001],[-70.322,45.703],[-69.925,45.455],[-69.576,45.3],[-68.968,45.118],[-68.364,45.027],[-68.03,45.006],[-67.736,44.961],[-67.405,44.94],[-67.046,44.957],[-66.299,45.029],[-65.791,44.861],[-65.518,44.694],[-64.978,44.285],[-64.854,44.018],[-64.737,43.696],[-64.724,43.293],[-64.786,42.964],[-64.954,42.567],[-65.964,41.978],[-66.417,41.47],[-66.628,41.191],[-66.901,40.893],[-67.496,40.124],[-67.812,39.814],[-68.384,39.48],[-69.349,39.207],[-70.056,39.054],[-71.023,38.76],[-71.366,38.678],[-74.287,38.167],[-74.938,38.099],[-75.632,38.062],[-77.852,38.003],[-78.652,38.105],[-79.219,38.226],[-80.651,38.654],[-81.795,39.231],[-84.765,40.433],[-85.376,40.636],[-86.67,40.847],[-87.088,40.855],[-87.685,40.755],[-88.251,40.632],[-88.955,40.544],[-89.597,40.57],[-89.799,40.669],[-89.883,40.808],[-89.935,40.968],[-89.927,41.084],[-89.853,41.211],[-89.663,41.31],[-89.426,41.393],[-89.045,41.417],[-88.219,41.608],[-87.91,41.635],[-87.667,41.632],[-87.293,41.685],[-87.028,41.704],[-86.7,41.709],[-86.429,41.765],[-86.195,41.857],[-85.957,41.989],[-85.49,42.336],[-85.281,42.398],[-85.086,42.382],[-84.692,42.426],[-84.361,42.369],[-83.868,42.335],[-83.491,42.091],[-83.334,42.012],[-82.573,41.918],[-82.201,41.959],[-81.825,41.863],[-81.643,41.695],[-81.644,41.525],[-81.867,41.36],[-82.215,41.296],[-82.454,41.175],[-82.482,41.024],[-82.256,40.809],[-81.945,40.641],[-81.642,40.541],[-81.34,40.557],[-81.02,40.521],[-80.789,40.543],[-80.493,40.529],[-80.236,40.575],[-80.013,40.658],[-79.806,40.687],[-79.612,40.682],[-79.426,40.728],[-79.244,40.86],[-79.137,41.133],[-79.087,41.414],[-78.922,41.699],[-78.575,41.943],[-78.249,42.011],[-77.905,41.959],[-77.484,41.925],[-77.187,41.975],[-76.865,42.003],[-76.261,41.985],[-75.983,41.739],[-75.537,41.71],[-75.297,41.875],[-74.968,42.299],[-74.908,42.508],[-74.938,42.833],[-75.092,42.979],[-75.473,43.09],[-76.589,43.248],[-76.961,43.335],[-77.501,43.504],[-78.481,43.649],[-79.332,43.847],[-79.742,43.979],[-80.155,44.091],[-80.572,44.149],[-81.102,44.432],[-81.591,44.63],[-82.534,44.835],[-83.864,45.222],[-84.409,45.328],[-84.936,45.694],[-85.389,45.966],[-85.742,46.202],[-86.575,46.63],[-87.782,46.973],[-88.543,47.109],[-89.737,47.386],[-90.455,47.49],[-90.599,47.534],[-90.962,47.545],[-91.42,47.671],[-91.624,47.705],[-92.062,47.851],[-92.164,47.925],[-92.291,48.09],[-92.291,48.245],[-92.258,48.311],[-92.197,48.366],[-92.145,48.385],[-92.052,48.388],[-91.669,48.288],[-91.462,48.258],[-91.408,48.264],[-91.317,48.332],[-91.335,48.376],[-91.436,48.474],[-91.473,48.544],[-91.48,48.581],[-91.465,48.634],[-91.401,48.681],[-91.249,48.718],[-91.004,48.706],[-90.749,48.639],[-90.736,48.67],[-90.749,48.69],[-90.862,48.743],[-90.989,48.852],[-91.005,48.945],[-90.95,49.018],[-90.833,49.052],[-90.429,49.032],[-90.212,49.04],[-90.2,49.056],[-90.209,49.109],[-90.231,49.138],[-90.408,49.235],[-90.526,49.356],[-90.527,49.391],[-90.475,49.467],[-90.386,49.518],[-90.292,49.505],[-90.049,49.41],[-89.971,49.416],[-89.952,49.446],[-90.001,49.505],[-90.149,49.623],[-90.171,49.696],[-90.187,49.898],[-90.254,50.2],[-90.354,50.333],[-90.715,50.551],[-90.807,50.682],[-90.788,50.746],[-90.669,50.765],[-90.511,50.748],[-90.351,50.706],[-90.184,50.636],[-90.134,50.638],[-90.123,50.678],[-90.156,50.735],[-90.562,50.991],[-90.958,51.134],[-91.32,51.237],[-92.135,51.527],[-92.233,51.576],[-92.284,51.652],[-92.347,51.708],[-92.51,51.774],[-92.592,51.831],[-92.599,51.878],[-92.563,51.91]]]}},{"type":"Feature","properties":{"density":2},"geometry":{"type":"Polygon","coordinates":[[[-78.533,51.7],[-78.079,51.674],[-77.717,51.547],[-77.456,51.561],[-77.231,51.518],[-76.868,51.337],[-76.642,51.293],[-76.492,51.227],[-76.073,51.133],[-75.738,51.019],[-75.336,50.95],[-75.231,50.889],[-75.158,50.815],[-75.156,50.729],[-75.2,50.667],[-75.288,50.624],[-75.422,50.601],[-75.689,50.599],[-76.293,50.698],[-76.514,50.792],[-77.282,50.981],[-77.542,51.003],[-77.827,50.992],[-78.094,51.054],[-78.179,51.095],[-78.399,51.295],[-78.52,51.475],[-78.595,51.618],[-78.589,51.675],[-78.533,51.7]]]}},{"type":"Feature","properties":{"density":2},"geometry":{"type":"Polygon","coordinates":[[[-78.583,51.309],[-78.045,51.049],[-77.876,50.937],[-77.706,50.885],[-77.685,50.866],[-77.677,50.81],[-77.717,50.776],[-77.805,50.781],[-78.097,50.871],[-78.257,50.937],[-78.355,50.995],[-78.522,51.141],[-78.617,51.201],[-78.698,51.297],[-78.694,51.313],[-78.658,51.321],[-78.583,51.309]]]}},{"type":"Feature","properties":{"density":2},"geometry":{"type":"Polygon","coordinates":[[[-90.28,53.461],[-89.873,53.529],[-89.795,53.582],[-89.76,53.687],[-89.671,53.753],[-89.536,53.794],[-89.206,53.811],[-89.018,53.78],[-88.398,53.56],[-87.756,53.427],[-87.417,53.378],[-86.72,53.226],[-85.944,53.022],[-85.667,52.931],[-85.155,52.704],[-84.925,52.586],[-84.839,52.459],[-84.812,52.384],[-84.812,52.332],[-84.889,52.068],[-84.889,51.944],[-84.837,51.861],[-84.762,51.795],[-84.608,51.605],[-84.583,51.525],[-84.608,51.442],[-84.671,51.412],[-84.804,51.406],[-85.148,51.442],[-85.289,51.442],[-85.706,51.295],[-85.907,51.137],[-85.902,51.085],[-85.805,50.821],[-85.8,50.763],[-85.827,50.699],[-85.91,50.658],[-86.175,50.628],[-86.536,50.633],[-86.852,50.698],[-87.286,50.841],[-88.138,51.214],[-88.351,51.28],[-88.75,51.492],[-89.248,51.619],[-89.438,51.713],[-89.6,51.82],[-89.802,52.126],[-89.918,52.266],[-90.013,52.357],[-90.207,52.444],[-90.426,52.457],[-90.691,52.39],[-90.95,52.297],[-91.267,52.145],[-91.352,52.142],[-91.509,52.247],[-91.597,52.379],[-91.732,52.48],[-91.924,52.569],[-91.98,52.638],[-91.976,52.695],[-91.932,52.738],[-91.449,52.892],[-91.283,52.907],[-91.147,52.943],[-90.899,53.079],[-90.78,53.195],[-90.55,53.371],[-90.473,53.416],[-90.28,53.461]]]}},{"type":"Feature","properties":{"density":2},"geometry":{"type":"Polygon","coordinates":[[[-95.461,53.631],[-95.41,53.642],[-94.846,53.557],[-94.716,53.489],[-94.694,53.439],[-94.784,53.419],[-95.015,53.437],[-95.469,53.584],[-95.478,53.606],[-95.461,53.631]]]}},{"type":"Feature","properties":{"density":2},"geometry":{"type":"Polygon","coordinates":[[[-91.82,49.283],[-91.727,49.279],[-91.658,49.25],[-91.481,49.159],[-91.423,49.113],[-91.123,48.824],[-91.084,48.775],[-91.07,48.679],[-91.106,48.652],[-91.277,48.653],[-91.4,48.732],[-91.865,49.233],[-91.855,49.279],[-91.82,49.283]]]}},{"type":"Feature","properties":{"density":2},"geometry":{"type":"Polygon","coordinates":[[[-104.654,55.115],[-104.574,55.139],[-104.487,55.143],[-104.106,55.076],[-103.839,55.047],[-103.624,55.086],[-103.46,55.094],[-101.594,54.746],[-101.407,54.667],[-101.361,54.628],[-101.269,54.457],[-101.206,54.378],[-101.206,54.297],[-101.3,54.207],[-101.467,54.214],[-102.141,54.347],[-102.305,54.406],[-102.62,54.481],[-103.127,54.516],[-103.629,54.579],[-104.126,54.735],[-104.419,54.896],[-104.545,55.013],[-104.674,55.042],[-104.685,55.087],[-104.654,55.115]]]}},{"type":"Feature","properties":{"density":2},"geometry":{"type":"Polygon","coordinates":[[[-104.734,54.62],[-104.608,54.636],[-104.145,54.567],[-103.433,54.401],[-103.336,54.341],[-103.31,54.289],[-103.31,54.239],[-103.371,54.164],[-103.43,54.151],[-103.6,54.161],[-103.842,54.205],[-104.122,54.314],[-104.326,54.423],[-104.449,54.464],[-104.732,54.519],[-104.766,54.566],[-104.734,54.62]]]}},{"type":"Feature","properties":{"density":2},"geometry":{"type":"Polygon","coordinates":[[[-102.774,56.422],[-102.322,56.356],[-101.755,56.224],[-101.6,56.178],[-101.569,56.103],[-101.645,56.032],[-101.858,56.049],[-102.583,56.196],[-102.872,56.273],[-102.913,56.301],[-102.912,56.337],[-102.875,56.384],[-102.818,56.418],[-102.774,56.422]]]}},{"type":"Feature","properties":{"density":2},"geometry":{"type":"Polygon","coordinates":[[[-102.634,56.072],[-102.002,55.979],[-101.087,55.766],[-100.99,55.722],[-100.936,55.675],[-100.935,55.615],[-100.946,55.584],[-100.984,55.556],[-101.134,55.52],[-101.309,55.531],[-101.426,55.561],[-102.373,55.859],[-102.663,55.927],[-102.731,55.968],[-102.741,55.994],[-102.723,56.031],[-102.634,56.072]]]}},{"type":"Feature","properties":{"density":2},"geometry":{"type":"Polygon","coordinates":[[[-105.604,55.799],[-105.553,55.822],[-105.472,55.823],[-105.008,55.788],[-104.918,55.763],[-104.257,55.748],[-104.033,55.719],[-103.875,55.721],[-103.704,55.752],[-101.986,55.554],[-101.883,55.511],[-101.696,55.477],[-101.255,55.402],[-101.06,55.388],[-100.82,55.289],[-100.649,55.239],[-100.025,54.945],[-99.832,54.817],[-99.729,54.695],[-99.692,54.613],[-99.71,54.58],[-99.742,54.565],[-100.014,54.546],[-100.419,54.601],[-101.463,54.934],[-101.692,54.986],[-102.154,55.125],[-102.587,55.177],[-103.204,55.201],[-103.384,55.195],[-103.594,55.148],[-103.77,55.065],[-104.002,55.065],[-104.393,55.176],[-104.875,55.337],[-105.373,55.536],[-105.645,55.699],[-105.653,55.761],[-105.604,55.799]]]}},{"type":"Feature","properties":{"density":2},"geometry":{"type":"Polygon","coordinates":[[[-98.699,55.448],[-98.586,55.459],[-98.46,55.438],[-98.137,55.332],[-97.81,55.169],[-97.793,55.095],[-97.823,55.048],[-97.858,55.035],[-98.018,55.01],[-98.144,55.022],[-98.241,55.076],[-98.318,55.157],[-98.441,55.251],[-98.584,55.337],[-98.728,55.399],[-98.699,55.448]]]}},{"type":"Feature","properties":{"density":2},"geometry":{"type":"Polygon","coordinates":[[[-123.057,42.589],[-123.114,42.688],[-123.15,42.827],[-123.15,43.085],[-123.135,43.187],[-123.033,43.543],[-122.87,43.864],[-122.822,44.015],[-122.739,44.122],[-122.704,44.125],[-122.657,44.072],[-122.647,43.888],[-122.662,43.802],[-122.64,43.603],[-122.655,43.348],[-122.625,43.173],[-122.593,43.124],[-122.401,43.131],[-122.375,43.103],[-122.38,43.054],[-122.642,42.819],[-122.778,42.72],[-122.868,42.576],[-122.965,42.554],[-123.057,42.589]]]}},{"type":"Feature","properties":{"density":2},"geometry":{"type":"Polygon","coordinates":[[[-121.51,49.856],[-121.568,49.991],[-121.592,50.141],[-121.563,50.211],[-121.526,50.226],[-121.399,50.192],[-121.367,50.074],[-121.363,49.96],[-121.411,49.812],[-121.459,49.806],[-121.51,49.856]]]}},{"type":"Feature","properties":{"density":2},"geometry":{"type":"Polygon","coordinates":[[[-105.063,38.141],[-105.172,38.142],[-105.197,38.128],[-105.216,38.084],[-105.2,38.06],[-105.161,38.055],[-105.092,38.075],[-105.049,38.11],[-105.045,38.127],[-105.063,38.141]]]}},{"type":"Feature","properties":{"density":2},"geometry":{"type":"Polygon","coordinates":[[[-105.0,38.004],[-105.068,37.986],[-105.087,37.966],[-105.096,37.933],[-105.082,37.908],[-105.023,37.919],[-104.978,37.959],[-104.975,37.987],[-105.0,38.004]]]}},{"type":"Feature","properties":{"density":2},"geometry":{"type":"Polygon","coordinates":[[[-107.572,38.225],[-107.52,38.249],[-107.474,38.234],[-107.333,38.154],[-107.304,38.122],[-107.284,38.05],[-107.3,37.991],[-107.367,37.918],[-107.43,37.907],[-107.494,37.917],[-107.554,37.953],[-107.583,37.997],[-107.604,38.103],[-107.605,38.185],[-107.572,38.225]]]}},{"type":"Feature","properties":{"density":2},"geometry":{"type":"Polygon","coordinates":[[[-121.383,62.101],[-121.344,62.217],[-121.311,62.266],[-121.249,62.315],[-121.209,62.305],[-121.299,62.1],[-121.369,62.083],[-121.383,62.101]]]}},{"type":"Feature","properties":{"density":2},"geometry":{"type":"Polygon","coordinates":[[[-98.72,55.458],[-98.661,55.474],[-98.492,55.464],[-98.317,55.434],[-97.676,55.258],[-97.534,55.242],[-97.167,55.126],[-96.546,54.967],[-96.424,54.918],[-96.361,54.861],[-96.288,54.727],[-96.286,54.662],[-96.314,54.613],[-96.367,54.585],[-96.795,54.582],[-97.027,54.621],[-97.369,54.737],[-97.796,54.835],[-98.061,54.959],[-98.383,55.199],[-98.71,55.367],[-98.736,55.397],[-98.72,55.458]]]}},{"type":"Feature","properties":{"density":2},"geometry":{"type":"Polygon","coordinates":[[[-95.438,53.63],[-95.183,53.638],[-94.607,53.502],[-93.437,53.273],[-92.853,53.095],[-92.801,53.064],[-92.75,53.007],[-92.737,52.889],[-92.815,52.816],[-92.902,52.795],[-93.041,52.783],[-93.187,52.795],[-93.823,52.986],[-95.048,53.43],[-95.435,53.547],[-95.479,53.581],[-95.479,53.607],[-95.438,53.63]]]}},{"type":"Feature","properties":{"density":2},"geometry":{"type":"Polygon","coordinates":[[[-104.375,56.259],[-104.245,56.226],[-103.701,56.011],[-103.647,55.976],[-103.611,55.924],[-103.625,55.91],[-103.68,55.908],[-103.767,55.922],[-103.927,55.976],[-104.234,56.136],[-104.432,56.207],[-104.42,56.24],[-104.375,56.259]]]}},{"type":"Feature","properties":{"density":2},"geometry":{"type":"Polygon","coordinates":[[[-114.551,65.878],[-114.507,65.95],[-114.404,66.024],[-114.321,66.029],[-114.292,66.013],[-114.262,65.966],[-114.26,65.925],[-114.273,65.917],[-114.374,65.902],[-114.501,65.844],[-114.535,65.849],[-114.551,65.878]]]}},{"type":"Feature","properties":{"density":2},"geometry":{"type":"Polygon","coordinates":[[[-114.019,65.804],[-113.973,65.911],[-113.923,65.951],[-113.837,65.953],[-113.773,65.898],[-113.805,65.855],[-113.873,65.845],[-113.997,65.793],[-114.019,65.804]]]}},{"type":"Feature","properties":{"density":2},"geometry":{"type":"Polygon","coordinates":[[[-116.301,58.389],[-116.739,58.316],[-117.907,57.905],[-118.285,57.845],[-118.776,57.706],[-119.366,57.706],[-120.162,57.812],[-120.7,57.965],[-121.098,58.098],[-121.522,58.204],[-122.086,58.376],[-122.872,58.695],[-123.31,58.787],[-124.418,58.9],[-125.174,59.093],[-125.313,59.219],[-125.26,59.424],[-125.081,59.703],[-124.716,59.869],[-124.206,60.001],[-122.839,60.519],[-122.521,60.618],[-122.401,60.751],[-122.428,60.977],[-122.487,61.156],[-122.6,61.348],[-122.998,61.839],[-123.317,62.118],[-123.615,62.343],[-124.395,62.751],[-124.693,63.017],[-125.277,63.713],[-125.429,64.065],[-126.365,64.597],[-126.738,65.03],[-126.842,65.731],[-126.589,66.328],[-125.723,67.731],[-125.29,68.09],[-124.842,68.358],[-124.275,68.552],[-123.126,68.761],[-120.932,68.746],[-118.156,68.299],[-117.245,68.134],[-116.066,67.881],[-115.17,67.642],[-114.29,67.314],[-113.588,66.985],[-112.976,66.672],[-110.177,65.526],[-108.515,64.959],[-107.958,64.62],[-106.565,63.954],[-103.748,62.838],[-102.627,62.321],[-101.586,62.089],[-100.556,61.647],[-99.79,61.13],[-98.675,60.702],[-97.428,59.854],[-96.099,59.645],[-95.099,59.54],[-93.592,59.928],[-92.373,60.137],[-90.671,60.665],[-90.074,60.943],[-89.596,61.232],[-89.278,61.471],[-89.129,61.73],[-89.059,62.018],[-89.129,62.486],[-89.079,62.735],[-88.97,63.103],[-88.741,63.431],[-88.432,63.65],[-87.756,63.939],[-86.8,64.008],[-84.959,64.317],[-83.653,64.41],[-83.063,64.218],[-83.063,63.356],[-83.182,62.447],[-83.487,60.839],[-83.58,60.417],[-83.62,59.74],[-83.61,59.133],[-84.038,58.735],[-84.516,58.576],[-85.292,58.178],[-85.799,57.78],[-86.496,57.282],[-86.794,56.795],[-87.232,56.317],[-87.561,55.929],[-88.061,55.415],[-89.574,55.325],[-90.878,55.614],[-92.542,55.304],[-94.792,55.256],[-95.817,55.296],[-96.593,55.415],[-99.618,56.034],[-100.325,56.194],[-100.743,56.333],[-101.539,56.661],[-101.917,56.85],[-102.335,57.139],[-102.912,57.398],[-104.663,57.865],[-105.469,57.975],[-106.027,57.975],[-106.768,58.238],[-107.385,59.054],[-107.831,59.315],[-108.421,59.414],[-109.231,59.408],[-110.352,59.156],[-110.8,59.086],[-111.586,58.887],[-112.431,58.817],[-113.257,58.778],[-114.78,58.638],[-116.301,58.389]]]}},{"type":"Feature","properties":{"density":2},"geometry":{"type":"Polygon","coordinates":[[[-105.465,55.876],[-104.96,55.885],[-103.713,55.653],[-103.403,55.659],[-102.711,55.564],[-102.665,55.578],[-102.635,55.614],[-102.649,55.662],[-102.789,55.797],[-103.052,56.009],[-103.186,56.093],[-103.222,56.135],[-103.188,56.225],[-103.122,56.28],[-102.953,56.221],[-102.919,56.223],[-102.919,56.392],[-102.871,56.454],[-102.565,56.432],[-101.325,56.069],[-100.59,55.916],[-100.112,55.844],[-99.743,55.754],[-99.26,55.582],[-98.646,55.531],[-97.937,55.394],[-97.473,55.376],[-96.619,55.093],[-95.884,54.791],[-95.519,54.67],[-94.257,54.446],[-93.831,54.294],[-92.887,54.122],[-92.289,54.051],[-91.376,53.858],[-89.915,53.544],[-89.032,53.31],[-88.383,53.158],[-86.09,52.407],[-84.359,52.029],[-83.372,51.758],[-82.513,51.501],[-82.107,51.244],[-81.667,50.913],[-81.545,50.73],[-81.39,50.439],[-81.336,50.297],[-81.309,50.061],[-81.37,49.837],[-81.302,49.668],[-81.201,49.594],[-81.004,49.553],[-80.139,49.446],[-79.875,49.453],[-79.523,49.615],[-79.226,49.703],[-78.971,49.951],[-78.722,50.085],[-78.256,50.055],[-77.116,49.893],[-75.908,49.822],[-75.165,49.612],[-75.016,49.504],[-74.88,49.308],[-73.954,48.638],[-73.69,48.334],[-73.453,48.144],[-72.475,47.874],[-72.254,47.847],[-71.736,47.838],[-71.204,47.892],[-70.421,48.313],[-70.056,48.408],[-69.738,48.449],[-68.151,48.055],[-66.446,47.75],[-65.472,47.644],[-64.362,47.431],[-63.783,47.218],[-62.688,46.898],[-62.049,46.518],[-61.516,46.031],[-61.06,45.346],[-60.801,44.783],[-60.755,43.946],[-60.999,42.881],[-61.425,41.892],[-61.942,41.146],[-63.768,39.594],[-64.62,39.077],[-65.107,38.925],[-65.868,38.529],[-66.659,37.814],[-67.527,37.296],[-68.409,36.794],[-69.383,36.505],[-70.494,36.277],[-71.818,36.262],[-73.218,36.338],[-75.363,36.581],[-76.763,36.809],[-77.917,37.203],[-78.485,37.312],[-80.493,37.744],[-81.217,38.049],[-82.495,38.63],[-83.476,38.874],[-84.443,39.428],[-84.842,39.618],[-85.085,39.712],[-85.302,39.726],[-85.539,39.679],[-86.025,39.449],[-86.296,39.3],[-86.58,39.192],[-86.824,39.185],[-87.026,39.286],[-87.1,39.52],[-87.166,39.598],[-87.295,39.646],[-87.506,39.64],[-88.179,39.478],[-88.489,39.421],[-88.913,39.376],[-89.237,39.367],[-90.053,39.412],[-90.896,39.326],[-91.171,39.367],[-91.302,39.416],[-91.46,39.556],[-91.609,39.66],[-91.744,39.691],[-91.969,39.678],[-92.141,39.583],[-92.254,39.461],[-92.299,39.335],[-92.384,39.236],[-92.547,39.177],[-92.939,39.096],[-93.327,39.069],[-93.543,39.132],[-93.872,39.52],[-93.989,39.795],[-93.958,40.061],[-93.728,40.417],[-93.554,40.742],[-93.379,41.118],[-93.202,41.385],[-92.97,41.394],[-92.441,41.349],[-91.63,41.184],[-91.064,41.251],[-90.449,41.278],[-89.197,41.387],[-88.433,41.488],[-87.783,41.632],[-87.269,42.01],[-86.302,42.349],[-85.707,42.45],[-84.794,42.687],[-83.888,42.822],[-81.084,42.788],[-80.476,42.714],[-79.193,42.459],[-78.097,42.333],[-77.867,42.157],[-77.678,41.571],[-77.71,40.832],[-77.313,40.57],[-76.785,40.507],[-76.177,40.624],[-75.711,41.02],[-75.806,41.371],[-76.029,41.601],[-76.996,42.068],[-77.645,42.42],[-78.396,42.913],[-79.62,43.887],[-80.675,44.367],[-81.013,44.428],[-81.426,44.469],[-82.467,44.381],[-83.035,44.509],[-83.529,44.712],[-84.212,45.206],[-85.091,45.639],[-86.261,46.335],[-87.107,46.728],[-87.702,46.89],[-88.801,46.904],[-89.112,46.856],[-89.599,46.741],[-90.194,46.667],[-90.722,46.768],[-91.591,47.265],[-92.358,47.624],[-92.967,48.09],[-93.109,48.324],[-93.139,48.628],[-93.048,48.932],[-92.866,49.156],[-92.602,49.359],[-92.326,50.047],[-92.326,50.443],[-92.6,50.838],[-92.98,51.051],[-93.65,51.158],[-94.289,51.203],[-94.989,51.188],[-95.902,51.31],[-96.708,51.31],[-98.276,51.675],[-98.96,52.025],[-99.508,52.405],[-100.315,52.771],[-101.334,53.029],[-102.186,53.182],[-102.978,53.364],[-103.254,53.703],[-103.647,53.91],[-103.985,54.041],[-104.753,54.498],[-104.771,54.593],[-104.721,54.674],[-104.406,54.696],[-104.117,54.62],[-103.777,54.451],[-103.717,54.463],[-103.714,54.511],[-103.75,54.578],[-104.072,54.779],[-104.267,54.833],[-104.352,54.89],[-104.64,55.004],[-104.691,55.052],[-104.712,55.101],[-104.706,55.134],[-104.658,55.17],[-104.643,55.203],[-104.682,55.257],[-105.049,55.359],[-105.358,55.494],[-105.496,55.567],[-105.678,55.704],[-105.692,55.754],[-105.678,55.802],[-105.618,55.846],[-105.465,55.876]]]}},{"type":"Feature","properties":{"density":2},"geometry":{"type":"Polygon","coordinates":[[[-78.259,51.704],[-78.144,51.704],[-78.008,51.664],[-77.707,51.503],[-77.495,51.409],[-76.884,51.257],[-75.921,51.15],[-75.594,51.083],[-75.01,51.013],[-74.74,50.946],[-74.422,50.915],[-74.081,50.823],[-73.882,50.747],[-73.537,50.659],[-73.334,50.579],[-73.108,50.385],[-72.667,50.1],[-72.494,49.947],[-72.348,49.655],[-72.37,49.562],[-72.476,49.447],[-72.822,49.411],[-73.329,49.443],[-73.798,49.536],[-74.4,49.567],[-76.385,49.735],[-76.823,49.823],[-77.128,50.0],[-77.372,50.221],[-77.606,50.478],[-77.765,50.699],[-78.087,50.976],[-78.201,51.037],[-78.339,51.145],[-78.433,51.242],[-78.601,51.578],[-78.601,51.698],[-78.514,51.719],[-78.259,51.704]]]}},{"type":"Feature","properties":{"density":2},"geometry":{"type":"Polygon","coordinates":[[[-105.091,38.105],[-105.201,38.136],[-105.416,38.158],[-105.543,38.159],[-105.602,38.142],[-105.623,38.112],[-105.621,38.075],[-105.518,37.943],[-105.374,37.876],[-105.21,37.857],[-105.076,37.887],[-105.007,37.933],[-105.074,38.032],[-105.091,38.105]]]}},{"type":"Feature","properties":{"density":2},"geometry":{"type":"Polygon","coordinates":[[[-121.509,49.877],[-121.588,50.065],[-121.593,50.196],[-121.379,50.369],[-121.173,50.483],[-121.029,50.541],[-120.895,50.674],[-120.84,50.687],[-120.791,50.664],[-120.729,50.58],[-120.74,50.454],[-120.809,50.326],[-120.932,50.185],[-121.001,50.119],[-121.322,49.891],[-121.446,49.838],[-121.496,49.843],[-121.509,49.877]]]}},{"type":"Feature","properties":{"density":2},"geometry":{"type":"Polygon","coordinates":[[[-123.045,42.633],[-123.013,42.763],[-123.022,42.835],[-123.069,42.963],[-123.068,43.068],[-123.026,43.19],[-122.99,43.392],[-122.847,43.71],[-122.798,43.712],[-122.647,43.637],[-122.44,43.604],[-122.346,43.559],[-122.296,43.49],[-122.247,43.072],[-122.271,42.962],[-122.335,42.841],[-122.456,42.74],[-122.559,42.676],[-122.658,42.638],[-122.941,42.583],[-123.016,42.589],[-123.049,42.606],[-123.045,42.633]]]}},{"type":"Feature","properties":{"density":3},"geometry":{"type":"Polygon","coordinates":[[[-127.713,66.71],[-127.87,65.957],[-127.902,65.266],[-127.368,64.293],[-126.678,64.074],[-126.05,63.697],[-125.924,63.038],[-125.896,62.494],[-125.422,62.002],[-124.854,61.849],[-124.139,61.527],[-123.951,60.962],[-124.167,60.59],[-124.7,60.244],[-125.579,60.433],[-126.395,60.495],[-127.337,60.087],[-127.462,59.679],[-127.211,59.397],[-125.987,59.271],[-125.108,58.957],[-124.527,58.73],[-123.382,58.581],[-122.974,58.581],[-122.409,58.549],[-121.449,58.395],[-120.745,58.549],[-120.117,58.486],[-119.617,58.023],[-119.176,57.859],[-118.046,57.796],[-117.198,57.984],[-116.064,58.305],[-115.214,58.311],[-114.756,58.615],[-114.377,59.7],[-114.055,60.035],[-113.534,60.01],[-112.573,59.719],[-111.517,59.773],[-110.45,60.087],[-109.728,60.401],[-108.535,60.684],[-107.625,60.809],[-106.683,60.998],[-106.118,61.751],[-106.024,62.441],[-106.495,63.163],[-107.154,63.509],[-108.127,63.791],[-109.163,63.791],[-110.23,63.666],[-112.082,64.011],[-112.951,64.501],[-114.018,65.024],[-114.792,65.464],[-115.734,65.966],[-116.508,66.334],[-117.512,66.742],[-119.364,67.401],[-121.498,68.06],[-123.099,68.405],[-124.104,68.468],[-125.924,68.186],[-127.243,67.558],[-127.431,67.244],[-127.713,66.71]]]}},{"type":"Feature","properties":{"density":3},"geometry":{"type":"Polygon","coordinates":[[[-105.589,55.781],[-105.626,55.752],[-105.63,55.719],[-105.477,55.69],[-105.336,55.636],[-104.803,55.504],[-104.667,55.487],[-104.588,55.495],[-104.526,55.549],[-104.522,55.619],[-104.559,55.69],[-104.712,55.739],[-105.031,55.776],[-105.299,55.776],[-105.518,55.797],[-105.589,55.781]]]}},{"type":"Feature","properties":{"density":3},"geometry":{"type":"Polygon","coordinates":[[[-101.491,53.32],[-101.075,53.238],[-100.967,53.262],[-100.898,53.317],[-100.954,53.408],[-101.044,53.496],[-101.79,54.003],[-102.283,54.277],[-102.552,54.408],[-102.709,54.472],[-103.067,54.656],[-103.799,54.954],[-104.018,55.065],[-104.233,55.115],[-104.506,55.122],[-104.552,55.094],[-104.566,55.056],[-104.39,55.017],[-103.976,54.846],[-103.756,54.742],[-103.593,54.631],[-103.026,54.381],[-102.532,54.086],[-102.151,53.769],[-101.914,53.544],[-101.731,53.427],[-101.491,53.32]]]}},{"type":"Feature","properties":{"density":3},"geometry":{"type":"Polygon","coordinates":[[[-104.642,54.608],[-104.679,54.593],[-104.674,54.569],[-104.371,54.487],[-104.01,54.415],[-103.982,54.456],[-104.01,54.516],[-104.078,54.55],[-104.642,54.608]]]}},{"type":"Feature","properties":{"density":3},"geometry":{"type":"Polygon","coordinates":[[[-103.542,55.485],[-103.56,55.476],[-103.555,55.448],[-103.393,55.419],[-103.255,55.365],[-103.239,55.382],[-103.239,55.4],[-103.316,55.441],[-103.518,55.496],[-103.542,55.485]]]}},{"type":"Feature","properties":{"density":3},"geometry":{"type":"Polygon","coordinates":[[[-103.453,55.604],[-103.491,55.593],[-103.467,55.546],[-103.04,55.35],[-102.905,55.327],[-102.868,55.343],[-102.855,55.381],[-102.874,55.422],[-102.943,55.499],[-103.171,55.563],[-103.453,55.604]]]}},{"type":"Feature","properties":{"density":3},"geometry":{"type":"Polygon","coordinates":[[[-102.736,56.057],[-102.772,56.056],[-102.772,56.022],[-102.64,55.931],[-102.285,55.793],[-102.026,55.73],[-101.815,55.706],[-101.732,55.708],[-101.69,55.728],[-101.672,55.789],[-101.705,55.842],[-101.793,55.886],[-102.238,55.96],[-102.487,56.035],[-102.736,56.057]]]}},{"type":"Feature","properties":{"density":3},"geometry":{"type":"Polygon","coordinates":[[[-102.851,56.338],[-102.879,56.334],[-102.901,56.309],[-102.894,56.291],[-102.539,56.179],[-102.238,56.134],[-102.067,56.144],[-102.078,56.175],[-102.252,56.245],[-102.772,56.401],[-102.824,56.381],[-102.818,56.357],[-102.851,56.338]]]}},{"type":"Feature","properties":{"density":3},"geometry":{"type":"Polygon","coordinates":[[[-102.159,55.334],[-102.162,55.299],[-102.077,55.262],[-102.021,55.205],[-101.958,55.168],[-101.89,55.146],[-101.257,55.02],[-100.73,54.875],[-100.661,54.888],[-100.604,54.935],[-100.609,55.026],[-100.747,55.145],[-100.865,55.214],[-101.133,55.304],[-101.709,55.323],[-102.065,55.374],[-102.138,55.365],[-102.159,55.334]]]}},{"type":"Feature","properties":{"density":3},"geometry":{"type":"Polygon","coordinates":[[[-98.616,55.439],[-98.652,55.439],[-98.641,55.395],[-98.613,55.378],[-98.52,55.362],[-98.335,55.262],[-98.12,55.174],[-97.996,55.169],[-97.963,55.191],[-97.966,55.243],[-97.991,55.268],[-98.164,55.373],[-98.462,55.447],[-98.616,55.439]]]}},{"type":"Feature","properties":{"density":3},"geometry":{"type":"Polygon","coordinates":[[[-97.858,53.744],[-98.025,53.66],[-98.095,53.479],[-97.872,53.27],[-96.965,53.242],[-95.207,53.061],[-94.677,53.033],[-94.189,52.782],[-94.063,52.516],[-93.91,51.777],[-93.687,51.568],[-93.394,51.372],[-93.101,51.233],[-92.473,51.107],[-91.622,51.038],[-90.743,51.149],[-89.794,51.442],[-88.748,51.931],[-88.539,52.196],[-88.162,52.614],[-88.134,52.963],[-88.218,53.493],[-88.734,53.981],[-89.236,54.288],[-89.878,54.414],[-90.478,54.651],[-91.106,54.749],[-92.696,54.874],[-94.454,54.79],[-95.179,54.651],[-95.793,54.511],[-96.505,54.288],[-97.858,53.744]]]}},{"type":"Feature","properties":{"density":3},"geometry":{"type":"Polygon","coordinates":[[[-87.904,42.333],[-88.092,42.144],[-88.092,41.893],[-87.716,41.359],[-86.115,40.889],[-85.142,40.763],[-83.572,40.606],[-81.218,40.449],[-78.958,40.418],[-76.447,40.63],[-73.308,41.07],[-71.968,41.279],[-70.713,41.677],[-70.022,42.074],[-69.322,42.929],[-68.977,43.557],[-68.977,45.283],[-69.164,45.904],[-69.876,46.929],[-70.671,47.494],[-72.031,48.205],[-73.412,48.561],[-75.693,49.063],[-77.535,49.252],[-79.146,49.503],[-81.155,49.74],[-82.41,49.942],[-85.256,50.465],[-86.68,50.619],[-89.424,51.0],[-89.765,50.951],[-89.877,50.864],[-89.821,50.783],[-89.71,50.734],[-89.666,50.69],[-89.635,50.603],[-89.648,50.523],[-89.703,50.461],[-89.71,50.374],[-89.654,50.324],[-89.561,50.188],[-89.517,50.058],[-89.623,49.983],[-89.784,50.064],[-89.908,50.089],[-90.1,50.083],[-90.156,50.064],[-90.187,49.952],[-90.162,49.816],[-90.032,49.568],[-90.001,49.456],[-89.84,49.308],[-89.84,49.196],[-89.995,49.252],[-90.286,49.463],[-90.466,49.475],[-90.472,49.413],[-90.392,49.277],[-90.212,49.029],[-90.218,48.979],[-90.373,49.029],[-90.838,49.115],[-90.925,49.066],[-90.962,48.985],[-90.925,48.917],[-90.782,48.824],[-90.671,48.725],[-90.633,48.675],[-90.664,48.601],[-90.82,48.601],[-90.925,48.663],[-91.196,48.717],[-91.364,48.701],[-91.446,48.669],[-91.464,48.582],[-91.334,48.483],[-91.334,48.371],[-91.446,48.229],[-91.644,48.26],[-91.812,48.347],[-92.047,48.371],[-92.196,48.353],[-92.252,48.247],[-92.165,48.148],[-91.973,48.049],[-91.712,48.005],[-91.347,47.956],[-90.404,47.937],[-90.491,47.726],[-90.875,47.633],[-91.037,47.491],[-91.57,47.156],[-91.781,47.044],[-91.787,46.951],[-91.601,46.951],[-90.491,47.23],[-90.069,47.274],[-89.908,47.001],[-89.71,46.958],[-89.344,47.001],[-88.636,47.02],[-87.788,46.962],[-87.16,46.417],[-86.846,46.229],[-86.051,45.936],[-85.297,45.706],[-84.67,45.434],[-83.583,45.085],[-81.494,44.837],[-79.565,44.899],[-78.455,45.004],[-78.164,44.856],[-78.214,44.552],[-79.044,44.205],[-80.16,44.031],[-82.975,43.509],[-83.729,43.288],[-85.005,43.037],[-85.696,42.953],[-86.596,42.744],[-87.202,42.576],[-87.904,42.333]]]}},{"type":"Feature","properties":{"density":3},"geometry":{"type":"Polygon","coordinates":[[[-91.807,49.275],[-91.84,49.275],[-91.861,49.18],[-91.783,48.941],[-91.63,48.895],[-91.514,48.953],[-91.473,48.994],[-91.564,49.118],[-91.663,49.205],[-91.77,49.275],[-91.807,49.275]]]}},{"type":"Feature","properties":{"density":3},"geometry":{"type":"Polygon","coordinates":[[[-90.7,50.776],[-90.753,50.768],[-90.791,50.701],[-90.7,50.577],[-90.658,50.458],[-90.658,50.4],[-90.592,50.342],[-90.501,50.317],[-90.414,50.321],[-90.344,50.404],[-90.361,50.503],[-90.431,50.606],[-90.514,50.689],[-90.7,50.776]]]}},{"type":"Feature","properties":{"density":3},"geometry":{"type":"Polygon","coordinates":[[[-90.431,50.991],[-90.447,50.974],[-90.233,50.817],[-90.075,50.648],[-89.951,50.602],[-89.881,50.639],[-89.852,50.718],[-89.914,50.846],[-89.976,50.9],[-90.315,51.024],[-90.352,51.024],[-90.431,50.991]]]}},{"type":"Feature","properties":{"density":3},"geometry":{"type":"Polygon","coordinates":[[[-89.629,51.425],[-89.679,51.4],[-89.67,51.363],[-89.604,51.317],[-89.468,51.276],[-89.282,51.152],[-89.129,51.073],[-88.972,51.032],[-88.947,51.09],[-89.079,51.193],[-89.513,51.4],[-89.629,51.425]]]}},{"type":"Feature","properties":{"density":3},"geometry":{"type":"Polygon","coordinates":[[[-105.082,38.21],[-105.093,38.153],[-105.079,38.084],[-105.112,37.984],[-105.109,37.927],[-105.018,37.866],[-104.958,37.786],[-104.905,37.752],[-104.837,37.721],[-104.79,37.741],[-104.757,37.811],[-104.757,37.851],[-104.86,37.973],[-104.947,38.031],[-104.963,38.144],[-105.046,38.224],[-105.082,38.21]]]}},{"type":"Feature","properties":{"density":3},"geometry":{"type":"Polygon","coordinates":[[[-107.327,38.16],[-107.356,38.135],[-107.356,38.098],[-107.23,37.942],[-107.187,37.955],[-107.191,38.026],[-107.23,38.102],[-107.268,38.147],[-107.327,38.16]]]}},{"type":"Feature","properties":{"density":3},"geometry":{"type":"Polygon","coordinates":[[[-107.544,38.432],[-107.589,38.42],[-107.602,38.398],[-107.562,38.231],[-107.513,38.169],[-107.405,38.142],[-107.389,38.202],[-107.41,38.271],[-107.404,38.392],[-107.464,38.441],[-107.544,38.432]]]}},{"type":"Feature","properties":{"density":3},"geometry":{"type":"Polygon","coordinates":[[[-106.4,39.278],[-106.421,39.208],[-106.388,39.163],[-106.388,39.112],[-106.342,39.09],[-106.289,39.166],[-106.293,39.219],[-106.323,39.275],[-106.377,39.294],[-106.4,39.278]]]}},{"type":"Feature","properties":{"density":3},"geometry":{"type":"Polygon","coordinates":[[[-123.014,43.176],[-123.058,43.164],[-123.11,43.063],[-123.127,42.903],[-123.099,42.77],[-123.058,42.66],[-123.005,42.619],[-122.876,42.63],[-122.738,42.834],[-122.722,42.996],[-122.818,43.145],[-122.97,43.195],[-123.014,43.176]]]}},{"type":"Feature","properties":{"density":3},"geometry":{"type":"Polygon","coordinates":[[[-121.445,50.064],[-121.523,50.015],[-121.54,49.961],[-121.498,49.808],[-121.474,49.61],[-121.412,49.556],[-121.321,49.556],[-121.255,49.593],[-121.226,49.701],[-121.234,49.792],[-121.267,49.87],[-121.263,49.949],[-121.317,50.019],[-121.405,50.065],[-121.445,50.064]]]}},{"type":"Feature","properties":{"density":3},"geometry":{"type":"Polygon","coordinates":[[[-89.367,50.887],[-89.331,50.887],[-89.03,50.765],[-88.609,50.631],[-88.25,50.496],[-87.884,50.265],[-87.617,50.13],[-87.14,49.819],[-86.922,49.695],[-86.721,49.598],[-86.435,49.531],[-86.199,49.531],[-85.104,49.622],[-84.345,49.556],[-83.383,49.306],[-82.943,49.257],[-82.511,49.231],[-82.017,49.237],[-81.124,49.093],[-80.709,49.06],[-80.328,49.005],[-80.066,48.904],[-79.552,48.835],[-78.924,48.845],[-77.601,48.748],[-77.268,48.693],[-75.927,48.528],[-75.341,48.352],[-74.727,48.063],[-74.057,47.701],[-73.592,47.313],[-73.09,47.003],[-72.172,46.619],[-71.527,46.259],[-70.95,45.68],[-70.749,45.501],[-70.457,45.077],[-70.319,44.911],[-69.957,44.232],[-69.891,43.901],[-69.878,43.695],[-69.882,43.459],[-69.903,43.281],[-69.944,43.128],[-69.965,42.864],[-70.186,42.558],[-70.376,42.376],[-70.802,42.157],[-71.426,41.686],[-71.72,41.5],[-72.17,41.268],[-72.422,41.157],[-72.774,40.882],[-73.45,40.566],[-73.853,40.312],[-75.148,39.753],[-75.527,39.66],[-75.799,39.698],[-75.843,39.834],[-75.762,40.014],[-75.52,40.2],[-75.024,40.878],[-74.756,41.143],[-74.451,41.48],[-74.453,41.597],[-74.53,41.664],[-74.662,41.653],[-74.779,41.505],[-75.101,41.232],[-75.438,41.056],[-75.951,40.831],[-76.281,40.64],[-76.497,40.625],[-76.563,40.716],[-76.601,40.861],[-76.553,41.174],[-76.426,41.54],[-76.26,41.943],[-75.955,42.265],[-75.718,42.461],[-75.558,42.665],[-75.415,42.896],[-75.316,43.188],[-75.141,43.411],[-74.876,43.828],[-74.793,44.009],[-74.746,44.213],[-74.826,44.403],[-75.127,44.533],[-75.554,44.541],[-75.981,44.633],[-76.237,44.757],[-76.615,44.87],[-77.056,44.945],[-77.549,44.964],[-77.929,45.005],[-79.057,45.022],[-79.341,45.05],[-79.494,45.112],[-79.763,45.162],[-80.573,45.364],[-80.662,45.437],[-80.706,45.522],[-80.755,45.572],[-81.441,45.964],[-81.594,46.112],[-81.827,46.249],[-81.951,46.414],[-82.12,46.526],[-82.144,46.65],[-82.078,46.744],[-81.617,46.831],[-81.248,46.86],[-80.797,46.926],[-80.51,47.039],[-80.466,47.193],[-80.57,47.341],[-80.736,47.458],[-81.087,47.594],[-82.017,47.813],[-82.736,48.049],[-83.009,48.202],[-83.737,48.409],[-84.059,48.483],[-84.708,48.557],[-85.01,48.537],[-85.357,48.562],[-85.712,48.557],[-86.816,48.516],[-87.275,48.57],[-87.754,48.57],[-87.986,48.632],[-88.861,49.032],[-89.037,49.22],[-89.175,49.545],[-89.206,49.668],[-89.313,49.896],[-89.649,50.212],[-89.66,50.263],[-89.643,50.292],[-89.589,50.318],[-89.362,50.307],[-89.263,50.323],[-89.263,50.341],[-89.61,50.609],[-89.85,50.754],[-89.922,50.83],[-89.916,50.863],[-89.692,50.948],[-89.611,50.952],[-89.367,50.887]]]}},{"type":"Feature","properties":{"density":3},"geometry":{"type":"Polygon","coordinates":[[[-83.517,45.576],[-82.887,45.468],[-81.719,45.185],[-81.537,45.131],[-81.479,45.071],[-81.478,45.043],[-81.492,45.016],[-81.604,45.011],[-82.367,45.144],[-83.292,45.338],[-83.446,45.391],[-83.541,45.45],[-83.558,45.476],[-83.554,45.547],[-83.541,45.572],[-83.517,45.576]]]}},{"type":"Feature","properties":{"density":3},"geometry":{"type":"Polygon","coordinates":[[[-90.718,48.961],[-90.513,48.978],[-90.411,48.953],[-90.319,48.91],[-90.181,48.8],[-90.143,48.703],[-90.165,48.65],[-90.188,48.617],[-90.257,48.577],[-90.413,48.572],[-90.497,48.597],[-90.607,48.661],[-90.856,48.846],[-90.909,48.916],[-90.846,48.946],[-90.718,48.961]]]}},{"type":"Feature","properties":{"density":3},"geometry":{"type":"Polygon","coordinates":[[[-91.749,48.253],[-91.196,48.115],[-91.15,48.077],[-91.141,48.049],[-91.157,48.026],[-91.274,47.993],[-91.429,47.994],[-91.76,48.097],[-91.897,48.164],[-91.917,48.199],[-91.913,48.228],[-91.862,48.264],[-91.824,48.273],[-91.749,48.253]]]}},{"type":"Feature","properties":{"density":3},"geometry":{"type":"Polygon","coordinates":[[[-90.126,50.005],[-89.888,49.995],[-89.66,49.938],[-89.55,49.9],[-89.332,49.76],[-89.299,49.72],[-89.3,49.581],[-89.343,49.326],[-89.372,49.258],[-89.482,49.144],[-89.565,49.14],[-89.704,49.214],[-90.004,49.603],[-90.012,49.628],[-89.977,49.673],[-89.964,49.728],[-89.997,49.807],[-90.153,49.971],[-90.152,49.993],[-90.126,50.005]]]}},{"type":"Feature","properties":{"density":3},"geometry":{"type":"Polygon","coordinates":[[[-104.642,55.097],[-104.612,55.114],[-104.451,55.125],[-104.092,55.119],[-103.963,55.096],[-103.759,54.987],[-103.572,54.834],[-103.63,54.814],[-103.673,54.819],[-104.403,55.029],[-104.641,55.065],[-104.654,55.082],[-104.642,55.097]]]}},{"type":"Feature","properties":{"density":3},"geometry":{"type":"Polygon","coordinates":[[[-103.496,55.597],[-103.416,55.61],[-103.234,55.588],[-103.117,55.536],[-103.168,55.508],[-103.458,55.535],[-103.502,55.559],[-103.496,55.597]]]}},{"type":"Feature","properties":{"density":3},"geometry":{"type":"Polygon","coordinates":[[[-105.607,55.771],[-105.132,55.756],[-104.725,55.764],[-104.487,55.743],[-104.323,55.684],[-104.278,55.631],[-104.313,55.563],[-104.347,55.559],[-104.956,55.636],[-105.317,55.649],[-105.348,55.677],[-105.414,55.694],[-105.621,55.727],[-105.628,55.76],[-105.607,55.771]]]}},{"type":"Feature","properties":{"density":3},"geometry":{"type":"Polygon","coordinates":[[[-123.051,42.622],[-123.1,42.695],[-123.117,42.753],[-123.059,42.966],[-122.965,43.111],[-122.891,43.148],[-122.814,43.16],[-122.723,43.017],[-122.716,42.941],[-122.841,42.783],[-122.926,42.625],[-122.95,42.603],[-123.011,42.591],[-123.051,42.622]]]}},{"type":"Feature","properties":{"density":3},"geometry":{"type":"Polygon","coordinates":[[[-121.332,49.937],[-121.281,49.963],[-121.288,49.993],[-121.355,50.008],[-121.391,49.991],[-121.366,49.949],[-121.332,49.937]]]}},{"type":"Feature","properties":{"density":3},"geometry":{"type":"Polygon","coordinates":[[[-121.461,49.894],[-121.429,49.867],[-121.424,49.829],[-121.436,49.8],[-121.455,49.796],[-121.496,49.816],[-121.517,49.868],[-121.461,49.894]]]}},{"type":"Feature","properties":{"density":3},"geometry":{"type":"Polygon","coordinates":[[[-122.796,62.962],[-122.658,63.076],[-122.566,63.115],[-122.524,63.104],[-122.533,63.059],[-122.752,62.903],[-122.8,62.898],[-122.816,62.916],[-122.796,62.962]]]}},{"type":"Feature","properties":{"density":3},"geometry":{"type":"Polygon","coordinates":[[[-119.178,64.188],[-119.137,64.246],[-119.096,64.254],[-118.965,64.249],[-118.915,64.229],[-118.925,64.203],[-119.097,64.168],[-119.146,64.166],[-119.178,64.188]]]}},{"type":"Feature","properties":{"density":3},"geometry":{"type":"Polygon","coordinates":[[[-122.111,63.302],[-122.068,63.361],[-121.973,63.445],[-121.882,63.475],[-121.645,63.508],[-121.595,63.503],[-121.537,63.449],[-121.556,63.411],[-121.654,63.335],[-121.988,63.234],[-122.108,63.251],[-122.123,63.268],[-122.111,63.302]]]}},{"type":"Feature","properties":{"density":3},"geometry":{"type":"Polygon","coordinates":[[[-89.644,51.436],[-89.376,51.412],[-88.736,51.206],[-88.439,51.058],[-88.179,50.875],[-88.056,50.72],[-87.921,50.582],[-87.568,50.324],[-87.336,50.2],[-87.161,50.061],[-86.943,49.917],[-86.702,49.829],[-86.481,49.795],[-86.312,49.721],[-85.886,49.597],[-85.382,49.613],[-84.94,49.597],[-84.485,49.477],[-84.262,49.436],[-84.129,49.37],[-83.952,49.341],[-83.766,49.32],[-83.392,49.317],[-82.244,49.189],[-81.224,48.98],[-80.865,48.977],[-79.65,48.726],[-79.509,48.685],[-79.352,48.602],[-78.652,48.329],[-78.152,48.216],[-77.678,48.142],[-76.937,47.921],[-76.188,47.847],[-75.628,47.764],[-75.116,47.782],[-74.777,47.739],[-74.211,47.648],[-73.496,47.466],[-73.256,47.454],[-73.078,47.402],[-72.69,47.14],[-72.305,46.701],[-71.716,46.147],[-71.493,45.88],[-70.996,45.378],[-70.702,45.188],[-70.207,44.727],[-68.981,44.337],[-67.968,44.245],[-67.056,44.127],[-66.696,43.73],[-66.616,43.123],[-66.92,42.508],[-67.211,42.097],[-67.799,41.692],[-68.078,41.425],[-68.315,41.105],[-68.465,40.811],[-68.663,40.563],[-69.308,40.079],[-69.533,39.933],[-69.85,39.672],[-70.269,39.487],[-70.583,39.4],[-70.786,39.363],[-71.426,39.309],[-72.038,39.222],[-73.241,39.001],[-74.028,38.821],[-74.958,38.722],[-75.634,38.734],[-75.802,38.771],[-75.969,38.914],[-76.013,39.063],[-75.872,39.331],[-75.752,39.5],[-75.628,39.761],[-75.603,39.889],[-75.637,40.185],[-75.689,40.423],[-75.682,40.487],[-75.566,40.756],[-75.417,41.223],[-75.242,41.543],[-75.012,41.74],[-74.705,42.111],[-74.101,42.564],[-74.012,42.816],[-74.198,43.055],[-74.791,43.178],[-75.332,43.236],[-76.221,43.364],[-77.245,43.772],[-77.58,43.927],[-78.189,44.139],[-78.738,44.14],[-79.204,44.321],[-79.862,44.481],[-81.156,44.832],[-81.396,44.869],[-81.6,44.974],[-81.68,45.165],[-81.681,45.387],[-81.718,45.563],[-81.606,45.65],[-81.398,45.68],[-81.152,45.692],[-80.839,45.604],[-80.542,45.646],[-80.313,45.717],[-80.164,45.835],[-79.823,46.002],[-79.587,46.077],[-79.339,46.095],[-79.039,46.146],[-78.557,46.338],[-78.445,46.426],[-78.464,46.547],[-78.566,46.634],[-78.873,46.751],[-79.143,46.806],[-79.78,47.024],[-80.528,47.33],[-80.694,47.433],[-81.247,47.665],[-83.216,47.991],[-84.388,48.121],[-85.601,48.227],[-86.52,48.09],[-86.716,48.074],[-86.899,48.083],[-87.614,48.281],[-87.808,48.369],[-88.033,48.56],[-88.149,48.576],[-88.268,48.548],[-88.297,48.481],[-88.263,48.394],[-88.177,48.344],[-88.081,48.188],[-88.138,48.142],[-88.235,48.138],[-88.648,48.246],[-89.003,48.373],[-89.068,48.358],[-89.111,48.33],[-89.183,48.24],[-89.404,48.218],[-89.634,48.099],[-89.92,48.082],[-90.121,48.107],[-90.292,48.102],[-90.51,48.019],[-90.703,47.978],[-91.05,48.033],[-91.185,48.085],[-91.284,48.184],[-91.306,48.256],[-91.306,48.325],[-91.271,48.361],[-91.284,48.427],[-91.417,48.512],[-91.458,48.573],[-91.439,48.601],[-91.164,48.678],[-90.931,48.715],[-90.91,48.77],[-90.984,48.875],[-90.979,48.934],[-90.93,48.965],[-90.863,48.985],[-90.661,48.99],[-90.405,48.985],[-90.196,48.961],[-90.12,48.97],[-90.076,49.008],[-90.082,49.06],[-90.143,49.118],[-90.441,49.322],[-90.482,49.372],[-90.468,49.4],[-90.396,49.425],[-90.273,49.439],[-89.826,49.365],[-89.791,49.372],[-89.787,49.402],[-89.818,49.434],[-89.939,49.506],[-90.058,49.616],[-90.06,49.664],[-89.999,49.721],[-89.987,49.755],[-90.143,49.939],[-90.167,49.994],[-90.166,50.036],[-90.132,50.044],[-89.884,50.03],[-89.853,50.034],[-89.842,50.052],[-89.95,50.119],[-90.129,50.195],[-90.203,50.257],[-90.248,50.333],[-90.379,50.421],[-90.732,50.589],[-90.773,50.649],[-90.787,50.738],[-90.76,50.768],[-90.674,50.761],[-90.025,50.516],[-89.644,50.352],[-89.403,50.322],[-89.34,50.334],[-89.38,50.411],[-89.54,50.556],[-89.64,50.627],[-89.874,50.745],[-89.909,50.778],[-89.914,50.818],[-89.892,50.864],[-89.775,50.923],[-89.229,51.074],[-89.229,51.094],[-89.255,51.118],[-89.4,51.213],[-89.773,51.39],[-89.777,51.417],[-89.731,51.436],[-89.644,51.436]]]}},{"type":"Feature","properties":{"density":3},"geometry":{"type":"Polygon","coordinates":[[[-92.559,51.893],[-92.424,51.882],[-92.099,51.915],[-91.843,51.896],[-91.672,51.865],[-90.84,51.637],[-89.906,51.292],[-89.677,51.152],[-89.66,51.063],[-89.685,51.028],[-89.757,50.986],[-90.082,50.96],[-90.276,50.988],[-90.853,51.116],[-91.404,51.331],[-92.185,51.603],[-92.208,51.618],[-92.19,51.659],[-92.215,51.704],[-92.363,51.771],[-92.572,51.833],[-92.582,51.882],[-92.559,51.893]]]}},{"type":"Feature","properties":{"density":3},"geometry":{"type":"Polygon","coordinates":[[[-87.869,51.534],[-87.579,51.512],[-87.421,51.466],[-86.592,51.2],[-86.443,51.13],[-86.427,51.1],[-86.443,51.076],[-86.495,51.058],[-86.684,51.065],[-87.281,51.223],[-87.492,51.297],[-87.61,51.381],[-87.787,51.443],[-87.877,51.452],[-87.897,51.485],[-87.869,51.534]]]}},{"type":"Feature","properties":{"density":3},"geometry":{"type":"Polygon","coordinates":[[[-88.739,51.626],[-88.399,51.592],[-87.903,51.434],[-87.611,51.258],[-87.583,51.185],[-87.596,51.131],[-87.66,51.104],[-87.719,51.111],[-87.973,51.203],[-88.216,51.338],[-88.397,51.398],[-88.779,51.567],[-88.771,51.61],[-88.739,51.626]]]}},{"type":"Feature","properties":{"density":3},"geometry":{"type":"Polygon","coordinates":[[[-92.991,52.293],[-92.961,52.312],[-92.871,52.319],[-92.539,52.238],[-92.453,52.212],[-92.402,52.174],[-92.387,52.136],[-92.413,52.096],[-92.522,52.075],[-92.666,52.113],[-92.834,52.192],[-92.997,52.244],[-93.004,52.271],[-92.991,52.293]]]}},{"type":"Feature","properties":{"density":3},"geometry":{"type":"Polygon","coordinates":[[[-78.334,51.662],[-78.175,51.664],[-78.1,51.642],[-77.88,51.571],[-77.698,51.474],[-77.614,51.412],[-77.424,51.201],[-77.407,51.163],[-77.409,51.089],[-77.45,51.07],[-77.56,51.071],[-77.96,51.228],[-78.078,51.321],[-78.317,51.551],[-78.399,51.664],[-78.334,51.662]]]}},{"type":"Feature","properties":{"density":3},"geometry":{"type":"Polygon","coordinates":[[[-95.457,53.623],[-95.428,53.632],[-95.094,53.59],[-94.845,53.544],[-94.826,53.527],[-94.817,53.466],[-94.838,53.449],[-94.956,53.441],[-95.454,53.587],[-95.471,53.606],[-95.457,53.623]]]}},{"type":"Feature","properties":{"density":3},"geometry":{"type":"Polygon","coordinates":[[[-105.581,55.785],[-105.245,55.729],[-104.951,55.66],[-104.543,55.615],[-104.226,55.496],[-103.816,55.302],[-103.733,55.258],[-103.707,55.22],[-103.704,55.177],[-103.724,55.139],[-103.763,55.115],[-103.956,55.087],[-104.573,55.279],[-105.126,55.468],[-105.486,55.624],[-105.629,55.711],[-105.634,55.746],[-105.581,55.785]]]}},{"type":"Feature","properties":{"density":3},"geometry":{"type":"Polygon","coordinates":[[[-104.631,55.115],[-104.479,55.127],[-104.161,55.049],[-103.69,54.978],[-103.486,54.923],[-103.295,54.892],[-102.919,54.759],[-102.737,54.737],[-102.498,54.684],[-102.38,54.68],[-102.307,54.633],[-102.296,54.596],[-102.327,54.565],[-102.393,54.544],[-102.751,54.556],[-103.073,54.543],[-103.717,54.646],[-103.999,54.739],[-104.276,54.875],[-104.522,55.031],[-104.658,55.059],[-104.66,55.091],[-104.631,55.115]]]}},{"type":"Feature","properties":{"density":3},"geometry":{"type":"Polygon","coordinates":[[[-104.677,54.623],[-104.148,54.554],[-103.859,54.471],[-103.835,54.445],[-103.84,54.406],[-103.869,54.374],[-103.915,54.359],[-103.996,54.369],[-104.52,54.495],[-104.693,54.521],[-104.734,54.539],[-104.747,54.597],[-104.677,54.623]]]}},{"type":"Feature","properties":{"density":3},"geometry":{"type":"Polygon","coordinates":[[[-103.439,55.614],[-103.284,55.607],[-102.941,55.538],[-102.711,55.523],[-102.656,55.504],[-102.59,55.429],[-102.605,55.382],[-102.645,55.354],[-102.716,55.335],[-102.881,55.332],[-103.288,55.382],[-103.437,55.429],[-103.571,55.451],[-103.598,55.477],[-103.597,55.51],[-103.543,55.575],[-103.439,55.614]]]}},{"type":"Feature","properties":{"density":3},"geometry":{"type":"Polygon","coordinates":[[[-98.683,55.448],[-98.359,55.4],[-97.978,55.228],[-97.932,55.17],[-97.947,55.13],[-97.982,55.1],[-98.057,55.088],[-98.193,55.116],[-98.576,55.347],[-98.723,55.41],[-98.683,55.448]]]}},{"type":"Feature","properties":{"density":3},"geometry":{"type":"Polygon","coordinates":[[[-123.041,42.626],[-123.101,42.779],[-123.136,42.931],[-123.122,43.008],[-123.086,43.036],[-123.033,43.033],[-122.888,42.823],[-122.795,42.78],[-122.788,42.755],[-122.809,42.662],[-122.87,42.617],[-122.981,42.599],[-123.041,42.626]]]}},{"type":"Feature","properties":{"density":3},"geometry":{"type":"Polygon","coordinates":[[[-121.488,49.875],[-121.528,49.949],[-121.532,49.988],[-121.526,50.017],[-121.484,50.037],[-121.461,50.026],[-121.439,49.882],[-121.465,49.86],[-121.488,49.875]]]}},{"type":"Feature","properties":{"density":3},"geometry":{"type":"Polygon","coordinates":[[[-121.039,62.141],[-120.986,62.369],[-120.935,62.448],[-120.837,62.54],[-120.6,62.674],[-120.527,62.678],[-120.461,62.647],[-120.461,62.568],[-120.497,62.511],[-120.541,62.446],[-120.672,62.323],[-120.966,62.088],[-121.003,62.075],[-121.026,62.088],[-121.039,62.141]]]}},{"type":"Feature","properties":{"density":3},"geometry":{"type":"Polygon","coordinates":[[[-122.828,62.944],[-122.724,63.068],[-122.556,63.203],[-122.427,63.254],[-122.373,63.256],[-122.36,63.237],[-122.376,63.208],[-122.604,63.043],[-122.739,62.917],[-122.82,62.911],[-122.828,62.944]]]}},{"type":"Feature","properties":{"density":3},"geometry":{"type":"Polygon","coordinates":[[[-122.143,63.29],[-122.12,63.345],[-121.976,63.543],[-121.815,63.664],[-121.723,63.703],[-121.515,63.751],[-121.197,63.855],[-121.148,63.861],[-121.105,63.817],[-121.135,63.712],[-121.227,63.598],[-121.405,63.438],[-121.728,63.269],[-121.906,63.194],[-121.965,63.187],[-122.112,63.229],[-122.14,63.26],[-122.143,63.29]]]}},{"type":"Feature","properties":{"density":3},"geometry":{"type":"Polygon","coordinates":[[[-120.868,63.191],[-120.702,63.386],[-120.48,63.5],[-120.44,63.513],[-120.4,63.502],[-120.394,63.471],[-120.475,63.373],[-120.708,63.206],[-120.821,63.157],[-120.861,63.166],[-120.868,63.191]]]}},{"type":"Feature","properties":{"density":3},"geometry":{"type":"Polygon","coordinates":[[[-119.188,64.222],[-119.127,64.297],[-119.067,64.333],[-118.951,64.363],[-118.703,64.36],[-118.629,64.334],[-118.592,64.287],[-118.628,64.242],[-118.737,64.209],[-119.029,64.208],[-119.142,64.169],[-119.175,64.175],[-119.188,64.222]]]}},{"type":"Feature","properties":{"density":3},"geometry":{"type":"Polygon","coordinates":[[[-92.851,52.3],[-92.673,52.296],[-92.483,52.259],[-92.181,52.243],[-91.574,52.028],[-91.16,51.928],[-90.673,51.842],[-89.797,51.637],[-89.104,51.405],[-88.475,51.235],[-88.346,51.222],[-88.434,51.351],[-88.624,51.486],[-88.784,51.574],[-88.842,51.723],[-88.842,51.792],[-88.789,51.82],[-88.582,51.82],[-87.282,51.475],[-86.544,51.216],[-86.23,51.131],[-85.315,50.781],[-84.731,50.602],[-84.127,50.296],[-83.686,50.172],[-83.43,50.046],[-82.705,49.914],[-82.683,49.878],[-82.729,49.82],[-82.859,49.787],[-82.936,49.652],[-82.983,49.597],[-83.052,49.556],[-83.214,49.52],[-83.347,49.514],[-83.647,49.572],[-84.33,49.66],[-84.397,49.652],[-84.463,49.614],[-84.479,49.539],[-84.413,49.473],[-84.311,49.443],[-83.44,49.303],[-82.437,49.059],[-81.871,48.981],[-81.59,48.91],[-81.247,48.795],[-80.817,48.72],[-80.495,48.72],[-79.73,48.6],[-79.275,48.489],[-78.407,48.365],[-77.647,48.212],[-77.308,48.216],[-76.444,48.129],[-76.084,48.042],[-75.638,47.596],[-75.086,47.366],[-74.739,47.397],[-74.311,47.373],[-73.08,47.118],[-72.643,46.988],[-71.713,47.1],[-70.541,47.114],[-69.244,47.156],[-68.714,47.114],[-68.332,46.909],[-67.895,46.798],[-67.384,46.574],[-66.156,46.202],[-64.603,45.402],[-64.156,45.058],[-63.859,44.807],[-63.756,44.538],[-63.608,43.338],[-63.608,43.068],[-63.738,42.631],[-63.933,42.157],[-64.231,41.645],[-64.603,41.143],[-65.077,40.789],[-65.524,40.483],[-66.472,39.766],[-67.904,38.483],[-68.378,38.18],[-68.756,37.796],[-69.234,37.38],[-70.015,37.219],[-70.933,37.219],[-71.842,37.145],[-73.095,36.941],[-74.428,36.922],[-75.916,37.127],[-78.124,37.652],[-79.463,37.792],[-80.709,38.196],[-81.592,38.44],[-82.156,38.644],[-82.85,39.035],[-83.117,39.233],[-83.346,39.438],[-83.638,39.735],[-84.295,40.151],[-84.834,40.231],[-85.2,40.207],[-85.491,40.07],[-85.842,39.878],[-86.17,39.742],[-86.629,39.816],[-86.697,39.965],[-86.673,40.151],[-86.611,40.349],[-86.635,40.417],[-86.753,40.498],[-87.088,40.56],[-87.485,40.541],[-88.303,40.349],[-88.762,40.337],[-88.999,40.397],[-89.17,40.494],[-89.189,40.689],[-89.092,40.846],[-88.82,40.871],[-88.505,40.86],[-87.78,40.965],[-87.24,41.108],[-87.017,41.257],[-86.837,41.48],[-86.837,41.771],[-86.707,42.025],[-86.533,42.1],[-86.242,42.137],[-85.907,42.125],[-84.494,41.926],[-84.27,41.864],[-83.495,41.703],[-82.925,41.629],[-81.945,41.368],[-81.697,41.201],[-81.003,40.885],[-80.631,40.692],[-80.24,40.525],[-79.794,40.364],[-79.236,40.19],[-78.874,40.115],[-78.012,39.997],[-77.82,40.003],[-77.138,39.954],[-76.419,39.929],[-76.028,39.972],[-75.619,40.053],[-75.154,40.456],[-74.832,40.671],[-74.278,40.919],[-74.063,41.055],[-73.935,41.222],[-74.018,41.328],[-74.418,41.458],[-74.902,41.644],[-75.441,41.895],[-76.308,42.202],[-77.134,42.678],[-77.713,42.928],[-78.247,43.638],[-79.055,43.925],[-79.619,44.285],[-80.518,44.545],[-81.275,44.799],[-81.87,44.762],[-82.248,44.8],[-82.411,45.012],[-82.221,45.183],[-81.739,45.269],[-81.158,45.466],[-80.988,45.834],[-81.477,46.238],[-81.914,46.341],[-83.123,46.434],[-84.295,46.294],[-84.918,46.378],[-85.365,46.61],[-86.174,46.834],[-87.206,46.88],[-87.857,46.88],[-89.262,47.131],[-90.294,47.131],[-90.731,47.327],[-91.15,47.457],[-92.12,47.974],[-92.296,48.151],[-92.31,48.222],[-92.285,48.294],[-92.172,48.349],[-92.092,48.366],[-91.949,48.36],[-91.447,48.203],[-91.389,48.206],[-91.362,48.255],[-91.354,48.33],[-91.45,48.542],[-91.439,48.622],[-91.012,48.969],[-90.811,49.041],[-90.701,49.043],[-90.53,49.085],[-89.918,48.922],[-89.825,48.922],[-89.808,48.986],[-89.844,49.038],[-89.949,49.126],[-90.293,49.253],[-90.415,49.322],[-90.47,49.385],[-90.478,49.415],[-90.437,49.462],[-90.202,49.498],[-90.087,49.548],[-90.023,49.68],[-90.029,49.79],[-90.07,49.865],[-90.155,49.967],[-90.266,50.176],[-90.516,50.424],[-90.798,50.625],[-90.914,50.783],[-91.21,50.963],[-91.531,51.185],[-92.071,51.438],[-92.222,51.482],[-92.52,51.606],[-92.593,51.651],[-92.618,51.727],[-92.608,51.827],[-92.556,51.909],[-92.558,51.945],[-92.762,52.11],[-92.969,52.209],[-93.003,52.24],[-93.001,52.266],[-92.98,52.283],[-92.851,52.3]]]}},{"type":"Feature","properties":{"density":3},"geometry":{"type":"Polygon","coordinates":[[[-105.593,55.792],[-105.363,55.808],[-105.138,55.756],[-104.381,55.448],[-104.145,55.328],[-103.856,55.271],[-103.74,55.219],[-103.472,55.051],[-103.261,54.994],[-103.102,54.925],[-102.882,54.783],[-102.462,54.693],[-102.226,54.625],[-101.843,54.436],[-101.385,54.141],[-101.173,54.062],[-100.855,54.006],[-100.601,53.923],[-100.557,53.894],[-100.563,53.873],[-100.596,53.832],[-100.755,53.808],[-101.168,53.852],[-101.881,54.056],[-102.146,54.109],[-102.624,54.138],[-102.978,54.312],[-103.152,54.365],[-103.361,54.498],[-104.034,54.777],[-104.455,54.999],[-104.655,55.062],[-104.657,55.088],[-104.632,55.105],[-104.439,55.113],[-104.408,55.135],[-104.439,55.177],[-104.58,55.248],[-104.71,55.289],[-105.252,55.533],[-105.488,55.675],[-105.613,55.687],[-105.641,55.705],[-105.653,55.755],[-105.638,55.776],[-105.593,55.792]]]}},{"type":"Feature","properties":{"density":3},"geometry":{"type":"Polygon","coordinates":[[[-103.457,55.596],[-103.309,55.626],[-102.314,55.425],[-102.002,55.435],[-101.747,55.407],[-101.537,55.361],[-101.031,55.199],[-100.88,55.187],[-100.772,55.155],[-100.686,55.107],[-100.598,55.081],[-100.448,54.977],[-100.399,54.931],[-100.391,54.893],[-100.431,54.851],[-100.652,54.819],[-101.141,54.905],[-101.33,54.882],[-101.433,54.889],[-101.682,54.804],[-101.793,54.696],[-101.892,54.654],[-102.116,54.64],[-102.226,54.66],[-102.395,54.724],[-102.516,54.798],[-102.693,54.842],[-103.046,55.143],[-103.182,55.227],[-103.343,55.362],[-103.55,55.436],[-103.578,55.461],[-103.583,55.491],[-103.505,55.58],[-103.457,55.596]]]}},{"type":"Feature","properties":{"density":3},"geometry":{"type":"Polygon","coordinates":[[[-102.727,56.417],[-102.609,56.389],[-102.14,56.168],[-101.781,56.052],[-101.53,55.912],[-101.21,55.825],[-100.943,55.726],[-100.757,55.681],[-100.699,55.643],[-100.691,55.613],[-100.721,55.575],[-100.779,55.551],[-101.134,55.473],[-101.467,55.441],[-101.958,55.477],[-102.272,55.595],[-102.427,55.691],[-102.557,55.87],[-102.658,55.953],[-102.665,55.996],[-102.646,56.047],[-102.517,56.059],[-102.525,56.098],[-102.725,56.231],[-102.891,56.305],[-102.86,56.421],[-102.727,56.417]]]}},{"type":"Feature","properties":{"density":3},"geometry":{"type":"Polygon","coordinates":[[[-98.686,55.452],[-98.391,55.422],[-98.081,55.32],[-97.871,55.233],[-97.788,55.182],[-97.717,55.077],[-97.693,54.989],[-97.704,54.927],[-97.785,54.875],[-97.919,54.902],[-98.389,55.261],[-98.702,55.396],[-98.722,55.428],[-98.686,55.452]]]}},{"type":"Feature","properties":{"density":3},"geometry":{"type":"Polygon","coordinates":[[[-122.821,62.966],[-122.794,63.125],[-122.739,63.206],[-122.663,63.261],[-122.535,63.316],[-122.403,63.328],[-122.351,63.305],[-122.337,63.273],[-122.355,63.229],[-122.719,62.923],[-122.78,62.906],[-122.812,62.918],[-122.829,62.934],[-122.821,62.966]]]}},{"type":"Feature","properties":{"density":3},"geometry":{"type":"Polygon","coordinates":[[[-122.151,63.29],[-122.195,63.373],[-122.183,63.423],[-122.119,63.506],[-122.027,63.582],[-121.8,63.819],[-121.697,63.98],[-121.547,64.073],[-121.16,64.183],[-121.038,64.193],[-120.847,64.155],[-120.402,64.127],[-120.362,64.083],[-120.342,64.009],[-120.368,63.948],[-120.452,63.884],[-121.008,63.646],[-121.683,63.315],[-121.839,63.197],[-121.897,63.177],[-121.983,63.179],[-122.151,63.29]]]}},{"type":"Feature","properties":{"density":3},"geometry":{"type":"Polygon","coordinates":[[[-120.888,63.188],[-120.727,63.429],[-120.604,63.533],[-120.323,63.719],[-120.006,63.879],[-119.791,63.96],[-119.547,63.968],[-119.478,63.952],[-119.44,63.922],[-119.448,63.799],[-119.557,63.665],[-119.637,63.593],[-119.837,63.509],[-119.953,63.481],[-120.188,63.455],[-120.296,63.419],[-120.506,63.33],[-120.725,63.212],[-120.821,63.138],[-120.873,63.145],[-120.888,63.188]]]}},{"type":"Feature","properties":{"density":3},"geometry":{"type":"Polygon","coordinates":[[[-121.392,62.14],[-121.31,62.386],[-121.274,62.444],[-121.182,62.535],[-121.068,62.587],[-120.991,62.591],[-120.959,62.583],[-120.907,62.539],[-120.891,62.484],[-120.851,62.5],[-120.809,62.563],[-120.756,62.746],[-120.664,62.975],[-120.625,63.037],[-120.4,63.155],[-120.159,63.22],[-120.01,63.192],[-119.909,63.112],[-119.903,63.004],[-119.94,62.927],[-120.101,62.647],[-120.213,62.504],[-120.274,62.456],[-120.477,62.364],[-120.712,62.184],[-120.859,62.148],[-120.982,62.097],[-121.046,62.11],[-121.038,62.22],[-121.051,62.241],[-121.078,62.244],[-121.203,62.182],[-121.328,62.086],[-121.39,62.105],[-121.392,62.14]]]}},{"type":"Feature","properties":{"density":3},"geometry":{"type":"Polygon","coordinates":[[[-121.641,64.776],[-121.528,64.903],[-121.297,65.065],[-120.938,65.249],[-120.826,65.279],[-120.543,65.306],[-120.333,65.255],[-120.072,65.103],[-120.062,65.045],[-120.086,64.993],[-120.157,64.941],[-120.231,64.905],[-120.509,64.841],[-120.918,64.678],[-121.042,64.552],[-121.124,64.5],[-121.215,64.484],[-121.299,64.49],[-121.343,64.53],[-121.357,64.586],[-121.269,64.754],[-121.287,64.811],[-121.393,64.783],[-121.541,64.662],[-121.593,64.66],[-121.672,64.686],[-121.674,64.734],[-121.641,64.776]]]}},{"type":"Feature","properties":{"density":3},"geometry":{"type":"Polygon","coordinates":[[[-114.539,65.881],[-114.478,65.953],[-114.4,65.992],[-114.357,65.989],[-114.371,65.946],[-114.491,65.859],[-114.521,65.857],[-114.539,65.881]]]}},{"type":"Feature","properties":{"density":3},"geometry":{"type":"Polygon","coordinates":[[[-121.458,62.197],[-121.27,62.609],[-121.067,62.954],[-120.949,63.193],[-120.913,63.314],[-120.844,63.447],[-120.817,63.565],[-120.829,63.612],[-120.88,63.616],[-120.951,63.589],[-121.275,63.41],[-121.599,63.288],[-121.818,63.174],[-122.165,63.188],[-122.329,63.143],[-122.667,62.907],[-122.81,62.883],[-122.857,62.921],[-122.869,62.997],[-122.842,63.097],[-122.785,63.196],[-122.71,63.278],[-122.598,63.361],[-122.521,63.729],[-122.329,63.977],[-122.191,64.089],[-121.633,64.36],[-121.545,64.431],[-121.501,64.493],[-121.489,64.549],[-121.509,64.593],[-121.657,64.643],[-121.781,64.652],[-121.918,64.738],[-121.973,64.818],[-121.965,64.936],[-121.881,65.046],[-121.745,65.17],[-121.611,65.241],[-121.385,65.316],[-121.297,65.382],[-121.199,65.502],[-121.071,65.614],[-120.588,65.746],[-120.403,65.737],[-120.217,65.752],[-120.117,65.781],[-120.013,65.858],[-119.951,65.932],[-119.919,66.006],[-119.913,66.118],[-119.978,66.292],[-120.084,66.398],[-120.279,66.507],[-120.394,66.551],[-120.512,66.572],[-120.692,66.572],[-120.972,66.516],[-121.311,66.389],[-121.647,66.312],[-122.107,66.312],[-122.301,66.38],[-122.407,66.532],[-122.297,66.699],[-122.104,66.828],[-121.157,67.253],[-120.211,67.558],[-119.738,67.558],[-119.229,67.598],[-118.951,67.571],[-118.557,67.5],[-118.101,67.368],[-116.822,66.927],[-116.315,66.608],[-115.519,66.22],[-115.091,65.951],[-114.762,65.663],[-113.682,64.919],[-112.852,64.432],[-112.427,64.306],[-111.863,64.094],[-110.563,63.736],[-108.805,63.218],[-108.099,62.91],[-107.203,62.591],[-106.666,62.382],[-105.92,62.024],[-104.905,61.696],[-104.198,61.377],[-102.586,60.591],[-102.158,60.213],[-101.939,59.925],[-101.905,59.644],[-102.082,59.358],[-102.276,59.23],[-102.608,59.137],[-102.935,59.097],[-103.678,59.07],[-104.005,59.115],[-104.355,59.225],[-104.789,59.238],[-105.62,59.468],[-106.085,59.579],[-106.593,59.731],[-107.397,59.928],[-107.853,59.944],[-108.477,60.043],[-108.817,59.979],[-109.498,59.983],[-109.746,59.939],[-110.117,59.908],[-110.593,59.9],[-111.016,59.844],[-111.307,59.844],[-111.666,59.88],[-112.634,60.096],[-113.077,60.097],[-113.461,60.031],[-114.089,60.128],[-114.452,60.137],[-115.058,60.221],[-115.275,60.429],[-115.529,60.758],[-115.659,60.967],[-115.839,61.36],[-116.135,61.705],[-116.37,61.975],[-116.817,62.258],[-117.383,62.412],[-117.834,62.457],[-118.192,62.474],[-118.448,62.457],[-118.652,62.4],[-118.846,62.208],[-119.05,62.066],[-119.191,62.031],[-120.242,61.965],[-121.089,61.956],[-121.233,61.976],[-121.329,62.007],[-121.394,62.06],[-121.463,62.153],[-121.458,62.197]]]}},{"type":"Feature","properties":{"density":3},"geometry":{"type":"Polygon","coordinates":[[[-78.33,51.679],[-78.14,51.647],[-78.069,51.615],[-77.867,51.492],[-77.303,51.193],[-76.78,51.048],[-76.572,51.017],[-76.41,50.913],[-76.329,50.835],[-76.278,50.76],[-76.245,50.664],[-76.239,50.513],[-76.296,50.45],[-76.521,50.438],[-76.726,50.462],[-76.912,50.531],[-77.784,51.087],[-78.271,51.448],[-78.367,51.598],[-78.386,51.668],[-78.33,51.679]]]}},{"type":"Feature","properties":{"density":3},"geometry":{"type":"Polygon","coordinates":[[[-121.497,49.889],[-121.356,50.103],[-121.226,50.236],[-121.125,50.296],[-121.048,50.314],[-121.007,50.298],[-121.008,50.247],[-121.037,50.198],[-121.102,50.099],[-121.164,50.041],[-121.447,49.843],[-121.491,49.842],[-121.497,49.889]]]}},{"type":"Feature","properties":{"density":3},"geometry":{"type":"Polygon","coordinates":[[[-123.02,42.654],[-122.967,42.777],[-122.999,42.995],[-122.982,43.086],[-122.808,43.189],[-122.614,43.235],[-122.532,43.238],[-122.457,43.216],[-122.375,43.146],[-122.341,43.067],[-122.348,42.975],[-122.408,42.881],[-122.56,42.75],[-122.617,42.707],[-122.705,42.673],[-122.919,42.639],[-122.978,42.613],[-123.031,42.608],[-123.02,42.654]]]}}]}