{"type":"FeatureCollection","features":[{"type":"Feature","properties":{"density":1},"geometry":{"type":"Polygon","coordinates":[[[-106.566,23.085],[-106.915,22.778],[-107.417,22.15],[-107.808,21.62],[-107.85,21.034],[-107.752,20.309],[-107.096,19.611],[-105.66,18.439],[-104.739,17.881],[-103.832,17.226],[-102.981,16.668],[-102.367,16.207],[-101.712,15.635],[-101.014,15.119],[-99.912,14.268],[-98.824,13.794],[-98.043,13.515],[-97.275,13.375],[-96.424,13.278],[-95.908,13.71],[-95.769,14.645],[-96.578,15.984],[-97.945,16.891],[-98.489,17.407],[-98.712,18.398],[-98.573,20.448],[-98.768,21.271],[-100.149,22.332],[-101.921,23.127],[-103.414,23.545],[-104.655,23.601],[-105.032,23.587],[-105.674,23.489],[-106.566,23.085]]]}},{"type":"Feature","properties":{"density":1},"geometry":{"type":"Polygon","coordinates":[[[-87.444,50.443],[-87.36,50.433],[-87.215,50.338],[-87.094,50.197],[-87.073,50.146],[-87.082,50.11],[-87.127,50.104],[-87.232,50.142],[-87.44,50.381],[-87.458,50.418],[-87.444,50.443]]]}},{"type":"Feature","properties":{"density":1},"geometry":{"type":"Polygon","coordinates":[[[-87.796,50.35],[-87.748,50.349],[-87.679,50.309],[-87.622,50.246],[-87.223,49.942],[-87.201,49.901],[-87.214,49.872],[-87.27,49.869],[-87.359,49.893],[-87.64,50.074],[-87.787,50.261],[-87.817,50.326],[-87.796,50.35]]]}},{"type":"Feature","properties":{"density":1},"geometry":{"type":"Polygon","coordinates":[[[-91.097,51.789],[-90.873,51.727],[-90.677,51.614],[-90.597,51.547],[-90.462,51.417],[-90.341,51.26],[-90.222,51.065],[-90.208,50.987],[-90.356,50.99],[-90.454,51.04],[-90.623,51.21],[-90.811,51.466],[-91.018,51.629],[-91.155,51.776],[-91.137,51.792],[-91.097,51.789]]]}},{"type":"Feature","properties":{"density":1},"geometry":{"type":"Polygon","coordinates":[[[-133.898,64.647],[-135.489,62.262],[-136.305,60.253],[-137.049,57.98],[-138.002,53.954],[-137.226,50.815],[-135.777,48.869],[-134.93,48.128],[-133.856,47.404],[-132.623,47.009],[-131.54,46.868],[-130.592,46.839],[-129.562,46.491],[-128.15,45.691],[-126.314,44.326],[-125.513,43.384],[-124.901,42.583],[-124.461,42.089],[-123.771,41.783],[-123.206,41.673],[-122.547,41.579],[-121.291,41.956],[-119.949,43.297],[-119.224,44.664],[-118.261,45.878],[-116.991,45.906],[-115.401,45.557],[-113.936,44.776],[-113.49,43.074],[-113.197,41.191],[-113.239,40.381],[-113.211,37.508],[-112.862,36.015],[-112.471,35.113],[-111.676,33.671],[-110.309,31.593],[-107.432,30.377],[-106.066,30.33],[-104.031,30.379],[-95.896,31.46],[-91.186,32.147],[-89.247,32.245],[-87.503,32.063],[-86.094,31.966],[-84.95,31.966],[-83.109,31.784],[-81.574,31.533],[-80.814,31.47],[-79.851,31.324],[-78.739,30.951],[-76.405,30.279],[-74.773,29.62],[-72.402,28.415],[-70.347,27.799],[-66.8,27.862],[-63.477,28.677],[-60.303,30.185],[-57.44,32.475],[-54.625,35.206],[-52.48,37.727],[-51.538,39.192],[-50.66,41.389],[-50.388,42.771],[-50.429,43.942],[-50.806,45.637],[-51.12,46.851],[-51.873,48.232],[-52.376,48.86],[-53.568,49.76],[-55.724,49.864],[-57.733,49.404],[-59.267,48.547],[-61.213,47.229],[-63.787,46.287],[-66.769,46.068],[-69.876,46.193],[-71.916,46.821],[-74.365,47.48],[-76.562,48.108],[-78.634,48.861],[-81.302,49.96],[-85.414,51.812],[-88.741,53.57],[-91.126,55.892],[-92.727,57.085],[-96.086,60.507],[-97.498,62.327],[-98.315,64.21],[-99.727,66.91],[-103.086,70.771],[-104.812,71.461],[-108.673,72.277],[-112.785,72.78],[-117.901,72.78],[-123.363,71.869],[-127.663,69.892],[-129.798,68.574],[-131.901,66.627],[-133.898,64.647]]]}},{"type":"Feature","properties":{"density":1},"geometry":{"type":"Polygon","coordinates":[[[-95.482,53.602],[-95.445,53.634],[-95.391,53.638],[-95.194,53.57],[-94.962,53.442],[-94.923,53.389],[-94.923,53.357],[-94.933,53.338],[-94.969,53.335],[-95.279,53.446],[-95.453,53.551],[-95.482,53.602]]]}},{"type":"Feature","properties":{"density":1},"geometry":{"type":"Polygon","coordinates":[[[-104.428,56.236],[-104.387,56.275],[-104.214,56.346],[-104.093,56.354],[-104.036,56.331],[-104.047,56.285],[-104.152,56.253],[-104.386,56.202],[-104.433,56.217],[-104.428,56.236]]]}},{"type":"Feature","properties":{"density":1},"geometry":{"type":"Polygon","coordinates":[[[-123.111,42.504],[-123.216,42.642],[-123.357,42.909],[-123.411,43.194],[-123.465,43.804],[-123.465,44.331],[-123.433,45.119],[-123.451,45.841],[-123.342,46.108],[-123.187,46.31],[-122.486,46.852],[-121.916,47.159],[-121.613,47.26],[-121.381,47.289],[-121.208,47.249],[-121.132,47.029],[-121.284,46.184],[-121.324,45.603],[-121.392,45.155],[-121.555,44.613],[-121.623,44.469],[-121.891,43.707],[-121.985,43.331],[-122.147,42.548],[-122.208,42.367],[-122.27,42.273],[-122.356,42.23],[-122.508,42.226],[-122.663,42.255],[-122.996,42.374],[-123.111,42.504]]]}},{"type":"Feature","properties":{"density":1},"geometry":{"type":"Polygon","coordinates":[[[-105.156,37.992],[-105.157,38.091],[-105.12,38.163],[-105.058,38.192],[-104.961,38.195],[-104.841,38.121],[-104.779,38.053],[-104.734,37.922],[-104.736,37.812],[-104.781,37.763],[-104.894,37.785],[-105.156,37.992]]]}},{"type":"Feature","properties":{"density":1},"geometry":{"type":"Polygon","coordinates":[[[-102.302,18.926],[-102.41,18.926],[-102.453,18.911],[-102.485,18.883],[-102.492,18.841],[-102.403,18.824],[-102.331,18.849],[-102.291,18.886],[-102.302,18.926]]]}},{"type":"Feature","properties":{"density":1},"geometry":{"type":"Polygon","coordinates":[[[-81.74,27.149],[-81.674,27.143],[-81.653,27.127],[-81.617,27.073],[-81.606,27.028],[-81.617,27.016],[-81.725,27.081],[-81.747,27.126],[-81.74,27.149]]]}},{"type":"Feature","properties":{"density":1},"geometry":{"type":"Polygon","coordinates":[[[-95.384,53.683],[-95.247,53.691],[-95.064,53.65],[-94.786,53.524],[-94.616,53.432],[-94.393,53.272],[-94.362,53.178],[-94.437,53.138],[-94.537,53.134],[-94.669,53.158],[-95.003,53.329],[-95.317,53.465],[-95.475,53.555],[-95.501,53.598],[-95.468,53.645],[-95.384,53.683]]]}},{"type":"Feature","properties":{"density":1},"geometry":{"type":"Polygon","coordinates":[[[-123.125,42.544],[-123.224,42.792],[-123.268,42.974],[-123.381,43.927],[-123.384,44.294],[-123.33,44.664],[-123.063,45.495],[-123.184,46.431],[-123.178,46.735],[-123.097,47.119],[-122.725,47.59],[-122.496,47.845],[-122.149,48.068],[-121.832,48.21],[-121.169,48.378],[-120.871,48.427],[-120.772,48.39],[-120.766,48.13],[-120.785,47.783],[-120.89,47.336],[-121.057,46.729],[-121.609,45.172],[-121.783,44.577],[-121.919,43.951],[-122.099,42.791],[-122.211,42.512],[-122.39,42.37],[-122.546,42.326],[-122.767,42.368],[-122.993,42.44],[-123.099,42.5],[-123.125,42.544]]]}},{"type":"Feature","properties":{"density":1},"geometry":{"type":"Polygon","coordinates":[[[-121.516,49.821],[-121.658,49.987],[-121.734,50.194],[-121.758,50.286],[-121.766,50.504],[-121.743,50.574],[-121.543,50.718],[-121.462,50.828],[-121.383,50.899],[-121.29,50.927],[-121.126,50.918],[-121.027,50.888],[-120.878,50.786],[-120.753,50.637],[-120.722,50.561],[-120.724,50.468],[-120.777,50.297],[-121.005,50.062],[-121.233,49.889],[-121.303,49.808],[-121.385,49.762],[-121.446,49.766],[-121.516,49.821]]]}},{"type":"Feature","properties":{"density":1},"geometry":{"type":"Polygon","coordinates":[[[-122.234,51.242],[-122.464,51.268],[-122.511,51.299],[-122.53,51.351],[-122.533,51.53],[-122.423,51.631],[-122.363,51.653],[-122.235,51.658],[-122.192,51.632],[-122.158,51.584],[-122.129,51.468],[-122.139,51.373],[-122.186,51.253],[-122.208,51.235],[-122.234,51.242]]]}},{"type":"Feature","properties":{"density":1},"geometry":{"type":"Polygon","coordinates":[[[-105.118,38.063],[-104.837,38.107],[-104.764,38.098],[-104.719,38.065],[-104.692,37.965],[-104.755,37.846],[-104.845,37.831],[-105.019,37.832],[-105.14,37.759],[-105.211,37.756],[-105.288,37.8],[-105.313,37.851],[-105.303,37.951],[-105.205,38.047],[-105.118,38.063]]]}},{"type":"Feature","properties":{"density":1},"geometry":{"type":"Polygon","coordinates":[[[-108.243,39.929],[-108.019,39.917],[-107.881,39.886],[-107.834,39.825],[-107.825,39.771],[-107.845,39.718],[-107.896,39.694],[-108.032,39.698],[-108.168,39.762],[-108.286,39.859],[-108.283,39.911],[-108.243,39.929]]]}},{"type":"Feature","properties":{"density":1},"geometry":{"type":"Polygon","coordinates":[[[-81.13,27.758],[-81.06,27.746],[-80.926,27.669],[-80.811,27.539],[-80.802,27.502],[-80.813,27.486],[-80.937,27.483],[-80.999,27.51],[-81.165,27.639],[-81.185,27.677],[-81.182,27.72],[-81.152,27.757],[-81.13,27.758]]]}},{"type":"Feature","properties":{"density":1},"geometry":{"type":"Polygon","coordinates":[[[-81.731,27.161],[-81.626,27.152],[-81.589,27.092],[-81.541,26.86],[-81.548,26.8],[-81.581,26.75],[-81.63,26.753],[-81.662,26.776],[-81.71,26.844],[-81.761,27.081],[-81.758,27.149],[-81.731,27.161]]]}},{"type":"Feature","properties":{"density":1},"geometry":{"type":"Polygon","coordinates":[[[-87.748,51.526],[-87.551,51.471],[-87.296,51.371],[-86.799,51.128],[-86.416,50.866],[-85.605,50.384],[-84.793,50.108],[-83.869,49.922],[-83.459,49.885],[-82.957,49.656],[-82.288,49.284],[-81.804,48.912],[-80.967,48.18],[-80.651,47.963],[-79.457,47.641],[-79.011,47.492],[-77.485,47.204],[-76.658,46.962],[-75.728,46.553],[-74.175,45.743],[-73.263,45.353],[-72.51,45.065],[-71.45,44.618],[-70.845,44.395],[-70.194,44.386],[-69.562,44.525],[-67.236,44.883],[-66.148,45.26],[-64.474,45.72],[-62.312,46.655],[-61.098,47.227],[-59.215,48.524],[-58.322,48.901],[-56.285,49.264],[-55.267,49.013],[-53.788,48.538],[-51.033,46.794],[-48.731,45.309],[-47.182,42.714],[-46.869,41.981],[-46.722,40.726],[-46.952,39.617],[-48.438,37.796],[-49.233,37.127],[-51.033,35.787],[-52.707,34.72],[-54.36,34.051],[-58.482,32.628],[-60.91,32.314],[-63.17,31.958],[-66.099,31.205],[-67.257,31.107],[-68.778,30.953],[-70.647,30.856],[-72.879,31.079],[-74.009,31.428],[-74.763,31.846],[-77.52,34.353],[-78.692,35.218],[-80.617,36.743],[-81.678,37.775],[-82.291,38.231],[-83.966,39.096],[-85.463,39.505],[-86.319,39.719],[-87.053,40.017],[-87.528,40.361],[-87.965,41.142],[-87.928,41.458],[-87.649,41.691],[-87.332,41.793],[-86.616,41.812],[-84.784,41.672],[-83.863,41.477],[-82.245,41.272],[-80.952,41.077],[-80.31,40.956],[-78.832,40.026],[-77.874,39.338],[-76.739,38.591],[-76.19,38.08],[-75.232,37.606],[-74.544,37.429],[-73.744,37.345],[-71.689,37.578],[-71.066,37.671],[-70.154,37.903],[-69.922,38.173],[-69.643,38.564],[-69.569,38.982],[-69.736,39.382],[-69.987,39.67],[-70.359,39.949],[-70.778,40.005],[-71.205,39.987],[-71.736,39.828],[-72.228,39.735],[-72.842,39.642],[-73.484,39.633],[-74.377,40.089],[-74.935,40.452],[-75.511,40.879],[-76.302,41.251],[-76.776,41.456],[-77.678,41.642],[-79.529,42.163],[-80.599,42.358],[-82.291,42.814],[-82.933,42.972],[-83.631,43.074],[-84.979,43.344],[-86.439,43.549],[-88.895,43.744],[-90.485,44.153],[-91.741,44.758],[-92.224,44.897],[-93.173,45.13],[-94.763,45.371],[-95.228,45.548],[-95.545,45.799],[-95.563,46.05],[-95.526,46.404],[-95.424,46.776],[-95.21,47.111],[-94.875,47.399],[-94.447,47.659],[-93.489,47.957],[-93.164,48.115],[-92.922,48.357],[-92.606,48.961],[-92.41,49.492],[-92.131,50.022],[-92.029,50.425],[-92.116,50.615],[-92.198,51.036],[-92.509,51.363],[-92.752,51.756],[-93.005,52.062],[-93.083,52.278],[-93.047,52.35],[-92.951,52.366],[-92.794,52.341],[-92.298,52.184],[-91.906,52.0],[-91.228,51.597],[-91.055,51.429],[-90.856,51.302],[-90.697,51.176],[-90.592,51.145],[-90.592,51.214],[-90.895,51.435],[-91.216,51.784],[-91.232,51.839],[-91.21,51.876],[-91.149,51.876],[-90.806,51.76],[-90.615,51.626],[-90.519,51.545],[-90.165,51.151],[-89.999,51.01],[-89.958,51.01],[-89.961,51.082],[-90.074,51.206],[-90.057,51.256],[-89.98,51.258],[-89.843,51.192],[-89.593,50.928],[-89.614,50.992],[-89.753,51.154],[-89.773,51.199],[-89.759,51.216],[-89.702,51.201],[-89.55,51.119],[-89.457,51.036],[-89.426,51.021],[-89.414,51.03],[-89.548,51.186],[-89.755,51.338],[-89.786,51.377],[-89.786,51.408],[-89.762,51.444],[-89.701,51.453],[-89.434,51.424],[-89.251,51.37],[-88.824,51.107],[-88.074,50.526],[-87.942,50.471],[-87.815,50.465],[-87.732,50.526],[-87.73,50.598],[-87.798,50.688],[-87.983,50.81],[-88.11,50.914],[-88.215,51.025],[-88.523,51.267],[-88.789,51.564],[-88.862,51.729],[-88.844,51.777],[-88.745,51.797],[-88.388,51.678],[-87.985,51.426],[-87.544,51.083],[-87.457,51.046],[-87.914,51.458],[-87.915,51.482],[-87.865,51.523],[-87.748,51.526]]]}},{"type":"Feature","properties":{"density":1},"geometry":{"type":"Polygon","coordinates":[[[-122.44,61.822],[-122.355,62.011],[-122.251,62.089],[-122.163,62.109],[-122.143,62.086],[-122.148,62.045],[-122.186,61.995],[-122.299,61.915],[-122.407,61.788],[-122.434,61.793],[-122.44,61.822]]]}},{"type":"Feature","properties":{"density":1},"geometry":{"type":"Polygon","coordinates":[[[-105.078,38.125],[-105.179,38.15],[-105.251,38.147],[-105.327,38.12],[-105.392,38.07],[-105.429,38.014],[-105.419,37.91],[-105.388,37.869],[-105.338,37.848],[-105.257,37.849],[-105.116,37.881],[-104.991,37.935],[-104.989,37.964],[-105.078,38.125]]]}},{"type":"Feature","properties":{"density":1},"geometry":{"type":"Polygon","coordinates":[[[-108.244,39.929],[-108.211,39.931],[-107.973,39.857],[-107.897,39.809],[-107.884,39.755],[-107.913,39.729],[-107.956,39.723],[-108.075,39.72],[-108.189,39.737],[-108.245,39.768],[-108.285,39.846],[-108.281,39.898],[-108.262,39.928],[-108.244,39.929]]]}},{"type":"Feature","properties":{"density":1},"geometry":{"type":"Polygon","coordinates":[[[-123.077,42.648],[-123.059,42.73],[-123.083,42.983],[-123.209,43.673],[-123.221,44.525],[-123.265,45.19],[-123.097,46.139],[-122.998,47.193],[-122.949,48.185],[-122.837,48.52],[-122.713,48.718],[-122.589,48.824],[-122.118,49.103],[-121.963,49.14],[-121.504,49.14],[-121.225,49.034],[-121.076,48.904],[-120.965,48.544],[-120.971,48.29],[-121.076,47.986],[-121.43,47.466],[-121.721,46.443],[-121.857,45.754],[-121.919,44.766],[-121.89,44.498],[-121.878,43.721],[-121.895,43.427],[-121.957,42.989],[-121.938,42.688],[-121.952,42.537],[-121.989,42.464],[-122.055,42.421],[-122.144,42.39],[-122.369,42.39],[-122.676,42.499],[-122.984,42.544],[-123.078,42.592],[-123.077,42.648]]]}},{"type":"Feature","properties":{"density":1},"geometry":{"type":"Polygon","coordinates":[[[-129.576,65.515],[-129.157,66.17],[-125.467,69.093],[-123.019,70.579],[-120.801,71.165],[-117.871,71.583],[-115.841,71.813],[-106.466,71.792],[-99.817,70.406],[-97.432,69.778],[-90.749,66.651],[-85.06,64.39],[-83.63,63.205],[-82.611,61.809],[-82.723,60.777],[-83.797,60.135],[-85.681,60.08],[-88.038,60.554],[-89.196,60.289],[-89.74,59.229],[-89.197,58.515],[-88.165,57.659],[-85.896,56.274],[-84.571,54.516],[-83.822,52.786],[-82.911,51.335],[-82.153,50.442],[-80.544,49.022],[-77.894,46.99],[-76.043,46.301],[-75.336,46.097],[-74.434,45.753],[-73.29,45.427],[-71.736,44.879],[-70.145,44.442],[-68.536,44.823],[-65.92,45.542],[-64.393,46.421],[-63.346,46.923],[-62.237,47.886],[-61.044,49.016],[-59.873,49.915],[-57.152,51.882],[-56.503,52.196],[-54.557,52.364],[-53.95,52.134],[-53.448,51.966],[-53.051,51.61],[-52.779,50.941],[-52.695,50.418],[-52.99,48.451],[-53.437,46.563],[-53.706,45.205],[-53.613,44.684],[-53.39,44.293],[-53.102,44.237],[-52.386,44.377],[-52.06,44.516],[-51.353,44.777],[-50.488,45.493],[-50.089,45.707],[-49.568,45.912],[-49.313,46.075],[-48.447,46.711],[-47.619,46.763],[-46.406,46.93],[-45.401,46.972],[-44.208,46.616],[-42.618,45.926],[-41.948,45.193],[-41.362,43.582],[-41.049,41.908],[-41.383,40.652],[-42.095,39.731],[-43.601,38.978],[-45.296,38.204],[-47.243,37.89],[-47.724,37.723],[-49.356,36.593],[-49.963,36.028],[-50.549,35.295],[-51.114,34.312],[-51.888,33.537],[-52.725,32.449],[-53.562,31.738],[-54.316,31.424],[-55.173,31.194],[-56.262,31.131],[-57.496,31.298],[-59.673,32.031],[-60.844,32.073],[-62.993,31.912],[-63.927,31.605],[-65.127,30.852],[-65.908,30.503],[-67.15,30.266],[-68.071,30.224],[-69.41,30.196],[-70.694,30.21],[-72.13,30.392],[-73.177,30.615],[-74.516,31.005],[-76.165,31.427],[-77.318,31.846],[-78.276,32.599],[-79.82,33.38],[-81.466,34.041],[-82.777,34.999],[-84.647,36.555],[-88.369,38.068],[-90.564,38.217],[-92.582,38.542],[-94.024,38.226],[-95.094,38.059],[-96.042,38.114],[-97.298,38.114],[-98.428,38.347],[-99.839,38.421],[-100.195,39.028],[-100.321,40.43],[-100.321,41.853],[-100.049,43.192],[-99.993,44.827],[-99.881,47.001],[-100.363,47.963],[-102.34,50.757],[-105.176,53.268],[-106.243,54.335],[-108.284,55.09],[-109.842,55.061],[-111.4,55.252],[-112.841,55.056],[-114.376,54.591],[-115.483,54.321],[-116.98,53.773],[-117.994,53.029],[-119.374,51.252],[-120.064,49.411],[-120.232,47.8],[-121.236,44.577],[-121.32,44.089],[-121.473,43.586],[-121.571,43.14],[-121.78,42.429],[-122.143,42.052],[-122.617,41.996],[-122.813,42.122],[-123.008,42.317],[-123.189,42.568],[-123.602,43.331],[-123.676,44.298],[-124.011,45.484],[-124.248,45.93],[-125.573,47.883],[-126.745,48.943],[-127.164,49.25],[-128.277,49.601],[-129.496,50.132],[-130.175,50.504],[-130.705,50.829],[-131.867,51.62],[-132.36,52.122],[-132.677,52.633],[-132.807,53.071],[-133.165,54.094],[-133.123,54.387],[-132.774,54.889],[-132.37,55.224],[-131.686,55.907],[-130.019,57.26],[-129.328,58.035],[-128.052,59.353],[-127.675,60.064],[-127.173,61.069],[-127.006,61.676],[-127.11,62.345],[-127.466,63.203],[-128.073,63.894],[-128.638,64.312],[-129.433,65.191],[-129.576,65.515]]]}},{"type":"Feature","properties":{"density":1},"geometry":{"type":"Polygon","coordinates":[[[-78.453,51.766],[-78.086,51.727],[-77.83,51.598],[-77.538,51.379],[-77.319,51.255],[-77.121,51.089],[-76.823,50.908],[-76.583,50.792],[-76.162,50.515],[-76.087,50.432],[-76.042,50.341],[-76.0,50.168],[-76.005,50.011],[-76.178,49.808],[-76.339,49.775],[-76.583,49.758],[-76.918,49.758],[-77.389,49.878],[-78.03,50.13],[-78.199,50.263],[-78.41,50.474],[-78.505,50.705],[-78.691,51.023],[-78.757,51.222],[-78.737,51.577],[-78.687,51.693],[-78.638,51.751],[-78.526,51.78],[-78.453,51.766]]]}},{"type":"Feature","properties":{"density":1},"geometry":{"type":"Polygon","coordinates":[[[-46.826,54.875],[-46.142,54.959],[-45.221,55.029],[-44.51,55.126],[-43.603,55.391],[-41.776,56.312],[-40.897,56.773],[-39.948,57.317],[-39.181,57.665],[-38.483,57.93],[-37.576,58.307],[-36.488,58.489],[-35.54,58.6],[-34.717,58.544],[-34.27,58.363],[-33.935,58.014],[-33.866,57.372],[-33.894,56.745],[-34.256,55.95],[-34.954,55.252],[-35.888,54.792],[-37.116,54.317],[-38.386,53.927],[-39.878,53.369],[-41.022,52.629],[-41.636,51.946],[-42.152,51.234],[-42.641,50.816],[-43.478,50.788],[-44.928,51.206],[-45.556,51.402],[-46.812,51.681],[-47.468,51.918],[-47.802,52.378],[-47.928,52.727],[-47.942,53.578],[-47.858,54.178],[-47.537,54.61],[-47.119,54.833],[-46.826,54.875]]]}},{"type":"Feature","properties":{"density":1},"geometry":{"type":"Polygon","coordinates":[[[-92.231,15.591],[-91.257,14.748],[-90.811,14.148],[-90.588,13.576],[-90.783,13.06],[-91.508,12.739],[-94.41,12.251],[-96.838,12.0],[-98.93,11.846],[-101.148,12.251],[-102.557,13.283],[-103.394,14.106],[-105.439,15.556],[-107.155,17.356],[-108.055,18.381],[-108.557,19.134],[-108.892,19.951],[-109.164,20.704],[-109.164,22.378],[-108.976,22.964],[-108.62,23.634],[-108.181,23.968],[-107.595,24.115],[-107.009,24.178],[-106.318,23.968],[-105.439,23.361],[-104.895,22.734],[-103.995,22.266],[-103.084,21.683],[-101.391,20.517],[-101.031,20.35],[-100.597,19.922],[-100.263,19.687],[-99.752,19.47],[-99.349,19.228],[-98.878,18.801],[-98.455,18.222],[-98.176,17.776],[-97.916,17.246],[-97.553,16.836],[-97.116,16.623],[-96.567,16.492],[-95.925,16.455],[-95.619,16.62],[-95.548,16.732],[-95.499,17.088],[-95.42,17.228],[-95.28,17.389],[-95.073,17.48],[-94.792,17.567],[-94.395,17.621],[-94.048,17.629],[-93.792,17.617],[-93.572,17.546],[-93.382,17.418],[-92.833,16.625],[-92.696,16.364],[-92.671,16.215],[-92.461,15.831],[-92.231,15.591]]]}},{"type":"Feature","properties":{"density":1},"geometry":{"type":"Polygon","coordinates":[[[-81.182,27.787],[-80.938,27.791],[-80.767,27.745],[-80.541,27.714],[-80.37,27.655],[-80.212,27.534],[-80.159,27.437],[-80.139,27.343],[-80.141,27.098],[-80.155,27.008],[-80.194,26.929],[-80.319,26.766],[-80.407,26.748],[-80.462,26.771],[-80.519,26.803],[-80.628,26.911],[-80.683,26.979],[-80.756,27.113],[-80.819,27.277],[-80.907,27.402],[-81.239,27.648],[-81.203,27.784],[-81.182,27.787]]]}},{"type":"Feature","properties":{"density":1},"geometry":{"type":"Polygon","coordinates":[[[-107.546,38.289],[-107.377,38.25],[-107.168,38.096],[-107.129,38.019],[-107.124,37.702],[-107.149,37.619],[-107.204,37.55],[-107.273,37.542],[-107.433,37.608],[-107.535,37.721],[-107.634,37.93],[-107.656,38.148],[-107.601,38.264],[-107.546,38.289]]]}},{"type":"Feature","properties":{"density":2},"geometry":{"type":"Polygon","coordinates":[[[-95.262,36.157],[-93.651,37.055],[-91.438,37.525],[-88.895,37.62],[-83.271,37.193],[-80.415,36.55],[-77.925,34.983],[-75.947,34.088],[-74.535,32.911],[-73.311,32.205],[-71.474,31.875],[-70.261,31.983],[-67.859,32.297],[-65.929,32.814],[-63.716,33.756],[-61.55,34.792],[-59.431,36.016],[-56.834,38.637],[-55.17,40.458],[-53.63,43.364],[-53.159,45.341],[-53.159,47.366],[-54.336,48.637],[-56.455,48.92],[-58.15,48.496],[-60.42,47.026],[-63.269,45.762],[-65.748,45.04],[-67.82,44.727],[-69.358,45.072],[-73.345,46.17],[-78.49,47.837],[-81.569,49.027],[-83.81,50.285],[-86.007,51.457],[-88.623,52.943],[-90.109,53.759],[-91.553,54.847],[-92.494,55.684],[-95.581,58.101],[-98.359,60.125],[-100.666,62.009],[-105.327,65.587],[-107.399,66.67],[-112.06,67.988],[-115.497,68.412],[-118.934,68.365],[-122.277,67.565],[-124.961,66.293],[-127.974,63.845],[-129.999,61.067],[-131.411,58.901],[-132.965,56.029],[-133.436,53.769],[-133.577,51.415],[-133.342,50.567],[-132.918,49.72],[-131.6,49.155],[-130.47,49.108],[-129.154,49.176],[-127.739,49.485],[-124.114,50.473],[-122.437,50.745],[-120.938,50.706],[-118.992,50.832],[-117.077,51.365],[-115.445,52.338],[-112.84,53.406],[-110.36,53.625],[-107.441,52.966],[-103.141,50.329],[-99.437,48.321],[-96.737,46.971],[-95.011,45.339],[-94.666,44.271],[-95.011,43.11],[-95.67,42.451],[-97.993,41.698],[-101.132,41.321],[-105.275,40.159],[-108.288,38.935],[-108.979,37.962],[-108.791,37.021],[-107.221,36.534],[-105.244,37.021],[-103.015,37.429],[-101.383,37.272],[-100.242,36.678],[-100.284,35.09],[-99.625,34.243],[-97.93,34.18],[-96.737,34.713],[-95.262,36.157]]]}},{"type":"Feature","properties":{"density":2},"geometry":{"type":"Polygon","coordinates":[[[-122.226,46.831],[-122.375,46.673],[-122.505,46.506],[-122.645,46.162],[-122.858,45.845],[-123.072,45.65],[-123.314,45.297],[-123.547,44.674],[-123.598,44.181],[-123.458,42.911],[-123.347,42.535],[-123.137,42.242],[-122.691,42.2],[-122.496,42.325],[-122.328,42.632],[-122.133,43.074],[-121.966,43.609],[-121.756,44.055],[-121.445,44.553],[-121.324,45.032],[-121.315,46.162],[-121.259,46.552],[-121.342,46.794],[-121.417,46.906],[-121.594,46.962],[-121.835,46.989],[-122.049,46.962],[-122.226,46.831]]]}},{"type":"Feature","properties":{"density":2},"geometry":{"type":"Polygon","coordinates":[[[-87.823,51.497],[-87.643,51.44],[-87.584,51.405],[-87.12,51.06],[-87.041,51.025],[-86.705,50.793],[-86.459,50.641],[-86.041,50.456],[-85.917,50.36],[-85.837,50.161],[-85.787,49.952],[-85.779,49.905],[-85.807,49.867],[-85.881,49.85],[-86.074,49.877],[-86.275,49.968],[-86.792,50.09],[-86.908,50.139],[-87.571,50.603],[-87.932,50.972],[-88.089,51.099],[-88.177,51.203],[-88.236,51.302],[-88.744,51.675],[-88.764,51.729],[-88.734,51.757],[-88.701,51.757],[-88.472,51.654],[-88.154,51.467],[-87.733,51.171],[-87.473,51.011],[-87.346,50.959],[-87.342,50.989],[-87.871,51.454],[-87.872,51.492],[-87.823,51.497]]]}},{"type":"Feature","properties":{"density":2},"geometry":{"type":"Polygon","coordinates":[[[-87.771,50.341],[-87.678,50.289],[-87.651,50.248],[-87.651,50.219],[-87.701,50.195],[-87.744,50.225],[-87.807,50.326],[-87.771,50.341]]]}},{"type":"Feature","properties":{"density":2},"geometry":{"type":"Polygon","coordinates":[[[-87.427,50.436],[-87.33,50.403],[-87.291,50.345],[-87.337,50.337],[-87.396,50.358],[-87.446,50.401],[-87.451,50.43],[-87.427,50.436]]]}},{"type":"Feature","properties":{"density":2},"geometry":{"type":"Polygon","coordinates":[[[-92.983,52.272],[-92.78,52.248],[-92.698,52.215],[-92.593,52.171],[-92.088,51.871],[-91.95,51.814],[-91.814,51.784],[-91.693,51.67],[-91.563,51.588],[-91.072,51.349],[-90.943,51.244],[-90.776,51.005],[-90.404,50.735],[-90.344,50.702],[-90.319,50.697],[-90.311,50.713],[-90.415,50.829],[-90.443,50.887],[-90.443,50.923],[-90.399,50.961],[-90.335,50.956],[-90.173,50.845],[-90.003,50.626],[-89.777,50.481],[-89.729,50.473],[-89.713,50.481],[-89.713,50.51],[-89.852,50.687],[-89.896,50.775],[-89.898,50.824],[-89.859,50.882],[-89.866,50.961],[-89.946,51.106],[-90.04,51.192],[-90.042,51.217],[-89.972,51.223],[-89.916,51.195],[-89.805,51.109],[-89.677,50.961],[-89.571,50.913],[-89.545,50.92],[-89.547,50.934],[-89.753,51.163],[-89.765,51.184],[-89.751,51.203],[-89.712,51.199],[-89.599,51.133],[-89.441,50.978],[-89.408,50.975],[-89.392,51.016],[-89.506,51.172],[-89.594,51.255],[-89.734,51.327],[-89.768,51.37],[-89.751,51.428],[-89.61,51.428],[-89.33,51.342],[-88.983,51.181],[-88.765,51.052],[-88.449,50.737],[-88.262,50.594],[-88.047,50.471],[-87.873,50.414],[-87.73,50.34],[-87.546,50.166],[-87.495,50.107],[-87.438,49.984],[-87.422,49.414],[-87.378,49.248],[-87.285,49.141],[-87.089,49.038],[-87.01,49.021],[-86.837,49.079],[-86.729,49.386],[-86.609,49.579],[-86.405,49.64],[-86.24,49.634],[-85.952,49.496],[-85.514,49.197],[-85.386,49.056],[-85.113,48.957],[-84.956,48.941],[-84.423,48.953],[-84.096,48.928],[-83.6,48.949],[-82.885,48.887],[-82.207,48.676],[-81.488,48.176],[-81.157,47.808],[-80.856,47.655],[-80.533,47.705],[-80.347,47.709],[-79.566,47.51],[-78.81,47.221],[-78.055,47.006],[-77.051,46.833],[-76.362,46.616],[-75.879,46.337],[-74.863,45.841],[-74.267,45.494],[-73.858,45.176],[-73.394,44.96],[-73.028,44.693],[-71.227,44.008],[-70.762,43.915],[-70.213,44.018],[-68.074,44.018],[-67.107,44.25],[-64.89,44.914],[-64.022,45.0],[-63.378,45.174],[-62.851,45.372],[-61.265,46.178],[-60.918,46.327],[-60.025,46.91],[-58.931,47.729],[-58.68,47.877],[-58.317,48.156],[-57.982,48.342],[-57.666,48.473],[-56.699,48.631],[-56.262,48.631],[-55.704,48.547],[-55.164,48.491],[-54.467,48.361],[-53.965,48.091],[-53.174,47.445],[-52.714,46.817],[-52.407,46.036],[-52.295,45.575],[-52.184,44.92],[-52.17,44.083],[-52.211,43.288],[-52.573,42.063],[-53.357,41.248],[-54.061,40.473],[-56.794,38.191],[-57.352,37.645],[-58.902,36.3],[-60.47,35.11],[-63.031,34.031],[-64.184,33.677],[-66.038,33.15],[-67.26,32.915],[-68.165,32.853],[-69.659,32.89],[-70.614,33.014],[-71.78,33.088],[-72.102,33.059],[-72.282,32.897],[-72.3,32.794],[-72.198,32.655],[-72.131,32.381],[-72.263,32.183],[-72.691,32.06],[-73.007,32.153],[-73.686,32.478],[-74.635,33.008],[-75.769,33.771],[-76.086,34.041],[-76.862,34.533],[-78.541,35.659],[-79.359,36.449],[-79.843,36.877],[-81.006,37.528],[-81.461,37.845],[-81.824,38.124],[-82.122,38.412],[-82.308,38.663],[-82.382,38.914],[-82.27,39.128],[-82.047,39.286],[-81.694,39.323],[-81.071,39.342],[-80.615,39.295],[-79.741,39.1],[-79.35,38.961],[-78.029,38.403],[-76.541,37.677],[-76.123,37.445],[-75.546,36.738],[-74.691,36.133],[-74.087,35.862],[-73.339,35.499],[-72.635,35.231],[-70.859,34.971],[-70.431,34.971],[-70.143,35.054],[-69.678,35.147],[-69.175,35.194],[-68.785,35.166],[-68.208,35.017],[-67.464,34.924],[-66.891,34.996],[-66.442,35.123],[-66.033,35.264],[-65.446,35.519],[-64.665,36.003],[-64.414,36.198],[-63.688,36.71],[-63.363,36.989],[-63.204,37.249],[-63.13,37.556],[-63.288,38.068],[-63.679,38.691],[-64.293,39.04],[-64.502,39.207],[-64.962,39.374],[-65.66,39.528],[-66.251,39.387],[-66.913,39.284],[-67.822,39.222],[-68.641,39.498],[-69.329,39.815],[-69.817,40.009],[-70.412,40.125],[-71.263,40.257],[-72.094,39.984],[-72.958,39.806],[-73.595,39.997],[-74.411,40.792],[-75.331,41.4],[-76.571,41.716],[-77.35,41.991],[-78.908,42.192],[-79.327,42.304],[-80.457,42.485],[-82.27,43.099],[-83.317,43.253],[-84.321,43.532],[-85.13,43.727],[-86.037,43.797],[-87.293,43.811],[-88.004,43.853],[-88.785,43.992],[-89.99,44.452],[-90.647,44.731],[-91.05,44.924],[-91.267,45.072],[-91.645,45.172],[-92.73,45.296],[-93.679,45.438],[-94.643,45.609],[-94.996,45.795],[-95.248,46.009],[-95.257,46.353],[-95.089,46.688],[-94.829,47.05],[-94.448,47.348],[-94.048,47.59],[-93.592,47.711],[-93.103,47.647],[-92.688,47.709],[-92.562,47.838],[-92.472,48.068],[-92.392,48.55],[-92.326,48.76],[-92.221,48.936],[-92.097,49.226],[-91.992,49.53],[-91.844,49.89],[-91.701,50.326],[-91.701,50.467],[-91.755,50.653],[-91.862,50.847],[-92.003,50.967],[-92.605,51.673],[-92.621,51.807],[-92.693,51.947],[-92.983,52.184],[-93.02,52.244],[-92.983,52.272]]]}},{"type":"Feature","properties":{"density":2},"geometry":{"type":"Polygon","coordinates":[[[-91.067,51.765],[-90.83,51.678],[-90.717,51.599],[-90.643,51.51],[-90.645,51.485],[-90.67,51.471],[-90.784,51.507],[-91.136,51.761],[-91.125,51.78],[-91.067,51.765]]]}},{"type":"Feature","properties":{"density":2},"geometry":{"type":"Polygon","coordinates":[[[-98.652,55.437],[-98.526,55.415],[-98.208,55.297],[-98.122,55.288],[-97.978,55.23],[-97.794,55.115],[-97.774,55.051],[-97.79,55.036],[-98.064,54.975],[-98.248,55.016],[-98.314,55.054],[-98.504,55.229],[-98.697,55.366],[-98.706,55.399],[-98.652,55.437]]]}},{"type":"Feature","properties":{"density":2},"geometry":{"type":"Polygon","coordinates":[[[-95.474,53.599],[-95.449,53.622],[-95.399,53.625],[-95.281,53.589],[-95.251,53.57],[-95.241,53.536],[-95.287,53.526],[-95.474,53.599]]]}},{"type":"Feature","properties":{"density":2},"geometry":{"type":"Polygon","coordinates":[[[-123.86,60.557],[-123.615,60.819],[-123.46,61.093],[-123.418,61.511],[-123.502,61.988],[-123.736,62.49],[-124.163,63.553],[-124.414,64.407],[-124.389,64.868],[-124.038,65.37],[-123.343,65.805],[-121.648,66.433],[-120.468,66.684],[-117.642,67.199],[-115.131,67.274],[-113.399,67.136],[-111.327,66.621],[-109.381,66.408],[-106.025,65.444],[-103.464,64.59],[-102.221,63.511],[-101.493,62.594],[-101.292,62.104],[-100.865,61.351],[-100.413,60.648],[-99.697,60.07],[-98.843,59.556],[-96.922,58.639],[-96.119,58.149],[-94.549,57.459],[-94.035,57.145],[-92.603,56.429],[-91.335,55.902],[-90.795,55.601],[-90.08,55.136],[-89.816,54.759],[-89.753,54.32],[-89.929,53.868],[-90.582,53.566],[-91.599,53.24],[-92.089,53.165],[-92.741,53.114],[-93.382,53.089],[-95.001,53.14],[-95.956,53.34],[-96.948,53.73],[-98.613,54.969],[-98.806,55.069],[-98.99,55.002],[-99.132,54.801],[-99.107,54.55],[-98.99,54.19],[-98.533,54.004],[-98.416,53.853],[-98.371,53.552],[-98.267,53.351],[-98.025,53.217],[-97.72,53.173],[-97.345,53.095],[-96.95,53.058],[-96.523,52.935],[-96.214,52.786],[-95.983,52.581],[-95.872,52.313],[-95.844,51.978],[-95.938,51.71],[-96.162,51.504],[-96.524,51.409],[-96.988,51.353],[-97.685,51.415],[-98.768,51.643],[-99.125,51.766],[-99.465,51.956],[-100.47,52.166],[-102.196,53.051],[-102.644,53.339],[-103.092,53.58],[-103.572,53.719],[-103.874,53.842],[-104.047,53.976],[-104.052,54.121],[-103.952,54.255],[-103.762,54.35],[-103.544,54.406],[-103.556,54.506],[-103.678,54.752],[-103.84,54.885],[-104.119,54.885],[-104.354,54.757],[-104.476,54.657],[-104.677,54.534],[-104.794,54.539],[-104.833,54.679],[-104.752,55.102],[-104.658,55.308],[-104.574,55.383],[-104.544,55.44],[-104.579,55.524],[-104.673,55.601],[-105.057,55.651],[-105.186,55.613],[-105.298,55.606],[-105.432,55.626],[-105.556,55.673],[-105.801,55.715],[-105.796,55.834],[-105.747,55.971],[-105.682,56.065],[-105.558,56.139],[-105.372,56.171],[-104.75,56.325],[-104.631,56.325],[-104.443,56.192],[-104.052,56.128],[-103.858,56.128],[-103.595,56.088],[-103.131,55.897],[-102.908,55.873],[-102.886,55.905],[-102.911,55.954],[-103.196,56.121],[-103.221,56.195],[-103.149,56.269],[-103.05,56.321],[-102.881,56.443],[-102.566,56.548],[-102.146,56.648],[-101.934,56.678],[-101.697,56.746],[-101.374,56.784],[-101.296,56.851],[-101.299,56.955],[-101.366,57.137],[-101.588,57.325],[-102.023,57.485],[-102.979,58.112],[-104.168,58.503],[-105.646,59.016],[-106.462,59.443],[-107.555,59.895],[-108.346,60.297],[-109.35,60.648],[-110.882,60.837],[-111.517,60.702],[-112.092,60.423],[-112.851,60.127],[-113.701,59.958],[-114.567,60.297],[-115.082,60.648],[-115.823,60.724],[-116.451,60.673],[-116.802,60.422],[-116.752,60.221],[-116.639,60.083],[-116.601,59.882],[-116.802,59.631],[-117.166,59.606],[-117.982,59.694],[-118.648,59.619],[-119.326,59.493],[-120.506,59.33],[-120.807,59.33],[-121.234,59.066],[-121.661,58.665],[-122.0,58.514],[-122.615,58.338],[-123.281,58.413],[-123.896,58.727],[-124.298,59.054],[-124.461,59.43],[-124.474,59.857],[-124.285,60.171],[-124.047,60.347],[-123.86,60.557]]]}},{"type":"Feature","properties":{"density":2},"geometry":{"type":"Polygon","coordinates":[[[-104.425,56.229],[-104.326,56.293],[-104.145,56.326],[-104.111,56.312],[-104.377,56.218],[-104.425,56.229]]]}},{"type":"Feature","properties":{"density":2},"geometry":{"type":"Polygon","coordinates":[[[-123.078,42.582],[-123.202,42.866],[-123.229,43.277],[-123.224,43.461],[-123.155,43.627],[-123.097,43.718],[-122.973,43.845],[-122.92,43.835],[-122.818,43.739],[-122.782,43.869],[-122.806,43.965],[-122.816,44.11],[-122.746,44.367],[-122.691,44.505],[-122.674,44.933],[-122.599,45.393],[-122.542,45.653],[-122.479,45.826],[-122.4,45.999],[-122.33,46.048],[-122.289,46.021],[-122.277,45.942],[-122.414,45.309],[-122.467,44.656],[-122.46,44.213],[-122.484,44.035],[-122.493,43.744],[-122.414,43.12],[-122.433,43.036],[-122.525,42.884],[-122.561,42.771],[-122.508,42.49],[-122.515,42.463],[-122.549,42.444],[-122.792,42.466],[-122.973,42.514],[-123.062,42.557],[-123.078,42.582]]]}},{"type":"Feature","properties":{"density":2},"geometry":{"type":"Polygon","coordinates":[[[-107.586,38.223],[-107.573,38.24],[-107.459,38.275],[-107.226,38.267],[-107.136,38.126],[-107.116,37.952],[-107.145,37.923],[-107.205,37.912],[-107.284,37.95],[-107.483,38.111],[-107.589,38.166],[-107.6,38.184],[-107.586,38.223]]]}},{"type":"Feature","properties":{"density":2},"geometry":{"type":"Polygon","coordinates":[[[-105.065,37.956],[-105.026,38.02],[-104.995,38.035],[-104.961,38.037],[-104.919,38.014],[-104.892,37.971],[-104.908,37.951],[-105.04,37.928],[-105.056,37.93],[-105.065,37.956]]]}},{"type":"Feature","properties":{"density":2},"geometry":{"type":"Polygon","coordinates":[[[-95.362,53.674],[-95.228,53.668],[-94.976,53.573],[-94.907,53.503],[-94.911,53.464],[-94.931,53.435],[-95.002,53.397],[-95.121,53.401],[-95.458,53.551],[-95.487,53.58],[-95.484,53.626],[-95.362,53.674]]]}},{"type":"Feature","properties":{"density":2},"geometry":{"type":"Polygon","coordinates":[[[-91.074,51.804],[-90.972,51.785],[-90.709,51.679],[-90.573,51.582],[-90.244,51.282],[-90.207,51.217],[-90.213,51.145],[-90.273,51.117],[-90.323,51.114],[-90.38,51.139],[-90.489,51.229],[-90.91,51.491],[-91.145,51.7],[-91.187,51.76],[-91.163,51.807],[-91.074,51.804]]]}},{"type":"Feature","properties":{"density":2},"geometry":{"type":"Polygon","coordinates":[[[-88.633,51.763],[-88.37,51.674],[-88.069,51.535],[-87.872,51.351],[-87.781,51.287],[-87.744,51.298],[-87.896,51.43],[-87.911,51.482],[-87.898,51.529],[-87.777,51.526],[-87.382,51.377],[-87.297,51.331],[-87.103,51.283],[-86.615,50.994],[-86.483,50.887],[-86.011,50.577],[-85.78,50.407],[-85.458,50.039],[-85.305,49.796],[-85.301,49.68],[-85.325,49.552],[-85.409,49.379],[-85.498,49.357],[-85.726,49.341],[-85.894,49.393],[-86.043,49.459],[-86.374,49.65],[-86.567,49.729],[-86.751,49.831],[-86.953,49.975],[-87.068,50.085],[-87.29,50.529],[-87.492,50.735],[-88.137,51.114],[-88.644,51.439],[-88.781,51.56],[-88.879,51.718],[-88.855,51.792],[-88.805,51.817],[-88.71,51.808],[-88.633,51.763]]]}},{"type":"Feature","properties":{"density":2},"geometry":{"type":"Polygon","coordinates":[[[-124.053,66.046],[-123.395,66.387],[-122.546,66.654],[-121.448,67.026],[-120.791,67.267],[-119.548,67.405],[-118.376,67.196],[-116.674,67.057],[-114.651,67.14],[-112.726,67.587],[-111.275,67.74],[-109.322,67.824],[-106.578,67.465],[-105.291,66.837],[-102.713,64.207],[-102.183,63.454],[-101.848,62.756],[-100.983,61.417],[-100.662,61.027],[-100.132,60.51],[-99.602,59.952],[-98.326,58.805],[-98.001,58.48],[-97.434,57.866],[-96.978,57.559],[-96.457,57.327],[-95.49,56.722],[-92.99,55.564],[-91.809,55.229],[-91.047,54.904],[-90.386,54.615],[-88.833,53.788],[-88.498,53.425],[-87.094,52.039],[-86.443,51.37],[-85.931,50.914],[-83.597,49.812],[-83.29,49.575],[-82.662,49.226],[-81.867,48.64],[-81.351,48.166],[-80.821,47.733],[-79.761,46.994],[-78.544,46.681],[-77.08,46.34],[-75.791,45.961],[-74.772,45.712],[-74.353,45.628],[-73.223,45.558],[-72.372,45.238],[-71.716,45.014],[-70.447,44.4],[-69.584,44.378],[-67.996,44.512],[-67.271,44.707],[-66.35,44.931],[-64.034,45.0],[-63.634,45.028],[-62.807,45.168],[-62.193,45.251],[-61.644,45.363],[-61.235,45.521],[-60.788,45.744],[-60.37,46.079],[-58.891,46.842],[-58.603,47.167],[-57.357,48.163],[-56.985,48.516],[-56.008,49.213],[-55.506,49.651],[-55.264,49.818],[-54.985,50.05],[-54.613,50.199],[-54.315,50.283],[-53.85,50.004],[-53.664,49.753],[-53.767,49.455],[-53.86,48.907],[-54.036,48.432],[-54.408,46.898],[-54.483,46.526],[-54.743,45.847],[-54.748,44.642],[-54.441,44.154],[-53.967,43.847],[-53.478,43.722],[-52.362,44.015],[-51.874,44.252],[-51.33,44.545],[-50.911,44.6],[-50.66,44.307],[-50.716,43.819],[-51.818,42.173],[-52.32,41.462],[-53.339,40.304],[-54.078,39.508],[-55.069,37.904],[-55.417,37.416],[-55.589,36.667],[-55.179,35.988],[-54.045,35.467],[-53.05,34.891],[-52.836,34.137],[-53.096,33.328],[-53.989,32.659],[-55.579,32.714],[-57.467,33.319],[-59.076,33.812],[-60.164,33.914],[-62.657,32.923],[-64.229,32.346],[-64.787,32.207],[-66.61,31.649],[-67.484,31.574],[-69.865,31.565],[-70.674,31.593],[-71.139,31.472],[-71.66,31.305],[-72.357,31.258],[-73.26,31.37],[-73.901,31.658],[-75.31,32.477],[-75.933,32.942],[-76.473,33.49],[-77.087,34.206],[-78.193,35.276],[-79.561,36.187],[-80.407,37.024],[-80.993,37.545],[-81.551,38.085],[-82.769,39.136],[-82.869,39.315],[-82.918,39.477],[-82.745,39.607],[-82.503,39.663],[-81.957,39.75],[-81.647,39.762],[-81.16,39.694],[-80.677,39.564],[-78.147,39.145],[-77.375,38.857],[-77.17,38.596],[-76.315,37.759],[-75.617,37.369],[-73.915,36.95],[-73.032,36.764],[-71.506,36.401],[-70.539,36.401],[-68.921,36.262],[-68.4,36.178],[-67.87,36.187],[-67.34,36.318],[-67.014,36.597],[-66.791,36.885],[-66.689,37.238],[-66.717,37.638],[-66.949,38.289],[-67.338,38.757],[-67.865,39.03],[-68.553,39.123],[-69.167,39.114],[-69.985,38.931],[-71.132,38.714],[-72.137,38.844],[-72.565,39.327],[-73.432,39.963],[-73.971,40.122],[-74.604,40.335],[-75.31,40.54],[-77.477,41.098],[-78.919,41.554],[-80.119,41.851],[-83.076,42.447],[-83.746,42.605],[-85.048,42.781],[-86.229,42.986],[-87.429,43.228],[-88.815,43.674],[-90.628,44.567],[-91.456,44.818],[-92.33,44.939],[-93.855,45.19],[-94.665,45.432],[-95.77,46.193],[-95.857,46.31],[-95.839,46.527],[-95.777,46.695],[-95.634,46.875],[-95.448,47.073],[-95.336,47.104],[-95.07,47.092],[-94.561,47.017],[-94.059,46.974],[-93.73,46.974],[-93.191,47.048],[-92.881,47.296],[-92.726,47.501],[-92.689,48.166],[-92.528,48.402],[-92.373,48.594],[-92.063,48.786],[-90.866,49.406],[-90.68,49.562],[-90.698,49.779],[-90.897,50.002],[-91.656,50.433],[-93.377,51.195],[-93.935,51.353],[-94.828,51.484],[-96.316,51.046],[-96.707,51.019],[-97.627,51.102],[-94.916,52.702],[-95.828,53.362],[-96.888,54.06],[-97.39,54.32],[-97.79,54.488],[-98.153,54.618],[-98.385,54.571],[-98.543,54.274],[-98.543,53.995],[-98.255,53.697],[-97.995,53.465],[-97.251,52.962],[-96.907,52.572],[-96.795,52.265],[-97.279,51.753],[-97.558,51.567],[-97.874,51.549],[-99.12,52.004],[-99.529,52.19],[-102.054,52.53],[-102.598,52.697],[-103.673,53.172],[-104.552,53.744],[-104.998,54.19],[-105.319,54.623],[-105.849,55.25],[-106.1,56.306],[-105.821,56.538],[-105.003,57.013],[-104.696,57.385],[-104.519,57.85],[-104.519,58.333],[-104.714,58.789],[-104.956,59.152],[-105.44,59.533],[-106.491,59.98],[-108.155,60.775],[-108.783,61.04],[-109.983,61.333],[-111.197,61.486],[-112.257,61.319],[-113.136,60.793],[-113.871,60.905],[-114.54,61.147],[-115.48,61.556],[-115.805,61.547],[-116.168,61.407],[-116.382,61.156],[-116.614,60.71],[-116.81,60.496],[-117.191,60.356],[-117.702,60.226],[-118.512,60.217],[-118.744,60.328],[-118.865,60.468],[-118.8,60.849],[-118.567,61.063],[-118.233,61.314],[-118.019,61.668],[-118.084,62.17],[-118.549,62.598],[-119.2,62.598],[-119.879,62.542],[-120.195,62.384],[-120.666,62.046],[-120.908,61.971],[-121.224,61.723],[-121.503,61.661],[-121.813,61.736],[-121.987,61.959],[-122.08,62.201],[-122.173,62.759],[-122.284,63.131],[-122.34,63.199],[-122.421,63.174],[-122.557,62.858],[-122.656,62.765],[-122.762,62.759],[-122.886,62.808],[-122.929,62.945],[-122.954,63.133],[-122.946,63.232],[-122.962,63.435],[-123.074,63.468],[-123.227,63.426],[-123.38,63.327],[-123.533,63.29],[-123.677,63.286],[-123.793,63.336],[-123.859,63.493],[-124.426,63.964],[-124.686,64.23],[-124.866,64.534],[-125.027,64.751],[-125.139,64.962],[-125.145,65.154],[-124.847,65.644],[-124.649,65.83],[-124.357,66.004],[-124.053,66.046]]]}},{"type":"Feature","properties":{"density":2},"geometry":{"type":"Polygon","coordinates":[[[-123.096,42.596],[-123.217,42.989],[-123.232,43.381],[-123.214,43.794],[-123.065,44.013],[-122.909,44.203],[-122.802,44.443],[-122.724,44.683],[-122.525,45.569],[-122.376,46.011],[-122.297,46.081],[-122.198,46.139],[-122.136,46.139],[-122.172,45.932],[-122.139,45.919],[-122.103,45.93],[-122.045,45.987],[-121.965,46.001],[-121.949,45.921],[-122.007,45.756],[-122.252,45.296],[-122.348,45.037],[-122.417,44.797],[-122.483,44.645],[-122.511,44.323],[-122.425,43.995],[-122.346,43.546],[-122.333,43.272],[-122.355,43.041],[-122.346,42.578],[-122.364,42.504],[-122.421,42.44],[-122.496,42.444],[-122.786,42.519],[-123.02,42.529],[-123.085,42.564],[-123.096,42.596]]]}},{"type":"Feature","properties":{"density":2},"geometry":{"type":"Polygon","coordinates":[[[-121.508,49.838],[-121.639,49.988],[-121.661,50.044],[-121.663,50.094],[-121.615,50.202],[-121.585,50.216],[-121.553,50.21],[-121.497,50.156],[-121.423,50.139],[-121.37,50.157],[-121.211,50.292],[-121.117,50.348],[-120.972,50.361],[-120.928,50.321],[-120.972,50.176],[-121.164,50.01],[-121.222,49.977],[-121.38,49.788],[-121.444,49.785],[-121.508,49.838]]]}},{"type":"Feature","properties":{"density":2},"geometry":{"type":"Polygon","coordinates":[[[-122.244,51.255],[-122.443,51.283],[-122.448,51.323],[-122.423,51.373],[-122.309,51.452],[-122.173,51.475],[-122.151,51.43],[-122.155,51.396],[-122.212,51.249],[-122.244,51.255]]]}},{"type":"Feature","properties":{"density":2},"geometry":{"type":"Polygon","coordinates":[[[-81.135,27.742],[-81.014,27.705],[-80.938,27.632],[-80.893,27.535],[-80.965,27.515],[-81.158,27.66],[-81.17,27.698],[-81.156,27.733],[-81.135,27.742]]]}},{"type":"Feature","properties":{"density":2},"geometry":{"type":"Polygon","coordinates":[[[-78.298,51.668],[-78.128,51.646],[-77.921,51.555],[-77.331,51.028],[-77.012,50.83],[-76.397,50.524],[-76.32,50.441],[-76.314,50.367],[-76.331,50.24],[-76.389,50.1],[-76.477,49.992],[-76.601,49.915],[-76.78,49.899],[-77.009,49.901],[-77.282,49.956],[-77.599,50.039],[-77.893,50.171],[-78.117,50.337],[-78.323,50.568],[-78.541,50.866],[-78.659,51.152],[-78.684,51.282],[-78.687,51.45],[-78.618,51.673],[-78.577,51.712],[-78.398,51.717],[-78.322,51.691],[-78.298,51.668]]]}},{"type":"Feature","properties":{"density":2},"geometry":{"type":"Polygon","coordinates":[[[-126.037,64.239],[-125.996,64.409],[-125.937,64.52],[-125.751,64.657],[-125.712,64.712],[-125.55,64.8],[-125.404,64.818],[-125.344,64.804],[-125.255,64.743],[-125.246,64.675],[-125.414,64.554],[-125.606,64.385],[-125.674,64.384],[-125.727,64.362],[-125.978,64.199],[-126.009,64.196],[-126.037,64.239]]]}},{"type":"Feature","properties":{"density":2},"geometry":{"type":"Polygon","coordinates":[[[-125.255,66.149],[-124.799,66.428],[-124.269,66.781],[-123.609,67.069],[-122.883,67.33],[-121.944,67.59],[-121.228,67.73],[-119.116,68.436],[-117.512,69.106],[-115.699,69.608],[-114.638,69.776],[-113.397,69.831],[-109.881,69.319],[-108.081,69.089],[-107.077,68.712],[-104.42,67.485],[-101.429,65.926],[-99.658,64.657],[-97.091,62.411],[-95.184,61.704],[-94.515,61.332],[-92.84,60.486],[-92.338,60.17],[-91.873,59.825],[-90.928,58.948],[-90.252,58.44],[-89.945,58.263],[-88.787,57.189],[-88.127,56.631],[-87.987,56.296],[-88.062,56.11],[-88.555,56.026],[-89.791,56.342],[-90.526,56.705],[-91.512,57.04],[-93.707,58.212],[-94.358,58.621],[-95.13,59.133],[-97.595,60.304],[-98.083,60.43],[-98.292,60.263],[-98.222,59.984],[-97.678,59.188],[-97.12,58.575],[-96.423,57.947],[-95.46,57.305],[-94.102,56.277],[-93.023,55.57],[-92.214,55.124],[-91.033,54.64],[-87.959,53.603],[-87.387,53.297],[-85.896,52.246],[-85.403,51.762],[-83.738,50.367],[-83.013,49.902],[-81.478,48.804],[-80.697,48.312],[-79.411,46.947],[-79.181,46.651],[-78.871,46.31],[-78.424,45.952],[-78.095,45.828],[-76.625,45.452],[-76.236,45.243],[-75.566,44.989],[-74.611,44.66],[-73.377,44.367],[-72.942,44.355],[-72.329,44.237],[-71.876,44.206],[-70.629,44.194],[-70.015,44.225],[-69.531,44.305],[-68.237,44.57],[-67.166,44.401],[-66.043,44.246],[-63.278,44.333],[-60.835,45.027],[-58.516,46.1],[-57.431,46.906],[-56.592,48.037],[-55.843,49.748],[-55.304,51.032],[-55.062,51.385],[-54.634,51.674],[-54.039,51.729],[-53.462,51.45],[-53.155,50.911],[-53.09,50.167],[-53.955,47.054],[-54.067,46.007],[-54.067,44.556],[-53.774,44.054],[-53.509,43.957],[-53.09,43.929],[-52.434,44.068],[-50.342,45.394],[-49.868,45.659],[-49.407,45.728],[-49.086,45.686],[-48.989,45.115],[-49.198,44.556],[-49.425,43.869],[-49.875,43.071],[-50.084,42.778],[-51.005,41.752],[-51.611,40.936],[-52.155,40.12],[-52.386,39.513],[-52.867,38.655],[-53.118,37.839],[-53.223,37.002],[-53.223,35.014],[-53.244,34.324],[-53.39,33.696],[-53.704,33.131],[-54.185,32.733],[-54.918,32.65],[-55.797,32.65],[-56.382,32.796],[-57.178,33.026],[-58.308,33.277],[-59.466,33.687],[-59.772,33.659],[-60.135,33.584],[-62.019,32.915],[-62.8,32.594],[-63.288,32.482],[-64.362,32.161],[-65.246,31.929],[-66.427,31.659],[-68.752,31.362],[-69.729,31.222],[-70.845,31.096],[-71.821,31.013],[-72.547,30.999],[-73.314,31.18],[-74.109,31.529],[-75.365,32.31],[-77.039,33.705],[-78.387,35.068],[-78.955,35.496],[-79.968,36.351],[-82.219,38.323],[-82.833,39.067],[-82.954,39.346],[-82.917,39.681],[-82.656,39.923],[-82.312,40.09],[-81.754,40.202],[-81.112,40.202],[-80.489,40.127],[-79.875,39.969],[-77.873,39.25],[-76.515,38.859],[-76.05,38.599],[-75.473,38.208],[-72.976,36.785],[-71.874,36.102],[-71.051,35.669],[-70.228,35.432],[-69.432,35.181],[-68.665,35.027],[-67.689,34.888],[-66.935,34.874],[-66.154,34.93],[-65.219,35.237],[-64.606,35.585],[-64.285,36.074],[-64.166,36.729],[-64.594,37.668],[-65.078,38.245],[-65.896,38.45],[-66.603,38.496],[-67.226,38.515],[-69.151,38.983],[-70.127,38.722],[-71.024,38.411],[-71.527,38.453],[-72.154,38.704],[-72.796,39.039],[-73.815,39.458],[-78.283,40.569],[-79.003,40.77],[-79.933,41.152],[-80.863,41.468],[-81.811,41.654],[-84.941,42.207],[-85.666,42.319],[-86.503,42.421],[-87.378,42.635],[-88.921,43.3],[-90.289,43.849],[-90.94,44.044],[-91.963,44.314],[-92.763,44.593],[-93.386,44.779],[-94.558,45.309],[-95.19,45.625],[-95.822,45.969],[-96.557,46.313],[-96.948,46.537],[-97.143,46.751],[-97.199,47.16],[-97.059,47.476],[-96.659,47.69],[-95.674,47.867],[-95.209,47.848],[-93.655,47.178],[-93.404,47.197],[-93.209,47.29],[-93.004,47.467],[-92.809,47.709],[-92.679,48.059],[-92.713,48.366],[-92.806,48.673],[-93.122,49.017],[-93.476,49.203],[-93.829,49.352],[-94.359,49.435],[-96.154,49.659],[-96.805,49.789],[-97.307,49.984],[-97.726,50.226],[-98.554,50.793],[-99.093,51.081],[-99.874,51.612],[-100.637,52.179],[-103.363,53.434],[-103.469,53.552],[-103.81,53.844],[-103.934,54.048],[-104.182,54.21],[-104.666,54.327],[-105.171,54.578],[-105.459,54.774],[-105.878,55.09],[-106.11,55.35],[-106.194,56.001],[-106.017,56.215],[-105.71,56.392],[-104.957,57.155],[-104.864,57.35],[-104.883,57.834],[-104.938,58.42],[-105.441,59.061],[-106.352,59.935],[-107.301,60.298],[-107.812,60.642],[-108.733,61.117],[-109.319,61.182],[-110.788,61.191],[-112.025,60.986],[-112.286,60.838],[-113.085,60.825],[-114.034,60.867],[-114.62,61.09],[-115.415,61.774],[-115.708,61.858],[-116.071,61.816],[-116.524,61.475],[-117.407,60.912],[-117.668,60.875],[-118.077,60.856],[-118.356,60.977],[-118.505,61.2],[-118.57,61.377],[-118.57,61.6],[-118.607,61.758],[-118.728,61.926],[-119.704,62.372],[-119.974,62.344],[-120.253,62.214],[-120.978,61.749],[-121.258,61.616],[-121.38,61.616],[-121.719,61.669],[-121.881,61.746],[-121.934,61.796],[-122.003,61.939],[-122.004,62.099],[-122.026,62.139],[-122.093,62.124],[-122.21,62.049],[-122.788,61.939],[-123.003,61.836],[-123.084,61.834],[-123.124,61.878],[-123.124,62.064],[-123.081,62.163],[-122.868,62.521],[-122.871,62.577],[-122.906,62.612],[-122.95,62.619],[-123.061,62.578],[-123.135,62.572],[-123.207,62.592],[-123.337,62.893],[-123.378,63.067],[-123.433,63.138],[-123.517,63.201],[-123.629,63.228],[-123.763,63.336],[-124.103,63.548],[-124.389,63.753],[-125.07,64.111],[-125.467,64.218],[-125.762,64.147],[-125.973,64.145],[-126.077,64.174],[-126.22,64.33],[-126.22,64.715],[-126.114,65.136],[-125.717,65.793],[-125.383,66.091],[-125.255,66.149]]]}},{"type":"Feature","properties":{"density":2},"geometry":{"type":"Polygon","coordinates":[[[-123.047,42.616],[-123.045,42.649],[-122.964,42.731],[-122.902,42.83],[-122.778,43.153],[-122.718,43.209],[-122.568,43.251],[-122.532,43.338],[-122.48,43.396],[-122.429,43.393],[-122.375,43.366],[-122.349,43.315],[-122.333,43.138],[-122.233,42.94],[-122.117,42.865],[-122.067,42.814],[-122.015,42.707],[-122.035,42.543],[-122.145,42.491],[-122.231,42.483],[-122.309,42.479],[-122.638,42.535],[-122.868,42.535],[-123.035,42.591],[-123.047,42.616]]]}},{"type":"Feature","properties":{"density":2},"geometry":{"type":"Polygon","coordinates":[[[-121.551,50.009],[-121.103,50.377],[-120.825,50.707],[-120.657,50.802],[-120.533,50.839],[-120.376,50.911],[-120.156,50.984],[-120.119,50.977],[-120.112,50.916],[-120.152,50.839],[-120.332,50.604],[-120.488,50.486],[-120.782,50.184],[-120.913,50.088],[-121.465,49.812],[-121.534,49.846],[-121.563,49.897],[-121.564,49.988],[-121.551,50.009]]]}},{"type":"Feature","properties":{"density":2},"geometry":{"type":"Polygon","coordinates":[[[-122.332,51.261],[-122.484,51.293],[-122.547,51.328],[-122.488,51.533],[-122.402,51.62],[-122.128,51.722],[-121.843,51.951],[-121.286,52.318],[-121.064,52.412],[-120.92,52.452],[-120.814,52.449],[-120.727,52.415],[-120.705,52.302],[-120.72,52.23],[-120.77,52.149],[-120.878,52.063],[-120.994,51.982],[-121.757,51.562],[-122.17,51.272],[-122.204,51.234],[-122.239,51.23],[-122.332,51.261]]]}},{"type":"Feature","properties":{"density":2},"geometry":{"type":"Polygon","coordinates":[[[-81.147,27.76],[-80.948,27.719],[-80.757,27.603],[-80.603,27.409],[-80.548,27.278],[-80.55,27.214],[-80.638,27.194],[-80.713,27.231],[-81.04,27.567],[-81.176,27.633],[-81.211,27.68],[-81.208,27.701],[-81.147,27.76]]]}},{"type":"Feature","properties":{"density":3},"geometry":{"type":"Polygon","coordinates":[[[-123.69,65.12],[-123.975,64.971],[-124.062,64.735],[-124.093,64.518],[-123.938,64.314],[-123.683,64.14],[-123.336,63.973],[-123.018,63.774],[-122.634,63.596],[-122.484,63.503],[-122.452,63.414],[-122.634,63.257],[-122.853,62.974],[-122.846,62.875],[-122.791,62.838],[-122.722,62.844],[-122.621,63.005],[-122.555,63.154],[-122.464,63.261],[-122.316,63.356],[-122.154,63.348],[-122.001,63.017],[-121.978,62.832],[-121.848,62.559],[-121.737,62.368],[-121.592,62.186],[-121.514,62.112],[-121.377,62.038],[-121.272,62.019],[-121.216,62.106],[-121.358,62.342],[-121.414,62.466],[-121.42,62.559],[-121.309,62.509],[-121.154,62.187],[-121.067,62.131],[-120.918,62.112],[-120.844,62.119],[-120.794,62.195],[-120.776,62.323],[-120.782,62.429],[-120.726,62.708],[-120.662,62.901],[-120.54,63.042],[-120.366,63.291],[-120.168,63.402],[-119.845,63.464],[-119.56,63.464],[-119.349,63.52],[-118.694,64.11],[-117.977,64.306],[-117.485,64.401],[-117.129,64.213],[-116.964,63.543],[-117.019,62.641],[-117.391,61.73],[-117.308,61.376],[-116.964,61.172],[-116.331,60.986],[-115.652,61.125],[-114.806,60.837],[-114.201,60.493],[-113.216,60.418],[-112.49,60.493],[-111.856,60.844],[-110.788,61.053],[-109.951,61.158],[-108.905,61.011],[-108.298,60.676],[-107.545,60.132],[-106.666,59.609],[-105.578,59.107],[-104.343,58.73],[-103.443,58.521],[-102.627,58.165],[-100.829,57.144],[-100.355,56.716],[-99.781,56.114],[-98.819,55.759],[-98.086,55.424],[-96.726,55.047],[-95.826,54.629],[-94.385,53.891],[-93.492,53.835],[-93.092,54.04],[-93.213,54.319],[-93.501,54.542],[-93.288,54.765],[-92.897,54.979],[-92.776,55.23],[-92.888,55.416],[-93.957,55.732],[-94.803,56.021],[-96.115,56.532],[-98.812,58.215],[-100.03,58.569],[-101.807,59.871],[-103.155,61.554],[-103.304,62.248],[-102.92,62.49],[-102.05,62.622],[-101.573,62.795],[-101.678,62.969],[-102.211,63.204],[-103.947,63.762],[-106.768,64.552],[-107.891,64.912],[-108.864,64.999],[-110.036,65.47],[-111.443,66.09],[-113.136,66.412],[-114.203,66.443],[-115.48,66.199],[-116.096,66.257],[-116.782,66.505],[-117.716,66.576],[-120.581,65.807],[-121.11,65.414],[-121.598,65.344],[-122.081,65.422],[-122.813,65.315],[-123.69,65.12]]]}},{"type":"Feature","properties":{"density":3},"geometry":{"type":"Polygon","coordinates":[[[-105.447,55.925],[-105.565,55.874],[-105.637,55.758],[-105.582,55.701],[-105.347,55.733],[-105.31,55.715],[-105.341,55.663],[-105.305,55.63],[-105.194,55.663],[-105.02,55.675],[-104.752,55.51],[-104.392,55.386],[-104.361,55.324],[-104.43,55.262],[-104.653,55.163],[-104.69,55.082],[-104.659,54.853],[-104.709,54.623],[-104.69,54.561],[-104.609,54.555],[-104.504,54.753],[-104.401,54.892],[-104.186,54.925],[-104.033,54.966],[-103.892,54.946],[-103.731,54.888],[-103.582,54.751],[-103.496,54.508],[-103.392,54.35],[-102.979,54.04],[-102.75,53.894],[-102.526,53.786],[-102.21,53.662],[-101.863,53.569],[-101.615,53.464],[-101.206,53.34],[-100.66,53.216],[-99.773,52.968],[-99.606,52.943],[-99.438,52.968],[-99.364,52.999],[-99.277,53.104],[-99.311,53.241],[-99.426,53.396],[-99.457,53.563],[-99.327,53.712],[-99.172,53.786],[-98.874,53.799],[-98.738,53.83],[-98.657,53.947],[-98.676,54.053],[-98.924,54.152],[-99.06,54.251],[-99.116,54.338],[-99.245,54.444],[-99.488,54.512],[-99.873,54.498],[-100.126,54.514],[-100.402,54.584],[-100.65,54.671],[-101.043,54.746],[-101.301,54.834],[-101.739,54.95],[-101.966,55.032],[-102.173,55.157],[-102.253,55.262],[-102.272,55.334],[-102.379,55.495],[-102.553,55.599],[-102.756,55.653],[-103.214,55.659],[-103.686,55.591],[-103.772,55.632],[-103.719,55.694],[-103.493,55.727],[-103.487,55.795],[-103.549,55.857],[-104.027,56.018],[-104.523,56.006],[-104.634,55.975],[-105.025,55.956],[-105.211,55.975],[-105.447,55.925]]]}},{"type":"Feature","properties":{"density":3},"geometry":{"type":"Polygon","coordinates":[[[-101.883,55.456],[-102.12,55.384],[-102.19,55.32],[-102.163,55.255],[-102.095,55.2],[-101.893,55.171],[-101.628,55.171],[-101.024,55.239],[-100.858,55.225],[-100.691,55.163],[-100.468,54.97],[-100.245,54.685],[-100.102,54.611],[-99.897,54.648],[-99.767,54.735],[-99.655,54.84],[-99.6,54.952],[-99.593,55.101],[-99.668,55.442],[-99.674,55.721],[-99.779,55.944],[-100.102,56.223],[-100.269,56.322],[-100.548,56.452],[-100.778,56.527],[-101.044,56.576],[-101.312,56.595],[-101.609,56.638],[-102.03,56.638],[-102.377,56.583],[-102.886,56.415],[-102.904,56.366],[-102.899,56.295],[-102.619,56.223],[-102.322,56.192],[-101.942,56.084],[-101.968,56.045],[-102.377,56.099],[-102.675,56.118],[-102.737,56.056],[-102.743,55.981],[-102.644,55.888],[-102.501,55.826],[-101.925,55.746],[-101.726,55.764],[-101.441,55.821],[-101.212,55.839],[-101.075,55.832],[-101.013,55.783],[-101.026,55.721],[-101.883,55.456]]]}},{"type":"Feature","properties":{"density":3},"geometry":{"type":"Polygon","coordinates":[[[-103.095,56.248],[-103.145,56.22],[-103.147,56.155],[-103.102,56.078],[-103.052,56.065],[-102.867,56.121],[-102.826,56.142],[-102.812,56.182],[-102.845,56.214],[-102.954,56.216],[-102.948,56.275],[-102.963,56.293],[-103.095,56.248]]]}},{"type":"Feature","properties":{"density":3},"geometry":{"type":"Polygon","coordinates":[[[-104.394,56.248],[-104.408,56.223],[-104.363,56.213],[-104.244,56.251],[-104.236,56.278],[-104.243,56.293],[-104.269,56.289],[-104.394,56.248]]]}},{"type":"Feature","properties":{"density":3},"geometry":{"type":"Polygon","coordinates":[[[-98.673,55.409],[-98.695,55.394],[-98.691,55.37],[-98.52,55.287],[-98.228,55.086],[-98.137,55.07],[-98.107,55.097],[-98.096,55.172],[-98.132,55.232],[-98.253,55.298],[-98.438,55.364],[-98.673,55.409]]]}},{"type":"Feature","properties":{"density":3},"geometry":{"type":"Polygon","coordinates":[[[-92.227,51.887],[-92.323,51.887],[-92.343,51.834],[-92.252,51.743],[-92.128,51.54],[-91.843,51.205],[-91.752,51.028],[-91.703,50.887],[-91.682,50.693],[-91.69,50.416],[-91.597,50.329],[-91.765,49.869],[-92.246,48.927],[-92.518,48.341],[-92.56,47.588],[-92.246,46.479],[-91.366,45.543],[-90.431,45.069],[-89.538,44.58],[-89.092,44.469],[-88.59,44.399],[-87.892,44.483],[-86.734,44.469],[-85.995,44.525],[-85.27,44.371],[-84.739,44.148],[-83.275,43.687],[-82.019,43.367],[-80.429,43.143],[-79.829,42.92],[-77.89,42.781],[-76.969,42.613],[-75.49,42.167],[-74.36,41.693],[-73.015,41.289],[-71.299,41.206],[-70.295,41.394],[-68.391,41.687],[-66.988,42.189],[-65.9,42.503],[-64.582,42.775],[-62.782,43.173],[-61.066,43.466],[-59.874,43.905],[-58.869,44.177],[-57.656,44.638],[-56.798,45.014],[-56.023,45.537],[-55.416,46.081],[-54.914,46.835],[-55.061,47.714],[-55.73,47.986],[-56.735,48.048],[-57.99,47.567],[-58.639,46.981],[-59.371,46.249],[-60.313,45.893],[-61.527,45.684],[-63.054,45.621],[-64.122,45.433],[-65.417,44.99],[-66.903,44.551],[-68.828,44.174],[-70.775,43.944],[-72.428,43.86],[-73.976,44.3],[-75.211,44.676],[-75.964,45.095],[-77.031,45.743],[-77.994,46.267],[-79.04,46.727],[-79.94,47.187],[-80.652,47.48],[-81.468,47.899],[-81.991,48.129],[-82.702,48.129],[-83.665,48.464],[-85.021,48.799],[-85.761,49.092],[-86.221,49.33],[-87.203,49.699],[-87.584,49.941],[-87.91,50.174],[-88.468,50.694],[-89.035,51.169],[-89.379,51.355],[-89.509,51.383],[-89.655,51.39],[-89.611,51.318],[-89.424,51.119],[-89.385,51.031],[-89.374,50.949],[-89.41,50.932],[-89.564,51.114],[-89.63,51.164],[-89.752,51.21],[-89.765,51.186],[-89.732,51.142],[-89.553,50.982],[-89.559,50.918],[-89.63,50.913],[-89.787,51.131],[-89.994,51.243],[-89.986,51.183],[-89.881,51.081],[-89.804,50.976],[-89.815,50.781],[-89.798,50.723],[-89.735,50.643],[-89.641,50.475],[-89.672,50.398],[-89.779,50.428],[-89.917,50.519],[-90.016,50.621],[-90.129,50.836],[-90.187,50.913],[-90.289,50.976],[-90.355,50.957],[-90.361,50.921],[-90.272,50.723],[-90.093,50.409],[-89.732,50.227],[-89.724,50.174],[-89.785,50.078],[-89.911,50.07],[-90.129,50.199],[-90.319,50.381],[-90.449,50.593],[-90.647,50.789],[-90.766,50.88],[-91.118,51.073],[-91.306,51.158],[-91.391,51.271],[-91.46,51.409],[-91.565,51.53],[-91.904,51.762],[-92.006,51.795],[-92.116,51.864],[-92.227,51.887]]]}},{"type":"Feature","properties":{"density":3},"geometry":{"type":"Polygon","coordinates":[[[-88.694,51.743],[-88.741,51.735],[-88.734,51.691],[-88.659,51.627],[-88.383,51.48],[-88.304,51.417],[-88.155,51.265],[-87.9,50.912],[-87.667,50.712],[-87.542,50.572],[-87.189,50.328],[-86.95,50.269],[-86.785,50.302],[-86.627,50.359],[-86.52,50.471],[-86.452,50.659],[-86.497,50.798],[-86.631,50.945],[-86.825,51.092],[-87.044,51.23],[-87.828,51.506],[-87.882,51.498],[-87.716,51.362],[-87.711,51.311],[-87.751,51.281],[-87.926,51.307],[-88.003,51.335],[-88.146,51.469],[-88.304,51.585],[-88.536,51.697],[-88.694,51.743]]]}},{"type":"Feature","properties":{"density":3},"geometry":{"type":"Polygon","coordinates":[[[-105.074,38.168],[-105.107,38.113],[-105.089,37.937],[-105.047,37.906],[-104.995,37.9],[-104.863,37.953],[-104.828,38.001],[-104.837,38.069],[-104.87,38.11],[-104.951,38.165],[-105.004,38.179],[-105.074,38.168]]]}},{"type":"Feature","properties":{"density":3},"geometry":{"type":"Polygon","coordinates":[[[-107.336,38.198],[-107.352,38.194],[-107.381,38.136],[-107.315,38.049],[-107.214,37.993],[-107.168,37.986],[-107.136,38.003],[-107.125,38.045],[-107.166,38.103],[-107.278,38.181],[-107.336,38.198]]]}},{"type":"Feature","properties":{"density":3},"geometry":{"type":"Polygon","coordinates":[[[-107.551,38.224],[-107.574,38.192],[-107.567,38.159],[-107.552,38.154],[-107.495,38.167],[-107.419,38.22],[-107.446,38.257],[-107.47,38.258],[-107.551,38.224]]]}},{"type":"Feature","properties":{"density":3},"geometry":{"type":"Polygon","coordinates":[[[-123.204,43.429],[-123.266,43.252],[-123.249,43.082],[-123.179,42.801],[-123.067,42.586],[-122.997,42.512],[-122.947,42.499],[-122.865,42.524],[-122.807,42.561],[-122.741,42.656],[-122.662,42.933],[-122.505,43.119],[-122.497,43.343],[-122.567,43.562],[-122.608,43.925],[-122.592,44.124],[-122.55,44.326],[-122.493,44.492],[-122.439,44.938],[-122.439,45.108],[-122.468,45.269],[-122.521,45.318],[-122.6,45.211],[-122.612,44.727],[-122.695,44.273],[-122.736,44.149],[-122.877,43.88],[-123.088,43.558],[-123.204,43.429]]]}},{"type":"Feature","properties":{"density":3},"geometry":{"type":"Polygon","coordinates":[[[-81.23,39.865],[-81.795,39.394],[-81.889,38.735],[-81.371,38.138],[-80.618,37.573],[-79.252,36.82],[-78.311,36.067],[-75.862,34.278],[-75.156,33.713],[-74.403,33.242],[-73.508,33.085],[-72.692,32.896],[-72.127,33.022],[-71.876,33.618],[-71.185,33.807],[-69.647,33.65],[-66.304,33.76],[-64.656,34.042],[-62.679,34.874],[-61.235,35.721],[-59.619,36.82],[-56.746,39.268],[-56.276,40.241],[-56.511,40.869],[-57.688,41.01],[-59.336,40.728],[-60.67,40.116],[-61.737,39.174],[-62.742,38.076],[-64.374,36.208],[-65.692,35.313],[-67.105,34.843],[-69.694,34.654],[-72.88,35.47],[-75.297,36.538],[-76.584,37.259],[-78.593,38.656],[-79.441,39.504],[-80.288,39.88],[-81.23,39.865]]]}},{"type":"Feature","properties":{"density":3},"geometry":{"type":"Polygon","coordinates":[[[-89.683,51.431],[-89.519,51.394],[-89.132,51.251],[-88.929,51.129],[-88.762,50.982],[-88.595,50.749],[-88.552,50.631],[-88.541,50.51],[-88.519,50.444],[-88.305,50.161],[-88.179,50.043],[-88.069,49.975],[-87.94,49.867],[-87.821,49.711],[-87.768,49.573],[-87.697,48.988],[-87.639,48.897],[-87.42,48.666],[-87.177,48.554],[-87.024,48.463],[-86.352,48.302],[-85.403,48.203],[-84.694,48.238],[-83.959,48.208],[-83.219,48.075],[-82.677,47.873],[-81.458,47.625],[-81.255,47.559],[-80.858,47.422],[-80.271,47.083],[-79.928,46.98],[-79.631,46.914],[-78.618,46.79],[-77.504,46.571],[-76.456,46.323],[-75.23,45.879],[-74.709,45.517],[-73.891,44.912],[-73.696,44.67],[-73.398,44.419],[-73.156,44.14],[-72.933,43.945],[-72.782,43.777],[-72.529,43.534],[-72.35,43.449],[-71.422,43.234],[-70.658,43.234],[-70.107,43.333],[-68.935,43.595],[-68.401,43.618],[-67.611,43.782],[-64.145,44.784],[-62.66,45.1],[-61.674,45.355],[-61.017,45.741],[-60.513,46.171],[-59.694,46.466],[-58.945,46.838],[-58.189,47.159],[-57.861,47.376],[-57.545,47.543],[-57.148,47.624],[-56.85,47.63],[-56.615,47.438],[-56.522,47.14],[-56.571,46.669],[-56.72,46.155],[-57.073,45.516],[-58.096,44.456],[-58.611,44.102],[-59.268,43.705],[-60.595,43.191],[-60.911,43.036],[-61.364,42.881],[-61.81,42.862],[-62.282,42.868],[-63.001,43.017],[-63.72,43.093],[-64.348,43.024],[-65.244,42.541],[-66.544,42.103],[-67.809,41.83],[-68.185,41.58],[-68.589,41.16],[-69.067,40.933],[-69.574,40.823],[-70.33,40.69],[-71.068,40.53],[-71.796,40.491],[-72.262,40.607],[-73.796,41.256],[-74.459,41.504],[-74.918,41.728],[-75.581,41.852],[-76.456,42.186],[-76.906,42.281],[-77.427,42.343],[-78.043,42.356],[-78.785,42.461],[-80.017,42.763],[-80.827,42.895],[-81.461,43.046],[-82.404,43.24],[-83.23,43.497],[-84.309,43.753],[-84.974,44.117],[-85.156,44.183],[-85.623,44.431],[-86.036,44.534],[-86.714,44.604],[-87.818,44.534],[-88.176,44.421],[-88.532,44.402],[-89.064,44.424],[-90.212,44.784],[-90.502,44.943],[-90.777,45.123],[-91.083,45.288],[-91.797,45.642],[-92.045,45.729],[-92.541,46.039],[-92.797,46.312],[-92.797,46.518],[-92.698,46.638],[-92.495,46.791],[-92.318,46.899],[-92.032,46.981],[-91.776,47.221],[-91.714,47.407],[-91.776,47.568],[-92.037,47.791],[-92.285,47.971],[-92.396,48.108],[-92.409,48.362],[-92.278,48.554],[-91.919,48.74],[-91.098,49.041],[-90.649,49.339],[-90.387,49.482],[-90.227,49.592],[-90.2,49.647],[-90.2,49.716],[-90.255,49.865],[-90.371,50.063],[-90.423,50.19],[-90.517,50.325],[-90.605,50.408],[-90.685,50.54],[-90.785,50.651],[-90.789,50.748],[-90.746,50.759],[-90.679,50.744],[-90.588,50.684],[-89.982,50.161],[-89.872,50.112],[-89.392,49.743],[-89.359,49.737],[-89.337,49.755],[-89.355,49.805],[-89.627,50.202],[-89.651,50.275],[-89.636,50.309],[-89.556,50.318],[-89.542,50.228],[-89.518,50.215],[-89.469,50.22],[-89.444,50.26],[-89.392,50.291],[-89.391,50.327],[-89.494,50.541],[-89.748,50.83],[-89.755,50.88],[-89.723,50.901],[-89.682,50.899],[-89.334,50.815],[-89.31,50.84],[-89.301,50.884],[-89.313,50.981],[-89.328,51.019],[-89.493,51.185],[-89.741,51.339],[-89.757,51.371],[-89.746,51.418],[-89.683,51.431]]]}},{"type":"Feature","properties":{"density":3},"geometry":{"type":"Polygon","coordinates":[[[-88.686,51.728],[-88.391,51.598],[-87.848,51.236],[-87.744,51.099],[-87.511,50.875],[-87.478,50.829],[-87.467,50.765],[-87.509,50.756],[-87.645,50.809],[-88.038,51.097],[-88.215,51.29],[-88.37,51.428],[-88.719,51.682],[-88.738,51.736],[-88.686,51.728]]]}},{"type":"Feature","properties":{"density":3},"geometry":{"type":"Polygon","coordinates":[[[-92.3,51.887],[-91.843,51.753],[-91.685,51.627],[-91.347,51.441],[-91.273,51.375],[-91.149,51.254],[-90.97,50.905],[-90.919,50.721],[-90.957,50.648],[-91.04,50.637],[-91.216,50.701],[-91.309,50.763],[-91.719,51.161],[-91.941,51.331],[-92.181,51.612],[-92.187,51.665],[-92.142,51.668],[-92.148,51.695],[-92.212,51.759],[-92.362,51.855],[-92.361,51.889],[-92.3,51.887]]]}},{"type":"Feature","properties":{"density":3},"geometry":{"type":"Polygon","coordinates":[[[-104.684,55.111],[-104.579,55.301],[-104.532,55.326],[-104.244,55.33],[-104.178,55.268],[-104.19,55.167],[-104.238,55.086],[-104.266,55.05],[-104.337,55.011],[-104.438,55.004],[-104.664,55.048],[-104.682,55.059],[-104.684,55.111]]]}},{"type":"Feature","properties":{"density":3},"geometry":{"type":"Polygon","coordinates":[[[-105.645,55.735],[-105.651,55.921],[-105.598,55.999],[-105.539,56.022],[-105.375,56.007],[-105.351,55.952],[-105.496,55.734],[-105.567,55.701],[-105.645,55.735]]]}},{"type":"Feature","properties":{"density":3},"geometry":{"type":"Polygon","coordinates":[[[-103.484,55.594],[-103.44,55.642],[-103.389,55.659],[-103.226,55.644],[-103.115,55.601],[-103.107,55.576],[-103.129,55.546],[-103.224,55.519],[-103.404,55.511],[-103.471,55.536],[-103.489,55.564],[-103.484,55.594]]]}},{"type":"Feature","properties":{"density":3},"geometry":{"type":"Polygon","coordinates":[[[-103.577,55.472],[-103.581,55.515],[-103.55,55.526],[-103.431,55.505],[-103.356,55.465],[-103.383,55.44],[-103.495,55.427],[-103.551,55.444],[-103.577,55.472]]]}},{"type":"Feature","properties":{"density":3},"geometry":{"type":"Polygon","coordinates":[[[-102.666,56.042],[-102.442,56.054],[-102.29,56.029],[-102.103,55.974],[-102.003,55.92],[-101.989,55.875],[-102.018,55.843],[-102.075,55.834],[-102.468,55.909],[-102.641,55.922],[-102.685,55.952],[-102.685,56.018],[-102.666,56.042]]]}},{"type":"Feature","properties":{"density":3},"geometry":{"type":"Polygon","coordinates":[[[-102.812,56.407],[-102.698,56.432],[-102.586,56.423],[-102.361,56.338],[-102.268,56.254],[-102.278,56.224],[-102.332,56.2],[-102.889,56.296],[-102.899,56.316],[-102.888,56.335],[-102.812,56.407]]]}},{"type":"Feature","properties":{"density":3},"geometry":{"type":"Polygon","coordinates":[[[-98.602,55.384],[-98.416,55.317],[-98.247,55.203],[-98.245,55.185],[-98.304,55.195],[-98.672,55.377],[-98.652,55.392],[-98.602,55.384]]]}},{"type":"Feature","properties":{"density":3},"geometry":{"type":"Polygon","coordinates":[[[-121.464,62.13],[-121.493,62.145],[-121.585,62.252],[-121.808,62.547],[-121.86,62.668],[-122.208,63.233],[-122.267,63.367],[-122.386,63.519],[-122.49,63.605],[-123.158,63.842],[-123.262,63.935],[-123.553,64.263],[-123.727,64.345],[-124.096,64.608],[-124.24,64.761],[-124.285,64.846],[-124.259,64.995],[-124.167,65.081],[-123.536,65.304],[-122.727,65.377],[-121.982,65.556],[-121.546,65.849],[-121.119,66.025],[-120.257,66.217],[-118.114,66.217],[-116.934,66.477],[-115.737,66.535],[-112.858,66.621],[-112.18,66.621],[-109.261,66.112],[-106.944,65.246],[-105.193,64.361],[-104.628,63.965],[-103.95,63.325],[-103.196,62.534],[-102.662,60.97],[-102.169,60.32],[-101.842,59.969],[-100.708,58.863],[-100.016,58.534],[-99.402,58.221],[-98.878,57.897],[-97.735,57.341],[-97.383,57.098],[-97.015,56.755],[-96.597,56.395],[-95.969,55.968],[-95.835,55.742],[-95.609,55.499],[-95.199,55.282],[-94.663,55.072],[-94.229,55.077],[-93.651,54.945],[-93.29,54.763],[-93.022,54.671],[-92.863,54.537],[-92.838,54.369],[-92.939,54.219],[-93.248,54.194],[-93.952,54.177],[-94.395,54.235],[-95.634,54.562],[-97.886,55.432],[-98.254,55.633],[-98.639,55.901],[-99.702,56.788],[-101.15,57.592],[-101.711,57.818],[-103.025,58.387],[-103.644,58.722],[-104.147,58.965],[-104.878,59.137],[-105.547,59.366],[-106.089,59.589],[-106.602,59.823],[-107.132,60.024],[-107.394,60.08],[-107.578,60.236],[-108.187,60.621],[-108.667,60.889],[-109.91,61.391],[-110.605,61.433],[-111.369,61.308],[-112.574,60.867],[-113.668,60.688],[-114.985,61.023],[-115.219,61.47],[-114.985,61.983],[-114.41,62.686],[-113.601,63.271],[-113.283,63.706],[-113.4,64.032],[-113.852,64.141],[-114.421,64.166],[-114.957,64.158],[-115.417,64.233],[-116.133,64.248],[-116.94,64.325],[-117.609,64.37],[-117.833,64.358],[-117.939,64.286],[-118.058,64.301],[-118.168,64.336],[-118.342,64.336],[-118.487,64.258],[-118.681,64.087],[-118.945,63.968],[-119.254,63.901],[-119.321,63.797],[-119.384,63.577],[-119.529,63.466],[-119.7,63.514],[-120.124,63.544],[-120.236,63.572],[-120.526,63.438],[-120.615,63.309],[-120.766,62.93],[-120.772,62.785],[-120.727,62.567],[-120.654,62.416],[-120.615,62.199],[-120.688,62.132],[-121.012,62.087],[-121.087,62.097],[-121.258,62.263],[-121.355,62.487],[-121.412,62.682],[-121.467,62.759],[-121.491,62.74],[-121.506,62.663],[-121.484,62.568],[-121.261,62.142],[-121.258,62.105],[-121.345,62.09],[-121.4,62.097],[-121.464,62.13]]]}},{"type":"Feature","properties":{"density":3},"geometry":{"type":"Polygon","coordinates":[[[-64.727,35.78],[-64.994,35.596],[-66.59,35.004],[-67.26,34.77],[-67.695,34.697],[-68.192,34.658],[-68.767,34.658],[-70.841,34.496],[-71.165,34.413],[-72.002,34.301],[-72.493,34.268],[-73.107,34.318],[-73.701,34.404],[-75.076,34.643],[-75.369,34.725],[-75.604,34.817],[-75.822,34.816],[-76.004,34.643],[-76.037,34.393],[-75.92,34.234],[-75.506,33.922],[-75.13,33.696],[-74.837,33.486],[-74.485,33.277],[-74.184,33.21],[-73.573,33.2],[-73.347,33.278],[-73.153,33.558],[-72.654,33.677],[-70.798,33.636],[-69.131,33.496],[-68.595,33.505],[-67.792,33.563],[-67.047,33.789],[-66.187,33.962],[-65.953,34.102],[-65.64,34.236],[-65.333,34.425],[-64.831,34.782],[-64.558,34.955],[-64.379,35.145],[-64.273,35.313],[-64.234,35.48],[-64.234,35.614],[-64.307,35.737],[-64.446,35.809],[-64.558,35.832],[-64.727,35.78]]]}},{"type":"Feature","properties":{"density":3},"geometry":{"type":"Polygon","coordinates":[[[-61.103,41.104],[-60.308,41.104],[-59.78,41.313],[-58.952,41.823],[-58.55,41.924],[-58.207,42.041],[-57.88,42.008],[-57.646,41.807],[-57.453,41.505],[-56.812,41.028],[-56.354,40.749],[-56.019,40.52],[-55.656,40.13],[-55.539,39.711],[-55.751,39.231],[-56.572,38.646],[-57.102,38.194],[-57.569,37.712],[-58.618,36.867],[-59.213,36.655],[-60.691,36.339],[-61.111,36.324],[-61.253,36.737],[-61.189,37.172],[-61.297,37.515],[-61.706,37.786],[-62.197,38.024],[-62.538,38.449],[-62.691,38.712],[-62.87,38.93],[-62.959,39.349],[-63.098,39.749],[-63.083,40.129],[-62.756,40.583],[-61.971,40.967],[-61.335,41.084],[-61.103,41.104]]]}},{"type":"Feature","properties":{"density":3},"geometry":{"type":"Polygon","coordinates":[[[-123.075,42.648],[-123.109,42.711],[-123.164,42.967],[-123.156,43.115],[-123.103,43.217],[-122.763,43.561],[-122.696,43.598],[-122.648,43.601],[-122.588,43.574],[-122.535,43.501],[-122.522,43.286],[-122.471,43.188],[-122.477,43.134],[-122.51,43.062],[-122.672,42.877],[-122.712,42.8],[-122.689,42.649],[-122.696,42.604],[-122.741,42.571],[-122.952,42.554],[-123.038,42.589],[-123.075,42.648]]]}},{"type":"Feature","properties":{"density":3},"geometry":{"type":"Polygon","coordinates":[[[-107.561,38.218],[-107.43,38.254],[-107.399,38.244],[-107.367,38.196],[-107.376,38.17],[-107.46,38.151],[-107.537,38.16],[-107.58,38.195],[-107.561,38.218]]]}},{"type":"Feature","properties":{"density":3},"geometry":{"type":"Polygon","coordinates":[[[-107.35,38.129],[-107.27,38.155],[-107.237,38.15],[-107.212,38.133],[-107.205,38.088],[-107.266,38.08],[-107.349,38.096],[-107.35,38.129]]]}},{"type":"Feature","properties":{"density":3},"geometry":{"type":"Polygon","coordinates":[[[-92.955,52.287],[-92.585,52.143],[-91.963,51.818],[-91.296,51.424],[-90.588,50.906],[-90.32,50.688],[-90.056,50.435],[-89.945,50.38],[-89.843,50.377],[-89.692,50.405],[-89.604,50.44],[-89.571,50.493],[-89.642,50.606],[-89.904,50.782],[-89.901,50.84],[-89.835,50.895],[-89.623,50.967],[-89.615,50.997],[-89.7,51.091],[-89.736,51.157],[-89.75,51.286],[-89.744,51.424],[-89.706,51.449],[-89.62,51.46],[-89.221,51.334],[-89.164,51.293],[-88.911,51.22],[-88.597,51.071],[-87.875,50.605],[-87.776,50.52],[-87.655,50.319],[-87.622,50.15],[-87.476,49.8],[-87.308,49.599],[-87.098,49.387],[-86.966,49.2],[-86.896,49.044],[-86.801,48.697],[-86.643,48.511],[-86.342,48.267],[-86.056,48.114],[-85.804,48.056],[-85.209,47.961],[-83.758,47.651],[-83.002,47.527],[-82.456,47.465],[-81.766,47.312],[-80.776,46.93],[-79.83,46.704],[-78.807,46.288],[-77.265,45.71],[-76.339,45.561],[-75.599,45.383],[-74.984,45.21],[-74.264,45.069],[-73.918,44.968],[-73.245,44.863],[-72.736,44.671],[-72.158,44.388],[-71.401,44.135],[-70.231,44.106],[-69.855,44.056],[-69.565,43.986],[-68.679,43.573],[-68.244,43.58],[-67.558,43.547],[-66.93,43.696],[-66.343,43.778],[-65.76,43.882],[-63.63,44.381],[-61.888,44.871],[-61.2,45.026],[-60.691,45.205],[-60.073,45.486],[-59.612,45.801],[-58.788,46.458],[-58.391,46.824],[-57.393,47.797],[-55.808,48.87],[-55.126,49.523],[-54.849,49.903],[-54.204,50.068],[-53.873,49.874],[-53.972,49.374],[-54.362,48.379],[-54.654,47.282],[-55.026,46.278],[-55.498,45.546],[-56.715,44.542],[-58.232,43.835],[-58.802,43.5],[-59.397,43.207],[-59.836,43.095],[-60.239,43.019],[-60.892,42.539],[-61.463,41.966],[-62.598,41.061],[-63.454,40.571],[-64.564,40.23],[-65.833,39.985],[-66.194,40.01],[-66.823,39.96],[-67.81,39.816],[-68.351,39.783],[-69.224,39.697],[-70.063,39.589],[-70.327,39.61],[-71.325,39.914],[-71.778,40.093],[-72.299,40.23],[-72.919,40.478],[-73.855,40.639],[-74.739,40.906],[-75.297,41.048],[-75.911,41.234],[-77.653,41.625],[-78.279,41.811],[-78.75,41.91],[-79.538,42.003],[-79.891,42.028],[-80.691,42.189],[-81.377,42.391],[-81.708,42.556],[-82.27,42.796],[-83.79,43.405],[-84.286,43.535],[-84.912,43.597],[-85.6,43.703],[-86.406,43.771],[-87.094,43.876],[-87.535,44.075],[-87.898,44.172],[-88.25,44.209],[-88.564,44.292],[-89.188,44.49],[-90.309,44.948],[-90.811,45.115],[-91.974,45.245],[-92.785,45.441],[-92.887,45.414],[-93.012,45.335],[-93.183,45.308],[-93.402,45.365],[-93.655,45.473],[-93.762,45.587],[-93.802,45.693],[-93.794,45.913],[-93.707,46.203],[-93.612,46.356],[-93.5,46.426],[-93.364,46.463],[-92.868,46.484],[-92.322,46.55],[-92.146,46.663],[-92.059,46.795],[-92.055,46.968],[-92.388,48.0],[-92.383,48.155],[-92.35,48.268],[-92.259,48.408],[-92.151,48.452],[-91.84,48.538],[-91.399,48.711],[-91.2,48.819],[-90.812,49.096],[-90.684,49.212],[-90.489,49.439],[-90.383,49.498],[-90.325,49.493],[-90.243,49.52],[-90.163,49.597],[-90.146,49.699],[-90.171,49.81],[-90.334,49.917],[-90.706,50.091],[-90.846,50.173],[-91.739,50.849],[-92.043,51.051],[-92.297,51.285],[-92.4,51.361],[-92.573,51.57],[-92.81,51.925],[-92.905,52.028],[-93.015,52.234],[-93.003,52.276],[-92.955,52.287]]]}},{"type":"Feature","properties":{"density":3},"geometry":{"type":"Polygon","coordinates":[[[-88.684,51.73],[-88.252,51.612],[-88.076,51.484],[-87.947,51.375],[-87.782,51.203],[-87.723,51.114],[-87.707,51.046],[-87.727,51.017],[-87.786,51.01],[-87.883,51.026],[-88.001,51.083],[-88.313,51.355],[-88.732,51.658],[-88.75,51.722],[-88.684,51.73]]]}},{"type":"Feature","properties":{"density":3},"geometry":{"type":"Polygon","coordinates":[[[-59.465,41.107],[-59.217,41.169],[-58.535,41.243],[-57.543,41.193],[-56.625,41.196],[-55.798,41.364],[-55.481,41.392],[-55.1,41.271],[-54.384,40.862],[-54.207,40.573],[-54.151,40.183],[-54.263,39.811],[-54.468,39.56],[-54.84,39.234],[-55.695,38.246],[-55.95,37.763],[-56.198,37.465],[-57.493,36.181],[-57.791,36.039],[-58.343,35.71],[-59.062,35.158],[-59.49,34.892],[-60.439,34.427],[-60.755,34.29],[-60.835,34.321],[-60.811,34.557],[-60.68,34.662],[-60.631,34.799],[-60.699,34.842],[-61.015,34.594],[-61.834,34.253],[-64.025,33.654],[-65.174,33.141],[-65.683,32.873],[-65.974,32.811],[-66.384,32.674],[-67.307,32.286],[-68.655,32.186],[-69.279,32.207],[-69.854,32.381],[-71.25,32.749],[-72.44,33.04],[-72.961,33.245],[-73.238,33.396],[-73.434,33.385],[-73.39,33.236],[-73.078,32.884],[-72.971,32.724],[-72.927,32.578],[-73.051,32.465],[-73.31,32.451],[-74.196,32.594],[-74.471,32.624],[-74.744,32.767],[-74.948,32.922],[-75.229,33.087],[-75.648,33.517],[-75.921,33.765],[-76.339,34.231],[-76.484,34.363],[-76.658,34.557],[-76.807,34.756],[-76.906,34.962],[-76.88,35.034],[-76.8,35.081],[-76.489,35.152],[-75.783,35.119],[-75.321,35.026],[-74.758,34.997],[-74.254,34.865],[-73.145,34.704],[-72.736,34.58],[-71.905,34.407],[-70.771,34.456],[-69.921,34.456],[-69.003,34.357],[-67.962,34.153],[-67.032,34.103],[-66.052,34.456],[-65.128,34.903],[-63.845,35.777],[-63.212,36.273],[-62.723,36.918],[-62.313,37.34],[-62.078,37.916],[-62.227,38.35],[-62.623,38.71],[-63.219,39.051],[-63.64,39.206],[-63.758,39.479],[-63.355,39.844],[-62.673,39.999],[-61.892,40.099],[-61.098,40.495],[-60.253,40.89],[-59.465,41.107]]]}},{"type":"Feature","properties":{"density":3},"geometry":{"type":"Polygon","coordinates":[[[-76.896,35.624],[-77.262,35.869],[-77.414,35.947],[-77.601,36.01],[-77.805,36.015],[-77.965,35.991],[-78.183,36.013],[-78.626,36.178],[-78.825,36.277],[-78.866,36.374],[-78.821,36.432],[-78.527,36.506],[-78.49,36.547],[-78.469,36.655],[-78.511,36.746],[-78.73,36.853],[-78.808,36.973],[-78.796,37.134],[-78.717,37.213],[-78.647,37.32],[-78.507,37.432],[-78.345,37.49],[-78.176,37.502],[-77.891,37.465],[-77.734,37.44],[-77.432,37.312],[-77.018,37.167],[-76.878,37.039],[-76.754,36.861],[-76.725,36.717],[-76.746,36.609],[-76.82,36.564],[-76.911,36.556],[-76.94,36.432],[-76.849,36.221],[-76.729,36.08],[-76.568,35.811],[-76.527,35.7],[-76.514,35.58],[-76.544,35.546],[-76.595,35.526],[-76.683,35.523],[-76.76,35.534],[-76.826,35.563],[-76.896,35.624]]]}},{"type":"Feature","properties":{"density":3},"geometry":{"type":"Polygon","coordinates":[[[-104.669,55.09],[-104.571,55.165],[-104.54,55.215],[-104.483,55.419],[-104.437,55.459],[-104.384,55.472],[-104.231,55.476],[-104.134,55.441],[-104.038,55.432],[-103.871,55.357],[-103.772,55.259],[-103.722,55.125],[-103.733,55.075],[-103.794,55.041],[-104.143,54.978],[-104.34,54.987],[-104.481,55.028],[-104.679,55.055],[-104.669,55.09]]]}},{"type":"Feature","properties":{"density":3},"geometry":{"type":"Polygon","coordinates":[[[-104.731,54.561],[-104.762,54.599],[-104.764,54.665],[-104.703,54.746],[-104.656,54.783],[-104.553,54.818],[-104.391,54.84],[-104.369,54.796],[-104.369,54.737],[-104.433,54.632],[-104.522,54.568],[-104.606,54.544],[-104.709,54.536],[-104.731,54.561]]]}},{"type":"Feature","properties":{"density":3},"geometry":{"type":"Polygon","coordinates":[[[-103.497,55.599],[-103.293,55.748],[-103.045,55.81],[-102.936,55.811],[-102.857,55.75],[-102.846,55.692],[-102.85,55.565],[-102.941,55.495],[-103.291,55.488],[-103.502,55.435],[-103.579,55.446],[-103.584,55.513],[-103.497,55.599]]]}},{"type":"Feature","properties":{"density":3},"geometry":{"type":"Polygon","coordinates":[[[-102.141,55.369],[-101.895,55.47],[-101.707,55.505],[-101.656,55.501],[-101.473,55.431],[-101.397,55.376],[-101.322,55.243],[-101.336,55.198],[-101.392,55.17],[-101.574,55.164],[-101.773,55.187],[-102.036,55.172],[-102.186,55.281],[-102.187,55.328],[-102.141,55.369]]]}},{"type":"Feature","properties":{"density":3},"geometry":{"type":"Polygon","coordinates":[[[-98.634,55.432],[-98.496,55.388],[-98.268,55.263],[-97.949,55.029],[-97.874,54.9],[-97.888,54.846],[-97.985,54.843],[-98.072,54.881],[-98.234,54.993],[-98.488,55.217],[-98.699,55.361],[-98.717,55.407],[-98.634,55.432]]]}},{"type":"Feature","properties":{"density":3},"geometry":{"type":"Polygon","coordinates":[[[-95.398,53.658],[-95.184,53.627],[-95.07,53.546],[-95.054,53.505],[-95.084,53.479],[-95.162,53.465],[-95.227,53.461],[-95.291,53.481],[-95.484,53.583],[-95.482,53.609],[-95.398,53.658]]]}},{"type":"Feature","properties":{"density":3},"geometry":{"type":"Polygon","coordinates":[[[-91.015,51.769],[-90.815,51.712],[-90.584,51.562],[-90.545,51.516],[-90.54,51.462],[-90.556,51.429],[-90.609,51.415],[-90.72,51.428],[-90.907,51.514],[-91.107,51.698],[-91.164,51.786],[-91.07,51.79],[-91.015,51.769]]]}},{"type":"Feature","properties":{"density":3},"geometry":{"type":"Polygon","coordinates":[[[-87.74,51.461],[-87.516,51.373],[-87.088,51.122],[-87.04,51.043],[-87.038,50.978],[-87.103,50.975],[-87.419,51.122],[-87.773,51.39],[-87.874,51.495],[-87.822,51.501],[-87.74,51.461]]]}},{"type":"Feature","properties":{"density":3},"geometry":{"type":"Polygon","coordinates":[[[-99.896,54.28],[-99.744,54.248],[-99.6,54.19],[-99.475,54.115],[-99.244,53.914],[-99.186,53.784],[-99.219,53.589],[-99.273,53.489],[-99.576,53.238],[-99.616,53.153],[-99.509,53.017],[-99.342,52.894],[-99.059,52.801],[-98.849,52.693],[-98.758,52.555],[-98.758,52.489],[-98.767,52.442],[-98.824,52.371],[-98.907,52.321],[-99.004,52.282],[-99.128,52.277],[-99.271,52.291],[-99.442,52.365],[-99.544,52.418],[-99.885,52.718],[-100.323,52.901],[-100.427,52.967],[-100.54,53.107],[-100.568,53.215],[-100.568,53.328],[-100.565,53.38],[-100.532,53.446],[-100.408,53.574],[-100.272,53.625],[-100.173,53.726],[-100.129,53.804],[-100.113,54.074],[-100.094,54.151],[-100.02,54.212],[-99.896,54.28]]]}},{"type":"Feature","properties":{"density":3},"geometry":{"type":"Polygon","coordinates":[[[-121.526,62.239],[-121.578,62.454],[-121.576,62.609],[-121.478,62.634],[-121.191,62.597],[-121.11,62.603],[-121.027,62.636],[-120.934,62.691],[-120.906,62.724],[-120.892,62.852],[-120.871,62.915],[-120.826,62.973],[-120.625,63.106],[-120.55,63.112],[-120.485,63.075],[-120.335,62.893],[-120.254,62.847],[-120.182,62.844],[-120.052,62.787],[-120.039,62.697],[-120.076,62.649],[-120.142,62.597],[-120.35,62.507],[-120.528,62.392],[-120.574,62.338],[-120.64,62.208],[-120.677,62.169],[-120.741,62.142],[-120.833,62.155],[-121.004,62.096],[-121.051,62.109],[-121.07,62.144],[-121.049,62.213],[-121.059,62.23],[-121.123,62.202],[-121.257,62.059],[-121.307,62.054],[-121.428,62.099],[-121.531,62.103],[-121.547,62.149],[-121.526,62.239]]]}},{"type":"Feature","properties":{"density":3},"geometry":{"type":"Polygon","coordinates":[[[-122.148,63.306],[-122.172,63.395],[-122.256,63.489],[-122.456,63.649],[-122.494,63.747],[-122.474,63.801],[-122.4,63.831],[-122.112,64.132],[-122.013,64.149],[-121.931,64.133],[-121.899,64.061],[-121.902,63.918],[-121.832,63.739],[-121.84,63.549],[-121.818,63.533],[-121.706,63.613],[-121.653,63.621],[-121.618,63.589],[-121.619,63.553],[-121.703,63.286],[-121.768,63.209],[-121.985,63.178],[-122.123,63.263],[-122.148,63.306]]]}},{"type":"Feature","properties":{"density":3},"geometry":{"type":"Polygon","coordinates":[[[-121.476,62.158],[-121.498,62.252],[-121.677,62.599],[-122.085,63.046],[-122.209,63.274],[-122.228,63.357],[-122.266,63.409],[-122.385,63.487],[-122.423,63.557],[-122.483,63.62],[-122.555,63.656],[-122.599,63.635],[-122.604,63.58],[-122.531,63.42],[-122.525,63.325],[-122.601,63.095],[-122.665,62.959],[-122.706,62.926],[-122.823,62.917],[-122.888,63.221],[-122.968,63.413],[-122.986,63.509],[-122.981,63.591],[-123.015,63.68],[-123.523,64.031],[-123.713,64.205],[-123.986,64.403],[-124.283,64.589],[-124.436,64.829],[-124.432,65.061],[-124.287,65.28],[-124.006,65.416],[-123.622,65.671],[-122.828,65.78],[-121.783,65.887],[-121.18,66.062],[-120.067,66.34],[-119.135,66.408],[-118.453,66.439],[-117.554,66.545],[-117.033,66.52],[-116.072,66.514],[-114.506,66.597],[-113.735,66.597],[-112.786,66.504],[-111.707,66.328],[-110.293,65.909],[-107.42,64.877],[-105.904,64.3],[-105.299,63.835],[-103.392,62.115],[-102.741,61.464],[-102.118,60.626],[-101.904,60.31],[-100.788,59.467],[-100.342,59.169],[-97.589,56.94],[-95.31,55.676],[-93.953,54.814],[-93.758,54.616],[-93.829,54.43],[-93.874,54.377],[-94.344,54.031],[-94.555,53.919],[-94.71,53.894],[-95.026,53.888],[-95.373,53.944],[-95.999,54.18],[-96.285,54.328],[-97.14,54.843],[-97.593,55.159],[-97.94,55.444],[-98.324,55.835],[-98.944,56.089],[-99.168,56.25],[-99.589,56.591],[-99.955,56.852],[-100.29,57.019],[-100.767,57.205],[-101.288,57.466],[-101.728,57.664],[-103.254,58.427],[-103.663,58.706],[-104.177,58.954],[-104.829,59.183],[-106.689,60.163],[-108.065,60.944],[-108.688,61.195],[-109.795,61.558],[-110.455,61.676],[-111.466,62.004],[-111.64,62.228],[-111.658,62.556],[-111.609,62.773],[-111.497,62.953],[-111.28,63.182],[-110.896,63.914],[-111.02,64.1],[-111.206,64.255],[-111.559,64.472],[-112.086,64.689],[-113.41,64.949],[-114.073,64.98],[-114.383,64.949],[-114.941,64.825],[-115.288,64.708],[-115.915,64.546],[-116.347,64.402],[-116.521,64.372],[-116.653,64.372],[-116.714,64.447],[-116.788,64.504],[-117.0,64.537],[-117.585,64.286],[-117.69,64.162],[-118.019,63.926],[-118.322,63.734],[-118.546,63.672],[-118.862,63.635],[-119.271,63.503],[-119.503,63.482],[-120.023,63.366],[-120.258,63.147],[-120.296,63.054],[-120.266,62.952],[-120.015,62.781],[-120.014,62.672],[-120.053,62.625],[-120.508,62.4],[-120.604,62.277],[-120.626,62.202],[-120.714,62.14],[-120.797,62.116],[-121.037,62.088],[-121.099,62.115],[-121.117,62.147],[-121.11,62.202],[-121.131,62.222],[-121.153,62.219],[-121.185,62.199],[-121.243,62.064],[-121.289,62.048],[-121.437,62.097],[-121.476,62.158]]]}},{"type":"Feature","properties":{"density":3},"geometry":{"type":"Polygon","coordinates":[[[-118.632,63.774],[-118.515,63.962],[-118.285,64.222],[-118.111,64.399],[-118.008,64.48],[-117.885,64.546],[-117.795,64.572],[-117.659,64.568],[-117.617,64.533],[-117.607,64.469],[-117.653,64.342],[-117.673,64.182],[-117.71,64.149],[-117.778,64.101],[-118.443,63.804],[-118.574,63.709],[-118.626,63.714],[-118.632,63.774]]]}},{"type":"Feature","properties":{"density":3},"geometry":{"type":"Polygon","coordinates":[[[-119.719,63.656],[-119.806,63.749],[-119.804,63.847],[-119.92,63.995],[-119.958,64.073],[-119.968,64.15],[-119.955,64.227],[-119.918,64.291],[-119.856,64.344],[-119.797,64.357],[-119.314,64.255],[-119.271,64.259],[-119.22,64.281],[-119.172,64.342],[-119.077,64.645],[-118.906,64.805],[-118.698,64.882],[-118.605,64.88],[-118.516,64.838],[-118.458,64.77],[-118.437,64.709],[-118.443,64.628],[-118.52,64.569],[-118.663,64.511],[-118.748,64.457],[-118.898,64.336],[-118.952,64.25],[-118.924,64.062],[-118.946,64.009],[-119.018,63.934],[-119.183,63.846],[-119.316,63.728],[-119.424,63.595],[-119.532,63.524],[-119.566,63.524],[-119.615,63.561],[-119.645,63.562],[-119.669,63.624],[-119.719,63.656]]]}},{"type":"Feature","properties":{"density":3},"geometry":{"type":"Polygon","coordinates":[[[-121.708,64.707],[-121.761,64.727],[-121.818,64.776],[-122.015,65.01],[-122.054,65.087],[-122.052,65.144],[-121.999,65.173],[-121.743,65.203],[-121.694,65.219],[-121.628,65.275],[-121.616,65.322],[-121.675,65.436],[-121.668,65.509],[-121.607,65.547],[-121.434,65.579],[-121.365,65.58],[-121.313,65.563],[-121.291,65.523],[-121.305,65.446],[-121.361,65.315],[-121.368,65.252],[-121.351,65.217],[-121.13,65.089],[-120.864,65.016],[-120.825,64.983],[-120.823,64.947],[-120.897,64.887],[-120.985,64.74],[-121.096,64.612],[-121.152,64.507],[-121.18,64.488],[-121.288,64.481],[-121.365,64.5],[-121.407,64.663],[-121.424,64.694],[-121.463,64.712],[-121.588,64.659],[-121.665,64.665],[-121.708,64.707]]]}},{"type":"Feature","properties":{"density":3},"geometry":{"type":"Polygon","coordinates":[[[-115.871,64.931],[-115.787,65.024],[-115.587,65.19],[-115.32,65.344],[-114.629,65.438],[-114.045,65.609],[-113.669,65.64],[-113.588,65.609],[-113.573,65.555],[-113.632,65.476],[-113.867,65.333],[-114.053,65.256],[-114.354,65.179],[-114.843,65.015],[-115.146,64.87],[-115.296,64.751],[-115.483,64.697],[-115.603,64.639],[-115.845,64.56],[-115.848,64.614],[-115.755,64.743],[-115.749,64.78],[-115.84,64.81],[-115.912,64.859],[-115.916,64.903],[-115.871,64.931]]]}},{"type":"Feature","properties":{"density":3},"geometry":{"type":"Polygon","coordinates":[[[-112.813,63.189],[-112.623,63.301],[-112.327,63.526],[-112.234,63.57],[-112.024,63.61],[-111.968,63.608],[-111.917,63.561],[-111.929,63.503],[-111.992,63.461],[-112.202,63.368],[-112.722,63.078],[-112.811,63.08],[-112.835,63.116],[-112.813,63.189]]]}},{"type":"Feature","properties":{"density":3},"geometry":{"type":"Polygon","coordinates":[[[-123.075,42.616],[-123.091,42.691],[-123.063,42.817],[-122.856,43.107],[-122.809,43.142],[-122.728,43.127],[-122.721,43.065],[-122.754,42.869],[-122.747,42.807],[-122.723,42.786],[-122.624,42.827],[-122.567,42.886],[-122.505,42.899],[-122.463,42.878],[-122.346,42.768],[-122.346,42.693],[-122.447,42.554],[-122.478,42.573],[-122.527,42.67],[-122.594,42.668],[-122.753,42.558],[-122.786,42.552],[-123.065,42.601],[-123.075,42.616]]]}},{"type":"Feature","properties":{"density":3},"geometry":{"type":"Polygon","coordinates":[[[-121.509,49.854],[-121.623,49.985],[-121.642,50.039],[-121.627,50.101],[-121.383,50.125],[-121.081,50.326],[-121.02,50.322],[-120.992,50.287],[-121.049,50.193],[-121.312,49.971],[-121.325,49.93],[-121.415,49.856],[-121.472,49.831],[-121.509,49.854]]]}},{"type":"Feature","properties":{"density":3},"geometry":{"type":"Polygon","coordinates":[[[-104.696,55.101],[-104.602,55.368],[-104.541,55.434],[-104.246,55.575],[-103.952,55.677],[-103.541,55.743],[-103.453,55.743],[-103.249,55.787],[-103.039,55.867],[-102.935,55.889],[-102.849,55.886],[-102.789,55.875],[-102.725,55.82],[-102.684,55.729],[-102.723,55.586],[-102.769,55.545],[-102.805,55.445],[-102.778,55.33],[-102.593,55.109],[-102.568,54.952],[-102.596,54.927],[-102.604,54.864],[-102.695,54.809],[-102.761,54.792],[-102.965,54.803],[-103.312,54.831],[-103.704,54.966],[-104.158,55.043],[-104.583,55.002],[-104.679,55.035],[-104.704,55.057],[-104.696,55.101]]]}},{"type":"Feature","properties":{"density":3},"geometry":{"type":"Polygon","coordinates":[[[-102.148,55.356],[-101.988,55.452],[-101.885,55.487],[-101.734,55.502],[-101.637,55.492],[-101.488,55.41],[-101.336,55.208],[-101.277,55.068],[-101.292,55.05],[-101.36,55.05],[-101.452,55.085],[-101.753,55.143],[-102.036,55.18],[-102.142,55.235],[-102.185,55.303],[-102.148,55.356]]]}},{"type":"Feature","properties":{"density":3},"geometry":{"type":"Polygon","coordinates":[[[-105.65,55.758],[-105.605,55.889],[-105.541,55.952],[-105.356,56.025],[-105.132,56.083],[-104.629,56.143],[-104.561,56.125],[-104.518,56.086],[-104.526,56.027],[-104.623,55.935],[-104.923,55.753],[-105.194,55.632],[-105.26,55.614],[-105.343,55.621],[-105.642,55.693],[-105.66,55.72],[-105.65,55.758]]]}},{"type":"Feature","properties":{"density":3},"geometry":{"type":"Polygon","coordinates":[[[-98.61,55.484],[-98.509,55.477],[-98.017,55.293],[-97.467,54.937],[-97.361,54.854],[-97.306,54.742],[-97.315,54.665],[-97.365,54.641],[-97.436,54.641],[-97.693,54.738],[-97.895,54.854],[-98.035,54.944],[-98.395,55.236],[-98.706,55.369],[-98.695,55.471],[-98.61,55.484]]]}},{"type":"Feature","properties":{"density":3},"geometry":{"type":"Polygon","coordinates":[[[-91.993,50.891],[-92.336,51.213],[-92.646,51.734],[-92.791,52.044],[-93.039,52.193],[-93.018,52.263],[-92.944,52.296],[-92.811,52.304],[-92.324,52.073],[-91.997,51.862],[-91.551,51.61],[-91.034,51.354],[-90.835,51.217],[-90.616,51.102],[-90.534,51.077],[-90.468,51.089],[-90.463,51.151],[-90.637,51.403],[-91.179,51.788],[-91.166,51.817],[-91.141,51.829],[-91.026,51.825],[-90.835,51.767],[-90.455,51.565],[-90.306,51.461],[-90.083,51.341],[-89.86,51.234],[-89.715,51.193],[-89.608,51.172],[-89.55,51.197],[-89.587,51.25],[-89.641,51.283],[-89.736,51.288],[-89.802,51.35],[-89.79,51.424],[-89.686,51.465],[-89.161,51.337],[-89.033,51.284],[-88.932,51.266],[-87.909,50.663],[-87.765,50.616],[-87.718,50.621],[-87.339,50.444],[-87.045,50.196],[-86.723,49.971],[-86.377,49.621],[-85.944,48.931],[-85.833,48.551],[-85.667,48.212],[-85.359,47.931],[-84.171,47.575],[-83.489,47.147],[-82.94,47.082],[-81.48,46.738],[-79.722,46.207],[-79.099,45.919],[-78.048,45.584],[-77.528,45.389],[-76.867,45.175],[-76.207,44.84],[-75.463,44.515],[-74.579,44.31],[-73.919,44.127],[-73.082,43.954],[-72.499,43.861],[-71.488,43.78],[-70.906,43.805],[-70.465,43.848],[-69.969,44.016],[-69.61,44.053],[-69.101,44.183],[-68.686,44.084],[-68.45,43.985],[-68.357,43.817],[-68.382,43.637],[-68.588,43.273],[-68.579,43.078],[-68.365,42.985],[-68.123,42.966],[-67.537,43.069],[-65.78,43.292],[-63.91,43.599],[-61.027,44.361],[-59.444,44.961],[-58.355,45.422],[-57.372,46.28],[-56.828,46.824],[-56.284,47.535],[-56.009,48.63],[-55.721,49.095],[-55.219,49.709],[-54.986,50.388],[-54.745,50.639],[-54.335,50.593],[-54.01,50.369],[-53.889,49.802],[-53.954,48.965],[-54.196,48.426],[-54.456,47.626],[-55.093,46.198],[-55.4,45.724],[-56.112,44.943],[-56.795,44.301],[-58.176,43.129],[-59.209,42.515],[-60.199,42.139],[-61.224,41.59],[-61.528,41.348],[-61.856,40.945],[-62.222,40.585],[-62.619,40.238],[-63.71,39.727],[-64.147,39.587],[-65.301,39.568],[-66.026,39.513],[-67.263,39.457],[-67.97,39.457],[-68.407,39.494],[-69.049,39.513],[-69.728,39.429],[-70.927,39.541],[-71.634,39.708],[-72.248,39.968],[-73.104,40.294],[-73.848,40.499],[-74.629,40.759],[-75.885,40.964],[-76.694,41.308],[-77.652,41.624],[-79.022,41.853],[-80.169,42.083],[-80.77,42.163],[-82.389,42.734],[-83.226,42.963],[-84.721,43.571],[-85.137,43.589],[-86.017,43.224],[-86.916,43.211],[-87.71,43.49],[-89.964,44.406],[-91.268,44.823],[-92.081,45.12],[-92.961,45.226],[-94.003,45.678],[-94.362,45.914],[-94.435,46.135],[-94.292,46.451],[-93.933,46.687],[-93.623,46.78],[-93.306,46.904],[-92.953,47.171],[-92.779,47.4],[-92.63,47.654],[-92.488,47.828],[-92.302,48.287],[-92.11,48.46],[-91.775,48.584],[-91.229,48.95],[-90.981,49.167],[-90.956,49.409],[-91.087,50.01],[-91.552,50.637],[-91.787,50.775],[-91.947,50.848],[-91.993,50.891]]]}},{"type":"Feature","properties":{"density":3},"geometry":{"type":"Polygon","coordinates":[[[-121.467,61.75],[-121.296,61.968],[-121.211,62.023],[-120.922,62.094],[-120.619,62.221],[-120.393,62.362],[-119.842,62.665],[-118.753,63.197],[-118.612,63.307],[-118.557,63.392],[-118.712,63.478],[-118.877,63.497],[-119.04,63.494],[-119.215,63.518],[-119.182,63.564],[-119.115,63.57],[-118.887,63.664],[-118.437,63.757],[-118.258,63.821],[-118.096,63.901],[-117.221,64.225],[-116.796,64.355],[-116.461,64.355],[-116.219,64.38],[-115.847,64.467],[-115.518,64.566],[-115.314,64.659],[-115.103,64.801],[-114.836,64.938],[-114.508,65.062],[-114.21,65.204],[-113.221,65.383],[-112.276,65.376],[-110.978,65.195],[-110.155,64.763],[-109.911,64.211],[-110.269,63.121],[-109.946,62.724],[-109.295,62.312],[-108.904,62.014],[-108.57,61.81],[-107.782,61.456],[-107.174,61.4],[-105.466,60.864],[-104.629,60.376],[-103.89,59.553],[-102.634,58.897],[-101.462,58.102],[-100.449,57.59],[-99.264,56.626],[-98.465,55.809],[-96.167,54.287],[-95.845,54.132],[-94.83,53.575],[-94.216,53.361],[-93.894,53.293],[-93.559,53.361],[-93.386,53.553],[-93.433,53.745],[-93.739,54.226],[-93.975,54.48],[-94.421,54.902],[-94.812,55.193],[-95.221,55.429],[-95.729,55.664],[-96.356,56.123],[-97.379,56.941],[-98.216,57.509],[-98.643,58.123],[-99.462,58.904],[-100.299,60.383],[-100.745,60.978],[-101.275,61.74],[-102.612,63.024],[-105.019,65.291],[-105.255,65.837],[-105.35,66.936],[-105.685,67.374],[-106.45,67.544],[-107.604,67.41],[-108.418,67.386],[-109.195,67.282],[-109.827,67.163],[-110.673,67.19],[-112.003,67.376],[-113.454,67.302],[-114.449,67.302],[-115.765,67.372],[-117.253,67.381],[-118.044,67.335],[-119.439,67.195],[-120.239,67.139],[-122.406,66.665],[-122.865,66.423],[-123.274,66.181],[-123.596,65.921],[-123.801,65.58],[-124.037,65.14],[-124.086,64.793],[-124.092,63.98],[-123.801,63.42],[-123.692,63.321],[-123.622,63.297],[-123.367,63.26],[-123.235,63.142],[-123.196,62.902],[-123.185,62.588],[-123.124,62.571],[-122.943,62.715],[-122.447,62.869],[-122.342,62.869],[-122.323,62.69],[-122.389,62.624],[-122.686,62.563],[-122.788,62.478],[-122.921,62.323],[-123.031,62.133],[-123.078,61.976],[-123.075,61.918],[-123.022,61.863],[-122.965,61.877],[-122.876,61.957],[-122.593,62.024],[-122.192,62.161],[-122.121,62.198],[-122.101,62.268],[-122.109,62.512],[-121.993,62.744],[-121.679,63.178],[-121.51,63.364],[-121.443,63.393],[-121.348,63.355],[-121.295,63.289],[-121.266,63.211],[-121.274,63.165],[-121.712,62.735],[-121.734,62.556],[-121.781,62.449],[-121.831,62.226],[-121.927,61.986],[-121.858,61.865],[-121.799,61.809],[-121.67,61.745],[-121.573,61.726],[-121.517,61.726],[-121.467,61.75]]]}},{"type":"Feature","properties":{"density":3},"geometry":{"type":"Polygon","coordinates":[[[-100.256,54.014],[-100.061,54.059],[-99.876,54.134],[-99.615,54.151],[-99.47,54.143],[-98.812,53.939],[-98.688,53.927],[-98.229,53.712],[-98.159,53.608],[-98.171,53.435],[-98.254,53.166],[-98.27,53.046],[-98.233,52.939],[-98.047,52.712],[-97.898,52.641],[-97.435,52.484],[-97.349,52.41],[-97.306,52.287],[-97.333,52.259],[-97.41,52.225],[-97.508,52.206],[-98.082,52.233],[-98.206,52.211],[-98.412,52.255],[-98.875,52.393],[-99.933,52.921],[-100.186,52.974],[-100.32,53.095],[-100.453,53.158],[-100.649,53.288],[-100.715,53.39],[-100.743,53.549],[-100.748,53.676],[-100.729,53.803],[-100.66,53.888],[-100.558,53.954],[-100.256,54.014]]]}},{"type":"Feature","properties":{"density":3},"geometry":{"type":"Polygon","coordinates":[[[-57.548,41.449],[-56.729,41.477],[-56.032,41.608],[-54.683,41.97],[-54.265,42.035],[-53.865,42.24],[-53.586,42.249],[-53.335,42.073],[-53.298,41.812],[-53.316,41.282],[-53.949,40.222],[-54.721,38.864],[-55.474,38.064],[-56.488,36.799],[-56.971,36.39],[-58.255,35.581],[-58.794,35.227],[-59.166,34.958],[-60.292,34.251],[-61.519,33.684],[-63.426,32.995],[-64.3,32.698],[-65.165,32.437],[-65.89,32.288],[-68.16,32.047],[-69.025,32.065],[-70.094,32.195],[-70.736,32.335],[-71.701,32.502],[-72.352,32.676],[-72.929,32.893],[-73.22,32.98],[-73.419,32.986],[-73.567,32.912],[-73.66,32.701],[-73.704,32.484],[-73.797,32.285],[-73.977,32.099],[-74.225,32.056],[-74.435,32.192],[-75.186,32.763],[-75.558,33.005],[-75.886,33.246],[-76.488,34.114],[-76.723,34.344],[-76.836,34.604],[-77.006,34.836],[-77.246,35.282],[-77.409,35.53],[-77.613,35.734],[-77.817,35.924],[-78.591,36.124],[-78.904,36.262],[-79.104,36.427],[-79.263,36.535],[-79.492,36.794],[-79.71,37.106],[-79.757,37.301],[-79.712,37.541],[-79.619,37.844],[-79.464,37.988],[-79.197,38.01],[-78.949,37.971],[-78.685,37.869],[-78.408,37.873],[-77.949,37.786],[-77.395,37.737],[-76.746,37.561],[-75.94,37.094],[-75.366,36.521],[-75.205,36.28],[-75.112,36.025],[-75.006,35.852],[-74.597,35.306],[-73.995,34.99],[-73.251,34.736],[-72.563,34.444],[-72.185,34.357],[-71.912,34.357],[-71.596,34.32],[-70.486,34.054],[-69.934,33.899],[-68.741,33.62],[-68.294,33.461],[-67.401,33.313],[-67.048,33.368],[-65.811,33.759],[-65.262,33.973],[-64.239,34.503],[-62.683,35.219],[-62.491,35.343],[-62.292,35.517],[-61.914,35.777],[-61.604,36.081],[-60.912,37.044],[-60.709,37.247],[-60.104,38.071],[-59.967,38.189],[-59.818,38.412],[-59.769,38.567],[-59.75,38.729],[-59.763,38.865],[-59.918,38.921],[-60.172,38.865],[-60.358,38.741],[-60.532,38.536],[-60.928,38.357],[-61.195,38.357],[-61.964,38.567],[-62.249,38.629],[-62.584,38.673],[-62.807,38.753],[-62.832,38.946],[-62.671,39.156],[-62.423,39.33],[-62.069,39.541],[-61.276,39.857],[-60.507,40.211],[-59.409,40.775],[-59.105,40.955],[-58.244,41.333],[-57.725,41.436],[-57.548,41.449]]]}},{"type":"Feature","properties":{"density":3},"geometry":{"type":"Polygon","coordinates":[[[-102.708,56.04],[-102.392,56.205],[-102.282,56.24],[-101.909,56.233],[-101.802,56.205],[-101.718,56.159],[-101.707,56.123],[-101.721,56.08],[-101.762,56.047],[-101.901,55.987],[-102.655,55.895],[-102.695,55.9],[-102.741,55.95],[-102.741,55.992],[-102.708,56.04]]]}},{"type":"Feature","properties":{"density":3},"geometry":{"type":"Polygon","coordinates":[[[-112.817,63.181],[-112.659,63.37],[-111.929,63.844],[-111.819,63.89],[-111.505,63.98],[-111.209,63.995],[-111.172,63.96],[-111.158,63.883],[-111.207,63.789],[-111.29,63.705],[-111.395,63.651],[-111.593,63.585],[-111.701,63.511],[-112.164,63.315],[-112.318,63.268],[-112.505,63.24],[-112.599,63.193],[-112.741,63.079],[-112.763,63.078],[-112.826,63.121],[-112.817,63.181]]]}},{"type":"Feature","properties":{"density":3},"geometry":{"type":"Polygon","coordinates":[[[-126.022,64.241],[-125.963,64.401],[-125.89,64.505],[-125.767,64.571],[-125.672,64.588],[-125.624,64.57],[-125.62,64.508],[-125.701,64.413],[-125.854,64.325],[-125.972,64.211],[-125.997,64.207],[-126.022,64.241]]]}},{"type":"Feature","properties":{"density":3},"geometry":{"type":"Polygon","coordinates":[[[-88.581,51.728],[-88.404,51.666],[-88.094,51.604],[-87.556,51.529],[-87.209,51.397],[-86.916,51.252],[-86.56,51.013],[-85.762,50.517],[-85.485,50.293],[-85.287,50.033],[-85.204,49.863],[-85.275,49.76],[-85.411,49.719],[-85.618,49.69],[-85.841,49.69],[-86.105,49.768],[-86.585,49.996],[-87.312,50.455],[-87.461,50.603],[-87.953,50.934],[-88.292,51.215],[-88.565,51.338],[-88.589,51.371],[-88.568,51.397],[-88.453,51.391],[-88.455,51.435],[-88.561,51.532],[-88.627,51.551],[-88.739,51.551],[-88.783,51.569],[-88.802,51.656],[-88.78,51.729],[-88.752,51.747],[-88.662,51.76],[-88.581,51.728]]]}},{"type":"Feature","properties":{"density":3},"geometry":{"type":"Polygon","coordinates":[[[-123.02,42.645],[-122.962,42.719],[-122.879,42.775],[-122.809,42.763],[-122.557,42.785],[-122.487,42.814],[-122.363,42.786],[-122.314,42.729],[-122.303,42.663],[-122.308,42.624],[-122.336,42.597],[-122.561,42.587],[-122.886,42.613],[-123.026,42.593],[-123.034,42.619],[-123.02,42.645]]]}},{"type":"Feature","properties":{"density":3},"geometry":{"type":"Polygon","coordinates":[[[-120.885,50.411],[-120.85,50.409],[-120.796,50.374],[-120.773,50.328],[-120.776,50.28],[-120.899,50.122],[-121.201,49.972],[-121.346,49.92],[-121.432,49.865],[-121.485,49.86],[-121.518,49.889],[-121.539,49.924],[-121.535,49.966],[-121.502,50.012],[-121.395,50.097],[-121.127,50.246],[-121.006,50.354],[-120.885,50.411]]]}},{"type":"Feature","properties":{"density":3},"geometry":{"type":"Polygon","coordinates":[[[-122.296,51.277],[-122.286,51.324],[-122.236,51.405],[-121.965,51.724],[-121.689,51.94],[-121.349,52.125],[-120.954,52.375],[-120.842,52.395],[-120.787,52.377],[-120.772,52.329],[-120.783,52.249],[-120.84,52.168],[-120.921,52.091],[-121.237,51.888],[-121.61,51.712],[-122.135,51.324],[-122.209,51.251],[-122.236,51.236],[-122.275,51.242],[-122.296,51.277]]]}}]}