{"type":"FeatureCollection","features":[{"type":"Feature","properties":{"density":1},"geometry":{"type":"Polygon","coordinates":[[[-71.552,19.721],[-71.522,19.666],[-71.58,19.649],[-71.734,19.677],[-72.222,19.848],[-72.393,19.925],[-72.329,19.936],[-71.927,19.848],[-71.643,19.776],[-71.552,19.721]]]}},{"type":"Feature","properties":{"density":1},"geometry":{"type":"Polygon","coordinates":[[[-76.907,21.141],[-76.835,21.117],[-76.804,21.043],[-76.832,21.027],[-77.006,21.032],[-77.309,21.084],[-77.399,21.124],[-77.429,21.154],[-77.434,21.185],[-77.401,21.22],[-77.287,21.22],[-76.907,21.141]]]}},{"type":"Feature","properties":{"density":1},"geometry":{"type":"Polygon","coordinates":[[[-78.164,22.068],[-78.329,22.114],[-78.436,22.175],[-78.474,22.217],[-78.467,22.271],[-78.432,22.285],[-78.323,22.285],[-78.175,22.241],[-78.123,22.182],[-78.118,22.127],[-78.129,22.087],[-78.164,22.068]]]}},{"type":"Feature","properties":{"density":1},"geometry":{"type":"Polygon","coordinates":[[[-78.542,21.854],[-78.54,21.91],[-78.625,21.942],[-78.663,22.019],[-78.641,22.135],[-78.649,22.184],[-78.728,22.252],[-78.854,22.287],[-78.95,22.01],[-79.047,21.936],[-79.064,21.903],[-79.08,21.764],[-79.045,21.657],[-78.959,21.631],[-78.641,21.747],[-78.542,21.854]]]}},{"type":"Feature","properties":{"density":1},"geometry":{"type":"Polygon","coordinates":[[[-89.208,30.858],[-89.271,30.85],[-89.442,30.767],[-89.566,30.767],[-89.61,30.801],[-89.624,30.836],[-89.605,30.916],[-89.616,30.955],[-89.817,31.153],[-89.839,31.203],[-89.831,31.261],[-89.784,31.332],[-89.638,31.41],[-89.588,31.374],[-89.404,31.109],[-89.192,30.977],[-89.156,30.891],[-89.178,30.847],[-89.208,30.858]]]}},{"type":"Feature","properties":{"density":1},"geometry":{"type":"Polygon","coordinates":[[[-88.712,31.397],[-88.742,31.441],[-88.742,31.471],[-88.684,31.521],[-88.657,31.51],[-88.646,31.438],[-88.687,31.389],[-88.712,31.397]]]}},{"type":"Feature","properties":{"density":1},"geometry":{"type":"Polygon","coordinates":[[[-78.617,50.241],[-78.237,50.502],[-77.869,50.87],[-77.791,50.985],[-77.82,51.093],[-77.915,51.105],[-78.324,50.837],[-78.7,50.419],[-78.741,50.307],[-78.667,50.229],[-78.617,50.241]]]}},{"type":"Feature","properties":{"density":1},"geometry":{"type":"Polygon","coordinates":[[[-83.466,51.483],[-83.581,51.345],[-83.598,51.301],[-83.557,51.265],[-83.449,51.279],[-83.286,51.353],[-83.171,51.439],[-82.788,51.637],[-82.512,51.86],[-82.44,51.929],[-82.333,52.086],[-81.95,52.489],[-81.256,52.994],[-81.136,53.139],[-80.937,53.507],[-80.921,53.664],[-81.008,53.672],[-81.152,53.61],[-81.528,53.35],[-81.851,53.168],[-82.529,52.535],[-82.657,52.354],[-82.975,52.048],[-83.466,51.483]]]}},{"type":"Feature","properties":{"density":1},"geometry":{"type":"Polygon","coordinates":[[[-94.107,35.313],[-94.154,35.26],[-94.154,35.219],[-94.052,35.15],[-93.898,35.12],[-93.812,35.106],[-93.438,35.122],[-93.363,35.189],[-93.385,35.269],[-93.454,35.332],[-93.592,35.384],[-93.686,35.398],[-93.796,35.39],[-94.107,35.313]]]}},{"type":"Feature","properties":{"density":1},"geometry":{"type":"Polygon","coordinates":[[[-97.242,25.55],[-97.316,25.784],[-97.305,26.2],[-97.432,26.484],[-97.484,26.528],[-97.531,26.544],[-97.619,26.542],[-97.702,26.511],[-97.699,26.412],[-97.495,25.806],[-97.379,25.607],[-97.294,25.528],[-97.261,25.522],[-97.242,25.55]]]}},{"type":"Feature","properties":{"density":1},"geometry":{"type":"Polygon","coordinates":[[[-97.914,25.663],[-97.947,25.82],[-97.961,25.792],[-97.944,25.676],[-97.928,25.657],[-97.914,25.663]]]}},{"type":"Feature","properties":{"density":1},"geometry":{"type":"Polygon","coordinates":[[[-107.443,37.942],[-107.396,37.912],[-107.33,37.904],[-107.253,37.928],[-107.19,37.972],[-107.157,38.022],[-107.17,38.141],[-107.115,38.276],[-107.096,38.358],[-107.104,38.419],[-107.151,38.471],[-107.206,38.499],[-107.542,38.54],[-107.658,38.526],[-107.688,38.504],[-107.694,38.468],[-107.653,38.419],[-107.735,38.251],[-107.738,38.141],[-107.711,38.083],[-107.664,38.066],[-107.559,38.11],[-107.556,38.152],[-107.628,38.234],[-107.631,38.281],[-107.614,38.322],[-107.531,38.361],[-107.432,38.355],[-107.402,38.276],[-107.402,38.226],[-107.463,38.036],[-107.443,37.942]]]}},{"type":"Feature","properties":{"density":1},"geometry":{"type":"Polygon","coordinates":[[[-122.542,43.187],[-122.628,43.189],[-122.896,43.13],[-123.006,43.067],[-123.08,43.047],[-123.102,42.972],[-123.08,42.931],[-122.96,42.913],[-122.824,42.937],[-122.745,42.926],[-122.688,42.937],[-122.633,42.959],[-122.47,43.128],[-122.477,43.159],[-122.542,43.187]]]}},{"type":"Feature","properties":{"density":1},"geometry":{"type":"Polygon","coordinates":[[[-98.48,12.427],[-99.108,12.658],[-99.84,12.783],[-101.787,12.804],[-103.419,12.741],[-105.93,12.7],[-106.997,12.951],[-107.709,13.202],[-109.822,14.143],[-110.596,14.604],[-111.496,15.252],[-111.998,16.027],[-112.229,16.696],[-112.019,17.387],[-111.873,17.701],[-111.664,18.37],[-111.643,18.935],[-112.061,19.396],[-112.626,19.752],[-113.045,20.212],[-113.233,20.777],[-113.38,21.363],[-113.296,22.2],[-113.212,26.469],[-112.312,28.247],[-111.894,29.67],[-111.643,31.533],[-111.664,32.14],[-111.936,32.956],[-112.438,33.918],[-113.003,34.755],[-114.823,35.634],[-116.016,36.053],[-116.414,36.262],[-117.586,36.388],[-118.213,36.827],[-119.364,37.246],[-120.055,37.518],[-120.536,37.853],[-120.85,38.125],[-121.206,38.836],[-121.206,39.15],[-121.08,39.548],[-120.766,39.82],[-120.264,40.426],[-120.18,40.678],[-120.18,41.159],[-120.829,41.535],[-121.269,41.619],[-121.729,41.682],[-123.801,41.849],[-124.303,41.494],[-124.931,41.138],[-125.705,40.95],[-126.312,41.075],[-126.835,41.368],[-127.567,42.142],[-128.237,43.482],[-128.363,44.172],[-128.425,45.009],[-128.363,48.567],[-127.881,49.173],[-127.358,49.801],[-126.981,50.22],[-126.437,50.889],[-125.726,52.04],[-125.684,53.128],[-125.789,53.631],[-125.83,54.154],[-126.082,55.095],[-129.827,58.841],[-130.581,59.302],[-133.427,60.264],[-135.498,60.745],[-136.754,61.248],[-138.407,62.315],[-139.307,62.587],[-141.085,62.985],[-142.069,63.089],[-144.162,63.005],[-145.187,62.922],[-148.765,63.298],[-149.393,63.424],[-150.732,64.387],[-150.795,64.868],[-150.607,65.684],[-150.272,66.458],[-150.188,66.96],[-150.586,67.316],[-151.444,67.651],[-152.344,67.881],[-153.285,68.028],[-154.876,68.111],[-162.514,69.074],[-163.372,69.053],[-164.125,68.99],[-165.255,68.969],[-166.385,69.116],[-168.038,69.785],[-168.666,70.832],[-168.268,71.962],[-166.218,73.238],[-163.162,74.326],[-158.056,75.394],[-154.269,76.273],[-151.758,77.047],[-143.345,77.947],[-138.009,78.386],[-133.95,78.763],[-131.773,78.177],[-130.56,77.654],[-123.654,76.21],[-118.046,76.733],[-113.61,77.654],[-110.513,78.47],[-104.109,79.914],[-88.585,80.286],[-75.402,78.92],[-50.918,76.142],[-35.711,71.01],[-32.226,68.232],[-31.379,65.407],[-31.803,62.629],[-35.051,61.594],[-53.367,65.219],[-62.548,65.925],[-68.481,66.961],[-74.978,68.468],[-79.498,68.421],[-83.218,67.997],[-87.913,67.567],[-90.089,67.065],[-91.847,66.542],[-93.835,65.83],[-95.32,65.203],[-97.225,64.617],[-99.255,64.408],[-101.891,64.261],[-103.23,64.031],[-104.925,63.591],[-106.202,63.236],[-107.227,62.482],[-108.043,61.624],[-108.525,60.097],[-108.232,59.009],[-107.73,58.109],[-106.872,57.104],[-106.327,56.602],[-104.946,55.43],[-104.402,54.907],[-103.649,54.384],[-102.833,54.028],[-101.494,53.61],[-100.092,53.38],[-98.773,53.296],[-97.936,53.652],[-97.015,54.175],[-96.137,54.593],[-95.362,55.075],[-94.902,55.681],[-94.776,56.288],[-94.462,56.832],[-93.5,57.272],[-92.998,58.255],[-92.579,58.967],[-92.014,59.615],[-88.289,61.352],[-85.946,62.733],[-84.502,63.696],[-82.932,64.324],[-81.3,64.617],[-79.312,65.077],[-77.24,65.245],[-75.294,65.14],[-71.297,63.717],[-70.858,63.403],[-70.0,62.482],[-69.121,61.122],[-67.206,61.216],[-65.511,60.808],[-64.758,60.337],[-64.444,59.772],[-64.695,58.894],[-65.292,57.512],[-65.417,56.445],[-65.135,55.472],[-64.224,54.813],[-62.781,54.499],[-61.399,54.499],[-58.794,54.374],[-57.319,54.122],[-56.126,53.809],[-55.498,53.212],[-54.839,52.396],[-54.776,51.486],[-55.153,50.732],[-56.22,49.885],[-57.099,49.226],[-58.323,48.504],[-58.976,47.981],[-59.211,47.18],[-59.305,46.286],[-58.787,44.967],[-57.413,43.387],[-55.969,41.818],[-55.247,40.939],[-54.745,40.029],[-54.808,39.15],[-55.467,38.585],[-57.162,37.926],[-58.104,37.706],[-58.92,37.706],[-59.673,37.957],[-60.834,38.271],[-62.153,38.365],[-63.408,38.428],[-65.135,38.271],[-66.673,38.208],[-67.928,38.083],[-71.036,36.89],[-71.946,36.137],[-72.668,35.195],[-73.076,34.316],[-73.39,33.249],[-73.955,31.428],[-74.238,30.769],[-74.771,30.11],[-76.749,28.227],[-78.35,27.567],[-79.323,27.285],[-80.17,26.94],[-81.269,26.124],[-82.022,25.307],[-82.775,24.931],[-83.623,24.962],[-84.502,25.245],[-85.318,25.464],[-86.04,25.559],[-86.793,25.496],[-88.394,25.119],[-88.771,24.868],[-89.329,24.226],[-89.733,22.999],[-89.65,22.329],[-89.608,21.757],[-89.65,21.199],[-89.747,20.725],[-89.915,20.236],[-90.194,19.72],[-90.305,19.385],[-90.333,19.176],[-90.138,17.851],[-90.389,17.404],[-90.835,17.139],[-91.254,17.042],[-92.105,17.153],[-92.579,17.125],[-92.928,16.986],[-93.277,16.791],[-93.779,16.428],[-94.672,15.423],[-94.937,15.242],[-95.272,15.116],[-95.648,14.907],[-96.109,14.517],[-96.262,14.154],[-96.109,13.735],[-96.039,13.303],[-96.248,12.843],[-96.625,12.591],[-97.587,12.271],[-98.118,12.243],[-98.48,12.427]]]}},{"type":"Feature","properties":{"density":1},"geometry":{"type":"Polygon","coordinates":[[[-121.322,47.494],[-121.273,47.532],[-121.185,47.533],[-120.962,47.397],[-120.822,47.371],[-120.665,47.266],[-120.604,47.163],[-120.717,47.119],[-120.794,47.117],[-121.094,47.159],[-121.163,47.193],[-121.215,47.248],[-121.278,47.361],[-121.333,47.422],[-121.322,47.494]]]}},{"type":"Feature","properties":{"density":1},"geometry":{"type":"Polygon","coordinates":[[[-122.523,43.201],[-122.659,43.198],[-122.841,43.163],[-123.16,43.057],[-123.226,42.999],[-123.227,42.968],[-123.204,42.929],[-123.155,42.896],[-123.021,42.869],[-122.811,42.916],[-122.655,42.977],[-122.49,43.097],[-122.48,43.162],[-122.523,43.201]]]}},{"type":"Feature","properties":{"density":1},"geometry":{"type":"Polygon","coordinates":[[[-123.016,42.281],[-122.971,42.281],[-122.923,42.258],[-122.906,42.233],[-122.916,42.185],[-122.997,42.159],[-123.06,42.175],[-123.055,42.24],[-123.016,42.281]]]}},{"type":"Feature","properties":{"density":1},"geometry":{"type":"Polygon","coordinates":[[[-107.594,38.503],[-107.458,38.497],[-107.25,38.442],[-107.208,38.411],[-107.179,38.359],[-107.163,38.271],[-107.173,38.174],[-107.216,38.004],[-107.242,37.955],[-107.284,37.924],[-107.387,37.89],[-107.49,37.893],[-107.537,37.903],[-107.564,37.94],[-107.591,38.031],[-107.56,38.109],[-107.49,38.153],[-107.356,38.191],[-107.321,38.278],[-107.338,38.304],[-107.549,38.356],[-107.597,38.393],[-107.64,38.435],[-107.643,38.461],[-107.63,38.49],[-107.594,38.503]]]}},{"type":"Feature","properties":{"density":1},"geometry":{"type":"Polygon","coordinates":[[[-94.097,35.291],[-94.022,35.312],[-93.819,35.319],[-93.624,35.277],[-93.58,35.252],[-93.567,35.209],[-93.588,35.173],[-93.645,35.156],[-93.958,35.175],[-94.105,35.212],[-94.125,35.239],[-94.097,35.291]]]}},{"type":"Feature","properties":{"density":1},"geometry":{"type":"Polygon","coordinates":[[[-78.735,50.26],[-78.725,50.341],[-78.649,50.522],[-78.401,50.827],[-78.168,51.028],[-78.102,51.058],[-78.018,51.062],[-78.013,51.016],[-78.054,50.943],[-78.376,50.527],[-78.498,50.337],[-78.592,50.229],[-78.671,50.205],[-78.729,50.24],[-78.735,50.26]]]}},{"type":"Feature","properties":{"density":1},"geometry":{"type":"Polygon","coordinates":[[[-111.337,39.444],[-111.246,39.459],[-111.221,39.428],[-111.193,39.243],[-111.208,39.183],[-111.23,39.164],[-111.284,39.154],[-111.329,39.192],[-111.356,39.247],[-111.356,39.37],[-111.337,39.444]]]}},{"type":"Feature","properties":{"density":1},"geometry":{"type":"Polygon","coordinates":[[[-137.639,68.454],[-137.965,68.723],[-138.541,69.105],[-139.155,69.477],[-139.667,70.137],[-139.629,70.797],[-138.932,71.188],[-137.602,71.3],[-135.574,71.328],[-133.584,71.29],[-132.096,71.309],[-131.408,71.393],[-130.831,71.337],[-130.515,71.114],[-130.309,70.657],[-130.64,70.312],[-131.593,70.006],[-132.256,69.727],[-132.814,69.212],[-133.006,68.815],[-133.186,68.363],[-132.696,67.892],[-131.188,67.44],[-130.267,67.319],[-129.216,67.124],[-128.453,66.845],[-127.765,66.491],[-127.393,66.091],[-127.3,65.673],[-127.477,65.413],[-128.435,65.152],[-129.049,65.171],[-129.935,64.913],[-130.54,64.681],[-131.126,64.597],[-131.907,64.355],[-132.949,64.393],[-133.339,64.309],[-134.148,64.355],[-134.967,64.504],[-135.516,64.541],[-135.953,65.002],[-136.092,65.55],[-136.12,65.96],[-136.269,66.536],[-136.65,67.308],[-136.957,67.69],[-137.487,68.257],[-137.639,68.454]]]}},{"type":"Feature","properties":{"density":1},"geometry":{"type":"Polygon","coordinates":[[[-140.095,63.476],[-140.104,63.541],[-140.083,63.57],[-139.94,63.613],[-139.691,63.611],[-139.475,63.583],[-139.405,63.547],[-139.391,63.523],[-139.392,63.502],[-139.426,63.478],[-139.615,63.431],[-139.775,63.459],[-139.95,63.475],[-140.075,63.464],[-140.095,63.476]]]}},{"type":"Feature","properties":{"density":1},"geometry":{"type":"Polygon","coordinates":[[[-122.567,43.219],[-122.408,43.346],[-122.303,43.357],[-122.282,43.329],[-122.3,43.221],[-122.35,43.166],[-122.573,42.979],[-122.708,42.908],[-122.932,42.839],[-123.024,42.826],[-123.177,42.868],[-123.226,42.911],[-123.242,42.961],[-123.236,43.001],[-123.192,43.032],[-122.567,43.219]]]}},{"type":"Feature","properties":{"density":1},"geometry":{"type":"Polygon","coordinates":[[[-122.287,46.089],[-122.332,46.093],[-122.373,46.07],[-122.454,45.958],[-122.468,45.86],[-122.439,45.793],[-122.281,45.761],[-122.147,45.816],[-122.019,45.831],[-121.887,45.798],[-121.77,45.791],[-121.639,45.74],[-121.587,45.739],[-121.553,45.762],[-121.544,45.805],[-121.556,45.838],[-121.601,45.865],[-121.758,45.913],[-121.915,45.922],[-122.038,45.95],[-122.287,46.089]]]}},{"type":"Feature","properties":{"density":1},"geometry":{"type":"Polygon","coordinates":[[[-121.575,48.52],[-121.454,48.626],[-121.418,48.646],[-121.353,48.652],[-121.341,48.631],[-121.35,48.587],[-121.376,48.544],[-121.473,48.456],[-121.478,48.426],[-121.257,48.29],[-121.249,48.262],[-121.264,48.238],[-121.468,48.222],[-121.422,48.147],[-121.466,48.134],[-121.652,48.228],[-121.839,48.253],[-121.867,48.279],[-121.854,48.312],[-121.715,48.364],[-121.687,48.407],[-121.688,48.437],[-121.731,48.486],[-121.826,48.484],[-121.875,48.497],[-121.902,48.531],[-121.79,48.656],[-121.685,48.808],[-121.621,48.804],[-121.61,48.758],[-121.668,48.584],[-121.654,48.547],[-121.631,48.523],[-121.575,48.52]]]}},{"type":"Feature","properties":{"density":1},"geometry":{"type":"Polygon","coordinates":[[[-122.535,50.39],[-122.416,50.436],[-122.28,50.428],[-122.25,50.407],[-122.258,50.348],[-122.331,50.29],[-122.419,50.155],[-122.489,50.099],[-122.535,50.085],[-122.561,50.092],[-122.579,50.125],[-122.57,50.205],[-122.603,50.256],[-122.642,50.281],[-122.768,50.281],[-122.816,50.325],[-122.81,50.361],[-122.784,50.382],[-122.727,50.391],[-122.589,50.372],[-122.535,50.39]]]}},{"type":"Feature","properties":{"density":1},"geometry":{"type":"Polygon","coordinates":[[[-79.143,50.273],[-79.105,50.426],[-79.066,50.499],[-78.93,50.646],[-78.834,50.795],[-78.423,51.736],[-78.373,51.791],[-78.274,51.858],[-77.762,52.064],[-77.544,52.089],[-77.472,52.056],[-77.436,51.973],[-77.453,51.844],[-77.519,51.596],[-77.516,51.339],[-77.456,51.249],[-77.255,51.119],[-77.21,51.039],[-77.23,50.879],[-77.332,50.761],[-77.478,50.686],[-78.319,50.342],[-78.446,50.242],[-78.546,50.108],[-78.595,50.101],[-78.61,50.15],[-78.645,50.16],[-78.7,50.095],[-78.717,49.975],[-78.731,49.937],[-78.757,49.925],[-78.85,49.993],[-78.928,50.101],[-79.112,50.211],[-79.143,50.273]]]}},{"type":"Feature","properties":{"density":1},"geometry":{"type":"Polygon","coordinates":[[[-111.363,39.446],[-111.27,39.494],[-111.226,39.49],[-111.138,39.449],[-111.111,39.401],[-111.103,39.286],[-111.125,39.139],[-111.169,39.063],[-111.201,39.044],[-111.244,39.041],[-111.319,39.064],[-111.373,39.122],[-111.392,39.347],[-111.363,39.446]]]}},{"type":"Feature","properties":{"density":1},"geometry":{"type":"Polygon","coordinates":[[[-100.5,31.132],[-100.628,31.24],[-100.736,31.389],[-100.748,31.463],[-100.736,31.506],[-100.71,31.522],[-100.668,31.525],[-100.612,31.5],[-100.559,31.443],[-100.472,31.289],[-100.435,31.129],[-100.457,31.117],[-100.5,31.132]]]}},{"type":"Feature","properties":{"density":1},"geometry":{"type":"Polygon","coordinates":[[[-122.957,64.203],[-121.642,63.922],[-121.151,63.798],[-120.915,63.678],[-120.63,63.451],[-120.278,62.818],[-120.123,62.508],[-120.105,62.291],[-120.161,62.068],[-120.338,61.851],[-120.495,61.772],[-120.665,61.714],[-120.867,61.694],[-120.938,61.665],[-121.02,61.557],[-121.029,61.375],[-120.892,61.14],[-120.661,60.937],[-120.33,60.718],[-119.262,60.375],[-119.02,60.326],[-118.741,60.313],[-117.96,60.208],[-117.334,60.088],[-117.062,60.014],[-116.768,59.904],[-116.227,59.488],[-115.717,58.73],[-115.552,58.452],[-115.508,58.212],[-115.739,57.962],[-116.072,57.854],[-116.508,57.989],[-117.67,58.705],[-118.063,58.8],[-120.142,59.197],[-120.819,59.219],[-121.438,59.357],[-122.011,59.533],[-122.566,59.846],[-122.797,59.951],[-122.949,60.075],[-123.009,60.221],[-123.045,60.397],[-123.091,61.159],[-123.161,61.404],[-123.224,61.559],[-123.301,61.719],[-123.428,61.895],[-123.804,62.753],[-123.974,62.89],[-124.242,63.2],[-124.309,63.394],[-124.267,63.535],[-124.256,63.686],[-124.199,63.991],[-124.029,64.022],[-123.589,63.989],[-123.296,64.076],[-123.04,64.188],[-122.957,64.203]]]}},{"type":"Feature","properties":{"density":1},"geometry":{"type":"Polygon","coordinates":[[[-135.401,70.759],[-135.132,70.949],[-134.732,71.05],[-134.145,71.072],[-133.798,71.047],[-133.563,70.605],[-133.519,70.4],[-133.594,70.084],[-133.631,69.718],[-133.476,69.185],[-133.247,68.726],[-132.738,68.243],[-131.932,67.933],[-131.126,67.691],[-130.729,67.53],[-130.153,67.164],[-129.979,66.959],[-129.936,66.624],[-130.078,66.172],[-130.363,65.967],[-131.027,65.793],[-131.653,65.831],[-132.961,66.153],[-133.891,66.482],[-134.443,66.717],[-134.995,67.015],[-136.024,67.802],[-136.396,68.249],[-136.465,68.54],[-136.527,68.949],[-136.496,69.352],[-136.334,69.743],[-136.173,70.065],[-135.956,70.282],[-135.776,70.431],[-135.587,70.635],[-135.401,70.759]]]}},{"type":"Feature","properties":{"density":1},"geometry":{"type":"Polygon","coordinates":[[[-140.087,63.49],[-140.081,63.559],[-140.032,63.594],[-139.744,63.61],[-139.399,63.572],[-139.269,63.507],[-139.265,63.478],[-139.285,63.453],[-139.354,63.436],[-139.813,63.469],[-140.047,63.464],[-140.087,63.49]]]}},{"type":"Feature","properties":{"density":1},"geometry":{"type":"Polygon","coordinates":[[[-107.376,38.222],[-107.311,38.271],[-107.193,38.32],[-107.029,38.314],[-106.973,38.286],[-106.937,38.224],[-106.926,38.141],[-106.952,37.911],[-106.985,37.861],[-107.161,37.768],[-107.37,37.746],[-107.507,37.775],[-107.607,37.84],[-107.648,37.915],[-107.62,38.035],[-107.594,38.074],[-107.376,38.222]]]}},{"type":"Feature","properties":{"density":1},"geometry":{"type":"Polygon","coordinates":[[[-86.665,32.619],[-86.716,32.712],[-86.708,32.832],[-86.672,32.895],[-86.59,32.901],[-86.554,32.851],[-86.57,32.636],[-86.6,32.612],[-86.665,32.619]]]}},{"type":"Feature","properties":{"density":1},"geometry":{"type":"Polygon","coordinates":[[[-122.984,42.123],[-123.07,42.145],[-123.092,42.191],[-123.086,42.238],[-123.021,42.349],[-123.009,42.414],[-122.978,42.476],[-122.93,42.521],[-122.846,42.571],[-122.772,42.565],[-122.734,42.516],[-122.721,42.444],[-122.737,42.354],[-122.784,42.286],[-122.891,42.206],[-122.933,42.138],[-122.984,42.123]]]}},{"type":"Feature","properties":{"density":1},"geometry":{"type":"Polygon","coordinates":[[[-121.194,43.944],[-120.964,44.226],[-120.879,44.3],[-120.807,44.319],[-120.733,44.309],[-120.664,44.274],[-120.593,44.181],[-120.601,44.134],[-120.645,44.096],[-120.867,44.022],[-121.128,43.867],[-121.174,43.87],[-121.194,43.893],[-121.194,43.944]]]}},{"type":"Feature","properties":{"density":1},"geometry":{"type":"Polygon","coordinates":[[[-121.705,46.988],[-121.583,47.052],[-121.478,47.041],[-121.49,47.004],[-121.61,46.956],[-121.695,46.954],[-121.705,46.988]]]}},{"type":"Feature","properties":{"density":1},"geometry":{"type":"Polygon","coordinates":[[[-102.33,35.436],[-102.089,35.545],[-101.972,35.559],[-101.931,35.552],[-101.897,35.519],[-101.894,35.482],[-101.937,35.444],[-102.011,35.41],[-102.217,35.362],[-102.337,35.354],[-102.354,35.398],[-102.33,35.436]]]}},{"type":"Feature","properties":{"density":1},"geometry":{"type":"Polygon","coordinates":[[[-97.762,38.722],[-97.847,38.687],[-97.89,38.618],[-97.918,38.425],[-97.904,38.38],[-97.862,38.351],[-97.803,38.35],[-97.752,38.382],[-97.703,38.496],[-97.683,38.59],[-97.691,38.693],[-97.762,38.722]]]}},{"type":"Feature","properties":{"density":1},"geometry":{"type":"Polygon","coordinates":[[[-121.685,48.74],[-121.803,48.592],[-121.79,48.537],[-121.704,48.437],[-121.696,48.386],[-121.715,48.293],[-121.656,48.237],[-121.595,48.194],[-121.517,48.168],[-121.433,48.157],[-121.238,48.17],[-120.989,48.146],[-120.972,48.193],[-121.037,48.261],[-121.119,48.301],[-121.377,48.374],[-121.405,48.411],[-121.405,48.486],[-121.346,48.566],[-121.341,48.623],[-121.373,48.641],[-121.418,48.628],[-121.519,48.539],[-121.576,48.528],[-121.619,48.541],[-121.656,48.577],[-121.646,48.724],[-121.666,48.744],[-121.685,48.74]]]}},{"type":"Feature","properties":{"density":1},"geometry":{"type":"Polygon","coordinates":[[[-122.153,45.914],[-122.109,45.934],[-122.015,45.944],[-121.823,45.933],[-121.677,45.895],[-121.389,45.866],[-121.257,45.824],[-121.204,45.754],[-121.215,45.713],[-121.282,45.688],[-121.6,45.72],[-121.859,45.773],[-122.091,45.85],[-122.155,45.873],[-122.153,45.914]]]}},{"type":"Feature","properties":{"density":1},"geometry":{"type":"Polygon","coordinates":[[[-121.186,43.908],[-121.094,44.105],[-120.936,44.267],[-120.755,44.327],[-120.691,44.321],[-120.661,44.285],[-120.658,44.252],[-120.692,44.204],[-120.829,44.111],[-121.079,43.877],[-121.166,43.858],[-121.188,43.874],[-121.186,43.908]]]}},{"type":"Feature","properties":{"density":1},"geometry":{"type":"Polygon","coordinates":[[[-122.581,43.177],[-122.445,43.33],[-122.369,43.36],[-122.22,43.376],[-122.123,43.325],[-122.1,43.288],[-122.112,43.237],[-122.408,42.973],[-122.506,42.926],[-122.603,42.915],[-122.694,42.919],[-122.759,42.948],[-122.775,43.011],[-122.75,43.064],[-122.697,43.113],[-122.581,43.177]]]}},{"type":"Feature","properties":{"density":1},"geometry":{"type":"Polygon","coordinates":[[[-123.219,64.86],[-123.528,64.871],[-123.654,64.898],[-123.742,64.929],[-123.828,64.992],[-123.906,65.119],[-123.964,65.347],[-124.03,65.446],[-124.105,65.52],[-124.511,65.738],[-124.625,65.902],[-124.633,65.986],[-124.574,66.058],[-124.313,66.12],[-124.004,66.109],[-123.815,66.069],[-123.657,65.948],[-123.578,65.861],[-123.288,65.709],[-123.212,65.648],[-123.196,65.588],[-123.203,65.529],[-123.295,65.404],[-123.304,65.29],[-123.152,65.178],[-123.104,65.088],[-123.102,65.047],[-123.123,64.913],[-123.165,64.875],[-123.219,64.86]]]}},{"type":"Feature","properties":{"density":1},"geometry":{"type":"Polygon","coordinates":[[[-122.527,50.322],[-122.261,50.307],[-121.986,50.33],[-121.934,50.31],[-121.932,50.294],[-121.99,50.236],[-122.051,50.222],[-122.373,50.21],[-122.473,50.126],[-122.54,50.092],[-122.559,50.109],[-122.543,50.18],[-122.609,50.311],[-122.596,50.338],[-122.527,50.322]]]}},{"type":"Feature","properties":{"density":1},"geometry":{"type":"Polygon","coordinates":[[[-124.133,60.466],[-125.232,62.537],[-127.9,63.793],[-131.447,64.578],[-135.527,65.205],[-139.953,66.43],[-141.773,67.999],[-142.527,69.631],[-142.652,70.824],[-141.02,71.86],[-139.043,72.331],[-135.747,72.331],[-131.321,72.111],[-121.528,71.734],[-116.662,71.452],[-109.537,71.985],[-104.703,71.985],[-102.224,71.389],[-101.125,70.102],[-101.627,68.972],[-103.762,67.999],[-106.367,67.622],[-108.878,67.057],[-111.389,66.555],[-115.271,65.54],[-116.045,65.226],[-117.51,64.431],[-118.64,63.176],[-119.268,62.59],[-119.498,62.234],[-119.582,61.439],[-118.033,60.591],[-116.401,60.058],[-114.361,59.085],[-113.513,58.143],[-110.563,56.26],[-109.527,55.349],[-104.3,51.394],[-102.794,50.735],[-99.875,49.605],[-98.776,49.605],[-95.574,50.139],[-87.445,51.771],[-86.032,52.462],[-80.1,54.125],[-78.216,54.784],[-76.364,56.103],[-74.387,57.139],[-70.777,58.865],[-69.661,60.516],[-67.861,61.845],[-66.106,62.496],[-64.858,62.713],[-63.32,61.96],[-60.621,60.893],[-59.836,60.045],[-59.805,58.696],[-59.711,57.095],[-58.755,56.009],[-56.956,55.527],[-56.307,54.983],[-55.972,54.355],[-55.491,53.246],[-55.24,52.284],[-54.884,51.112],[-54.758,49.082],[-54.696,46.759],[-54.737,45.42],[-53.388,42.135],[-52.509,41.162],[-51.41,39.875],[-50.217,38.525],[-49.15,37.395],[-48.428,36.296],[-48.271,35.323],[-49.119,34.601],[-50.877,34.319],[-53.545,34.507],[-55.271,35.198],[-57.406,35.951],[-59.634,36.956],[-61.607,37.546],[-63.385,37.818],[-64.79,37.757],[-65.892,37.436],[-66.646,36.948],[-67.999,35.706],[-71.277,33.948],[-73.567,33.597],[-75.869,32.411],[-77.948,32.104],[-79.441,31.686],[-80.375,31.016],[-81.612,31.109],[-82.942,31.505],[-84.319,31.1],[-84.914,31.044],[-85.509,30.709],[-86.272,30.421],[-87.099,29.863],[-87.884,29.565],[-88.449,29.042],[-89.056,28.603],[-89.684,28.121],[-90.291,27.598],[-91.862,23.965],[-91.806,23.03],[-91.583,22.026],[-91.304,21.384],[-91.025,20.421],[-90.829,19.654],[-90.745,18.678],[-90.787,18.175],[-91.359,16.431],[-91.631,14.841],[-91.673,14.213],[-92.113,13.565],[-92.887,12.916],[-93.745,12.602],[-95.231,12.33],[-96.863,12.539],[-98.997,13.439],[-100.357,13.899],[-102.178,14.695],[-103.978,15.406],[-105.966,16.264],[-108.6,18.454],[-109.297,19.068],[-110.259,19.403],[-111.264,20.345],[-112.101,21.433],[-112.791,22.689],[-113.113,23.776],[-113.845,25.074],[-114.138,26.162],[-113.824,26.936],[-112.694,27.48],[-111.69,27.731],[-110.978,27.773],[-110.1,27.48],[-109.053,26.811],[-108.3,25.953],[-107.17,25.074],[-104.847,23.567],[-103.341,22.835],[-102.587,22.5],[-101.876,22.563],[-101.478,23.002],[-101.248,23.923],[-101.269,25.179],[-102.022,27.445],[-102.803,28.073],[-104.115,28.854],[-106.772,30.954],[-107.554,31.442],[-108.516,31.931],[-109.507,32.377],[-111.697,33.619],[-112.674,34.218],[-115.817,35.897],[-116.835,36.344],[-118.579,37.181],[-119.695,38.478],[-120.044,39.678],[-119.465,40.452],[-119.326,40.815],[-119.34,41.317],[-119.507,41.694],[-119.981,41.987],[-120.47,42.07],[-122.311,41.687],[-123.106,41.582],[-124.027,41.603],[-124.843,41.959],[-125.575,42.566],[-126.161,43.821],[-126.433,44.867],[-126.517,45.746],[-126.915,47.127],[-127.145,47.797],[-127.396,48.99],[-126.549,51.637],[-126.13,52.516],[-125.031,56.07],[-124.99,56.865],[-125.087,57.395],[-125.143,57.841],[-125.157,58.692],[-125.004,59.083],[-124.376,60.129],[-124.133,60.466]]]}},{"type":"Feature","properties":{"density":1},"geometry":{"type":"Polygon","coordinates":[[[-86.701,32.63],[-86.78,32.705],[-86.959,32.81],[-87.014,32.904],[-87.01,33.023],[-86.988,33.069],[-86.834,33.16],[-86.682,33.209],[-86.612,33.216],[-86.523,33.201],[-86.426,33.131],[-86.334,32.854],[-86.313,32.634],[-86.342,32.461],[-86.395,32.405],[-86.433,32.392],[-86.509,32.407],[-86.701,32.63]]]}},{"type":"Feature","properties":{"density":2},"geometry":{"type":"Polygon","coordinates":[[[-76.847,21.081],[-77.104,21.092],[-77.172,21.12],[-77.115,21.133],[-76.891,21.111],[-76.856,21.106],[-76.847,21.081]]]}},{"type":"Feature","properties":{"density":2},"geometry":{"type":"Polygon","coordinates":[[[-78.176,22.098],[-78.307,22.138],[-78.373,22.182],[-78.38,22.204],[-78.257,22.232],[-78.202,22.215],[-78.158,22.129],[-78.156,22.107],[-78.176,22.098]]]}},{"type":"Feature","properties":{"density":2},"geometry":{"type":"Polygon","coordinates":[[[-78.595,21.831],[-78.571,21.852],[-78.584,21.879],[-78.645,21.863],[-78.735,21.914],[-78.715,22.023],[-78.74,22.155],[-78.774,22.136],[-78.818,22.079],[-78.856,21.934],[-78.878,21.903],[-78.994,21.872],[-79.005,21.844],[-78.97,21.789],[-78.998,21.683],[-78.955,21.681],[-78.777,21.767],[-78.687,21.841],[-78.595,21.831]]]}},{"type":"Feature","properties":{"density":2},"geometry":{"type":"Polygon","coordinates":[[[-89.219,30.938],[-89.467,30.96],[-89.497,30.947],[-89.522,30.891],[-89.464,30.872],[-89.409,30.889],[-89.227,30.891],[-89.2,30.919],[-89.219,30.938]]]}},{"type":"Feature","properties":{"density":2},"geometry":{"type":"Polygon","coordinates":[[[-83.504,51.406],[-83.565,51.301],[-83.554,51.293],[-83.493,51.301],[-83.433,51.337],[-82.939,51.703],[-82.788,51.88],[-82.768,51.935],[-82.774,51.99],[-82.801,51.995],[-82.909,51.918],[-83.099,51.745],[-83.369,51.543],[-83.504,51.406]]]}},{"type":"Feature","properties":{"density":2},"geometry":{"type":"Polygon","coordinates":[[[-82.276,52.271],[-82.049,52.482],[-81.805,52.755],[-81.727,52.874],[-81.735,52.895],[-82.186,52.428],[-82.277,52.321],[-82.293,52.292],[-82.276,52.271]]]}},{"type":"Feature","properties":{"density":2},"geometry":{"type":"Polygon","coordinates":[[[-94.077,35.255],[-93.903,35.26],[-93.832,35.238],[-94.044,35.222],[-94.113,35.241],[-94.077,35.255]]]}},{"type":"Feature","properties":{"density":2},"geometry":{"type":"Polygon","coordinates":[[[-107.402,38.083],[-107.322,38.281],[-107.322,38.325],[-107.454,38.419],[-107.501,38.435],[-107.438,38.463],[-107.234,38.38],[-107.198,38.353],[-107.176,38.281],[-107.239,38.113],[-107.239,38.03],[-107.297,38.017],[-107.358,38.033],[-107.399,38.05],[-107.402,38.083]]]}},{"type":"Feature","properties":{"density":2},"geometry":{"type":"Polygon","coordinates":[[[-122.569,43.174],[-122.775,43.143],[-122.872,43.06],[-122.903,42.99],[-122.663,43.036],[-122.593,43.066],[-122.501,43.137],[-122.508,43.157],[-122.569,43.174]]]}},{"type":"Feature","properties":{"density":2},"geometry":{"type":"Polygon","coordinates":[[[-122.108,45.909],[-122.327,46.001],[-122.392,45.986],[-122.446,45.931],[-122.443,45.908],[-122.402,45.868],[-122.36,45.868],[-122.289,45.901],[-122.064,45.85],[-121.973,45.813],[-121.931,45.811],[-121.899,45.833],[-121.917,45.855],[-122.108,45.909]]]}},{"type":"Feature","properties":{"density":2},"geometry":{"type":"Polygon","coordinates":[[[-120.988,41.879],[-120.888,41.929],[-120.795,42.065],[-120.876,42.27],[-120.808,42.338],[-120.653,42.382],[-120.287,42.419],[-120.163,42.413],[-119.89,42.363],[-119.735,42.369],[-119.103,42.27],[-118.898,42.27],[-118.712,42.289],[-118.601,42.332],[-118.545,42.388],[-118.563,42.524],[-118.334,42.617],[-117.869,42.543],[-117.578,42.425],[-117.286,42.115],[-117.23,42.003],[-117.112,41.83],[-116.833,41.811],[-116.598,41.892],[-116.468,42.041],[-116.468,42.22],[-116.412,42.406],[-116.282,42.543],[-116.17,42.605],[-115.866,42.549],[-115.792,42.462],[-115.674,42.363],[-115.432,42.214],[-114.651,42.264],[-113.919,42.369],[-113.665,42.437],[-112.816,42.509],[-112.611,42.453],[-112.239,42.109],[-112.007,42.053],[-111.783,42.034],[-111.067,42.165],[-110.723,42.118],[-110.091,42.127],[-110.007,42.044],[-109.933,41.904],[-109.914,41.783],[-109.97,41.625],[-109.858,41.476],[-109.747,41.421],[-109.644,41.346],[-109.57,41.188],[-109.551,41.002],[-109.57,40.89],[-109.7,40.611],[-109.793,40.537],[-109.933,40.472],[-110.016,40.388],[-110.053,40.239],[-110.053,40.156],[-109.998,39.979],[-109.914,39.858],[-109.812,39.812],[-109.672,39.774],[-109.533,39.756],[-109.319,39.812],[-109.068,39.914],[-108.5,40.23],[-108.231,40.407],[-107.942,40.556],[-107.598,40.918],[-107.431,41.039],[-107.235,41.123],[-107.068,40.965],[-107.254,40.565],[-107.366,40.398],[-107.263,40.379],[-107.133,40.388],[-106.808,40.472],[-106.622,40.556],[-106.482,40.667],[-106.38,40.89],[-106.203,40.965],[-105.999,40.956],[-105.794,40.825],[-105.673,40.546],[-105.626,40.36],[-105.533,40.119],[-105.347,39.923],[-105.022,39.802],[-104.455,39.644],[-104.334,39.579],[-104.176,39.458],[-104.073,39.3],[-104.027,39.151],[-104.036,38.975],[-104.092,38.863],[-104.194,38.24],[-103.99,37.914],[-103.459,37.254],[-103.078,36.854],[-103.078,36.622],[-103.264,36.157],[-103.59,35.794],[-103.776,35.617],[-104.455,35.468],[-105.05,35.496],[-105.45,35.208],[-105.626,35.106],[-105.822,35.022],[-106.101,34.975],[-106.352,34.994],[-106.529,35.115],[-106.631,35.282],[-106.65,35.506],[-106.519,35.673],[-106.333,35.803],[-106.101,35.905],[-105.608,36.064],[-105.413,36.157],[-105.189,36.296],[-105.096,36.389],[-105.18,36.491],[-105.357,36.584],[-105.45,36.724],[-105.273,36.826],[-105.05,36.845],[-104.864,36.919],[-104.715,37.049],[-104.724,37.161],[-104.789,37.301],[-105.124,37.561],[-105.357,37.654],[-105.654,37.738],[-106.008,37.784],[-106.398,37.803],[-106.761,37.97],[-106.994,37.989],[-107.552,38.1],[-107.84,38.045],[-108.156,37.942],[-108.51,37.924],[-109.3,38.203],[-109.635,38.351],[-110.965,38.872],[-111.969,39.207],[-112.258,39.254],[-112.537,39.226],[-112.732,39.179],[-112.89,39.114],[-113.095,39.114],[-113.225,39.095],[-113.318,39.077],[-113.448,39.002],[-113.978,38.947],[-114.201,38.882],[-114.229,38.798],[-114.164,38.658],[-114.22,38.37],[-114.369,38.11],[-114.518,37.905],[-114.546,37.766],[-114.555,37.598],[-114.508,37.44],[-114.387,37.245],[-114.276,37.133],[-114.183,36.994],[-114.015,36.873],[-113.839,36.789],[-113.625,36.873],[-113.55,36.928],[-113.495,36.994],[-113.355,37.059],[-113.244,37.087],[-113.178,37.17],[-113.151,37.273],[-113.067,37.328],[-112.704,37.245],[-112.453,37.235],[-112.267,37.282],[-112.025,37.273],[-111.337,37.087],[-111.049,36.975],[-110.184,36.547],[-109.858,36.37],[-109.561,36.184],[-109.365,36.017],[-109.282,35.459],[-109.114,35.282],[-108.844,35.059],[-108.519,34.864],[-108.249,34.761],[-107.524,34.603],[-107.003,34.436],[-106.752,34.38],[-106.408,34.278],[-106.166,34.176],[-105.952,34.045],[-105.366,33.794],[-104.985,33.701],[-104.603,33.571],[-104.018,33.459],[-102.632,32.967],[-102.455,33.134],[-102.288,33.218],[-101.999,33.162],[-101.804,33.004],[-101.599,32.808],[-101.404,32.706],[-101.106,32.641],[-100.865,32.632],[-100.418,32.762],[-100.158,32.994],[-99.721,33.645],[-99.572,33.915],[-99.507,34.166],[-99.553,34.417],[-99.777,34.557],[-99.963,34.575],[-100.362,34.417],[-100.697,34.352],[-100.967,34.324],[-101.134,34.362],[-101.506,34.51],[-101.609,34.622],[-101.646,34.743],[-101.618,34.938],[-101.553,35.124],[-101.348,35.413],[-101.051,35.719],[-100.902,35.85],[-100.697,35.868],[-100.697,35.738],[-100.855,35.496],[-100.902,35.254],[-100.679,35.134],[-100.316,35.338],[-99.232,36.143],[-99.065,36.422],[-98.884,36.77],[-98.647,37.105],[-98.395,37.384],[-97.935,37.607],[-96.986,37.719],[-96.373,37.747],[-95.898,37.942],[-95.591,38.11],[-95.354,38.361],[-94.685,38.863],[-93.345,40.398],[-92.969,40.858],[-91.894,41.96],[-89.3,44.227],[-88.672,44.855],[-86.956,46.675],[-85.156,48.852],[-84.696,49.354],[-83.461,50.212],[-83.001,50.609],[-82.582,51.279],[-82.603,51.949],[-82.917,52.597],[-83.503,52.869],[-83.901,52.953],[-84.549,52.869],[-86.621,52.158],[-87.228,51.886],[-87.709,51.614],[-88.232,51.342],[-88.735,51.049],[-89.341,50.651],[-89.886,50.379],[-90.471,50.17],[-93.345,49.249],[-94.154,49.263],[-94.433,49.333],[-94.712,49.375],[-95.312,49.835],[-95.703,50.072],[-96.317,50.491],[-97.363,51.021],[-98.075,51.244],[-98.8,51.439],[-101.325,52.039],[-103.822,52.89],[-105.496,53.49],[-106.431,53.909],[-107.212,54.285],[-107.714,54.69],[-108.147,55.415],[-108.538,55.778],[-109.012,56.085],[-109.458,56.434],[-110.449,57.006],[-111.607,57.634],[-112.583,58.08],[-113.267,58.457],[-116.754,60.005],[-119.628,60.619],[-120.019,60.8],[-120.354,61.33],[-120.34,61.623],[-120.13,62.014],[-119.782,62.223],[-119.754,62.67],[-119.865,62.963],[-120.061,63.256],[-120.298,63.423],[-120.8,63.632],[-121.456,63.869],[-122.014,63.939],[-122.586,63.967],[-123.06,63.911],[-123.367,63.8],[-123.813,63.577],[-124.106,63.339],[-124.344,63.116],[-124.483,62.823],[-124.441,62.516],[-124.371,62.335],[-124.176,61.986],[-123.597,60.835],[-123.555,60.647],[-123.283,60.124],[-122.928,59.517],[-122.928,59.412],[-123.137,59.245],[-123.493,59.308],[-123.995,59.517],[-125.167,59.873],[-125.543,59.852],[-125.711,59.81],[-125.355,59.705],[-124.706,59.412],[-124.476,59.224],[-124.434,58.889],[-124.141,58.429],[-123.806,57.968],[-123.346,57.634],[-122.99,57.278],[-122.404,56.88],[-120.647,55.771],[-119.789,55.394],[-118.868,55.039],[-117.466,54.725],[-117.047,54.683],[-115.792,54.285],[-114.725,53.804],[-114.348,53.553],[-114.055,53.344],[-113.888,53.197],[-113.406,52.611],[-113.427,52.318],[-113.992,52.172],[-114.39,52.318],[-114.976,52.569],[-115.562,52.779],[-116.21,52.946],[-117.508,53.072],[-117.815,53.044],[-118.094,52.918],[-118.582,52.862],[-119.028,52.848],[-119.405,52.876],[-120.465,52.89],[-121.163,53.044],[-121.47,53.141],[-122.962,53.476],[-123.897,53.49],[-124.274,53.211],[-124.26,52.779],[-123.869,52.179],[-123.339,51.858],[-123.283,51.788],[-123.255,51.677],[-123.311,51.509],[-123.325,51.328],[-123.269,51.23],[-123.06,51.007],[-122.628,50.84],[-122.395,50.788],[-122.005,50.612],[-121.837,50.472],[-121.53,49.654],[-121.419,49.551],[-121.27,49.617],[-121.13,49.579],[-121.009,49.44],[-121.084,49.282],[-121.177,49.226],[-121.251,49.152],[-121.344,48.91],[-121.316,48.826],[-121.242,48.789],[-121.102,48.789],[-120.944,48.928],[-120.814,48.966],[-120.637,48.566],[-120.619,48.426],[-120.656,48.333],[-120.895,48.091],[-120.957,47.992],[-120.944,47.85],[-120.802,47.601],[-120.764,47.502],[-120.758,47.391],[-120.851,47.285],[-120.938,47.279],[-121.031,47.322],[-121.105,47.409],[-121.198,47.477],[-121.322,47.502],[-121.378,47.459],[-121.372,47.415],[-121.322,47.316],[-121.248,47.211],[-121.136,47.143],[-120.994,47.118],[-120.851,46.994],[-120.82,46.895],[-120.876,46.746],[-121.112,46.454],[-121.087,46.324],[-121.031,46.262],[-120.764,46.151],[-120.74,46.12],[-120.758,45.965],[-120.839,45.921],[-121.062,45.847],[-121.471,45.766],[-121.577,45.717],[-121.757,45.562],[-121.806,45.431],[-121.434,44.951],[-121.629,44.421],[-121.555,44.263],[-121.397,44.095],[-121.034,43.853],[-121.155,43.593],[-121.388,43.323],[-121.602,43.174],[-121.908,42.895],[-122.029,42.747],[-122.048,42.654],[-122.039,42.403],[-121.853,42.142],[-121.695,42.179],[-121.574,42.226],[-120.988,41.879]]]}},{"type":"Feature","properties":{"density":2},"geometry":{"type":"Polygon","coordinates":[[[-121.425,48.34],[-121.536,48.428],[-121.533,48.478],[-121.472,48.503],[-121.439,48.549],[-121.486,48.544],[-121.533,48.508],[-121.605,48.489],[-121.671,48.525],[-121.712,48.508],[-121.643,48.436],[-121.624,48.387],[-121.64,48.357],[-121.706,48.326],[-121.781,48.307],[-121.99,48.337],[-122.029,48.31],[-121.905,48.246],[-121.668,48.219],[-121.497,48.241],[-121.45,48.263],[-121.368,48.252],[-121.332,48.268],[-121.365,48.279],[-121.425,48.34]]]}},{"type":"Feature","properties":{"density":2},"geometry":{"type":"Polygon","coordinates":[[[-93.686,26.013],[-93.237,26.116],[-92.568,26.157],[-92.107,26.388],[-91.794,26.764],[-91.647,27.141],[-91.71,27.58],[-91.919,27.894],[-92.066,28.292],[-92.128,28.857],[-91.898,29.464],[-91.312,30.029],[-90.601,30.426],[-89.534,31.159],[-89.136,31.389],[-88.717,31.598],[-88.236,31.745],[-87.002,32.079],[-86.102,32.728],[-85.327,33.502],[-84.365,34.277],[-83.737,34.842],[-83.005,35.574],[-80.263,39.383],[-79.782,39.738],[-79.133,40.115],[-78.422,40.408],[-77.648,40.806],[-76.476,41.517],[-75.848,42.019],[-75.178,42.668],[-74.781,43.149],[-74.299,43.505],[-73.776,43.714],[-72.144,45.514],[-71.558,46.058],[-71.161,46.56],[-70.742,47.042],[-69.319,49.071],[-69.298,49.49],[-69.445,49.699],[-69.696,50.327],[-69.926,50.662],[-70.282,51.122],[-70.617,51.708],[-70.7,52.189],[-70.679,52.733],[-70.575,53.298],[-70.344,53.863],[-70.512,55.328],[-70.721,55.789],[-70.554,57.484],[-70.407,58.049],[-70.386,58.802],[-70.324,59.451],[-70.324,60.016],[-70.365,60.685],[-70.554,61.355],[-70.763,61.836],[-70.972,62.234],[-72.437,62.569],[-72.918,62.485],[-73.421,62.255],[-73.965,61.878],[-74.425,61.501],[-75.157,60.978],[-75.994,60.413],[-77.145,59.723],[-78.359,59.158],[-80.87,58.76],[-84.177,58.509],[-85.097,58.342],[-87.755,57.295],[-88.111,56.772],[-88.613,56.27],[-89.889,55.537],[-90.998,54.993],[-91.961,54.721],[-92.819,54.303],[-93.342,53.989],[-94.012,53.319],[-94.179,52.65],[-94.074,52.168],[-93.489,51.813],[-92.442,51.603],[-91.375,51.52],[-90.099,51.771],[-88.969,52.085],[-87.964,52.419],[-87.19,52.775],[-86.499,53.277],[-85.934,54.052],[-85.411,54.428],[-84.909,54.491],[-84.323,54.261],[-83.653,54.282],[-83.067,54.617],[-82.419,55.454],[-81.603,56.186],[-81.038,56.542],[-80.222,56.709],[-79.636,56.73],[-78.966,56.814],[-78.485,56.814],[-77.857,56.688],[-77.334,56.5],[-76.873,56.291],[-76.79,55.872],[-76.999,55.475],[-77.585,55.203],[-78.129,55.182],[-78.589,55.119],[-78.924,55.014],[-79.259,54.742],[-79.468,54.449],[-79.489,53.884],[-79.343,53.487],[-79.28,53.089],[-79.301,52.608],[-79.615,51.75],[-80.159,51.08],[-80.452,50.557],[-80.954,49.929],[-81.686,49.406],[-82.293,48.904],[-83.8,47.46],[-86.667,44.342],[-87.441,43.924],[-88.257,43.317],[-88.885,42.605],[-89.324,41.915],[-90.329,38.608],[-91.103,37.269],[-91.71,36.495],[-92.233,35.972],[-92.672,35.302],[-93.112,34.8],[-93.53,34.277],[-93.74,33.733],[-93.844,33.314],[-93.656,32.958],[-92.965,32.833],[-92.547,32.958],[-92.045,33.23],[-91.542,33.419],[-91.061,33.649],[-90.538,33.795],[-89.931,34.005],[-89.366,33.921],[-88.969,33.691],[-88.927,33.335],[-89.806,32.268],[-90.496,31.807],[-91.103,31.556],[-91.773,31.305],[-92.944,30.97],[-94.012,30.719],[-94.681,30.384],[-95.623,29.84],[-95.958,29.359],[-96.167,28.899],[-96.188,28.627],[-96.188,28.187],[-96.021,27.79],[-95.477,27.099],[-95.309,26.681],[-95.351,26.283],[-95.728,25.676],[-96.146,25.299],[-96.941,24.776],[-98.281,24.218],[-98.574,24.149],[-98.588,24.414],[-98.406,24.916],[-98.406,25.223],[-98.699,25.209],[-98.978,24.511],[-99.243,24.372],[-99.62,24.288],[-99.997,24.135],[-100.108,23.897],[-99.899,23.814],[-99.718,23.8],[-99.564,23.632],[-99.578,23.423],[-99.704,23.172],[-100.122,22.795],[-100.555,22.251],[-101.071,21.735],[-101.364,21.763],[-101.726,21.944],[-102.061,22.154],[-102.424,22.433],[-103.08,22.684],[-103.679,22.963],[-104.154,22.907],[-104.251,22.433],[-104.056,22.056],[-103.484,21.637],[-102.787,21.331],[-102.033,21.079],[-100.541,20.717],[-100.052,20.689],[-99.885,21.121],[-99.508,21.386],[-98.978,21.205],[-98.099,20.577],[-97.695,20.354],[-97.178,20.201],[-96.607,20.145],[-96.286,20.368],[-96.244,20.675],[-96.007,20.926],[-95.602,20.912],[-95.198,20.828],[-94.751,20.814],[-94.235,20.884],[-93.998,21.121],[-93.984,21.442],[-94.109,21.679],[-94.653,21.791],[-95.337,21.791],[-96.216,22.056],[-96.509,22.279],[-96.704,22.558],[-96.774,22.865],[-96.565,23.214],[-96.202,23.577],[-95.393,23.8],[-94.737,23.87],[-94.444,23.953],[-94.165,24.009],[-93.9,24.176],[-93.733,24.358],[-93.649,24.748],[-93.747,25.111],[-93.83,25.334],[-93.928,25.492],[-93.919,25.651],[-93.993,25.827],[-93.984,25.939],[-93.835,26.013],[-93.686,26.013]]]}},{"type":"Feature","properties":{"density":2},"geometry":{"type":"Polygon","coordinates":[[[-140.043,63.628],[-140.117,63.585],[-140.136,63.504],[-140.086,63.436],[-140.006,63.442],[-139.931,63.48],[-139.708,63.442],[-139.658,63.498],[-139.677,63.554],[-139.764,63.597],[-140.043,63.628]]]}},{"type":"Feature","properties":{"density":2},"geometry":{"type":"Polygon","coordinates":[[[-145.425,64.366],[-145.071,64.335],[-144.96,64.36],[-144.966,64.41],[-145.164,64.422],[-145.208,64.459],[-145.239,64.565],[-145.319,64.546],[-145.387,64.496],[-145.443,64.416],[-145.425,64.366]]]}},{"type":"Feature","properties":{"density":2},"geometry":{"type":"Polygon","coordinates":[[[-137.174,65.008],[-136.044,64.318],[-134.569,63.69],[-133.062,63.094],[-132.026,62.842],[-131.085,62.56],[-130.143,62.748],[-130.049,63.219],[-130.645,63.753],[-131.022,64.192],[-131.053,64.789],[-130.708,65.008],[-129.641,65.165],[-129.17,65.354],[-128.762,65.667],[-128.699,65.95],[-129.013,66.358],[-129.452,66.578],[-131.273,66.986],[-131.932,67.111],[-132.623,67.205],[-133.533,67.614],[-134.192,67.99],[-134.161,68.367],[-133.596,68.587],[-133.031,68.681],[-131.964,68.649],[-130.802,68.744],[-129.672,68.9],[-128.448,68.932],[-127.192,68.712],[-126.157,68.461],[-124.618,67.99],[-124.085,67.77],[-123.3,67.394],[-122.484,67.143],[-121.637,66.986],[-117.179,67.205],[-114.731,67.551],[-113.067,68.053],[-111.875,68.461],[-110.588,68.712],[-107.3,68.846],[-105.04,69.057],[-102.78,69.128],[-100.59,69.128],[-98.048,69.34],[-95.788,69.693],[-94.305,70.611],[-93.881,72.73],[-94.163,74.637],[-95.647,75.837],[-98.542,76.897],[-103.486,77.956],[-107.017,77.532],[-110.972,76.685],[-117.682,74.919],[-120.436,74.213],[-123.19,73.719],[-126.086,73.577],[-129.193,74.072],[-131.524,74.496],[-133.502,75.202],[-134.773,75.696],[-136.397,76.049],[-140.14,76.332],[-141.482,76.402],[-142.965,76.261],[-146.002,75.343],[-150.122,73.413],[-151.205,73.318],[-152.429,73.13],[-153.606,72.848],[-154.548,72.424],[-155.348,71.953],[-155.772,71.482],[-155.725,70.964],[-154.877,70.258],[-153.277,69.834],[-152.147,69.505],[-151.111,69.269],[-150.357,68.893],[-149.557,67.621],[-149.322,66.962],[-149.227,66.068],[-149.306,65.11],[-149.243,64.828],[-148.898,64.326],[-148.427,64.043],[-147.799,63.855],[-146.512,63.698],[-145.79,63.886],[-144.974,64.231],[-144.221,64.608],[-143.562,65.048],[-142.808,65.518],[-141.992,65.958],[-140.423,66.083],[-139.764,65.926],[-139.23,65.675],[-138.791,65.393],[-137.786,65.142],[-137.692,65.142],[-137.174,65.008]]]}},{"type":"Feature","properties":{"density":2},"geometry":{"type":"Polygon","coordinates":[[[-121.639,45.265],[-121.756,45.304],[-121.832,45.362],[-121.82,45.426],[-121.783,45.473],[-121.507,45.569],[-121.281,45.671],[-120.724,45.856],[-120.329,46.015],[-119.817,46.388],[-119.369,46.785],[-119.308,46.88],[-119.29,46.995],[-119.345,47.377],[-119.299,47.519],[-119.143,47.743],[-118.891,47.892],[-118.5,47.89],[-118.205,47.761],[-117.918,47.597],[-117.434,47.406],[-117.327,47.275],[-117.299,47.069],[-117.243,46.869],[-116.977,46.498],[-116.965,46.369],[-117.042,46.288],[-117.187,46.207],[-117.395,46.191],[-117.619,46.15],[-117.974,46.242],[-118.12,46.254],[-118.252,46.219],[-118.336,46.166],[-119.025,46.0],[-119.131,45.919],[-119.617,45.721],[-120.679,45.492],[-120.886,45.379],[-120.935,45.263],[-121.051,45.202],[-121.322,45.159],[-121.434,45.159],[-121.606,45.236],[-121.639,45.265]]]}},{"type":"Feature","properties":{"density":2},"geometry":{"type":"Polygon","coordinates":[[[-116.858,42.852],[-116.695,42.886],[-116.622,42.88],[-116.575,42.849],[-116.557,42.807],[-116.578,42.628],[-116.546,42.496],[-116.385,42.161],[-116.375,42.101],[-116.414,42.071],[-116.487,42.055],[-116.682,42.062],[-116.912,42.107],[-116.995,42.148],[-117.115,42.304],[-117.169,42.411],[-117.193,42.533],[-117.102,42.655],[-116.858,42.852]]]}},{"type":"Feature","properties":{"density":2},"geometry":{"type":"Polygon","coordinates":[[[-118.048,46.025],[-117.988,46.08],[-117.933,46.105],[-117.885,46.108],[-117.848,46.07],[-117.871,46.001],[-117.915,45.988],[-117.98,45.98],[-118.037,46.002],[-118.048,46.025]]]}},{"type":"Feature","properties":{"density":2},"geometry":{"type":"Polygon","coordinates":[[[-121.279,47.472],[-121.237,47.516],[-121.185,47.508],[-121.07,47.431],[-121.006,47.318],[-120.783,47.265],[-120.733,47.23],[-120.728,47.205],[-120.784,47.176],[-120.874,47.168],[-121.091,47.227],[-121.221,47.355],[-121.312,47.411],[-121.325,47.445],[-121.279,47.472]]]}},{"type":"Feature","properties":{"density":2},"geometry":{"type":"Polygon","coordinates":[[[-121.419,48.329],[-121.447,48.373],[-121.519,48.405],[-121.548,48.487],[-121.655,48.516],[-121.747,48.567],[-121.836,48.569],[-121.873,48.55],[-121.882,48.522],[-121.861,48.504],[-121.727,48.48],[-121.648,48.439],[-121.632,48.406],[-121.644,48.381],[-121.737,48.318],[-121.938,48.332],[-121.99,48.328],[-122.01,48.298],[-122.001,48.275],[-121.967,48.261],[-121.549,48.25],[-121.417,48.269],[-121.403,48.291],[-121.419,48.329]]]}},{"type":"Feature","properties":{"density":2},"geometry":{"type":"Polygon","coordinates":[[[-122.577,50.34],[-122.373,50.356],[-122.341,50.343],[-122.325,50.3],[-122.279,50.248],[-122.303,50.218],[-122.451,50.15],[-122.495,50.115],[-122.549,50.108],[-122.529,50.204],[-122.545,50.234],[-122.653,50.317],[-122.636,50.341],[-122.577,50.34]]]}},{"type":"Feature","properties":{"density":2},"geometry":{"type":"Polygon","coordinates":[[[-106.799,45.692],[-106.864,45.727],[-106.943,45.826],[-106.959,45.869],[-106.958,45.906],[-106.943,45.92],[-106.877,45.896],[-106.691,45.723],[-106.69,45.707],[-106.731,45.685],[-106.799,45.692]]]}},{"type":"Feature","properties":{"density":2},"geometry":{"type":"Polygon","coordinates":[[[-122.529,43.175],[-122.614,43.175],[-122.707,43.141],[-122.88,43.112],[-122.933,43.039],[-123.046,42.956],[-123.063,42.926],[-123.052,42.877],[-122.971,42.882],[-122.871,42.942],[-122.683,42.99],[-122.502,43.111],[-122.49,43.146],[-122.529,43.175]]]}},{"type":"Feature","properties":{"density":2},"geometry":{"type":"Polygon","coordinates":[[[-122.937,42.203],[-122.936,42.23],[-122.979,42.25],[-123.009,42.245],[-123.028,42.216],[-123.017,42.188],[-122.996,42.184],[-122.937,42.203]]]}},{"type":"Feature","properties":{"density":2},"geometry":{"type":"Polygon","coordinates":[[[-122.455,53.281],[-122.061,53.216],[-121.484,53.169],[-120.588,52.964],[-118.57,52.746],[-117.929,52.714],[-116.881,52.6],[-115.646,52.445],[-114.849,52.291],[-114.37,52.072],[-113.769,51.869],[-111.469,50.914],[-109.471,50.353],[-108.008,50.0],[-106.924,49.5],[-105.79,49.013],[-104.718,48.477],[-103.767,47.892],[-101.128,46.083],[-100.707,45.53],[-99.825,45.359],[-98.981,45.496],[-98.082,45.747],[-97.432,45.873],[-96.653,46.06],[-96.02,46.289],[-95.289,46.63],[-94.836,46.767],[-94.735,46.57],[-94.948,46.33],[-95.208,45.899],[-95.403,45.501],[-95.679,44.77],[-96.045,44.341],[-96.191,44.039],[-96.315,43.472],[-96.157,43.189],[-95.795,43.11],[-95.473,43.11],[-95.017,43.141],[-94.675,43.187],[-94.095,43.167],[-93.372,43.306],[-92.713,43.385],[-91.733,43.299],[-91.314,42.954],[-91.406,42.314],[-92.009,41.638],[-92.685,40.98],[-93.786,40.283],[-94.274,40.039],[-94.623,39.925],[-95.202,39.619],[-95.779,39.667],[-96.266,39.634],[-96.812,39.654],[-97.246,39.673],[-98.077,39.743],[-98.496,39.88],[-98.879,39.892],[-99.188,39.938],[-99.807,39.971],[-100.149,40.089],[-100.454,40.152],[-100.839,40.26],[-101.32,40.339],[-101.656,40.366],[-102.033,40.635],[-102.532,40.94],[-103.793,41.671],[-104.908,42.11],[-106.021,42.283],[-106.119,42.177],[-106.184,41.982],[-106.184,41.454],[-106.257,41.223],[-106.598,41.003],[-107.756,41.235],[-108.158,41.491],[-108.682,41.722],[-109.316,41.966],[-109.718,42.197],[-110.007,42.192],[-110.27,42.271],[-110.563,42.449],[-111.018,42.49],[-111.611,42.531],[-113.488,42.474],[-114.122,42.486],[-115.523,42.327],[-116.242,42.072],[-116.449,42.023],[-116.66,41.947],[-116.913,41.965],[-117.183,42.058],[-117.357,42.17],[-117.573,42.445],[-117.848,42.694],[-118.148,42.712],[-118.422,42.651],[-118.7,42.535],[-118.924,42.47],[-119.296,42.42],[-120.088,42.468],[-120.464,42.551],[-120.879,42.555],[-121.356,42.414],[-121.529,42.331],[-121.811,42.259],[-121.963,42.273],[-122.114,42.349],[-122.176,42.494],[-122.165,42.627],[-122.092,42.725],[-121.988,42.822],[-121.554,43.136],[-121.019,43.705],[-120.918,43.76],[-120.846,43.842],[-120.796,43.939],[-120.824,44.042],[-120.901,44.122],[-120.981,44.177],[-121.181,44.266],[-121.294,44.354],[-121.263,44.44],[-121.056,44.491],[-120.865,44.597],[-120.769,44.669],[-120.562,44.699],[-120.493,44.727],[-120.405,44.768],[-120.163,44.946],[-119.816,45.081],[-119.647,45.17],[-119.431,45.256],[-119.045,45.29],[-118.666,45.449],[-118.453,45.615],[-118.388,45.749],[-118.345,45.94],[-118.432,45.983],[-118.663,45.954],[-119.451,45.7],[-119.646,45.61],[-120.021,45.548],[-120.585,45.407],[-120.876,45.223],[-121.247,45.098],[-121.468,45.098],[-121.637,45.144],[-121.733,45.197],[-121.803,45.271],[-121.868,45.387],[-121.865,45.486],[-121.786,45.637],[-121.685,45.697],[-121.227,45.854],[-121.052,45.892],[-120.805,46.022],[-120.204,46.143],[-120.022,46.319],[-119.964,46.418],[-120.008,46.527],[-120.16,46.74],[-120.248,47.033],[-120.303,47.126],[-120.341,47.255],[-120.491,47.34],[-120.669,47.54],[-120.854,47.718],[-120.936,47.834],[-120.948,47.952],[-120.917,48.031],[-120.775,48.19],[-120.693,48.253],[-120.6,48.443],[-120.647,48.591],[-120.705,48.685],[-120.759,48.835],[-120.827,48.929],[-120.889,48.941],[-120.945,48.908],[-121.055,48.787],[-121.149,48.758],[-121.284,48.758],[-121.366,48.79],[-121.407,48.864],[-121.383,48.944],[-121.31,49.078],[-121.452,49.257],[-121.485,49.4],[-121.456,49.405],[-121.292,49.198],[-121.25,49.193],[-121.217,49.209],[-121.209,49.243],[-121.358,49.334],[-121.419,49.397],[-121.412,49.408],[-121.173,49.318],[-121.082,49.344],[-120.637,49.575],[-120.476,49.698],[-120.346,49.765],[-120.064,49.953],[-120.023,50.018],[-120.057,50.098],[-120.155,50.143],[-120.245,50.136],[-120.555,49.951],[-121.422,49.681],[-121.532,49.708],[-121.59,49.765],[-121.776,50.259],[-121.951,50.509],[-122.038,50.593],[-122.103,50.685],[-122.238,50.745],[-122.637,50.88],[-123.02,50.904],[-123.145,50.926],[-123.242,50.955],[-123.393,51.056],[-123.413,51.178],[-123.403,51.26],[-123.362,51.325],[-123.289,51.633],[-123.31,51.8],[-123.382,52.078],[-123.31,52.247],[-123.169,52.717],[-123.068,52.904],[-122.938,53.053],[-122.779,53.179],[-122.642,53.258],[-122.527,53.287],[-122.455,53.281]]]}},{"type":"Feature","properties":{"density":2},"geometry":{"type":"Polygon","coordinates":[[[-112.36,39.276],[-112.617,39.213],[-113.167,39.204],[-113.339,39.077],[-113.447,38.947],[-113.537,38.789],[-113.659,38.627],[-113.848,38.491],[-114.114,38.329],[-114.475,38.225],[-114.615,38.144],[-114.826,37.869],[-114.903,37.635],[-114.75,37.4],[-114.556,37.269],[-114.24,37.148],[-113.893,37.08],[-113.645,37.202],[-113.343,37.45],[-113.194,37.63],[-112.973,37.752],[-112.658,37.765],[-112.257,37.684],[-111.896,37.581],[-111.355,37.286],[-110.997,37.28],[-110.793,37.334],[-110.636,37.529],[-110.624,37.683],[-110.651,37.851],[-110.829,38.101],[-111.033,38.236],[-111.361,38.416],[-111.538,38.482],[-111.652,38.566],[-111.673,38.615],[-111.67,38.708],[-111.637,38.768],[-111.493,38.867],[-111.472,38.951],[-111.484,39.065],[-111.556,39.177],[-111.724,39.258],[-112.127,39.345],[-112.253,39.342],[-112.335,39.315],[-112.36,39.276]]]}},{"type":"Feature","properties":{"density":2},"geometry":{"type":"Polygon","coordinates":[[[-107.355,38.01],[-107.526,37.985],[-107.556,37.999],[-107.556,38.044],[-107.511,38.112],[-107.396,38.18],[-107.324,38.242],[-107.304,38.284],[-107.236,38.322],[-107.226,38.248],[-107.268,38.023],[-107.316,38.003],[-107.355,38.01]]]}},{"type":"Feature","properties":{"density":2},"geometry":{"type":"Polygon","coordinates":[[[-94.091,35.281],[-93.941,35.274],[-93.906,35.248],[-94.044,35.222],[-94.092,35.229],[-94.11,35.253],[-94.091,35.281]]]}},{"type":"Feature","properties":{"density":2},"geometry":{"type":"Polygon","coordinates":[[[-78.715,50.261],[-78.667,50.432],[-78.586,50.564],[-78.217,50.906],[-78.185,50.954],[-78.147,50.966],[-78.128,50.956],[-78.139,50.906],[-78.192,50.823],[-78.439,50.51],[-78.497,50.375],[-78.602,50.24],[-78.647,50.218],[-78.715,50.261]]]}},{"type":"Feature","properties":{"density":2},"geometry":{"type":"Polygon","coordinates":[[[-74.46,47.871],[-74.181,48.06],[-73.96,48.353],[-73.69,48.529],[-73.401,48.637],[-72.878,48.777],[-72.486,48.809],[-72.332,48.795],[-72.22,48.696],[-72.152,48.565],[-72.152,48.389],[-72.355,48.223],[-72.837,47.948],[-73.09,47.862],[-74.037,47.637],[-74.46,47.587],[-74.578,47.596],[-74.614,47.704],[-74.46,47.871]]]}},{"type":"Feature","properties":{"density":2},"geometry":{"type":"Polygon","coordinates":[[[-111.308,39.421],[-111.265,39.429],[-111.241,39.406],[-111.228,39.308],[-111.236,39.241],[-111.251,39.225],[-111.299,39.274],[-111.331,39.369],[-111.308,39.421]]]}},{"type":"Feature","properties":{"density":2},"geometry":{"type":"Polygon","coordinates":[[[-121.393,63.664],[-121.8,63.788],[-121.988,63.816],[-122.216,63.846],[-122.473,63.821],[-122.577,63.794],[-122.965,63.473],[-123.266,63.316],[-123.461,63.163],[-123.517,63.092],[-123.535,63.007],[-123.539,62.842],[-123.447,62.574],[-123.334,62.005],[-123.293,61.711],[-123.197,61.492],[-123.032,61.252],[-122.896,61.153],[-122.813,61.004],[-122.809,60.872],[-122.675,60.517],[-122.551,60.324],[-122.303,60.083],[-121.881,59.791],[-121.534,59.636],[-121.112,59.463],[-120.498,59.308],[-120.233,59.084],[-120.357,58.973],[-120.853,58.855],[-121.299,58.855],[-121.727,58.886],[-122.235,58.967],[-123.134,59.066],[-123.469,59.022],[-123.674,58.83],[-123.705,58.626],[-123.159,58.285],[-121.826,57.919],[-120.723,57.72],[-119.923,57.634],[-118.738,57.268],[-118.242,57.038],[-117.672,56.611],[-117.436,56.208],[-117.449,55.823],[-117.418,55.389],[-117.294,55.234],[-116.878,55.135],[-115.936,54.986],[-115.105,55.147],[-114.522,55.284],[-113.698,55.29],[-112.786,55.339],[-112.061,55.432],[-111.689,55.556],[-111.466,55.786],[-111.404,55.991],[-111.695,56.183],[-112.358,56.412],[-113.059,56.797],[-113.419,57.076],[-113.884,57.553],[-114.256,57.993],[-114.845,58.626],[-115.378,58.967],[-116.215,59.339],[-117.207,59.655],[-118.273,60.095],[-118.8,60.275],[-119.241,60.504],[-120.239,60.938],[-120.537,61.18],[-120.822,61.552],[-120.828,61.676],[-120.76,61.775],[-120.377,61.923],[-120.244,62.036],[-120.173,62.16],[-120.246,62.335],[-120.441,62.428],[-120.51,62.506],[-120.475,62.778],[-120.48,62.85],[-120.568,63.236],[-120.656,63.363],[-120.794,63.445],[-120.976,63.533],[-121.139,63.58],[-121.301,63.652],[-121.393,63.664]]]}},{"type":"Feature","properties":{"density":2},"geometry":{"type":"Polygon","coordinates":[[[-135.591,70.684],[-135.219,70.973],[-134.866,71.41],[-134.522,71.521],[-134.048,71.596],[-133.666,71.447],[-133.424,71.131],[-133.155,70.852],[-132.634,70.777],[-131.416,70.703],[-131.192,70.517],[-131.416,70.266],[-132.039,70.005],[-132.885,69.615],[-133.49,69.271],[-133.908,68.908],[-134.094,68.489],[-133.88,68.201],[-133.266,67.996],[-132.718,67.727],[-132.132,67.364],[-131.769,66.871],[-131.592,66.248],[-131.667,65.792],[-131.853,65.532],[-132.401,65.188],[-132.829,65.151],[-133.285,65.281],[-133.666,65.495],[-133.992,65.811],[-134.262,66.239],[-134.643,66.667],[-135.275,67.113],[-136.078,67.869],[-136.94,68.415],[-137.405,68.874],[-137.579,69.178],[-137.597,69.556],[-137.38,69.878],[-137.083,70.114],[-136.742,70.312],[-135.83,70.622],[-135.591,70.684]]]}},{"type":"Feature","properties":{"density":2},"geometry":{"type":"Polygon","coordinates":[[[-140.07,63.476],[-140.079,63.546],[-140.021,63.571],[-139.728,63.592],[-139.685,63.575],[-139.662,63.538],[-139.67,63.49],[-139.701,63.463],[-139.891,63.485],[-140.07,63.476]]]}},{"type":"Feature","properties":{"density":2},"geometry":{"type":"Polygon","coordinates":[[[-118.007,46.046],[-117.898,46.147],[-117.633,46.295],[-117.555,46.312],[-117.512,46.293],[-117.494,46.263],[-117.48,46.184],[-117.389,45.983],[-117.404,45.959],[-117.511,45.943],[-117.765,45.953],[-117.895,45.979],[-117.979,45.972],[-118.021,45.992],[-118.024,46.023],[-118.007,46.046]]]}},{"type":"Feature","properties":{"density":2},"geometry":{"type":"Polygon","coordinates":[[[-106.832,45.712],[-106.987,45.891],[-107.006,45.927],[-107.006,45.955],[-106.988,45.974],[-106.919,45.974],[-106.889,45.952],[-106.734,45.816],[-106.683,45.727],[-106.687,45.7],[-106.74,45.672],[-106.813,45.687],[-106.832,45.712]]]}},{"type":"Feature","properties":{"density":2},"geometry":{"type":"Polygon","coordinates":[[[-121.768,45.447],[-121.595,45.574],[-121.164,45.737],[-120.921,45.794],[-120.491,45.86],[-120.154,46.011],[-119.772,46.267],[-119.126,46.796],[-118.991,46.862],[-118.889,46.967],[-118.842,47.064],[-118.848,47.155],[-118.958,47.298],[-119.159,47.485],[-119.233,47.623],[-119.184,47.805],[-119.087,47.915],[-118.717,48.083],[-118.609,48.108],[-118.245,48.141],[-117.729,48.232],[-117.551,48.244],[-116.906,48.162],[-116.745,48.125],[-116.687,48.083],[-116.642,47.988],[-116.617,47.872],[-116.621,47.765],[-116.642,47.67],[-116.72,47.476],[-116.869,47.219],[-116.989,47.12],[-117.225,47.013],[-117.572,46.913],[-118.237,46.624],[-118.341,46.546],[-118.423,46.388],[-118.299,46.202],[-118.316,46.112],[-118.46,46.0],[-118.572,45.95],[-118.824,45.88],[-119.368,45.681],[-119.715,45.651],[-120.089,45.506],[-120.489,45.418],[-120.779,45.324],[-120.97,45.217],[-121.062,45.196],[-121.451,45.211],[-121.651,45.251],[-121.703,45.275],[-121.785,45.345],[-121.807,45.383],[-121.804,45.411],[-121.768,45.447]]]}},{"type":"Feature","properties":{"density":2},"geometry":{"type":"Polygon","coordinates":[[[-122.53,43.181],[-122.865,43.053],[-122.918,42.984],[-122.908,42.961],[-122.879,42.948],[-122.82,42.955],[-122.686,43.006],[-122.49,43.117],[-122.479,43.158],[-122.53,43.181]]]}},{"type":"Feature","properties":{"density":2},"geometry":{"type":"Polygon","coordinates":[[[-122.128,45.916],[-122.055,45.929],[-121.84,45.889],[-121.784,45.861],[-121.78,45.842],[-121.857,45.818],[-122.102,45.853],[-122.153,45.882],[-122.128,45.916]]]}},{"type":"Feature","properties":{"density":2},"geometry":{"type":"Polygon","coordinates":[[[-121.587,48.504],[-121.558,48.511],[-121.529,48.491],[-121.522,48.427],[-121.402,48.321],[-121.384,48.279],[-121.424,48.266],[-121.494,48.292],[-121.56,48.259],[-121.589,48.254],[-121.605,48.268],[-121.594,48.374],[-121.645,48.48],[-121.631,48.503],[-121.587,48.504]]]}},{"type":"Feature","properties":{"density":2},"geometry":{"type":"Polygon","coordinates":[[[-122.578,50.321],[-122.48,50.294],[-122.456,50.318],[-122.457,50.368],[-122.429,50.384],[-122.387,50.387],[-122.364,50.374],[-122.358,50.347],[-122.394,50.269],[-122.409,50.189],[-122.532,50.081],[-122.548,50.096],[-122.513,50.207],[-122.627,50.286],[-122.623,50.317],[-122.578,50.321]]]}},{"type":"Feature","properties":{"density":2},"geometry":{"type":"Polygon","coordinates":[[[-79.004,50.202],[-78.972,50.309],[-78.947,50.331],[-78.962,50.213],[-78.994,50.177],[-79.004,50.202]]]}},{"type":"Feature","properties":{"density":2},"geometry":{"type":"Polygon","coordinates":[[[-78.58,50.128],[-78.534,50.289],[-78.481,50.305],[-78.467,50.29],[-78.471,50.25],[-78.561,50.123],[-78.576,50.116],[-78.58,50.128]]]}},{"type":"Feature","properties":{"density":2},"geometry":{"type":"Polygon","coordinates":[[[-78.811,50.11],[-78.773,50.188],[-78.685,50.196],[-78.68,50.169],[-78.758,50.042],[-78.785,50.054],[-78.811,50.11]]]}},{"type":"Feature","properties":{"density":2},"geometry":{"type":"Polygon","coordinates":[[[-78.906,50.118],[-78.883,50.201],[-78.858,50.234],[-78.88,50.108],[-78.897,50.101],[-78.906,50.118]]]}},{"type":"Feature","properties":{"density":2},"geometry":{"type":"Polygon","coordinates":[[[-78.744,50.271],[-78.714,50.401],[-78.828,50.284],[-78.855,50.3],[-78.832,50.41],[-78.701,50.673],[-78.546,50.838],[-78.51,50.936],[-78.548,50.96],[-78.638,50.835],[-78.695,50.811],[-78.73,50.833],[-78.752,50.882],[-78.712,51.002],[-78.354,51.712],[-78.305,51.767],[-78.248,51.785],[-78.206,51.783],[-78.121,51.719],[-78.046,51.714],[-77.829,51.874],[-77.728,51.918],[-77.623,51.899],[-77.599,51.875],[-77.579,51.789],[-77.678,51.368],[-77.596,51.273],[-77.316,51.095],[-77.272,51.047],[-77.252,50.997],[-77.261,50.955],[-77.344,50.852],[-77.55,50.712],[-78.178,50.444],[-78.473,50.343],[-78.542,50.301],[-78.61,50.198],[-78.7,50.202],[-78.734,50.228],[-78.744,50.271]]]}},{"type":"Feature","properties":{"density":2},"geometry":{"type":"Polygon","coordinates":[[[-79.116,50.267],[-79.081,50.374],[-78.979,50.54],[-78.902,50.575],[-78.856,50.556],[-78.846,50.511],[-78.857,50.488],[-78.987,50.369],[-79.067,50.257],[-79.106,50.243],[-79.116,50.267]]]}},{"type":"Feature","properties":{"density":2},"geometry":{"type":"Polygon","coordinates":[[[-75.161,52.304],[-75.132,52.441],[-75.034,52.653],[-74.996,52.704],[-74.858,52.814],[-74.713,52.89],[-74.514,52.904],[-74.382,52.844],[-74.34,52.794],[-74.327,52.724],[-74.338,52.658],[-74.412,52.594],[-74.745,52.478],[-75.123,52.265],[-75.151,52.264],[-75.161,52.304]]]}},{"type":"Feature","properties":{"density":2},"geometry":{"type":"Polygon","coordinates":[[[-107.438,38.147],[-107.192,38.269],[-107.145,38.286],[-107.076,38.281],[-107.018,38.252],[-106.982,38.198],[-106.975,38.026],[-107.001,37.939],[-107.094,37.864],[-107.168,37.846],[-107.366,37.822],[-107.514,37.835],[-107.558,37.863],[-107.576,37.917],[-107.566,37.991],[-107.501,38.106],[-107.438,38.147]]]}},{"type":"Feature","properties":{"density":2},"geometry":{"type":"Polygon","coordinates":[[[-112.717,39.36],[-112.874,39.355],[-113.07,39.311],[-113.205,39.245],[-113.398,39.09],[-113.69,38.801],[-113.885,38.682],[-114.031,38.658],[-114.219,38.671],[-114.522,38.663],[-114.627,38.647],[-114.745,38.572],[-114.855,38.418],[-114.861,38.211],[-114.842,38.098],[-114.74,37.795],[-114.632,37.652],[-114.334,37.47],[-114.084,37.445],[-113.783,37.511],[-113.444,37.652],[-113.221,37.872],[-113.133,37.938],[-112.857,37.955],[-112.673,37.828],[-112.587,37.748],[-112.215,37.569],[-112.072,37.536],[-111.747,37.478],[-111.438,37.487],[-111.309,37.528],[-111.163,37.611],[-111.091,37.721],[-111.061,37.856],[-111.077,38.14],[-111.116,38.261],[-111.179,38.368],[-111.411,38.611],[-111.522,38.658],[-111.605,38.72],[-111.652,38.783],[-111.665,38.948],[-111.617,39.193],[-111.636,39.252],[-111.717,39.331],[-111.823,39.392],[-111.977,39.427],[-112.398,39.414],[-112.565,39.371],[-112.717,39.36]]]}},{"type":"Feature","properties":{"density":2},"geometry":{"type":"Polygon","coordinates":[[[-111.327,39.402],[-111.261,39.446],[-111.211,39.451],[-111.179,39.424],[-111.163,39.325],[-111.184,39.165],[-111.203,39.131],[-111.235,39.124],[-111.299,39.148],[-111.317,39.178],[-111.338,39.346],[-111.327,39.402]]]}},{"type":"Feature","properties":{"density":2},"geometry":{"type":"Polygon","coordinates":[[[-123.314,52.138],[-123.09,52.285],[-122.784,52.571],[-122.36,52.855],[-121.886,53.139],[-121.467,53.326],[-120.668,53.577],[-120.263,53.597],[-119.982,53.555],[-118.974,53.076],[-118.044,52.871],[-116.389,52.657],[-115.933,52.555],[-115.496,52.416],[-114.306,51.988],[-112.771,51.504],[-111.385,50.955],[-110.576,50.695],[-109.46,50.407],[-107.842,49.932],[-105.21,49.002],[-103.485,47.775],[-102.676,47.356],[-101.811,46.84],[-100.192,45.529],[-99.174,44.957],[-98.002,44.979],[-97.387,45.024],[-96.49,45.173],[-95.56,45.4],[-94.752,44.938],[-94.166,44.324],[-94.008,43.785],[-93.98,43.236],[-94.231,42.808],[-94.463,42.566],[-94.826,42.334],[-95.663,41.953],[-96.714,41.599],[-99.355,41.116],[-100.206,41.088],[-100.946,41.116],[-102.006,41.283],[-104.215,41.918],[-104.782,41.909],[-105.089,41.816],[-105.303,41.593],[-105.387,41.398],[-105.461,41.016],[-105.833,40.886],[-106.307,40.877],[-106.996,41.063],[-107.526,41.342],[-108.102,41.584],[-110.581,42.253],[-113.05,42.581],[-113.223,42.585],[-113.86,42.655],[-114.042,42.643],[-114.187,42.564],[-114.367,42.55],[-114.535,42.578],[-114.745,42.539],[-115.235,42.572],[-115.624,42.548],[-115.786,42.506],[-115.941,42.413],[-115.986,42.315],[-116.042,42.098],[-116.122,41.962],[-116.252,41.863],[-116.476,41.838],[-116.804,41.906],[-117.04,42.03],[-117.207,42.241],[-117.313,42.433],[-117.542,42.532],[-117.908,42.569],[-118.652,42.452],[-119.551,42.466],[-120.179,42.64],[-120.568,42.71],[-120.779,42.664],[-120.872,42.615],[-121.068,42.576],[-121.622,42.383],[-121.743,42.364],[-121.884,42.389],[-121.953,42.458],[-122.032,42.648],[-122.016,42.709],[-121.966,42.791],[-121.895,42.868],[-121.516,43.105],[-121.268,43.386],[-120.954,43.593],[-120.817,43.754],[-120.565,43.98],[-120.543,44.055],[-120.56,44.135],[-120.601,44.165],[-120.819,44.168],[-120.987,44.19],[-121.039,44.245],[-121.042,44.325],[-120.838,44.531],[-120.667,44.622],[-120.367,44.857],[-120.237,44.981],[-119.592,45.438],[-119.543,45.512],[-119.532,45.598],[-119.568,45.645],[-119.873,45.562],[-120.708,45.286],[-121.158,45.183],[-121.484,45.179],[-121.587,45.204],[-121.811,45.315],[-121.83,45.376],[-121.822,45.442],[-121.783,45.506],[-121.747,45.533],[-121.031,45.839],[-120.799,45.891],[-120.595,45.957],[-120.002,46.283],[-119.906,46.419],[-119.927,46.555],[-120.303,47.159],[-120.402,47.283],[-120.82,47.683],[-120.919,47.843],[-120.919,48.025],[-120.893,48.073],[-120.843,48.135],[-120.709,48.238],[-120.578,48.286],[-120.53,48.385],[-120.521,48.479],[-120.536,48.547],[-120.593,48.672],[-120.723,48.883],[-120.769,49.01],[-120.802,49.023],[-120.861,48.997],[-120.899,48.835],[-120.931,48.773],[-120.978,48.749],[-121.138,48.731],[-121.237,48.754],[-121.36,48.81],[-121.39,48.918],[-121.338,49.027],[-121.343,49.065],[-121.392,49.155],[-121.473,49.243],[-121.494,49.282],[-121.496,49.344],[-121.461,49.374],[-121.325,49.298],[-121.172,49.273],[-120.927,49.376],[-120.477,49.684],[-120.148,49.854],[-119.859,49.97],[-119.796,50.016],[-119.715,50.147],[-119.695,50.303],[-119.741,50.36],[-119.785,50.347],[-120.059,50.139],[-120.435,49.965],[-121.287,49.706],[-121.496,49.689],[-121.574,49.735],[-121.631,49.888],[-121.787,50.16],[-121.98,50.378],[-122.035,50.465],[-122.086,50.6],[-122.169,50.713],[-122.248,50.76],[-122.613,50.859],[-122.77,50.885],[-122.927,50.883],[-123.265,50.966],[-123.422,51.068],[-123.522,51.218],[-123.551,51.306],[-123.509,51.354],[-123.401,51.361],[-123.276,51.392],[-123.228,51.521],[-123.31,51.969],[-123.325,52.078],[-123.314,52.138]]]}},{"type":"Feature","properties":{"density":2},"geometry":{"type":"Polygon","coordinates":[[[-122.937,63.955],[-122.703,63.95],[-122.427,63.922],[-121.697,63.792],[-121.132,63.522],[-120.829,63.316],[-120.664,63.098],[-120.61,62.873],[-120.66,62.832],[-120.766,62.821],[-120.669,62.748],[-120.578,62.544],[-120.451,62.411],[-120.404,62.287],[-120.379,62.139],[-120.39,62.02],[-120.432,61.913],[-120.512,61.822],[-120.709,61.735],[-120.832,61.735],[-121.168,61.774],[-121.258,61.757],[-121.303,61.711],[-121.343,61.614],[-121.36,61.522],[-121.206,61.35],[-120.654,60.811],[-120.356,60.667],[-120.038,60.547],[-119.178,60.282],[-118.884,60.228],[-118.372,60.237],[-118.041,60.191],[-117.768,60.084],[-117.595,59.939],[-117.57,59.794],[-117.649,59.641],[-117.785,59.517],[-118.169,59.303],[-118.343,59.249],[-118.537,59.212],[-119.062,59.207],[-119.228,59.187],[-120.009,59.274],[-120.759,59.313],[-121.23,59.396],[-121.97,59.648],[-122.817,60.061],[-122.921,60.218],[-122.975,60.363],[-122.946,61.285],[-123.425,62.128],[-123.669,62.649],[-124.132,63.24],[-124.165,63.384],[-124.128,63.508],[-124.037,63.624],[-123.917,63.699],[-123.756,63.74],[-123.574,63.678],[-123.232,63.433],[-122.832,63.251],[-122.635,63.054],[-122.593,62.957],[-122.51,62.845],[-122.437,62.791],[-122.35,62.815],[-122.273,62.876],[-122.225,62.979],[-122.214,63.1],[-122.293,63.24],[-122.707,63.482],[-122.99,63.719],[-123.067,63.815],[-122.991,63.93],[-122.937,63.955]]]}},{"type":"Feature","properties":{"density":2},"geometry":{"type":"Polygon","coordinates":[[[-134.531,69.721],[-134.457,69.356],[-134.302,68.946],[-133.713,68.264],[-132.497,67.737],[-132.001,67.557],[-131.697,67.39],[-131.555,67.092],[-131.505,66.708],[-131.586,66.311],[-131.821,66.138],[-132.138,66.125],[-132.764,66.262],[-133.613,66.64],[-135.015,67.607],[-135.492,68.097],[-135.61,68.494],[-135.66,69.07],[-135.467,69.721],[-135.3,70.0],[-135.008,70.279],[-134.593,70.558],[-134.32,70.658],[-134.091,70.521],[-134.097,70.298],[-134.202,70.044],[-134.308,69.889],[-134.531,69.721]]]}},{"type":"Feature","properties":{"density":2},"geometry":{"type":"Polygon","coordinates":[[[-140.067,63.478],[-140.075,63.524],[-140.047,63.55],[-139.865,63.561],[-139.839,63.54],[-140.014,63.481],[-140.067,63.478]]]}},{"type":"Feature","properties":{"density":2},"geometry":{"type":"Polygon","coordinates":[[[-86.662,32.643],[-86.69,32.723],[-86.697,32.803],[-86.662,32.864],[-86.643,32.866],[-86.595,32.843],[-86.587,32.649],[-86.609,32.621],[-86.643,32.621],[-86.662,32.643]]]}},{"type":"Feature","properties":{"density":2},"geometry":{"type":"Polygon","coordinates":[[[-74.314,47.935],[-74.058,48.101],[-73.681,48.245],[-73.239,48.324],[-72.603,48.386],[-71.441,48.704],[-71.313,48.791],[-70.561,49.064],[-70.089,49.188],[-69.575,49.279],[-69.339,49.266],[-68.533,49.605],[-67.74,49.816],[-67.2,49.835],[-67.088,49.742],[-67.126,49.624],[-67.492,49.487],[-67.678,49.382],[-67.975,49.246],[-69.792,48.582],[-70.344,48.359],[-72.212,47.956],[-72.956,47.881],[-73.398,47.861],[-73.779,47.815],[-74.192,47.815],[-74.308,47.865],[-74.314,47.935]]]}},{"type":"Feature","properties":{"density":2},"geometry":{"type":"Polygon","coordinates":[[[-121.699,46.981],[-121.602,47.027],[-121.525,47.038],[-121.496,47.02],[-121.668,46.96],[-121.698,46.963],[-121.699,46.981]]]}},{"type":"Feature","properties":{"density":2},"geometry":{"type":"Polygon","coordinates":[[[-118.031,46.003],[-118.028,46.041],[-117.973,46.115],[-117.466,46.536],[-117.325,46.577],[-117.19,46.586],[-117.113,46.571],[-117.04,46.52],[-117.014,46.479],[-117.007,46.387],[-117.031,46.299],[-117.066,46.253],[-117.181,46.172],[-117.295,46.115],[-117.621,46.024],[-117.949,45.957],[-117.997,45.962],[-118.031,46.003]]]}},{"type":"Feature","properties":{"density":2},"geometry":{"type":"Polygon","coordinates":[[[-115.488,43.328],[-115.34,43.416],[-115.102,43.461],[-114.799,43.473],[-114.462,43.456],[-114.289,43.403],[-114.293,43.353],[-114.319,43.305],[-114.392,43.274],[-114.598,43.254],[-114.91,43.265],[-115.459,43.246],[-115.503,43.251],[-115.514,43.272],[-115.488,43.328]]]}},{"type":"Feature","properties":{"density":2},"geometry":{"type":"Polygon","coordinates":[[[-107.383,38.119],[-107.142,38.406],[-107.039,38.496],[-106.886,38.538],[-106.585,38.563],[-106.51,38.551],[-106.456,38.518],[-106.409,38.463],[-106.421,38.386],[-106.491,38.325],[-106.608,38.282],[-106.689,38.096],[-106.716,37.889],[-106.708,37.773],[-106.799,37.662],[-106.87,37.611],[-107.123,37.567],[-107.395,37.633],[-107.478,37.671],[-107.516,37.76],[-107.519,37.871],[-107.431,38.058],[-107.383,38.119]]]}},{"type":"Feature","properties":{"density":2},"geometry":{"type":"Polygon","coordinates":[[[-113.664,39.099],[-113.259,39.276],[-112.895,39.404],[-112.365,39.715],[-112.057,39.781],[-111.726,39.776],[-111.5,39.711],[-111.314,39.623],[-111.02,39.299],[-110.933,39.176],[-110.948,39.051],[-111.099,38.909],[-111.1,38.756],[-110.643,38.327],[-110.506,38.065],[-110.506,37.817],[-110.671,37.666],[-111.208,37.71],[-111.655,37.825],[-112.266,38.02],[-112.526,38.073],[-112.796,38.098],[-113.078,38.05],[-113.354,37.894],[-113.618,37.808],[-114.044,37.741],[-114.242,37.762],[-114.457,37.741],[-114.676,37.783],[-114.908,37.861],[-115.048,38.01],[-115.288,38.184],[-115.437,38.436],[-115.433,38.593],[-115.317,38.68],[-115.131,38.729],[-114.37,38.816],[-114.135,38.87],[-113.936,39.006],[-113.771,39.041],[-113.664,39.099]]]}},{"type":"Feature","properties":{"density":2},"geometry":{"type":"Polygon","coordinates":[[[-121.225,47.489],[-120.857,47.376],[-120.597,47.364],[-120.372,47.314],[-120.307,47.279],[-120.3,47.238],[-120.321,47.201],[-120.365,47.17],[-120.779,47.096],[-120.93,47.05],[-121.243,46.905],[-121.362,46.905],[-121.522,46.939],[-121.714,46.957],[-121.7,47.018],[-121.663,47.042],[-121.192,47.136],[-120.982,47.206],[-120.974,47.232],[-120.989,47.259],[-121.169,47.323],[-121.281,47.393],[-121.298,47.413],[-121.287,47.453],[-121.225,47.489]]]}},{"type":"Feature","properties":{"density":2},"geometry":{"type":"Polygon","coordinates":[[[-121.451,48.32],[-121.418,48.349],[-121.369,48.348],[-121.338,48.332],[-121.308,48.289],[-121.336,48.252],[-121.396,48.231],[-121.448,48.279],[-121.451,48.32]]]}},{"type":"Feature","properties":{"density":2},"geometry":{"type":"Polygon","coordinates":[[[-122.144,45.891],[-122.108,45.923],[-122.015,45.913],[-121.895,45.887],[-121.838,45.847],[-122.049,45.852],[-122.144,45.891]]]}},{"type":"Feature","properties":{"density":2},"geometry":{"type":"Polygon","coordinates":[[[-121.165,43.917],[-121.094,43.999],[-121.02,44.02],[-121.017,43.981],[-121.073,43.923],[-121.142,43.892],[-121.165,43.901],[-121.165,43.917]]]}},{"type":"Feature","properties":{"density":2},"geometry":{"type":"Polygon","coordinates":[[[-124.689,52.401],[-124.511,52.63],[-124.408,52.733],[-124.306,52.805],[-123.965,52.997],[-123.848,53.024],[-123.743,53.024],[-123.674,52.998],[-123.646,52.929],[-123.648,52.848],[-123.784,52.69],[-123.894,52.638],[-124.162,52.561],[-124.54,52.34],[-124.634,52.333],[-124.664,52.349],[-124.689,52.401]]]}},{"type":"Feature","properties":{"density":2},"geometry":{"type":"Polygon","coordinates":[[[-123.87,65.494],[-124.021,65.586],[-124.29,65.663],[-124.346,65.72],[-124.366,65.807],[-124.294,65.884],[-124.149,65.944],[-123.898,65.968],[-123.767,65.914],[-123.635,65.81],[-123.598,65.753],[-123.602,65.697],[-123.656,65.557],[-123.685,65.528],[-123.764,65.493],[-123.87,65.494]]]}},{"type":"Feature","properties":{"density":2},"geometry":{"type":"Polygon","coordinates":[[[-123.247,64.876],[-123.587,64.906],[-123.682,64.941],[-123.805,65.037],[-123.867,65.156],[-123.864,65.2],[-123.734,65.331],[-123.649,65.471],[-123.609,65.494],[-123.562,65.489],[-123.343,65.206],[-123.3,65.172],[-123.157,65.141],[-123.13,65.117],[-123.164,64.988],[-123.138,64.916],[-123.165,64.891],[-123.247,64.876]]]}},{"type":"Feature","properties":{"density":2},"geometry":{"type":"Polygon","coordinates":[[[-124.21,64.242],[-124.067,64.181],[-123.871,64.143],[-123.284,64.187],[-123.144,64.225],[-122.984,64.245],[-122.766,64.198],[-122.565,64.137],[-122.126,63.906],[-121.857,63.844],[-121.543,63.72],[-121.315,63.67],[-121.117,63.53],[-120.931,63.43],[-120.795,63.323],[-120.604,63.058],[-120.579,62.898],[-120.654,62.728],[-120.67,62.654],[-120.629,62.588],[-120.29,62.269],[-120.265,61.893],[-120.323,61.815],[-120.43,61.715],[-120.868,61.48],[-120.993,61.352],[-121.162,61.004],[-121.224,60.843],[-121.274,60.533],[-121.129,60.269],[-120.765,60.165],[-119.736,59.971],[-118.893,59.793],[-118.599,59.711],[-118.467,59.611],[-118.401,59.52],[-118.38,59.417],[-118.496,59.239],[-118.727,59.124],[-118.951,59.074],[-119.583,59.111],[-120.062,59.103],[-121.298,59.343],[-122.005,59.777],[-122.253,59.913],[-122.588,60.066],[-122.815,60.198],[-122.993,60.38],[-123.109,60.579],[-123.121,60.851],[-123.03,61.054],[-122.886,61.269],[-122.77,61.364],[-122.729,61.651],[-122.762,61.764],[-122.877,61.89],[-123.062,61.973],[-123.55,62.094],[-123.677,62.218],[-123.63,62.618],[-123.79,62.932],[-124.393,63.456],[-124.867,63.723],[-124.991,63.841],[-125.068,64.034],[-124.98,64.158],[-124.872,64.227],[-124.376,64.26],[-124.29,64.24],[-124.21,64.242]]]}},{"type":"Feature","properties":{"density":2},"geometry":{"type":"Polygon","coordinates":[[[-79.148,50.334],[-79.029,50.54],[-78.83,50.823],[-78.444,51.64],[-78.11,52.041],[-77.851,52.267],[-77.559,52.446],[-77.3,52.524],[-77.035,52.562],[-76.9,52.548],[-76.558,52.555],[-76.309,52.502],[-76.106,52.37],[-75.875,52.098],[-75.701,52.011],[-75.379,51.97],[-75.318,51.934],[-75.302,51.857],[-75.31,51.785],[-75.343,51.722],[-75.519,51.562],[-75.792,51.421],[-76.098,51.289],[-76.398,51.124],[-76.724,50.994],[-77.408,50.664],[-77.996,50.359],[-78.275,50.253],[-78.573,50.082],[-78.652,50.086],[-78.758,49.922],[-78.8,49.92],[-78.878,49.957],[-79.017,50.124],[-79.146,50.18],[-79.175,50.245],[-79.148,50.334]]]}},{"type":"Feature","properties":{"density":2},"geometry":{"type":"Polygon","coordinates":[[[-75.176,52.305],[-75.178,52.373],[-75.154,52.47],[-75.118,52.589],[-75.062,52.703],[-74.922,52.912],[-74.685,53.118],[-74.472,53.197],[-74.308,53.221],[-74.159,53.177],[-74.082,53.116],[-74.011,52.892],[-74.042,52.811],[-74.101,52.752],[-74.253,52.659],[-74.428,52.622],[-74.764,52.483],[-75.06,52.31],[-75.107,52.267],[-75.162,52.265],[-75.176,52.305]]]}},{"type":"Feature","properties":{"density":2},"geometry":{"type":"Polygon","coordinates":[[[-123.036,51.341],[-122.655,51.523],[-122.545,51.535],[-122.383,51.582],[-122.317,51.612],[-122.273,51.676],[-122.281,51.819],[-122.322,51.937],[-122.518,52.084],[-122.51,52.236],[-122.431,52.472],[-122.303,52.687],[-121.962,53.149],[-121.609,53.386],[-120.763,53.624],[-120.338,53.682],[-119.346,53.694],[-118.639,53.645],[-117.936,53.645],[-116.593,53.492],[-115.599,53.347],[-113.552,52.467],[-112.926,52.287],[-112.511,52.101],[-111.878,51.723],[-109.962,50.662],[-109.163,50.383],[-107.284,50.048],[-106.661,49.881],[-103.327,49.128],[-102.657,48.946],[-101.848,48.584],[-100.961,48.277],[-100.208,47.701],[-99.473,47.422],[-98.887,47.003],[-98.301,46.687],[-97.92,46.268],[-97.659,45.794],[-97.483,45.18],[-97.073,44.808],[-96.646,44.566],[-96.069,44.315],[-95.502,44.297],[-94.823,44.529],[-94.079,44.836],[-91.901,46.003],[-89.188,48.228],[-88.12,48.625],[-86.76,49.504],[-84.019,50.425],[-82.627,50.948],[-81.581,51.304],[-78.924,51.911],[-77.27,53.229],[-76.496,53.543],[-75.764,53.773],[-74.362,54.359],[-71.683,56.277],[-70.776,57.059],[-70.121,57.784],[-69.465,58.426],[-69.074,58.649],[-68.461,58.886],[-67.917,58.844],[-67.568,58.523],[-67.149,57.972],[-67.093,57.442],[-67.107,56.982],[-67.191,56.48],[-67.358,55.768],[-67.484,55.015],[-67.763,54.485],[-67.972,53.48],[-68.042,50.853],[-68.228,50.128],[-68.144,49.914],[-67.921,49.783],[-67.531,49.793],[-66.731,49.904],[-66.033,50.072],[-63.066,50.63],[-61.532,50.811],[-59.369,51.411],[-58.518,51.425],[-58.086,50.811],[-57.821,50.141],[-57.793,49.332],[-58.058,48.119],[-58.226,47.714],[-58.547,47.304],[-59.031,46.888],[-59.155,46.411],[-59.539,46.175],[-60.166,46.231],[-60.854,46.585],[-61.716,47.291],[-62.215,47.802],[-62.243,48.151],[-62.048,48.988],[-62.146,49.449],[-62.494,49.728],[-63.08,49.755],[-63.596,49.602],[-64.238,49.309],[-64.866,49.044],[-66.428,48.681],[-67.014,48.579],[-67.554,48.532],[-68.656,47.742],[-69.13,47.309],[-69.674,47.058],[-70.483,46.863],[-73.825,47.044],[-74.996,46.961],[-76.461,46.626],[-77.612,46.563],[-78.742,46.145],[-79.956,45.517],[-80.414,44.868],[-81.065,44.394],[-81.967,43.864],[-82.953,43.352],[-84.413,42.636],[-87.133,41.576],[-87.957,41.074],[-89.561,40.237],[-90.412,39.985],[-93.286,38.897],[-94.918,38.437],[-95.671,38.451],[-96.704,38.576],[-98.573,39.134],[-99.173,39.511],[-100.038,39.902],[-100.735,40.069],[-101.656,40.083],[-102.633,39.951],[-103.344,39.616],[-104.6,39.49],[-105.709,40.013],[-106.316,40.85],[-106.755,41.583],[-107.425,42.315],[-109.182,41.911],[-109.726,42.05],[-111.242,42.352],[-111.717,42.362],[-113.754,42.51],[-114.423,42.492],[-114.935,42.417],[-115.753,42.176],[-116.134,42.101],[-116.534,42.083],[-117.36,42.368],[-117.513,42.455],[-117.823,42.517],[-118.55,42.62],[-120.2,42.723],[-120.638,42.678],[-121.088,42.579],[-121.419,42.405],[-121.572,42.376],[-122.126,42.43],[-122.18,42.546],[-122.093,42.719],[-121.94,42.876],[-121.7,43.075],[-121.419,43.29],[-120.9,43.61],[-120.566,43.695],[-120.335,43.797],[-120.117,43.96],[-119.999,44.078],[-119.996,44.178],[-120.021,44.291],[-120.172,44.343],[-120.277,44.337],[-120.417,44.304],[-120.605,44.296],[-120.748,44.373],[-120.77,44.437],[-120.762,44.53],[-120.474,44.84],[-120.011,45.08],[-119.494,45.212],[-119.135,45.365],[-118.75,45.431],[-118.626,45.489],[-118.548,45.584],[-118.506,45.717],[-118.56,45.808],[-118.684,45.837],[-118.862,45.808],[-119.089,45.692],[-119.578,45.527],[-120.019,45.414],[-120.488,45.229],[-120.871,45.1],[-121.003,45.089],[-121.35,45.105],[-121.505,45.149],[-121.775,45.273],[-121.791,45.342],[-121.78,45.447],[-121.731,45.522],[-121.648,45.579],[-121.381,45.665],[-120.934,45.852],[-120.595,45.956],[-119.864,46.08],[-119.33,46.445],[-119.128,46.536],[-118.975,46.66],[-118.905,46.784],[-118.888,46.896],[-118.967,46.97],[-119.103,47.036],[-119.599,47.194],[-119.793,47.206],[-120.025,47.185],[-120.19,47.206],[-120.547,47.103],[-120.834,47.067],[-121.197,46.921],[-121.31,46.893],[-121.713,46.951],[-121.732,46.981],[-121.718,47.023],[-121.677,47.058],[-121.478,47.116],[-121.115,47.174],[-120.991,47.227],[-121.217,47.32],[-121.283,47.37],[-121.305,47.411],[-121.263,47.488],[-121.126,47.488],[-120.93,47.442],[-120.787,47.444],[-120.749,47.512],[-120.761,47.622],[-120.816,47.732],[-120.904,47.82],[-120.951,47.939],[-120.896,48.071],[-120.813,48.181],[-120.609,48.286],[-120.573,48.551],[-120.648,48.744],[-120.711,48.755],[-120.885,48.735],[-121.152,48.752],[-121.262,48.796],[-121.279,49.003],[-121.259,49.083],[-121.18,49.192],[-121.04,49.24],[-120.924,49.309],[-120.698,49.397],[-120.551,49.487],[-120.209,49.495],[-120.014,49.566],[-119.951,49.657],[-119.929,49.742],[-119.931,49.822],[-119.964,49.902],[-120.042,49.952],[-120.152,49.954],[-120.276,49.943],[-120.598,49.77],[-120.703,49.742],[-121.047,49.682],[-121.485,49.693],[-121.579,49.762],[-121.651,49.847],[-121.808,50.092],[-121.941,50.247],[-121.969,50.365],[-122.174,50.712],[-122.552,50.888],[-122.684,50.94],[-122.985,51.012],[-123.191,51.119],[-123.224,51.169],[-123.227,51.229],[-123.191,51.271],[-123.036,51.341]]]}},{"type":"Feature","properties":{"density":2},"geometry":{"type":"Polygon","coordinates":[[[-86.673,32.632],[-86.666,32.753],[-86.612,32.999],[-86.557,33.093],[-86.507,33.114],[-86.46,33.044],[-86.434,32.908],[-86.483,32.701],[-86.564,32.611],[-86.629,32.601],[-86.662,32.612],[-86.673,32.632]]]}},{"type":"Feature","properties":{"density":3},"geometry":{"type":"Polygon","coordinates":[[[-83.485,51.326],[-83.256,51.535],[-83.184,51.621],[-83.344,51.519],[-83.399,51.447],[-83.504,51.353],[-83.507,51.331],[-83.485,51.326]]]}},{"type":"Feature","properties":{"density":3},"geometry":{"type":"Polygon","coordinates":[[[-107.385,38.074],[-107.316,38.052],[-107.286,38.061],[-107.27,38.085],[-107.259,38.19],[-107.22,38.289],[-107.217,38.317],[-107.234,38.331],[-107.253,38.331],[-107.344,38.127],[-107.385,38.074]]]}},{"type":"Feature","properties":{"density":3},"geometry":{"type":"Polygon","coordinates":[[[-122.565,43.161],[-122.777,43.091],[-122.801,43.08],[-122.808,43.053],[-122.755,43.053],[-122.575,43.108],[-122.54,43.132],[-122.565,43.161]]]}},{"type":"Feature","properties":{"density":3},"geometry":{"type":"Polygon","coordinates":[[[-122.147,45.893],[-122.239,45.924],[-122.321,45.974],[-122.114,45.889],[-122.147,45.893]]]}},{"type":"Feature","properties":{"density":3},"geometry":{"type":"Polygon","coordinates":[[[-121.649,45.345],[-121.693,45.411],[-121.704,45.441],[-121.693,45.458],[-121.513,45.469],[-121.472,45.48],[-121.42,45.521],[-121.216,45.54],[-120.918,45.672],[-120.524,45.934],[-120.137,46.129],[-120.017,46.235],[-119.863,46.315],[-119.602,46.492],[-119.47,46.652],[-119.374,46.873],[-119.36,46.941],[-119.31,47.016],[-119.297,47.104],[-119.2,47.206],[-119.126,47.231],[-118.96,47.225],[-118.638,47.176],[-118.435,47.092],[-118.35,46.932],[-118.254,46.83],[-118.08,46.703],[-117.992,46.582],[-117.948,46.488],[-117.926,46.397],[-117.926,46.312],[-117.934,46.273],[-117.975,46.213],[-118.077,46.152],[-118.367,46.042],[-118.485,46.122],[-118.683,46.441],[-118.766,46.469],[-118.863,46.452],[-119.003,46.375],[-119.108,46.273],[-119.179,46.226],[-119.386,46.152],[-119.689,45.992],[-119.882,45.951],[-119.979,45.871],[-120.045,45.785],[-120.042,45.719],[-120.155,45.637],[-120.546,45.507],[-120.858,45.452],[-121.006,45.331],[-121.183,45.223],[-121.387,45.201],[-121.469,45.229],[-121.497,45.259],[-121.508,45.32],[-121.649,45.345]]]}},{"type":"Feature","properties":{"density":3},"geometry":{"type":"Polygon","coordinates":[[[-120.707,44.326],[-120.567,44.331],[-120.407,44.364],[-120.264,44.466],[-120.176,44.491],[-120.032,44.488],[-119.817,44.447],[-119.693,44.466],[-119.591,44.519],[-119.569,44.563],[-119.589,44.604],[-119.583,44.659],[-119.613,44.805],[-119.641,44.852],[-119.724,44.91],[-119.842,44.918],[-119.889,44.866],[-119.966,44.676],[-120.024,44.632],[-120.096,44.634],[-120.222,44.687],[-120.286,44.698],[-120.396,44.643],[-120.47,44.576],[-120.57,44.532],[-120.73,44.35],[-120.826,44.37],[-120.895,44.353],[-120.911,44.334],[-120.892,44.312],[-120.763,44.298],[-120.738,44.298],[-120.707,44.326]]]}},{"type":"Feature","properties":{"density":3},"geometry":{"type":"Polygon","coordinates":[[[-121.656,42.427],[-121.758,42.471],[-121.832,42.545],[-121.821,42.686],[-121.716,42.832],[-121.557,42.978],[-121.322,43.267],[-121.193,43.397],[-121.033,43.48],[-120.774,43.562],[-119.947,43.684],[-119.655,43.758],[-119.104,44.017],[-118.685,44.295],[-118.473,44.502],[-118.146,44.94],[-118.093,45.056],[-118.101,45.172],[-118.237,45.25],[-118.295,45.345],[-118.308,45.473],[-118.262,45.61],[-118.167,45.742],[-117.96,45.94],[-117.77,46.073],[-117.481,46.164],[-117.216,46.304],[-117.092,46.387],[-116.34,46.747],[-116.29,46.924],[-116.373,47.015],[-116.456,47.073],[-116.567,47.123],[-116.91,47.255],[-117.055,47.271],[-117.245,47.325],[-117.506,47.445],[-117.745,47.627],[-117.878,47.792],[-118.089,47.97],[-118.134,48.044],[-118.246,48.119],[-118.535,48.255],[-118.845,48.474],[-118.932,48.503],[-119.126,48.499],[-119.432,48.656],[-119.597,48.718],[-119.639,48.702],[-119.643,48.673],[-119.564,48.619],[-119.477,48.52],[-119.469,48.433],[-119.581,48.433],[-119.651,48.516],[-119.734,48.516],[-119.887,48.466],[-119.994,48.33],[-120.044,48.235],[-120.374,47.904],[-120.424,47.887],[-120.519,47.916],[-120.618,47.995],[-120.672,48.007],[-120.705,47.982],[-120.68,47.933],[-120.556,47.863],[-120.474,47.834],[-120.333,47.821],[-120.325,47.767],[-120.35,47.743],[-120.449,47.751],[-120.631,47.796],[-120.763,47.858],[-120.879,47.999],[-120.862,48.032],[-120.829,48.073],[-120.643,48.173],[-120.486,48.284],[-120.379,48.396],[-120.465,48.602],[-120.503,48.788],[-120.531,48.822],[-120.639,48.834],[-120.68,48.917],[-120.602,49.38],[-120.507,49.561],[-120.358,49.698],[-120.176,49.752],[-120.089,49.814],[-119.961,50.026],[-119.924,50.312],[-119.887,50.398],[-119.88,50.547],[-119.918,50.578],[-119.961,50.578],[-120.023,50.522],[-120.128,50.392],[-120.215,50.225],[-120.296,50.138],[-120.401,50.057],[-120.891,49.946],[-121.321,49.76],[-121.428,49.739],[-121.523,49.76],[-121.552,49.793],[-121.519,49.917],[-121.585,50.099],[-121.619,50.14],[-121.594,50.169],[-121.557,50.128],[-121.49,49.987],[-121.424,49.925],[-121.346,49.905],[-121.251,49.9],[-121.102,49.971],[-121.089,50.045],[-121.139,50.082],[-121.226,50.115],[-121.193,50.177],[-121.209,50.219],[-121.238,50.239],[-121.375,50.202],[-121.433,50.202],[-121.474,50.235],[-121.499,50.301],[-121.482,50.372],[-121.433,50.405],[-121.379,50.409],[-121.288,50.38],[-121.069,50.355],[-120.912,50.347],[-120.825,50.355],[-120.813,50.376],[-120.841,50.405],[-121.507,50.615],[-121.635,50.764],[-121.697,50.797],[-121.809,50.826],[-122.007,50.83],[-122.065,50.863],[-122.094,50.921],[-122.102,51.021],[-122.181,51.062],[-122.247,51.062],[-122.371,51.021],[-122.516,51.111],[-122.586,51.12],[-122.863,50.996],[-122.929,51.025],[-122.966,51.095],[-122.921,51.169],[-122.718,51.293],[-122.627,51.38],[-122.615,51.649],[-122.66,51.818],[-122.735,51.893],[-122.95,52.033],[-123.082,52.228],[-123.098,52.323],[-123.074,52.418],[-122.983,52.546],[-122.755,52.633],[-122.449,52.629],[-121.772,52.571],[-121.428,52.558],[-120.631,52.414],[-119.903,52.186],[-119.283,52.025],[-118.198,51.911],[-117.807,51.911],[-117.342,51.781],[-116.952,51.707],[-116.673,51.539],[-116.103,51.376],[-115.352,51.32],[-115.142,51.326],[-114.72,51.214],[-114.509,51.205],[-114.199,51.155],[-114.013,51.18],[-113.666,51.155],[-113.56,51.093],[-113.529,50.944],[-113.145,50.684],[-112.68,50.479],[-111.818,50.014],[-111.576,49.847],[-111.359,49.723],[-111.272,49.599],[-111.328,49.555],[-111.57,49.493],[-111.651,49.437],[-111.682,49.301],[-111.626,49.227],[-110.696,48.886],[-110.206,48.755],[-110.144,48.706],[-110.138,48.656],[-110.559,48.569],[-110.615,48.514],[-110.584,48.427],[-110.336,48.321],[-109.89,48.216],[-109.468,48.148],[-109.189,48.018],[-107.661,47.46],[-106.303,46.818],[-105.14,46.353],[-104.787,46.148],[-103.801,45.86],[-103.057,45.562],[-102.183,45.302],[-102.071,45.227],[-101.987,45.032],[-102.099,44.986],[-102.332,45.014],[-102.778,45.107],[-102.992,45.172],[-103.336,45.227],[-103.494,45.283],[-103.838,45.46],[-103.996,45.33],[-104.461,45.46],[-104.805,45.609],[-105.568,45.999],[-105.894,46.213],[-106.442,46.446],[-107.084,46.781],[-108.516,47.05],[-108.823,47.171],[-109.298,47.32],[-112.636,47.915],[-113.557,48.055],[-113.966,48.073],[-114.915,48.222],[-115.175,48.241],[-115.826,48.191],[-116.012,48.148],[-116.211,48.148],[-116.372,48.129],[-116.502,48.104],[-116.564,48.055],[-116.676,47.85],[-116.632,47.714],[-116.484,47.627],[-116.236,47.522],[-115.802,47.416],[-115.721,47.497],[-115.616,47.546],[-115.454,47.534],[-114.584,47.353],[-114.386,47.272],[-114.169,47.21],[-113.328,46.846],[-113.148,46.753],[-113.005,46.647],[-112.77,46.554],[-112.602,46.517],[-112.267,46.381],[-111.846,46.083],[-111.79,45.785],[-111.734,45.599],[-111.523,45.048],[-111.499,44.917],[-111.517,44.806],[-111.567,44.7],[-111.666,44.651],[-111.858,44.595],[-113.142,44.297],[-113.353,44.316],[-113.582,44.304],[-114.227,44.217],[-114.425,44.136],[-114.896,44.025],[-115.231,43.969],[-115.969,44.068],[-116.05,44.043],[-116.409,44.006],[-116.775,44.012],[-116.961,43.963],[-117.141,43.894],[-118.083,43.467],[-118.201,43.436],[-118.375,43.417],[-118.61,43.411],[-118.716,43.392],[-118.821,43.343],[-118.927,43.181],[-118.939,43.026],[-118.902,42.828],[-118.908,42.704],[-118.951,42.667],[-119.057,42.63],[-119.323,42.642],[-119.59,42.754],[-119.925,42.84],[-120.049,42.865],[-120.247,42.871],[-120.458,42.915],[-120.557,42.859],[-120.607,42.741],[-120.681,42.692],[-121.004,42.729],[-121.103,42.698],[-121.568,42.481],[-121.711,42.45],[-121.656,42.427]]]}},{"type":"Feature","properties":{"density":3},"geometry":{"type":"Polygon","coordinates":[[[-116.907,42.173],[-116.692,42.226],[-116.639,42.247],[-116.597,42.293],[-116.602,42.322],[-116.659,42.351],[-116.717,42.417],[-116.738,42.475],[-116.684,42.553],[-116.713,42.582],[-116.775,42.594],[-116.829,42.557],[-116.816,42.495],[-116.833,42.45],[-116.878,42.417],[-116.928,42.326],[-116.928,42.231],[-116.907,42.173]]]}},{"type":"Feature","properties":{"density":3},"geometry":{"type":"Polygon","coordinates":[[[-112.203,39.058],[-112.315,39.045],[-112.575,38.959],[-112.767,38.81],[-112.86,38.661],[-112.879,38.494],[-112.922,38.32],[-113.065,38.19],[-113.474,38.041],[-114.007,37.998],[-114.138,37.929],[-114.193,37.824],[-114.082,37.712],[-113.896,37.694],[-113.096,37.991],[-112.916,37.979],[-112.606,37.867],[-112.377,37.849],[-112.222,37.818],[-112.023,37.849],[-111.744,37.762],[-111.316,37.514],[-111.223,37.508],[-111.199,37.582],[-111.211,37.657],[-111.298,37.756],[-111.571,37.923],[-111.98,38.233],[-112.24,38.506],[-112.271,38.624],[-112.085,38.729],[-112.017,38.816],[-112.023,38.934],[-112.054,38.983],[-112.122,39.052],[-112.203,39.058]]]}},{"type":"Feature","properties":{"density":3},"geometry":{"type":"Polygon","coordinates":[[[-121.428,48.312],[-121.456,48.362],[-121.5,48.387],[-121.544,48.39],[-121.613,48.299],[-121.706,48.315],[-121.723,48.293],[-121.698,48.257],[-121.588,48.255],[-121.516,48.307],[-121.481,48.318],[-121.434,48.29],[-121.428,48.312]]]}},{"type":"Feature","properties":{"density":3},"geometry":{"type":"Polygon","coordinates":[[[-121.38,63.511],[-121.604,63.482],[-121.723,63.511],[-121.872,63.523],[-121.881,63.498],[-121.852,63.457],[-121.885,63.432],[-121.955,63.428],[-122.083,63.478],[-122.133,63.548],[-122.191,63.581],[-122.257,63.589],[-122.352,63.519],[-122.335,63.453],[-122.236,63.403],[-121.971,63.35],[-121.909,63.308],[-121.93,63.255],[-121.831,63.168],[-121.765,63.147],[-121.699,63.164],[-121.637,63.23],[-121.314,63.399],[-121.289,63.424],[-121.285,63.469],[-121.335,63.507],[-121.38,63.511]]]}},{"type":"Feature","properties":{"density":3},"geometry":{"type":"Polygon","coordinates":[[[-120.76,63.077],[-120.979,63.085],[-121.079,63.044],[-121.116,63.002],[-121.103,62.94],[-121.165,62.878],[-121.236,62.854],[-121.318,62.775],[-121.327,62.75],[-121.314,62.725],[-121.19,62.643],[-121.116,62.626],[-120.826,62.618],[-120.769,62.539],[-120.694,62.556],[-120.661,62.593],[-120.69,62.622],[-120.537,62.676],[-120.545,62.697],[-120.583,62.709],[-120.57,62.746],[-120.669,62.783],[-120.645,62.907],[-120.653,62.994],[-120.698,63.048],[-120.76,63.077]]]}},{"type":"Feature","properties":{"density":3},"geometry":{"type":"Polygon","coordinates":[[[-121.728,62.461],[-121.951,62.453],[-121.984,62.341],[-122.033,62.312],[-122.224,62.304],[-122.302,62.403],[-122.525,62.49],[-122.744,62.626],[-123.158,62.721],[-123.216,62.721],[-123.257,62.697],[-123.278,62.651],[-123.261,62.56],[-123.22,62.494],[-123.059,62.337],[-122.955,62.254],[-122.724,62.122],[-122.484,62.035],[-122.385,61.977],[-122.162,61.746],[-122.133,61.535],[-122.141,61.229],[-122.31,61.217],[-122.339,61.134],[-122.339,61.064],[-121.965,60.386],[-121.289,60.001],[-120.793,59.772],[-120.508,59.71],[-119.919,59.629],[-119.417,59.499],[-119.014,59.431],[-118.233,59.164],[-117.334,58.966],[-117.086,58.861],[-116.788,58.83],[-116.559,58.78],[-116.379,58.792],[-116.366,58.885],[-116.521,58.966],[-116.72,59.047],[-116.968,59.115],[-117.402,59.264],[-117.451,59.518],[-117.495,59.66],[-117.6,59.76],[-118.04,59.958],[-118.245,60.039],[-118.828,60.187],[-119.212,60.225],[-119.752,60.361],[-119.919,60.417],[-120.118,60.448],[-120.44,60.566],[-120.533,60.628],[-120.564,60.739],[-120.539,60.832],[-120.49,60.857],[-120.508,60.969],[-120.614,61.055],[-121.017,61.229],[-121.488,61.508],[-121.531,61.576],[-121.506,61.638],[-121.618,61.775],[-121.568,61.831],[-121.203,61.855],[-120.936,61.849],[-120.849,61.874],[-120.806,61.973],[-120.756,62.029],[-120.533,62.01],[-120.465,62.048],[-120.446,62.103],[-120.539,62.134],[-120.669,62.141],[-121.035,62.203],[-121.382,62.283],[-121.668,62.314],[-121.705,62.351],[-121.728,62.461]]]}},{"type":"Feature","properties":{"density":3},"geometry":{"type":"Polygon","coordinates":[[[-70.151,48.946],[-71.72,48.13],[-72.495,47.816],[-73.373,47.502],[-74.001,47.251],[-74.65,47.083],[-77.705,46.518],[-78.354,46.33],[-79.128,46.079],[-79.861,45.807],[-80.76,45.388],[-81.493,44.886],[-82.937,44.091],[-83.397,43.777],[-84.067,43.568],[-84.632,43.547],[-84.569,43.965],[-84.004,44.509],[-83.481,44.907],[-82.874,45.263],[-82.225,45.598],[-80.635,46.288],[-78.814,47.0],[-78.103,47.251],[-76.575,47.502],[-75.55,47.753],[-74.671,48.004],[-73.792,48.339],[-73.122,48.485],[-71.909,48.695],[-71.03,48.967],[-70.193,49.134],[-70.151,48.946]]]}},{"type":"Feature","properties":{"density":3},"geometry":{"type":"Polygon","coordinates":[[[-140.049,63.467],[-139.968,63.523],[-139.863,63.498],[-139.789,63.529],[-139.844,63.56],[-139.956,63.566],[-139.993,63.554],[-140.049,63.467]]]}},{"type":"Feature","properties":{"density":3},"geometry":{"type":"Polygon","coordinates":[[[-134.129,66.044],[-133.721,65.793],[-133.25,65.542],[-132.874,65.259],[-132.309,65.479],[-132.152,65.95],[-132.403,66.484],[-133.156,66.703],[-133.784,66.986],[-134.255,67.394],[-134.537,67.896],[-134.632,68.398],[-134.475,68.681],[-134.286,68.838],[-133.596,69.214],[-132.811,69.434],[-131.901,69.56],[-131.21,69.591],[-130.457,69.591],[-129.672,69.685],[-129.107,70.093],[-128.668,70.313],[-128.511,70.595],[-128.542,70.909],[-129.107,71.192],[-129.641,71.16],[-130.331,70.972],[-131.242,70.847],[-132.026,70.533],[-132.748,70.344],[-133.376,70.282],[-133.721,70.533],[-133.784,71.066],[-133.972,71.317],[-134.569,71.443],[-135.04,71.192],[-135.793,70.721],[-136.766,70.501],[-137.802,70.439],[-138.838,70.439],[-140.187,70.627],[-141.16,70.878],[-142.385,71.129],[-142.95,71.38],[-143.64,71.631],[-144.394,71.82],[-145.115,71.882],[-145.806,71.788],[-146.371,71.6],[-146.371,71.317],[-146.151,71.004],[-145.806,70.658],[-146.245,70.282],[-146.716,69.811],[-147.124,69.277],[-147.156,68.649],[-147.062,68.084],[-147.313,67.457],[-147.595,66.954],[-147.972,66.044],[-148.349,65.51],[-148.631,64.851],[-148.568,64.475],[-148.192,64.412],[-147.407,64.757],[-146.999,65.071],[-145.963,65.73],[-145.461,66.075],[-144.864,66.609],[-144.268,67.268],[-144.456,67.645],[-144.645,67.865],[-145.115,68.116],[-145.712,68.367],[-146.057,68.806],[-146.214,69.183],[-146.183,69.528],[-145.994,69.842],[-145.618,70.156],[-144.55,70.376],[-143.64,70.47],[-142.887,70.25],[-141.412,69.936],[-140.376,69.497],[-139.56,68.9],[-138.649,68.273],[-137.739,67.739],[-136.64,67.237],[-135.699,66.829],[-134.788,66.484],[-134.129,66.044]]]}},{"type":"Feature","properties":{"density":3},"geometry":{"type":"Polygon","coordinates":[[[-121.565,50.721],[-121.791,50.764],[-121.902,50.836],[-122.063,50.998],[-122.118,51.031],[-122.217,51.046],[-122.354,51.113],[-122.412,51.125],[-122.523,51.116],[-122.662,51.08],[-122.922,50.969],[-123.023,50.988],[-123.035,51.075],[-123.016,51.135],[-122.908,51.263],[-122.929,51.625],[-122.918,51.988],[-122.835,52.215],[-122.435,52.642],[-121.848,52.908],[-121.57,52.995],[-121.256,52.952],[-120.949,52.861],[-120.49,52.674],[-119.681,52.395],[-119.45,52.37],[-118.825,52.184],[-118.464,52.101],[-117.121,51.881],[-116.774,51.754],[-115.68,51.429],[-115.409,51.368],[-115.131,51.274],[-114.965,51.155],[-114.719,51.076],[-114.5,51.133],[-114.269,51.167],[-113.983,51.155],[-113.651,51.099],[-113.084,51.031],[-112.86,50.973],[-111.91,50.695],[-111.73,50.587],[-111.347,50.439],[-111.249,50.352],[-111.202,50.265],[-111.21,50.182],[-111.249,50.099],[-111.3,50.049],[-111.502,49.998],[-111.568,49.974],[-111.597,49.947],[-111.891,49.553],[-112.004,49.438],[-112.103,49.252],[-112.226,49.122],[-112.45,49.057],[-112.797,49.029],[-113.1,49.039],[-113.551,49.086],[-113.865,49.169],[-114.057,49.198],[-114.44,49.187],[-114.523,49.166],[-114.71,49.032],[-114.757,48.974],[-114.761,48.913],[-114.728,48.859],[-114.512,48.704],[-114.169,48.574],[-113.598,48.501],[-113.284,48.375],[-112.652,48.166],[-112.616,48.104],[-112.634,48.025],[-112.732,47.989],[-112.916,47.967],[-113.699,48.086],[-114.736,48.184],[-115.003,48.22],[-115.331,48.296],[-116.323,48.418],[-116.658,48.38],[-116.756,48.353],[-116.837,48.277],[-116.875,48.18],[-116.837,48.039],[-116.751,47.887],[-116.702,47.752],[-116.723,47.6],[-116.859,47.438],[-117.2,47.397],[-117.402,47.48],[-117.543,47.683],[-117.651,47.795],[-117.749,47.982],[-118.012,48.297],[-118.099,48.515],[-118.595,48.881],[-118.947,49.103],[-119.137,49.185],[-119.214,49.163],[-119.257,49.118],[-119.284,48.964],[-119.26,48.716],[-119.281,48.506],[-119.464,48.061],[-119.65,47.818],[-119.767,47.56],[-119.913,47.458],[-120.139,47.459],[-120.436,47.66],[-120.831,47.852],[-120.887,47.945],[-120.845,48.082],[-120.524,48.279],[-120.452,48.472],[-120.478,48.644],[-120.693,48.88],[-120.719,49.294],[-120.64,49.532],[-120.57,49.597],[-120.281,49.667],[-120.031,49.812],[-119.918,50.067],[-119.983,50.185],[-120.197,50.173],[-120.478,50.044],[-120.779,49.951],[-121.197,49.784],[-121.385,49.727],[-121.457,49.758],[-121.583,49.958],[-121.662,50.225],[-121.985,50.601],[-121.975,50.66],[-121.946,50.694],[-121.869,50.689],[-121.742,50.631],[-121.668,50.567],[-121.617,50.49],[-121.569,50.312],[-121.474,50.1],[-121.323,49.994],[-121.206,50.0],[-121.16,50.082],[-121.168,50.148],[-121.229,50.228],[-121.299,50.292],[-121.338,50.297],[-121.372,50.26],[-121.441,50.239],[-121.51,50.288],[-121.495,50.686],[-121.565,50.721]],[[-121.116,50.66],[-121.044,50.636],[-120.926,50.564],[-120.567,50.448],[-120.543,50.323],[-120.591,50.244],[-120.654,50.179],[-120.782,50.126],[-120.907,50.029],[-120.972,50.027],[-121.044,50.061],[-121.063,50.099],[-121.066,50.248],[-121.2,50.374],[-121.239,50.482],[-121.239,50.6],[-121.203,50.658],[-121.116,50.66]],[[-120.326,49.342],[-120.464,49.204],[-120.488,49.159],[-120.504,49.069],[-120.498,49.0],[-120.446,48.968],[-120.361,48.998],[-120.316,49.201],[-120.326,49.342]]]}},{"type":"Feature","properties":{"density":3},"geometry":{"type":"Polygon","coordinates":[[[-121.552,45.489],[-121.306,45.573],[-121.002,45.744],[-120.564,45.838],[-119.821,46.3],[-119.231,46.758],[-119.167,46.911],[-119.222,47.185],[-119.23,47.315],[-119.084,47.485],[-118.888,47.627],[-118.608,47.611],[-118.402,47.515],[-118.202,47.464],[-118.035,47.396],[-117.88,47.307],[-117.851,47.1],[-117.859,46.96],[-117.941,46.875],[-118.268,46.774],[-118.507,46.607],[-118.823,46.337],[-119.227,46.163],[-119.366,46.072],[-119.516,45.895],[-119.668,45.773],[-119.919,45.675],[-120.044,45.676],[-120.731,45.532],[-121.084,45.336],[-121.203,45.29],[-121.444,45.232],[-121.542,45.248],[-121.677,45.304],[-121.749,45.352],[-121.718,45.454],[-121.685,45.477],[-121.552,45.489]]]}},{"type":"Feature","properties":{"density":3},"geometry":{"type":"Polygon","coordinates":[[[-121.792,42.464],[-121.888,42.516],[-121.913,42.559],[-121.924,42.63],[-121.904,42.7],[-121.735,42.853],[-121.584,42.944],[-121.498,43.016],[-121.303,43.203],[-121.054,43.514],[-120.951,43.595],[-120.766,43.654],[-120.597,43.746],[-120.495,43.912],[-120.439,44.04],[-120.495,44.293],[-120.912,44.285],[-120.968,44.339],[-120.944,44.359],[-120.7,44.41],[-120.593,44.551],[-120.353,44.705],[-120.207,44.73],[-120.063,44.727],[-119.873,44.659],[-119.748,44.653],[-119.708,44.682],[-119.682,44.731],[-119.68,44.794],[-119.473,44.965],[-119.394,45.009],[-119.319,45.024],[-119.246,45.026],[-119.175,45.004],[-119.158,44.958],[-119.168,44.875],[-119.194,44.797],[-119.253,44.697],[-119.353,44.555],[-119.516,44.409],[-119.753,44.113],[-119.841,43.94],[-119.875,43.791],[-119.853,43.747],[-119.699,43.735],[-119.604,43.765],[-119.329,43.94],[-119.111,44.116],[-118.652,45.273],[-118.414,45.655],[-118.33,45.752],[-117.907,45.925],[-117.319,46.27],[-116.558,46.514],[-116.419,46.536],[-115.786,46.712],[-115.65,46.704],[-115.321,46.613],[-115.189,46.606],[-115.141,46.668],[-115.159,46.737],[-115.234,46.779],[-115.589,46.921],[-115.944,47.025],[-116.251,47.154],[-116.474,47.311],[-116.454,47.445],[-116.333,47.532],[-115.459,47.469],[-115.295,47.473],[-115.127,47.507],[-114.971,47.566],[-114.79,47.593],[-114.534,47.471],[-114.293,47.402],[-113.809,47.422],[-113.469,47.396],[-113.234,47.225],[-112.63,46.683],[-112.188,46.54],[-111.778,46.502],[-111.397,46.387],[-111.202,46.131],[-111.109,45.835],[-111.136,45.644],[-111.375,45.503],[-111.934,45.555],[-113.293,45.768],[-113.537,45.631],[-113.61,45.421],[-113.386,44.95],[-113.015,44.66],[-112.624,44.491],[-112.068,44.379],[-112.005,44.301],[-112.098,44.182],[-112.295,44.153],[-112.526,44.142],[-113.002,44.193],[-113.463,44.164],[-113.831,44.062],[-114.317,43.966],[-114.826,43.97],[-115.323,44.084],[-115.759,44.208],[-116.345,44.329],[-116.519,44.357],[-116.678,44.359],[-116.924,44.323],[-117.117,44.21],[-117.244,44.106],[-117.507,43.827],[-117.802,43.587],[-117.995,43.47],[-118.246,43.413],[-118.576,43.38],[-118.832,43.395],[-119.088,43.38],[-119.235,43.354],[-119.912,43.084],[-120.215,42.992],[-120.952,42.682],[-121.589,42.447],[-121.698,42.429],[-121.792,42.464]]]}},{"type":"Feature","properties":{"density":3},"geometry":{"type":"Polygon","coordinates":[[[-116.87,42.435],[-116.843,42.453],[-116.752,42.467],[-116.652,42.426],[-116.54,42.307],[-116.529,42.212],[-116.817,42.147],[-116.908,42.173],[-116.949,42.269],[-116.921,42.389],[-116.87,42.435]]]}},{"type":"Feature","properties":{"density":3},"geometry":{"type":"Polygon","coordinates":[[[-121.064,49.274],[-121.04,49.305],[-120.979,49.307],[-120.923,49.262],[-120.823,49.138],[-120.876,49.103],[-121.03,49.161],[-121.06,49.157],[-121.071,49.136],[-120.969,49.094],[-120.968,49.06],[-121.018,48.928],[-121.086,48.867],[-121.056,48.783],[-121.084,48.767],[-121.279,48.78],[-121.337,48.854],[-121.332,48.892],[-121.206,49.039],[-121.194,49.071],[-121.221,49.116],[-121.311,49.143],[-121.318,49.166],[-121.222,49.171],[-121.185,49.199],[-121.189,49.241],[-121.253,49.313],[-121.232,49.32],[-121.064,49.274]]]}},{"type":"Feature","properties":{"density":3},"geometry":{"type":"Polygon","coordinates":[[[-113.173,45.677],[-113.035,45.781],[-112.923,45.835],[-112.771,45.839],[-112.695,45.798],[-112.707,45.772],[-112.937,45.739],[-113.037,45.665],[-113.155,45.534],[-113.291,45.449],[-113.385,45.423],[-113.398,45.444],[-113.391,45.47],[-113.322,45.582],[-113.283,45.612],[-113.21,45.635],[-113.173,45.677]]]}},{"type":"Feature","properties":{"density":3},"geometry":{"type":"Polygon","coordinates":[[[-117.042,44.549],[-116.576,45.153],[-116.49,45.241],[-116.432,45.29],[-116.351,45.323],[-116.218,45.323],[-116.175,45.297],[-116.172,45.254],[-116.215,45.192],[-116.293,45.119],[-116.525,44.954],[-116.679,44.805],[-116.855,44.611],[-116.944,44.483],[-117.011,44.461],[-117.044,44.477],[-117.059,44.515],[-117.042,44.549]]]}},{"type":"Feature","properties":{"density":3},"geometry":{"type":"Polygon","coordinates":[[[-118.223,45.767],[-118.031,45.764],[-118.006,45.746],[-117.989,45.7],[-118.048,45.635],[-118.216,45.597],[-118.277,45.618],[-118.286,45.68],[-118.34,45.72],[-118.336,45.74],[-118.289,45.768],[-118.223,45.767]]]}},{"type":"Feature","properties":{"density":3},"geometry":{"type":"Polygon","coordinates":[[[-118.004,46.022],[-117.942,46.071],[-117.909,46.078],[-117.892,46.065],[-117.898,46.04],[-117.96,45.997],[-118.001,45.998],[-118.004,46.022]]]}},{"type":"Feature","properties":{"density":3},"geometry":{"type":"Polygon","coordinates":[[[-121.283,47.402],[-121.258,47.477],[-121.209,47.492],[-121.084,47.432],[-121.055,47.336],[-121.104,47.288],[-121.197,47.383],[-121.283,47.402]]]}},{"type":"Feature","properties":{"density":3},"geometry":{"type":"Polygon","coordinates":[[[-122.556,43.159],[-122.659,43.122],[-122.823,43.1],[-122.895,43.041],[-122.921,42.977],[-122.906,42.952],[-122.871,42.954],[-122.773,43.02],[-122.65,43.033],[-122.523,43.118],[-122.519,43.147],[-122.556,43.159]]]}},{"type":"Feature","properties":{"density":3},"geometry":{"type":"Polygon","coordinates":[[[-112.125,38.734],[-112.223,38.894],[-112.375,38.976],[-112.64,39.082],[-112.88,39.07],[-112.994,38.984],[-113.165,38.644],[-113.281,38.459],[-113.566,38.259],[-113.82,38.137],[-114.361,37.978],[-114.389,37.922],[-114.397,37.812],[-114.285,37.734],[-114.099,37.732],[-113.614,37.81],[-113.367,37.874],[-113.177,37.988],[-112.918,38.173],[-112.534,38.273],[-112.405,38.347],[-112.265,38.447],[-112.175,38.539],[-112.107,38.67],[-112.125,38.734]]]}},{"type":"Feature","properties":{"density":3},"geometry":{"type":"Polygon","coordinates":[[[-107.365,38.025],[-107.395,38.048],[-107.387,38.104],[-107.325,38.17],[-107.303,38.217],[-107.276,38.219],[-107.267,38.153],[-107.292,38.044],[-107.316,38.027],[-107.365,38.025]]]}},{"type":"Feature","properties":{"density":3},"geometry":{"type":"Polygon","coordinates":[[[-78.705,50.273],[-78.605,50.472],[-78.528,50.549],[-78.494,50.565],[-78.475,50.553],[-78.479,50.51],[-78.522,50.442],[-78.685,50.252],[-78.701,50.251],[-78.705,50.273]]]}},{"type":"Feature","properties":{"density":3},"geometry":{"type":"Polygon","coordinates":[[[-120.942,61.869],[-121.094,61.952],[-121.256,61.926],[-121.5,61.949],[-121.545,61.919],[-121.563,61.881],[-121.517,61.818],[-121.404,61.432],[-121.321,61.292],[-121.156,61.151],[-120.996,60.911],[-120.643,60.541],[-120.423,60.421],[-120.113,60.317],[-119.688,60.222],[-118.968,60.007],[-118.832,59.888],[-118.758,59.78],[-118.704,59.635],[-118.758,59.54],[-118.931,59.474],[-119.13,59.474],[-119.452,59.495],[-120.022,59.578],[-120.305,59.575],[-120.843,59.658],[-121.049,59.702],[-121.27,59.865],[-121.488,59.989],[-121.984,60.209],[-122.102,60.3],[-122.226,60.468],[-122.425,60.81],[-122.447,60.931],[-122.416,60.978],[-122.328,61.028],[-122.182,61.047],[-122.033,61.116],[-121.962,61.19],[-121.937,61.287],[-121.964,61.405],[-122.025,61.488],[-122.102,61.557],[-122.186,61.738],[-122.298,61.874],[-122.39,61.942],[-122.822,62.162],[-123.288,62.566],[-123.398,62.834],[-123.396,62.97],[-123.306,63.035],[-123.23,62.952],[-123.142,62.741],[-122.979,62.6],[-122.832,62.539],[-122.61,62.506],[-122.346,62.403],[-122.181,62.41],[-122.024,62.451],[-121.901,62.433],[-121.745,62.32],[-121.124,62.195],[-120.874,62.167],[-120.818,62.19],[-120.843,62.222],[-120.947,62.271],[-120.991,62.359],[-120.872,62.472],[-120.802,62.469],[-120.587,62.393],[-120.464,62.313],[-120.371,62.21],[-120.338,62.118],[-120.369,62.057],[-120.455,62.0],[-120.734,61.874],[-120.857,61.853],[-120.942,61.869]]]}},{"type":"Feature","properties":{"density":3},"geometry":{"type":"Polygon","coordinates":[[[-121.391,63.492],[-121.513,63.549],[-121.915,63.638],[-121.959,63.63],[-121.975,63.583],[-121.943,63.533],[-121.808,63.445],[-121.827,63.421],[-121.983,63.421],[-122.013,63.41],[-122.023,63.378],[-121.954,63.35],[-121.874,63.342],[-121.451,63.393],[-121.38,63.419],[-121.355,63.446],[-121.391,63.492]]]}},{"type":"Feature","properties":{"density":3},"geometry":{"type":"Polygon","coordinates":[[[-120.7,63.052],[-120.758,63.07],[-121.016,63.089],[-121.237,63.057],[-121.27,63.035],[-121.281,63.004],[-121.274,62.967],[-121.231,62.927],[-121.232,62.894],[-121.266,62.851],[-121.487,62.788],[-121.516,62.708],[-121.459,62.656],[-121.381,62.629],[-121.144,62.602],[-120.904,62.495],[-120.724,62.502],[-120.685,62.534],[-120.664,62.699],[-120.702,62.739],[-120.784,62.766],[-120.809,62.792],[-120.742,62.895],[-120.808,62.944],[-120.68,62.968],[-120.651,62.989],[-120.64,63.008],[-120.654,63.029],[-120.7,63.052]]]}},{"type":"Feature","properties":{"density":3},"geometry":{"type":"Polygon","coordinates":[[[-135.161,70.425],[-135.297,70.084],[-135.39,69.495],[-135.278,68.968],[-134.993,68.255],[-134.751,67.945],[-134.503,68.045],[-134.497,68.541],[-134.541,69.08],[-134.497,69.458],[-134.361,69.836],[-134.181,70.246],[-134.107,70.518],[-134.317,70.68],[-134.658,70.704],[-135.077,70.574],[-135.161,70.425]]]}},{"type":"Feature","properties":{"density":3},"geometry":{"type":"Polygon","coordinates":[[[-140.062,63.483],[-140.074,63.531],[-140.042,63.549],[-139.858,63.568],[-139.803,63.55],[-139.791,63.524],[-140.062,63.483]]]}},{"type":"Feature","properties":{"density":3},"geometry":{"type":"Polygon","coordinates":[[[-121.948,50.901],[-122.123,51.017],[-122.345,51.112],[-122.413,51.121],[-122.525,51.101],[-122.599,51.105],[-122.841,51.051],[-122.939,51.048],[-123.058,51.096],[-123.084,51.13],[-123.098,51.208],[-123.025,51.257],[-122.764,51.331],[-122.52,51.322],[-122.512,51.342],[-122.556,51.402],[-122.556,51.443],[-122.487,51.537],[-122.471,51.602],[-122.481,51.663],[-122.521,51.704],[-122.667,51.776],[-122.722,51.822],[-122.742,51.888],[-122.747,52.006],[-122.686,52.132],[-122.541,52.345],[-122.315,52.572],[-121.786,52.933],[-121.204,53.132],[-120.662,53.252],[-120.12,53.173],[-119.905,53.049],[-119.367,52.892],[-118.392,52.686],[-117.656,52.549],[-117.272,52.322],[-116.986,52.202],[-116.47,52.196],[-116.062,52.105],[-115.728,51.993],[-115.091,51.663],[-114.837,51.506],[-114.3,51.297],[-114.041,51.136],[-113.474,50.94],[-113.085,50.777],[-112.843,50.772],[-112.713,50.75],[-112.554,50.69],[-112.364,50.67],[-111.992,50.662],[-111.606,50.631],[-111.172,50.515],[-110.732,50.376],[-110.206,50.266],[-109.393,50.068],[-109.073,49.941],[-108.657,49.811],[-108.371,49.618],[-108.351,49.533],[-108.393,49.453],[-108.47,49.404],[-108.572,49.379],[-109.126,49.346],[-109.517,49.373],[-110.297,49.483],[-110.559,49.55],[-111.457,49.694],[-111.841,49.725],[-112.325,49.718],[-113.474,49.762],[-113.821,49.849],[-114.439,49.906],[-114.931,49.923],[-115.275,49.865],[-115.3,49.79],[-115.271,49.592],[-114.927,49.264],[-114.568,49.129],[-114.461,49.037],[-114.31,48.941],[-114.114,48.76],[-113.982,48.556],[-114.004,48.476],[-114.086,48.418],[-114.216,48.385],[-114.657,48.379],[-114.844,48.36],[-115.07,48.382],[-115.373,48.382],[-116.183,48.517],[-116.301,48.471],[-116.323,48.43],[-116.337,48.381],[-116.282,48.182],[-116.366,47.997],[-116.452,47.882],[-116.552,47.679],[-116.556,47.638],[-116.609,47.584],[-116.676,47.576],[-116.924,47.791],[-117.015,47.935],[-117.316,48.502],[-117.432,48.63],[-117.577,48.746],[-117.82,48.833],[-118.048,48.959],[-118.194,49.014],[-118.313,49.127],[-118.362,49.21],[-118.536,49.329],[-118.61,49.353],[-118.781,49.353],[-118.848,49.326],[-118.897,49.269],[-118.971,49.021],[-119.024,48.929],[-119.251,48.754],[-119.594,48.087],[-119.792,47.845],[-119.85,47.8],[-119.944,47.665],[-120.029,47.58],[-120.123,47.536],[-120.305,47.528],[-120.344,47.552],[-120.379,47.619],[-120.509,47.71],[-120.68,47.787],[-120.773,47.803],[-120.859,47.842],[-120.889,47.88],[-120.895,47.96],[-120.842,48.087],[-120.492,48.291],[-120.404,48.407],[-120.317,48.611],[-120.329,48.701],[-120.411,48.769],[-120.584,48.793],[-120.631,48.827],[-120.679,48.903],[-120.688,48.956],[-120.659,49.085],[-120.639,49.344],[-120.6,49.434],[-120.51,49.562],[-120.4,49.612],[-120.372,49.538],[-120.418,49.459],[-120.438,49.366],[-120.443,49.151],[-120.435,49.093],[-120.394,49.049],[-120.353,49.049],[-120.207,49.12],[-120.141,49.183],[-120.019,49.257],[-119.984,49.27],[-119.893,49.263],[-119.873,49.279],[-119.877,49.515],[-119.853,49.684],[-119.751,49.954],[-119.613,50.152],[-119.477,50.407],[-119.442,50.585],[-119.475,50.677],[-119.516,50.728],[-119.571,50.712],[-119.622,50.668],[-119.802,50.42],[-119.861,50.357],[-119.96,50.295],[-120.234,50.175],[-120.578,50.061],[-120.775,49.958],[-121.135,49.841],[-121.258,49.767],[-121.339,49.741],[-121.453,49.767],[-121.526,49.804],[-121.574,50.028],[-121.7,50.328],[-121.8,50.47],[-121.932,50.521],[-121.971,50.567],[-121.978,50.615],[-121.94,50.69],[-121.883,50.688],[-121.824,50.664],[-121.703,50.576],[-121.488,50.144],[-121.339,49.961],[-121.297,49.931],[-121.161,49.929],[-120.957,49.994],[-120.92,50.015],[-120.888,50.06],[-120.887,50.094],[-121.029,50.119],[-121.071,50.118],[-121.165,50.075],[-121.22,50.071],[-121.256,50.086],[-121.281,50.118],[-121.267,50.196],[-121.294,50.299],[-121.358,50.201],[-121.434,50.247],[-121.451,50.297],[-121.445,50.519],[-121.46,50.592],[-121.558,50.741],[-121.627,50.781],[-121.785,50.82],[-121.948,50.901]]]}},{"type":"Feature","properties":{"density":3},"geometry":{"type":"Polygon","coordinates":[[[-113.703,46.088],[-113.54,46.188],[-113.426,46.23],[-113.017,46.249],[-112.842,46.229],[-112.16,46.053],[-112.162,46.025],[-112.201,46.007],[-112.419,45.948],[-112.517,45.944],[-112.928,46.009],[-113.092,46.067],[-113.305,46.113],[-113.4,46.124],[-113.516,46.115],[-113.689,46.035],[-113.722,46.054],[-113.703,46.088]]]}},{"type":"Feature","properties":{"density":3},"geometry":{"type":"Polygon","coordinates":[[[-113.173,45.67],[-113.009,45.738],[-112.918,45.749],[-112.533,45.742],[-112.37,45.687],[-112.329,45.654],[-112.315,45.595],[-112.339,45.576],[-112.427,45.57],[-112.536,45.614],[-112.906,45.672],[-113.013,45.671],[-113.182,45.624],[-113.19,45.647],[-113.173,45.67]]]}},{"type":"Feature","properties":{"density":3},"geometry":{"type":"Polygon","coordinates":[[[-113.277,45.531],[-113.073,45.596],[-112.6,45.582],[-112.52,45.566],[-112.287,45.484],[-112.067,45.272],[-112.055,45.226],[-112.084,45.194],[-112.135,45.194],[-112.436,45.372],[-112.884,45.479],[-113.154,45.509],[-113.315,45.47],[-113.347,45.476],[-113.348,45.506],[-113.277,45.531]]]}},{"type":"Feature","properties":{"density":3},"geometry":{"type":"Polygon","coordinates":[[[-115.144,46.109],[-115.125,46.129],[-115.129,46.209],[-115.112,46.218],[-115.05,46.202],[-115.003,46.16],[-115.015,46.11],[-115.061,46.086],[-115.143,46.081],[-115.156,46.099],[-115.144,46.109]]]}},{"type":"Feature","properties":{"density":3},"geometry":{"type":"Polygon","coordinates":[[[-118.0,46.026],[-117.942,46.071],[-117.893,46.071],[-117.9,46.04],[-117.934,46.016],[-118.0,46.026]]]}},{"type":"Feature","properties":{"density":3},"geometry":{"type":"Polygon","coordinates":[[[-120.592,44.532],[-120.183,44.844],[-120.078,44.893],[-119.989,44.914],[-119.881,44.972],[-119.703,45.028],[-119.506,45.059],[-119.426,45.045],[-119.434,45.02],[-119.772,44.837],[-119.827,44.789],[-119.836,44.746],[-119.691,44.625],[-119.66,44.553],[-119.677,44.499],[-119.748,44.471],[-120.013,44.49],[-120.18,44.478],[-120.556,44.344],[-120.588,44.349],[-120.619,44.399],[-120.63,44.503],[-120.592,44.532]]]}},{"type":"Feature","properties":{"density":3},"geometry":{"type":"Polygon","coordinates":[[[-117.055,44.533],[-116.766,44.922],[-116.39,45.286],[-116.256,45.323],[-116.189,45.291],[-116.145,45.199],[-116.145,45.074],[-116.188,44.798],[-116.459,44.552],[-116.513,44.511],[-116.663,44.445],[-116.803,44.416],[-116.933,44.434],[-117.014,44.462],[-117.045,44.491],[-117.055,44.533]]]}},{"type":"Feature","properties":{"density":3},"geometry":{"type":"Polygon","coordinates":[[[-121.486,45.507],[-121.077,45.682],[-120.744,45.786],[-120.603,45.856],[-120.099,45.932],[-119.643,46.123],[-119.497,46.227],[-119.144,46.685],[-118.984,46.806],[-118.821,46.836],[-118.612,46.999],[-118.584,47.098],[-118.743,47.293],[-118.757,47.422],[-118.664,47.586],[-118.498,47.702],[-118.276,47.787],[-118.068,47.834],[-117.83,47.97],[-117.536,48.051],[-117.431,48.056],[-117.216,48.02],[-116.982,47.891],[-116.941,47.814],[-116.96,47.761],[-117.07,47.637],[-117.704,47.24],[-117.777,47.147],[-117.826,47.027],[-117.826,46.928],[-117.848,46.867],[-117.911,46.836],[-118.311,46.765],[-118.54,46.664],[-118.639,46.596],[-118.935,46.446],[-119.085,46.327],[-119.279,46.106],[-119.417,45.853],[-119.469,45.808],[-120.083,45.592],[-120.605,45.463],[-121.255,45.257],[-121.399,45.242],[-121.582,45.272],[-121.674,45.303],[-121.724,45.36],[-121.705,45.421],[-121.672,45.445],[-121.597,45.483],[-121.486,45.507]]]}},{"type":"Feature","properties":{"density":3},"geometry":{"type":"Polygon","coordinates":[[[-118.379,48.139],[-118.464,48.211],[-118.473,48.261],[-118.459,48.302],[-118.434,48.32],[-118.31,48.344],[-118.283,48.411],[-118.223,48.486],[-118.167,48.51],[-118.17,48.43],[-118.272,48.132],[-118.285,48.111],[-118.335,48.103],[-118.367,48.116],[-118.379,48.139]]]}},{"type":"Feature","properties":{"density":3},"geometry":{"type":"Polygon","coordinates":[[[-121.762,42.453],[-121.797,42.505],[-121.823,42.602],[-121.815,42.681],[-121.78,42.778],[-121.709,42.866],[-121.597,42.955],[-121.277,43.138],[-120.724,43.353],[-120.167,43.61],[-119.914,43.64],[-119.671,43.689],[-119.043,43.703],[-118.724,43.789],[-118.6,43.874],[-118.394,44.072],[-118.237,44.391],[-117.869,44.916],[-117.65,45.056],[-117.518,45.186],[-117.513,45.265],[-117.574,45.331],[-117.82,45.414],[-118.143,45.555],[-118.237,45.576],[-118.279,45.62],[-118.257,45.739],[-118.191,45.783],[-118.083,45.816],[-117.69,45.862],[-117.42,46.037],[-117.131,46.267],[-116.947,46.375],[-116.792,46.433],[-116.28,46.565],[-115.944,46.606],[-115.804,46.678],[-115.509,46.717],[-115.408,46.689],[-115.341,46.648],[-115.261,46.548],[-115.129,46.43],[-114.994,46.411],[-114.675,46.471],[-114.44,46.485],[-114.042,46.478],[-113.844,46.445],[-113.521,46.424],[-113.372,46.367],[-113.282,46.295],[-113.287,46.157],[-113.342,46.044],[-113.477,45.865],[-113.57,45.671],[-113.59,45.495],[-113.574,45.362],[-113.456,45.12],[-113.396,45.04],[-113.068,44.745],[-112.897,44.668],[-112.47,44.588],[-111.645,44.488],[-111.36,44.467],[-111.07,44.368],[-110.946,44.26],[-110.909,44.194],[-110.897,44.103],[-110.926,44.025],[-111.12,43.979],[-111.203,43.975],[-111.661,44.021],[-112.195,44.103],[-112.877,44.174],[-113.307,44.3],[-113.455,44.322],[-113.579,44.311],[-113.644,44.21],[-113.76,44.135],[-113.863,44.037],[-114.036,44.012],[-114.416,44.101],[-114.477,44.173],[-114.488,44.285],[-114.465,44.379],[-114.471,44.454],[-114.575,44.556],[-114.712,44.579],[-115.072,44.57],[-115.392,44.647],[-115.593,44.724],[-115.607,44.813],[-115.557,44.907],[-115.438,44.957],[-115.265,44.99],[-114.901,44.957],[-114.672,44.984],[-114.549,45.107],[-114.574,45.247],[-114.745,45.368],[-114.914,45.401],[-115.194,45.37],[-115.364,45.296],[-115.84,45.23],[-116.006,45.162],[-116.129,45.008],[-116.168,44.818],[-116.278,44.7],[-116.507,44.504],[-116.606,44.449],[-116.829,44.063],[-117.187,43.76],[-117.551,43.52],[-117.909,43.443],[-118.397,43.506],[-118.496,43.498],[-118.791,43.432],[-118.924,43.385],[-119.15,43.349],[-119.88,43.327],[-119.99,43.272],[-120.029,43.206],[-120.026,43.176],[-120.084,43.126],[-120.475,42.847],[-121.627,42.422],[-121.697,42.419],[-121.762,42.453]]]}},{"type":"Feature","properties":{"density":3},"geometry":{"type":"Polygon","coordinates":[[[-114.982,47.575],[-114.461,47.468],[-114.07,47.418],[-113.715,47.424],[-113.491,47.456],[-113.036,47.456],[-112.876,47.481],[-112.644,47.477],[-112.413,47.45],[-111.934,47.355],[-111.764,47.297],[-111.331,47.187],[-111.243,47.134],[-111.204,47.085],[-111.193,46.95],[-111.308,46.649],[-111.291,46.564],[-111.236,46.448],[-111.13,46.37],[-111.016,46.314],[-110.792,46.307],[-110.672,46.27],[-110.521,46.123],[-110.448,45.845],[-110.462,45.685],[-110.501,45.558],[-110.793,45.467],[-111.129,45.431],[-111.286,45.44],[-111.686,45.547],[-112.143,45.776],[-112.441,45.838],[-112.705,45.809],[-112.837,45.859],[-112.948,45.941],[-113.121,46.28],[-113.223,46.388],[-113.606,46.683],[-113.766,46.771],[-113.984,46.845],[-114.571,47.01],[-114.827,47.126],[-114.934,47.203],[-115.023,47.3],[-115.061,47.369],[-115.075,47.438],[-115.067,47.493],[-115.031,47.564],[-114.982,47.575]]]}},{"type":"Feature","properties":{"density":3},"geometry":{"type":"Polygon","coordinates":[[[-118.298,45.66],[-118.241,45.71],[-118.099,45.775],[-117.995,45.793],[-117.704,45.796],[-117.612,45.759],[-117.588,45.72],[-117.592,45.698],[-117.661,45.654],[-117.765,45.619],[-117.88,45.606],[-118.217,45.596],[-118.289,45.63],[-118.298,45.66]]]}},{"type":"Feature","properties":{"density":3},"geometry":{"type":"Polygon","coordinates":[[[-121.748,42.494],[-121.506,42.736],[-121.37,42.812],[-121.201,42.88],[-120.949,42.937],[-120.889,42.928],[-120.846,42.902],[-120.821,42.86],[-120.839,42.814],[-120.883,42.777],[-121.355,42.588],[-121.649,42.432],[-121.708,42.431],[-121.754,42.454],[-121.748,42.494]]]}},{"type":"Feature","properties":{"density":3},"geometry":{"type":"Polygon","coordinates":[[[-116.825,42.456],[-116.707,42.497],[-116.589,42.482],[-116.504,42.376],[-116.494,42.257],[-116.514,42.227],[-116.542,42.214],[-116.628,42.219],[-116.732,42.285],[-116.869,42.412],[-116.852,42.448],[-116.825,42.456]]]}},{"type":"Feature","properties":{"density":3},"geometry":{"type":"Polygon","coordinates":[[[-115.929,45.233],[-115.824,45.335],[-115.666,45.44],[-115.615,45.471],[-115.55,45.479],[-115.558,45.441],[-115.745,45.282],[-115.904,45.201],[-115.928,45.204],[-115.929,45.233]]]}},{"type":"Feature","properties":{"density":3},"geometry":{"type":"Polygon","coordinates":[[[-78.731,50.276],[-78.703,50.323],[-78.657,50.513],[-78.566,50.711],[-78.177,51.32],[-78.006,51.554],[-77.835,51.728],[-77.72,51.802],[-77.678,51.811],[-77.656,51.75],[-77.711,51.549],[-77.94,51.078],[-77.951,51.001],[-77.882,50.896],[-77.786,50.797],[-77.758,50.742],[-77.772,50.7],[-77.808,50.653],[-77.849,50.634],[-78.38,50.429],[-78.527,50.334],[-78.628,50.212],[-78.711,50.22],[-78.731,50.276]]]}},{"type":"Feature","properties":{"density":3},"geometry":{"type":"Polygon","coordinates":[[[-78.724,50.883],[-78.633,51.122],[-78.325,51.596],[-78.277,51.642],[-78.218,51.658],[-78.174,51.64],[-78.146,51.506],[-78.22,51.348],[-78.378,51.162],[-78.607,50.951],[-78.666,50.848],[-78.718,50.846],[-78.724,50.883]]]}},{"type":"Feature","properties":{"density":3},"geometry":{"type":"Polygon","coordinates":[[[-79.104,50.283],[-79.016,50.46],[-78.963,50.517],[-78.903,50.542],[-78.904,50.506],[-78.947,50.431],[-79.031,50.344],[-79.075,50.264],[-79.097,50.254],[-79.104,50.283]]]}},{"type":"Feature","properties":{"density":3},"geometry":{"type":"Polygon","coordinates":[[[-78.84,50.305],[-78.77,50.47],[-78.739,50.497],[-78.719,50.493],[-78.703,50.448],[-78.71,50.423],[-78.819,50.296],[-78.833,50.289],[-78.84,50.305]]]}},{"type":"Feature","properties":{"density":3},"geometry":{"type":"Polygon","coordinates":[[[-75.142,52.313],[-75.106,52.442],[-75.038,52.557],[-74.912,52.692],[-74.792,52.785],[-74.585,52.805],[-74.483,52.769],[-74.445,52.717],[-74.438,52.68],[-74.461,52.633],[-74.504,52.6],[-74.746,52.519],[-74.998,52.376],[-75.111,52.284],[-75.144,52.282],[-75.142,52.313]]]}},{"type":"Feature","properties":{"density":3},"geometry":{"type":"Polygon","coordinates":[[[-107.348,38.11],[-107.185,38.225],[-107.136,38.238],[-107.086,38.227],[-107.043,38.197],[-107.025,38.14],[-107.024,38.024],[-107.078,37.918],[-107.138,37.89],[-107.221,37.9],[-107.34,37.972],[-107.364,38.017],[-107.348,38.11]]]}},{"type":"Feature","properties":{"density":3},"geometry":{"type":"Polygon","coordinates":[[[-112.539,38.638],[-112.604,38.755],[-112.602,38.831],[-112.58,38.887],[-112.235,39.037],[-112.133,39.056],[-112.099,39.038],[-112.089,38.992],[-112.103,38.938],[-112.214,38.825],[-112.244,38.732],[-112.275,38.695],[-112.443,38.617],[-112.484,38.615],[-112.539,38.638]]]}},{"type":"Feature","properties":{"density":3},"geometry":{"type":"Polygon","coordinates":[[[-120.865,61.856],[-120.981,61.878],[-121.011,61.912],[-121.136,61.944],[-121.376,61.904],[-121.462,61.869],[-121.648,61.72],[-121.789,61.676],[-121.823,61.594],[-121.796,61.545],[-121.737,61.319],[-121.505,61.119],[-120.931,60.462],[-120.687,60.255],[-119.965,60.102],[-119.046,59.97],[-118.906,59.9],[-118.819,59.763],[-118.761,59.586],[-118.753,59.486],[-118.798,59.458],[-118.906,59.433],[-119.517,59.441],[-119.782,59.491],[-120.133,59.532],[-120.77,59.652],[-121.427,59.821],[-121.721,59.933],[-122.233,60.189],[-122.417,60.399],[-122.492,60.522],[-122.604,60.874],[-122.533,60.97],[-122.353,60.95],[-122.2,60.952],[-122.092,60.985],[-121.971,61.192],[-121.974,61.293],[-122.016,61.37],[-122.132,61.442],[-122.435,61.732],[-122.616,61.877],[-122.741,61.965],[-122.87,62.027],[-123.026,62.159],[-123.224,62.277],[-123.474,62.926],[-123.485,63.041],[-123.43,63.121],[-123.358,63.135],[-123.284,63.094],[-123.132,62.826],[-122.962,62.708],[-122.468,62.545],[-122.287,62.501],[-121.914,62.456],[-121.32,62.271],[-121.056,62.225],[-121.004,62.224],[-120.974,62.257],[-121.04,62.351],[-121.015,62.388],[-120.943,62.398],[-120.591,62.3],[-120.463,62.244],[-120.403,62.178],[-120.365,62.089],[-120.416,61.994],[-120.478,61.942],[-120.627,61.891],[-120.865,61.856]]]}},{"type":"Feature","properties":{"density":3},"geometry":{"type":"Polygon","coordinates":[[[-121.062,63.064],[-121.142,63.093],[-121.327,63.078],[-121.4,63.045],[-121.596,62.854],[-121.807,62.821],[-121.82,62.788],[-121.814,62.74],[-121.645,62.639],[-121.579,62.562],[-121.322,62.44],[-121.166,62.413],[-121.057,62.42],[-120.705,62.512],[-120.686,62.58],[-120.747,62.687],[-120.929,62.707],[-121.006,62.73],[-121.024,62.758],[-121.021,62.797],[-120.973,62.881],[-120.798,62.957],[-120.721,62.953],[-120.667,62.979],[-120.642,63.019],[-120.673,63.054],[-120.724,63.076],[-120.816,63.083],[-120.98,63.059],[-121.062,63.064]]]}},{"type":"Feature","properties":{"density":3},"geometry":{"type":"Polygon","coordinates":[[[-121.431,63.429],[-121.582,63.463],[-122.256,63.544],[-122.3,63.565],[-122.386,63.663],[-122.381,63.799],[-122.354,63.828],[-122.268,63.824],[-121.946,63.702],[-121.654,63.617],[-121.39,63.489],[-121.374,63.446],[-121.431,63.429]]]}},{"type":"Feature","properties":{"density":3},"geometry":{"type":"Polygon","coordinates":[[[-122.184,51.04],[-122.241,51.067],[-122.399,51.093],[-122.901,51.02],[-123.084,51.08],[-123.147,51.133],[-123.156,51.222],[-123.076,51.276],[-122.944,51.315],[-122.655,51.468],[-122.428,51.547],[-122.198,51.532],[-122.125,51.584],[-122.097,51.67],[-122.213,51.794],[-122.293,52.112],[-122.176,52.346],[-121.911,52.692],[-121.717,52.861],[-121.444,53.047],[-121.279,53.134],[-121.076,53.2],[-120.803,53.254],[-120.4,53.234],[-120.077,53.152],[-119.617,52.978],[-119.357,52.958],[-118.507,52.828],[-118.288,52.837],[-117.597,52.651],[-117.411,52.535],[-117.113,52.451],[-116.686,52.302],[-116.124,52.165],[-115.942,52.145],[-115.526,52.051],[-115.267,51.965],[-115.022,51.828],[-114.8,51.645],[-114.639,51.583],[-114.501,51.568],[-114.382,51.583],[-114.277,51.674],[-114.076,51.738],[-113.894,51.767],[-113.671,51.722],[-113.336,51.59],[-113.208,51.474],[-113.138,51.346],[-113.15,51.234],[-113.237,51.131],[-113.246,51.087],[-113.224,51.041],[-113.163,51.03],[-113.09,50.984],[-112.816,50.99],[-112.432,50.937],[-112.094,50.915],[-111.719,50.839],[-110.963,50.61],[-109.99,50.169],[-109.717,50.021],[-108.971,49.76],[-108.618,49.683],[-108.192,49.484],[-107.964,49.455],[-107.517,49.465],[-107.076,49.545],[-106.704,49.487],[-106.192,49.352],[-105.947,49.143],[-105.847,48.95],[-105.918,48.628],[-106.001,48.52],[-106.183,48.487],[-106.497,48.495],[-107.986,48.643],[-108.346,48.698],[-108.879,48.872],[-109.499,48.928],[-110.602,49.089],[-111.615,49.193],[-111.968,49.254],[-112.574,49.455],[-112.887,49.517],[-113.007,49.472],[-113.069,49.373],[-113.069,49.241],[-113.032,49.083],[-112.936,48.869],[-112.912,48.778],[-112.899,48.625],[-112.92,48.579],[-113.147,48.505],[-113.969,48.376],[-114.162,48.354],[-114.432,48.354],[-114.846,48.452],[-115.238,48.698],[-115.344,48.812],[-115.38,49.069],[-115.442,49.156],[-115.702,49.391],[-115.876,49.499],[-116.533,49.555],[-116.522,49.62],[-116.462,49.703],[-116.065,49.874],[-116.058,49.974],[-116.115,50.068],[-116.223,50.123],[-116.399,50.391],[-116.502,50.441],[-116.718,50.398],[-116.875,50.319],[-117.035,50.316],[-117.173,50.349],[-117.283,50.417],[-117.406,50.465],[-117.479,50.475],[-117.56,50.414],[-117.619,50.319],[-117.637,50.232],[-117.605,50.074],[-117.654,49.969],[-117.783,49.834],[-117.843,49.705],[-117.921,49.588],[-118.435,49.334],[-118.566,49.176],[-118.665,48.982],[-118.71,48.945],[-118.731,48.879],[-118.723,48.796],[-118.644,48.746],[-118.52,48.709],[-118.45,48.655],[-118.429,48.577],[-118.454,48.461],[-118.677,48.23],[-118.958,48.081],[-119.153,48.048],[-119.92,47.852],[-120.047,47.8],[-120.424,47.758],[-120.57,47.775],[-120.694,47.8],[-120.774,47.835],[-120.832,47.891],[-120.874,48.039],[-120.838,48.083],[-120.766,48.136],[-120.482,48.23],[-120.292,48.271],[-120.215,48.265],[-120.102,48.282],[-119.879,48.359],[-119.788,48.398],[-119.735,48.453],[-119.735,48.53],[-119.782,48.585],[-119.906,48.665],[-119.939,48.748],[-119.989,48.8],[-120.223,48.828],[-120.422,48.828],[-120.659,48.817],[-120.758,48.772],[-120.976,48.756],[-121.219,48.8],[-121.239,48.851],[-121.223,48.897],[-121.151,48.973],[-121.035,49.175],[-120.993,49.219],[-120.896,49.272],[-120.761,49.32],[-120.371,49.378],[-120.152,49.378],[-119.925,49.436],[-119.396,49.65],[-119.296,49.729],[-119.193,49.957],[-119.135,50.169],[-119.055,50.351],[-119.01,50.58],[-119.016,50.657],[-119.078,50.709],[-119.155,50.723],[-119.243,50.678],[-119.345,50.682],[-119.425,50.651],[-119.462,50.617],[-119.475,50.566],[-119.469,50.42],[-119.626,50.205],[-119.739,50.141],[-120.071,50.102],[-120.226,50.041],[-120.448,49.92],[-120.639,49.871],[-120.926,49.825],[-120.933,49.812],[-120.831,49.768],[-120.858,49.752],[-121.066,49.781],[-121.215,49.781],[-121.354,49.72],[-121.407,49.724],[-121.549,49.819],[-121.523,49.913],[-121.449,49.959],[-121.31,49.99],[-121.288,50.023],[-121.269,50.119],[-121.165,50.205],[-121.091,50.242],[-120.898,50.282],[-120.612,50.396],[-120.527,50.44],[-120.531,50.49],[-120.624,50.538],[-120.812,50.547],[-121.097,50.642],[-121.211,50.661],[-121.236,50.628],[-121.244,50.549],[-121.297,50.472],[-121.335,50.495],[-121.453,50.637],[-121.495,50.754],[-121.784,50.914],[-122.109,50.993],[-122.174,51.02],[-122.184,51.04]]]}},{"type":"Feature","properties":{"density":3},"geometry":{"type":"Polygon","coordinates":[[[-114.362,45.828],[-113.958,45.88],[-113.763,45.876],[-113.282,45.817],[-113.207,45.764],[-113.203,45.731],[-113.223,45.696],[-113.352,45.661],[-114.263,45.701],[-114.353,45.733],[-114.386,45.788],[-114.362,45.828]]]}},{"type":"Feature","properties":{"density":3},"geometry":{"type":"Polygon","coordinates":[[[-118.007,46.028],[-117.587,46.285],[-117.495,46.319],[-117.451,46.293],[-117.443,46.271],[-117.465,46.229],[-117.754,46.055],[-117.884,46.025],[-117.976,45.977],[-118.008,45.985],[-118.007,46.028]]]}},{"type":"Feature","properties":{"density":3},"geometry":{"type":"Polygon","coordinates":[[[-120.646,44.412],[-120.646,44.481],[-120.585,44.583],[-120.472,44.663],[-120.232,44.773],[-120.085,44.866],[-119.931,44.939],[-119.613,45.053],[-119.265,45.081],[-119.069,45.038],[-119.014,44.999],[-118.992,44.936],[-119.061,44.883],[-119.16,44.839],[-119.339,44.795],[-119.532,44.771],[-119.915,44.635],[-120.301,44.41],[-120.5,44.357],[-120.588,44.352],[-120.646,44.412]]]}},{"type":"Feature","properties":{"density":3},"geometry":{"type":"Polygon","coordinates":[[[-121.611,45.344],[-121.545,45.41],[-121.407,45.482],[-120.827,45.722],[-120.252,45.788],[-119.878,45.877],[-119.718,45.983],[-119.505,46.029],[-119.351,46.117],[-118.846,46.235],[-118.594,46.388],[-118.241,46.539],[-118.038,46.663],[-117.91,46.692],[-117.856,46.638],[-117.96,46.439],[-118.241,46.208],[-118.757,45.898],[-119.1,45.753],[-119.545,45.623],[-119.769,45.537],[-120.205,45.454],[-121.06,45.336],[-121.341,45.312],[-121.53,45.267],[-121.602,45.272],[-121.611,45.344]]]}},{"type":"Feature","properties":{"density":3},"geometry":{"type":"Polygon","coordinates":[[[-118.301,45.652],[-118.096,45.797],[-117.791,45.916],[-117.668,45.94],[-117.656,45.929],[-117.664,45.912],[-117.736,45.837],[-117.725,45.818],[-117.668,45.791],[-117.533,45.776],[-117.463,45.732],[-117.448,45.703],[-117.486,45.633],[-117.522,45.612],[-117.705,45.556],[-117.888,45.536],[-118.035,45.539],[-118.198,45.573],[-118.295,45.608],[-118.301,45.652]]]}},{"type":"Feature","properties":{"density":3},"geometry":{"type":"Polygon","coordinates":[[[-115.462,43.318],[-115.359,43.369],[-115.252,43.394],[-114.816,43.418],[-114.466,43.393],[-114.396,43.381],[-114.369,43.355],[-114.375,43.328],[-114.488,43.293],[-115.101,43.3],[-115.444,43.269],[-115.479,43.28],[-115.484,43.295],[-115.462,43.318]]]}},{"type":"Feature","properties":{"density":3},"geometry":{"type":"Polygon","coordinates":[[[-107.358,38.123],[-107.114,38.2],[-106.965,38.194],[-106.924,38.158],[-106.911,38.11],[-106.911,38.015],[-106.933,37.918],[-106.996,37.843],[-107.043,37.832],[-107.202,37.857],[-107.298,37.932],[-107.334,37.983],[-107.381,38.064],[-107.358,38.123]]]}},{"type":"Feature","properties":{"density":3},"geometry":{"type":"Polygon","coordinates":[[[-116.793,42.79],[-116.662,42.883],[-116.537,42.91],[-116.502,42.885],[-116.528,42.854],[-116.58,42.835],[-116.696,42.815],[-116.724,42.798],[-116.746,42.755],[-116.789,42.738],[-116.851,42.765],[-116.845,42.779],[-116.793,42.79]]]}},{"type":"Feature","properties":{"density":3},"geometry":{"type":"Polygon","coordinates":[[[-121.743,42.458],[-121.734,42.524],[-121.701,42.587],[-121.661,42.62],[-121.569,42.673],[-121.446,42.708],[-121.132,42.875],[-121.039,42.908],[-120.925,42.984],[-120.561,43.128],[-120.383,43.172],[-120.221,43.179],[-120.195,43.146],[-120.21,43.111],[-120.254,43.074],[-120.429,43.001],[-120.511,42.889],[-120.605,42.817],[-120.919,42.692],[-121.187,42.545],[-121.419,42.457],[-121.539,42.453],[-121.636,42.427],[-121.704,42.436],[-121.743,42.458]]]}},{"type":"Feature","properties":{"density":3},"geometry":{"type":"Polygon","coordinates":[[[-118.381,48.157],[-118.36,48.283],[-118.304,48.352],[-118.071,48.528],[-118.041,48.532],[-117.979,48.505],[-117.975,48.434],[-118.006,48.386],[-118.055,48.341],[-118.249,48.225],[-118.273,48.198],[-118.3,48.112],[-118.343,48.113],[-118.381,48.137],[-118.381,48.157]]]}},{"type":"Feature","properties":{"density":3},"geometry":{"type":"Polygon","coordinates":[[[-121.664,47.0],[-121.066,47.141],[-120.736,47.198],[-120.655,47.203],[-120.629,47.185],[-120.627,47.166],[-120.644,47.154],[-120.777,47.105],[-121.254,47.006],[-121.561,46.98],[-121.66,46.956],[-121.686,46.975],[-121.664,47.0]]]}},{"type":"Feature","properties":{"density":3},"geometry":{"type":"Polygon","coordinates":[[[-121.255,47.435],[-121.08,47.418],[-121.049,47.402],[-121.03,47.368],[-121.051,47.345],[-121.181,47.39],[-121.251,47.39],[-121.279,47.416],[-121.255,47.435]]]}},{"type":"Feature","properties":{"density":3},"geometry":{"type":"Polygon","coordinates":[[[-116.881,44.63],[-116.735,44.684],[-116.596,44.807],[-116.332,45.176],[-116.199,45.568],[-115.942,45.87],[-115.736,46.035],[-115.434,46.163],[-115.194,46.291],[-114.942,46.345],[-114.731,46.345],[-114.295,46.234],[-113.951,46.197],[-113.744,46.212],[-113.422,46.303],[-112.74,46.371],[-112.434,46.379],[-111.856,46.338],[-111.719,46.355],[-111.69,46.466],[-111.73,46.653],[-112.009,46.892],[-112.575,47.09],[-112.827,47.161],[-112.955,47.223],[-112.947,47.326],[-112.761,47.467],[-112.686,47.624],[-112.604,47.677],[-112.41,47.665],[-111.409,47.471],[-110.649,47.434],[-110.392,47.45],[-110.144,47.438],[-109.706,47.305],[-109.458,47.248],[-108.863,47.074],[-108.565,47.008],[-108.301,46.925],[-108.086,46.826],[-107.937,46.735],[-107.759,46.516],[-107.792,46.425],[-107.995,46.185],[-108.032,46.09],[-107.883,45.693],[-107.908,45.594],[-108.024,45.462],[-108.156,45.404],[-108.388,45.412],[-109.533,45.342],[-109.843,45.317],[-110.02,45.268],[-110.151,45.021],[-110.39,44.752],[-110.684,44.677],[-110.989,44.617],[-111.21,44.598],[-111.64,44.639],[-112.748,44.822],[-112.953,44.954],[-112.989,45.053],[-113.019,45.251],[-113.05,45.331],[-113.118,45.389],[-113.416,45.483],[-113.526,45.587],[-113.678,45.634],[-113.829,45.654],[-114.489,45.625],[-114.981,45.637],[-115.133,45.587],[-115.298,45.44],[-115.542,45.061],[-115.672,44.927],[-116.079,44.716],[-116.25,44.589],[-116.446,44.494],[-116.688,44.425],[-116.909,44.417],[-117.055,44.453],[-117.052,44.545],[-116.881,44.63]]]}},{"type":"Feature","properties":{"density":3},"geometry":{"type":"Polygon","coordinates":[[[-124.652,52.412],[-124.547,52.515],[-124.457,52.64],[-124.116,52.861],[-123.998,52.886],[-123.91,52.861],[-123.898,52.831],[-123.987,52.713],[-124.158,52.649],[-124.305,52.569],[-124.519,52.379],[-124.584,52.356],[-124.621,52.361],[-124.656,52.382],[-124.652,52.412]]]}},{"type":"Feature","properties":{"density":3},"geometry":{"type":"Polygon","coordinates":[[[-123.183,64.908],[-123.318,64.888],[-123.46,64.931],[-123.486,64.974],[-123.48,65.048],[-123.376,65.119],[-123.221,65.136],[-123.166,65.12],[-123.153,65.09],[-123.194,64.985],[-123.149,64.926],[-123.183,64.908]]]}},{"type":"Feature","properties":{"density":3},"geometry":{"type":"Polygon","coordinates":[[[-121.011,61.819],[-121.499,61.899],[-122.364,62.202],[-122.712,62.376],[-123.244,62.604],[-123.334,62.709],[-123.445,62.91],[-123.387,63.034],[-123.296,63.045],[-123.084,62.852],[-122.819,62.66],[-122.231,62.515],[-121.908,62.403],[-121.751,62.399],[-121.001,62.314],[-120.314,62.27],[-120.213,62.226],[-120.204,62.148],[-120.235,62.096],[-120.695,61.848],[-120.888,61.801],[-121.011,61.819]]]}},{"type":"Feature","properties":{"density":3},"geometry":{"type":"Polygon","coordinates":[[[-120.801,62.948],[-121.067,62.939],[-121.17,62.976],[-121.416,63.127],[-121.448,63.186],[-121.451,63.236],[-121.427,63.274],[-121.344,63.288],[-121.143,63.19],[-120.647,63.039],[-120.639,63.012],[-120.669,62.977],[-120.801,62.948]]]}},{"type":"Feature","properties":{"density":3},"geometry":{"type":"Polygon","coordinates":[[[-123.883,65.515],[-123.989,65.586],[-124.279,65.683],[-124.297,65.73],[-124.292,65.781],[-124.224,65.792],[-124.05,65.717],[-123.992,65.711],[-123.921,65.767],[-123.878,65.787],[-123.845,65.784],[-123.799,65.767],[-123.794,65.654],[-123.768,65.635],[-123.75,65.643],[-123.696,65.743],[-123.664,65.761],[-123.63,65.754],[-123.649,65.656],[-123.731,65.527],[-123.823,65.5],[-123.883,65.515]]]}},{"type":"Feature","properties":{"density":3},"geometry":{"type":"Polygon","coordinates":[[[-122.372,63.433],[-122.496,63.534],[-122.541,63.604],[-122.533,63.65],[-122.5,63.695],[-122.46,63.718],[-122.389,63.713],[-122.297,63.674],[-122.168,63.58],[-122.147,63.537],[-122.165,63.468],[-122.201,63.43],[-122.246,63.411],[-122.372,63.433]]]}},{"type":"Feature","properties":{"density":3},"geometry":{"type":"Polygon","coordinates":[[[-79.119,50.313],[-79.06,50.434],[-78.979,50.547],[-78.718,50.818],[-78.659,50.987],[-78.499,51.221],[-78.145,51.588],[-77.86,51.733],[-77.535,52.034],[-77.315,52.28],[-77.053,52.426],[-76.521,52.503],[-76.405,52.478],[-76.227,52.391],[-76.062,51.99],[-75.967,51.908],[-75.839,51.879],[-75.748,51.792],[-75.777,51.693],[-75.847,51.61],[-76.273,51.275],[-76.765,51.042],[-76.878,51.009],[-77.201,50.846],[-78.204,50.327],[-78.581,50.1],[-78.662,50.185],[-78.756,50.232],[-78.776,50.297],[-78.859,50.365],[-78.962,50.319],[-79.059,50.21],[-79.101,50.188],[-79.134,50.192],[-79.142,50.22],[-79.119,50.313]]]}},{"type":"Feature","properties":{"density":3},"geometry":{"type":"Polygon","coordinates":[[[-75.15,52.317],[-74.985,52.747],[-74.943,52.818],[-74.865,52.902],[-74.667,53.053],[-74.565,53.106],[-74.449,53.114],[-74.407,53.1],[-74.412,53.038],[-74.458,52.942],[-74.471,52.788],[-74.498,52.681],[-74.574,52.634],[-74.961,52.477],[-75.113,52.295],[-75.139,52.294],[-75.15,52.317]]]}},{"type":"Feature","properties":{"density":3},"geometry":{"type":"Polygon","coordinates":[[[-120.668,48.934],[-120.631,49.011],[-120.276,49.191],[-119.09,49.603],[-118.464,49.683],[-118.321,49.666],[-118.246,49.636],[-118.227,49.589],[-118.249,49.512],[-118.387,49.449],[-118.594,49.391],[-119.117,49.267],[-119.801,49.167],[-120.236,49.06],[-120.591,48.852],[-120.65,48.858],[-120.672,48.897],[-120.668,48.934]]]}}]}