{"type":"FeatureCollection","features":[{"type":"Feature","properties":{"density":1},"geometry":{"type":"Polygon","coordinates":[[[-72.13,18.331],[-72.292,18.27],[-72.452,18.252],[-72.558,18.257],[-72.592,18.247],[-72.61,18.199],[-72.587,18.176],[-72.485,18.156],[-72.242,18.183],[-71.943,18.31],[-71.898,18.338],[-71.895,18.355],[-71.915,18.383],[-72.034,18.376],[-72.13,18.331]]]}},{"type":"Feature","properties":{"density":1},"geometry":{"type":"Polygon","coordinates":[[[-71.566,19.692],[-71.718,19.722],[-71.761,19.716],[-71.769,19.697],[-71.714,19.66],[-71.6,19.647],[-71.551,19.66],[-71.566,19.692]]]}},{"type":"Feature","properties":{"density":1},"geometry":{"type":"Polygon","coordinates":[[[-78.866,22.415],[-78.901,22.425],[-78.916,22.396],[-78.914,22.355],[-78.875,22.276],[-78.8,22.203],[-78.716,22.16],[-78.697,22.176],[-78.702,22.201],[-78.809,22.301],[-78.866,22.415]]]}},{"type":"Feature","properties":{"density":1},"geometry":{"type":"Polygon","coordinates":[[[-84.199,22.369],[-84.27,22.386],[-84.36,22.482],[-84.391,22.496],[-84.408,22.488],[-84.413,22.465],[-84.374,22.358],[-84.316,22.296],[-84.254,22.274],[-84.14,22.294],[-84.144,22.337],[-84.199,22.369]]]}},{"type":"Feature","properties":{"density":1},"geometry":{"type":"Polygon","coordinates":[[[-80.771,26.874],[-80.834,26.879],[-80.905,26.841],[-80.968,26.828],[-81.025,26.79],[-81.056,26.732],[-81.022,26.642],[-80.939,26.541],[-80.884,26.406],[-80.858,26.388],[-80.839,26.396],[-80.825,26.445],[-80.878,26.601],[-80.879,26.654],[-80.845,26.709],[-80.755,26.769],[-80.74,26.828],[-80.771,26.874]]]}},{"type":"Feature","properties":{"density":1},"geometry":{"type":"Polygon","coordinates":[[[-79.617,33.249],[-79.666,33.202],[-79.662,33.167],[-79.553,33.177],[-79.332,33.267],[-79.229,33.341],[-79.122,33.389],[-79.108,33.436],[-79.165,33.452],[-79.287,33.423],[-79.414,33.37],[-79.617,33.249]]]}},{"type":"Feature","properties":{"density":1},"geometry":{"type":"Polygon","coordinates":[[[-104.923,38.536],[-105.095,38.602],[-105.49,38.615],[-105.569,38.602],[-105.8,38.477],[-105.918,38.365],[-106.037,38.213],[-106.096,38.088],[-106.162,37.805],[-106.228,37.607],[-106.333,37.423],[-106.465,37.258],[-106.794,36.975],[-106.946,36.804],[-107.051,36.738],[-107.196,36.679],[-107.512,36.613],[-107.69,36.606],[-107.94,36.633],[-108.079,36.6],[-108.151,36.514],[-108.322,36.409],[-108.632,36.29],[-108.744,36.224],[-108.83,36.125],[-108.915,35.98],[-108.961,35.835],[-108.961,35.704],[-108.935,35.559],[-108.816,35.262],[-108.757,35.164],[-108.685,35.058],[-108.428,34.782],[-108.336,34.702],[-108.131,34.637],[-107.861,34.597],[-107.492,34.584],[-107.249,34.518],[-106.992,34.498],[-106.649,34.591],[-106.498,34.663],[-106.221,34.9],[-106.056,35.065],[-105.78,35.486],[-105.576,35.895],[-105.213,36.837],[-105.108,37.074],[-105.035,37.206],[-104.779,37.581],[-104.693,37.726],[-104.64,37.851],[-104.614,37.957],[-104.601,38.115],[-104.627,38.207],[-104.765,38.404],[-104.923,38.536]]]}},{"type":"Feature","properties":{"density":1},"geometry":{"type":"Polygon","coordinates":[[[-111.937,42.943],[-112.082,42.952],[-112.341,42.899],[-112.468,42.829],[-112.613,42.714],[-112.789,42.618],[-113.175,42.534],[-113.342,42.451],[-113.531,42.253],[-113.896,42.047],[-114.01,41.928],[-114.023,41.814],[-114.001,41.678],[-113.918,41.529],[-113.795,41.45],[-113.738,41.437],[-113.707,41.463],[-113.72,41.647],[-113.711,41.709],[-113.597,41.92],[-113.522,41.955],[-113.351,41.981],[-112.987,42.157],[-112.736,42.205],[-112.468,42.293],[-112.363,42.341],[-112.012,42.574],[-111.832,42.627],[-111.718,42.692],[-111.718,42.728],[-111.761,42.824],[-111.823,42.89],[-111.937,42.943]]]}},{"type":"Feature","properties":{"density":1},"geometry":{"type":"Polygon","coordinates":[[[-123.178,57.686],[-123.444,57.686],[-124.078,57.62],[-124.645,57.453],[-125.212,57.219],[-126.612,56.252],[-127.246,55.685],[-127.88,54.952],[-128.346,54.251],[-128.647,53.418],[-128.68,52.784],[-128.48,52.117],[-128.246,51.484],[-127.846,50.817],[-127.213,50.316],[-126.512,49.883],[-125.712,49.516],[-124.945,49.283],[-123.244,48.549],[-122.577,48.149],[-121.91,47.582],[-121.41,46.815],[-121.21,46.115],[-121.21,44.547],[-121.61,44.081],[-122.577,43.814],[-123.811,43.78],[-124.311,43.58],[-124.778,43.18],[-124.912,42.647],[-124.745,42.046],[-124.378,41.479],[-123.811,40.979],[-123.044,40.546],[-122.244,40.212],[-121.51,40.046],[-120.643,39.945],[-119.643,40.012],[-118.842,40.146],[-118.109,40.479],[-117.342,40.946],[-116.675,41.446],[-116.008,41.846],[-115.374,42.046],[-114.607,42.447],[-113.807,43.013],[-113.04,43.68],[-110.606,45.281],[-109.639,45.681],[-108.671,45.915],[-107.538,45.981],[-106.237,46.115],[-105.17,46.181],[-104.003,46.348],[-103.036,46.548],[-102.002,47.082],[-101.268,47.649],[-100.768,48.282],[-100.301,48.949],[-100.101,49.883],[-100.135,50.95],[-100.535,51.85],[-101.135,52.684],[-101.969,53.484],[-103.002,54.251],[-104.17,54.852],[-105.503,55.352],[-106.504,55.552],[-107.538,55.619],[-108.772,55.485],[-109.739,55.219],[-111.739,54.485],[-113.14,54.018],[-114.407,53.818],[-115.541,53.818],[-116.641,54.051],[-117.809,54.485],[-118.642,54.952],[-120.443,56.286],[-121.544,56.986],[-121.777,57.153],[-123.178,57.686]]]}},{"type":"Feature","properties":{"density":1},"geometry":{"type":"Polygon","coordinates":[[[-120.998,45.075],[-121.064,45.095],[-121.136,45.095],[-121.222,45.062],[-121.36,44.969],[-121.453,44.864],[-121.545,44.726],[-121.571,44.587],[-121.564,44.475],[-121.512,44.423],[-121.36,44.429],[-121.288,44.469],[-121.182,44.601],[-121.143,44.68],[-121.097,44.719],[-121.005,44.752],[-120.972,44.798],[-120.939,44.91],[-120.952,44.996],[-120.998,45.075]]]}},{"type":"Feature","properties":{"density":1},"geometry":{"type":"Polygon","coordinates":[[[-95.128,16.629],[-95.22,16.672],[-95.282,16.659],[-95.291,16.554],[-95.234,16.339],[-95.247,16.203],[-95.234,16.115],[-95.159,15.948],[-95.058,15.794],[-94.992,15.759],[-94.913,15.75],[-94.865,15.763],[-94.816,15.799],[-94.808,15.829],[-94.79,16.053],[-94.821,16.145],[-94.922,16.321],[-95.071,16.519],[-95.128,16.629]]]}},{"type":"Feature","properties":{"density":1},"geometry":{"type":"Polygon","coordinates":[[[-92.461,17.925],[-92.643,18.09],[-92.762,18.122],[-92.893,18.085],[-92.986,18.016],[-93.179,17.979],[-93.232,17.938],[-93.248,17.878],[-93.232,17.79],[-93.213,17.764],[-93.16,17.733],[-93.086,17.723],[-92.998,17.743],[-92.844,17.882],[-92.754,17.913],[-92.705,17.917],[-92.529,17.839],[-92.448,17.837],[-92.434,17.872],[-92.461,17.925]]]}},{"type":"Feature","properties":{"density":1},"geometry":{"type":"Polygon","coordinates":[[[-87.01,21.426],[-87.028,21.391],[-86.981,21.383],[-86.922,21.412],[-86.82,21.417],[-86.795,21.429],[-86.782,21.461],[-86.811,21.493],[-86.863,21.493],[-87.01,21.426]]]}},{"type":"Feature","properties":{"density":1},"geometry":{"type":"Polygon","coordinates":[[[-97.163,17.051],[-97.089,16.917],[-97.044,16.74],[-97.059,16.502],[-97.148,16.384],[-97.37,16.236],[-97.682,16.102],[-97.874,15.984],[-98.008,15.821],[-98.067,15.628],[-98.052,15.361],[-97.993,15.228],[-97.296,15.07],[-96.743,15.109],[-95.231,15.455],[-94.411,15.584],[-94.016,15.613],[-93.551,15.574],[-93.136,15.445],[-92.781,15.307],[-92.494,15.159],[-92.04,15.01],[-90.943,14.843],[-90.558,14.862],[-90.103,14.941],[-89.757,15.07],[-89.481,15.228],[-89.204,15.495],[-88.611,15.939],[-88.394,16.048],[-88.186,16.117],[-87.84,16.305],[-87.692,16.423],[-87.574,16.562],[-87.514,16.72],[-87.455,16.917],[-87.425,17.155],[-87.425,17.431],[-87.623,17.945],[-87.791,18.212],[-87.999,18.686],[-88.167,18.933],[-88.334,19.042],[-88.562,19.111],[-89.214,19.17],[-89.471,19.23],[-90.133,19.447],[-90.251,19.513],[-90.475,19.605],[-91.47,19.697],[-91.733,19.789],[-91.99,19.967],[-92.201,20.211],[-92.247,20.455],[-92.155,20.698],[-92.089,21.113],[-92.083,21.351],[-92.122,21.561],[-92.241,21.812],[-92.399,22.062],[-92.603,22.325],[-93.654,23.213],[-93.846,23.406],[-94.291,24.073],[-94.528,24.458],[-94.899,25.199],[-95.402,25.836],[-95.862,26.281],[-96.247,26.592],[-96.603,26.8],[-96.988,26.978],[-97.403,27.081],[-98.1,27.185],[-98.589,27.304],[-98.96,27.467],[-99.908,27.793],[-100.293,27.882],[-100.797,27.911],[-101.123,27.867],[-101.449,27.659],[-101.761,27.363],[-101.924,27.022],[-101.909,26.696],[-101.731,26.326],[-101.509,25.985],[-101.272,25.718],[-101.005,25.481],[-100.797,25.258],[-100.545,24.918],[-100.382,24.473],[-100.308,23.821],[-100.264,23.169],[-100.13,22.798],[-99.641,22.353],[-99.286,22.087],[-98.989,21.805],[-98.737,21.509],[-98.619,21.272],[-98.604,20.827],[-98.47,20.56],[-98.278,20.323],[-97.967,20.13],[-97.655,19.967],[-97.374,19.775],[-97.181,19.552],[-97.048,19.271],[-97.137,19.019],[-97.403,18.53],[-97.433,18.337],[-97.433,18.129],[-97.163,17.051]]]}},{"type":"Feature","properties":{"density":1},"geometry":{"type":"Polygon","coordinates":[[[-115.154,34.047],[-115.376,34.247],[-115.732,34.403],[-116.065,34.425],[-116.488,34.336],[-116.844,34.047],[-117.066,33.314],[-117.044,32.936],[-116.91,32.558],[-116.555,32.046],[-116.177,31.669],[-115.421,31.135],[-114.954,30.735],[-114.62,30.223],[-114.309,29.401],[-114.265,28.712],[-114.554,27.845],[-114.798,27.489],[-115.087,26.955],[-115.265,26.355],[-115.354,25.933],[-115.354,25.488],[-115.176,25.11],[-114.754,24.732],[-113.953,24.443],[-113.309,24.421],[-112.62,24.31],[-112.197,24.11],[-111.641,23.799],[-111.108,23.687],[-110.485,23.776],[-110.107,24.221],[-109.841,24.754],[-109.618,25.244],[-109.463,25.933],[-109.418,26.644],[-109.596,27.333],[-110.174,28.0],[-110.685,28.512],[-111.197,29.067],[-111.664,29.601],[-112.153,30.201],[-112.597,30.646],[-113.153,31.268],[-113.553,32.158],[-113.865,32.624],[-114.198,33.025],[-115.154,34.047]]]}},{"type":"Feature","properties":{"density":1},"geometry":{"type":"Polygon","coordinates":[[[-125.829,77.427],[-126.654,77.577],[-129.73,77.577],[-131.231,77.502],[-133.632,77.052],[-135.133,76.752],[-136.783,75.851],[-138.584,74.801],[-139.485,73.375],[-139.785,72.025],[-140.31,70.449],[-140.985,68.873],[-141.06,66.022],[-140.76,64.747],[-139.935,63.246],[-138.809,62.045],[-137.234,61.07],[-134.457,59.944],[-132.957,59.419],[-131.456,58.744],[-129.881,57.844],[-128.23,56.943],[-126.954,56.043],[-125.604,54.992],[-124.253,53.717],[-123.503,52.817],[-122.728,51.966],[-122.577,51.566],[-122.477,50.866],[-122.577,49.465],[-122.728,48.815],[-123.028,48.165],[-123.378,47.464],[-123.878,46.814],[-124.378,46.264],[-124.828,45.814],[-125.279,45.313],[-125.679,44.813],[-125.979,44.313],[-126.179,43.663],[-126.229,43.062],[-124.078,40.761],[-123.728,40.561],[-122.177,40.061],[-121.427,39.911],[-119.576,39.894],[-119.143,39.861],[-118.409,39.861],[-117.876,39.894],[-117.142,39.961],[-116.408,40.061],[-115.608,40.195],[-114.974,40.361],[-113.74,40.861],[-113.04,41.295],[-112.607,41.528],[-112.14,41.729],[-111.239,42.295],[-110.806,42.596],[-110.339,42.862],[-109.739,43.129],[-109.072,43.363],[-107.705,43.763],[-107.104,43.996],[-106.437,44.196],[-105.737,44.33],[-105.137,44.496],[-104.537,44.696],[-103.67,44.93],[-102.969,45.197],[-102.336,45.497],[-101.735,45.997],[-101.202,46.531],[-100.735,47.131],[-100.301,47.598],[-99.801,48.031],[-99.334,48.231],[-98.701,48.298],[-98.001,48.265],[-97.1,47.998],[-96.533,47.631],[-96.033,46.997],[-95.866,46.364],[-95.866,45.13],[-96.0,44.696],[-96.1,44.296],[-96.233,43.896],[-96.333,43.363],[-96.366,42.729],[-96.233,42.262],[-95.9,41.695],[-95.433,41.195],[-94.499,40.395],[-93.832,40.028],[-92.698,39.461],[-92.098,39.194],[-91.498,38.961],[-90.797,38.727],[-90.131,38.527],[-87.629,37.96],[-86.963,37.794],[-85.595,37.427],[-84.995,37.227],[-84.228,36.927],[-83.695,36.66],[-82.994,36.393],[-82.127,36.026],[-81.427,35.793],[-79.532,34.926],[-79.031,34.776],[-77.931,34.576],[-77.081,34.475],[-75.18,34.375],[-74.229,34.425],[-73.479,34.526],[-72.679,34.576],[-71.628,34.676],[-70.528,34.676],[-69.728,34.576],[-69.077,34.275],[-68.427,33.775],[-67.727,33.275],[-66.776,32.875],[-65.526,32.575],[-64.275,32.425],[-63.025,32.375],[-62.124,32.375],[-61.524,32.525],[-60.724,32.625],[-59.973,32.625],[-59.123,32.575],[-58.473,32.275],[-57.773,31.824],[-57.022,31.224],[-56.472,30.474],[-56.122,29.673],[-55.722,28.023],[-55.572,27.322],[-55.271,26.572],[-54.871,25.872],[-53.971,24.721],[-53.571,24.321],[-53.021,23.821],[-52.32,23.271],[-51.47,22.921],[-50.469,22.721],[-49.419,22.671],[-48.168,22.671],[-47.218,22.771],[-44.967,23.071],[-43.216,23.521],[-42.516,23.771],[-41.966,24.121],[-41.316,24.621],[-40.815,25.122],[-40.015,26.372],[-39.815,26.872],[-39.515,27.523],[-39.115,28.173],[-38.614,28.923],[-37.964,29.523],[-36.864,30.424],[-35.563,31.274],[-34.813,31.724],[-34.363,32.175],[-33.212,33.425],[-32.312,34.826],[-31.662,36.226],[-31.361,37.227],[-31.161,38.777],[-31.161,39.678],[-31.662,43.879],[-31.862,44.38],[-32.362,45.18],[-32.862,45.88],[-33.312,46.28],[-33.963,46.681],[-34.763,46.981],[-35.663,47.231],[-36.514,47.331],[-38.014,47.431],[-39.565,47.631],[-41.466,48.031],[-43.016,47.931],[-43.967,48.181],[-44.917,48.581],[-45.717,49.132],[-46.818,49.982],[-47.418,50.732],[-48.419,52.283],[-49.019,53.033],[-49.619,53.483],[-50.469,53.834],[-51.57,53.834],[-52.67,53.483],[-53.971,52.783],[-54.621,52.183],[-54.871,51.533],[-55.271,50.382],[-55.772,49.182],[-56.472,47.881],[-57.322,46.731],[-58.373,45.58],[-59.023,44.78],[-60.023,44.08],[-61.074,43.729],[-62.424,43.629],[-63.325,43.929],[-64.325,44.43],[-65.326,44.83],[-66.376,44.93],[-67.527,44.68],[-69.302,44.755],[-69.753,44.755],[-72.379,44.605],[-75.23,44.605],[-76.655,44.98],[-78.081,45.58],[-78.906,46.255],[-80.182,47.681],[-80.707,48.581],[-81.007,49.407],[-81.082,50.607],[-81.082,51.583],[-80.974,54.484],[-80.974,54.784],[-80.807,55.151],[-80.374,55.918],[-80.174,56.318],[-79.907,56.685],[-79.573,57.085],[-79.04,57.552],[-78.373,58.052],[-77.873,58.452],[-77.239,58.852],[-74.413,61.003],[-73.587,61.754],[-72.837,62.654],[-72.312,63.479],[-72.012,64.38],[-71.787,65.28],[-71.637,66.03],[-71.562,66.931],[-71.637,67.831],[-72.012,68.807],[-72.462,69.857],[-72.987,70.757],[-73.663,71.658],[-74.338,72.258],[-75.838,73.383],[-77.189,73.984],[-78.615,74.509],[-80.49,75.109],[-82.141,75.484],[-83.717,75.709],[-86.868,75.86],[-90.845,75.86],[-95.272,75.259],[-97.297,75.034],[-101.274,74.434],[-105.551,74.434],[-107.427,74.734],[-109.528,74.959],[-111.028,75.334],[-115.155,76.085],[-118.381,76.61],[-120.857,76.985],[-125.829,77.427]]]}},{"type":"Feature","properties":{"density":1},"geometry":{"type":"Polygon","coordinates":[[[-81.447,24.054],[-81.486,24.083],[-81.509,24.075],[-81.613,23.98],[-81.646,23.905],[-81.699,23.626],[-81.791,23.484],[-81.89,23.265],[-81.97,23.181],[-81.98,23.156],[-81.962,23.131],[-81.904,23.131],[-81.814,23.173],[-81.685,23.304],[-81.429,23.929],[-81.422,23.997],[-81.447,24.054]]]}},{"type":"Feature","properties":{"density":1},"geometry":{"type":"Polygon","coordinates":[[[-105.116,38.085],[-105.059,38.094],[-104.985,38.064],[-104.949,38.028],[-104.933,37.839],[-104.965,37.709],[-105.035,37.596],[-105.12,37.522],[-105.206,37.509],[-105.3,37.518],[-105.334,37.533],[-105.352,37.574],[-105.356,37.684],[-105.116,38.085]]]}},{"type":"Feature","properties":{"density":1},"geometry":{"type":"Polygon","coordinates":[[[-95.221,16.576],[-95.185,16.513],[-95.146,16.324],[-95.128,15.922],[-95.162,15.647],[-95.203,15.519],[-95.23,15.528],[-95.259,15.573],[-95.241,16.104],[-95.29,16.549],[-95.257,16.579],[-95.221,16.576]]]}},{"type":"Feature","properties":{"density":1},"geometry":{"type":"Polygon","coordinates":[[[-92.453,17.907],[-92.831,18.004],[-93.153,17.999],[-93.225,17.977],[-93.261,17.934],[-93.324,17.772],[-93.315,17.704],[-93.209,17.637],[-93.002,17.641],[-92.799,17.749],[-92.561,17.803],[-92.475,17.837],[-92.437,17.875],[-92.453,17.907]]]}},{"type":"Feature","properties":{"density":1},"geometry":{"type":"Polygon","coordinates":[[[-79.676,33.207],[-79.61,33.257],[-79.488,33.314],[-79.406,33.324],[-79.382,33.309],[-79.4,33.275],[-79.544,33.201],[-79.671,33.167],[-79.676,33.207]]]}},{"type":"Feature","properties":{"density":1},"geometry":{"type":"Polygon","coordinates":[[[-123.074,42.984],[-123.712,42.961],[-124.296,42.859],[-124.458,42.782],[-124.667,42.603],[-124.782,42.35],[-124.799,42.198],[-124.782,42.016],[-124.714,41.749],[-124.556,41.627],[-124.431,41.469],[-124.208,41.411],[-124.083,41.428],[-123.837,41.631],[-123.564,41.968],[-123.456,42.059],[-123.358,42.107],[-123.26,42.107],[-123.165,42.053],[-122.97,41.985],[-122.862,41.972],[-122.695,41.99],[-122.649,42.081],[-122.538,42.436],[-122.492,42.537],[-122.441,42.613],[-122.274,42.78],[-122.062,43.028],[-122.006,43.236],[-122.036,43.296],[-122.143,43.388],[-122.295,43.428],[-122.492,43.393],[-122.598,43.347],[-122.917,43.145],[-123.074,42.984]]]}},{"type":"Feature","properties":{"density":1},"geometry":{"type":"Polygon","coordinates":[[[-120.93,48.146],[-120.912,48.217],[-120.872,48.262],[-120.779,48.253],[-120.72,48.208],[-120.702,48.152],[-120.704,48.092],[-120.732,48.005],[-120.806,47.971],[-120.899,47.992],[-120.927,48.031],[-120.93,48.146]]]}},{"type":"Feature","properties":{"density":1},"geometry":{"type":"Polygon","coordinates":[[[-94.325,32.42],[-94.251,32.462],[-93.873,32.582],[-93.765,32.591],[-93.723,32.579],[-93.699,32.57],[-93.681,32.514],[-93.798,32.418],[-94.144,32.347],[-94.305,32.333],[-94.345,32.348],[-94.325,32.42]]]}},{"type":"Feature","properties":{"density":1},"geometry":{"type":"Polygon","coordinates":[[[-71.976,18.391],[-72.348,18.386],[-72.73,18.332],[-73.007,18.314],[-73.115,18.287],[-73.297,18.215],[-73.396,18.091],[-73.416,18.028],[-73.41,17.947],[-73.331,17.855],[-73.178,17.817],[-73.002,17.801],[-72.822,17.819],[-72.658,17.855],[-72.3,18.001],[-71.871,18.296],[-71.862,18.343],[-71.882,18.366],[-71.976,18.391]]]}},{"type":"Feature","properties":{"density":1},"geometry":{"type":"Polygon","coordinates":[[[-120.897,47.996],[-120.927,48.061],[-120.942,48.154],[-120.909,48.254],[-120.861,48.292],[-120.711,48.376],[-120.606,48.407],[-120.405,48.4],[-120.309,48.364],[-120.282,48.268],[-120.303,48.208],[-120.332,48.16],[-120.405,48.101],[-120.537,48.044],[-120.672,48.016],[-120.788,47.961],[-120.855,47.954],[-120.897,47.996]]]}},{"type":"Feature","properties":{"density":1},"geometry":{"type":"Polygon","coordinates":[[[-118.198,45.055],[-117.668,45.427],[-117.439,45.522],[-117.313,45.553],[-117.178,45.558],[-117.128,45.529],[-117.153,45.484],[-117.211,45.441],[-117.448,45.367],[-117.754,45.148],[-118.105,44.944],[-118.168,44.941],[-118.208,44.964],[-118.226,45.02],[-118.198,45.055]]]}},{"type":"Feature","properties":{"density":1},"geometry":{"type":"Polygon","coordinates":[[[-121.055,35.97],[-121.189,36.199],[-121.199,36.247],[-121.187,36.267],[-121.087,36.256],[-120.979,36.172],[-120.949,36.082],[-120.953,35.983],[-120.997,35.953],[-121.055,35.97]]]}},{"type":"Feature","properties":{"density":1},"geometry":{"type":"Polygon","coordinates":[[[-105.032,38.034],[-105.187,38.104],[-105.281,38.185],[-105.344,38.214],[-105.468,38.205],[-105.619,38.133],[-105.88,38.145],[-106.006,38.124],[-106.085,38.059],[-106.143,37.947],[-106.199,37.677],[-106.163,37.474],[-106.089,37.299],[-105.923,37.258],[-105.808,37.254],[-105.243,37.519],[-104.96,37.566],[-104.917,37.679],[-104.912,37.769],[-104.978,37.981],[-105.032,38.034]]]}},{"type":"Feature","properties":{"density":1},"geometry":{"type":"Polygon","coordinates":[[[-125.435,58.303],[-125.665,58.803],[-126.703,59.841],[-127.664,60.917],[-128.818,62.07],[-129.779,62.878],[-131.432,64.108],[-133.431,65.453],[-135.122,66.645],[-135.93,67.798],[-135.699,69.682],[-131.989,72.392],[-130.548,73.2],[-128.818,73.892],[-127.261,74.353],[-122.186,75.391],[-121.206,75.506],[-117.688,75.795],[-115.439,75.968],[-113.536,76.083],[-105.002,75.968],[-100.937,75.708],[-96.525,75.795],[-92.546,75.622],[-89.865,75.622],[-86.319,75.362],[-81.215,75.189],[-79.831,75.103],[-76.717,74.67],[-72.7,73.257],[-71.201,72.642],[-70.201,71.797],[-69.548,71.105],[-69.009,69.721],[-68.894,68.644],[-69.048,67.529],[-69.663,65.915],[-70.369,64.256],[-70.455,62.582],[-71.121,61.471],[-72.368,60.03],[-73.171,59.421],[-73.957,58.515],[-74.891,57.342],[-75.391,56.573],[-76.006,55.766],[-76.544,54.92],[-77.236,54.036],[-78.082,52.536],[-77.967,51.729],[-77.544,50.883],[-76.121,48.385],[-76.006,47.5],[-75.814,46.847],[-75.506,45.924],[-74.699,44.925],[-73.2,44.271],[-71.124,43.925],[-68.971,44.079],[-66.626,44.463],[-65.203,44.732],[-63.858,45.155],[-59.668,47.5],[-58.63,47.904],[-56.035,48.481],[-54.535,48.711],[-52.46,49.173],[-51.249,49.519],[-49.692,49.749],[-48.711,49.922],[-45.136,50.268],[-43.694,50.153],[-42.022,49.98],[-40.235,49.98],[-38.851,50.614],[-37.294,51.537],[-36.14,52.748],[-35.564,54.132],[-35.102,54.708],[-34.295,55.343],[-33.315,55.804],[-32.392,56.092],[-31.296,56.092],[-29.278,55.573],[-27.491,54.997],[-25.53,53.728],[-23.742,51.941],[-21.839,50.326],[-20.686,48.538],[-20.148,47.846],[-19.533,46.731],[-19.225,45.271],[-19.071,44.002],[-19.071,41.772],[-19.379,40.235],[-20.379,39.004],[-20.994,38.389],[-21.762,38.12],[-23.223,37.966],[-25.415,36.928],[-26.068,36.429],[-27.375,35.737],[-28.913,35.16],[-33.949,32.584],[-34.679,32.008],[-36.179,31.047],[-36.986,30.201],[-37.755,29.47],[-40.1,26.549],[-41.023,25.78],[-41.83,24.896],[-43.099,23.665],[-45.174,22.205],[-46.443,21.513],[-49.595,20.744],[-50.864,20.513],[-52.709,20.436],[-54.364,19.798],[-56.594,19.978],[-58.653,20.558],[-61.592,21.874],[-62.956,23.457],[-62.758,24.962],[-61.733,25.988],[-60.81,27.166],[-60.195,28.345],[-59.99,29.499],[-60.167,30.355],[-61.09,31.2],[-62.551,31.931],[-63.32,32.469],[-64.973,33.084],[-67.01,33.507],[-68.894,33.853],[-70.201,33.891],[-71.316,34.007],[-72.546,34.161],[-74.199,34.43],[-75.852,34.929],[-77.659,35.237],[-80.12,35.852],[-82.465,36.236],[-84.348,36.659],[-88.154,37.697],[-89.615,38.12],[-91.307,38.62],[-95.567,39.965],[-96.439,40.504],[-96.926,41.093],[-97.515,41.913],[-97.823,42.708],[-98.31,43.759],[-99.463,44.566],[-100.193,45.142],[-101.462,45.488],[-102.961,45.642],[-103.922,45.527],[-104.922,45.373],[-106.703,44.95],[-107.446,44.95],[-109.266,44.848],[-110.291,44.873],[-111.573,44.31],[-112.521,44.13],[-113.649,44.079],[-114.264,43.899],[-114.674,43.515],[-114.776,43.156],[-114.776,42.874],[-114.674,42.541],[-114.674,42.285],[-114.879,41.875],[-115.135,41.644],[-116.032,41.311],[-116.416,41.26],[-118.228,41.507],[-118.586,41.456],[-118.962,41.268],[-119.475,40.858],[-119.987,40.414],[-120.107,40.346],[-120.363,40.311],[-120.808,40.465],[-120.944,40.653],[-121.252,41.268],[-121.685,41.428],[-122.266,41.599],[-123.017,41.804],[-123.575,41.906],[-124.031,42.054],[-124.213,42.293],[-124.293,42.852],[-124.202,43.091],[-123.917,43.273],[-123.427,43.432],[-122.835,43.455],[-122.026,43.262],[-121.502,43.307],[-121.32,43.421],[-121.286,43.535],[-121.377,43.672],[-121.491,43.797],[-121.571,43.934],[-121.65,44.184],[-121.793,44.401],[-121.725,44.674],[-121.554,44.879],[-121.297,45.118],[-120.956,45.357],[-120.614,45.494],[-120.187,45.631],[-118.991,45.956],[-118.188,46.058],[-115.898,46.823],[-114.924,47.028],[-113.592,47.284],[-111.353,47.523],[-110.943,47.626],[-110.738,47.728],[-110.584,48.138],[-110.636,48.343],[-110.943,48.625],[-112.532,48.753],[-113.532,48.753],[-114.275,48.702],[-115.146,48.6],[-116.323,48.002],[-116.664,47.779],[-116.903,47.523],[-117.108,47.335],[-117.348,47.147],[-117.553,47.028],[-117.826,46.925],[-118.099,46.925],[-118.51,47.011],[-119.09,47.284],[-120.423,47.574],[-121.175,47.643],[-122.029,47.814],[-123.917,47.814],[-124.344,47.848],[-125.13,47.967],[-126.224,48.241],[-127.01,48.395],[-127.984,48.805],[-128.411,49.479],[-128.616,50.06],[-128.684,50.675],[-128.684,51.479],[-128.547,52.059],[-128.052,52.76],[-127.539,53.153],[-126.89,53.512],[-125.745,54.298],[-124.93,55.246],[-124.814,56.322],[-125.288,57.911],[-125.435,58.303]]]}},{"type":"Feature","properties":{"density":1},"geometry":{"type":"Polygon","coordinates":[[[-98.262,20.397],[-98.621,20.824],[-99.065,21.695],[-99.031,22.447],[-98.929,23.301],[-98.758,24.19],[-98.484,24.907],[-98.211,25.984],[-98.125,26.257],[-97.698,26.872],[-97.322,27.282],[-96.981,27.504],[-96.707,27.607],[-96.075,27.624],[-95.904,27.556],[-95.511,27.299],[-95.409,27.145],[-95.17,26.257],[-94.965,25.779],[-94.572,24.736],[-94.059,23.848],[-93.786,23.438],[-93.529,23.13],[-92.675,22.191],[-92.447,21.872],[-92.14,21.245],[-91.969,20.767],[-91.844,20.471],[-91.844,20.243],[-91.889,19.89],[-92.174,19.047],[-92.219,18.876],[-92.299,18.682],[-92.459,18.409],[-92.664,17.987],[-92.785,17.289],[-92.774,16.936],[-92.728,16.435],[-92.557,15.649],[-92.443,15.204],[-92.187,14.732],[-92.119,14.356],[-92.392,13.877],[-93.127,13.365],[-93.93,12.835],[-94.477,12.562],[-95.246,12.391],[-96.032,12.186],[-96.664,12.1],[-97.484,12.22],[-98.031,12.408],[-98.355,12.647],[-98.629,12.818],[-98.868,13.143],[-99.056,13.45],[-99.654,14.595],[-100.166,15.022],[-100.713,15.535],[-101.123,15.996],[-101.26,16.286],[-101.379,16.765],[-101.311,17.089],[-101.169,17.42],[-101.009,17.5],[-100.816,17.556],[-100.519,17.556],[-98.982,17.482],[-98.469,17.26],[-97.974,16.987],[-97.581,16.833],[-97.205,16.748],[-96.795,16.679],[-96.521,16.696],[-96.453,17.021],[-96.521,17.482],[-96.966,18.61],[-97.495,19.413],[-98.065,20.119],[-98.262,20.397]]]}},{"type":"Feature","properties":{"density":1},"geometry":{"type":"Polygon","coordinates":[[[-90.172,17.292],[-90.476,17.31],[-90.669,17.339],[-90.874,17.406],[-91.072,17.438],[-91.315,17.433],[-91.374,17.391],[-91.405,17.332],[-91.387,17.267],[-91.32,17.211],[-91.007,17.123],[-90.856,17.105],[-90.343,17.098],[-90.138,17.168],[-90.127,17.24],[-90.144,17.279],[-90.172,17.292]]]}},{"type":"Feature","properties":{"density":1},"geometry":{"type":"Polygon","coordinates":[[[-115.761,31.286],[-115.704,31.37],[-115.629,31.415],[-115.59,31.398],[-115.565,31.359],[-115.553,31.295],[-115.571,31.233],[-115.641,31.134],[-115.83,31.056],[-115.961,31.029],[-116.117,31.028],[-116.213,31.055],[-116.213,31.083],[-116.186,31.104],[-115.859,31.191],[-115.818,31.215],[-115.761,31.286]]]}},{"type":"Feature","properties":{"density":1},"geometry":{"type":"Polygon","coordinates":[[[-92.971,34.776],[-92.729,34.96],[-92.463,34.978],[-92.265,34.951],[-91.905,34.809],[-91.86,34.767],[-91.685,34.692],[-91.473,34.517],[-91.435,34.445],[-91.435,34.407],[-91.48,34.308],[-91.509,34.29],[-91.64,34.29],[-92.045,34.409],[-92.418,34.596],[-92.7,34.679],[-92.985,34.715],[-92.992,34.746],[-92.971,34.776]]]}},{"type":"Feature","properties":{"density":1},"geometry":{"type":"Polygon","coordinates":[[[-94.339,32.384],[-94.317,32.444],[-94.246,32.487],[-94.032,32.564],[-93.906,32.586],[-93.559,32.57],[-93.046,32.489],[-93.039,32.456],[-93.069,32.418],[-93.141,32.396],[-93.631,32.412],[-93.791,32.403],[-93.955,32.363],[-94.263,32.349],[-94.318,32.355],[-94.339,32.384]]]}},{"type":"Feature","properties":{"density":1},"geometry":{"type":"Polygon","coordinates":[[[-91.918,30.861],[-91.848,30.847],[-91.758,30.76],[-91.72,30.628],[-91.735,30.573],[-91.755,30.562],[-91.839,30.577],[-91.93,30.672],[-91.962,30.76],[-91.962,30.813],[-91.918,30.861]]]}},{"type":"Feature","properties":{"density":1},"geometry":{"type":"Polygon","coordinates":[[[-79.697,33.206],[-79.697,33.258],[-79.634,33.387],[-79.544,33.513],[-79.456,33.599],[-79.385,33.655],[-79.066,33.832],[-78.94,33.92],[-78.606,34.004],[-78.187,34.045],[-77.934,34.014],[-77.782,33.96],[-77.674,33.842],[-77.657,33.798],[-77.661,33.738],[-77.715,33.63],[-77.854,33.537],[-78.331,33.438],[-78.925,33.382],[-79.349,33.255],[-79.583,33.158],[-79.682,33.155],[-79.697,33.17],[-79.697,33.206]]]}},{"type":"Feature","properties":{"density":1},"geometry":{"type":"Polygon","coordinates":[[[-80.089,34.244],[-80.038,34.311],[-79.975,34.359],[-79.93,34.385],[-79.9,34.383],[-79.915,34.32],[-80.045,34.214],[-80.086,34.203],[-80.089,34.244]]]}},{"type":"Feature","properties":{"density":1},"geometry":{"type":"Polygon","coordinates":[[[-76.762,21.234],[-76.904,21.178],[-76.934,21.147],[-76.928,21.12],[-76.831,21.111],[-76.724,21.15],[-76.715,21.198],[-76.762,21.234]]]}},{"type":"Feature","properties":{"density":1},"geometry":{"type":"Polygon","coordinates":[[[-71.925,18.379],[-72.293,18.446],[-72.732,18.591],[-72.975,18.649],[-73.498,18.676],[-73.593,18.666],[-73.65,18.588],[-73.616,18.554],[-73.41,18.487],[-73.012,18.406],[-72.55,18.338],[-72.016,18.278],[-71.915,18.288],[-71.892,18.305],[-71.894,18.349],[-71.925,18.379]]]}},{"type":"Feature","properties":{"density":2},"geometry":{"type":"Polygon","coordinates":[[[-122.883,42.766],[-123.01,42.836],[-123.12,42.871],[-123.238,42.884],[-123.339,42.889],[-123.533,42.832],[-123.844,42.827],[-124.095,42.77],[-124.222,42.722],[-124.27,42.643],[-124.266,42.572],[-124.222,42.507],[-124.169,42.463],[-123.998,42.445],[-123.901,42.48],[-123.739,42.59],[-123.656,42.577],[-123.638,42.52],[-123.66,42.34],[-123.647,42.278],[-123.585,42.212],[-123.423,42.182],[-123.298,42.122],[-123.232,41.958],[-123.126,41.826],[-123.008,41.76],[-122.804,41.727],[-122.646,41.773],[-122.553,41.846],[-122.514,41.912],[-122.514,42.083],[-122.58,42.3],[-122.586,42.392],[-122.56,42.471],[-122.501,42.564],[-122.316,42.742],[-122.217,42.814],[-122.145,42.847],[-121.901,42.893],[-121.862,42.946],[-121.888,43.005],[-121.954,43.064],[-122.026,43.071],[-122.494,42.946],[-122.58,42.893],[-122.659,42.788],[-122.731,42.742],[-122.797,42.735],[-122.883,42.766]]]}},{"type":"Feature","properties":{"density":2},"geometry":{"type":"Polygon","coordinates":[[[-119.158,45.533],[-119.507,45.362],[-119.751,45.217],[-119.955,45.144],[-120.126,45.118],[-120.522,45.111],[-120.91,45.078],[-121.055,45.032],[-121.22,44.973],[-121.339,44.907],[-121.418,44.815],[-121.457,44.742],[-121.49,44.584],[-121.483,44.518],[-121.411,44.472],[-121.339,44.453],[-121.068,44.4],[-120.956,44.393],[-120.739,44.308],[-120.693,44.281],[-120.647,44.222],[-120.574,43.991],[-120.621,43.458],[-120.601,43.175],[-120.397,42.635],[-120.327,42.546],[-120.169,42.397],[-119.972,42.318],[-119.814,42.308],[-119.567,42.328],[-119.241,42.437],[-118.835,42.674],[-118.638,42.714],[-118.154,42.723],[-117.917,42.832],[-117.472,43.119],[-117.205,43.148],[-116.958,43.119],[-116.494,42.931],[-116.168,42.882],[-115.851,42.951],[-115.654,43.069],[-115.525,43.227],[-115.476,43.435],[-115.436,43.949],[-115.348,44.215],[-115.081,44.541],[-114.804,44.789],[-114.527,45.006],[-114.28,45.174],[-114.043,45.292],[-113.816,45.5],[-113.589,45.757],[-113.332,46.014],[-112.996,46.271],[-112.749,46.389],[-111.879,46.636],[-110.442,47.209],[-110.294,47.283],[-109.997,47.535],[-109.671,47.743],[-109.478,47.817],[-108.856,47.906],[-108.663,47.965],[-107.967,48.232],[-107.774,48.321],[-107.092,48.721],[-106.44,48.988],[-106.233,49.121],[-106.129,49.269],[-106.084,49.447],[-106.144,49.61],[-106.277,49.714],[-106.559,49.788],[-107.151,49.803],[-107.507,49.729],[-107.937,49.61],[-108.293,49.492],[-108.752,49.299],[-109.36,49.106],[-109.716,48.958],[-110.175,48.736],[-110.471,48.543],[-111.138,48.187],[-111.79,47.787],[-112.176,47.58],[-112.606,47.432],[-113.021,47.328],[-113.376,47.209],[-115.012,46.389],[-115.219,46.261],[-115.693,46.024],[-115.93,45.964],[-116.098,45.964],[-116.553,46.033],[-116.76,46.043],[-116.978,46.033],[-117.126,45.964],[-117.185,45.856],[-117.166,45.707],[-116.998,45.47],[-116.968,45.352],[-117.017,45.213],[-117.156,45.115],[-117.403,45.085],[-117.61,45.115],[-117.729,45.213],[-117.798,45.342],[-117.818,45.49],[-117.887,45.648],[-117.986,45.806],[-118.134,45.866],[-118.312,45.856],[-118.45,45.826],[-118.727,45.737],[-118.984,45.648],[-119.158,45.533]]]}},{"type":"Feature","properties":{"density":2},"geometry":{"type":"Polygon","coordinates":[[[-118.974,48.385],[-119.033,48.415],[-119.132,48.425],[-119.191,48.395],[-119.29,48.217],[-119.32,48.089],[-119.32,47.97],[-119.28,47.881],[-119.181,47.733],[-119.132,47.555],[-119.132,47.397],[-119.092,47.259],[-119.023,47.11],[-118.924,47.051],[-118.707,46.992],[-118.519,47.012],[-118.391,47.101],[-118.272,47.249],[-118.193,47.437],[-118.104,47.802],[-117.966,47.98],[-117.768,48.099],[-117.096,48.296],[-116.494,48.573],[-116.227,48.642],[-115.733,48.681],[-115.18,48.602],[-114.962,48.612],[-114.656,48.681],[-114.409,48.77],[-113.994,49.047],[-113.737,49.166],[-113.411,49.225],[-112.423,49.235],[-111.603,49.344],[-111.405,49.344],[-111.178,49.393],[-110.921,49.482],[-110.664,49.62],[-110.269,49.907],[-109.903,50.134],[-109.716,50.213],[-109.508,50.272],[-108.688,50.46],[-108.648,50.519],[-108.559,50.766],[-108.55,51.033],[-108.599,51.27],[-108.668,51.379],[-108.787,51.478],[-108.965,51.567],[-109.192,51.636],[-109.419,51.665],[-109.597,51.665],[-109.854,51.636],[-110.476,51.389],[-111.208,51.211],[-111.524,51.181],[-111.899,51.043],[-112.186,50.826],[-112.403,50.628],[-112.601,50.48],[-112.779,50.381],[-113.184,50.213],[-113.45,50.124],[-113.727,50.075],[-113.944,50.055],[-115.219,49.798],[-115.624,49.66],[-116.019,49.502],[-116.444,49.383],[-116.81,49.235],[-117.106,49.077],[-118.154,48.425],[-118.361,48.375],[-118.509,48.375],[-118.707,48.346],[-118.974,48.385]]]}},{"type":"Feature","properties":{"density":2},"geometry":{"type":"Polygon","coordinates":[[[-121.679,51.362],[-121.808,51.402],[-122.233,51.442],[-122.302,51.362],[-122.351,51.145],[-122.322,51.007],[-122.223,50.868],[-122.055,50.73],[-121.739,50.542],[-121.571,50.404],[-121.284,49.959],[-121.116,49.386],[-121.027,49.189],[-120.889,49.001],[-120.751,48.892],[-120.425,48.754],[-120.148,48.714],[-119.94,48.754],[-119.427,48.892],[-118.804,49.129],[-118.369,49.327],[-118.241,49.406],[-118.182,49.475],[-118.172,49.574],[-118.251,49.732],[-118.211,49.831],[-118.122,49.91],[-117.984,49.999],[-117.865,50.127],[-117.836,50.246],[-117.905,50.404],[-118.053,50.582],[-118.201,50.691],[-118.409,50.799],[-118.676,50.888],[-118.913,50.928],[-119.743,50.809],[-119.97,50.799],[-120.276,50.839],[-120.899,50.997],[-121.245,51.165],[-121.373,51.244],[-121.679,51.362]]]}},{"type":"Feature","properties":{"density":2},"geometry":{"type":"Polygon","coordinates":[[[-115.995,50.068],[-116.067,50.048],[-116.14,49.95],[-116.219,49.93],[-116.495,49.936],[-116.555,49.903],[-116.601,49.838],[-116.607,49.765],[-116.555,49.66],[-116.476,49.581],[-116.357,49.508],[-116.113,49.429],[-115.975,49.409],[-115.606,49.396],[-115.237,49.436],[-114.816,49.508],[-114.447,49.607],[-113.59,49.95],[-112.826,50.048],[-112.378,50.167],[-112.194,50.259],[-111.733,50.549],[-111.285,50.733],[-111.133,50.76],[-110.317,50.76],[-110.066,50.793],[-109.948,50.826],[-109.473,51.017],[-109.19,51.227],[-109.039,51.379],[-108.92,51.537],[-108.835,51.721],[-108.788,51.906],[-108.769,52.09],[-108.775,52.248],[-108.861,52.38],[-108.999,52.466],[-109.144,52.499],[-109.375,52.499],[-109.744,52.433],[-109.921,52.367],[-110.099,52.268],[-110.666,51.86],[-110.844,51.754],[-111.015,51.682],[-111.397,51.484],[-111.634,51.392],[-112.596,51.129],[-113.65,50.786],[-114.124,50.595],[-114.585,50.378],[-115.046,50.213],[-115.606,50.094],[-115.995,50.068]]]}},{"type":"Feature","properties":{"density":2},"geometry":{"type":"Polygon","coordinates":[[[-95.221,16.572],[-95.258,16.578],[-95.268,16.535],[-95.248,16.476],[-95.17,16.353],[-95.129,16.178],[-95.073,16.125],[-95.004,16.113],[-94.975,16.148],[-94.969,16.187],[-95.0,16.307],[-95.141,16.459],[-95.221,16.572]]]}},{"type":"Feature","properties":{"density":2},"geometry":{"type":"Polygon","coordinates":[[[-90.013,50.228],[-90.084,50.166],[-90.123,50.07],[-90.132,49.973],[-90.119,49.942],[-90.079,49.911],[-89.943,49.828],[-89.917,49.784],[-89.912,49.736],[-89.93,49.692],[-90.031,49.613],[-90.044,49.512],[-89.991,49.468],[-89.912,49.437],[-89.82,49.437],[-89.715,49.463],[-89.605,49.512],[-89.522,49.56],[-89.214,49.916],[-89.034,50.043],[-88.918,50.149],[-88.654,50.274],[-88.483,50.419],[-88.391,50.471],[-88.101,50.596],[-88.002,50.656],[-87.831,50.807],[-87.719,51.011],[-87.686,51.117],[-87.673,51.209],[-87.693,51.38],[-87.732,51.486],[-87.778,51.558],[-87.943,51.71],[-88.167,51.809],[-88.43,51.809],[-88.694,51.677],[-88.937,51.473],[-89.372,50.853],[-89.781,50.478],[-90.013,50.228]]]}},{"type":"Feature","properties":{"density":2},"geometry":{"type":"Polygon","coordinates":[[[-109.453,72.805],[-110.031,72.983],[-110.609,73.139],[-111.342,73.517],[-112.343,73.984],[-113.565,74.362],[-114.833,74.606],[-116.3,74.806],[-118.317,74.829],[-120.918,74.728],[-122.219,74.578],[-123.62,74.328],[-124.92,73.878],[-126.321,73.228],[-127.271,72.678],[-127.971,71.977],[-128.672,71.077],[-128.872,70.427],[-128.872,69.526],[-128.672,68.276],[-128.322,67.075],[-127.921,66.275],[-127.571,65.625],[-126.971,64.874],[-126.271,64.324],[-125.47,63.524],[-124.32,62.173],[-123.62,60.873],[-123.269,59.972],[-123.219,59.222],[-123.47,58.422],[-124.02,57.621],[-124.57,56.971],[-124.97,56.371],[-125.22,55.721],[-125.22,55.12],[-125.02,54.47],[-124.52,53.97],[-124.02,53.52],[-122.719,52.669],[-121.719,52.069],[-120.868,51.619],[-118.968,50.818],[-118.167,50.518],[-116.967,50.218],[-116.016,50.068],[-115.116,50.018],[-114.266,50.068],[-111.565,50.768],[-110.614,51.069],[-109.964,51.219],[-109.314,51.319],[-108.613,51.319],[-107.863,51.369],[-107.413,51.469],[-105.912,52.369],[-103.111,53.57],[-102.661,53.72],[-101.86,53.82],[-100.91,53.87],[-100.06,53.77],[-99.109,53.42],[-98.209,52.819],[-97.309,51.919],[-96.608,51.119],[-96.108,50.468],[-95.658,49.618],[-94.908,47.617],[-94.657,46.717],[-94.507,45.866],[-94.307,45.116],[-94.057,44.316],[-93.607,43.615],[-92.356,42.365],[-91.706,41.865],[-91.106,41.214],[-90.556,40.964],[-90.056,40.764],[-89.255,40.364],[-88.555,40.114],[-87.755,39.864],[-86.454,39.614],[-84.753,39.464],[-84.103,39.364],[-81.952,39.164],[-80.301,39.514],[-79.751,39.714],[-79.251,39.914],[-78.801,40.314],[-78.601,40.714],[-78.451,41.114],[-78.351,41.565],[-78.351,42.165],[-78.551,42.665],[-78.751,42.965],[-79.051,43.265],[-79.401,43.515],[-80.502,44.216],[-81.702,45.166],[-82.202,45.466],[-82.903,46.066],[-83.353,46.667],[-83.653,47.367],[-84.053,48.217],[-84.153,48.868],[-84.103,49.468],[-83.853,50.168],[-83.103,51.569],[-82.802,52.219],[-81.902,53.92],[-81.802,54.27],[-81.802,54.72],[-81.902,55.07],[-82.202,55.52],[-82.652,55.871],[-82.852,56.171],[-83.003,56.621],[-83.003,57.021],[-82.852,57.371],[-82.602,57.771],[-82.352,58.322],[-81.752,59.322],[-81.402,59.772],[-81.002,60.222],[-80.502,60.623],[-80.051,61.023],[-79.301,61.623],[-77.85,62.323],[-77.2,62.573],[-76.5,62.924],[-75.75,63.274],[-74.999,63.674],[-73.799,64.374],[-73.248,64.824],[-72.848,65.174],[-72.548,65.625],[-72.298,66.275],[-72.248,66.925],[-72.248,67.575],[-72.648,68.726],[-72.898,69.276],[-73.599,70.177],[-74.049,70.627],[-74.549,71.077],[-76.05,72.528],[-76.55,72.828],[-77.35,73.178],[-79.451,73.778],[-81.752,74.178],[-83.153,74.278],[-84.503,74.328],[-88.505,74.328],[-89.455,74.228],[-90.806,74.028],[-91.956,73.828],[-94.457,73.328],[-97.259,72.878],[-103.361,72.478],[-107.663,72.478],[-108.341,72.65],[-109.453,72.805]]]}},{"type":"Feature","properties":{"density":2},"geometry":{"type":"Polygon","coordinates":[[[-67.393,42.938],[-68.564,42.553],[-69.35,42.257],[-70.031,41.975],[-70.432,41.856],[-71.41,41.723],[-72.032,41.664],[-72.625,41.649],[-73.618,41.723],[-74.092,41.782],[-75.278,41.723],[-75.367,41.664],[-75.53,41.486],[-75.663,41.412],[-76.271,41.293],[-76.419,41.219],[-76.493,41.086],[-76.493,40.952],[-76.449,40.804],[-76.33,40.656],[-76.108,40.493],[-74.833,40.093],[-74.522,40.048],[-74.078,40.019],[-73.663,40.019],[-73.336,40.048],[-72.981,40.122],[-72.255,40.359],[-71.914,40.448],[-71.588,40.508],[-71.262,40.537],[-70.995,40.522],[-70.624,40.463],[-70.239,40.434],[-69.75,40.493],[-68.89,40.685],[-68.52,40.878],[-68.312,41.056],[-67.867,41.545],[-67.571,41.901],[-67.319,42.123],[-66.934,42.39],[-66.474,42.672],[-66.371,42.79],[-66.326,42.953],[-66.326,43.057],[-66.445,43.116],[-66.563,43.146],[-66.756,43.131],[-67.393,42.938]]]}},{"type":"Feature","properties":{"density":2},"geometry":{"type":"Polygon","coordinates":[[[-58.078,44.488],[-58.612,44.488],[-59.445,44.388],[-60.179,44.122],[-60.913,43.821],[-61.48,43.488],[-62.08,43.054],[-62.547,42.621],[-62.88,42.087],[-62.88,41.554],[-62.78,40.954],[-62.147,40.02],[-61.713,39.686],[-60.879,38.919],[-60.513,38.319],[-60.279,37.752],[-60.279,36.585],[-60.212,36.051],[-59.879,35.685],[-59.145,35.451],[-58.378,35.451],[-57.678,35.485],[-56.411,35.951],[-55.11,35.951],[-54.377,35.785],[-53.976,35.318],[-53.843,34.884],[-53.876,34.417],[-54.31,34.017],[-55.444,33.35],[-55.577,33.05],[-55.51,32.75],[-54.977,32.35],[-54.177,32.617],[-53.943,32.65],[-53.576,32.45],[-53.31,32.083],[-53.009,31.516],[-52.909,30.916],[-52.843,30.182],[-52.909,29.682],[-53.076,29.082],[-53.276,28.148],[-53.343,27.314],[-53.209,26.514],[-52.843,25.647],[-52.409,24.947],[-51.876,24.413],[-51.042,24.013],[-50.175,23.78],[-49.541,23.746],[-48.808,23.746],[-48.307,23.88],[-47.774,24.18],[-47.174,24.313],[-46.84,24.58],[-46.44,24.98],[-45.94,25.814],[-45.806,26.214],[-45.606,26.681],[-45.106,27.081],[-44.506,27.314],[-43.972,27.414],[-43.472,27.481],[-42.205,27.615],[-41.538,27.815],[-40.904,28.081],[-40.271,28.515],[-39.837,28.882],[-39.47,29.415],[-39.237,29.949],[-39.004,31.149],[-38.87,31.65],[-38.603,32.116],[-38.17,32.617],[-37.57,33.05],[-36.502,33.717],[-35.069,34.417],[-34.602,34.618],[-34.168,34.951],[-33.835,35.385],[-33.635,35.818],[-33.234,36.918],[-33.101,37.485],[-33.034,38.152],[-33.034,38.686],[-33.068,39.319],[-33.234,39.786],[-33.568,40.32],[-33.868,40.72],[-34.335,41.154],[-34.969,41.687],[-35.535,42.087],[-36.036,42.387],[-36.469,42.621],[-37.803,43.054],[-38.203,43.121],[-38.537,43.088],[-38.903,43.021],[-39.337,42.888],[-39.904,42.788],[-40.404,42.754],[-41.038,42.788],[-41.605,42.888],[-42.472,43.088],[-43.339,43.221],[-43.739,43.254],[-44.606,43.088],[-44.939,42.821],[-45.44,42.287],[-45.74,41.754],[-46.006,41.02],[-46.14,39.52],[-46.373,38.686],[-46.707,37.886],[-47.007,37.285],[-47.34,36.718],[-47.707,36.218],[-48.007,36.018],[-48.641,35.885],[-49.208,35.851],[-49.775,36.018],[-50.308,36.318],[-50.508,36.652],[-50.542,37.219],[-50.375,37.652],[-50.008,38.186],[-49.541,38.819],[-48.641,39.72],[-48.307,40.12],[-48.041,40.62],[-47.941,41.02],[-48.007,41.42],[-48.207,41.921],[-48.874,42.354],[-49.275,42.387],[-49.908,42.521],[-50.542,42.821],[-51.609,43.388],[-52.209,43.588],[-52.776,43.688],[-54.477,44.088],[-55.01,44.188],[-55.677,44.288],[-56.211,44.288],[-58.078,44.488]]]}},{"type":"Feature","properties":{"density":2},"geometry":{"type":"Polygon","coordinates":[[[-90.005,50.187],[-89.679,50.62],[-89.466,50.961],[-88.859,52.078],[-88.695,52.309],[-88.38,52.503],[-88.274,52.556],[-87.887,52.587],[-87.598,52.533],[-87.378,52.397],[-87.013,52.23],[-86.785,52.055],[-86.679,51.918],[-86.626,51.736],[-86.618,51.531],[-86.634,51.425],[-86.71,51.273],[-86.849,51.006],[-87.041,50.834],[-87.331,50.655],[-87.618,50.594],[-88.003,50.463],[-88.249,50.338],[-88.536,50.095],[-89.286,49.653],[-89.641,49.516],[-90.076,49.45],[-90.187,49.476],[-90.228,49.699],[-90.268,49.773],[-90.327,49.834],[-90.361,49.91],[-90.309,50.0],[-90.199,50.057],[-90.102,50.086],[-90.005,50.187]]]}},{"type":"Feature","properties":{"density":2},"geometry":{"type":"Polygon","coordinates":[[[-102.186,55.221],[-102.26,55.345],[-102.352,55.419],[-102.438,55.464],[-102.545,55.47],[-102.595,55.493],[-102.707,55.507],[-102.788,55.554],[-102.859,55.706],[-102.845,55.784],[-102.791,55.824],[-102.687,55.865],[-102.548,55.882],[-102.305,55.838],[-102.109,55.759],[-102.015,55.624],[-101.873,55.475],[-101.848,55.394],[-101.833,55.235],[-101.872,55.151],[-101.928,55.133],[-102.066,55.146],[-102.151,55.187],[-102.186,55.221]]]}},{"type":"Feature","properties":{"density":2},"geometry":{"type":"Polygon","coordinates":[[[-123.706,42.882],[-123.396,42.871],[-123.286,42.881],[-123.13,42.851],[-122.793,42.861],[-122.277,43.07],[-122.185,43.094],[-122.101,43.06],[-122.108,42.969],[-122.135,42.922],[-122.3,42.733],[-122.347,42.638],[-122.587,42.338],[-122.698,42.173],[-122.763,42.122],[-122.928,42.061],[-123.063,42.044],[-123.151,42.054],[-123.255,42.078],[-123.441,42.183],[-123.61,42.2],[-123.864,42.321],[-123.941,42.431],[-123.993,42.441],[-124.34,42.429],[-124.537,42.51],[-124.542,42.575],[-124.512,42.636],[-124.254,42.808],[-123.95,42.889],[-123.706,42.882]]]}},{"type":"Feature","properties":{"density":2},"geometry":{"type":"Polygon","coordinates":[[[-121.532,44.462],[-121.55,44.595],[-121.538,44.672],[-121.472,44.838],[-121.338,44.954],[-121.29,44.97],[-121.194,44.97],[-121.13,44.952],[-121.106,44.921],[-121.101,44.864],[-121.269,44.544],[-121.428,44.407],[-121.495,44.414],[-121.532,44.462]]]}},{"type":"Feature","properties":{"density":2},"geometry":{"type":"Polygon","coordinates":[[[-105.08,37.985],[-105.121,37.943],[-105.202,37.702],[-105.193,37.657],[-105.173,37.65],[-105.116,37.659],[-105.094,37.686],[-104.997,37.926],[-104.989,37.986],[-105.001,38.0],[-105.049,38.008],[-105.08,37.985]]]}},{"type":"Feature","properties":{"density":2},"geometry":{"type":"Polygon","coordinates":[[[-71.487,41.169],[-71.112,41.22],[-70.36,41.494],[-69.591,41.938],[-68.942,42.28],[-67.968,42.707],[-65.17,44.309],[-63.901,44.578],[-61.748,44.924],[-60.634,45.077],[-58.442,45.347],[-55.29,45.5],[-53.637,45.885],[-48.601,46.346],[-46.602,46.73],[-44.218,46.769],[-40.566,46.884],[-37.952,46.231],[-34.915,45.308],[-32.685,44.693],[-31.532,43.924],[-30.84,42.771],[-30.456,41.387],[-31.186,38.657],[-31.916,37.581],[-34.018,35.095],[-34.659,34.659],[-35.504,33.839],[-36.94,32.942],[-37.606,32.378],[-38.144,31.763],[-38.708,31.225],[-39.221,30.636],[-39.759,29.892],[-40.553,28.918],[-41.297,28.226],[-42.296,27.534],[-43.526,27.124],[-44.705,26.612],[-45.935,25.817],[-46.832,24.561],[-47.242,23.664],[-47.653,23.383],[-48.934,22.742],[-49.754,22.639],[-50.831,22.614],[-51.446,22.562],[-52.394,22.639],[-53.214,22.844],[-53.778,23.152],[-54.265,24.254],[-54.444,25.279],[-54.854,27.227],[-54.444,28.38],[-53.086,30.61],[-53.265,31.174],[-53.598,31.609],[-53.932,31.84],[-54.675,31.994],[-55.367,32.225],[-55.649,32.711],[-55.444,33.275],[-54.803,33.89],[-54.444,34.326],[-54.342,34.813],[-54.624,35.582],[-55.469,35.608],[-55.982,35.659],[-56.495,35.531],[-57.315,35.274],[-58.852,34.762],[-59.903,34.711],[-60.698,34.967],[-60.903,35.403],[-60.98,35.941],[-61.21,36.53],[-61.543,36.992],[-62.159,37.35],[-62.466,37.786],[-62.645,38.324],[-62.953,39.119],[-63.261,39.811],[-64.875,40.733],[-65.388,40.887],[-66.105,40.938],[-66.797,40.913],[-67.336,40.938],[-68.335,40.836],[-69.087,40.298],[-70.625,39.956],[-71.035,39.888],[-72.504,39.905],[-72.777,39.956],[-72.948,40.161],[-72.914,40.486],[-72.726,40.674],[-72.487,40.844],[-71.821,41.084],[-71.487,41.169]]]}},{"type":"Feature","properties":{"density":2},"geometry":{"type":"Polygon","coordinates":[[[-125.268,59.41],[-125.96,59.82],[-126.498,59.948],[-127.395,59.974],[-127.524,60.512],[-127.498,61.127],[-127.165,61.742],[-126.396,62.152],[-125.32,62.87],[-124.884,63.254],[-124.602,63.997],[-124.602,64.689],[-125.078,65.925],[-125.64,67.201],[-126.678,68.162],[-127.485,68.816],[-128.1,69.354],[-130.022,70.545],[-130.484,71.045],[-130.638,72.083],[-128.562,73.275],[-124.41,74.274],[-121.334,74.659],[-118.143,74.851],[-114.799,74.774],[-112.723,74.467],[-110.724,74.351],[-108.802,74.044],[-107.572,73.621],[-105.774,72.852],[-105.025,72.448],[-103.006,71.295],[-101.161,70.776],[-100.469,70.488],[-97.817,69.738],[-91.416,69.969],[-88.59,69.911],[-85.361,69.68],[-82.824,69.738],[-80.402,69.45],[-78.96,68.643],[-77.518,67.086],[-76.844,66.081],[-76.48,64.606],[-76.769,63.568],[-77.288,62.415],[-77.922,61.319],[-78.845,60.339],[-79.71,59.82],[-80.677,59.583],[-81.036,59.326],[-81.93,58.906],[-82.716,58.308],[-82.614,57.471],[-82.187,56.787],[-81.811,56.275],[-81.574,55.636],[-81.728,54.867],[-82.036,53.791],[-82.599,52.304],[-83.445,50.356],[-83.83,48.947],[-83.983,47.793],[-84.086,46.051],[-83.419,45.051],[-82.83,44.615],[-82.215,44.0],[-81.574,43.513],[-80.241,42.744],[-79.626,42.258],[-79.037,41.873],[-78.576,41.207],[-78.447,40.387],[-78.627,39.259],[-78.832,38.772],[-79.575,37.952],[-81.215,37.772],[-82.112,37.824],[-84.24,38.106],[-87.136,38.746],[-88.263,39.285],[-91.031,40.412],[-93.21,41.668],[-93.62,42.206],[-93.902,42.821],[-93.953,43.539],[-93.774,44.718],[-93.62,45.436],[-93.005,47.05],[-93.005,48.05],[-92.8,49.254],[-92.953,49.664],[-94.209,52.202],[-95.093,53.124],[-97.901,54.16],[-99.149,54.348],[-100.311,54.793],[-100.943,54.901],[-101.808,54.593],[-102.48,54.217],[-103.004,53.841],[-103.13,53.101],[-102.902,52.509],[-102.777,52.087],[-102.799,51.472],[-102.947,50.755],[-103.41,50.087],[-103.589,49.575],[-103.794,49.216],[-104.201,48.568],[-104.809,48.104],[-105.766,47.831],[-106.783,47.74],[-107.69,47.524],[-108.587,47.165],[-109.484,46.909],[-110.432,46.704],[-111.073,46.525],[-111.868,46.371],[-112.688,46.115],[-113.559,45.559],[-113.884,45.389],[-114.311,45.115],[-114.653,44.722],[-114.943,44.346],[-115.205,43.735],[-115.098,43.135],[-115.03,42.475],[-115.303,42.262],[-115.865,42.247],[-116.625,42.171],[-117.677,41.988],[-118.394,41.595],[-119.112,41.408],[-119.556,41.408],[-120.069,41.493],[-120.581,41.647],[-120.872,41.715],[-120.974,41.818],[-121.043,42.33],[-120.957,43.014],[-120.969,43.697],[-121.185,44.392],[-121.174,44.551],[-121.083,44.779],[-120.98,44.95],[-120.752,45.144],[-120.376,45.394],[-119.75,45.713],[-119.351,45.782],[-118.713,46.044],[-118.486,46.203],[-118.246,46.294],[-117.791,46.362],[-116.572,46.305],[-116.105,46.305],[-115.706,46.362],[-115.251,46.465],[-114.795,46.636],[-114.02,47.023],[-113.2,47.456],[-112.688,47.741],[-112.403,47.923],[-112.221,48.117],[-112.061,48.447],[-112.061,48.732],[-112.164,48.914],[-112.517,49.108],[-112.984,49.108],[-113.394,49.062],[-113.793,48.96],[-115.262,48.504],[-116.469,48.185],[-116.982,48.014],[-117.29,47.957],[-117.54,47.877],[-117.654,47.82],[-117.825,47.684],[-117.927,47.433],[-117.95,47.24],[-118.064,47.023],[-118.235,46.864],[-118.588,46.75],[-118.816,46.829],[-119.044,46.966],[-119.42,47.502],[-119.625,47.82],[-119.738,48.037],[-120.354,48.31],[-120.661,48.361],[-120.969,48.532],[-121.345,48.891],[-121.481,49.199],[-121.584,49.523],[-121.703,49.745],[-121.857,49.899],[-122.301,49.916],[-122.677,49.882],[-124.164,49.575],[-124.813,49.558],[-125.909,49.765],[-126.16,49.868],[-127.014,50.107],[-127.424,50.415],[-127.686,50.722],[-127.982,51.109],[-128.153,51.861],[-128.313,52.351],[-128.279,52.602],[-128.108,52.943],[-127.515,53.388],[-127.06,53.695],[-126.559,54.162],[-126.473,54.504],[-126.012,55.324],[-125.551,55.871],[-125.158,56.144],[-124.901,56.349],[-124.508,56.486],[-124.235,56.691],[-124.047,57.118],[-124.115,57.614],[-124.423,58.451],[-124.73,58.929],[-125.072,59.214],[-125.268,59.41]]]}},{"type":"Feature","properties":{"density":2},"geometry":{"type":"Polygon","coordinates":[[[-126.441,65.34],[-126.714,66.605],[-127.32,67.696],[-130.165,70.041],[-131.818,70.887],[-133.24,71.463],[-133.702,72.194],[-133.586,72.771],[-132.818,73.309],[-130.934,73.463],[-127.743,74.116],[-125.744,74.155],[-123.514,74.308],[-121.015,74.308],[-119.132,74.462],[-117.248,74.462],[-110.943,74.347],[-108.406,74.193],[-104.985,73.77],[-101.837,73.516],[-99.045,72.944],[-97.488,72.886],[-94.72,72.713],[-92.241,72.771],[-90.049,72.944],[-88.781,73.001],[-86.82,73.059],[-84.398,72.944],[-82.38,72.828],[-80.996,72.771],[-78.689,72.54],[-74.307,71.79],[-72.75,71.156],[-71.193,69.887],[-70.789,69.022],[-70.616,67.811],[-70.904,66.658],[-71.263,65.902],[-71.648,65.492],[-72.135,64.826],[-73.057,64.005],[-76.03,61.865],[-76.376,61.635],[-77.222,60.635],[-78.029,59.251],[-78.491,58.675],[-79.529,57.444],[-80.374,56.061],[-80.72,55.176],[-80.913,53.331],[-81.291,52.59],[-81.821,51.769],[-82.496,50.932],[-83.214,50.112],[-83.726,49.292],[-84.162,48.369],[-84.358,47.173],[-84.005,46.165],[-82.351,44.556],[-81.643,44.284],[-81.207,43.9],[-80.133,43.654],[-79.321,43.312],[-78.926,42.849],[-79.07,42.378],[-79.64,41.789],[-80.084,41.533],[-80.87,41.397],[-81.217,41.129],[-81.707,41.072],[-82.254,40.89],[-82.858,40.81],[-83.233,40.696],[-83.723,40.48],[-85.46,39.466],[-86.058,39.449],[-86.964,39.534],[-87.401,39.853],[-87.788,40.195],[-88.289,40.366],[-88.437,40.366],[-88.608,40.434],[-88.847,40.491],[-89.064,40.525],[-89.257,40.491],[-89.588,40.65],[-90.453,40.65],[-91.103,40.821],[-91.843,40.764],[-92.299,41.22],[-92.437,41.707],[-92.975,42.126],[-93.129,42.51],[-93.437,43.304],[-93.411,44.022],[-93.155,44.714],[-92.719,45.662],[-91.924,47.636],[-91.796,48.815],[-91.719,49.686],[-91.899,50.814],[-93.052,52.467],[-93.859,53.274],[-95.013,54.043],[-95.82,54.504],[-97.025,54.914],[-97.845,54.991],[-98.28,54.991],[-99.126,54.761],[-99.741,54.581],[-100.664,53.915],[-100.946,53.505],[-101.176,53.043],[-101.382,52.403],[-101.407,51.916],[-101.279,51.173],[-101.228,50.609],[-101.458,49.737],[-101.766,49.276],[-102.612,48.558],[-103.739,48.251],[-104.362,47.936],[-105.687,47.431],[-108.643,47.14],[-109.207,47.14],[-111.6,46.774],[-114.145,46.127],[-114.388,46.249],[-114.312,46.517],[-112.876,47.218],[-112.049,47.599],[-110.156,48.243],[-108.78,48.746],[-108.318,48.883],[-107.757,49.141],[-107.294,49.323],[-106.876,49.414],[-106.595,49.559],[-106.443,49.695],[-106.588,49.818],[-107.148,49.891],[-108.34,49.534],[-108.788,49.473],[-110.325,48.939],[-110.994,48.886],[-112.133,49.045],[-112.862,48.962],[-113.981,48.714],[-114.938,48.594],[-115.365,48.577],[-116.18,48.271],[-116.659,48.202],[-117.258,48.005],[-117.595,47.529],[-117.99,47.109],[-118.488,46.934],[-118.796,47.059],[-119.103,47.23],[-119.266,47.56],[-119.342,47.917],[-119.494,48.175],[-119.525,48.418],[-119.57,48.57],[-119.684,48.859],[-119.824,49.089],[-120.337,49.192],[-120.867,49.226],[-121.789,49.089],[-122.593,48.763],[-123.418,48.905],[-124.181,49.277],[-125.07,49.38],[-125.668,49.534],[-125.907,49.739],[-126.18,49.858],[-126.795,50.029],[-127.462,50.354],[-127.872,50.61],[-128.179,50.935],[-128.35,51.242],[-128.333,51.669],[-128.214,51.926],[-127.991,52.25],[-127.735,52.507],[-126.462,53.634],[-126.308,53.839],[-126.103,54.275],[-125.488,55.249],[-125.13,55.582],[-124.643,56.248],[-124.309,56.889],[-124.275,58.248],[-124.668,58.846],[-125.01,59.085],[-125.745,59.324],[-126.394,59.426],[-126.975,59.478],[-127.47,59.691],[-127.701,59.973],[-128.06,61.101],[-127.803,61.665],[-127.522,61.972],[-126.701,62.562],[-126.522,63.023],[-126.394,63.484],[-126.394,64.356],[-126.441,65.34]]]}},{"type":"Feature","properties":{"density":2},"geometry":{"type":"Polygon","coordinates":[[[-70.032,41.061],[-69.485,41.164],[-68.528,41.676],[-67.674,42.069],[-67.059,42.445],[-65.931,43.009],[-65.401,43.402],[-63.197,44.829],[-62.659,45.059],[-59.776,46.213],[-58.507,46.636],[-57.315,46.982],[-55.854,47.097],[-53.663,47.097],[-50.511,46.982],[-49.127,46.982],[-47.512,47.097],[-46.128,47.097],[-44.437,47.135],[-41.871,47.797],[-38.901,47.674],[-36.671,47.251],[-34.711,46.52],[-33.25,45.751],[-32.479,45.221],[-31.539,44.982],[-31.214,45.221],[-31.308,45.888],[-31.693,46.323],[-32.923,47.425],[-33.768,48.399],[-34.57,49.839],[-33.801,51.185],[-32.571,52.069],[-30.725,52.53],[-29.188,52.876],[-27.496,52.376],[-26.381,51.8],[-24.831,50.557],[-24.036,49.455],[-23.575,48.404],[-23.319,47.533],[-23.19,46.302],[-23.293,45.38],[-23.395,44.918],[-23.457,43.696],[-23.713,42.133],[-24.175,41.364],[-24.92,40.984],[-25.51,40.369],[-26.33,39.754],[-27.586,38.985],[-29.687,37.524],[-32.199,35.5],[-32.891,35.0],[-34.275,34.231],[-35.428,33.616],[-36.812,32.424],[-40.041,29.08],[-41.233,28.157],[-42.156,27.273],[-44.078,25.197],[-44.693,24.467],[-45.423,23.698],[-46.654,22.698],[-48.576,21.583],[-50.075,21.468],[-51.152,21.237],[-53.151,21.237],[-54.381,21.468],[-55.573,22.006],[-56.188,22.852],[-56.457,23.544],[-56.572,25.159],[-56.572,26.658],[-55.957,28.695],[-55.726,29.157],[-55.073,29.849],[-54.507,30.421],[-53.904,30.888],[-53.642,31.253],[-53.847,31.469],[-54.883,31.492],[-56.247,31.956],[-58.195,32.545],[-59.553,33.289],[-60.63,34.852],[-61.194,36.518],[-61.45,38.286],[-62.014,40.772],[-63.141,41.157],[-64.961,40.516],[-66.524,39.337],[-68.728,38.107],[-70.446,37.671],[-72.111,37.415],[-73.333,37.345],[-74.179,37.922],[-74.794,38.537],[-74.871,39.113],[-74.781,39.908],[-74.602,40.369],[-74.32,40.677],[-73.705,40.907],[-73.192,40.959],[-72.372,40.779],[-70.937,40.779],[-70.032,41.061]]]}},{"type":"Feature","properties":{"density":2},"geometry":{"type":"Polygon","coordinates":[[[-118.324,45.773],[-118.198,45.893],[-118.113,46.004],[-118.066,46.04],[-117.949,46.09],[-117.772,46.124],[-117.592,46.121],[-117.54,46.102],[-117.496,46.031],[-117.502,45.98],[-117.529,45.941],[-117.742,45.752],[-117.753,45.694],[-117.784,45.65],[-117.987,45.486],[-118.069,45.477],[-118.139,45.502],[-118.261,45.459],[-118.325,45.459],[-118.385,45.487],[-118.396,45.536],[-118.324,45.773]]]}},{"type":"Feature","properties":{"density":2},"geometry":{"type":"Polygon","coordinates":[[[-117.29,45.769],[-117.251,45.85],[-117.185,45.868],[-116.999,45.889],[-116.937,45.869],[-116.894,45.833],[-116.892,45.785],[-116.916,45.751],[-117.033,45.704],[-117.261,45.722],[-117.281,45.731],[-117.29,45.769]]]}},{"type":"Feature","properties":{"density":2},"geometry":{"type":"Polygon","coordinates":[[[-121.516,44.429],[-121.583,44.469],[-121.559,44.536],[-121.179,44.77],[-121.14,44.79],[-120.963,44.817],[-120.904,44.808],[-120.873,44.779],[-120.888,44.736],[-121.008,44.612],[-121.319,44.484],[-121.421,44.421],[-121.516,44.429]]]}},{"type":"Feature","properties":{"density":2},"geometry":{"type":"Polygon","coordinates":[[[-122.916,42.759],[-123.267,42.846],[-123.465,42.867],[-123.636,42.864],[-123.789,42.837],[-123.829,42.815],[-123.894,42.754],[-123.897,42.68],[-123.773,42.432],[-123.699,42.376],[-123.386,42.297],[-123.161,42.27],[-122.972,42.329],[-122.918,42.36],[-122.769,42.509],[-122.666,42.644],[-122.659,42.747],[-122.706,42.786],[-122.916,42.759]]]}},{"type":"Feature","properties":{"density":2},"geometry":{"type":"Polygon","coordinates":[[[-120.872,48.018],[-120.891,48.05],[-120.893,48.149],[-120.883,48.177],[-120.849,48.189],[-120.752,48.085],[-120.741,48.031],[-120.779,48.006],[-120.855,48.0],[-120.872,48.018]]]}},{"type":"Feature","properties":{"density":2},"geometry":{"type":"Polygon","coordinates":[[[-121.579,44.574],[-121.532,44.669],[-121.406,44.75],[-121.091,44.889],[-120.898,44.909],[-120.765,44.997],[-120.745,45.028],[-120.724,45.183],[-120.694,45.267],[-120.62,45.341],[-120.539,45.375],[-120.12,45.439],[-119.86,45.412],[-119.337,45.227],[-119.172,45.156],[-119.05,45.058],[-119.027,45.011],[-119.057,44.923],[-119.138,44.806],[-119.346,44.705],[-119.447,44.629],[-119.418,44.447],[-119.449,44.022],[-119.441,43.923],[-119.373,43.832],[-119.297,43.809],[-119.092,43.809],[-118.818,43.953],[-118.636,44.007],[-118.317,44.181],[-118.257,44.243],[-118.27,44.466],[-118.253,44.509],[-118.091,44.648],[-118.064,44.742],[-118.071,44.8],[-118.098,44.85],[-118.219,44.958],[-118.226,45.039],[-118.209,45.08],[-118.159,45.117],[-117.951,45.178],[-117.877,45.215],[-117.749,45.215],[-117.681,45.181],[-117.641,45.151],[-117.576,45.039],[-117.448,45.019],[-117.29,45.036],[-117.121,45.012],[-116.746,44.923],[-116.526,44.893],[-116.23,44.748],[-116.025,44.498],[-116.002,44.315],[-116.01,44.133],[-116.088,43.784],[-116.078,43.637],[-116.108,43.505],[-116.217,43.384],[-116.658,43.073],[-116.901,42.913],[-117.037,42.845],[-118.07,42.533],[-118.379,42.392],[-118.521,42.245],[-118.753,42.078],[-118.941,41.901],[-119.153,41.779],[-119.351,41.637],[-119.584,41.425],[-119.781,41.399],[-120.029,41.415],[-120.176,41.445],[-120.287,41.496],[-120.414,41.602],[-120.535,41.82],[-120.677,42.412],[-120.728,42.706],[-120.733,42.893],[-120.677,43.222],[-120.713,43.505],[-120.758,43.652],[-120.773,43.814],[-120.748,44.002],[-120.834,44.098],[-120.951,44.305],[-121.006,44.361],[-121.168,44.427],[-121.264,44.432],[-121.371,44.386],[-121.511,44.378],[-121.592,44.417],[-121.603,44.444],[-121.605,44.513],[-121.579,44.574]]]}},{"type":"Feature","properties":{"density":2},"geometry":{"type":"Polygon","coordinates":[[[-120.343,40.656],[-120.249,41.152],[-120.193,41.233],[-120.118,41.262],[-120.08,41.233],[-120.019,41.125],[-119.98,40.942],[-119.937,40.867],[-119.929,40.778],[-119.97,40.652],[-120.073,40.574],[-120.198,40.527],[-120.297,40.556],[-120.334,40.601],[-120.343,40.656]]]}},{"type":"Feature","properties":{"density":2},"geometry":{"type":"Polygon","coordinates":[[[-116.274,49.8],[-116.113,49.876],[-115.853,50.092],[-115.725,50.109],[-115.674,50.089],[-115.583,49.981],[-115.55,49.846],[-115.539,49.714],[-115.56,49.65],[-115.624,49.606],[-115.708,49.582],[-116.133,49.603],[-116.363,49.543],[-116.453,49.565],[-116.475,49.597],[-116.473,49.635],[-116.444,49.696],[-116.274,49.8]]]}},{"type":"Feature","properties":{"density":2},"geometry":{"type":"Polygon","coordinates":[[[-122.168,51.634],[-121.925,51.611],[-121.75,51.543],[-121.247,51.3],[-120.781,51.183],[-120.487,51.082],[-119.789,50.799],[-119.667,50.713],[-119.581,50.551],[-119.586,50.444],[-119.606,50.378],[-119.687,50.267],[-120.006,49.918],[-120.487,49.837],[-121.186,49.822],[-121.348,49.842],[-121.474,49.882],[-121.631,49.984],[-121.869,50.373],[-121.966,50.586],[-122.32,51.047],[-122.462,51.32],[-122.462,51.416],[-122.426,51.502],[-122.33,51.593],[-122.168,51.634]]]}},{"type":"Feature","properties":{"density":2},"geometry":{"type":"Polygon","coordinates":[[[-102.227,55.284],[-102.345,55.49],[-102.481,55.648],[-102.609,55.745],[-102.636,55.837],[-102.618,55.92],[-102.537,56.021],[-102.404,56.091],[-102.159,56.116],[-101.97,56.108],[-101.889,56.06],[-101.845,55.959],[-101.818,55.409],[-101.849,55.217],[-101.874,55.169],[-101.907,55.145],[-102.057,55.127],[-102.165,55.183],[-102.227,55.284]]]}},{"type":"Feature","properties":{"density":2},"geometry":{"type":"Polygon","coordinates":[[[-105.678,55.663],[-105.986,55.786],[-106.199,55.905],[-106.254,56.002],[-106.251,56.095],[-106.22,56.13],[-106.164,56.154],[-106.049,56.142],[-105.903,56.092],[-105.822,56.041],[-105.687,55.987],[-105.566,55.903],[-105.366,55.831],[-105.258,55.767],[-105.261,55.669],[-105.297,55.624],[-105.339,55.611],[-105.546,55.615],[-105.678,55.663]]]}},{"type":"Feature","properties":{"density":2},"geometry":{"type":"Polygon","coordinates":[[[-94.314,32.41],[-94.205,32.448],[-94.009,32.438],[-93.995,32.425],[-93.997,32.409],[-94.047,32.392],[-94.301,32.352],[-94.329,32.366],[-94.314,32.41]]]}},{"type":"Feature","properties":{"density":2},"geometry":{"type":"Polygon","coordinates":[[[-120.888,48.005],[-120.876,48.086],[-120.82,48.119],[-120.719,48.137],[-120.658,48.109],[-120.652,48.072],[-120.666,48.045],[-120.716,48.019],[-120.862,47.976],[-120.883,47.983],[-120.888,48.005]]]}},{"type":"Feature","properties":{"density":2},"geometry":{"type":"Polygon","coordinates":[[[-124.392,57.672],[-124.409,58.013],[-124.495,58.321],[-124.648,58.697],[-124.853,59.022],[-125.024,59.415],[-125.09,60.178],[-124.964,60.497],[-124.748,60.838],[-124.406,61.18],[-124.19,61.351],[-123.791,61.624],[-123.643,61.681],[-123.541,61.852],[-123.518,62.012],[-123.62,62.353],[-123.818,63.17],[-123.833,63.367],[-123.818,63.61],[-123.772,63.663],[-123.681,63.716],[-123.529,63.716],[-122.884,63.527],[-122.686,63.496],[-122.451,63.527],[-122.284,63.587],[-122.083,63.84],[-121.832,64.09],[-122.253,66.135],[-123.15,68.044],[-123.714,68.506],[-124.201,69.018],[-125.021,70.12],[-125.278,70.658],[-125.329,71.274],[-125.175,71.735],[-124.816,72.171],[-124.56,72.427],[-123.253,72.606],[-122.33,72.709],[-121.203,72.786],[-120.101,72.786],[-116.871,72.683],[-115.718,72.709],[-114.565,72.811],[-113.142,72.906],[-112.288,72.991],[-111.348,73.128],[-110.477,73.179],[-109.725,73.077],[-109.11,73.042],[-108.46,72.974],[-107.897,72.974],[-107.196,72.906],[-106.53,72.82],[-105.88,72.854],[-105.368,72.82],[-104.958,72.94],[-104.326,72.854],[-103.847,72.701],[-103.147,72.752],[-102.207,72.393],[-101.11,72.23],[-100.546,72.23],[-99.931,72.265],[-99.316,72.23],[-98.461,72.265],[-97.539,72.23],[-97.197,72.282],[-96.838,72.23],[-96.513,72.128],[-96.172,71.957],[-96.052,71.82],[-96.052,71.547],[-96.086,71.103],[-96.206,70.778],[-96.462,70.266],[-96.719,69.941],[-97.846,68.677],[-98.615,67.891],[-99.162,67.634],[-99.589,67.207],[-100.426,66.592],[-100.785,66.284],[-100.99,66.136],[-101.133,65.812],[-100.899,65.578],[-100.58,65.447],[-99.965,65.481],[-97.88,66.011],[-96.074,66.357],[-95.51,66.485],[-93.588,66.511],[-92.178,66.69],[-90.64,67.023],[-89.41,67.152],[-88.0,67.152],[-87.155,67.28],[-86.13,67.331],[-83.925,67.203],[-81.568,67.331],[-80.594,67.51],[-79.415,67.613],[-77.236,67.459],[-76.237,67.152],[-74.661,66.537],[-73.546,65.768],[-72.585,64.499],[-72.162,63.038],[-72.227,62.119],[-72.894,60.957],[-73.355,60.035],[-74.995,58.463],[-75.832,57.694],[-76.567,56.891],[-77.319,56.224],[-78.583,55.626],[-79.244,55.216],[-79.54,54.624],[-79.449,54.077],[-79.171,53.62],[-79.017,53.056],[-78.633,52.338],[-78.402,51.672],[-77.864,49.98],[-77.685,49.519],[-77.48,48.853],[-77.454,48.263],[-77.557,46.93],[-77.762,46.597],[-78.377,46.136],[-78.838,45.982],[-80.888,46.341],[-81.555,46.572],[-82.631,47.093],[-82.887,47.246],[-83.127,47.298],[-83.263,47.127],[-83.349,46.836],[-83.4,46.529],[-83.332,45.572],[-83.263,45.299],[-83.092,44.957],[-82.922,44.684],[-82.665,44.41],[-82.324,44.12],[-81.316,43.607],[-80.786,43.402],[-79.504,42.48],[-78.975,42.126],[-78.616,41.973],[-76.924,41.426],[-76.361,41.272],[-74.481,40.896],[-74.157,40.811],[-73.815,40.674],[-72.576,40.76],[-71.483,40.674],[-69.56,40.896],[-68.176,40.819],[-67.331,41.281],[-65.947,41.934],[-64.409,42.857],[-62.525,44.587],[-61.41,45.586],[-60.565,46.217],[-59.797,46.576],[-58.823,46.986],[-58.233,47.165],[-57.644,47.191],[-57.08,47.242],[-56.516,47.088],[-55.388,47.139],[-54.318,47.297],[-52.184,47.47],[-51.261,47.701],[-49.993,48.393],[-48.436,49.085],[-47.225,49.431],[-45.264,49.2],[-43.477,48.681],[-40.132,48.162],[-38.748,48.854],[-37.191,50.296],[-35.173,52.256],[-34.308,53.064],[-31.944,54.217],[-29.752,54.563],[-27.157,53.237],[-24.966,51.334],[-23.87,48.854],[-23.307,47.228],[-22.961,45.46],[-22.654,43.191],[-22.884,41.192],[-23.423,39.962],[-24.038,39.078],[-24.851,38.647],[-25.504,38.109],[-27.926,36.994],[-29.041,36.379],[-30.156,35.918],[-32.309,34.841],[-33.193,34.495],[-35.038,33.573],[-35.999,32.958],[-36.614,32.381],[-37.46,31.535],[-38.421,30.382],[-39.575,28.729],[-41.92,26.73],[-43.611,25.807],[-44.611,25.077],[-45.533,24.539],[-46.406,23.647],[-47.158,22.844],[-48.155,22.103],[-49.681,21.42],[-51.173,21.249],[-54.145,21.54],[-55.529,21.963],[-56.413,22.463],[-56.874,23.27],[-57.105,24.308],[-56.797,25.769],[-56.297,27.537],[-55.682,28.69],[-53.799,30.459],[-52.876,31.381],[-52.876,31.843],[-53.683,31.843],[-54.26,31.804],[-54.914,31.727],[-55.721,31.881],[-56.144,32.304],[-56.72,32.65],[-58.335,33.688],[-59.527,34.918],[-60.334,35.264],[-61.064,35.456],[-62.448,35.687],[-64.755,35.687],[-67.446,35.918],[-68.484,36.072],[-70.022,36.418],[-71.252,36.764],[-74.96,37.515],[-76.6,37.695],[-78.945,37.772],[-80.252,37.887],[-82.02,38.118],[-84.289,38.54],[-86.634,38.771],[-88.171,38.963],[-89.747,39.271],[-91.055,39.886],[-92.669,40.924],[-93.4,42.193],[-93.553,42.846],[-93.63,43.653],[-93.4,44.499],[-93.054,45.537],[-92.72,46.729],[-92.298,47.306],[-92.067,47.69],[-91.759,48.113],[-91.682,48.728],[-91.875,49.689],[-92.144,50.496],[-92.874,51.803],[-94.207,52.624],[-94.54,52.931],[-95.232,53.29],[-95.924,53.495],[-96.437,53.469],[-96.539,53.136],[-96.667,52.803],[-96.77,52.214],[-96.924,51.675],[-97.154,51.188],[-97.411,50.727],[-97.718,50.24],[-98.026,49.907],[-98.743,49.369],[-99.358,48.728],[-100.401,48.232],[-100.828,48.01],[-102.066,47.908],[-102.605,47.703],[-103.86,47.344],[-105.039,46.985],[-105.783,46.883],[-107.32,46.601],[-108.14,46.575],[-108.756,46.652],[-109.166,46.857],[-109.243,47.267],[-109.114,47.626],[-108.775,47.955],[-108.308,48.251],[-108.365,48.65],[-108.684,48.809],[-109.595,48.98],[-110.142,48.889],[-112.067,48.934],[-113.115,48.923],[-113.582,48.889],[-114.082,48.933],[-114.877,48.754],[-115.774,48.677],[-116.748,48.384],[-116.991,48.126],[-117.212,47.754],[-117.379,47.564],[-117.531,47.359],[-117.789,47.253],[-118.062,47.223],[-118.206,47.306],[-118.449,47.648],[-118.632,47.838],[-118.913,48.027],[-119.08,48.02],[-119.178,48.088],[-119.262,48.187],[-119.315,48.316],[-119.444,48.513],[-119.589,48.658],[-119.885,48.84],[-120.196,48.863],[-120.393,48.855],[-120.697,48.893],[-120.788,49.06],[-121.1,49.508],[-121.145,49.542],[-121.293,49.611],[-121.658,49.702],[-122.011,49.816],[-122.387,49.952],[-122.694,50.089],[-123.002,50.408],[-123.13,51.023],[-123.156,51.561],[-123.104,52.587],[-123.104,53.073],[-123.053,53.868],[-123.181,55.124],[-123.412,55.765],[-124.318,57.41],[-124.392,57.672]]]}},{"type":"Feature","properties":{"density":2},"geometry":{"type":"Polygon","coordinates":[[[-116.277,49.737],[-115.933,49.974],[-115.703,50.055],[-115.561,50.021],[-115.491,49.869],[-115.504,49.774],[-115.561,49.707],[-115.653,49.636],[-115.798,49.596],[-115.939,49.596],[-116.135,49.572],[-116.412,49.579],[-116.419,49.623],[-116.277,49.737]]]}},{"type":"Feature","properties":{"density":2},"geometry":{"type":"Polygon","coordinates":[[[-102.208,55.21],[-102.297,55.716],[-102.297,55.844],[-102.266,55.955],[-102.151,56.056],[-101.973,56.087],[-101.908,56.09],[-101.716,56.05],[-101.635,56.016],[-101.564,55.918],[-101.544,55.8],[-101.561,55.712],[-101.611,55.611],[-101.74,55.432],[-101.811,55.246],[-101.875,55.138],[-101.919,55.108],[-102.077,55.088],[-102.145,55.105],[-102.182,55.145],[-102.208,55.21]]]}},{"type":"Feature","properties":{"density":2},"geometry":{"type":"Polygon","coordinates":[[[-118.217,45.017],[-117.614,45.419],[-117.562,45.413],[-117.571,45.341],[-117.623,45.264],[-117.8,45.131],[-118.149,44.963],[-118.221,44.965],[-118.217,45.017]]]}},{"type":"Feature","properties":{"density":2},"geometry":{"type":"Polygon","coordinates":[[[-117.277,45.771],[-117.096,45.903],[-116.901,45.969],[-116.859,45.949],[-116.854,45.861],[-116.875,45.823],[-116.943,45.781],[-117.234,45.721],[-117.292,45.738],[-117.277,45.771]]]}},{"type":"Feature","properties":{"density":2},"geometry":{"type":"Polygon","coordinates":[[[-118.482,44.816],[-118.348,44.891],[-118.297,44.885],[-118.258,44.836],[-118.278,44.789],[-118.44,44.732],[-118.477,44.753],[-118.482,44.816]]]}},{"type":"Feature","properties":{"density":2},"geometry":{"type":"Polygon","coordinates":[[[-120.355,40.6],[-120.429,40.743],[-120.465,40.867],[-120.481,41.007],[-120.454,41.151],[-120.33,41.414],[-120.198,41.52],[-120.053,41.54],[-119.891,41.479],[-119.813,41.418],[-119.746,41.388],[-119.689,41.293],[-119.682,41.135],[-119.699,41.0],[-119.749,40.895],[-120.174,40.525],[-120.273,40.53],[-120.327,40.561],[-120.355,40.6]]]}},{"type":"Feature","properties":{"density":2},"geometry":{"type":"Polygon","coordinates":[[[-121.032,36.001],[-121.116,36.158],[-121.116,36.182],[-121.092,36.203],[-121.038,36.187],[-120.993,36.083],[-120.99,35.992],[-121.007,35.972],[-121.032,36.001]]]}},{"type":"Feature","properties":{"density":2},"geometry":{"type":"Polygon","coordinates":[[[-105.035,38.022],[-105.399,38.036],[-105.456,37.976],[-105.471,37.924],[-105.356,37.81],[-105.291,37.775],[-105.106,37.733],[-105.032,37.685],[-104.964,37.666],[-104.941,37.708],[-104.989,37.887],[-104.978,37.979],[-105.004,38.017],[-105.035,38.022]]]}},{"type":"Feature","properties":{"density":2},"geometry":{"type":"Polygon","coordinates":[[[-121.598,44.54],[-121.507,44.616],[-120.846,45.041],[-120.489,45.322],[-120.36,45.383],[-120.11,45.459],[-119.852,45.497],[-119.571,45.588],[-119.297,45.633],[-118.735,45.679],[-118.538,45.633],[-118.356,45.489],[-117.885,45.314],[-117.657,45.201],[-117.384,45.102],[-117.163,45.041],[-116.974,45.041],[-116.708,44.988],[-116.571,44.935],[-116.427,44.798],[-116.374,44.684],[-116.374,44.502],[-116.541,44.191],[-116.738,43.887],[-116.837,43.636],[-116.943,43.143],[-117.034,42.892],[-117.156,42.755],[-117.513,42.482],[-117.839,42.33],[-118.447,42.117],[-118.659,41.996],[-119.009,41.905],[-119.32,41.791],[-119.457,41.401],[-119.578,41.133],[-119.948,40.52],[-120.089,40.419],[-120.181,40.419],[-120.434,40.561],[-120.505,40.652],[-120.525,40.758],[-120.525,40.875],[-120.326,41.784],[-120.303,42.012],[-120.338,42.262],[-120.463,42.604],[-120.588,42.798],[-120.77,42.98],[-120.816,43.151],[-120.827,43.413],[-120.793,43.606],[-120.691,43.777],[-120.668,43.902],[-120.782,44.176],[-120.85,44.233],[-121.024,44.292],[-121.408,44.287],[-121.499,44.307],[-121.58,44.365],[-121.601,44.405],[-121.611,44.486],[-121.598,44.54]]]}},{"type":"Feature","properties":{"density":2},"geometry":{"type":"Polygon","coordinates":[[[-123.064,43.039],[-122.828,42.934],[-122.581,42.87],[-122.531,42.833],[-122.504,42.779],[-122.504,42.715],[-122.547,42.546],[-122.568,42.36],[-122.639,42.269],[-122.743,42.239],[-122.979,42.215],[-123.387,42.25],[-123.542,42.342],[-123.681,42.498],[-123.814,42.684],[-123.83,42.876],[-123.81,43.038],[-123.762,43.105],[-123.681,43.159],[-123.564,43.159],[-123.432,43.119],[-123.317,43.062],[-123.209,43.035],[-123.064,43.039]]]}},{"type":"Feature","properties":{"density":2},"geometry":{"type":"Polygon","coordinates":[[[-94.017,17.791],[-94.149,17.573],[-94.357,17.442],[-94.525,17.307],[-94.589,17.231],[-94.64,17.094],[-94.63,16.887],[-94.508,16.846],[-94.301,16.876],[-93.82,16.988],[-93.648,17.054],[-93.597,17.109],[-93.562,17.2],[-93.562,17.322],[-93.602,17.54],[-93.726,17.771],[-93.816,17.818],[-93.989,17.811],[-94.017,17.791]]]}},{"type":"Feature","properties":{"density":2},"geometry":{"type":"Polygon","coordinates":[[[-90.154,17.27],[-90.404,17.281],[-90.505,17.263],[-90.599,17.221],[-90.604,17.161],[-90.577,17.138],[-90.503,17.126],[-90.295,17.138],[-90.155,17.171],[-90.133,17.213],[-90.154,17.27]]]}},{"type":"Feature","properties":{"density":2},"geometry":{"type":"Polygon","coordinates":[[[-90.77,17.131],[-90.851,17.136],[-90.932,17.158],[-91.028,17.208],[-91.172,17.23],[-91.184,17.245],[-91.177,17.277],[-91.142,17.296],[-90.974,17.287],[-90.74,17.221],[-90.671,17.172],[-90.686,17.14],[-90.77,17.131]]]}},{"type":"Feature","properties":{"density":2},"geometry":{"type":"Polygon","coordinates":[[[-94.321,32.406],[-93.991,32.54],[-93.819,32.552],[-93.743,32.518],[-93.743,32.492],[-93.78,32.465],[-94.224,32.362],[-94.316,32.364],[-94.321,32.406]]]}},{"type":"Feature","properties":{"density":2},"geometry":{"type":"Polygon","coordinates":[[[-79.686,33.196],[-79.595,33.382],[-79.547,33.44],[-79.462,33.468],[-79.405,33.438],[-79.385,33.36],[-79.424,33.301],[-79.604,33.21],[-79.649,33.164],[-79.674,33.161],[-79.686,33.196]]]}},{"type":"Feature","properties":{"density":3},"geometry":{"type":"Polygon","coordinates":[[[-122.905,42.664],[-123.063,42.758],[-123.142,42.749],[-123.189,42.708],[-123.247,42.699],[-123.446,42.772],[-123.557,42.769],[-123.645,42.725],[-123.645,42.693],[-123.619,42.667],[-123.473,42.605],[-123.414,42.453],[-123.326,42.389],[-123.218,42.415],[-123.054,42.506],[-122.981,42.509],[-122.878,42.541],[-122.852,42.564],[-122.855,42.611],[-122.905,42.664]]]}},{"type":"Feature","properties":{"density":3},"geometry":{"type":"Polygon","coordinates":[[[-119.968,45.055],[-120.502,45.049],[-120.746,45.016],[-120.884,44.95],[-121.009,44.818],[-121.036,44.686],[-120.937,44.528],[-120.792,44.469],[-120.634,44.436],[-120.436,44.357],[-120.245,44.159],[-120.173,43.982],[-120.186,43.54],[-120.173,43.369],[-120.1,43.257],[-119.942,43.185],[-119.698,43.191],[-119.343,43.231],[-118.704,43.441],[-118.427,43.435],[-117.801,43.336],[-117.294,43.494],[-117.044,43.507],[-116.76,43.461],[-116.51,43.441],[-116.306,43.461],[-116.207,43.54],[-116.161,43.652],[-116.082,43.916],[-116.069,44.1],[-116.089,44.298],[-116.154,44.469],[-116.365,44.785],[-116.392,44.937],[-116.352,45.068],[-116.168,45.246],[-116.122,45.371],[-116.174,45.516],[-116.313,45.589],[-116.49,45.589],[-116.622,45.51],[-116.747,45.371],[-116.833,45.227],[-117.011,45.088],[-117.268,45.036],[-117.432,45.049],[-117.788,45.115],[-118.065,45.207],[-118.17,45.213],[-118.243,45.161],[-118.282,45.055],[-118.256,44.825],[-118.308,44.765],[-118.467,44.746],[-118.651,44.812],[-119.053,45.055],[-119.191,45.082],[-119.474,45.088],[-119.968,45.055]]]}},{"type":"Feature","properties":{"density":3},"geometry":{"type":"Polygon","coordinates":[[[-118.147,48.29],[-118.345,48.151],[-118.555,48.112],[-118.694,48.118],[-118.984,48.303],[-119.089,48.322],[-119.148,48.29],[-119.181,48.25],[-119.181,48.178],[-119.122,48.079],[-119.122,48.013],[-119.175,47.914],[-119.175,47.815],[-119.142,47.763],[-119.03,47.46],[-118.964,47.348],[-118.865,47.282],[-118.799,47.275],[-118.746,47.295],[-118.667,47.394],[-118.569,47.591],[-118.529,47.637],[-118.384,47.69],[-118.325,47.743],[-118.2,47.947],[-117.877,48.204],[-117.778,48.27],[-117.666,48.316],[-117.541,48.349],[-117.436,48.349],[-117.152,48.395],[-117.021,48.448],[-116.645,48.645],[-116.309,48.751],[-115.934,48.968],[-115.835,48.994],[-115.723,48.988],[-115.229,48.856],[-115.097,48.843],[-115.012,48.863],[-114.959,48.902],[-114.972,48.975],[-115.11,49.232],[-115.262,49.39],[-115.38,49.455],[-115.479,49.475],[-115.611,49.482],[-115.716,49.469],[-116.092,49.357],[-116.395,49.212],[-116.889,48.942],[-117.548,48.665],[-117.963,48.421],[-118.147,48.29]]]}},{"type":"Feature","properties":{"density":3},"geometry":{"type":"Polygon","coordinates":[[[-88.465,51.025],[-88.637,51.038],[-88.768,50.981],[-88.865,50.902],[-88.94,50.809],[-89.418,50.489],[-89.515,50.405],[-89.735,50.155],[-89.98,50.067],[-89.994,50.037],[-89.985,49.997],[-89.853,49.914],[-89.805,49.821],[-89.8,49.773],[-89.884,49.624],[-89.822,49.589],[-89.752,49.589],[-89.655,49.611],[-89.581,49.65],[-89.502,49.712],[-89.427,49.799],[-89.269,50.054],[-89.115,50.221],[-89.028,50.269],[-88.808,50.322],[-88.487,50.564],[-88.206,50.717],[-88.154,50.761],[-88.14,50.836],[-88.176,50.902],[-88.329,50.99],[-88.465,51.025]]]}},{"type":"Feature","properties":{"density":3},"geometry":{"type":"Polygon","coordinates":[[[-104.662,70.596],[-105.395,70.93],[-106.562,71.33],[-107.263,71.397],[-108.03,71.43],[-109.13,71.563],[-110.164,71.763],[-111.131,71.997],[-113.532,72.63],[-115.6,72.997],[-117.1,73.064],[-118.601,73.097],[-119.935,72.964],[-121.169,72.73],[-122.136,72.33],[-122.936,71.83],[-123.47,71.296],[-123.936,70.863],[-124.136,70.329],[-124.27,69.763],[-124.37,69.062],[-124.303,68.362],[-124.103,67.762],[-123.836,67.328],[-123.369,66.928],[-122.869,66.528],[-122.502,66.128],[-122.202,65.761],[-121.869,65.127],[-121.769,64.56],[-121.802,64.027],[-121.869,63.527],[-121.769,62.96],[-121.002,61.492],[-120.568,60.892],[-119.968,60.459],[-119.368,60.192],[-118.668,59.992],[-117.901,59.858],[-117.334,59.825],[-116.533,59.858],[-115.733,59.992],[-114.933,60.092],[-114.232,60.292],[-113.665,60.392],[-112.298,60.792],[-111.765,61.026],[-111.298,61.192],[-110.631,61.359],[-110.031,61.559],[-108.83,61.893],[-108.096,62.126],[-107.496,62.293],[-106.562,62.459],[-105.895,62.559],[-104.862,62.626],[-104.328,62.559],[-103.895,62.326],[-103.294,61.326],[-103.261,60.959],[-103.061,60.359],[-102.627,59.558],[-102.261,58.991],[-101.727,58.524],[-99.159,57.357],[-98.226,57.357],[-97.792,57.491],[-97.359,57.724],[-96.892,57.924],[-96.158,58.124],[-95.658,58.191],[-95.124,58.124],[-94.591,57.958],[-94.057,57.657],[-92.957,57.124],[-91.256,56.257],[-90.656,56.09],[-89.955,56.023],[-89.289,55.99],[-88.655,55.99],[-88.055,56.123],[-87.488,56.357],[-87.088,56.69],[-86.721,57.091],[-85.954,58.491],[-85.287,59.291],[-84.987,59.692],[-84.553,60.158],[-84.02,60.625],[-83.453,60.992],[-82.953,61.259],[-81.852,61.759],[-81.285,62.059],[-80.785,62.393],[-80.218,62.86],[-79.885,63.326],[-79.751,63.86],[-79.718,64.26],[-79.718,64.794],[-79.751,65.361],[-79.851,65.894],[-80.151,66.461],[-81.485,67.978],[-81.852,68.245],[-82.219,68.479],[-82.719,68.679],[-83.219,68.812],[-83.886,68.912],[-85.387,69.046],[-87.054,69.112],[-88.088,69.079],[-89.822,68.845],[-90.822,68.679],[-91.923,68.545],[-92.99,68.379],[-94.124,68.279],[-95.258,68.212],[-96.291,68.179],[-97.992,68.179],[-98.859,68.345],[-99.96,68.612],[-100.86,68.845],[-101.494,69.046],[-102.627,69.612],[-104.662,70.596]]]}},{"type":"Feature","properties":{"density":3},"geometry":{"type":"Polygon","coordinates":[[[-57.311,42.087],[-57.745,42.287],[-58.178,42.321],[-58.645,42.221],[-58.945,41.921],[-59.445,41.22],[-59.512,40.52],[-59.512,39.219],[-59.445,38.552],[-59.145,37.919],[-58.812,37.619],[-58.378,37.352],[-57.878,37.252],[-57.345,37.252],[-56.678,37.319],[-56.044,37.519],[-55.51,37.752],[-55.077,38.052],[-54.143,38.252],[-53.776,38.219],[-53.209,38.119],[-52.676,38.186],[-51.109,38.552],[-50.675,38.753],[-50.175,39.019],[-49.841,39.386],[-49.608,39.953],[-49.641,40.453],[-49.875,40.753],[-50.208,41.054],[-50.742,41.187],[-51.375,41.12],[-51.842,40.954],[-52.342,40.753],[-53.81,40.353],[-54.377,40.287],[-54.844,40.253],[-55.31,40.253],[-55.711,40.42],[-55.911,40.653],[-56.044,40.887],[-56.177,41.187],[-56.377,41.52],[-56.411,41.554],[-57.311,42.087]]]}},{"type":"Feature","properties":{"density":3},"geometry":{"type":"Polygon","coordinates":[[[-37.903,41.254],[-38.57,41.354],[-39.337,41.354],[-40.171,41.254],[-41.038,41.054],[-41.905,40.72],[-42.872,40.287],[-43.806,39.553],[-44.339,38.986],[-44.806,38.386],[-45.139,37.986],[-45.74,37.319],[-46.44,36.585],[-47.207,35.885],[-49.008,34.451],[-49.408,34.084],[-50.208,33.184],[-50.475,32.783],[-51.075,31.783],[-51.309,31.249],[-51.742,29.815],[-51.876,29.049],[-51.876,28.348],[-51.676,27.648],[-51.375,26.981],[-51.042,26.381],[-50.708,26.014],[-50.342,25.647],[-49.908,25.314],[-49.575,25.147],[-49.275,25.047],[-48.841,25.047],[-47.941,25.48],[-47.64,25.78],[-47.474,26.181],[-47.274,26.748],[-47.34,27.181],[-47.607,27.615],[-47.941,27.981],[-48.808,28.415],[-49.208,28.782],[-49.475,29.315],[-49.708,30.016],[-49.641,30.616],[-49.508,31.183],[-49.141,31.75],[-48.841,32.116],[-48.407,32.483],[-47.741,32.883],[-47.54,32.95],[-47.24,33.15],[-46.94,33.284],[-46.473,33.45],[-46.04,33.55],[-45.64,33.617],[-45.306,33.617],[-45.039,33.35],[-45.006,33.017],[-45.139,32.583],[-45.306,32.25],[-45.406,31.983],[-45.44,31.55],[-45.34,31.283],[-45.039,31.083],[-44.639,30.949],[-44.172,30.916],[-43.706,30.983],[-42.805,31.249],[-42.305,31.483],[-41.905,31.75],[-41.371,32.15],[-41.038,32.483],[-40.404,33.284],[-39.737,34.017],[-39.404,34.284],[-38.77,34.684],[-38.303,35.051],[-37.803,35.551],[-37.436,35.851],[-36.569,36.185],[-35.635,36.685],[-35.269,36.918],[-35.069,37.152],[-34.635,37.552],[-34.435,37.886],[-34.335,38.252],[-34.302,38.586],[-34.468,39.186],[-34.668,39.553],[-34.969,39.853],[-35.302,40.12],[-36.302,40.62],[-36.736,40.787],[-36.869,40.887],[-37.903,41.254]]]}},{"type":"Feature","properties":{"density":3},"geometry":{"type":"Polygon","coordinates":[[[-89.91,49.746],[-89.52,50.04],[-89.221,50.308],[-89.004,50.455],[-88.786,50.653],[-88.609,50.789],[-88.558,50.81],[-88.508,50.81],[-88.487,50.789],[-88.457,50.653],[-88.457,50.556],[-88.533,50.415],[-88.71,50.298],[-88.877,50.217],[-89.03,50.075],[-89.371,49.811],[-89.502,49.68],[-89.796,49.525],[-89.907,49.501],[-90.032,49.535],[-90.083,49.589],[-90.046,49.673],[-89.951,49.737],[-89.91,49.746]]]}},{"type":"Feature","properties":{"density":3},"geometry":{"type":"Polygon","coordinates":[[[-102.157,55.257],[-102.206,55.352],[-102.294,55.446],[-102.535,55.577],[-102.577,55.638],[-102.571,55.685],[-102.544,55.721],[-102.476,55.748],[-102.283,55.732],[-102.109,55.66],[-102.04,55.602],[-101.97,55.512],[-101.909,55.368],[-101.902,55.257],[-101.917,55.192],[-101.96,55.194],[-101.994,55.284],[-102.052,55.282],[-102.058,55.17],[-102.115,55.195],[-102.157,55.257]]]}},{"type":"Feature","properties":{"density":3},"geometry":{"type":"Polygon","coordinates":[[[-118.973,48.317],[-119.03,48.367],[-119.165,48.371],[-119.233,48.283],[-119.24,48.236],[-119.24,48.182],[-119.216,48.114],[-119.03,47.824],[-119.02,47.757],[-119.037,47.588],[-118.97,47.389],[-118.997,47.183],[-118.983,47.159],[-118.902,47.129],[-118.666,47.115],[-118.585,47.142],[-118.527,47.186],[-118.484,47.254],[-118.45,47.463],[-118.392,47.649],[-118.261,47.844],[-118.062,48.033],[-118.014,48.108],[-117.981,48.263],[-118.004,48.29],[-118.055,48.29],[-118.291,48.195],[-118.585,48.145],[-118.639,48.097],[-118.709,47.964],[-118.738,47.957],[-118.792,47.966],[-118.835,48.013],[-118.835,48.076],[-118.794,48.22],[-118.828,48.247],[-118.938,48.256],[-118.973,48.317]]]}},{"type":"Feature","properties":{"density":3},"geometry":{"type":"Polygon","coordinates":[[[-117.075,48.653],[-117.065,48.714],[-117.008,48.795],[-116.951,48.826],[-116.377,48.856],[-116.228,48.917],[-115.79,48.938],[-115.625,48.889],[-115.589,48.794],[-115.866,48.668],[-116.438,48.504],[-116.588,48.441],[-116.793,48.432],[-116.998,48.358],[-117.065,48.349],[-117.146,48.403],[-117.133,48.531],[-117.075,48.653]]]}},{"type":"Feature","properties":{"density":3},"geometry":{"type":"Polygon","coordinates":[[[-121.02,44.615],[-120.762,44.767],[-120.645,44.883],[-120.5,44.97],[-120.251,44.945],[-119.645,45.041],[-119.418,45.048],[-119.357,45.033],[-119.228,44.972],[-119.137,44.851],[-119.121,44.707],[-119.099,44.646],[-118.969,44.532],[-118.939,44.471],[-118.888,44.309],[-118.843,44.021],[-118.82,43.96],[-118.782,43.922],[-118.676,43.892],[-118.448,44.051],[-118.357,44.157],[-118.158,44.248],[-117.9,44.178],[-117.814,44.178],[-117.641,44.238],[-117.469,44.324],[-116.912,44.643],[-116.806,44.669],[-116.669,44.598],[-116.583,44.491],[-116.406,43.932],[-116.459,43.833],[-116.52,43.659],[-116.619,43.492],[-116.748,43.355],[-116.945,43.226],[-117.287,43.112],[-117.553,43.051],[-117.705,43.044],[-118.095,43.066],[-118.211,43.041],[-118.444,42.904],[-118.616,42.773],[-118.818,42.59],[-119.041,42.499],[-119.441,42.216],[-119.608,42.15],[-119.826,42.099],[-119.973,42.094],[-120.236,42.145],[-120.408,42.226],[-120.661,42.646],[-120.808,42.758],[-120.828,42.833],[-120.712,43.411],[-120.636,43.547],[-120.504,43.687],[-120.489,43.747],[-120.481,43.854],[-120.512,43.922],[-120.647,44.065],[-120.622,44.216],[-120.508,44.294],[-120.432,44.324],[-120.214,44.276],[-120.09,44.274],[-119.999,44.314],[-119.979,44.355],[-119.985,44.399],[-120.279,44.469],[-120.552,44.507],[-120.657,44.507],[-120.89,44.469],[-120.995,44.5],[-121.022,44.55],[-121.02,44.615]]]}},{"type":"Feature","properties":{"density":3},"geometry":{"type":"Polygon","coordinates":[[[-118.305,45.697],[-118.344,45.739],[-118.192,45.841],[-118.135,45.847],[-118.12,45.829],[-118.137,45.771],[-118.203,45.711],[-118.248,45.686],[-118.305,45.697]]]}},{"type":"Feature","properties":{"density":3},"geometry":{"type":"Polygon","coordinates":[[[-117.273,45.761],[-117.256,45.789],[-117.209,45.812],[-117.144,45.807],[-117.113,45.787],[-117.121,45.758],[-117.17,45.745],[-117.254,45.736],[-117.273,45.761]]]}},{"type":"Feature","properties":{"density":3},"geometry":{"type":"Polygon","coordinates":[[[-122.913,42.686],[-122.994,42.74],[-123.093,42.772],[-123.147,42.77],[-123.37,42.689],[-123.474,42.668],[-123.502,42.653],[-123.598,42.508],[-123.616,42.466],[-123.604,42.377],[-123.499,42.343],[-123.307,42.35],[-122.944,42.477],[-122.9,42.497],[-122.846,42.584],[-122.845,42.633],[-122.913,42.686]]]}},{"type":"Feature","properties":{"density":3},"geometry":{"type":"Polygon","coordinates":[[[-123.262,64.136],[-122.886,64.204],[-122.351,64.352],[-121.884,64.705],[-121.44,65.343],[-121.451,66.015],[-122.427,66.826],[-123.435,67.765],[-123.76,68.432],[-123.469,69.149],[-122.786,69.85],[-121.739,70.271],[-120.765,70.604],[-120.022,70.706],[-119.356,70.706],[-117.365,70.356],[-115.742,69.895],[-113.316,69.382],[-111.488,68.835],[-105.085,67.49],[-103.188,67.362],[-101.548,67.464],[-98.857,67.81],[-94.937,68.219],[-93.746,68.308],[-92.669,68.445],[-91.559,68.479],[-90.687,68.428],[-89.474,68.428],[-88.722,68.377],[-87.714,68.342],[-86.946,68.206],[-86.091,68.086],[-85.164,67.874],[-83.421,67.618],[-82.575,67.413],[-81.243,66.926],[-80.192,66.362],[-79.32,65.619],[-78.808,64.825],[-78.552,63.774],[-78.577,63.005],[-78.381,62.127],[-78.774,61.392],[-79.543,60.623],[-80.825,60.299],[-81.918,60.145],[-82.79,59.649],[-83.49,59.376],[-84.174,59.496],[-84.806,59.564],[-85.215,59.699],[-85.625,59.622],[-85.805,59.673],[-85.978,59.608],[-86.259,59.623],[-86.875,59.756],[-87.182,59.756],[-87.455,59.699],[-87.626,59.602],[-87.883,59.568],[-88.224,59.448],[-88.498,59.431],[-88.925,59.329],[-89.547,59.282],[-90.064,59.457],[-90.901,59.389],[-92.165,59.047],[-93.549,59.133],[-96.078,59.115],[-97.855,59.15],[-99.82,59.491],[-101.234,60.575],[-102.339,61.087],[-103.552,61.412],[-104.675,61.574],[-105.971,61.312],[-107.391,61.087],[-110.646,60.651],[-111.543,60.395],[-113.465,59.985],[-114.644,59.601],[-115.721,59.396],[-116.729,59.327],[-117.156,59.139],[-117.891,58.78],[-119.155,57.772],[-119.855,57.345],[-121.547,56.764],[-122.47,56.764],[-122.999,57.789],[-123.136,58.644],[-123.256,59.583],[-123.922,61.822],[-123.905,62.215],[-123.905,62.796],[-123.871,63.479],[-123.772,63.582],[-123.675,63.781],[-123.456,63.988],[-123.262,64.136]]]}},{"type":"Feature","properties":{"density":3},"geometry":{"type":"Polygon","coordinates":[[[-59.711,41.298],[-59.583,40.811],[-59.481,40.042],[-59.481,38.71],[-59.634,37.556],[-59.583,36.762],[-59.429,36.301],[-59.07,36.019],[-58.609,35.891],[-58.199,35.814],[-57.686,35.839],[-57.405,35.916],[-55.705,36.565],[-55.585,36.805],[-55.431,37.232],[-55.414,37.574],[-55.534,38.804],[-55.534,39.18],[-55.585,39.709],[-55.499,40.786],[-54.765,41.52],[-53.791,42.699],[-53.552,43.058],[-53.398,43.656],[-53.466,43.81],[-53.654,44.032],[-54.098,44.22],[-54.884,44.357],[-55.329,44.374],[-56.149,44.152],[-57.413,43.605],[-58.199,43.058],[-59.105,42.221],[-59.623,41.52],[-59.711,41.298]]]}},{"type":"Feature","properties":{"density":3},"geometry":{"type":"Polygon","coordinates":[[[-52.286,40.693],[-51.993,40.824],[-51.861,40.865],[-51.618,41.042],[-51.426,41.118],[-51.056,41.128],[-50.474,41.039],[-50.008,40.837],[-49.512,40.508],[-49.441,40.407],[-49.381,40.285],[-49.381,40.113],[-49.57,39.569],[-49.836,39.219],[-50.003,39.045],[-50.466,38.954],[-50.869,38.961],[-51.211,39.045],[-51.492,39.151],[-51.932,39.288],[-52.122,39.409],[-52.312,39.607],[-52.55,40.118],[-52.6,40.194],[-52.681,40.265],[-52.712,40.381],[-52.707,40.452],[-52.681,40.513],[-52.59,40.624],[-52.286,40.693]]]}},{"type":"Feature","properties":{"density":3},"geometry":{"type":"Polygon","coordinates":[[[-43.981,40.376],[-43.555,40.43],[-42.632,40.661],[-41.633,41.122],[-40.992,41.532],[-39.993,41.814],[-38.942,41.968],[-38.301,42.019],[-37.43,42.301],[-36.712,42.506],[-35.2,42.891],[-34.764,42.839],[-33.765,42.378],[-33.175,41.609],[-32.868,40.943],[-32.663,40.071],[-32.688,39.482],[-32.868,38.841],[-33.201,38.252],[-33.508,37.842],[-33.995,37.483],[-34.713,36.842],[-35.097,36.586],[-36.456,36.253],[-37.199,36.022],[-37.66,35.817],[-38.48,35.321],[-38.72,35.065],[-38.938,34.581],[-39.212,34.034],[-39.591,33.761],[-40.267,33.586],[-40.753,33.562],[-41.095,33.357],[-41.368,33.271],[-41.812,33.032],[-42.342,32.605],[-42.974,31.99],[-43.44,31.041],[-43.246,30.209],[-43.246,29.56],[-43.702,29.275],[-44.476,29.321],[-45.19,29.233],[-45.617,29.319],[-46.01,29.729],[-46.18,30.173],[-46.215,30.549],[-45.941,31.42],[-45.531,32.343],[-45.292,32.548],[-44.933,32.821],[-44.66,32.958],[-44.386,33.129],[-44.096,33.402],[-44.028,33.539],[-44.028,33.727],[-44.113,33.829],[-44.301,33.898],[-45.087,33.898],[-45.343,33.812],[-45.873,33.71],[-46.454,33.539],[-47.103,33.3],[-47.582,33.026],[-48.333,32.514],[-48.914,31.882],[-49.41,31.301],[-49.683,30.72],[-49.82,30.293],[-49.922,29.9],[-49.905,29.507],[-49.854,29.131],[-49.666,28.464],[-49.273,27.918],[-48.795,27.405],[-48.385,27.2],[-48.111,26.944],[-47.963,26.784],[-47.69,26.34],[-47.61,25.93],[-47.701,25.77],[-47.997,25.657],[-48.772,25.417],[-48.966,25.303],[-49.057,25.167],[-49.376,25.019],[-49.603,24.893],[-49.831,24.677],[-50.15,24.21],[-50.378,24.005],[-50.697,23.891],[-51.164,23.937],[-51.62,24.153],[-51.916,24.381],[-52.246,24.802],[-52.535,25.532],[-52.622,26.078],[-52.69,27.53],[-52.536,28.333],[-52.109,30.076],[-51.887,30.623],[-51.494,31.392],[-51.221,31.836],[-50.777,32.297],[-50.093,33.066],[-49.131,34.37],[-48.869,34.621],[-48.356,35.031],[-47.251,35.714],[-46.75,36.17],[-46.203,36.785],[-45.951,37.127],[-45.86,37.826],[-45.587,38.494],[-45.526,38.858],[-45.321,39.109],[-45.017,39.42],[-44.517,39.61],[-44.255,40.271],[-43.981,40.376]]]}},{"type":"Feature","properties":{"density":3},"geometry":{"type":"Polygon","coordinates":[[[-121.494,44.465],[-121.509,44.533],[-121.501,44.606],[-121.462,44.654],[-121.41,44.659],[-121.389,44.57],[-121.411,44.488],[-121.453,44.426],[-121.494,44.465]]]}},{"type":"Feature","properties":{"density":3},"geometry":{"type":"Polygon","coordinates":[[[-123.645,62.57],[-123.404,62.94],[-123.343,63.396],[-123.181,63.963],[-122.802,64.642],[-122.238,65.121],[-121.931,66.009],[-122.409,67.171],[-123.845,68.177],[-124.691,68.997],[-125.076,69.587],[-125.178,70.176],[-125.076,70.663],[-124.691,71.099],[-124.05,71.458],[-123.23,71.765],[-121.564,71.714],[-120.257,71.586],[-119.002,71.304],[-117.361,70.971],[-116.234,70.612],[-114.209,69.766],[-113.363,69.177],[-112.671,68.767],[-112.287,68.434],[-111.723,68.229],[-110.647,67.87],[-109.775,67.537],[-107.149,66.892],[-105.586,66.944],[-104.483,67.098],[-102.843,67.098],[-101.408,66.867],[-100.19,66.59],[-99.216,66.743],[-97.576,66.949],[-94.257,67.615],[-93.642,67.717],[-92.463,67.871],[-91.873,68.025],[-88.824,68.256],[-87.721,68.153],[-85.056,67.769],[-84.415,67.717],[-83.313,67.564],[-82.493,67.333],[-81.929,67.256],[-81.186,67.102],[-80.033,66.769],[-78.188,66.333],[-77.085,66.205],[-76.675,66.026],[-76.393,65.744],[-76.265,65.078],[-76.24,64.591],[-76.419,63.745],[-78.111,60.951],[-78.341,60.516],[-78.956,60.106],[-79.751,59.772],[-80.494,59.49],[-82.186,58.593],[-82.544,58.388],[-82.954,58.209],[-83.851,58.209],[-84.697,58.286],[-85.21,58.491],[-85.569,58.67],[-86.261,59.08],[-87.568,59.977],[-88.482,60.054],[-90.328,60.686],[-91.062,60.857],[-91.831,60.771],[-92.241,60.669],[-92.703,60.481],[-93.249,60.225],[-94.121,60.003],[-94.736,59.798],[-95.026,59.78],[-95.385,59.678],[-95.693,59.661],[-96.017,59.678],[-96.376,59.661],[-96.735,59.729],[-97.213,59.934],[-97.658,60.071],[-98.123,60.056],[-98.772,60.158],[-100.685,60.688],[-101.625,60.825],[-102.599,60.944],[-104.017,61.047],[-105.948,61.149],[-109.186,60.765],[-109.775,60.585],[-111.364,60.38],[-112.799,60.15],[-113.978,60.073],[-114.747,59.817],[-116.481,59.039],[-117.438,58.27],[-117.694,57.783],[-118.028,56.989],[-118.591,56.246],[-119.078,55.912],[-120.052,55.554],[-120.949,55.349],[-122.0,55.633],[-122.695,56.453],[-123.253,56.863],[-123.629,57.228],[-123.914,57.649],[-124.187,58.868],[-124.436,59.576],[-124.461,60.039],[-124.409,60.526],[-124.409,61.192],[-124.27,61.612],[-124.118,61.962],[-123.903,62.198],[-123.645,62.57]]]}},{"type":"Feature","properties":{"density":3},"geometry":{"type":"Polygon","coordinates":[[[-122.565,62.965],[-122.413,62.899],[-122.261,62.798],[-122.038,62.58],[-121.82,62.246],[-121.77,62.039],[-121.785,61.861],[-121.912,61.78],[-122.099,61.725],[-122.241,61.72],[-122.656,61.902],[-122.803,61.978],[-122.924,62.064],[-122.949,62.282],[-122.858,62.56],[-122.838,62.682],[-122.843,62.874],[-122.818,62.97],[-122.639,63.0],[-122.565,62.965]]]}},{"type":"Feature","properties":{"density":3},"geometry":{"type":"Polygon","coordinates":[[[-57.114,43.574],[-56.781,43.984],[-55.987,44.625],[-55.295,45.086],[-55.064,45.189],[-54.554,45.556],[-54.008,45.716],[-53.381,45.807],[-53.051,45.738],[-52.777,45.602],[-52.481,45.397],[-52.162,45.089],[-51.912,44.779],[-51.553,43.856],[-51.245,43.318],[-50.656,42.934],[-49.861,42.703],[-49.067,42.6],[-48.195,42.395],[-47.427,42.498],[-46.658,42.857],[-45.018,43.523],[-44.377,43.882],[-43.018,44.241],[-41.634,44.471],[-40.071,44.548],[-38.457,44.446],[-36.944,44.215],[-35.919,43.907],[-35.073,43.523],[-33.69,42.498],[-32.69,42.011],[-32.177,41.473],[-31.639,40.678],[-31.28,39.858],[-31.152,39.32],[-31.127,38.756],[-31.357,38.167],[-32.306,37.167],[-32.69,36.654],[-33.51,36.039],[-34.356,35.373],[-35.253,34.835],[-35.945,34.579],[-36.534,34.092],[-37.636,33.041],[-38.046,32.733],[-39.815,31.734],[-40.917,31.144],[-41.506,30.632],[-42.07,30.093],[-42.865,29.376],[-43.352,28.658],[-43.634,28.351],[-44.377,27.607],[-45.018,27.197],[-45.556,26.89],[-46.581,26.377],[-47.504,25.865],[-47.822,24.606],[-48.027,24.139],[-48.324,23.387],[-48.597,23.068],[-48.905,22.806],[-49.178,22.453],[-49.588,22.299],[-50.203,22.197],[-50.835,22.146],[-51.485,22.18],[-52.698,22.522],[-53.193,22.744],[-53.962,23.359],[-54.15,23.7],[-54.423,24.281],[-54.594,24.896],[-54.68,25.648],[-54.697,26.263],[-54.645,27.963],[-54.158,28.63],[-53.646,29.219],[-52.595,30.244],[-51.57,31.808],[-51.186,32.474],[-50.827,33.038],[-49.263,34.601],[-47.572,35.806],[-46.957,36.267],[-46.137,36.805],[-45.829,37.113],[-45.573,37.574],[-45.419,38.087],[-45.522,38.497],[-45.701,38.881],[-46.239,39.215],[-46.854,39.368],[-47.495,39.65],[-48.187,39.855],[-48.905,39.983],[-50.442,39.983],[-51.032,39.753],[-51.544,39.42],[-51.98,39.035],[-52.288,38.625],[-52.851,37.959],[-53.39,37.472],[-54.03,36.934],[-54.722,36.523],[-55.568,36.19],[-56.183,36.037],[-57.029,35.729],[-57.516,35.524],[-58.08,35.473],[-58.464,35.524],[-58.592,35.908],[-58.541,36.447],[-58.387,37.164],[-57.977,38.881],[-57.721,39.445],[-57.49,40.291],[-57.183,40.957],[-57.157,41.495],[-57.234,41.982],[-57.183,42.623],[-57.157,43.418],[-57.114,43.574]]]}},{"type":"Feature","properties":{"density":3},"geometry":{"type":"Polygon","coordinates":[[[-90.008,50.115],[-89.917,50.115],[-89.795,50.146],[-89.157,50.343],[-88.96,50.442],[-88.732,50.525],[-88.436,50.738],[-88.269,50.814],[-88.117,50.844],[-87.927,50.715],[-87.927,50.609],[-88.003,50.396],[-88.132,50.199],[-88.314,50.017],[-88.892,49.774],[-89.097,49.721],[-89.681,49.515],[-89.856,49.5],[-89.962,49.515],[-90.099,49.637],[-90.129,49.705],[-90.195,50.001],[-90.161,50.053],[-90.094,50.091],[-90.008,50.115]]]}},{"type":"Feature","properties":{"density":3},"geometry":{"type":"Polygon","coordinates":[[[-120.879,44.584],[-120.636,44.975],[-120.622,45.02],[-120.627,45.171],[-120.609,45.248],[-120.528,45.304],[-120.438,45.322],[-120.33,45.317],[-120.089,45.376],[-120.015,45.371],[-119.745,45.241],[-119.652,45.203],[-119.567,45.189],[-119.445,45.131],[-119.398,45.101],[-119.351,44.989],[-119.364,44.91],[-119.398,44.874],[-119.524,44.809],[-119.724,44.777],[-119.938,44.699],[-120.048,44.604],[-120.118,44.501],[-120.217,44.489],[-120.483,44.53],[-120.629,44.531],[-120.684,44.525],[-120.776,44.486],[-120.864,44.481],[-120.9,44.517],[-120.879,44.584]]]}},{"type":"Feature","properties":{"density":3},"geometry":{"type":"Polygon","coordinates":[[[-120.546,44.046],[-120.566,44.136],[-120.539,44.187],[-120.36,44.307],[-120.308,44.317],[-120.257,44.295],[-120.219,44.197],[-120.261,44.128],[-120.339,44.061],[-120.425,44.013],[-120.518,44.016],[-120.546,44.046]]]}},{"type":"Feature","properties":{"density":3},"geometry":{"type":"Polygon","coordinates":[[[-118.312,45.702],[-118.335,45.729],[-118.304,45.772],[-118.121,45.797],[-118.059,45.788],[-118.014,45.694],[-118.006,45.604],[-118.052,45.575],[-118.129,45.584],[-118.312,45.702]]]}},{"type":"Feature","properties":{"density":3},"geometry":{"type":"Polygon","coordinates":[[[-117.277,45.762],[-117.267,45.801],[-117.232,45.819],[-117.184,45.819],[-117.141,45.784],[-117.144,45.755],[-117.166,45.739],[-117.25,45.74],[-117.277,45.762]]]}},{"type":"Feature","properties":{"density":3},"geometry":{"type":"Polygon","coordinates":[[[-119.118,48.467],[-118.902,48.458],[-118.81,48.472],[-118.735,48.442],[-118.699,48.371],[-118.705,48.251],[-118.75,48.118],[-118.845,48.017],[-118.948,47.968],[-119.026,47.978],[-119.128,48.095],[-119.263,48.142],[-119.371,48.232],[-119.355,48.302],[-119.289,48.336],[-119.215,48.463],[-119.118,48.467]]]}},{"type":"Feature","properties":{"density":3},"geometry":{"type":"Polygon","coordinates":[[[-118.319,48.043],[-118.442,48.046],[-118.565,48.124],[-118.571,48.157],[-118.493,48.288],[-118.444,48.337],[-118.378,48.369],[-118.225,48.385],[-118.127,48.429],[-118.049,48.403],[-118.027,48.364],[-118.025,48.307],[-118.051,48.261],[-118.249,48.057],[-118.319,48.043]]]}},{"type":"Feature","properties":{"density":3},"geometry":{"type":"Polygon","coordinates":[[[-121.482,44.497],[-121.263,44.652],[-121.155,44.676],[-121.11,44.67],[-121.09,44.649],[-121.131,44.604],[-121.396,44.47],[-121.449,44.419],[-121.497,44.434],[-121.5,44.47],[-121.482,44.497]]]}},{"type":"Feature","properties":{"density":3},"geometry":{"type":"Polygon","coordinates":[[[-122.859,42.68],[-122.877,42.701],[-122.93,42.715],[-123.051,42.689],[-123.333,42.71],[-123.449,42.703],[-123.525,42.658],[-123.54,42.595],[-123.455,42.554],[-123.074,42.505],[-122.972,42.509],[-122.906,42.524],[-122.871,42.55],[-122.859,42.68]]]}},{"type":"Feature","properties":{"density":3},"geometry":{"type":"Polygon","coordinates":[[[-120.315,40.633],[-120.273,40.786],[-120.213,40.898],[-120.171,40.942],[-120.146,40.918],[-120.086,40.766],[-120.119,40.601],[-120.167,40.562],[-120.257,40.568],[-120.3,40.586],[-120.315,40.633]]]}},{"type":"Feature","properties":{"density":3},"geometry":{"type":"Polygon","coordinates":[[[-102.156,55.24],[-102.183,55.318],[-102.308,55.517],[-102.331,55.628],[-102.328,55.692],[-102.277,55.79],[-102.19,55.827],[-102.082,55.814],[-102.018,55.757],[-101.923,55.453],[-101.97,55.274],[-102.031,55.179],[-102.058,55.163],[-102.112,55.169],[-102.156,55.24]]]}},{"type":"Feature","properties":{"density":3},"geometry":{"type":"Polygon","coordinates":[[[-105.597,55.671],[-105.705,55.693],[-105.83,55.753],[-105.855,55.789],[-105.845,55.815],[-105.743,55.881],[-105.614,55.884],[-105.476,55.839],[-105.365,55.783],[-105.305,55.707],[-105.303,55.678],[-105.323,55.653],[-105.369,55.636],[-105.524,55.645],[-105.597,55.671]]]}},{"type":"Feature","properties":{"density":3},"geometry":{"type":"Polygon","coordinates":[[[-123.413,63.457],[-123.338,63.427],[-122.886,63.106],[-122.815,63.022],[-122.785,62.961],[-122.778,62.921],[-122.819,62.836],[-122.906,62.823],[-122.994,62.856],[-123.177,62.978],[-123.453,63.234],[-123.592,63.292],[-123.619,63.322],[-123.619,63.339],[-123.548,63.359],[-123.544,63.45],[-123.459,63.479],[-123.413,63.457]]]}},{"type":"Feature","properties":{"density":3},"geometry":{"type":"Polygon","coordinates":[[[-123.531,63.25],[-123.49,63.169],[-123.298,62.911],[-123.035,62.668],[-122.918,62.531],[-122.868,62.44],[-122.549,62.167],[-122.508,62.045],[-122.432,61.898],[-122.128,61.579],[-121.893,61.382],[-121.559,61.033],[-121.483,60.866],[-121.392,60.486],[-121.331,60.304],[-121.172,60.19],[-121.046,60.216],[-120.807,60.182],[-120.511,60.216],[-120.249,60.353],[-120.055,60.501],[-119.862,61.048],[-119.816,61.23],[-119.816,61.355],[-119.888,61.39],[-120.131,61.671],[-120.276,61.807],[-120.382,61.982],[-120.42,62.164],[-120.336,62.422],[-120.276,62.713],[-120.382,62.972],[-120.433,63.022],[-120.534,63.078],[-120.66,63.22],[-120.655,63.26],[-120.751,63.372],[-120.767,63.417],[-121.035,63.604],[-121.192,63.645],[-121.339,63.64],[-121.425,63.62],[-121.607,63.544],[-121.678,63.534],[-121.875,63.447],[-121.916,63.402],[-122.017,63.442],[-122.128,63.447],[-122.204,63.407],[-122.255,63.351],[-122.275,63.245],[-122.285,63.149],[-122.189,62.916],[-122.194,62.88],[-122.225,62.86],[-122.311,62.865],[-122.533,62.967],[-122.609,63.027],[-122.847,63.073],[-123.111,63.23],[-123.343,63.412],[-123.475,63.478],[-123.536,63.478],[-123.592,63.392],[-123.666,63.352],[-123.655,63.298],[-123.531,63.25]]]}},{"type":"Feature","properties":{"density":3},"geometry":{"type":"Polygon","coordinates":[[[-121.811,51.325],[-121.747,51.376],[-121.659,51.413],[-121.595,51.42],[-121.528,51.396],[-121.487,51.328],[-121.443,51.135],[-121.376,51.038],[-121.371,50.941],[-121.389,50.899],[-121.416,50.874],[-121.589,50.905],[-121.733,50.964],[-121.79,51.011],[-121.848,51.157],[-121.841,51.296],[-121.811,51.325]]]}},{"type":"Feature","properties":{"density":3},"geometry":{"type":"Polygon","coordinates":[[[-119.237,48.186],[-119.334,48.253],[-119.325,48.289],[-119.297,48.321],[-119.252,48.337],[-119.199,48.402],[-119.051,48.64],[-118.837,48.784],[-118.617,48.843],[-118.403,48.8],[-118.194,48.836],[-117.993,48.807],[-117.602,48.635],[-117.568,48.604],[-117.551,48.554],[-117.565,48.479],[-117.615,48.405],[-117.666,48.365],[-117.787,48.314],[-117.872,48.246],[-118.165,48.117],[-118.269,48.043],[-118.297,48.038],[-118.351,48.065],[-118.387,48.133],[-118.446,48.182],[-118.456,48.258],[-118.495,48.281],[-118.6,48.221],[-118.779,48.167],[-118.867,48.11],[-118.936,48.113],[-118.978,48.155],[-119.032,48.167],[-119.08,48.138],[-119.134,48.132],[-119.237,48.186]]]}},{"type":"Feature","properties":{"density":3},"geometry":{"type":"Polygon","coordinates":[[[-120.043,66.821],[-121.103,68.615],[-121.837,69.623],[-121.957,70.733],[-120.949,71.776],[-118.651,72.032],[-116.908,72.152],[-115.106,72.058],[-114.092,71.784],[-113.34,71.272],[-112.713,70.543],[-112.246,69.814],[-111.938,68.874],[-111.323,68.182],[-110.579,67.593],[-109.554,66.978],[-108.17,66.414],[-106.889,66.158],[-105.761,65.978],[-103.91,65.517],[-100.644,65.421],[-98.645,65.575],[-95.825,66.002],[-93.297,66.07],[-91.473,66.055],[-90.012,66.094],[-88.167,66.247],[-86.206,66.517],[-84.323,66.517],[-82.131,66.824],[-80.786,66.786],[-78.979,66.478],[-77.672,66.209],[-76.288,65.594],[-75.135,64.479],[-74.443,62.788],[-74.673,61.673],[-75.404,60.404],[-76.596,59.251],[-77.288,58.29],[-78.018,57.213],[-78.902,55.868],[-79.85,55.329],[-80.004,55.022],[-80.055,54.458],[-80.004,53.817],[-79.492,52.049],[-79.44,51.588],[-79.517,51.485],[-79.953,51.562],[-80.414,51.844],[-81.004,52.382],[-81.516,53.023],[-81.978,53.894],[-82.644,55.458],[-83.003,56.15],[-83.438,56.893],[-84.412,57.687],[-85.053,58.302],[-86.386,59.148],[-87.616,59.328],[-88.231,59.302],[-89.153,59.044],[-89.923,58.9],[-91.306,58.583],[-92.972,58.608],[-94.747,58.713],[-96.631,58.713],[-98.938,58.751],[-101.244,58.751],[-103.743,58.828],[-105.358,59.02],[-106.588,59.02],[-107.395,59.059],[-108.741,59.097],[-109.971,58.905],[-111.201,58.328],[-112.431,57.982],[-113.469,57.213],[-115.007,56.79],[-116.66,56.521],[-119.62,55.868],[-120.581,55.714],[-122.042,55.714],[-123.541,56.214],[-124.156,56.79],[-124.771,57.675],[-124.964,58.443],[-124.964,59.366],[-124.81,60.096],[-124.502,60.712],[-124.195,60.981],[-123.81,61.365],[-123.541,61.673],[-123.464,62.019],[-123.424,62.491],[-123.434,62.526],[-123.095,62.068],[-122.974,62.068],[-122.921,62.129],[-123.042,62.493],[-123.148,62.698],[-123.247,62.843],[-123.612,63.222],[-123.657,63.313],[-123.657,63.389],[-123.566,63.526],[-123.49,63.526],[-123.323,63.465],[-123.174,63.357],[-122.769,63.151],[-122.475,63.006],[-122.367,62.979],[-122.337,63.01],[-122.313,63.118],[-122.313,63.222],[-122.244,63.43],[-122.173,63.475],[-122.056,63.531],[-121.216,63.739],[-120.788,63.974],[-120.439,64.126],[-120.18,64.292],[-120.026,64.668],[-119.975,64.958],[-120.043,65.437],[-119.958,65.915],[-119.924,66.291],[-120.043,66.821]]]}},{"type":"Feature","properties":{"density":3},"geometry":{"type":"Polygon","coordinates":[[[-102.173,55.232],[-102.146,55.423],[-102.094,55.504],[-101.948,55.671],[-101.903,55.704],[-101.856,55.704],[-101.844,55.59],[-101.912,55.196],[-102.011,55.14],[-102.108,55.162],[-102.166,55.2],[-102.173,55.232]]]}},{"type":"Feature","properties":{"density":3},"geometry":{"type":"Polygon","coordinates":[[[-120.835,44.651],[-120.779,44.717],[-120.698,44.909],[-120.612,45.238],[-120.556,45.294],[-120.364,45.37],[-120.202,45.385],[-119.969,45.381],[-119.692,45.415],[-119.647,45.392],[-119.399,45.376],[-119.308,45.346],[-119.232,45.295],[-119.12,45.174],[-119.085,45.108],[-119.07,45.042],[-119.095,44.992],[-119.196,44.911],[-119.368,44.82],[-119.611,44.587],[-119.799,44.501],[-119.93,44.475],[-120.199,44.455],[-120.55,44.485],[-120.708,44.452],[-120.853,44.388],[-120.904,44.391],[-120.934,44.431],[-120.928,44.469],[-120.887,44.577],[-120.835,44.651]]]}},{"type":"Feature","properties":{"density":3},"geometry":{"type":"Polygon","coordinates":[[[-120.539,44.048],[-120.558,44.098],[-120.552,44.156],[-120.498,44.213],[-120.378,44.281],[-120.26,44.299],[-120.239,44.278],[-120.199,44.162],[-120.214,44.113],[-120.248,44.087],[-120.43,44.023],[-120.487,44.015],[-120.539,44.048]]]}},{"type":"Feature","properties":{"density":3},"geometry":{"type":"Polygon","coordinates":[[[-121.537,44.477],[-121.441,44.668],[-121.261,44.826],[-121.011,44.934],[-120.91,45.013],[-120.716,45.089],[-120.669,45.087],[-120.658,45.06],[-120.667,45.004],[-120.961,44.657],[-121.065,44.603],[-121.218,44.558],[-121.477,44.415],[-121.538,44.424],[-121.537,44.477]]]}},{"type":"Feature","properties":{"density":3},"geometry":{"type":"Polygon","coordinates":[[[-118.329,45.696],[-118.338,45.738],[-118.315,45.768],[-118.201,45.821],[-117.993,45.849],[-117.928,45.828],[-117.894,45.774],[-117.918,45.702],[-117.952,45.666],[-118.05,45.629],[-118.23,45.645],[-118.329,45.696]]]}},{"type":"Feature","properties":{"density":3},"geometry":{"type":"Polygon","coordinates":[[[-117.25,45.781],[-117.156,45.841],[-117.101,45.858],[-117.072,45.842],[-117.078,45.819],[-117.119,45.787],[-117.214,45.751],[-117.251,45.747],[-117.25,45.781]]]}},{"type":"Feature","properties":{"density":3},"geometry":{"type":"Polygon","coordinates":[[[-120.329,40.621],[-120.415,40.826],[-120.415,40.893],[-120.37,41.015],[-120.295,41.087],[-120.222,41.129],[-120.134,41.146],[-119.989,41.082],[-120.003,40.991],[-120.077,40.859],[-120.161,40.616],[-120.204,40.571],[-120.244,40.563],[-120.296,40.573],[-120.329,40.621]]]}},{"type":"Feature","properties":{"density":3},"geometry":{"type":"Polygon","coordinates":[[[-105.002,37.994],[-105.173,37.995],[-105.219,37.97],[-105.221,37.946],[-105.129,37.91],[-105.032,37.904],[-105.015,37.914],[-105.002,37.994]]]}},{"type":"Feature","properties":{"density":3},"geometry":{"type":"Polygon","coordinates":[[[-122.903,42.582],[-123.055,42.645],[-123.062,42.706],[-122.984,42.741],[-122.8,42.697],[-122.704,42.699],[-122.648,42.652],[-122.69,42.598],[-122.723,42.585],[-122.903,42.582]]]}},{"type":"Feature","properties":{"density":3},"geometry":{"type":"Polygon","coordinates":[[[-58.467,35.685],[-58.351,36.646],[-57.659,39.491],[-57.275,40.836],[-56.698,42.259],[-55.959,43.96],[-55.045,45.949],[-54.661,46.372],[-53.892,46.68],[-53.238,46.834],[-52.431,46.372],[-52.162,45.565],[-51.931,44.95],[-51.662,44.45],[-51.201,43.835],[-49.855,42.951],[-48.471,42.643],[-47.703,42.836],[-47.395,43.143],[-47.318,43.489],[-46.049,44.911],[-45.319,45.565],[-43.704,45.911],[-42.359,46.257],[-40.86,46.411],[-39.399,46.219],[-37.173,45.479],[-34.867,44.287],[-33.132,43.066],[-32.594,42.028],[-32.171,41.336],[-31.556,39.952],[-31.441,39.068],[-31.556,38.53],[-31.864,37.53],[-32.671,36.531],[-33.594,35.839],[-34.44,35.301],[-35.67,34.609],[-37.054,33.455],[-37.553,32.61],[-38.13,32.071],[-39.36,31.379],[-40.437,30.995],[-41.052,30.649],[-41.59,30.265],[-43.128,28.996],[-43.551,28.419],[-44.05,27.881],[-44.512,27.304],[-45.127,26.882],[-45.896,26.42],[-47.318,25.382],[-47.818,24.69],[-48.318,23.614],[-48.51,23.114],[-48.856,22.537],[-49.279,22.076],[-49.932,21.73],[-50.47,21.615],[-51.355,21.653],[-52.2,21.884],[-53.123,22.076],[-53.892,22.307],[-55.122,22.883],[-55.507,23.422],[-55.853,24.344],[-55.891,24.959],[-55.891,25.805],[-55.737,26.651],[-55.545,27.458],[-55.122,28.419],[-53.738,30.034],[-53.354,30.534],[-51.739,32.148],[-51.201,33.071],[-50.663,33.724],[-50.009,34.263],[-49.125,34.916],[-47.741,35.8],[-46.707,36.675],[-45.938,37.367],[-45.434,38.222],[-45.742,38.645],[-46.934,39.107],[-47.587,39.299],[-48.587,39.453],[-49.625,39.453],[-50.547,39.222],[-51.355,38.914],[-52.162,38.376],[-52.892,37.761],[-53.2,37.415],[-53.661,37.146],[-55.122,36.531],[-56.814,35.608],[-57.178,35.45],[-57.281,35.348],[-57.463,35.234],[-57.725,35.108],[-57.987,35.063],[-58.146,35.063],[-58.317,35.188],[-58.42,35.325],[-58.467,35.685]]]}},{"type":"Feature","properties":{"density":3},"geometry":{"type":"Polygon","coordinates":[[[-79.674,33.188],[-79.668,33.22],[-79.591,33.327],[-79.544,33.32],[-79.544,33.256],[-79.617,33.219],[-79.647,33.176],[-79.663,33.17],[-79.674,33.188]]]}}]}