{"type":"FeatureCollection","features":[{"type":"Feature","properties":{"density":1},"geometry":{"type":"Polygon","coordinates":[[[-71.622,18.069],[-71.713,18.093],[-71.787,18.132],[-71.815,18.168],[-71.807,18.233],[-71.726,18.269],[-71.682,18.268],[-71.633,18.24],[-71.594,18.179],[-71.603,18.086],[-71.622,18.069]]]}},{"type":"Feature","properties":{"density":1},"geometry":{"type":"Polygon","coordinates":[[[-83.243,31.439],[-83.275,31.503],[-83.289,31.662],[-83.265,31.744],[-83.234,31.766],[-83.19,31.737],[-83.174,31.645],[-83.202,31.451],[-83.243,31.439]]]}},{"type":"Feature","properties":{"density":1},"geometry":{"type":"Polygon","coordinates":[[[-82.293,52.244],[-82.323,52.437],[-82.315,52.561],[-82.232,52.771],[-82.05,52.93],[-81.929,52.961],[-81.766,52.939],[-81.719,52.889],[-81.672,52.79],[-81.664,52.635],[-81.697,52.556],[-81.909,52.443],[-82.031,52.396],[-82.122,52.341],[-82.248,52.233],[-82.293,52.244]]]}},{"type":"Feature","properties":{"density":1},"geometry":{"type":"Polygon","coordinates":[[[-83.527,51.241],[-83.563,51.302],[-83.563,51.451],[-83.546,51.643],[-83.497,51.781],[-83.431,51.905],[-83.359,51.993],[-83.274,52.049],[-83.172,52.06],[-83.097,51.999],[-83.092,51.938],[-83.13,51.787],[-83.218,51.55],[-83.453,51.233],[-83.494,51.222],[-83.527,51.241]]]}},{"type":"Feature","properties":{"density":1},"geometry":{"type":"Polygon","coordinates":[[[-78.419,51.623],[-78.488,51.715],[-78.498,51.83],[-78.425,51.913],[-78.312,51.934],[-78.265,51.919],[-78.238,51.891],[-78.216,51.798],[-78.233,51.739],[-78.303,51.653],[-78.343,51.628],[-78.38,51.613],[-78.419,51.623]]]}},{"type":"Feature","properties":{"density":1},"geometry":{"type":"Polygon","coordinates":[[[-120.84,71.392],[-126.396,71.392],[-130.681,71.015],[-134.259,70.78],[-137.131,69.932],[-141.133,68.049],[-141.887,64.988],[-141.227,61.881],[-139.909,60.186],[-137.367,58.255],[-133.694,56.231],[-131.293,54.818],[-128.374,52.841],[-126.067,50.675],[-124.654,48.274],[-124.419,47.002],[-124.748,44.978],[-124.937,43.565],[-124.89,42.529],[-123.854,41.964],[-122.63,41.494],[-121.405,41.352],[-120.078,41.26],[-118.906,40.688],[-118.223,40.2],[-117.497,39.711],[-116.884,39.195],[-116.395,38.735],[-115.07,38.065],[-114.107,37.41],[-113.424,36.712],[-112.685,36.196],[-112.099,35.666],[-111.652,35.136],[-111.234,34.508],[-111.052,33.908],[-110.815,32.792],[-110.606,31.076],[-110.327,29.96],[-109.096,28.014],[-108.698,27.177],[-108.447,26.005],[-108.447,24.833],[-108.614,24.184],[-109.054,23.64],[-109.451,23.494],[-110.121,23.578],[-111.084,23.598],[-111.565,23.18],[-111.753,22.301],[-111.628,21.422],[-110.665,20.041],[-109.786,18.66],[-108.614,17.342],[-105.643,15.27],[-104.262,14.705],[-101.855,14.286],[-99.198,14.119],[-97.775,14.307],[-97.042,14.558],[-96.749,15.312],[-96.98,16.191],[-97.817,16.965],[-98.507,17.551],[-99.261,18.388],[-99.616,19.078],[-99.679,19.518],[-99.574,19.832],[-99.302,20.146],[-98.444,20.062],[-97.293,19.664],[-96.08,19.434],[-95.306,19.643],[-94.761,20.146],[-94.531,21.066],[-94.406,22.196],[-93.945,23.661],[-93.171,25.147],[-92.041,26.779],[-90.262,27.553],[-88.756,27.909],[-87.019,27.993],[-85.889,27.553],[-85.01,26.905],[-84.34,26.319],[-83.294,25.503],[-82.52,25.314],[-82.185,25.356],[-81.746,25.775],[-81.746,26.507],[-81.955,27.302],[-82.164,28.014],[-82.185,28.663],[-81.997,29.541],[-81.662,30.232],[-81.16,31.174],[-80.825,31.969],[-80.385,33.099],[-80.03,34.187],[-79.611,35.401],[-78.795,37.179],[-78.251,37.975],[-77.581,38.456],[-76.849,38.895],[-74.798,39.628],[-73.856,40.067],[-71.848,42.327],[-71.262,44.671],[-70.487,46.261],[-69.881,48.228],[-69.253,50.07],[-68.583,53.816],[-68.939,55.322],[-69.546,56.536],[-71.031,57.519],[-72.664,58.168],[-75.175,58.838],[-78.104,59.214],[-82.415,59.863],[-84.884,60.156],[-86.998,60.24],[-91.476,61.286],[-94.594,61.935],[-97.691,62.667],[-101.207,63.232],[-107.401,63.483],[-109.87,64.153],[-111.9,64.613],[-113.302,65.116],[-114.557,65.911],[-115.959,66.894],[-117.11,68.213],[-117.843,69.51],[-118.45,70.18],[-119.203,70.745],[-119.789,71.121],[-120.249,71.351],[-120.84,71.392]]]}},{"type":"Feature","properties":{"density":1},"geometry":{"type":"Polygon","coordinates":[[[-82.311,52.267],[-82.312,52.347],[-82.253,52.562],[-82.1,52.953],[-81.989,53.155],[-81.958,53.357],[-81.921,53.403],[-81.868,53.434],[-81.811,53.418],[-81.699,53.341],[-81.565,53.208],[-81.475,53.028],[-81.446,52.907],[-81.517,52.674],[-81.565,52.597],[-81.616,52.549],[-81.677,52.519],[-81.901,52.461],[-82.076,52.381],[-82.223,52.24],[-82.289,52.236],[-82.307,52.243],[-82.311,52.267]]]}},{"type":"Feature","properties":{"density":1},"geometry":{"type":"Polygon","coordinates":[[[-83.561,51.316],[-83.55,51.696],[-83.497,51.92],[-83.416,52.052],[-83.354,52.065],[-83.295,52.023],[-83.28,51.964],[-83.28,51.896],[-83.353,51.494],[-83.412,51.337],[-83.457,51.276],[-83.519,51.264],[-83.561,51.316]]]}},{"type":"Feature","properties":{"density":1},"geometry":{"type":"Polygon","coordinates":[[[-84.649,52.407],[-84.625,52.509],[-84.585,52.573],[-84.519,52.605],[-84.463,52.59],[-84.461,52.532],[-84.57,52.39],[-84.626,52.381],[-84.649,52.407]]]}},{"type":"Feature","properties":{"density":1},"geometry":{"type":"Polygon","coordinates":[[[-118.028,46.091],[-117.952,46.21],[-117.881,46.222],[-117.855,46.199],[-117.852,46.123],[-117.886,46.036],[-117.92,45.995],[-118.001,45.958],[-118.144,45.954],[-118.185,46.014],[-118.172,46.073],[-118.028,46.091]]]}},{"type":"Feature","properties":{"density":1},"geometry":{"type":"Polygon","coordinates":[[[-115.26,46.007],[-115.68,46.049],[-115.892,45.992],[-115.949,46.0],[-116.054,46.061],[-116.229,46.254],[-116.243,46.318],[-116.235,46.421],[-116.02,46.476],[-115.761,46.509],[-115.626,46.414],[-115.52,46.412],[-114.89,46.587],[-114.775,46.587],[-114.71,46.562],[-114.7,46.514],[-115.095,46.408],[-115.242,46.342],[-115.252,46.305],[-115.217,46.289],[-115.134,46.338],[-114.986,46.376],[-114.864,46.368],[-114.789,46.318],[-114.742,46.315],[-114.687,46.339],[-114.645,46.318],[-114.639,46.267],[-114.654,46.215],[-114.914,46.057],[-115.11,46.045],[-115.26,46.007]]]}},{"type":"Feature","properties":{"density":1},"geometry":{"type":"Polygon","coordinates":[[[-120.826,38.126],[-121.105,38.394],[-121.244,38.59],[-121.369,38.873],[-121.412,39.095],[-121.376,39.331],[-121.323,39.481],[-121.233,39.535],[-121.119,39.527],[-120.958,39.409],[-120.818,39.248],[-120.604,38.798],[-120.543,38.587],[-120.515,38.358],[-120.54,38.19],[-120.604,38.09],[-120.665,38.075],[-120.711,38.075],[-120.826,38.126]]]}},{"type":"Feature","properties":{"density":1},"geometry":{"type":"Polygon","coordinates":[[[-88.719,31.899],[-88.772,31.985],[-88.767,32.019],[-88.725,32.055],[-88.675,32.043],[-88.637,31.955],[-88.663,31.886],[-88.719,31.899]]]}},{"type":"Feature","properties":{"density":1},"geometry":{"type":"Polygon","coordinates":[[[-89.023,31.621],[-88.997,31.776],[-88.923,31.799],[-88.849,31.768],[-88.834,31.721],[-88.859,31.689],[-88.993,31.604],[-89.023,31.621]]]}},{"type":"Feature","properties":{"density":1},"geometry":{"type":"Polygon","coordinates":[[[-88.247,33.072],[-88.3,33.167],[-88.312,33.265],[-88.284,33.316],[-88.221,33.329],[-88.183,33.31],[-88.147,33.246],[-88.205,33.074],[-88.231,33.06],[-88.247,33.072]]]}},{"type":"Feature","properties":{"density":1},"geometry":{"type":"Polygon","coordinates":[[[-90.91,33.197],[-90.923,33.339],[-90.911,33.358],[-90.862,33.37],[-90.832,33.354],[-90.826,33.288],[-90.869,33.198],[-90.91,33.197]]]}},{"type":"Feature","properties":{"density":1},"geometry":{"type":"Polygon","coordinates":[[[-90.806,33.397],[-90.797,33.459],[-90.762,33.513],[-90.713,33.527],[-90.666,33.484],[-90.671,33.453],[-90.71,33.41],[-90.775,33.386],[-90.806,33.397]]]}},{"type":"Feature","properties":{"density":1},"geometry":{"type":"Polygon","coordinates":[[[-75.937,20.805],[-76.19,20.846],[-76.258,20.838],[-76.299,20.812],[-76.268,20.761],[-75.989,20.73],[-75.936,20.745],[-75.937,20.805]]]}},{"type":"Feature","properties":{"density":1},"geometry":{"type":"Polygon","coordinates":[[[-71.484,19.719],[-71.698,19.761],[-71.769,19.744],[-71.79,19.688],[-71.721,19.645],[-71.613,19.616],[-71.553,19.616],[-71.473,19.627],[-71.426,19.665],[-71.43,19.693],[-71.484,19.719]]]}},{"type":"Feature","properties":{"density":1},"geometry":{"type":"Polygon","coordinates":[[[-124.617,52.394],[-124.65,52.461],[-124.71,52.457],[-124.7,52.413],[-124.668,52.378],[-124.624,52.374],[-124.617,52.394]]]}},{"type":"Feature","properties":{"density":1},"geometry":{"type":"Polygon","coordinates":[[[-145.401,64.479],[-145.292,64.512],[-145.235,64.512],[-145.206,64.482],[-145.213,64.444],[-145.37,64.363],[-145.601,64.33],[-145.631,64.355],[-145.617,64.395],[-145.401,64.479]]]}},{"type":"Feature","properties":{"density":1},"geometry":{"type":"Polygon","coordinates":[[[-113.746,46.051],[-113.736,46.123],[-113.667,46.208],[-113.602,46.251],[-113.454,46.303],[-113.19,46.303],[-112.951,46.271],[-112.81,46.229],[-112.735,46.19],[-112.678,46.142],[-112.656,46.094],[-112.678,46.027],[-112.725,46.001],[-113.25,46.028],[-113.678,45.992],[-113.722,46.0],[-113.748,46.027],[-113.746,46.051]]]}},{"type":"Feature","properties":{"density":1},"geometry":{"type":"Polygon","coordinates":[[[-115.201,46.272],[-115.077,46.36],[-114.981,46.385],[-114.871,46.391],[-114.802,46.365],[-114.766,46.318],[-114.766,46.232],[-114.852,46.136],[-115.008,46.056],[-115.214,45.986],[-115.293,45.977],[-115.671,46.042],[-115.955,46.066],[-116.034,46.128],[-116.099,46.216],[-116.153,46.329],[-116.149,46.381],[-116.053,46.373],[-115.926,46.312],[-115.822,46.292],[-115.668,46.287],[-115.315,46.238],[-115.201,46.272]]]}},{"type":"Feature","properties":{"density":1},"geometry":{"type":"Polygon","coordinates":[[[-122.247,46.146],[-122.102,46.183],[-121.978,46.17],[-121.948,46.103],[-121.84,45.965],[-121.669,45.802],[-121.639,45.748],[-121.643,45.708],[-121.668,45.68],[-121.725,45.658],[-121.899,45.639],[-121.991,45.663],[-122.207,45.798],[-122.57,45.83],[-122.643,45.862],[-122.676,45.937],[-122.663,46.008],[-122.623,46.057],[-122.446,46.114],[-122.247,46.146]]]}},{"type":"Feature","properties":{"density":1},"geometry":{"type":"Polygon","coordinates":[[[-122.634,43.225],[-122.461,43.359],[-122.375,43.396],[-122.258,43.422],[-122.207,43.416],[-122.171,43.4],[-122.143,43.361],[-122.143,43.329],[-122.176,43.263],[-122.221,43.217],[-122.589,42.918],[-122.72,42.879],[-123.036,42.886],[-123.054,42.91],[-123.051,42.949],[-122.94,43.078],[-122.921,43.128],[-122.806,43.186],[-122.634,43.225]]]}},{"type":"Feature","properties":{"density":1},"geometry":{"type":"Polygon","coordinates":[[[-107.347,38.169],[-107.227,38.148],[-106.95,38.015],[-106.788,37.965],[-106.624,37.88],[-106.5,37.844],[-106.343,37.731],[-106.334,37.67],[-106.37,37.63],[-106.588,37.614],[-107.047,37.765],[-107.22,37.886],[-107.413,38.07],[-107.425,38.143],[-107.347,38.169]]]}},{"type":"Feature","properties":{"density":1},"geometry":{"type":"Polygon","coordinates":[[[-111.347,39.369],[-111.337,39.446],[-111.306,39.46],[-111.249,39.474],[-110.983,39.462],[-110.932,39.447],[-110.874,39.383],[-110.88,39.25],[-110.907,39.217],[-110.988,39.208],[-111.226,39.296],[-111.347,39.369]]]}},{"type":"Feature","properties":{"density":1},"geometry":{"type":"Polygon","coordinates":[[[-82.333,52.257],[-82.345,52.442],[-82.311,52.667],[-82.209,52.863],[-82.0,53.356],[-81.94,53.432],[-81.87,53.482],[-81.656,53.536],[-81.562,53.54],[-81.469,53.52],[-81.393,53.48],[-81.316,53.414],[-81.132,53.25],[-81.053,53.151],[-81.028,53.09],[-81.026,53.036],[-81.085,52.883],[-81.163,52.809],[-81.514,52.6],[-81.901,52.454],[-82.007,52.395],[-82.113,52.325],[-82.201,52.224],[-82.241,52.204],[-82.311,52.22],[-82.333,52.257]]]}},{"type":"Feature","properties":{"density":1},"geometry":{"type":"Polygon","coordinates":[[[-83.555,51.354],[-83.405,51.716],[-83.249,51.932],[-83.11,52.076],[-82.936,52.203],[-82.786,52.262],[-82.678,52.256],[-82.639,52.218],[-82.636,52.151],[-82.676,52.074],[-82.966,51.729],[-83.09,51.537],[-83.156,51.474],[-83.279,51.369],[-83.464,51.254],[-83.501,51.251],[-83.564,51.288],[-83.555,51.354]]]}},{"type":"Feature","properties":{"density":1},"geometry":{"type":"Polygon","coordinates":[[[-122.621,62.492],[-122.463,62.504],[-122.152,62.467],[-121.758,62.383],[-121.261,62.309],[-120.654,62.261],[-120.117,62.096],[-119.942,61.998],[-119.658,61.806],[-118.919,61.408],[-118.595,61.186],[-118.514,60.939],[-118.669,60.7],[-118.878,60.568],[-119.287,60.452],[-119.52,60.301],[-119.854,60.216],[-120.148,60.247],[-120.516,60.422],[-120.792,60.604],[-121.531,61.208],[-121.754,61.414],[-122.068,61.759],[-122.244,61.921],[-122.581,62.184],[-122.74,62.339],[-122.753,62.396],[-122.728,62.443],[-122.621,62.492]]]}},{"type":"Feature","properties":{"density":1},"geometry":{"type":"Polygon","coordinates":[[[-88.715,31.889],[-88.79,31.918],[-88.834,31.973],[-88.849,32.063],[-88.818,32.15],[-88.761,32.151],[-88.616,32.037],[-88.395,32.045],[-88.366,32.032],[-88.335,31.981],[-88.334,31.921],[-88.441,31.875],[-88.691,31.874],[-88.715,31.889]]]}},{"type":"Feature","properties":{"density":1},"geometry":{"type":"Polygon","coordinates":[[[-89.026,31.609],[-89.086,31.667],[-89.109,31.713],[-89.108,31.756],[-89.072,31.789],[-89.038,31.797],[-88.932,31.777],[-88.922,31.728],[-88.967,31.624],[-89.026,31.609]]]}},{"type":"Feature","properties":{"density":1},"geometry":{"type":"Polygon","coordinates":[[[-90.921,33.206],[-90.976,33.328],[-90.994,33.427],[-90.945,33.501],[-90.909,33.506],[-90.845,33.459],[-90.836,33.348],[-90.856,33.195],[-90.894,33.189],[-90.921,33.206]]]}},{"type":"Feature","properties":{"density":1},"geometry":{"type":"Polygon","coordinates":[[[-90.797,33.37],[-90.84,33.447],[-90.839,33.546],[-90.804,33.61],[-90.745,33.616],[-90.7,33.562],[-90.707,33.449],[-90.744,33.373],[-90.797,33.37]]]}},{"type":"Feature","properties":{"density":1},"geometry":{"type":"Polygon","coordinates":[[[-86.627,31.563],[-86.711,31.703],[-86.734,31.787],[-86.744,31.851],[-86.713,31.938],[-86.65,31.94],[-86.588,31.887],[-86.546,31.817],[-86.443,31.614],[-86.426,31.554],[-86.441,31.473],[-86.515,31.443],[-86.566,31.472],[-86.627,31.563]]]}},{"type":"Feature","properties":{"density":1},"geometry":{"type":"Polygon","coordinates":[[[-92.573,45.918],[-92.588,45.943],[-92.582,46.022],[-92.533,46.155],[-92.465,46.213],[-92.415,46.211],[-92.393,46.151],[-92.417,46.091],[-92.539,45.915],[-92.573,45.918]]]}},{"type":"Feature","properties":{"density":1},"geometry":{"type":"Polygon","coordinates":[[[-91.814,48.193],[-91.761,48.235],[-91.481,48.368],[-91.425,48.385],[-91.401,48.362],[-91.421,48.333],[-91.54,48.255],[-91.785,48.132],[-91.83,48.138],[-91.814,48.193]]]}},{"type":"Feature","properties":{"density":1},"geometry":{"type":"Polygon","coordinates":[[[-120.61,59.003],[-120.336,59.038],[-119.658,59.059],[-119.162,59.023],[-118.757,58.902],[-118.281,58.659],[-117.795,58.299],[-117.613,57.955],[-117.506,57.687],[-117.177,57.074],[-116.281,56.082],[-116.038,55.672],[-115.957,55.429],[-116.048,55.201],[-116.296,55.125],[-116.924,55.257],[-117.886,55.495],[-118.235,55.657],[-118.919,56.087],[-119.825,56.441],[-120.362,56.598],[-121.809,57.236],[-122.358,57.606],[-122.726,57.882],[-123.009,58.132],[-123.326,58.709],[-123.387,58.851],[-123.31,58.932],[-123.094,58.902],[-122.837,58.713],[-121.906,58.146],[-121.548,57.984],[-121.183,57.845],[-120.95,57.771],[-120.721,57.757],[-120.535,57.845],[-120.542,57.977],[-120.68,58.085],[-121.038,58.23],[-121.264,58.378],[-121.457,58.513],[-121.525,58.654],[-121.498,58.857],[-121.424,58.961],[-121.272,59.012],[-121.042,59.009],[-120.88,58.975],[-120.712,58.978],[-120.61,59.003]]]}},{"type":"Feature","properties":{"density":1},"geometry":{"type":"Polygon","coordinates":[[[-113.921,46.187],[-113.81,46.25],[-113.72,46.273],[-113.374,46.299],[-113.317,46.291],[-113.309,46.277],[-113.327,46.209],[-113.399,46.175],[-113.903,46.152],[-113.921,46.187]]]}},{"type":"Feature","properties":{"density":1},"geometry":{"type":"Polygon","coordinates":[[[-115.249,46.812],[-115.235,46.847],[-115.209,46.864],[-115.053,46.922],[-114.98,46.922],[-114.948,46.897],[-114.949,46.873],[-115.035,46.792],[-115.231,46.762],[-115.25,46.772],[-115.249,46.812]]]}},{"type":"Feature","properties":{"density":1},"geometry":{"type":"Polygon","coordinates":[[[-105.42,47.606],[-105.151,47.568],[-105.123,47.543],[-105.115,47.506],[-105.136,47.467],[-105.198,47.426],[-105.249,47.41],[-105.297,47.423],[-105.457,47.532],[-105.47,47.553],[-105.462,47.596],[-105.42,47.606]]]}},{"type":"Feature","properties":{"density":1},"geometry":{"type":"Polygon","coordinates":[[[-105.749,47.961],[-105.612,47.993],[-105.397,47.966],[-105.16,47.978],[-104.945,47.963],[-104.863,47.932],[-104.787,47.858],[-104.763,47.809],[-104.757,47.716],[-104.773,47.623],[-104.871,47.545],[-104.925,47.541],[-105.031,47.539],[-105.246,47.61],[-105.484,47.706],[-105.723,47.827],[-105.768,47.925],[-105.749,47.961]]]}},{"type":"Feature","properties":{"density":1},"geometry":{"type":"Polygon","coordinates":[[[-121.823,46.051],[-121.657,46.062],[-121.553,46.006],[-121.446,45.994],[-121.407,45.976],[-121.377,45.934],[-121.374,45.892],[-121.417,45.802],[-121.451,45.778],[-121.566,45.763],[-121.932,45.798],[-122.161,45.871],[-122.171,45.91],[-122.112,45.97],[-121.971,46.022],[-121.823,46.051]]]}},{"type":"Feature","properties":{"density":1},"geometry":{"type":"Polygon","coordinates":[[[-122.591,43.13],[-122.614,43.272],[-122.502,43.731],[-122.443,43.829],[-122.377,43.871],[-122.309,43.886],[-122.223,43.867],[-122.149,43.82],[-122.109,43.749],[-122.074,43.571],[-121.969,43.371],[-121.967,43.312],[-121.987,43.242],[-122.081,43.173],[-122.291,43.154],[-122.533,43.1],[-122.591,43.13]]]}},{"type":"Feature","properties":{"density":1},"geometry":{"type":"Polygon","coordinates":[[[-123.038,42.217],[-123.017,42.375],[-122.969,42.47],[-122.893,42.543],[-122.853,42.564],[-122.786,42.571],[-122.676,42.282],[-122.659,42.193],[-122.67,42.142],[-122.754,42.071],[-122.875,42.071],[-122.963,42.093],[-123.028,42.167],[-123.038,42.217]]]}},{"type":"Feature","properties":{"density":1},"geometry":{"type":"Polygon","coordinates":[[[-99.897,46.263],[-99.84,46.323],[-99.765,46.368],[-99.596,46.434],[-99.354,46.445],[-99.311,46.431],[-99.264,46.355],[-99.261,46.305],[-99.281,46.272],[-99.407,46.238],[-99.84,46.193],[-99.887,46.22],[-99.897,46.263]]]}},{"type":"Feature","properties":{"density":1},"geometry":{"type":"Polygon","coordinates":[[[-120.909,63.149],[-120.626,63.126],[-120.552,63.096],[-120.501,63.042],[-120.486,62.972],[-120.501,62.825],[-120.547,62.658],[-120.565,62.469],[-120.637,62.313],[-120.711,62.25],[-120.774,62.219],[-120.855,62.212],[-120.914,62.271],[-120.952,62.363],[-120.968,62.471],[-120.956,62.577],[-120.989,62.976],[-120.959,63.101],[-120.94,63.138],[-120.909,63.149]]]}},{"type":"Feature","properties":{"density":1},"geometry":{"type":"Polygon","coordinates":[[[-122.404,62.551],[-121.958,62.527],[-120.878,62.328],[-120.51,62.244],[-119.886,61.842],[-119.359,61.538],[-119.167,61.363],[-119.076,61.187],[-119.099,61.106],[-119.174,61.022],[-119.373,60.998],[-119.67,61.022],[-120.277,61.106],[-120.929,61.228],[-121.168,61.292],[-121.452,61.409],[-121.643,61.508],[-121.866,61.657],[-122.053,61.875],[-122.644,62.244],[-122.698,62.334],[-122.705,62.442],[-122.669,62.487],[-122.606,62.523],[-122.404,62.551]]]}},{"type":"Feature","properties":{"density":1},"geometry":{"type":"Polygon","coordinates":[[[-78.662,51.643],[-78.658,51.733],[-78.622,51.853],[-78.383,52.525],[-78.217,52.748],[-77.885,52.96],[-77.743,53.028],[-77.483,53.109],[-77.148,53.138],[-77.047,53.118],[-76.941,53.019],[-76.93,52.924],[-76.947,52.805],[-77.019,52.61],[-77.182,52.457],[-77.292,52.323],[-77.877,51.919],[-78.338,51.623],[-78.468,51.578],[-78.587,51.584],[-78.648,51.608],[-78.662,51.643]]]}},{"type":"Feature","properties":{"density":1},"geometry":{"type":"Polygon","coordinates":[[[-78.749,50.299],[-78.711,50.357],[-78.44,50.587],[-78.272,50.69],[-78.084,50.839],[-77.674,51.095],[-77.568,51.127],[-77.508,51.127],[-77.463,51.086],[-77.411,51.003],[-77.397,50.904],[-77.436,50.722],[-77.595,50.54],[-77.674,50.483],[-77.874,50.402],[-78.205,50.342],[-78.585,50.184],[-78.7,50.186],[-78.736,50.204],[-78.759,50.261],[-78.749,50.299]]]}},{"type":"Feature","properties":{"density":1},"geometry":{"type":"Polygon","coordinates":[[[-86.63,31.571],[-86.646,31.682],[-86.743,31.955],[-86.767,32.094],[-86.761,32.156],[-86.707,32.196],[-86.658,32.199],[-86.578,32.132],[-86.424,31.73],[-86.395,31.586],[-86.4,31.455],[-86.436,31.404],[-86.485,31.407],[-86.619,31.533],[-86.63,31.571]]]}},{"type":"Feature","properties":{"density":1},"geometry":{"type":"Polygon","coordinates":[[[-88.833,32.297],[-88.871,32.328],[-88.909,32.334],[-88.992,32.288],[-88.999,32.239],[-88.946,32.032],[-88.854,31.903],[-88.742,31.86],[-88.43,31.857],[-88.113,31.774],[-88.049,31.785],[-88.021,31.81],[-88.007,31.891],[-88.023,31.927],[-88.083,31.99],[-88.188,32.057],[-88.295,32.093],[-88.594,32.126],[-88.773,32.231],[-88.833,32.297]]]}},{"type":"Feature","properties":{"density":1},"geometry":{"type":"Polygon","coordinates":[[[-107.368,38.205],[-107.112,38.295],[-106.972,38.322],[-106.659,38.302],[-106.266,38.23],[-106.108,38.151],[-106.025,38.057],[-105.989,37.908],[-105.991,37.798],[-106.032,37.737],[-106.102,37.681],[-106.248,37.604],[-106.407,37.562],[-106.862,37.559],[-107.132,37.627],[-107.319,37.766],[-107.413,37.937],[-107.451,38.079],[-107.445,38.133],[-107.418,38.178],[-107.368,38.205]]]}},{"type":"Feature","properties":{"density":1},"geometry":{"type":"Polygon","coordinates":[[[-107.98,39.574],[-107.905,39.623],[-107.695,39.673],[-107.626,39.674],[-107.554,39.632],[-107.452,39.464],[-107.389,39.277],[-107.348,39.1],[-107.372,39.032],[-107.476,38.998],[-107.684,39.004],[-107.81,39.07],[-107.89,39.163],[-108.01,39.374],[-108.068,39.434],[-108.05,39.529],[-107.98,39.574]]]}},{"type":"Feature","properties":{"density":1},"geometry":{"type":"Polygon","coordinates":[[[-128.262,61.577],[-129.903,62.328],[-132.705,63.729],[-134.755,64.652],[-136.053,65.455],[-139.445,67.317],[-140.06,68.343],[-140.163,69.752],[-139.419,70.931],[-137.318,71.751],[-133.935,72.674],[-129.937,72.264],[-126.349,71.777],[-119.967,71.726],[-117.507,71.674],[-115.303,71.111],[-114.149,70.188],[-113.355,69.086],[-112.894,67.728],[-112.958,66.715],[-113.265,65.677],[-113.034,64.678],[-112.112,62.948],[-111.881,61.295],[-111.074,59.834],[-110.151,58.373],[-105.0,55.221],[-103.308,55.182],[-102.04,55.49],[-100.617,55.951],[-98.349,56.951],[-95.966,58.142],[-92.634,59.885],[-91.532,60.603],[-90.327,61.038],[-88.61,61.705],[-87.098,61.935],[-84.689,61.935],[-82.536,61.73],[-79.794,61.064],[-74.476,59.142],[-72.938,58.565],[-71.439,58.027],[-69.517,57.297],[-66.403,56.335],[-63.443,55.374],[-61.059,55.067],[-58.791,54.49],[-57.176,53.222],[-56.369,52.184],[-55.754,50.531],[-56.292,48.596],[-56.446,47.801],[-56.651,46.981],[-56.728,46.161],[-56.497,45.443],[-55.754,44.572],[-54.037,43.649],[-53.063,43.342],[-51.628,42.957],[-50.372,42.342],[-49.218,41.394],[-49.039,40.522],[-49.321,39.805],[-49.834,38.959],[-50.295,38.293],[-51.064,37.857],[-51.781,37.498],[-52.448,37.191],[-53.575,36.755],[-54.806,36.729],[-55.856,36.832],[-57.471,36.934],[-59.086,37.524],[-60.393,38.036],[-61.93,38.908],[-62.751,39.446],[-67.594,40.907],[-68.927,40.727],[-71.259,39.549],[-72.156,39.036],[-73.361,38.498],[-74.412,37.985],[-78.692,37.088],[-79.537,36.627],[-80.819,35.986],[-82.203,35.345],[-83.715,34.5],[-84.168,33.479],[-84.259,32.059],[-83.834,30.373],[-84.13,29.47],[-85.413,28.657],[-87.038,27.829],[-88.397,27.23],[-89.558,26.523],[-90.105,26.239],[-93.203,24.712],[-93.568,24.348],[-93.875,23.733],[-94.012,23.14],[-94.092,22.616],[-94.069,22.229],[-94.416,21.619],[-94.724,21.175],[-95.294,20.736],[-95.647,20.406],[-96.931,20.378],[-97.535,20.446],[-98.708,21.027],[-99.209,21.426],[-99.597,21.836],[-100.041,22.405],[-100.497,22.907],[-101.021,23.317],[-101.806,23.727],[-102.285,23.772],[-102.832,23.658],[-103.606,22.998],[-103.64,22.588],[-103.561,22.132],[-103.051,21.592],[-102.561,21.398],[-101.946,21.204],[-101.376,20.919],[-100.055,19.928],[-99.474,19.439],[-99.201,18.926],[-98.893,18.174],[-98.665,17.514],[-98.631,16.785],[-98.779,16.09],[-99.24,15.23],[-99.984,14.769],[-101.291,14.23],[-102.828,13.948],[-105.033,13.718],[-107.262,13.692],[-109.133,13.615],[-110.543,13.615],[-112.234,14.0],[-112.978,14.589],[-113.721,15.614],[-114.003,16.486],[-114.182,17.665],[-113.251,21.048],[-112.909,21.441],[-112.67,22.278],[-112.755,23.098],[-112.943,24.021],[-112.978,24.841],[-112.772,25.507],[-112.587,26.419],[-112.228,27.222],[-111.698,28.316],[-111.152,29.683],[-110.707,30.93],[-110.895,32.758],[-111.409,34.42],[-112.04,35.202],[-112.655,35.848],[-113.543,37.234],[-113.976,37.587],[-114.375,37.735],[-114.694,37.735],[-115.035,37.632],[-115.366,37.45],[-115.559,37.302],[-115.89,37.12],[-116.209,37.006],[-116.539,37.051],[-116.79,37.165],[-117.074,37.245],[-117.553,37.313],[-118.521,37.701],[-118.863,38.265],[-119.7,39.905],[-119.905,40.605],[-119.871,40.981],[-119.751,41.425],[-119.82,41.801],[-120.057,42.103],[-120.269,42.189],[-120.507,42.235],[-120.841,42.24],[-121.1,42.21],[-121.363,42.23],[-121.606,42.22],[-122.665,41.867],[-123.485,41.815],[-124.323,42.14],[-124.852,42.789],[-125.977,44.031],[-126.903,46.07],[-127.441,47.185],[-127.674,48.875],[-127.308,50.935],[-126.915,51.892],[-126.334,52.78],[-125.6,54.113],[-125.566,56.693],[-125.89,57.803],[-126.386,59.017],[-127.018,60.281],[-128.043,61.255],[-128.262,61.577]]]}},{"type":"Feature","properties":{"density":1},"geometry":{"type":"Polygon","coordinates":[[[-116.293,37.21],[-116.298,37.366],[-116.286,37.413],[-116.183,37.652],[-116.128,37.731],[-116.091,37.757],[-116.037,37.758],[-115.906,37.692],[-115.847,37.619],[-115.796,37.377],[-115.851,37.209],[-115.901,37.157],[-116.005,37.103],[-116.188,37.09],[-116.23,37.099],[-116.27,37.132],[-116.289,37.155],[-116.293,37.21]]]}},{"type":"Feature","properties":{"density":1},"geometry":{"type":"Polygon","coordinates":[[[-82.354,52.274],[-82.3,52.69],[-82.17,53.2],[-81.91,53.561],[-81.627,53.784],[-81.451,53.858],[-80.844,53.919],[-80.644,53.902],[-80.476,53.858],[-80.347,53.777],[-80.273,53.689],[-80.226,53.558],[-80.246,53.342],[-80.317,53.193],[-80.412,53.072],[-80.516,52.984],[-80.767,52.813],[-81.037,52.714],[-81.294,52.673],[-81.674,52.547],[-81.919,52.433],[-82.214,52.223],[-82.322,52.214],[-82.356,52.235],[-82.354,52.274]]]}},{"type":"Feature","properties":{"density":2},"geometry":{"type":"Polygon","coordinates":[[[-123.043,51.998],[-121.666,52.259],[-121.238,52.277],[-120.457,52.212],[-119.62,52.045],[-119.071,51.849],[-118.792,51.803],[-118.551,51.812],[-118.42,51.961],[-118.365,52.119],[-118.365,52.249],[-118.504,52.547],[-118.523,52.733],[-118.495,52.863],[-118.327,52.965],[-118.114,52.975],[-117.658,52.807],[-116.644,52.38],[-115.863,51.97],[-115.314,51.719],[-114.272,51.077],[-113.287,50.826],[-112.636,50.761],[-112.003,50.65],[-110.766,50.389],[-109.492,50.203],[-108.776,50.12],[-107.678,49.841],[-107.251,49.701],[-106.981,49.552],[-106.758,49.357],[-106.386,48.65],[-106.162,48.352],[-105.437,47.664],[-104.498,46.995],[-103.493,46.641],[-102.526,46.548],[-101.317,46.567],[-100.564,46.66],[-100.108,46.902],[-99.634,47.115],[-99.28,47.32],[-98.973,47.525],[-98.397,47.813],[-97.82,48.232],[-96.481,48.771],[-95.746,49.162],[-94.49,49.664],[-94.146,49.934],[-92.64,50.612],[-92.007,51.059],[-91.319,51.422],[-89.431,51.849],[-88.352,51.924],[-87.738,51.822],[-87.245,51.645],[-86.966,51.431],[-86.883,51.189],[-86.966,50.91],[-87.974,49.881],[-88.463,49.002],[-88.728,48.444],[-89.021,47.942],[-89.551,47.189],[-90.29,46.533],[-90.988,46.073],[-91.797,45.766],[-92.522,45.291],[-92.718,44.957],[-92.69,44.664],[-92.606,44.566],[-92.439,44.51],[-91.895,44.524],[-91.727,44.44],[-91.602,44.245],[-91.699,44.078],[-92.02,43.855],[-92.439,43.701],[-92.983,43.589],[-93.848,43.478],[-94.95,43.255],[-96.261,42.962],[-97.196,42.864],[-98.298,42.599],[-98.926,42.404],[-99.818,42.167],[-100.558,41.86],[-101.506,41.246],[-101.995,40.841],[-102.246,40.52],[-102.455,39.976],[-102.525,39.474],[-102.497,38.86],[-102.316,38.456],[-101.744,37.912],[-101.214,37.563],[-100.502,37.047],[-100.028,36.586],[-99.721,36.07],[-99.47,35.596],[-99.302,34.996],[-99.316,34.396],[-99.498,33.74],[-99.846,33.113],[-100.558,32.847],[-101.59,32.973],[-102.204,33.252],[-102.902,33.615],[-103.641,34.145],[-104.38,34.633],[-105.329,35.163],[-106.082,35.498],[-108.105,35.986],[-108.942,36.265],[-109.988,36.489],[-111.146,36.768],[-111.663,37.102],[-112.36,37.814],[-112.667,38.191],[-113.127,38.665],[-113.769,39.0],[-114.118,39.544],[-114.202,40.13],[-114.202,40.646],[-114.243,41.106],[-114.481,41.595],[-115.066,41.971],[-115.89,42.125],[-116.838,42.25],[-117.592,42.459],[-118.317,42.459],[-118.763,42.194],[-119.363,41.455],[-119.684,41.343],[-119.991,41.441],[-120.284,41.678],[-120.605,42.027],[-121.121,42.222],[-121.581,42.208],[-122.265,42.25],[-122.642,42.473],[-122.795,42.613],[-122.879,42.822],[-122.851,43.031],[-122.684,43.687],[-122.614,44.078],[-122.391,44.538],[-122.042,45.096],[-121.846,45.557],[-121.735,45.919],[-121.065,46.77],[-120.884,47.091],[-120.814,47.551],[-120.912,47.984],[-120.968,48.165],[-121.163,48.235],[-121.4,48.109],[-121.637,47.942],[-121.86,47.621],[-121.986,47.328],[-122.223,46.854],[-122.488,46.463],[-122.865,46.282],[-123.06,46.394],[-123.311,46.868],[-123.297,47.314],[-123.214,47.761],[-123.172,48.277],[-123.214,49.532],[-123.339,49.993],[-123.73,50.662],[-123.758,50.886],[-123.688,51.165],[-123.59,51.416],[-123.493,51.611],[-123.339,51.806],[-123.043,51.998]]]}},{"type":"Feature","properties":{"density":2},"geometry":{"type":"Polygon","coordinates":[[[-122.549,62.498],[-122.781,62.377],[-122.902,62.191],[-122.921,61.903],[-122.828,61.679],[-122.512,61.335],[-122.186,61.131],[-121.768,60.917],[-120.921,60.368],[-120.614,60.247],[-120.345,60.266],[-120.149,60.433],[-120.029,60.712],[-120.001,61.019],[-120.112,61.484],[-120.382,62.07],[-120.531,62.2],[-120.866,62.358],[-121.117,62.442],[-121.498,62.507],[-122.01,62.572],[-122.196,62.563],[-122.549,62.498]]]}},{"type":"Feature","properties":{"density":2},"geometry":{"type":"Polygon","coordinates":[[[-108.588,28.94],[-108.295,28.382],[-107.96,27.838],[-107.514,27.308],[-107.054,26.722],[-106.593,26.192],[-106.077,25.913],[-105.198,25.801],[-104.682,25.843],[-104.138,25.968],[-103.608,26.052],[-102.422,26.066],[-101.557,25.926],[-100.037,25.55],[-99.423,25.368],[-98.516,25.006],[-98.153,24.964],[-97.818,25.173],[-97.539,25.424],[-97.009,25.857],[-96.772,26.233],[-96.702,26.596],[-96.786,26.903],[-97.065,27.112],[-97.581,27.21],[-99.199,27.21],[-99.897,27.182],[-101.976,27.001],[-104.04,27.154],[-104.905,27.363],[-105.491,27.587],[-105.993,27.838],[-106.454,28.047],[-106.789,28.27],[-107.137,28.633],[-107.472,28.87],[-107.765,29.037],[-108.142,29.191],[-108.407,29.247],[-108.588,29.177],[-108.658,29.024],[-108.588,28.94]]]}},{"type":"Feature","properties":{"density":2},"geometry":{"type":"Polygon","coordinates":[[[-82.299,52.274],[-82.29,52.378],[-82.16,52.625],[-82.143,52.7],[-82.015,52.88],[-81.985,52.874],[-81.962,52.859],[-81.936,52.798],[-81.972,52.557],[-82.016,52.492],[-82.17,52.339],[-82.218,52.264],[-82.269,52.243],[-82.294,52.254],[-82.299,52.274]]]}},{"type":"Feature","properties":{"density":2},"geometry":{"type":"Polygon","coordinates":[[[-83.543,51.32],[-83.536,51.386],[-83.498,51.443],[-83.452,51.488],[-83.409,51.496],[-83.402,51.449],[-83.473,51.3],[-83.516,51.28],[-83.543,51.32]]]}},{"type":"Feature","properties":{"density":2},"geometry":{"type":"Polygon","coordinates":[[[-121.507,45.141],[-121.606,45.167],[-121.808,45.262],[-121.88,45.323],[-121.891,45.397],[-121.573,45.749],[-121.505,45.782],[-121.362,45.799],[-121.289,45.797],[-121.145,45.753],[-120.956,45.736],[-120.82,45.762],[-120.509,45.856],[-120.433,45.922],[-119.868,46.218],[-119.673,46.297],[-119.195,46.432],[-118.955,46.427],[-118.707,46.38],[-118.303,46.133],[-117.534,45.747],[-116.987,45.558],[-116.933,45.495],[-116.92,45.433],[-116.979,45.361],[-117.069,45.324],[-117.2,45.302],[-117.398,45.218],[-117.598,45.181],[-117.786,45.185],[-118.138,45.29],[-118.333,45.306],[-118.552,45.367],[-118.723,45.47],[-118.928,45.544],[-119.531,45.544],[-120.012,45.482],[-120.393,45.383],[-120.523,45.339],[-121.129,45.023],[-121.223,45.021],[-121.507,45.141]]]}},{"type":"Feature","properties":{"density":2},"geometry":{"type":"Polygon","coordinates":[[[-120.714,44.823],[-120.659,44.807],[-120.561,44.811],[-120.455,44.862],[-120.223,44.928],[-119.917,45.073],[-119.31,45.262],[-119.009,45.278],[-118.924,45.262],[-118.778,45.185],[-118.621,45.051],[-118.493,44.863],[-118.473,44.679],[-118.612,44.584],[-118.702,44.558],[-118.941,44.551],[-119.22,44.569],[-119.376,44.521],[-119.685,44.363],[-119.755,44.343],[-119.906,44.36],[-120.006,44.47],[-120.274,44.469],[-120.344,44.448],[-120.506,44.316],[-120.601,44.281],[-120.718,44.282],[-120.874,44.249],[-120.952,44.271],[-121.016,44.306],[-121.057,44.363],[-121.127,44.53],[-121.097,44.658],[-121.062,44.733],[-121.005,44.803],[-120.89,44.881],[-120.748,44.889],[-120.722,44.869],[-120.714,44.823]]]}},{"type":"Feature","properties":{"density":2},"geometry":{"type":"Polygon","coordinates":[[[-121.781,42.441],[-121.856,42.475],[-122.033,42.595],[-122.075,42.666],[-122.096,42.887],[-122.14,43.019],[-122.112,43.13],[-122.008,43.294],[-121.802,43.452],[-121.648,43.509],[-121.317,43.575],[-120.931,43.549],[-120.685,43.561],[-120.363,43.657],[-119.883,43.881],[-119.393,44.167],[-119.274,44.258],[-118.861,44.468],[-118.393,44.603],[-118.307,44.567],[-118.288,44.512],[-118.304,44.393],[-118.293,44.308],[-118.302,44.184],[-118.263,44.109],[-118.175,44.06],[-118.161,44.038],[-118.158,43.914],[-118.178,43.831],[-118.401,43.509],[-118.646,43.252],[-118.773,43.164],[-119.138,42.992],[-119.296,42.967],[-119.679,42.845],[-119.896,42.818],[-120.208,42.818],[-120.48,42.845],[-120.773,42.912],[-120.908,42.917],[-121.018,42.901],[-121.371,42.752],[-121.585,42.62],[-121.629,42.542],[-121.644,42.447],[-121.667,42.427],[-121.705,42.417],[-121.781,42.441]]]}},{"type":"Feature","properties":{"density":2},"geometry":{"type":"Polygon","coordinates":[[[-118.046,46.043],[-117.944,46.084],[-117.914,46.074],[-117.908,46.049],[-117.926,46.001],[-117.961,45.986],[-118.047,46.007],[-118.061,46.028],[-118.046,46.043]]]}},{"type":"Feature","properties":{"density":2},"geometry":{"type":"Polygon","coordinates":[[[-116.974,42.316],[-117.107,42.685],[-117.117,42.769],[-117.099,42.82],[-117.047,42.863],[-116.835,42.904],[-116.682,42.858],[-116.52,42.679],[-116.501,42.609],[-116.507,42.473],[-116.555,42.335],[-116.607,42.296],[-116.79,42.254],[-116.877,42.259],[-116.974,42.316]]]}},{"type":"Feature","properties":{"density":2},"geometry":{"type":"Polygon","coordinates":[[[-120.638,48.832],[-120.681,48.917],[-120.612,49.202],[-120.612,49.479],[-120.565,49.593],[-120.54,49.615],[-120.442,49.642],[-120.406,49.621],[-120.405,49.577],[-120.409,49.512],[-120.457,49.379],[-120.468,49.201],[-120.437,48.893],[-120.588,48.83],[-120.638,48.832]]]}},{"type":"Feature","properties":{"density":2},"geometry":{"type":"Polygon","coordinates":[[[-121.244,49.205],[-121.094,49.194],[-121.016,49.154],[-120.98,49.106],[-120.955,48.933],[-120.988,48.774],[-121.026,48.727],[-121.106,48.731],[-121.234,48.774],[-121.375,48.839],[-121.413,48.882],[-121.399,48.931],[-121.234,49.048],[-121.211,49.081],[-121.216,49.096],[-121.319,49.134],[-121.322,49.186],[-121.303,49.202],[-121.244,49.205]]]}},{"type":"Feature","properties":{"density":2},"geometry":{"type":"Polygon","coordinates":[[[-116.04,45.872],[-115.836,45.944],[-115.149,46.011],[-114.622,46.105],[-114.177,46.134],[-113.794,46.129],[-112.405,45.874],[-112.097,45.766],[-111.902,45.633],[-111.825,45.559],[-111.743,45.424],[-111.721,45.335],[-111.731,45.279],[-111.76,45.231],[-111.808,45.197],[-111.861,45.183],[-111.936,45.193],[-112.261,45.313],[-112.677,45.407],[-112.92,45.448],[-113.356,45.484],[-113.51,45.542],[-113.806,45.592],[-114.442,45.64],[-115.015,45.621],[-115.272,45.554],[-115.985,45.441],[-116.218,45.424],[-116.278,45.474],[-116.269,45.583],[-116.233,45.705],[-116.194,45.77],[-116.04,45.872]]]}},{"type":"Feature","properties":{"density":2},"geometry":{"type":"Polygon","coordinates":[[[-115.026,46.075],[-115.282,46.029],[-115.675,46.116],[-115.798,46.097],[-115.926,46.045],[-115.997,46.048],[-116.051,46.077],[-116.126,46.281],[-116.106,46.316],[-116.075,46.322],[-116.017,46.31],[-115.828,46.214],[-115.668,46.203],[-115.282,46.132],[-115.207,46.167],[-115.189,46.239],[-115.111,46.303],[-114.991,46.329],[-114.89,46.322],[-114.875,46.248],[-114.819,46.233],[-114.802,46.209],[-114.888,46.13],[-115.026,46.075]]]}},{"type":"Feature","properties":{"density":2},"geometry":{"type":"Polygon","coordinates":[[[-122.541,43.185],[-122.619,43.182],[-122.767,43.118],[-122.92,43.075],[-122.995,42.989],[-123.001,42.927],[-122.969,42.907],[-122.863,42.939],[-122.686,42.941],[-122.619,42.973],[-122.529,43.046],[-122.483,43.112],[-122.475,43.158],[-122.487,43.179],[-122.541,43.185]]]}},{"type":"Feature","properties":{"density":2},"geometry":{"type":"Polygon","coordinates":[[[-122.126,45.853],[-122.307,45.903],[-122.431,45.863],[-122.468,45.88],[-122.491,45.931],[-122.486,45.965],[-122.432,46.022],[-122.324,46.068],[-122.272,46.067],[-122.256,46.027],[-122.204,45.973],[-122.164,45.949],[-122.092,45.94],[-122.047,45.907],[-122.079,45.861],[-122.126,45.853]]]}},{"type":"Feature","properties":{"density":2},"geometry":{"type":"Polygon","coordinates":[[[-116.911,51.642],[-116.797,51.733],[-116.7,51.836],[-116.667,51.833],[-116.635,51.799],[-116.626,51.717],[-116.702,51.541],[-116.862,51.48],[-117.02,51.376],[-117.108,51.379],[-117.116,51.421],[-117.097,51.474],[-117.029,51.578],[-116.911,51.642]]]}},{"type":"Feature","properties":{"density":2},"geometry":{"type":"Polygon","coordinates":[[[-123.019,52.012],[-122.698,52.039],[-121.732,52.189],[-121.373,52.259],[-120.369,52.339],[-119.908,52.323],[-118.883,52.194],[-118.368,52.366],[-117.682,52.522],[-117.108,52.506],[-116.764,52.393],[-116.03,52.093],[-115.493,51.781],[-115.107,51.427],[-114.337,50.907],[-114.112,50.666],[-113.726,50.336],[-112.937,50.038],[-112.414,49.909],[-111.489,49.772],[-110.491,49.772],[-108.648,49.732],[-107.61,49.628],[-106.746,49.74],[-106.343,49.885],[-105.917,49.773],[-105.78,49.402],[-105.981,48.928],[-106.263,48.566],[-106.359,48.248],[-106.713,48.022],[-106.955,47.781],[-106.971,47.516],[-106.633,47.451],[-106.158,47.499],[-105.804,47.427],[-105.466,47.25],[-105.128,47.218],[-104.702,47.065],[-104.372,46.968],[-103.999,46.925],[-103.093,46.59],[-102.537,46.413],[-101.749,46.204],[-101.129,45.995],[-100.414,46.084],[-99.537,46.277],[-98.499,46.816],[-97.654,47.629],[-96.371,48.818],[-94.756,50.041],[-92.818,50.652],[-90.559,51.094],[-89.126,51.48],[-87.706,51.54],[-86.889,51.036],[-86.744,50.722],[-86.672,50.276],[-86.66,49.732],[-86.72,49.225],[-86.925,48.091],[-87.251,47.379],[-88.072,46.389],[-88.736,45.749],[-89.2,44.97],[-90.134,44.205],[-91.577,43.588],[-92.897,43.113],[-94.877,42.984],[-96.953,42.928],[-98.213,42.4],[-99.89,41.15],[-100.735,41.206],[-102.296,41.834],[-104.318,42.581],[-104.982,42.629],[-105.514,42.533],[-105.911,42.376],[-106.265,42.175],[-106.933,41.982],[-107.617,41.877],[-108.044,41.885],[-109.025,42.046],[-109.621,42.336],[-109.943,42.36],[-110.281,42.328],[-111.085,42.175],[-111.391,42.231],[-111.713,42.4],[-111.987,42.649],[-112.22,42.987],[-113.289,43.915],[-113.814,44.135],[-114.26,44.243],[-114.608,44.216],[-115.188,44.071],[-115.392,43.969],[-115.531,43.878],[-115.612,43.749],[-115.569,43.599],[-115.381,43.475],[-115.08,43.309],[-114.95,43.127],[-114.946,42.987],[-114.878,42.569],[-114.943,42.372],[-115.133,42.251],[-115.415,42.13],[-115.68,42.049],[-116.244,42.106],[-116.751,42.13],[-117.483,42.216],[-118.262,42.187],[-118.659,42.003],[-118.836,41.772],[-119.437,41.182],[-119.679,41.107],[-120.017,41.182],[-120.237,41.359],[-120.671,41.831],[-120.902,42.003],[-121.186,42.067],[-121.54,41.987],[-121.824,41.955],[-122.125,41.976],[-122.506,41.922],[-122.617,41.962],[-122.584,42.094],[-122.395,42.423],[-122.216,42.831],[-122.195,43.078],[-122.152,43.228],[-122.026,43.389],[-121.869,43.503],[-121.655,43.593],[-121.404,43.653],[-120.685,43.673],[-120.51,43.698],[-120.321,43.752],[-120.16,43.834],[-120.07,43.973],[-120.042,44.117],[-120.149,44.213],[-120.36,44.238],[-120.718,44.17],[-120.918,44.109],[-121.182,44.088],[-121.447,44.145],[-121.579,44.281],[-121.558,44.528],[-121.621,44.981],[-121.803,45.221],[-121.892,45.292],[-121.964,45.4],[-121.942,45.507],[-121.756,45.678],[-121.606,45.789],[-121.274,46.151],[-121.174,46.358],[-120.887,46.834],[-120.774,46.946],[-120.529,46.866],[-120.196,46.712],[-120.039,46.708],[-119.864,46.812],[-119.853,46.955],[-119.917,47.048],[-120.561,47.417],[-120.822,47.649],[-120.904,47.788],[-120.954,47.964],[-120.929,48.064],[-120.862,48.135],[-120.658,48.226],[-120.517,48.219],[-120.288,48.171],[-120.207,48.228],[-120.231,48.364],[-120.288,48.472],[-120.312,48.581],[-120.3,48.674],[-120.262,48.746],[-119.971,48.896],[-119.952,48.977],[-120.016,49.022],[-120.267,49.137],[-120.367,49.151],[-120.4,49.103],[-120.438,48.915],[-120.481,48.846],[-120.617,48.81],[-120.696,48.829],[-120.739,48.867],[-120.746,48.939],[-120.72,49.056],[-120.712,49.237],[-120.765,49.466],[-120.908,49.521],[-121.239,49.606],[-121.37,49.573],[-121.442,49.516],[-121.487,49.452],[-121.68,49.285],[-121.744,49.182],[-121.744,49.006],[-121.696,48.77],[-121.535,48.48],[-121.545,48.196],[-121.595,47.745],[-121.844,47.317],[-122.075,46.968],[-122.284,46.775],[-122.429,46.604],[-122.563,46.593],[-122.81,46.582],[-123.261,46.764],[-123.352,46.888],[-123.427,47.188],[-123.197,48.374],[-123.229,48.881],[-123.302,49.355],[-123.422,49.83],[-123.559,50.265],[-123.64,50.683],[-123.688,51.029],[-123.486,51.351],[-123.35,51.39],[-123.232,51.465],[-123.164,51.558],[-123.157,51.866],[-123.067,51.991],[-123.019,52.012]]]}},{"type":"Feature","properties":{"density":2},"geometry":{"type":"Polygon","coordinates":[[[-122.444,46.119],[-122.812,46.026],[-123.019,45.893],[-123.284,45.636],[-123.581,45.26],[-123.667,44.867],[-123.855,44.515],[-124.139,43.544],[-124.128,43.131],[-124.021,42.948],[-123.806,42.916],[-123.5,43.023],[-122.964,43.436],[-122.186,44.3],[-121.913,44.729],[-121.923,44.847],[-122.036,44.906],[-122.208,44.863],[-122.321,44.904],[-122.384,44.965],[-122.34,45.071],[-122.253,45.143],[-122.097,45.315],[-122.038,45.411],[-122.014,45.57],[-121.969,45.598],[-121.726,45.656],[-121.694,45.699],[-121.694,45.759],[-121.76,45.834],[-121.88,45.903],[-122.054,45.957],[-122.141,46.006],[-122.2,46.079],[-122.289,46.123],[-122.416,46.135],[-122.444,46.119]]]}},{"type":"Feature","properties":{"density":2},"geometry":{"type":"Polygon","coordinates":[[[-111.293,39.433],[-111.196,39.441],[-111.045,39.401],[-110.999,39.358],[-111.009,39.237],[-111.028,39.217],[-111.083,39.213],[-111.17,39.259],[-111.287,39.278],[-111.333,39.385],[-111.293,39.433]]]}},{"type":"Feature","properties":{"density":2},"geometry":{"type":"Polygon","coordinates":[[[-112.57,38.767],[-112.56,39.504],[-112.462,39.69],[-112.381,39.742],[-112.3,39.74],[-112.2,39.692],[-112.09,39.609],[-111.935,39.416],[-111.838,39.347],[-111.726,39.339],[-111.59,39.373],[-111.292,39.511],[-111.177,39.523],[-110.619,39.399],[-110.235,39.184],[-109.892,39.103],[-109.564,39.093],[-109.022,38.937],[-108.164,38.733],[-106.936,38.723],[-106.115,38.685],[-105.284,38.833],[-104.35,38.854],[-103.942,38.897],[-103.599,38.983],[-103.299,39.02],[-103.025,39.004],[-102.58,38.757],[-102.424,38.527],[-102.515,38.205],[-102.784,37.883],[-103.331,37.341],[-103.953,36.858],[-104.704,36.692],[-106.158,36.327],[-107.118,36.386],[-107.612,36.537],[-108.003,36.74],[-108.454,36.934],[-108.904,37.153],[-109.307,37.218],[-109.72,37.148],[-110.128,37.019],[-110.948,36.944],[-111.394,37.009],[-111.705,37.105],[-111.85,37.298],[-111.844,37.55],[-111.624,37.942],[-111.554,38.108],[-111.587,38.269],[-111.785,38.441],[-111.973,38.575],[-112.128,38.607],[-112.488,38.596],[-112.552,38.645],[-112.584,38.731],[-112.57,38.767]]]}},{"type":"Feature","properties":{"density":2},"geometry":{"type":"Polygon","coordinates":[[[-113.028,42.047],[-112.534,41.929],[-112.127,41.784],[-111.569,41.478],[-111.188,41.237],[-110.759,41.119],[-110.281,41.038],[-109.723,41.076],[-109.326,41.076],[-108.956,40.909],[-108.677,40.663],[-108.602,40.357],[-108.613,40.03],[-108.79,39.804],[-109.053,39.751],[-109.461,39.724],[-110.024,39.804],[-110.512,39.896],[-110.909,40.024],[-111.263,40.217],[-111.891,40.598],[-112.148,40.974],[-112.331,41.204],[-112.701,41.489],[-113.334,41.805],[-113.5,41.929],[-113.575,42.068],[-113.495,42.165],[-113.393,42.175],[-113.275,42.159],[-113.028,42.047]]]}},{"type":"Feature","properties":{"density":2},"geometry":{"type":"Polygon","coordinates":[[[-113.723,46.053],[-113.727,46.083],[-113.704,46.128],[-113.51,46.254],[-113.377,46.26],[-113.312,46.216],[-113.314,46.184],[-113.365,46.135],[-113.434,46.1],[-113.652,46.027],[-113.702,46.03],[-113.723,46.053]]]}},{"type":"Feature","properties":{"density":2},"geometry":{"type":"Polygon","coordinates":[[[-106.621,27.83],[-106.422,27.685],[-105.384,27.492],[-102.186,27.142],[-100.23,26.961],[-99.265,26.924],[-98.432,27.069],[-97.72,27.262],[-97.08,27.552],[-96.501,27.685],[-95.982,27.745],[-95.426,27.721],[-94.557,27.516],[-93.821,27.178],[-93.205,26.924],[-92.807,26.562],[-92.674,26.104],[-92.819,25.693],[-93.181,25.355],[-93.869,24.945],[-94.364,24.74],[-94.907,24.571],[-95.933,24.185],[-96.38,23.967],[-96.826,23.895],[-97.321,23.919],[-97.985,24.221],[-98.77,24.438],[-99.965,24.897],[-100.616,25.198],[-101.763,25.512],[-102.68,25.645],[-104.471,25.802],[-104.97,25.794],[-105.581,25.81],[-106.249,25.882],[-106.764,26.1],[-107.335,26.542],[-107.408,26.904],[-107.408,27.194],[-107.504,27.588],[-107.657,27.934],[-107.714,28.176],[-107.649,28.401],[-107.432,28.409],[-107.263,28.353],[-106.869,27.926],[-106.621,27.83]]]}},{"type":"Feature","properties":{"density":2},"geometry":{"type":"Polygon","coordinates":[[[-122.425,62.458],[-122.339,62.422],[-122.189,62.388],[-122.077,62.386],[-122.01,62.388],[-121.934,62.431],[-121.829,62.462],[-121.705,62.469],[-121.609,62.429],[-121.459,62.293],[-121.154,62.181],[-120.899,62.164],[-120.565,62.171],[-120.429,62.155],[-120.324,62.09],[-120.107,61.892],[-119.926,61.76],[-119.612,61.578],[-119.433,61.453],[-119.275,61.259],[-119.129,61.009],[-119.061,60.795],[-119.086,60.662],[-119.225,60.587],[-119.429,60.512],[-119.658,60.523],[-119.89,60.591],[-120.495,60.827],[-120.978,61.081],[-121.459,61.276],[-121.774,61.493],[-121.883,61.615],[-121.933,61.785],[-122.022,61.878],[-122.136,61.957],[-122.522,62.072],[-122.606,62.134],[-122.635,62.173],[-122.611,62.378],[-122.54,62.437],[-122.425,62.458]]]}},{"type":"Feature","properties":{"density":2},"geometry":{"type":"Polygon","coordinates":[[[-88.714,31.918],[-88.742,31.971],[-88.722,32.0],[-88.677,31.972],[-88.668,31.942],[-88.681,31.894],[-88.714,31.918]]]}},{"type":"Feature","properties":{"density":2},"geometry":{"type":"Polygon","coordinates":[[[-121.228,49.218],[-121.148,49.257],[-120.954,49.302],[-120.903,49.29],[-120.818,49.24],[-120.77,49.174],[-120.78,49.064],[-120.861,49.062],[-120.897,49.042],[-120.937,48.99],[-120.946,48.876],[-120.978,48.76],[-121.016,48.722],[-121.114,48.713],[-121.17,48.752],[-121.343,48.82],[-121.358,48.872],[-121.242,49.0],[-121.212,49.064],[-121.326,49.124],[-121.374,49.169],[-121.474,49.332],[-121.483,49.37],[-121.46,49.38],[-121.418,49.363],[-121.296,49.215],[-121.254,49.198],[-121.228,49.218]]]}},{"type":"Feature","properties":{"density":2},"geometry":{"type":"Polygon","coordinates":[[[-117.101,51.397],[-117.093,51.496],[-117.059,51.56],[-117.012,51.602],[-116.845,51.679],[-116.727,51.786],[-116.655,51.823],[-116.585,51.803],[-116.563,51.772],[-116.561,51.664],[-116.523,51.646],[-116.238,51.644],[-116.184,51.611],[-116.16,51.568],[-116.163,51.511],[-116.213,51.472],[-116.286,51.446],[-116.4,51.431],[-116.691,51.437],[-116.856,51.475],[-116.898,51.461],[-117.015,51.349],[-117.076,51.352],[-117.101,51.374],[-117.101,51.397]]]}},{"type":"Feature","properties":{"density":2},"geometry":{"type":"Polygon","coordinates":[[[-113.713,46.05],[-113.657,46.1],[-113.541,46.143],[-113.463,46.147],[-113.424,46.116],[-113.453,46.075],[-113.658,46.024],[-113.693,46.027],[-113.713,46.05]]]}},{"type":"Feature","properties":{"density":2},"geometry":{"type":"Polygon","coordinates":[[[-113.208,45.709],[-112.995,45.765],[-112.774,45.776],[-112.275,45.77],[-112.072,45.743],[-111.318,45.536],[-111.037,45.495],[-110.949,45.432],[-110.929,45.396],[-110.934,45.342],[-110.976,45.286],[-111.046,45.241],[-111.138,45.214],[-111.37,45.209],[-112.362,45.441],[-113.364,45.468],[-113.413,45.509],[-113.442,45.578],[-113.411,45.63],[-113.208,45.709]]]}},{"type":"Feature","properties":{"density":2},"geometry":{"type":"Polygon","coordinates":[[[-121.735,45.306],[-121.777,45.351],[-121.807,45.417],[-121.794,45.502],[-121.74,45.606],[-121.671,45.691],[-121.594,45.741],[-121.365,45.753],[-120.696,45.883],[-120.409,45.916],[-119.896,46.132],[-119.483,46.331],[-119.411,46.409],[-119.258,46.523],[-118.917,46.667],[-118.605,46.74],[-118.092,46.65],[-117.95,46.598],[-117.739,46.457],[-117.282,46.218],[-116.855,46.085],[-116.753,46.034],[-116.591,45.917],[-116.486,45.804],[-116.479,45.734],[-116.51,45.656],[-116.58,45.55],[-116.798,45.269],[-116.902,45.192],[-116.987,45.174],[-117.102,45.185],[-117.253,45.242],[-117.615,45.459],[-117.854,45.529],[-118.317,45.603],[-118.502,45.654],[-118.901,45.638],[-119.225,45.665],[-120.161,45.523],[-120.512,45.413],[-120.841,45.291],[-121.0,45.214],[-121.252,45.134],[-121.36,45.116],[-121.549,45.151],[-121.645,45.2],[-121.735,45.306]]]}},{"type":"Feature","properties":{"density":2},"geometry":{"type":"Polygon","coordinates":[[[-120.79,44.509],[-120.772,44.55],[-120.826,44.638],[-120.86,44.787],[-120.817,44.898],[-120.673,45.064],[-120.574,45.12],[-120.442,45.165],[-119.809,45.314],[-119.094,45.537],[-118.879,45.59],[-118.607,45.614],[-118.193,45.578],[-118.037,45.524],[-117.947,45.473],[-117.871,45.398],[-117.812,45.304],[-117.79,45.225],[-117.824,45.047],[-117.963,44.892],[-118.037,44.75],[-118.107,44.717],[-118.312,44.696],[-118.445,44.642],[-118.553,44.633],[-118.762,44.667],[-118.97,44.647],[-119.028,44.621],[-119.07,44.564],[-118.997,44.486],[-118.986,44.446],[-119.025,44.426],[-119.706,44.329],[-119.828,44.326],[-120.023,44.456],[-120.155,44.479],[-120.344,44.441],[-120.429,44.387],[-120.512,44.293],[-120.557,44.27],[-120.864,44.263],[-120.987,44.287],[-120.984,44.339],[-120.953,44.396],[-120.897,44.45],[-120.79,44.509]]]}},{"type":"Feature","properties":{"density":2},"geometry":{"type":"Polygon","coordinates":[[[-116.89,42.92],[-116.292,43.024],[-116.109,43.007],[-116.044,42.976],[-115.965,42.905],[-115.837,42.748],[-115.758,42.623],[-115.728,42.545],[-115.738,42.481],[-115.8,42.403],[-115.879,42.386],[-116.463,42.299],[-116.697,42.242],[-116.88,42.236],[-116.946,42.266],[-116.976,42.329],[-116.973,42.395],[-116.89,42.532],[-116.887,42.567],[-117.02,42.805],[-117.027,42.87],[-117.013,42.904],[-116.983,42.916],[-116.89,42.92]]]}},{"type":"Feature","properties":{"density":2},"geometry":{"type":"Polygon","coordinates":[[[-115.17,46.251],[-115.102,46.272],[-115.043,46.264],[-115.024,46.16],[-115.002,46.12],[-115.033,46.084],[-115.276,46.038],[-115.581,46.086],[-115.615,46.113],[-115.607,46.14],[-115.508,46.145],[-115.27,46.113],[-115.232,46.144],[-115.223,46.225],[-115.17,46.251]]]}},{"type":"Feature","properties":{"density":2},"geometry":{"type":"Polygon","coordinates":[[[-122.082,45.975],[-122.167,46.0],[-122.24,46.072],[-122.279,46.087],[-122.418,46.03],[-122.472,45.973],[-122.477,45.939],[-122.47,45.898],[-122.439,45.87],[-122.389,45.855],[-122.305,45.89],[-122.221,45.884],[-121.923,45.788],[-121.848,45.781],[-121.822,45.797],[-121.833,45.88],[-121.886,45.93],[-122.082,45.975]]]}},{"type":"Feature","properties":{"density":2},"geometry":{"type":"Polygon","coordinates":[[[-122.812,44.806],[-122.58,44.856],[-122.231,44.86],[-122.085,44.88],[-121.961,44.878],[-121.896,44.844],[-121.891,44.799],[-121.963,44.712],[-122.488,44.298],[-122.557,44.226],[-122.659,43.994],[-122.749,43.879],[-122.85,43.782],[-122.987,43.679],[-123.318,43.557],[-123.446,43.488],[-123.574,43.465],[-123.626,43.557],[-123.601,43.832],[-123.532,44.088],[-123.403,44.253],[-123.237,44.327],[-123.145,44.403],[-123.014,44.556],[-122.908,44.725],[-122.812,44.806]]]}},{"type":"Feature","properties":{"density":2},"geometry":{"type":"Polygon","coordinates":[[[-122.589,43.201],[-122.497,43.293],[-122.388,43.349],[-122.295,43.344],[-122.266,43.313],[-122.302,43.24],[-122.428,43.143],[-122.487,43.021],[-122.604,42.931],[-122.689,42.899],[-122.834,42.939],[-122.948,42.895],[-122.99,42.895],[-123.005,42.929],[-122.999,42.961],[-122.917,43.023],[-122.898,43.061],[-122.914,43.107],[-122.899,43.122],[-122.694,43.159],[-122.589,43.201]]]}},{"type":"Feature","properties":{"density":2},"geometry":{"type":"Polygon","coordinates":[[[-107.36,38.153],[-107.257,38.133],[-107.148,38.065],[-107.078,37.982],[-107.077,37.934],[-107.132,37.923],[-107.253,37.96],[-107.403,38.096],[-107.406,38.135],[-107.36,38.153]]]}},{"type":"Feature","properties":{"density":2},"geometry":{"type":"Polygon","coordinates":[[[-123.108,51.666],[-122.375,52.057],[-121.882,52.189],[-120.104,52.169],[-119.55,52.118],[-118.275,52.297],[-117.744,52.312],[-116.947,52.282],[-115.701,52.168],[-113.848,52.259],[-112.679,52.077],[-110.849,51.659],[-110.34,51.462],[-109.975,51.219],[-109.755,50.869],[-109.801,50.535],[-110.135,50.224],[-110.454,50.095],[-111.418,49.928],[-111.654,49.753],[-111.676,49.548],[-111.259,49.389],[-110.477,49.404],[-109.869,49.358],[-107.995,48.901],[-107.124,48.798],[-106.253,48.593],[-105.575,48.143],[-105.267,47.904],[-104.664,47.494],[-104.242,47.152],[-103.912,46.947],[-103.65,46.64],[-103.49,46.332],[-103.331,45.842],[-102.617,45.33],[-102.23,45.125],[-101.592,44.874],[-99.542,44.652],[-98.773,44.755],[-98.055,45.113],[-97.201,45.882],[-95.646,47.078],[-95.042,47.841],[-94.644,48.559],[-94.439,49.117],[-94.074,49.744],[-93.163,50.313],[-92.229,50.689],[-91.306,50.803],[-90.11,50.666],[-88.436,51.065],[-87.855,51.429],[-87.263,51.703],[-86.796,51.771],[-86.477,51.566],[-86.42,51.088],[-86.42,50.792],[-86.317,50.211],[-86.408,49.858],[-87.012,48.029],[-87.559,46.919],[-88.054,46.338],[-88.874,45.484],[-89.472,44.971],[-90.207,44.527],[-92.36,43.502],[-93.607,42.835],[-94.632,42.237],[-96.853,41.298],[-97.691,40.99],[-98.408,40.922],[-99.587,40.87],[-99.963,40.956],[-100.647,41.007],[-101.996,41.161],[-103.449,41.417],[-105.819,41.7],[-108.366,41.71],[-109.563,41.495],[-111.239,42.011],[-112.028,42.642],[-112.646,43.517],[-113.647,43.974],[-114.448,44.096],[-114.838,44.04],[-114.878,43.792],[-114.615,43.569],[-114.139,43.423],[-113.694,43.109],[-113.744,42.744],[-114.433,42.532],[-115.521,42.349],[-117.155,42.19],[-118.127,42.235],[-118.712,42.197],[-119.32,42.213],[-119.904,42.319],[-120.383,42.364],[-121.032,42.575],[-121.197,42.537],[-121.163,42.686],[-121.352,42.797],[-121.443,42.821],[-121.514,42.797],[-121.568,42.753],[-121.572,42.632],[-121.516,42.531],[-121.512,42.497],[-121.53,42.47],[-121.613,42.411],[-121.73,42.416],[-121.793,42.443],[-121.962,42.522],[-122.023,42.598],[-122.128,42.805],[-122.142,42.884],[-122.031,43.274],[-121.96,43.399],[-121.639,43.625],[-121.291,43.909],[-121.133,44.128],[-121.497,44.135],[-121.636,44.3],[-121.69,44.483],[-121.693,44.655],[-121.747,45.006],[-121.815,45.131],[-121.845,45.282],[-121.858,45.451],[-121.818,45.583],[-121.713,45.735],[-121.559,45.838],[-121.299,45.885],[-121.161,45.929],[-120.911,45.969],[-120.811,46.007],[-120.644,46.032],[-120.396,46.275],[-120.307,46.388],[-120.255,46.535],[-120.12,46.743],[-120.062,46.944],[-120.048,47.079],[-120.084,47.137],[-120.172,47.161],[-120.287,47.225],[-120.421,47.262],[-120.745,47.493],[-120.943,47.721],[-121.003,47.884],[-120.99,48.207],[-120.764,48.311],[-120.491,48.33],[-120.309,48.429],[-120.269,48.544],[-120.299,48.642],[-120.407,48.706],[-120.542,48.736],[-120.991,48.686],[-121.163,48.689],[-121.311,48.753],[-121.45,48.861],[-121.602,49.033],[-121.524,49.273],[-121.517,49.354],[-121.187,49.415],[-121.139,49.479],[-121.22,49.594],[-121.365,49.631],[-121.524,49.705],[-121.679,49.749],[-121.98,49.891],[-122.094,49.968],[-122.391,50.431],[-122.766,50.92],[-122.854,50.937],[-123.188,51.106],[-123.37,51.332],[-123.374,51.406],[-123.178,51.625],[-123.108,51.666]]]}},{"type":"Feature","properties":{"density":2},"geometry":{"type":"Polygon","coordinates":[[[-123.129,49.368],[-122.11,49.274],[-121.827,49.361],[-121.739,49.351],[-121.705,49.257],[-121.823,49.125],[-121.948,48.902],[-121.911,48.653],[-121.759,48.352],[-121.675,48.025],[-121.712,47.633],[-121.931,47.296],[-122.188,47.083],[-122.502,46.975],[-122.768,46.958],[-123.349,47.137],[-123.366,47.39],[-123.22,47.63],[-123.065,47.816],[-122.954,47.998],[-122.707,48.524],[-122.613,48.649],[-122.498,48.757],[-122.495,48.882],[-122.66,48.963],[-122.863,49.0],[-123.089,48.973],[-123.274,48.973],[-123.42,49.031],[-123.426,49.125],[-123.349,49.223],[-123.2,49.351],[-123.129,49.368]]]}},{"type":"Feature","properties":{"density":2},"geometry":{"type":"Polygon","coordinates":[[[-112.494,38.761],[-112.45,38.92],[-112.476,39.303],[-112.464,39.385],[-112.408,39.484],[-112.318,39.483],[-112.17,39.42],[-111.846,39.319],[-111.721,39.256],[-111.627,39.183],[-111.576,39.094],[-111.574,38.988],[-111.625,38.866],[-111.744,38.725],[-111.832,38.662],[-111.96,38.599],[-112.15,38.544],[-112.264,38.539],[-112.474,38.56],[-112.545,38.597],[-112.549,38.633],[-112.494,38.761]]]}},{"type":"Feature","properties":{"density":2},"geometry":{"type":"Polygon","coordinates":[[[-111.31,39.412],[-111.199,39.454],[-111.002,39.43],[-110.969,39.411],[-110.949,39.367],[-110.952,39.329],[-110.972,39.279],[-111.001,39.261],[-111.328,39.363],[-111.33,39.387],[-111.31,39.412]]]}},{"type":"Feature","properties":{"density":2},"geometry":{"type":"Polygon","coordinates":[[[-107.947,37.386],[-107.375,37.508],[-106.62,37.741],[-106.377,37.842],[-105.198,37.984],[-104.803,38.105],[-104.433,38.303],[-103.973,38.718],[-103.73,38.905],[-103.36,39.067],[-102.945,39.138],[-102.611,39.082],[-102.363,38.824],[-102.393,38.348],[-102.707,37.842],[-103.082,37.467],[-103.846,37.042],[-105.294,36.541],[-106.291,36.516],[-107.118,36.559],[-107.351,36.62],[-107.824,36.971],[-107.928,37.069],[-107.975,37.16],[-107.996,37.251],[-107.947,37.386]]]}},{"type":"Feature","properties":{"density":2},"geometry":{"type":"Polygon","coordinates":[[[-103.195,26.934],[-102.243,26.813],[-101.95,26.645],[-101.266,26.514],[-100.892,26.418],[-100.061,26.099],[-99.864,25.866],[-99.788,25.668],[-99.874,25.471],[-100.127,25.476],[-100.375,25.552],[-100.709,25.587],[-101.018,25.537],[-101.368,25.522],[-101.783,25.618],[-102.208,25.749],[-102.881,26.063],[-103.099,26.225],[-103.236,26.423],[-103.301,26.62],[-103.312,26.742],[-103.291,26.823],[-103.246,26.914],[-103.195,26.934]]]}},{"type":"Feature","properties":{"density":2},"geometry":{"type":"Polygon","coordinates":[[[-82.317,52.27],[-82.29,52.448],[-82.244,52.587],[-82.02,52.933],[-81.932,53.017],[-81.869,53.028],[-81.759,53.001],[-81.641,52.917],[-81.499,52.87],[-81.428,52.818],[-81.404,52.734],[-81.44,52.681],[-81.704,52.582],[-81.802,52.517],[-82.071,52.409],[-82.149,52.348],[-82.217,52.239],[-82.299,52.232],[-82.317,52.27]]]}},{"type":"Feature","properties":{"density":2},"geometry":{"type":"Polygon","coordinates":[[[-83.541,51.328],[-83.412,51.575],[-83.33,51.646],[-83.294,51.644],[-83.272,51.615],[-83.275,51.568],[-83.326,51.463],[-83.403,51.355],[-83.465,51.278],[-83.487,51.27],[-83.525,51.281],[-83.546,51.311],[-83.541,51.328]]]}},{"type":"Feature","properties":{"density":2},"geometry":{"type":"Polygon","coordinates":[[[-121.149,62.131],[-120.528,62.109],[-120.141,61.85],[-119.925,61.749],[-119.716,61.587],[-119.591,61.465],[-119.51,61.327],[-119.507,61.192],[-119.585,61.111],[-119.821,61.094],[-120.087,61.121],[-120.536,61.239],[-120.708,61.317],[-121.005,61.506],[-121.191,61.701],[-121.493,61.962],[-121.506,62.056],[-121.448,62.121],[-121.355,62.144],[-121.149,62.131]]]}},{"type":"Feature","properties":{"density":2},"geometry":{"type":"Polygon","coordinates":[[[-122.496,62.446],[-122.258,62.428],[-121.925,62.244],[-121.826,62.167],[-121.571,61.873],[-121.452,61.72],[-121.45,61.679],[-121.535,61.681],[-121.664,61.738],[-122.116,61.976],[-122.26,62.086],[-122.478,62.21],[-122.656,62.334],[-122.681,62.392],[-122.633,62.424],[-122.496,62.446]]]}},{"type":"Feature","properties":{"density":2},"geometry":{"type":"Polygon","coordinates":[[[-117.033,44.461],[-117.077,44.506],[-117.079,44.558],[-117.05,44.666],[-116.989,44.704],[-116.493,44.676],[-116.422,44.65],[-116.386,44.612],[-116.389,44.574],[-116.483,44.498],[-116.536,44.471],[-116.691,44.434],[-116.983,44.416],[-117.033,44.461]]]}},{"type":"Feature","properties":{"density":2},"geometry":{"type":"Polygon","coordinates":[[[-88.7,31.9],[-88.81,31.957],[-88.817,31.983],[-88.786,32.033],[-88.689,32.037],[-88.616,32.01],[-88.504,32.021],[-88.455,32.002],[-88.454,31.964],[-88.516,31.931],[-88.631,31.897],[-88.7,31.9]]]}},{"type":"Feature","properties":{"density":2},"geometry":{"type":"Polygon","coordinates":[[[-92.571,45.928],[-92.567,46.019],[-92.539,46.08],[-92.498,46.094],[-92.496,46.064],[-92.547,45.926],[-92.571,45.928]]]}},{"type":"Feature","properties":{"density":2},"geometry":{"type":"Polygon","coordinates":[[[-91.815,48.179],[-91.743,48.231],[-91.671,48.251],[-91.701,48.206],[-91.795,48.137],[-91.818,48.144],[-91.815,48.179]]]}},{"type":"Feature","properties":{"density":2},"geometry":{"type":"Polygon","coordinates":[[[-120.543,58.639],[-119.662,58.558],[-119.186,58.543],[-118.669,58.421],[-118.437,58.254],[-118.32,58.027],[-118.224,57.662],[-118.138,57.014],[-118.027,56.751],[-117.844,56.594],[-117.697,56.422],[-117.627,56.31],[-117.667,56.245],[-117.733,56.224],[-117.854,56.229],[-118.254,56.371],[-118.548,56.442],[-118.744,56.558],[-119.803,56.754],[-120.364,56.963],[-120.769,57.061],[-120.975,57.159],[-121.116,57.271],[-121.167,57.389],[-121.086,57.527],[-120.934,57.564],[-120.725,57.52],[-120.522,57.456],[-120.202,57.419],[-120.009,57.426],[-119.952,57.541],[-119.962,57.699],[-120.185,57.996],[-120.381,58.182],[-120.755,58.303],[-120.984,58.504],[-121.026,58.587],[-120.954,58.636],[-120.625,58.621],[-120.543,58.639]]]}},{"type":"Feature","properties":{"density":2},"geometry":{"type":"Polygon","coordinates":[[[-116.886,42.631],[-116.876,42.814],[-116.806,42.902],[-116.68,42.967],[-116.634,43.019],[-116.595,43.105],[-116.506,43.18],[-116.376,43.245],[-116.146,43.28],[-115.953,43.358],[-115.753,43.371],[-115.357,43.346],[-114.72,43.054],[-114.572,42.998],[-114.464,42.989],[-114.351,42.946],[-114.3,42.901],[-114.293,42.829],[-114.329,42.71],[-114.394,42.617],[-114.572,42.492],[-114.888,42.444],[-115.091,42.443],[-115.201,42.423],[-115.317,42.395],[-115.679,42.235],[-115.744,42.228],[-116.232,42.219],[-116.553,42.277],[-116.837,42.209],[-116.877,42.214],[-116.983,42.274],[-117.009,42.401],[-116.983,42.522],[-116.886,42.631]]]}},{"type":"Feature","properties":{"density":2},"geometry":{"type":"Polygon","coordinates":[[[-113.742,46.047],[-113.701,46.117],[-113.595,46.18],[-113.438,46.244],[-113.175,46.298],[-112.922,46.281],[-112.614,46.227],[-112.547,46.204],[-112.423,46.127],[-112.393,46.069],[-112.398,46.025],[-112.43,45.998],[-112.468,45.977],[-112.525,45.974],[-112.863,46.0],[-113.248,46.007],[-113.514,46.047],[-113.708,46.012],[-113.741,46.024],[-113.742,46.047]]]}},{"type":"Feature","properties":{"density":2},"geometry":{"type":"Polygon","coordinates":[[[-113.161,45.725],[-113.096,45.763],[-112.927,45.805],[-112.466,45.838],[-112.346,45.868],[-112.222,45.932],[-112.124,45.947],[-111.549,45.96],[-111.366,45.943],[-110.698,45.964],[-110.209,45.923],[-109.993,45.923],[-109.773,45.866],[-109.622,45.761],[-109.625,45.667],[-109.79,45.569],[-110.496,45.397],[-110.918,45.255],[-111.346,45.177],[-111.572,45.164],[-112.099,45.184],[-112.355,45.221],[-112.916,45.329],[-112.984,45.386],[-113.086,45.423],[-113.334,45.437],[-113.407,45.473],[-113.418,45.516],[-113.387,45.611],[-113.347,45.644],[-113.161,45.725]]]}},{"type":"Feature","properties":{"density":2},"geometry":{"type":"Polygon","coordinates":[[[-113.861,44.332],[-113.822,44.387],[-113.691,44.496],[-113.563,44.566],[-113.401,44.586],[-113.309,44.557],[-113.288,44.534],[-113.282,44.496],[-113.306,44.465],[-113.364,44.436],[-113.704,44.351],[-113.817,44.294],[-113.852,44.293],[-113.861,44.332]]]}},{"type":"Feature","properties":{"density":2},"geometry":{"type":"Polygon","coordinates":[[[-115.184,46.153],[-115.215,46.209],[-115.211,46.242],[-115.183,46.285],[-115.066,46.351],[-114.82,46.381],[-114.518,46.521],[-114.443,46.522],[-114.391,46.472],[-114.41,46.406],[-114.497,46.329],[-114.682,46.202],[-114.85,46.133],[-115.008,46.078],[-115.138,46.064],[-115.169,46.075],[-115.184,46.153]]]}},{"type":"Feature","properties":{"density":2},"geometry":{"type":"Polygon","coordinates":[[[-115.239,46.791],[-115.086,46.883],[-115.053,46.879],[-115.069,46.845],[-115.194,46.782],[-115.238,46.769],[-115.239,46.791]]]}},{"type":"Feature","properties":{"density":2},"geometry":{"type":"Polygon","coordinates":[[[-105.406,47.573],[-105.226,47.547],[-105.216,47.504],[-105.232,47.47],[-105.277,47.444],[-105.397,47.506],[-105.426,47.549],[-105.406,47.573]]]}},{"type":"Feature","properties":{"density":2},"geometry":{"type":"Polygon","coordinates":[[[-105.706,47.96],[-105.373,47.952],[-105.289,47.932],[-105.259,47.913],[-105.226,47.826],[-105.246,47.782],[-105.317,47.746],[-105.591,47.792],[-105.711,47.857],[-105.734,47.919],[-105.706,47.96]]]}},{"type":"Feature","properties":{"density":2},"geometry":{"type":"Polygon","coordinates":[[[-121.653,45.347],[-121.661,45.482],[-121.631,45.53],[-121.566,45.586],[-121.481,45.629],[-121.156,45.722],[-120.87,45.831],[-120.469,46.062],[-120.141,46.181],[-119.812,46.244],[-119.264,46.475],[-118.191,46.994],[-117.833,47.129],[-117.529,47.214],[-117.263,47.177],[-117.02,47.048],[-116.827,46.897],[-116.809,46.772],[-116.884,46.628],[-117.281,46.491],[-117.8,46.267],[-119.529,45.738],[-119.787,45.686],[-120.244,45.452],[-120.377,45.409],[-120.834,45.308],[-121.149,45.203],[-121.409,45.187],[-121.505,45.203],[-121.593,45.241],[-121.623,45.271],[-121.653,45.347]]]}},{"type":"Feature","properties":{"density":2},"geometry":{"type":"Polygon","coordinates":[[[-122.151,45.882],[-122.132,45.926],[-122.02,45.981],[-121.754,46.05],[-121.704,46.037],[-121.595,45.94],[-121.573,45.885],[-121.579,45.866],[-121.642,45.835],[-121.828,45.809],[-122.138,45.858],[-122.151,45.882]]]}},{"type":"Feature","properties":{"density":2},"geometry":{"type":"Polygon","coordinates":[[[-119.863,44.365],[-119.943,44.425],[-119.951,44.452],[-119.942,44.506],[-119.908,44.544],[-119.756,44.628],[-119.461,44.742],[-119.314,44.766],[-119.006,44.736],[-118.853,44.694],[-118.796,44.652],[-118.781,44.613],[-118.774,44.557],[-118.825,44.517],[-118.867,44.506],[-119.306,44.494],[-119.559,44.413],[-119.689,44.335],[-119.742,44.323],[-119.838,44.335],[-119.863,44.365]]]}},{"type":"Feature","properties":{"density":2},"geometry":{"type":"Polygon","coordinates":[[[-118.024,45.985],[-118.015,46.1],[-117.994,46.135],[-117.692,46.417],[-117.563,46.576],[-117.458,46.631],[-117.406,46.636],[-117.334,46.6],[-117.307,46.561],[-117.316,46.51],[-117.464,46.358],[-117.796,46.071],[-117.921,45.982],[-117.978,45.965],[-118.024,45.985]]]}},{"type":"Feature","properties":{"density":2},"geometry":{"type":"Polygon","coordinates":[[[-122.573,43.141],[-122.583,43.287],[-122.516,43.548],[-122.45,43.752],[-122.388,43.781],[-122.361,43.751],[-122.338,43.67],[-122.305,43.633],[-122.194,43.579],[-122.183,43.515],[-122.234,43.425],[-122.49,43.123],[-122.541,43.111],[-122.573,43.141]]]}},{"type":"Feature","properties":{"density":2},"geometry":{"type":"Polygon","coordinates":[[[-122.991,42.221],[-122.939,42.277],[-122.918,42.269],[-122.921,42.241],[-122.957,42.207],[-122.981,42.201],[-122.991,42.221]]]}},{"type":"Feature","properties":{"density":2},"geometry":{"type":"Polygon","coordinates":[[[-121.055,62.055],[-120.846,62.041],[-120.549,62.19],[-120.445,62.192],[-120.344,62.167],[-120.234,62.111],[-120.115,61.989],[-120.092,61.798],[-120.129,61.677],[-120.276,61.57],[-120.395,61.518],[-120.757,61.464],[-121.635,61.626],[-121.828,61.617],[-121.916,61.63],[-121.952,61.711],[-121.911,61.808],[-121.772,61.939],[-121.585,62.058],[-121.401,62.112],[-121.128,62.08],[-121.055,62.055]]]}},{"type":"Feature","properties":{"density":2},"geometry":{"type":"Polygon","coordinates":[[[-78.63,51.679],[-78.55,51.847],[-78.516,51.991],[-78.376,52.309],[-78.239,52.568],[-78.167,52.625],[-78.076,52.626],[-77.842,52.667],[-77.612,52.805],[-77.403,52.883],[-77.302,52.879],[-77.232,52.829],[-77.246,52.645],[-77.372,52.445],[-77.462,52.355],[-77.543,52.244],[-78.059,51.859],[-78.214,51.77],[-78.421,51.689],[-78.493,51.644],[-78.604,51.631],[-78.625,51.638],[-78.63,51.679]]]}},{"type":"Feature","properties":{"density":2},"geometry":{"type":"Polygon","coordinates":[[[-78.698,50.336],[-77.951,50.786],[-77.759,50.963],[-77.627,50.988],[-77.573,50.976],[-77.527,50.939],[-77.498,50.874],[-77.491,50.802],[-77.527,50.705],[-77.749,50.534],[-77.878,50.481],[-78.08,50.451],[-78.245,50.4],[-78.632,50.211],[-78.679,50.207],[-78.722,50.238],[-78.725,50.271],[-78.698,50.336]]]}},{"type":"Feature","properties":{"density":2},"geometry":{"type":"Polygon","coordinates":[[[-86.609,31.558],[-86.626,31.728],[-86.656,31.838],[-86.65,31.896],[-86.634,31.918],[-86.594,31.931],[-86.534,31.87],[-86.498,31.728],[-86.469,31.523],[-86.482,31.478],[-86.525,31.462],[-86.548,31.474],[-86.609,31.558]]]}},{"type":"Feature","properties":{"density":2},"geometry":{"type":"Polygon","coordinates":[[[-88.699,31.898],[-88.831,31.932],[-88.897,32.003],[-88.921,32.073],[-88.913,32.119],[-88.89,32.169],[-88.853,32.198],[-88.792,32.201],[-88.715,32.163],[-88.677,32.126],[-88.474,32.077],[-88.349,32.074],[-88.207,32.044],[-88.169,32.012],[-88.145,31.937],[-88.164,31.892],[-88.218,31.878],[-88.699,31.898]]]}},{"type":"Feature","properties":{"density":2},"geometry":{"type":"Polygon","coordinates":[[[-107.357,38.145],[-107.219,38.216],[-107.065,38.241],[-106.658,38.227],[-106.329,38.161],[-106.217,38.128],[-106.134,38.066],[-106.098,37.981],[-106.1,37.858],[-106.149,37.736],[-106.197,37.69],[-106.343,37.624],[-106.491,37.613],[-106.808,37.642],[-106.994,37.63],[-107.106,37.694],[-107.184,37.783],[-107.306,37.972],[-107.364,38.016],[-107.383,38.074],[-107.357,38.145]]]}},{"type":"Feature","properties":{"density":2},"geometry":{"type":"Polygon","coordinates":[[[-108.0,39.51],[-107.776,39.513],[-107.703,39.497],[-107.587,39.414],[-107.521,39.339],[-107.47,39.248],[-107.489,39.172],[-107.529,39.108],[-107.594,39.082],[-107.658,39.091],[-107.758,39.15],[-108.021,39.427],[-108.027,39.479],[-108.0,39.51]]]}},{"type":"Feature","properties":{"density":2},"geometry":{"type":"Polygon","coordinates":[[[-111.303,39.423],[-111.013,39.524],[-110.887,39.54],[-110.831,39.531],[-110.797,39.477],[-110.795,39.42],[-110.831,39.362],[-110.891,39.288],[-110.943,39.263],[-111.038,39.256],[-111.314,39.353],[-111.335,39.378],[-111.303,39.423]]]}},{"type":"Feature","properties":{"density":2},"geometry":{"type":"Polygon","coordinates":[[[-112.162,39.142],[-111.928,39.248],[-111.809,39.275],[-111.654,39.279],[-111.503,39.241],[-111.343,39.169],[-111.226,39.092],[-111.127,38.964],[-111.078,38.838],[-111.109,38.723],[-111.505,38.285],[-111.553,38.186],[-111.631,38.152],[-111.847,38.183],[-112.176,38.291],[-112.324,38.377],[-112.378,38.44],[-112.459,38.496],[-112.502,38.557],[-112.549,38.636],[-112.556,38.717],[-112.531,38.777],[-112.273,39.077],[-112.194,39.135],[-112.162,39.142]]]}},{"type":"Feature","properties":{"density":2},"geometry":{"type":"Polygon","coordinates":[[[-122.216,52.078],[-121.852,52.26],[-121.305,52.404],[-120.128,52.397],[-117.979,52.587],[-117.22,52.625],[-116.468,52.609],[-115.754,52.488],[-114.323,52.313],[-113.377,52.074],[-112.238,51.744],[-111.293,51.562],[-109.607,51.015],[-108.958,50.844],[-108.217,50.719],[-107.409,50.616],[-104.994,49.75],[-104.017,49.487],[-103.428,49.135],[-101.582,47.922],[-100.967,47.222],[-99.616,46.904],[-98.319,46.965],[-97.345,47.239],[-95.705,47.58],[-94.064,48.076],[-91.094,49.508],[-90.559,49.804],[-88.907,50.488],[-85.718,52.202],[-85.183,52.384],[-84.738,52.703],[-83.52,53.341],[-83.053,53.455],[-82.426,53.637],[-80.996,54.572],[-80.1,54.788],[-79.544,54.692],[-78.973,54.241],[-78.923,53.173],[-79.568,51.882],[-80.552,50.758],[-81.27,49.699],[-81.896,48.902],[-82.375,48.423],[-82.716,47.968],[-82.785,47.694],[-82.808,47.432],[-82.69,47.265],[-82.47,47.235],[-82.151,47.288],[-81.718,47.425],[-81.156,47.561],[-80.609,47.645],[-80.254,47.745],[-79.081,48.383],[-77.031,50.125],[-76.803,50.365],[-76.575,50.558],[-75.739,51.793],[-75.04,52.401],[-74.463,52.606],[-74.205,52.408],[-74.182,51.96],[-74.554,51.36],[-76.655,49.009],[-77.315,48.428],[-78.887,47.471],[-79.628,47.3],[-80.858,46.879],[-81.496,46.685],[-82.259,46.48],[-83.17,45.968],[-84.605,45.0],[-85.152,44.43],[-85.756,43.701],[-86.508,42.858],[-87.168,42.232],[-87.863,41.73],[-91.001,40.022],[-94.777,38.945],[-95.956,39.014],[-97.34,39.373],[-99.339,40.107],[-100.176,40.551],[-100.979,40.842],[-104.419,41.804],[-105.222,41.77],[-106.897,41.463],[-108.025,41.326],[-109.152,41.292],[-110.092,41.394],[-110.587,41.582],[-110.793,41.839],[-110.929,42.112],[-111.298,42.669],[-111.556,42.821],[-111.997,42.912],[-112.49,42.988],[-113.037,43.011],[-113.561,43.011],[-114.169,42.889],[-114.353,42.631],[-114.47,42.525],[-114.652,42.418],[-115.133,42.231],[-115.427,42.15],[-115.705,42.145],[-116.277,42.185],[-117.062,42.19],[-117.471,42.258],[-117.82,42.296],[-118.336,42.326],[-119.589,42.592],[-120.335,42.855],[-120.555,42.895],[-120.733,42.862],[-120.895,42.754],[-121.091,42.575],[-121.25,42.467],[-121.466,42.382],[-121.756,42.386],[-121.793,42.42],[-121.82,42.544],[-121.867,42.943],[-121.871,43.108],[-121.834,43.273],[-121.753,43.466],[-121.638,43.584],[-121.489,43.969],[-121.57,44.748],[-121.801,45.357],[-121.722,45.462],[-120.814,45.941],[-120.215,46.29],[-119.613,46.407],[-119.036,46.564],[-118.909,46.665],[-118.828,46.852],[-118.459,47.166],[-118.342,47.374],[-118.307,47.515],[-118.393,47.703],[-118.545,47.693],[-118.99,47.52],[-119.238,47.353],[-119.365,47.191],[-119.598,47.126],[-119.851,47.136],[-120.16,47.217],[-120.717,47.313],[-120.909,47.333],[-121.293,47.327],[-121.34,47.376],[-121.333,47.46],[-121.236,47.613],[-121.097,47.651],[-120.888,47.653],[-120.726,47.696],[-120.685,47.721],[-120.678,47.748],[-120.703,47.777],[-120.865,47.815],[-120.93,47.871],[-121.012,48.002],[-120.995,48.141],[-120.905,48.251],[-120.773,48.317],[-120.371,48.462],[-120.319,48.556],[-120.319,48.667],[-120.373,48.717],[-120.562,48.775],[-120.821,48.78],[-121.03,48.703],[-121.12,48.694],[-121.293,48.733],[-121.409,48.891],[-121.386,49.092],[-121.28,49.243],[-121.149,49.327],[-121.025,49.381],[-120.941,49.47],[-120.988,49.547],[-121.461,49.702],[-121.609,49.794],[-121.656,49.932],[-121.683,50.091],[-121.741,50.239],[-121.95,50.404],[-122.068,50.577],[-122.102,50.669],[-122.165,50.774],[-122.237,50.855],[-122.473,50.951],[-122.763,50.951],[-123.127,51.019],[-123.204,51.046],[-123.272,51.103],[-123.319,51.235],[-123.285,51.41],[-123.164,51.596],[-123.012,51.721],[-122.799,51.829],[-122.577,51.893],[-122.307,52.011],[-122.216,52.078]]]}},{"type":"Feature","properties":{"density":2},"geometry":{"type":"Polygon","coordinates":[[[-60.578,51.327],[-59.792,51.771],[-59.023,52.113],[-58.425,52.472],[-57.656,52.523],[-57.315,52.147],[-57.503,51.378],[-57.896,50.439],[-58.135,49.413],[-58.323,48.252],[-57.998,46.816],[-57.28,45.125],[-56.58,44.031],[-55.247,43.023],[-53.727,42.528],[-52.394,42.254],[-51.352,41.947],[-50.668,41.588],[-50.19,41.127],[-50.48,40.58],[-51.317,40.272],[-52.872,40.136],[-53.658,40.102],[-54.598,40.119],[-55.76,40.529],[-57.468,41.332],[-59.075,41.896],[-62.201,43.194],[-63.619,43.69],[-64.73,44.458],[-65.362,45.535],[-65.448,46.56],[-65.208,47.859],[-64.867,49.499],[-64.422,50.49],[-63.688,50.866],[-62.782,51.037],[-61.945,51.002],[-60.997,51.25],[-60.578,51.327]]]}},{"type":"Feature","properties":{"density":2},"geometry":{"type":"Polygon","coordinates":[[[-116.259,37.25],[-116.27,37.302],[-116.244,37.385],[-116.151,37.581],[-116.101,37.617],[-116.04,37.615],[-115.945,37.568],[-115.878,37.49],[-115.859,37.4],[-115.875,37.297],[-115.915,37.212],[-115.973,37.159],[-116.082,37.118],[-116.157,37.127],[-116.213,37.176],[-116.259,37.25]]]}},{"type":"Feature","properties":{"density":2},"geometry":{"type":"Polygon","coordinates":[[[-82.33,52.28],[-82.286,52.508],[-82.192,52.817],[-81.957,53.365],[-81.889,53.433],[-81.772,53.467],[-81.617,53.482],[-81.48,53.48],[-81.311,53.453],[-81.129,53.408],[-80.987,53.347],[-80.883,53.242],[-80.847,53.156],[-80.987,52.933],[-81.322,52.735],[-81.486,52.657],[-81.729,52.594],[-82.245,52.25],[-82.305,52.252],[-82.33,52.28]]]}},{"type":"Feature","properties":{"density":2},"geometry":{"type":"Polygon","coordinates":[[[-114.915,48.526],[-114.883,48.561],[-114.726,48.63],[-114.486,48.682],[-114.258,48.682],[-114.204,48.675],[-114.19,48.651],[-114.271,48.591],[-114.649,48.477],[-114.891,48.453],[-114.909,48.472],[-114.915,48.526]]]}},{"type":"Feature","properties":{"density":3},"geometry":{"type":"Polygon","coordinates":[[[-122.929,51.185],[-122.959,51.121],[-122.957,51.022],[-122.907,50.983],[-122.736,50.931],[-122.676,50.884],[-122.631,50.815],[-122.609,50.746],[-122.574,50.532],[-122.472,50.352],[-122.367,50.223],[-122.202,50.069],[-121.923,49.876],[-121.711,49.771],[-121.59,49.73],[-121.003,49.727],[-120.14,49.63],[-119.95,49.63],[-119.633,49.551],[-119.542,49.427],[-119.526,49.355],[-119.545,49.267],[-119.628,49.112],[-119.812,48.917],[-119.884,48.806],[-119.912,48.71],[-119.914,48.619],[-119.881,48.481],[-119.796,48.225],[-119.777,47.969],[-119.744,47.839],[-119.76,47.781],[-119.818,47.751],[-119.87,47.765],[-120.333,48.054],[-120.46,48.09],[-120.598,48.098],[-120.658,48.071],[-120.796,48.049],[-120.826,47.977],[-120.81,47.886],[-120.763,47.795],[-120.667,47.715],[-120.281,47.462],[-119.95,47.338],[-119.882,47.3],[-119.818,47.232],[-119.779,47.146],[-119.744,46.957],[-119.781,46.852],[-119.847,46.734],[-119.939,46.674],[-120.248,46.626],[-120.723,46.664],[-120.852,46.615],[-120.933,46.519],[-120.931,46.446],[-120.823,46.271],[-120.549,46.08],[-120.501,46.009],[-120.464,45.93],[-120.472,45.86],[-120.518,45.792],[-120.624,45.735],[-121.072,45.614],[-121.399,45.553],[-121.635,45.446],[-121.692,45.404],[-121.719,45.336],[-121.704,45.277],[-121.657,45.235],[-121.433,45.165],[-121.328,45.095],[-121.291,45.093],[-121.212,45.104],[-120.851,45.238],[-120.507,45.336],[-120.018,45.419],[-119.569,45.427],[-119.47,45.405],[-119.398,45.331],[-119.354,45.262],[-119.371,45.162],[-119.426,45.072],[-119.533,44.997],[-119.671,44.931],[-120.377,44.702],[-120.663,44.536],[-120.814,44.543],[-120.867,44.514],[-120.865,44.455],[-120.794,44.392],[-120.697,44.351],[-120.566,44.33],[-120.384,44.378],[-120.301,44.425],[-120.157,44.472],[-120.059,44.491],[-119.938,44.481],[-119.8,44.344],[-119.774,44.183],[-119.826,44.0],[-119.878,43.887],[-119.99,43.78],[-120.351,43.537],[-120.755,43.23],[-120.859,43.192],[-121.018,43.173],[-121.354,43.209],[-121.73,43.153],[-121.879,43.121],[-121.964,43.081],[-122.058,42.98],[-122.079,42.81],[-122.035,42.691],[-121.859,42.508],[-121.74,42.442],[-121.697,42.453],[-121.696,42.483],[-121.65,42.559],[-121.548,42.654],[-121.338,42.783],[-121.101,42.893],[-121.011,42.914],[-120.934,42.91],[-120.83,42.86],[-120.687,42.86],[-120.508,42.93],[-120.35,43.024],[-120.159,43.101],[-120.036,43.13],[-119.406,43.164],[-119.233,43.238],[-118.972,43.428],[-118.565,43.683],[-118.243,43.968],[-117.982,44.228],[-117.858,44.383],[-117.741,44.575],[-117.697,44.792],[-117.685,45.177],[-117.728,45.35],[-117.796,45.443],[-117.958,45.555],[-118.261,45.723],[-118.404,45.933],[-118.199,46.324],[-117.995,46.56],[-117.753,46.764],[-117.486,46.95],[-117.22,47.056],[-116.897,47.124],[-116.494,47.136],[-115.726,47.031],[-115.093,46.975],[-114.479,47.031],[-113.717,47.025],[-113.289,46.963],[-112.588,46.826],[-112.21,46.733],[-110.635,46.268],[-109.221,45.785],[-108.998,45.747],[-108.75,45.766],[-108.608,45.878],[-108.589,46.051],[-108.608,46.237],[-108.756,46.411],[-108.887,46.51],[-109.693,46.758],[-110.238,46.87],[-110.772,46.95],[-111.15,46.956],[-111.497,46.981],[-112.012,47.043],[-112.123,47.118],[-112.39,47.421],[-112.588,47.601],[-113.152,47.893],[-113.58,48.054],[-113.872,48.141],[-114.475,48.423],[-114.562,48.522],[-114.599,48.659],[-114.568,48.777],[-114.475,48.87],[-114.233,48.894],[-113.651,48.783],[-113.334,48.739],[-112.702,48.715],[-112.097,48.557],[-111.679,48.482],[-111.26,48.38],[-111.037,48.389],[-110.907,48.436],[-110.842,48.51],[-110.86,48.659],[-111.074,48.826],[-111.325,48.975],[-111.8,49.142],[-112.916,49.403],[-113.948,49.552],[-114.181,49.607],[-114.971,49.747],[-115.883,50.054],[-116.208,50.138],[-118.031,50.528],[-118.673,50.696],[-118.989,50.872],[-119.324,51.17],[-119.435,51.309],[-119.556,51.412],[-119.714,51.514],[-120.059,51.7],[-120.524,51.858],[-120.821,51.886],[-121.426,51.877],[-122.095,51.774],[-122.439,51.626],[-122.7,51.449],[-122.832,51.326],[-122.929,51.185]]]}},{"type":"Feature","properties":{"density":3},"geometry":{"type":"Polygon","coordinates":[[[-116.343,46.0],[-115.878,46.124],[-115.574,46.18],[-115.314,46.205],[-114.675,46.211],[-114.433,46.186],[-113.571,46.05],[-113.088,45.938],[-112.908,45.845],[-112.833,45.783],[-112.802,45.721],[-112.815,45.591],[-112.864,45.516],[-112.995,45.479],[-114.104,45.659],[-114.439,45.678],[-115.673,45.69],[-115.884,45.709],[-116.256,45.783],[-116.368,45.839],[-116.392,45.957],[-116.343,46.0]]]}},{"type":"Feature","properties":{"density":3},"geometry":{"type":"Polygon","coordinates":[[[-112.12,45.089],[-112.784,44.952],[-113.063,44.822],[-113.218,44.698],[-113.311,44.58],[-113.398,44.388],[-113.404,44.159],[-113.336,43.954],[-112.945,43.526],[-112.635,43.241],[-112.207,42.943],[-111.724,42.801],[-111.24,42.819],[-110.942,42.912],[-110.707,43.111],[-110.508,43.601],[-110.484,43.867],[-110.484,44.121],[-110.577,44.363],[-110.719,44.574],[-111.159,44.934],[-111.742,45.095],[-111.897,45.107],[-112.12,45.089]]]}},{"type":"Feature","properties":{"density":3},"geometry":{"type":"Polygon","coordinates":[[[-107.508,44.979],[-107.388,44.843],[-107.128,44.603],[-107.074,44.5],[-106.971,44.19],[-106.925,43.995],[-106.904,43.805],[-106.942,43.627],[-107.099,43.334],[-107.239,43.152],[-107.363,43.028],[-107.421,42.904],[-107.475,42.652],[-107.467,42.47],[-107.347,42.272],[-107.123,42.181],[-106.925,42.177],[-106.764,42.23],[-106.59,42.404],[-106.408,42.83],[-106.264,43.016],[-106.111,43.094],[-105.888,43.094],[-105.673,42.999],[-105.346,42.9],[-105.115,42.846],[-104.8,42.801],[-104.511,42.805],[-104.35,42.859],[-104.275,42.974],[-104.284,43.098],[-104.383,43.21],[-104.92,43.466],[-105.123,43.607],[-105.611,44.004],[-105.813,44.19],[-105.945,44.351],[-106.086,44.475],[-106.268,44.615],[-106.594,44.793],[-106.714,44.913],[-106.909,45.02],[-107.132,45.103],[-107.5,45.178],[-107.653,45.153],[-107.665,45.12],[-107.62,45.054],[-107.508,44.979]]]}},{"type":"Feature","properties":{"density":3},"geometry":{"type":"Polygon","coordinates":[[[-122.535,62.394],[-122.593,62.359],[-122.618,62.309],[-122.623,62.243],[-122.574,62.163],[-122.433,62.119],[-122.367,62.144],[-122.317,62.188],[-122.287,62.246],[-122.281,62.29],[-122.298,62.348],[-122.405,62.386],[-122.535,62.394]]]}},{"type":"Feature","properties":{"density":3},"geometry":{"type":"Polygon","coordinates":[[[-121.466,62.08],[-121.562,61.81],[-121.562,61.722],[-121.474,61.532],[-121.386,61.449],[-121.251,61.4],[-121.006,61.386],[-120.857,61.422],[-120.738,61.493],[-120.598,61.758],[-120.501,62.0],[-120.499,62.042],[-120.521,62.1],[-120.567,62.119],[-120.711,62.1],[-120.84,62.047],[-120.959,62.044],[-121.066,62.061],[-121.259,62.053],[-121.424,62.089],[-121.466,62.08]]]}},{"type":"Feature","properties":{"density":3},"geometry":{"type":"Polygon","coordinates":[[[-82.282,52.287],[-82.264,52.383],[-82.237,52.431],[-82.182,52.481],[-82.12,52.465],[-82.123,52.421],[-82.228,52.28],[-82.277,52.26],[-82.282,52.287]]]}},{"type":"Feature","properties":{"density":3},"geometry":{"type":"Polygon","coordinates":[[[-121.538,45.469],[-121.276,45.492],[-121.132,45.559],[-120.852,45.651],[-120.452,45.73],[-120.358,45.768],[-119.733,46.155],[-119.383,46.262],[-119.179,46.268],[-118.81,46.202],[-118.663,46.105],[-118.378,46.017],[-118.251,45.944],[-118.174,45.874],[-118.11,45.775],[-118.1,45.645],[-118.168,45.582],[-118.5,45.62],[-118.987,45.721],[-119.215,45.711],[-119.35,45.664],[-119.678,45.609],[-119.992,45.579],[-120.406,45.471],[-120.959,45.259],[-121.328,45.136],[-121.425,45.134],[-121.519,45.16],[-121.669,45.24],[-121.807,45.371],[-121.815,45.415],[-121.756,45.461],[-121.538,45.469]]]}},{"type":"Feature","properties":{"density":3},"geometry":{"type":"Polygon","coordinates":[[[-120.674,44.308],[-120.851,44.459],[-120.856,44.607],[-120.817,44.675],[-120.706,44.71],[-120.654,44.677],[-120.586,44.664],[-120.436,44.687],[-120.209,44.841],[-119.911,45.013],[-119.731,45.085],[-119.362,45.131],[-118.996,45.121],[-118.906,45.088],[-118.761,44.985],[-118.648,44.813],[-118.642,44.742],[-118.659,44.694],[-118.711,44.659],[-118.946,44.698],[-119.054,44.689],[-119.154,44.617],[-119.281,44.58],[-119.503,44.66],[-119.73,44.698],[-120.119,44.54],[-120.365,44.482],[-120.475,44.371],[-120.568,44.328],[-120.674,44.308]]]}},{"type":"Feature","properties":{"density":3},"geometry":{"type":"Polygon","coordinates":[[[-119.724,44.356],[-119.534,44.492],[-119.508,44.535],[-119.528,44.565],[-119.741,44.594],[-119.832,44.566],[-119.913,44.499],[-119.923,44.44],[-119.843,44.361],[-119.756,44.342],[-119.724,44.356]]]}},{"type":"Feature","properties":{"density":3},"geometry":{"type":"Polygon","coordinates":[[[-121.735,42.446],[-121.881,42.516],[-121.906,42.549],[-121.931,42.635],[-121.934,42.772],[-121.889,42.908],[-121.825,43.01],[-121.741,43.068],[-121.658,43.077],[-121.597,43.035],[-121.575,42.98],[-121.695,42.61],[-121.701,42.542],[-121.674,42.477],[-121.677,42.448],[-121.701,42.436],[-121.735,42.446]]]}},{"type":"Feature","properties":{"density":3},"geometry":{"type":"Polygon","coordinates":[[[-120.722,43.305],[-120.259,43.475],[-119.622,43.886],[-119.476,43.955],[-118.923,44.38],[-118.809,44.407],[-118.704,44.369],[-118.625,44.315],[-118.617,44.265],[-118.729,44.096],[-118.751,44.013],[-118.731,43.916],[-118.61,43.652],[-118.619,43.609],[-118.673,43.514],[-118.852,43.33],[-118.945,43.244],[-119.083,43.157],[-119.296,43.09],[-119.494,43.069],[-119.806,42.981],[-120.074,42.939],[-120.212,42.935],[-120.508,42.968],[-121.054,43.036],[-121.465,43.105],[-121.744,43.096],[-122.036,42.982],[-122.082,42.982],[-122.112,43.003],[-122.115,43.037],[-122.066,43.144],[-121.696,43.44],[-121.489,43.471],[-121.323,43.466],[-121.208,43.432],[-120.87,43.289],[-120.722,43.305]]]}},{"type":"Feature","properties":{"density":3},"geometry":{"type":"Polygon","coordinates":[[[-118.29,45.628],[-118.307,45.708],[-118.278,45.783],[-118.211,45.798],[-118.078,45.796],[-118.04,45.78],[-118.064,45.716],[-118.192,45.605],[-118.26,45.609],[-118.29,45.628]]]}},{"type":"Feature","properties":{"density":3},"geometry":{"type":"Polygon","coordinates":[[[-116.935,42.362],[-116.925,42.441],[-116.902,42.467],[-116.755,42.505],[-116.689,42.514],[-116.591,42.484],[-116.569,42.427],[-116.592,42.335],[-116.622,42.303],[-116.759,42.268],[-116.914,42.296],[-116.945,42.325],[-116.935,42.362]]]}},{"type":"Feature","properties":{"density":3},"geometry":{"type":"Polygon","coordinates":[[[-121.203,49.174],[-121.054,49.114],[-121.006,49.065],[-121.0,49.013],[-121.029,48.948],[-121.058,48.91],[-121.124,48.89],[-121.112,48.862],[-121.034,48.8],[-121.019,48.772],[-121.035,48.74],[-121.202,48.817],[-121.285,48.902],[-121.274,48.923],[-121.159,48.93],[-121.126,49.0],[-121.135,49.043],[-121.164,49.078],[-121.304,49.16],[-121.29,49.176],[-121.203,49.174]]]}},{"type":"Feature","properties":{"density":3},"geometry":{"type":"Polygon","coordinates":[[[-120.641,48.859],[-120.66,48.923],[-120.611,49.043],[-120.564,49.227],[-120.582,49.384],[-120.557,49.458],[-120.534,49.47],[-120.508,49.446],[-120.495,49.402],[-120.505,49.256],[-120.529,49.155],[-120.508,48.986],[-120.598,48.851],[-120.633,48.846],[-120.641,48.859]]]}},{"type":"Feature","properties":{"density":3},"geometry":{"type":"Polygon","coordinates":[[[-119.733,51.381],[-119.761,51.411],[-119.782,51.526],[-119.763,51.56],[-119.738,51.569],[-119.703,51.563],[-119.678,51.537],[-119.655,51.456],[-119.663,51.383],[-119.695,51.367],[-119.733,51.381]]]}},{"type":"Feature","properties":{"density":3},"geometry":{"type":"Polygon","coordinates":[[[-122.932,51.056],[-122.923,51.212],[-122.888,51.236],[-122.813,51.17],[-122.755,51.066],[-122.771,51.05],[-122.831,51.041],[-122.922,51.04],[-122.932,51.056]]]}},{"type":"Feature","properties":{"density":3},"geometry":{"type":"Polygon","coordinates":[[[-122.699,51.171],[-122.785,51.203],[-122.805,51.246],[-122.712,51.341],[-122.658,51.452],[-122.644,51.452],[-122.57,51.369],[-122.561,51.201],[-122.687,51.156],[-122.699,51.171]]]}},{"type":"Feature","properties":{"density":3},"geometry":{"type":"Polygon","coordinates":[[[-122.521,51.401],[-122.59,51.446],[-122.584,51.483],[-122.516,51.539],[-122.374,51.583],[-122.238,51.566],[-122.208,51.532],[-122.145,51.366],[-121.937,51.056],[-121.984,51.055],[-122.233,51.142],[-122.37,51.153],[-122.38,51.225],[-122.472,51.235],[-122.513,51.286],[-122.482,51.365],[-122.521,51.401]]]}},{"type":"Feature","properties":{"density":3},"geometry":{"type":"Polygon","coordinates":[[[-123.004,51.057],[-123.055,51.128],[-123.038,51.21],[-122.999,51.278],[-122.802,51.413],[-122.515,51.569],[-122.306,51.602],[-122.089,51.513],[-121.967,51.502],[-121.686,51.516],[-121.513,51.558],[-120.597,51.597],[-120.173,51.629],[-120.012,51.67],[-119.903,51.666],[-119.413,51.584],[-118.93,51.467],[-118.813,51.293],[-118.752,51.079],[-118.748,50.908],[-118.687,50.802],[-118.593,50.571],[-118.442,50.484],[-117.947,50.409],[-117.482,50.442],[-116.932,50.423],[-116.382,50.256],[-115.922,50.09],[-114.828,49.898],[-114.525,49.86],[-114.007,49.714],[-112.942,49.306],[-112.743,49.208],[-112.57,49.085],[-112.57,49.006],[-112.83,48.905],[-113.09,48.872],[-113.599,48.843],[-113.945,48.847],[-114.527,48.908],[-114.736,48.901],[-115.415,49.078],[-115.856,49.158],[-115.978,49.089],[-116.022,48.988],[-115.852,48.789],[-115.686,48.685],[-115.43,48.598],[-114.606,48.269],[-114.343,48.143],[-114.296,48.074],[-114.285,48.02],[-114.35,47.977],[-114.574,47.97],[-114.946,48.009],[-115.538,48.114],[-115.823,48.139],[-115.877,48.118],[-115.895,48.027],[-115.834,47.847],[-115.758,47.731],[-115.643,47.673],[-115.451,47.605],[-115.26,47.562],[-114.325,47.432],[-113.775,47.335],[-113.363,47.299],[-112.652,47.196],[-111.962,46.983],[-111.247,46.799],[-110.858,46.654],[-110.368,46.557],[-109.815,46.578],[-109.442,46.633],[-109.155,46.633],[-108.857,46.627],[-108.559,46.562],[-108.255,46.524],[-107.983,46.418],[-107.568,46.194],[-107.369,45.952],[-107.355,45.829],[-107.405,45.742],[-107.542,45.645],[-107.723,45.609],[-107.965,45.612],[-108.308,45.659],[-108.636,45.659],[-109.662,45.732],[-110.048,45.807],[-111.07,46.302],[-111.695,46.544],[-112.034,46.656],[-112.944,46.853],[-113.721,46.889],[-114.291,46.853],[-114.725,46.784],[-115.017,46.773],[-115.396,46.791],[-115.584,46.828],[-115.793,46.885],[-116.201,47.077],[-116.414,47.218],[-116.815,47.676],[-117.043,47.864],[-117.357,47.998],[-117.624,48.023],[-117.92,47.99],[-118.122,47.929],[-118.521,47.748],[-118.669,47.662],[-118.85,47.481],[-118.915,47.376],[-119.153,47.207],[-119.287,47.145],[-119.431,47.102],[-119.655,47.113],[-119.847,47.16],[-120.052,47.236],[-120.359,47.42],[-120.493,47.535],[-120.632,47.698],[-120.736,47.78],[-120.804,47.805],[-120.855,47.863],[-120.879,47.975],[-120.877,48.036],[-120.824,48.102],[-120.722,48.138],[-120.605,48.142],[-120.468,48.128],[-120.12,48.02],[-119.996,47.884],[-119.924,47.847],[-119.756,47.828],[-119.72,47.889],[-119.743,47.961],[-119.802,48.043],[-119.906,48.321],[-119.932,48.43],[-119.951,48.593],[-119.942,48.719],[-119.882,48.844],[-119.898,49.104],[-119.995,49.409],[-120.065,49.535],[-120.204,49.696],[-120.459,49.814],[-120.628,49.84],[-120.864,49.843],[-121.09,49.804],[-121.321,49.731],[-121.461,49.731],[-121.608,49.763],[-121.742,49.842],[-122.106,50.129],[-122.278,50.235],[-122.454,50.453],[-122.511,50.739],[-122.553,50.81],[-122.865,50.936],[-122.954,50.987],[-123.004,51.057]]]}},{"type":"Feature","properties":{"density":3},"geometry":{"type":"Polygon","coordinates":[[[-115.682,45.901],[-115.526,45.919],[-114.598,46.103],[-114.161,46.09],[-113.331,45.934],[-113.245,45.874],[-113.236,45.82],[-113.29,45.738],[-113.371,45.669],[-113.533,45.641],[-114.147,45.707],[-114.298,45.695],[-115.313,45.702],[-115.597,45.691],[-115.75,45.71],[-115.784,45.762],[-115.753,45.853],[-115.682,45.901]]]}},{"type":"Feature","properties":{"density":3},"geometry":{"type":"Polygon","coordinates":[[[-115.111,46.072],[-115.044,46.102],[-115.044,46.155],[-115.084,46.226],[-115.141,46.239],[-115.164,46.214],[-115.136,46.168],[-115.14,46.147],[-115.194,46.089],[-115.111,46.072]]]}},{"type":"Feature","properties":{"density":3},"geometry":{"type":"Polygon","coordinates":[[[-122.53,43.165],[-122.616,43.162],[-122.727,43.1],[-122.869,43.076],[-122.945,43.004],[-122.946,42.958],[-122.923,42.953],[-122.826,42.99],[-122.725,42.982],[-122.531,43.107],[-122.518,43.146],[-122.53,43.165]]]}},{"type":"Feature","properties":{"density":3},"geometry":{"type":"Polygon","coordinates":[[[-122.132,45.863],[-122.317,45.92],[-122.434,45.896],[-122.463,45.904],[-122.454,45.925],[-122.377,45.963],[-122.286,45.966],[-122.088,45.901],[-122.084,45.875],[-122.132,45.863]]]}},{"type":"Feature","properties":{"density":3},"geometry":{"type":"Polygon","coordinates":[[[-116.851,51.632],[-117.029,51.55],[-117.104,51.435],[-117.106,51.401],[-117.024,51.411],[-116.978,51.454],[-116.804,51.53],[-116.74,51.574],[-116.755,51.628],[-116.851,51.632]]]}},{"type":"Feature","properties":{"density":3},"geometry":{"type":"Polygon","coordinates":[[[-111.972,44.133],[-111.784,44.235],[-111.58,44.391],[-110.99,44.771],[-110.851,44.83],[-110.717,44.857],[-110.604,44.857],[-110.132,44.777],[-109.853,44.766],[-109.225,44.637],[-109.059,44.578],[-108.834,44.417],[-108.775,44.321],[-108.743,44.224],[-108.737,44.122],[-108.796,44.058],[-108.925,43.994],[-109.209,43.956],[-109.263,43.881],[-109.311,43.72],[-109.333,43.559],[-109.51,43.125],[-109.638,42.905],[-109.783,42.733],[-109.944,42.631],[-110.304,42.561],[-110.908,42.508],[-111.137,42.511],[-111.398,42.551],[-111.731,42.565],[-111.945,42.611],[-112.081,42.661],[-112.142,42.74],[-112.217,43.387],[-112.278,43.763],[-112.263,43.87],[-112.206,43.967],[-111.972,44.133]]]}},{"type":"Feature","properties":{"density":3},"geometry":{"type":"Polygon","coordinates":[[[-112.5,38.727],[-112.444,38.911],[-112.47,39.132],[-112.451,39.426],[-112.417,39.466],[-112.368,39.447],[-112.184,39.302],[-112.107,39.162],[-112.104,39.083],[-112.165,38.933],[-112.208,38.883],[-112.222,38.781],[-112.27,38.693],[-112.314,38.663],[-112.475,38.643],[-112.506,38.678],[-112.5,38.727]]]}},{"type":"Feature","properties":{"density":3},"geometry":{"type":"Polygon","coordinates":[[[-117.455,50.535],[-117.577,50.597],[-117.603,50.665],[-117.581,50.685],[-117.542,50.689],[-117.392,50.652],[-117.337,50.616],[-117.307,50.568],[-117.332,50.54],[-117.455,50.535]]]}},{"type":"Feature","properties":{"density":3},"geometry":{"type":"Polygon","coordinates":[[[-121.081,62.077],[-120.941,62.013],[-120.738,61.963],[-120.671,62.044],[-120.624,62.075],[-120.45,62.084],[-120.364,62.037],[-120.185,61.86],[-120.08,61.779],[-119.973,61.648],[-119.875,61.493],[-119.851,61.395],[-119.977,61.329],[-120.104,61.329],[-120.533,61.407],[-120.719,61.484],[-120.867,61.572],[-121.079,61.746],[-121.181,61.932],[-121.193,62.018],[-121.181,62.063],[-121.155,62.08],[-121.081,62.077]]]}},{"type":"Feature","properties":{"density":3},"geometry":{"type":"Polygon","coordinates":[[[-122.96,51.069],[-123.016,51.132],[-123.037,51.222],[-122.978,51.339],[-122.922,51.395],[-122.827,51.472],[-122.627,51.553],[-122.357,51.614],[-122.002,51.623],[-121.678,51.533],[-121.421,51.488],[-120.969,51.512],[-120.568,51.566],[-120.055,51.69],[-119.731,51.67],[-119.59,51.616],[-119.482,51.541],[-119.394,51.453],[-119.34,51.373],[-119.331,51.265],[-119.343,51.145],[-119.279,51.021],[-119.011,50.908],[-118.84,50.674],[-118.714,50.548],[-118.435,50.443],[-118.021,50.389],[-117.322,50.245],[-117.018,50.245],[-116.618,50.2],[-115.884,50.063],[-114.998,49.805],[-114.32,49.688],[-114.041,49.622],[-113.656,49.486],[-113.322,49.304],[-113.079,49.212],[-112.816,49.081],[-112.492,48.949],[-111.996,48.858],[-111.687,48.767],[-111.25,48.699],[-111.041,48.625],[-110.703,48.544],[-110.045,48.247],[-109.833,48.197],[-109.559,48.156],[-109.35,48.099],[-109.282,48.038],[-109.279,47.974],[-109.357,47.923],[-109.485,47.873],[-109.694,47.822],[-109.947,47.815],[-110.457,47.869],[-111.385,48.014],[-111.669,48.099],[-112.452,48.254],[-112.806,48.369],[-113.454,48.629],[-113.812,48.72],[-113.882,48.701],[-113.866,48.6],[-113.81,48.499],[-113.666,48.352],[-113.522,48.267],[-112.017,47.695],[-111.869,47.577],[-111.93,47.533],[-112.078,47.513],[-112.331,47.537],[-112.78,47.614],[-113.212,47.739],[-113.471,47.782],[-113.798,47.904],[-113.996,47.913],[-114.419,47.994],[-114.617,48.055],[-114.7,48.062],[-114.745,48.013],[-114.758,47.932],[-114.761,47.824],[-114.716,47.734],[-114.486,47.511],[-114.342,47.434],[-113.887,47.288],[-113.411,47.21],[-112.864,47.173],[-112.513,47.109],[-112.453,47.052],[-112.432,46.998],[-112.486,46.94],[-112.659,46.886],[-112.996,46.825],[-113.259,46.798],[-113.741,46.829],[-114.469,46.758],[-115.27,46.936],[-115.681,47.139],[-115.981,47.341],[-116.241,47.48],[-116.67,47.881],[-117.058,48.192],[-117.241,48.191],[-117.401,48.081],[-117.678,47.923],[-117.986,47.838],[-118.909,47.686],[-119.439,47.649],[-119.611,47.568],[-119.834,47.421],[-119.969,47.365],[-120.205,47.392],[-120.32,47.426],[-120.383,47.484],[-120.475,47.667],[-120.538,47.743],[-120.587,47.777],[-120.871,47.811],[-120.905,47.847],[-120.895,48.114],[-120.874,48.162],[-120.773,48.206],[-120.532,48.194],[-120.329,48.164],[-120.135,48.223],[-120.034,48.238],[-119.975,48.268],[-119.912,48.389],[-119.908,48.463],[-120.011,48.751],[-120.021,49.004],[-119.986,49.051],[-119.938,49.066],[-119.786,49.064],[-119.735,49.149],[-119.712,49.314],[-119.789,49.435],[-119.887,49.54],[-120.421,49.803],[-120.579,49.854],[-120.775,49.867],[-121.143,49.827],[-121.396,49.746],[-121.528,49.743],[-121.582,49.793],[-121.592,49.965],[-121.693,50.144],[-121.808,50.268],[-122.08,50.396],[-122.156,50.446],[-122.244,50.542],[-122.271,50.635],[-122.264,50.959],[-122.381,51.103],[-122.584,51.141],[-122.665,51.13],[-122.775,51.017],[-122.906,51.017],[-122.96,51.069]]]}},{"type":"Feature","properties":{"density":3},"geometry":{"type":"Polygon","coordinates":[[[-121.14,48.997],[-121.195,49.12],[-121.192,49.155],[-121.169,49.175],[-121.088,49.14],[-120.972,49.127],[-120.898,49.102],[-120.905,49.047],[-120.95,49.007],[-120.978,48.956],[-120.97,48.86],[-121.033,48.738],[-121.073,48.743],[-121.125,48.78],[-121.232,48.819],[-121.285,48.889],[-121.282,48.921],[-121.161,48.956],[-121.14,48.997]]]}},{"type":"Feature","properties":{"density":3},"geometry":{"type":"Polygon","coordinates":[[[-120.645,48.885],[-120.629,48.969],[-120.587,49.063],[-120.583,49.298],[-120.621,49.467],[-120.575,49.553],[-120.493,49.587],[-120.461,49.579],[-120.434,49.541],[-120.493,49.353],[-120.491,49.235],[-120.508,49.163],[-120.485,49.104],[-120.409,49.044],[-120.412,48.939],[-120.539,48.81],[-120.636,48.796],[-120.652,48.84],[-120.645,48.885]]]}},{"type":"Feature","properties":{"density":3},"geometry":{"type":"Polygon","coordinates":[[[-116.849,51.598],[-116.98,51.563],[-117.013,51.511],[-117.013,51.438],[-116.993,51.425],[-116.927,51.501],[-116.814,51.513],[-116.732,51.56],[-116.73,51.583],[-116.748,51.594],[-116.849,51.598]]]}},{"type":"Feature","properties":{"density":3},"geometry":{"type":"Polygon","coordinates":[[[-113.172,45.659],[-113.067,45.722],[-112.904,45.729],[-112.859,45.701],[-112.863,45.682],[-112.883,45.676],[-113.119,45.626],[-113.184,45.625],[-113.192,45.635],[-113.172,45.659]]]}},{"type":"Feature","properties":{"density":3},"geometry":{"type":"Polygon","coordinates":[[[-113.577,45.815],[-113.387,45.825],[-113.055,45.876],[-112.797,45.867],[-112.368,45.786],[-112.214,45.726],[-112.136,45.684],[-112.098,45.644],[-112.116,45.581],[-112.158,45.555],[-112.227,45.542],[-112.452,45.552],[-112.847,45.668],[-113.562,45.696],[-113.621,45.747],[-113.606,45.795],[-113.577,45.815]]]}},{"type":"Feature","properties":{"density":3},"geometry":{"type":"Polygon","coordinates":[[[-121.53,45.247],[-121.667,45.294],[-121.737,45.35],[-121.762,45.433],[-121.681,45.53],[-121.559,45.58],[-121.429,45.609],[-121.111,45.755],[-121.017,45.784],[-120.65,45.823],[-120.243,45.824],[-120.064,45.851],[-119.902,45.911],[-119.76,46.014],[-119.587,46.2],[-119.446,46.275],[-118.586,46.603],[-118.437,46.64],[-118.289,46.634],[-117.953,46.535],[-117.841,46.444],[-117.79,46.328],[-117.84,46.208],[-117.901,46.127],[-118.051,46.046],[-118.147,45.942],[-118.312,45.876],[-118.538,45.845],[-118.948,45.913],[-119.211,45.934],[-119.407,45.911],[-120.136,45.657],[-120.327,45.572],[-120.811,45.311],[-120.959,45.261],[-121.157,45.218],[-121.306,45.205],[-121.403,45.207],[-121.53,45.247]]]}},{"type":"Feature","properties":{"density":3},"geometry":{"type":"Polygon","coordinates":[[[-118.303,45.631],[-118.309,45.676],[-118.272,45.725],[-118.103,45.821],[-118.025,45.848],[-117.705,45.905],[-117.599,45.963],[-117.42,45.986],[-117.347,45.971],[-117.295,45.936],[-117.156,45.794],[-117.076,45.682],[-117.108,45.643],[-117.258,45.545],[-117.363,45.528],[-117.925,45.542],[-118.058,45.587],[-118.258,45.587],[-118.29,45.596],[-118.303,45.631]]]}},{"type":"Feature","properties":{"density":3},"geometry":{"type":"Polygon","coordinates":[[[-118.021,46.015],[-118.005,46.062],[-117.939,46.103],[-117.8,46.107],[-117.758,46.078],[-117.758,46.061],[-117.797,46.027],[-117.912,45.983],[-117.982,45.979],[-118.021,46.015]]]}},{"type":"Feature","properties":{"density":3},"geometry":{"type":"Polygon","coordinates":[[[-120.611,44.375],[-120.647,44.39],[-120.677,44.434],[-120.671,44.548],[-120.471,44.822],[-120.407,44.885],[-120.318,44.93],[-119.718,45.14],[-119.399,45.199],[-118.983,45.202],[-118.923,45.142],[-118.935,45.082],[-118.994,45.02],[-119.447,44.794],[-119.906,44.633],[-120.195,44.549],[-120.491,44.384],[-120.569,44.363],[-120.611,44.375]]]}},{"type":"Feature","properties":{"density":3},"geometry":{"type":"Polygon","coordinates":[[[-119.777,44.387],[-119.613,44.534],[-119.55,44.57],[-119.395,44.584],[-119.289,44.569],[-119.273,44.552],[-119.277,44.53],[-119.383,44.464],[-119.546,44.426],[-119.716,44.344],[-119.793,44.343],[-119.777,44.387]]]}},{"type":"Feature","properties":{"density":3},"geometry":{"type":"Polygon","coordinates":[[[-117.011,44.459],[-117.055,44.5],[-117.057,44.532],[-117.036,44.599],[-116.986,44.623],[-116.631,44.544],[-116.645,44.51],[-116.719,44.48],[-116.9,44.464],[-116.984,44.44],[-117.011,44.459]]]}},{"type":"Feature","properties":{"density":3},"geometry":{"type":"Polygon","coordinates":[[[-116.822,42.489],[-116.231,42.636],[-116.099,42.636],[-116.037,42.593],[-116.022,42.54],[-116.025,42.492],[-116.055,42.453],[-116.201,42.39],[-116.471,42.326],[-116.762,42.281],[-116.904,42.291],[-116.942,42.32],[-116.954,42.362],[-116.943,42.411],[-116.91,42.47],[-116.822,42.489]]]}},{"type":"Feature","properties":{"density":3},"geometry":{"type":"Polygon","coordinates":[[[-115.13,46.233],[-115.055,46.211],[-115.037,46.182],[-115.041,46.109],[-115.062,46.084],[-115.108,46.069],[-115.18,46.078],[-115.191,46.105],[-115.178,46.156],[-115.185,46.232],[-115.13,46.233]]]}},{"type":"Feature","properties":{"density":3},"geometry":{"type":"Polygon","coordinates":[[[-122.161,45.894],[-122.158,45.914],[-122.118,45.937],[-122.0,45.94],[-121.91,45.913],[-121.889,45.89],[-121.886,45.847],[-121.949,45.821],[-122.035,45.825],[-122.117,45.856],[-122.161,45.894]]]}},{"type":"Feature","properties":{"density":3},"geometry":{"type":"Polygon","coordinates":[[[-122.53,43.195],[-122.477,43.197],[-122.454,43.184],[-122.455,43.169],[-122.504,43.131],[-122.568,43.129],[-122.588,43.169],[-122.53,43.195]]]}},{"type":"Feature","properties":{"density":3},"geometry":{"type":"Polygon","coordinates":[[[-122.729,43.045],[-122.657,42.999],[-122.65,42.986],[-122.666,42.965],[-122.749,42.949],[-122.773,43.023],[-122.762,43.045],[-122.729,43.045]]]}},{"type":"Feature","properties":{"density":3},"geometry":{"type":"Polygon","coordinates":[[[-121.78,42.468],[-121.84,42.531],[-121.91,42.839],[-121.906,42.944],[-121.87,43.082],[-121.783,43.182],[-121.541,43.28],[-121.436,43.274],[-121.406,43.256],[-121.394,43.221],[-121.423,43.169],[-121.579,43.074],[-121.618,43.032],[-121.648,42.96],[-121.646,42.623],[-121.63,42.525],[-121.652,42.458],[-121.705,42.419],[-121.78,42.468]]]}},{"type":"Feature","properties":{"density":3},"geometry":{"type":"Polygon","coordinates":[[[-107.331,38.141],[-107.192,38.076],[-107.159,38.035],[-107.167,38.018],[-107.256,38.012],[-107.345,38.055],[-107.389,38.122],[-107.384,38.135],[-107.331,38.141]]]}},{"type":"Feature","properties":{"density":3},"geometry":{"type":"Polygon","coordinates":[[[-110.167,44.159],[-110.049,44.189],[-109.542,44.463],[-109.228,44.52],[-109.1,44.5],[-108.979,44.449],[-108.884,44.385],[-108.739,44.351],[-108.58,44.351],[-108.412,44.287],[-108.186,44.132],[-108.087,43.92],[-107.828,43.81],[-107.576,43.768],[-107.475,43.68],[-107.353,43.633],[-107.255,43.569],[-107.225,43.471],[-107.255,43.36],[-107.444,43.177],[-107.548,43.114],[-108.088,42.973],[-108.305,42.889],[-108.454,42.799],[-108.476,42.731],[-108.452,42.648],[-108.337,42.576],[-107.778,42.399],[-107.734,42.331],[-107.751,42.254],[-108.051,42.125],[-108.243,42.078],[-108.628,42.041],[-108.794,42.044],[-108.939,42.071],[-109.215,42.163],[-109.56,42.328],[-109.904,42.436],[-110.526,42.727],[-111.089,42.916],[-111.203,43.002],[-111.28,43.177],[-111.287,43.342],[-111.201,43.506],[-110.94,43.578],[-110.641,43.76],[-110.319,44.003],[-110.167,44.159]]]}},{"type":"Feature","properties":{"density":3},"geometry":{"type":"Polygon","coordinates":[[[-112.476,38.72],[-112.363,38.86],[-112.335,38.979],[-112.329,39.09],[-112.275,39.182],[-112.204,39.241],[-112.149,39.236],[-112.105,39.213],[-112.048,39.15],[-112.002,39.043],[-112.002,38.998],[-112.033,38.922],[-112.122,38.87],[-112.167,38.806],[-112.176,38.738],[-112.251,38.669],[-112.318,38.647],[-112.443,38.644],[-112.485,38.677],[-112.476,38.72]]]}},{"type":"Feature","properties":{"density":3},"geometry":{"type":"Polygon","coordinates":[[[-82.29,52.282],[-82.249,52.425],[-82.152,52.534],[-82.092,52.573],[-81.946,52.615],[-81.884,52.62],[-81.824,52.597],[-81.83,52.565],[-81.883,52.51],[-82.118,52.4],[-82.215,52.278],[-82.265,52.256],[-82.29,52.282]]]}},{"type":"Feature","properties":{"density":3},"geometry":{"type":"Polygon","coordinates":[[[-121.045,62.054],[-120.848,61.97],[-120.716,61.877],[-120.659,61.725],[-120.682,61.694],[-120.748,61.698],[-120.931,61.758],[-121.04,61.814],[-121.097,61.868],[-121.15,61.925],[-121.181,62.015],[-121.139,62.055],[-121.079,62.066],[-121.045,62.054]]]}},{"type":"Feature","properties":{"density":3},"geometry":{"type":"Polygon","coordinates":[[[-116.712,42.689],[-116.667,42.676],[-116.667,42.641],[-116.817,42.554],[-116.96,42.442],[-116.967,42.341],[-116.898,42.254],[-116.844,42.238],[-116.783,42.245],[-116.493,42.343],[-116.421,42.353],[-116.346,42.358],[-116.153,42.314],[-116.072,42.31],[-115.995,42.331],[-115.679,42.478],[-115.406,42.53],[-115.058,42.488],[-114.992,42.494],[-114.659,42.563],[-114.627,42.584],[-114.624,42.607],[-114.638,42.64],[-114.774,42.767],[-114.89,42.836],[-115.278,42.949],[-115.608,42.942],[-115.798,42.967],[-115.926,43.067],[-116.007,43.079],[-116.317,42.993],[-116.695,42.915],[-116.849,42.801],[-116.856,42.776],[-116.845,42.744],[-116.812,42.719],[-116.712,42.689]]]}},{"type":"Feature","properties":{"density":3},"geometry":{"type":"Polygon","coordinates":[[[-113.126,45.707],[-112.959,45.753],[-112.854,45.764],[-112.592,45.755],[-112.214,45.698],[-111.7,45.564],[-111.369,45.539],[-111.308,45.492],[-111.224,45.362],[-111.255,45.312],[-111.314,45.281],[-111.461,45.255],[-111.581,45.255],[-111.711,45.263],[-112.185,45.371],[-112.47,45.391],[-112.674,45.382],[-112.743,45.389],[-112.915,45.46],[-113.172,45.481],[-113.326,45.467],[-113.355,45.479],[-113.371,45.508],[-113.355,45.581],[-113.274,45.641],[-113.126,45.707]]]}},{"type":"Feature","properties":{"density":3},"geometry":{"type":"Polygon","coordinates":[[[-113.729,46.057],[-113.653,46.117],[-113.573,46.15],[-113.388,46.217],[-113.239,46.238],[-113.055,46.142],[-113.019,46.076],[-113.109,46.037],[-113.416,46.087],[-113.58,46.067],[-113.687,46.032],[-113.732,46.037],[-113.729,46.057]]]}},{"type":"Feature","properties":{"density":3},"geometry":{"type":"Polygon","coordinates":[[[-113.839,44.341],[-113.716,44.447],[-113.625,44.496],[-113.568,44.496],[-113.566,44.467],[-113.639,44.407],[-113.824,44.308],[-113.843,44.314],[-113.839,44.341]]]}},{"type":"Feature","properties":{"density":3},"geometry":{"type":"Polygon","coordinates":[[[-115.14,46.121],[-115.15,46.209],[-115.096,46.247],[-115.042,46.239],[-115.03,46.205],[-115.036,46.106],[-115.072,46.088],[-115.138,46.086],[-115.14,46.121]]]}},{"type":"Feature","properties":{"density":3},"geometry":{"type":"Polygon","coordinates":[[[-117.047,44.508],[-117.005,44.595],[-116.954,44.611],[-116.824,44.607],[-116.487,44.739],[-116.346,44.765],[-116.294,44.754],[-116.251,44.719],[-116.245,44.647],[-116.276,44.603],[-116.346,44.556],[-116.628,44.456],[-116.717,44.434],[-116.959,44.442],[-117.024,44.464],[-117.047,44.508]]]}},{"type":"Feature","properties":{"density":3},"geometry":{"type":"Polygon","coordinates":[[[-121.604,45.314],[-121.501,45.465],[-121.411,45.519],[-121.089,45.649],[-120.193,46.095],[-120.009,46.142],[-119.872,46.135],[-119.581,46.081],[-119.552,46.047],[-119.557,46.0],[-119.59,45.957],[-119.89,45.766],[-119.993,45.654],[-120.18,45.552],[-120.551,45.469],[-121.107,45.406],[-121.516,45.255],[-121.587,45.275],[-121.604,45.314]]]}},{"type":"Feature","properties":{"density":3},"geometry":{"type":"Polygon","coordinates":[[[-122.143,45.895],[-122.116,45.918],[-121.833,46.021],[-121.757,46.028],[-121.709,46.005],[-121.704,45.979],[-121.722,45.962],[-121.879,45.848],[-121.981,45.845],[-122.139,45.88],[-122.143,45.895]]]}},{"type":"Feature","properties":{"density":3},"geometry":{"type":"Polygon","coordinates":[[[-122.939,51.038],[-122.972,51.11],[-122.933,51.361],[-122.847,51.434],[-122.664,51.544],[-122.495,51.58],[-122.166,51.616],[-121.191,51.634],[-120.479,51.739],[-119.568,51.769],[-118.96,51.627],[-118.569,51.452],[-118.393,51.236],[-118.312,51.02],[-118.231,50.571],[-118.16,50.328],[-118.063,50.193],[-117.992,50.055],[-117.944,49.889],[-117.88,49.785],[-117.695,49.705],[-117.479,49.642],[-117.227,49.651],[-116.696,49.795],[-116.459,49.889],[-116.058,50.095],[-115.852,50.142],[-115.636,50.139],[-115.507,50.047],[-115.336,49.855],[-115.258,49.717],[-115.106,49.626],[-114.971,49.7],[-114.893,49.832],[-114.769,49.896],[-114.546,49.839],[-114.461,49.727],[-114.37,49.558],[-114.082,49.302],[-113.825,49.224],[-113.042,49.218],[-112.766,49.174],[-112.435,49.089],[-111.801,48.846],[-110.039,48.256],[-109.556,48.188],[-109.269,48.134],[-108.992,48.06],[-108.462,48.013],[-108.098,47.922],[-108.007,47.83],[-107.997,47.763],[-108.122,47.665],[-108.392,47.598],[-108.864,47.55],[-109.877,47.601],[-110.4,47.689],[-110.838,47.694],[-111.527,47.744],[-111.831,47.851],[-112.246,47.972],[-113.295,48.495],[-113.673,48.488],[-113.964,48.298],[-114.156,48.087],[-114.038,47.894],[-113.696,47.718],[-113.303,47.451],[-112.853,47.071],[-112.878,46.956],[-113.073,46.875],[-113.555,46.872],[-114.261,46.984],[-114.763,47.239],[-115.254,47.522],[-115.499,47.869],[-115.669,48.175],[-115.814,48.286],[-115.961,48.37],[-116.195,48.43],[-116.445,48.452],[-116.857,48.441],[-117.017,48.521],[-117.137,48.543],[-117.776,48.419],[-117.974,48.35],[-118.147,48.244],[-118.307,48.109],[-118.448,48.172],[-118.568,48.314],[-118.673,48.345],[-118.932,48.294],[-119.057,48.237],[-119.115,48.243],[-119.138,48.288],[-119.096,48.407],[-119.094,48.476],[-119.151,48.524],[-119.249,48.572],[-119.49,48.578],[-119.6,48.626],[-119.946,48.657],[-119.99,48.75],[-120.068,48.785],[-120.674,48.864],[-120.74,48.941],[-120.822,48.935],[-121.098,48.83],[-120.965,48.815],[-120.975,48.755],[-121.01,48.725],[-121.064,48.723],[-121.193,48.773],[-121.265,48.819],[-121.31,48.89],[-121.314,48.969],[-121.307,49.026],[-121.163,49.227],[-120.882,49.354],[-120.81,49.363],[-120.594,49.455],[-120.364,49.444],[-120.02,49.381],[-119.948,49.415],[-119.868,49.611],[-119.832,49.746],[-119.802,49.953],[-119.823,50.031],[-119.92,50.121],[-120.112,50.136],[-120.238,50.106],[-120.361,50.043],[-120.425,50.027],[-120.481,49.989],[-120.513,49.883],[-120.42,49.685],[-120.42,49.629],[-120.443,49.59],[-120.591,49.557],[-120.681,49.554],[-120.927,49.617],[-121.028,49.66],[-121.093,49.716],[-121.167,49.748],[-121.237,49.75],[-121.35,49.722],[-121.48,49.753],[-121.53,49.774],[-121.543,49.809],[-121.541,49.862],[-121.505,49.935],[-121.5,49.98],[-121.446,50.009],[-121.297,50.038],[-121.298,50.138],[-121.383,50.251],[-121.467,50.492],[-121.581,50.67],[-121.614,50.812],[-121.668,50.875],[-121.881,50.926],[-121.89,50.994],[-121.86,51.054],[-121.881,51.142],[-121.946,51.253],[-122.066,51.262],[-122.102,51.243],[-122.13,51.165],[-122.171,51.139],[-122.232,51.127],[-122.546,51.201],[-122.729,51.085],[-122.837,51.039],[-122.925,51.027],[-122.939,51.038]]]}},{"type":"Feature","properties":{"density":3},"geometry":{"type":"Polygon","coordinates":[[[-121.277,47.421],[-121.197,47.537],[-121.038,47.594],[-120.946,47.597],[-120.79,47.569],[-120.738,47.544],[-120.713,47.493],[-120.814,47.46],[-120.87,47.399],[-120.913,47.382],[-121.132,47.406],[-121.271,47.392],[-121.283,47.399],[-121.277,47.421]]]}},{"type":"Feature","properties":{"density":3},"geometry":{"type":"Polygon","coordinates":[[[-119.789,44.36],[-119.704,44.541],[-119.595,44.643],[-119.513,44.674],[-119.518,44.615],[-119.705,44.355],[-119.731,44.334],[-119.775,44.331],[-119.789,44.36]]]}},{"type":"Feature","properties":{"density":3},"geometry":{"type":"Polygon","coordinates":[[[-118.005,46.027],[-117.625,46.385],[-117.564,46.412],[-117.528,46.404],[-117.54,46.33],[-117.882,46.055],[-117.946,45.988],[-118.005,45.976],[-118.022,46.001],[-118.005,46.027]]]}},{"type":"Feature","properties":{"density":3},"geometry":{"type":"Polygon","coordinates":[[[-122.559,43.141],[-122.544,43.317],[-122.51,43.431],[-122.487,43.461],[-122.426,43.517],[-122.383,43.529],[-122.27,43.5],[-122.254,43.479],[-122.268,43.421],[-122.43,43.257],[-122.519,43.126],[-122.549,43.117],[-122.559,43.141]]]}},{"type":"Feature","properties":{"density":3},"geometry":{"type":"Polygon","coordinates":[[[-108.117,43.638],[-108.031,43.678],[-107.957,43.775],[-107.861,43.82],[-107.718,43.817],[-107.379,43.659],[-107.094,43.48],[-106.68,43.362],[-106.299,43.155],[-106.262,43.113],[-106.259,43.058],[-106.302,43.026],[-106.462,42.99],[-106.563,42.95],[-106.75,42.842],[-106.874,42.815],[-106.984,42.817],[-107.182,42.921],[-107.344,42.962],[-107.53,42.95],[-107.675,42.983],[-108.092,42.894],[-108.217,42.909],[-108.352,42.984],[-108.383,43.055],[-108.392,43.131],[-108.306,43.204],[-108.257,43.299],[-108.245,43.428],[-108.117,43.638]]]}},{"type":"Feature","properties":{"density":3},"geometry":{"type":"Polygon","coordinates":[[[-120.591,62.097],[-120.519,62.077],[-120.387,62.077],[-120.358,62.053],[-120.343,62.004],[-120.352,61.957],[-120.414,61.846],[-120.504,61.792],[-120.549,61.795],[-120.637,61.893],[-120.639,62.064],[-120.618,62.092],[-120.591,62.097]]]}},{"type":"Feature","properties":{"density":3},"geometry":{"type":"Polygon","coordinates":[[[-107.316,38.144],[-107.221,38.182],[-107.099,38.195],[-106.689,38.184],[-106.541,38.135],[-106.257,38.09],[-106.203,38.06],[-106.182,38.015],[-106.166,37.953],[-106.176,37.893],[-106.289,37.742],[-106.596,37.71],[-106.836,37.728],[-106.958,37.763],[-107.043,37.814],[-107.343,38.034],[-107.361,38.057],[-107.361,38.092],[-107.316,38.144]]]}},{"type":"Feature","properties":{"density":3},"geometry":{"type":"Polygon","coordinates":[[[-107.977,39.462],[-107.84,39.477],[-107.795,39.468],[-107.725,39.419],[-107.713,39.379],[-107.98,39.423],[-107.993,39.445],[-107.977,39.462]]]}},{"type":"Feature","properties":{"density":3},"geometry":{"type":"Polygon","coordinates":[[[-112.107,39.072],[-111.915,39.114],[-111.558,39.15],[-111.471,39.145],[-111.369,39.109],[-111.293,39.052],[-111.249,39.003],[-111.243,38.946],[-111.297,38.893],[-111.378,38.853],[-111.671,38.784],[-111.764,38.746],[-111.815,38.71],[-111.911,38.506],[-111.98,38.409],[-112.074,38.373],[-112.137,38.371],[-112.209,38.383],[-112.35,38.478],[-112.469,38.586],[-112.493,38.65],[-112.46,38.787],[-112.431,38.83],[-112.28,38.967],[-112.107,39.072]]]}},{"type":"Feature","properties":{"density":3},"geometry":{"type":"Polygon","coordinates":[[[-121.754,42.471],[-121.628,42.653],[-121.424,42.837],[-121.216,42.92],[-121.056,43.007],[-120.932,43.037],[-120.911,43.017],[-120.905,42.98],[-120.963,42.899],[-121.235,42.717],[-121.703,42.423],[-121.736,42.426],[-121.754,42.471]]]}},{"type":"Feature","properties":{"density":3},"geometry":{"type":"Polygon","coordinates":[[[-82.303,52.298],[-82.263,52.414],[-82.197,52.532],[-82.132,52.609],[-81.967,52.69],[-81.912,52.691],[-81.882,52.654],[-81.895,52.586],[-82.027,52.48],[-82.231,52.258],[-82.297,52.259],[-82.303,52.298]]]}}]}