{"type":"FeatureCollection","features":[{"type":"Feature","properties":{"density":1},"geometry":{"type":"Polygon","coordinates":[[[-71.504,18.208],[-71.5,18.185],[-71.525,18.135],[-71.606,18.065],[-72.017,17.888],[-72.274,17.816],[-72.66,17.737],[-73.411,17.65],[-73.708,17.559],[-73.872,17.53],[-74.065,17.513],[-74.289,17.563],[-74.409,17.677],[-74.461,17.791],[-74.461,17.907],[-74.436,18.046],[-74.355,18.133],[-74.256,18.204],[-74.119,18.256],[-73.687,18.347],[-73.137,18.362],[-72.718,18.297],[-72.123,18.295],[-71.61,18.26],[-71.517,18.225],[-71.504,18.208]]]}},{"type":"Feature","properties":{"density":1},"geometry":{"type":"Polygon","coordinates":[[[-81.207,26.93],[-81.204,26.894],[-81.165,26.84],[-81.073,26.819],[-80.938,26.908],[-80.866,27.016],[-80.822,27.133],[-80.806,27.292],[-80.84,27.358],[-80.924,27.373],[-80.957,27.362],[-81.005,27.343],[-81.107,27.262],[-81.18,27.104],[-81.208,26.938],[-81.207,26.93]]]}},{"type":"Feature","properties":{"density":1},"geometry":{"type":"Polygon","coordinates":[[[-138.365,66.926],[-136.712,67.381],[-135.514,67.524],[-134.34,67.572],[-133.143,67.548],[-131.825,67.405],[-130.34,67.309],[-128.184,67.309],[-126.004,67.453],[-124.232,67.62],[-120.95,67.98],[-119.058,68.027],[-117.692,68.027],[-116.375,67.908],[-115.201,67.548],[-113.836,66.997],[-113.285,65.872],[-113.261,65.081],[-113.428,64.123],[-113.5,63.045],[-113.045,61.584],[-112.446,60.841],[-111.464,59.883],[-110.434,58.781],[-110.123,58.039],[-109.907,57.152],[-109.883,56.817],[-110.123,56.17],[-110.889,55.26],[-111.967,54.685],[-112.949,54.062],[-114.123,53.751],[-115.512,53.727],[-115.992,53.703],[-116.399,53.343],[-116.471,52.984],[-116.59,52.697],[-116.926,52.553],[-117.596,52.505],[-118.579,52.745],[-119.489,53.176],[-120.519,53.775],[-121.812,54.733],[-122.795,55.907],[-123.633,57.2],[-123.896,58.398],[-124.352,59.26],[-125.046,60.051],[-125.693,61.057],[-127.346,62.254],[-129.478,63.356],[-131.586,64.243],[-134.269,64.818],[-137.287,65.057],[-138.628,65.273],[-139.299,65.416],[-139.898,65.776],[-140.018,66.183],[-139.826,66.494],[-139.634,66.614],[-139.059,66.734],[-138.365,66.926]]]}},{"type":"Feature","properties":{"density":1},"geometry":{"type":"Polygon","coordinates":[[[-117.322,43.886],[-117.322,43.666],[-117.251,43.396],[-117.095,43.07],[-116.861,42.665],[-116.577,42.353],[-116.208,42.069],[-115.789,41.948],[-115.498,41.941],[-115.193,41.97],[-114.973,42.14],[-114.845,42.275],[-114.81,42.509],[-114.852,42.8],[-114.938,43.048],[-115.186,43.318],[-115.548,43.538],[-116.073,43.709],[-116.911,43.914],[-117.06,43.978],[-117.166,44.0],[-117.258,44.0],[-117.344,43.921],[-117.322,43.886]]]}},{"type":"Feature","properties":{"density":1},"geometry":{"type":"Polygon","coordinates":[[[-116.472,45.368],[-116.474,45.21],[-116.451,45.143],[-116.388,45.105],[-116.314,45.164],[-116.297,45.22],[-116.299,45.302],[-116.358,45.412],[-116.398,45.424],[-116.468,45.389],[-116.472,45.368]]]}},{"type":"Feature","properties":{"density":1},"geometry":{"type":"Polygon","coordinates":[[[-114.219,37.208],[-113.218,37.517],[-112.781,37.56],[-112.132,37.506],[-111.536,37.347],[-110.823,37.293],[-110.099,37.283],[-109.311,37.368],[-108.683,37.528],[-107.714,37.56],[-105.223,37.208],[-103.168,36.793],[-102.699,36.793],[-102.337,36.857],[-102.018,37.006],[-101.816,37.24],[-101.667,37.506],[-101.624,37.911],[-101.709,38.454],[-102.178,38.976],[-102.486,39.476],[-102.987,39.976],[-103.828,40.498],[-104.69,40.871],[-105.254,41.19],[-106.085,41.701],[-107.16,42.095],[-108.991,42.893],[-109.683,43.224],[-110.099,43.394],[-110.727,43.415],[-111.515,43.255],[-112.047,43.096],[-112.696,42.734],[-113.069,42.436],[-113.442,42.074],[-113.708,41.722],[-113.91,41.424],[-114.059,41.073],[-114.102,40.839],[-114.134,40.455],[-114.102,39.721],[-114.123,39.508],[-114.24,39.114],[-114.41,38.805],[-114.559,38.592],[-114.815,38.081],[-114.964,37.549],[-114.943,37.368],[-114.847,37.219],[-114.762,37.166],[-114.623,37.144],[-114.4,37.187],[-114.219,37.208]]]}},{"type":"Feature","properties":{"density":1},"geometry":{"type":"Polygon","coordinates":[[[-111.831,34.949],[-111.782,35.095],[-111.698,35.168],[-111.022,35.529],[-110.824,35.599],[-110.67,35.644],[-110.317,35.651],[-110.173,35.564],[-110.133,35.473],[-110.136,35.299],[-110.195,35.215],[-110.244,35.168],[-110.407,35.112],[-110.676,35.05],[-110.925,35.016],[-111.82,34.939],[-111.831,34.949]]]}},{"type":"Feature","properties":{"density":1},"geometry":{"type":"Polygon","coordinates":[[[-92.067,26.845],[-92.139,27.959],[-92.714,28.75],[-93.433,29.361],[-94.367,29.9],[-95.445,30.079],[-96.559,29.756],[-97.529,29.037],[-98.894,27.313],[-99.505,26.235],[-99.9,24.869],[-100.008,23.683],[-99.936,21.995],[-100.475,20.378],[-100.978,20.09],[-102.092,20.054],[-103.35,20.378],[-103.781,20.881],[-104.284,21.851],[-104.859,23.432],[-105.326,24.007],[-105.829,24.222],[-106.871,24.258],[-107.733,23.755],[-108.667,22.462],[-108.955,21.204],[-109.135,20.018],[-109.063,18.366],[-108.667,16.785],[-107.59,15.563],[-106.224,14.054],[-104.032,13.263],[-102.056,13.048],[-99.217,13.084],[-96.63,13.443],[-94.726,13.838],[-93.936,14.341],[-93.397,14.844],[-93.145,15.527],[-93.145,17.216],[-92.642,18.114],[-91.492,18.761],[-90.774,19.515],[-90.342,20.701],[-90.378,21.779],[-90.738,22.929],[-91.42,24.079],[-91.78,25.157],[-91.887,25.947],[-91.995,26.199],[-92.067,26.845]]]}},{"type":"Feature","properties":{"density":1},"geometry":{"type":"Polygon","coordinates":[[[-91.23,36.987],[-92.678,37.584],[-93.402,38.02],[-93.945,38.521],[-94.648,39.223],[-94.871,39.681],[-94.871,40.277],[-94.829,40.746],[-93.966,41.523],[-93.274,41.725],[-92.337,41.863],[-91.667,41.789],[-90.911,41.502],[-90.336,41.203],[-89.729,40.778],[-88.952,40.288],[-88.27,40.054],[-87.525,39.936],[-87.195,39.979],[-86.503,40.181],[-85.449,40.533],[-84.885,40.586],[-83.671,40.426],[-83.107,40.011],[-82.841,39.681],[-82.777,38.936],[-82.819,38.457],[-83.543,37.818],[-86.056,36.838],[-87.855,36.2],[-88.611,36.061],[-89.857,36.189],[-90.762,36.615],[-91.028,36.828],[-91.23,36.987]]]}},{"type":"Feature","properties":{"density":1},"geometry":{"type":"Polygon","coordinates":[[[-72.672,20.626],[-72.711,20.693],[-72.795,20.732],[-72.879,20.749],[-72.963,20.738],[-73.053,20.687],[-73.092,20.609],[-73.131,20.194],[-73.198,20.065],[-73.327,19.959],[-73.49,19.908],[-74.235,19.852],[-74.426,19.813],[-74.751,19.707],[-74.902,19.623],[-75.204,19.41],[-75.373,19.186],[-75.434,19.057],[-75.462,18.917],[-75.445,18.776],[-75.311,18.597],[-75.277,18.468],[-75.277,18.283],[-75.328,18.11],[-75.401,17.998],[-75.63,17.779],[-75.681,17.639],[-75.67,17.516],[-75.597,17.409],[-75.49,17.325],[-75.35,17.252],[-75.216,17.207],[-75.059,17.179],[-74.667,17.146],[-74.196,17.348],[-74.005,17.387],[-73.579,17.348],[-73.439,17.364],[-73.165,17.432],[-72.879,17.555],[-72.75,17.583],[-72.1,17.566],[-71.943,17.594],[-71.736,17.712],[-71.652,17.785],[-71.59,17.869],[-71.45,18.009],[-71.411,18.087],[-71.405,18.166],[-71.422,18.25],[-71.5,18.339],[-71.562,18.39],[-71.775,18.435],[-71.926,18.423],[-72.195,18.345],[-72.436,18.323],[-72.56,18.317],[-72.688,18.356],[-72.795,18.44],[-72.873,18.552],[-72.969,18.732],[-73.053,18.956],[-73.069,19.158],[-73.041,19.365],[-72.941,19.522],[-72.75,19.718],[-72.672,19.836],[-72.627,19.953],[-72.616,20.424],[-72.672,20.626]]]}},{"type":"Feature","properties":{"density":1},"geometry":{"type":"Polygon","coordinates":[[[-79.925,23.187],[-79.971,23.222],[-80.011,23.171],[-80.006,22.942],[-80.021,22.809],[-80.015,22.782],[-79.995,22.774],[-79.975,22.782],[-79.945,22.834],[-79.922,23.096],[-79.925,23.187]]]}},{"type":"Feature","properties":{"density":1},"geometry":{"type":"Polygon","coordinates":[[[-82.719,22.842],[-82.761,22.856],[-82.771,22.827],[-82.705,22.776],[-82.461,22.683],[-82.461,22.72],[-82.485,22.738],[-82.605,22.79],[-82.719,22.842]]]}},{"type":"Feature","properties":{"density":1},"geometry":{"type":"Polygon","coordinates":[[[-80.825,27.271],[-80.868,27.277],[-80.933,27.257],[-81.001,27.166],[-81.172,27.073],[-81.212,26.998],[-81.22,26.939],[-81.181,26.862],[-81.063,26.799],[-80.986,26.734],[-80.915,26.713],[-80.867,26.716],[-80.842,26.736],[-80.812,26.816],[-80.656,26.922],[-80.641,27.042],[-80.659,27.1],[-80.745,27.221],[-80.825,27.271]]]}},{"type":"Feature","properties":{"density":1},"geometry":{"type":"Polygon","coordinates":[[[-81.03,27.972],[-81.06,27.987],[-81.091,27.978],[-81.158,27.901],[-81.269,27.848],[-81.284,27.82],[-81.242,27.809],[-81.149,27.834],[-81.044,27.872],[-81.003,27.912],[-81.03,27.972]]]}},{"type":"Feature","properties":{"density":1},"geometry":{"type":"Polygon","coordinates":[[[-82.608,32.827],[-82.611,32.855],[-82.644,32.895],[-82.684,32.879],[-82.688,32.545],[-82.651,32.482],[-82.618,32.469],[-82.603,32.484],[-82.596,32.543],[-82.605,32.684],[-82.608,32.827]]]}},{"type":"Feature","properties":{"density":1},"geometry":{"type":"Polygon","coordinates":[[[-111.834,35.048],[-111.848,35.029],[-111.845,34.958],[-111.814,34.929],[-111.782,34.925],[-111.708,34.945],[-111.605,35.046],[-111.526,35.084],[-111.395,35.083],[-111.21,35.001],[-111.113,34.982],[-111.041,34.997],[-111.024,35.062],[-111.044,35.147],[-111.105,35.231],[-111.172,35.273],[-111.245,35.295],[-111.409,35.305],[-111.534,35.273],[-111.628,35.222],[-111.741,35.134],[-111.834,35.048]]]}},{"type":"Feature","properties":{"density":1},"geometry":{"type":"Polygon","coordinates":[[[-114.768,37.485],[-114.83,37.427],[-114.831,37.382],[-114.815,37.362],[-114.752,37.335],[-114.639,37.349],[-114.445,37.462],[-114.272,37.477],[-114.234,37.508],[-114.151,37.628],[-113.814,37.752],[-113.724,37.834],[-113.686,37.93],[-113.673,38.048],[-113.702,38.152],[-113.784,38.25],[-113.892,38.303],[-113.98,38.302],[-114.081,38.255],[-114.159,38.179],[-114.245,37.971],[-114.572,37.696],[-114.652,37.601],[-114.768,37.485]]]}},{"type":"Feature","properties":{"density":1},"geometry":{"type":"Polygon","coordinates":[[[-114.363,37.54],[-114.382,37.497],[-114.34,37.372],[-114.297,37.327],[-114.214,37.329],[-114.156,37.357],[-113.93,37.405],[-113.878,37.452],[-113.819,37.611],[-113.842,37.673],[-113.918,37.736],[-114.054,37.794],[-114.177,37.782],[-114.242,37.759],[-114.313,37.709],[-114.353,37.631],[-114.363,37.54]]]}},{"type":"Feature","properties":{"density":1},"geometry":{"type":"Polygon","coordinates":[[[-111.81,35.076],[-111.856,35.04],[-111.877,34.958],[-111.843,34.901],[-111.745,34.901],[-111.642,34.95],[-111.549,35.043],[-111.48,35.087],[-111.395,35.118],[-111.186,35.138],[-111.109,35.161],[-110.921,35.311],[-110.895,35.349],[-110.893,35.396],[-110.906,35.432],[-110.947,35.465],[-111.016,35.481],[-111.076,35.47],[-111.233,35.38],[-111.671,35.172],[-111.81,35.076]]]}},{"type":"Feature","properties":{"density":1},"geometry":{"type":"Polygon","coordinates":[[[-112.115,41.894],[-112.443,41.902],[-112.602,41.885],[-112.737,41.826],[-112.829,41.709],[-113.014,41.331],[-113.241,41.087],[-113.325,40.894],[-113.342,40.667],[-113.241,40.507],[-113.039,40.415],[-112.846,40.364],[-112.72,40.247],[-112.678,39.868],[-112.535,39.759],[-112.342,39.709],[-112.132,39.7],[-111.888,39.768],[-111.611,39.868],[-111.367,40.045],[-110.964,40.499],[-110.728,40.65],[-110.484,40.734],[-110.283,40.768],[-109.997,40.784],[-109.737,40.868],[-109.543,40.978],[-109.342,41.137],[-109.089,41.297],[-108.795,41.389],[-108.207,41.482],[-108.039,41.558],[-107.955,41.692],[-107.98,41.953],[-108.165,42.221],[-108.392,42.373],[-108.661,42.499],[-108.93,42.6],[-109.316,42.642],[-109.661,42.6],[-109.888,42.516],[-110.358,42.23],[-110.611,42.112],[-110.888,42.02],[-111.535,41.843],[-112.115,41.894]]]}},{"type":"Feature","properties":{"density":1},"geometry":{"type":"Polygon","coordinates":[[[-112.955,39.784],[-113.132,39.768],[-113.291,39.641],[-113.367,39.482],[-113.384,39.28],[-113.375,39.062],[-113.258,38.894],[-113.09,38.767],[-112.964,38.625],[-112.913,38.423],[-112.896,38.263],[-112.896,37.986],[-112.77,37.885],[-112.611,37.843],[-112.392,37.826],[-112.039,37.843],[-111.812,37.809],[-111.569,37.734],[-111.316,37.7],[-110.795,37.717],[-110.535,37.759],[-109.989,37.935],[-109.468,38.179],[-109.241,38.255],[-108.745,38.347],[-108.476,38.356],[-108.199,38.305],[-107.846,38.162],[-107.19,37.851],[-106.047,37.414],[-105.661,37.297],[-105.35,37.23],[-104.955,37.112],[-104.518,37.07],[-103.228,36.725],[-102.976,36.7],[-102.068,36.662],[-101.627,36.662],[-101.274,36.763],[-100.984,36.952],[-100.77,37.267],[-100.681,37.557],[-100.669,37.898],[-100.694,38.276],[-100.833,38.692],[-101.072,38.994],[-101.45,39.259],[-101.892,39.448],[-102.308,39.574],[-102.9,39.7],[-103.429,39.902],[-103.883,40.154],[-104.249,40.457],[-104.589,40.797],[-104.98,41.226],[-105.358,41.553],[-105.749,41.818],[-106.19,42.083],[-106.568,42.284],[-106.858,42.385],[-107.186,42.448],[-107.602,42.448],[-108.005,42.411],[-108.371,42.348],[-108.774,42.221],[-109.165,42.07],[-109.43,41.856],[-110.098,41.213],[-110.476,40.948],[-110.816,40.734],[-111.094,40.621],[-111.623,40.318],[-111.913,40.116],[-112.392,39.877],[-112.606,39.789],[-112.955,39.784]]]}},{"type":"Feature","properties":{"density":1},"geometry":{"type":"Polygon","coordinates":[[[-76.932,55.12],[-77.024,55.134],[-77.069,55.125],[-77.122,55.095],[-77.209,55.007],[-77.418,54.893],[-77.465,54.816],[-77.547,54.749],[-77.602,54.669],[-77.59,54.579],[-77.547,54.529],[-77.435,54.49],[-77.346,54.502],[-77.244,54.599],[-77.029,54.704],[-76.902,54.823],[-76.828,54.866],[-76.808,54.94],[-76.84,55.037],[-76.932,55.12]]]}},{"type":"Feature","properties":{"density":1},"geometry":{"type":"Polygon","coordinates":[[[-75.065,54.04],[-75.128,54.059],[-75.203,54.055],[-75.259,54.033],[-75.311,54.003],[-75.39,53.876],[-75.487,53.782],[-75.647,53.719],[-75.834,53.681],[-75.969,53.611],[-76.055,53.513],[-76.092,53.394],[-76.081,53.226],[-76.028,53.144],[-75.961,53.095],[-75.894,53.073],[-75.737,53.065],[-75.603,53.121],[-75.237,53.36],[-75.166,53.435],[-75.061,53.603],[-74.949,53.685],[-74.919,53.726],[-74.897,53.827],[-74.915,53.883],[-74.986,53.988],[-75.065,54.04]]]}},{"type":"Feature","properties":{"density":1},"geometry":{"type":"Polygon","coordinates":[[[-71.483,55.17],[-71.334,55.215],[-71.25,55.216],[-71.23,55.196],[-71.242,55.172],[-71.315,55.13],[-71.606,55.028],[-71.76,54.939],[-71.823,54.931],[-71.858,54.944],[-71.852,54.98],[-71.814,55.03],[-71.621,55.131],[-71.483,55.17]]]}},{"type":"Feature","properties":{"density":1},"geometry":{"type":"Polygon","coordinates":[[[-72.866,54.323],[-72.692,54.367],[-72.639,54.343],[-72.637,54.325],[-72.668,54.295],[-72.76,54.254],[-72.855,54.116],[-72.902,54.093],[-72.947,54.108],[-72.964,54.157],[-72.927,54.272],[-72.905,54.298],[-72.866,54.323]]]}},{"type":"Feature","properties":{"density":1},"geometry":{"type":"Polygon","coordinates":[[[-102.417,55.395],[-102.781,55.494],[-102.835,55.484],[-102.918,55.424],[-102.94,55.348],[-102.927,55.298],[-102.845,55.187],[-102.791,55.155],[-102.701,55.132],[-102.354,55.167],[-102.166,55.219],[-101.981,55.214],[-101.941,55.229],[-101.934,55.272],[-101.992,55.353],[-102.211,55.39],[-102.417,55.395]]]}},{"type":"Feature","properties":{"density":1},"geometry":{"type":"Polygon","coordinates":[[[-105.662,56.196],[-105.786,56.224],[-106.055,56.207],[-106.167,56.14],[-106.251,56.033],[-106.374,55.944],[-106.688,55.804],[-106.929,55.647],[-107.018,55.54],[-107.102,55.372],[-107.158,55.249],[-107.203,55.087],[-107.22,54.734],[-107.175,54.638],[-107.08,54.554],[-106.912,54.498],[-106.716,54.498],[-106.351,54.661],[-106.206,54.801],[-106.004,55.098],[-105.92,55.249],[-105.769,55.367],[-105.601,55.44],[-105.466,55.468],[-105.36,55.524],[-105.287,55.596],[-105.253,55.708],[-105.253,55.826],[-105.315,55.966],[-105.455,56.117],[-105.662,56.196]]]}},{"type":"Feature","properties":{"density":1},"geometry":{"type":"Polygon","coordinates":[[[-110.981,58.256],[-111.064,58.297],[-111.176,58.327],[-111.273,58.327],[-111.437,58.263],[-111.501,58.189],[-111.65,57.912],[-111.826,57.49],[-112.042,57.333],[-112.449,57.109],[-112.774,56.881],[-112.901,56.709],[-112.991,56.526],[-113.025,56.351],[-113.002,56.202],[-112.946,56.123],[-112.767,56.052],[-112.606,56.03],[-112.434,56.03],[-111.997,56.134],[-111.826,56.202],[-111.609,56.388],[-111.493,56.597],[-111.389,56.878],[-111.318,57.005],[-111.213,57.102],[-111.116,57.158],[-111.008,57.169],[-110.552,57.143],[-110.455,57.158],[-110.373,57.221],[-110.324,57.356],[-110.328,57.505],[-110.391,57.688],[-110.466,57.83],[-110.541,57.957],[-110.634,58.065],[-110.981,58.256]]]}},{"type":"Feature","properties":{"density":1},"geometry":{"type":"Polygon","coordinates":[[[-123.141,63.898],[-123.202,63.911],[-123.257,63.9],[-123.295,63.823],[-123.29,63.674],[-123.202,63.551],[-123.177,63.543],[-123.126,63.544],[-123.056,63.578],[-122.91,63.573],[-122.854,63.602],[-122.84,63.672],[-122.855,63.74],[-122.92,63.818],[-123.006,63.868],[-123.141,63.898]]]}},{"type":"Feature","properties":{"density":1},"geometry":{"type":"Polygon","coordinates":[[[-125.192,66.913],[-125.377,66.871],[-125.553,66.787],[-125.747,66.729],[-125.982,66.678],[-126.209,66.678],[-126.369,66.737],[-126.512,66.813],[-126.629,66.829],[-126.797,66.838],[-127.049,66.813],[-127.596,66.687],[-127.789,66.611],[-127.915,66.535],[-128.024,66.443],[-128.175,66.166],[-128.26,65.939],[-128.302,65.754],[-128.31,65.577],[-128.285,65.418],[-128.192,65.233],[-128.125,65.023],[-127.932,64.636],[-127.386,64.039],[-126.814,63.77],[-126.469,63.653],[-125.856,63.56],[-125.402,63.518],[-125.007,63.678],[-124.839,63.796],[-124.747,63.888],[-124.646,64.023],[-124.545,64.098],[-124.15,64.233],[-123.94,64.392],[-123.856,64.577],[-123.856,64.703],[-123.94,64.871],[-124.083,65.023],[-124.133,65.098],[-124.1,65.283],[-123.931,65.594],[-123.763,65.997],[-123.755,66.224],[-123.789,66.409],[-123.873,66.594],[-123.982,66.745],[-124.125,66.863],[-124.36,66.922],[-124.671,66.922],[-125.192,66.913]]]}},{"type":"Feature","properties":{"density":1},"geometry":{"type":"Polygon","coordinates":[[[-94.869,18.068],[-95.122,17.974],[-95.188,17.909],[-95.188,17.833],[-95.158,17.814],[-95.1,17.818],[-95.049,17.851],[-94.987,17.937],[-94.951,17.957],[-94.801,17.982],[-94.791,18.03],[-94.828,18.058],[-94.869,18.068]]]}},{"type":"Feature","properties":{"density":1},"geometry":{"type":"Polygon","coordinates":[[[-73.582,20.678],[-73.675,20.695],[-73.791,20.689],[-73.866,20.666],[-73.974,20.541],[-74.046,20.411],[-74.069,20.324],[-74.133,20.22],[-74.236,20.142],[-74.417,20.11],[-74.84,20.144],[-74.99,20.133],[-75.61,20.04],[-75.738,19.994],[-75.836,19.93],[-75.929,19.82],[-76.01,19.698],[-76.045,19.582],[-76.109,19.495],[-76.306,19.385],[-76.555,19.31],[-76.619,19.246],[-76.671,19.043],[-76.653,18.812],[-76.595,18.736],[-76.323,18.504],[-76.283,18.435],[-76.265,18.354],[-76.265,18.174],[-76.242,18.052],[-76.178,17.971],[-76.086,17.913],[-76.028,17.85],[-75.941,17.658],[-75.831,17.467],[-75.755,17.369],[-75.605,17.258],[-75.379,17.189],[-75.153,17.143],[-74.741,16.974],[-74.492,16.905],[-74.341,16.882],[-74.167,16.876],[-73.872,16.934],[-73.582,17.027],[-73.466,17.038],[-73.107,16.998],[-72.997,17.009],[-72.672,17.102],[-72.168,17.38],[-71.913,17.612],[-71.786,17.763],[-71.733,17.85],[-71.507,18.047],[-71.478,18.11],[-71.478,18.273],[-71.519,18.331],[-71.583,18.354],[-71.681,18.354],[-71.774,18.336],[-72.012,18.238],[-72.168,18.255],[-72.423,18.371],[-72.533,18.47],[-72.626,18.586],[-72.788,18.829],[-72.823,18.933],[-72.875,19.235],[-72.991,19.646],[-73.003,20.023],[-73.034,20.178],[-73.09,20.3],[-73.194,20.441],[-73.294,20.552],[-73.424,20.621],[-73.582,20.678]]]}},{"type":"Feature","properties":{"density":1},"geometry":{"type":"Polygon","coordinates":[[[-77.545,20.78],[-77.612,20.804],[-77.701,20.782],[-77.723,20.745],[-77.723,20.648],[-77.768,20.522],[-77.753,20.493],[-77.687,20.451],[-77.616,20.361],[-77.549,20.326],[-77.391,20.32],[-77.281,20.373],[-77.179,20.457],[-76.991,20.493],[-76.953,20.519],[-76.946,20.579],[-77.034,20.651],[-77.208,20.679],[-77.282,20.717],[-77.464,20.753],[-77.545,20.78]]]}},{"type":"Feature","properties":{"density":1},"geometry":{"type":"Polygon","coordinates":[[[-78.532,22.01],[-78.576,22.014],[-78.595,21.988],[-78.566,21.832],[-78.525,21.837],[-78.458,21.913],[-78.463,21.96],[-78.501,22.001],[-78.532,22.01]]]}},{"type":"Feature","properties":{"density":1},"geometry":{"type":"Polygon","coordinates":[[[-79.936,23.458],[-79.982,23.459],[-80.006,23.418],[-80.01,23.216],[-80.048,23.128],[-80.027,22.824],[-80.018,22.798],[-79.989,22.781],[-79.951,22.797],[-79.933,22.853],[-79.927,23.025],[-79.879,23.245],[-79.876,23.303],[-79.898,23.368],[-79.936,23.458]]]}},{"type":"Feature","properties":{"density":1},"geometry":{"type":"Polygon","coordinates":[[[-82.683,22.726],[-82.798,22.709],[-83.025,22.743],[-83.099,22.717],[-83.126,22.678],[-83.162,22.513],[-83.238,22.434],[-83.24,22.357],[-83.204,22.324],[-83.095,22.312],[-82.951,22.365],[-82.821,22.473],[-82.654,22.542],[-82.524,22.655],[-82.453,22.693],[-82.472,22.743],[-82.553,22.752],[-82.683,22.726]]]}},{"type":"Feature","properties":{"density":1},"geometry":{"type":"Polygon","coordinates":[[[-77.409,26.351],[-77.461,26.36],[-77.48,26.33],[-77.48,26.286],[-77.415,26.033],[-77.385,25.987],[-77.353,25.983],[-77.327,26.031],[-77.326,26.107],[-77.391,26.278],[-77.409,26.351]]]}},{"type":"Feature","properties":{"density":1},"geometry":{"type":"Polygon","coordinates":[[[-81.208,26.974],[-81.229,26.954],[-81.232,26.918],[-81.136,26.846],[-80.997,26.88],[-80.948,26.983],[-80.873,27.069],[-80.846,27.151],[-80.766,27.252],[-80.751,27.336],[-80.786,27.399],[-80.822,27.421],[-80.903,27.43],[-80.998,27.408],[-81.057,27.336],[-81.11,27.183],[-81.173,27.058],[-81.208,26.974]]]}},{"type":"Feature","properties":{"density":1},"geometry":{"type":"Polygon","coordinates":[[[-81.217,27.86],[-81.263,27.848],[-81.29,27.8],[-81.273,27.606],[-81.103,27.472],[-80.944,27.471],[-80.87,27.519],[-80.82,27.58],[-80.777,27.764],[-80.751,27.798],[-80.586,27.919],[-80.372,27.984],[-79.93,28.001],[-79.85,28.035],[-79.833,28.063],[-79.833,28.123],[-79.922,28.19],[-80.119,28.192],[-80.203,28.176],[-80.447,28.065],[-80.638,28.018],[-80.883,27.91],[-81.019,27.877],[-81.217,27.86]]]}},{"type":"Feature","properties":{"density":1},"geometry":{"type":"Polygon","coordinates":[[[-81.117,28.034],[-81.148,28.006],[-81.143,27.984],[-81.012,27.982],[-80.622,28.089],[-80.221,28.121],[-80.056,28.199],[-79.934,28.224],[-79.9,28.252],[-79.898,28.281],[-79.939,28.341],[-80.003,28.358],[-80.082,28.367],[-80.363,28.336],[-80.672,28.229],[-80.92,28.114],[-81.117,28.034]]]}},{"type":"Feature","properties":{"density":1},"geometry":{"type":"Polygon","coordinates":[[[-82.17,28.296],[-82.201,28.291],[-82.232,28.231],[-82.239,28.196],[-82.226,28.176],[-82.204,28.176],[-82.15,28.232],[-82.157,28.279],[-82.17,28.296]]]}},{"type":"Feature","properties":{"density":1},"geometry":{"type":"Polygon","coordinates":[[[-82.641,33.135],[-82.67,33.16],[-82.711,33.153],[-82.724,33.137],[-82.724,33.047],[-82.703,32.926],[-82.701,32.663],[-82.675,32.529],[-82.634,32.473],[-82.61,32.47],[-82.574,32.522],[-82.567,32.591],[-82.595,32.784],[-82.595,32.905],[-82.618,33.011],[-82.641,33.135]]]}},{"type":"Feature","properties":{"density":1},"geometry":{"type":"Polygon","coordinates":[[[-111.836,35.034],[-111.864,34.995],[-111.866,34.953],[-111.794,34.91],[-111.639,34.957],[-111.498,34.952],[-111.292,34.916],[-111.203,34.921],[-111.031,35.024],[-110.77,35.087],[-110.526,35.336],[-110.501,35.408],[-110.516,35.458],[-110.6,35.53],[-110.83,35.575],[-110.918,35.566],[-111.052,35.517],[-111.225,35.371],[-111.601,35.244],[-111.788,35.108],[-111.836,35.034]]]}},{"type":"Feature","properties":{"density":1},"geometry":{"type":"Polygon","coordinates":[[[-114.373,37.527],[-114.405,37.459],[-114.407,37.378],[-114.369,37.342],[-114.306,37.333],[-114.132,37.371],[-113.95,37.38],[-113.572,37.478],[-113.406,37.502],[-113.341,37.538],[-113.184,37.672],[-112.937,37.723],[-112.891,37.746],[-112.783,37.831],[-112.767,37.86],[-112.749,37.898],[-112.757,37.999],[-112.94,38.197],[-113.21,38.277],[-113.323,38.269],[-113.488,38.22],[-113.609,38.146],[-113.764,38.107],[-113.965,38.025],[-114.094,37.891],[-114.166,37.782],[-114.305,37.628],[-114.373,37.527]]]}},{"type":"Feature","properties":{"density":1},"geometry":{"type":"Polygon","coordinates":[[[-114.78,37.488],[-114.804,37.472],[-114.828,37.408],[-114.796,37.331],[-114.687,37.324],[-114.592,37.347],[-114.423,37.429],[-114.293,37.514],[-114.14,37.578],[-114.021,37.657],[-113.737,37.726],[-113.581,37.816],[-113.38,37.858],[-113.288,37.895],[-113.224,37.948],[-113.134,38.075],[-112.949,38.223],[-112.922,38.26],[-112.928,38.393],[-112.978,38.461],[-113.057,38.498],[-113.296,38.514],[-113.43,38.48],[-113.957,38.117],[-114.243,37.956],[-114.65,37.66],[-114.78,37.488]]]}},{"type":"Feature","properties":{"density":1},"geometry":{"type":"Polygon","coordinates":[[[-112.236,43.049],[-112.464,43.062],[-112.732,43.022],[-112.933,42.928],[-113.08,42.888],[-113.562,42.593],[-113.777,42.352],[-113.871,41.95],[-113.884,41.548],[-113.844,41.28],[-113.562,40.584],[-113.576,40.115],[-113.683,39.713],[-113.696,39.365],[-113.629,38.936],[-113.562,38.641],[-113.375,38.199],[-113.08,37.891],[-112.692,37.69],[-112.276,37.529],[-111.446,37.436],[-110.87,37.543],[-110.267,37.569],[-109.624,37.703],[-109.182,37.744],[-108.914,37.797],[-108.566,37.824],[-108.11,37.891],[-107.695,37.891],[-107.293,37.851],[-105.069,37.302],[-104.6,37.114],[-104.158,36.873],[-103.716,36.605],[-103.127,36.149],[-102.243,35.761],[-101.827,35.547],[-101.492,35.319],[-100.93,35.212],[-100.528,35.185],[-100.126,35.225],[-99.711,35.306],[-99.054,35.654],[-98.867,35.895],[-98.679,36.176],[-98.505,36.578],[-98.492,36.833],[-98.331,37.61],[-98.371,37.851],[-98.666,38.44],[-98.88,38.775],[-99.054,39.204],[-99.162,39.633],[-99.269,40.436],[-99.496,40.865],[-99.818,41.2],[-100.247,41.602],[-100.595,41.816],[-101.05,41.923],[-101.827,41.816],[-102.256,41.803],[-102.805,41.87],[-103.274,42.004],[-103.756,42.164],[-105.109,42.647],[-105.672,42.727],[-106.114,42.754],[-106.543,42.727],[-107.172,42.593],[-107.682,42.54],[-108.485,42.513],[-109.048,42.606],[-109.597,42.727],[-110.2,42.928],[-110.99,43.062],[-112.236,43.049]]]}},{"type":"Feature","properties":{"density":1},"geometry":{"type":"Polygon","coordinates":[[[-112.349,40.274],[-112.43,40.169],[-112.44,40.068],[-112.365,39.96],[-112.231,39.896],[-112.028,39.876],[-111.933,39.882],[-111.596,40.0],[-110.853,40.043],[-110.732,40.088],[-110.504,40.255],[-110.368,40.544],[-110.284,40.68],[-110.162,40.794],[-109.988,40.878],[-109.76,40.939],[-109.35,41.015],[-109.001,41.045],[-108.818,41.091],[-108.629,41.166],[-108.439,41.212],[-108.287,41.28],[-108.135,41.387],[-108.029,41.539],[-107.945,41.706],[-107.915,41.926],[-107.938,42.23],[-108.036,42.511],[-108.173,42.678],[-108.499,42.867],[-108.742,42.951],[-108.94,42.989],[-109.137,42.951],[-109.32,42.867],[-109.601,42.655],[-109.752,42.518],[-110.079,42.359],[-110.36,42.268],[-110.709,42.222],[-110.853,42.184],[-111.013,42.108],[-111.157,41.964],[-111.279,41.774],[-111.347,41.63],[-111.461,41.516],[-112.008,41.227],[-112.084,41.151],[-112.19,41.03],[-112.236,40.908],[-112.274,40.756],[-112.304,40.529],[-112.349,40.274]]]}},{"type":"Feature","properties":{"density":1},"geometry":{"type":"Polygon","coordinates":[[[-113.003,41.037],[-113.078,40.954],[-113.086,40.855],[-113.071,40.68],[-113.018,40.567],[-112.828,40.544],[-112.714,40.612],[-112.585,40.718],[-112.266,41.166],[-111.962,41.409],[-111.818,41.47],[-111.651,41.47],[-111.165,41.341],[-110.945,41.364],[-110.755,41.485],[-110.641,41.652],[-110.603,41.842],[-110.618,42.009],[-110.694,42.184],[-110.793,42.313],[-110.914,42.526],[-111.036,42.655],[-111.203,42.723],[-111.4,42.723],[-111.56,42.7],[-111.689,42.64],[-111.833,42.526],[-111.932,42.397],[-112.205,41.926],[-112.638,41.493],[-113.003,41.037]]]}},{"type":"Feature","properties":{"density":1},"geometry":{"type":"Polygon","coordinates":[[[-72.557,54.697],[-72.586,54.686],[-72.604,54.654],[-72.604,54.587],[-72.595,54.558],[-72.514,54.526],[-72.262,54.515],[-72.127,54.533],[-71.969,54.578],[-71.693,54.715],[-71.524,54.76],[-71.416,54.816],[-71.207,54.992],[-71.168,55.064],[-71.15,55.19],[-71.222,55.255],[-71.279,55.266],[-71.373,55.251],[-71.74,55.091],[-72.26,54.801],[-72.557,54.697]]]}},{"type":"Feature","properties":{"density":1},"geometry":{"type":"Polygon","coordinates":[[[-72.668,54.378],[-72.78,54.387],[-72.819,54.371],[-72.929,54.275],[-73.138,54.221],[-73.23,54.18],[-73.334,54.117],[-73.356,54.097],[-73.361,54.061],[-73.345,54.036],[-73.21,54.016],[-73.147,53.948],[-73.104,53.928],[-72.949,53.917],[-72.821,53.953],[-72.771,53.984],[-72.717,54.068],[-72.668,54.187],[-72.598,54.245],[-72.587,54.315],[-72.618,54.365],[-72.668,54.378]]]}},{"type":"Feature","properties":{"density":1},"geometry":{"type":"Polygon","coordinates":[[[-76.075,53.225],[-76.129,53.168],[-76.149,52.945],[-76.102,52.844],[-76.031,52.783],[-75.926,52.773],[-75.822,52.79],[-75.582,52.877],[-75.41,52.972],[-75.298,53.073],[-75.201,53.222],[-75.035,53.63],[-74.971,53.748],[-74.954,53.822],[-74.961,53.94],[-75.025,54.021],[-75.069,54.045],[-75.197,54.069],[-75.244,54.059],[-75.302,54.025],[-75.41,53.822],[-75.484,53.731],[-75.744,53.508],[-76.075,53.225]]]}},{"type":"Feature","properties":{"density":1},"geometry":{"type":"Polygon","coordinates":[[[-77.848,54.499],[-77.836,54.268],[-77.792,54.177],[-77.738,54.157],[-77.687,54.16],[-77.444,54.217],[-77.282,54.322],[-77.201,54.42],[-77.141,54.676],[-77.046,54.771],[-77.033,54.825],[-77.039,54.973],[-77.07,55.011],[-77.154,55.027],[-77.228,55.027],[-77.38,54.984],[-77.536,54.845],[-77.716,54.748],[-77.826,54.664],[-77.853,54.548],[-77.848,54.499]]]}},{"type":"Feature","properties":{"density":1},"geometry":{"type":"Polygon","coordinates":[[[-78.386,53.614],[-78.635,53.546],[-78.692,53.506],[-78.712,53.429],[-78.701,53.373],[-78.633,53.186],[-78.559,53.098],[-78.464,53.092],[-78.356,53.11],[-78.161,53.065],[-78.062,53.087],[-77.994,53.148],[-78.001,53.24],[-78.1,53.438],[-78.167,53.524],[-78.269,53.587],[-78.386,53.614]]]}},{"type":"Feature","properties":{"density":1},"geometry":{"type":"Polygon","coordinates":[[[-86.909,53.058],[-86.936,53.052],[-86.993,52.965],[-86.997,52.909],[-86.955,52.876],[-86.835,52.864],[-86.687,52.875],[-86.529,52.858],[-86.481,52.894],[-86.493,52.93],[-86.52,52.95],[-86.694,52.959],[-86.84,53.025],[-86.909,53.058]]]}},{"type":"Feature","properties":{"density":1},"geometry":{"type":"Polygon","coordinates":[[[-78.013,52.803],[-78.034,52.801],[-78.042,52.769],[-77.945,52.652],[-77.9,52.634],[-77.865,52.639],[-77.852,52.659],[-77.858,52.691],[-77.96,52.794],[-78.013,52.803]]]}},{"type":"Feature","properties":{"density":1},"geometry":{"type":"Polygon","coordinates":[[[-105.417,56.326],[-105.478,56.364],[-105.599,56.394],[-105.706,56.394],[-105.865,56.333],[-105.986,56.212],[-106.192,56.106],[-106.564,56.045],[-106.769,55.992],[-106.958,55.885],[-107.088,55.764],[-107.3,55.468],[-107.444,55.172],[-107.46,54.944],[-107.399,54.473],[-107.277,54.26],[-107.057,54.124],[-106.769,54.063],[-106.275,54.124],[-106.07,54.238],[-105.895,54.427],[-105.66,54.845],[-105.538,54.967],[-105.288,55.141],[-105.204,55.225],[-105.136,55.339],[-105.098,55.506],[-105.098,55.696],[-105.273,56.121],[-105.417,56.326]]]}},{"type":"Feature","properties":{"density":1},"geometry":{"type":"Polygon","coordinates":[[[-102.318,55.415],[-102.834,55.446],[-102.986,55.419],[-103.054,55.375],[-103.162,55.25],[-103.273,55.159],[-103.324,55.068],[-103.31,55.02],[-103.239,54.949],[-103.151,54.919],[-102.959,54.902],[-102.827,54.919],[-102.726,54.953],[-102.436,55.088],[-101.957,55.155],[-101.899,55.182],[-101.879,55.223],[-101.909,55.304],[-102.007,55.378],[-102.318,55.415]]]}},{"type":"Feature","properties":{"density":1},"geometry":{"type":"Polygon","coordinates":[[[-123.074,64.106],[-123.106,64.129],[-123.2,64.145],[-123.268,64.073],[-123.428,64.03],[-123.457,63.96],[-123.43,63.832],[-123.389,63.787],[-123.304,63.742],[-123.221,63.6],[-123.198,63.582],[-123.106,63.573],[-123.056,63.605],[-122.908,63.656],[-122.872,63.677],[-122.852,63.717],[-122.858,63.791],[-122.933,63.942],[-123.074,64.106]]]}},{"type":"Feature","properties":{"density":1},"geometry":{"type":"Polygon","coordinates":[[[-139.023,67.093],[-139.128,67.146],[-139.158,67.147],[-139.21,67.108],[-139.242,67.032],[-139.27,66.894],[-139.27,66.859],[-139.236,66.804],[-138.891,66.63],[-138.742,66.609],[-138.61,66.616],[-138.484,66.564],[-138.423,66.579],[-138.408,66.639],[-138.454,66.715],[-138.705,66.864],[-138.808,66.954],[-139.023,67.093]]]}},{"type":"Feature","properties":{"density":1},"geometry":{"type":"Polygon","coordinates":[[[-125.932,68.405],[-126.197,68.465],[-126.562,68.503],[-126.873,68.465],[-127.124,68.336],[-127.283,68.192],[-127.45,67.964],[-127.648,67.828],[-127.906,67.736],[-128.195,67.66],[-128.886,67.6],[-129.121,67.554],[-129.288,67.478],[-129.44,67.334],[-129.562,67.19],[-129.637,67.0],[-129.668,66.795],[-129.668,66.567],[-129.637,66.347],[-129.508,66.089],[-129.356,65.891],[-129.159,65.709],[-128.726,65.443],[-128.552,65.253],[-128.377,65.033],[-128.24,64.828],[-127.785,63.848],[-127.564,63.704],[-127.359,63.605],[-127.154,63.567],[-126.524,63.514],[-126.243,63.537],[-125.749,63.446],[-125.309,63.4],[-125.058,63.484],[-124.8,63.628],[-124.542,63.879],[-124.238,64.137],[-124.155,64.266],[-124.079,64.433],[-124.018,64.623],[-123.972,64.813],[-123.965,65.208],[-123.904,65.504],[-123.676,65.808],[-123.502,65.967],[-123.395,66.157],[-123.418,66.764],[-123.555,67.023],[-123.775,67.281],[-124.018,67.524],[-124.519,67.957],[-125.932,68.405]]]}},{"type":"Feature","properties":{"density":1},"geometry":{"type":"Polygon","coordinates":[[[-105.625,23.498],[-105.676,23.507],[-105.73,23.486],[-105.744,23.39],[-105.717,23.275],[-105.724,23.057],[-105.661,22.908],[-105.602,22.877],[-105.553,22.892],[-105.512,22.962],[-105.521,23.311],[-105.566,23.43],[-105.625,23.498]]]}},{"type":"Feature","properties":{"density":1},"geometry":{"type":"Polygon","coordinates":[[[-102.656,19.554],[-102.708,19.579],[-102.798,19.572],[-102.861,19.453],[-102.917,19.408],[-102.971,19.331],[-102.989,19.284],[-102.976,19.219],[-102.94,19.185],[-102.897,19.176],[-102.852,19.192],[-102.742,19.298],[-102.638,19.365],[-102.623,19.502],[-102.656,19.554]]]}},{"type":"Feature","properties":{"density":1},"geometry":{"type":"Polygon","coordinates":[[[-72.975,20.21],[-73.149,20.305],[-73.564,20.652],[-73.693,20.725],[-73.833,20.792],[-74.203,20.86],[-74.544,20.815],[-74.713,20.72],[-74.881,20.591],[-75.01,20.462],[-75.284,20.255],[-75.413,20.198],[-75.917,20.098],[-76.018,20.036],[-76.198,19.834],[-76.416,19.739],[-76.579,19.694],[-76.752,19.672],[-77.016,19.666],[-77.212,19.683],[-77.386,19.745],[-77.688,19.907],[-77.98,19.958],[-78.08,19.941],[-78.265,19.817],[-78.613,19.47],[-78.641,19.386],[-78.652,19.106],[-78.708,18.943],[-78.966,18.635],[-79.033,18.495],[-79.083,18.237],[-79.083,18.086],[-79.055,17.918],[-79.011,17.778],[-78.943,17.66],[-78.63,17.324],[-78.607,17.178],[-78.545,17.01],[-78.45,16.853],[-78.299,16.752],[-77.951,16.724],[-77.335,16.747],[-76.685,16.595],[-76.573,16.478],[-76.455,16.231],[-76.293,15.996],[-76.175,15.878],[-76.035,15.772],[-75.873,15.699],[-75.452,15.637],[-75.222,15.626],[-74.763,15.659],[-74.175,15.755],[-73.81,15.85],[-73.62,15.934],[-73.284,16.175],[-73.003,16.433],[-72.65,16.668],[-72.381,16.724],[-72.096,16.831],[-71.978,16.903],[-71.692,17.257],[-71.502,17.425],[-71.412,17.531],[-71.339,17.649],[-71.244,18.002],[-71.238,18.086],[-71.266,18.22],[-71.446,18.45],[-71.636,18.607],[-71.81,18.848],[-72.034,19.117],[-72.101,19.229],[-72.247,19.61],[-72.426,19.857],[-72.639,20.058],[-72.975,20.21]]]}},{"type":"Feature","properties":{"density":1},"geometry":{"type":"Polygon","coordinates":[[[-82.713,22.594],[-82.715,22.56],[-82.665,22.563],[-82.554,22.65],[-82.46,22.695],[-82.463,22.724],[-82.493,22.732],[-82.618,22.64],[-82.713,22.594]]]}},{"type":"Feature","properties":{"density":1},"geometry":{"type":"Polygon","coordinates":[[[-81.209,26.99],[-81.233,26.964],[-81.224,26.929],[-81.147,26.911],[-81.073,26.942],[-80.935,26.916],[-80.791,26.926],[-80.71,26.905],[-80.677,26.926],[-80.702,27.006],[-80.816,27.105],[-80.898,27.14],[-81.021,27.145],[-81.144,27.058],[-81.209,26.99]]]}},{"type":"Feature","properties":{"density":1},"geometry":{"type":"Polygon","coordinates":[[[-80.924,28.097],[-80.961,28.051],[-80.962,28.008],[-80.943,27.994],[-80.894,28.001],[-80.757,28.094],[-80.694,28.119],[-80.428,28.174],[-80.232,28.19],[-79.77,28.18],[-79.302,28.33],[-79.256,28.381],[-79.231,28.497],[-79.249,28.537],[-79.294,28.574],[-79.466,28.59],[-79.628,28.532],[-79.897,28.499],[-80.059,28.458],[-80.244,28.368],[-80.584,28.28],[-80.718,28.227],[-80.924,28.097]]]}},{"type":"Feature","properties":{"density":1},"geometry":{"type":"Polygon","coordinates":[[[-80.976,27.916],[-81.019,27.896],[-81.024,27.867],[-80.962,27.858],[-80.449,28.057],[-80.189,28.104],[-79.843,28.122],[-79.493,28.175],[-79.452,28.204],[-79.452,28.227],[-79.47,28.25],[-79.579,28.277],[-80.227,28.219],[-80.582,28.124],[-80.84,27.964],[-80.976,27.916]]]}},{"type":"Feature","properties":{"density":1},"geometry":{"type":"Polygon","coordinates":[[[-89.86,34.501],[-89.897,34.483],[-89.941,34.394],[-89.94,34.368],[-89.908,34.381],[-89.851,34.483],[-89.86,34.501]]]}},{"type":"Feature","properties":{"density":1},"geometry":{"type":"Polygon","coordinates":[[[-110.221,43.5],[-110.248,43.47],[-110.246,43.396],[-110.084,43.418],[-109.879,43.369],[-109.826,43.384],[-109.803,43.409],[-109.804,43.456],[-109.838,43.494],[-109.969,43.526],[-110.104,43.534],[-110.221,43.5]]]}},{"type":"Feature","properties":{"density":1},"geometry":{"type":"Polygon","coordinates":[[[-107.845,39.618],[-107.894,39.54],[-107.884,39.44],[-107.807,39.396],[-107.75,39.388],[-107.613,39.409],[-107.42,39.509],[-107.222,39.558],[-107.057,39.564],[-106.825,39.481],[-106.689,39.476],[-106.594,39.556],[-106.576,39.612],[-106.576,39.685],[-106.673,39.842],[-106.743,39.901],[-106.897,39.988],[-106.98,40.017],[-107.101,40.037],[-107.207,40.032],[-107.307,39.996],[-107.526,39.867],[-107.845,39.618]]]}},{"type":"Feature","properties":{"density":1},"geometry":{"type":"Polygon","coordinates":[[[-105.572,35.078],[-105.624,35.055],[-105.646,34.99],[-105.606,34.947],[-105.551,34.92],[-105.479,34.842],[-105.28,34.791],[-105.05,34.779],[-104.896,34.705],[-104.851,34.708],[-104.76,34.756],[-104.64,34.762],[-104.535,34.844],[-104.523,34.875],[-104.526,34.938],[-104.585,35.009],[-104.949,35.165],[-105.114,35.177],[-105.436,35.102],[-105.572,35.078]]]}},{"type":"Feature","properties":{"density":1},"geometry":{"type":"Polygon","coordinates":[[[-110.771,33.876],[-110.804,33.883],[-110.831,33.856],[-110.833,33.83],[-110.792,33.656],[-110.766,33.638],[-110.723,33.656],[-110.713,33.687],[-110.718,33.763],[-110.745,33.828],[-110.771,33.876]]]}},{"type":"Feature","properties":{"density":1},"geometry":{"type":"Polygon","coordinates":[[[-111.81,35.115],[-111.847,35.082],[-111.862,35.038],[-111.861,34.973],[-111.829,34.922],[-111.699,34.948],[-111.237,34.938],[-110.956,34.969],[-110.825,35.039],[-110.773,35.049],[-110.49,35.018],[-110.251,35.039],[-110.186,35.059],[-110.166,35.085],[-110.161,35.139],[-110.215,35.255],[-110.289,35.307],[-110.606,35.443],[-110.722,35.461],[-110.972,35.366],[-111.683,35.204],[-111.81,35.115]]]}},{"type":"Feature","properties":{"density":1},"geometry":{"type":"Polygon","coordinates":[[[-120.84,38.684],[-121.005,38.7],[-121.127,38.664],[-121.295,38.547],[-121.312,38.487],[-121.24,38.454],[-121.063,38.523],[-120.921,38.532],[-120.802,38.564],[-120.766,38.59],[-120.761,38.626],[-120.788,38.664],[-120.84,38.684]]]}},{"type":"Feature","properties":{"density":1},"geometry":{"type":"Polygon","coordinates":[[[-122.42,41.118],[-122.478,41.123],[-122.526,41.113],[-122.547,41.092],[-122.581,40.967],[-122.645,40.861],[-122.632,40.782],[-122.584,40.703],[-122.523,40.533],[-122.497,40.496],[-122.428,40.467],[-122.372,40.499],[-122.314,40.568],[-122.266,40.732],[-122.274,40.906],[-122.359,41.06],[-122.42,41.118]]]}},{"type":"Feature","properties":{"density":1},"geometry":{"type":"Polygon","coordinates":[[[-114.313,37.663],[-114.397,37.552],[-114.417,37.496],[-114.417,37.46],[-114.353,37.357],[-114.313,37.321],[-114.186,37.298],[-114.075,37.238],[-113.944,37.222],[-113.869,37.234],[-113.706,37.313],[-113.142,37.468],[-112.861,37.472],[-112.571,37.524],[-112.229,37.524],[-111.892,37.568],[-111.455,37.568],[-111.344,37.607],[-111.277,37.675],[-111.257,37.762],[-111.257,37.841],[-111.281,37.917],[-111.321,37.976],[-111.42,38.024],[-111.646,38.076],[-111.801,38.159],[-111.975,38.226],[-112.007,38.254],[-112.087,38.345],[-112.142,38.445],[-112.095,38.647],[-112.162,38.782],[-112.222,38.854],[-112.301,38.909],[-112.472,38.949],[-112.67,38.937],[-112.797,38.909],[-113.146,38.723],[-113.448,38.5],[-113.722,38.222],[-113.976,38.008],[-114.313,37.663]]]}},{"type":"Feature","properties":{"density":1},"geometry":{"type":"Polygon","coordinates":[[[-114.779,37.45],[-114.813,37.368],[-114.798,37.328],[-114.758,37.299],[-114.657,37.294],[-114.488,37.392],[-114.186,37.685],[-114.03,37.802],[-113.85,37.976],[-113.694,38.087],[-113.681,38.185],[-113.744,38.307],[-113.832,38.368],[-113.901,38.389],[-113.98,38.384],[-114.041,38.36],[-114.136,38.259],[-114.342,37.934],[-114.517,37.722],[-114.652,37.606],[-114.779,37.45]]]}},{"type":"Feature","properties":{"density":1},"geometry":{"type":"Polygon","coordinates":[[[-112.253,38.609],[-112.479,38.478],[-112.531,38.418],[-112.566,38.319],[-112.558,38.263],[-112.503,38.196],[-112.229,38.041],[-112.086,38.025],[-111.927,38.029],[-111.701,37.926],[-111.618,37.906],[-110.788,37.914],[-110.407,37.99],[-110.208,37.986],[-109.859,38.029],[-109.804,38.077],[-109.692,38.136],[-109.601,38.168],[-109.363,38.204],[-108.93,38.136],[-108.71,38.154],[-108.472,38.226],[-108.264,38.375],[-108.073,38.458],[-107.972,38.464],[-107.853,38.416],[-107.603,38.434],[-107.388,38.517],[-107.263,38.541],[-106.733,38.714],[-106.674,38.797],[-106.674,38.94],[-106.739,39.065],[-106.858,39.161],[-106.936,39.351],[-107.091,39.524],[-107.299,39.661],[-107.525,39.702],[-107.674,39.643],[-108.025,39.637],[-108.186,39.649],[-108.555,39.607],[-108.734,39.506],[-108.901,39.464],[-109.115,39.458],[-109.264,39.506],[-109.365,39.506],[-109.508,39.452],[-110.179,39.305],[-110.532,39.119],[-110.659,39.099],[-110.901,39.107],[-110.981,39.083],[-111.127,39.02],[-111.362,38.881],[-111.893,38.718],[-112.253,38.609]]]}},{"type":"Feature","properties":{"density":1},"geometry":{"type":"Polygon","coordinates":[[[-73.076,54.239],[-73.108,54.175],[-73.102,54.096],[-73.084,54.067],[-72.991,54.035],[-72.875,54.056],[-72.597,54.199],[-72.494,54.297],[-72.406,54.347],[-72.316,54.353],[-72.205,54.313],[-72.062,54.302],[-71.872,54.313],[-71.774,54.35],[-71.739,54.39],[-71.687,54.562],[-71.644,54.615],[-71.332,54.832],[-71.221,54.974],[-71.171,55.104],[-71.178,55.21],[-71.229,55.266],[-71.282,55.295],[-71.35,55.303],[-71.477,55.289],[-72.025,55.078],[-72.203,55.043],[-72.404,54.943],[-72.599,54.816],[-72.779,54.62],[-73.076,54.239]]]}},{"type":"Feature","properties":{"density":1},"geometry":{"type":"Polygon","coordinates":[[[-72.981,53.963],[-73.11,53.839],[-73.11,53.779],[-73.068,53.752],[-72.932,53.759],[-72.727,53.824],[-72.637,53.883],[-72.535,53.988],[-72.388,54.065],[-72.374,54.104],[-72.425,54.129],[-72.522,54.119],[-72.904,54.001],[-72.981,53.963]]]}},{"type":"Feature","properties":{"density":1},"geometry":{"type":"Polygon","coordinates":[[[-72.762,54.392],[-72.978,54.327],[-73.56,54.01],[-73.987,53.899],[-74.139,53.843],[-74.193,53.814],[-74.291,53.703],[-74.307,53.655],[-74.294,53.588],[-74.247,53.526],[-74.103,53.433],[-73.941,53.402],[-73.57,53.415],[-73.24,53.508],[-73.204,53.557],[-73.068,53.657],[-72.975,53.75],[-72.893,53.935],[-72.841,54.0],[-72.777,54.054],[-72.604,54.149],[-72.563,54.242],[-72.571,54.332],[-72.658,54.396],[-72.762,54.392]]]}},{"type":"Feature","properties":{"density":1},"geometry":{"type":"Polygon","coordinates":[[[-75.866,53.683],[-76.053,53.539],[-76.142,53.403],[-76.201,53.137],[-76.201,53.066],[-76.178,53.011],[-76.067,52.895],[-75.931,52.817],[-75.795,52.804],[-75.474,52.879],[-75.378,52.95],[-75.308,53.061],[-75.291,53.132],[-75.206,53.31],[-75.162,53.544],[-75.009,53.77],[-74.995,53.97],[-75.059,54.042],[-75.105,54.057],[-75.272,54.031],[-75.323,54.009],[-75.431,53.901],[-75.553,53.818],[-75.866,53.683]]]}},{"type":"Feature","properties":{"density":1},"geometry":{"type":"Polygon","coordinates":[[[-76.063,53.65],[-76.099,53.576],[-76.111,53.493],[-76.101,53.453],[-76.073,53.428],[-76.033,53.427],[-75.956,53.477],[-75.935,53.51],[-75.879,53.729],[-75.815,53.815],[-75.753,53.864],[-75.756,53.914],[-75.838,53.913],[-75.953,53.781],[-76.063,53.65]]]}},{"type":"Feature","properties":{"density":1},"geometry":{"type":"Polygon","coordinates":[[[-78.442,53.626],[-78.53,53.643],[-78.593,53.635],[-78.651,53.595],[-78.688,53.545],[-78.831,53.515],[-78.94,53.532],[-79.086,53.651],[-79.135,53.67],[-79.183,53.673],[-79.271,53.598],[-79.292,53.537],[-79.294,53.462],[-79.237,53.243],[-79.286,52.918],[-79.267,52.778],[-79.227,52.723],[-79.056,52.659],[-78.944,52.529],[-78.637,52.471],[-78.451,52.461],[-78.364,52.519],[-78.241,52.77],[-78.14,52.818],[-77.989,52.808],[-77.928,52.826],[-77.875,52.866],[-77.841,52.992],[-77.929,53.216],[-78.193,53.51],[-78.313,53.607],[-78.442,53.626]]]}},{"type":"Feature","properties":{"density":1},"geometry":{"type":"Polygon","coordinates":[[[-77.999,52.797],[-78.042,52.796],[-78.046,52.766],[-77.949,52.703],[-77.85,52.613],[-77.717,52.595],[-77.689,52.611],[-77.679,52.636],[-77.704,52.688],[-77.904,52.769],[-77.999,52.797]]]}},{"type":"Feature","properties":{"density":1},"geometry":{"type":"Polygon","coordinates":[[[-102.478,55.842],[-102.557,55.883],[-102.643,55.901],[-102.732,55.913],[-102.822,55.898],[-103.106,55.741],[-103.199,55.707],[-103.573,55.632],[-103.703,55.584],[-103.823,55.494],[-103.905,55.405],[-103.957,55.3],[-103.999,55.091],[-104.111,54.826],[-104.114,54.71],[-104.088,54.62],[-104.04,54.546],[-103.957,54.482],[-103.771,54.46],[-103.674,54.493],[-103.606,54.553],[-103.498,54.74],[-103.442,54.803],[-103.364,54.829],[-103.196,54.833],[-103.106,54.852],[-102.867,54.968],[-102.575,55.05],[-102.43,55.05],[-102.168,55.012],[-102.011,55.02],[-101.907,55.061],[-101.847,55.106],[-101.817,55.214],[-101.828,55.27],[-101.922,55.382],[-102.176,55.539],[-102.265,55.629],[-102.478,55.842]]]}},{"type":"Feature","properties":{"density":1},"geometry":{"type":"Polygon","coordinates":[[[-106.17,56.685],[-106.313,56.685],[-106.447,56.626],[-106.531,56.509],[-106.573,56.341],[-106.59,56.156],[-106.641,56.005],[-106.716,55.904],[-106.926,55.71],[-107.263,55.601],[-107.363,55.5],[-107.456,55.299],[-107.473,55.147],[-107.464,54.929],[-107.389,54.786],[-107.355,54.584],[-107.347,54.248],[-107.279,54.122],[-107.153,54.038],[-106.733,54.021],[-106.565,54.072],[-106.431,54.156],[-106.296,54.282],[-106.212,54.399],[-106.078,54.811],[-106.052,55.021],[-106.052,55.215],[-106.01,55.383],[-105.935,55.492],[-105.825,55.584],[-105.725,55.803],[-105.716,55.971],[-105.75,56.122],[-105.792,56.24],[-105.901,56.425],[-106.17,56.685]]]}},{"type":"Feature","properties":{"density":1},"geometry":{"type":"Polygon","coordinates":[[[-102.377,57.907],[-102.519,57.903],[-102.551,57.885],[-102.574,57.855],[-102.584,57.72],[-102.601,57.677],[-102.64,57.642],[-102.725,57.612],[-102.811,57.558],[-102.866,57.473],[-102.883,57.395],[-102.803,57.352],[-102.433,57.4],[-102.275,57.337],[-102.206,57.33],[-102.156,57.349],[-102.123,57.383],[-102.05,57.566],[-102.048,57.652],[-102.159,57.805],[-102.277,57.871],[-102.377,57.907]]]}},{"type":"Feature","properties":{"density":1},"geometry":{"type":"Polygon","coordinates":[[[-129.831,67.567],[-129.901,67.575],[-129.956,67.554],[-129.985,67.526],[-129.981,67.483],[-129.933,67.44],[-129.899,67.434],[-129.488,67.453],[-129.358,67.409],[-129.297,67.404],[-129.258,67.421],[-129.273,67.474],[-129.335,67.512],[-129.676,67.54],[-129.831,67.567]]]}},{"type":"Feature","properties":{"density":1},"geometry":{"type":"Polygon","coordinates":[[[-109.859,44.273],[-110.22,44.19],[-110.804,43.968],[-111.332,43.745],[-111.888,43.384],[-112.444,42.939],[-112.833,42.439],[-113.055,42.105],[-113.25,41.716],[-113.472,41.216],[-113.722,40.577],[-114.0,39.938],[-114.25,39.521],[-114.612,38.965],[-114.834,38.659],[-114.973,38.27],[-115.056,37.881],[-115.056,37.519],[-114.945,37.186],[-114.667,36.964],[-114.167,36.769],[-113.611,36.658],[-113.0,36.602],[-112.472,36.602],[-112.027,36.63],[-111.61,36.825],[-111.082,37.019],[-110.47,37.269],[-109.081,37.603],[-108.636,37.658],[-108.108,37.686],[-107.413,37.686],[-106.718,37.575],[-104.856,36.908],[-104.244,36.63],[-103.272,36.046],[-102.771,35.796],[-102.355,35.629],[-101.826,35.518],[-101.326,35.379],[-100.631,35.352],[-99.297,35.352],[-98.713,35.491],[-97.963,35.935],[-97.074,36.63],[-96.156,37.242],[-94.989,37.936],[-94.378,38.131],[-93.711,38.214],[-93.127,38.048],[-92.793,37.658],[-92.376,37.047],[-91.987,36.408],[-91.626,35.685],[-90.876,34.295],[-90.764,33.99],[-90.625,33.434],[-90.32,32.739],[-89.903,32.127],[-89.236,30.988],[-88.93,30.515],[-88.402,29.821],[-87.846,29.32],[-87.262,28.903],[-85.817,28.375],[-85.122,28.208],[-84.427,28.014],[-83.677,27.958],[-82.009,27.68],[-80.286,27.541],[-79.119,27.597],[-78.591,27.597],[-78.09,27.736],[-77.59,27.931],[-77.006,28.292],[-76.534,28.709],[-76.256,29.042],[-75.978,29.57],[-75.7,30.293],[-75.311,30.71],[-74.866,31.127],[-74.31,31.433],[-73.671,31.683],[-73.254,31.877],[-72.949,32.072],[-72.726,32.294],[-72.504,32.572],[-72.448,33.045],[-72.448,33.684],[-72.671,34.379],[-72.949,34.935],[-73.393,35.491],[-74.06,35.824],[-74.727,36.102],[-75.589,36.38],[-76.423,36.519],[-77.284,36.519],[-78.368,36.436],[-79.397,36.074],[-80.231,35.713],[-81.064,35.324],[-81.592,35.046],[-82.398,34.851],[-83.51,34.657],[-84.733,34.629],[-86.123,34.768],[-87.068,35.101],[-87.735,35.602],[-88.263,36.241],[-88.708,37.047],[-89.347,37.992],[-89.792,38.742],[-89.903,39.521],[-89.903,41.244],[-90.07,41.883],[-90.292,42.495],[-90.653,42.995],[-91.376,43.606],[-92.627,44.357],[-93.266,44.718],[-93.766,45.191],[-94.322,45.663],[-94.906,46.052],[-95.879,46.358],[-96.379,46.358],[-97.101,46.275],[-97.824,46.08],[-98.436,45.802],[-99.047,45.552],[-99.964,45.33],[-100.881,45.135],[-103.883,44.996],[-105.801,44.551],[-109.859,44.273]]]}},{"type":"Feature","properties":{"density":1},"geometry":{"type":"Polygon","coordinates":[[[-107.34,30.331],[-107.399,30.363],[-107.45,30.365],[-107.479,30.345],[-107.506,30.309],[-107.479,30.211],[-107.447,30.18],[-107.384,30.167],[-107.355,30.126],[-107.316,30.116],[-107.294,30.126],[-107.291,30.155],[-107.313,30.275],[-107.34,30.331]]]}},{"type":"Feature","properties":{"density":1},"geometry":{"type":"Polygon","coordinates":[[[-107.106,30.465],[-107.072,30.533],[-107.023,30.582],[-106.957,30.58],[-106.85,30.511],[-106.62,30.489],[-106.496,30.385],[-106.413,30.35],[-106.41,30.292],[-106.474,30.243],[-106.54,30.243],[-106.759,30.341],[-106.876,30.355],[-107.052,30.343],[-107.106,30.385],[-107.12,30.421],[-107.106,30.465]]]}},{"type":"Feature","properties":{"density":1},"geometry":{"type":"Polygon","coordinates":[[[-108.426,25.583],[-108.499,25.559],[-108.536,25.488],[-108.582,25.322],[-108.77,24.995],[-108.799,24.93],[-108.853,24.666],[-108.855,24.578],[-108.828,24.466],[-108.78,24.373],[-108.687,24.298],[-108.504,24.232],[-108.404,24.237],[-108.299,24.278],[-108.15,24.463],[-108.118,24.656],[-108.126,25.052],[-108.079,25.203],[-108.038,25.249],[-107.581,25.481],[-107.533,25.532],[-107.489,25.62],[-107.499,25.759],[-107.552,25.864],[-107.601,25.908],[-107.667,25.945],[-107.823,25.959],[-107.901,25.94],[-107.969,25.898],[-108.123,25.696],[-108.213,25.632],[-108.296,25.596],[-108.426,25.583]]]}},{"type":"Feature","properties":{"density":1},"geometry":{"type":"Polygon","coordinates":[[[-111.624,28.91],[-111.809,28.984],[-112.352,28.996],[-112.612,28.91],[-112.859,28.786],[-113.019,28.589],[-113.279,27.971],[-113.291,27.156],[-113.18,26.81],[-113.007,26.365],[-112.711,25.92],[-112.426,25.562],[-112.192,25.13],[-112.155,24.747],[-112.118,24.018],[-112.031,23.685],[-111.858,23.388],[-111.586,23.141],[-111.352,23.018],[-110.808,22.869],[-110.45,22.746],[-110.129,22.56],[-109.857,22.338],[-109.449,21.758],[-109.326,21.325],[-109.239,20.559],[-109.153,19.979],[-109.029,19.719],[-108.832,19.509],[-108.634,19.398],[-108.362,19.275],[-108.152,19.2],[-107.992,19.077],[-107.695,18.706],[-107.312,18.41],[-106.448,18.175],[-106.151,18.076],[-106.077,17.99],[-105.966,17.768],[-105.719,17.607],[-105.459,17.496],[-104.805,17.298],[-104.471,17.175],[-104.15,16.952],[-103.903,16.705],[-103.631,16.569],[-103.051,16.433],[-102.779,16.31],[-102.581,16.075],[-102.433,15.779],[-102.408,15.532],[-102.421,15.223],[-102.384,14.803],[-102.248,14.358],[-101.766,13.592],[-101.593,13.444],[-101.296,13.296],[-100.926,13.209],[-100.506,13.16],[-100.024,13.16],[-99.703,13.197],[-99.32,13.32],[-98.838,13.382],[-98.48,13.382],[-98.109,13.432],[-97.702,13.456],[-97.344,13.654],[-96.714,14.099],[-96.405,14.173],[-96.009,14.222],[-95.602,14.309],[-95.281,14.531],[-94.873,15.0],[-94.539,15.272],[-94.132,15.495],[-92.266,17.669],[-91.97,18.225],[-91.809,18.472],[-91.179,18.855],[-90.611,19.163],[-90.389,19.373],[-90.253,19.559],[-90.129,19.818],[-90.043,20.078],[-89.796,21.004],[-89.697,21.128],[-89.623,21.35],[-89.611,21.535],[-89.648,21.782],[-89.808,21.93],[-89.981,22.029],[-90.438,22.239],[-90.685,22.425],[-90.895,22.61],[-91.13,22.869],[-91.291,23.166],[-91.476,23.66],[-91.451,24.166],[-91.389,24.488],[-91.167,25.08],[-91.254,26.402],[-91.254,26.637],[-91.155,26.884],[-91.105,27.119],[-91.093,27.403],[-91.142,27.712],[-91.266,27.996],[-91.525,28.391],[-91.809,28.725],[-92.365,29.169],[-93.909,30.602],[-94.441,30.75],[-94.688,30.775],[-95.346,30.693],[-95.643,30.676],[-96.154,30.586],[-96.615,30.479],[-97.257,30.289],[-97.422,30.215],[-97.677,30.001],[-97.85,29.696],[-97.875,29.499],[-97.858,29.079],[-97.817,28.832],[-97.834,28.189],[-97.801,27.95],[-97.726,27.662],[-97.718,27.415],[-97.718,27.16],[-97.801,26.423],[-97.924,26.213],[-98.418,25.657],[-98.542,25.459],[-98.752,24.94],[-98.789,24.261],[-98.937,23.137],[-98.912,22.038],[-99.357,21.099],[-99.74,20.926],[-99.913,20.827],[-100.123,20.778],[-100.321,20.74],[-100.543,20.765],[-100.802,20.765],[-101.358,20.95],[-101.778,21.21],[-103.034,22.042],[-103.495,22.676],[-103.668,23.013],[-103.948,23.425],[-104.236,23.779],[-104.475,24.01],[-105.175,24.578],[-105.529,24.817],[-106.164,25.179],[-107.662,25.937],[-108.239,26.373],[-108.832,26.793],[-109.194,27.082],[-109.474,27.329],[-111.624,28.91]]]}},{"type":"Feature","properties":{"density":1},"geometry":{"type":"Polygon","coordinates":[[[-132.484,67.748],[-131.749,67.907],[-130.983,67.907],[-130.259,68.12],[-128.174,68.588],[-127.11,68.8],[-126.089,68.971],[-125.153,69.098],[-123.578,69.098],[-122.217,68.971],[-120.642,68.885],[-119.621,68.885],[-118.812,68.843],[-117.876,68.758],[-116.089,68.758],[-115.281,68.588],[-114.812,68.332],[-112.983,67.566],[-112.812,67.226],[-112.855,66.545],[-113.153,66.247],[-114.089,65.694],[-114.472,65.141],[-114.429,64.503],[-114.259,64.162],[-113.876,63.949],[-113.408,63.609],[-112.302,63.226],[-111.408,62.588],[-111.323,62.247],[-111.309,61.538],[-111.281,61.141],[-111.224,60.8],[-111.224,60.375],[-111.281,59.978],[-111.536,59.325],[-111.593,59.042],[-111.252,57.964],[-111.224,57.51],[-111.11,57.169],[-111.224,56.715],[-111.678,56.006],[-111.905,55.694],[-112.273,55.439],[-112.642,55.268],[-113.607,55.07],[-114.004,55.098],[-115.337,55.637],[-115.734,55.893],[-116.018,56.12],[-116.217,56.318],[-116.387,56.602],[-116.812,57.425],[-117.692,58.162],[-118.798,58.105],[-118.94,58.02],[-119.536,57.822],[-119.933,57.765],[-120.727,57.708],[-121.408,57.708],[-121.834,57.878],[-122.117,58.105],[-122.571,58.644],[-123.195,59.212],[-124.075,60.715],[-124.387,61.566],[-124.671,62.077],[-125.125,62.616],[-125.578,62.956],[-126.968,63.609],[-128.614,64.318],[-128.983,64.517],[-130.061,64.744],[-130.798,64.857],[-132.245,65.141],[-132.671,65.368],[-133.266,65.765],[-133.408,66.077],[-133.408,66.361],[-133.369,66.846],[-133.246,67.244],[-132.932,67.558],[-132.484,67.748]]]}},{"type":"Feature","properties":{"density":1},"geometry":{"type":"Polygon","coordinates":[[[-76.451,54.829],[-76.569,54.834],[-76.756,54.805],[-76.948,54.726],[-77.211,54.583],[-77.47,54.339],[-77.491,54.083],[-77.397,54.011],[-77.175,53.998],[-76.995,54.029],[-76.796,54.123],[-76.657,54.295],[-76.509,54.576],[-76.36,54.72],[-76.358,54.75],[-76.394,54.811],[-76.451,54.829]]]}},{"type":"Feature","properties":{"density":1},"geometry":{"type":"Polygon","coordinates":[[[-77.19,55.061],[-77.518,55.069],[-77.835,55.03],[-78.02,54.992],[-78.175,54.941],[-78.472,54.814],[-78.565,54.737],[-78.72,54.462],[-78.932,54.184],[-78.959,53.964],[-78.944,53.883],[-78.897,53.798],[-78.824,53.725],[-78.735,53.678],[-78.306,53.574],[-78.202,53.524],[-78.094,53.427],[-77.854,53.307],[-77.696,53.269],[-77.564,53.269],[-77.452,53.284],[-77.325,53.338],[-77.259,53.419],[-77.209,53.527],[-77.201,53.628],[-77.217,53.744],[-77.255,53.837],[-77.356,53.999],[-77.394,54.231],[-77.394,54.347],[-77.344,54.459],[-77.263,54.544],[-77.078,54.625],[-76.958,54.725],[-76.939,54.795],[-76.942,54.907],[-77.012,55.03],[-77.19,55.061]]]}},{"type":"Feature","properties":{"density":2},"geometry":{"type":"Polygon","coordinates":[[[-71.565,18.188],[-71.852,18.058],[-72.103,17.994],[-72.428,17.994],[-72.741,17.969],[-72.787,17.986],[-72.811,18.021],[-72.811,18.054],[-72.769,18.092],[-72.616,18.129],[-72.481,18.122],[-71.586,18.222],[-71.559,18.216],[-71.561,18.189],[-71.565,18.188]]]}},{"type":"Feature","properties":{"density":2},"geometry":{"type":"Polygon","coordinates":[[[-81.199,26.927],[-81.133,26.873],[-81.07,26.898],[-81.032,26.937],[-80.926,27.107],[-80.916,27.173],[-80.935,27.206],[-80.98,27.225],[-81.018,27.215],[-81.053,27.161],[-81.095,27.024],[-81.151,26.955],[-81.197,26.935],[-81.199,26.927]]]}},{"type":"Feature","properties":{"density":2},"geometry":{"type":"Polygon","coordinates":[[[-127.639,65.187],[-127.664,65.114],[-127.651,64.969],[-127.557,64.824],[-127.301,64.61],[-127.036,64.496],[-126.825,64.449],[-126.579,64.367],[-125.964,64.114],[-125.844,64.089],[-125.651,64.102],[-125.367,64.263],[-125.244,64.31],[-124.878,64.379],[-124.762,64.452],[-124.714,64.537],[-124.699,64.796],[-124.755,64.897],[-124.844,64.928],[-125.046,64.944],[-125.38,64.919],[-125.629,64.947],[-126.065,65.045],[-126.408,65.149],[-126.689,65.212],[-126.926,65.234],[-127.235,65.291],[-127.519,65.285],[-127.61,65.25],[-127.639,65.187]]]}},{"type":"Feature","properties":{"density":2},"geometry":{"type":"Polygon","coordinates":[[[-112.55,38.075],[-112.454,38.061],[-112.125,38.124],[-112.011,38.124],[-111.929,38.103],[-111.781,37.956],[-111.716,37.924],[-111.638,37.907],[-111.344,37.918],[-111.137,37.967],[-110.822,38.202],[-110.736,38.296],[-110.426,38.449],[-110.098,38.567],[-109.272,38.658],[-108.745,38.63],[-108.499,38.581],[-107.762,38.378],[-106.931,38.117],[-106.272,37.849],[-106.06,37.789],[-105.806,37.741],[-105.527,37.731],[-104.25,37.806],[-104.003,37.901],[-103.904,37.988],[-103.877,38.176],[-103.905,38.254],[-103.954,38.316],[-104.014,38.351],[-104.598,38.437],[-105.244,38.594],[-105.409,38.661],[-105.54,38.745],[-105.744,38.804],[-105.921,38.877],[-106.196,38.939],[-106.424,39.062],[-106.781,39.285],[-107.089,39.589],[-107.696,39.949],[-108.314,40.366],[-108.506,40.463],[-108.774,40.549],[-108.944,40.577],[-109.575,40.636],[-110.029,40.607],[-110.169,40.577],[-110.298,40.535],[-110.405,40.467],[-110.79,40.308],[-111.187,40.178],[-111.967,39.729],[-112.194,39.563],[-112.355,39.473],[-112.459,39.435],[-112.63,39.402],[-113.16,39.379],[-113.242,39.338],[-113.278,39.26],[-113.269,39.151],[-113.155,39.033],[-113.041,38.934],[-112.639,38.745],[-112.564,38.645],[-112.616,38.551],[-112.795,38.498],[-112.885,38.446],[-112.904,38.404],[-112.904,38.286],[-112.876,38.229],[-112.824,38.167],[-112.682,38.087],[-112.55,38.075]]]}},{"type":"Feature","properties":{"density":2},"geometry":{"type":"Polygon","coordinates":[[[-112.197,39.977],[-112.045,40.024],[-111.717,40.179],[-111.339,40.261],[-111.152,40.318],[-111.042,40.384],[-110.963,40.507],[-110.957,40.586],[-111.014,40.702],[-111.045,40.728],[-111.25,40.769],[-111.465,40.718],[-112.039,40.349],[-112.146,40.254],[-112.219,40.185],[-112.26,40.109],[-112.275,40.056],[-112.247,39.986],[-112.197,39.977]]]}},{"type":"Feature","properties":{"density":2},"geometry":{"type":"Polygon","coordinates":[[[-114.753,37.401],[-114.736,37.48],[-114.676,37.551],[-114.56,37.588],[-114.512,37.586],[-114.47,37.547],[-114.467,37.484],[-114.484,37.447],[-114.553,37.386],[-114.661,37.332],[-114.725,37.345],[-114.747,37.37],[-114.753,37.401]]]}},{"type":"Feature","properties":{"density":2},"geometry":{"type":"Polygon","coordinates":[[[-114.317,37.41],[-114.337,37.555],[-114.317,37.654],[-114.253,37.739],[-114.171,37.766],[-114.129,37.71],[-114.122,37.662],[-114.163,37.415],[-114.219,37.352],[-114.283,37.362],[-114.32,37.394],[-114.317,37.41]]]}},{"type":"Feature","properties":{"density":2},"geometry":{"type":"Polygon","coordinates":[[[-111.803,34.97],[-111.75,35.061],[-111.614,35.133],[-111.375,35.217],[-111.305,35.238],[-111.22,35.241],[-111.174,35.222],[-111.154,35.173],[-111.154,35.134],[-111.22,35.081],[-111.678,34.995],[-111.802,34.957],[-111.803,34.97]]]}},{"type":"Feature","properties":{"density":2},"geometry":{"type":"Polygon","coordinates":[[[-71.679,18.206],[-71.602,18.223],[-71.574,18.206],[-71.59,18.17],[-71.681,18.114],[-71.825,17.947],[-71.889,17.91],[-71.978,17.887],[-72.412,17.864],[-72.765,17.764],[-73.019,17.739],[-73.117,17.739],[-73.207,17.762],[-73.255,17.804],[-73.322,17.962],[-73.325,17.99],[-73.302,18.032],[-73.195,18.122],[-72.926,18.102],[-72.734,18.169],[-72.56,18.194],[-72.194,18.199],[-71.962,18.224],[-71.818,18.214],[-71.679,18.206]]]}},{"type":"Feature","properties":{"density":2},"geometry":{"type":"Polygon","coordinates":[[[-81.148,26.981],[-81.206,26.926],[-81.069,26.878],[-81.054,26.887],[-81.051,26.926],[-81.092,26.961],[-81.148,26.981]]]}},{"type":"Feature","properties":{"density":2},"geometry":{"type":"Polygon","coordinates":[[[-114.714,37.447],[-114.74,37.422],[-114.75,37.364],[-114.67,37.36],[-114.591,37.384],[-114.544,37.423],[-114.446,37.452],[-114.408,37.511],[-114.244,37.609],[-114.229,37.656],[-114.262,37.694],[-114.313,37.701],[-114.466,37.593],[-114.641,37.502],[-114.714,37.447]]]}},{"type":"Feature","properties":{"density":2},"geometry":{"type":"Polygon","coordinates":[[[-114.129,37.707],[-114.167,37.717],[-114.21,37.701],[-114.237,37.626],[-114.308,37.543],[-114.317,37.503],[-114.289,37.46],[-114.282,37.385],[-114.206,37.375],[-114.136,37.41],[-114.068,37.415],[-114.015,37.452],[-114.001,37.488],[-113.912,37.54],[-113.905,37.578],[-113.933,37.624],[-114.073,37.679],[-114.129,37.707]]]}},{"type":"Feature","properties":{"density":2},"geometry":{"type":"Polygon","coordinates":[[[-111.772,35.047],[-111.799,35.009],[-111.8,34.959],[-111.781,34.941],[-111.722,34.96],[-111.679,35.038],[-111.588,35.109],[-111.593,35.126],[-111.628,35.141],[-111.739,35.078],[-111.772,35.047]]]}},{"type":"Feature","properties":{"density":2},"geometry":{"type":"Polygon","coordinates":[[[-108.71,41.409],[-108.592,41.443],[-108.264,41.409],[-107.987,41.325],[-107.626,41.25],[-107.189,41.241],[-107.054,41.216],[-106.928,41.166],[-106.827,41.098],[-106.718,40.989],[-106.441,40.653],[-106.222,40.552],[-106.18,40.476],[-106.012,40.3],[-105.852,40.073],[-105.735,39.863],[-105.626,39.737],[-105.382,39.518],[-105.306,39.426],[-105.163,39.317],[-104.995,39.233],[-104.415,39.048],[-103.541,38.737],[-103.172,38.644],[-103.079,38.636],[-102.894,38.577],[-102.592,38.518],[-102.314,38.434],[-102.104,38.325],[-102.054,38.283],[-102.037,38.241],[-102.029,38.09],[-102.054,37.989],[-102.104,37.88],[-102.197,37.804],[-102.331,37.728],[-102.499,37.678],[-102.886,37.661],[-103.289,37.686],[-103.441,37.712],[-103.659,37.686],[-104.205,37.527],[-104.491,37.501],[-104.962,37.518],[-105.357,37.686],[-105.693,37.854],[-105.978,38.056],[-106.407,38.401],[-106.71,38.527],[-107.348,38.686],[-107.617,38.796],[-108.189,38.981],[-108.592,39.165],[-108.685,39.174],[-108.844,39.174],[-109.063,39.09],[-109.13,39.031],[-109.315,38.544],[-109.449,38.291],[-109.55,38.207],[-109.668,38.157],[-109.853,38.115],[-109.996,38.098],[-110.248,38.098],[-110.752,37.997],[-111.265,37.998],[-111.452,38.047],[-111.729,38.181],[-111.8,38.196],[-112.05,38.192],[-112.308,38.155],[-112.528,38.178],[-112.662,38.226],[-112.797,38.334],[-112.883,38.532],[-112.89,38.596],[-112.868,38.682],[-112.815,38.753],[-112.569,38.876],[-112.535,38.954],[-112.539,39.037],[-112.677,39.294],[-112.674,39.627],[-112.599,39.672],[-112.308,39.698],[-111.99,39.847],[-111.575,40.079],[-111.34,40.239],[-110.657,40.62],[-110.44,40.721],[-110.324,40.762],[-109.783,40.885],[-109.379,41.046],[-109.155,41.188],[-108.71,41.409]]]}},{"type":"Feature","properties":{"density":2},"geometry":{"type":"Polygon","coordinates":[[[-112.257,40.114],[-112.282,40.073],[-112.276,40.043],[-112.194,39.99],[-112.098,39.988],[-111.94,39.958],[-111.849,39.996],[-111.783,40.106],[-111.68,40.152],[-111.643,40.202],[-111.637,40.323],[-111.721,40.464],[-111.734,40.539],[-111.733,40.627],[-111.695,40.68],[-111.61,40.743],[-111.559,40.74],[-111.374,40.615],[-111.324,40.615],[-111.158,40.68],[-110.968,40.657],[-110.853,40.667],[-110.8,40.707],[-110.778,40.757],[-110.778,40.869],[-110.805,40.946],[-110.853,41.014],[-110.904,41.05],[-110.974,41.067],[-111.094,41.059],[-111.266,40.997],[-111.469,40.994],[-111.56,41.019],[-111.756,41.16],[-111.801,41.17],[-111.879,41.158],[-111.942,41.123],[-111.997,41.079],[-112.111,40.909],[-112.13,40.808],[-112.07,40.542],[-112.07,40.411],[-112.115,40.252],[-112.173,40.166],[-112.257,40.114]]]}},{"type":"Feature","properties":{"density":2},"geometry":{"type":"Polygon","coordinates":[[[-77.038,54.999],[-77.183,54.972],[-77.34,54.872],[-77.368,54.831],[-77.366,54.74],[-77.279,54.723],[-77.187,54.782],[-77.105,54.801],[-77.055,54.838],[-76.94,54.947],[-76.947,55.001],[-77.001,55.011],[-77.038,54.999]]]}},{"type":"Feature","properties":{"density":2},"geometry":{"type":"Polygon","coordinates":[[[-75.075,53.983],[-75.11,54.005],[-75.162,53.993],[-75.281,53.87],[-75.366,53.832],[-75.434,53.774],[-75.495,53.654],[-75.5,53.588],[-75.479,53.515],[-75.429,53.495],[-75.376,53.517],[-75.059,53.741],[-75.024,53.807],[-75.017,53.892],[-75.075,53.983]]]}},{"type":"Feature","properties":{"density":2},"geometry":{"type":"Polygon","coordinates":[[[-102.4,55.32],[-102.054,55.338],[-101.954,55.302],[-101.966,55.273],[-101.989,55.268],[-102.165,55.282],[-102.332,55.23],[-102.43,55.247],[-102.437,55.287],[-102.42,55.302],[-102.4,55.32]]]}},{"type":"Feature","properties":{"density":2},"geometry":{"type":"Polygon","coordinates":[[[-123.146,63.775],[-123.224,63.788],[-123.244,63.773],[-123.26,63.722],[-123.211,63.672],[-123.211,63.629],[-123.189,63.584],[-123.138,63.574],[-123.05,63.602],[-122.947,63.606],[-122.933,63.637],[-122.938,63.709],[-123.015,63.762],[-123.146,63.775]]]}},{"type":"Feature","properties":{"density":2},"geometry":{"type":"Polygon","coordinates":[[[-127.185,66.705],[-127.376,66.649],[-127.802,66.425],[-127.891,66.336],[-128.054,66.106],[-128.138,65.859],[-128.154,65.4],[-128.115,65.243],[-128.059,65.092],[-127.958,64.935],[-127.706,64.644],[-127.549,64.52],[-127.168,64.347],[-126.58,64.111],[-126.188,63.988],[-125.885,63.915],[-125.51,63.876],[-125.342,63.882],[-125.185,63.96],[-125.067,64.095],[-124.978,64.229],[-124.86,64.274],[-124.72,64.285],[-124.591,64.341],[-124.474,64.442],[-124.406,64.582],[-124.367,64.773],[-124.367,64.907],[-124.462,65.053],[-124.658,65.21],[-125.051,65.26],[-125.236,65.254],[-125.588,65.086],[-126.014,65.053],[-126.25,65.053],[-126.575,65.12],[-126.72,65.182],[-126.989,65.366],[-127.073,65.456],[-127.14,65.574],[-127.157,65.719],[-127.152,65.831],[-127.062,65.96],[-126.956,66.028],[-126.423,66.179],[-126.278,66.296],[-126.238,66.442],[-126.283,66.588],[-126.429,66.711],[-126.591,66.773],[-126.759,66.773],[-126.911,66.75],[-127.185,66.705]]]}},{"type":"Feature","properties":{"density":2},"geometry":{"type":"Polygon","coordinates":[[[-71.763,18.16],[-71.669,18.211],[-71.59,18.231],[-71.557,18.225],[-71.589,18.151],[-71.707,18.057],[-71.784,17.972],[-72.018,17.843],[-72.125,17.715],[-72.23,17.635],[-72.404,17.435],[-72.452,17.405],[-72.624,17.362],[-72.823,17.362],[-72.883,17.411],[-72.94,17.572],[-72.99,17.604],[-73.162,17.632],[-73.468,17.731],[-73.66,17.743],[-73.963,17.662],[-74.082,17.645],[-74.208,17.645],[-74.289,17.665],[-74.443,17.761],[-74.481,17.814],[-74.506,17.89],[-74.506,18.11],[-74.481,18.206],[-74.44,18.266],[-74.39,18.304],[-74.299,18.331],[-74.177,18.321],[-74.039,18.203],[-73.981,18.183],[-73.718,18.16],[-73.607,18.054],[-73.556,18.034],[-73.372,18.034],[-73.2,17.996],[-72.952,17.996],[-72.702,17.961],[-72.462,17.958],[-71.954,18.117],[-71.763,18.16]]]}},{"type":"Feature","properties":{"density":2},"geometry":{"type":"Polygon","coordinates":[[[-81.053,27.091],[-81.085,27.092],[-81.164,27.007],[-81.205,26.949],[-81.204,26.918],[-81.14,26.951],[-81.077,26.954],[-81.029,26.978],[-81.009,27.033],[-81.027,27.076],[-81.053,27.091]]]}},{"type":"Feature","properties":{"density":2},"geometry":{"type":"Polygon","coordinates":[[[-111.799,35.028],[-111.822,34.964],[-111.783,34.948],[-111.713,34.999],[-111.658,35.005],[-111.608,35.064],[-111.624,35.086],[-111.666,35.089],[-111.782,35.055],[-111.799,35.028]]]}},{"type":"Feature","properties":{"density":2},"geometry":{"type":"Polygon","coordinates":[[[-114.273,37.546],[-114.311,37.514],[-114.342,37.426],[-114.295,37.373],[-114.223,37.368],[-114.093,37.416],[-113.653,37.509],[-113.502,37.56],[-113.269,37.684],[-113.239,37.704],[-113.239,37.723],[-113.329,37.795],[-113.447,37.816],[-113.536,37.802],[-113.947,37.667],[-114.105,37.63],[-114.273,37.546]]]}},{"type":"Feature","properties":{"density":2},"geometry":{"type":"Polygon","coordinates":[[[-114.738,37.441],[-114.758,37.409],[-114.751,37.39],[-114.702,37.363],[-114.567,37.389],[-114.358,37.524],[-114.288,37.586],[-114.176,37.645],[-114.074,37.676],[-114.056,37.715],[-114.085,37.742],[-114.134,37.749],[-114.33,37.711],[-114.677,37.49],[-114.738,37.441]]]}},{"type":"Feature","properties":{"density":2},"geometry":{"type":"Polygon","coordinates":[[[-109.939,41.05],[-109.742,41.149],[-109.198,41.363],[-108.563,41.649],[-108.313,41.72],[-107.536,41.8],[-107.027,41.899],[-106.581,42.033],[-106.107,42.131],[-105.536,42.131],[-105.304,42.095],[-105.089,41.997],[-104.866,41.827],[-104.536,41.622],[-103.83,40.89],[-103.607,40.773],[-103.098,40.622],[-102.883,40.47],[-102.106,39.461],[-101.964,39.318],[-101.847,39.211],[-101.705,39.112],[-101.553,39.05],[-100.99,38.728],[-100.847,38.594],[-100.776,38.434],[-100.713,38.201],[-100.704,37.835],[-100.722,37.666],[-100.937,37.415],[-101.133,37.308],[-101.785,37.058],[-102.044,37.022],[-102.401,36.942],[-102.696,36.915],[-102.883,36.978],[-103.276,37.04],[-103.446,37.121],[-103.687,37.165],[-104.295,37.442],[-104.491,37.505],[-104.973,37.71],[-106.474,38.416],[-106.67,38.532],[-106.876,38.603],[-107.385,38.827],[-107.501,38.844],[-107.67,38.835],[-108.001,38.71],[-108.394,38.425],[-108.572,38.326],[-108.76,38.282],[-109.439,38.219],[-109.68,38.13],[-109.948,38.005],[-110.626,37.88],[-110.823,37.871],[-110.993,37.898],[-111.859,37.969],[-112.448,37.951],[-112.6,37.978],[-112.716,38.041],[-112.85,38.183],[-112.966,38.335],[-113.029,38.585],[-113.02,38.684],[-112.993,38.8],[-112.922,38.88],[-112.77,38.96],[-112.636,39.059],[-112.573,39.193],[-112.547,39.425],[-112.564,39.586],[-112.52,39.764],[-112.323,39.907],[-111.904,40.104],[-111.618,40.22],[-110.796,40.657],[-109.939,41.05]]]}},{"type":"Feature","properties":{"density":2},"geometry":{"type":"Polygon","coordinates":[[[-112.223,40.273],[-112.346,40.101],[-112.346,40.054],[-112.314,39.998],[-112.229,39.969],[-112.126,39.977],[-111.965,40.017],[-111.621,40.162],[-111.472,40.173],[-111.372,40.154],[-111.253,40.154],[-111.136,40.189],[-111.105,40.226],[-111.12,40.308],[-111.168,40.35],[-111.287,40.384],[-111.443,40.403],[-111.565,40.443],[-111.671,40.511],[-111.737,40.63],[-111.785,40.667],[-111.898,40.686],[-111.986,40.636],[-112.025,40.591],[-112.092,40.463],[-112.19,40.328],[-112.223,40.273]]]}},{"type":"Feature","properties":{"density":2},"geometry":{"type":"Polygon","coordinates":[[[-72.126,54.82],[-72.185,54.712],[-72.164,54.654],[-72.052,54.654],[-71.858,54.71],[-71.489,54.899],[-71.271,55.054],[-71.21,55.119],[-71.199,55.173],[-71.291,55.214],[-71.406,55.196],[-71.6,55.097],[-71.741,54.998],[-71.933,54.906],[-72.126,54.82]]]}},{"type":"Feature","properties":{"density":2},"geometry":{"type":"Polygon","coordinates":[[[-72.884,54.287],[-72.962,54.235],[-72.967,54.188],[-72.91,54.088],[-72.843,54.069],[-72.806,54.098],[-72.78,54.16],[-72.736,54.182],[-72.71,54.261],[-72.66,54.3],[-72.652,54.332],[-72.692,54.343],[-72.784,54.32],[-72.884,54.287]]]}},{"type":"Feature","properties":{"density":2},"geometry":{"type":"Polygon","coordinates":[[[-75.509,53.51],[-75.532,53.458],[-75.529,53.422],[-75.518,53.357],[-75.478,53.292],[-75.392,53.258],[-75.311,53.272],[-75.223,53.382],[-75.172,53.533],[-75.073,53.69],[-75.032,53.924],[-75.032,53.992],[-75.048,54.014],[-75.07,54.028],[-75.14,54.028],[-75.205,53.992],[-75.293,53.866],[-75.41,53.753],[-75.462,53.681],[-75.509,53.51]]]}},{"type":"Feature","properties":{"density":2},"geometry":{"type":"Polygon","coordinates":[[[-77.571,54.738],[-77.699,54.65],[-77.723,54.59],[-77.649,54.533],[-77.601,54.374],[-77.571,54.357],[-77.495,54.354],[-77.331,54.464],[-77.256,54.6],[-77.226,54.732],[-77.094,54.866],[-77.091,54.947],[-77.109,54.98],[-77.136,54.99],[-77.253,54.969],[-77.327,54.932],[-77.48,54.794],[-77.571,54.738]]]}},{"type":"Feature","properties":{"density":2},"geometry":{"type":"Polygon","coordinates":[[[-78.401,53.566],[-78.432,53.563],[-78.474,53.505],[-78.556,53.465],[-78.599,53.398],[-78.577,53.341],[-78.463,53.281],[-78.408,53.277],[-78.244,53.32],[-78.202,53.373],[-78.204,53.418],[-78.234,53.471],[-78.329,53.546],[-78.401,53.566]]]}},{"type":"Feature","properties":{"density":2},"geometry":{"type":"Polygon","coordinates":[[[-127.777,65.625],[-127.969,65.615],[-128.086,65.524],[-128.086,65.438],[-128.045,65.301],[-127.979,65.21],[-127.898,65.155],[-127.666,65.048],[-127.58,64.977],[-127.488,64.932],[-126.658,64.4],[-126.278,64.223],[-126.015,64.046],[-125.798,63.929],[-125.696,63.899],[-125.362,63.899],[-125.241,63.924],[-125.089,63.98],[-124.993,64.041],[-124.841,64.223],[-124.714,64.309],[-124.593,64.35],[-124.502,64.4],[-124.431,64.471],[-124.38,64.598],[-124.37,64.75],[-124.39,64.871],[-124.461,65.013],[-124.608,65.134],[-124.755,65.23],[-124.927,65.296],[-125.018,65.296],[-125.15,65.266],[-125.514,65.149],[-125.914,65.129],[-126.106,65.149],[-126.329,65.195],[-126.962,65.494],[-127.407,65.59],[-127.777,65.625]]]}},{"type":"Feature","properties":{"density":2},"geometry":{"type":"Polygon","coordinates":[[[-74.725,18.861],[-74.975,18.869],[-75.136,18.839],[-75.207,18.798],[-75.498,18.469],[-75.618,18.233],[-75.741,18.129],[-76.007,18.028],[-76.055,17.968],[-76.078,17.882],[-76.059,17.785],[-75.988,17.722],[-75.936,17.639],[-75.965,17.135],[-75.928,17.012],[-75.85,16.922],[-75.738,16.862],[-75.353,16.776],[-75.203,16.717],[-75.099,16.642],[-74.916,16.324],[-74.811,16.253],[-74.665,16.205],[-74.497,16.175],[-74.344,16.168],[-74.049,16.179],[-73.713,16.272],[-73.504,16.377],[-73.257,16.578],[-72.779,17.139],[-72.487,17.404],[-72.166,17.606],[-71.837,17.74],[-71.748,17.796],[-71.628,17.92],[-71.524,18.062],[-71.471,18.185],[-71.482,18.278],[-71.55,18.338],[-71.744,18.409],[-71.845,18.409],[-72.144,18.301],[-72.536,18.106],[-72.779,18.013],[-73.672,17.86],[-73.765,17.856],[-73.941,17.905],[-74.124,17.897],[-74.456,17.763],[-74.632,17.744],[-74.699,17.785],[-74.748,17.849],[-74.774,17.927],[-74.777,18.054],[-74.766,18.162],[-74.729,18.252],[-74.613,18.409],[-74.565,18.502],[-74.557,18.693],[-74.613,18.805],[-74.725,18.861]]]}},{"type":"Feature","properties":{"density":2},"geometry":{"type":"Polygon","coordinates":[[[-81.05,27.093],[-80.839,27.103],[-80.786,27.051],[-80.779,27.001],[-80.826,26.96],[-80.924,26.953],[-81.023,26.97],[-81.178,26.921],[-81.208,26.929],[-81.207,26.985],[-81.095,27.081],[-81.05,27.093]]]}},{"type":"Feature","properties":{"density":2},"geometry":{"type":"Polygon","coordinates":[[[-110.134,43.496],[-110.189,43.456],[-110.207,43.414],[-110.168,43.405],[-110.063,43.442],[-109.895,43.4],[-109.85,43.398],[-109.837,43.413],[-109.84,43.448],[-109.859,43.464],[-110.041,43.503],[-110.134,43.496]]]}},{"type":"Feature","properties":{"density":2},"geometry":{"type":"Polygon","coordinates":[[[-107.797,39.554],[-107.821,39.513],[-107.806,39.454],[-107.763,39.427],[-107.701,39.424],[-107.462,39.544],[-107.143,39.57],[-106.964,39.661],[-106.879,39.736],[-106.863,39.781],[-106.908,39.824],[-106.985,39.837],[-107.234,39.813],[-107.411,39.764],[-107.627,39.655],[-107.797,39.554]]]}},{"type":"Feature","properties":{"density":2},"geometry":{"type":"Polygon","coordinates":[[[-105.577,35.048],[-105.611,35.029],[-105.604,34.987],[-105.55,34.963],[-105.506,34.918],[-105.428,34.9],[-105.347,34.855],[-105.163,34.846],[-104.972,34.814],[-104.916,34.842],[-104.802,34.827],[-104.751,34.859],[-104.786,34.961],[-104.925,35.049],[-104.999,35.072],[-105.258,35.098],[-105.475,35.057],[-105.577,35.048]]]}},{"type":"Feature","properties":{"density":2},"geometry":{"type":"Polygon","coordinates":[[[-111.462,35.188],[-111.399,35.183],[-111.265,35.211],[-111.199,35.175],[-111.077,35.162],[-110.998,35.204],[-110.968,35.205],[-110.943,35.196],[-110.925,35.139],[-110.929,35.108],[-110.999,35.07],[-111.205,35.08],[-111.499,34.972],[-111.631,34.987],[-111.77,34.934],[-111.815,34.933],[-111.832,34.947],[-111.831,35.051],[-111.8,35.102],[-111.695,35.156],[-111.579,35.179],[-111.462,35.188]]]}},{"type":"Feature","properties":{"density":2},"geometry":{"type":"Polygon","coordinates":[[[-121.224,38.55],[-121.263,38.541],[-121.285,38.496],[-121.279,38.479],[-121.213,38.5],[-121.201,38.541],[-121.224,38.55]]]}},{"type":"Feature","properties":{"density":2},"geometry":{"type":"Polygon","coordinates":[[[-114.312,37.561],[-114.365,37.497],[-114.362,37.418],[-114.331,37.381],[-114.021,37.307],[-113.841,37.312],[-113.539,37.421],[-113.433,37.482],[-113.264,37.55],[-113.06,37.582],[-112.83,37.585],[-112.55,37.68],[-112.288,37.722],[-112.243,37.743],[-112.208,37.786],[-112.211,37.841],[-112.235,37.892],[-112.277,37.923],[-112.494,37.958],[-112.632,38.019],[-112.698,38.122],[-112.767,38.331],[-112.92,38.442],[-113.0,38.453],[-113.111,38.429],[-113.256,38.349],[-113.801,37.889],[-114.055,37.699],[-114.18,37.632],[-114.312,37.561]]]}},{"type":"Feature","properties":{"density":2},"geometry":{"type":"Polygon","coordinates":[[[-112.328,38.656],[-112.447,38.656],[-112.59,38.591],[-112.632,38.519],[-112.638,38.454],[-112.632,38.394],[-112.525,38.132],[-112.429,38.013],[-112.292,37.972],[-111.739,37.912],[-111.137,37.805],[-110.899,37.799],[-110.703,37.817],[-110.465,37.876],[-109.994,37.96],[-109.81,37.942],[-109.655,37.876],[-109.494,37.841],[-109.101,37.835],[-108.541,37.918],[-107.928,38.073],[-107.666,38.204],[-107.488,38.329],[-107.226,38.448],[-106.731,38.519],[-106.618,38.555],[-106.213,38.77],[-105.965,38.828],[-105.893,38.828],[-105.742,38.953],[-105.67,39.096],[-105.634,39.256],[-105.634,39.372],[-105.715,39.506],[-105.938,39.721],[-106.197,39.774],[-106.349,39.774],[-106.786,39.881],[-106.831,39.926],[-107.045,39.962],[-107.26,39.971],[-107.626,39.855],[-107.76,39.792],[-107.903,39.747],[-108.269,39.721],[-108.492,39.765],[-109.082,40.015],[-109.225,40.033],[-109.501,39.953],[-109.805,39.765],[-110.216,39.587],[-110.77,39.381],[-111.341,39.113],[-111.511,39.015],[-111.922,38.837],[-112.328,38.656]]]}},{"type":"Feature","properties":{"density":2},"geometry":{"type":"Polygon","coordinates":[[[-112.201,40.254],[-112.347,40.146],[-112.371,40.043],[-112.359,39.996],[-112.153,39.888],[-111.935,39.876],[-111.645,39.801],[-111.482,39.71],[-111.307,39.535],[-111.026,39.436],[-110.768,39.428],[-110.359,39.539],[-110.121,39.666],[-110.041,39.738],[-109.994,39.825],[-109.998,40.035],[-110.065,40.154],[-110.232,40.341],[-110.803,40.5],[-110.922,40.567],[-111.256,40.813],[-111.558,40.916],[-111.677,40.936],[-111.784,40.932],[-112.07,40.853],[-112.133,40.809],[-112.185,40.738],[-112.197,40.643],[-112.173,40.456],[-112.185,40.317],[-112.201,40.254]]]}},{"type":"Feature","properties":{"density":2},"geometry":{"type":"Polygon","coordinates":[[[-110.654,40.576],[-110.908,40.401],[-111.149,40.267],[-111.27,40.133],[-111.31,39.973],[-111.243,39.772],[-110.868,39.557],[-110.68,39.49],[-110.426,39.45],[-110.158,39.437],[-109.555,39.557],[-108.966,39.598],[-108.376,39.504],[-108.122,39.504],[-107.787,39.557],[-107.479,39.638],[-106.903,39.758],[-106.782,39.799],[-106.34,39.866],[-106.085,39.866],[-105.804,39.812],[-105.429,39.678],[-104.719,39.209],[-104.451,38.941],[-104.049,38.352],[-103.955,38.151],[-103.768,37.896],[-103.513,37.642],[-103.192,37.494],[-102.442,37.36],[-102.053,37.186],[-101.718,36.972],[-101.424,36.758],[-101.182,36.557],[-100.981,36.342],[-100.7,36.101],[-100.338,35.954],[-99.896,35.833],[-98.838,35.646],[-98.731,35.646],[-98.637,35.753],[-98.517,35.806],[-98.409,35.9],[-98.316,36.021],[-97.9,36.463],[-97.686,36.65],[-97.539,36.865],[-97.472,37.052],[-97.391,37.548],[-97.284,37.856],[-97.123,38.151],[-96.721,38.794],[-96.212,39.236],[-95.985,39.37],[-95.824,39.557],[-95.757,39.772],[-95.797,40.053],[-95.958,40.267],[-96.226,40.71],[-96.44,40.857],[-96.721,41.004],[-97.003,41.071],[-97.311,40.964],[-97.552,40.763],[-97.713,40.576],[-97.927,39.611],[-98.061,39.303],[-98.275,39.022],[-98.557,38.928],[-99.119,38.928],[-99.307,38.995],[-99.736,39.263],[-99.856,39.678],[-100.392,40.884],[-100.539,41.125],[-101.102,41.58],[-101.383,41.701],[-102.0,42.036],[-102.348,42.17],[-103.111,42.384],[-103.473,42.438],[-104.156,42.451],[-104.438,42.411],[-104.799,42.317],[-105.55,42.197],[-106.527,42.17],[-107.278,42.384],[-107.599,42.491],[-107.867,42.558],[-108.51,42.531],[-109.1,42.304],[-109.394,42.103],[-109.756,41.58],[-109.944,41.339],[-110.198,41.111],[-110.654,40.576]]]}},{"type":"Feature","properties":{"density":2},"geometry":{"type":"Polygon","coordinates":[[[-72.795,54.387],[-72.846,54.35],[-72.867,54.281],[-72.853,54.241],[-72.811,54.215],[-72.753,54.212],[-72.621,54.252],[-72.353,54.403],[-72.242,54.445],[-72.147,54.443],[-72.012,54.371],[-71.851,54.366],[-71.787,54.411],[-71.784,54.488],[-71.811,54.636],[-71.779,54.718],[-71.753,54.749],[-71.491,54.877],[-71.35,54.977],[-71.192,55.112],[-71.173,55.146],[-71.181,55.194],[-71.226,55.228],[-71.274,55.236],[-71.403,55.221],[-71.56,55.16],[-72.033,55.067],[-72.176,54.988],[-72.446,54.794],[-72.687,54.562],[-72.795,54.387]]]}},{"type":"Feature","properties":{"density":2},"geometry":{"type":"Polygon","coordinates":[[[-72.857,54.003],[-72.962,53.956],[-73.009,53.906],[-73.015,53.859],[-72.991,53.823],[-72.943,53.806],[-72.759,53.844],[-72.658,53.914],[-72.58,53.992],[-72.408,54.071],[-72.385,54.098],[-72.449,54.113],[-72.696,54.053],[-72.857,54.003]]]}},{"type":"Feature","properties":{"density":2},"geometry":{"type":"Polygon","coordinates":[[[-72.848,54.345],[-73.023,54.255],[-73.228,54.205],[-73.362,54.1],[-73.402,54.036],[-73.414,53.983],[-73.376,53.918],[-73.386,53.817],[-73.335,53.746],[-73.287,53.731],[-73.145,53.748],[-73.058,53.799],[-72.971,54.006],[-72.934,54.045],[-72.827,54.099],[-72.646,54.304],[-72.651,54.338],[-72.673,54.353],[-72.745,54.364],[-72.848,54.345]]]}},{"type":"Feature","properties":{"density":2},"geometry":{"type":"Polygon","coordinates":[[[-75.139,54.043],[-75.229,54.031],[-75.306,53.987],[-75.612,53.722],[-75.818,53.575],[-75.88,53.504],[-75.893,53.405],[-75.857,53.254],[-75.837,53.212],[-75.764,53.163],[-75.701,53.036],[-75.655,52.991],[-75.562,52.967],[-75.516,52.972],[-75.43,52.998],[-75.39,53.032],[-75.37,53.118],[-75.39,53.381],[-75.237,53.709],[-75.088,53.86],[-75.062,53.906],[-75.055,53.946],[-75.09,54.014],[-75.139,54.043]]]}},{"type":"Feature","properties":{"density":2},"geometry":{"type":"Polygon","coordinates":[[[-78.391,53.587],[-78.484,53.59],[-78.585,53.539],[-78.641,53.459],[-78.713,53.133],[-78.798,53.157],[-78.975,53.368],[-79.017,53.368],[-79.048,53.344],[-79.068,53.27],[-79.063,53.182],[-78.977,53.079],[-78.69,52.921],[-78.53,52.898],[-78.432,52.918],[-78.316,52.994],[-78.295,53.114],[-78.195,53.266],[-78.195,53.434],[-78.271,53.548],[-78.391,53.587]]]}},{"type":"Feature","properties":{"density":2},"geometry":{"type":"Polygon","coordinates":[[[-102.005,55.33],[-102.239,55.393],[-102.725,55.405],[-102.832,55.366],[-102.954,55.26],[-103.205,55.147],[-103.25,55.104],[-103.26,55.046],[-103.22,54.975],[-103.104,54.936],[-103.051,54.938],[-102.802,55.021],[-102.745,55.051],[-102.631,55.149],[-102.523,55.189],[-102.377,55.182],[-102.071,55.222],[-101.997,55.205],[-101.935,55.21],[-101.917,55.254],[-101.932,55.302],[-102.005,55.33]]]}},{"type":"Feature","properties":{"density":2},"geometry":{"type":"Polygon","coordinates":[[[-102.617,57.566],[-102.682,57.519],[-102.682,57.46],[-102.606,57.448],[-102.499,57.496],[-102.38,57.48],[-102.33,57.498],[-102.348,57.568],[-102.416,57.604],[-102.357,57.724],[-102.382,57.792],[-102.438,57.793],[-102.463,57.777],[-102.483,57.727],[-102.483,57.662],[-102.557,57.604],[-102.617,57.566]]]}},{"type":"Feature","properties":{"density":2},"geometry":{"type":"Polygon","coordinates":[[[-126.459,66.606],[-126.616,66.684],[-126.896,66.746],[-126.991,66.712],[-127.064,66.662],[-127.193,66.539],[-127.344,66.494],[-127.462,66.415],[-127.49,66.342],[-127.484,66.281],[-127.451,66.23],[-127.378,66.174],[-127.288,66.146],[-127.182,66.146],[-127.003,66.186],[-126.795,66.202],[-126.582,66.141],[-126.465,66.13],[-126.375,66.141],[-126.319,66.214],[-126.319,66.275],[-126.358,66.443],[-126.459,66.606]]]}},{"type":"Feature","properties":{"density":2},"geometry":{"type":"Polygon","coordinates":[[[-77.185,54.525],[-77.321,54.446],[-77.345,54.415],[-77.361,54.344],[-77.335,54.248],[-77.28,54.192],[-77.234,54.106],[-77.204,54.09],[-77.086,54.111],[-76.979,54.097],[-76.924,54.111],[-76.833,54.162],[-76.777,54.334],[-76.724,54.434],[-76.571,54.643],[-76.427,54.733],[-76.418,54.784],[-76.469,54.803],[-76.586,54.794],[-76.952,54.631],[-77.185,54.525]]]}},{"type":"Feature","properties":{"density":2},"geometry":{"type":"Polygon","coordinates":[[[-77.196,55.016],[-77.745,54.992],[-77.892,54.964],[-78.116,54.874],[-78.415,54.701],[-78.474,54.64],[-78.5,54.573],[-78.513,54.446],[-78.556,54.387],[-78.721,54.256],[-78.783,54.163],[-78.801,54.06],[-78.77,53.96],[-78.729,53.895],[-78.505,53.815],[-78.402,53.725],[-78.332,53.687],[-78.25,53.674],[-77.977,53.697],[-77.735,53.648],[-77.608,53.666],[-77.503,53.705],[-77.469,53.733],[-77.451,53.836],[-77.503,53.923],[-77.627,54.003],[-77.66,54.063],[-77.66,54.153],[-77.632,54.281],[-77.575,54.405],[-77.366,54.506],[-77.287,54.593],[-77.235,54.691],[-77.07,54.84],[-77.052,54.923],[-77.093,54.985],[-77.196,55.016]]]}},{"type":"Feature","properties":{"density":3},"geometry":{"type":"Polygon","coordinates":[[[-127.2,64.979],[-127.093,64.824],[-126.626,64.499],[-126.364,64.379],[-126.093,64.329],[-125.888,64.332],[-125.755,64.386],[-125.667,64.458],[-125.629,64.553],[-125.62,64.625],[-125.632,64.701],[-125.667,64.758],[-125.727,64.808],[-125.866,64.884],[-125.986,64.919],[-126.181,64.969],[-126.68,65.051],[-127.153,65.089],[-127.2,65.067],[-127.219,65.029],[-127.213,65.01],[-127.2,64.979]]]}},{"type":"Feature","properties":{"density":3},"geometry":{"type":"Polygon","coordinates":[[[-112.438,38.242],[-112.221,38.289],[-111.914,38.297],[-111.414,38.192],[-111.248,38.181],[-111.134,38.196],[-111.048,38.23],[-111.021,38.272],[-111.021,38.31],[-111.037,38.337],[-111.134,38.39],[-111.159,38.421],[-111.183,38.472],[-111.183,38.549],[-111.098,38.688],[-111.002,38.8],[-110.897,38.884],[-110.693,39.004],[-110.526,39.035],[-110.299,39.046],[-110.078,39.029],[-109.523,38.949],[-109.281,38.877],[-108.979,38.823],[-108.594,38.8],[-107.856,38.713],[-107.504,38.627],[-107.332,38.545],[-107.187,38.457],[-107.075,38.364],[-106.937,38.293],[-106.785,38.251],[-106.102,38.127],[-105.662,38.083],[-105.561,38.097],[-105.467,38.175],[-105.443,38.28],[-105.443,38.373],[-105.477,38.455],[-105.559,38.533],[-105.631,38.594],[-105.833,38.716],[-106.116,38.867],[-106.726,39.134],[-106.855,39.216],[-106.97,39.325],[-107.401,39.664],[-107.839,39.929],[-107.98,40.082],[-108.157,40.214],[-108.538,40.372],[-108.93,40.49],[-109.263,40.539],[-109.609,40.547],[-109.736,40.543],[-110.099,40.477],[-110.224,40.431],[-110.504,40.263],[-111.034,40.092],[-112.095,39.431],[-112.192,39.381],[-112.44,39.318],[-112.638,39.235],[-112.701,39.142],[-112.704,39.054],[-112.683,38.984],[-112.601,38.873],[-112.408,38.718],[-112.327,38.625],[-112.28,38.531],[-112.279,38.434],[-112.301,38.391],[-112.352,38.355],[-112.468,38.321],[-112.555,38.272],[-112.541,38.237],[-112.472,38.234],[-112.438,38.242]]]}},{"type":"Feature","properties":{"density":3},"geometry":{"type":"Polygon","coordinates":[[[-71.675,18.196],[-71.61,18.206],[-71.601,18.183],[-71.651,18.158],[-71.714,18.153],[-71.837,18.06],[-71.973,18.012],[-72.123,17.983],[-72.476,17.954],[-72.81,17.884],[-72.865,17.885],[-72.887,17.92],[-72.88,17.96],[-72.805,18.022],[-72.598,18.023],[-72.383,18.07],[-72.217,18.066],[-72.111,18.098],[-71.844,18.141],[-71.744,18.178],[-71.675,18.196]]]}},{"type":"Feature","properties":{"density":3},"geometry":{"type":"Polygon","coordinates":[[[-114.697,37.433],[-114.729,37.412],[-114.712,37.375],[-114.66,37.389],[-114.574,37.447],[-114.488,37.468],[-114.468,37.478],[-114.466,37.498],[-114.486,37.515],[-114.511,37.51],[-114.611,37.467],[-114.697,37.433]]]}},{"type":"Feature","properties":{"density":3},"geometry":{"type":"Polygon","coordinates":[[[-114.177,37.523],[-114.262,37.482],[-114.277,37.452],[-114.25,37.41],[-114.197,37.419],[-114.093,37.48],[-114.089,37.508],[-114.131,37.526],[-114.177,37.523]]]}},{"type":"Feature","properties":{"density":3},"geometry":{"type":"Polygon","coordinates":[[[-111.721,35.055],[-111.763,35.038],[-111.788,34.951],[-111.77,34.949],[-111.698,34.999],[-111.689,35.028],[-111.706,35.048],[-111.721,35.055]]]}},{"type":"Feature","properties":{"density":3},"geometry":{"type":"Polygon","coordinates":[[[-112.461,38.373],[-112.553,38.335],[-112.569,38.291],[-112.558,38.248],[-112.476,38.24],[-112.249,38.312],[-112.043,38.327],[-111.873,38.315],[-111.801,38.291],[-111.724,38.219],[-111.672,38.206],[-111.422,38.209],[-111.35,38.188],[-111.204,38.075],[-111.1,38.054],[-111.003,38.06],[-110.848,38.147],[-110.773,38.163],[-110.395,38.191],[-110.256,38.258],[-110.217,38.307],[-110.148,38.343],[-109.838,38.34],[-109.779,38.353],[-109.756,38.374],[-109.753,38.412],[-109.774,38.49],[-109.818,38.531],[-109.939,38.585],[-110.065,38.781],[-110.119,38.832],[-110.191,38.871],[-110.395,38.897],[-110.699,38.819],[-110.951,38.799],[-111.044,38.814],[-111.17,38.866],[-111.245,38.951],[-111.247,38.997],[-111.148,39.195],[-111.055,39.28],[-110.955,39.342],[-110.53,39.485],[-110.132,39.574],[-109.838,39.659],[-109.549,39.678],[-109.394,39.678],[-109.271,39.659],[-109.147,39.713],[-108.985,39.732],[-108.915,39.717],[-108.842,39.671],[-108.764,39.613],[-108.699,39.535],[-108.478,39.436],[-108.165,39.407],[-108.002,39.349],[-107.857,39.175],[-107.794,39.129],[-107.545,39.082],[-107.382,39.024],[-107.278,38.984],[-107.081,38.862],[-106.977,38.816],[-106.397,38.607],[-106.183,38.497],[-105.876,38.306],[-105.69,38.149],[-105.522,37.97],[-105.441,37.918],[-105.366,37.877],[-104.776,37.666],[-104.598,37.631],[-104.208,37.6],[-104.158,37.6],[-104.104,37.623],[-104.046,37.689],[-104.011,37.82],[-104.034,37.967],[-104.015,38.021],[-103.91,38.072],[-103.771,38.052],[-103.559,37.967],[-103.319,37.909],[-103.184,37.921],[-103.153,37.994],[-103.157,38.087],[-103.242,38.222],[-103.327,38.284],[-103.682,38.454],[-103.906,38.527],[-104.123,38.624],[-104.219,38.647],[-105.011,38.721],[-105.131,38.763],[-105.208,38.817],[-105.266,38.887],[-105.351,39.037],[-105.44,39.149],[-105.657,39.25],[-105.761,39.358],[-105.908,39.648],[-106.093,39.883],[-106.182,39.934],[-106.406,40.015],[-106.499,40.065],[-106.565,40.123],[-106.65,40.227],[-106.792,40.478],[-106.951,40.664],[-107.152,40.799],[-107.445,40.927],[-107.519,40.95],[-107.766,40.981],[-108.187,40.923],[-108.5,40.938],[-108.956,40.884],[-109.458,40.726],[-109.655,40.56],[-109.802,40.463],[-110.007,40.405],[-110.231,40.374],[-110.501,40.312],[-110.594,40.281],[-110.83,40.162],[-110.969,40.065],[-111.092,39.934],[-111.309,39.768],[-111.498,39.675],[-111.803,39.563],[-112.147,39.509],[-112.24,39.47],[-112.402,39.466],[-112.464,39.439],[-112.506,39.404],[-112.537,39.319],[-112.537,39.238],[-112.503,39.2],[-112.255,39.099],[-111.962,39.018],[-111.869,38.937],[-111.826,38.817],[-111.838,38.663],[-111.896,38.593],[-111.981,38.543],[-112.336,38.415],[-112.461,38.373]]]}},{"type":"Feature","properties":{"density":3},"geometry":{"type":"Polygon","coordinates":[[[-77.112,54.958],[-77.185,54.943],[-77.258,54.89],[-77.31,54.818],[-77.303,54.792],[-77.25,54.791],[-77.189,54.859],[-77.064,54.894],[-77.054,54.92],[-77.082,54.955],[-77.112,54.958]]]}},{"type":"Feature","properties":{"density":3},"geometry":{"type":"Polygon","coordinates":[[[-75.097,53.93],[-75.084,53.95],[-75.09,53.985],[-75.137,53.978],[-75.241,53.847],[-75.354,53.78],[-75.386,53.734],[-75.382,53.702],[-75.329,53.689],[-75.253,53.726],[-75.117,53.855],[-75.097,53.93]]]}},{"type":"Feature","properties":{"density":3},"geometry":{"type":"Polygon","coordinates":[[[-122.991,63.727],[-123.058,63.735],[-123.096,63.722],[-123.159,63.661],[-123.157,63.602],[-123.134,63.601],[-123.076,63.637],[-122.972,63.637],[-122.955,63.651],[-122.967,63.709],[-122.991,63.727]]]}},{"type":"Feature","properties":{"density":3},"geometry":{"type":"Polygon","coordinates":[[[-127.293,65.429],[-127.374,65.443],[-127.479,65.416],[-127.545,65.346],[-127.548,65.255],[-127.499,65.182],[-127.281,65.056],[-127.192,64.881],[-127.114,64.838],[-126.931,64.78],[-126.793,64.672],[-126.443,64.565],[-126.152,64.349],[-126.03,64.281],[-125.88,64.242],[-125.671,64.227],[-125.499,64.324],[-125.429,64.344],[-125.312,64.341],[-125.123,64.388],[-124.979,64.525],[-124.705,64.675],[-124.63,64.782],[-124.643,64.931],[-124.68,65.004],[-124.725,65.063],[-124.787,65.078],[-124.971,65.041],[-125.305,64.829],[-125.392,64.804],[-125.659,64.792],[-126.03,64.804],[-126.286,64.839],[-126.458,64.886],[-126.749,65.004],[-126.844,65.051],[-126.911,65.106],[-127.293,65.429]]]}},{"type":"Feature","properties":{"density":3},"geometry":{"type":"Polygon","coordinates":[[[-73.428,17.892],[-73.475,17.867],[-73.482,17.839],[-73.462,17.804],[-73.308,17.735],[-73.22,17.72],[-73.131,17.74],[-72.917,17.735],[-72.862,17.677],[-72.847,17.625],[-72.845,17.498],[-72.812,17.468],[-72.772,17.466],[-72.616,17.501],[-72.409,17.578],[-72.327,17.635],[-72.192,17.787],[-71.993,17.894],[-71.736,18.096],[-71.6,18.143],[-71.586,18.182],[-71.606,18.198],[-71.669,18.193],[-72.117,17.933],[-72.205,17.913],[-72.457,17.896],[-72.719,17.83],[-73.056,17.83],[-73.342,17.908],[-73.428,17.892]]]}},{"type":"Feature","properties":{"density":3},"geometry":{"type":"Polygon","coordinates":[[[-111.745,35.061],[-111.8,35.009],[-111.8,34.973],[-111.73,35.007],[-111.731,35.042],[-111.745,35.061]]]}},{"type":"Feature","properties":{"density":3},"geometry":{"type":"Polygon","coordinates":[[[-114.285,37.502],[-114.309,37.464],[-114.302,37.424],[-114.239,37.406],[-114.158,37.447],[-114.053,37.457],[-113.888,37.51],[-113.808,37.524],[-113.67,37.517],[-113.526,37.588],[-113.509,37.61],[-113.514,37.636],[-113.574,37.673],[-113.72,37.68],[-113.835,37.632],[-114.194,37.553],[-114.285,37.502]]]}},{"type":"Feature","properties":{"density":3},"geometry":{"type":"Polygon","coordinates":[[[-114.726,37.427],[-114.745,37.404],[-114.712,37.388],[-114.532,37.45],[-114.454,37.49],[-114.371,37.566],[-114.228,37.624],[-114.218,37.658],[-114.244,37.677],[-114.293,37.68],[-114.418,37.59],[-114.664,37.468],[-114.726,37.427]]]}},{"type":"Feature","properties":{"density":3},"geometry":{"type":"Polygon","coordinates":[[[-111.622,38.819],[-111.694,38.74],[-111.769,38.7],[-111.92,38.644],[-112.095,38.613],[-112.269,38.525],[-112.515,38.434],[-112.579,38.335],[-112.563,38.247],[-112.515,38.2],[-112.464,38.18],[-112.4,38.18],[-112.17,38.244],[-111.793,38.236],[-111.658,38.267],[-111.487,38.279],[-111.352,38.267],[-111.233,38.232],[-110.809,38.216],[-110.63,38.176],[-110.396,38.2],[-110.146,38.093],[-109.991,38.101],[-109.844,38.14],[-109.713,38.216],[-109.642,38.343],[-109.546,38.438],[-109.209,38.513],[-109.007,38.664],[-108.697,38.783],[-108.653,38.823],[-108.633,38.938],[-108.645,38.974],[-108.705,39.01],[-108.792,39.029],[-109.05,38.978],[-109.225,38.986],[-109.499,39.025],[-109.733,39.018],[-109.912,39.097],[-109.963,39.156],[-109.987,39.232],[-109.979,39.331],[-109.943,39.379],[-109.665,39.47],[-109.554,39.593],[-109.491,39.637],[-109.177,39.752],[-108.964,39.855],[-108.507,40.125],[-108.364,40.188],[-108.198,40.208],[-107.817,40.2],[-107.71,40.165],[-107.62,40.105],[-107.448,39.921],[-107.37,39.885],[-107.108,39.831],[-106.953,39.778],[-106.834,39.718],[-106.602,39.528],[-106.066,39.355],[-105.65,38.843],[-105.56,38.765],[-105.495,38.742],[-105.399,38.67],[-105.203,38.456],[-104.864,38.2],[-104.637,38.069],[-103.792,37.771],[-103.22,37.652],[-103.012,37.569],[-102.375,37.122],[-102.268,37.122],[-102.184,37.182],[-102.137,37.277],[-102.131,37.366],[-102.172,37.473],[-102.333,37.741],[-102.44,37.819],[-102.506,37.914],[-102.536,38.307],[-102.613,38.509],[-102.768,38.694],[-102.851,38.765],[-103.155,38.932],[-103.429,39.039],[-103.601,39.152],[-103.715,39.26],[-104.0,39.653],[-104.31,40.236],[-104.322,40.456],[-104.358,40.653],[-104.465,40.897],[-104.709,41.093],[-104.834,41.153],[-104.923,41.189],[-105.304,41.254],[-105.715,41.421],[-105.983,41.564],[-106.191,41.605],[-106.495,41.641],[-106.715,41.617],[-106.989,41.486],[-107.096,41.338],[-107.18,41.26],[-107.323,41.213],[-107.477,41.189],[-107.602,41.189],[-107.829,41.147],[-108.335,41.153],[-108.573,41.111],[-108.787,40.903],[-108.888,40.736],[-109.061,40.611],[-109.323,40.468],[-109.454,40.427],[-109.74,40.29],[-109.948,40.236],[-110.043,40.183],[-110.615,40.075],[-110.716,40.034],[-110.859,40.004],[-111.318,39.938],[-111.859,39.736],[-112.098,39.694],[-112.27,39.605],[-112.288,39.551],[-112.246,39.45],[-112.187,39.397],[-111.722,39.224],[-111.669,39.176],[-111.645,39.129],[-111.645,39.039],[-111.622,38.819]]]}},{"type":"Feature","properties":{"density":3},"geometry":{"type":"Polygon","coordinates":[[[-112.248,40.141],[-112.293,40.085],[-112.301,40.048],[-112.287,40.011],[-112.166,39.99],[-112.073,40.014],[-111.954,40.085],[-111.819,40.117],[-111.613,40.197],[-111.56,40.21],[-111.351,40.194],[-111.3,40.202],[-111.266,40.236],[-111.271,40.271],[-111.314,40.321],[-111.369,40.345],[-111.764,40.316],[-111.824,40.324],[-111.994,40.271],[-112.248,40.141]]]}},{"type":"Feature","properties":{"density":3},"geometry":{"type":"Polygon","coordinates":[[[-72.034,54.804],[-72.081,54.75],[-72.061,54.719],[-71.96,54.73],[-71.863,54.762],[-71.728,54.843],[-71.584,54.906],[-71.395,55.041],[-71.33,55.07],[-71.264,55.119],[-71.264,55.173],[-71.343,55.167],[-71.624,54.998],[-71.816,54.921],[-72.034,54.804]]]}},{"type":"Feature","properties":{"density":3},"geometry":{"type":"Polygon","coordinates":[[[-72.824,54.28],[-72.844,54.232],[-72.809,54.209],[-72.78,54.218],[-72.739,54.277],[-72.677,54.296],[-72.662,54.318],[-72.688,54.334],[-72.765,54.311],[-72.824,54.28]]]}},{"type":"Feature","properties":{"density":3},"geometry":{"type":"Polygon","coordinates":[[[-75.185,53.951],[-75.212,53.929],[-75.282,53.76],[-75.379,53.638],[-75.408,53.566],[-75.419,53.429],[-75.37,53.373],[-75.28,53.382],[-75.235,53.42],[-75.212,53.463],[-75.147,53.753],[-75.048,53.904],[-75.043,53.951],[-75.057,53.983],[-75.102,53.996],[-75.133,53.978],[-75.185,53.951]]]}},{"type":"Feature","properties":{"density":3},"geometry":{"type":"Polygon","coordinates":[[[-77.523,54.729],[-77.582,54.677],[-77.595,54.621],[-77.549,54.57],[-77.522,54.459],[-77.466,54.437],[-77.412,54.447],[-77.36,54.492],[-77.322,54.567],[-77.276,54.609],[-77.232,54.821],[-77.148,54.93],[-77.18,54.957],[-77.246,54.941],[-77.348,54.884],[-77.426,54.815],[-77.523,54.729]]]}},{"type":"Feature","properties":{"density":3},"geometry":{"type":"Polygon","coordinates":[[[-127.208,65.109],[-127.274,65.147],[-127.305,65.143],[-127.312,65.109],[-127.251,65.035],[-127.107,64.913],[-126.977,64.884],[-126.83,64.825],[-126.725,64.816],[-126.56,64.922],[-126.614,64.99],[-126.794,64.999],[-127.069,65.055],[-127.208,65.109]]]}},{"type":"Feature","properties":{"density":3},"geometry":{"type":"Polygon","coordinates":[[[-74.664,18.662],[-74.762,18.711],[-74.918,18.73],[-75.001,18.718],[-75.169,18.625],[-75.232,18.505],[-75.247,18.154],[-75.27,18.098],[-75.404,17.964],[-75.703,17.713],[-75.755,17.639],[-75.778,17.392],[-75.71,17.235],[-75.662,17.168],[-75.505,17.052],[-75.296,17.007],[-75.109,17.0],[-74.881,16.959],[-74.754,16.955],[-74.676,16.918],[-74.601,16.802],[-74.579,16.738],[-74.552,16.63],[-74.541,16.458],[-74.508,16.395],[-74.437,16.354],[-74.351,16.35],[-74.082,16.406],[-73.91,16.481],[-73.525,16.716],[-73.293,16.865],[-73.166,17.011],[-73.069,17.078],[-72.61,17.347],[-72.049,17.814],[-71.706,18.076],[-71.597,18.139],[-71.58,18.17],[-71.585,18.207],[-71.708,18.217],[-71.975,18.028],[-72.181,17.963],[-72.473,17.808],[-72.891,17.622],[-73.006,17.589],[-73.352,17.579],[-73.935,17.691],[-74.099,17.784],[-74.184,17.848],[-74.288,17.968],[-74.42,18.172],[-74.51,18.416],[-74.664,18.662]]]}},{"type":"Feature","properties":{"density":3},"geometry":{"type":"Polygon","coordinates":[[[-107.762,39.542],[-107.772,39.495],[-107.746,39.478],[-107.715,39.481],[-107.56,39.614],[-107.486,39.641],[-107.392,39.649],[-107.37,39.667],[-107.402,39.697],[-107.473,39.701],[-107.582,39.659],[-107.685,39.586],[-107.762,39.542]]]}},{"type":"Feature","properties":{"density":3},"geometry":{"type":"Polygon","coordinates":[[[-105.578,35.037],[-105.598,35.034],[-105.602,35.004],[-105.497,34.948],[-105.367,34.912],[-105.299,34.875],[-105.225,34.876],[-105.138,34.918],[-105.137,34.963],[-105.171,35.008],[-105.399,35.009],[-105.511,35.026],[-105.578,35.037]]]}},{"type":"Feature","properties":{"density":3},"geometry":{"type":"Polygon","coordinates":[[[-111.441,35.115],[-111.494,35.129],[-111.561,35.096],[-111.766,35.051],[-111.805,35.025],[-111.814,34.981],[-111.779,34.965],[-111.67,35.016],[-111.573,34.99],[-111.474,34.987],[-111.414,35.025],[-111.418,35.088],[-111.441,35.115]]]}},{"type":"Feature","properties":{"density":3},"geometry":{"type":"Polygon","coordinates":[[[-114.283,37.521],[-114.323,37.495],[-114.333,37.463],[-114.333,37.402],[-114.312,37.384],[-114.166,37.392],[-114.021,37.336],[-113.881,37.328],[-113.767,37.381],[-113.553,37.534],[-113.423,37.55],[-113.248,37.654],[-113.105,37.693],[-112.981,37.773],[-112.843,37.833],[-112.809,37.884],[-112.806,37.95],[-112.835,38.0],[-112.873,38.005],[-112.978,37.963],[-113.269,38.019],[-113.5,37.908],[-113.661,37.857],[-113.825,37.783],[-114.19,37.593],[-114.283,37.521]]]}},{"type":"Feature","properties":{"density":3},"geometry":{"type":"Polygon","coordinates":[[[-112.197,40.146],[-112.24,40.123],[-112.26,40.055],[-112.232,40.011],[-112.125,39.988],[-111.796,39.976],[-111.724,39.96],[-111.581,39.904],[-111.22,39.666],[-110.831,39.511],[-110.744,39.523],[-110.605,39.595],[-110.49,39.678],[-110.339,39.734],[-110.188,39.841],[-110.168,39.908],[-110.172,40.027],[-110.204,40.127],[-110.275,40.194],[-110.387,40.246],[-110.609,40.273],[-110.994,40.365],[-111.272,40.385],[-111.482,40.353],[-111.764,40.258],[-112.197,40.146]]]}},{"type":"Feature","properties":{"density":3},"geometry":{"type":"Polygon","coordinates":[[[-110.305,40.08],[-110.546,40.062],[-110.636,40.017],[-110.698,39.928],[-110.707,39.848],[-110.636,39.696],[-110.475,39.598],[-110.296,39.553],[-110.082,39.544],[-109.787,39.615],[-109.457,39.741],[-108.983,39.803],[-108.716,39.794],[-108.537,39.839],[-108.358,39.91],[-107.653,40.089],[-107.26,40.214],[-107.09,40.232],[-106.894,40.303],[-106.224,40.473],[-106.001,40.562],[-105.465,40.678],[-104.581,40.741],[-104.143,40.732],[-103.607,40.625],[-103.348,40.455],[-103.205,40.33],[-103.0,40.25],[-102.777,40.187],[-102.41,40.125],[-102.348,40.044],[-102.259,39.812],[-102.232,39.615],[-102.232,39.446],[-102.285,39.357],[-102.357,39.303],[-102.526,39.231],[-102.598,39.16],[-102.812,39.044],[-102.803,38.91],[-102.687,38.767],[-102.544,38.678],[-102.348,38.588],[-102.16,38.553],[-101.642,38.41],[-101.249,38.178],[-100.99,37.954],[-100.794,37.624],[-100.419,37.186],[-100.338,37.124],[-100.231,37.07],[-100.088,37.052],[-99.785,37.124],[-99.695,37.177],[-99.624,37.249],[-99.615,37.642],[-99.901,38.017],[-100.437,38.276],[-100.615,38.401],[-100.74,38.508],[-100.856,38.713],[-100.883,38.821],[-100.892,39.473],[-100.928,39.633],[-101.106,40.098],[-101.276,40.428],[-101.392,40.58],[-101.875,41.027],[-102.125,41.143],[-102.312,41.187],[-102.777,41.339],[-103.125,41.411],[-103.42,41.446],[-104.143,41.428],[-104.536,41.393],[-104.857,41.294],[-105.161,41.178],[-105.429,41.116],[-105.893,41.089],[-107.054,40.857],[-108.528,40.392],[-109.082,40.267],[-109.546,40.133],[-109.903,40.062],[-110.305,40.08]]]}},{"type":"Feature","properties":{"density":3},"geometry":{"type":"Polygon","coordinates":[[[-72.637,54.472],[-72.668,54.435],[-72.689,54.361],[-72.687,54.316],[-72.666,54.305],[-72.626,54.305],[-72.586,54.329],[-72.43,54.458],[-72.277,54.514],[-72.184,54.533],[-71.917,54.498],[-71.848,54.522],[-71.832,54.567],[-71.874,54.681],[-71.869,54.768],[-71.806,54.877],[-71.649,54.982],[-71.546,55.009],[-71.263,55.131],[-71.258,55.183],[-71.411,55.197],[-71.578,55.123],[-72.046,55.025],[-72.144,54.964],[-72.491,54.678],[-72.637,54.472]]]}},{"type":"Feature","properties":{"density":3},"geometry":{"type":"Polygon","coordinates":[[[-72.828,53.987],[-72.916,53.918],[-72.93,53.893],[-72.923,53.87],[-72.87,53.868],[-72.406,54.098],[-72.489,54.092],[-72.704,54.024],[-72.828,53.987]]]}},{"type":"Feature","properties":{"density":3},"geometry":{"type":"Polygon","coordinates":[[[-72.725,54.331],[-72.83,54.304],[-72.957,54.217],[-73.216,54.1],[-73.343,53.92],[-73.352,53.853],[-73.335,53.83],[-73.248,53.801],[-73.153,53.832],[-73.076,53.967],[-72.98,54.043],[-72.882,54.173],[-72.746,54.278],[-72.648,54.317],[-72.667,54.341],[-72.725,54.331]]]}},{"type":"Feature","properties":{"density":3},"geometry":{"type":"Polygon","coordinates":[[[-75.23,53.963],[-75.315,53.909],[-75.486,53.74],[-75.651,53.661],[-75.747,53.568],[-75.794,53.496],[-75.819,53.377],[-75.727,53.264],[-75.667,53.125],[-75.598,53.065],[-75.517,53.061],[-75.464,53.104],[-75.462,53.401],[-75.376,53.525],[-75.346,53.616],[-75.229,53.831],[-75.121,53.937],[-75.131,53.982],[-75.165,53.983],[-75.23,53.963]]]}},{"type":"Feature","properties":{"density":3},"geometry":{"type":"Polygon","coordinates":[[[-78.416,53.558],[-78.474,53.54],[-78.512,53.456],[-78.638,53.283],[-78.645,53.173],[-78.617,53.074],[-78.58,53.024],[-78.517,53.021],[-78.462,53.049],[-78.432,53.092],[-78.389,53.23],[-78.26,53.318],[-78.256,53.394],[-78.293,53.474],[-78.364,53.537],[-78.416,53.558]]]}},{"type":"Feature","properties":{"density":3},"geometry":{"type":"Polygon","coordinates":[[[-102.541,55.328],[-102.568,55.323],[-102.581,55.301],[-102.566,55.273],[-102.539,55.263],[-102.344,55.258],[-102.128,55.276],[-102.048,55.256],[-101.973,55.258],[-101.988,55.298],[-102.046,55.328],[-102.402,55.356],[-102.541,55.328]]]}},{"type":"Feature","properties":{"density":3},"geometry":{"type":"Polygon","coordinates":[[[-126.843,66.559],[-126.893,66.564],[-126.938,66.549],[-127.023,66.422],[-127.272,66.315],[-127.297,66.283],[-127.297,66.248],[-127.222,66.236],[-127.147,66.253],[-126.965,66.37],[-126.853,66.415],[-126.766,66.41],[-126.614,66.343],[-126.542,66.343],[-126.482,66.37],[-126.465,66.41],[-126.47,66.445],[-126.495,66.475],[-126.751,66.537],[-126.843,66.559]]]}},{"type":"Feature","properties":{"density":3},"geometry":{"type":"Polygon","coordinates":[[[-77.122,54.499],[-77.3,54.422],[-77.323,54.391],[-77.319,54.351],[-77.155,54.199],[-77.048,54.162],[-76.961,54.176],[-76.894,54.217],[-76.852,54.411],[-76.835,54.434],[-76.684,54.54],[-76.576,54.664],[-76.476,54.741],[-76.495,54.755],[-76.578,54.745],[-76.748,54.676],[-76.938,54.566],[-77.122,54.499]]]}},{"type":"Feature","properties":{"density":3},"geometry":{"type":"Polygon","coordinates":[[[-77.24,54.949],[-77.59,54.9],[-77.786,54.833],[-77.987,54.735],[-78.335,54.64],[-78.389,54.593],[-78.422,54.532],[-78.464,54.416],[-78.461,54.331],[-78.41,54.284],[-78.345,54.261],[-78.245,54.266],[-78.17,54.292],[-78.041,54.377],[-77.874,54.393],[-77.724,54.449],[-77.441,54.642],[-77.256,54.852],[-77.156,54.912],[-77.156,54.943],[-77.196,54.959],[-77.24,54.949]]]}}]}