{"type":"FeatureCollection","features":[{"type":"Feature","properties":{"density":1},"geometry":{"type":"Polygon","coordinates":[[[-77.047,21.33],[-77.122,21.346],[-77.192,21.335],[-77.288,21.233],[-77.306,21.192],[-77.28,21.16],[-77.221,21.15],[-76.957,21.191],[-76.721,21.166],[-76.678,21.17],[-76.669,21.188],[-76.667,21.209],[-76.698,21.242],[-77.047,21.33]]]}},{"type":"Feature","properties":{"density":1},"geometry":{"type":"Polygon","coordinates":[[[-78.159,35.684],[-78.21,35.687],[-78.26,35.644],[-78.388,35.437],[-78.534,35.291],[-78.534,35.259],[-78.476,35.25],[-78.386,35.282],[-78.17,35.491],[-78.125,35.572],[-78.134,35.655],[-78.159,35.684]]]}},{"type":"Feature","properties":{"density":1},"geometry":{"type":"Polygon","coordinates":[[[-81.525,39.304],[-81.588,39.266],[-81.577,39.226],[-81.552,39.21],[-81.35,39.19],[-81.082,39.113],[-80.958,39.111],[-80.85,39.142],[-80.819,39.167],[-80.655,39.358],[-80.639,39.394],[-80.641,39.48],[-80.7,39.57],[-80.745,39.599],[-80.792,39.617],[-80.891,39.622],[-81.01,39.57],[-81.134,39.457],[-81.262,39.383],[-81.525,39.304]]]}},{"type":"Feature","properties":{"density":1},"geometry":{"type":"Polygon","coordinates":[[[-111.861,43.823],[-111.91,43.836],[-111.958,43.827],[-112.016,43.769],[-112.039,43.701],[-112.023,43.62],[-111.949,43.458],[-111.926,43.429],[-111.87,43.411],[-111.836,43.449],[-111.834,43.481],[-111.87,43.643],[-111.829,43.699],[-111.818,43.744],[-111.829,43.798],[-111.861,43.823]]]}},{"type":"Feature","properties":{"density":1},"geometry":{"type":"Polygon","coordinates":[[[-108.159,42.963],[-108.224,42.981],[-108.273,42.951],[-108.345,42.814],[-108.453,42.699],[-108.458,42.639],[-108.426,42.614],[-108.384,42.623],[-108.21,42.765],[-108.141,42.866],[-108.138,42.927],[-108.159,42.963]]]}},{"type":"Feature","properties":{"density":1},"geometry":{"type":"Polygon","coordinates":[[[-111.722,39.379],[-111.79,39.379],[-111.889,39.303],[-112.13,39.172],[-112.152,39.145],[-112.148,39.087],[-112.118,39.069],[-112.053,39.071],[-111.677,39.213],[-111.657,39.233],[-111.65,39.294],[-111.693,39.364],[-111.722,39.379]]]}},{"type":"Feature","properties":{"density":1},"geometry":{"type":"Polygon","coordinates":[[[-111.183,55.262],[-111.832,55.33],[-112.174,55.262],[-112.516,55.108],[-112.806,54.954],[-113.079,54.732],[-113.541,54.151],[-113.763,53.844],[-114.088,53.485],[-114.429,53.194],[-115.164,52.819],[-116.155,52.511],[-117.163,52.289],[-118.376,51.845],[-119.282,51.725],[-120.29,51.315],[-120.683,51.195],[-121.229,51.059],[-121.537,50.956],[-121.827,50.837],[-122.101,50.683],[-122.528,50.307],[-122.596,49.965],[-122.596,49.606],[-122.613,49.487],[-122.579,49.333],[-122.477,49.162],[-122.289,49.025],[-121.793,48.786],[-121.452,48.65],[-120.956,48.564],[-120.495,48.513],[-119.504,48.581],[-119.077,48.547],[-118.393,48.393],[-118.017,48.393],[-117.71,48.41],[-117.368,48.462],[-116.992,48.547],[-115.95,48.889],[-115.198,49.094],[-114.463,49.333],[-114.053,49.453],[-113.729,49.504],[-113.336,49.538],[-112.874,49.504],[-111.695,49.231],[-111.149,49.145],[-109.901,49.077],[-109.338,49.077],[-108.705,49.128],[-108.261,49.196],[-107.407,49.555],[-107.065,49.948],[-106.894,50.392],[-106.809,50.837],[-106.775,51.23],[-106.894,51.691],[-107.287,52.374],[-107.561,52.75],[-107.937,53.143],[-108.791,53.758],[-109.167,54.066],[-109.748,54.476],[-110.517,54.988],[-111.183,55.262]]]}},{"type":"Feature","properties":{"density":1},"geometry":{"type":"Polygon","coordinates":[[[-97.535,58.33],[-97.545,58.377],[-97.626,58.438],[-97.737,58.452],[-97.778,58.438],[-97.801,58.404],[-97.835,58.087],[-97.933,57.915],[-97.984,57.756],[-97.963,57.652],[-97.94,57.598],[-97.903,57.564],[-97.791,57.588],[-97.734,57.618],[-97.619,57.723],[-97.569,57.8],[-97.535,57.874],[-97.488,58.067],[-97.498,58.279],[-97.535,58.33]]]}},{"type":"Feature","properties":{"density":1},"geometry":{"type":"Polygon","coordinates":[[[-97.218,57.874],[-97.329,58.009],[-97.386,58.047],[-97.444,58.067],[-97.535,58.067],[-97.582,58.03],[-97.673,57.908],[-97.707,57.837],[-97.72,57.75],[-97.727,57.638],[-97.67,57.341],[-97.626,57.253],[-97.511,57.159],[-97.305,57.132],[-97.153,57.085],[-97.062,57.075],[-97.012,57.108],[-96.991,57.216],[-97.062,57.432],[-97.099,57.665],[-97.174,57.827],[-97.218,57.874]]]}},{"type":"Feature","properties":{"density":1},"geometry":{"type":"Polygon","coordinates":[[[-97.936,57.8],[-97.936,57.874],[-97.963,57.912],[-98.055,57.928],[-98.102,57.915],[-98.176,57.851],[-98.24,57.692],[-98.247,57.588],[-98.23,57.53],[-98.125,57.345],[-98.085,57.203],[-98.048,57.179],[-97.967,57.196],[-97.933,57.22],[-97.913,57.264],[-97.906,57.348],[-97.95,57.534],[-97.936,57.8]]]}},{"type":"Feature","properties":{"density":1},"geometry":{"type":"Polygon","coordinates":[[[-97.745,58.4],[-97.85,58.414],[-97.956,58.357],[-97.999,58.227],[-98.091,58.096],[-98.096,58.031],[-98.071,57.986],[-98.006,57.968],[-97.929,57.97],[-97.844,57.993],[-97.772,58.038],[-97.731,58.099],[-97.686,58.245],[-97.7,58.36],[-97.745,58.4]]]}},{"type":"Feature","properties":{"density":1},"geometry":{"type":"Polygon","coordinates":[[[-90.805,49.888],[-90.866,49.933],[-91.038,49.974],[-91.165,49.954],[-91.296,49.908],[-91.413,49.822],[-91.534,49.695],[-91.615,49.579],[-91.656,49.458],[-91.701,49.174],[-91.762,48.951],[-91.767,48.85],[-91.737,48.729],[-91.64,48.511],[-91.565,48.41],[-91.478,48.354],[-91.306,48.313],[-91.256,48.334],[-91.165,48.42],[-91.053,48.602],[-90.785,48.81],[-90.653,49.012],[-90.623,49.093],[-90.587,49.306],[-90.593,49.523],[-90.709,49.842],[-90.805,49.888]]]}},{"type":"Feature","properties":{"density":1},"geometry":{"type":"Polygon","coordinates":[[[-88.4,53.286],[-88.549,53.445],[-88.742,53.479],[-88.959,53.377],[-89.152,53.172],[-89.448,52.591],[-89.915,52.021],[-90.155,51.771],[-90.348,51.52],[-90.439,51.201],[-90.394,50.814],[-90.234,50.37],[-89.927,50.108],[-89.471,50.085],[-88.959,50.153],[-88.571,50.324],[-88.332,50.654],[-88.15,51.156],[-88.047,51.668],[-88.025,52.181],[-88.161,52.705],[-88.4,53.286]]]}},{"type":"Feature","properties":{"density":1},"geometry":{"type":"Polygon","coordinates":[[[-96.017,17.8],[-96.135,17.758],[-96.164,17.707],[-96.126,17.704],[-96.0,17.749],[-95.97,17.782],[-96.017,17.8]]]}},{"type":"Feature","properties":{"density":1},"geometry":{"type":"Polygon","coordinates":[[[-93.748,17.548],[-93.805,17.558],[-94.082,17.541],[-94.166,17.518],[-94.298,17.433],[-94.517,17.092],[-94.804,16.829],[-94.855,16.724],[-94.865,16.637],[-94.834,16.583],[-94.777,16.556],[-94.696,16.552],[-94.632,16.569],[-94.48,16.67],[-94.284,16.853],[-94.095,17.001],[-93.927,17.055],[-93.697,17.065],[-93.576,17.146],[-93.542,17.281],[-93.562,17.349],[-93.667,17.504],[-93.748,17.548]]]}},{"type":"Feature","properties":{"density":1},"geometry":{"type":"Polygon","coordinates":[[[-92.914,17.791],[-93.09,17.982],[-93.38,18.374],[-93.416,18.408],[-93.465,18.408],[-93.445,18.304],[-93.33,18.075],[-93.263,17.982],[-93.031,17.76],[-92.968,17.719],[-92.896,17.699],[-92.878,17.735],[-92.914,17.791]]]}},{"type":"Feature","properties":{"density":1},"geometry":{"type":"Polygon","coordinates":[[[-93.076,17.882],[-93.16,18.031],[-93.393,18.291],[-93.569,18.524],[-93.744,18.682],[-94.099,18.922],[-94.193,18.925],[-94.284,18.908],[-94.348,18.858],[-94.389,18.763],[-94.321,18.527],[-94.159,18.318],[-93.9,18.058],[-93.603,17.876],[-93.157,17.703],[-93.073,17.697],[-93.032,17.751],[-93.022,17.811],[-93.076,17.882]]]}},{"type":"Feature","properties":{"density":1},"geometry":{"type":"Polygon","coordinates":[[[-90.233,14.957],[-90.405,14.913],[-90.51,14.832],[-90.543,14.693],[-90.516,14.639],[-90.456,14.599],[-90.307,14.558],[-90.111,14.579],[-90.01,14.619],[-89.609,14.882],[-89.504,14.97],[-89.433,15.085],[-89.423,15.149],[-89.44,15.203],[-89.494,15.237],[-89.649,15.223],[-89.794,15.162],[-90.0,15.041],[-90.233,14.957]]]}},{"type":"Feature","properties":{"density":1},"geometry":{"type":"Polygon","coordinates":[[[-111.116,29.133],[-111.347,29.133],[-111.846,29.094],[-112.346,28.902],[-112.807,28.671],[-113.077,28.287],[-113.346,27.749],[-113.499,27.287],[-113.653,26.595],[-114.038,25.903],[-114.576,25.211],[-115.076,24.673],[-115.614,24.173],[-116.152,23.597],[-116.575,22.751],[-116.69,22.021],[-116.729,21.136],[-116.421,20.098],[-115.883,19.137],[-115.114,18.292],[-114.23,17.753],[-112.846,17.292],[-111.693,17.177],[-110.424,17.254],[-109.54,17.561],[-108.732,18.138],[-108.117,18.907],[-107.81,19.791],[-107.733,21.06],[-107.848,22.021],[-107.81,22.866],[-107.541,23.635],[-107.387,24.25],[-107.464,24.865],[-107.848,25.25],[-108.271,25.404],[-108.886,25.481],[-109.348,25.827],[-109.694,26.403],[-109.578,26.98],[-109.501,27.595],[-109.694,28.248],[-110.116,28.71],[-110.462,28.94],[-111.116,29.133]]]}},{"type":"Feature","properties":{"density":1},"geometry":{"type":"Polygon","coordinates":[[[-96.224,22.842],[-96.583,23.124],[-97.096,23.355],[-97.377,23.38],[-97.659,23.38],[-97.967,23.303],[-98.172,23.175],[-98.377,22.97],[-98.608,22.278],[-98.582,21.945],[-98.428,21.433],[-98.223,20.946],[-98.018,20.536],[-97.788,20.228],[-97.531,19.92],[-97.352,19.562],[-97.249,19.049],[-97.044,18.588],[-96.814,18.152],[-96.737,17.614],[-96.737,17.076],[-96.788,16.666],[-96.814,16.23],[-96.788,15.845],[-96.583,15.512],[-96.327,15.384],[-96.019,15.307],[-95.686,15.256],[-95.43,15.153],[-94.968,14.897],[-93.789,14.82],[-93.379,14.743],[-92.713,14.564],[-92.149,14.359],[-91.611,14.256],[-90.868,14.077],[-90.304,14.103],[-89.868,14.282],[-89.689,14.564],[-89.561,15.051],[-89.509,15.564],[-89.509,15.948],[-89.586,16.256],[-89.638,16.666],[-89.74,17.024],[-89.894,17.281],[-90.15,17.383],[-90.97,17.178],[-91.355,17.306],[-91.739,17.588],[-91.918,17.896],[-91.918,18.28],[-91.893,18.844],[-92.021,19.331],[-92.2,19.69],[-92.457,19.997],[-92.764,20.177],[-93.302,20.254],[-93.841,20.459],[-94.251,20.689],[-94.712,21.099],[-95.225,21.586],[-95.66,22.15],[-96.224,22.842]]]}},{"type":"Feature","properties":{"density":1},"geometry":{"type":"Polygon","coordinates":[[[-98.253,57.953],[-98.273,58.051],[-98.271,58.177],[-98.185,58.31],[-97.974,58.55],[-97.722,58.915],[-97.652,58.964],[-97.601,58.97],[-97.56,58.951],[-97.445,58.79],[-97.413,58.702],[-97.396,58.426],[-97.407,58.389],[-97.443,58.351],[-97.536,58.279],[-97.587,58.185],[-97.593,58.142],[-97.561,58.075],[-97.573,57.998],[-97.619,57.937],[-97.735,57.847],[-97.826,57.749],[-97.85,57.572],[-97.876,57.557],[-97.939,57.58],[-98.076,57.781],[-98.187,57.841],[-98.253,57.953]]]}},{"type":"Feature","properties":{"density":1},"geometry":{"type":"Polygon","coordinates":[[[-97.571,57.414],[-97.705,57.845],[-97.714,57.941],[-97.698,58.05],[-97.644,58.119],[-97.578,58.161],[-97.478,58.174],[-97.4,58.161],[-97.304,58.112],[-97.276,58.075],[-97.271,58.032],[-97.324,57.763],[-97.327,57.674],[-97.32,57.612],[-97.244,57.388],[-97.238,57.276],[-97.265,57.218],[-97.344,57.17],[-97.399,57.177],[-97.542,57.349],[-97.571,57.414]]]}},{"type":"Feature","properties":{"density":1},"geometry":{"type":"Polygon","coordinates":[[[-97.204,58.386],[-97.158,58.577],[-97.126,58.633],[-97.026,58.737],[-96.964,58.779],[-96.81,58.822],[-96.769,58.818],[-96.701,58.774],[-96.693,58.691],[-96.749,58.551],[-96.969,58.277],[-97.065,58.25],[-97.168,58.319],[-97.204,58.386]]]}},{"type":"Feature","properties":{"density":1},"geometry":{"type":"Polygon","coordinates":[[[-98.063,57.254],[-98.133,57.312],[-98.2,57.422],[-98.227,57.56],[-98.294,57.726],[-98.289,57.748],[-98.224,57.794],[-98.131,57.783],[-98.082,57.759],[-97.997,57.612],[-97.975,57.513],[-97.97,57.348],[-98.003,57.249],[-98.063,57.254]]]}},{"type":"Feature","properties":{"density":1},"geometry":{"type":"Polygon","coordinates":[[[-100.111,59.349],[-100.184,59.615],[-100.193,59.783],[-100.127,59.873],[-100.014,59.896],[-99.875,59.84],[-99.826,59.783],[-99.815,59.631],[-99.846,59.419],[-99.875,59.348],[-99.964,59.296],[-100.047,59.29],[-100.104,59.327],[-100.111,59.349]]]}},{"type":"Feature","properties":{"density":1},"geometry":{"type":"Polygon","coordinates":[[[-95.183,56.901],[-95.228,57.061],[-95.22,57.117],[-95.186,57.135],[-95.134,57.104],[-95.098,56.983],[-95.111,56.899],[-95.147,56.883],[-95.183,56.901]]]}},{"type":"Feature","properties":{"density":1},"geometry":{"type":"Polygon","coordinates":[[[-91.46,48.538],[-91.537,48.609],[-91.59,48.701],[-91.606,48.889],[-91.584,48.988],[-91.432,49.271],[-91.33,49.35],[-91.053,49.498],[-90.927,49.533],[-90.828,49.539],[-90.779,49.513],[-90.752,49.425],[-90.787,49.242],[-90.818,49.12],[-90.883,48.982],[-91.031,48.825],[-91.092,48.801],[-91.234,48.781],[-91.312,48.734],[-91.35,48.67],[-91.36,48.531],[-91.376,48.514],[-91.412,48.51],[-91.46,48.538]]]}},{"type":"Feature","properties":{"density":1},"geometry":{"type":"Polygon","coordinates":[[[-78.847,50.251],[-78.668,50.202],[-78.556,50.14],[-78.546,50.04],[-78.388,49.765],[-78.366,49.696],[-78.375,49.643],[-78.436,49.564],[-78.553,49.54],[-78.7,49.582],[-78.878,49.694],[-79.003,49.824],[-79.062,50.012],[-79.042,50.114],[-78.943,50.231],[-78.905,50.25],[-78.847,50.251]]]}},{"type":"Feature","properties":{"density":1},"geometry":{"type":"Polygon","coordinates":[[[-77.614,47.769],[-77.718,47.744],[-77.84,47.658],[-77.911,47.507],[-77.922,47.442],[-77.907,47.396],[-77.805,47.377],[-77.717,47.427],[-77.671,47.491],[-77.632,47.609],[-77.572,47.706],[-77.572,47.754],[-77.614,47.769]]]}},{"type":"Feature","properties":{"density":1},"geometry":{"type":"Polygon","coordinates":[[[-76.47,54.824],[-76.567,54.802],[-76.726,54.724],[-76.81,54.63],[-76.851,54.506],[-76.839,54.486],[-76.777,54.479],[-76.486,54.589],[-76.207,54.671],[-76.191,54.742],[-76.2,54.773],[-76.338,54.815],[-76.47,54.824]]]}},{"type":"Feature","properties":{"density":1},"geometry":{"type":"Polygon","coordinates":[[[-75.118,54.105],[-75.275,54.092],[-75.32,54.071],[-75.391,53.962],[-75.393,53.89],[-75.371,53.864],[-75.14,53.863],[-75.035,53.909],[-74.995,53.984],[-74.998,54.014],[-75.06,54.11],[-75.118,54.105]]]}},{"type":"Feature","properties":{"density":1},"geometry":{"type":"Polygon","coordinates":[[[-75.739,54.065],[-75.796,54.045],[-75.838,54.0],[-75.862,53.935],[-75.858,53.893],[-75.844,53.884],[-75.755,53.916],[-75.685,54.001],[-75.68,54.031],[-75.695,54.059],[-75.739,54.065]]]}},{"type":"Feature","properties":{"density":1},"geometry":{"type":"Polygon","coordinates":[[[-75.086,55.066],[-75.168,55.066],[-75.248,55.025],[-75.293,54.97],[-75.302,54.931],[-75.219,54.862],[-75.084,54.837],[-75.043,54.85],[-75.018,54.886],[-75.009,54.981],[-75.046,55.046],[-75.086,55.066]]]}},{"type":"Feature","properties":{"density":1},"geometry":{"type":"Polygon","coordinates":[[[-68.796,57.291],[-68.692,57.284],[-68.519,57.145],[-68.498,57.062],[-68.519,57.014],[-68.568,57.008],[-68.625,57.033],[-68.773,57.119],[-68.889,57.208],[-68.9,57.257],[-68.885,57.278],[-68.796,57.291]]]}},{"type":"Feature","properties":{"density":1},"geometry":{"type":"Polygon","coordinates":[[[-72.798,54.39],[-73.062,54.272],[-73.246,54.157],[-73.337,54.037],[-73.396,53.885],[-73.385,53.82],[-73.247,53.669],[-73.215,53.55],[-73.192,53.27],[-73.094,53.182],[-73.027,53.175],[-72.76,53.229],[-72.696,53.281],[-72.658,53.341],[-72.574,53.534],[-72.563,53.724],[-72.617,53.81],[-72.62,53.854],[-72.547,54.221],[-72.561,54.354],[-72.612,54.414],[-72.731,54.415],[-72.798,54.39]]]}},{"type":"Feature","properties":{"density":1},"geometry":{"type":"Polygon","coordinates":[[[-72.211,53.627],[-72.242,53.556],[-72.286,53.36],[-72.273,53.266],[-72.242,53.23],[-72.206,53.226],[-72.169,53.236],[-72.104,53.308],[-72.096,53.444],[-72.101,53.511],[-72.136,53.605],[-72.18,53.637],[-72.211,53.627]]]}},{"type":"Feature","properties":{"density":1},"geometry":{"type":"Polygon","coordinates":[[[-71.973,53.839],[-72.002,53.763],[-72.05,53.357],[-72.035,53.26],[-71.927,53.118],[-71.882,53.091],[-71.734,53.056],[-71.59,53.073],[-71.557,53.101],[-71.545,53.172],[-71.685,53.656],[-71.729,53.869],[-71.763,53.901],[-71.817,53.904],[-71.911,53.881],[-71.973,53.839]]]}},{"type":"Feature","properties":{"density":1},"geometry":{"type":"Polygon","coordinates":[[[-70.644,53.537],[-70.616,53.54],[-70.561,53.512],[-70.492,53.377],[-70.286,52.793],[-70.28,52.71],[-70.297,52.604],[-70.346,52.547],[-70.398,52.53],[-70.528,52.523],[-70.59,52.541],[-70.652,52.589],[-70.69,52.667],[-70.773,52.938],[-70.852,53.047],[-70.914,53.1],[-70.904,53.162],[-70.806,53.287],[-70.71,53.501],[-70.644,53.537]]]}},{"type":"Feature","properties":{"density":1},"geometry":{"type":"Polygon","coordinates":[[[-70.263,53.497],[-70.2,53.47],[-70.185,53.445],[-70.182,53.389],[-70.199,53.375],[-70.216,53.374],[-70.286,53.431],[-70.3,53.469],[-70.286,53.493],[-70.263,53.497]]]}},{"type":"Feature","properties":{"density":1},"geometry":{"type":"Polygon","coordinates":[[[-69.564,53.513],[-69.516,53.501],[-69.431,53.38],[-69.418,53.324],[-69.453,53.286],[-69.493,53.286],[-69.582,53.406],[-69.6,53.477],[-69.58,53.513],[-69.564,53.513]]]}},{"type":"Feature","properties":{"density":1},"geometry":{"type":"Polygon","coordinates":[[[-68.435,53.273],[-68.331,53.196],[-68.298,53.126],[-68.324,53.098],[-68.382,53.112],[-68.444,53.175],[-68.474,53.262],[-68.435,53.273]]]}},{"type":"Feature","properties":{"density":1},"geometry":{"type":"Polygon","coordinates":[[[-66.957,58.003],[-66.872,58.01],[-65.931,57.833],[-65.628,57.805],[-65.559,57.783],[-65.545,57.756],[-65.553,57.709],[-65.782,57.505],[-65.821,57.411],[-65.832,57.282],[-65.903,57.122],[-65.953,57.086],[-66.063,57.086],[-66.135,57.13],[-66.209,57.213],[-66.725,57.626],[-66.865,57.842],[-66.988,57.931],[-66.994,57.977],[-66.957,58.003]]]}},{"type":"Feature","properties":{"density":1},"geometry":{"type":"Polygon","coordinates":[[[-78.254,51.629],[-78.492,51.64],[-78.575,51.614],[-78.605,51.567],[-78.612,51.465],[-78.575,51.365],[-78.502,51.265],[-78.395,51.254],[-78.313,51.294],[-78.228,51.373],[-78.16,51.493],[-78.132,51.588],[-78.164,51.625],[-78.254,51.629]]]}},{"type":"Feature","properties":{"density":1},"geometry":{"type":"Polygon","coordinates":[[[-88.892,51.749],[-88.922,51.776],[-88.937,51.836],[-88.91,51.888],[-88.867,51.893],[-88.837,51.857],[-88.819,51.742],[-88.841,51.731],[-88.892,51.749]]]}},{"type":"Feature","properties":{"density":1},"geometry":{"type":"Polygon","coordinates":[[[-93.782,30.704],[-93.763,30.734],[-93.674,30.784],[-93.561,30.816],[-93.521,30.818],[-93.475,30.798],[-93.49,30.753],[-93.527,30.731],[-93.719,30.655],[-93.782,30.659],[-93.782,30.704]]]}},{"type":"Feature","properties":{"density":1},"geometry":{"type":"Polygon","coordinates":[[[-93.802,17.548],[-93.986,17.571],[-94.08,17.553],[-94.202,17.485],[-94.259,17.42],[-94.349,17.237],[-94.373,17.157],[-94.372,17.097],[-94.345,17.05],[-94.298,17.006],[-94.235,16.997],[-94.087,17.039],[-93.804,17.46],[-93.781,17.518],[-93.802,17.548]]]}},{"type":"Feature","properties":{"density":1},"geometry":{"type":"Polygon","coordinates":[[[-92.916,17.719],[-93.284,17.826],[-93.483,17.923],[-93.676,18.064],[-93.729,18.124],[-93.751,18.189],[-93.726,18.234],[-93.669,18.255],[-93.598,18.255],[-93.273,18.083],[-92.889,17.778],[-92.875,17.737],[-92.916,17.719]]]}},{"type":"Feature","properties":{"density":1},"geometry":{"type":"Polygon","coordinates":[[[-81.559,39.274],[-81.315,39.384],[-81.171,39.515],[-81.057,39.557],[-80.827,39.592],[-80.613,39.605],[-80.399,39.585],[-80.327,39.569],[-80.242,39.523],[-80.112,39.392],[-80.086,39.279],[-80.141,39.197],[-80.291,39.164],[-80.551,39.134],[-80.911,39.123],[-81.246,39.146],[-81.567,39.195],[-81.573,39.259],[-81.559,39.274]]]}},{"type":"Feature","properties":{"density":1},"geometry":{"type":"Polygon","coordinates":[[[-106.449,39.32],[-106.356,39.351],[-106.297,39.343],[-106.066,39.198],[-106.04,39.149],[-106.061,39.11],[-106.146,39.071],[-106.264,39.062],[-106.345,39.082],[-106.452,39.136],[-106.535,39.224],[-106.529,39.288],[-106.449,39.32]]]}},{"type":"Feature","properties":{"density":1},"geometry":{"type":"Polygon","coordinates":[[[-109.871,37.67],[-109.971,37.698],[-110.037,37.735],[-110.096,37.81],[-110.072,37.891],[-109.886,38.115],[-109.886,38.159],[-109.941,38.289],[-109.923,38.429],[-109.662,38.837],[-109.277,39.185],[-109.149,39.342],[-109.087,39.519],[-109.116,39.652],[-109.228,39.693],[-109.331,39.722],[-109.451,39.722],[-109.765,39.681],[-109.963,39.767],[-110.046,39.941],[-109.889,40.234],[-109.728,40.375],[-109.521,40.429],[-109.294,40.524],[-108.517,40.602],[-108.004,40.59],[-107.091,40.515],[-106.413,40.317],[-106.297,40.164],[-106.107,39.833],[-106.036,39.623],[-106.024,39.507],[-105.849,39.193],[-105.769,39.135],[-105.585,39.083],[-105.188,39.121],[-105.028,39.153],[-104.799,39.15],[-104.59,39.106],[-104.268,39.087],[-103.958,38.992],[-103.756,38.868],[-102.954,38.207],[-102.42,37.864],[-101.627,37.265],[-101.11,36.963],[-100.684,36.639],[-100.424,36.509],[-99.327,36.441],[-98.822,36.433],[-98.413,36.528],[-97.938,36.544],[-97.351,36.528],[-96.933,36.267],[-96.751,36.015],[-96.78,35.395],[-97.02,34.556],[-96.973,34.202],[-96.983,33.821],[-97.094,33.579],[-97.327,33.365],[-97.596,33.207],[-97.922,33.058],[-98.229,33.058],[-98.607,32.892],[-98.975,32.781],[-99.442,32.731],[-100.0,32.781],[-100.794,32.996],[-101.356,33.521],[-101.8,34.165],[-102.247,34.453],[-103.018,35.123],[-103.992,35.75],[-104.587,36.226],[-104.969,36.907],[-105.163,37.221],[-105.38,37.344],[-105.687,37.486],[-106.006,37.5],[-106.261,37.472],[-106.428,37.373],[-106.599,37.311],[-107.423,37.178],[-107.607,37.076],[-107.822,36.817],[-108.037,36.754],[-108.139,36.87],[-108.208,37.173],[-108.288,37.374],[-108.406,37.498],[-108.646,37.515],[-108.842,37.457],[-109.098,37.316],[-109.341,37.281],[-109.636,37.275],[-109.828,37.349],[-109.856,37.402],[-109.845,37.551],[-109.85,37.639],[-109.871,37.67]]]}},{"type":"Feature","properties":{"density":1},"geometry":{"type":"Polygon","coordinates":[[[-112.168,39.16],[-111.987,39.214],[-111.741,39.241],[-111.69,39.241],[-111.651,39.223],[-111.644,39.185],[-111.675,39.159],[-111.732,39.147],[-112.098,39.09],[-112.158,39.106],[-112.173,39.125],[-112.168,39.16]]]}},{"type":"Feature","properties":{"density":1},"geometry":{"type":"Polygon","coordinates":[[[-92.514,17.867],[-92.572,17.872],[-92.711,17.922],[-92.861,18.001],[-93.005,18.105],[-93.103,18.202],[-93.131,18.265],[-93.13,18.361],[-93.029,18.379],[-92.874,18.303],[-92.661,18.125],[-92.461,17.989],[-92.435,17.897],[-92.461,17.864],[-92.514,17.867]]]}},{"type":"Feature","properties":{"density":1},"geometry":{"type":"Polygon","coordinates":[[[-89.556,15.172],[-89.753,15.16],[-90.047,15.074],[-90.137,15.009],[-90.158,14.954],[-90.153,14.904],[-90.126,14.877],[-90.038,14.868],[-89.777,14.899],[-89.703,14.922],[-89.589,15.002],[-89.512,15.1],[-89.497,15.134],[-89.504,15.169],[-89.556,15.172]]]}},{"type":"Feature","properties":{"density":1},"geometry":{"type":"Polygon","coordinates":[[[-108.779,45.254],[-108.767,45.398],[-108.73,45.441],[-108.672,45.434],[-108.655,45.392],[-108.73,45.256],[-108.763,45.238],[-108.779,45.254]]]}},{"type":"Feature","properties":{"density":1},"geometry":{"type":"Polygon","coordinates":[[[-122.088,50.214],[-121.928,50.291],[-121.556,50.376],[-121.237,50.39],[-121.0,50.39],[-119.645,50.305],[-119.115,50.473],[-118.464,50.649],[-117.674,50.882],[-117.069,51.105],[-116.437,51.44],[-115.497,51.97],[-114.474,52.482],[-112.261,53.089],[-111.728,53.145],[-110.965,53.095],[-109.961,53.108],[-108.671,53.089],[-108.2,53.108],[-107.381,53.188],[-106.953,53.176],[-106.03,53.139],[-105.286,53.077],[-105.143,53.015],[-105.062,52.835],[-105.044,52.699],[-105.137,52.556],[-105.292,52.469],[-105.472,52.42],[-105.713,52.389],[-106.116,52.37],[-106.743,52.37],[-107.468,52.469],[-108.119,52.599],[-109.471,52.661],[-110.097,52.705],[-110.906,52.609],[-111.818,52.562],[-113.092,52.218],[-113.594,52.004],[-114.85,51.335],[-115.566,50.804],[-116.545,50.287],[-116.893,50.07],[-117.048,49.871],[-117.308,49.692],[-117.897,49.524],[-118.529,49.301],[-119.354,48.885],[-119.888,48.733],[-120.238,48.688],[-120.684,48.664],[-120.963,48.697],[-121.252,48.766],[-121.759,48.975],[-122.148,49.06],[-122.407,49.071],[-122.566,49.154],[-122.646,49.215],[-122.743,49.435],[-122.74,49.694],[-122.696,49.793],[-122.605,49.917],[-122.533,49.986],[-122.088,50.214]]]}},{"type":"Feature","properties":{"density":1},"geometry":{"type":"Polygon","coordinates":[[[-120.194,47.898],[-120.094,47.835],[-120.08,47.792],[-120.127,47.74],[-120.221,47.715],[-120.27,47.765],[-120.288,47.889],[-120.235,47.913],[-120.194,47.898]]]}},{"type":"Feature","properties":{"density":1},"geometry":{"type":"Polygon","coordinates":[[[-118.47,45.709],[-118.427,45.728],[-118.384,45.716],[-118.369,45.601],[-118.391,45.55],[-118.438,45.552],[-118.52,45.627],[-118.512,45.682],[-118.47,45.709]]]}},{"type":"Feature","properties":{"density":1},"geometry":{"type":"Polygon","coordinates":[[[-111.683,49.633],[-111.248,49.721],[-110.639,49.817],[-109.503,49.911],[-107.879,50.148],[-107.048,50.198],[-106.577,50.272],[-106.035,50.309],[-105.672,50.313],[-105.622,50.289],[-105.593,50.247],[-105.597,50.185],[-105.961,49.962],[-106.345,49.917],[-107.693,49.652],[-108.455,49.535],[-109.733,49.455],[-110.177,49.458],[-110.885,49.521],[-111.66,49.521],[-111.698,49.546],[-111.726,49.612],[-111.683,49.633]]]}},{"type":"Feature","properties":{"density":1},"geometry":{"type":"Polygon","coordinates":[[[-121.717,63.372],[-121.646,63.381],[-121.598,63.365],[-121.543,63.301],[-121.525,63.218],[-121.573,63.167],[-121.683,63.122],[-121.739,63.116],[-121.779,63.143],[-121.794,63.274],[-121.776,63.324],[-121.717,63.372]]]}},{"type":"Feature","properties":{"density":1},"geometry":{"type":"Polygon","coordinates":[[[-76.468,54.838],[-76.552,54.833],[-76.757,54.771],[-76.893,54.709],[-77.108,54.491],[-77.117,54.388],[-77.094,54.363],[-77.021,54.346],[-76.55,54.375],[-76.393,54.444],[-76.249,54.635],[-76.212,54.735],[-76.244,54.772],[-76.347,54.791],[-76.424,54.833],[-76.468,54.838]]]}},{"type":"Feature","properties":{"density":1},"geometry":{"type":"Polygon","coordinates":[[[-75.747,54.078],[-75.972,53.887],[-76.107,53.683],[-76.165,53.575],[-76.15,53.511],[-76.114,53.472],[-75.952,53.42],[-75.802,53.423],[-75.618,53.463],[-75.364,53.609],[-75.098,53.788],[-75.001,53.88],[-74.945,53.988],[-74.938,54.033],[-74.958,54.071],[-75.019,54.101],[-75.087,54.121],[-75.183,54.123],[-75.322,54.076],[-75.432,53.953],[-75.488,53.912],[-75.513,54.028],[-75.545,54.067],[-75.636,54.09],[-75.747,54.078]]]}},{"type":"Feature","properties":{"density":1},"geometry":{"type":"Polygon","coordinates":[[[-75.236,55.084],[-75.076,55.084],[-75.01,55.052],[-75.003,55.033],[-74.984,54.863],[-75.004,54.583],[-75.057,54.483],[-75.129,54.456],[-75.251,54.467],[-75.371,54.516],[-75.465,54.577],[-75.502,54.668],[-75.455,54.844],[-75.435,54.871],[-75.438,54.916],[-75.545,54.996],[-75.549,55.036],[-75.496,55.062],[-75.236,55.084]]]}},{"type":"Feature","properties":{"density":1},"geometry":{"type":"Polygon","coordinates":[[[-75.287,55.487],[-75.537,55.475],[-75.582,55.457],[-75.558,55.382],[-75.401,55.235],[-75.345,55.148],[-75.318,55.135],[-75.218,55.16],[-75.174,55.216],[-75.173,55.324],[-75.206,55.41],[-75.23,55.456],[-75.287,55.487]]]}},{"type":"Feature","properties":{"density":1},"geometry":{"type":"Polygon","coordinates":[[[-72.755,54.435],[-72.636,54.452],[-72.541,54.391],[-72.471,54.188],[-72.458,54.061],[-72.471,53.693],[-72.509,53.561],[-72.536,53.273],[-72.564,53.186],[-72.684,52.929],[-72.841,52.721],[-72.94,52.661],[-73.111,52.633],[-73.259,52.644],[-73.329,52.665],[-73.386,52.721],[-73.523,53.05],[-73.83,53.364],[-73.839,53.44],[-73.825,53.519],[-73.792,53.574],[-73.746,53.611],[-73.588,53.671],[-73.411,53.781],[-73.256,53.935],[-73.226,54.038],[-73.204,54.238],[-73.133,54.316],[-72.98,54.38],[-72.755,54.435]]]}},{"type":"Feature","properties":{"density":1},"geometry":{"type":"Polygon","coordinates":[[[-71.83,53.925],[-71.945,53.9],[-72.101,53.828],[-72.278,53.612],[-72.358,53.425],[-72.434,52.931],[-72.42,52.718],[-72.314,52.522],[-72.111,52.339],[-72.007,52.279],[-71.724,52.226],[-71.583,52.289],[-71.478,52.382],[-71.431,52.548],[-71.431,52.66],[-71.51,52.897],[-71.572,53.158],[-71.646,53.814],[-71.696,53.913],[-71.742,53.931],[-71.83,53.925]]]}},{"type":"Feature","properties":{"density":1},"geometry":{"type":"Polygon","coordinates":[[[-70.662,53.552],[-70.583,53.556],[-70.537,53.54],[-70.46,53.465],[-70.335,52.83],[-70.207,52.67],[-70.147,52.555],[-70.051,52.275],[-70.056,52.072],[-70.11,51.958],[-70.291,51.867],[-70.38,51.848],[-70.459,51.867],[-70.533,51.91],[-70.61,52.041],[-70.671,52.102],[-70.727,52.244],[-70.77,52.304],[-70.829,52.323],[-70.924,52.312],[-70.994,52.341],[-71.165,52.478],[-71.198,52.517],[-71.22,52.587],[-71.208,52.698],[-71.17,52.833],[-71.101,52.969],[-70.823,53.399],[-70.737,53.5],[-70.662,53.552]]]}},{"type":"Feature","properties":{"density":1},"geometry":{"type":"Polygon","coordinates":[[[-70.275,53.496],[-70.226,53.477],[-70.164,53.359],[-70.129,53.208],[-70.147,53.101],[-70.199,53.065],[-70.258,53.061],[-70.299,53.076],[-70.322,53.125],[-70.338,53.366],[-70.298,53.477],[-70.275,53.496]]]}},{"type":"Feature","properties":{"density":1},"geometry":{"type":"Polygon","coordinates":[[[-69.559,53.523],[-69.496,53.509],[-69.235,53.083],[-69.14,52.715],[-69.142,52.626],[-69.169,52.549],[-69.234,52.509],[-69.367,52.472],[-69.443,52.495],[-69.505,52.539],[-69.606,52.771],[-69.68,52.895],[-69.722,53.017],[-69.714,53.154],[-69.674,53.334],[-69.613,53.468],[-69.559,53.523]]]}},{"type":"Feature","properties":{"density":1},"geometry":{"type":"Polygon","coordinates":[[[-69.007,53.281],[-68.922,53.241],[-68.674,52.775],[-68.667,52.677],[-68.683,52.603],[-68.716,52.556],[-68.808,52.517],[-68.852,52.52],[-68.904,52.549],[-68.933,52.589],[-69.028,52.897],[-69.055,53.048],[-69.053,53.201],[-69.038,53.261],[-69.007,53.281]]]}},{"type":"Feature","properties":{"density":1},"geometry":{"type":"Polygon","coordinates":[[[-68.45,53.285],[-68.374,53.266],[-68.163,53.068],[-68.082,52.93],[-68.022,52.702],[-67.987,52.441],[-68.025,52.325],[-68.071,52.289],[-68.19,52.276],[-68.261,52.298],[-68.325,52.345],[-68.364,52.667],[-68.429,52.907],[-68.48,53.18],[-68.481,53.242],[-68.45,53.285]]]}},{"type":"Feature","properties":{"density":1},"geometry":{"type":"Polygon","coordinates":[[[-67.597,52.997],[-67.562,53.01],[-67.5,52.992],[-67.48,52.97],[-67.391,52.76],[-67.223,52.461],[-67.208,52.366],[-67.22,52.332],[-67.251,52.298],[-67.337,52.258],[-67.469,52.254],[-67.498,52.267],[-67.556,52.325],[-67.62,52.467],[-67.678,52.742],[-67.68,52.847],[-67.645,52.951],[-67.597,52.997]]]}},{"type":"Feature","properties":{"density":1},"geometry":{"type":"Polygon","coordinates":[[[-66.623,56.99],[-66.379,56.968],[-66.257,56.939],[-66.054,56.859],[-65.904,56.78],[-65.362,56.467],[-65.259,56.335],[-65.253,56.227],[-65.332,56.177],[-65.601,56.148],[-66.075,55.97],[-66.321,55.969],[-66.368,56.007],[-66.39,56.117],[-66.378,56.422],[-66.421,56.609],[-66.498,56.75],[-66.664,56.848],[-66.691,56.893],[-66.679,56.961],[-66.623,56.99]]]}},{"type":"Feature","properties":{"density":1},"geometry":{"type":"Polygon","coordinates":[[[-68.846,57.307],[-68.704,57.298],[-68.518,57.246],[-68.247,57.058],[-68.114,56.947],[-68.011,56.897],[-67.565,56.512],[-67.202,56.277],[-66.928,56.064],[-66.834,55.965],[-66.801,55.868],[-66.81,55.741],[-66.878,55.68],[-66.939,55.667],[-67.4,55.645],[-67.641,55.653],[-67.854,55.739],[-68.179,55.941],[-68.28,55.981],[-68.502,56.035],[-68.613,56.125],[-68.677,56.238],[-68.74,56.464],[-68.908,56.913],[-68.943,57.16],[-68.937,57.208],[-68.919,57.259],[-68.878,57.299],[-68.846,57.307]]]}},{"type":"Feature","properties":{"density":1},"geometry":{"type":"Polygon","coordinates":[[[-66.983,58.008],[-66.872,58.01],[-66.548,57.918],[-66.39,57.855],[-66.241,57.824],[-65.742,57.625],[-65.439,57.558],[-65.148,57.464],[-64.393,57.1],[-64.331,57.047],[-64.281,56.957],[-64.285,56.836],[-64.329,56.744],[-64.459,56.571],[-64.548,56.505],[-64.654,56.466],[-64.761,56.459],[-64.851,56.459],[-64.963,56.494],[-65.328,56.683],[-66.188,57.307],[-66.54,57.521],[-66.96,57.855],[-66.999,57.912],[-66.983,58.008]]]}},{"type":"Feature","properties":{"density":1},"geometry":{"type":"Polygon","coordinates":[[[-78.281,51.673],[-78.439,51.657],[-78.684,51.71],[-78.798,51.703],[-78.886,51.667],[-78.922,51.599],[-78.875,51.413],[-78.824,51.32],[-78.59,51.052],[-78.503,50.999],[-78.407,51.017],[-78.322,51.076],[-78.211,51.299],[-78.129,51.521],[-78.11,51.605],[-78.118,51.629],[-78.2,51.664],[-78.281,51.673]]]}},{"type":"Feature","properties":{"density":1},"geometry":{"type":"Polygon","coordinates":[[[-78.939,50.249],[-79.009,50.263],[-79.154,50.244],[-79.238,50.174],[-79.314,50.025],[-79.313,49.958],[-79.215,49.83],[-79.149,49.766],[-79.066,49.736],[-78.951,49.735],[-78.763,49.806],[-78.543,50.117],[-78.539,50.159],[-78.555,50.185],[-78.791,50.235],[-78.939,50.249]]]}},{"type":"Feature","properties":{"density":1},"geometry":{"type":"Polygon","coordinates":[[[-78.425,50.65],[-78.622,50.655],[-78.723,50.638],[-78.819,50.597],[-78.857,50.525],[-78.855,50.482],[-78.802,50.437],[-78.693,50.269],[-78.481,50.183],[-78.393,50.183],[-78.318,50.221],[-78.25,50.339],[-78.219,50.467],[-78.219,50.501],[-78.245,50.531],[-78.307,50.581],[-78.346,50.593],[-78.391,50.642],[-78.425,50.65]]]}},{"type":"Feature","properties":{"density":1},"geometry":{"type":"Polygon","coordinates":[[[-78.123,50.536],[-78.159,50.528],[-78.175,50.508],[-78.173,50.464],[-78.15,50.442],[-78.09,50.459],[-78.07,50.482],[-78.077,50.534],[-78.123,50.536]]]}},{"type":"Feature","properties":{"density":1},"geometry":{"type":"Polygon","coordinates":[[[-79.026,50.949],[-79.255,50.909],[-79.274,50.89],[-79.293,50.806],[-79.252,50.654],[-79.219,50.614],[-79.151,50.608],[-79.069,50.632],[-78.935,50.76],[-78.922,50.83],[-78.941,50.923],[-79.026,50.949]]]}},{"type":"Feature","properties":{"density":1},"geometry":{"type":"Polygon","coordinates":[[[-77.017,52.036],[-77.151,52.06],[-77.307,52.051],[-77.351,52.026],[-77.369,51.953],[-77.274,51.944],[-77.115,51.964],[-77.03,51.996],[-77.017,52.036]]]}},{"type":"Feature","properties":{"density":1},"geometry":{"type":"Polygon","coordinates":[[[-77.598,47.771],[-77.932,47.759],[-78.078,47.693],[-78.119,47.621],[-78.09,47.593],[-77.959,47.531],[-77.846,47.509],[-77.804,47.517],[-77.722,47.577],[-77.581,47.721],[-77.572,47.751],[-77.598,47.771]]]}},{"type":"Feature","properties":{"density":1},"geometry":{"type":"Polygon","coordinates":[[[-89.067,52.206],[-89.11,52.323],[-89.153,52.522],[-89.139,52.683],[-89.122,52.705],[-88.992,52.719],[-88.837,52.648],[-88.777,52.613],[-88.609,52.45],[-88.59,52.415],[-88.591,52.314],[-88.701,52.252],[-89.017,52.186],[-89.067,52.206]]]}},{"type":"Feature","properties":{"density":1},"geometry":{"type":"Polygon","coordinates":[[[-88.921,51.723],[-89.122,51.96],[-89.151,52.033],[-89.145,52.137],[-89.112,52.201],[-89.074,52.242],[-89.004,52.278],[-88.901,52.297],[-88.853,52.294],[-88.796,52.267],[-88.642,52.137],[-88.539,52.115],[-88.461,52.066],[-88.318,51.941],[-88.302,51.908],[-88.313,51.836],[-88.412,51.78],[-88.68,51.744],[-88.769,51.705],[-88.921,51.723]]]}},{"type":"Feature","properties":{"density":1},"geometry":{"type":"Polygon","coordinates":[[[-89.648,51.541],[-89.691,51.643],[-89.685,51.77],[-89.655,51.902],[-89.614,52.014],[-89.571,52.068],[-89.517,52.096],[-89.46,52.09],[-89.38,52.016],[-89.331,51.918],[-89.187,51.851],[-89.146,51.794],[-89.138,51.732],[-89.169,51.577],[-89.195,51.539],[-89.233,51.518],[-89.407,51.494],[-89.61,51.523],[-89.648,51.541]]]}},{"type":"Feature","properties":{"density":1},"geometry":{"type":"Polygon","coordinates":[[[-89.759,51.383],[-89.78,51.453],[-89.776,51.559],[-89.741,51.621],[-89.713,51.625],[-89.68,51.568],[-89.682,51.389],[-89.705,51.368],[-89.759,51.383]]]}},{"type":"Feature","properties":{"density":1},"geometry":{"type":"Polygon","coordinates":[[[-91.43,48.531],[-91.541,48.59],[-91.671,48.791],[-91.682,48.885],[-91.656,48.933],[-91.628,48.943],[-91.533,48.903],[-91.295,48.626],[-91.305,48.572],[-91.34,48.528],[-91.376,48.518],[-91.43,48.531]]]}},{"type":"Feature","properties":{"density":1},"geometry":{"type":"Polygon","coordinates":[[[-90.957,48.898],[-91.039,48.973],[-91.079,49.036],[-91.092,49.092],[-91.046,49.15],[-90.986,49.138],[-90.911,49.048],[-90.893,48.919],[-90.92,48.899],[-90.957,48.898]]]}},{"type":"Feature","properties":{"density":1},"geometry":{"type":"Polygon","coordinates":[[[-93.988,56.92],[-94.187,57.175],[-94.437,57.543],[-94.569,57.802],[-94.578,57.894],[-94.526,57.98],[-94.452,58.02],[-94.209,58.088],[-93.979,58.122],[-93.77,58.07],[-93.655,57.942],[-93.63,57.744],[-93.651,57.498],[-93.73,57.268],[-93.784,56.946],[-93.819,56.906],[-93.888,56.882],[-93.988,56.92]]]}},{"type":"Feature","properties":{"density":1},"geometry":{"type":"Polygon","coordinates":[[[-95.202,56.956],[-95.292,57.171],[-95.315,57.299],[-95.319,57.403],[-95.287,57.474],[-95.246,57.479],[-95.173,57.414],[-95.126,57.212],[-95.109,57.09],[-95.109,56.894],[-95.165,56.879],[-95.202,56.956]]]}},{"type":"Feature","properties":{"density":1},"geometry":{"type":"Polygon","coordinates":[[[-96.844,58.974],[-96.722,59.028],[-96.668,59.023],[-96.632,58.989],[-96.614,58.848],[-96.644,58.741],[-96.826,58.423],[-96.865,58.253],[-96.941,58.201],[-97.004,58.211],[-97.055,58.228],[-97.096,58.264],[-97.19,58.381],[-97.192,58.483],[-97.117,58.669],[-97.006,58.863],[-96.932,58.938],[-96.844,58.974]]]}},{"type":"Feature","properties":{"density":1},"geometry":{"type":"Polygon","coordinates":[[[-76.72,21.176],[-76.849,21.207],[-76.934,21.249],[-77.053,21.38],[-77.048,21.427],[-77.014,21.461],[-76.956,21.484],[-76.794,21.442],[-76.72,21.354],[-76.671,21.21],[-76.686,21.174],[-76.72,21.176]]]}},{"type":"Feature","properties":{"density":1},"geometry":{"type":"Polygon","coordinates":[[[-80.675,39.462],[-80.397,39.473],[-80.223,39.446],[-80.029,39.487],[-79.856,39.503],[-79.784,39.476],[-79.765,39.453],[-79.766,39.409],[-79.773,39.361],[-79.805,39.32],[-79.917,39.246],[-80.16,39.172],[-80.582,39.173],[-80.674,39.183],[-80.844,39.232],[-80.867,39.258],[-80.872,39.296],[-80.844,39.372],[-80.675,39.462]]]}},{"type":"Feature","properties":{"density":1},"geometry":{"type":"Polygon","coordinates":[[[-100.134,59.379],[-100.182,59.629],[-100.177,59.837],[-100.127,59.944],[-100.086,59.978],[-100.041,59.999],[-99.929,60.014],[-99.78,59.929],[-99.758,59.873],[-99.759,59.746],[-99.833,59.459],[-99.891,59.356],[-100.003,59.297],[-100.046,59.29],[-100.099,59.312],[-100.134,59.379]]]}},{"type":"Feature","properties":{"density":1},"geometry":{"type":"Polygon","coordinates":[[[-93.778,30.706],[-93.653,30.776],[-93.523,30.817],[-93.346,30.819],[-93.276,30.78],[-93.289,30.721],[-93.333,30.69],[-93.484,30.639],[-93.76,30.652],[-93.79,30.678],[-93.778,30.706]]]}},{"type":"Feature","properties":{"density":1},"geometry":{"type":"Polygon","coordinates":[[[-122.53,49.866],[-122.344,49.905],[-122.179,49.961],[-121.758,50.03],[-121.381,50.05],[-120.555,50.007],[-120.134,49.924],[-119.866,49.843],[-119.468,49.798],[-119.196,49.816],[-119.047,49.877],[-118.355,50.089],[-117.963,50.19],[-117.626,50.241],[-117.309,50.315],[-116.887,50.345],[-116.789,50.291],[-116.762,50.19],[-116.782,49.994],[-116.91,49.771],[-117.15,49.586],[-117.407,49.451],[-118.282,49.078],[-118.484,49.0],[-118.859,48.919],[-119.274,48.869],[-119.493,48.865],[-120.138,48.913],[-120.752,49.096],[-121.243,49.177],[-121.45,49.177],[-121.605,49.141],[-121.9,49.033],[-122.158,48.9],[-122.545,48.74],[-122.788,48.673],[-122.887,48.677],[-123.261,48.748],[-123.474,48.836],[-123.515,48.893],[-123.513,48.98],[-123.46,49.203],[-123.364,49.413],[-123.057,49.613],[-122.991,49.687],[-122.856,49.792],[-122.775,49.831],[-122.63,49.865],[-122.53,49.866]]]}},{"type":"Feature","properties":{"density":1},"geometry":{"type":"Polygon","coordinates":[[[-121.693,61.969],[-121.618,61.969],[-121.496,61.942],[-121.244,61.856],[-120.692,61.598],[-120.288,61.38],[-120.162,61.268],[-120.135,61.211],[-120.13,61.161],[-120.169,61.067],[-120.251,60.993],[-120.32,60.988],[-120.556,61.052],[-120.675,61.117],[-120.853,61.184],[-121.002,61.296],[-121.75,61.733],[-121.813,61.795],[-121.829,61.883],[-121.805,61.926],[-121.693,61.969]]]}},{"type":"Feature","properties":{"density":1},"geometry":{"type":"Polygon","coordinates":[[[-110.125,37.857],[-110.058,38.178],[-109.942,38.448],[-109.848,38.538],[-109.734,38.61],[-109.617,38.656],[-108.83,38.643],[-108.664,38.656],[-108.158,38.761],[-107.216,38.862],[-106.961,38.968],[-106.729,39.183],[-106.645,39.301],[-106.523,39.389],[-106.355,39.409],[-105.926,39.375],[-105.588,39.254],[-105.291,39.075],[-104.772,38.494],[-103.784,37.907],[-103.01,37.406],[-102.767,37.173],[-102.407,36.687],[-102.296,36.434],[-102.119,36.186],[-101.984,35.759],[-102.069,35.527],[-102.251,35.435],[-102.571,35.383],[-103.059,35.516],[-104.164,36.287],[-104.427,36.53],[-104.772,36.93],[-105.458,37.542],[-105.712,37.671],[-105.984,37.713],[-106.149,37.716],[-106.626,37.628],[-107.058,37.61],[-107.237,37.678],[-107.625,37.893],[-107.738,37.901],[-107.889,37.851],[-107.931,37.817],[-108.016,37.669],[-108.064,37.617],[-108.129,37.577],[-108.207,37.562],[-108.479,37.56],[-108.685,37.597],[-108.818,37.642],[-108.965,37.719],[-109.085,37.741],[-109.231,37.744],[-109.696,37.651],[-109.858,37.654],[-109.981,37.706],[-110.113,37.813],[-110.125,37.857]]]}},{"type":"Feature","properties":{"density":1},"geometry":{"type":"Polygon","coordinates":[[[-120.218,47.711],[-120.387,47.797],[-120.412,47.845],[-120.412,47.892],[-120.38,47.911],[-120.316,47.898],[-120.175,47.857],[-120.107,47.82],[-120.101,47.765],[-120.184,47.708],[-120.218,47.711]]]}},{"type":"Feature","properties":{"density":1},"geometry":{"type":"Polygon","coordinates":[[[-118.499,45.697],[-118.455,45.714],[-118.381,45.693],[-118.316,45.598],[-118.314,45.55],[-118.368,45.536],[-118.466,45.577],[-118.515,45.654],[-118.499,45.697]]]}},{"type":"Feature","properties":{"density":1},"geometry":{"type":"Polygon","coordinates":[[[-69.567,53.523],[-69.504,53.501],[-69.42,53.438],[-69.348,53.332],[-69.299,53.235],[-69.265,53.03],[-69.164,52.297],[-69.18,52.178],[-69.222,52.099],[-69.283,52.054],[-69.337,52.036],[-69.517,52.13],[-69.585,52.22],[-69.645,52.342],[-69.72,52.567],[-69.713,52.794],[-69.666,53.172],[-69.675,53.456],[-69.656,53.499],[-69.628,53.517],[-69.567,53.523]]]}},{"type":"Feature","properties":{"density":1},"geometry":{"type":"Polygon","coordinates":[[[-68.999,53.302],[-68.909,53.251],[-68.823,53.123],[-68.681,52.644],[-68.646,52.514],[-68.648,52.455],[-68.739,52.383],[-68.796,52.407],[-68.853,52.463],[-68.928,52.62],[-69.038,52.926],[-69.066,53.052],[-69.072,53.202],[-69.055,53.27],[-69.032,53.297],[-68.999,53.302]]]}},{"type":"Feature","properties":{"density":1},"geometry":{"type":"Polygon","coordinates":[[[-68.416,53.274],[-68.348,53.22],[-68.062,52.826],[-67.986,52.698],[-67.93,52.552],[-67.914,52.167],[-67.972,52.113],[-68.033,52.086],[-68.128,52.106],[-68.184,52.156],[-68.377,52.649],[-68.443,52.856],[-68.499,53.182],[-68.494,53.246],[-68.458,53.274],[-68.416,53.274]]]}},{"type":"Feature","properties":{"density":1},"geometry":{"type":"Polygon","coordinates":[[[-118.36,66.573],[-118.241,66.626],[-117.92,66.626],[-117.163,66.554],[-116.074,66.519],[-115.818,66.492],[-115.163,66.384],[-114.708,66.332],[-114.366,66.233],[-114.218,66.17],[-114.218,66.102],[-114.234,65.996],[-114.312,65.931],[-114.54,65.852],[-114.83,65.839],[-115.284,65.918],[-115.505,65.974],[-116.495,66.1],[-116.71,66.083],[-118.251,66.443],[-118.378,66.494],[-118.384,66.532],[-118.36,66.573]]]}},{"type":"Feature","properties":{"density":1},"geometry":{"type":"Polygon","coordinates":[[[-121.546,65.211],[-121.482,65.245],[-121.442,65.243],[-121.19,65.145],[-120.79,65.067],[-120.714,65.012],[-120.755,64.934],[-120.812,64.914],[-120.903,64.907],[-121.117,64.95],[-121.559,65.125],[-121.588,65.165],[-121.581,65.189],[-121.546,65.211]]]}},{"type":"Feature","properties":{"density":1},"geometry":{"type":"Polygon","coordinates":[[[-119.941,63.923],[-119.79,63.915],[-119.539,63.846],[-119.141,63.664],[-118.766,63.387],[-118.504,63.101],[-118.334,62.838],[-118.3,62.741],[-118.277,62.516],[-118.282,62.428],[-118.318,62.334],[-118.367,62.228],[-118.433,62.167],[-118.567,62.158],[-118.664,62.181],[-118.781,62.242],[-118.939,62.368],[-119.317,62.748],[-119.605,63.166],[-119.677,63.324],[-119.803,63.522],[-120.023,63.767],[-120.034,63.815],[-120.014,63.876],[-119.941,63.923]]]}},{"type":"Feature","properties":{"density":1},"geometry":{"type":"Polygon","coordinates":[[[-122.194,66.682],[-121.848,66.668],[-121.704,66.637],[-121.395,66.469],[-121.357,66.413],[-121.353,66.365],[-121.411,66.337],[-121.485,66.346],[-121.641,66.382],[-121.933,66.487],[-122.224,66.611],[-122.239,66.649],[-122.194,66.682]]]}},{"type":"Feature","properties":{"density":1},"geometry":{"type":"Polygon","coordinates":[[[-77.571,21.727],[-77.728,21.631],[-77.76,21.581],[-77.765,21.524],[-77.664,21.562],[-77.602,21.615],[-77.545,21.7],[-77.55,21.72],[-77.571,21.727]]]}},{"type":"Feature","properties":{"density":1},"geometry":{"type":"Polygon","coordinates":[[[-109.778,39.275],[-108.811,39.903],[-108.462,40.161],[-108.052,40.384],[-107.135,40.713],[-106.822,40.774],[-105.774,40.748],[-104.48,40.5],[-103.804,40.105],[-103.44,39.786],[-102.847,39.224],[-102.331,38.556],[-102.134,38.017],[-101.853,37.447],[-101.503,36.961],[-100.949,36.468],[-100.569,36.179],[-99.8,35.71],[-99.14,35.54],[-98.878,35.437],[-98.616,35.3],[-98.559,35.095],[-98.65,34.776],[-99.037,34.537],[-100.772,34.154],[-101.091,34.108],[-102.322,34.07],[-102.848,34.308],[-103.501,35.181],[-103.873,35.834],[-104.116,36.184],[-104.541,36.472],[-104.868,36.639],[-105.141,36.746],[-106.32,37.018],[-106.662,37.175],[-106.83,37.286],[-107.055,37.331],[-107.186,37.319],[-107.316,37.274],[-107.42,37.11],[-107.51,37.013],[-107.648,37.02],[-108.111,37.28],[-108.532,37.402],[-109.504,37.297],[-109.68,37.31],[-109.849,37.361],[-109.984,37.462],[-110.139,37.655],[-110.2,37.803],[-110.26,38.026],[-110.294,38.195],[-110.298,38.404],[-110.277,38.583],[-110.082,38.93],[-109.778,39.275]]]}},{"type":"Feature","properties":{"density":1},"geometry":{"type":"Polygon","coordinates":[[[-87.85,55.127],[-87.928,55.369],[-88.002,55.521],[-88.017,55.643],[-88.057,55.786],[-88.06,55.887],[-87.978,56.125],[-87.925,56.199],[-87.8,56.203],[-87.411,56.092],[-87.278,56.002],[-87.201,55.837],[-87.2,55.73],[-87.302,55.561],[-87.578,55.309],[-87.647,55.228],[-87.678,55.174],[-87.694,55.082],[-87.79,55.066],[-87.85,55.127]]]}},{"type":"Feature","properties":{"density":1},"geometry":{"type":"Polygon","coordinates":[[[-89.711,51.551],[-89.703,51.852],[-89.629,52.046],[-89.565,52.102],[-89.406,52.093],[-89.213,51.945],[-89.205,51.899],[-89.254,51.732],[-89.305,51.658],[-89.399,51.575],[-89.562,51.483],[-89.641,51.488],[-89.711,51.551]]]}},{"type":"Feature","properties":{"density":1},"geometry":{"type":"Polygon","coordinates":[[[-89.02,51.745],[-89.217,52.048],[-89.524,52.32],[-89.578,52.556],[-89.588,52.796],[-89.548,52.934],[-89.453,53.109],[-89.207,53.393],[-89.078,53.514],[-88.893,53.68],[-88.734,53.747],[-88.636,53.761],[-88.535,53.741],[-88.43,53.687],[-88.187,53.501],[-88.073,53.369],[-88.012,53.123],[-87.931,52.941],[-87.634,52.677],[-87.56,52.556],[-87.509,52.448],[-87.51,52.206],[-87.535,52.118],[-87.602,52.022],[-87.708,51.954],[-88.393,51.689],[-88.517,51.654],[-88.756,51.621],[-88.955,51.687],[-89.02,51.745]]]}},{"type":"Feature","properties":{"density":1},"geometry":{"type":"Polygon","coordinates":[[[-104.237,53.246],[-103.603,53.189],[-102.392,52.785],[-101.527,52.266],[-101.008,51.747],[-100.431,50.997],[-100.085,50.305],[-99.797,49.325],[-99.682,48.345],[-99.912,47.076],[-100.201,45.981],[-100.547,45.231],[-101.181,44.597],[-102.853,43.443],[-103.833,43.097],[-104.987,42.867],[-106.025,42.694],[-107.236,42.636],[-108.274,42.521],[-109.312,42.29],[-110.407,41.829],[-111.099,41.194],[-111.503,40.099],[-111.445,38.945],[-110.753,37.734],[-109.715,36.581],[-108.331,35.947],[-107.293,35.716],[-106.14,35.37],[-104.814,34.851],[-103.949,34.102],[-103.487,33.237],[-102.968,32.314],[-102.449,31.276],[-101.7,30.411],[-100.777,29.719],[-99.739,29.373],[-98.701,29.2],[-97.49,29.431],[-96.452,29.892],[-95.299,30.353],[-94.03,30.469],[-93.165,30.411],[-91.781,29.719],[-91.262,29.027],[-90.628,28.277],[-90.167,27.816],[-89.302,27.355],[-88.379,27.239],[-87.572,27.182],[-86.592,27.297],[-85.784,27.643],[-84.746,27.931],[-84.112,28.277],[-83.371,28.529],[-83.08,28.803],[-82.705,28.974],[-82.346,29.025],[-80.705,29.025],[-80.107,29.059],[-79.475,29.196],[-78.16,29.606],[-77.476,29.93],[-76.69,30.494],[-76.075,31.058],[-75.477,31.571],[-74.862,32.203],[-74.35,32.767],[-73.666,33.382],[-72.88,33.98],[-72.163,34.441],[-71.308,34.749],[-70.317,34.954],[-69.378,35.056],[-68.634,34.928],[-67.789,34.646],[-67.045,34.21],[-66.456,33.749],[-65.508,33.134],[-64.764,32.775],[-63.995,32.442],[-62.97,32.083],[-60.561,31.622],[-59.434,31.468],[-57.998,31.443],[-56.589,31.494],[-54.615,32.058],[-53.334,32.698],[-52.129,33.518],[-50.848,34.467],[-49.951,35.364],[-49.233,36.286],[-48.772,37.081],[-48.336,37.901],[-47.875,38.824],[-47.824,39.054],[-47.772,39.541],[-47.772,40.643],[-47.849,41.156],[-48.08,41.515],[-48.439,41.668],[-48.926,41.668],[-49.541,41.592],[-50.053,41.361],[-50.566,41.053],[-51.002,40.746],[-52.283,39.9],[-52.821,39.593],[-53.359,39.259],[-54.077,38.926],[-54.743,38.747],[-55.192,38.68],[-55.41,39.182],[-55.461,40.515],[-55.256,41.053],[-54.923,41.489],[-54.538,41.874],[-54.231,42.207],[-53.641,42.976],[-53.513,43.488],[-53.564,43.975],[-53.77,44.462],[-54.205,44.821],[-54.731,45.112],[-55.884,45.548],[-56.448,45.795],[-56.986,45.795],[-57.601,45.564],[-58.87,45.026],[-59.6,44.795],[-60.638,44.565],[-61.907,44.449],[-63.06,44.526],[-64.175,44.795],[-65.328,45.218],[-66.789,45.833],[-67.789,46.525],[-68.891,47.538],[-69.121,48.037],[-69.429,48.96],[-69.506,50.036],[-69.352,50.997],[-68.929,51.689],[-68.506,52.189],[-67.891,52.612],[-66.93,53.073],[-66.084,53.458],[-62.778,54.457],[-61.779,54.919],[-60.279,56.149],[-59.703,57.071],[-59.28,57.84],[-59.164,58.814],[-59.216,59.199],[-59.498,59.788],[-59.779,60.275],[-60.241,60.916],[-60.677,61.582],[-60.83,62.351],[-60.779,62.94],[-60.6,63.581],[-60.471,64.299],[-60.446,65.196],[-60.625,66.042],[-62.829,68.476],[-63.252,68.899],[-63.829,69.514],[-64.559,70.206],[-65.367,70.783],[-66.212,71.283],[-67.097,71.706],[-68.404,72.128],[-69.595,72.474],[-71.018,72.859],[-72.594,73.205],[-74.631,73.512],[-78.476,73.858],[-80.436,74.012],[-82.858,74.166],[-84.857,74.204],[-89.355,74.358],[-91.008,74.358],[-93.93,74.281],[-95.545,73.935],[-96.813,73.589],[-97.928,73.205],[-101.273,72.436],[-103.349,72.205],[-105.463,71.936],[-110.307,71.859],[-111.191,71.782],[-112.46,71.59],[-113.767,71.513],[-115.035,71.36],[-116.073,71.129],[-117.227,70.937],[-118.611,70.744],[-119.841,70.475],[-121.955,69.86],[-123.454,69.361],[-124.185,69.168],[-124.877,68.861],[-125.723,68.515],[-126.415,68.13],[-127.107,67.592],[-127.491,66.9],[-127.645,66.208],[-127.529,65.439],[-127.299,64.709],[-126.761,63.902],[-125.915,63.017],[-125.031,62.287],[-124.223,61.979],[-122.955,61.364],[-121.955,60.711],[-121.34,60.096],[-120.661,58.033],[-120.661,57.533],[-120.546,56.841],[-120.353,56.149],[-120.084,55.611],[-119.777,55.226],[-119.162,54.688],[-118.662,54.38],[-118.124,54.188],[-117.355,53.958],[-116.586,53.804],[-115.856,53.727],[-115.087,53.688],[-114.356,53.727],[-112.28,53.881],[-110.935,53.958],[-110.089,54.034],[-108.859,54.073],[-107.513,53.996],[-107.475,53.958],[-104.237,53.246]]]}},{"type":"Feature","properties":{"density":1},"geometry":{"type":"Polygon","coordinates":[[[-91.51,48.376],[-91.652,48.576],[-91.693,48.66],[-91.733,49.018],[-91.706,49.194],[-91.675,49.264],[-91.639,49.34],[-91.47,49.549],[-91.306,49.657],[-91.234,49.693],[-91.103,49.696],[-90.998,49.684],[-90.91,49.651],[-90.818,49.522],[-90.563,49.34],[-90.449,49.216],[-90.433,49.126],[-90.444,49.066],[-90.536,48.953],[-90.838,48.82],[-90.887,48.736],[-90.84,48.603],[-90.831,48.427],[-90.865,48.245],[-90.946,48.189],[-91.247,48.166],[-91.337,48.187],[-91.426,48.254],[-91.51,48.376]]]}},{"type":"Feature","properties":{"density":1},"geometry":{"type":"Polygon","coordinates":[[[-121.625,50.139],[-121.49,50.148],[-121.204,50.065],[-120.988,49.955],[-120.671,49.734],[-120.318,49.591],[-119.918,49.495],[-118.982,49.429],[-118.399,49.495],[-117.696,49.829],[-116.845,50.436],[-116.612,50.548],[-116.238,50.674],[-115.985,50.725],[-115.747,50.715],[-115.549,50.634],[-115.233,50.262],[-115.191,50.048],[-115.289,49.724],[-115.488,49.41],[-116.031,48.828],[-116.188,48.575],[-116.512,48.139],[-117.039,47.998],[-117.591,47.972],[-118.289,48.018],[-118.983,48.144],[-119.297,48.23],[-119.848,48.313],[-120.233,48.529],[-120.551,48.766],[-121.439,49.123],[-121.624,49.123],[-121.823,49.09],[-122.441,48.772],[-122.782,48.671],[-122.998,48.58],[-123.183,48.54],[-123.254,48.509],[-123.632,48.469],[-123.74,48.499],[-123.899,48.61],[-124.031,48.776],[-124.108,48.931],[-124.199,49.262],[-124.176,49.393],[-124.108,49.454],[-123.791,49.555],[-123.588,49.593],[-123.15,49.636],[-122.91,49.701],[-122.627,49.812],[-122.245,50.018],[-121.925,50.146],[-121.725,50.156],[-121.625,50.139]]]}},{"type":"Feature","properties":{"density":1},"geometry":{"type":"Polygon","coordinates":[[[-118.61,47.701],[-118.227,47.671],[-118.025,47.619],[-117.918,47.554],[-117.878,47.485],[-117.896,47.46],[-117.971,47.443],[-118.113,47.449],[-118.476,47.517],[-118.652,47.641],[-118.653,47.665],[-118.61,47.701]]]}},{"type":"Feature","properties":{"density":1},"geometry":{"type":"Polygon","coordinates":[[[-118.429,45.687],[-118.22,45.533],[-118.14,45.419],[-118.142,45.346],[-118.228,45.346],[-118.296,45.371],[-118.435,45.466],[-118.498,45.594],[-118.499,45.649],[-118.494,45.678],[-118.474,45.691],[-118.429,45.687]]]}},{"type":"Feature","properties":{"density":1},"geometry":{"type":"Polygon","coordinates":[[[-128.842,67.753],[-127.305,69.175],[-124.575,71.059],[-116.002,72.712],[-102.586,74.25],[-91.437,73.25],[-77.943,73.135],[-72.946,72.481],[-68.909,72.327],[-66.372,71.443],[-62.983,70.211],[-61.154,68.708],[-59.788,66.914],[-58.491,64.639],[-57.415,63.524],[-55.569,61.832],[-52.878,58.449],[-51.533,56.835],[-50.764,55.566],[-50.572,54.105],[-51.187,51.991],[-54.531,49.992],[-55.646,49.185],[-56.684,48.223],[-57.222,47.147],[-57.107,46.224],[-56.146,45.225],[-53.378,44.418],[-51.456,43.802],[-44.575,43.764],[-42.691,44.379],[-40.615,45.571],[-38.193,46.301],[-35.54,46.494],[-33.657,46.417],[-31.196,45.648],[-28.659,44.11],[-27.621,42.265],[-27.006,39.036],[-27.237,36.921],[-29.044,35.383],[-32.926,34.038],[-38.001,32.5],[-49.342,31.462],[-55.915,31.751],[-58.28,31.751],[-63.162,32.558],[-64.853,32.942],[-67.468,33.058],[-69.659,32.656],[-71.009,32.229],[-73.042,31.221],[-74.084,30.469],[-75.4,29.564],[-78.535,28.666],[-79.97,28.376],[-83.541,27.488],[-84.583,27.385],[-85.711,27.043],[-86.582,26.753],[-90.534,26.589],[-91.024,26.441],[-91.309,26.134],[-91.411,25.735],[-91.183,25.143],[-91.047,24.96],[-90.534,24.63],[-90.169,24.06],[-89.987,23.434],[-90.377,20.781],[-90.461,20.379],[-90.514,19.49],[-90.74,16.578],[-90.518,15.536],[-90.142,14.579],[-89.954,13.417],[-90.398,12.631],[-91.953,12.17],[-93.542,12.324],[-94.789,12.529],[-95.609,12.324],[-96.634,11.606],[-98.48,10.53],[-99.59,10.085],[-101.914,9.761],[-103.588,9.727],[-105.502,10.53],[-106.322,11.333],[-107.04,12.477],[-111.473,15.109],[-112.135,16.681],[-111.965,17.193],[-111.332,18.287],[-110.991,19.004],[-110.717,19.842],[-110.581,20.73],[-110.581,21.755],[-110.347,23.316],[-110.746,24.307],[-110.837,26.511],[-110.376,27.365],[-109.624,27.638],[-108.821,27.399],[-107.847,26.459],[-106.19,24.123],[-105.395,22.765],[-105.096,20.458],[-104.942,20.082],[-104.447,19.365],[-103.866,18.92],[-102.465,18.322],[-101.867,18.254],[-101.235,18.134],[-100.722,17.946],[-99.253,17.571],[-98.945,17.571],[-98.467,17.724],[-98.108,18.083],[-97.937,18.835],[-98.569,19.792],[-99.099,20.561],[-99.714,21.62],[-100.124,22.987],[-100.312,24.114],[-100.312,25.379],[-101.113,30.09],[-102.215,32.448],[-104.701,34.601],[-106.777,35.472],[-109.16,36.395],[-110.544,37.164],[-111.313,38.599],[-111.108,40.239],[-109.673,41.341],[-106.956,42.008],[-105.048,44.32],[-104.906,46.365],[-105.103,48.16],[-106.64,49.595],[-112.284,51.231],[-117.022,53.139],[-118.304,54.113],[-119.431,54.908],[-121.046,55.676],[-122.225,56.445],[-124.813,59.145],[-126.505,61.588],[-128.367,64.031],[-128.88,65.347],[-128.982,67.295],[-128.842,67.753]]]}},{"type":"Feature","properties":{"density":1},"geometry":{"type":"Polygon","coordinates":[[[-120.26,47.762],[-120.494,47.979],[-120.502,48.035],[-120.481,48.096],[-120.418,48.104],[-120.322,48.086],[-120.083,47.972],[-119.812,47.903],[-119.776,47.859],[-119.785,47.823],[-119.822,47.792],[-120.007,47.745],[-120.149,47.73],[-120.26,47.762]]]}},{"type":"Feature","properties":{"density":1},"geometry":{"type":"Polygon","coordinates":[[[-111.914,35.016],[-111.84,35.127],[-111.608,35.329],[-111.494,35.39],[-111.383,35.408],[-111.305,35.392],[-111.26,35.336],[-111.262,35.246],[-111.359,35.147],[-111.777,34.911],[-111.845,34.908],[-111.894,34.935],[-111.921,34.96],[-111.914,35.016]]]}},{"type":"Feature","properties":{"density":2},"geometry":{"type":"Polygon","coordinates":[[[-81.513,39.274],[-81.552,39.238],[-81.54,39.214],[-81.508,39.203],[-81.364,39.209],[-81.192,39.175],[-81.003,39.188],[-80.766,39.296],[-80.746,39.352],[-80.773,39.415],[-80.845,39.482],[-80.943,39.494],[-80.995,39.481],[-81.315,39.322],[-81.513,39.274]]]}},{"type":"Feature","properties":{"density":2},"geometry":{"type":"Polygon","coordinates":[[[-105.053,38.009],[-105.111,37.955],[-105.111,37.928],[-105.064,37.877],[-104.797,37.847],[-104.706,37.894],[-104.632,37.958],[-104.584,38.029],[-104.567,38.096],[-104.621,38.14],[-104.716,38.134],[-104.908,38.049],[-105.053,38.009]]]}},{"type":"Feature","properties":{"density":2},"geometry":{"type":"Polygon","coordinates":[[[-106.311,39.381],[-106.385,39.377],[-106.446,39.343],[-106.56,39.32],[-106.604,39.286],[-106.594,39.222],[-106.486,39.127],[-106.432,39.03],[-106.392,39.013],[-106.29,39.023],[-106.233,39.063],[-106.203,39.269],[-106.23,39.327],[-106.311,39.381]]]}},{"type":"Feature","properties":{"density":2},"geometry":{"type":"Polygon","coordinates":[[[-107.833,38.977],[-107.909,39.018],[-107.954,39.023],[-108.066,38.977],[-108.137,38.967],[-108.552,39.175],[-108.638,39.175],[-108.688,39.134],[-108.688,39.048],[-108.663,38.927],[-108.617,38.825],[-108.476,38.653],[-108.329,38.532],[-107.99,38.385],[-107.919,38.339],[-107.873,38.279],[-107.797,38.137],[-107.767,38.046],[-107.701,37.752],[-107.534,37.636],[-107.392,37.585],[-107.306,37.595],[-107.24,37.636],[-107.17,37.788],[-107.19,37.985],[-107.18,38.071],[-107.099,38.228],[-107.084,38.37],[-107.185,38.542],[-107.468,38.81],[-107.833,38.977]]]}},{"type":"Feature","properties":{"density":2},"geometry":{"type":"Polygon","coordinates":[[[-108.601,38.26],[-108.712,38.301],[-108.849,38.321],[-108.98,38.285],[-109.046,38.24],[-109.041,38.068],[-109.001,37.972],[-109.001,37.901],[-109.061,37.779],[-109.112,37.718],[-109.269,37.622],[-109.36,37.521],[-109.38,37.47],[-109.38,37.415],[-109.35,37.374],[-109.294,37.359],[-109.147,37.384],[-108.945,37.501],[-108.823,37.546],[-108.504,37.551],[-108.388,37.612],[-108.307,37.723],[-108.287,37.779],[-108.277,37.84],[-108.287,37.906],[-108.368,38.032],[-108.601,38.26]]]}},{"type":"Feature","properties":{"density":2},"geometry":{"type":"Polygon","coordinates":[[[-109.22,38.589],[-109.274,38.558],[-109.322,38.494],[-109.423,38.281],[-109.595,38.096],[-109.656,38.008],[-109.673,37.907],[-109.663,37.843],[-109.636,37.799],[-109.588,37.779],[-109.467,37.782],[-109.143,37.89],[-109.102,38.173],[-108.984,38.403],[-108.964,38.477],[-108.977,38.531],[-109.028,38.562],[-109.22,38.589]]]}},{"type":"Feature","properties":{"density":2},"geometry":{"type":"Polygon","coordinates":[[[-109.745,37.946],[-109.809,37.949],[-109.88,37.908],[-109.984,37.888],[-110.018,37.861],[-110.015,37.797],[-109.923,37.719],[-109.849,37.689],[-109.731,37.696],[-109.674,37.716],[-109.626,37.773],[-109.626,37.885],[-109.745,37.946]]]}},{"type":"Feature","properties":{"density":2},"geometry":{"type":"Polygon","coordinates":[[[-118.564,50.811],[-118.803,50.777],[-119.401,50.555],[-119.863,50.486],[-120.17,50.452],[-120.426,50.452],[-121.127,50.503],[-121.434,50.503],[-121.691,50.452],[-121.879,50.384],[-122.067,50.281],[-122.255,50.093],[-122.357,49.94],[-122.408,49.803],[-122.425,49.512],[-122.289,49.376],[-122.101,49.324],[-121.298,49.273],[-121.059,49.239],[-120.785,49.171],[-120.529,49.154],[-120.221,49.205],[-119.931,49.324],[-119.623,49.41],[-119.316,49.461],[-119.008,49.444],[-118.444,49.324],[-118.051,49.307],[-117.727,49.393],[-117.385,49.53],[-117.095,49.717],[-116.821,49.974],[-116.65,50.179],[-116.24,50.794],[-115.882,51.033],[-114.925,51.768],[-114.139,52.246],[-113.695,52.434],[-113.011,52.639],[-112.635,52.725],[-112.242,52.776],[-111.764,52.81],[-109.936,52.776],[-109.543,52.742],[-109.201,52.69],[-108.979,52.639],[-108.5,52.605],[-108.449,52.725],[-108.5,52.81],[-108.62,52.878],[-108.791,52.93],[-109.047,52.947],[-109.714,53.032],[-110.158,53.066],[-110.687,53.083],[-111.61,53.066],[-112.652,52.998],[-113.592,52.844],[-114.036,52.742],[-114.515,52.605],[-114.891,52.468],[-115.164,52.315],[-115.574,51.922],[-115.864,51.682],[-116.24,51.443],[-116.599,51.255],[-116.975,51.101],[-117.368,50.999],[-117.932,50.931],[-118.564,50.811]]]}},{"type":"Feature","properties":{"density":2},"geometry":{"type":"Polygon","coordinates":[[[-120.691,64.467],[-120.862,64.433],[-121.033,64.364],[-122.263,63.698],[-122.502,63.493],[-122.724,62.98],[-122.912,62.792],[-123.271,62.69],[-123.647,62.639],[-123.869,62.553],[-123.92,62.348],[-123.886,62.092],[-123.63,61.801],[-123.356,61.716],[-123.032,61.648],[-122.639,61.613],[-122.28,61.682],[-121.853,61.716],[-121.203,61.904],[-120.366,61.955],[-120.059,62.006],[-119.717,62.126],[-119.58,62.263],[-119.546,62.451],[-119.768,62.587],[-120.298,62.707],[-120.503,62.792],[-120.571,62.946],[-120.503,63.134],[-119.717,63.425],[-119.409,63.578],[-118.777,63.988],[-118.453,64.176],[-117.82,64.433],[-116.607,64.757],[-115.856,65.014],[-115.445,65.116],[-115.07,65.253],[-114.779,65.424],[-114.642,65.646],[-114.694,65.782],[-114.95,65.8],[-115.258,65.782],[-115.582,65.731],[-115.907,65.646],[-116.419,65.56],[-116.932,65.424],[-118.641,64.877],[-119.444,64.569],[-119.768,64.484],[-120.076,64.467],[-120.417,64.484],[-120.691,64.467]]]}},{"type":"Feature","properties":{"density":2},"geometry":{"type":"Polygon","coordinates":[[[-110.234,67.73],[-110.644,67.679],[-111.849,67.371],[-113.54,66.987],[-114.437,66.884],[-115.155,66.731],[-116.77,66.244],[-117.41,66.013],[-117.923,65.808],[-118.615,65.603],[-119.281,65.501],[-119.973,65.347],[-120.691,65.219],[-121.921,64.885],[-122.408,64.578],[-123.228,64.014],[-123.715,63.809],[-124.202,63.63],[-124.663,63.425],[-124.997,63.143],[-125.048,62.758],[-125.048,62.323],[-124.766,61.912],[-124.433,61.605],[-124.023,61.323],[-123.484,61.246],[-122.844,61.195],[-121.921,61.169],[-121.152,61.169],[-120.486,61.015],[-119.948,60.81],[-119.256,60.631],[-118.307,60.503],[-117.564,60.529],[-116.872,60.657],[-116.513,60.759],[-115.514,61.118],[-114.924,61.528],[-114.514,61.784],[-114.181,62.092],[-114.053,62.399],[-114.053,62.681],[-114.104,63.015],[-114.13,63.348],[-113.899,63.681],[-113.54,64.04],[-113.13,64.398],[-112.72,64.783],[-112.31,65.244],[-111.721,65.731],[-110.901,65.987],[-110.234,66.218],[-109.747,66.5],[-109.44,66.833],[-109.363,67.192],[-109.44,67.474],[-109.696,67.602],[-110.234,67.73]]]}},{"type":"Feature","properties":{"density":2},"geometry":{"type":"Polygon","coordinates":[[[-103.102,67.463],[-103.602,67.501],[-104.409,67.463],[-105.024,67.347],[-105.601,67.155],[-107.946,66.079],[-108.561,65.771],[-109.099,65.387],[-109.599,64.695],[-109.83,63.887],[-109.599,62.926],[-109.023,62.196],[-108.292,61.658],[-107.446,61.158],[-106.678,60.927],[-105.601,60.504],[-104.678,60.081],[-103.717,59.735],[-102.833,59.351],[-101.987,58.736],[-101.372,58.005],[-100.642,56.929],[-100.065,56.16],[-99.45,55.584],[-98.566,55.161],[-97.797,55.045],[-97.22,55.084],[-96.567,55.199],[-96.183,55.737],[-95.99,56.429],[-95.99,57.314],[-96.106,58.159],[-96.452,58.774],[-97.028,59.274],[-97.836,59.812],[-98.835,60.274],[-101.18,60.966],[-102.141,61.35],[-102.987,61.965],[-103.564,62.542],[-103.602,63.157],[-103.295,63.887],[-102.718,64.426],[-101.987,64.848],[-100.68,65.656],[-100.373,66.04],[-100.257,66.501],[-100.488,66.886],[-100.949,67.155],[-101.834,67.424],[-102.141,67.539],[-103.102,67.463]]]}},{"type":"Feature","properties":{"density":2},"geometry":{"type":"Polygon","coordinates":[[[-97.464,57.554],[-97.504,57.581],[-97.542,57.55],[-97.542,57.503],[-97.498,57.385],[-97.42,57.297],[-97.383,57.277],[-97.295,57.253],[-97.265,57.27],[-97.261,57.297],[-97.288,57.345],[-97.349,57.399],[-97.464,57.554]]]}},{"type":"Feature","properties":{"density":2},"geometry":{"type":"Polygon","coordinates":[[[-97.744,57.82],[-97.805,57.824],[-97.886,57.783],[-97.913,57.706],[-97.92,57.618],[-97.903,57.594],[-97.879,57.594],[-97.812,57.716],[-97.7,57.766],[-97.7,57.804],[-97.714,57.82],[-97.744,57.82]]]}},{"type":"Feature","properties":{"density":2},"geometry":{"type":"Polygon","coordinates":[[[-97.974,57.517],[-98.021,57.547],[-98.055,57.51],[-98.034,57.388],[-98.041,57.253],[-98.007,57.25],[-97.963,57.321],[-97.95,57.466],[-97.974,57.517]]]}},{"type":"Feature","properties":{"density":2},"geometry":{"type":"Polygon","coordinates":[[[-97.844,58.245],[-97.881,58.25],[-97.934,58.229],[-98.013,58.164],[-98.034,58.055],[-98.009,58.011],[-97.959,57.999],[-97.89,58.022],[-97.797,58.179],[-97.808,58.223],[-97.844,58.245]]]}},{"type":"Feature","properties":{"density":2},"geometry":{"type":"Polygon","coordinates":[[[-91.03,49.302],[-91.07,49.359],[-91.135,49.413],[-91.203,49.431],[-91.279,49.426],[-91.428,49.35],[-91.59,49.152],[-91.621,49.073],[-91.646,48.924],[-91.639,48.751],[-91.599,48.697],[-91.471,48.67],[-91.417,48.524],[-91.345,48.517],[-91.32,48.639],[-91.36,48.713],[-91.43,48.792],[-91.435,48.85],[-91.396,48.906],[-91.351,48.933],[-91.243,48.927],[-91.158,48.837],[-91.084,48.812],[-90.958,48.83],[-90.886,48.897],[-90.859,48.994],[-90.87,49.055],[-90.935,49.21],[-91.03,49.302]]]}},{"type":"Feature","properties":{"density":2},"geometry":{"type":"Polygon","coordinates":[[[-88.59,52.644],[-88.666,52.659],[-88.773,52.636],[-88.871,52.56],[-88.985,52.447],[-89.251,52.029],[-89.388,51.885],[-89.676,51.657],[-89.851,51.482],[-89.934,51.353],[-89.98,51.171],[-89.965,50.973],[-89.904,50.791],[-89.76,50.601],[-89.593,50.556],[-89.388,50.548],[-89.205,50.624],[-89.046,50.738],[-88.909,50.935],[-88.803,51.156],[-88.75,51.391],[-88.681,51.558],[-88.476,51.885],[-88.385,52.059],[-88.363,52.211],[-88.363,52.371],[-88.454,52.545],[-88.59,52.644]]]}},{"type":"Feature","properties":{"density":2},"geometry":{"type":"Polygon","coordinates":[[[-94.179,71.929],[-94.564,71.775],[-95.179,71.429],[-95.678,70.853],[-96.217,70.122],[-96.447,69.392],[-96.524,68.623],[-96.255,67.893],[-95.909,67.431],[-95.371,67.124],[-94.717,66.97],[-93.91,66.932],[-93.256,67.124],[-92.68,67.316],[-92.026,67.47],[-91.411,67.508],[-90.796,67.316],[-90.258,66.893],[-89.912,66.509],[-89.566,65.932],[-89.297,65.086],[-89.105,63.895],[-89.22,62.78],[-89.527,61.819],[-90.258,60.358],[-90.45,59.55],[-90.373,58.628],[-89.989,58.013],[-89.335,57.513],[-88.605,57.205],[-87.913,56.975],[-87.106,56.783],[-86.144,56.437],[-85.26,56.167],[-84.491,56.014],[-83.53,55.937],[-80.955,56.244],[-80.224,56.244],[-79.225,56.091],[-77.918,55.745],[-76.764,55.399],[-75.803,54.937],[-74.957,54.438],[-74.419,54.168],[-73.65,53.861],[-72.805,53.4],[-72.074,53.246],[-71.113,53.13],[-70.19,52.977],[-69.345,52.938],[-68.499,52.938],[-66.385,53.246],[-65.423,53.553],[-64.731,53.899],[-64.385,54.438],[-64.078,55.129],[-63.924,55.706],[-63.501,56.244],[-62.963,56.513],[-62.194,56.706],[-61.656,56.859],[-60.964,57.167],[-60.464,57.628],[-60.08,58.09],[-59.811,58.513],[-59.619,58.935],[-59.503,59.512],[-59.388,60.204],[-59.234,60.934],[-59.157,61.742],[-59.119,62.587],[-59.234,63.356],[-59.503,64.087],[-59.965,64.894],[-60.618,65.817],[-61.31,66.586],[-62.31,67.547],[-63.963,68.892],[-64.77,69.507],[-65.654,70.084],[-66.5,70.661],[-67.576,71.314],[-68.499,71.814],[-69.537,72.275],[-70.575,72.621],[-72.151,73.006],[-73.612,73.313],[-75.303,73.582],[-79.801,74.005],[-81.916,74.159],[-83.761,74.236],[-85.222,74.236],[-86.875,74.044],[-89.451,73.544],[-92.257,72.621],[-92.949,72.429],[-94.179,71.929]]]}},{"type":"Feature","properties":{"density":2},"geometry":{"type":"Polygon","coordinates":[[[-93.783,17.536],[-94.008,17.545],[-94.129,17.475],[-94.257,17.257],[-94.262,17.185],[-94.244,17.151],[-94.17,17.108],[-94.122,17.115],[-93.963,17.196],[-93.798,17.239],[-93.747,17.27],[-93.72,17.308],[-93.704,17.401],[-93.735,17.486],[-93.783,17.536]]]}},{"type":"Feature","properties":{"density":2},"geometry":{"type":"Polygon","coordinates":[[[-93.123,17.905],[-93.231,18.024],[-93.371,18.099],[-93.445,18.162],[-93.51,18.234],[-93.625,18.445],[-93.688,18.522],[-93.78,18.594],[-93.868,18.634],[-93.951,18.659],[-94.093,18.668],[-94.109,18.6],[-94.005,18.378],[-93.877,18.222],[-93.697,18.069],[-93.515,17.966],[-93.33,17.914],[-93.162,17.822],[-93.074,17.795],[-93.056,17.838],[-93.123,17.905]]]}},{"type":"Feature","properties":{"density":2},"geometry":{"type":"Polygon","coordinates":[[[-89.533,15.189],[-89.606,15.157],[-89.707,15.077],[-89.863,15.014],[-89.888,14.965],[-89.881,14.909],[-89.837,14.9],[-89.717,14.993],[-89.542,15.062],[-89.497,15.134],[-89.507,15.172],[-89.533,15.189]]]}},{"type":"Feature","properties":{"density":2},"geometry":{"type":"Polygon","coordinates":[[[-98.193,58.127],[-98.199,58.201],[-98.158,58.274],[-97.986,58.417],[-97.721,58.556],[-97.677,58.544],[-97.638,58.496],[-97.629,58.427],[-97.641,58.375],[-97.842,58.194],[-97.962,57.988],[-98.017,57.981],[-98.075,57.998],[-98.157,58.069],[-98.193,58.127]]]}},{"type":"Feature","properties":{"density":2},"geometry":{"type":"Polygon","coordinates":[[[-97.915,57.618],[-97.985,57.717],[-97.997,57.775],[-97.948,57.779],[-97.875,57.727],[-97.857,57.602],[-97.892,57.59],[-97.915,57.618]]]}},{"type":"Feature","properties":{"density":2},"geometry":{"type":"Polygon","coordinates":[[[-97.53,57.395],[-97.549,57.499],[-97.52,57.517],[-97.45,57.473],[-97.418,57.379],[-97.432,57.354],[-97.468,57.344],[-97.507,57.363],[-97.53,57.395]]]}},{"type":"Feature","properties":{"density":2},"geometry":{"type":"Polygon","coordinates":[[[-98.058,57.277],[-98.118,57.345],[-98.127,57.372],[-98.108,57.411],[-98.073,57.398],[-98.032,57.353],[-98.019,57.265],[-98.041,57.259],[-98.058,57.277]]]}},{"type":"Feature","properties":{"density":2},"geometry":{"type":"Polygon","coordinates":[[[-97.011,58.375],[-97.031,58.596],[-97.019,58.641],[-96.948,58.7],[-96.872,58.702],[-96.853,58.608],[-96.868,58.498],[-96.961,58.346],[-96.999,58.343],[-97.011,58.375]]]}},{"type":"Feature","properties":{"density":2},"geometry":{"type":"Polygon","coordinates":[[[-100.088,59.339],[-100.134,59.534],[-100.121,59.646],[-100.05,59.727],[-100.001,59.745],[-99.933,59.738],[-99.889,59.717],[-99.866,59.68],[-99.878,59.443],[-99.937,59.367],[-100.028,59.325],[-100.071,59.32],[-100.088,59.339]]]}},{"type":"Feature","properties":{"density":2},"geometry":{"type":"Polygon","coordinates":[[[-95.193,56.979],[-95.214,57.078],[-95.198,57.107],[-95.136,57.038],[-95.114,56.96],[-95.119,56.922],[-95.141,56.92],[-95.193,56.979]]]}},{"type":"Feature","properties":{"density":2},"geometry":{"type":"Polygon","coordinates":[[[-91.451,48.548],[-91.468,48.605],[-91.436,48.63],[-91.409,48.609],[-91.389,48.548],[-91.394,48.534],[-91.451,48.548]]]}},{"type":"Feature","properties":{"density":2},"geometry":{"type":"Polygon","coordinates":[[[-78.759,50.208],[-78.882,50.226],[-78.912,50.223],[-78.929,50.192],[-78.886,50.112],[-78.767,50.049],[-78.648,50.045],[-78.57,50.086],[-78.576,50.13],[-78.592,50.142],[-78.759,50.208]]]}},{"type":"Feature","properties":{"density":2},"geometry":{"type":"Polygon","coordinates":[[[-76.487,54.767],[-76.602,54.697],[-76.624,54.634],[-76.59,54.615],[-76.56,54.618],[-76.408,54.661],[-76.252,54.684],[-76.232,54.727],[-76.248,54.757],[-76.291,54.774],[-76.487,54.767]]]}},{"type":"Feature","properties":{"density":2},"geometry":{"type":"Polygon","coordinates":[[[-75.105,54.082],[-75.197,54.054],[-75.195,54.016],[-75.115,53.961],[-75.042,53.968],[-75.027,54.006],[-75.049,54.067],[-75.071,54.089],[-75.105,54.082]]]}},{"type":"Feature","properties":{"density":2},"geometry":{"type":"Polygon","coordinates":[[[-75.095,55.033],[-75.125,55.03],[-75.177,54.994],[-75.189,54.956],[-75.174,54.919],[-75.104,54.912],[-75.048,54.942],[-75.057,55.015],[-75.095,55.033]]]}},{"type":"Feature","properties":{"density":2},"geometry":{"type":"Polygon","coordinates":[[[-68.837,57.269],[-68.762,57.273],[-68.667,57.244],[-68.563,57.136],[-68.544,57.101],[-68.548,57.063],[-68.595,57.041],[-68.853,57.19],[-68.891,57.238],[-68.874,57.265],[-68.837,57.269]]]}},{"type":"Feature","properties":{"density":2},"geometry":{"type":"Polygon","coordinates":[[[-72.875,54.32],[-72.967,54.267],[-73.033,54.191],[-73.079,54.096],[-73.086,54.045],[-72.984,53.756],[-72.899,53.677],[-72.854,53.655],[-72.806,53.682],[-72.785,53.725],[-72.748,54.061],[-72.784,54.313],[-72.838,54.329],[-72.875,54.32]]]}},{"type":"Feature","properties":{"density":2},"geometry":{"type":"Polygon","coordinates":[[[-71.865,53.762],[-71.916,53.634],[-71.874,53.617],[-71.797,53.622],[-71.77,53.64],[-71.748,53.692],[-71.752,53.786],[-71.763,53.807],[-71.797,53.806],[-71.865,53.762]]]}},{"type":"Feature","properties":{"density":2},"geometry":{"type":"Polygon","coordinates":[[[-70.659,53.506],[-70.601,53.509],[-70.502,53.324],[-70.455,53.05],[-70.481,52.99],[-70.583,52.999],[-70.652,53.055],[-70.711,53.153],[-70.737,53.356],[-70.702,53.478],[-70.659,53.506]]]}},{"type":"Feature","properties":{"density":2},"geometry":{"type":"Polygon","coordinates":[[[-66.949,57.991],[-66.777,57.953],[-66.261,57.751],[-66.257,57.686],[-66.312,57.675],[-66.366,57.685],[-66.591,57.762],[-66.806,57.876],[-66.975,57.939],[-66.984,57.973],[-66.949,57.991]]]}},{"type":"Feature","properties":{"density":2},"geometry":{"type":"Polygon","coordinates":[[[-78.249,51.6],[-78.293,51.6],[-78.326,51.582],[-78.353,51.54],[-78.353,51.505],[-78.3,51.493],[-78.242,51.521],[-78.219,51.577],[-78.232,51.6],[-78.249,51.6]]]}},{"type":"Feature","properties":{"density":2},"geometry":{"type":"Polygon","coordinates":[[[-93.819,17.535],[-93.961,17.545],[-94.055,17.52],[-94.122,17.477],[-94.18,17.323],[-94.169,17.235],[-94.109,17.223],[-93.924,17.311],[-93.792,17.509],[-93.819,17.535]]]}},{"type":"Feature","properties":{"density":2},"geometry":{"type":"Polygon","coordinates":[[[-81.544,39.282],[-81.356,39.364],[-81.028,39.44],[-80.589,39.466],[-80.468,39.442],[-80.423,39.418],[-80.356,39.336],[-80.354,39.283],[-80.371,39.228],[-80.438,39.18],[-80.599,39.187],[-81.068,39.154],[-81.539,39.203],[-81.564,39.226],[-81.544,39.282]]]}},{"type":"Feature","properties":{"density":2},"geometry":{"type":"Polygon","coordinates":[[[-107.699,38.148],[-107.577,38.302],[-107.506,38.455],[-107.427,38.521],[-107.326,38.557],[-107.185,38.517],[-107.144,38.478],[-107.125,38.377],[-107.138,38.272],[-107.229,38.184],[-107.298,38.141],[-107.467,38.061],[-107.559,38.047],[-107.646,38.055],[-107.637,38.101],[-107.7,38.101],[-107.699,38.148]]]}},{"type":"Feature","properties":{"density":2},"geometry":{"type":"Polygon","coordinates":[[[-104.955,38.194],[-104.976,38.083],[-104.953,38.04],[-104.841,38.05],[-104.706,38.039],[-104.639,38.022],[-104.618,38.003],[-104.613,37.96],[-104.646,37.943],[-104.866,37.948],[-105.01,37.92],[-105.043,37.933],[-105.06,37.951],[-105.069,38.022],[-105.118,38.085],[-105.122,38.158],[-105.1,38.189],[-104.994,38.241],[-104.955,38.234],[-104.955,38.194]]]}},{"type":"Feature","properties":{"density":2},"geometry":{"type":"Polygon","coordinates":[[[-106.456,39.203],[-106.455,39.286],[-106.381,39.307],[-106.252,39.235],[-106.228,39.199],[-106.231,39.182],[-106.271,39.164],[-106.404,39.158],[-106.441,39.176],[-106.456,39.203]]]}},{"type":"Feature","properties":{"density":2},"geometry":{"type":"Polygon","coordinates":[[[-109.913,37.856],[-109.781,38.037],[-109.664,38.125],[-109.593,38.148],[-109.008,38.203],[-108.91,38.16],[-108.896,38.119],[-108.908,38.077],[-108.95,38.031],[-109.115,37.926],[-109.316,37.857],[-109.558,37.819],[-109.643,37.756],[-109.771,37.691],[-109.833,37.693],[-109.927,37.758],[-109.939,37.802],[-109.913,37.856]]]}},{"type":"Feature","properties":{"density":2},"geometry":{"type":"Polygon","coordinates":[[[-108.717,37.633],[-108.961,37.707],[-109.181,37.852],[-109.304,37.859],[-109.54,37.825],[-109.568,37.753],[-109.538,37.589],[-109.54,37.566],[-109.561,37.56],[-109.604,37.575],[-109.692,37.644],[-109.835,37.702],[-109.926,37.77],[-109.928,37.828],[-109.87,37.968],[-109.766,38.09],[-109.718,38.122],[-109.524,38.17],[-109.037,38.211],[-108.663,38.219],[-108.607,38.234],[-108.572,38.284],[-108.497,38.304],[-108.301,38.281],[-108.198,38.251],[-108.1,38.212],[-108.049,38.161],[-108.027,38.017],[-108.064,37.967],[-108.256,37.89],[-108.376,37.813],[-108.518,37.679],[-108.609,37.682],[-108.665,37.64],[-108.717,37.633]]]}},{"type":"Feature","properties":{"density":2},"geometry":{"type":"Polygon","coordinates":[[[-121.49,50.185],[-121.951,50.1],[-122.493,49.966],[-122.543,49.908],[-122.65,49.7],[-122.65,49.579],[-122.571,49.474],[-122.541,49.2],[-122.425,49.154],[-122.1,49.244],[-121.619,49.314],[-121.024,49.323],[-120.596,49.233],[-119.99,49.301],[-119.658,49.207],[-119.436,49.207],[-119.132,49.463],[-118.748,49.662],[-118.446,49.728],[-116.874,50.453],[-116.727,50.553],[-116.201,50.83],[-115.911,50.948],[-115.803,51.005],[-115.764,51.045],[-115.795,51.065],[-115.931,51.063],[-116.44,50.953],[-117.17,50.542],[-117.655,50.345],[-118.039,50.168],[-118.271,50.115],[-119.048,50.049],[-119.324,50.08],[-119.519,50.132],[-119.894,50.151],[-120.426,50.259],[-120.63,50.275],[-121.112,50.231],[-121.324,50.19],[-121.49,50.185]]]}},{"type":"Feature","properties":{"density":2},"geometry":{"type":"Polygon","coordinates":[[[-109.038,53.01],[-108.702,53.035],[-107.665,52.96],[-107.073,52.946],[-106.247,52.865],[-106.206,52.853],[-106.184,52.818],[-106.195,52.79],[-106.237,52.77],[-106.504,52.695],[-106.664,52.621],[-106.941,52.595],[-107.753,52.573],[-107.99,52.654],[-108.161,52.752],[-108.26,52.781],[-108.789,52.864],[-108.991,52.88],[-109.067,52.932],[-109.065,52.998],[-109.038,53.01]]]}},{"type":"Feature","properties":{"density":2},"geometry":{"type":"Polygon","coordinates":[[[-120.18,47.759],[-120.156,47.761],[-120.126,47.796],[-120.188,47.849],[-120.231,47.848],[-120.237,47.779],[-120.216,47.759],[-120.18,47.759]]]}},{"type":"Feature","properties":{"density":2},"geometry":{"type":"Polygon","coordinates":[[[-109.429,49.609],[-109.079,49.672],[-109.01,49.657],[-108.999,49.638],[-109.001,49.6],[-109.025,49.586],[-109.181,49.56],[-109.405,49.559],[-109.446,49.571],[-109.429,49.609]]]}},{"type":"Feature","properties":{"density":2},"geometry":{"type":"Polygon","coordinates":[[[-121.717,63.329],[-121.756,63.294],[-121.747,63.229],[-121.687,63.181],[-121.64,63.189],[-121.619,63.217],[-121.662,63.305],[-121.682,63.331],[-121.717,63.329]]]}},{"type":"Feature","properties":{"density":2},"geometry":{"type":"Polygon","coordinates":[[[-76.429,54.818],[-76.538,54.819],[-76.623,54.796],[-76.76,54.724],[-76.823,54.64],[-76.821,54.546],[-76.796,54.502],[-76.688,54.466],[-76.453,54.473],[-76.373,54.527],[-76.274,54.632],[-76.243,54.691],[-76.24,54.737],[-76.267,54.765],[-76.359,54.765],[-76.429,54.818]]]}},{"type":"Feature","properties":{"density":2},"geometry":{"type":"Polygon","coordinates":[[[-75.706,54.065],[-75.57,54.057],[-75.549,53.984],[-75.554,53.892],[-75.612,53.819],[-75.702,53.745],[-75.792,53.714],[-75.818,53.734],[-75.805,53.979],[-75.767,54.053],[-75.706,54.065]]]}},{"type":"Feature","properties":{"density":2},"geometry":{"type":"Polygon","coordinates":[[[-75.105,54.094],[-75.263,54.046],[-75.288,54.004],[-75.274,53.943],[-75.211,53.927],[-75.153,53.935],[-75.119,53.958],[-75.066,54.054],[-75.071,54.079],[-75.105,54.094]]]}},{"type":"Feature","properties":{"density":2},"geometry":{"type":"Polygon","coordinates":[[[-75.157,55.066],[-75.27,55.036],[-75.31,55.013],[-75.311,54.995],[-75.299,54.968],[-75.209,54.93],[-75.165,54.893],[-75.12,54.79],[-75.067,54.77],[-75.036,54.784],[-75.018,54.819],[-75.018,54.978],[-75.052,55.049],[-75.157,55.066]]]}},{"type":"Feature","properties":{"density":2},"geometry":{"type":"Polygon","coordinates":[[[-75.332,55.464],[-75.4,55.435],[-75.304,55.292],[-75.243,55.291],[-75.213,55.324],[-75.235,55.42],[-75.274,55.465],[-75.332,55.464]]]}},{"type":"Feature","properties":{"density":2},"geometry":{"type":"Polygon","coordinates":[[[-72.832,54.342],[-72.651,54.406],[-72.611,54.405],[-72.558,54.368],[-72.513,54.139],[-72.52,54.08],[-72.568,53.954],[-72.58,53.854],[-72.554,53.699],[-72.562,53.571],[-72.67,53.289],[-72.754,53.182],[-72.934,53.113],[-73.051,53.113],[-73.107,53.14],[-73.181,53.209],[-73.221,53.295],[-73.252,53.516],[-73.199,53.716],[-73.027,53.955],[-72.965,54.172],[-72.907,54.289],[-72.832,54.342]]]}},{"type":"Feature","properties":{"density":2},"geometry":{"type":"Polygon","coordinates":[[[-71.814,53.9],[-71.733,53.908],[-71.71,53.889],[-71.674,53.36],[-71.685,53.165],[-71.734,52.89],[-71.719,52.725],[-71.757,52.674],[-71.81,52.646],[-71.878,52.68],[-71.948,52.859],[-72.063,53.058],[-72.198,53.414],[-72.203,53.504],[-72.193,53.613],[-72.033,53.815],[-71.917,53.878],[-71.814,53.9]]]}},{"type":"Feature","properties":{"density":2},"geometry":{"type":"Polygon","coordinates":[[[-70.652,53.52],[-70.608,53.531],[-70.579,53.516],[-70.504,53.441],[-70.479,53.353],[-70.47,53.164],[-70.38,52.736],[-70.246,52.537],[-70.218,52.434],[-70.224,52.357],[-70.246,52.329],[-70.321,52.322],[-70.374,52.335],[-70.598,52.434],[-70.758,52.542],[-70.848,52.625],[-70.946,52.673],[-71.014,52.731],[-71.038,52.782],[-71.055,52.911],[-71.0,53.081],[-70.739,53.486],[-70.652,53.52]]]}},{"type":"Feature","properties":{"density":2},"geometry":{"type":"Polygon","coordinates":[[[-70.278,53.478],[-70.287,53.402],[-70.267,53.325],[-70.246,53.318],[-70.232,53.353],[-70.235,53.459],[-70.251,53.481],[-70.278,53.478]]]}},{"type":"Feature","properties":{"density":2},"geometry":{"type":"Polygon","coordinates":[[[-69.575,53.461],[-69.583,53.192],[-69.562,53.057],[-69.539,53.007],[-69.463,52.99],[-69.436,53.113],[-69.459,53.339],[-69.482,53.422],[-69.525,53.5],[-69.555,53.499],[-69.575,53.461]]]}},{"type":"Feature","properties":{"density":2},"geometry":{"type":"Polygon","coordinates":[[[-68.981,53.263],[-68.926,53.196],[-68.909,53.147],[-68.892,53.048],[-68.912,53.02],[-68.958,53.047],[-69.02,53.234],[-69.009,53.268],[-68.981,53.263]]]}},{"type":"Feature","properties":{"density":2},"geometry":{"type":"Polygon","coordinates":[[[-68.427,53.272],[-68.344,53.159],[-68.347,53.101],[-68.406,53.105],[-68.438,53.142],[-68.465,53.24],[-68.454,53.268],[-68.427,53.272]]]}},{"type":"Feature","properties":{"density":2},"geometry":{"type":"Polygon","coordinates":[[[-67.588,52.982],[-67.533,52.977],[-67.495,52.901],[-67.495,52.834],[-67.545,52.771],[-67.593,52.773],[-67.661,52.812],[-67.621,52.957],[-67.588,52.982]]]}},{"type":"Feature","properties":{"density":2},"geometry":{"type":"Polygon","coordinates":[[[-68.845,57.275],[-68.667,57.269],[-68.418,57.106],[-68.255,56.841],[-68.251,56.766],[-68.282,56.733],[-68.323,56.718],[-68.402,56.703],[-68.499,56.707],[-68.716,56.817],[-68.813,56.927],[-68.877,57.118],[-68.901,57.229],[-68.866,57.271],[-68.845,57.275]]]}},{"type":"Feature","properties":{"density":2},"geometry":{"type":"Polygon","coordinates":[[[-68.023,56.428],[-67.927,56.428],[-67.749,56.373],[-67.412,56.129],[-67.244,55.945],[-67.246,55.921],[-67.261,55.902],[-67.352,55.891],[-67.666,56.017],[-67.75,56.066],[-67.878,56.153],[-67.966,56.251],[-68.04,56.388],[-68.023,56.428]]]}},{"type":"Feature","properties":{"density":2},"geometry":{"type":"Polygon","coordinates":[[[-66.626,56.976],[-66.307,56.926],[-66.131,56.856],[-65.892,56.717],[-65.708,56.584],[-65.46,56.444],[-65.434,56.354],[-65.534,56.262],[-65.896,56.154],[-66.165,56.095],[-66.314,56.12],[-66.337,56.149],[-66.344,56.196],[-66.392,56.698],[-66.486,56.796],[-66.662,56.914],[-66.667,56.959],[-66.626,56.976]]]}},{"type":"Feature","properties":{"density":2},"geometry":{"type":"Polygon","coordinates":[[[-66.923,57.99],[-66.776,57.926],[-66.334,57.806],[-65.967,57.663],[-64.956,57.186],[-64.905,57.15],[-64.881,57.081],[-64.919,57.055],[-64.971,57.047],[-65.256,57.073],[-65.623,57.161],[-65.921,57.255],[-66.255,57.39],[-66.412,57.485],[-66.515,57.594],[-66.965,57.908],[-66.987,57.974],[-66.955,57.997],[-66.923,57.99]]]}},{"type":"Feature","properties":{"density":2},"geometry":{"type":"Polygon","coordinates":[[[-71.296,56.234],[-71.048,56.046],[-70.664,55.8],[-70.232,55.44],[-70.101,55.288],[-70.055,55.187],[-70.081,55.117],[-70.174,55.09],[-70.294,55.102],[-70.506,55.236],[-70.8,55.46],[-70.967,55.524],[-71.127,55.64],[-71.275,55.849],[-71.362,56.03],[-71.389,56.124],[-71.375,56.235],[-71.326,56.25],[-71.296,56.234]]]}},{"type":"Feature","properties":{"density":2},"geometry":{"type":"Polygon","coordinates":[[[-78.316,51.618],[-78.41,51.616],[-78.479,51.597],[-78.586,51.563],[-78.644,51.526],[-78.639,51.467],[-78.554,51.435],[-78.487,51.388],[-78.463,51.281],[-78.431,51.272],[-78.346,51.311],[-78.31,51.339],[-78.226,51.457],[-78.21,51.595],[-78.243,51.617],[-78.316,51.618]]]}},{"type":"Feature","properties":{"density":2},"geometry":{"type":"Polygon","coordinates":[[[-78.697,50.169],[-78.817,50.222],[-79.046,50.214],[-79.116,50.165],[-79.157,50.06],[-78.983,49.87],[-78.955,49.865],[-78.843,49.909],[-78.73,49.923],[-78.619,50.034],[-78.595,50.074],[-78.594,50.118],[-78.63,50.152],[-78.697,50.169]]]}},{"type":"Feature","properties":{"density":2},"geometry":{"type":"Polygon","coordinates":[[[-78.44,50.63],[-78.595,50.626],[-78.724,50.551],[-78.724,50.464],[-78.629,50.341],[-78.584,50.337],[-78.473,50.368],[-78.35,50.332],[-78.312,50.339],[-78.295,50.359],[-78.237,50.504],[-78.362,50.566],[-78.397,50.622],[-78.44,50.63]]]}},{"type":"Feature","properties":{"density":2},"geometry":{"type":"Polygon","coordinates":[[[-79.049,50.925],[-79.196,50.869],[-79.216,50.84],[-79.212,50.728],[-79.164,50.686],[-79.112,50.681],[-79.073,50.695],[-78.985,50.787],[-78.978,50.826],[-78.997,50.917],[-79.049,50.925]]]}},{"type":"Feature","properties":{"density":2},"geometry":{"type":"Polygon","coordinates":[[[-77.736,47.733],[-77.803,47.759],[-77.931,47.719],[-78.032,47.649],[-78.032,47.611],[-77.979,47.598],[-77.924,47.551],[-77.829,47.555],[-77.72,47.671],[-77.715,47.709],[-77.736,47.733]]]}},{"type":"Feature","properties":{"density":2},"geometry":{"type":"Polygon","coordinates":[[[-88.901,51.75],[-88.963,51.831],[-89.026,51.952],[-89.015,52.067],[-88.94,52.147],[-88.84,52.165],[-88.683,52.116],[-88.495,51.997],[-88.411,51.906],[-88.412,51.869],[-88.453,51.821],[-88.704,51.757],[-88.758,51.721],[-88.852,51.725],[-88.901,51.75]]]}},{"type":"Feature","properties":{"density":2},"geometry":{"type":"Polygon","coordinates":[[[-89.054,52.213],[-89.077,52.335],[-89.067,52.459],[-89.056,52.484],[-88.993,52.488],[-88.963,52.458],[-88.957,52.323],[-89.005,52.203],[-89.041,52.198],[-89.054,52.213]]]}},{"type":"Feature","properties":{"density":2},"geometry":{"type":"Polygon","coordinates":[[[-89.632,51.549],[-89.662,51.607],[-89.666,51.651],[-89.663,51.687],[-89.624,51.758],[-89.574,51.785],[-89.48,51.777],[-89.46,51.761],[-89.439,51.595],[-89.496,51.562],[-89.602,51.541],[-89.632,51.549]]]}},{"type":"Feature","properties":{"density":2},"geometry":{"type":"Polygon","coordinates":[[[-91.41,48.534],[-91.479,48.557],[-91.538,48.601],[-91.552,48.692],[-91.538,48.767],[-91.484,48.764],[-91.421,48.737],[-91.335,48.638],[-91.334,48.576],[-91.364,48.544],[-91.41,48.534]]]}},{"type":"Feature","properties":{"density":2},"geometry":{"type":"Polygon","coordinates":[[[-90.937,48.932],[-91.006,49.045],[-90.999,49.072],[-90.959,49.06],[-90.916,49.003],[-90.909,48.923],[-90.937,48.932]]]}},{"type":"Feature","properties":{"density":2},"geometry":{"type":"Polygon","coordinates":[[[-93.976,56.939],[-94.254,57.34],[-94.374,57.566],[-94.492,57.731],[-94.51,57.926],[-94.449,57.98],[-94.357,58.003],[-94.27,57.998],[-94.167,57.917],[-93.961,57.581],[-93.837,57.331],[-93.802,57.221],[-93.796,57.004],[-93.807,56.957],[-93.891,56.9],[-93.976,56.939]]]}},{"type":"Feature","properties":{"density":2},"geometry":{"type":"Polygon","coordinates":[[[-95.175,56.966],[-95.208,57.03],[-95.233,57.14],[-95.214,57.186],[-95.176,57.17],[-95.117,56.962],[-95.122,56.934],[-95.175,56.966]]]}},{"type":"Feature","properties":{"density":2},"geometry":{"type":"Polygon","coordinates":[[[-97.031,58.353],[-97.058,58.479],[-97.059,58.596],[-96.989,58.774],[-96.948,58.824],[-96.907,58.847],[-96.747,58.88],[-96.723,58.868],[-96.705,58.846],[-96.716,58.776],[-96.861,58.513],[-96.93,58.34],[-96.948,58.323],[-96.999,58.316],[-97.031,58.353]]]}},{"type":"Feature","properties":{"density":2},"geometry":{"type":"Polygon","coordinates":[[[-100.084,59.334],[-100.101,59.437],[-100.027,59.608],[-99.945,59.668],[-99.91,59.672],[-99.882,59.572],[-99.889,59.404],[-100.016,59.322],[-100.067,59.319],[-100.084,59.334]]]}},{"type":"Feature","properties":{"density":2},"geometry":{"type":"Polygon","coordinates":[[[-121.677,49.984],[-121.739,49.948],[-121.889,49.796],[-121.951,49.763],[-122.024,49.742],[-122.102,49.744],[-122.254,49.78],[-122.449,49.78],[-122.576,49.73],[-122.859,49.468],[-123.096,49.373],[-123.217,49.364],[-123.286,49.291],[-123.429,48.993],[-123.445,48.942],[-123.429,48.898],[-123.374,48.875],[-123.279,48.868],[-122.901,48.976],[-122.737,48.968],[-122.256,49.057],[-121.621,49.342],[-121.467,49.428],[-121.306,49.601],[-121.236,49.62],[-121.026,49.613],[-120.904,49.587],[-120.606,49.448],[-120.348,49.376],[-120.24,49.371],[-120.16,49.394],[-120.12,49.412],[-120.084,49.479],[-120.094,49.672],[-120.128,49.754],[-120.244,49.839],[-120.501,49.91],[-121.125,49.889],[-121.33,49.908],[-121.512,49.984],[-121.677,49.984]]]}},{"type":"Feature","properties":{"density":2},"geometry":{"type":"Polygon","coordinates":[[[-121.663,61.941],[-121.47,61.915],[-121.304,61.851],[-121.042,61.738],[-120.595,61.506],[-120.424,61.392],[-120.199,61.27],[-120.16,61.189],[-120.167,61.134],[-120.239,61.042],[-120.299,61.026],[-120.364,61.033],[-120.5,61.075],[-120.818,61.227],[-121.672,61.706],[-121.776,61.786],[-121.813,61.857],[-121.803,61.911],[-121.745,61.936],[-121.663,61.941]]]}},{"type":"Feature","properties":{"density":2},"geometry":{"type":"Polygon","coordinates":[[[-115.607,65.05],[-115.589,65.086],[-115.56,65.096],[-115.467,65.078],[-115.305,64.978],[-115.009,64.846],[-114.982,64.817],[-114.958,64.745],[-114.951,64.658],[-114.978,64.505],[-115.008,64.47],[-115.081,64.454],[-115.235,64.498],[-115.457,64.593],[-115.655,64.719],[-115.738,64.851],[-115.756,64.949],[-115.739,64.972],[-115.666,64.959],[-115.521,64.877],[-115.514,64.905],[-115.565,64.936],[-115.606,64.988],[-115.607,65.05]]]}},{"type":"Feature","properties":{"density":2},"geometry":{"type":"Polygon","coordinates":[[[-118.396,66.626],[-117.296,66.549],[-117.037,66.501],[-116.722,66.508],[-116.342,66.477],[-116.277,66.432],[-116.272,66.371],[-116.299,66.322],[-116.344,66.29],[-116.457,66.261],[-117.431,66.322],[-117.656,66.389],[-118.031,66.433],[-118.371,66.51],[-118.426,66.537],[-118.463,66.577],[-118.463,66.607],[-118.396,66.626]]]}},{"type":"Feature","properties":{"density":2},"geometry":{"type":"Polygon","coordinates":[[[-108.76,37.665],[-108.886,37.882],[-108.923,37.98],[-108.908,38.108],[-108.826,38.204],[-108.709,38.402],[-108.575,38.53],[-108.418,38.582],[-108.306,38.57],[-108.287,38.537],[-108.273,38.444],[-108.142,38.238],[-108.128,38.182],[-108.132,38.121],[-108.184,38.024],[-108.207,37.921],[-108.123,37.722],[-108.12,37.682],[-108.14,37.638],[-108.166,37.605],[-108.263,37.591],[-108.399,37.663],[-108.505,37.689],[-108.624,37.684],[-108.659,37.641],[-108.685,37.633],[-108.726,37.639],[-108.76,37.665]]]}},{"type":"Feature","properties":{"density":2},"geometry":{"type":"Polygon","coordinates":[[[-109.822,37.995],[-109.707,38.113],[-109.653,38.146],[-109.567,38.161],[-109.414,38.167],[-109.185,38.106],[-109.152,38.092],[-109.134,38.044],[-109.143,37.996],[-109.198,37.953],[-109.485,37.813],[-109.564,37.696],[-109.65,37.669],[-109.749,37.717],[-109.788,37.764],[-109.915,37.771],[-109.938,37.803],[-109.932,37.901],[-109.907,37.936],[-109.822,37.995]]]}},{"type":"Feature","properties":{"density":2},"geometry":{"type":"Polygon","coordinates":[[[-107.659,38.348],[-107.405,38.512],[-107.035,38.63],[-106.913,38.641],[-106.747,38.603],[-106.749,38.52],[-106.822,38.419],[-107.048,38.259],[-107.296,38.16],[-107.356,38.117],[-107.541,38.038],[-107.641,38.04],[-107.707,38.101],[-107.735,38.169],[-107.742,38.234],[-107.659,38.348]]]}},{"type":"Feature","properties":{"density":2},"geometry":{"type":"Polygon","coordinates":[[[-79.031,50.931],[-79.134,50.942],[-79.214,50.9],[-79.273,50.774],[-79.43,50.566],[-79.442,50.498],[-79.405,50.434],[-79.298,50.364],[-79.275,50.304],[-79.286,50.241],[-79.328,50.187],[-79.417,50.148],[-79.465,50.093],[-79.492,50.044],[-79.517,49.877],[-79.496,49.817],[-79.462,49.788],[-79.365,49.713],[-79.283,49.692],[-79.179,49.706],[-79.073,49.686],[-78.889,49.68],[-78.795,49.707],[-78.677,49.79],[-78.505,50.011],[-78.151,50.113],[-78.037,50.241],[-78.022,50.371],[-78.059,50.495],[-78.095,50.552],[-78.164,50.568],[-78.328,50.55],[-78.368,50.564],[-78.407,50.703],[-78.424,50.722],[-78.514,50.747],[-78.724,50.748],[-78.814,50.718],[-78.977,50.71],[-79.001,50.729],[-79.002,50.75],[-78.951,50.823],[-78.938,50.933],[-79.031,50.931]]]}},{"type":"Feature","properties":{"density":2},"geometry":{"type":"Polygon","coordinates":[[[-78.284,51.706],[-78.502,51.792],[-78.707,51.912],[-78.862,51.962],[-78.898,51.938],[-78.908,51.821],[-78.938,51.803],[-79.06,51.803],[-79.237,51.882],[-79.405,51.885],[-79.46,51.861],[-79.51,51.812],[-79.525,51.689],[-79.447,51.596],[-78.829,51.291],[-78.724,51.215],[-78.569,51.03],[-78.474,50.953],[-78.422,50.933],[-78.252,50.945],[-78.176,50.977],[-78.111,51.047],[-77.996,51.228],[-77.944,51.353],[-77.956,51.485],[-77.995,51.561],[-78.092,51.642],[-78.284,51.706]]]}},{"type":"Feature","properties":{"density":2},"geometry":{"type":"Polygon","coordinates":[[[-76.468,54.866],[-76.994,54.793],[-77.179,54.707],[-77.226,54.637],[-77.246,54.448],[-77.233,54.356],[-77.158,54.266],[-77.001,54.203],[-76.731,54.211],[-76.592,54.246],[-76.498,54.293],[-76.272,54.512],[-76.162,54.688],[-76.188,54.769],[-76.236,54.803],[-76.468,54.866]]]}},{"type":"Feature","properties":{"density":2},"geometry":{"type":"Polygon","coordinates":[[[-75.605,54.116],[-75.351,54.11],[-75.194,54.137],[-74.973,54.133],[-74.934,54.095],[-74.922,54.059],[-74.931,53.947],[-74.976,53.882],[-75.219,53.705],[-75.877,53.371],[-76.235,53.263],[-76.39,53.233],[-76.545,53.226],[-76.653,53.246],[-76.741,53.29],[-76.758,53.357],[-76.728,53.408],[-76.498,53.569],[-76.458,53.629],[-76.522,53.769],[-76.64,53.86],[-76.68,53.914],[-76.677,54.016],[-76.613,54.059],[-76.525,54.09],[-76.36,54.09],[-75.931,54.127],[-75.84,54.107],[-75.605,54.116]]]}},{"type":"Feature","properties":{"density":2},"geometry":{"type":"Polygon","coordinates":[[[-71.822,53.926],[-72.029,53.858],[-72.112,53.8],[-72.315,53.613],[-72.382,53.494],[-72.414,53.298],[-72.468,52.673],[-72.423,52.57],[-72.366,52.503],[-72.241,52.405],[-72.146,52.283],[-71.741,52.044],[-71.647,52.051],[-71.581,52.112],[-71.543,52.209],[-71.53,52.346],[-71.54,52.685],[-71.509,52.767],[-71.47,53.06],[-71.577,53.547],[-71.687,53.878],[-71.721,53.911],[-71.782,53.936],[-71.822,53.926]]]}},{"type":"Feature","properties":{"density":2},"geometry":{"type":"Polygon","coordinates":[[[-70.698,53.52],[-70.602,53.543],[-70.554,53.532],[-70.478,53.43],[-70.307,52.962],[-70.115,52.616],[-70.048,52.461],[-69.906,52.017],[-69.863,51.754],[-69.836,51.279],[-69.877,51.198],[-69.978,51.157],[-70.196,51.147],[-70.328,51.223],[-70.762,51.525],[-70.986,51.75],[-71.269,51.972],[-71.306,52.033],[-71.327,52.178],[-71.3,52.357],[-71.195,52.624],[-71.154,52.78],[-70.963,53.209],[-70.727,53.506],[-70.698,53.52]]]}},{"type":"Feature","properties":{"density":2},"geometry":{"type":"Polygon","coordinates":[[[-69.531,53.494],[-69.412,53.273],[-69.358,53.041],[-69.336,52.897],[-69.366,52.822],[-69.41,52.808],[-69.551,52.825],[-69.593,52.873],[-69.606,52.94],[-69.653,53.465],[-69.596,53.502],[-69.531,53.494]]]}},{"type":"Feature","properties":{"density":2},"geometry":{"type":"Polygon","coordinates":[[[-68.978,53.25],[-68.882,53.025],[-68.862,52.911],[-68.87,52.875],[-68.887,52.87],[-68.946,52.883],[-69.004,52.979],[-69.024,53.216],[-69.009,53.267],[-68.978,53.25]]]}},{"type":"Feature","properties":{"density":2},"geometry":{"type":"Polygon","coordinates":[[[-67.587,52.981],[-67.554,52.975],[-67.47,52.919],[-67.368,52.84],[-67.323,52.777],[-67.292,52.679],[-67.256,52.381],[-67.262,52.288],[-67.287,52.241],[-67.31,52.229],[-67.391,52.226],[-67.434,52.247],[-67.493,52.321],[-67.506,52.493],[-67.64,52.879],[-67.631,52.947],[-67.587,52.981]]]}},{"type":"Feature","properties":{"density":2},"geometry":{"type":"Polygon","coordinates":[[[-66.372,56.944],[-66.281,56.921],[-65.984,56.786],[-65.687,56.583],[-65.306,56.391],[-64.979,56.138],[-64.82,55.996],[-64.692,55.831],[-64.489,55.672],[-64.374,55.497],[-64.266,55.277],[-64.246,54.984],[-64.324,54.791],[-64.506,54.68],[-65.363,54.639],[-65.87,54.7],[-66.113,54.791],[-66.2,54.869],[-66.254,54.987],[-66.276,55.6],[-66.355,56.167],[-66.411,56.398],[-66.49,56.594],[-66.639,56.826],[-66.66,56.898],[-66.653,56.98],[-66.621,56.992],[-66.372,56.944]]]}},{"type":"Feature","properties":{"density":2},"geometry":{"type":"Polygon","coordinates":[[[-68.861,57.303],[-68.79,57.317],[-68.598,57.246],[-68.378,57.052],[-68.256,56.879],[-68.006,56.594],[-67.703,56.358],[-67.532,56.259],[-67.068,55.921],[-66.663,55.734],[-66.51,55.599],[-66.454,55.504],[-66.409,55.34],[-66.407,55.203],[-66.481,55.095],[-66.562,55.031],[-66.663,55.004],[-66.798,54.993],[-67.663,55.106],[-67.784,55.173],[-68.241,55.306],[-68.709,55.551],[-68.848,55.597],[-68.931,55.657],[-69.093,55.721],[-69.315,55.875],[-69.328,56.046],[-69.047,56.719],[-68.926,57.225],[-68.895,57.285],[-68.861,57.303]]]}},{"type":"Feature","properties":{"density":2},"geometry":{"type":"Polygon","coordinates":[[[-66.902,57.992],[-66.834,57.961],[-66.375,57.647],[-66.21,57.56],[-66.055,57.445],[-65.839,57.333],[-65.141,57.233],[-64.883,57.168],[-64.583,57.064],[-64.277,56.895],[-64.111,56.767],[-63.918,56.645],[-63.814,56.446],[-63.824,56.382],[-63.911,56.24],[-63.979,56.193],[-64.131,56.169],[-64.273,56.166],[-64.441,56.186],[-64.825,56.266],[-64.991,56.318],[-65.126,56.405],[-65.3,56.554],[-65.675,56.801],[-65.837,56.887],[-65.981,57.004],[-66.479,57.533],[-66.708,57.722],[-66.955,57.891],[-67.002,57.96],[-67.0,57.986],[-66.97,57.999],[-66.902,57.992]]]}},{"type":"Feature","properties":{"density":2},"geometry":{"type":"Polygon","coordinates":[[[-71.412,56.246],[-71.511,56.155],[-71.937,55.837],[-72.292,55.479],[-72.4,55.431],[-72.511,55.353],[-72.529,55.32],[-72.532,55.255],[-72.472,55.192],[-72.396,55.165],[-72.084,55.114],[-71.764,55.083],[-71.46,54.973],[-70.891,54.649],[-70.7,54.408],[-70.516,54.298],[-70.248,54.169],[-69.852,54.144],[-69.544,54.248],[-69.461,54.488],[-69.573,54.873],[-69.764,55.151],[-69.908,55.279],[-70.509,55.54],[-70.684,55.731],[-71.116,55.996],[-71.284,56.253],[-71.343,56.271],[-71.412,56.246]]]}},{"type":"Feature","properties":{"density":2},"geometry":{"type":"Polygon","coordinates":[[[-75.411,55.481],[-75.265,55.467],[-75.166,55.377],[-75.026,55.045],[-74.947,54.669],[-74.958,54.563],[-74.991,54.504],[-75.123,54.406],[-75.369,54.401],[-75.484,54.448],[-75.524,54.517],[-75.495,54.634],[-75.513,54.712],[-75.832,54.902],[-75.891,54.945],[-75.91,54.997],[-75.864,55.062],[-75.744,55.17],[-75.699,55.249],[-75.582,55.386],[-75.411,55.481]]]}},{"type":"Feature","properties":{"density":2},"geometry":{"type":"Polygon","coordinates":[[[-77.795,47.761],[-77.973,47.745],[-78.295,47.656],[-78.389,47.599],[-78.549,47.417],[-78.569,47.353],[-78.558,47.285],[-78.48,47.254],[-78.219,47.201],[-78.141,47.198],[-78.078,47.225],[-77.724,47.533],[-77.612,47.668],[-77.519,47.72],[-77.492,47.779],[-77.795,47.761]]]}},{"type":"Feature","properties":{"density":2},"geometry":{"type":"Polygon","coordinates":[[[-118.304,66.576],[-118.25,66.592],[-117.779,66.483],[-117.521,66.454],[-117.345,66.478],[-116.984,66.496],[-116.547,66.49],[-116.212,66.438],[-116.097,66.406],[-115.795,66.392],[-115.583,66.363],[-115.39,66.309],[-115.315,66.242],[-115.276,66.161],[-115.274,66.101],[-115.33,66.039],[-115.486,66.048],[-115.729,66.114],[-116.068,66.149],[-116.516,66.121],[-116.88,66.143],[-118.101,66.451],[-118.311,66.488],[-118.343,66.502],[-118.362,66.535],[-118.352,66.556],[-118.304,66.576]]]}},{"type":"Feature","properties":{"density":2},"geometry":{"type":"Polygon","coordinates":[[[-118.853,65.765],[-118.301,65.652],[-117.866,65.611],[-117.605,65.512],[-117.479,65.494],[-117.465,65.499],[-117.461,65.528],[-117.579,65.601],[-117.593,65.667],[-117.573,65.74],[-117.522,65.787],[-117.453,65.805],[-117.239,65.808],[-116.374,65.646],[-116.135,65.606],[-115.89,65.586],[-115.438,65.5],[-115.132,65.345],[-115.044,65.273],[-114.852,65.005],[-114.339,64.575],[-114.296,64.51],[-114.225,64.33],[-114.203,64.092],[-114.222,63.889],[-114.29,63.78],[-114.447,63.728],[-114.614,63.712],[-114.701,63.723],[-114.794,63.768],[-115.109,64.277],[-115.365,64.536],[-115.613,64.711],[-115.685,64.735],[-116.187,64.803],[-116.582,64.792],[-116.678,64.771],[-116.742,64.782],[-116.937,64.848],[-117.557,64.965],[-117.714,65.03],[-117.858,65.147],[-118.101,65.249],[-118.253,65.204],[-118.371,65.127],[-118.472,65.118],[-118.601,65.141],[-118.734,65.189],[-119.19,65.306],[-119.334,65.354],[-119.414,65.42],[-119.43,65.484],[-119.387,65.537],[-119.276,65.603],[-119.156,65.622],[-119.127,65.667],[-119.024,65.736],[-118.915,65.77],[-118.853,65.765]]]}},{"type":"Feature","properties":{"density":2},"geometry":{"type":"Polygon","coordinates":[[[-121.546,65.198],[-121.49,65.23],[-121.395,65.224],[-121.249,65.137],[-121.198,65.072],[-121.31,65.083],[-121.468,65.162],[-121.545,65.156],[-121.556,65.174],[-121.546,65.198]]]}},{"type":"Feature","properties":{"density":2},"geometry":{"type":"Polygon","coordinates":[[[-119.937,63.896],[-119.85,63.898],[-119.476,63.752],[-119.087,63.567],[-118.857,63.376],[-118.752,63.23],[-118.671,63.151],[-118.47,62.856],[-118.441,62.789],[-118.429,62.699],[-118.433,62.63],[-118.462,62.57],[-118.513,62.531],[-118.582,62.519],[-118.988,62.591],[-119.278,62.775],[-119.339,62.845],[-119.584,63.23],[-119.676,63.528],[-119.985,63.786],[-120.0,63.855],[-119.937,63.896]]]}},{"type":"Feature","properties":{"density":2},"geometry":{"type":"Polygon","coordinates":[[[-119.972,64.939],[-119.876,64.958],[-119.774,64.937],[-119.658,64.888],[-119.642,64.871],[-119.643,64.829],[-119.711,64.835],[-119.876,64.894],[-119.973,64.903],[-119.989,64.92],[-119.972,64.939]]]}},{"type":"Feature","properties":{"density":2},"geometry":{"type":"Polygon","coordinates":[[[-121.61,64.859],[-121.102,64.863],[-120.698,64.831],[-120.528,64.786],[-120.458,64.749],[-120.184,64.514],[-119.994,64.378],[-119.917,64.286],[-119.911,64.219],[-119.943,64.187],[-120.0,64.174],[-120.226,64.15],[-120.324,64.16],[-120.699,64.274],[-121.54,64.716],[-121.623,64.782],[-121.628,64.837],[-121.61,64.859]]]}},{"type":"Feature","properties":{"density":2},"geometry":{"type":"Polygon","coordinates":[[[-121.383,63.749],[-121.088,63.841],[-120.924,63.857],[-120.492,63.654],[-120.402,63.562],[-120.141,63.391],[-120.123,63.326],[-120.147,63.224],[-120.352,62.997],[-120.72,62.743],[-120.791,62.665],[-120.906,62.591],[-121.054,62.544],[-121.247,62.537],[-121.368,62.561],[-121.554,62.637],[-121.672,62.646],[-121.719,62.627],[-121.885,62.484],[-122.07,62.418],[-122.164,62.418],[-122.25,62.463],[-122.471,62.68],[-122.725,62.777],[-122.842,62.883],[-122.887,63.015],[-122.842,63.263],[-122.718,63.396],[-121.956,63.666],[-121.751,63.722],[-121.616,63.749],[-121.383,63.749]]]}},{"type":"Feature","properties":{"density":2},"geometry":{"type":"Polygon","coordinates":[[[-121.643,61.964],[-121.533,61.979],[-121.268,61.919],[-121.101,61.819],[-120.862,61.731],[-120.577,61.683],[-120.414,61.639],[-119.767,61.379],[-119.672,61.352],[-119.497,61.342],[-118.984,61.575],[-118.765,61.646],[-118.609,61.72],[-118.461,61.761],[-117.995,61.724],[-117.565,61.74],[-117.428,61.73],[-117.185,61.648],[-116.949,61.497],[-116.719,61.211],[-116.638,60.876],[-116.652,60.637],[-116.787,60.525],[-116.922,60.475],[-117.354,60.475],[-117.506,60.458],[-118.042,60.34],[-118.382,60.356],[-118.549,60.344],[-118.751,60.286],[-118.983,60.301],[-119.397,60.42],[-120.205,60.754],[-120.982,61.271],[-121.264,61.395],[-121.544,61.547],[-121.591,61.604],[-121.785,61.71],[-121.815,61.782],[-121.792,61.821],[-121.723,61.874],[-121.679,61.956],[-121.643,61.964]]]}},{"type":"Feature","properties":{"density":2},"geometry":{"type":"Polygon","coordinates":[[[-109.97,37.852],[-109.901,37.987],[-109.752,38.153],[-109.007,38.731],[-108.835,38.833],[-108.288,39.045],[-108.072,39.109],[-107.779,39.16],[-107.357,39.173],[-107.225,39.163],[-106.621,38.819],[-106.537,38.728],[-106.382,38.633],[-106.328,38.559],[-106.321,38.38],[-106.358,38.215],[-106.425,38.11],[-106.503,38.043],[-106.584,38.006],[-106.746,37.958],[-107.242,37.921],[-107.667,37.854],[-108.117,37.691],[-108.543,37.583],[-108.684,37.56],[-109.022,37.542],[-109.616,37.574],[-109.848,37.643],[-109.967,37.746],[-109.97,37.852]]]}},{"type":"Feature","properties":{"density":2},"geometry":{"type":"Polygon","coordinates":[[[-105.124,38.104],[-105.213,38.27],[-105.37,38.375],[-105.412,38.446],[-105.414,38.528],[-105.351,38.633],[-105.282,38.639],[-105.106,38.597],[-104.755,38.584],[-104.665,38.546],[-104.613,38.489],[-104.61,38.407],[-104.653,38.311],[-104.902,38.11],[-104.943,38.053],[-104.979,37.933],[-105.007,37.909],[-105.049,37.919],[-105.12,37.993],[-105.124,38.104]]]}},{"type":"Feature","properties":{"density":2},"geometry":{"type":"Polygon","coordinates":[[[-88.953,51.729],[-89.098,52.075],[-89.29,52.283],[-89.348,52.409],[-89.42,52.643],[-89.42,52.724],[-89.359,52.875],[-89.242,53.039],[-88.993,53.131],[-88.864,53.136],[-88.741,53.095],[-88.414,52.843],[-88.327,52.753],[-88.043,52.623],[-87.787,52.465],[-87.688,52.249],[-87.726,52.092],[-87.771,52.044],[-88.043,51.885],[-88.606,51.679],[-88.675,51.666],[-88.729,51.66],[-88.914,51.693],[-88.953,51.729]]]}},{"type":"Feature","properties":{"density":2},"geometry":{"type":"Polygon","coordinates":[[[-87.836,55.138],[-87.867,55.209],[-87.888,55.353],[-87.875,55.395],[-87.841,55.415],[-87.782,55.414],[-87.745,55.376],[-87.748,55.316],[-87.782,55.246],[-87.791,55.134],[-87.836,55.138]]]}},{"type":"Feature","properties":{"density":2},"geometry":{"type":"Polygon","coordinates":[[[-89.69,51.548],[-89.642,51.959],[-89.614,52.021],[-89.542,52.078],[-89.468,52.066],[-89.434,52.034],[-89.426,51.908],[-89.516,51.61],[-89.543,51.565],[-89.602,51.52],[-89.69,51.548]]]}},{"type":"Feature","properties":{"density":2},"geometry":{"type":"Polygon","coordinates":[[[-91.604,48.823],[-91.588,48.906],[-91.644,49.17],[-91.641,49.248],[-91.593,49.305],[-91.527,49.306],[-91.236,49.125],[-91.035,48.904],[-90.972,48.804],[-90.933,48.715],[-90.867,48.454],[-90.893,48.343],[-90.926,48.282],[-90.992,48.232],[-91.065,48.225],[-91.254,48.213],[-91.319,48.217],[-91.367,48.24],[-91.637,48.642],[-91.652,48.735],[-91.604,48.823]]]}},{"type":"Feature","properties":{"density":2},"geometry":{"type":"Polygon","coordinates":[[[-90.994,48.916],[-91.036,49.031],[-91.07,49.222],[-91.059,49.318],[-91.019,49.38],[-90.962,49.419],[-90.804,49.429],[-90.581,49.293],[-90.476,49.179],[-90.467,49.14],[-90.48,49.089],[-90.561,49.026],[-90.814,48.958],[-90.922,48.883],[-90.979,48.887],[-90.994,48.916]]]}},{"type":"Feature","properties":{"density":2},"geometry":{"type":"Polygon","coordinates":[[[-95.213,65.718],[-93.368,67.153],[-89.857,69.485],[-86.96,70.049],[-80.656,70.151],[-76.248,71.01],[-74.902,71.433],[-72.557,71.74],[-69.328,71.241],[-64.33,70.395],[-62.523,69.318],[-60.947,67.742],[-59.832,66.012],[-58.641,63.36],[-57.449,60.861],[-56.411,59.554],[-55.142,58.17],[-53.835,57.516],[-52.451,56.632],[-51.452,55.287],[-51.567,53.634],[-52.874,51.365],[-55.027,50.366],[-57.526,49.751],[-61.024,49.328],[-62.664,49.251],[-64.151,48.969],[-65.432,48.687],[-67.611,48.098],[-69.2,47.739],[-70.532,47.278],[-72.634,46.944],[-74.94,46.868],[-76.709,47.278],[-78.81,48.559],[-83.244,51.019],[-84.808,52.045],[-87.319,53.813],[-92.471,56.427],[-94.29,57.888],[-95.418,59.4],[-95.982,60.733],[-96.007,62.065],[-96.007,63.859],[-95.623,65.192],[-95.213,65.718]]]}},{"type":"Feature","properties":{"density":2},"geometry":{"type":"Polygon","coordinates":[[[-121.637,63.712],[-120.863,64.031],[-118.972,64.669],[-116.728,65.296],[-113.197,66.628],[-112.582,66.845],[-110.224,67.483],[-108.196,68.234],[-106.989,68.792],[-106.123,69.054],[-105.765,68.989],[-105.702,68.735],[-105.92,68.46],[-106.943,67.824],[-108.23,67.175],[-109.256,66.81],[-110.497,66.435],[-112.479,65.888],[-113.744,65.478],[-115.748,64.635],[-116.682,64.168],[-117.969,63.473],[-119.314,62.858],[-120.259,62.516],[-121.079,62.288],[-122.15,62.277],[-122.469,62.345],[-122.697,62.721],[-122.788,63.097],[-122.594,63.325],[-122.286,63.416],[-121.637,63.712]]]}},{"type":"Feature","properties":{"density":2},"geometry":{"type":"Polygon","coordinates":[[[-121.573,50.03],[-121.849,50.0],[-122.341,49.79],[-122.702,49.65],[-122.918,49.584],[-123.179,49.535],[-123.568,49.499],[-124.066,49.366],[-124.14,49.29],[-124.142,49.2],[-123.977,48.904],[-123.798,48.735],[-123.616,48.607],[-123.335,48.6],[-122.755,48.819],[-122.623,48.91],[-122.087,49.197],[-121.894,49.319],[-121.736,49.461],[-121.405,49.677],[-121.302,49.872],[-121.312,49.966],[-121.349,50.001],[-121.429,50.036],[-121.573,50.03]]]}},{"type":"Feature","properties":{"density":2},"geometry":{"type":"Polygon","coordinates":[[[-118.432,45.672],[-118.36,45.625],[-118.244,45.511],[-118.186,45.424],[-118.18,45.37],[-118.311,45.393],[-118.446,45.504],[-118.489,45.631],[-118.47,45.673],[-118.432,45.672]]]}},{"type":"Feature","properties":{"density":3},"geometry":{"type":"Polygon","coordinates":[[[-81.489,39.266],[-81.532,39.251],[-81.532,39.226],[-81.12,39.191],[-81.034,39.205],[-80.997,39.227],[-80.95,39.347],[-80.971,39.386],[-81.01,39.398],[-81.247,39.286],[-81.355,39.265],[-81.489,39.266]]]}},{"type":"Feature","properties":{"density":3},"geometry":{"type":"Polygon","coordinates":[[[-104.916,37.998],[-105.016,37.986],[-105.043,37.975],[-105.054,37.942],[-104.938,37.921],[-104.778,37.951],[-104.67,38.026],[-104.641,38.092],[-104.671,38.097],[-104.815,38.013],[-104.916,37.998]]]}},{"type":"Feature","properties":{"density":3},"geometry":{"type":"Polygon","coordinates":[[[-106.343,39.318],[-106.379,39.318],[-106.503,39.264],[-106.49,39.214],[-106.451,39.194],[-106.402,39.126],[-106.379,39.12],[-106.334,39.131],[-106.294,39.198],[-106.296,39.248],[-106.343,39.318]]]}},{"type":"Feature","properties":{"density":3},"geometry":{"type":"Polygon","coordinates":[[[-107.704,38.571],[-107.753,38.616],[-107.816,38.623],[-107.846,38.558],[-107.848,38.459],[-107.756,38.308],[-107.738,38.202],[-107.684,38.121],[-107.634,38.076],[-107.567,38.067],[-107.501,38.101],[-107.474,38.177],[-107.405,38.258],[-107.389,38.321],[-107.438,38.407],[-107.704,38.571]]]}},{"type":"Feature","properties":{"density":3},"geometry":{"type":"Polygon","coordinates":[[[-108.805,37.762],[-108.944,37.784],[-108.987,37.728],[-108.951,37.683],[-108.872,37.663],[-108.713,37.69],[-108.555,37.681],[-108.539,37.692],[-108.533,37.784],[-108.503,37.827],[-108.494,37.881],[-108.508,37.912],[-108.584,37.975],[-108.674,37.971],[-108.715,37.926],[-108.753,37.807],[-108.805,37.762]]]}},{"type":"Feature","properties":{"density":3},"geometry":{"type":"Polygon","coordinates":[[[-109.559,37.924],[-109.618,37.894],[-109.627,37.834],[-109.566,37.831],[-109.429,37.872],[-109.323,37.87],[-109.269,37.908],[-109.269,37.935],[-109.294,37.953],[-109.368,37.966],[-109.42,37.966],[-109.559,37.924]]]}},{"type":"Feature","properties":{"density":3},"geometry":{"type":"Polygon","coordinates":[[[-121.376,50.259],[-121.528,50.29],[-121.596,50.267],[-121.657,50.221],[-121.755,50.092],[-121.816,50.039],[-122.074,49.925],[-122.143,49.88],[-122.196,49.827],[-122.249,49.637],[-122.211,49.546],[-122.158,49.53],[-121.945,49.546],[-121.581,49.66],[-121.459,49.675],[-121.163,49.667],[-120.897,49.758],[-120.761,49.766],[-120.502,49.728],[-120.282,49.728],[-120.183,49.773],[-120.092,49.849],[-120.047,49.918],[-120.062,49.994],[-120.115,50.07],[-120.176,50.13],[-120.275,50.191],[-120.426,50.206],[-120.556,50.199],[-120.928,50.146],[-121.117,50.138],[-121.231,50.176],[-121.376,50.259]]]}},{"type":"Feature","properties":{"density":3},"geometry":{"type":"Polygon","coordinates":[[[-90.964,49.039],[-91.034,49.059],[-91.084,49.035],[-91.09,49.01],[-91.048,48.978],[-90.915,48.933],[-90.904,48.954],[-90.913,48.983],[-90.964,49.039]]]}},{"type":"Feature","properties":{"density":3},"geometry":{"type":"Polygon","coordinates":[[[-88.699,52.181],[-88.765,52.181],[-88.846,52.15],[-89.008,51.988],[-89.17,51.781],[-89.312,51.528],[-89.408,51.219],[-89.464,51.148],[-89.55,51.118],[-89.747,51.178],[-89.803,51.173],[-89.818,51.113],[-89.803,51.021],[-89.732,50.804],[-89.626,50.723],[-89.519,50.713],[-89.448,50.738],[-89.357,50.799],[-89.302,50.905],[-89.236,51.214],[-89.18,51.381],[-89.114,51.512],[-88.917,51.69],[-88.856,51.766],[-88.831,51.897],[-88.79,51.953],[-88.628,52.049],[-88.613,52.105],[-88.628,52.171],[-88.699,52.181]]]}},{"type":"Feature","properties":{"density":3},"geometry":{"type":"Polygon","coordinates":[[[-78.898,67.034],[-78.783,66.265],[-78.667,65.727],[-78.667,65.035],[-78.744,64.535],[-78.898,64.074],[-79.205,63.651],[-79.705,63.344],[-80.32,63.228],[-81.166,63.151],[-81.858,63.151],[-82.435,63.19],[-83.127,63.267],[-83.703,63.382],[-84.395,63.613],[-85.433,64.151],[-85.856,64.266],[-86.317,64.266],[-86.779,63.997],[-87.202,63.536],[-87.432,62.959],[-87.625,62.344],[-87.548,61.69],[-87.279,61.191],[-86.971,60.691],[-86.817,60.153],[-86.817,59.461],[-86.894,58.846],[-87.048,58.384],[-87.086,57.923],[-87.086,57.462],[-86.856,57.193],[-86.548,56.962],[-86.164,56.731],[-85.625,56.654],[-85.087,56.616],[-84.549,56.654],[-84.126,56.808],[-83.819,57.231],[-83.626,57.615],[-83.434,58.077],[-83.165,58.5],[-82.973,58.769],[-82.742,58.769],[-82.396,58.692],[-81.973,58.73],[-81.589,58.577],[-80.897,57.885],[-80.397,57.539],[-79.897,57.116],[-79.205,56.731],[-78.706,56.501],[-77.668,55.962],[-77.168,55.732],[-76.437,55.501],[-75.822,55.27],[-75.169,55.04],[-74.554,54.848],[-73.823,54.578],[-73.208,54.425],[-72.324,54.232],[-71.632,54.194],[-70.402,54.194],[-70.094,54.232],[-70.017,54.425],[-70.056,54.655],[-70.287,54.809],[-70.594,54.924],[-71.632,55.078],[-72.247,55.27],[-72.862,55.424],[-73.362,55.578],[-73.708,55.809],[-74.016,56.155],[-74.131,56.578],[-73.939,56.693],[-73.477,56.731],[-72.209,56.731],[-71.747,56.885],[-71.094,57.0],[-70.594,57.0],[-70.133,56.962],[-69.21,56.731],[-68.633,56.616],[-67.865,56.501],[-67.173,56.424],[-66.519,56.462],[-66.058,56.539],[-65.712,56.847],[-65.52,57.231],[-65.366,57.654],[-65.25,58.154],[-65.135,59.153],[-65.212,59.461],[-65.404,59.999],[-65.789,60.614],[-66.212,61.037],[-66.711,61.344],[-67.173,61.575],[-67.672,61.729],[-68.095,61.767],[-68.826,61.652],[-69.172,61.46],[-69.556,61.075],[-70.21,60.153],[-70.633,59.653],[-71.132,59.23],[-71.632,58.923],[-72.286,58.653],[-72.901,58.615],[-73.631,58.653],[-74.131,58.846],[-74.592,59.115],[-74.823,59.461],[-74.938,59.768],[-74.9,60.114],[-74.746,60.46],[-74.4,60.768],[-74.016,60.96],[-73.67,61.229],[-73.054,61.844],[-72.978,62.267],[-72.824,62.728],[-72.593,63.228],[-72.516,63.536],[-72.17,63.882],[-71.863,63.959],[-71.517,63.959],[-70.863,63.805],[-70.21,63.613],[-69.671,63.536],[-68.941,63.459],[-68.211,63.497],[-67.672,63.728],[-67.288,63.959],[-66.98,64.382],[-66.673,64.92],[-66.481,65.343],[-66.288,66.265],[-66.288,66.688],[-66.481,67.149],[-66.711,67.534],[-67.096,68.034],[-67.557,68.495],[-68.134,69.033],[-68.48,69.418],[-69.095,69.994],[-69.633,70.456],[-71.055,71.263],[-72.362,71.878],[-73.324,72.224],[-75.054,72.685],[-76.976,73.07],[-78.091,73.223],[-80.013,73.339],[-80.82,73.339],[-81.435,73.185],[-82.127,73.108],[-83.088,72.954],[-83.55,72.762],[-84.088,72.224],[-84.28,71.801],[-84.28,71.301],[-83.934,70.802],[-83.55,70.34],[-82.973,69.802],[-80.897,68.495],[-80.166,68.072],[-79.59,67.803],[-79.398,67.649],[-78.898,67.034]]]}},{"type":"Feature","properties":{"density":3},"geometry":{"type":"Polygon","coordinates":[[[-93.828,17.513],[-93.974,17.491],[-94.057,17.452],[-94.14,17.367],[-94.163,17.288],[-94.122,17.299],[-93.985,17.421],[-93.796,17.488],[-93.801,17.511],[-93.828,17.513]]]}},{"type":"Feature","properties":{"density":3},"geometry":{"type":"Polygon","coordinates":[[[-89.542,15.16],[-89.575,15.151],[-89.639,15.094],[-89.666,15.043],[-89.617,15.053],[-89.531,15.103],[-89.519,15.13],[-89.542,15.16]]]}},{"type":"Feature","properties":{"density":3},"geometry":{"type":"Polygon","coordinates":[[[-72.863,54.301],[-72.967,54.217],[-73.002,54.113],[-72.993,54.053],[-72.92,54.016],[-72.89,54.021],[-72.833,54.094],[-72.792,54.202],[-72.783,54.272],[-72.8,54.307],[-72.823,54.316],[-72.863,54.301]]]}},{"type":"Feature","properties":{"density":3},"geometry":{"type":"Polygon","coordinates":[[[-70.698,53.457],[-70.723,53.31],[-70.694,53.272],[-70.671,53.272],[-70.595,53.309],[-70.58,53.393],[-70.594,53.475],[-70.612,53.496],[-70.683,53.48],[-70.698,53.457]]]}},{"type":"Feature","properties":{"density":3},"geometry":{"type":"Polygon","coordinates":[[[-93.825,17.523],[-94.012,17.486],[-94.079,17.438],[-94.112,17.38],[-94.071,17.388],[-93.938,17.467],[-93.804,17.506],[-93.825,17.523]]]}},{"type":"Feature","properties":{"density":3},"geometry":{"type":"Polygon","coordinates":[[[-81.523,39.273],[-81.288,39.336],[-81.085,39.339],[-81.029,39.3],[-81.017,39.244],[-81.05,39.216],[-81.102,39.205],[-81.399,39.192],[-81.537,39.224],[-81.546,39.259],[-81.523,39.273]]]}},{"type":"Feature","properties":{"density":3},"geometry":{"type":"Polygon","coordinates":[[[-108.77,37.778],[-108.722,37.84],[-108.675,37.945],[-108.605,38.009],[-108.532,38.027],[-108.482,38.01],[-108.419,37.956],[-108.411,37.885],[-108.426,37.86],[-108.68,37.675],[-108.708,37.668],[-108.758,37.693],[-108.784,37.75],[-108.77,37.778]]]}},{"type":"Feature","properties":{"density":3},"geometry":{"type":"Polygon","coordinates":[[[-107.647,38.159],[-107.535,38.243],[-107.337,38.274],[-107.321,38.258],[-107.325,38.229],[-107.399,38.128],[-107.476,38.083],[-107.571,38.069],[-107.608,38.083],[-107.639,38.121],[-107.692,38.106],[-107.688,38.136],[-107.647,38.159]]]}},{"type":"Feature","properties":{"density":3},"geometry":{"type":"Polygon","coordinates":[[[-106.437,39.211],[-106.396,39.247],[-106.379,39.238],[-106.372,39.205],[-106.408,39.187],[-106.437,39.211]]]}},{"type":"Feature","properties":{"density":3},"geometry":{"type":"Polygon","coordinates":[[[-109.626,37.855],[-109.564,37.937],[-109.504,37.987],[-109.414,38.006],[-109.352,37.985],[-109.333,37.959],[-109.336,37.914],[-109.36,37.897],[-109.528,37.882],[-109.613,37.824],[-109.631,37.826],[-109.626,37.855]]]}},{"type":"Feature","properties":{"density":3},"geometry":{"type":"Polygon","coordinates":[[[-121.4,50.042],[-121.606,50.057],[-121.7,50.028],[-121.769,49.976],[-121.878,49.93],[-122.192,49.857],[-122.247,49.829],[-122.247,49.769],[-122.159,49.613],[-122.153,49.557],[-122.207,49.427],[-122.19,49.379],[-122.049,49.388],[-121.771,49.521],[-121.569,49.583],[-121.4,49.598],[-121.07,49.714],[-120.919,49.749],[-120.676,49.715],[-120.458,49.644],[-120.373,49.636],[-120.182,49.638],[-120.035,49.664],[-120.006,49.723],[-120.235,50.088],[-120.337,50.131],[-120.801,50.171],[-120.967,50.171],[-121.4,50.042]]]}},{"type":"Feature","properties":{"density":3},"geometry":{"type":"Polygon","coordinates":[[[-75.706,54.029],[-75.774,53.991],[-75.79,53.947],[-75.734,53.829],[-75.676,53.819],[-75.599,53.873],[-75.577,53.997],[-75.595,54.043],[-75.665,54.022],[-75.706,54.029]]]}},{"type":"Feature","properties":{"density":3},"geometry":{"type":"Polygon","coordinates":[[[-75.1,55.047],[-75.216,55.023],[-75.245,54.997],[-75.241,54.963],[-75.165,54.956],[-75.094,54.898],[-75.062,54.901],[-75.039,54.956],[-75.041,54.998],[-75.067,55.034],[-75.1,55.047]]]}},{"type":"Feature","properties":{"density":3},"geometry":{"type":"Polygon","coordinates":[[[-72.929,53.909],[-72.873,53.901],[-72.761,53.938],[-72.732,53.889],[-72.723,53.767],[-72.772,53.601],[-72.829,53.521],[-72.889,53.496],[-72.921,53.504],[-72.952,53.579],[-72.955,53.774],[-72.975,53.872],[-72.929,53.909]]]}},{"type":"Feature","properties":{"density":3},"geometry":{"type":"Polygon","coordinates":[[[-71.801,53.875],[-71.944,53.814],[-72.059,53.702],[-72.16,53.535],[-72.178,53.486],[-72.169,53.408],[-71.915,53.362],[-71.8,53.366],[-71.746,53.386],[-71.732,53.407],[-71.755,53.623],[-71.74,53.877],[-71.762,53.89],[-71.801,53.875]]]}},{"type":"Feature","properties":{"density":3},"geometry":{"type":"Polygon","coordinates":[[[-70.717,53.467],[-70.661,53.506],[-70.614,53.512],[-70.548,53.447],[-70.52,53.187],[-70.561,52.951],[-70.536,52.789],[-70.563,52.713],[-70.627,52.709],[-70.678,52.736],[-70.736,52.817],[-70.755,52.88],[-70.76,53.12],[-70.802,53.231],[-70.803,53.314],[-70.758,53.422],[-70.717,53.467]]]}},{"type":"Feature","properties":{"density":3},"geometry":{"type":"Polygon","coordinates":[[[-67.579,52.973],[-67.527,52.943],[-67.528,52.913],[-67.561,52.843],[-67.592,52.833],[-67.61,52.839],[-67.619,52.883],[-67.579,52.973]]]}},{"type":"Feature","properties":{"density":3},"geometry":{"type":"Polygon","coordinates":[[[-68.78,57.261],[-68.6,57.206],[-68.455,57.077],[-68.404,56.954],[-68.402,56.918],[-68.437,56.881],[-68.553,56.878],[-68.614,56.897],[-68.865,57.205],[-68.872,57.256],[-68.78,57.261]]]}},{"type":"Feature","properties":{"density":3},"geometry":{"type":"Polygon","coordinates":[[[-68.024,56.405],[-67.98,56.422],[-67.94,56.409],[-67.931,56.356],[-67.958,56.333],[-67.992,56.332],[-68.024,56.405]]]}},{"type":"Feature","properties":{"density":3},"geometry":{"type":"Polygon","coordinates":[[[-66.384,56.894],[-66.305,56.895],[-65.801,56.596],[-65.684,56.515],[-65.652,56.443],[-65.691,56.417],[-65.733,56.423],[-65.91,56.502],[-66.332,56.571],[-66.415,56.801],[-66.415,56.869],[-66.384,56.894]]]}},{"type":"Feature","properties":{"density":3},"geometry":{"type":"Polygon","coordinates":[[[-78.691,50.147],[-78.883,49.998],[-78.905,49.941],[-78.83,49.922],[-78.753,49.948],[-78.691,49.99],[-78.625,50.103],[-78.641,50.133],[-78.691,50.147]]]}},{"type":"Feature","properties":{"density":3},"geometry":{"type":"Polygon","coordinates":[[[-78.477,50.564],[-78.54,50.602],[-78.623,50.593],[-78.676,50.516],[-78.683,50.468],[-78.626,50.448],[-78.452,50.449],[-78.364,50.478],[-78.359,50.517],[-78.477,50.564]]]}},{"type":"Feature","properties":{"density":3},"geometry":{"type":"Polygon","coordinates":[[[-79.035,50.911],[-79.078,50.847],[-79.06,50.825],[-79.034,50.832],[-79.011,50.87],[-79.008,50.902],[-79.035,50.911]]]}},{"type":"Feature","properties":{"density":3},"geometry":{"type":"Polygon","coordinates":[[[-77.724,47.696],[-77.737,47.726],[-77.785,47.753],[-77.834,47.735],[-77.861,47.683],[-77.831,47.646],[-77.793,47.637],[-77.727,47.673],[-77.724,47.696]]]}},{"type":"Feature","properties":{"density":3},"geometry":{"type":"Polygon","coordinates":[[[-88.889,51.76],[-88.92,51.806],[-88.92,51.89],[-88.844,51.964],[-88.701,52.006],[-88.633,52.008],[-88.569,51.987],[-88.551,51.96],[-88.549,51.914],[-88.573,51.88],[-88.727,51.828],[-88.773,51.724],[-88.797,51.728],[-88.813,51.763],[-88.831,51.738],[-88.865,51.733],[-88.889,51.76]]]}},{"type":"Feature","properties":{"density":3},"geometry":{"type":"Polygon","coordinates":[[[-91.427,48.547],[-91.51,48.586],[-91.522,48.623],[-91.444,48.673],[-91.386,48.671],[-91.343,48.632],[-91.345,48.586],[-91.385,48.542],[-91.427,48.547]]]}},{"type":"Feature","properties":{"density":3},"geometry":{"type":"Polygon","coordinates":[[[-121.49,49.949],[-121.577,49.952],[-121.648,49.933],[-121.688,49.898],[-121.689,49.846],[-121.547,49.834],[-121.488,49.851],[-121.463,49.872],[-121.452,49.914],[-121.455,49.931],[-121.49,49.949]]]}},{"type":"Feature","properties":{"density":3},"geometry":{"type":"Polygon","coordinates":[[[-121.706,61.926],[-121.428,61.852],[-120.981,61.67],[-120.64,61.485],[-120.547,61.381],[-120.56,61.321],[-120.607,61.294],[-120.742,61.309],[-121.127,61.449],[-121.503,61.66],[-121.636,61.714],[-121.789,61.824],[-121.8,61.858],[-121.789,61.901],[-121.706,61.926]]]}},{"type":"Feature","properties":{"density":3},"geometry":{"type":"Polygon","coordinates":[[[-115.661,64.937],[-115.532,64.871],[-115.486,64.875],[-115.477,64.899],[-115.493,64.932],[-115.563,64.983],[-115.591,65.024],[-115.594,65.055],[-115.573,65.078],[-115.54,65.084],[-115.466,65.06],[-115.198,64.907],[-115.063,64.801],[-115.022,64.734],[-115.001,64.597],[-115.045,64.501],[-115.114,64.488],[-115.284,64.553],[-115.375,64.593],[-115.59,64.736],[-115.698,64.835],[-115.743,64.913],[-115.732,64.942],[-115.71,64.95],[-115.661,64.937]]]}},{"type":"Feature","properties":{"density":3},"geometry":{"type":"Polygon","coordinates":[[[-108.792,37.756],[-108.884,37.938],[-108.895,38.068],[-108.871,38.112],[-108.82,38.148],[-108.721,38.179],[-108.622,38.272],[-108.59,38.28],[-108.559,38.253],[-108.554,38.055],[-108.572,37.915],[-108.626,37.737],[-108.661,37.663],[-108.693,37.642],[-108.742,37.661],[-108.792,37.756]]]}},{"type":"Feature","properties":{"density":3},"geometry":{"type":"Polygon","coordinates":[[[-109.652,37.9],[-109.62,37.978],[-109.6,37.991],[-109.521,37.985],[-109.456,37.939],[-109.475,37.919],[-109.574,37.903],[-109.594,37.847],[-109.62,37.83],[-109.658,37.874],[-109.652,37.9]]]}},{"type":"Feature","properties":{"density":3},"geometry":{"type":"Polygon","coordinates":[[[-107.606,38.251],[-107.536,38.281],[-107.497,38.257],[-107.478,38.211],[-107.482,38.157],[-107.512,38.108],[-107.583,38.061],[-107.616,38.069],[-107.644,38.111],[-107.643,38.179],[-107.606,38.251]]]}},{"type":"Feature","properties":{"density":3},"geometry":{"type":"Polygon","coordinates":[[[-78.414,50.588],[-78.52,50.706],[-78.62,50.721],[-78.8,50.671],[-78.94,50.657],[-79.04,50.605],[-79.093,50.556],[-79.107,50.502],[-79.103,50.459],[-79.073,50.414],[-79.089,50.374],[-79.205,50.217],[-79.338,50.1],[-79.37,50.013],[-79.362,49.914],[-79.229,49.821],[-78.816,49.801],[-78.726,49.822],[-78.486,50.143],[-78.5,50.244],[-78.555,50.305],[-78.564,50.344],[-78.552,50.389],[-78.464,50.415],[-78.317,50.419],[-78.278,50.446],[-78.282,50.506],[-78.302,50.527],[-78.353,50.539],[-78.414,50.588]]]}},{"type":"Feature","properties":{"density":3},"geometry":{"type":"Polygon","coordinates":[[[-79.065,50.89],[-79.213,50.794],[-79.263,50.743],[-79.315,50.661],[-79.314,50.568],[-79.275,50.548],[-79.224,50.563],[-79.066,50.671],[-78.996,50.815],[-79.013,50.903],[-79.051,50.904],[-79.065,50.89]]]}},{"type":"Feature","properties":{"density":3},"geometry":{"type":"Polygon","coordinates":[[[-78.442,51.686],[-78.594,51.746],[-78.655,51.701],[-78.727,51.677],[-78.789,51.683],[-78.991,51.764],[-79.378,51.803],[-79.429,51.785],[-79.477,51.707],[-79.459,51.667],[-79.191,51.533],[-79.08,51.499],[-78.978,51.434],[-78.81,51.416],[-78.63,51.47],[-78.466,51.483],[-78.412,51.463],[-78.324,51.471],[-78.262,51.482],[-78.232,51.511],[-78.194,51.581],[-78.215,51.631],[-78.347,51.637],[-78.442,51.686]]]}},{"type":"Feature","properties":{"density":3},"geometry":{"type":"Polygon","coordinates":[[[-76.524,54.748],[-76.921,54.606],[-76.959,54.58],[-76.981,54.54],[-76.974,54.508],[-76.869,54.423],[-76.674,54.322],[-76.596,54.315],[-76.551,54.334],[-76.513,54.378],[-76.443,54.535],[-76.282,54.599],[-76.228,54.69],[-76.246,54.746],[-76.317,54.782],[-76.449,54.78],[-76.524,54.748]]]}},{"type":"Feature","properties":{"density":3},"geometry":{"type":"Polygon","coordinates":[[[-75.732,54.034],[-75.826,54.024],[-75.895,53.986],[-75.987,53.914],[-76.054,53.884],[-76.158,53.773],[-76.174,53.7],[-76.153,53.623],[-76.081,53.506],[-76.017,53.47],[-75.963,53.481],[-75.874,53.542],[-75.585,53.884],[-75.565,54.016],[-75.574,54.031],[-75.61,54.036],[-75.702,53.953],[-75.721,53.977],[-75.679,54.027],[-75.732,54.034]]]}},{"type":"Feature","properties":{"density":3},"geometry":{"type":"Polygon","coordinates":[[[-75.107,54.085],[-75.272,54.046],[-75.306,54.016],[-75.302,53.995],[-75.275,53.969],[-75.228,53.956],[-75.056,53.983],[-75.038,54.016],[-75.048,54.064],[-75.107,54.085]]]}},{"type":"Feature","properties":{"density":3},"geometry":{"type":"Polygon","coordinates":[[[-72.812,53.932],[-72.886,53.91],[-72.953,53.865],[-72.962,53.803],[-72.941,53.643],[-72.946,53.454],[-72.899,53.407],[-72.856,53.427],[-72.823,53.466],[-72.796,53.571],[-72.751,53.65],[-72.733,53.754],[-72.76,53.907],[-72.782,53.931],[-72.812,53.932]]]}},{"type":"Feature","properties":{"density":3},"geometry":{"type":"Polygon","coordinates":[[[-71.884,53.851],[-71.969,53.809],[-72.117,53.701],[-72.228,53.568],[-72.252,53.523],[-72.276,53.374],[-72.215,53.329],[-72.053,53.281],[-71.922,53.271],[-71.814,53.28],[-71.718,53.327],[-71.701,53.465],[-71.743,53.699],[-71.749,53.852],[-71.82,53.868],[-71.884,53.851]]]}},{"type":"Feature","properties":{"density":3},"geometry":{"type":"Polygon","coordinates":[[[-70.681,53.47],[-70.719,53.452],[-70.8,53.342],[-70.825,53.056],[-70.78,52.862],[-70.809,52.721],[-70.912,52.481],[-71.06,52.232],[-71.07,52.158],[-71.046,52.091],[-70.986,52.067],[-70.915,52.064],[-70.824,52.084],[-70.608,52.259],[-70.533,52.364],[-70.493,52.641],[-70.494,53.069],[-70.528,53.247],[-70.579,53.405],[-70.623,53.481],[-70.681,53.47]]]}},{"type":"Feature","properties":{"density":3},"geometry":{"type":"Polygon","coordinates":[[[-66.31,56.875],[-66.24,56.849],[-65.822,56.59],[-65.385,56.347],[-65.09,56.101],[-64.925,55.905],[-64.835,55.767],[-64.754,55.578],[-64.743,55.542],[-64.759,55.432],[-64.846,55.308],[-65.078,55.216],[-65.422,55.115],[-65.499,55.099],[-65.686,55.097],[-65.908,55.032],[-66.059,55.052],[-66.116,55.1],[-66.154,55.175],[-66.247,55.871],[-66.257,56.304],[-66.319,56.552],[-66.424,56.798],[-66.433,56.868],[-66.397,56.898],[-66.31,56.875]]]}},{"type":"Feature","properties":{"density":3},"geometry":{"type":"Polygon","coordinates":[[[-68.717,57.248],[-68.559,57.138],[-68.503,57.077],[-68.143,56.549],[-68.057,56.481],[-67.866,56.411],[-67.803,56.369],[-67.659,56.121],[-67.358,55.885],[-67.04,55.667],[-67.002,55.543],[-67.027,55.417],[-67.101,55.325],[-67.304,55.257],[-67.529,55.203],[-67.652,55.192],[-67.733,55.221],[-68.064,55.703],[-68.173,55.808],[-68.341,55.851],[-68.536,55.823],[-68.679,55.772],[-68.866,55.754],[-69.204,55.857],[-69.261,55.975],[-69.24,56.11],[-69.119,56.325],[-69.023,56.553],[-68.953,56.784],[-68.882,57.236],[-68.868,57.266],[-68.815,57.281],[-68.733,57.267],[-68.717,57.248]]]}},{"type":"Feature","properties":{"density":3},"geometry":{"type":"Polygon","coordinates":[[[-71.382,56.239],[-71.407,56.194],[-71.499,56.111],[-71.569,56.073],[-71.693,55.96],[-71.937,55.783],[-72.074,55.633],[-72.422,55.372],[-72.435,55.321],[-72.426,55.299],[-72.034,55.165],[-71.814,55.13],[-71.603,55.157],[-71.418,55.213],[-71.198,55.249],[-71.022,55.319],[-70.955,55.382],[-70.941,55.441],[-70.944,55.508],[-71.025,55.731],[-71.209,56.017],[-71.306,56.236],[-71.357,56.251],[-71.382,56.239]]]}},{"type":"Feature","properties":{"density":3},"geometry":{"type":"Polygon","coordinates":[[[-75.073,55.025],[-75.047,55.002],[-75.035,54.958],[-75.027,54.786],[-75.048,54.72],[-75.091,54.707],[-75.135,54.732],[-75.153,54.765],[-75.182,54.935],[-75.166,54.991],[-75.127,55.026],[-75.073,55.025]]]}},{"type":"Feature","properties":{"density":3},"geometry":{"type":"Polygon","coordinates":[[[-77.749,47.727],[-77.835,47.71],[-78.048,47.628],[-78.271,47.513],[-78.41,47.397],[-78.451,47.324],[-78.379,47.284],[-78.246,47.251],[-78.15,47.259],[-78.077,47.314],[-77.872,47.566],[-77.72,47.678],[-77.712,47.71],[-77.749,47.727]]]}},{"type":"Feature","properties":{"density":3},"geometry":{"type":"Polygon","coordinates":[[[-115.394,65.104],[-115.094,65.034],[-114.843,64.925],[-114.681,64.824],[-114.613,64.749],[-114.479,64.647],[-114.443,64.593],[-114.395,64.447],[-114.369,64.14],[-114.414,64.017],[-114.477,63.946],[-114.707,63.942],[-114.858,64.062],[-115.045,64.313],[-115.157,64.523],[-115.459,64.736],[-115.647,64.833],[-115.699,64.938],[-115.674,64.993],[-115.585,65.063],[-115.465,65.102],[-115.394,65.104]]]}},{"type":"Feature","properties":{"density":3},"geometry":{"type":"Polygon","coordinates":[[[-117.375,65.752],[-117.2,65.749],[-115.972,65.519],[-115.906,65.481],[-115.947,65.411],[-115.938,65.364],[-115.794,65.299],[-115.722,65.243],[-115.762,65.216],[-115.837,65.204],[-116.8,65.438],[-117.072,65.522],[-117.176,65.526],[-117.291,65.577],[-117.518,65.632],[-117.542,65.654],[-117.542,65.717],[-117.527,65.733],[-117.375,65.752]]]}},{"type":"Feature","properties":{"density":3},"geometry":{"type":"Polygon","coordinates":[[[-117.337,65.277],[-116.981,65.276],[-116.672,65.232],[-116.315,65.138],[-116.269,65.114],[-116.225,65.064],[-116.202,65.012],[-116.201,64.959],[-116.223,64.91],[-116.39,64.838],[-116.529,64.814],[-116.667,64.814],[-117.023,64.883],[-117.278,64.895],[-117.439,64.93],[-117.637,65.023],[-117.735,65.107],[-117.743,65.141],[-117.729,65.166],[-117.682,65.194],[-117.337,65.277]]]}},{"type":"Feature","properties":{"density":3},"geometry":{"type":"Polygon","coordinates":[[[-121.562,64.837],[-121.355,64.843],[-120.797,64.819],[-120.62,64.774],[-120.516,64.714],[-120.498,64.683],[-120.528,64.648],[-120.765,64.624],[-120.842,64.638],[-121.038,64.713],[-121.506,64.753],[-121.598,64.794],[-121.604,64.837],[-121.562,64.837]]]}},{"type":"Feature","properties":{"density":3},"geometry":{"type":"Polygon","coordinates":[[[-120.984,64.638],[-120.784,64.629],[-120.421,64.513],[-120.307,64.51],[-120.253,64.467],[-120.231,64.423],[-120.231,64.306],[-120.295,64.252],[-120.367,64.248],[-120.528,64.27],[-120.783,64.354],[-121.069,64.506],[-121.078,64.581],[-121.059,64.611],[-120.984,64.638]]]}},{"type":"Feature","properties":{"density":3},"geometry":{"type":"Polygon","coordinates":[[[-121.683,63.342],[-121.191,63.205],[-121.045,63.071],[-121.057,63.02],[-121.116,62.978],[-121.201,62.993],[-121.275,63.016],[-121.455,63.115],[-121.641,63.176],[-121.787,63.244],[-121.8,63.266],[-121.775,63.32],[-121.723,63.348],[-121.683,63.342]]]}},{"type":"Feature","properties":{"density":3},"geometry":{"type":"Polygon","coordinates":[[[-121.608,61.94],[-121.525,61.954],[-121.322,61.884],[-120.765,61.604],[-120.438,61.366],[-120.36,61.349],[-120.157,61.355],[-120.126,61.324],[-120.126,61.297],[-120.313,61.163],[-120.381,61.141],[-120.576,61.144],[-121.131,61.357],[-121.315,61.457],[-121.65,61.696],[-121.698,61.779],[-121.697,61.819],[-121.685,61.887],[-121.608,61.94]]]}},{"type":"Feature","properties":{"density":3},"geometry":{"type":"Polygon","coordinates":[[[-108.797,37.687],[-108.981,37.932],[-109.06,38.105],[-109.046,38.249],[-108.898,38.432],[-108.691,38.632],[-108.497,38.789],[-108.32,38.891],[-108.054,39.005],[-107.966,39.017],[-107.888,38.972],[-107.836,38.909],[-107.708,38.645],[-107.589,38.596],[-107.472,38.447],[-107.414,38.344],[-107.379,38.257],[-107.375,38.135],[-107.4,38.047],[-107.457,37.988],[-107.547,37.951],[-107.915,37.967],[-108.171,37.915],[-108.26,37.883],[-108.434,37.801],[-108.552,37.627],[-108.605,37.61],[-108.72,37.607],[-108.797,37.687]]]}},{"type":"Feature","properties":{"density":3},"geometry":{"type":"Polygon","coordinates":[[[-109.675,37.921],[-109.429,38.048],[-109.209,38.087],[-109.09,38.078],[-108.907,37.969],[-108.793,37.829],[-108.763,37.699],[-108.778,37.681],[-108.822,37.676],[-108.988,37.72],[-109.623,37.781],[-109.69,37.819],[-109.701,37.861],[-109.675,37.921]]]}},{"type":"Feature","properties":{"density":3},"geometry":{"type":"Polygon","coordinates":[[[-88.892,51.756],[-88.918,51.879],[-88.918,51.958],[-88.799,52.057],[-88.565,52.147],[-88.481,52.155],[-88.247,52.129],[-88.249,52.048],[-88.279,52.014],[-88.683,51.761],[-88.79,51.711],[-88.861,51.719],[-88.892,51.756]]]}},{"type":"Feature","properties":{"density":3},"geometry":{"type":"Polygon","coordinates":[[[-91.56,48.706],[-91.512,48.759],[-91.443,48.897],[-91.419,48.985],[-91.392,49.006],[-91.312,49.014],[-91.227,48.979],[-91.12,48.904],[-91.005,48.748],[-90.966,48.664],[-90.924,48.477],[-90.933,48.384],[-90.976,48.324],[-91.036,48.279],[-91.195,48.249],[-91.26,48.247],[-91.314,48.264],[-91.353,48.31],[-91.399,48.435],[-91.551,48.58],[-91.573,48.657],[-91.56,48.706]]]}},{"type":"Feature","properties":{"density":3},"geometry":{"type":"Polygon","coordinates":[[[-90.98,48.925],[-90.999,49.003],[-90.956,49.067],[-90.869,49.098],[-90.815,49.092],[-90.83,49.029],[-90.912,48.912],[-90.957,48.9],[-90.98,48.925]]]}},{"type":"Feature","properties":{"density":3},"geometry":{"type":"Polygon","coordinates":[[[-79.611,67.426],[-79.115,67.426],[-77.441,67.136],[-74.69,65.957],[-72.845,65.017],[-71.273,63.548],[-70.607,62.625],[-69.855,62.232],[-69.291,62.181],[-68.761,62.335],[-68.01,63.172],[-67.839,64.351],[-68.403,65.735],[-69.154,66.623],[-70.76,67.648],[-71.427,68.127],[-72.144,68.588],[-72.093,69.579],[-71.581,69.852],[-70.299,69.835],[-67.548,68.417],[-65.72,66.333],[-64.678,64.436],[-63.994,62.83],[-63.892,61.771],[-64.216,60.455],[-64.25,59.713],[-64.136,59.121],[-63.966,58.593],[-63.772,58.251],[-63.579,57.59],[-63.396,56.782],[-63.339,56.235],[-63.385,55.722],[-63.465,55.176],[-63.658,54.15],[-63.829,53.524],[-64.091,52.966],[-64.558,52.317],[-65.048,51.918],[-65.834,51.565],[-66.347,51.496],[-67.543,51.587],[-67.953,51.872],[-68.385,52.305],[-68.602,52.761],[-68.659,53.387],[-68.875,53.866],[-69.194,54.333],[-69.638,54.788],[-69.992,55.324],[-70.367,55.734],[-70.607,56.064],[-70.652,56.429],[-70.379,56.964],[-69.638,57.875],[-69.24,58.274],[-69.16,58.718],[-69.786,58.878],[-71.689,58.684],[-72.828,58.502],[-73.454,58.297],[-73.944,58.057],[-74.411,57.579],[-74.571,56.793],[-74.366,56.155],[-73.705,55.529],[-73.329,55.096],[-73.113,54.458],[-73.215,53.923],[-73.682,53.706],[-74.517,53.997],[-75.057,54.111],[-75.732,54.362],[-76.067,54.825],[-76.272,55.045],[-76.628,55.174],[-77.53,55.343],[-78.094,55.6],[-79.119,56.266],[-79.974,57.086],[-80.52,57.65],[-80.794,58.333],[-81.084,59.393],[-81.34,60.076],[-81.631,60.298],[-82.178,60.23],[-82.468,59.956],[-82.981,59.358],[-83.322,58.846],[-83.92,58.59],[-84.604,58.88],[-85.099,59.427],[-85.544,60.127],[-85.561,60.896],[-85.424,61.785],[-84.86,62.366],[-84.33,62.673],[-83.083,64.006],[-82.759,64.553],[-80.93,66.979],[-80.093,67.338],[-79.611,67.426]]]}},{"type":"Feature","properties":{"density":3},"geometry":{"type":"Polygon","coordinates":[[[-121.467,50.021],[-121.829,49.884],[-121.982,49.776],[-122.034,49.717],[-122.03,49.659],[-121.962,49.639],[-121.854,49.643],[-121.598,49.731],[-121.496,49.792],[-121.395,49.828],[-121.343,49.866],[-121.321,49.904],[-121.328,49.958],[-121.397,50.01],[-121.467,50.021]]]}}]}