{"type":"FeatureCollection","features":[{"type":"Feature","properties":{"density":1},"geometry":{"type":"Polygon","coordinates":[[[-115.042,65.815],[-115.688,66.132],[-116.091,66.31],[-116.479,66.552],[-116.574,66.658],[-116.629,66.771],[-116.632,66.903],[-116.537,66.943],[-116.168,66.984],[-115.6,66.841],[-115.275,66.727],[-115.0,66.654],[-114.627,66.458],[-114.012,66.084],[-113.919,65.994],[-113.87,65.921],[-113.858,65.855],[-113.873,65.792],[-113.912,65.762],[-113.987,65.74],[-114.258,65.721],[-115.01,65.789],[-115.042,65.815]]]}},{"type":"Feature","properties":{"density":1},"geometry":{"type":"Polygon","coordinates":[[[-121.159,39.418],[-121.319,39.365],[-121.401,39.308],[-121.467,39.224],[-121.484,39.163],[-121.464,39.121],[-121.407,39.112],[-121.309,39.139],[-121.201,39.185],[-121.116,39.257],[-121.076,39.304],[-121.072,39.336],[-121.1,39.385],[-121.159,39.418]]]}},{"type":"Feature","properties":{"density":1},"geometry":{"type":"Polygon","coordinates":[[[-118.394,36.942],[-118.46,37.213],[-118.446,37.273],[-118.407,37.284],[-118.319,37.218],[-118.297,37.104],[-118.315,36.945],[-118.349,36.919],[-118.394,36.942]]]}},{"type":"Feature","properties":{"density":1},"geometry":{"type":"Polygon","coordinates":[[[-125.194,70.29],[-123.75,71.514],[-121.301,72.424],[-118.822,73.115],[-116.562,73.052],[-113.894,72.393],[-110.127,71.64],[-108.024,71.137],[-105.324,70.321],[-103.347,69.756],[-100.773,68.877],[-98.199,67.747],[-95.814,66.147],[-93.303,63.73],[-92.204,62.003],[-90.886,60.434],[-89.599,58.958],[-87.653,57.734],[-85.989,56.918],[-84.043,56.29],[-80.967,55.977],[-78.958,55.349],[-77.294,54.564],[-76.101,53.654],[-75.118,52.231],[-74.532,51.603],[-73.151,50.515],[-71.686,49.72],[-70.284,49.322],[-68.589,49.092],[-66.768,49.322],[-65.157,49.762],[-62.709,50.473],[-60.501,52.21],[-59.057,53.717],[-58.116,56.259],[-57.394,57.232],[-56.075,57.64],[-54.286,57.263],[-52.12,56.133],[-51.367,54.344],[-51.022,52.838],[-50.865,51.457],[-50.614,49.51],[-49.829,48.223],[-48.919,47.219],[-48.04,46.748],[-47.224,46.654],[-46.313,47.596],[-45.246,49.259],[-44.587,51.174],[-44.305,53.057],[-43.834,54.721],[-42.923,56.604],[-40.726,58.174],[-38.246,58.833],[-35.892,58.99],[-34.229,58.08],[-33.224,56.322],[-33.099,54.03],[-33.758,51.017],[-35.359,48.443],[-35.139,47.439],[-34.166,46.842],[-33.57,45.901],[-33.475,44.363],[-34.762,43.39],[-36.614,42.699],[-37.87,42.103],[-38.749,41.381],[-42.076,36.735],[-42.892,35.166],[-43.206,33.345],[-43.143,31.242],[-42.923,29.202],[-42.704,27.978],[-42.704,26.879],[-43.206,25.435],[-44.524,24.462],[-46.313,23.866],[-52.471,23.481],[-57.607,24.715],[-60.725,25.301],[-63.989,25.532],[-65.81,24.841],[-67.526,24.15],[-68.574,22.382],[-68.825,20.122],[-71.775,17.768],[-74.286,16.701],[-77.99,17.266],[-80.062,19.934],[-80.533,20.719],[-80.878,23.544],[-82.296,26.352],[-87.056,28.731],[-89.128,29.202],[-90.854,29.422],[-92.424,29.39],[-94.024,28.857],[-95.563,27.946],[-96.504,27.099],[-97.163,26.0],[-97.352,24.18],[-97.101,23.301],[-96.41,22.422],[-95.311,21.668],[-93.93,21.229],[-92.047,21.198],[-90.634,20.915],[-89.387,20.115],[-89.094,19.32],[-88.982,18.413],[-88.941,17.925],[-88.69,16.446],[-88.662,15.679],[-89.164,14.912],[-89.973,14.172],[-92.414,12.694],[-93.977,12.136],[-95.749,11.651],[-98.692,11.176],[-101.775,10.298],[-105.068,10.242],[-106.337,10.367],[-107.593,10.605],[-108.667,11.204],[-110.655,12.181],[-112.182,13.478],[-112.747,14.525],[-113.605,16.22],[-114.149,18.877],[-114.087,20.468],[-113.605,21.807],[-112.664,24.192],[-112.768,25.26],[-114.087,27.75],[-115.175,29.445],[-115.844,30.7],[-116.388,31.6],[-116.765,32.43],[-116.919,33.072],[-116.919,33.672],[-116.626,34.062],[-116.012,34.369],[-115.496,34.481],[-114.645,34.481],[-113.068,34.132],[-111.91,33.49],[-110.257,33.128],[-109.776,33.253],[-108.751,33.693],[-108.353,33.902],[-108.018,34.174],[-107.6,34.823],[-107.495,35.555],[-108.06,36.413],[-108.667,36.915],[-109.336,37.146],[-110.738,37.041],[-111.659,36.853],[-112.685,36.476],[-113.626,36.267],[-116.388,36.099],[-117.037,36.099],[-117.665,36.267],[-118.167,36.581],[-119.758,37.752],[-120.245,38.66],[-120.486,39.776],[-120.831,41.04],[-121.137,41.656],[-121.447,42.144],[-121.873,42.591],[-122.738,42.981],[-123.38,43.576],[-124.328,44.395],[-125.168,44.811],[-126.632,45.418],[-128.767,46.401],[-129.918,46.987],[-131.578,48.591],[-132.324,50.022],[-131.947,52.271],[-132.356,55.63],[-132.356,57.23],[-131.508,59.742],[-127.647,66.93],[-126.8,68.625],[-125.513,69.88],[-125.194,70.29]]]}},{"type":"Feature","properties":{"density":1},"geometry":{"type":"Polygon","coordinates":[[[-82.952,30.988],[-82.946,30.962],[-82.915,30.949],[-82.891,30.966],[-82.887,31.008],[-82.93,31.118],[-82.952,31.125],[-82.965,31.114],[-82.952,30.988]]]}},{"type":"Feature","properties":{"density":1},"geometry":{"type":"Polygon","coordinates":[[[-114.44,66.031],[-114.178,65.847],[-114.024,65.764],[-113.961,65.767],[-113.93,65.803],[-113.966,65.896],[-114.06,65.987],[-114.189,66.07],[-114.818,66.552],[-114.895,66.571],[-114.969,66.511],[-114.972,66.425],[-114.889,66.332],[-114.749,66.216],[-114.44,66.031]]]}},{"type":"Feature","properties":{"density":1},"geometry":{"type":"Polygon","coordinates":[[[-114.743,65.946],[-114.672,65.874],[-114.564,65.833],[-114.495,65.847],[-114.47,65.902],[-114.479,65.998],[-114.696,66.158],[-114.933,66.37],[-115.173,66.64],[-115.338,66.767],[-115.495,66.778],[-115.551,66.687],[-115.515,66.566],[-115.388,66.45],[-114.743,65.946]]]}},{"type":"Feature","properties":{"density":1},"geometry":{"type":"Polygon","coordinates":[[[-115.104,65.869],[-115.052,65.814],[-114.98,65.786],[-114.931,65.786],[-114.897,65.838],[-114.906,65.91],[-114.961,65.979],[-115.394,66.29],[-115.515,66.447],[-115.567,66.541],[-115.677,66.665],[-115.771,66.695],[-115.832,66.643],[-115.84,66.558],[-115.683,66.304],[-115.374,66.037],[-115.165,65.893],[-115.104,65.869]]]}},{"type":"Feature","properties":{"density":1},"geometry":{"type":"Polygon","coordinates":[[[-121.165,39.318],[-121.137,39.349],[-121.143,39.367],[-121.175,39.372],[-121.204,39.356],[-121.231,39.312],[-121.214,39.298],[-121.165,39.318]]]}},{"type":"Feature","properties":{"density":1},"geometry":{"type":"Polygon","coordinates":[[[-81.052,27.628],[-81.034,27.661],[-81.107,27.687],[-81.39,27.696],[-81.574,27.724],[-81.642,27.704],[-81.629,27.669],[-81.565,27.637],[-81.173,27.61],[-81.052,27.628]]]}},{"type":"Feature","properties":{"density":1},"geometry":{"type":"Polygon","coordinates":[[[-82.542,27.235],[-82.31,27.209],[-82.228,27.224],[-82.206,27.248],[-82.226,27.299],[-82.259,27.327],[-82.333,27.345],[-82.83,27.399],[-82.893,27.395],[-83.032,27.349],[-83.11,27.286],[-83.113,27.264],[-83.099,27.213],[-83.031,27.206],[-82.845,27.248],[-82.542,27.235]]]}},{"type":"Feature","properties":{"density":1},"geometry":{"type":"Polygon","coordinates":[[[-80.78,26.378],[-80.753,26.355],[-80.769,26.314],[-81.044,26.267],[-81.34,26.227],[-81.369,26.235],[-81.406,26.292],[-81.366,26.344],[-81.284,26.386],[-81.151,26.382],[-80.939,26.409],[-80.847,26.403],[-80.78,26.378]]]}},{"type":"Feature","properties":{"density":1},"geometry":{"type":"Polygon","coordinates":[[[-81.192,29.319],[-81.15,29.299],[-81.128,29.303],[-81.115,29.328],[-81.178,29.356],[-81.306,29.356],[-81.352,29.327],[-81.306,29.305],[-81.192,29.319]]]}},{"type":"Feature","properties":{"density":1},"geometry":{"type":"Polygon","coordinates":[[[-121.198,39.342],[-121.187,39.321],[-121.152,39.313],[-121.059,39.387],[-121.034,39.457],[-121.059,39.511],[-121.121,39.522],[-121.191,39.495],[-121.217,39.379],[-121.198,39.342]]]}},{"type":"Feature","properties":{"density":1},"geometry":{"type":"Polygon","coordinates":[[[-92.914,17.82],[-93.03,17.825],[-93.253,17.878],[-93.592,18.027],[-93.853,18.097],[-94.072,18.106],[-94.307,18.056],[-94.518,17.953],[-94.733,17.825],[-94.816,17.709],[-94.882,17.49],[-94.87,17.295],[-94.787,17.126],[-94.712,17.064],[-94.588,16.985],[-94.357,16.919],[-94.237,16.919],[-94.097,16.952],[-93.84,17.064],[-93.658,17.118],[-93.53,17.093],[-93.377,17.039],[-93.253,17.027],[-93.1,17.047],[-92.919,17.109],[-92.836,17.176],[-92.77,17.287],[-92.712,17.448],[-92.712,17.605],[-92.728,17.672],[-92.807,17.771],[-92.914,17.82]]]}},{"type":"Feature","properties":{"density":1},"geometry":{"type":"Polygon","coordinates":[[[-81.172,26.227],[-81.048,26.272],[-80.803,26.302],[-80.753,26.338],[-80.784,26.385],[-80.985,26.354],[-81.506,26.374],[-81.784,26.291],[-82.054,26.244],[-82.363,26.137],[-82.418,26.103],[-82.448,26.051],[-82.454,25.977],[-82.388,25.878],[-82.297,25.795],[-82.211,25.742],[-81.974,25.69],[-81.886,25.723],[-81.688,26.021],[-81.652,26.051],[-81.514,26.115],[-81.172,26.227]]]}},{"type":"Feature","properties":{"density":1},"geometry":{"type":"Polygon","coordinates":[[[-81.495,27.512],[-81.205,27.608],[-81.054,27.627],[-81.035,27.669],[-81.076,27.696],[-81.12,27.702],[-81.489,27.718],[-81.646,27.71],[-81.839,27.652],[-81.9,27.614],[-81.941,27.575],[-81.947,27.509],[-81.919,27.445],[-81.867,27.418],[-81.792,27.407],[-81.685,27.426],[-81.495,27.512]]]}},{"type":"Feature","properties":{"density":1},"geometry":{"type":"Polygon","coordinates":[[[-81.224,29.318],[-81.121,29.287],[-81.11,29.3],[-81.123,29.342],[-81.222,29.396],[-81.584,29.506],[-81.731,29.532],[-81.832,29.469],[-81.836,29.431],[-81.77,29.375],[-81.424,29.359],[-81.224,29.318]]]}},{"type":"Feature","properties":{"density":1},"geometry":{"type":"Polygon","coordinates":[[[-112.07,64.323],[-112.554,64.427],[-112.703,64.447],[-112.719,64.418],[-112.719,64.356],[-112.657,64.299],[-111.839,64.051],[-111.057,63.922],[-110.975,63.922],[-110.739,63.844],[-110.685,63.898],[-110.731,63.984],[-110.838,64.022],[-111.582,64.216],[-112.07,64.323]]]}},{"type":"Feature","properties":{"density":1},"geometry":{"type":"Polygon","coordinates":[[[-82.497,60.479],[-82.12,59.255],[-81.618,58.156],[-80.959,57.34],[-79.798,56.713],[-79.138,56.461],[-78.197,56.336],[-77.161,56.273],[-76.502,56.556],[-75.937,56.87],[-75.403,57.497],[-75.215,58.408],[-75.466,59.161],[-75.937,59.632],[-77.412,60.887],[-78.103,61.86],[-78.354,62.896],[-78.354,63.806],[-77.883,65.062],[-77.412,65.69],[-76.565,66.631],[-75.278,67.291],[-74.461,67.573],[-73.583,67.824],[-72.484,67.856],[-71.448,68.075],[-70.789,68.609],[-70.946,69.613],[-72.39,70.147],[-73.52,70.304],[-75.56,70.43],[-76.878,70.21],[-78.981,69.551],[-80.111,69.017],[-81.587,67.856],[-82.246,66.066],[-82.56,63.901],[-82.685,62.708],[-82.623,61.076],[-82.497,60.479]]]}},{"type":"Feature","properties":{"density":1},"geometry":{"type":"Polygon","coordinates":[[[-121.096,39.59],[-121.138,39.475],[-121.191,39.388],[-121.191,39.363],[-121.158,39.318],[-121.092,39.322],[-121.047,39.342],[-120.985,39.442],[-120.873,39.516],[-120.848,39.566],[-120.852,39.611],[-120.91,39.657],[-120.964,39.669],[-121.055,39.632],[-121.096,39.59]]]}},{"type":"Feature","properties":{"density":1},"geometry":{"type":"Polygon","coordinates":[[[-118.175,37.297],[-118.346,37.248],[-118.449,37.183],[-118.562,37.033],[-118.55,36.97],[-118.511,36.93],[-118.371,36.866],[-118.294,36.877],[-118.112,37.126],[-118.116,37.238],[-118.14,37.279],[-118.175,37.297]]]}},{"type":"Feature","properties":{"density":1},"geometry":{"type":"Polygon","coordinates":[[[-73.943,58.764],[-80.864,58.906],[-85.243,58.764],[-88.986,59.541],[-92.659,61.024],[-94.707,61.872],[-96.896,63.143],[-100.428,65.474],[-102.758,66.604],[-103.606,67.31],[-109.468,70.771],[-111.939,71.83],[-114.129,72.96],[-115.683,73.384],[-118.366,73.878],[-119.991,74.584],[-122.533,74.584],[-125.994,74.373],[-128.607,73.454],[-129.949,72.748],[-130.514,70.276],[-130.584,69.499],[-130.584,67.239],[-130.443,63.143],[-130.443,61.731],[-131.573,56.081],[-131.573,53.397],[-130.443,49.513],[-127.759,46.688],[-124.723,43.651],[-121.898,40.967],[-118.931,39.256],[-117.676,38.723],[-115.541,37.624],[-113.093,36.839],[-111.492,35.898],[-110.959,34.925],[-110.864,33.606],[-110.959,32.696],[-111.429,31.283],[-110.707,28.929],[-110.55,27.423],[-110.488,25.759],[-110.394,24.064],[-110.394,23.248],[-110.488,22.338],[-110.394,20.705],[-108.887,18.194],[-107.443,16.97],[-104.995,15.683],[-102.201,14.899],[-99.659,14.616],[-97.461,14.334],[-96.08,14.02],[-93.412,13.706],[-92.627,13.58],[-91.435,13.612],[-90.085,14.114],[-89.269,14.804],[-88.39,15.903],[-87.166,16.719],[-86.193,17.284],[-85.157,18.069],[-84.717,19.67],[-84.812,20.737],[-85.063,21.396],[-85.596,22.4],[-85.942,22.871],[-86.507,24.127],[-86.852,24.66],[-87.511,25.508],[-87.888,26.042],[-88.453,26.575],[-89.143,26.952],[-90.242,27.517],[-91.152,28.364],[-91.152,28.772],[-89.614,30.279],[-89.175,30.499],[-88.107,30.499],[-87.574,30.373],[-86.538,29.902],[-85.659,29.275],[-84.655,28.804],[-84.215,28.176],[-83.776,27.046],[-83.399,25.571],[-82.614,24.252],[-81.453,23.53],[-80.857,23.248],[-79.381,22.965],[-78.283,23.06],[-76.431,23.844],[-75.05,25.1],[-71.22,26.889],[-70.153,27.077],[-68.521,26.826],[-66.92,26.512],[-65.476,26.481],[-64.189,26.795],[-62.055,27.674],[-60.454,28.647],[-58.947,30.718],[-57.817,32.476],[-56.53,36.117],[-55.714,37.561],[-54.553,38.785],[-52.858,40.167],[-51.916,42.207],[-47.93,47.794],[-47.553,48.516],[-47.208,49.803],[-47.051,50.807],[-47.051,51.906],[-47.302,53.067],[-47.616,53.538],[-48.275,54.668],[-49.499,55.861],[-50.786,56.771],[-51.665,57.117],[-52.795,57.305],[-54.615,57.305],[-56.373,57.022],[-59.575,56.614],[-60.422,56.206],[-61.364,55.861],[-62.871,55.422],[-63.938,55.39],[-65.319,55.704],[-66.543,56.143],[-67.83,56.803],[-69.651,57.462],[-71.534,57.964],[-73.26,58.655],[-73.943,58.764]]]}},{"type":"Feature","properties":{"density":2},"geometry":{"type":"Polygon","coordinates":[[[-116.138,65.542],[-115.555,65.326],[-115.235,65.143],[-115.105,65.015],[-115.081,64.916],[-115.089,64.837],[-115.131,64.755],[-115.204,64.699],[-115.397,64.67],[-115.582,64.699],[-115.607,64.681],[-115.597,64.571],[-115.636,64.549],[-115.854,64.538],[-115.997,64.554],[-116.579,64.68],[-116.769,64.726],[-116.841,64.772],[-116.858,64.789],[-116.861,64.851],[-116.841,64.902],[-116.772,65.037],[-116.673,65.147],[-116.668,65.176],[-116.671,65.251],[-116.75,65.506],[-116.74,65.578],[-116.704,65.627],[-116.627,65.651],[-116.531,65.648],[-116.225,65.576],[-116.138,65.542]]]}},{"type":"Feature","properties":{"density":2},"geometry":{"type":"Polygon","coordinates":[[[-114.994,65.824],[-115.387,66.026],[-115.463,66.096],[-115.479,66.163],[-115.444,66.195],[-115.352,66.204],[-114.999,65.987],[-114.895,65.87],[-114.902,65.832],[-114.929,65.812],[-114.972,65.809],[-114.994,65.824]]]}},{"type":"Feature","properties":{"density":2},"geometry":{"type":"Polygon","coordinates":[[[-114.619,65.863],[-114.958,66.045],[-115.078,66.176],[-115.081,66.212],[-115.063,66.237],[-114.962,66.264],[-114.785,66.181],[-114.612,66.059],[-114.498,65.953],[-114.48,65.901],[-114.49,65.862],[-114.51,65.853],[-114.619,65.863]]]}},{"type":"Feature","properties":{"density":2},"geometry":{"type":"Polygon","coordinates":[[[-114.073,65.79],[-114.584,66.032],[-114.607,66.071],[-114.596,66.092],[-114.458,66.09],[-114.281,66.024],[-114.043,65.894],[-113.968,65.809],[-113.993,65.781],[-114.073,65.79]]]}},{"type":"Feature","properties":{"density":2},"geometry":{"type":"Polygon","coordinates":[[[-123.544,70.538],[-123.265,70.743],[-122.689,70.994],[-121.61,71.375],[-120.708,71.57],[-120.196,71.608],[-119.731,71.58],[-119.09,71.198],[-118.736,70.882],[-118.429,70.594],[-118.187,70.259],[-117.908,69.989],[-117.741,69.766],[-117.471,69.599],[-117.164,69.459],[-116.811,69.31],[-116.29,69.134],[-116.058,69.022],[-115.909,68.845],[-115.89,68.724],[-115.937,68.464],[-116.095,68.315],[-116.737,68.083],[-117.453,67.776],[-117.732,67.469],[-117.787,67.32],[-117.722,67.134],[-117.496,66.926],[-117.422,66.926],[-116.802,66.654],[-116.593,66.432],[-116.519,66.279],[-116.399,66.085],[-115.799,65.63],[-115.46,65.436],[-115.192,65.201],[-115.117,65.101],[-115.08,64.986],[-115.08,64.866],[-115.109,64.725],[-115.278,64.593],[-115.655,64.407],[-115.894,64.328],[-116.37,64.275],[-116.461,64.233],[-116.485,64.163],[-116.436,64.093],[-116.316,63.989],[-116.093,63.923],[-115.808,63.894],[-113.581,63.98],[-111.851,63.906],[-111.367,63.859],[-110.93,63.766],[-110.028,63.497],[-108.837,63.259],[-108.028,63.148],[-107.317,62.994],[-106.075,62.566],[-104.922,62.297],[-103.276,61.981],[-102.643,61.897],[-101.671,61.692],[-100.918,61.371],[-99.872,60.632],[-99.439,60.13],[-99.049,59.614],[-98.602,59.167],[-98.323,58.749],[-97.779,58.135],[-97.403,57.898],[-96.398,57.214],[-95.449,56.614],[-94.864,56.224],[-94.082,55.833],[-93.427,55.47],[-92.159,55.073],[-90.988,54.636],[-90.476,54.57],[-89.002,54.338],[-87.704,54.338],[-86.965,54.408],[-86.254,54.533],[-84.928,54.631],[-84.287,54.519],[-83.743,53.961],[-83.436,53.403],[-83.184,52.775],[-83.184,51.799],[-83.296,50.934],[-83.436,50.181],[-83.743,49.483],[-84.203,48.786],[-84.691,48.269],[-85.333,47.739],[-86.491,47.153],[-87.346,46.8],[-87.988,46.619],[-89.118,46.381],[-90.123,46.102],[-90.709,45.782],[-91.169,45.461],[-91.629,45.126],[-91.839,44.777],[-92.02,44.359],[-92.145,43.842],[-92.285,43.424],[-92.55,42.894],[-93.08,42.475],[-93.875,42.266],[-94.545,42.238],[-95.828,42.908],[-96.498,43.535],[-97.321,44.052],[-98.088,44.47],[-98.8,44.735],[-99.721,44.889],[-101.032,45.161],[-102.106,45.272],[-104.436,45.558],[-105.273,45.795],[-105.859,46.116],[-106.487,46.312],[-107.603,46.73],[-108.356,46.884],[-109.486,46.702],[-111.888,46.227],[-112.409,46.181],[-113.302,45.976],[-114.343,45.678],[-115.431,45.474],[-116.287,45.111],[-116.464,44.962],[-116.566,44.618],[-116.073,44.125],[-115.831,43.772],[-115.562,43.502],[-115.441,43.251],[-115.413,43.056],[-115.59,42.823],[-115.831,42.702],[-116.296,42.73],[-116.734,42.879],[-118.303,43.876],[-119.328,44.086],[-120.019,43.981],[-120.27,43.856],[-120.919,43.646],[-121.442,43.584],[-122.279,43.709],[-122.907,43.918],[-123.632,44.734],[-123.674,45.153],[-123.534,45.809],[-123.2,46.269],[-122.767,46.771],[-121.916,47.622],[-121.462,48.18],[-121.425,48.335],[-121.474,48.695],[-121.704,48.986],[-122.057,49.334],[-122.355,49.594],[-122.696,49.842],[-123.172,50.625],[-123.153,51.363],[-122.967,51.927],[-122.955,52.764],[-122.911,53.074],[-122.794,53.235],[-122.459,53.545],[-120.737,54.278],[-119.732,54.557],[-118.993,54.836],[-116.97,55.345],[-116.51,55.666],[-116.105,56.28],[-116.035,57.034],[-116.258,57.564],[-116.691,58.15],[-117.402,58.54],[-118.756,58.922],[-119.276,59.173],[-119.769,59.247],[-120.095,59.238],[-120.392,59.061],[-120.885,58.568],[-121.341,58.308],[-122.039,58.094],[-122.652,58.066],[-124.447,58.605],[-125.21,58.912],[-125.75,58.731],[-126.712,58.717],[-127.438,58.996],[-127.814,59.387],[-127.87,59.959],[-127.549,62.274],[-127.242,64.032],[-127.145,64.995],[-126.852,66.097],[-126.224,67.366],[-125.791,68.287],[-124.829,69.64],[-124.368,70.059],[-123.796,70.435],[-123.544,70.538]]]}},{"type":"Feature","properties":{"density":2},"geometry":{"type":"Polygon","coordinates":[[[-75.852,30.269],[-75.127,30.827],[-74.234,31.566],[-73.132,32.445],[-72.127,33.422],[-71.332,34.329],[-70.746,35.082],[-70.146,35.793],[-69.505,36.826],[-68.291,38.36],[-67.559,38.904],[-66.198,39.7],[-65.194,40.202],[-64.252,40.432],[-63.227,40.474],[-62.327,40.369],[-61.678,40.055],[-61.134,39.637],[-60.234,39.009],[-59.188,37.23],[-58.958,36.707],[-58.519,35.849],[-58.184,34.907],[-57.995,34.196],[-57.849,32.627],[-57.64,31.538],[-57.723,30.659],[-58.058,28.923],[-58.177,28.427],[-58.428,28.079],[-58.86,27.674],[-59.279,27.493],[-61.148,27.074],[-61.776,27.018],[-62.446,27.088],[-63.311,27.242],[-64.064,27.576],[-64.713,28.1],[-65.236,28.748],[-65.633,29.564],[-65.654,30.59],[-65.299,31.49],[-64.755,32.306],[-64.378,33.143],[-64.085,34.022],[-64.064,34.796],[-64.273,35.089],[-65.131,35.507],[-66.45,35.361],[-67.37,34.859],[-68.417,34.126],[-69.275,33.498],[-70.635,32.466],[-71.193,32.02],[-71.835,31.657],[-72.47,31.144],[-72.966,30.852],[-73.512,30.35],[-74.586,29.217],[-74.837,28.617],[-75.032,28.101],[-75.507,27.487],[-76.12,27.222],[-76.818,26.957],[-77.711,26.873],[-78.227,26.859],[-78.492,27.152],[-78.464,27.627],[-78.143,28.101],[-77.669,28.673],[-77.125,29.217],[-76.018,30.161],[-75.852,30.269]]]}},{"type":"Feature","properties":{"density":2},"geometry":{"type":"Polygon","coordinates":[[[-54.009,39.45],[-53.563,39.241],[-52.503,38.292],[-51.093,36.813],[-50.731,36.088],[-50.661,35.348],[-50.912,34.428],[-51.261,33.856],[-51.805,33.27],[-52.712,32.363],[-53.047,31.693],[-53.256,31.163],[-54.079,30.549],[-54.581,30.41],[-55.042,30.633],[-55.348,30.982],[-55.697,31.693],[-56.13,33.409],[-56.046,34.205],[-55.809,34.846],[-55.293,36.353],[-55.139,37.72],[-55.111,38.376],[-54.986,38.766],[-54.832,39.031],[-54.595,39.255],[-54.372,39.408],[-54.149,39.478],[-54.009,39.45]]]}},{"type":"Feature","properties":{"density":2},"geometry":{"type":"Polygon","coordinates":[[[-124.016,53.452],[-123.944,53.456],[-123.654,53.39],[-123.473,53.374],[-123.438,53.364],[-123.402,53.319],[-123.439,53.282],[-123.557,53.27],[-123.829,53.352],[-124.037,53.389],[-124.049,53.416],[-124.016,53.452]]]}},{"type":"Feature","properties":{"density":2},"geometry":{"type":"Polygon","coordinates":[[[-125.561,52.981],[-125.432,53.075],[-125.292,53.123],[-125.152,53.114],[-124.995,53.082],[-124.696,53.096],[-124.586,52.995],[-124.588,52.938],[-124.614,52.889],[-124.671,52.846],[-124.943,52.737],[-125.175,52.603],[-125.272,52.579],[-125.448,52.617],[-125.616,52.728],[-125.635,52.794],[-125.628,52.888],[-125.561,52.981]]]}},{"type":"Feature","properties":{"density":2},"geometry":{"type":"Polygon","coordinates":[[[-123.965,53.223],[-123.8,53.241],[-123.668,53.218],[-123.446,53.136],[-123.369,53.067],[-123.362,53.033],[-123.445,53.023],[-123.596,53.046],[-123.969,53.143],[-123.991,53.15],[-124.004,53.177],[-123.995,53.206],[-123.965,53.223]]]}},{"type":"Feature","properties":{"density":2},"geometry":{"type":"Polygon","coordinates":[[[-118.375,36.957],[-118.428,37.15],[-118.421,37.191],[-118.394,37.206],[-118.342,37.156],[-118.318,37.067],[-118.316,36.986],[-118.334,36.936],[-118.359,36.931],[-118.375,36.957]]]}},{"type":"Feature","properties":{"density":2},"geometry":{"type":"Polygon","coordinates":[[[-103.237,56.229],[-103.132,56.061],[-103.066,56.045],[-102.956,56.081],[-102.92,56.064],[-102.79,55.937],[-102.721,55.907],[-102.677,55.902],[-102.608,55.929],[-102.567,55.981],[-102.567,56.023],[-102.622,56.089],[-102.889,56.229],[-102.978,56.296],[-103.002,56.342],[-102.953,56.557],[-102.961,56.618],[-103.049,56.67],[-103.102,56.681],[-103.201,56.657],[-103.267,56.585],[-103.292,56.499],[-103.295,56.392],[-103.237,56.229]]]}},{"type":"Feature","properties":{"density":2},"geometry":{"type":"Polygon","coordinates":[[[-120.242,44.386],[-120.312,44.337],[-120.329,44.295],[-120.32,44.209],[-120.349,44.159],[-120.527,44.056],[-120.829,43.799],[-120.969,43.803],[-121.143,43.841],[-121.288,43.853],[-121.432,43.927],[-121.503,43.989],[-121.643,44.039],[-121.734,44.113],[-121.817,44.225],[-121.858,44.312],[-121.879,44.444],[-121.858,44.543],[-121.693,44.808],[-121.66,44.948],[-121.656,45.085],[-121.705,45.416],[-121.693,45.626],[-121.639,45.664],[-121.573,45.684],[-121.436,45.684],[-121.304,45.643],[-121.209,45.593],[-120.99,45.44],[-120.672,45.358],[-120.358,45.329],[-120.304,45.287],[-120.242,45.205],[-120.196,45.081],[-119.928,44.833],[-119.899,44.771],[-119.895,44.692],[-119.932,44.609],[-120.035,44.494],[-120.242,44.386]]]}},{"type":"Feature","properties":{"density":2},"geometry":{"type":"Polygon","coordinates":[[[-117.937,46.484],[-118.227,46.258],[-118.332,46.076],[-118.406,45.996],[-118.469,45.96],[-118.58,45.93],[-118.852,45.925],[-118.899,45.9],[-118.957,45.847],[-118.996,45.757],[-119.007,45.652],[-119.009,45.558],[-118.971,45.442],[-118.841,45.346],[-118.555,45.211],[-118.163,44.963],[-118.18,44.902],[-118.298,44.872],[-118.422,44.888],[-118.659,44.996],[-118.737,44.999],[-118.759,44.955],[-118.759,44.875],[-118.731,44.776],[-118.472,44.654],[-118.092,44.53],[-117.921,44.505],[-117.67,44.508],[-117.535,44.541],[-117.367,44.621],[-117.29,44.734],[-117.312,44.853],[-117.579,45.15],[-117.607,45.263],[-117.557,45.354],[-117.486,45.368],[-117.114,45.285],[-116.908,45.323],[-116.668,45.413],[-116.532,45.509],[-116.321,45.591],[-115.743,45.62],[-115.548,45.653],[-115.358,45.74],[-115.28,45.835],[-115.263,46.108],[-115.412,46.257],[-115.734,46.468],[-116.206,46.645],[-117.119,47.104],[-117.371,47.104],[-117.735,46.935],[-117.859,46.707],[-117.937,46.484]]]}},{"type":"Feature","properties":{"density":2},"geometry":{"type":"Polygon","coordinates":[[[-120.351,48.854],[-120.512,48.556],[-120.636,48.469],[-121.101,48.252],[-121.2,48.091],[-121.076,47.688],[-120.822,47.552],[-120.413,47.409],[-120.053,47.018],[-119.625,46.746],[-118.9,46.448],[-118.788,46.479],[-118.645,46.578],[-118.546,46.659],[-118.472,46.919],[-118.435,47.192],[-118.453,47.483],[-118.273,47.781],[-118.094,47.992],[-117.994,48.178],[-117.908,48.426],[-117.895,48.693],[-117.982,48.823],[-118.1,48.916],[-118.869,49.127],[-119.179,49.319],[-119.489,49.412],[-119.842,49.412],[-120.165,49.232],[-120.313,48.959],[-120.351,48.854]]]}},{"type":"Feature","properties":{"density":2},"geometry":{"type":"Polygon","coordinates":[[[-121.718,52.572],[-122.048,52.064],[-122.193,51.94],[-122.916,51.473],[-123.003,51.386],[-123.098,51.233],[-123.127,51.121],[-123.14,51.03],[-123.098,50.96],[-122.887,50.877],[-122.643,50.857],[-122.445,50.964],[-122.11,50.977],[-121.837,51.034],[-121.602,51.163],[-121.548,51.245],[-121.523,51.353],[-121.47,51.448],[-121.362,51.555],[-121.209,51.659],[-120.94,51.754],[-120.742,51.894],[-120.626,52.002],[-120.581,52.15],[-120.56,52.332],[-120.593,52.543],[-120.738,52.675],[-120.903,52.762],[-121.089,52.816],[-121.246,52.824],[-121.395,52.812],[-121.515,52.75],[-121.718,52.572]]]}},{"type":"Feature","properties":{"density":2},"geometry":{"type":"Polygon","coordinates":[[[-124.672,52.892],[-124.748,52.91],[-124.946,52.914],[-125.187,52.855],[-125.271,52.849],[-125.499,52.954],[-125.539,52.943],[-125.583,52.888],[-125.598,52.835],[-125.587,52.723],[-125.536,52.634],[-125.47,52.594],[-125.26,52.535],[-125.196,52.55],[-124.999,52.644],[-124.746,52.726],[-124.422,52.73],[-124.367,52.776],[-124.365,52.835],[-124.421,52.899],[-124.538,52.908],[-124.672,52.892]]]}},{"type":"Feature","properties":{"density":2},"geometry":{"type":"Polygon","coordinates":[[[-123.555,53.006],[-123.364,52.928],[-123.337,52.925],[-123.318,52.953],[-123.351,53.006],[-123.404,53.045],[-123.651,53.174],[-124.028,53.255],[-124.099,53.228],[-124.107,53.178],[-124.061,53.142],[-123.746,53.07],[-123.555,53.006]]]}},{"type":"Feature","properties":{"density":2},"geometry":{"type":"Polygon","coordinates":[[[-123.536,53.268],[-123.416,53.256],[-123.395,53.266],[-123.39,53.309],[-123.451,53.349],[-123.922,53.448],[-124.072,53.464],[-124.109,53.451],[-124.12,53.427],[-124.102,53.383],[-123.869,53.311],[-123.536,53.268]]]}},{"type":"Feature","properties":{"density":2},"geometry":{"type":"Polygon","coordinates":[[[-82.562,27.285],[-82.321,27.233],[-82.237,27.248],[-82.235,27.263],[-82.259,27.299],[-82.465,27.329],[-82.843,27.36],[-82.882,27.358],[-82.924,27.325],[-82.919,27.292],[-82.898,27.274],[-82.836,27.264],[-82.562,27.285]]]}},{"type":"Feature","properties":{"density":2},"geometry":{"type":"Polygon","coordinates":[[[-80.899,26.305],[-80.787,26.312],[-80.763,26.354],[-80.82,26.376],[-81.065,26.375],[-81.235,26.325],[-81.226,26.288],[-81.169,26.273],[-80.899,26.305]]]}},{"type":"Feature","properties":{"density":2},"geometry":{"type":"Polygon","coordinates":[[[-110.065,63.091],[-109.796,63.037],[-109.755,63.041],[-109.743,63.07],[-109.751,63.091],[-109.805,63.12],[-110.255,63.19],[-110.454,63.198],[-110.674,63.182],[-110.959,63.218],[-111.013,63.211],[-111.06,63.172],[-111.053,63.141],[-111.009,63.126],[-110.065,63.091]]]}},{"type":"Feature","properties":{"density":2},"geometry":{"type":"Polygon","coordinates":[[[-110.096,63.185],[-109.96,63.169],[-109.932,63.187],[-109.923,63.222],[-110.006,63.268],[-110.318,63.323],[-110.849,63.33],[-110.888,63.321],[-110.91,63.294],[-110.88,63.261],[-110.814,63.25],[-110.285,63.22],[-110.096,63.185]]]}},{"type":"Feature","properties":{"density":2},"geometry":{"type":"Polygon","coordinates":[[[-107.499,62.59],[-106.718,62.59],[-106.445,62.584],[-106.29,62.559],[-106.11,62.565],[-105.986,62.577],[-105.887,62.621],[-105.862,62.677],[-105.874,62.732],[-105.961,62.825],[-106.147,62.856],[-106.234,62.887],[-106.408,62.993],[-106.804,63.092],[-107.784,63.117],[-108.491,63.216],[-109.743,63.303],[-110.066,63.377],[-110.618,63.433],[-110.952,63.495],[-111.306,63.6],[-111.529,63.731],[-111.777,63.793],[-112.533,63.836],[-113.68,63.954],[-114.493,63.991],[-114.727,64.025],[-115.794,63.93],[-115.901,63.901],[-115.938,63.847],[-115.918,63.761],[-115.86,63.641],[-115.711,63.575],[-115.562,63.562],[-115.327,63.513],[-115.279,63.48],[-115.279,63.426],[-115.323,63.376],[-115.686,63.231],[-115.744,63.161],[-115.715,63.045],[-115.633,62.983],[-115.364,62.934],[-114.116,62.913],[-112.549,62.921],[-112.206,62.988],[-111.945,63.021],[-111.499,63.008],[-110.548,62.851],[-109.188,62.706],[-108.709,62.715],[-107.779,62.582],[-107.651,62.574],[-107.499,62.59]]]}},{"type":"Feature","properties":{"density":2},"geometry":{"type":"Polygon","coordinates":[[[-113.535,64.623],[-113.278,64.508],[-113.185,64.494],[-113.146,64.499],[-113.116,64.53],[-113.108,64.568],[-113.119,64.64],[-113.185,64.698],[-113.389,64.78],[-113.662,64.833],[-114.725,65.216],[-114.835,65.197],[-114.86,65.144],[-114.844,65.075],[-114.772,65.028],[-114.441,64.882],[-113.912,64.698],[-113.535,64.623]]]}},{"type":"Feature","properties":{"density":2},"geometry":{"type":"Polygon","coordinates":[[[-115.62,66.192],[-115.446,66.041],[-115.099,65.823],[-114.939,65.768],[-114.895,65.782],[-114.87,65.831],[-114.867,65.9],[-114.898,65.972],[-115.3,66.247],[-115.385,66.324],[-115.614,66.586],[-115.697,66.65],[-115.76,66.658],[-115.843,66.63],[-115.876,66.556],[-115.782,66.344],[-115.62,66.192]]]}},{"type":"Feature","properties":{"density":2},"geometry":{"type":"Polygon","coordinates":[[[-114.837,65.947],[-114.578,65.815],[-114.498,65.817],[-114.46,65.848],[-114.465,65.955],[-114.595,66.101],[-114.928,66.385],[-115.03,66.49],[-115.104,66.583],[-115.198,66.749],[-115.33,66.892],[-115.418,66.903],[-115.485,66.876],[-115.509,66.818],[-115.515,66.732],[-115.474,66.622],[-115.333,66.421],[-115.209,66.3],[-115.099,66.148],[-114.837,65.947]]]}},{"type":"Feature","properties":{"density":2},"geometry":{"type":"Polygon","coordinates":[[[-114.333,65.895],[-114.14,65.757],[-114.057,65.735],[-113.983,65.726],[-113.947,65.743],[-113.919,65.812],[-113.944,65.886],[-114.38,66.269],[-114.581,66.49],[-114.683,66.641],[-114.878,66.782],[-114.95,66.785],[-115.002,66.749],[-115.022,66.707],[-115.019,66.603],[-114.95,66.506],[-114.65,66.178],[-114.333,65.895]]]}},{"type":"Feature","properties":{"density":2},"geometry":{"type":"Polygon","coordinates":[[[-105.287,56.195],[-105.644,55.887],[-105.699,55.773],[-105.699,55.743],[-105.649,55.686],[-105.421,55.58],[-105.342,55.611],[-105.184,55.804],[-104.923,55.945],[-104.874,56.019],[-104.867,56.116],[-104.918,56.206],[-104.944,56.296],[-104.889,56.375],[-104.874,56.462],[-104.933,56.519],[-105.028,56.52],[-105.142,56.436],[-105.287,56.195]]]}},{"type":"Feature","properties":{"density":2},"geometry":{"type":"Polygon","coordinates":[[[-92.439,53.831],[-93.025,53.957],[-93.569,54.138],[-94.182,54.529],[-94.964,55.059],[-95.689,55.463],[-97.07,55.994],[-97.949,56.231],[-99.065,56.482],[-100.907,56.719],[-101.325,56.705],[-101.953,56.872],[-102.65,57.026],[-103.404,57.124],[-104.91,57.068],[-105.482,56.872],[-106.082,56.51],[-106.445,56.203],[-106.529,55.924],[-106.473,55.673],[-106.278,55.38],[-106.013,55.184],[-105.441,54.975],[-104.743,54.822],[-104.059,54.752],[-102.637,54.571],[-101.883,54.25],[-101.381,54.013],[-99.86,53.343],[-99.26,53.273],[-98.019,53.008],[-97.07,52.883],[-96.177,52.59],[-95.285,52.422],[-93.513,52.255],[-92.829,52.129],[-92.243,51.99],[-91.908,51.976],[-91.462,52.073],[-91.169,52.394],[-91.155,52.827],[-91.35,53.12],[-92.215,53.734],[-92.439,53.831]]]}},{"type":"Feature","properties":{"density":2},"geometry":{"type":"Polygon","coordinates":[[[-122.562,53.392],[-122.83,53.499],[-123.095,53.582],[-123.343,53.623],[-123.649,53.702],[-123.823,53.693],[-124.195,53.603],[-125.116,53.131],[-125.583,53.011],[-125.823,52.966],[-125.902,52.805],[-125.906,52.639],[-125.856,52.54],[-125.749,52.433],[-125.6,52.354],[-125.29,52.292],[-124.939,52.3],[-124.075,52.582],[-123.487,52.702],[-123.319,52.805],[-122.901,52.814],[-122.622,52.777],[-122.399,52.795],[-122.175,52.963],[-122.147,53.112],[-122.278,53.298],[-122.562,53.392]]]}},{"type":"Feature","properties":{"density":2},"geometry":{"type":"Polygon","coordinates":[[[-120.091,44.479],[-120.136,44.413],[-120.285,44.401],[-120.512,44.454],[-120.607,44.425],[-120.62,44.33],[-120.554,44.264],[-120.43,44.248],[-120.318,44.132],[-120.372,44.029],[-120.529,43.95],[-120.744,43.805],[-120.884,43.756],[-121.112,43.723],[-121.269,43.776],[-121.641,43.996],[-121.736,44.074],[-121.777,44.182],[-121.781,44.31],[-121.678,44.459],[-121.653,44.574],[-121.678,44.913],[-121.649,45.037],[-121.649,45.116],[-121.666,45.277],[-121.765,45.608],[-121.67,45.918],[-121.628,46.128],[-121.529,46.372],[-121.401,46.492],[-121.169,46.5],[-120.764,46.294],[-120.669,46.219],[-120.603,46.19],[-120.417,46.128],[-120.045,46.079],[-119.768,45.926],[-119.586,45.723],[-119.545,45.438],[-119.595,45.161],[-119.504,44.876],[-119.599,44.74],[-120.008,44.554],[-120.066,44.521],[-120.091,44.479]]]}},{"type":"Feature","properties":{"density":2},"geometry":{"type":"Polygon","coordinates":[[[-118.038,46.961],[-118.166,46.837],[-118.257,46.713],[-118.539,46.275],[-118.778,46.027],[-118.923,45.928],[-118.973,45.837],[-118.993,45.651],[-118.919,45.399],[-118.677,45.138],[-118.596,45.114],[-118.454,45.021],[-118.355,44.909],[-118.293,44.5],[-118.212,44.32],[-118.088,44.215],[-117.914,44.14],[-117.728,44.134],[-117.474,44.171],[-117.381,44.264],[-117.195,44.58],[-117.195,44.804],[-117.22,45.014],[-117.177,45.12],[-117.121,45.213],[-117.015,45.312],[-116.897,45.393],[-116.798,45.523],[-116.749,45.709],[-116.829,45.914],[-116.953,46.087],[-117.17,46.298],[-117.288,46.54],[-117.375,46.819],[-117.524,47.011],[-117.679,47.092],[-117.834,47.11],[-118.001,47.011],[-118.038,46.961]]]}},{"type":"Feature","properties":{"density":2},"geometry":{"type":"Polygon","coordinates":[[[-121.136,48.474],[-121.254,48.27],[-121.26,48.146],[-121.254,47.997],[-121.142,47.681],[-120.944,47.526],[-120.175,47.147],[-120.082,47.017],[-119.45,46.602],[-119.14,46.453],[-118.941,46.428],[-118.662,46.428],[-118.52,46.546],[-118.265,46.924],[-118.228,47.302],[-118.086,47.501],[-117.881,47.674],[-117.738,47.867],[-117.614,48.133],[-117.596,48.35],[-117.466,48.697],[-117.366,48.852],[-117.187,49.057],[-117.019,49.218],[-116.883,49.46],[-116.883,49.671],[-116.951,49.807],[-117.063,49.944],[-117.242,50.037],[-117.422,50.099],[-117.571,50.142],[-117.813,50.179],[-118.166,50.303],[-118.396,50.347],[-119.239,50.93],[-119.53,51.072],[-119.754,51.264],[-119.828,51.457],[-119.859,51.655],[-119.822,51.847],[-119.847,52.077],[-119.983,52.145],[-120.584,52.287],[-120.746,52.312],[-120.944,52.331],[-121.248,52.331],[-121.533,52.281],[-122.624,51.897],[-123.021,51.649],[-123.288,51.289],[-123.331,50.762],[-123.195,50.434],[-123.027,50.179],[-122.692,49.919],[-122.165,49.77],[-121.415,49.237],[-121.105,48.945],[-121.074,48.815],[-121.093,48.542],[-121.136,48.474]]]}},{"type":"Feature","properties":{"density":2},"geometry":{"type":"Polygon","coordinates":[[[-93.076,17.758],[-93.175,17.729],[-93.365,17.767],[-93.601,17.911],[-93.749,17.953],[-93.981,17.957],[-94.208,17.928],[-94.436,17.849],[-94.551,17.758],[-94.58,17.701],[-94.58,17.63],[-94.535,17.601],[-94.452,17.601],[-94.192,17.734],[-93.997,17.8],[-93.795,17.8],[-93.658,17.771],[-93.567,17.725],[-93.41,17.572],[-93.257,17.552],[-93.022,17.659],[-93.005,17.701],[-93.018,17.729],[-93.076,17.758]]]}},{"type":"Feature","properties":{"density":2},"geometry":{"type":"Polygon","coordinates":[[[-106.178,63.353],[-105.777,63.32],[-105.458,63.34],[-105.425,63.361],[-105.425,63.398],[-105.462,63.427],[-105.549,63.448],[-106.488,63.439],[-107.261,63.514],[-107.401,63.506],[-107.492,63.477],[-107.504,63.427],[-107.455,63.365],[-107.252,63.349],[-106.632,63.365],[-106.178,63.353]]]}},{"type":"Feature","properties":{"density":2},"geometry":{"type":"Polygon","coordinates":[[[-111.102,63.978],[-110.977,63.965],[-110.786,63.903],[-110.746,63.908],[-110.736,63.925],[-110.744,63.95],[-110.788,63.982],[-111.051,64.061],[-111.332,64.101],[-111.649,64.195],[-112.033,64.274],[-112.099,64.274],[-112.124,64.249],[-112.12,64.175],[-111.987,64.113],[-111.231,63.98],[-111.102,63.978]]]}},{"type":"Feature","properties":{"density":2},"geometry":{"type":"Polygon","coordinates":[[[-116.392,68.275],[-116.499,68.337],[-116.541,68.47],[-116.553,68.817],[-116.434,69.302],[-116.078,69.888],[-115.639,70.516],[-115.534,71.207],[-115.764,71.646],[-116.643,72.211],[-117.857,72.776],[-118.799,73.048],[-119.866,73.425],[-121.519,73.676],[-123.402,73.467],[-125.349,73.446],[-126.625,73.341],[-128.027,72.985],[-128.969,72.232],[-129.471,71.228],[-129.555,70.223],[-129.408,69.198],[-129.094,68.361],[-127.657,64.873],[-127.309,63.952],[-126.597,62.739],[-125.83,61.636],[-125.202,61.023],[-124.351,59.432],[-123.626,58.902],[-122.635,58.219],[-121.742,57.744],[-120.863,57.437],[-120.082,57.2],[-117.752,56.837],[-117.445,57.019],[-117.39,57.27],[-117.083,57.493],[-116.748,57.521],[-116.19,57.451],[-115.674,57.27],[-115.269,57.214],[-114.418,57.2],[-114.069,57.34],[-113.442,57.521],[-113.191,57.675],[-113.009,57.954],[-112.995,58.246],[-113.651,58.553],[-114.153,58.637],[-114.906,58.693],[-116.316,58.595],[-116.748,58.874],[-116.818,59.335],[-116.692,59.795],[-116.343,60.172],[-115.995,60.479],[-115.604,60.786],[-115.255,60.967],[-114.321,61.204],[-113.637,61.344],[-112.521,61.623],[-110.917,61.734],[-109.298,61.581],[-107.094,61.33],[-105.699,61.065],[-104.764,60.967],[-104.067,60.953],[-103.788,61.092],[-103.634,61.385],[-103.732,61.609],[-104.039,61.804],[-104.43,61.902],[-105.587,62.111],[-105.853,62.264],[-105.921,62.399],[-105.908,62.46],[-105.839,62.557],[-105.811,62.739],[-105.853,62.976],[-106.229,63.185],[-106.773,63.338],[-107.875,63.701],[-109.243,64.078],[-110.805,64.496],[-111.377,64.594],[-111.879,64.775],[-112.312,65.04],[-112.814,65.445],[-112.981,65.543],[-113.651,66.282],[-114.906,67.886],[-115.158,68.584],[-115.66,68.779],[-115.939,68.682],[-116.16,68.47],[-116.198,68.379],[-116.202,68.271],[-116.293,68.255],[-116.392,68.275]]]}},{"type":"Feature","properties":{"density":2},"geometry":{"type":"Polygon","coordinates":[[[-127.866,55.502],[-127.994,55.457],[-128.255,55.279],[-128.379,55.176],[-128.482,55.056],[-128.515,54.957],[-128.498,54.932],[-128.408,54.87],[-128.341,54.866],[-128.106,54.915],[-127.378,54.986],[-126.94,55.188],[-126.895,55.262],[-126.787,55.585],[-126.853,55.626],[-126.973,55.643],[-127.519,55.63],[-127.663,55.593],[-127.866,55.502]]]}},{"type":"Feature","properties":{"density":2},"geometry":{"type":"Polygon","coordinates":[[[-122.096,53.805],[-122.377,53.735],[-123.377,53.686],[-123.857,53.632],[-124.043,53.595],[-124.357,53.479],[-124.518,53.359],[-124.625,53.214],[-124.807,53.094],[-125.076,53.041],[-125.283,53.032],[-125.489,53.045],[-125.626,53.024],[-125.803,52.888],[-125.857,52.648],[-125.774,52.479],[-125.671,52.383],[-125.287,52.243],[-125.051,52.226],[-124.497,52.251],[-123.931,52.379],[-122.955,52.507],[-122.72,52.491],[-122.385,52.441],[-122.195,52.433],[-121.91,52.45],[-121.401,52.685],[-121.261,52.722],[-121.033,52.855],[-120.963,52.975],[-120.971,53.078],[-121.058,53.148],[-121.252,53.206],[-121.562,53.351],[-121.682,53.512],[-121.728,53.628],[-121.852,53.727],[-121.976,53.789],[-122.096,53.805]]]}},{"type":"Feature","properties":{"density":2},"geometry":{"type":"Polygon","coordinates":[[[-122.5,45.04],[-122.369,44.786],[-122.233,44.457],[-122.078,44.252],[-121.842,44.054],[-121.601,43.905],[-121.284,43.744],[-120.739,43.732],[-120.069,43.818],[-119.871,43.862],[-119.294,44.042],[-119.071,44.048],[-118.978,43.794],[-118.996,43.558],[-119.04,43.434],[-119.052,43.056],[-118.984,42.864],[-118.761,42.554],[-118.55,42.392],[-118.178,42.225],[-116.578,42.088],[-115.431,41.853],[-114.751,41.862],[-114.472,42.057],[-114.095,42.281],[-113.97,42.462],[-113.914,42.769],[-114.151,43.146],[-114.444,43.494],[-114.555,43.885],[-114.374,44.513],[-114.095,44.722],[-113.579,44.945],[-112.937,45.029],[-112.379,44.973],[-109.868,45.224],[-108.933,45.364],[-108.557,45.531],[-108.013,45.726],[-107.455,45.824],[-107.092,45.81],[-106.52,45.74],[-105.125,45.615],[-104.148,45.74],[-102.558,45.894],[-100.41,45.824],[-98.777,46.089],[-97.606,46.131],[-96.657,45.908],[-96.099,45.294],[-95.485,44.959],[-94.372,44.596],[-92.489,44.361],[-90.417,44.314],[-88.314,43.833],[-87.708,43.623],[-86.787,42.828],[-85.971,42.473],[-84.129,40.903],[-83.229,40.505],[-82.497,40.464],[-81.995,40.547],[-81.514,41.029],[-81.43,41.761],[-81.597,42.598],[-81.89,43.31],[-81.848,43.707],[-81.472,44.335],[-80.949,44.523],[-79.505,45.318],[-78.165,46.009],[-77.161,46.637],[-75.424,48.018],[-74.441,48.897],[-73.896,49.671],[-73.436,50.131],[-72.923,50.592],[-72.453,51.125],[-72.045,51.408],[-71.605,51.91],[-71.26,52.538],[-70.915,53.323],[-70.789,53.982],[-71.009,54.735],[-71.542,55.331],[-73.143,55.991],[-73.896,56.148],[-74.21,56.179],[-74.713,56.179],[-75.466,56.022],[-77.067,55.457],[-78.605,55.018],[-79.703,54.578],[-80.52,54.201],[-81.744,53.668],[-83.062,53.26],[-84.223,53.103],[-85.322,53.071],[-86.483,53.26],[-87.77,53.636],[-88.995,54.201],[-89.905,54.704],[-90.721,55.08],[-92.918,55.74],[-94.111,56.116],[-95.398,56.43],[-96.685,56.964],[-97.124,57.026],[-97.626,57.026],[-98.003,57.058],[-98.756,57.183],[-102.115,58.345],[-103.119,58.47],[-103.59,58.439],[-104.375,58.313],[-105.474,58.47],[-106.604,58.721],[-107.545,58.753],[-108.926,58.596],[-109.899,58.313],[-110.935,58.094],[-111.657,57.78],[-111.94,57.623],[-112.442,57.309],[-113.854,56.336],[-114.639,55.928],[-115.612,55.645],[-116.428,55.457],[-119.002,55.394],[-121.796,55.112],[-123.397,54.892],[-124.464,54.955],[-125.437,55.488],[-127.258,56.179],[-128.513,56.399],[-129.737,56.022],[-130.522,54.861],[-130.679,53.825],[-130.522,52.789],[-129.58,51.533],[-128.796,50.717],[-128.011,49.87],[-127.509,48.583],[-126.755,47.61],[-125.343,46.794],[-124.15,46.197],[-123.114,45.852],[-122.832,45.664],[-122.5,45.04]]]}},{"type":"Feature","properties":{"density":2},"geometry":{"type":"Polygon","coordinates":[[[-120.13,37.431],[-120.285,37.525],[-120.409,37.577],[-120.453,37.58],[-120.486,37.561],[-120.489,37.522],[-120.436,37.431],[-120.23,37.294],[-119.902,37.145],[-119.86,37.145],[-119.803,37.17],[-119.794,37.23],[-119.838,37.302],[-120.13,37.431]]]}},{"type":"Feature","properties":{"density":2},"geometry":{"type":"Polygon","coordinates":[[[-118.439,37.086],[-118.535,37.042],[-118.531,36.994],[-118.447,36.963],[-118.377,36.906],[-118.344,36.911],[-118.316,36.922],[-118.289,36.979],[-118.171,37.08],[-118.166,37.183],[-118.212,37.227],[-118.25,37.237],[-118.303,37.226],[-118.355,37.191],[-118.439,37.086]]]}},{"type":"Feature","properties":{"density":2},"geometry":{"type":"Polygon","coordinates":[[[-115.693,31.27],[-115.928,31.239],[-116.075,31.277],[-116.187,31.288],[-116.304,31.285],[-116.409,31.257],[-116.483,31.217],[-116.578,31.099],[-116.593,30.991],[-116.558,30.954],[-116.484,30.936],[-116.402,30.95],[-116.047,31.075],[-115.702,31.105],[-115.623,31.125],[-115.586,31.156],[-115.586,31.233],[-115.693,31.27]]]}},{"type":"Feature","properties":{"density":2},"geometry":{"type":"Polygon","coordinates":[[[-99.392,19.613],[-99.07,19.601],[-98.853,19.508],[-98.754,19.316],[-98.716,19.037],[-98.747,18.832],[-98.884,18.646],[-99.045,18.51],[-99.268,18.423],[-99.504,18.404],[-99.69,18.41],[-100.161,18.472],[-100.434,18.441],[-100.62,18.472],[-100.781,18.572],[-100.899,18.708],[-101.184,19.285],[-101.271,19.712],[-101.172,19.874],[-100.973,19.998],[-100.756,20.066],[-100.552,19.979],[-100.329,19.799],[-100.161,19.737],[-99.888,19.657],[-99.492,19.607],[-99.392,19.613]]]}},{"type":"Feature","properties":{"density":2},"geometry":{"type":"Polygon","coordinates":[[[-93.375,18.248],[-93.491,18.347],[-93.855,18.492],[-94.041,18.496],[-94.293,18.455],[-94.475,18.36],[-94.582,18.215],[-94.644,18.066],[-94.83,17.719],[-94.892,17.508],[-95.186,16.942],[-95.269,16.549],[-95.285,16.338],[-95.198,16.148],[-95.004,16.02],[-94.773,15.979],[-94.463,15.962],[-94.161,16.037],[-93.785,16.276],[-93.599,16.347],[-93.371,16.388],[-93.218,16.433],[-93.061,16.52],[-93.003,16.781],[-93.094,16.938],[-93.156,17.099],[-93.09,17.38],[-92.867,17.682],[-92.871,17.818],[-92.958,17.955],[-93.028,17.984],[-93.375,18.248]]]}},{"type":"Feature","properties":{"density":2},"geometry":{"type":"Polygon","coordinates":[[[-88.99,16.917],[-88.866,16.987],[-88.845,17.029],[-88.874,17.062],[-88.961,17.062],[-89.172,16.983],[-89.461,16.839],[-89.531,16.789],[-89.556,16.748],[-89.527,16.715],[-89.399,16.719],[-89.238,16.748],[-89.023,16.876],[-88.99,16.917]]]}},{"type":"Feature","properties":{"density":2},"geometry":{"type":"Polygon","coordinates":[[[-65.569,46.182],[-65.966,45.806],[-66.469,45.387],[-67.348,44.697],[-68.247,44.278],[-69.084,44.111],[-70.005,43.839],[-70.947,43.483],[-71.637,43.127],[-72.642,42.688],[-73.291,42.29],[-73.772,41.955],[-74.588,41.453],[-75.195,41.139],[-75.76,40.972],[-77.057,40.783],[-79.003,40.867],[-79.38,40.825],[-80.175,40.783],[-80.74,40.679],[-81.159,40.511],[-81.368,40.302],[-81.452,40.135],[-81.201,39.842],[-80.97,39.633],[-79.694,39.256],[-77.831,39.256],[-76.116,39.528],[-74.923,39.8],[-72.83,39.821],[-72.161,40.03],[-71.177,40.532],[-70.361,40.972],[-69.524,41.516],[-68.478,42.353],[-68.038,42.792],[-66.385,43.734],[-65.925,44.048],[-65.255,44.613],[-64.816,44.948],[-64.376,45.387],[-63.748,45.931],[-63.434,46.161],[-63.016,46.789],[-62.681,47.375],[-62.388,48.275],[-62.242,49.028],[-62.284,49.865],[-62.66,50.284],[-63.1,50.263],[-63.623,49.698],[-63.958,48.798],[-64.188,47.856],[-64.648,46.957],[-65.276,46.392],[-65.569,46.182]]]}},{"type":"Feature","properties":{"density":2},"geometry":{"type":"Polygon","coordinates":[[[-71.452,35.188],[-71.828,34.686],[-73.178,33.65],[-74.936,32.426],[-76.537,31.453],[-77.384,30.7],[-78.451,29.884],[-79.424,29.224],[-80.649,27.529],[-81.622,26.776],[-82.061,26.243],[-82.249,25.489],[-82.312,24.987],[-81.684,24.265],[-80.743,24.171],[-79.613,24.296],[-79.111,24.767],[-78.451,25.897],[-77.761,26.902],[-76.851,28.094],[-75.909,29.476],[-74.81,30.48],[-73.9,31.171],[-72.048,32.112],[-70.008,33.462],[-69.38,33.933],[-68.909,34.247],[-68.595,34.561],[-67.685,35.283],[-67.057,36.036],[-65.268,37.386],[-64.703,37.699],[-64.326,37.762],[-64.013,37.417],[-64.013,37.072],[-65.676,35.126],[-66.335,34.058],[-66.618,33.242],[-66.775,32.238],[-66.21,31.61],[-64.86,31.202],[-63.448,31.641],[-62.318,32.049],[-61.376,32.709],[-60.214,33.713],[-59.524,34.623],[-58.739,35.596],[-58.363,36.35],[-56.605,38.735],[-54.91,39.865],[-53.999,40.619],[-53.372,41.529],[-53.026,42.753],[-52.775,43.883],[-53.152,45.233],[-53.968,45.798],[-54.973,46.049],[-56.071,45.861],[-57.421,45.327],[-58.708,44.542],[-60.811,42.471],[-62.004,41.529],[-63.134,40.807],[-64.829,40.022],[-67.591,39.143],[-69.568,37.511],[-71.138,35.785],[-71.452,35.188]]]}},{"type":"Feature","properties":{"density":2},"geometry":{"type":"Polygon","coordinates":[[[-88.105,24.82],[-88.105,24.297],[-88.272,23.669],[-88.67,23.167],[-89.193,22.748],[-89.758,22.372],[-90.323,21.849],[-90.595,21.304],[-91.62,20.049],[-92.206,19.651],[-92.981,19.233],[-94.006,18.94],[-95.136,19.149],[-95.638,19.609],[-95.973,20.154],[-95.994,21.2],[-95.575,21.744],[-95.031,22.183],[-94.152,22.853],[-93.671,23.523],[-93.336,24.339],[-93.127,25.008],[-92.583,25.678],[-92.144,26.096],[-91.537,26.41],[-90.93,26.557],[-90.051,26.536],[-89.36,26.389],[-88.67,25.95],[-88.293,25.427],[-88.209,25.218],[-88.105,24.82]]]}},{"type":"Feature","properties":{"density":3},"geometry":{"type":"Polygon","coordinates":[[[-115.906,65.017],[-116.656,65.326],[-116.705,65.394],[-116.739,65.492],[-116.71,65.564],[-116.658,65.586],[-116.376,65.488],[-116.109,65.316],[-115.805,65.166],[-115.729,65.11],[-115.726,65.014],[-115.751,64.985],[-115.852,64.987],[-115.906,65.017]]]}},{"type":"Feature","properties":{"density":3},"geometry":{"type":"Polygon","coordinates":[[[-115.912,64.576],[-116.774,64.796],[-116.827,64.835],[-116.814,64.916],[-116.788,64.952],[-116.719,64.968],[-116.676,64.96],[-116.464,64.886],[-116.305,64.854],[-115.639,64.656],[-115.604,64.607],[-115.622,64.568],[-115.721,64.547],[-115.912,64.576]]]}},{"type":"Feature","properties":{"density":3},"geometry":{"type":"Polygon","coordinates":[[[-115.823,64.736],[-116.425,64.903],[-116.611,64.976],[-116.643,65.022],[-116.631,65.115],[-116.589,65.131],[-116.415,65.095],[-115.99,64.947],[-115.799,64.845],[-115.73,64.774],[-115.729,64.728],[-115.741,64.722],[-115.805,64.72],[-115.823,64.736]]]}},{"type":"Feature","properties":{"density":3},"geometry":{"type":"Polygon","coordinates":[[[-123.037,59.128],[-123.168,59.319],[-123.849,59.824],[-124.156,60.016],[-124.502,60.192],[-125.353,60.439],[-125.699,60.521],[-126.234,60.727],[-126.63,61.007],[-126.729,61.213],[-126.745,61.435],[-126.696,61.691],[-126.741,61.892],[-126.469,62.794],[-126.271,63.745],[-125.271,65.747],[-124.801,66.587],[-124.233,67.464],[-123.603,68.291],[-122.874,69.23],[-122.492,69.613],[-122.084,69.872],[-121.115,70.125],[-120.753,70.312],[-119.891,70.498],[-119.638,70.526],[-119.396,70.487],[-119.276,70.432],[-119.111,70.295],[-118.666,69.839],[-118.227,69.279],[-118.123,68.89],[-118.09,68.538],[-118.079,68.077],[-118.211,67.539],[-118.326,67.248],[-118.37,66.979],[-118.32,66.897],[-117.991,66.749],[-117.821,66.705],[-117.431,66.677],[-117.085,66.573],[-116.926,66.479],[-116.816,66.375],[-116.662,66.101],[-116.618,65.804],[-116.629,65.645],[-116.673,65.442],[-116.684,65.244],[-116.829,64.789],[-116.829,64.587],[-116.862,64.293],[-116.884,63.815],[-116.834,63.584],[-116.725,63.414],[-116.417,63.096],[-116.099,62.624],[-115.736,62.442],[-115.312,62.188],[-114.768,62.023],[-114.258,62.023],[-112.633,62.276],[-112.254,62.226],[-111.914,62.073],[-111.749,61.93],[-111.743,61.836],[-111.826,61.743],[-112.117,61.65],[-112.814,61.502],[-113.121,61.469],[-113.676,61.507],[-114.935,61.495],[-116.424,61.396],[-117.313,61.061],[-118.033,60.874],[-118.702,60.671],[-120.86,59.891],[-121.431,59.436],[-121.804,59.194],[-122.095,59.112],[-122.381,58.974],[-122.606,58.909],[-122.864,58.985],[-123.037,59.128]]]}},{"type":"Feature","properties":{"density":3},"geometry":{"type":"Polygon","coordinates":[[[-123.009,51.173],[-122.771,51.374],[-122.43,51.606],[-121.71,52.417],[-121.393,52.667],[-121.094,52.868],[-120.648,53.015],[-119.599,53.289],[-118.227,53.503],[-117.659,53.57],[-117.147,53.607],[-116.586,53.729],[-116.357,53.874],[-116.159,54.051],[-115.907,54.241],[-115.427,54.399],[-114.778,54.427],[-114.005,54.369],[-113.914,54.278],[-113.865,54.021],[-113.956,53.765],[-114.042,53.448],[-114.054,53.314],[-114.237,53.137],[-114.505,53.009],[-114.743,52.917],[-115.207,52.667],[-115.39,52.533],[-115.286,52.411],[-115.134,52.344],[-114.652,52.185],[-114.219,52.149],[-113.871,52.094],[-113.386,51.892],[-112.901,51.719],[-112.48,51.526],[-111.696,51.253],[-111.456,51.038],[-111.394,50.811],[-111.733,50.728],[-112.37,50.703],[-113.157,50.739],[-113.679,50.739],[-114.649,50.666],[-115.207,50.556],[-115.637,50.447],[-117.107,49.812],[-117.459,49.544],[-118.377,48.103],[-118.718,47.706],[-118.854,47.186],[-118.861,46.826],[-119.239,46.671],[-119.753,46.814],[-120.15,47.155],[-120.944,48.01],[-120.913,48.395],[-120.869,48.667],[-120.938,48.959],[-121.31,49.418],[-121.849,49.864],[-122.785,50.503],[-123.002,50.788],[-123.07,51.005],[-123.009,51.173]]]}},{"type":"Feature","properties":{"density":3},"geometry":{"type":"Polygon","coordinates":[[[-120.882,44.442],[-121.001,44.574],[-121.113,44.658],[-121.416,44.945],[-121.43,45.005],[-121.381,45.04],[-121.004,44.991],[-120.809,44.991],[-120.646,45.005],[-120.546,45.045],[-120.427,45.059],[-120.321,44.977],[-120.052,44.69],[-120.02,44.625],[-120.028,44.57],[-120.074,44.517],[-120.576,44.492],[-120.73,44.443],[-120.811,44.432],[-120.882,44.442]]]}},{"type":"Feature","properties":{"density":3},"geometry":{"type":"Polygon","coordinates":[[[-118.193,45.769],[-117.906,45.617],[-117.84,45.534],[-117.787,45.393],[-117.783,45.293],[-117.818,45.2],[-117.862,45.168],[-118.323,45.352],[-118.507,45.457],[-118.555,45.516],[-118.549,45.576],[-118.402,45.859],[-118.332,45.868],[-118.277,45.852],[-118.206,45.799],[-118.193,45.769]]]}},{"type":"Feature","properties":{"density":3},"geometry":{"type":"Polygon","coordinates":[[[-124.031,53.432],[-123.942,53.442],[-123.59,53.358],[-123.536,53.325],[-123.528,53.292],[-123.624,53.293],[-123.835,53.364],[-124.009,53.39],[-124.034,53.401],[-124.031,53.432]]]}},{"type":"Feature","properties":{"density":3},"geometry":{"type":"Polygon","coordinates":[[[-125.296,52.6],[-125.407,52.634],[-125.518,52.724],[-125.542,52.764],[-125.556,52.875],[-125.544,52.904],[-125.516,52.92],[-125.476,52.913],[-125.368,52.815],[-125.288,52.782],[-125.236,52.786],[-125.051,52.873],[-124.959,52.874],[-124.949,52.842],[-124.962,52.788],[-124.999,52.749],[-125.209,52.618],[-125.272,52.594],[-125.296,52.6]]]}},{"type":"Feature","properties":{"density":3},"geometry":{"type":"Polygon","coordinates":[[[-123.965,53.216],[-123.808,53.219],[-123.718,53.188],[-123.712,53.158],[-123.878,53.132],[-123.979,53.152],[-123.997,53.179],[-123.965,53.216]]]}},{"type":"Feature","properties":{"density":3},"geometry":{"type":"Polygon","coordinates":[[[-103.495,55.576],[-103.374,55.628],[-103.187,55.661],[-102.909,55.669],[-102.534,55.609],[-102.366,55.554],[-102.294,55.518],[-102.264,55.41],[-102.313,55.339],[-102.468,55.292],[-102.677,55.336],[-102.969,55.43],[-103.123,55.463],[-103.247,55.474],[-103.545,55.421],[-103.611,55.435],[-103.619,55.482],[-103.592,55.526],[-103.495,55.576]]]}},{"type":"Feature","properties":{"density":3},"geometry":{"type":"Polygon","coordinates":[[[-120.643,49.044],[-120.549,49.043],[-120.5,49.013],[-120.447,48.963],[-120.4,48.868],[-120.525,48.858],[-120.65,48.893],[-120.687,48.924],[-120.693,48.952],[-120.677,49.024],[-120.643,49.044]]]}},{"type":"Feature","properties":{"density":3},"geometry":{"type":"Polygon","coordinates":[[[-101.911,55.502],[-102.151,55.593],[-102.294,55.618],[-103.124,55.67],[-103.372,55.645],[-103.465,55.59],[-103.482,55.535],[-103.427,55.496],[-103.383,55.496],[-103.217,55.527],[-102.967,55.543],[-102.647,55.541],[-102.49,55.483],[-102.203,55.232],[-101.991,55.13],[-101.878,55.111],[-101.658,55.144],[-101.506,55.232],[-101.479,55.287],[-101.495,55.348],[-101.691,55.441],[-101.864,55.477],[-101.911,55.502]]]}},{"type":"Feature","properties":{"density":3},"geometry":{"type":"Polygon","coordinates":[[[-105.138,56.22],[-105.268,56.155],[-105.54,55.935],[-105.665,55.766],[-105.66,55.718],[-105.625,55.715],[-105.575,55.751],[-105.432,55.913],[-105.208,56.086],[-105.092,56.152],[-105.077,56.212],[-105.097,56.231],[-105.138,56.22]]]}},{"type":"Feature","properties":{"density":3},"geometry":{"type":"Polygon","coordinates":[[[-105.478,55.806],[-105.531,55.707],[-105.529,55.689],[-105.474,55.667],[-105.439,55.68],[-105.222,55.988],[-105.092,56.071],[-105.059,56.115],[-105.07,56.161],[-105.103,56.17],[-105.131,56.157],[-105.243,56.067],[-105.478,55.806]]]}},{"type":"Feature","properties":{"density":3},"geometry":{"type":"Polygon","coordinates":[[[-106.167,49.993],[-106.638,49.999],[-107.165,50.123],[-107.618,50.328],[-108.721,50.663],[-109.999,51.109],[-110.47,51.351],[-111.102,51.71],[-111.518,51.816],[-113.099,52.107],[-113.619,52.256],[-114.091,52.368],[-114.481,52.51],[-114.86,52.554],[-115.269,52.572],[-115.79,52.703],[-116.868,52.895],[-117.693,52.777],[-117.842,52.641],[-117.916,52.467],[-117.86,52.275],[-117.6,52.095],[-117.278,51.99],[-116.98,51.915],[-116.329,51.841],[-116.093,51.841],[-115.901,51.884],[-115.641,51.872],[-115.374,51.822],[-115.12,51.704],[-115.108,51.531],[-115.176,51.369],[-115.368,51.27],[-116.292,50.948],[-116.744,50.774],[-117.402,50.458],[-117.693,50.154],[-117.569,49.937],[-116.868,49.788],[-116.403,49.987],[-116.106,50.185],[-115.783,50.359],[-115.43,50.508],[-114.711,50.625],[-113.582,50.601],[-112.674,50.402],[-111.046,50.095],[-109.949,50.04],[-109.112,49.928],[-108.312,49.723],[-107.624,49.612],[-106.554,49.556],[-105.615,49.435],[-105.122,49.435],[-104.871,49.454],[-104.573,49.677],[-104.564,49.816],[-104.648,49.919],[-104.75,49.956],[-105.113,49.993],[-106.167,49.993]]]}},{"type":"Feature","properties":{"density":3},"geometry":{"type":"Polygon","coordinates":[[[-111.928,63.452],[-111.564,63.415],[-111.465,63.439],[-111.44,63.489],[-111.448,63.53],[-111.518,63.563],[-111.77,63.601],[-112.473,63.625],[-112.903,63.671],[-114.197,63.725],[-114.664,63.671],[-114.78,63.605],[-114.796,63.534],[-114.755,63.481],[-114.664,63.464],[-114.494,63.493],[-114.362,63.539],[-113.916,63.576],[-113.457,63.539],[-112.184,63.493],[-111.928,63.452]]]}},{"type":"Feature","properties":{"density":3},"geometry":{"type":"Polygon","coordinates":[[[-111.646,63.592],[-111.605,63.613],[-111.613,63.658],[-111.655,63.7],[-111.804,63.729],[-112.787,63.803],[-113.899,63.923],[-114.036,63.919],[-114.11,63.832],[-114.106,63.741],[-114.023,63.708],[-112.771,63.712],[-112.023,63.601],[-111.646,63.592]]]}},{"type":"Feature","properties":{"density":3},"geometry":{"type":"Polygon","coordinates":[[[-117.006,63.026],[-116.262,63.032],[-116.212,63.131],[-116.2,63.212],[-116.286,63.274],[-116.417,63.293],[-117.799,63.274],[-118.196,63.299],[-118.264,63.243],[-118.264,63.187],[-118.208,63.113],[-118.066,63.082],[-117.371,63.069],[-117.006,63.026]]]}},{"type":"Feature","properties":{"density":3},"geometry":{"type":"Polygon","coordinates":[[[-115.164,64.979],[-115.081,64.913],[-115.077,64.859],[-115.11,64.818],[-115.172,64.805],[-115.602,64.917],[-115.949,64.967],[-116.164,65.033],[-116.665,65.256],[-116.776,65.368],[-116.954,65.496],[-117.504,65.781],[-117.702,65.901],[-117.781,66.0],[-117.805,66.07],[-117.785,66.405],[-117.789,66.471],[-117.826,66.558],[-117.81,66.703],[-117.661,66.744],[-117.495,66.723],[-117.268,66.542],[-117.177,66.446],[-117.09,66.165],[-116.908,65.86],[-116.698,65.632],[-116.264,65.372],[-115.987,65.273],[-115.515,65.153],[-115.267,65.045],[-115.164,64.979]]]}},{"type":"Feature","properties":{"density":3},"geometry":{"type":"Polygon","coordinates":[[[-115.573,64.793],[-115.367,64.735],[-115.342,64.694],[-115.42,64.665],[-115.557,64.681],[-116.35,64.867],[-116.83,65.025],[-116.966,65.111],[-117.334,65.289],[-117.512,65.33],[-117.81,65.45],[-118.215,65.736],[-118.339,65.86],[-118.38,65.979],[-118.347,66.033],[-118.231,66.058],[-118.029,66.004],[-117.512,65.748],[-117.165,65.554],[-116.987,65.43],[-116.747,65.326],[-116.495,65.173],[-116.036,64.967],[-115.801,64.892],[-115.573,64.793]]]}},{"type":"Feature","properties":{"density":3},"geometry":{"type":"Polygon","coordinates":[[[-116.011,64.603],[-115.755,64.524],[-115.639,64.541],[-115.606,64.591],[-115.656,64.657],[-115.863,64.756],[-116.102,64.772],[-116.437,64.901],[-116.714,64.975],[-117.384,65.264],[-117.528,65.368],[-118.087,65.566],[-118.293,65.612],[-118.694,65.777],[-118.975,65.777],[-119.041,65.607],[-118.959,65.463],[-118.814,65.359],[-118.583,65.252],[-118.252,65.14],[-117.516,64.901],[-116.793,64.772],[-116.313,64.653],[-116.011,64.603]]]}},{"type":"Feature","properties":{"density":3},"geometry":{"type":"Polygon","coordinates":[[[-116.578,64.351],[-116.441,64.326],[-116.383,64.33],[-116.342,64.384],[-116.396,64.442],[-116.855,64.533],[-118.667,65.122],[-118.841,65.14],[-118.89,65.103],[-118.897,65.06],[-118.884,65.022],[-118.754,64.96],[-118.27,64.793],[-117.235,64.502],[-116.652,64.39],[-116.578,64.351]]]}},{"type":"Feature","properties":{"density":3},"geometry":{"type":"Polygon","coordinates":[[[-116.456,63.264],[-116.319,63.276],[-116.187,63.214],[-116.166,63.123],[-116.183,63.049],[-116.262,63.02],[-117.394,63.024],[-118.291,63.082],[-118.514,63.111],[-118.766,63.177],[-118.82,63.272],[-118.82,63.326],[-118.775,63.367],[-118.667,63.388],[-117.956,63.313],[-117.035,63.301],[-116.456,63.264]]]}},{"type":"Feature","properties":{"density":3},"geometry":{"type":"Polygon","coordinates":[[[-118.527,64.147],[-118.097,64.031],[-117.959,64.037],[-117.937,64.059],[-117.956,64.097],[-118.022,64.13],[-118.783,64.365],[-119.192,64.527],[-119.473,64.61],[-119.903,64.717],[-120.002,64.692],[-120.048,64.651],[-120.048,64.614],[-120.023,64.573],[-119.837,64.515],[-119.523,64.465],[-119.217,64.382],[-118.585,64.155],[-118.527,64.147]]]}},{"type":"Feature","properties":{"density":3},"geometry":{"type":"Polygon","coordinates":[[[-117.572,64.23],[-117.568,64.192],[-117.626,64.139],[-117.803,64.114],[-118.064,64.217],[-118.394,64.275],[-119.391,64.672],[-119.539,64.763],[-119.552,64.858],[-119.436,64.953],[-119.043,64.879],[-118.754,64.754],[-118.18,64.56],[-117.576,64.279],[-117.572,64.23]]]}},{"type":"Feature","properties":{"density":3},"geometry":{"type":"Polygon","coordinates":[[[-120.313,44.499],[-120.144,44.532],[-120.086,44.677],[-120.107,44.739],[-120.297,45.053],[-120.309,45.119],[-120.375,45.177],[-120.441,45.193],[-120.545,45.173],[-120.693,45.061],[-120.805,45.028],[-120.917,45.069],[-121.008,45.156],[-121.136,45.359],[-121.264,45.425],[-121.429,45.425],[-121.512,45.396],[-121.52,45.297],[-121.45,45.148],[-121.264,44.987],[-121.19,44.867],[-121.099,44.78],[-120.991,44.623],[-120.896,44.441],[-120.813,44.416],[-120.714,44.412],[-120.313,44.499]]]}},{"type":"Feature","properties":{"density":3},"geometry":{"type":"Polygon","coordinates":[[[-121.078,44.309],[-121.144,44.143],[-121.223,44.077],[-121.371,44.086],[-121.557,44.168],[-121.624,44.243],[-121.665,44.354],[-121.661,44.412],[-121.628,44.482],[-121.553,44.751],[-121.52,44.776],[-121.475,44.776],[-121.264,44.656],[-121.082,44.635],[-120.983,44.569],[-120.95,44.511],[-120.958,44.437],[-121.061,44.354],[-121.078,44.309]]]}},{"type":"Feature","properties":{"density":3},"geometry":{"type":"Polygon","coordinates":[[[-118.098,45.731],[-118.114,45.652],[-118.176,45.607],[-118.42,45.619],[-118.623,45.495],[-118.701,45.483],[-118.767,45.503],[-118.776,45.561],[-118.726,45.607],[-118.618,45.685],[-118.49,45.747],[-118.37,45.983],[-118.284,46.07],[-118.16,46.057],[-118.11,45.983],[-118.118,45.838],[-118.098,45.731]]]}},{"type":"Feature","properties":{"density":3},"geometry":{"type":"Polygon","coordinates":[[[-118.143,45.624],[-118.112,45.525],[-118.154,45.396],[-118.143,45.327],[-118.088,45.285],[-117.999,45.283],[-117.892,45.305],[-117.815,45.351],[-117.773,45.445],[-117.702,45.528],[-117.691,45.586],[-117.729,45.671],[-117.796,45.734],[-117.87,45.748],[-117.983,45.74],[-118.129,45.668],[-118.143,45.624]]]}},{"type":"Feature","properties":{"density":3},"geometry":{"type":"Polygon","coordinates":[[[-116.427,46.011],[-116.006,45.879],[-115.357,45.788],[-115.2,45.792],[-115.22,45.867],[-115.307,45.937],[-115.435,46.007],[-115.675,46.09],[-116.783,46.379],[-117.101,46.507],[-117.233,46.582],[-117.457,46.656],[-117.597,46.64],[-117.643,46.574],[-117.626,46.479],[-117.56,46.4],[-117.432,46.313],[-117.221,46.226],[-116.828,46.16],[-116.427,46.011]]]}},{"type":"Feature","properties":{"density":3},"geometry":{"type":"Polygon","coordinates":[[[-119.963,48.811],[-120.075,48.683],[-120.19,48.472],[-120.277,48.365],[-120.455,48.291],[-121.017,48.105],[-121.034,48.009],[-121.017,47.919],[-120.98,47.857],[-120.889,47.79],[-120.728,47.704],[-120.372,47.604],[-120.24,47.53],[-120.17,47.46],[-120.099,47.29],[-120.009,47.158],[-119.814,47.026],[-119.562,46.902],[-119.355,46.765],[-119.128,46.815],[-118.843,47.179],[-118.512,47.414],[-118.359,47.567],[-118.343,47.687],[-118.413,47.819],[-118.574,47.914],[-118.661,47.997],[-118.715,48.187],[-118.818,48.286],[-119.136,48.377],[-119.285,48.493],[-119.306,48.539],[-119.471,48.741],[-119.57,48.82],[-119.818,48.857],[-119.93,48.832],[-119.963,48.811]]]}},{"type":"Feature","properties":{"density":3},"geometry":{"type":"Polygon","coordinates":[[[-122.25,51.747],[-122.501,51.67],[-122.63,51.571],[-122.721,51.475],[-122.84,51.4],[-123.002,51.337],[-123.044,51.268],[-123.066,51.171],[-123.058,51.039],[-122.911,50.932],[-122.815,50.901],[-122.735,50.904],[-122.617,51.061],[-122.449,51.116],[-122.355,51.119],[-122.261,51.094],[-122.005,51.072],[-121.804,51.081],[-121.627,51.158],[-121.608,51.232],[-121.649,51.367],[-121.718,51.442],[-121.735,51.538],[-121.732,51.69],[-121.773,51.761],[-121.911,51.833],[-122.25,51.747]]]}},{"type":"Feature","properties":{"density":3},"geometry":{"type":"Polygon","coordinates":[[[-124.821,52.873],[-124.994,52.886],[-125.168,52.798],[-125.245,52.778],[-125.405,52.809],[-125.453,52.862],[-125.506,52.886],[-125.567,52.842],[-125.58,52.789],[-125.572,52.739],[-125.517,52.666],[-125.431,52.616],[-125.343,52.594],[-125.192,52.642],[-125.03,52.735],[-124.883,52.765],[-124.746,52.772],[-124.709,52.787],[-124.689,52.822],[-124.722,52.862],[-124.821,52.873]]]}},{"type":"Feature","properties":{"density":3},"geometry":{"type":"Polygon","coordinates":[[[-123.811,53.108],[-123.746,53.092],[-123.726,53.103],[-123.717,53.148],[-123.783,53.182],[-123.987,53.233],[-124.043,53.24],[-124.087,53.223],[-124.076,53.167],[-123.811,53.108]]]}},{"type":"Feature","properties":{"density":3},"geometry":{"type":"Polygon","coordinates":[[[-123.855,53.411],[-124.038,53.445],[-124.097,53.432],[-124.095,53.401],[-124.064,53.387],[-123.862,53.327],[-123.774,53.322],[-123.718,53.349],[-123.726,53.382],[-123.855,53.411]]]}},{"type":"Feature","properties":{"density":3},"geometry":{"type":"Polygon","coordinates":[[[-80.861,26.325],[-80.795,26.322],[-80.777,26.339],[-80.781,26.363],[-80.921,26.363],[-80.957,26.347],[-80.949,26.326],[-80.91,26.312],[-80.861,26.325]]]}},{"type":"Feature","properties":{"density":3},"geometry":{"type":"Polygon","coordinates":[[[-107.193,62.896],[-107.003,62.879],[-106.875,62.887],[-106.519,62.85],[-106.457,62.858],[-106.424,62.879],[-106.412,62.937],[-106.436,62.974],[-106.631,63.011],[-106.85,63.016],[-107.16,63.049],[-107.995,63.049],[-108.693,63.131],[-109.016,63.152],[-109.483,63.164],[-109.557,63.14],[-109.574,63.069],[-109.355,63.032],[-108.731,62.987],[-108.297,62.991],[-107.581,62.916],[-107.193,62.896]]]}},{"type":"Feature","properties":{"density":3},"geometry":{"type":"Polygon","coordinates":[[[-106.329,62.652],[-105.982,62.627],[-105.936,62.648],[-105.924,62.685],[-105.957,62.73],[-106.168,62.772],[-106.846,62.792],[-107.916,62.867],[-108.23,62.908],[-108.842,62.954],[-108.991,62.921],[-109.045,62.892],[-109.049,62.842],[-108.917,62.813],[-107.941,62.714],[-106.995,62.66],[-106.412,62.668],[-106.329,62.652]]]}},{"type":"Feature","properties":{"density":3},"geometry":{"type":"Polygon","coordinates":[[[-111.84,63.476],[-111.506,63.446],[-111.459,63.474],[-111.443,63.515],[-111.572,63.576],[-111.867,63.617],[-114.536,63.775],[-114.685,63.701],[-114.71,63.614],[-114.691,63.558],[-114.592,63.552],[-113.904,63.552],[-113.036,63.49],[-112.366,63.496],[-112.019,63.465],[-111.84,63.476]]]}},{"type":"Feature","properties":{"density":3},"geometry":{"type":"Polygon","coordinates":[[[-112.097,63.638],[-111.973,63.638],[-111.703,63.602],[-111.601,63.61],[-111.574,63.627],[-111.596,63.682],[-111.64,63.701],[-111.899,63.756],[-112.265,63.784],[-112.591,63.784],[-113.125,63.825],[-113.851,63.93],[-114.335,63.955],[-114.533,63.917],[-114.562,63.864],[-114.542,63.802],[-114.467,63.781],[-114.108,63.748],[-113.207,63.719],[-112.243,63.661],[-112.097,63.638]]]}},{"type":"Feature","properties":{"density":3},"geometry":{"type":"Polygon","coordinates":[[[-113.955,64.765],[-113.479,64.637],[-113.306,64.57],[-113.198,64.554],[-113.169,64.566],[-113.161,64.591],[-113.165,64.624],[-113.223,64.678],[-113.463,64.752],[-113.698,64.79],[-114.182,64.971],[-114.24,64.984],[-114.281,64.967],[-114.302,64.909],[-113.955,64.765]]]}},{"type":"Feature","properties":{"density":3},"geometry":{"type":"Polygon","coordinates":[[[-113.129,63.049],[-112.976,63.066],[-112.798,63.037],[-112.633,63.041],[-112.447,63.14],[-112.418,63.177],[-112.405,63.248],[-112.434,63.285],[-112.6,63.318],[-112.951,63.339],[-113.629,63.318],[-113.765,63.31],[-113.902,63.277],[-114.013,63.227],[-114.046,63.173],[-114.038,63.136],[-113.947,63.103],[-113.129,63.049]]]}},{"type":"Feature","properties":{"density":3},"geometry":{"type":"Polygon","coordinates":[[[-116.987,62.884],[-116.88,62.92],[-116.502,63.0],[-116.362,62.992],[-116.221,63.028],[-116.169,63.069],[-116.155,63.14],[-116.166,63.174],[-116.205,63.229],[-116.392,63.303],[-116.511,63.328],[-116.814,63.342],[-117.323,63.193],[-117.525,63.149],[-118.056,63.161],[-118.209,63.19],[-118.474,63.277],[-118.672,63.285],[-118.78,63.285],[-119.04,63.24],[-119.131,63.186],[-119.156,63.149],[-119.057,62.942],[-118.958,62.872],[-118.424,62.814],[-118.081,62.839],[-117.647,62.826],[-117.213,62.835],[-117.085,62.851],[-116.987,62.884]]]}},{"type":"Feature","properties":{"density":3},"geometry":{"type":"Polygon","coordinates":[[[-119.072,63.824],[-118.892,63.775],[-118.682,63.676],[-118.589,63.676],[-118.527,63.657],[-118.384,63.676],[-118.204,63.775],[-118.192,63.849],[-118.291,63.917],[-118.409,63.961],[-118.582,64.01],[-118.843,64.054],[-119.233,64.209],[-119.388,64.283],[-119.717,64.482],[-120.17,64.711],[-120.759,64.872],[-120.907,64.847],[-120.957,64.785],[-120.951,64.686],[-120.883,64.581],[-120.796,64.513],[-120.635,64.463],[-120.374,64.351],[-120.238,64.271],[-119.977,64.072],[-119.884,64.029],[-119.605,63.979],[-119.401,63.862],[-119.14,63.818],[-119.072,63.824]]]}},{"type":"Feature","properties":{"density":3},"geometry":{"type":"Polygon","coordinates":[[[-120.033,63.589],[-119.723,63.471],[-119.5,63.409],[-119.326,63.39],[-119.072,63.409],[-118.88,63.527],[-118.874,63.62],[-118.936,63.688],[-119.128,63.793],[-119.209,63.88],[-119.302,63.93],[-119.469,63.961],[-119.81,63.961],[-120.027,64.01],[-120.591,64.296],[-120.74,64.364],[-120.889,64.407],[-121.131,64.55],[-121.583,65.009],[-121.745,65.201],[-121.912,65.319],[-122.024,65.337],[-122.148,65.269],[-122.191,65.095],[-122.16,64.86],[-122.067,64.711],[-121.912,64.587],[-121.608,64.451],[-121.484,64.358],[-120.659,63.862],[-120.287,63.682],[-120.033,63.589]]]}},{"type":"Feature","properties":{"density":3},"geometry":{"type":"Polygon","coordinates":[[[-121.403,63.254],[-121.279,63.136],[-121.062,63.0],[-120.938,62.95],[-120.833,62.944],[-120.709,62.969],[-120.653,63.105],[-120.672,63.198],[-120.783,63.26],[-120.883,63.347],[-120.926,63.428],[-120.92,63.558],[-120.963,63.713],[-121.131,63.893],[-121.658,64.258],[-121.924,64.482],[-122.197,64.649],[-122.327,64.723],[-122.377,64.73],[-122.445,64.692],[-122.433,64.562],[-122.371,64.426],[-122.222,64.252],[-122.073,64.128],[-121.85,63.862],[-121.757,63.688],[-121.596,63.496],[-121.558,63.421],[-121.403,63.254]]]}},{"type":"Feature","properties":{"density":3},"geometry":{"type":"Polygon","coordinates":[[[-122.34,63.285],[-122.135,63.124],[-121.962,63.043],[-121.869,63.031],[-121.763,63.049],[-121.608,63.124],[-121.558,63.273],[-121.558,63.409],[-121.583,63.521],[-121.658,63.645],[-121.887,63.948],[-122.104,64.159],[-122.191,64.221],[-122.538,64.692],[-123.171,65.343],[-123.505,65.629],[-123.698,65.678],[-124.014,65.722],[-124.187,65.666],[-124.386,65.529],[-124.485,65.164],[-124.435,64.81],[-124.299,64.531],[-124.144,64.389],[-123.915,64.221],[-123.561,64.029],[-123.251,63.893],[-123.065,63.787],[-122.836,63.632],[-122.662,63.539],[-122.34,63.285]]]}},{"type":"Feature","properties":{"density":3},"geometry":{"type":"Polygon","coordinates":[[[-122.073,61.871],[-121.763,61.617],[-121.627,61.524],[-121.503,61.505],[-121.397,61.524],[-121.31,61.561],[-121.255,61.629],[-121.298,61.766],[-121.546,61.952],[-121.738,62.175],[-121.906,62.311],[-122.123,62.411],[-122.507,62.559],[-123.127,62.752],[-123.543,62.962],[-123.784,62.944],[-123.933,62.814],[-123.97,62.628],[-123.865,62.429],[-123.648,62.336],[-123.047,62.28],[-122.805,62.218],[-122.625,62.156],[-122.371,62.039],[-122.073,61.871]]]}},{"type":"Feature","properties":{"density":3},"geometry":{"type":"Polygon","coordinates":[[[-122.408,62.584],[-122.265,62.59],[-121.651,62.305],[-121.521,62.206],[-121.348,62.039],[-121.093,61.871],[-120.969,61.84],[-120.79,61.84],[-120.684,61.884],[-120.628,61.97],[-121.038,62.522],[-121.174,62.652],[-121.465,62.82],[-121.72,62.919],[-122.061,63.0],[-122.513,63.08],[-122.706,63.08],[-122.892,63.0],[-122.929,62.838],[-122.904,62.671],[-122.78,62.578],[-122.408,62.584]]]}},{"type":"Feature","properties":{"density":3},"geometry":{"type":"Polygon","coordinates":[[[-118.868,64.246],[-118.434,64.116],[-117.938,64.029],[-117.888,64.041],[-117.869,64.091],[-117.981,64.165],[-118.105,64.203],[-118.638,64.32],[-119.134,64.575],[-119.723,64.965],[-119.99,65.126],[-120.207,65.232],[-120.294,65.207],[-120.374,65.139],[-120.343,65.052],[-119.506,64.612],[-119.01,64.308],[-118.868,64.246]]]}},{"type":"Feature","properties":{"density":3},"geometry":{"type":"Polygon","coordinates":[[[-118.558,64.314],[-118.086,64.153],[-117.987,64.103],[-117.845,64.085],[-117.745,64.116],[-117.721,64.159],[-117.739,64.203],[-117.894,64.283],[-118.372,64.407],[-118.638,64.525],[-118.824,64.618],[-118.954,64.723],[-119.333,64.953],[-119.556,65.027],[-119.767,65.139],[-119.934,65.182],[-120.058,65.157],[-120.046,65.052],[-119.86,64.947],[-119.655,64.854],[-119.264,64.63],[-118.985,64.506],[-118.843,64.426],[-118.558,64.314]]]}},{"type":"Feature","properties":{"density":3},"geometry":{"type":"Polygon","coordinates":[[[-117.919,64.308],[-117.795,64.252],[-117.733,64.203],[-117.659,64.19],[-117.59,64.209],[-117.535,64.258],[-117.535,64.296],[-117.578,64.339],[-117.77,64.401],[-117.969,64.444],[-118.334,64.618],[-118.954,64.86],[-119.178,64.996],[-119.395,65.089],[-119.612,65.232],[-120.033,65.43],[-120.238,65.449],[-120.318,65.405],[-120.312,65.331],[-120.07,65.238],[-119.723,65.052],[-119.506,64.965],[-119.091,64.717],[-118.837,64.599],[-118.533,64.463],[-117.993,64.302],[-117.919,64.308]]]}},{"type":"Feature","properties":{"density":3},"geometry":{"type":"Polygon","coordinates":[[[-118.601,64.835],[-118.353,64.73],[-118.26,64.73],[-118.198,64.779],[-118.217,64.816],[-118.334,64.922],[-118.75,65.139],[-119.178,65.281],[-119.667,65.511],[-120.021,65.703],[-120.25,65.784],[-120.368,65.715],[-120.325,65.622],[-119.364,65.219],[-118.601,64.835]]]}},{"type":"Feature","properties":{"density":3},"geometry":{"type":"Polygon","coordinates":[[[-117.785,64.706],[-117.479,64.598],[-116.739,64.388],[-116.607,64.359],[-116.392,64.346],[-116.359,64.354],[-116.342,64.388],[-116.371,64.421],[-116.433,64.45],[-116.697,64.507],[-116.999,64.652],[-117.966,64.95],[-118.14,65.049],[-118.607,65.268],[-119.116,65.458],[-119.169,65.425],[-119.19,65.38],[-119.19,65.334],[-119.103,65.268],[-118.119,64.772],[-117.847,64.702],[-117.785,64.706]]]}},{"type":"Feature","properties":{"density":3},"geometry":{"type":"Polygon","coordinates":[[[-116.64,64.483],[-116.507,64.45],[-116.437,64.45],[-116.379,64.474],[-116.392,64.545],[-116.702,64.685],[-117.036,64.788],[-117.607,64.929],[-117.975,65.045],[-118.256,65.165],[-118.587,65.342],[-118.801,65.491],[-118.996,65.574],[-119.132,65.549],[-119.157,65.504],[-119.12,65.462],[-118.648,65.206],[-117.731,64.805],[-117.016,64.615],[-116.64,64.483]]]}},{"type":"Feature","properties":{"density":3},"geometry":{"type":"Polygon","coordinates":[[[-117.983,65.02],[-117.789,64.954],[-117.255,64.908],[-117.173,64.917],[-117.098,64.958],[-117.119,65.008],[-117.169,65.061],[-117.363,65.189],[-117.739,65.367],[-118.417,65.636],[-118.615,65.743],[-119.058,66.0],[-119.616,66.409],[-119.901,66.574],[-120.025,66.558],[-120.108,66.516],[-120.149,66.417],[-120.013,66.194],[-119.773,65.987],[-119.504,65.793],[-118.533,65.355],[-117.983,65.02]]]}},{"type":"Feature","properties":{"density":3},"geometry":{"type":"Polygon","coordinates":[[[-116.565,64.706],[-116.053,64.636],[-115.693,64.54],[-115.602,64.557],[-115.586,64.615],[-115.643,64.693],[-115.891,64.755],[-116.454,64.958],[-116.78,65.045],[-117.189,65.181],[-117.818,65.524],[-118.177,65.747],[-118.541,65.946],[-118.835,66.074],[-118.946,66.095],[-118.979,66.02],[-118.95,65.946],[-118.863,65.867],[-118.644,65.719],[-117.851,65.313],[-117.528,65.194],[-116.805,64.784],[-116.689,64.731],[-116.565,64.706]]]}},{"type":"Feature","properties":{"density":3},"geometry":{"type":"Polygon","coordinates":[[[-116.156,65.078],[-115.966,64.999],[-115.619,64.946],[-115.288,64.838],[-115.164,64.822],[-115.118,64.842],[-115.098,64.9],[-115.102,64.925],[-115.309,65.119],[-115.486,65.181],[-115.829,65.334],[-116.396,65.516],[-117.069,65.822],[-117.437,66.033],[-117.942,66.289],[-118.297,66.541],[-118.446,66.603],[-118.587,66.636],[-118.706,66.587],[-118.752,66.442],[-118.686,66.289],[-118.57,66.161],[-118.363,65.995],[-118.066,65.838],[-117.284,65.466],[-116.474,65.156],[-116.156,65.078]]]}},{"type":"Feature","properties":{"density":3},"geometry":{"type":"Polygon","coordinates":[[[-115.974,64.78],[-115.59,64.66],[-115.304,64.66],[-115.218,64.714],[-115.23,64.784],[-115.433,64.867],[-115.544,64.884],[-116.536,65.173],[-116.846,65.371],[-117.632,65.789],[-118.297,66.305],[-118.454,66.355],[-118.582,66.31],[-118.603,66.165],[-118.52,66.004],[-118.343,65.801],[-118.177,65.677],[-117.876,65.524],[-116.945,65.156],[-116.697,65.028],[-116.011,64.78],[-115.974,64.78]]]}},{"type":"Feature","properties":{"density":3},"geometry":{"type":"Polygon","coordinates":[[[-120.332,68.861],[-119.96,68.489],[-119.228,67.981],[-118.949,67.751],[-118.28,66.964],[-118.143,66.765],[-117.982,66.573],[-117.585,66.313],[-117.43,66.251],[-117.306,66.257],[-117.213,66.282],[-117.139,66.338],[-117.151,66.412],[-117.492,66.778],[-117.585,66.914],[-117.678,67.168],[-117.87,67.516],[-117.963,67.764],[-118.335,68.334],[-118.49,68.514],[-118.869,68.842],[-119.352,69.202],[-119.631,69.369],[-120.059,69.481],[-120.369,69.481],[-120.567,69.369],[-120.617,69.214],[-120.53,69.004],[-120.332,68.861]]]}},{"type":"Feature","properties":{"density":3},"geometry":{"type":"Polygon","coordinates":[[[-115.617,66.28],[-115.363,66.071],[-115.044,65.839],[-114.931,65.801],[-114.911,65.828],[-114.969,65.922],[-115.102,66.057],[-115.468,66.333],[-115.639,66.6],[-115.686,66.617],[-115.722,66.589],[-115.719,66.446],[-115.686,66.366],[-115.617,66.28]]]}},{"type":"Feature","properties":{"density":3},"geometry":{"type":"Polygon","coordinates":[[[-115.449,66.685],[-115.182,66.352],[-114.914,66.104],[-114.84,66.008],[-114.644,65.87],[-114.57,65.837],[-114.512,65.837],[-114.484,65.892],[-114.484,65.939],[-114.512,65.997],[-114.735,66.173],[-114.953,66.38],[-115.063,66.498],[-115.259,66.754],[-115.361,66.84],[-115.427,66.837],[-115.474,66.787],[-115.474,66.738],[-115.449,66.685]]]}},{"type":"Feature","properties":{"density":3},"geometry":{"type":"Polygon","coordinates":[[[-114.683,66.311],[-114.498,66.093],[-114.247,65.875],[-114.074,65.768],[-113.977,65.795],[-113.986,65.867],[-114.421,66.253],[-114.57,66.446],[-114.65,66.528],[-114.719,66.57],[-114.774,66.523],[-114.787,66.443],[-114.754,66.382],[-114.683,66.311]]]}},{"type":"Feature","properties":{"density":3},"geometry":{"type":"Polygon","coordinates":[[[-102.787,55.869],[-103.016,55.814],[-103.277,55.725],[-103.423,55.698],[-103.536,55.59],[-103.52,55.549],[-103.498,55.533],[-103.107,55.53],[-102.977,55.488],[-102.095,55.116],[-101.99,55.122],[-101.944,55.152],[-101.93,55.21],[-101.974,55.271],[-102.148,55.345],[-102.387,55.488],[-102.47,55.56],[-102.509,55.615],[-102.531,55.792],[-102.572,55.847],[-102.652,55.899],[-102.724,55.905],[-102.787,55.869]]]}},{"type":"Feature","properties":{"density":3},"geometry":{"type":"Polygon","coordinates":[[[-102.973,56.344],[-103.064,56.274],[-103.138,56.175],[-103.159,56.113],[-103.101,56.051],[-103.043,56.042],[-102.977,56.08],[-102.754,56.257],[-102.7,56.311],[-102.692,56.357],[-102.737,56.435],[-102.799,56.447],[-102.87,56.423],[-102.973,56.344]]]}},{"type":"Feature","properties":{"density":3},"geometry":{"type":"Polygon","coordinates":[[[-104.378,56.414],[-104.453,56.319],[-104.469,56.22],[-104.366,56.187],[-104.304,56.187],[-104.225,56.22],[-104.167,56.295],[-103.891,56.505],[-103.758,56.563],[-103.506,56.737],[-103.452,56.819],[-103.444,56.865],[-103.49,56.91],[-103.585,56.906],[-103.99,56.667],[-104.378,56.414]]]}},{"type":"Feature","properties":{"density":3},"geometry":{"type":"Polygon","coordinates":[[[-105.607,55.877],[-105.664,55.832],[-105.682,55.789],[-105.68,55.738],[-105.666,55.723],[-105.587,55.72],[-105.557,55.677],[-105.467,55.708],[-105.429,55.767],[-105.337,55.821],[-105.311,55.879],[-105.324,55.933],[-105.394,55.955],[-105.5,55.938],[-105.607,55.877]]]}},{"type":"Feature","properties":{"density":3},"geometry":{"type":"Polygon","coordinates":[[[-116.085,63.377],[-116.685,63.475],[-117.508,63.391],[-117.731,63.544],[-117.885,63.754],[-117.857,63.823],[-117.689,63.963],[-117.536,64.047],[-117.131,64.158],[-116.88,64.158],[-116.448,64.2],[-115.987,64.326],[-115.346,64.535],[-115.081,64.66],[-114.969,64.744],[-114.955,64.939],[-115.415,65.316],[-115.904,65.595],[-116.894,66.111],[-117.006,66.265],[-117.229,66.697],[-117.522,67.199],[-117.745,67.827],[-117.94,68.162],[-118.122,68.678],[-118.024,69.097],[-117.954,69.571],[-118.15,70.157],[-118.624,71.022],[-119.266,71.58],[-119.81,71.803],[-120.228,71.901],[-120.982,71.984],[-122.014,71.733],[-122.446,71.133],[-122.488,70.045],[-122.572,68.985],[-122.963,68.26],[-123.367,67.743],[-124.19,67.004],[-125.111,66.488],[-125.795,66.167],[-126.213,65.665],[-126.394,64.828],[-126.45,63.795],[-126.339,63.084],[-126.102,62.512],[-125.85,62.038],[-125.669,61.605],[-125.111,60.838],[-124.762,60.587],[-124.372,60.238],[-123.339,59.485],[-122.251,58.843],[-121.651,58.438],[-121.275,58.159],[-120.717,57.908],[-120.521,57.978],[-120.382,58.257],[-120.41,58.634],[-120.619,58.968],[-120.884,59.582],[-120.842,60.154],[-120.619,60.698],[-120.312,60.88],[-119.754,60.949],[-119.001,60.949],[-118.498,60.991],[-118.15,60.991],[-117.438,61.047],[-117.048,61.103],[-116.755,61.326],[-116.629,61.605],[-116.81,62.01],[-117.187,62.247],[-117.41,62.428],[-117.452,62.707],[-117.285,62.819],[-116.462,62.777],[-116.21,62.875],[-116.057,62.972],[-115.959,63.084],[-115.945,63.182],[-115.987,63.279],[-116.085,63.377]]]}},{"type":"Feature","properties":{"density":3},"geometry":{"type":"Polygon","coordinates":[[[-123.116,53.355],[-123.331,53.396],[-123.583,53.47],[-124.037,53.483],[-124.099,53.479],[-124.141,53.454],[-124.141,53.396],[-124.095,53.371],[-123.744,53.342],[-123.517,53.297],[-123.434,53.301],[-123.029,53.21],[-122.979,53.264],[-122.996,53.305],[-123.116,53.355]]]}},{"type":"Feature","properties":{"density":3},"geometry":{"type":"Polygon","coordinates":[[[-122.959,53.094],[-123.273,53.239],[-123.388,53.255],[-123.694,53.247],[-124.042,53.214],[-124.071,53.185],[-124.05,53.131],[-123.988,53.094],[-123.55,53.148],[-123.347,53.111],[-123.128,52.995],[-123.05,52.97],[-122.93,52.983],[-122.888,53.028],[-122.921,53.086],[-122.959,53.094]]]}},{"type":"Feature","properties":{"density":3},"geometry":{"type":"Polygon","coordinates":[[[-124.397,52.838],[-124.562,52.97],[-124.674,52.995],[-124.773,52.987],[-124.996,52.908],[-125.129,52.904],[-125.43,52.983],[-125.554,52.97],[-125.691,52.863],[-125.666,52.718],[-125.546,52.631],[-125.269,52.54],[-125.108,52.59],[-124.926,52.672],[-124.831,52.681],[-124.562,52.656],[-124.385,52.66],[-124.319,52.685],[-124.285,52.726],[-124.331,52.805],[-124.397,52.838]]]}},{"type":"Feature","properties":{"density":3},"geometry":{"type":"Polygon","coordinates":[[[-122.203,51.671],[-122.538,51.596],[-122.881,51.418],[-122.976,51.323],[-123.03,51.162],[-123.018,51.001],[-122.914,50.91],[-122.774,50.877],[-122.612,50.885],[-122.468,50.943],[-122.344,51.026],[-122.216,51.08],[-122.133,51.08],[-121.947,50.927],[-121.823,50.873],[-121.637,50.902],[-121.368,51.071],[-121.062,51.195],[-120.707,51.41],[-120.298,51.621],[-120.17,51.72],[-120.041,51.927],[-120.074,52.096],[-120.442,52.138],[-120.81,52.076],[-121.224,51.906],[-121.782,51.807],[-122.203,51.671]]]}},{"type":"Feature","properties":{"density":3},"geometry":{"type":"Polygon","coordinates":[[[-120.629,49.467],[-120.734,49.34],[-120.88,49.296],[-121.078,49.271],[-121.103,49.186],[-121.078,49.109],[-120.987,49.04],[-120.866,48.998],[-120.72,48.993],[-120.472,49.042],[-120.183,49.131],[-119.888,49.125],[-119.571,49.155],[-119.444,49.208],[-119.315,49.304],[-119.248,49.406],[-119.193,49.547],[-119.105,49.684],[-118.981,49.803],[-118.805,50.015],[-118.791,50.222],[-118.882,50.269],[-119.022,50.28],[-119.16,50.252],[-119.315,50.189],[-119.753,50.087],[-120.023,50.081],[-120.196,50.021],[-120.307,49.932],[-120.353,49.729],[-120.431,49.605],[-120.505,49.538],[-120.61,49.494],[-120.629,49.467]]]}},{"type":"Feature","properties":{"density":3},"geometry":{"type":"Polygon","coordinates":[[[-120.528,47.872],[-120.602,47.909],[-120.664,47.984],[-120.689,48.046],[-120.794,48.089],[-120.918,48.095],[-121.005,48.008],[-120.999,47.872],[-120.937,47.705],[-120.813,47.581],[-120.596,47.531],[-120.453,47.519],[-120.292,47.599],[-120.063,47.525],[-120.007,47.45],[-120.001,47.376],[-119.889,47.264],[-119.269,47.14],[-118.878,47.122],[-118.668,47.146],[-118.432,47.227],[-118.159,47.438],[-118.06,47.531],[-118.004,47.643],[-117.992,47.791],[-117.924,47.94],[-117.948,48.126],[-117.986,48.139],[-118.252,47.909],[-118.562,47.804],[-119.108,47.853],[-119.641,47.878],[-119.765,47.946],[-119.771,48.176],[-119.802,48.25],[-120.057,48.269],[-120.224,48.188],[-120.305,48.12],[-120.373,47.984],[-120.484,47.878],[-120.528,47.872]]]}},{"type":"Feature","properties":{"density":3},"geometry":{"type":"Polygon","coordinates":[[[-119.098,48.386],[-119.244,48.345],[-119.354,48.295],[-119.417,48.232],[-119.373,48.119],[-119.31,48.072],[-119.064,48.063],[-118.998,48.041],[-118.899,48.052],[-118.819,48.105],[-118.778,48.212],[-118.811,48.303],[-119.007,48.391],[-119.073,48.4],[-119.098,48.386]]]}},{"type":"Feature","properties":{"density":3},"geometry":{"type":"Polygon","coordinates":[[[-122.245,50.551],[-122.32,50.493],[-122.46,50.436],[-122.535,50.382],[-122.568,50.25],[-122.514,50.163],[-122.373,50.159],[-122.196,50.225],[-122.084,50.245],[-121.72,50.258],[-121.658,50.283],[-121.596,50.353],[-121.563,50.444],[-121.609,50.518],[-121.77,50.56],[-122.047,50.597],[-122.171,50.58],[-122.245,50.551]]]}},{"type":"Feature","properties":{"density":3},"geometry":{"type":"Polygon","coordinates":[[[-120.405,45.198],[-120.516,44.946],[-120.607,44.839],[-120.657,44.735],[-120.669,44.665],[-120.653,44.583],[-120.587,44.516],[-120.401,44.5],[-120.297,44.545],[-120.206,44.74],[-120.136,44.847],[-120.053,44.926],[-119.934,45.136],[-119.884,45.384],[-119.876,45.657],[-119.921,45.785],[-120.033,45.876],[-120.087,45.885],[-120.14,45.872],[-120.177,45.835],[-120.227,45.74],[-120.26,45.719],[-120.322,45.715],[-120.669,45.868],[-120.773,45.926],[-120.888,46.017],[-120.992,46.046],[-121.335,46.083],[-121.438,45.984],[-121.38,45.818],[-121.24,45.711],[-120.789,45.632],[-120.657,45.587],[-120.479,45.484],[-120.405,45.417],[-120.363,45.339],[-120.368,45.277],[-120.405,45.198]]]}},{"type":"Feature","properties":{"density":3},"geometry":{"type":"Polygon","coordinates":[[[-118.415,45.614],[-118.154,45.606],[-118.026,45.684],[-117.997,45.746],[-117.985,46.007],[-117.923,46.151],[-117.84,46.292],[-117.819,46.379],[-117.832,46.49],[-117.865,46.585],[-117.952,46.635],[-118.009,46.647],[-118.125,46.635],[-118.237,46.581],[-118.328,46.49],[-118.361,46.333],[-118.373,46.172],[-118.456,45.949],[-118.51,45.725],[-118.464,45.614],[-118.415,45.614]]]}},{"type":"Feature","properties":{"density":3},"geometry":{"type":"Polygon","coordinates":[[[-106.798,62.873],[-106.607,62.848],[-106.517,62.877],[-106.5,62.91],[-106.57,62.981],[-106.645,63.01],[-107.988,63.233],[-108.691,63.328],[-110.6,63.406],[-111.27,63.493],[-112.217,63.539],[-112.308,63.51],[-112.341,63.477],[-112.337,63.398],[-112.246,63.307],[-111.915,63.229],[-111.58,63.171],[-110.977,63.158],[-110.625,63.109],[-109.013,62.96],[-106.855,62.857],[-106.798,62.873]]]}},{"type":"Feature","properties":{"density":3},"geometry":{"type":"Polygon","coordinates":[[[-106.355,62.646],[-106.016,62.617],[-105.979,62.633],[-105.959,62.662],[-105.992,62.704],[-106.058,62.737],[-106.322,62.766],[-106.992,62.881],[-108.848,62.96],[-110.634,63.125],[-111.146,63.146],[-111.208,63.109],[-111.212,63.026],[-111.171,62.96],[-111.01,62.923],[-107.447,62.667],[-106.421,62.633],[-106.355,62.646]]]}},{"type":"Feature","properties":{"density":3},"geometry":{"type":"Polygon","coordinates":[[[-112.597,62.404],[-112.506,62.392],[-112.415,62.338],[-112.419,62.297],[-112.444,62.259],[-112.523,62.23],[-112.688,62.239],[-113.006,62.263],[-113.18,62.305],[-113.539,62.263],[-113.688,62.21],[-113.957,62.177],[-114.052,62.185],[-114.093,62.243],[-114.04,62.317],[-113.949,62.371],[-113.672,62.433],[-113.254,62.454],[-112.597,62.404]]]}},{"type":"Feature","properties":{"density":3},"geometry":{"type":"Polygon","coordinates":[[[-113.072,63.065],[-112.675,63.032],[-112.58,63.049],[-112.523,63.082],[-112.432,63.169],[-112.427,63.239],[-112.456,63.293],[-112.535,63.355],[-112.94,63.557],[-113.068,63.603],[-113.233,63.619],[-113.51,63.619],[-114.093,63.731],[-114.221,63.743],[-114.391,63.752],[-115.073,63.673],[-115.573,63.57],[-115.97,63.59],[-116.119,63.574],[-116.255,63.594],[-116.305,63.553],[-116.329,63.462],[-116.305,63.346],[-116.21,63.28],[-116.065,63.235],[-114.651,63.16],[-114.242,63.173],[-113.717,63.156],[-113.072,63.065]]]}},{"type":"Feature","properties":{"density":3},"geometry":{"type":"Polygon","coordinates":[[[-111.745,63.458],[-111.53,63.446],[-111.46,63.487],[-111.468,63.524],[-111.522,63.566],[-112.196,63.723],[-113.577,63.834],[-114.213,63.904],[-114.585,63.925],[-115.032,63.995],[-115.23,64.041],[-115.395,64.053],[-115.557,64.033],[-115.59,63.979],[-115.59,63.925],[-115.532,63.851],[-115.391,63.793],[-115.048,63.743],[-113.833,63.723],[-113.101,63.628],[-112.928,63.628],[-112.514,63.557],[-111.745,63.458]]]}},{"type":"Feature","properties":{"density":3},"geometry":{"type":"Polygon","coordinates":[[[-111.778,63.623],[-111.671,63.59],[-111.601,63.615],[-111.609,63.661],[-111.663,63.718],[-111.989,63.871],[-112.39,63.954],[-113.308,64.107],[-113.825,64.111],[-114.362,64.181],[-114.908,64.318],[-115.28,64.347],[-115.35,64.305],[-115.371,64.223],[-115.329,64.136],[-115.205,64.074],[-114.891,64.008],[-112.481,63.764],[-112.113,63.718],[-111.853,63.661],[-111.778,63.623]]]}},{"type":"Feature","properties":{"density":3},"geometry":{"type":"Polygon","coordinates":[[[-113.958,64.777],[-113.499,64.632],[-113.375,64.566],[-113.235,64.529],[-113.189,64.537],[-113.156,64.566],[-113.152,64.599],[-113.247,64.67],[-113.718,64.864],[-114.008,65.013],[-114.467,65.215],[-115.318,65.653],[-115.607,65.753],[-115.773,65.748],[-115.793,65.67],[-115.76,65.624],[-115.297,65.372],[-114.553,65.05],[-114.359,64.934],[-113.958,64.777]]]}},{"type":"Feature","properties":{"density":3},"geometry":{"type":"Polygon","coordinates":[[[-117.1,62.974],[-116.98,63.02],[-116.72,63.045],[-116.629,63.045],[-116.278,62.987],[-116.178,63.02],[-116.125,63.094],[-116.125,63.198],[-116.187,63.284],[-116.348,63.367],[-116.534,63.413],[-116.902,63.466],[-117.237,63.561],[-117.881,63.69],[-118.133,63.718],[-118.423,63.661],[-118.605,63.648],[-118.725,63.677],[-118.836,63.677],[-118.948,63.656],[-119.018,63.619],[-119.109,63.516],[-119.126,63.227],[-118.973,63.049],[-118.828,62.97],[-118.497,62.958],[-118.038,63.008],[-117.79,63.016],[-117.547,63.065],[-117.451,63.065],[-117.361,63.036],[-117.29,62.987],[-117.17,62.958],[-117.1,62.974]]]}},{"type":"Feature","properties":{"density":3},"geometry":{"type":"Polygon","coordinates":[[[-117.261,64.57],[-116.881,64.463],[-116.633,64.347],[-116.567,64.33],[-116.406,64.314],[-116.315,64.363],[-116.311,64.429],[-116.331,64.491],[-116.716,64.715],[-117.162,64.934],[-117.361,65.107],[-117.65,65.248],[-117.819,65.314],[-118.047,65.368],[-118.336,65.463],[-118.795,65.661],[-118.894,65.661],[-119.006,65.591],[-119.022,65.467],[-118.935,65.38],[-118.824,65.314],[-118.452,65.215],[-118.229,65.124],[-117.662,64.777],[-117.46,64.632],[-117.311,64.574],[-117.261,64.57]]]}},{"type":"Feature","properties":{"density":3},"geometry":{"type":"Polygon","coordinates":[[[-117.095,61.981],[-116.835,61.777],[-116.723,61.665],[-116.736,61.566],[-116.94,61.448],[-117.163,61.423],[-118.107,61.713],[-118.4,61.839],[-119.084,62.355],[-119.419,62.494],[-119.726,62.466],[-119.781,62.229],[-119.698,61.852],[-119.502,61.727],[-118.875,61.406],[-117.968,61.169],[-117.284,60.96],[-117.005,60.681],[-117.005,60.346],[-117.507,60.039],[-118.414,59.997],[-119.335,60.332],[-120.088,60.443],[-120.744,60.43],[-121.135,60.499],[-122.237,61.099],[-122.906,61.294],[-123.716,61.671],[-123.967,61.894],[-124.399,62.327],[-124.79,62.899],[-124.943,63.387],[-125.055,63.973],[-125.055,64.531],[-124.985,64.95],[-124.985,65.34],[-124.818,65.675],[-124.371,65.926],[-123.967,66.066],[-123.576,66.414],[-123.367,66.805],[-122.837,67.698],[-122.669,68.047],[-122.655,69.093],[-122.544,70.097],[-122.627,70.53],[-122.251,70.892],[-121.958,71.032],[-121.567,71.255],[-120.772,71.576],[-120.27,71.757],[-119.684,71.925],[-118.763,71.953],[-117.452,71.925],[-116.67,71.618],[-116.071,70.976],[-115.959,70.195],[-116.126,69.637],[-116.698,69.204],[-116.977,69.051],[-117.173,68.786],[-117.312,68.256],[-117.382,67.823],[-117.354,67.628],[-117.201,67.07],[-116.894,66.624],[-116.419,66.317],[-116.015,65.814],[-115.61,65.563],[-115.22,65.173],[-115.024,64.936],[-115.136,64.615],[-115.429,64.447],[-116.112,64.643],[-116.609,64.855],[-116.841,64.995],[-116.911,64.995],[-116.936,64.979],[-116.915,64.929],[-116.853,64.871],[-116.411,64.582],[-116.308,64.388],[-116.324,64.309],[-116.419,64.28],[-116.535,64.28],[-116.738,64.338],[-117.399,64.574],[-117.548,64.69],[-118.147,65.086],[-118.354,65.148],[-118.424,65.115],[-118.403,65.012],[-118.226,64.834],[-117.969,64.677],[-117.556,64.355],[-117.531,64.235],[-117.626,64.094],[-117.767,63.987],[-117.938,63.923],[-118.007,63.867],[-118.05,63.718],[-118.013,63.65],[-117.907,63.613],[-116.977,63.569],[-116.271,63.383],[-116.128,63.21],[-116.128,63.086],[-116.271,62.931],[-116.587,62.788],[-117.387,62.757],[-117.907,62.813],[-117.926,62.801],[-117.852,62.646],[-117.653,62.497],[-117.213,62.05],[-117.095,61.981]]]}},{"type":"Feature","properties":{"density":3},"geometry":{"type":"Polygon","coordinates":[[[-115.156,65.909],[-115.057,65.821],[-114.944,65.798],[-114.913,65.812],[-114.902,65.851],[-114.919,65.903],[-115.01,65.997],[-115.104,66.126],[-115.33,66.352],[-115.586,66.719],[-115.726,67.025],[-115.765,67.165],[-115.944,67.449],[-116.016,67.466],[-116.131,67.424],[-116.167,67.295],[-116.126,67.096],[-116.079,66.956],[-115.883,66.543],[-115.578,66.234],[-115.244,65.956],[-115.156,65.909]]]}},{"type":"Feature","properties":{"density":3},"geometry":{"type":"Polygon","coordinates":[[[-115.026,66.08],[-114.712,65.845],[-114.619,65.818],[-114.522,65.829],[-114.434,65.873],[-114.442,65.942],[-114.5,66.016],[-114.608,66.091],[-114.74,66.223],[-115.148,66.724],[-115.341,67.085],[-115.393,67.223],[-115.5,67.424],[-115.624,67.51],[-115.762,67.493],[-115.831,67.386],[-115.828,67.163],[-115.759,66.967],[-115.657,66.771],[-115.503,66.57],[-115.026,66.08]]]}},{"type":"Feature","properties":{"density":3},"geometry":{"type":"Polygon","coordinates":[[[-115.029,66.526],[-114.687,66.176],[-114.404,65.95],[-114.161,65.807],[-114.065,65.782],[-113.971,65.787],[-113.954,65.889],[-114.015,65.989],[-114.547,66.454],[-114.676,66.595],[-114.798,66.738],[-114.916,66.934],[-115.032,67.174],[-115.167,67.369],[-115.283,67.402],[-115.368,67.284],[-115.236,66.887],[-115.029,66.526]]]}},{"type":"Feature","properties":{"density":3},"geometry":{"type":"Polygon","coordinates":[[[-120.779,58.163],[-120.851,58.13],[-120.853,58.073],[-120.594,58.04],[-120.239,57.893],[-120.124,57.896],[-120.089,57.941],[-120.076,58.01],[-120.12,58.078],[-120.193,58.117],[-120.447,58.17],[-120.779,58.163]]]}},{"type":"Feature","properties":{"density":3},"geometry":{"type":"Polygon","coordinates":[[[-128.337,55.089],[-128.387,55.056],[-128.395,55.002],[-128.374,54.952],[-128.312,54.932],[-128.259,54.944],[-128.135,55.027],[-127.825,55.006],[-127.725,55.101],[-127.606,55.147],[-127.527,55.126],[-127.477,55.085],[-127.411,55.072],[-127.291,55.097],[-127.11,55.209],[-127.064,55.262],[-127.064,55.333],[-127.134,55.382],[-127.403,55.424],[-127.54,55.498],[-127.725,55.519],[-127.821,55.473],[-128.002,55.296],[-128.337,55.089]]]}},{"type":"Feature","properties":{"density":3},"geometry":{"type":"Polygon","coordinates":[[[-125.278,52.834],[-125.39,52.793],[-125.452,52.743],[-125.444,52.652],[-125.369,52.594],[-124.844,52.636],[-124.539,52.677],[-124.319,52.681],[-124.105,52.66],[-123.716,52.842],[-123.406,52.913],[-123.257,52.97],[-123.162,52.979],[-122.563,53.235],[-122.472,53.285],[-122.278,53.446],[-122.22,53.475],[-122.191,53.59],[-122.294,53.677],[-122.501,53.657],[-122.666,53.611],[-122.86,53.595],[-123.964,53.553],[-124.076,53.533],[-124.175,53.495],[-124.278,53.355],[-124.324,53.26],[-124.406,53.161],[-124.654,52.995],[-124.919,52.937],[-125.278,52.834]]]}},{"type":"Feature","properties":{"density":3},"geometry":{"type":"Polygon","coordinates":[[[-120.938,52.156],[-121.281,52.222],[-121.389,52.226],[-122.058,52.156],[-122.153,52.123],[-122.178,52.082],[-122.145,51.966],[-122.083,51.904],[-122.017,51.867],[-121.914,51.859],[-121.661,51.916],[-121.517,51.929],[-121.219,51.925],[-121.099,51.9],[-120.884,51.887],[-120.599,51.962],[-120.529,51.999],[-120.492,52.053],[-120.479,52.127],[-120.525,52.189],[-120.628,52.21],[-120.938,52.156]]]}},{"type":"Feature","properties":{"density":3},"geometry":{"type":"Polygon","coordinates":[[[-119.785,51.445],[-120.161,51.433],[-120.496,51.375],[-120.979,51.317],[-121.182,51.267],[-121.554,51.222],[-121.678,51.185],[-121.918,51.073],[-121.967,50.99],[-121.926,50.912],[-121.827,50.887],[-121.694,50.887],[-121.157,51.032],[-119.913,51.123],[-119.785,51.156],[-119.624,51.243],[-119.603,51.317],[-119.628,51.391],[-119.719,51.445],[-119.785,51.445]]]}},{"type":"Feature","properties":{"density":3},"geometry":{"type":"Polygon","coordinates":[[[-121.128,51.363],[-120.735,51.458],[-120.611,51.507],[-120.434,51.615],[-120.318,51.701],[-120.264,51.813],[-120.26,51.999],[-120.347,52.053],[-120.438,52.057],[-120.549,52.02],[-120.702,51.916],[-121.074,51.739],[-121.632,51.722],[-122.277,51.569],[-122.55,51.528],[-122.686,51.491],[-123.034,51.267],[-123.075,51.193],[-123.025,51.024],[-122.881,50.945],[-122.732,50.928],[-121.827,51.073],[-121.674,51.119],[-121.393,51.259],[-121.128,51.363]]]}},{"type":"Feature","properties":{"density":3},"geometry":{"type":"Polygon","coordinates":[[[-122.269,50.511],[-122.567,50.408],[-122.802,50.37],[-122.856,50.296],[-122.744,50.205],[-122.604,50.168],[-122.319,50.172],[-121.327,50.329],[-121.107,50.408],[-120.616,50.66],[-120.326,50.751],[-120.206,50.804],[-120.14,50.904],[-120.215,50.962],[-120.397,50.97],[-120.727,50.887],[-121.314,50.821],[-121.926,50.73],[-122.141,50.635],[-122.269,50.511]]]}},{"type":"Feature","properties":{"density":3},"geometry":{"type":"Polygon","coordinates":[[[-121.666,50.019],[-121.632,49.883],[-121.57,49.8],[-121.459,49.755],[-121.26,49.763],[-121.095,49.829],[-120.876,49.953],[-120.727,49.998],[-120.211,50.085],[-119.996,50.205],[-119.872,50.308],[-119.764,50.424],[-119.462,50.627],[-118.904,50.821],[-118.83,50.9],[-118.78,51.003],[-118.851,51.127],[-119.008,51.156],[-119.268,51.073],[-119.595,50.895],[-120.02,50.742],[-120.624,50.569],[-121.099,50.383],[-121.306,50.284],[-121.492,50.234],[-121.649,50.16],[-121.67,50.073],[-121.666,50.019]]]}},{"type":"Feature","properties":{"density":3},"geometry":{"type":"Polygon","coordinates":[[[-121.108,48.08],[-120.953,47.702],[-120.823,47.571],[-120.693,47.503],[-120.573,47.569],[-120.478,47.573],[-120.18,47.726],[-119.965,47.739],[-119.759,47.726],[-119.49,47.681],[-119.225,47.615],[-118.973,47.453],[-118.891,47.383],[-118.746,47.305],[-118.589,47.28],[-118.316,47.35],[-118.122,47.42],[-117.456,47.689],[-117.312,47.776],[-117.167,47.892],[-117.121,47.995],[-117.171,48.169],[-117.262,48.21],[-117.431,48.226],[-117.923,48.078],[-118.142,48.028],[-118.308,48.02],[-118.523,48.049],[-118.618,48.102],[-118.684,48.185],[-118.663,48.226],[-118.357,48.45],[-118.295,48.524],[-118.366,48.685],[-118.576,48.793],[-118.8,48.809],[-119.023,48.768],[-119.221,48.694],[-119.411,48.611],[-119.544,48.52],[-119.693,48.474],[-120.271,48.421],[-120.482,48.425],[-120.755,48.495],[-120.916,48.508],[-121.048,48.417],[-121.086,48.342],[-121.123,48.119],[-121.108,48.08]]]}},{"type":"Feature","properties":{"density":3},"geometry":{"type":"Polygon","coordinates":[[[-119.699,52.621],[-119.94,52.472],[-120.337,52.398],[-120.61,52.373],[-120.889,52.379],[-121.602,52.429],[-121.856,52.379],[-122.433,52.212],[-122.731,52.063],[-122.861,51.951],[-123.034,51.579],[-123.115,51.344],[-123.121,51.114],[-123.041,50.972],[-122.848,50.86],[-122.817,50.649],[-122.886,50.445],[-122.935,50.234],[-122.836,49.949],[-122.526,49.831],[-122.396,49.825],[-122.235,49.843],[-121.987,49.911],[-121.503,49.75],[-121.267,49.744],[-121.044,49.781],[-120.877,49.849],[-120.771,49.918],[-120.573,49.998],[-120.405,50.017],[-120.219,50.011],[-120.046,49.936],[-119.922,49.75],[-119.94,49.651],[-120.071,49.583],[-120.244,49.57],[-120.449,49.583],[-120.908,49.502],[-121.174,49.316],[-121.311,49.136],[-121.367,48.969],[-121.286,48.709],[-121.181,48.473],[-121.137,48.306],[-121.088,48.064],[-121.044,47.611],[-120.97,47.5],[-120.84,47.4],[-120.691,47.351],[-120.325,47.382],[-120.151,47.469],[-119.978,47.599],[-119.835,47.679],[-119.705,47.71],[-119.482,47.71],[-119.308,47.661],[-119.165,47.599],[-118.998,47.5],[-118.88,47.388],[-118.7,47.252],[-118.514,47.208],[-118.304,47.214],[-118.124,47.245],[-117.925,47.258],[-117.789,47.326],[-117.721,47.295],[-117.677,47.134],[-117.671,47.003],[-117.845,46.718],[-118.353,45.987],[-118.378,45.745],[-118.378,45.565],[-118.369,45.581],[-118.294,45.385],[-118.108,45.329],[-117.894,45.432],[-117.783,45.692],[-117.597,45.878],[-117.355,46.064],[-117.16,46.306],[-116.978,46.397],[-116.834,46.411],[-116.567,46.383],[-116.399,46.428],[-116.236,46.552],[-116.104,46.607],[-115.933,46.629],[-115.812,46.71],[-114.981,46.648],[-114.541,46.636],[-114.231,46.772],[-114.138,46.946],[-114.138,47.169],[-114.305,47.33],[-114.504,47.429],[-114.659,47.466],[-114.938,47.615],[-115.0,47.677],[-115.025,47.752],[-114.994,47.882],[-114.925,47.975],[-114.882,48.111],[-115.037,48.21],[-115.434,48.353],[-115.614,48.396],[-115.93,48.558],[-116.06,48.651],[-116.147,48.849],[-116.085,49.017],[-115.93,49.165],[-115.669,49.364],[-115.496,49.463],[-115.297,49.531],[-114.679,49.6],[-114.559,49.679],[-114.46,49.712],[-114.299,49.815],[-114.146,49.881],[-113.831,49.923],[-113.242,49.614],[-112.852,49.433],[-112.503,49.14],[-112.224,48.763],[-111.806,48.387],[-111.261,48.038],[-110.662,47.926],[-109.88,47.689],[-109.169,47.452],[-108.471,47.34],[-106.783,47.033],[-106.03,47.006],[-105.542,47.145],[-104.533,47.898],[-104.207,48.466],[-104.04,48.801],[-103.575,49.219],[-103.37,49.312],[-102.252,49.412],[-101.247,49.286],[-100.452,49.37],[-99.217,49.872],[-98.904,50.082],[-98.652,50.458],[-98.443,51.023],[-98.422,51.4],[-98.757,51.923],[-99.28,52.404],[-99.782,53.137],[-100.619,54.099],[-100.829,54.518],[-101.749,55.815],[-102.356,56.276],[-102.712,56.506],[-103.256,56.673],[-104.47,56.966],[-105.516,57.259],[-106.165,57.385],[-106.709,57.594],[-107.358,57.782],[-108.048,57.866],[-108.739,57.699],[-109.429,57.196],[-110.434,56.025],[-111.564,54.811],[-112.192,54.581],[-113.238,54.497],[-114.2,54.288],[-115.414,54.058],[-116.084,53.995],[-116.942,53.89],[-118.909,53.786],[-119.202,53.66],[-119.516,53.409],[-119.578,52.99],[-119.62,52.823],[-119.699,52.621]]]}},{"type":"Feature","properties":{"density":3},"geometry":{"type":"Polygon","coordinates":[[[-118.951,46.737],[-119.242,46.656],[-119.534,46.538],[-119.8,46.328],[-119.961,46.266],[-120.123,46.247],[-120.302,46.29],[-120.488,46.383],[-120.854,46.526],[-120.96,46.507],[-121.09,46.408],[-121.077,46.284],[-121.015,46.179],[-120.922,46.092],[-120.798,46.011],[-120.693,45.956],[-120.588,45.931],[-120.321,45.943],[-120.191,45.838],[-120.178,45.72],[-120.321,45.342],[-120.557,45.057],[-120.749,44.747],[-120.724,44.579],[-120.662,44.455],[-120.346,44.424],[-120.054,44.474],[-119.85,44.592],[-119.763,44.678],[-119.645,44.728],[-119.534,44.84],[-119.478,45.069],[-119.329,45.354],[-119.248,45.46],[-118.951,45.658],[-118.852,45.838],[-118.82,45.993],[-118.814,46.16],[-118.771,46.278],[-118.653,46.433],[-118.622,46.545],[-118.641,46.669],[-118.715,46.712],[-118.87,46.749],[-118.951,46.737]]]}},{"type":"Feature","properties":{"density":3},"geometry":{"type":"Polygon","coordinates":[[[-117.574,47.003],[-117.692,46.774],[-117.773,46.545],[-117.878,46.328],[-118.045,46.061],[-118.126,45.962],[-118.349,45.807],[-118.424,45.67],[-118.405,45.559],[-118.207,45.509],[-118.095,45.565],[-117.965,45.602],[-117.785,45.714],[-117.642,46.098],[-117.481,46.34],[-117.376,46.625],[-117.035,46.929],[-116.954,47.053],[-116.911,47.239],[-116.96,47.4],[-117.066,47.487],[-117.165,47.506],[-117.283,47.481],[-117.413,47.338],[-117.463,47.202],[-117.574,47.003]]]}},{"type":"Feature","properties":{"density":3},"geometry":{"type":"Polygon","coordinates":[[[-121.459,44.601],[-121.641,44.419],[-121.653,44.287],[-121.488,44.08],[-121.153,43.89],[-121.07,43.89],[-120.768,43.94],[-120.421,44.088],[-120.372,44.179],[-120.405,44.312],[-120.558,44.394],[-120.905,44.452],[-121.26,44.617],[-121.343,44.63],[-121.459,44.601]]]}},{"type":"Feature","properties":{"density":3},"geometry":{"type":"Polygon","coordinates":[[[-120.012,44.287],[-120.053,44.059],[-120.02,43.985],[-119.933,43.96],[-119.859,43.973],[-119.814,44.018],[-119.785,44.08],[-119.776,44.159],[-119.623,44.427],[-119.648,44.543],[-119.71,44.601],[-119.797,44.597],[-119.913,44.543],[-120.012,44.444],[-120.012,44.287]]]}},{"type":"Feature","properties":{"density":3},"geometry":{"type":"Polygon","coordinates":[[[-118.693,43.679],[-118.714,43.547],[-118.797,43.41],[-118.904,43.311],[-118.937,43.233],[-118.879,43.088],[-118.846,43.059],[-118.772,43.071],[-118.693,43.113],[-118.64,43.212],[-118.516,43.559],[-118.503,43.638],[-118.545,43.749],[-118.615,43.77],[-118.66,43.754],[-118.693,43.679]]]}},{"type":"Feature","properties":{"density":3},"geometry":{"type":"Polygon","coordinates":[[[-120.31,37.514],[-120.42,37.569],[-120.456,37.553],[-120.456,37.536],[-120.343,37.415],[-120.169,37.291],[-120.004,37.222],[-119.927,37.219],[-119.907,37.233],[-119.907,37.285],[-119.929,37.327],[-120.119,37.393],[-120.31,37.514]]]}},{"type":"Feature","properties":{"density":3},"geometry":{"type":"Polygon","coordinates":[[[-116.038,31.106],[-115.95,31.103],[-115.671,31.138],[-115.639,31.154],[-115.632,31.217],[-115.691,31.244],[-115.955,31.226],[-116.13,31.27],[-116.299,31.263],[-116.354,31.252],[-116.464,31.176],[-116.483,31.114],[-116.477,31.053],[-116.426,31.027],[-116.299,31.031],[-116.154,31.088],[-116.038,31.106]]]}}]}