{"type":"FeatureCollection","features":[{"type":"Feature","properties":{"density":1},"geometry":{"type":"Polygon","coordinates":[[[-81.059,28.827],[-81.035,29.089],[-80.951,29.512],[-80.858,29.681],[-80.789,29.755],[-80.726,29.787],[-80.699,29.781],[-80.644,29.734],[-80.615,29.66],[-80.673,29.459],[-80.76,29.282],[-81.003,28.867],[-81.032,28.782],[-81.062,28.793],[-81.062,28.814],[-81.059,28.827]]]}},{"type":"Feature","properties":{"density":1},"geometry":{"type":"Polygon","coordinates":[[[-110.893,33.137],[-110.88,33.178],[-110.833,33.23],[-110.761,33.282],[-110.67,33.312],[-110.633,33.295],[-110.622,33.268],[-110.637,33.229],[-110.737,33.156],[-110.826,33.124],[-110.869,33.116],[-110.888,33.127],[-110.893,33.137]]]}},{"type":"Feature","properties":{"density":1},"geometry":{"type":"Polygon","coordinates":[[[-111.849,34.934],[-111.879,34.952],[-111.899,34.994],[-111.905,35.052],[-111.863,35.222],[-111.707,35.432],[-111.424,35.877],[-111.09,36.292],[-110.796,36.5],[-110.604,36.515],[-110.492,36.484],[-110.32,36.348],[-110.28,36.186],[-110.32,35.923],[-110.421,35.781],[-110.583,35.649],[-111.029,35.366],[-111.449,35.062],[-111.56,34.961],[-111.697,34.9],[-111.798,34.91],[-111.849,34.934]]]}},{"type":"Feature","properties":{"density":1},"geometry":{"type":"Polygon","coordinates":[[[-112.601,38.166],[-112.677,38.409],[-112.707,38.986],[-112.548,39.806],[-112.48,39.996],[-112.214,40.475],[-111.88,40.778],[-111.257,41.439],[-109.829,42.434],[-109.131,42.996],[-108.812,43.3],[-108.227,44.082],[-108.022,44.469],[-107.908,44.856],[-107.878,45.517],[-107.779,46.117],[-107.415,47.134],[-107.225,47.507],[-106.913,47.879],[-106.648,48.046],[-106.192,48.144],[-105.797,48.053],[-105.03,47.75],[-104.757,47.507],[-104.468,46.998],[-104.354,46.656],[-104.286,46.383],[-104.294,45.866],[-104.407,45.464],[-104.514,45.152],[-104.749,44.613],[-104.916,43.877],[-105.083,43.459],[-105.25,43.133],[-105.44,42.829],[-105.972,41.895],[-106.686,41.196],[-108.432,40.103],[-110.984,38.721],[-111.781,38.364],[-112.199,38.151],[-112.404,38.075],[-112.495,38.098],[-112.601,38.166]]]}},{"type":"Feature","properties":{"density":1},"geometry":{"type":"Polygon","coordinates":[[[-130.175,69.19],[-125.062,69.459],[-120.872,69.459],[-117.912,68.69],[-115.374,68.075],[-113.106,67.575],[-110.492,67.46],[-108.301,67.998],[-105.802,68.267],[-103.111,68.46],[-101.073,68.498],[-96.614,68.037],[-94.538,68.037],[-91.616,68.075],[-89.31,67.806],[-87.887,67.422],[-85.927,66.806],[-83.582,65.615],[-82.467,64.961],[-81.352,63.962],[-78.392,62.001],[-75.624,61.424],[-73.317,60.732],[-71.28,59.733],[-69.319,58.272],[-67.935,56.657],[-67.205,54.697],[-67.051,53.428],[-67.051,51.506],[-67.012,49.968],[-68.05,47.662],[-69.55,45.855],[-71.472,44.548],[-73.202,44.048],[-75.086,43.548],[-78.238,42.972],[-81.621,42.587],[-85.542,42.51],[-87.003,42.741],[-88.425,43.433],[-89.617,44.086],[-90.425,44.778],[-91.424,45.893],[-91.924,48.046],[-92.424,49.469],[-93.5,50.468],[-95.537,50.968],[-96.114,51.198],[-101.073,53.005],[-102.419,53.89],[-105.148,55.081],[-108.224,56.158],[-111.607,56.811],[-115.22,57.849],[-117.912,58.272],[-119.565,58.426],[-122.217,58.426],[-124.024,58.656],[-125.908,59.31],[-126.753,60.079],[-127.522,60.848],[-128.829,61.963],[-129.598,62.578],[-130.213,63.808],[-131.367,64.884],[-132.751,65.576],[-133.904,65.999],[-134.558,66.768],[-134.673,67.537],[-134.673,67.998],[-134.327,68.498],[-133.904,68.882],[-133.289,69.075],[-132.674,69.075],[-130.828,69.228],[-130.175,69.19]]]}},{"type":"Feature","properties":{"density":1},"geometry":{"type":"Polygon","coordinates":[[[-101.882,32.21],[-101.036,32.902],[-99.114,33.594],[-97.923,33.478],[-96.885,33.171],[-95.501,32.056],[-95.078,30.903],[-95.27,29.749],[-95.924,28.211],[-96.731,26.981],[-97.115,25.597],[-97.154,24.482],[-97.115,23.291],[-96.654,22.291],[-96.231,21.061],[-95.501,20.446],[-94.463,19.024],[-94.155,17.909],[-94.463,16.64],[-94.847,15.602],[-97.269,14.064],[-99.576,13.641],[-101.959,14.064],[-103.881,14.91],[-105.573,15.756],[-107.38,17.447],[-108.187,18.831],[-109.11,20.984],[-109.34,22.061],[-108.648,24.213],[-108.033,25.52],[-106.726,26.674],[-105.035,28.058],[-104.189,28.98],[-102.497,30.826],[-102.036,32.056],[-101.882,32.21]]]}},{"type":"Feature","properties":{"density":1},"geometry":{"type":"Polygon","coordinates":[[[-86.553,31.22],[-83.747,32.834],[-81.478,34.526],[-80.018,35.256],[-78.057,35.295],[-77.365,35.141],[-76.788,34.603],[-76.596,34.141],[-76.711,33.526],[-78.211,32.142],[-78.787,31.681],[-79.326,30.874],[-79.71,30.105],[-80.056,29.182],[-81.017,27.99],[-81.863,27.683],[-82.862,27.76],[-83.785,28.106],[-84.362,28.375],[-85.938,28.875],[-87.283,28.952],[-88.783,28.913],[-89.628,28.759],[-90.436,29.028],[-90.935,29.451],[-91.012,30.22],[-90.743,30.643],[-89.398,31.104],[-87.937,31.143],[-86.976,31.143],[-86.553,31.22]]]}},{"type":"Feature","properties":{"density":1},"geometry":{"type":"Polygon","coordinates":[[[-71.583,18.288],[-71.725,18.318],[-72.327,18.121],[-72.955,18.014],[-73.087,17.943],[-73.33,17.746],[-73.39,17.65],[-73.38,17.457],[-73.284,17.336],[-73.036,17.295],[-72.727,17.361],[-72.18,17.523],[-71.927,17.746],[-71.639,17.918],[-71.517,18.111],[-71.477,18.212],[-71.522,18.262],[-71.583,18.288]]]}},{"type":"Feature","properties":{"density":1},"geometry":{"type":"Polygon","coordinates":[[[-71.171,55.178],[-71.053,55.151],[-70.881,55.053],[-70.423,54.598],[-70.337,54.46],[-70.292,54.29],[-70.301,54.207],[-70.346,54.161],[-70.442,54.138],[-70.513,54.144],[-70.658,54.203],[-70.714,54.258],[-70.837,54.526],[-70.912,54.652],[-71.112,54.872],[-71.246,55.082],[-71.252,55.115],[-71.235,55.163],[-71.187,55.182],[-71.171,55.178]]]}},{"type":"Feature","properties":{"density":1},"geometry":{"type":"Polygon","coordinates":[[[-69.121,53.145],[-69.006,53.096],[-68.834,52.84],[-68.761,52.758],[-68.513,52.562],[-68.468,52.51],[-68.441,52.468],[-68.42,52.358],[-68.429,52.304],[-68.471,52.222],[-68.581,52.174],[-68.634,52.181],[-68.745,52.24],[-68.784,52.292],[-69.176,52.878],[-69.217,52.97],[-69.227,53.044],[-69.21,53.107],[-69.175,53.14],[-69.133,53.147],[-69.121,53.145]]]}},{"type":"Feature","properties":{"density":1},"geometry":{"type":"Polygon","coordinates":[[[-61.659,55.456],[-61.488,55.46],[-61.104,55.353],[-60.847,55.193],[-60.788,55.127],[-60.779,55.04],[-60.881,55.019],[-61.094,55.085],[-61.583,55.355],[-61.674,55.42],[-61.665,55.454],[-61.659,55.456]]]}},{"type":"Feature","properties":{"density":1},"geometry":{"type":"Polygon","coordinates":[[[-65.693,53.556],[-65.055,53.405],[-64.896,53.345],[-64.419,53.218],[-64.188,53.126],[-64.127,53.084],[-64.075,53.004],[-64.067,52.821],[-64.116,52.75],[-64.169,52.716],[-64.258,52.697],[-64.43,52.701],[-64.815,52.771],[-64.991,52.827],[-65.198,52.92],[-65.346,52.992],[-65.623,53.189],[-65.76,53.377],[-65.789,53.453],[-65.776,53.523],[-65.704,53.558],[-65.693,53.556]]]}},{"type":"Feature","properties":{"density":1},"geometry":{"type":"Polygon","coordinates":[[[-68.82,57.253],[-68.756,57.286],[-68.577,57.29],[-68.477,57.249],[-68.446,57.202],[-68.471,57.169],[-68.552,57.173],[-68.805,57.218],[-68.823,57.247],[-68.82,57.253]]]}},{"type":"Feature","properties":{"density":1},"geometry":{"type":"Polygon","coordinates":[[[-76.538,54.805],[-76.404,54.833],[-76.295,54.821],[-76.145,54.705],[-76.135,54.624],[-76.154,54.584],[-76.207,54.55],[-76.328,54.584],[-76.471,54.711],[-76.572,54.747],[-76.573,54.773],[-76.551,54.801],[-76.538,54.805]]]}},{"type":"Feature","properties":{"density":1},"geometry":{"type":"Polygon","coordinates":[[[-88.995,53.56],[-89.051,53.63],[-89.073,53.747],[-89.013,53.88],[-88.874,53.995],[-88.633,54.124],[-88.267,54.248],[-87.884,54.346],[-87.812,54.35],[-87.778,54.317],[-87.766,54.277],[-87.843,54.205],[-88.019,54.136],[-88.182,54.047],[-88.327,53.989],[-88.516,53.879],[-88.704,53.798],[-88.817,53.698],[-88.899,53.566],[-88.938,53.545],[-88.991,53.556],[-88.995,53.56]]]}},{"type":"Feature","properties":{"density":1},"geometry":{"type":"Polygon","coordinates":[[[-88.516,54.787],[-88.517,55.014],[-88.492,55.142],[-88.437,55.271],[-88.281,55.365],[-88.203,55.353],[-88.143,55.282],[-88.132,55.175],[-88.147,55.129],[-88.41,54.8],[-88.479,54.752],[-88.512,54.774],[-88.516,54.787]]]}},{"type":"Feature","properties":{"density":1},"geometry":{"type":"Polygon","coordinates":[[[-89.669,55.306],[-89.796,55.533],[-89.795,55.557],[-89.769,55.575],[-89.708,55.581],[-89.661,55.565],[-89.548,55.488],[-89.515,55.432],[-89.52,55.375],[-89.555,55.324],[-89.602,55.292],[-89.664,55.301],[-89.669,55.306]]]}},{"type":"Feature","properties":{"density":1},"geometry":{"type":"Polygon","coordinates":[[[-89.266,52.811],[-89.293,52.948],[-89.28,53.01],[-89.239,53.089],[-89.176,53.107],[-89.144,53.085],[-89.14,53.05],[-89.169,52.901],[-89.212,52.819],[-89.262,52.804],[-89.266,52.811]]]}},{"type":"Feature","properties":{"density":1},"geometry":{"type":"Polygon","coordinates":[[[-94.664,57.968],[-94.82,58.029],[-95.094,58.202],[-95.132,58.289],[-95.112,58.318],[-95.037,58.341],[-94.982,58.333],[-94.781,58.244],[-94.651,58.158],[-94.589,58.082],[-94.577,58.004],[-94.609,57.968],[-94.654,57.96],[-94.664,57.968]]]}},{"type":"Feature","properties":{"density":1},"geometry":{"type":"Polygon","coordinates":[[[-97.577,57.169],[-97.662,57.263],[-97.677,57.291],[-97.666,57.317],[-97.613,57.321],[-97.551,57.276],[-97.521,57.224],[-97.519,57.177],[-97.57,57.165],[-97.577,57.169]]]}},{"type":"Feature","properties":{"density":1},"geometry":{"type":"Polygon","coordinates":[[[-97.358,56.782],[-97.38,56.796],[-97.412,56.87],[-97.408,56.993],[-97.327,57.099],[-97.228,57.123],[-97.206,57.112],[-97.198,57.054],[-97.232,56.881],[-97.3,56.796],[-97.344,56.777],[-97.358,56.782]]]}},{"type":"Feature","properties":{"density":1},"geometry":{"type":"Polygon","coordinates":[[[-97.52,56.879],[-97.536,57.006],[-97.49,57.076],[-97.433,57.088],[-97.415,57.03],[-97.452,56.889],[-97.482,56.868],[-97.519,56.873],[-97.52,56.879]]]}},{"type":"Feature","properties":{"density":1},"geometry":{"type":"Polygon","coordinates":[[[-96.99,58.255],[-97.092,58.294],[-97.191,58.405],[-97.211,58.469],[-97.176,58.615],[-96.985,58.739],[-96.753,58.92],[-96.701,58.949],[-96.657,58.953],[-96.605,58.898],[-96.62,58.779],[-96.692,58.56],[-96.817,58.362],[-96.875,58.299],[-96.917,58.269],[-96.982,58.252],[-96.99,58.255]]]}},{"type":"Feature","properties":{"density":1},"geometry":{"type":"Polygon","coordinates":[[[-97.662,59.113],[-97.645,59.208],[-97.612,59.267],[-97.457,59.446],[-97.329,59.546],[-97.182,59.626],[-97.131,59.639],[-97.067,59.613],[-97.064,59.531],[-97.109,59.425],[-97.185,59.29],[-97.307,59.162],[-97.588,58.966],[-97.628,58.995],[-97.663,59.104],[-97.662,59.113]]]}},{"type":"Feature","properties":{"density":1},"geometry":{"type":"Polygon","coordinates":[[[-98.852,55.38],[-99.027,55.401],[-99.201,55.478],[-99.495,55.67],[-99.654,55.873],[-99.651,55.947],[-99.629,55.985],[-99.545,56.054],[-99.11,56.154],[-99.048,56.144],[-98.749,56.0],[-98.606,55.959],[-98.488,55.905],[-98.438,55.855],[-98.438,55.757],[-98.482,55.702],[-98.584,55.652],[-98.657,55.593],[-98.72,55.409],[-98.769,55.38],[-98.84,55.376],[-98.852,55.38]]]}},{"type":"Feature","properties":{"density":1},"geometry":{"type":"Polygon","coordinates":[[[-99.334,55.153],[-99.862,55.376],[-99.951,55.435],[-99.968,55.494],[-99.917,55.523],[-99.868,55.514],[-99.399,55.287],[-99.303,55.217],[-99.293,55.168],[-99.326,55.151],[-99.334,55.153]]]}},{"type":"Feature","properties":{"density":1},"geometry":{"type":"Polygon","coordinates":[[[-98.485,58.052],[-98.565,58.128],[-98.604,58.194],[-98.626,58.28],[-98.613,58.315],[-98.582,58.323],[-98.509,58.305],[-98.377,58.229],[-98.347,58.195],[-98.353,58.11],[-98.406,58.067],[-98.475,58.046],[-98.485,58.052]]]}},{"type":"Feature","properties":{"density":1},"geometry":{"type":"Polygon","coordinates":[[[-97.677,58.19],[-97.778,58.331],[-97.812,58.424],[-97.812,58.478],[-97.795,58.511],[-97.716,58.572],[-97.66,58.558],[-97.575,58.422],[-97.582,58.302],[-97.607,58.228],[-97.63,58.192],[-97.667,58.181],[-97.677,58.19]]]}},{"type":"Feature","properties":{"density":1},"geometry":{"type":"Polygon","coordinates":[[[-100.799,54.341],[-100.938,54.384],[-101.096,54.507],[-101.124,54.556],[-101.119,54.582],[-101.046,54.589],[-100.968,54.552],[-100.766,54.382],[-100.766,54.346],[-100.796,54.338],[-100.799,54.341]]]}},{"type":"Feature","properties":{"density":1},"geometry":{"type":"Polygon","coordinates":[[[-102.104,55.239],[-102.407,55.337],[-102.568,55.368],[-103.006,55.535],[-103.233,55.645],[-103.292,55.702],[-103.299,55.752],[-103.252,55.783],[-103.191,55.779],[-102.881,55.706],[-102.291,55.509],[-101.969,55.366],[-101.938,55.34],[-101.92,55.282],[-101.927,55.236],[-101.955,55.215],[-101.982,55.206],[-102.091,55.228],[-102.104,55.239]]]}},{"type":"Feature","properties":{"density":1},"geometry":{"type":"Polygon","coordinates":[[[-103.398,55.464],[-103.477,55.47],[-103.889,55.579],[-104.018,55.624],[-104.064,55.668],[-104.053,55.686],[-104.019,55.692],[-103.943,55.688],[-103.607,55.612],[-103.406,55.532],[-103.376,55.507],[-103.37,55.481],[-103.387,55.464],[-103.398,55.464]]]}},{"type":"Feature","properties":{"density":1},"geometry":{"type":"Polygon","coordinates":[[[-101.962,56.747],[-102.199,56.907],[-102.246,56.955],[-102.328,57.107],[-102.339,57.155],[-102.329,57.256],[-102.305,57.283],[-102.258,57.299],[-102.192,57.283],[-102.004,57.042],[-101.877,56.809],[-101.886,56.752],[-101.948,56.742],[-101.962,56.747]]]}},{"type":"Feature","properties":{"density":1},"geometry":{"type":"Polygon","coordinates":[[[-101.543,56.845],[-101.66,56.922],[-101.735,57.012],[-101.755,57.06],[-101.766,57.158],[-101.752,57.211],[-101.707,57.268],[-101.665,57.277],[-101.593,57.235],[-101.46,56.904],[-101.458,56.842],[-101.508,56.834],[-101.543,56.845]]]}},{"type":"Feature","properties":{"density":1},"geometry":{"type":"Polygon","coordinates":[[[-102.742,57.179],[-102.872,57.234],[-102.9,57.258],[-102.907,57.296],[-102.842,57.294],[-102.809,57.277],[-102.726,57.21],[-102.734,57.181],[-102.742,57.179]]]}},{"type":"Feature","properties":{"density":1},"geometry":{"type":"Polygon","coordinates":[[[-102.745,55.945],[-103.266,56.077],[-103.487,56.15],[-103.657,56.227],[-103.845,56.334],[-104.008,56.453],[-104.265,56.692],[-104.344,56.837],[-104.378,56.989],[-104.373,57.297],[-104.325,57.463],[-104.117,57.814],[-104.047,57.839],[-103.815,57.847],[-103.683,57.819],[-103.318,57.695],[-103.22,57.609],[-103.121,57.488],[-103.04,57.345],[-103.038,56.976],[-103.059,56.8],[-103.031,56.649],[-102.941,56.473],[-102.86,56.355],[-102.817,56.242],[-102.735,56.138],[-102.638,56.061],[-102.609,55.991],[-102.62,55.963],[-102.688,55.939],[-102.745,55.945]]]}},{"type":"Feature","properties":{"density":1},"geometry":{"type":"Polygon","coordinates":[[[-103.267,57.823],[-103.425,57.909],[-103.483,57.97],[-103.506,58.025],[-103.511,58.113],[-103.488,58.18],[-103.439,58.212],[-103.304,58.255],[-103.2,58.244],[-103.178,58.184],[-103.209,58.008],[-103.212,57.861],[-103.253,57.825],[-103.267,57.823]]]}},{"type":"Feature","properties":{"density":1},"geometry":{"type":"Polygon","coordinates":[[[-103.86,58.741],[-103.88,58.854],[-103.873,58.959],[-103.827,59.088],[-103.756,59.232],[-103.638,59.397],[-103.563,59.482],[-103.502,59.509],[-103.449,59.454],[-103.582,58.83],[-103.646,58.727],[-103.705,58.686],[-103.785,58.691],[-103.854,58.731],[-103.86,58.741]]]}},{"type":"Feature","properties":{"density":1},"geometry":{"type":"Polygon","coordinates":[[[-104.679,58.266],[-104.732,58.328],[-104.76,58.389],[-104.798,58.562],[-104.813,58.674],[-104.782,58.788],[-104.741,58.85],[-104.666,58.888],[-104.491,58.891],[-104.328,58.969],[-104.237,58.99],[-104.197,58.954],[-104.188,58.888],[-104.199,58.811],[-104.282,58.6],[-104.386,58.483],[-104.515,58.382],[-104.58,58.257],[-104.627,58.24],[-104.671,58.255],[-104.679,58.266]]]}},{"type":"Feature","properties":{"density":1},"geometry":{"type":"Polygon","coordinates":[[[-101.952,58.122],[-102.014,58.184],[-102.039,58.256],[-102.033,58.366],[-101.991,58.432],[-101.929,58.47],[-101.852,58.464],[-101.823,58.433],[-101.808,58.247],[-101.862,58.139],[-101.941,58.117],[-101.952,58.122]]]}},{"type":"Feature","properties":{"density":1},"geometry":{"type":"Polygon","coordinates":[[[-91.666,54.287],[-91.809,54.367],[-92.023,54.518],[-92.047,54.575],[-92.022,54.62],[-91.965,54.621],[-91.848,54.57],[-91.644,54.427],[-91.594,54.304],[-91.652,54.287],[-91.666,54.287]]]}},{"type":"Feature","properties":{"density":1},"geometry":{"type":"Polygon","coordinates":[[[-106.123,56.879],[-106.403,56.961],[-106.691,57.112],[-106.746,57.162],[-106.759,57.259],[-106.701,57.287],[-106.598,57.289],[-106.447,57.251],[-106.266,57.093],[-106.023,56.929],[-106.02,56.872],[-106.097,56.874],[-106.123,56.879]]]}},{"type":"Feature","properties":{"density":1},"geometry":{"type":"Polygon","coordinates":[[[-104.895,57.601],[-104.993,57.654],[-105.094,57.745],[-105.103,57.811],[-105.035,57.831],[-104.951,57.78],[-104.854,57.642],[-104.858,57.597],[-104.889,57.596],[-104.895,57.601]]]}},{"type":"Feature","properties":{"density":1},"geometry":{"type":"Polygon","coordinates":[[[-78.118,26.689],[-78.299,26.816],[-78.358,26.9],[-78.361,26.926],[-78.313,26.946],[-78.274,26.927],[-78.102,26.776],[-78.074,26.708],[-78.107,26.687],[-78.118,26.689]]]}},{"type":"Feature","properties":{"density":1},"geometry":{"type":"Polygon","coordinates":[[[-71.615,18.272],[-71.789,18.266],[-72.453,18.085],[-72.7,18.049],[-72.9,17.98],[-73.288,17.894],[-73.771,17.88],[-74.013,17.836],[-74.179,17.781],[-74.267,17.728],[-74.374,17.607],[-74.404,17.453],[-74.407,17.202],[-74.358,17.056],[-74.231,16.962],[-74.046,16.912],[-73.837,16.918],[-73.465,16.99],[-73.079,17.133],[-72.646,17.344],[-72.52,17.421],[-72.352,17.563],[-72.231,17.638],[-71.606,18.162],[-71.576,18.222],[-71.6,18.269],[-71.615,18.272]]]}},{"type":"Feature","properties":{"density":1},"geometry":{"type":"Polygon","coordinates":[[[-109.694,63.137],[-109.664,63.168],[-109.572,63.212],[-109.525,63.216],[-109.451,63.195],[-109.314,63.114],[-109.227,63.015],[-109.206,62.943],[-109.225,62.873],[-109.286,62.808],[-109.511,62.731],[-109.837,62.695],[-110.042,62.629],[-110.081,62.631],[-110.174,62.679],[-110.242,62.762],[-110.309,62.785],[-110.878,62.728],[-110.966,62.731],[-111.131,62.779],[-111.162,62.864],[-111.115,62.941],[-111.001,63.005],[-110.692,63.08],[-110.495,63.11],[-110.387,63.11],[-109.873,63.078],[-109.73,63.107],[-109.701,63.131],[-109.694,63.137]]]}},{"type":"Feature","properties":{"density":1},"geometry":{"type":"Polygon","coordinates":[[[-119.937,63.727],[-120.274,63.833],[-120.523,63.977],[-120.598,64.052],[-120.621,64.229],[-120.572,64.282],[-120.409,64.32],[-120.173,64.27],[-119.95,64.146],[-119.868,64.085],[-119.817,64.024],[-119.781,63.943],[-119.769,63.861],[-119.779,63.78],[-119.815,63.718],[-119.863,63.705],[-119.929,63.719],[-119.937,63.727]]]}},{"type":"Feature","properties":{"density":1},"geometry":{"type":"Polygon","coordinates":[[[-119.201,64.062],[-119.405,64.113],[-119.698,64.121],[-119.744,64.145],[-119.773,64.192],[-119.755,64.251],[-119.713,64.275],[-119.647,64.286],[-119.417,64.263],[-119.155,64.183],[-119.133,64.146],[-119.136,64.079],[-119.174,64.058],[-119.201,64.062]]]}},{"type":"Feature","properties":{"density":1},"geometry":{"type":"Polygon","coordinates":[[[-121.416,61.809],[-121.594,61.836],[-121.724,61.819],[-121.758,61.794],[-121.761,61.734],[-121.736,61.714],[-121.598,61.708],[-121.421,61.758],[-121.408,61.807],[-121.416,61.809]]]}},{"type":"Feature","properties":{"density":1},"geometry":{"type":"Polygon","coordinates":[[[-121.384,61.516],[-121.477,61.544],[-121.711,61.535],[-121.801,61.477],[-121.815,61.43],[-121.797,61.402],[-121.74,61.39],[-121.596,61.403],[-121.396,61.464],[-121.367,61.482],[-121.373,61.506],[-121.384,61.516]]]}},{"type":"Feature","properties":{"density":1},"geometry":{"type":"Polygon","coordinates":[[[-123.367,63.752],[-123.482,63.79],[-123.544,63.833],[-123.6,63.911],[-123.594,64.0],[-123.548,64.055],[-123.512,64.074],[-123.309,64.087],[-123.216,64.072],[-123.188,64.039],[-123.179,63.997],[-123.204,63.904],[-123.325,63.758],[-123.361,63.749],[-123.367,63.752]]]}},{"type":"Feature","properties":{"density":1},"geometry":{"type":"Polygon","coordinates":[[[-123.607,64.258],[-123.843,64.336],[-123.919,64.403],[-123.934,64.449],[-123.926,64.462],[-123.888,64.463],[-123.739,64.451],[-123.574,64.509],[-123.512,64.511],[-123.489,64.451],[-123.486,64.309],[-123.534,64.26],[-123.599,64.254],[-123.607,64.258]]]}},{"type":"Feature","properties":{"density":1},"geometry":{"type":"Polygon","coordinates":[[[-125.406,64.095],[-125.455,64.147],[-125.463,64.191],[-125.439,64.314],[-125.404,64.35],[-125.308,64.397],[-125.215,64.412],[-125.186,64.403],[-125.166,64.363],[-125.168,64.306],[-125.255,64.101],[-125.312,64.072],[-125.401,64.085],[-125.406,64.095]]]}},{"type":"Feature","properties":{"density":1},"geometry":{"type":"Polygon","coordinates":[[[-114.278,37.352],[-114.294,37.555],[-114.268,37.641],[-114.215,37.704],[-114.154,37.745],[-114.097,37.753],[-114.03,37.73],[-114.005,37.668],[-114.015,37.566],[-114.059,37.418],[-114.104,37.371],[-114.15,37.35],[-114.24,37.327],[-114.267,37.338],[-114.278,37.352]]]}},{"type":"Feature","properties":{"density":1},"geometry":{"type":"Polygon","coordinates":[[[-109.093,39.107],[-108.946,39.308],[-108.845,39.397],[-108.688,39.502],[-108.652,39.513],[-108.626,39.503],[-108.621,39.468],[-108.639,39.416],[-108.7,39.326],[-108.902,39.133],[-109.028,38.982],[-109.048,38.972],[-109.102,38.994],[-109.117,39.042],[-109.103,39.091],[-109.093,39.107]]]}},{"type":"Feature","properties":{"density":1},"geometry":{"type":"Polygon","coordinates":[[[-112.324,38.134],[-112.084,38.296],[-111.701,38.644],[-111.07,39.013],[-110.627,39.173],[-109.758,39.878],[-108.378,40.606],[-106.853,41.494],[-106.166,42.061],[-105.699,42.383],[-105.385,42.491],[-104.798,42.573],[-104.608,42.515],[-104.277,42.267],[-104.182,42.061],[-104.013,41.837],[-103.901,41.565],[-103.864,41.304],[-103.79,41.131],[-103.527,40.62],[-103.254,40.571],[-102.932,40.608],[-102.616,40.862],[-101.878,41.377],[-101.562,41.643],[-101.32,41.91],[-101.14,42.17],[-100.948,42.53],[-100.675,43.472],[-100.501,43.838],[-100.45,44.827],[-100.55,45.025],[-100.76,45.311],[-101.07,45.633],[-101.563,46.402],[-101.74,46.634],[-102.577,47.471],[-103.126,47.909],[-103.702,48.243],[-104.391,48.569],[-104.902,48.774],[-105.832,48.96],[-106.381,48.894],[-106.892,48.736],[-107.367,48.392],[-107.59,47.834],[-107.72,47.416],[-107.785,46.551],[-107.767,46.123],[-107.804,45.583],[-107.925,45.146],[-108.38,43.937],[-108.548,43.677],[-109.459,42.514],[-109.72,42.291],[-110.259,41.901],[-111.071,41.47],[-111.301,41.277],[-111.834,40.874],[-112.28,40.564],[-112.451,40.367],[-112.567,40.193],[-112.658,39.923],[-112.732,39.504],[-112.727,39.402],[-112.479,39.187],[-112.382,39.039],[-112.374,38.758],[-112.548,38.427],[-112.599,38.287],[-112.601,38.225],[-112.584,38.168],[-112.544,38.14],[-112.364,38.124],[-112.324,38.134]]]}},{"type":"Feature","properties":{"density":1},"geometry":{"type":"Polygon","coordinates":[[[-111.872,35.006],[-111.781,35.235],[-111.562,35.656],[-111.473,35.915],[-111.365,36.13],[-111.223,36.285],[-111.133,36.296],[-111.024,36.275],[-110.92,36.202],[-110.88,36.074],[-110.87,35.913],[-110.876,35.776],[-110.941,35.552],[-111.029,35.464],[-111.499,35.176],[-111.654,35.05],[-111.751,34.937],[-111.835,34.94],[-111.876,34.991],[-111.872,35.006]]]}},{"type":"Feature","properties":{"density":1},"geometry":{"type":"Polygon","coordinates":[[[-110.891,33.162],[-110.792,33.295],[-110.739,33.306],[-110.733,33.269],[-110.797,33.143],[-110.857,33.113],[-110.891,33.135],[-110.891,33.154],[-110.891,33.162]]]}},{"type":"Feature","properties":{"density":1},"geometry":{"type":"Polygon","coordinates":[[[-107.375,30.95],[-107.211,30.933],[-106.997,30.857],[-106.936,30.797],[-106.943,30.735],[-107.009,30.735],[-107.374,30.855],[-107.403,30.892],[-107.388,30.945],[-107.375,30.95]]]}},{"type":"Feature","properties":{"density":1},"geometry":{"type":"Polygon","coordinates":[[[-107.352,30.684],[-107.207,30.765],[-107.148,30.763],[-107.132,30.741],[-107.13,30.713],[-107.16,30.656],[-107.189,30.644],[-107.325,30.626],[-107.361,30.645],[-107.359,30.679],[-107.352,30.684]]]}},{"type":"Feature","properties":{"density":1},"geometry":{"type":"Polygon","coordinates":[[[-151.421,67.506],[-151.233,67.498],[-151.135,67.451],[-151.097,67.406],[-151.09,67.342],[-151.109,67.295],[-151.161,67.244],[-151.372,67.118],[-151.616,66.914],[-151.73,66.871],[-151.826,66.877],[-151.951,66.925],[-152.048,66.987],[-152.089,67.09],[-152.107,67.217],[-152.09,67.393],[-152.011,67.588],[-151.923,67.614],[-151.877,67.608],[-151.795,67.553],[-151.782,67.503],[-151.817,67.415],[-151.809,67.362],[-151.787,67.355],[-151.594,67.457],[-151.462,67.5],[-151.421,67.506]]]}},{"type":"Feature","properties":{"density":1},"geometry":{"type":"Polygon","coordinates":[[[-159.719,65.37],[-159.65,65.353],[-159.642,65.219],[-159.658,65.162],[-159.743,65.043],[-159.823,65.048],[-159.84,65.103],[-159.731,65.367],[-159.719,65.37]]]}},{"type":"Feature","properties":{"density":1},"geometry":{"type":"Polygon","coordinates":[[[-123.517,63.372],[-123.449,63.337],[-123.436,63.313],[-123.448,63.27],[-123.504,63.262],[-123.523,63.275],[-123.542,63.328],[-123.53,63.369],[-123.517,63.372]]]}},{"type":"Feature","properties":{"density":1},"geometry":{"type":"Polygon","coordinates":[[[-121.81,63.205],[-121.966,63.219],[-122.034,63.29],[-122.048,63.36],[-122.026,63.382],[-121.973,63.391],[-121.783,63.296],[-121.755,63.261],[-121.752,63.226],[-121.803,63.203],[-121.81,63.205]]]}},{"type":"Feature","properties":{"density":1},"geometry":{"type":"Polygon","coordinates":[[[-114.956,32.648],[-114.846,32.633],[-114.742,32.57],[-114.709,32.506],[-114.721,32.444],[-114.789,32.421],[-114.86,32.439],[-114.942,32.489],[-114.985,32.557],[-114.985,32.628],[-114.965,32.646],[-114.956,32.648]]]}},{"type":"Feature","properties":{"density":1},"geometry":{"type":"Polygon","coordinates":[[[-110.714,33.61],[-110.768,33.654],[-110.78,33.73],[-110.739,33.733],[-110.682,33.684],[-110.66,33.633],[-110.672,33.613],[-110.699,33.61],[-110.714,33.61]]]}},{"type":"Feature","properties":{"density":1},"geometry":{"type":"Polygon","coordinates":[[[-68.089,52.899],[-68.025,52.919],[-67.943,52.9],[-67.796,52.831],[-67.56,52.683],[-67.528,52.637],[-67.503,52.536],[-67.529,52.42],[-67.625,52.371],[-67.74,52.362],[-67.868,52.422],[-67.939,52.496],[-68.004,52.603],[-68.096,52.807],[-68.096,52.893],[-68.089,52.899]]]}},{"type":"Feature","properties":{"density":1},"geometry":{"type":"Polygon","coordinates":[[[-65.593,53.638],[-65.47,53.633],[-65.08,53.451],[-64.638,53.309],[-64.416,53.191],[-64.094,52.967],[-63.905,52.9],[-63.696,52.774],[-63.556,52.725],[-63.456,52.664],[-63.389,52.589],[-63.404,52.448],[-63.441,52.376],[-63.525,52.33],[-63.746,52.295],[-63.894,52.302],[-64.357,52.28],[-64.668,52.356],[-64.929,52.453],[-65.133,52.556],[-65.245,52.572],[-65.339,52.615],[-65.376,52.649],[-65.722,53.254],[-65.802,53.452],[-65.795,53.518],[-65.76,53.576],[-65.613,53.635],[-65.593,53.638]]]}},{"type":"Feature","properties":{"density":1},"geometry":{"type":"Polygon","coordinates":[[[-66.095,52.493],[-66.008,52.501],[-65.842,52.468],[-65.4,52.259],[-65.319,52.184],[-65.301,52.126],[-65.289,52.032],[-65.311,51.948],[-65.352,51.907],[-65.421,51.879],[-65.603,51.857],[-65.741,51.913],[-65.913,52.013],[-65.996,52.073],[-66.126,52.222],[-66.17,52.362],[-66.169,52.441],[-66.156,52.467],[-66.114,52.488],[-66.095,52.493]]]}},{"type":"Feature","properties":{"density":1},"geometry":{"type":"Polygon","coordinates":[[[-66.91,52.438],[-66.807,52.45],[-66.747,52.438],[-66.584,52.352],[-66.352,52.118],[-66.33,52.06],[-66.35,51.974],[-66.373,51.949],[-66.439,51.934],[-66.544,51.958],[-66.613,52.002],[-66.943,52.338],[-66.957,52.381],[-66.918,52.431],[-66.91,52.438]]]}},{"type":"Feature","properties":{"density":1},"geometry":{"type":"Polygon","coordinates":[[[-61.636,55.512],[-61.542,55.545],[-61.426,55.535],[-60.951,55.334],[-60.834,55.27],[-60.454,55.143],[-60.373,55.095],[-60.314,55.027],[-60.285,54.897],[-60.314,54.786],[-60.364,54.763],[-60.461,54.753],[-60.558,54.764],[-60.973,54.959],[-61.163,55.022],[-61.413,54.994],[-61.668,55.031],[-61.71,55.058],[-61.762,55.167],[-61.71,55.437],[-61.653,55.497],[-61.636,55.512]]]}},{"type":"Feature","properties":{"density":1},"geometry":{"type":"Polygon","coordinates":[[[-61.357,54.875],[-61.249,54.889],[-61.029,54.862],[-60.454,54.72],[-60.262,54.628],[-60.214,54.51],[-60.233,54.466],[-60.312,54.427],[-60.421,54.413],[-60.942,54.503],[-61.348,54.533],[-61.438,54.573],[-61.496,54.694],[-61.473,54.791],[-61.37,54.87],[-61.357,54.875]]]}},{"type":"Feature","properties":{"density":1},"geometry":{"type":"Polygon","coordinates":[[[-62.856,54.416],[-62.71,54.461],[-62.581,54.48],[-62.25,54.415],[-61.897,54.461],[-61.453,54.455],[-61.299,54.435],[-61.029,54.353],[-60.794,54.202],[-60.412,53.842],[-60.36,53.741],[-60.34,53.564],[-60.419,53.416],[-60.47,53.377],[-60.564,53.333],[-60.674,53.316],[-60.95,53.313],[-61.415,53.406],[-61.679,53.541],[-61.916,53.715],[-62.072,53.807],[-62.317,53.884],[-62.693,53.943],[-62.803,53.993],[-62.854,54.09],[-62.834,54.228],[-62.894,54.358],[-62.871,54.411],[-62.856,54.416]]]}},{"type":"Feature","properties":{"density":1},"geometry":{"type":"Polygon","coordinates":[[[-69.148,53.165],[-68.961,53.134],[-68.819,53.068],[-68.625,52.935],[-68.536,52.839],[-68.29,52.481],[-68.138,52.192],[-68.033,52.036],[-67.913,51.915],[-67.66,51.817],[-67.033,51.842],[-66.586,51.695],[-66.426,51.544],[-66.437,51.376],[-66.703,50.981],[-66.92,50.836],[-67.179,50.776],[-67.625,50.737],[-67.861,50.656],[-68.044,50.556],[-68.271,50.521],[-68.439,50.518],[-68.548,50.574],[-68.741,50.721],[-68.801,50.798],[-68.819,50.892],[-68.832,51.038],[-68.813,51.196],[-68.873,51.412],[-68.89,51.717],[-68.941,51.934],[-68.963,52.169],[-69.0,52.287],[-69.106,52.491],[-69.223,52.949],[-69.233,53.01],[-69.215,53.107],[-69.159,53.16],[-69.148,53.165]]]}},{"type":"Feature","properties":{"density":1},"geometry":{"type":"Polygon","coordinates":[[[-69.711,52.394],[-69.56,52.395],[-69.504,52.365],[-69.329,52.188],[-69.299,52.126],[-69.276,51.992],[-69.278,51.845],[-69.378,51.796],[-69.469,51.809],[-69.524,51.832],[-69.664,51.945],[-69.723,52.048],[-69.802,52.25],[-69.771,52.357],[-69.729,52.388],[-69.711,52.394]]]}},{"type":"Feature","properties":{"density":1},"geometry":{"type":"Polygon","coordinates":[[[-71.198,55.193],[-71.062,55.191],[-70.967,55.172],[-70.748,55.091],[-70.42,54.854],[-69.901,54.421],[-69.709,54.176],[-69.55,53.813],[-69.547,53.628],[-69.569,53.509],[-69.624,53.435],[-69.74,53.391],[-69.82,53.394],[-69.963,53.504],[-70.305,53.829],[-70.522,54.096],[-70.6,54.223],[-70.876,54.585],[-71.214,54.954],[-71.268,55.044],[-71.27,55.093],[-71.247,55.162],[-71.213,55.19],[-71.198,55.193]]]}},{"type":"Feature","properties":{"density":1},"geometry":{"type":"Polygon","coordinates":[[[-66.105,54.354],[-65.999,54.344],[-65.842,54.265],[-65.661,54.084],[-65.652,54.012],[-65.67,53.976],[-65.725,53.939],[-65.759,53.936],[-65.824,53.948],[-65.875,53.978],[-65.983,54.082],[-66.1,54.234],[-66.127,54.303],[-66.118,54.352],[-66.105,54.354]]]}},{"type":"Feature","properties":{"density":1},"geometry":{"type":"Polygon","coordinates":[[[-68.828,57.26],[-68.755,57.306],[-68.622,57.305],[-68.406,57.265],[-68.145,57.181],[-67.857,57.12],[-67.795,57.091],[-67.745,57.03],[-67.746,56.962],[-67.765,56.932],[-67.866,56.879],[-68.069,56.889],[-68.328,56.987],[-68.601,57.126],[-68.816,57.214],[-68.838,57.236],[-68.832,57.256],[-68.828,57.26]]]}},{"type":"Feature","properties":{"density":1},"geometry":{"type":"Polygon","coordinates":[[[-67.08,58.024],[-67.001,58.082],[-66.863,58.086],[-66.529,58.058],[-66.155,57.973],[-66.109,57.946],[-66.08,57.905],[-66.074,57.856],[-66.14,57.723],[-66.229,57.651],[-66.352,57.614],[-66.497,57.609],[-66.701,57.671],[-66.781,57.718],[-67.047,57.944],[-67.082,58.018],[-67.08,58.024]]]}},{"type":"Feature","properties":{"density":1},"geometry":{"type":"Polygon","coordinates":[[[-78.971,50.09],[-78.919,50.099],[-78.737,50.065],[-78.552,49.997],[-78.108,49.759],[-77.928,49.646],[-77.826,49.523],[-77.815,49.41],[-77.835,49.37],[-77.897,49.314],[-77.968,49.301],[-78.114,49.335],[-78.566,49.633],[-78.825,49.771],[-78.917,49.85],[-78.994,49.945],[-79.012,50.027],[-78.978,50.087],[-78.971,50.09]]]}},{"type":"Feature","properties":{"density":1},"geometry":{"type":"Polygon","coordinates":[[[-74.94,20.444],[-75.085,20.49],[-75.319,20.515],[-75.464,20.504],[-75.502,20.489],[-75.527,20.447],[-75.526,20.415],[-75.455,20.377],[-75.273,20.366],[-74.97,20.383],[-74.931,20.402],[-74.933,20.44],[-74.94,20.444]]]}},{"type":"Feature","properties":{"density":1},"geometry":{"type":"Polygon","coordinates":[[[-76.631,20.309],[-76.801,20.328],[-76.925,20.305],[-76.967,20.264],[-76.964,20.238],[-76.88,20.221],[-76.754,20.224],[-76.637,20.256],[-76.618,20.282],[-76.623,20.304],[-76.631,20.309]]]}},{"type":"Feature","properties":{"density":1},"geometry":{"type":"Polygon","coordinates":[[[-71.634,18.311],[-71.768,18.333],[-71.863,18.37],[-72.209,18.401],[-72.898,18.399],[-73.243,18.379],[-73.609,18.292],[-73.721,18.239],[-73.823,18.155],[-73.877,18.079],[-73.981,17.892],[-74.229,17.524],[-74.386,17.143],[-74.556,16.611],[-74.559,16.459],[-74.501,16.244],[-74.449,16.203],[-74.333,16.173],[-74.055,16.176],[-73.73,16.294],[-73.589,16.418],[-73.206,16.856],[-72.791,17.218],[-72.651,17.297],[-71.957,17.778],[-71.812,17.914],[-71.667,18.09],[-71.574,18.176],[-71.557,18.227],[-71.564,18.265],[-71.629,18.305],[-71.634,18.311]]]}},{"type":"Feature","properties":{"density":1},"geometry":{"type":"Polygon","coordinates":[[[-78.122,26.682],[-78.338,26.922],[-78.447,27.097],[-78.502,27.203],[-78.534,27.31],[-78.53,27.35],[-78.504,27.382],[-78.469,27.396],[-78.388,27.38],[-78.278,27.296],[-78.233,27.233],[-78.075,26.864],[-78.048,26.688],[-78.056,26.675],[-78.106,26.675],[-78.122,26.682]]]}},{"type":"Feature","properties":{"density":1},"geometry":{"type":"Polygon","coordinates":[[[-60.084,51.769],[-59.93,51.764],[-59.442,51.648],[-59.313,51.56],[-59.227,51.46],[-59.216,51.394],[-59.247,51.312],[-59.318,51.281],[-59.445,51.265],[-59.721,51.314],[-59.845,51.367],[-59.947,51.43],[-60.043,51.518],[-60.095,51.601],[-60.136,51.707],[-60.127,51.748],[-60.095,51.768],[-60.084,51.769]]]}},{"type":"Feature","properties":{"density":1},"geometry":{"type":"Polygon","coordinates":[[[-89.007,53.571],[-89.059,53.655],[-89.084,53.85],[-89.058,53.98],[-88.968,54.261],[-88.895,54.381],[-88.827,54.454],[-88.619,54.553],[-88.522,54.579],[-88.421,54.579],[-88.351,54.555],[-88.314,54.487],[-88.296,54.393],[-88.323,54.127],[-88.388,54.015],[-88.474,53.952],[-88.549,53.921],[-88.674,53.777],[-88.771,53.633],[-88.864,53.552],[-88.925,53.538],[-88.994,53.562],[-89.007,53.571]]]}},{"type":"Feature","properties":{"density":1},"geometry":{"type":"Polygon","coordinates":[[[-89.685,55.305],[-89.707,55.414],[-89.699,55.486],[-89.64,55.631],[-89.597,55.673],[-89.486,55.723],[-89.381,55.715],[-89.245,55.543],[-89.191,55.424],[-89.179,55.324],[-89.202,55.243],[-89.232,55.2],[-89.269,55.168],[-89.337,55.155],[-89.488,55.264],[-89.681,55.302],[-89.685,55.305]]]}},{"type":"Feature","properties":{"density":1},"geometry":{"type":"Polygon","coordinates":[[[-85.823,54.66],[-85.842,54.805],[-85.83,54.87],[-85.78,54.963],[-85.684,55.118],[-85.572,55.178],[-85.526,55.16],[-85.517,55.099],[-85.59,54.908],[-85.695,54.79],[-85.772,54.654],[-85.82,54.653],[-85.823,54.66]]]}},{"type":"Feature","properties":{"density":1},"geometry":{"type":"Polygon","coordinates":[[[-101.978,56.729],[-102.432,57.03],[-102.673,57.373],[-102.679,57.472],[-102.662,57.509],[-102.557,57.554],[-102.441,57.539],[-102.382,57.504],[-102.254,57.37],[-101.98,57.039],[-101.87,56.864],[-101.853,56.818],[-101.862,56.743],[-101.881,56.728],[-101.965,56.718],[-101.978,56.729]]]}},{"type":"Feature","properties":{"density":1},"geometry":{"type":"Polygon","coordinates":[[[-94.705,57.956],[-94.768,57.972],[-94.863,58.026],[-95.067,58.09],[-95.16,58.188],[-95.196,58.26],[-95.2,58.342],[-95.167,58.404],[-95.116,58.435],[-95.026,58.455],[-94.948,58.445],[-94.787,58.377],[-94.623,58.282],[-94.409,58.227],[-94.277,58.213],[-94.032,58.262],[-93.898,58.257],[-93.733,58.202],[-93.294,57.95],[-93.224,57.785],[-93.211,57.691],[-93.253,57.603],[-93.354,57.546],[-93.564,57.553],[-93.683,57.583],[-94.012,57.72],[-94.308,57.888],[-94.65,57.939],[-94.705,57.956]]]}},{"type":"Feature","properties":{"density":1},"geometry":{"type":"Polygon","coordinates":[[[-102.763,57.176],[-102.918,57.249],[-102.977,57.317],[-102.992,57.433],[-102.943,57.519],[-102.775,57.559],[-102.7,57.544],[-102.683,57.475],[-102.723,57.313],[-102.713,57.204],[-102.719,57.182],[-102.751,57.17],[-102.763,57.176]]]}},{"type":"Feature","properties":{"density":1},"geometry":{"type":"Polygon","coordinates":[[[-104.838,57.48],[-105.074,57.641],[-105.145,57.707],[-105.224,57.845],[-105.224,57.925],[-105.166,57.953],[-105.008,57.877],[-104.755,57.603],[-104.737,57.575],[-104.738,57.474],[-104.765,57.459],[-104.831,57.475],[-104.838,57.48]]]}},{"type":"Feature","properties":{"density":1},"geometry":{"type":"Polygon","coordinates":[[[-103.431,55.459],[-103.678,55.561],[-104.01,55.633],[-104.133,55.686],[-104.169,55.716],[-104.203,55.793],[-104.195,55.814],[-104.139,55.834],[-104.002,55.822],[-103.651,55.706],[-103.511,55.63],[-103.371,55.527],[-103.368,55.484],[-103.423,55.455],[-103.431,55.459]]]}},{"type":"Feature","properties":{"density":1},"geometry":{"type":"Polygon","coordinates":[[[-91.672,54.284],[-91.723,54.349],[-91.748,54.422],[-91.752,54.58],[-91.727,54.654],[-91.699,54.679],[-91.641,54.697],[-91.599,54.692],[-91.542,54.649],[-91.507,54.568],[-91.489,54.406],[-91.518,54.34],[-91.589,54.269],[-91.662,54.281],[-91.672,54.284]]]}},{"type":"Feature","properties":{"density":1},"geometry":{"type":"Polygon","coordinates":[[[-93.268,53.619],[-93.66,53.781],[-93.708,53.853],[-93.702,53.913],[-93.654,53.954],[-93.547,53.972],[-93.362,53.935],[-93.245,53.874],[-93.215,53.83],[-93.196,53.753],[-93.187,53.631],[-93.205,53.604],[-93.256,53.612],[-93.268,53.619]]]}},{"type":"Feature","properties":{"density":1},"geometry":{"type":"Polygon","coordinates":[[[-96.812,54.442],[-96.963,54.506],[-97.087,54.608],[-97.189,54.817],[-97.199,54.866],[-97.189,54.909],[-97.158,54.939],[-97.09,54.951],[-97.03,54.927],[-96.896,54.795],[-96.824,54.673],[-96.766,54.53],[-96.761,54.471],[-96.791,54.443],[-96.812,54.442]]]}},{"type":"Feature","properties":{"density":1},"geometry":{"type":"Polygon","coordinates":[[[-96.03,54.978],[-96.152,55.049],[-96.263,55.143],[-96.271,55.201],[-96.244,55.246],[-96.195,55.273],[-95.952,55.333],[-95.892,55.331],[-95.849,55.29],[-95.84,55.257],[-95.886,54.995],[-95.939,54.969],[-96.023,54.974],[-96.03,54.978]]]}},{"type":"Feature","properties":{"density":1},"geometry":{"type":"Polygon","coordinates":[[[-121.84,63.209],[-122.343,63.299],[-122.424,63.332],[-122.596,63.444],[-122.612,63.499],[-122.583,63.605],[-122.521,63.676],[-122.456,63.706],[-122.275,63.73],[-122.031,63.712],[-121.849,63.648],[-121.753,63.581],[-121.704,63.469],[-121.701,63.403],[-121.709,63.315],[-121.74,63.228],[-121.773,63.2],[-121.829,63.206],[-121.84,63.209]]]}},{"type":"Feature","properties":{"density":1},"geometry":{"type":"Polygon","coordinates":[[[-123.569,63.343],[-123.629,63.396],[-123.691,63.528],[-123.687,63.565],[-123.629,63.609],[-123.566,63.61],[-123.381,63.54],[-123.282,63.488],[-123.266,63.454],[-123.32,63.277],[-123.355,63.245],[-123.464,63.26],[-123.544,63.302],[-123.563,63.328],[-123.569,63.343]]]}},{"type":"Feature","properties":{"density":1},"geometry":{"type":"Polygon","coordinates":[[[-123.517,64.295],[-123.469,64.374],[-123.408,64.566],[-123.404,64.69],[-123.457,64.737],[-123.515,64.741],[-123.703,64.698],[-123.878,64.617],[-123.945,64.567],[-124.007,64.441],[-123.987,64.38],[-123.844,64.316],[-123.611,64.262],[-123.524,64.275],[-123.517,64.295]]]}},{"type":"Feature","properties":{"density":1},"geometry":{"type":"Polygon","coordinates":[[[-119.269,64.071],[-119.603,64.154],[-119.754,64.232],[-119.814,64.272],[-119.84,64.32],[-119.841,64.403],[-119.794,64.441],[-119.699,64.456],[-119.457,64.408],[-119.262,64.34],[-119.011,64.326],[-118.941,64.306],[-118.927,64.254],[-119.091,64.142],[-119.099,64.068],[-119.12,64.048],[-119.169,64.04],[-119.256,64.063],[-119.269,64.071]]]}},{"type":"Feature","properties":{"density":1},"geometry":{"type":"Polygon","coordinates":[[[-109.633,63.187],[-109.563,63.198],[-109.399,63.162],[-109.215,63.039],[-109.137,63.01],[-108.772,62.911],[-108.641,62.894],[-108.587,62.869],[-108.547,62.823],[-108.546,62.744],[-108.629,62.633],[-108.785,62.55],[-108.912,62.509],[-109.258,62.501],[-109.366,62.522],[-109.676,62.698],[-109.751,62.776],[-109.781,62.887],[-109.782,63.012],[-109.745,63.087],[-109.655,63.176],[-109.633,63.187]]]}},{"type":"Feature","properties":{"density":1},"geometry":{"type":"Polygon","coordinates":[[[-125.413,64.081],[-125.615,64.29],[-125.63,64.352],[-125.617,64.432],[-125.6,64.446],[-125.466,64.46],[-125.275,64.419],[-125.238,64.408],[-125.211,64.36],[-125.21,64.262],[-125.242,64.119],[-125.28,64.083],[-125.401,64.076],[-125.413,64.081]]]}},{"type":"Feature","properties":{"density":1},"geometry":{"type":"Polygon","coordinates":[[[-122.789,62.928],[-122.881,62.986],[-122.921,63.054],[-122.942,63.11],[-122.932,63.183],[-122.899,63.192],[-122.845,63.174],[-122.727,63.104],[-122.722,62.967],[-122.732,62.943],[-122.766,62.925],[-122.789,62.928]]]}},{"type":"Feature","properties":{"density":1},"geometry":{"type":"Polygon","coordinates":[[[-109.134,39.065],[-108.385,40.224],[-108.157,40.437],[-107.967,40.553],[-107.851,40.588],[-107.815,40.59],[-107.776,40.567],[-107.75,40.504],[-107.774,40.442],[-108.011,40.074],[-108.12,39.821],[-108.342,39.388],[-108.507,39.254],[-108.987,38.966],[-109.096,38.967],[-109.129,38.998],[-109.137,39.054],[-109.134,39.065]]]}},{"type":"Feature","properties":{"density":1},"geometry":{"type":"Polygon","coordinates":[[[-112.548,39.775],[-112.55,39.957],[-112.506,40.133],[-112.407,40.301],[-112.267,40.469],[-111.491,41.142],[-110.778,41.527],[-110.462,41.669],[-109.277,42.413],[-108.98,42.636],[-108.725,42.878],[-107.857,44.056],[-107.504,45.086],[-107.312,45.482],[-107.045,45.923],[-106.382,46.871],[-105.756,47.349],[-104.956,47.894],[-104.547,48.049],[-104.193,48.105],[-103.833,48.093],[-103.468,48.025],[-102.593,47.708],[-101.998,47.355],[-101.335,46.846],[-100.572,45.879],[-100.045,45.073],[-99.927,44.583],[-99.915,44.199],[-100.007,43.725],[-100.472,42.839],[-100.814,42.432],[-101.273,42.01],[-101.743,41.63],[-102.028,41.276],[-102.438,41.024],[-102.748,40.764],[-102.978,40.609],[-103.306,40.46],[-103.672,40.33],[-103.97,40.305],[-104.342,40.355],[-104.578,40.473],[-104.739,40.578],[-104.931,40.907],[-105.049,41.173],[-105.179,41.396],[-105.365,41.651],[-105.545,41.737],[-105.818,41.731],[-106.741,41.031],[-107.051,40.752],[-107.659,40.28],[-108.154,39.594],[-108.223,39.432],[-108.305,39.294],[-108.65,39.051],[-108.95,38.925],[-109.126,38.919],[-109.195,38.98],[-109.195,39.128],[-109.148,39.244],[-108.906,39.561],[-108.754,39.815],[-108.619,39.977],[-108.49,40.176],[-108.476,40.286],[-108.556,40.316],[-108.92,40.159],[-109.179,39.977],[-110.124,39.43],[-110.417,39.236],[-110.868,38.856],[-111.066,38.74],[-112.286,38.132],[-112.377,38.094],[-112.512,38.088],[-112.589,38.119],[-112.628,38.185],[-112.652,38.375],[-112.308,39.166],[-112.286,39.265],[-112.283,39.392],[-112.283,39.527],[-112.33,39.706],[-112.424,39.758],[-112.512,39.764],[-112.548,39.775]]]}},{"type":"Feature","properties":{"density":1},"geometry":{"type":"Polygon","coordinates":[[[-110.912,33.155],[-110.784,33.349],[-110.655,33.472],[-110.503,33.562],[-110.424,33.588],[-110.342,33.593],[-110.295,33.575],[-110.273,33.501],[-110.334,33.431],[-110.829,33.12],[-110.884,33.107],[-110.914,33.144],[-110.912,33.155]]]}},{"type":"Feature","properties":{"density":1},"geometry":{"type":"Polygon","coordinates":[[[-111.899,35.052],[-111.686,35.297],[-111.611,35.37],[-111.521,35.429],[-111.369,35.477],[-111.258,35.468],[-111.234,35.413],[-111.255,35.352],[-111.308,35.293],[-111.462,35.168],[-111.611,35.073],[-111.769,34.935],[-111.876,34.931],[-111.898,34.961],[-111.905,35.03],[-111.899,35.052]]]}},{"type":"Feature","properties":{"density":1},"geometry":{"type":"Polygon","coordinates":[[[-112.149,35.874],[-112.066,35.988],[-111.825,36.15],[-111.712,36.197],[-111.67,36.201],[-111.634,36.183],[-111.621,36.159],[-111.631,36.118],[-111.837,35.973],[-111.974,35.907],[-112.075,35.832],[-112.137,35.823],[-112.152,35.856],[-112.149,35.874]]]}},{"type":"Feature","properties":{"density":1},"geometry":{"type":"Polygon","coordinates":[[[-114.284,37.427],[-114.21,37.624],[-114.104,37.684],[-114.045,37.688],[-114.005,37.639],[-113.997,37.576],[-114.017,37.506],[-114.076,37.409],[-114.146,37.345],[-114.238,37.323],[-114.267,37.326],[-114.288,37.356],[-114.288,37.407],[-114.284,37.427]]]}},{"type":"Feature","properties":{"density":1},"geometry":{"type":"Polygon","coordinates":[[[-67.087,58.047],[-66.968,58.087],[-66.703,58.094],[-65.679,57.986],[-65.139,57.879],[-64.833,57.754],[-64.78,57.714],[-64.756,57.634],[-64.778,57.571],[-64.858,57.522],[-65.24,57.384],[-65.616,57.287],[-65.866,57.26],[-66.47,57.256],[-66.978,57.354],[-67.063,57.392],[-67.114,57.447],[-67.143,57.581],[-67.147,57.894],[-67.112,58.029],[-67.087,58.047]]]}},{"type":"Feature","properties":{"density":1},"geometry":{"type":"Polygon","coordinates":[[[-68.818,57.297],[-68.671,57.324],[-68.491,57.32],[-68.209,57.255],[-67.707,57.086],[-67.418,57.037],[-66.926,56.848],[-66.843,56.797],[-66.794,56.742],[-66.786,56.622],[-66.808,56.567],[-66.859,56.51],[-67.002,56.437],[-67.203,56.419],[-67.337,56.437],[-68.205,56.836],[-68.535,57.031],[-68.826,57.174],[-68.857,57.192],[-68.865,57.221],[-68.83,57.286],[-68.818,57.297]]]}},{"type":"Feature","properties":{"density":1},"geometry":{"type":"Polygon","coordinates":[[[-66.104,54.37],[-65.981,54.336],[-65.763,54.155],[-65.729,54.099],[-65.753,54.006],[-65.793,53.983],[-65.864,53.977],[-66.012,53.98],[-66.049,54.002],[-66.151,54.138],[-66.163,54.223],[-66.154,54.316],[-66.121,54.365],[-66.104,54.37]]]}},{"type":"Feature","properties":{"density":1},"geometry":{"type":"Polygon","coordinates":[[[-134.407,66.344],[-134.109,66.877],[-133.72,67.374],[-133.16,67.798],[-132.564,68.214],[-127.161,69.025],[-124.864,69.269],[-121.042,69.472],[-119.273,69.086],[-113.236,68.029],[-110.918,67.358],[-106.161,67.114],[-105.104,67.114],[-102.014,67.338],[-99.534,67.439],[-97.583,67.704],[-94.371,67.846],[-91.87,68.171],[-88.862,68.374],[-87.154,68.252],[-86.219,68.151],[-85.67,67.765],[-85.426,66.972],[-85.691,66.247],[-86.097,65.786],[-86.504,65.623],[-87.127,65.474],[-87.507,65.298],[-87.9,64.851],[-87.994,64.525],[-88.035,64.309],[-88.049,63.658],[-87.181,63.13],[-86.856,63.062],[-85.934,62.913],[-84.674,62.588],[-83.617,62.371],[-82.655,62.276],[-81.665,62.154],[-79.294,61.639],[-78.088,61.246],[-75.811,60.609],[-74.51,59.972],[-72.884,59.308],[-71.542,58.806],[-70.137,57.993],[-69.866,57.785],[-69.55,57.514],[-69.306,57.189],[-68.98,56.683],[-68.032,55.5],[-67.472,55.12],[-67.047,54.912],[-66.55,54.903],[-66.035,54.867],[-65.592,54.641],[-64.544,53.647],[-64.083,53.385],[-63.523,53.196],[-63.053,53.141],[-62.855,53.16],[-62.602,53.214],[-62.584,53.313],[-62.665,53.485],[-63.216,53.855],[-63.361,54.018],[-63.37,54.298],[-63.044,54.542],[-62.566,54.695],[-62.267,54.768],[-62.123,54.876],[-62.042,55.048],[-62.033,55.22],[-62.105,55.355],[-62.105,55.527],[-61.942,55.644],[-61.599,55.707],[-61.147,55.653],[-59.918,55.328],[-59.205,55.165],[-58.491,54.912],[-57.994,54.659],[-56.094,54.178],[-54.427,53.487],[-52.91,53.053],[-52.218,52.674],[-51.758,52.145],[-51.514,51.292],[-51.595,50.546],[-52.001,49.977],[-52.449,49.435],[-53.181,48.757],[-54.631,48.202],[-57.057,47.768],[-58.073,47.7],[-59.211,47.592],[-60.409,47.253],[-61.637,47.19],[-62.496,47.163],[-64.086,47.217],[-66.959,47.831],[-68.647,47.605],[-69.776,47.406],[-70.851,46.918],[-71.402,46.449],[-71.746,46.06],[-72.017,45.626],[-72.479,45.211],[-72.655,44.615],[-73.13,43.924],[-73.604,43.463],[-74.526,42.948],[-75.61,42.379],[-78.036,41.891],[-81.424,41.823],[-82.223,41.836],[-85.11,42.338],[-86.235,42.595],[-87.089,42.866],[-89.027,43.815],[-89.338,44.425],[-89.921,45.306],[-90.246,46.16],[-90.626,46.932],[-91.344,47.949],[-92.889,49.385],[-94.617,50.341],[-96.711,51.662],[-98.561,52.922],[-100.899,53.857],[-103.114,54.589],[-105.127,55.179],[-108.684,55.768],[-110.473,56.399],[-112.913,57.171],[-115.068,57.801],[-117.344,58.309],[-119.255,58.533],[-123.972,59.59],[-126.757,60.627],[-128.647,61.277],[-130.802,61.989],[-132.632,63.005],[-134.034,64.245],[-134.502,65.12],[-134.543,66.075],[-134.407,66.344]]]}},{"type":"Feature","properties":{"density":1},"geometry":{"type":"Polygon","coordinates":[[[-71.726,18.345],[-72.62,18.405],[-72.893,18.396],[-73.395,18.348],[-73.753,18.181],[-74.663,17.565],[-74.866,17.369],[-75.446,16.749],[-75.701,15.958],[-75.832,15.727],[-75.888,15.381],[-75.845,15.054],[-75.77,15.036],[-75.525,15.074],[-75.153,15.289],[-74.57,15.902],[-74.346,16.092],[-74.079,16.269],[-73.867,16.494],[-73.214,17.116],[-73.036,17.239],[-72.167,17.626],[-71.849,17.939],[-71.561,18.188],[-71.544,18.264],[-71.606,18.323],[-71.703,18.344],[-71.726,18.345]]]}},{"type":"Feature","properties":{"density":1},"geometry":{"type":"Polygon","coordinates":[[[-83.692,32.053],[-83.131,32.21],[-82.284,32.601],[-81.019,33.396],[-79.337,34.322],[-74.956,36.108],[-73.573,36.134],[-72.413,36.108],[-70.848,35.861],[-70.17,35.404],[-69.857,34.518],[-70.209,33.448],[-70.653,32.418],[-71.618,31.466],[-74.786,27.555],[-75.229,27.059],[-76.155,26.446],[-77.068,26.055],[-79.063,25.403],[-80.562,25.195],[-82.323,25.077],[-83.405,25.351],[-86.469,25.677],[-87.304,25.534],[-88.386,25.442],[-90.329,25.09],[-90.668,24.921],[-91.228,24.386],[-91.763,23.786],[-92.232,23.33],[-93.093,21.459],[-93.132,20.892],[-93.269,19.699],[-92.94,19.114],[-92.597,18.422],[-92.378,16.911],[-92.182,16.402],[-91.504,15.541],[-90.409,14.668],[-90.279,14.342],[-90.409,13.677],[-91.778,12.386],[-92.926,11.93],[-94.099,11.786],[-94.96,11.773],[-96.107,11.825],[-98.415,12.738],[-99.393,13.26],[-100.514,14.016],[-103.396,15.229],[-104.784,15.502],[-108.031,16.187],[-110.417,16.441],[-111.826,16.871],[-113.097,17.282],[-114.192,17.752],[-115.131,18.123],[-116.128,18.847],[-116.5,19.864],[-116.559,21.292],[-115.664,22.573],[-114.577,23.647],[-113.625,24.284],[-112.138,25.849],[-111.669,26.416],[-110.502,27.179],[-109.85,27.283],[-107.725,27.759],[-106.747,27.857],[-105.808,28.15],[-104.732,28.522],[-101.603,30.126],[-99.882,30.869],[-94.81,32.688],[-93.714,32.975],[-92.228,33.288],[-91.537,33.288],[-90.481,33.248],[-88.818,33.007],[-88.075,32.916],[-87.084,32.746],[-86.302,32.577],[-84.524,32.138],[-83.976,32.094],[-83.692,32.053]]]}},{"type":"Feature","properties":{"density":1},"geometry":{"type":"Polygon","coordinates":[[[-106.232,36.754],[-106.184,36.878],[-106.112,36.988],[-106.009,37.086],[-105.672,37.283],[-105.063,37.679],[-104.466,37.876],[-104.182,38.003],[-103.371,38.241],[-103.209,38.177],[-103.162,38.05],[-103.18,37.859],[-103.382,37.667],[-103.701,37.522],[-104.86,37.111],[-105.596,36.746],[-106.095,36.537],[-106.268,36.537],[-106.257,36.676],[-106.232,36.754]]]}},{"type":"Feature","properties":{"density":1},"geometry":{"type":"Polygon","coordinates":[[[-112.142,35.869],[-112.121,35.975],[-112.092,36.024],[-111.99,36.11],[-111.677,36.248],[-111.593,36.254],[-111.54,36.22],[-111.542,36.158],[-111.59,36.122],[-112.015,35.925],[-112.085,35.835],[-112.126,35.832],[-112.146,35.856],[-112.142,35.869]]]}},{"type":"Feature","properties":{"density":1},"geometry":{"type":"Polygon","coordinates":[[[-110.938,33.173],[-110.658,33.372],[-110.443,33.557],[-110.289,33.655],[-110.146,33.727],[-109.85,33.838],[-109.772,33.84],[-109.73,33.796],[-109.728,33.725],[-109.789,33.629],[-109.904,33.528],[-110.057,33.448],[-110.385,33.299],[-110.63,33.163],[-110.742,33.122],[-110.897,33.097],[-110.928,33.109],[-110.938,33.166],[-110.938,33.173]]]}},{"type":"Feature","properties":{"density":1},"geometry":{"type":"Polygon","coordinates":[[[-114.395,38.156],[-114.339,38.374],[-114.213,38.54],[-113.988,38.689],[-113.334,38.833],[-113.038,38.937],[-112.782,39.292],[-112.68,39.47],[-112.63,39.747],[-112.547,39.951],[-112.403,40.171],[-112.176,40.357],[-111.956,40.501],[-111.63,40.668],[-109.769,42.161],[-109.36,42.698],[-108.857,43.286],[-107.676,44.949],[-107.152,45.998],[-106.909,46.624],[-106.487,47.251],[-105.975,47.967],[-105.246,48.53],[-104.415,48.747],[-103.609,48.786],[-103.097,48.786],[-102.24,48.402],[-101.32,47.878],[-100.744,47.353],[-99.631,45.46],[-99.555,44.808],[-99.619,44.169],[-99.925,43.657],[-100.936,42.813],[-101.447,42.57],[-103.389,41.457],[-104.935,40.826],[-106.049,40.195],[-106.481,39.877],[-106.907,39.672],[-107.248,39.542],[-107.726,39.394],[-107.959,39.28],[-108.053,39.192],[-107.899,39.164],[-107.459,39.159],[-107.05,39.068],[-106.84,38.974],[-106.772,38.896],[-106.757,38.823],[-106.764,38.714],[-106.81,38.532],[-106.893,38.409],[-107.052,38.315],[-108.225,37.797],[-108.485,37.638],[-108.664,37.55],[-108.74,37.55],[-108.806,37.577],[-108.849,37.62],[-108.877,37.701],[-108.864,37.822],[-108.695,38.047],[-108.743,38.04],[-108.914,37.949],[-109.162,37.891],[-109.849,37.656],[-109.91,37.689],[-109.95,37.764],[-109.943,37.908],[-109.852,38.161],[-109.49,38.522],[-109.307,38.661],[-109.216,38.786],[-109.205,39.029],[-109.167,39.222],[-108.863,39.853],[-108.883,39.868],[-109.861,39.183],[-110.498,38.899],[-111.229,38.524],[-112.241,38.073],[-112.446,38.024],[-113.06,37.997],[-113.791,37.929],[-114.115,37.925],[-114.231,37.949],[-114.371,38.029],[-114.402,38.08],[-114.402,38.14],[-114.395,38.156]]]}},{"type":"Feature","properties":{"density":1},"geometry":{"type":"Polygon","coordinates":[[[-111.909,34.957],[-111.932,35.008],[-111.93,35.077],[-111.804,35.269],[-111.033,35.99],[-110.883,36.033],[-110.467,36.076],[-110.287,36.068],[-110.06,35.995],[-109.977,35.896],[-109.977,35.795],[-110.007,35.684],[-110.045,35.619],[-110.131,35.55],[-110.388,35.414],[-110.987,35.227],[-111.24,35.168],[-111.614,35.023],[-111.812,34.91],[-111.868,34.9],[-111.907,34.927],[-111.909,34.957]]]}},{"type":"Feature","properties":{"density":2},"geometry":{"type":"Polygon","coordinates":[[[-111.857,35.012],[-111.776,35.196],[-111.689,35.337],[-111.588,35.435],[-111.539,35.465],[-111.479,35.468],[-111.449,35.433],[-111.443,35.396],[-111.479,35.297],[-111.515,35.247],[-111.768,34.961],[-111.828,34.962],[-111.857,34.995],[-111.857,35.012]]]}},{"type":"Feature","properties":{"density":2},"geometry":{"type":"Polygon","coordinates":[[[-112.554,38.316],[-112.415,38.555],[-112.179,38.896],[-111.808,39.247],[-111.578,39.517],[-111.261,39.824],[-110.772,40.175],[-110.647,40.222],[-110.59,40.212],[-110.552,40.179],[-110.515,40.087],[-110.502,40.006],[-110.532,39.905],[-110.9,39.493],[-112.112,38.413],[-112.331,38.265],[-112.503,38.221],[-112.561,38.235],[-112.55,38.302],[-112.554,38.316]]]}},{"type":"Feature","properties":{"density":2},"geometry":{"type":"Polygon","coordinates":[[[-107.288,62.131],[-108.617,62.207],[-110.037,62.496],[-111.275,62.693],[-112.71,62.792],[-113.462,62.815],[-114.442,62.913],[-114.7,62.917],[-115.042,63.31],[-115.059,63.891],[-114.563,64.694],[-114.375,65.155],[-114.324,65.634],[-114.375,66.181],[-114.751,66.625],[-115.349,66.898],[-115.708,67.018],[-116.238,67.223],[-116.511,67.291],[-117.058,67.274],[-118.151,67.154],[-118.561,66.932],[-118.886,66.642],[-119.091,66.129],[-119.091,65.856],[-118.869,65.412],[-118.288,64.967],[-117.57,64.694],[-116.648,64.284],[-116.169,63.72],[-116.015,62.934],[-116.084,62.217],[-116.306,61.977],[-116.853,61.892],[-117.314,61.909],[-118.049,61.909],[-119.518,61.807],[-120.424,61.567],[-120.731,61.516],[-120.953,61.226],[-121.107,60.833],[-121.141,60.218],[-120.748,59.739],[-120.014,59.312],[-119.193,59.107],[-118.339,58.97],[-117.16,58.919],[-116.665,59.09],[-115.503,59.261],[-114.785,59.329],[-113.47,59.056],[-112.034,58.919],[-110.958,58.851],[-110.223,58.782],[-109.762,58.68],[-109.164,58.304],[-108.293,58.099],[-107.387,57.638],[-106.687,57.433],[-105.08,57.245],[-104.465,57.091],[-104.192,56.852],[-103.765,56.339],[-103.355,55.997],[-102.706,55.895],[-102.618,55.937],[-102.585,56.054],[-102.675,56.29],[-102.892,56.548],[-102.952,56.859],[-102.96,57.246],[-102.937,57.535],[-102.861,57.854],[-102.641,58.105],[-102.102,58.188],[-101.57,57.884],[-101.38,57.527],[-101.221,56.996],[-101.13,56.76],[-100.978,56.601],[-100.826,56.593],[-100.591,57.079],[-100.462,57.125],[-100.143,56.95],[-100.021,56.768],[-99.96,56.647],[-99.33,56.343],[-98.783,56.214],[-98.259,56.214],[-97.576,56.305],[-97.371,56.487],[-97.318,56.616],[-97.659,56.867],[-97.895,57.011],[-98.1,57.246],[-98.313,57.565],[-98.411,57.884],[-98.252,58.507],[-98.016,58.735],[-97.956,59.077],[-97.986,59.244],[-98.054,59.395],[-98.168,59.601],[-98.419,59.836],[-98.905,60.109],[-99.406,60.246],[-100.051,60.33],[-101.183,60.36],[-101.821,60.231],[-103.188,60.14],[-104.031,60.155],[-105.42,59.844],[-105.997,59.593],[-106.407,59.297],[-107.061,59.061],[-107.554,58.985],[-108.42,58.955],[-109.05,59.001],[-109.764,59.168],[-110.25,59.358],[-110.85,59.669],[-111.123,59.745],[-111.548,59.73],[-111.837,59.676],[-112.088,59.684],[-112.262,59.707],[-112.877,59.927],[-113.158,60.049],[-113.485,60.231],[-113.887,60.405],[-114.419,60.717],[-114.518,60.823],[-114.571,61.036],[-114.373,61.355],[-114.016,61.59],[-113.584,61.772],[-113.242,61.856],[-112.718,61.757],[-111.746,61.241],[-110.493,61.005],[-109.961,60.96],[-108.822,60.929],[-107.433,61.043],[-106.711,61.157],[-106.043,61.157],[-105.572,61.051],[-105.147,60.914],[-104.722,60.884],[-104.334,60.975],[-104.137,61.165],[-104.069,61.324],[-104.061,61.499],[-104.152,61.712],[-104.319,61.879],[-104.501,61.955],[-104.836,62.031],[-105.451,62.076],[-106.453,62.076],[-106.992,62.099],[-107.288,62.131]]]}},{"type":"Feature","properties":{"density":2},"geometry":{"type":"Polygon","coordinates":[[[-78.975,49.847],[-79.675,50.359],[-80.376,50.838],[-80.735,51.35],[-81.008,51.914],[-81.093,52.512],[-80.735,53.383],[-79.966,54.033],[-78.496,54.579],[-76.104,55.16],[-75.028,55.365],[-74.191,55.417],[-73.097,55.28],[-72.072,55.126],[-71.32,54.46],[-71.064,54.05],[-70.91,53.332],[-70.739,52.7],[-70.825,52.068],[-70.893,51.248],[-70.927,49.864],[-70.705,48.941],[-70.705,48.514],[-71.252,48.104],[-72.345,47.933],[-72.858,48.001],[-73.49,48.309],[-74.345,48.77],[-74.737,49.163],[-74.943,49.522],[-75.199,49.881],[-75.523,50.222],[-75.831,50.41],[-76.378,50.427],[-76.532,50.325],[-76.719,50.086],[-77.01,49.624],[-77.095,49.556],[-77.488,49.402],[-77.693,49.402],[-78.223,49.454],[-78.753,49.693],[-78.975,49.847]]]}},{"type":"Feature","properties":{"density":2},"geometry":{"type":"Polygon","coordinates":[[[-105.581,24.107],[-105.137,24.739],[-104.214,25.508],[-102.711,26.447],[-101.874,26.687],[-100.934,26.875],[-100.473,26.704],[-100.216,26.533],[-100.097,26.02],[-100.148,25.61],[-100.387,25.149],[-100.951,24.568],[-101.395,24.038],[-101.788,23.389],[-102.096,22.808],[-102.335,22.09],[-102.369,21.492],[-102.062,20.621],[-101.891,20.467],[-101.532,20.262],[-101.327,20.228],[-100.831,20.228],[-99.157,20.826],[-98.627,21.065],[-98.046,21.134],[-97.551,20.929],[-97.141,20.501],[-97.038,20.091],[-97.226,19.869],[-97.739,19.579],[-98.081,19.51],[-99.67,18.964],[-100.148,18.759],[-100.575,18.622],[-101.207,18.451],[-101.993,18.349],[-102.899,18.332],[-103.377,18.468],[-103.719,18.605],[-104.112,18.93],[-104.266,19.203],[-104.454,19.647],[-104.539,20.143],[-104.556,20.536],[-104.522,20.929],[-104.454,21.356],[-104.3,22.022],[-104.283,22.415],[-104.488,22.688],[-104.573,22.757],[-104.744,22.825],[-104.932,22.859],[-105.393,23.03],[-105.581,23.218],[-105.701,23.457],[-105.701,23.816],[-105.616,23.987],[-105.581,24.107]]]}},{"type":"Feature","properties":{"density":2},"geometry":{"type":"Polygon","coordinates":[[[-98.843,55.396],[-98.98,55.477],[-99.238,55.68],[-99.273,55.776],[-99.253,55.867],[-99.207,55.913],[-99.162,55.938],[-99.066,55.938],[-99.005,55.908],[-98.924,55.837],[-98.853,55.746],[-98.701,55.483],[-98.696,55.442],[-98.716,55.407],[-98.802,55.381],[-98.843,55.396]]]}},{"type":"Feature","properties":{"density":2},"geometry":{"type":"Polygon","coordinates":[[[-102.054,55.278],[-102.307,55.349],[-102.655,55.383],[-102.706,55.42],[-102.722,55.484],[-102.665,55.511],[-102.587,55.515],[-102.479,55.491],[-102.311,55.417],[-102.047,55.332],[-101.96,55.315],[-102.054,55.278]]]}},{"type":"Feature","properties":{"density":2},"geometry":{"type":"Polygon","coordinates":[[[-109.64,63.127],[-109.589,63.097],[-109.58,63.043],[-109.603,63.002],[-109.715,62.957],[-110.056,62.893],[-110.389,62.852],[-110.821,62.815],[-110.881,62.821],[-110.89,62.845],[-110.882,62.864],[-110.822,62.891],[-110.512,62.915],[-109.754,63.031],[-109.717,63.055],[-109.709,63.125],[-109.657,63.136],[-109.64,63.127]]]}},{"type":"Feature","properties":{"density":2},"geometry":{"type":"Polygon","coordinates":[[[-71.613,18.259],[-71.732,18.194],[-72.146,17.908],[-72.218,17.838],[-72.209,17.793],[-72.061,17.847],[-71.712,18.133],[-71.59,18.198],[-71.541,18.241],[-71.566,18.268],[-71.597,18.266],[-71.613,18.259]]]}},{"type":"Feature","properties":{"density":2},"geometry":{"type":"Polygon","coordinates":[[[-71.148,55.162],[-71.045,55.118],[-70.85,54.987],[-70.763,54.908],[-70.743,54.85],[-70.79,54.748],[-70.838,54.743],[-70.911,54.774],[-71.078,54.909],[-71.192,55.034],[-71.215,55.071],[-71.218,55.118],[-71.18,55.156],[-71.155,55.159],[-71.148,55.162]]]}},{"type":"Feature","properties":{"density":2},"geometry":{"type":"Polygon","coordinates":[[[-69.145,53.13],[-69.099,53.134],[-69.017,53.087],[-68.904,52.884],[-68.686,52.646],[-68.659,52.576],[-68.675,52.536],[-68.725,52.525],[-68.808,52.558],[-68.95,52.654],[-69.066,52.766],[-69.184,52.948],[-69.205,53.006],[-69.192,53.103],[-69.158,53.13],[-69.145,53.13]]]}},{"type":"Feature","properties":{"density":2},"geometry":{"type":"Polygon","coordinates":[[[-61.656,55.441],[-61.536,55.454],[-61.399,55.408],[-61.22,55.323],[-61.176,55.256],[-61.216,55.218],[-61.284,55.233],[-61.556,55.364],[-61.661,55.425],[-61.659,55.44],[-61.656,55.441]]]}},{"type":"Feature","properties":{"density":2},"geometry":{"type":"Polygon","coordinates":[[[-65.694,53.542],[-65.385,53.466],[-65.112,53.331],[-65.071,53.278],[-65.057,53.223],[-65.052,53.121],[-65.069,53.081],[-65.141,53.036],[-65.273,53.038],[-65.504,53.145],[-65.562,53.186],[-65.77,53.458],[-65.773,53.506],[-65.705,53.541],[-65.694,53.542]]]}},{"type":"Feature","properties":{"density":2},"geometry":{"type":"Polygon","coordinates":[[[-72.648,54.376],[-72.418,54.363],[-72.326,54.336],[-72.262,54.291],[-72.042,54.024],[-71.935,53.768],[-71.876,53.691],[-71.671,53.616],[-71.193,53.507],[-70.994,53.444],[-70.91,53.399],[-70.855,53.332],[-70.832,53.27],[-70.875,53.198],[-71.046,53.15],[-71.45,53.111],[-71.664,53.158],[-71.818,53.21],[-72.037,53.302],[-72.468,53.534],[-72.553,53.549],[-72.705,53.502],[-72.757,53.444],[-72.819,53.357],[-72.907,53.123],[-72.949,53.093],[-73.046,53.083],[-73.118,53.116],[-73.185,53.238],[-73.223,53.494],[-73.223,53.599],[-73.178,53.756],[-73.078,53.897],[-73.026,53.945],[-72.859,54.017],[-72.824,54.062],[-72.814,54.114],[-72.844,54.258],[-72.83,54.29],[-72.75,54.364],[-72.668,54.38],[-72.648,54.376]]]}},{"type":"Feature","properties":{"density":2},"geometry":{"type":"Polygon","coordinates":[[[-76.521,54.782],[-76.436,54.795],[-76.336,54.784],[-76.237,54.702],[-76.223,54.623],[-76.257,54.6],[-76.313,54.615],[-76.46,54.742],[-76.521,54.753],[-76.528,54.778],[-76.521,54.782]]]}},{"type":"Feature","properties":{"density":2},"geometry":{"type":"Polygon","coordinates":[[[-75.437,53.995],[-75.61,54.061],[-75.707,54.121],[-75.723,54.181],[-75.704,54.235],[-75.571,54.287],[-75.492,54.289],[-75.095,54.219],[-74.813,54.099],[-74.445,53.898],[-74.384,53.806],[-74.398,53.742],[-74.442,53.717],[-74.561,53.693],[-74.882,53.673],[-75.025,53.684],[-75.181,53.718],[-75.283,53.779],[-75.361,53.859],[-75.411,53.969],[-75.437,53.995]]]}},{"type":"Feature","properties":{"density":2},"geometry":{"type":"Polygon","coordinates":[[[-79.545,53.657],[-79.612,53.642],[-79.677,53.606],[-79.78,53.503],[-79.851,53.372],[-79.863,53.212],[-79.77,52.857],[-79.715,52.74],[-79.643,52.66],[-79.457,52.526],[-79.347,52.519],[-79.305,52.551],[-79.28,52.608],[-79.268,52.673],[-79.28,52.756],[-79.338,53.001],[-79.437,53.226],[-79.468,53.396],[-79.471,53.556],[-79.49,53.621],[-79.524,53.659],[-79.545,53.657]]]}},{"type":"Feature","properties":{"density":2},"geometry":{"type":"Polygon","coordinates":[[[-77.196,54.928],[-77.112,54.998],[-77.056,55.021],[-76.995,55.019],[-76.932,54.973],[-76.898,54.926],[-76.89,54.872],[-76.91,54.725],[-76.912,54.528],[-76.932,54.437],[-77.005,54.291],[-77.111,54.198],[-77.844,53.895],[-78.294,53.748],[-78.482,53.715],[-78.57,53.721],[-78.656,53.744],[-78.731,53.807],[-78.772,53.988],[-78.761,54.078],[-78.716,54.164],[-78.543,54.305],[-78.145,54.445],[-77.801,54.508],[-77.42,54.614],[-77.266,54.74],[-77.206,54.92],[-77.196,54.928]]]}},{"type":"Feature","properties":{"density":2},"geometry":{"type":"Polygon","coordinates":[[[-88.983,53.569],[-89.046,53.678],[-89.04,53.781],[-88.953,53.9],[-88.866,53.975],[-88.774,54.018],[-88.684,54.022],[-88.667,53.975],[-88.677,53.945],[-88.802,53.774],[-88.909,53.567],[-88.98,53.563],[-88.983,53.569]]]}},{"type":"Feature","properties":{"density":2},"geometry":{"type":"Polygon","coordinates":[[[-88.5,54.789],[-88.502,54.916],[-88.48,54.959],[-88.416,54.999],[-88.363,54.996],[-88.349,54.964],[-88.357,54.942],[-88.469,54.782],[-88.498,54.779],[-88.5,54.789]]]}},{"type":"Feature","properties":{"density":2},"geometry":{"type":"Polygon","coordinates":[[[-89.669,55.32],[-89.697,55.4],[-89.69,55.442],[-89.633,55.453],[-89.577,55.428],[-89.578,55.378],[-89.635,55.31],[-89.666,55.313],[-89.669,55.32]]]}},{"type":"Feature","properties":{"density":2},"geometry":{"type":"Polygon","coordinates":[[[-94.657,57.986],[-94.861,58.077],[-94.889,58.098],[-94.916,58.167],[-94.897,58.187],[-94.845,58.181],[-94.684,58.102],[-94.615,58.025],[-94.618,57.983],[-94.642,57.981],[-94.657,57.986]]]}},{"type":"Feature","properties":{"density":2},"geometry":{"type":"Polygon","coordinates":[[[-97.361,56.8],[-97.384,56.916],[-97.378,56.941],[-97.348,56.961],[-97.317,56.935],[-97.311,56.823],[-97.323,56.791],[-97.358,56.796],[-97.361,56.8]]]}},{"type":"Feature","properties":{"density":2},"geometry":{"type":"Polygon","coordinates":[[[-96.933,57.801],[-97.112,57.878],[-97.443,57.99],[-97.493,58.042],[-97.493,58.071],[-97.419,58.099],[-97.299,58.091],[-97.222,58.077],[-96.983,57.981],[-96.922,57.944],[-96.887,57.88],[-96.883,57.795],[-96.932,57.8],[-96.933,57.801]]]}},{"type":"Feature","properties":{"density":2},"geometry":{"type":"Polygon","coordinates":[[[-96.987,58.27],[-97.099,58.331],[-97.161,58.414],[-97.176,58.506],[-97.156,58.542],[-97.061,58.602],[-97.014,58.618],[-96.925,58.619],[-96.822,58.56],[-96.797,58.517],[-96.797,58.475],[-96.833,58.39],[-96.922,58.289],[-96.975,58.267],[-96.987,58.27]]]}},{"type":"Feature","properties":{"density":2},"geometry":{"type":"Polygon","coordinates":[[[-97.644,59.113],[-97.645,59.164],[-97.584,59.247],[-97.424,59.364],[-97.33,59.391],[-97.319,59.338],[-97.342,59.205],[-97.39,59.134],[-97.583,58.989],[-97.602,58.997],[-97.64,59.098],[-97.644,59.113]]]}},{"type":"Feature","properties":{"density":2},"geometry":{"type":"Polygon","coordinates":[[[-98.855,55.399],[-99.006,55.433],[-99.222,55.519],[-99.367,55.633],[-99.42,55.701],[-99.579,55.817],[-99.621,55.87],[-99.632,55.93],[-99.619,55.959],[-99.549,56.009],[-99.453,56.026],[-99.306,56.043],[-99.171,56.033],[-99.057,55.985],[-99.018,55.946],[-99.006,55.888],[-99.021,55.828],[-98.996,55.816],[-98.77,55.879],[-98.654,55.869],[-98.565,55.834],[-98.533,55.809],[-98.528,55.773],[-98.633,55.673],[-98.698,55.582],[-98.73,55.433],[-98.787,55.405],[-98.847,55.398],[-98.855,55.399]]]}},{"type":"Feature","properties":{"density":2},"geometry":{"type":"Polygon","coordinates":[[[-97.667,58.216],[-97.725,58.274],[-97.744,58.355],[-97.728,58.424],[-97.682,58.443],[-97.647,58.432],[-97.617,58.367],[-97.632,58.211],[-97.661,58.21],[-97.667,58.216]]]}},{"type":"Feature","properties":{"density":2},"geometry":{"type":"Polygon","coordinates":[[[-98.472,58.065],[-98.501,58.081],[-98.559,58.165],[-98.57,58.198],[-98.546,58.244],[-98.489,58.211],[-98.408,58.11],[-98.41,58.073],[-98.461,58.061],[-98.472,58.065]]]}},{"type":"Feature","properties":{"density":2},"geometry":{"type":"Polygon","coordinates":[[[-99.104,56.649],[-99.267,56.727],[-99.314,56.791],[-99.306,56.835],[-99.278,56.848],[-99.206,56.839],[-99.134,56.786],[-99.073,56.693],[-99.078,56.659],[-99.095,56.651],[-99.104,56.649]]]}},{"type":"Feature","properties":{"density":2},"geometry":{"type":"Polygon","coordinates":[[[-99.753,56.381],[-99.956,56.452],[-100.072,56.523],[-100.102,56.549],[-100.097,56.624],[-100.06,56.64],[-99.909,56.647],[-99.745,56.627],[-99.654,56.583],[-99.615,56.526],[-99.603,56.459],[-99.613,56.434],[-99.665,56.391],[-99.742,56.374],[-99.753,56.381]]]}},{"type":"Feature","properties":{"density":2},"geometry":{"type":"Polygon","coordinates":[[[-100.946,56.642],[-101.025,56.665],[-101.187,56.675],[-101.315,56.75],[-101.385,56.811],[-101.475,56.946],[-101.517,57.122],[-101.503,57.178],[-101.44,57.206],[-101.327,57.197],[-101.118,57.165],[-101.031,57.13],[-101.001,57.089],[-100.961,56.969],[-100.814,56.709],[-100.814,56.671],[-100.834,56.645],[-100.941,56.639],[-100.946,56.642]]]}},{"type":"Feature","properties":{"density":2},"geometry":{"type":"Polygon","coordinates":[[[-100.806,54.352],[-100.926,54.401],[-100.967,54.432],[-100.968,54.45],[-100.914,54.453],[-100.778,54.385],[-100.768,54.361],[-100.802,54.351],[-100.806,54.352]]]}},{"type":"Feature","properties":{"density":2},"geometry":{"type":"Polygon","coordinates":[[[-101.954,56.767],[-102.168,56.949],[-102.162,57.005],[-102.097,57.006],[-102.009,56.942],[-101.928,56.854],[-101.896,56.77],[-101.946,56.762],[-101.954,56.767]]]}},{"type":"Feature","properties":{"density":2},"geometry":{"type":"Polygon","coordinates":[[[-101.515,56.859],[-101.612,56.921],[-101.664,56.981],[-101.689,57.062],[-101.682,57.112],[-101.622,57.104],[-101.539,57.015],[-101.474,56.882],[-101.475,56.848],[-101.497,56.846],[-101.515,56.859]]]}},{"type":"Feature","properties":{"density":2},"geometry":{"type":"Polygon","coordinates":[[[-102.926,56.337],[-103.081,56.408],[-103.296,56.564],[-103.353,56.636],[-103.344,56.675],[-103.291,56.684],[-103.218,56.654],[-103.023,56.52],[-102.889,56.367],[-102.894,56.339],[-102.92,56.335],[-102.926,56.337]]]}},{"type":"Feature","properties":{"density":2},"geometry":{"type":"Polygon","coordinates":[[[-103.323,57.013],[-103.445,57.112],[-103.492,57.198],[-103.501,57.267],[-103.441,57.282],[-103.36,57.22],[-103.282,57.073],[-103.287,57.014],[-103.314,57.014],[-103.323,57.013]]]}},{"type":"Feature","properties":{"density":2},"geometry":{"type":"Polygon","coordinates":[[[-103.258,57.388],[-103.314,57.417],[-103.423,57.514],[-103.455,57.568],[-103.448,57.618],[-103.346,57.598],[-103.306,57.56],[-103.229,57.445],[-103.227,57.4],[-103.25,57.393],[-103.258,57.388]]]}},{"type":"Feature","properties":{"density":2},"geometry":{"type":"Polygon","coordinates":[[[-102.702,55.986],[-102.97,56.082],[-103.173,56.176],[-103.207,56.212],[-103.205,56.278],[-103.123,56.287],[-103.052,56.265],[-102.747,56.1],[-102.665,56.029],[-102.656,55.997],[-102.691,55.984],[-102.702,55.986]]]}},{"type":"Feature","properties":{"density":2},"geometry":{"type":"Polygon","coordinates":[[[-103.839,58.754],[-103.848,58.948],[-103.801,59.065],[-103.728,59.11],[-103.65,59.11],[-103.6,59.032],[-103.579,58.934],[-103.607,58.827],[-103.691,58.707],[-103.819,58.731],[-103.839,58.748],[-103.839,58.754]]]}},{"type":"Feature","properties":{"density":2},"geometry":{"type":"Polygon","coordinates":[[[-104.667,58.283],[-104.731,58.38],[-104.727,58.464],[-104.669,58.519],[-104.569,58.535],[-104.535,58.504],[-104.537,58.466],[-104.587,58.308],[-104.611,58.265],[-104.654,58.269],[-104.667,58.283]]]}},{"type":"Feature","properties":{"density":2},"geometry":{"type":"Polygon","coordinates":[[[-102.975,59.408],[-103.047,59.503],[-103.072,59.564],[-103.069,59.632],[-103.035,59.677],[-102.724,59.816],[-102.431,59.862],[-102.362,59.849],[-102.343,59.766],[-102.366,59.689],[-102.554,59.478],[-102.616,59.464],[-102.746,59.508],[-102.776,59.501],[-102.888,59.388],[-102.971,59.404],[-102.975,59.408]]]}},{"type":"Feature","properties":{"density":2},"geometry":{"type":"Polygon","coordinates":[[[-101.945,58.14],[-101.992,58.199],[-102.012,58.296],[-101.993,58.344],[-101.916,58.381],[-101.881,58.362],[-101.88,58.185],[-101.888,58.147],[-101.936,58.133],[-101.945,58.14]]]}},{"type":"Feature","properties":{"density":2},"geometry":{"type":"Polygon","coordinates":[[[-106.09,56.894],[-106.394,56.982],[-106.444,57.033],[-106.45,57.07],[-106.407,57.099],[-106.237,57.04],[-106.036,56.924],[-106.044,56.899],[-106.08,56.893],[-106.09,56.894]]]}},{"type":"Feature","properties":{"density":2},"geometry":{"type":"Polygon","coordinates":[[[-104.892,57.605],[-105.0,57.677],[-105.017,57.719],[-104.973,57.735],[-104.9,57.694],[-104.859,57.622],[-104.885,57.602],[-104.892,57.605]]]}},{"type":"Feature","properties":{"density":2},"geometry":{"type":"Polygon","coordinates":[[[-71.621,18.264],[-71.808,18.242],[-72.267,18.079],[-72.587,17.881],[-72.66,17.789],[-72.901,17.567],[-73.108,17.406],[-73.172,17.307],[-73.167,17.216],[-73.123,17.193],[-73.007,17.205],[-72.848,17.296],[-72.616,17.493],[-72.017,17.865],[-71.859,18.023],[-71.622,18.181],[-71.584,18.227],[-71.616,18.263],[-71.621,18.264]]]}},{"type":"Feature","properties":{"density":2},"geometry":{"type":"Polygon","coordinates":[[[-109.684,63.119],[-109.622,63.165],[-109.552,63.184],[-109.454,63.144],[-109.304,63.004],[-109.29,62.973],[-109.294,62.909],[-109.377,62.833],[-109.46,62.798],[-109.728,62.834],[-109.766,62.878],[-109.768,62.913],[-109.692,63.113],[-109.684,63.119]]]}},{"type":"Feature","properties":{"density":2},"geometry":{"type":"Polygon","coordinates":[[[-112.893,60.125],[-113.23,60.1],[-113.293,60.122],[-113.296,60.163],[-113.202,60.242],[-113.141,60.265],[-112.951,60.284],[-112.884,60.262],[-112.869,60.242],[-112.854,60.138],[-112.882,60.123],[-112.893,60.125]]]}},{"type":"Feature","properties":{"density":2},"geometry":{"type":"Polygon","coordinates":[[[-113.282,60.282],[-113.312,60.307],[-113.394,60.315],[-113.678,60.264],[-113.732,60.199],[-113.733,60.127],[-113.706,60.101],[-113.647,60.086],[-113.5,60.1],[-113.368,60.148],[-113.303,60.189],[-113.278,60.23],[-113.279,60.273],[-113.282,60.282]]]}},{"type":"Feature","properties":{"density":2},"geometry":{"type":"Polygon","coordinates":[[[-113.798,60.132],[-113.746,60.287],[-113.746,60.308],[-113.768,60.32],[-114.287,60.28],[-114.345,60.197],[-114.352,60.134],[-114.339,60.073],[-114.301,60.006],[-114.269,59.983],[-114.183,59.962],[-114.027,59.969],[-113.901,60.002],[-113.861,60.027],[-113.8,60.116],[-113.798,60.132]]]}},{"type":"Feature","properties":{"density":2},"geometry":{"type":"Polygon","coordinates":[[[-113.669,59.02],[-113.78,59.006],[-114.092,58.876],[-114.173,58.805],[-114.203,58.755],[-114.21,58.682],[-114.188,58.646],[-114.098,58.633],[-114.048,58.643],[-113.738,58.847],[-113.627,58.959],[-113.634,59.004],[-113.663,59.019],[-113.669,59.02]]]}},{"type":"Feature","properties":{"density":2},"geometry":{"type":"Polygon","coordinates":[[[-119.93,63.744],[-120.011,63.784],[-120.22,63.83],[-120.243,63.87],[-120.243,63.911],[-120.214,63.966],[-120.191,63.986],[-120.121,64.003],[-120.035,64.001],[-119.962,63.98],[-119.844,63.914],[-119.802,63.827],[-119.816,63.742],[-119.847,63.716],[-119.925,63.739],[-119.93,63.744]]]}},{"type":"Feature","properties":{"density":2},"geometry":{"type":"Polygon","coordinates":[[[-119.19,64.077],[-119.283,64.117],[-119.305,64.143],[-119.301,64.167],[-119.25,64.184],[-119.169,64.175],[-119.145,64.113],[-119.156,64.082],[-119.178,64.073],[-119.19,64.077]]]}},{"type":"Feature","properties":{"density":2},"geometry":{"type":"Polygon","coordinates":[[[-121.42,61.798],[-121.503,61.799],[-121.531,61.767],[-121.435,61.761],[-121.419,61.794],[-121.42,61.798]]]}},{"type":"Feature","properties":{"density":2},"geometry":{"type":"Polygon","coordinates":[[[-122.198,61.837],[-122.451,61.898],[-122.562,61.904],[-122.734,61.827],[-122.778,61.789],[-122.784,61.736],[-122.75,61.694],[-122.677,61.661],[-122.612,61.665],[-122.484,61.72],[-122.226,61.76],[-122.161,61.797],[-122.188,61.831],[-122.198,61.837]]]}},{"type":"Feature","properties":{"density":2},"geometry":{"type":"Polygon","coordinates":[[[-125.4,64.117],[-125.426,64.143],[-125.437,64.19],[-125.413,64.285],[-125.335,64.332],[-125.242,64.337],[-125.221,64.298],[-125.226,64.256],[-125.279,64.09],[-125.323,64.084],[-125.395,64.107],[-125.4,64.117]]]}},{"type":"Feature","properties":{"density":2},"geometry":{"type":"Polygon","coordinates":[[[-123.608,64.275],[-123.796,64.339],[-123.813,64.366],[-123.805,64.391],[-123.739,64.416],[-123.526,64.442],[-123.511,64.397],[-123.523,64.302],[-123.54,64.282],[-123.604,64.273],[-123.608,64.275]]]}},{"type":"Feature","properties":{"density":2},"geometry":{"type":"Polygon","coordinates":[[[-123.369,63.764],[-123.514,63.826],[-123.539,63.891],[-123.524,63.936],[-123.487,63.956],[-123.429,63.958],[-123.319,63.891],[-123.305,63.872],[-123.309,63.817],[-123.336,63.765],[-123.366,63.761],[-123.369,63.764]]]}},{"type":"Feature","properties":{"density":2},"geometry":{"type":"Polygon","coordinates":[[[-109.088,39.086],[-108.825,39.371],[-108.799,39.393],[-108.762,39.393],[-108.812,39.29],[-109.027,39.053],[-109.084,39.033],[-109.093,39.073],[-109.088,39.086]]]}},{"type":"Feature","properties":{"density":2},"geometry":{"type":"Polygon","coordinates":[[[-112.075,39.291],[-111.684,39.661],[-111.02,40.201],[-109.866,41.374],[-109.345,42.081],[-108.285,42.875],[-107.21,43.718],[-106.772,44.484],[-106.571,45.366],[-106.44,46.479],[-106.303,47.013],[-106.183,47.6],[-105.692,48.091],[-105.303,48.364],[-104.407,48.377],[-103.96,48.107],[-103.56,47.689],[-103.049,47.038],[-102.584,46.238],[-102.372,45.979],[-102.12,45.773],[-101.835,45.465],[-101.411,45.141],[-101.15,44.777],[-101.13,44.144],[-101.171,43.884],[-101.332,43.562],[-101.469,43.434],[-101.613,43.257],[-101.93,43.056],[-102.79,42.858],[-103.429,42.91],[-104.096,43.17],[-104.691,43.183],[-105.169,43.034],[-105.826,42.749],[-106.643,42.099],[-107.201,41.694],[-107.403,41.591],[-107.808,41.314],[-108.044,41.066],[-108.519,40.735],[-108.852,40.518],[-109.007,40.452],[-109.763,40.02],[-110.587,39.606],[-111.036,39.43],[-111.533,39.256],[-111.65,39.2],[-112.018,39.083],[-112.198,39.079],[-112.216,39.092],[-112.214,39.131],[-112.085,39.283],[-112.075,39.291]]]}},{"type":"Feature","properties":{"density":2},"geometry":{"type":"Polygon","coordinates":[[[-112.423,38.421],[-112.335,38.472],[-112.177,38.632],[-112.074,38.781],[-112.011,38.828],[-111.864,38.924],[-111.795,38.933],[-111.76,38.908],[-111.752,38.877],[-111.813,38.74],[-112.063,38.452],[-112.314,38.318],[-112.48,38.281],[-112.511,38.305],[-112.507,38.345],[-112.449,38.408],[-112.423,38.421]]]}},{"type":"Feature","properties":{"density":2},"geometry":{"type":"Polygon","coordinates":[[[-111.858,35.001],[-111.764,35.185],[-111.709,35.244],[-111.657,35.256],[-111.671,35.214],[-111.767,35.108],[-111.831,34.992],[-111.853,34.98],[-111.858,34.997],[-111.858,35.001]]]}},{"type":"Feature","properties":{"density":2},"geometry":{"type":"Polygon","coordinates":[[[-151.177,67.39],[-151.185,67.419],[-151.231,67.462],[-151.302,67.476],[-151.451,67.438],[-151.487,67.384],[-151.478,67.361],[-151.435,67.343],[-151.292,67.36],[-151.211,67.353],[-151.179,67.379],[-151.177,67.39]]]}},{"type":"Feature","properties":{"density":2},"geometry":{"type":"Polygon","coordinates":[[[-151.953,67.583],[-151.859,67.562],[-151.829,67.541],[-151.822,67.52],[-151.849,67.468],[-151.937,67.456],[-151.974,67.564],[-151.963,67.584],[-151.953,67.583]]]}},{"type":"Feature","properties":{"density":2},"geometry":{"type":"Polygon","coordinates":[[[-159.724,65.356],[-159.786,65.159],[-159.767,65.116],[-159.705,65.135],[-159.678,65.175],[-159.666,65.337],[-159.678,65.356],[-159.71,65.36],[-159.724,65.356]]]}},{"type":"Feature","properties":{"density":2},"geometry":{"type":"Polygon","coordinates":[[[-121.803,63.218],[-121.943,63.233],[-121.999,63.293],[-121.984,63.312],[-121.927,63.315],[-121.815,63.291],[-121.762,63.251],[-121.771,63.224],[-121.795,63.219],[-121.803,63.218]]]}},{"type":"Feature","properties":{"density":2},"geometry":{"type":"Polygon","coordinates":[[[-117.711,65.168],[-117.704,65.279],[-117.679,65.329],[-117.631,65.372],[-117.6,65.379],[-117.571,65.361],[-117.534,65.254],[-117.546,65.204],[-117.639,65.154],[-117.698,65.144],[-117.711,65.161],[-117.711,65.168]]]}},{"type":"Feature","properties":{"density":2},"geometry":{"type":"Polygon","coordinates":[[[-117.297,65.142],[-117.183,65.254],[-117.105,65.293],[-117.026,65.298],[-116.947,65.277],[-116.894,65.239],[-116.887,65.206],[-116.901,65.165],[-116.941,65.126],[-117.119,65.074],[-117.234,65.079],[-117.298,65.134],[-117.297,65.142]]]}},{"type":"Feature","properties":{"density":2},"geometry":{"type":"Polygon","coordinates":[[[-69.168,53.143],[-69.097,53.147],[-68.945,53.091],[-68.734,52.914],[-68.697,52.845],[-68.403,52.481],[-68.345,52.359],[-68.329,52.268],[-68.384,52.158],[-68.521,52.12],[-68.749,52.191],[-68.811,52.228],[-68.991,52.401],[-69.076,52.527],[-69.188,52.893],[-69.216,53.049],[-69.179,53.136],[-69.168,53.143]]]}},{"type":"Feature","properties":{"density":2},"geometry":{"type":"Polygon","coordinates":[[[-69.681,52.374],[-69.553,52.369],[-69.382,52.201],[-69.34,52.134],[-69.304,52.013],[-69.298,51.927],[-69.325,51.877],[-69.4,51.846],[-69.483,51.853],[-69.583,51.907],[-69.645,51.975],[-69.757,52.168],[-69.784,52.257],[-69.768,52.327],[-69.693,52.373],[-69.681,52.374]]]}},{"type":"Feature","properties":{"density":2},"geometry":{"type":"Polygon","coordinates":[[[-68.852,52.059],[-68.755,52.069],[-68.524,51.879],[-68.444,51.771],[-68.431,51.703],[-68.461,51.651],[-68.516,51.623],[-68.603,51.619],[-68.66,51.649],[-68.802,51.836],[-68.855,51.954],[-68.86,52.049],[-68.852,52.059]]]}},{"type":"Feature","properties":{"density":2},"geometry":{"type":"Polygon","coordinates":[[[-68.079,52.896],[-68.008,52.902],[-67.912,52.865],[-67.675,52.719],[-67.575,52.638],[-67.551,52.582],[-67.553,52.53],[-67.568,52.51],[-67.619,52.497],[-67.708,52.545],[-67.929,52.736],[-68.069,52.82],[-68.093,52.855],[-68.085,52.893],[-68.079,52.896]]]}},{"type":"Feature","properties":{"density":2},"geometry":{"type":"Polygon","coordinates":[[[-65.64,53.605],[-65.61,53.618],[-65.497,53.607],[-65.409,53.569],[-65.243,53.45],[-64.816,53.25],[-64.744,53.194],[-64.569,52.982],[-64.454,52.795],[-64.465,52.716],[-64.498,52.662],[-64.727,52.496],[-64.782,52.476],[-64.862,52.474],[-65.002,52.529],[-65.257,52.67],[-65.441,52.918],[-65.761,53.464],[-65.771,53.49],[-65.76,53.534],[-65.676,53.554],[-65.659,53.571],[-65.64,53.605]]]}},{"type":"Feature","properties":{"density":2},"geometry":{"type":"Polygon","coordinates":[[[-66.904,52.421],[-66.83,52.43],[-66.755,52.412],[-66.565,52.29],[-66.425,52.123],[-66.402,52.062],[-66.414,51.995],[-66.502,51.985],[-66.612,52.042],[-66.926,52.343],[-66.94,52.388],[-66.914,52.417],[-66.904,52.421]]]}},{"type":"Feature","properties":{"density":2},"geometry":{"type":"Polygon","coordinates":[[[-66.115,52.472],[-66.036,52.487],[-65.887,52.46],[-65.644,52.32],[-65.501,52.265],[-65.469,52.239],[-65.457,52.202],[-65.466,52.165],[-65.559,52.058],[-65.6,52.052],[-65.732,52.092],[-66.08,52.258],[-66.142,52.365],[-66.147,52.441],[-66.131,52.463],[-66.115,52.472]]]}},{"type":"Feature","properties":{"density":2},"geometry":{"type":"Polygon","coordinates":[[[-61.624,55.492],[-61.506,55.521],[-61.352,55.473],[-61.003,55.29],[-60.974,55.234],[-60.987,55.194],[-61.037,55.157],[-61.146,55.138],[-61.661,55.163],[-61.695,55.199],[-61.703,55.332],[-61.664,55.461],[-61.632,55.488],[-61.624,55.492]]]}},{"type":"Feature","properties":{"density":2},"geometry":{"type":"Polygon","coordinates":[[[-61.414,54.802],[-61.317,54.856],[-61.182,54.863],[-60.537,54.684],[-60.48,54.645],[-60.474,54.579],[-60.518,54.528],[-60.588,54.506],[-60.881,54.535],[-61.278,54.536],[-61.35,54.559],[-61.371,54.583],[-61.419,54.703],[-61.423,54.793],[-61.414,54.802]]]}},{"type":"Feature","properties":{"density":2},"geometry":{"type":"Polygon","coordinates":[[[-62.857,54.392],[-62.662,54.451],[-62.496,54.437],[-62.389,54.38],[-62.33,54.372],[-62.077,54.423],[-61.846,54.432],[-61.691,54.39],[-61.578,54.313],[-61.503,54.219],[-61.508,54.173],[-61.576,54.127],[-61.655,54.107],[-61.868,53.955],[-61.938,53.932],[-62.177,53.914],[-62.363,53.932],[-62.469,53.964],[-62.62,53.955],[-62.684,53.969],[-62.817,54.064],[-62.833,54.136],[-62.798,54.232],[-62.873,54.334],[-62.863,54.386],[-62.857,54.392]]]}},{"type":"Feature","properties":{"density":2},"geometry":{"type":"Polygon","coordinates":[[[-71.191,55.166],[-71.1,55.172],[-70.916,55.12],[-70.737,55.029],[-70.587,54.915],[-70.189,54.529],[-70.157,54.487],[-70.151,54.45],[-70.178,54.395],[-70.262,54.374],[-70.375,54.394],[-70.597,54.472],[-70.828,54.592],[-71.105,54.86],[-71.234,55.021],[-71.249,55.103],[-71.203,55.159],[-71.191,55.166]]]}},{"type":"Feature","properties":{"density":2},"geometry":{"type":"Polygon","coordinates":[[[-77.251,54.928],[-77.174,54.988],[-77.022,55.063],[-76.699,55.169],[-75.871,55.307],[-75.577,55.337],[-75.375,55.293],[-75.331,55.254],[-75.373,55.14],[-75.47,55.092],[-75.478,55.07],[-75.466,55.052],[-75.173,55.061],[-75.068,55.032],[-75.02,54.997],[-75.011,54.938],[-75.033,54.89],[-75.112,54.852],[-75.213,54.83],[-75.595,54.813],[-75.975,54.758],[-76.249,54.677],[-76.601,54.532],[-76.718,54.525],[-77.037,54.651],[-77.181,54.727],[-77.231,54.768],[-77.264,54.821],[-77.255,54.919],[-77.251,54.928]]]}},{"type":"Feature","properties":{"density":2},"geometry":{"type":"Polygon","coordinates":[[[-75.088,54.233],[-74.749,54.271],[-74.531,54.237],[-74.45,54.184],[-74.361,54.026],[-74.319,53.851],[-74.322,53.668],[-74.366,53.563],[-74.415,53.515],[-74.628,53.462],[-75.097,53.488],[-75.293,53.48],[-75.323,53.498],[-75.288,53.729],[-75.341,53.922],[-75.332,54.006],[-75.29,54.09],[-75.251,54.129],[-75.115,54.221],[-75.088,54.233]]]}},{"type":"Feature","properties":{"density":2},"geometry":{"type":"Polygon","coordinates":[[[-68.81,57.263],[-68.74,57.295],[-68.682,57.298],[-68.361,57.22],[-68.184,57.132],[-68.137,57.06],[-68.137,57.008],[-68.148,56.989],[-68.205,56.983],[-68.324,57.012],[-68.472,57.096],[-68.814,57.236],[-68.814,57.259],[-68.81,57.263]]]}},{"type":"Feature","properties":{"density":2},"geometry":{"type":"Polygon","coordinates":[[[-67.074,58.027],[-67.01,58.066],[-66.971,58.047],[-66.98,58.019],[-67.064,58.013],[-67.074,58.025],[-67.074,58.027]]]}},{"type":"Feature","properties":{"density":2},"geometry":{"type":"Polygon","coordinates":[[[-78.443,53.503],[-78.105,53.655],[-77.903,53.723],[-77.444,53.76],[-77.306,53.732],[-77.249,53.709],[-77.238,53.69],[-77.235,53.653],[-77.262,53.617],[-77.358,53.587],[-77.597,53.536],[-78.036,53.481],[-78.366,53.391],[-78.415,53.391],[-78.456,53.423],[-78.455,53.496],[-78.443,53.503]]]}},{"type":"Feature","properties":{"density":2},"geometry":{"type":"Polygon","coordinates":[[[-78.976,50.067],[-78.909,50.077],[-78.734,50.044],[-78.607,49.994],[-78.374,49.83],[-78.342,49.778],[-78.347,49.738],[-78.376,49.715],[-78.501,49.697],[-78.705,49.738],[-78.974,49.943],[-79.0,50.011],[-78.982,50.064],[-78.976,50.067]]]}},{"type":"Feature","properties":{"density":2},"geometry":{"type":"Polygon","coordinates":[[[-79.689,53.264],[-79.745,53.27],[-79.833,53.247],[-79.912,53.084],[-79.929,52.923],[-79.803,52.636],[-79.756,52.6],[-79.616,52.592],[-79.556,52.607],[-79.487,52.669],[-79.467,52.778],[-79.5,52.943],[-79.45,53.124],[-79.525,53.195],[-79.669,53.264],[-79.689,53.264]]]}},{"type":"Feature","properties":{"density":2},"geometry":{"type":"Polygon","coordinates":[[[-74.938,20.434],[-75.066,20.465],[-75.201,20.469],[-75.279,20.454],[-75.302,20.422],[-75.257,20.402],[-75.148,20.391],[-74.963,20.4],[-74.935,20.428],[-74.938,20.434]]]}},{"type":"Feature","properties":{"density":2},"geometry":{"type":"Polygon","coordinates":[[[-71.685,18.271],[-71.913,18.251],[-72.075,18.216],[-72.427,17.973],[-72.921,17.679],[-73.842,17.295],[-74.044,17.178],[-74.203,16.986],[-74.282,16.83],[-74.39,16.49],[-74.414,16.367],[-74.396,16.33],[-74.332,16.334],[-74.139,16.412],[-74.06,16.487],[-73.878,16.713],[-73.632,16.892],[-73.029,17.267],[-72.541,17.641],[-72.031,17.974],[-71.604,18.182],[-71.573,18.226],[-71.583,18.263],[-71.672,18.272],[-71.685,18.271]]]}},{"type":"Feature","properties":{"density":2},"geometry":{"type":"Polygon","coordinates":[[[-88.986,53.566],[-89.066,53.757],[-89.061,53.836],[-88.948,54.174],[-88.861,54.288],[-88.765,54.367],[-88.658,54.41],[-88.56,54.412],[-88.531,54.387],[-88.528,54.297],[-88.763,53.722],[-88.858,53.589],[-88.915,53.549],[-88.983,53.562],[-88.986,53.566]]]}},{"type":"Feature","properties":{"density":2},"geometry":{"type":"Polygon","coordinates":[[[-89.666,55.312],[-89.685,55.408],[-89.654,55.508],[-89.622,55.551],[-89.496,55.569],[-89.435,55.532],[-89.412,55.448],[-89.43,55.373],[-89.612,55.297],[-89.657,55.301],[-89.666,55.312]]]}},{"type":"Feature","properties":{"density":2},"geometry":{"type":"Polygon","coordinates":[[[-85.819,54.675],[-85.82,54.817],[-85.803,54.839],[-85.752,54.856],[-85.701,54.846],[-85.697,54.802],[-85.782,54.669],[-85.816,54.667],[-85.819,54.675]]]}},{"type":"Feature","properties":{"density":2},"geometry":{"type":"Polygon","coordinates":[[[-101.004,56.66],[-101.324,56.766],[-101.58,56.826],[-101.691,56.873],[-101.755,56.943],[-101.867,57.158],[-101.881,57.308],[-101.873,57.368],[-101.843,57.416],[-101.727,57.553],[-101.553,57.595],[-101.362,57.603],[-101.133,57.475],[-101.048,57.374],[-100.934,57.173],[-100.848,56.937],[-100.798,56.714],[-100.806,56.64],[-100.82,56.63],[-100.937,56.62],[-100.995,56.647],[-101.004,56.66]]]}},{"type":"Feature","properties":{"density":2},"geometry":{"type":"Polygon","coordinates":[[[-101.955,56.745],[-102.309,56.967],[-102.383,57.041],[-102.456,57.187],[-102.449,57.273],[-102.399,57.295],[-102.317,57.286],[-102.156,57.174],[-101.908,56.862],[-101.884,56.792],[-101.9,56.751],[-101.944,56.742],[-101.955,56.745]]]}},{"type":"Feature","properties":{"density":2},"geometry":{"type":"Polygon","coordinates":[[[-99.158,56.653],[-99.318,56.72],[-99.425,56.747],[-99.487,56.8],[-99.514,56.892],[-99.516,56.986],[-99.481,57.135],[-99.432,57.185],[-99.376,57.209],[-99.25,57.199],[-99.04,57.04],[-98.788,56.939],[-98.709,56.871],[-98.687,56.825],[-98.657,56.662],[-98.689,56.596],[-98.792,56.601],[-98.943,56.662],[-99.153,56.652],[-99.158,56.653]]]}},{"type":"Feature","properties":{"density":2},"geometry":{"type":"Polygon","coordinates":[[[-97.38,56.789],[-97.491,56.864],[-97.551,56.925],[-97.592,57.002],[-97.609,57.201],[-97.586,57.274],[-97.544,57.31],[-97.466,57.322],[-97.397,57.307],[-97.326,57.262],[-97.202,57.08],[-97.2,57.002],[-97.264,56.87],[-97.277,56.79],[-97.303,56.764],[-97.37,56.782],[-97.38,56.789]]]}},{"type":"Feature","properties":{"density":2},"geometry":{"type":"Polygon","coordinates":[[[-94.695,57.999],[-94.695,58.044],[-94.666,58.089],[-94.612,58.127],[-94.405,58.155],[-94.054,58.143],[-93.871,58.078],[-93.815,58.046],[-93.794,58.01],[-93.815,57.96],[-93.875,57.939],[-94.014,57.929],[-94.506,57.974],[-94.656,57.963],[-94.688,57.982],[-94.695,57.999]]]}},{"type":"Feature","properties":{"density":2},"geometry":{"type":"Polygon","coordinates":[[[-99.787,56.374],[-100.242,56.573],[-100.353,56.637],[-100.415,56.734],[-100.419,56.823],[-100.375,56.874],[-100.136,56.968],[-99.879,57.006],[-99.735,56.984],[-99.572,56.878],[-99.52,56.828],[-99.463,56.707],[-99.449,56.554],[-99.5,56.475],[-99.559,56.422],[-99.628,56.385],[-99.753,56.364],[-99.787,56.374]]]}},{"type":"Feature","properties":{"density":2},"geometry":{"type":"Polygon","coordinates":[[[-99.591,56.415],[-99.393,56.512],[-99.248,56.536],[-99.154,56.523],[-98.919,56.361],[-98.609,56.192],[-98.535,56.126],[-98.427,56.003],[-98.408,55.932],[-98.412,55.81],[-98.517,55.579],[-98.673,55.379],[-98.794,55.351],[-98.989,55.388],[-99.059,55.423],[-99.202,55.544],[-99.596,55.775],[-99.767,55.925],[-99.877,56.128],[-99.887,56.183],[-99.876,56.233],[-99.817,56.323],[-99.742,56.361],[-99.62,56.393],[-99.591,56.415]]]}},{"type":"Feature","properties":{"density":2},"geometry":{"type":"Polygon","coordinates":[[[-103.082,59.482],[-103.169,59.724],[-103.179,59.929],[-103.155,60.011],[-103.067,60.121],[-102.941,60.19],[-102.811,60.209],[-102.463,60.143],[-102.111,59.957],[-102.068,59.896],[-102.063,59.773],[-102.09,59.738],[-102.205,59.639],[-102.379,59.581],[-102.44,59.543],[-102.503,59.465],[-102.583,59.301],[-102.617,59.269],[-102.652,59.256],[-102.733,59.269],[-102.795,59.341],[-103.0,59.396],[-103.072,59.457],[-103.082,59.482]]]}},{"type":"Feature","properties":{"density":2},"geometry":{"type":"Polygon","coordinates":[[[-101.981,58.1],[-102.108,58.209],[-102.143,58.258],[-102.185,58.414],[-102.186,58.477],[-102.181,58.554],[-102.108,58.708],[-101.949,58.731],[-101.896,58.703],[-101.873,58.666],[-101.872,58.449],[-101.845,58.177],[-101.874,58.106],[-101.912,58.088],[-101.963,58.093],[-101.981,58.1]]]}},{"type":"Feature","properties":{"density":2},"geometry":{"type":"Polygon","coordinates":[[[-104.673,58.219],[-104.897,58.333],[-105.0,58.418],[-105.093,58.537],[-105.117,58.64],[-105.093,58.724],[-105.04,58.781],[-104.864,58.859],[-104.267,59.026],[-104.122,59.092],[-104.033,59.344],[-103.975,59.426],[-103.82,59.487],[-103.716,59.47],[-103.649,59.408],[-103.576,59.25],[-103.556,58.941],[-103.626,58.715],[-103.682,58.676],[-103.8,58.673],[-103.972,58.722],[-104.133,58.679],[-104.262,58.555],[-104.539,58.415],[-104.574,58.257],[-104.599,58.228],[-104.649,58.219],[-104.673,58.219]]]}},{"type":"Feature","properties":{"density":2},"geometry":{"type":"Polygon","coordinates":[[[-102.761,55.976],[-103.596,56.285],[-103.739,56.351],[-103.874,56.5],[-103.974,56.69],[-104.001,56.822],[-104.015,57.01],[-104.007,57.153],[-103.963,57.236],[-103.919,57.277],[-103.8,57.324],[-103.384,57.187],[-103.123,57.036],[-102.783,56.746],[-102.535,56.41],[-102.495,56.298],[-102.486,56.166],[-102.519,56.041],[-102.595,55.948],[-102.631,55.94],[-102.731,55.958],[-102.761,55.976]]]}},{"type":"Feature","properties":{"density":2},"geometry":{"type":"Polygon","coordinates":[[[-102.749,57.175],[-102.868,57.251],[-102.876,57.313],[-102.854,57.342],[-102.813,57.351],[-102.779,57.328],[-102.762,57.254],[-102.724,57.187],[-102.742,57.175],[-102.749,57.175]]]}},{"type":"Feature","properties":{"density":2},"geometry":{"type":"Polygon","coordinates":[[[-106.098,56.864],[-106.294,56.928],[-106.732,57.027],[-106.974,57.151],[-107.005,57.182],[-107.043,57.264],[-107.027,57.294],[-106.926,57.335],[-106.539,57.357],[-106.409,57.313],[-106.191,57.172],[-106.018,56.96],[-106.012,56.89],[-106.06,56.856],[-106.087,56.858],[-106.098,56.864]]]}},{"type":"Feature","properties":{"density":2},"geometry":{"type":"Polygon","coordinates":[[[-104.848,57.514],[-105.145,57.723],[-105.182,57.794],[-105.177,57.868],[-105.147,57.883],[-105.076,57.872],[-104.995,57.82],[-104.801,57.623],[-104.76,57.52],[-104.764,57.496],[-104.784,57.483],[-104.838,57.494],[-104.848,57.514]]]}},{"type":"Feature","properties":{"density":2},"geometry":{"type":"Polygon","coordinates":[[[-106.732,58.651],[-107.127,58.781],[-107.391,58.819],[-107.553,58.782],[-108.007,58.582],[-108.098,58.508],[-108.114,58.435],[-108.098,58.399],[-107.802,58.32],[-107.479,58.3],[-107.29,58.27],[-107.087,58.29],[-106.727,58.358],[-106.623,58.403],[-106.593,58.466],[-106.6,58.548],[-106.632,58.598],[-106.711,58.645],[-106.732,58.651]]]}},{"type":"Feature","properties":{"density":2},"geometry":{"type":"Polygon","coordinates":[[[-103.431,55.468],[-103.592,55.545],[-103.669,55.634],[-103.627,55.657],[-103.502,55.604],[-103.375,55.488],[-103.392,55.468],[-103.423,55.464],[-103.431,55.468]]]}},{"type":"Feature","properties":{"density":2},"geometry":{"type":"Polygon","coordinates":[[[-103.22,59.558],[-103.237,59.976],[-103.201,60.189],[-103.093,60.373],[-102.936,60.516],[-102.459,60.555],[-101.589,60.453],[-100.628,60.167],[-99.678,59.985],[-99.268,59.952],[-98.838,59.823],[-98.338,59.724],[-97.652,59.613],[-97.239,59.501],[-96.892,59.248],[-96.66,58.86],[-96.619,58.683],[-96.565,58.079],[-96.582,57.877],[-96.664,57.438],[-96.743,57.232],[-96.859,57.042],[-96.954,56.934],[-97.345,56.663],[-97.527,56.572],[-97.656,56.471],[-97.896,56.36],[-98.185,56.066],[-98.309,55.822],[-98.557,55.45],[-98.64,55.355],[-98.739,55.31],[-98.888,55.318],[-99.475,55.549],[-100.029,56.099],[-101.046,56.471],[-101.765,56.773],[-101.864,56.922],[-101.959,57.104],[-102.054,57.525],[-102.058,57.67],[-102.021,57.81],[-102.017,57.988],[-102.433,58.812],[-102.426,58.928],[-102.398,59.018],[-102.307,59.138],[-102.257,59.242],[-102.249,59.316],[-102.278,59.374],[-102.398,59.394],[-102.481,59.37],[-102.555,59.32],[-102.605,59.254],[-102.675,59.2],[-102.774,59.188],[-103.01,59.299],[-103.134,59.399],[-103.2,59.523],[-103.22,59.558]]]}},{"type":"Feature","properties":{"density":2},"geometry":{"type":"Polygon","coordinates":[[[-91.678,54.313],[-91.714,54.405],[-91.714,54.468],[-91.7,54.554],[-91.646,54.576],[-91.577,54.538],[-91.569,54.468],[-91.605,54.294],[-91.637,54.28],[-91.661,54.296],[-91.678,54.313]]]}},{"type":"Feature","properties":{"density":2},"geometry":{"type":"Polygon","coordinates":[[[-93.272,53.636],[-93.532,53.748],[-93.597,53.793],[-93.602,53.819],[-93.564,53.837],[-93.305,53.831],[-93.237,53.806],[-93.216,53.699],[-93.225,53.647],[-93.26,53.634],[-93.272,53.636]]]}},{"type":"Feature","properties":{"density":2},"geometry":{"type":"Polygon","coordinates":[[[-113.197,60.382],[-113.435,60.436],[-113.789,60.44],[-114.371,60.418],[-114.669,60.452],[-115.252,60.455],[-115.355,60.468],[-115.506,60.464],[-115.572,60.442],[-115.609,60.391],[-115.517,60.282],[-115.262,60.181],[-115.111,60.1],[-114.564,59.977],[-114.229,59.986],[-113.546,60.092],[-112.835,60.101],[-112.824,60.115],[-112.808,60.161],[-112.811,60.235],[-112.857,60.302],[-112.952,60.349],[-113.18,60.379],[-113.197,60.382]]]}},{"type":"Feature","properties":{"density":2},"geometry":{"type":"Polygon","coordinates":[[[-114.796,59.252],[-115.637,59.312],[-116.874,59.573],[-117.068,59.626],[-117.564,59.722],[-118.42,59.932],[-118.784,60.048],[-119.342,60.16],[-119.623,60.242],[-119.871,60.337],[-120.102,60.494],[-120.251,60.623],[-120.326,60.763],[-120.317,60.887],[-119.978,61.143],[-119.714,61.255],[-119.664,61.309],[-119.644,61.375],[-119.697,61.404],[-119.788,61.412],[-120.069,61.371],[-120.244,61.247],[-120.384,61.1],[-120.651,61.064],[-121.022,61.122],[-122.062,61.139],[-122.289,61.172],[-122.909,61.35],[-123.025,61.453],[-123.128,61.573],[-123.089,61.692],[-123.017,61.747],[-122.855,61.772],[-122.612,61.784],[-122.287,61.861],[-121.541,61.887],[-121.032,61.871],[-119.908,61.916],[-119.098,61.929],[-118.705,61.838],[-118.106,61.747],[-117.002,61.482],[-115.965,60.974],[-115.82,60.879],[-114.809,60.494],[-113.924,60.486],[-113.591,60.508],[-113.343,60.483],[-113.103,60.434],[-112.8,60.313],[-112.775,60.271],[-112.745,60.2],[-112.767,60.037],[-112.855,59.979],[-113.001,59.924],[-113.646,59.835],[-113.803,59.789],[-114.204,59.636],[-114.287,59.57],[-114.406,59.388],[-114.514,59.322],[-114.708,59.272],[-114.796,59.252]]]}},{"type":"Feature","properties":{"density":2},"geometry":{"type":"Polygon","coordinates":[[[-118.845,67.408],[-117.977,67.308],[-117.264,67.191],[-116.564,67.104],[-115.59,66.856],[-113.668,66.056],[-113.24,65.535],[-113.135,65.225],[-113.104,64.959],[-113.197,64.791],[-113.625,64.456],[-114.195,64.103],[-114.871,63.861],[-115.324,63.774],[-115.677,63.774],[-116.037,63.892],[-116.452,63.942],[-116.719,63.997],[-117.109,64.214],[-117.475,64.531],[-117.668,64.62],[-117.884,64.63],[-118.101,64.587],[-118.697,64.363],[-119.093,64.327],[-119.242,64.33],[-119.374,64.396],[-119.487,64.575],[-119.565,64.74],[-119.796,65.491],[-119.842,65.743],[-119.842,65.975],[-119.676,66.558],[-119.523,66.826],[-119.354,67.025],[-118.936,67.372],[-118.845,67.408]]]}},{"type":"Feature","properties":{"density":2},"geometry":{"type":"Polygon","coordinates":[[[-121.838,63.218],[-122.231,63.333],[-122.378,63.394],[-122.428,63.44],[-122.446,63.507],[-122.416,63.622],[-122.387,63.656],[-122.348,63.672],[-122.243,63.685],[-122.139,63.673],[-122.019,63.634],[-121.88,63.562],[-121.792,63.471],[-121.748,63.338],[-121.765,63.223],[-121.826,63.212],[-121.838,63.218]]]}},{"type":"Feature","properties":{"density":2},"geometry":{"type":"Polygon","coordinates":[[[-123.538,63.335],[-123.596,63.417],[-123.587,63.475],[-123.5,63.489],[-123.44,63.466],[-123.413,63.42],[-123.451,63.305],[-123.486,63.298],[-123.533,63.326],[-123.538,63.335]]]}},{"type":"Feature","properties":{"density":2},"geometry":{"type":"Polygon","coordinates":[[[-123.537,64.298],[-123.459,64.536],[-123.479,64.602],[-123.586,64.585],[-123.877,64.484],[-123.897,64.412],[-123.875,64.385],[-123.757,64.351],[-123.608,64.274],[-123.546,64.287],[-123.537,64.298]]]}},{"type":"Feature","properties":{"density":2},"geometry":{"type":"Polygon","coordinates":[[[-119.951,63.739],[-120.122,63.816],[-120.485,63.912],[-120.578,63.975],[-120.592,64.034],[-120.585,64.086],[-120.53,64.149],[-120.396,64.184],[-120.299,64.189],[-120.125,64.144],[-119.863,63.987],[-119.792,63.891],[-119.774,63.799],[-119.802,63.726],[-119.849,63.711],[-119.938,63.73],[-119.951,63.739]]]}},{"type":"Feature","properties":{"density":2},"geometry":{"type":"Polygon","coordinates":[[[-119.208,64.069],[-119.338,64.118],[-119.475,64.141],[-119.626,64.201],[-119.692,64.249],[-119.701,64.313],[-119.664,64.353],[-119.59,64.371],[-119.293,64.317],[-119.175,64.279],[-119.118,64.229],[-119.106,64.123],[-119.129,64.065],[-119.198,64.065],[-119.208,64.069]]]}},{"type":"Feature","properties":{"density":2},"geometry":{"type":"Polygon","coordinates":[[[-109.688,63.132],[-109.523,63.169],[-109.416,63.138],[-109.206,62.986],[-109.038,62.889],[-108.984,62.797],[-108.968,62.701],[-108.987,62.632],[-109.035,62.569],[-109.114,62.554],[-109.243,62.579],[-109.438,62.678],[-109.523,62.777],[-109.631,63.027],[-109.699,63.08],[-109.696,63.131],[-109.688,63.132]]]}},{"type":"Feature","properties":{"density":2},"geometry":{"type":"Polygon","coordinates":[[[-125.781,65.952],[-125.855,66.156],[-125.834,66.199],[-125.807,66.206],[-125.726,66.147],[-125.676,66.039],[-125.68,65.971],[-125.771,65.948],[-125.781,65.952]]]}},{"type":"Feature","properties":{"density":2},"geometry":{"type":"Polygon","coordinates":[[[-126.432,66.438],[-126.481,66.497],[-126.499,66.545],[-126.472,66.613],[-126.438,66.623],[-126.394,66.62],[-126.366,66.594],[-126.361,66.545],[-126.392,66.45],[-126.412,66.432],[-126.428,66.442],[-126.432,66.438]]]}},{"type":"Feature","properties":{"density":2},"geometry":{"type":"Polygon","coordinates":[[[-125.413,64.101],[-125.444,64.183],[-125.437,64.268],[-125.373,64.307],[-125.334,64.301],[-125.296,64.266],[-125.272,64.213],[-125.275,64.113],[-125.308,64.087],[-125.408,64.099],[-125.413,64.101]]]}},{"type":"Feature","properties":{"density":2},"geometry":{"type":"Polygon","coordinates":[[[-122.748,62.949],[-122.735,63.056],[-122.749,63.089],[-122.818,63.112],[-122.871,63.115],[-122.892,63.102],[-122.892,63.051],[-122.836,62.974],[-122.785,62.938],[-122.753,62.944],[-122.748,62.949]]]}},{"type":"Feature","properties":{"density":2},"geometry":{"type":"Polygon","coordinates":[[[-122.309,61.768],[-122.482,61.776],[-122.613,61.746],[-122.74,61.81],[-122.758,61.904],[-122.691,61.955],[-122.584,61.981],[-122.444,61.972],[-122.322,61.937],[-122.221,61.883],[-122.19,61.828],[-122.204,61.773],[-122.307,61.761],[-122.309,61.768]]]}},{"type":"Feature","properties":{"density":2},"geometry":{"type":"Polygon","coordinates":[[[-112.19,39.217],[-112.019,39.335],[-111.9,39.47],[-111.741,39.724],[-111.377,40.225],[-109.982,41.254],[-109.257,41.948],[-107.533,43.48],[-107.096,44.019],[-106.64,44.67],[-106.259,45.312],[-105.98,45.935],[-105.785,46.223],[-105.382,47.002],[-105.202,47.237],[-104.904,47.429],[-104.644,47.547],[-104.384,47.609],[-104.136,47.615],[-103.9,47.566],[-103.689,47.429],[-103.718,46.971],[-103.867,46.58],[-104.27,45.668],[-104.536,44.59],[-104.592,44.18],[-104.685,43.771],[-104.846,43.325],[-105.325,42.926],[-106.511,42.455],[-107.642,41.256],[-108.125,40.89],[-109.088,40.332],[-109.601,40.125],[-110.453,39.704],[-111.293,39.391],[-111.996,39.071],[-112.15,39.038],[-112.2,39.063],[-112.238,39.107],[-112.238,39.149],[-112.205,39.193],[-112.19,39.217]]]}},{"type":"Feature","properties":{"density":2},"geometry":{"type":"Polygon","coordinates":[[[-109.063,39.138],[-109.017,39.215],[-108.879,39.377],[-108.659,39.702],[-108.486,39.902],[-108.387,39.987],[-108.324,40.0],[-108.269,39.974],[-108.234,39.891],[-108.222,39.765],[-108.264,39.625],[-108.376,39.419],[-108.624,39.234],[-108.988,38.997],[-109.039,38.982],[-109.08,38.999],[-109.09,39.058],[-109.069,39.127],[-109.063,39.138]]]}},{"type":"Feature","properties":{"density":2},"geometry":{"type":"Polygon","coordinates":[[[-112.406,38.427],[-111.882,38.803],[-111.78,38.821],[-111.74,38.805],[-111.72,38.775],[-111.726,38.726],[-111.753,38.695],[-112.224,38.354],[-112.407,38.297],[-112.489,38.297],[-112.511,38.325],[-112.504,38.368],[-112.426,38.425],[-112.406,38.427]]]}},{"type":"Feature","properties":{"density":2},"geometry":{"type":"Polygon","coordinates":[[[-77.319,54.714],[-77.319,54.844],[-77.278,54.962],[-77.22,55.042],[-77.069,55.136],[-76.898,55.21],[-76.432,55.318],[-75.477,55.437],[-73.853,55.362],[-73.291,55.164],[-72.741,54.908],[-72.336,54.651],[-71.939,54.453],[-71.369,53.903],[-71.174,53.668],[-70.908,53.454],[-70.771,53.294],[-70.834,53.156],[-70.914,53.06],[-71.014,52.804],[-70.783,52.27],[-70.766,52.13],[-70.82,52.002],[-70.965,51.903],[-71.324,51.832],[-71.668,51.812],[-71.887,51.89],[-72.267,52.304],[-72.374,52.465],[-72.684,52.828],[-73.139,53.002],[-73.445,53.052],[-74.292,53.089],[-74.652,53.147],[-74.85,53.209],[-75.99,53.837],[-76.246,54.056],[-76.416,54.226],[-76.809,54.424],[-77.139,54.54],[-77.272,54.651],[-77.319,54.714]]]}},{"type":"Feature","properties":{"density":2},"geometry":{"type":"Polygon","coordinates":[[[-71.202,55.193],[-71.106,55.193],[-70.856,55.122],[-70.678,55.022],[-70.297,54.716],[-69.837,54.448],[-69.729,54.263],[-69.437,53.991],[-69.292,53.802],[-69.227,53.667],[-69.235,53.546],[-69.277,53.515],[-69.415,53.476],[-69.606,53.465],[-69.813,53.486],[-69.986,53.546],[-70.137,53.697],[-70.286,53.798],[-70.411,53.849],[-70.467,53.893],[-70.537,53.996],[-70.551,54.093],[-70.64,54.185],[-70.741,54.231],[-70.826,54.33],[-70.926,54.557],[-71.261,55.018],[-71.285,55.128],[-71.277,55.15],[-71.221,55.188],[-71.202,55.193]]]}},{"type":"Feature","properties":{"density":2},"geometry":{"type":"Polygon","coordinates":[[[-66.867,52.421],[-66.584,52.299],[-66.371,52.231],[-66.27,52.249],[-66.229,52.289],[-66.144,52.44],[-66.094,52.476],[-65.992,52.47],[-65.749,52.403],[-65.48,52.26],[-65.255,52.114],[-64.918,51.962],[-64.774,51.858],[-64.732,51.8],[-64.706,51.727],[-64.707,51.49],[-64.738,51.36],[-64.787,51.304],[-64.855,51.268],[-64.935,51.249],[-65.248,51.261],[-65.293,51.278],[-65.341,51.335],[-65.342,51.388],[-65.382,51.513],[-65.429,51.58],[-65.507,51.613],[-65.556,51.61],[-65.659,51.473],[-65.77,51.395],[-65.922,51.357],[-66.52,51.462],[-66.632,51.531],[-66.695,51.593],[-66.75,51.698],[-66.82,51.922],[-66.848,52.087],[-66.893,52.165],[-66.951,52.362],[-66.937,52.407],[-66.882,52.42],[-66.867,52.421]]]}},{"type":"Feature","properties":{"density":2},"geometry":{"type":"Polygon","coordinates":[[[-65.653,53.592],[-65.6,53.6],[-65.471,53.524],[-65.221,53.433],[-64.57,53.059],[-63.96,52.808],[-63.858,52.746],[-63.754,52.655],[-63.722,52.562],[-63.677,52.51],[-63.577,52.43],[-63.303,52.282],[-63.099,52.213],[-62.902,52.117],[-62.86,52.044],[-62.88,51.891],[-62.935,51.845],[-63.026,51.816],[-63.146,51.822],[-63.384,51.887],[-63.492,51.902],[-63.6,51.896],[-63.789,51.841],[-64.02,51.731],[-64.159,51.711],[-64.443,51.887],[-64.771,52.16],[-65.448,52.481],[-65.791,52.77],[-65.881,52.941],[-65.936,53.124],[-65.934,53.256],[-65.855,53.454],[-65.787,53.531],[-65.67,53.579],[-65.653,53.592]]]}},{"type":"Feature","properties":{"density":2},"geometry":{"type":"Polygon","coordinates":[[[-61.823,55.525],[-61.452,55.507],[-61.387,55.492],[-60.621,55.238],[-60.371,55.195],[-59.741,55.021],[-59.393,54.831],[-59.253,54.786],[-59.228,54.729],[-59.248,54.707],[-59.289,54.697],[-60.189,54.74],[-60.392,54.691],[-60.431,54.656],[-60.421,54.619],[-60.254,54.628],[-59.686,54.587],[-59.493,54.548],[-59.456,54.528],[-59.424,54.461],[-59.456,54.422],[-59.523,54.383],[-59.631,54.345],[-60.061,54.225],[-60.537,54.151],[-60.612,54.094],[-60.13,54.054],[-59.955,54.011],[-59.914,53.966],[-59.959,53.822],[-59.875,53.742],[-59.743,53.681],[-59.666,53.618],[-59.625,53.461],[-59.649,53.39],[-59.719,53.322],[-59.849,53.237],[-60.097,53.145],[-60.403,53.128],[-60.675,53.198],[-61.211,53.29],[-61.509,53.393],[-61.757,53.449],[-61.835,53.512],[-61.861,53.516],[-61.897,53.519],[-62.025,53.375],[-62.191,53.329],[-62.243,53.337],[-62.329,53.406],[-62.373,53.51],[-62.567,53.714],[-62.844,53.844],[-63.047,53.983],[-63.1,54.036],[-63.124,54.102],[-63.124,54.154],[-63.086,54.241],[-62.942,54.363],[-62.712,54.446],[-62.466,54.46],[-61.92,54.458],[-61.792,54.428],[-61.521,54.326],[-61.21,54.287],[-61.159,54.353],[-61.198,54.456],[-61.261,54.558],[-61.391,54.611],[-61.507,54.625],[-61.796,54.566],[-61.894,54.56],[-61.941,54.56],[-61.963,54.588],[-61.93,54.742],[-61.838,54.858],[-61.692,55.166],[-61.679,55.227],[-61.697,55.301],[-61.747,55.364],[-61.97,55.451],[-61.979,55.499],[-61.967,55.514],[-61.839,55.524],[-61.823,55.525]]]}},{"type":"Feature","properties":{"density":2},"geometry":{"type":"Polygon","coordinates":[[[-79.953,49.208],[-80.443,49.377],[-80.836,49.542],[-81.127,49.771],[-82.465,50.749],[-83.093,51.346],[-85.065,53.705],[-85.23,54.123],[-85.291,54.549],[-85.161,54.919],[-84.941,55.07],[-84.42,54.919],[-83.85,54.494],[-82.807,53.266],[-81.881,52.772],[-81.552,52.538],[-81.27,52.525],[-81.092,52.538],[-81.003,52.758],[-80.927,53.135],[-80.763,53.458],[-80.55,53.753],[-80.145,54.048],[-79.637,54.309],[-79.123,54.48],[-77.502,54.916],[-76.848,55.181],[-75.576,55.552],[-74.515,55.685],[-74.026,55.607],[-73.609,55.575],[-72.008,55.22],[-71.734,55.062],[-71.548,54.795],[-71.075,54.314],[-70.773,53.978],[-70.478,53.613],[-70.316,53.488],[-70.262,53.47],[-70.219,53.488],[-70.222,53.558],[-70.243,53.601],[-70.393,53.738],[-70.612,53.988],[-70.698,54.135],[-70.878,54.308],[-71.292,55.033],[-71.313,55.133],[-71.282,55.196],[-71.209,55.216],[-71.077,55.222],[-70.949,55.202],[-70.79,55.147],[-70.607,55.051],[-69.218,54.021],[-68.788,53.399],[-68.358,52.964],[-68.285,52.927],[-68.166,52.784],[-68.118,52.769],[-68.11,52.86],[-68.099,52.893],[-68.071,52.912],[-68.022,52.916],[-67.869,52.872],[-67.799,52.84],[-67.471,52.605],[-67.123,52.414],[-67.07,52.367],[-67.05,52.296],[-67.194,52.202],[-67.218,52.17],[-67.22,52.135],[-67.121,52.031],[-67.084,51.968],[-67.109,51.836],[-67.172,51.775],[-67.284,51.71],[-67.556,51.679],[-67.655,51.554],[-67.671,51.39],[-67.793,51.223],[-68.059,51.177],[-68.376,51.18],[-68.664,51.134],[-68.911,51.121],[-69.368,51.198],[-69.629,51.258],[-70.425,51.358],[-71.027,51.505],[-71.438,51.718],[-71.884,52.006],[-72.202,52.165],[-72.604,52.315],[-73.086,52.159],[-73.458,52.068],[-74.102,51.732],[-74.553,51.775],[-74.922,51.845],[-75.425,51.842],[-75.912,51.745],[-76.701,51.45],[-76.99,51.292],[-77.23,51.107],[-77.525,50.736],[-77.563,50.447],[-77.547,49.966],[-77.642,49.651],[-77.802,49.495],[-78.118,49.289],[-78.315,49.184],[-78.594,49.088],[-78.923,49.056],[-79.353,49.061],[-79.953,49.208]]]}},{"type":"Feature","properties":{"density":2},"geometry":{"type":"Polygon","coordinates":[[[-68.798,57.281],[-68.704,57.3],[-68.596,57.297],[-68.254,57.227],[-67.95,57.094],[-67.663,56.927],[-67.13,56.742],[-67.041,56.667],[-67.045,56.574],[-67.094,56.509],[-67.148,56.474],[-67.218,56.466],[-67.319,56.486],[-68.082,56.832],[-68.598,57.139],[-68.807,57.204],[-68.834,57.235],[-68.805,57.279],[-68.798,57.281]]]}},{"type":"Feature","properties":{"density":2},"geometry":{"type":"Polygon","coordinates":[[[-67.066,58.038],[-66.9,58.068],[-66.586,58.056],[-65.659,57.929],[-65.439,57.888],[-65.296,57.836],[-65.104,57.798],[-64.85,57.69],[-64.82,57.655],[-64.826,57.621],[-64.905,57.582],[-65.121,57.556],[-65.42,57.57],[-66.69,57.891],[-67.007,57.875],[-67.072,57.921],[-67.093,57.986],[-67.084,58.027],[-67.066,58.038]]]}},{"type":"Feature","properties":{"density":2},"geometry":{"type":"Polygon","coordinates":[[[-66.11,54.331],[-66.069,54.337],[-66.053,54.31],[-66.048,54.224],[-66.066,54.198],[-66.095,54.208],[-66.113,54.325],[-66.11,54.331]]]}},{"type":"Feature","properties":{"density":2},"geometry":{"type":"Polygon","coordinates":[[[-119.687,67.873],[-119.192,67.963],[-117.252,68.01],[-116.272,67.784],[-115.183,67.168],[-114.691,66.587],[-113.754,65.837],[-113.298,65.513],[-113.173,65.352],[-113.143,65.185],[-113.161,64.971],[-113.197,64.816],[-113.37,64.62],[-113.673,64.381],[-114.019,64.03],[-114.066,63.875],[-114.099,63.054],[-113.965,62.83],[-113.724,62.562],[-113.34,62.393],[-112.75,62.214],[-112.152,62.125],[-110.92,61.964],[-109.473,61.75],[-108.821,61.705],[-107.896,61.558],[-106.101,61.357],[-105.15,61.303],[-104.145,61.29],[-103.395,61.37],[-100.703,61.598],[-100.14,61.518],[-99.135,61.156],[-96.978,60.419],[-96.282,60.057],[-94.621,58.95],[-94.246,58.753],[-93.879,58.53],[-92.444,57.898],[-92.217,57.451],[-92.319,56.909],[-93.109,56.55],[-94.029,56.273],[-95.029,56.121],[-96.422,55.722],[-96.738,55.663],[-98.536,55.252],[-99.775,55.21],[-100.349,55.764],[-101.153,55.808],[-101.698,55.773],[-102.162,55.692],[-102.698,55.683],[-103.18,55.719],[-103.814,55.978],[-104.734,56.755],[-105.422,57.032],[-106.074,57.318],[-106.851,57.577],[-107.592,57.791],[-108.405,58.059],[-109.282,58.468],[-109.258,58.563],[-109.171,58.678],[-108.564,59.067],[-107.293,59.401],[-107.144,59.561],[-107.115,59.734],[-107.329,59.859],[-108.038,59.966],[-108.865,60.032],[-110.217,59.942],[-110.586,59.942],[-111.205,59.913],[-112.494,59.915],[-113.203,59.862],[-113.727,59.841],[-114.036,59.798],[-114.222,59.756],[-114.359,59.7],[-114.449,59.6],[-114.476,59.52],[-114.449,59.388],[-114.105,59.243],[-113.719,59.139],[-113.568,59.065],[-113.515,58.989],[-113.633,58.844],[-114.244,58.869],[-114.629,58.909],[-115.534,58.921],[-116.568,58.968],[-117.988,59.137],[-118.971,59.334],[-120.203,59.521],[-121.06,59.861],[-121.65,60.051],[-122.138,60.248],[-122.71,60.51],[-123.174,60.879],[-123.511,61.329],[-123.567,61.535],[-123.579,61.841],[-123.547,62.138],[-123.472,62.44],[-123.516,62.998],[-123.761,63.415],[-123.951,63.671],[-124.011,63.873],[-124.058,64.135],[-124.052,64.326],[-123.886,64.439],[-123.07,64.719],[-122.671,64.802],[-121.885,64.891],[-121.492,64.921],[-120.31,64.912],[-120.024,64.939],[-119.408,64.876],[-119.176,64.823],[-118.881,64.662],[-118.756,64.501],[-118.765,64.251],[-118.89,64.046],[-119.087,63.849],[-119.399,63.724],[-119.587,63.572],[-119.703,63.269],[-119.712,62.903],[-119.364,62.644],[-119.149,62.554],[-118.846,62.465],[-118.488,62.402],[-118.042,62.358],[-117.131,62.349],[-116.917,62.456],[-116.899,62.786],[-117.006,63.171],[-117.274,63.572],[-117.61,63.964],[-117.951,64.198],[-118.288,64.456],[-118.634,64.855],[-118.872,65.082],[-119.349,65.326],[-119.509,65.463],[-119.599,65.766],[-119.713,66.27],[-119.761,66.671],[-119.838,67.02],[-119.874,67.37],[-119.838,67.644],[-119.687,67.873]]]}},{"type":"Feature","properties":{"density":2},"geometry":{"type":"Polygon","coordinates":[[[-73.79,17.117],[-73.87,17.179],[-73.931,17.188],[-74.13,17.158],[-74.221,17.111],[-74.473,16.891],[-74.612,16.829],[-74.773,16.793],[-75.012,16.623],[-75.252,16.286],[-75.26,16.067],[-75.246,15.809],[-75.191,15.735],[-75.05,15.742],[-74.889,15.91],[-74.514,16.369],[-73.996,16.721],[-73.744,16.921],[-73.713,16.995],[-73.725,17.059],[-73.754,17.09],[-73.79,17.117]]]}},{"type":"Feature","properties":{"density":2},"geometry":{"type":"Polygon","coordinates":[[[-71.689,18.252],[-71.969,18.204],[-72.355,18.074],[-72.475,18.012],[-72.927,17.84],[-73.011,17.778],[-73.09,17.662],[-73.046,17.59],[-72.991,17.567],[-72.908,17.559],[-72.797,17.578],[-72.556,17.67],[-72.227,17.875],[-71.844,18.094],[-71.609,18.2],[-71.576,18.231],[-71.586,18.251],[-71.673,18.256],[-71.689,18.252]]]}},{"type":"Feature","properties":{"density":2},"geometry":{"type":"Polygon","coordinates":[[[-109.892,37.71],[-109.912,37.823],[-109.879,37.936],[-109.629,38.286],[-109.486,38.423],[-109.272,38.592],[-108.779,39.047],[-108.701,39.078],[-108.603,39.11],[-107.988,39.115],[-107.463,39.017],[-107.211,38.947],[-107.078,38.889],[-106.97,38.816],[-106.899,38.753],[-106.869,38.705],[-106.867,38.653],[-106.925,38.51],[-106.985,38.434],[-107.456,38.187],[-108.413,37.778],[-108.567,37.689],[-108.62,37.617],[-108.658,37.599],[-108.773,37.594],[-108.809,37.656],[-108.809,37.754],[-108.613,38.062],[-108.598,38.1],[-108.622,38.109],[-108.945,37.998],[-109.553,37.822],[-109.629,37.79],[-109.787,37.687],[-109.877,37.692],[-109.892,37.71]]]}},{"type":"Feature","properties":{"density":2},"geometry":{"type":"Polygon","coordinates":[[[-112.559,38.45],[-112.004,38.78],[-111.237,39.189],[-110.794,39.324],[-110.699,39.307],[-110.721,39.133],[-110.856,39.021],[-111.355,38.752],[-111.747,38.623],[-111.999,38.506],[-112.206,38.343],[-112.313,38.226],[-112.419,38.181],[-112.492,38.17],[-112.566,38.253],[-112.574,38.427],[-112.559,38.45]]]}},{"type":"Feature","properties":{"density":2},"geometry":{"type":"Polygon","coordinates":[[[-106.207,36.73],[-106.184,36.832],[-106.102,36.938],[-105.328,37.428],[-105.171,37.511],[-104.888,37.578],[-104.782,37.578],[-104.728,37.524],[-104.705,37.428],[-104.749,37.32],[-104.862,37.22],[-104.973,37.148],[-105.174,37.057],[-105.756,36.839],[-106.122,36.656],[-106.207,36.671],[-106.207,36.706],[-106.207,36.73]]]}},{"type":"Feature","properties":{"density":2},"geometry":{"type":"Polygon","coordinates":[[[-111.86,34.938],[-111.897,34.964],[-111.912,35.025],[-111.899,35.085],[-111.869,35.13],[-111.335,35.672],[-111.054,35.912],[-110.998,35.939],[-110.895,35.947],[-110.702,35.92],[-110.463,35.911],[-110.322,35.934],[-110.152,35.924],[-110.095,35.904],[-110.068,35.863],[-110.066,35.792],[-110.112,35.702],[-110.227,35.604],[-110.578,35.437],[-111.064,35.31],[-111.33,35.184],[-111.62,35.076],[-111.702,35.023],[-111.777,34.943],[-111.838,34.931],[-111.86,34.938]]]}},{"type":"Feature","properties":{"density":2},"geometry":{"type":"Polygon","coordinates":[[[-112.13,35.869],[-112.118,35.946],[-112.082,35.995],[-112.03,36.037],[-111.958,36.056],[-111.95,36.036],[-111.966,36.007],[-112.039,35.93],[-112.08,35.855],[-112.119,35.85],[-112.127,35.864],[-112.13,35.869]]]}},{"type":"Feature","properties":{"density":2},"geometry":{"type":"Polygon","coordinates":[[[-114.36,38.103],[-114.373,38.221],[-114.323,38.326],[-114.136,38.491],[-113.976,38.565],[-113.678,38.604],[-113.173,38.597],[-113.07,38.569],[-112.984,38.524],[-112.918,38.438],[-112.913,38.319],[-112.948,38.205],[-113.001,38.155],[-113.09,38.114],[-113.363,38.074],[-113.865,38.049],[-114.194,37.988],[-114.254,37.996],[-114.345,38.071],[-114.36,38.103]]]}},{"type":"Feature","properties":{"density":2},"geometry":{"type":"Polygon","coordinates":[[[-112.534,38.542],[-112.359,38.705],[-112.011,39.118],[-111.651,39.463],[-111.196,39.774],[-110.76,40.028],[-108.799,42.098],[-107.972,42.874],[-107.546,43.224],[-107.196,43.625],[-106.755,44.344],[-106.364,44.821],[-105.934,44.841],[-105.55,44.733],[-105.073,44.486],[-104.945,44.221],[-104.899,43.808],[-104.979,43.121],[-104.979,42.601],[-105.047,42.218],[-105.269,41.493],[-105.414,41.177],[-105.619,40.853],[-105.927,40.423],[-106.037,40.31],[-106.266,40.22],[-106.645,40.111],[-107.256,39.806],[-107.805,39.47],[-108.31,39.285],[-108.777,39.083],[-108.977,38.974],[-109.05,38.954],[-109.144,38.982],[-109.164,39.068],[-108.896,39.561],[-108.775,39.864],[-108.747,39.97],[-108.775,39.98],[-108.949,39.937],[-109.138,39.838],[-109.348,39.71],[-109.712,39.434],[-110.394,39.087],[-110.777,38.939],[-111.436,38.617],[-111.876,38.424],[-112.361,38.177],[-112.456,38.177],[-112.535,38.204],[-112.581,38.238],[-112.603,38.314],[-112.603,38.42],[-112.56,38.516],[-112.534,38.542]]]}},{"type":"Feature","properties":{"density":3},"geometry":{"type":"Polygon","coordinates":[[[-112.532,38.348],[-112.377,38.496],[-112.077,38.834],[-111.992,38.879],[-111.94,38.886],[-111.879,38.87],[-111.843,38.823],[-111.855,38.739],[-111.924,38.649],[-112.314,38.343],[-112.516,38.267],[-112.541,38.274],[-112.548,38.312],[-112.539,38.359],[-112.505,38.384],[-112.532,38.348]]]}},{"type":"Feature","properties":{"density":3},"geometry":{"type":"Polygon","coordinates":[[[-113.891,60.162],[-114.59,60.322],[-115.106,60.709],[-115.463,60.952],[-115.828,61.134],[-116.192,61.248],[-116.541,61.294],[-117.134,61.309],[-117.756,61.172],[-117.992,60.929],[-118.052,60.595],[-117.969,60.398],[-117.832,60.246],[-117.756,60.185],[-117.407,60.14],[-116.678,60.147],[-116.101,60.094],[-115.638,59.995],[-115.425,59.897],[-115.038,59.676],[-114.37,59.327],[-113.975,59.228],[-113.618,59.175],[-113.246,59.16],[-113.071,59.13],[-112.851,59.152],[-112.585,59.304],[-112.562,59.426],[-112.593,59.502],[-112.729,59.608],[-113.056,59.745],[-113.238,59.79],[-113.496,59.919],[-113.549,59.927],[-113.792,60.109],[-113.891,60.162]]]}},{"type":"Feature","properties":{"density":3},"geometry":{"type":"Polygon","coordinates":[[[-71.147,55.075],[-71.06,55.022],[-71.049,54.998],[-71.088,54.99],[-71.158,55.02],[-71.186,55.047],[-71.186,55.064],[-71.158,55.073],[-71.147,55.075]]]}},{"type":"Feature","properties":{"density":3},"geometry":{"type":"Polygon","coordinates":[[[-69.149,53.106],[-69.127,53.119],[-69.08,53.114],[-69.036,53.073],[-68.911,52.829],[-68.806,52.7],[-68.799,52.652],[-68.814,52.639],[-68.852,52.635],[-68.897,52.653],[-69.131,52.91],[-69.178,53.037],[-69.154,53.102],[-69.149,53.106]]]}},{"type":"Feature","properties":{"density":3},"geometry":{"type":"Polygon","coordinates":[[[-65.714,53.516],[-65.634,53.519],[-65.541,53.493],[-65.313,53.352],[-65.276,53.292],[-65.296,53.205],[-65.389,53.135],[-65.463,53.14],[-65.507,53.161],[-65.734,53.439],[-65.744,53.489],[-65.719,53.518],[-65.714,53.516]]]}},{"type":"Feature","properties":{"density":3},"geometry":{"type":"Polygon","coordinates":[[[-75.312,53.965],[-75.357,54.119],[-75.342,54.169],[-75.272,54.205],[-75.203,54.216],[-75.136,54.203],[-74.906,54.092],[-74.8,54.0],[-74.707,53.859],[-74.707,53.812],[-74.724,53.791],[-74.839,53.782],[-75.064,53.849],[-75.192,53.907],[-75.276,53.916],[-75.312,53.96],[-75.312,53.965]]]}},{"type":"Feature","properties":{"density":3},"geometry":{"type":"Polygon","coordinates":[[[-77.209,54.866],[-77.152,54.921],[-77.081,54.949],[-77.008,54.925],[-76.987,54.879],[-77.021,54.786],[-77.085,54.716],[-77.112,54.714],[-77.154,54.74],[-77.21,54.857],[-77.209,54.866]]]}},{"type":"Feature","properties":{"density":3},"geometry":{"type":"Polygon","coordinates":[[[-88.974,53.581],[-89.027,53.673],[-89.029,53.751],[-88.95,53.826],[-88.877,53.837],[-88.855,53.791],[-88.915,53.596],[-88.931,53.572],[-88.972,53.577],[-88.974,53.581]]]}},{"type":"Feature","properties":{"density":3},"geometry":{"type":"Polygon","coordinates":[[[-96.966,57.84],[-97.162,57.906],[-97.211,57.953],[-97.145,57.99],[-97.087,57.989],[-96.955,57.888],[-96.942,57.85],[-96.959,57.84],[-96.966,57.84]]]}},{"type":"Feature","properties":{"density":3},"geometry":{"type":"Polygon","coordinates":[[[-96.981,58.282],[-97.079,58.366],[-97.092,58.431],[-97.085,58.454],[-97.055,58.472],[-96.972,58.474],[-96.944,58.446],[-96.931,58.304],[-96.975,58.28],[-96.981,58.282]]]}},{"type":"Feature","properties":{"density":3},"geometry":{"type":"Polygon","coordinates":[[[-98.847,55.428],[-99.269,55.673],[-99.493,55.767],[-99.603,55.888],[-99.594,55.955],[-99.565,55.975],[-99.475,55.987],[-99.116,55.936],[-99.07,55.904],[-99.082,55.766],[-99.063,55.729],[-98.875,55.788],[-98.834,55.787],[-98.774,55.758],[-98.699,55.685],[-98.733,55.529],[-98.729,55.45],[-98.772,55.417],[-98.845,55.425],[-98.847,55.428]]]}},{"type":"Feature","properties":{"density":3},"geometry":{"type":"Polygon","coordinates":[[[-100.987,56.671],[-101.039,56.694],[-101.176,56.693],[-101.198,56.706],[-101.396,56.992],[-101.443,57.121],[-101.431,57.155],[-101.362,57.169],[-101.246,57.115],[-101.091,57.1],[-101.02,57.05],[-100.831,56.708],[-100.849,56.67],[-100.906,56.654],[-100.964,56.664],[-100.987,56.671]]]}},{"type":"Feature","properties":{"density":3},"geometry":{"type":"Polygon","coordinates":[[[-102.941,56.355],[-103.183,56.505],[-103.177,56.555],[-103.15,56.56],[-103.071,56.533],[-102.898,56.35],[-102.937,56.35],[-102.941,56.355]]]}},{"type":"Feature","properties":{"density":3},"geometry":{"type":"Polygon","coordinates":[[[-102.976,59.432],[-103.03,59.503],[-103.04,59.585],[-103.024,59.622],[-102.932,59.675],[-102.889,59.684],[-102.833,59.671],[-102.816,59.628],[-102.865,59.485],[-102.923,59.413],[-102.969,59.425],[-102.976,59.432]]]}},{"type":"Feature","properties":{"density":3},"geometry":{"type":"Polygon","coordinates":[[[-102.624,59.485],[-102.668,59.566],[-102.677,59.656],[-102.629,59.717],[-102.565,59.73],[-102.514,59.721],[-102.509,59.69],[-102.557,59.504],[-102.575,59.482],[-102.62,59.48],[-102.624,59.485]]]}},{"type":"Feature","properties":{"density":3},"geometry":{"type":"Polygon","coordinates":[[[-106.089,56.905],[-106.336,56.976],[-106.402,57.039],[-106.364,57.054],[-106.288,57.051],[-106.044,56.919],[-106.051,56.905],[-106.084,56.903],[-106.089,56.905]]]}},{"type":"Feature","properties":{"density":3},"geometry":{"type":"Polygon","coordinates":[[[-71.619,18.25],[-71.8,18.22],[-71.948,18.138],[-72.046,18.056],[-72.104,17.972],[-72.322,17.815],[-72.347,17.777],[-72.346,17.743],[-72.31,17.74],[-72.079,17.867],[-71.723,18.168],[-71.602,18.222],[-71.595,18.238],[-71.615,18.249],[-71.619,18.25]]]}},{"type":"Feature","properties":{"density":3},"geometry":{"type":"Polygon","coordinates":[[[-109.673,63.11],[-109.606,63.139],[-109.509,63.141],[-109.402,63.026],[-109.405,62.966],[-109.455,62.914],[-109.548,62.92],[-109.682,63.104],[-109.673,63.11]]]}},{"type":"Feature","properties":{"density":3},"geometry":{"type":"Polygon","coordinates":[[[-113.886,60.128],[-113.92,60.17],[-114.037,60.235],[-114.198,60.259],[-114.265,60.186],[-114.276,60.053],[-114.257,60.008],[-114.212,59.982],[-114.16,59.978],[-113.927,60.056],[-113.878,60.088],[-113.875,60.115],[-113.886,60.128]]]}},{"type":"Feature","properties":{"density":3},"geometry":{"type":"Polygon","coordinates":[[[-113.343,60.272],[-113.46,60.234],[-113.593,60.225],[-113.659,60.205],[-113.684,60.168],[-113.681,60.14],[-113.649,60.122],[-113.592,60.121],[-113.34,60.195],[-113.319,60.241],[-113.342,60.271],[-113.343,60.272]]]}},{"type":"Feature","properties":{"density":3},"geometry":{"type":"Polygon","coordinates":[[[-113.659,58.998],[-113.869,58.944],[-113.907,58.9],[-113.902,58.872],[-113.795,58.885],[-113.642,58.965],[-113.637,58.985],[-113.65,58.994],[-113.659,58.998]]]}},{"type":"Feature","properties":{"density":3},"geometry":{"type":"Polygon","coordinates":[[[-119.93,63.772],[-120.004,63.801],[-120.175,63.831],[-120.206,63.864],[-120.205,63.891],[-120.177,63.918],[-120.094,63.939],[-119.891,63.902],[-119.832,63.829],[-119.832,63.747],[-119.863,63.726],[-119.903,63.739],[-119.925,63.767],[-119.93,63.772]]]}},{"type":"Feature","properties":{"density":3},"geometry":{"type":"Polygon","coordinates":[[[-122.219,61.837],[-122.467,61.856],[-122.486,61.844],[-122.502,61.796],[-122.425,61.77],[-122.28,61.765],[-122.214,61.796],[-122.216,61.83],[-122.219,61.837]]]}},{"type":"Feature","properties":{"density":3},"geometry":{"type":"Polygon","coordinates":[[[-123.526,64.311],[-123.549,64.357],[-123.574,64.369],[-123.674,64.37],[-123.708,64.338],[-123.664,64.302],[-123.615,64.289],[-123.53,64.303],[-123.526,64.311]]]}},{"type":"Feature","properties":{"density":3},"geometry":{"type":"Polygon","coordinates":[[[-123.345,63.774],[-123.331,63.827],[-123.348,63.848],[-123.408,63.866],[-123.45,63.856],[-123.459,63.829],[-123.445,63.81],[-123.355,63.77],[-123.345,63.774]]]}},{"type":"Feature","properties":{"density":3},"geometry":{"type":"Polygon","coordinates":[[[-151.223,67.365],[-151.302,67.39],[-151.329,67.429],[-151.299,67.446],[-151.248,67.432],[-151.206,67.4],[-151.2,67.378],[-151.218,67.364],[-151.223,67.365]]]}},{"type":"Feature","properties":{"density":3},"geometry":{"type":"Polygon","coordinates":[[[-117.267,65.15],[-117.188,65.213],[-117.106,65.248],[-117.003,65.244],[-116.967,65.222],[-116.951,65.184],[-116.97,65.154],[-117.044,65.11],[-117.167,65.084],[-117.267,65.113],[-117.276,65.141],[-117.267,65.15]]]}},{"type":"Feature","properties":{"density":3},"geometry":{"type":"Polygon","coordinates":[[[-69.155,53.122],[-69.011,53.087],[-68.842,52.943],[-68.528,52.558],[-68.507,52.464],[-68.516,52.451],[-68.621,52.43],[-68.716,52.451],[-68.772,52.474],[-68.886,52.573],[-69.019,52.721],[-69.152,52.952],[-69.202,53.069],[-69.197,53.102],[-69.169,53.121],[-69.155,53.122]]]}},{"type":"Feature","properties":{"density":3},"geometry":{"type":"Polygon","coordinates":[[[-69.721,52.353],[-69.612,52.366],[-69.501,52.297],[-69.449,52.244],[-69.411,52.191],[-69.374,52.082],[-69.367,51.995],[-69.388,51.947],[-69.441,51.931],[-69.52,51.943],[-69.658,52.052],[-69.688,52.098],[-69.736,52.265],[-69.742,52.323],[-69.73,52.345],[-69.721,52.353]]]}},{"type":"Feature","properties":{"density":3},"geometry":{"type":"Polygon","coordinates":[[[-68.829,52.053],[-68.803,52.06],[-68.734,52.021],[-68.579,51.87],[-68.537,51.799],[-68.525,51.729],[-68.535,51.706],[-68.579,51.684],[-68.615,51.69],[-68.721,51.768],[-68.835,51.947],[-68.859,52.019],[-68.835,52.051],[-68.829,52.053]]]}},{"type":"Feature","properties":{"density":3},"geometry":{"type":"Polygon","coordinates":[[[-68.073,52.886],[-67.989,52.879],[-67.928,52.843],[-67.897,52.808],[-67.897,52.775],[-67.925,52.768],[-68.03,52.815],[-68.079,52.85],[-68.08,52.883],[-68.073,52.886]]]}},{"type":"Feature","properties":{"density":3},"geometry":{"type":"Polygon","coordinates":[[[-65.623,53.533],[-65.535,53.549],[-65.416,53.522],[-65.239,53.418],[-65.155,53.386],[-65.006,53.248],[-64.933,53.201],[-64.826,53.072],[-64.774,52.955],[-64.777,52.908],[-64.807,52.863],[-64.846,52.829],[-64.999,52.823],[-65.19,52.875],[-65.333,52.944],[-65.408,53.004],[-65.504,53.115],[-65.716,53.44],[-65.72,53.496],[-65.636,53.532],[-65.623,53.533]]]}},{"type":"Feature","properties":{"density":3},"geometry":{"type":"Polygon","coordinates":[[[-66.914,52.401],[-66.836,52.411],[-66.781,52.394],[-66.632,52.305],[-66.556,52.202],[-66.541,52.148],[-66.599,52.106],[-66.652,52.105],[-66.689,52.124],[-66.913,52.356],[-66.926,52.395],[-66.914,52.401]]]}},{"type":"Feature","properties":{"density":3},"geometry":{"type":"Polygon","coordinates":[[[-66.097,52.47],[-65.972,52.463],[-65.813,52.401],[-65.678,52.317],[-65.655,52.287],[-65.656,52.21],[-65.678,52.184],[-65.811,52.187],[-66.067,52.316],[-66.128,52.426],[-66.098,52.468],[-66.097,52.47]]]}},{"type":"Feature","properties":{"density":3},"geometry":{"type":"Polygon","coordinates":[[[-61.628,55.46],[-61.568,55.493],[-61.454,55.501],[-61.281,55.389],[-61.089,55.303],[-61.071,55.267],[-61.107,55.228],[-61.176,55.198],[-61.389,55.19],[-61.544,55.159],[-61.648,55.173],[-61.665,55.191],[-61.676,55.305],[-61.667,55.411],[-61.637,55.453],[-61.628,55.46]]]}},{"type":"Feature","properties":{"density":3},"geometry":{"type":"Polygon","coordinates":[[[-61.388,54.803],[-61.29,54.835],[-61.116,54.813],[-60.84,54.734],[-60.774,54.69],[-60.779,54.658],[-60.938,54.596],[-61.058,54.598],[-61.263,54.69],[-61.38,54.721],[-61.405,54.737],[-61.4,54.786],[-61.388,54.803]]]}},{"type":"Feature","properties":{"density":3},"geometry":{"type":"Polygon","coordinates":[[[-62.84,54.379],[-62.677,54.437],[-62.616,54.433],[-62.481,54.389],[-62.405,54.334],[-62.343,54.242],[-62.317,54.161],[-62.291,54.131],[-62.304,54.065],[-62.35,54.023],[-62.511,53.974],[-62.685,53.99],[-62.743,54.021],[-62.81,54.08],[-62.822,54.142],[-62.788,54.195],[-62.783,54.247],[-62.858,54.328],[-62.853,54.373],[-62.84,54.379]]]}},{"type":"Feature","properties":{"density":3},"geometry":{"type":"Polygon","coordinates":[[[-71.134,55.148],[-70.901,55.07],[-70.693,54.949],[-70.579,54.783],[-70.531,54.686],[-70.527,54.605],[-70.543,54.574],[-70.595,54.558],[-70.694,54.584],[-70.947,54.771],[-71.089,54.925],[-71.218,55.037],[-71.231,55.104],[-71.177,55.145],[-71.143,55.149],[-71.134,55.148]]]}},{"type":"Feature","properties":{"density":3},"geometry":{"type":"Polygon","coordinates":[[[-77.133,54.917],[-76.963,55.024],[-76.821,55.066],[-76.61,55.093],[-76.178,55.199],[-75.966,55.223],[-75.948,55.223],[-75.937,55.183],[-75.961,55.102],[-76.026,55.037],[-76.08,54.999],[-76.434,54.889],[-76.448,54.863],[-76.384,54.84],[-76.092,54.938],[-75.9,54.978],[-75.801,54.965],[-75.787,54.93],[-75.845,54.855],[-75.921,54.817],[-76.042,54.774],[-76.356,54.706],[-76.588,54.587],[-76.668,54.574],[-76.736,54.602],[-76.814,54.664],[-77.065,54.738],[-77.174,54.789],[-77.19,54.828],[-77.185,54.874],[-77.146,54.914],[-77.133,54.917]]]}},{"type":"Feature","properties":{"density":3},"geometry":{"type":"Polygon","coordinates":[[[-75.183,54.064],[-75.059,54.142],[-74.982,54.159],[-74.775,54.152],[-74.714,54.136],[-74.572,54.039],[-74.534,53.998],[-74.523,53.942],[-74.539,53.889],[-74.593,53.808],[-74.72,53.777],[-75.037,53.75],[-75.099,53.769],[-75.155,53.808],[-75.238,53.9],[-75.253,53.946],[-75.244,53.999],[-75.19,54.056],[-75.183,54.064]]]}},{"type":"Feature","properties":{"density":3},"geometry":{"type":"Polygon","coordinates":[[[-78.95,50.063],[-78.75,50.033],[-78.658,49.995],[-78.531,49.903],[-78.503,49.822],[-78.517,49.8],[-78.597,49.792],[-78.767,49.858],[-78.977,49.996],[-78.982,50.047],[-78.958,50.061],[-78.95,50.063]]]}},{"type":"Feature","properties":{"density":3},"geometry":{"type":"Polygon","coordinates":[[[-88.985,53.594],[-89.028,53.732],[-89.036,53.828],[-89.016,53.899],[-88.897,54.068],[-88.825,54.124],[-88.759,54.133],[-88.738,54.112],[-88.78,53.799],[-88.806,53.715],[-88.914,53.57],[-88.946,53.563],[-88.98,53.586],[-88.985,53.594]]]}},{"type":"Feature","properties":{"density":3},"geometry":{"type":"Polygon","coordinates":[[[-99.161,55.66],[-99.355,55.811],[-99.405,55.886],[-99.434,55.976],[-99.439,56.25],[-99.4,56.317],[-99.303,56.36],[-99.184,56.354],[-99.13,56.328],[-99.061,56.25],[-99.047,56.154],[-99.068,55.914],[-99.046,55.867],[-98.821,55.911],[-98.607,55.852],[-98.578,55.824],[-98.567,55.781],[-98.577,55.652],[-98.599,55.613],[-98.681,55.538],[-98.724,55.435],[-98.779,55.405],[-98.86,55.404],[-98.944,55.434],[-98.985,55.462],[-99.152,55.65],[-99.161,55.66]]]}},{"type":"Feature","properties":{"density":3},"geometry":{"type":"Polygon","coordinates":[[[-99.785,56.394],[-99.949,56.522],[-99.996,56.624],[-100.039,56.802],[-100.039,56.873],[-100.031,56.916],[-99.981,56.948],[-99.837,56.917],[-99.68,56.83],[-99.608,56.754],[-99.548,56.623],[-99.545,56.573],[-99.56,56.55],[-99.663,56.478],[-99.695,56.401],[-99.779,56.389],[-99.785,56.394]]]}},{"type":"Feature","properties":{"density":3},"geometry":{"type":"Polygon","coordinates":[[[-99.137,56.661],[-99.238,56.72],[-99.299,56.854],[-99.296,56.952],[-99.261,57.026],[-99.239,57.042],[-99.21,57.047],[-99.147,57.004],[-99.071,56.849],[-99.087,56.677],[-99.128,56.658],[-99.137,56.661]]]}},{"type":"Feature","properties":{"density":3},"geometry":{"type":"Polygon","coordinates":[[[-98.782,56.612],[-98.944,56.78],[-98.955,56.904],[-98.94,56.936],[-98.866,56.938],[-98.806,56.906],[-98.74,56.828],[-98.723,56.632],[-98.729,56.614],[-98.773,56.61],[-98.782,56.612]]]}},{"type":"Feature","properties":{"density":3},"geometry":{"type":"Polygon","coordinates":[[[-97.369,56.8],[-97.499,56.924],[-97.519,56.996],[-97.521,57.058],[-97.5,57.115],[-97.433,57.158],[-97.341,57.132],[-97.285,57.04],[-97.307,56.898],[-97.301,56.791],[-97.361,56.795],[-97.369,56.8]]]}},{"type":"Feature","properties":{"density":3},"geometry":{"type":"Polygon","coordinates":[[[-100.963,56.661],[-101.276,56.879],[-101.48,57.098],[-101.534,57.199],[-101.546,57.342],[-101.513,57.417],[-101.475,57.447],[-101.358,57.432],[-101.26,57.391],[-101.133,57.269],[-100.955,56.989],[-100.825,56.713],[-100.826,56.672],[-100.845,56.653],[-100.917,56.642],[-100.963,56.661]]]}},{"type":"Feature","properties":{"density":3},"geometry":{"type":"Polygon","coordinates":[[[-101.964,56.768],[-102.339,57.046],[-102.369,57.119],[-102.351,57.144],[-102.33,57.154],[-102.222,57.122],[-102.075,57.023],[-101.968,56.914],[-101.905,56.812],[-101.913,56.769],[-101.955,56.764],[-101.964,56.768]]]}},{"type":"Feature","properties":{"density":3},"geometry":{"type":"Polygon","coordinates":[[[-103.031,59.462],[-103.104,59.727],[-103.095,59.792],[-103.001,59.955],[-102.872,60.016],[-102.692,60.01],[-102.54,59.979],[-102.354,59.856],[-102.33,59.803],[-102.346,59.732],[-102.497,59.59],[-102.626,59.293],[-102.674,59.274],[-102.766,59.371],[-102.914,59.388],[-103.004,59.434],[-103.031,59.462]]]}},{"type":"Feature","properties":{"density":3},"geometry":{"type":"Polygon","coordinates":[[[-101.973,58.102],[-102.12,58.281],[-102.151,58.385],[-102.145,58.46],[-102.104,58.526],[-102.047,58.569],[-101.966,58.59],[-101.939,58.569],[-101.927,58.525],[-101.925,58.296],[-101.881,58.182],[-101.902,58.121],[-101.954,58.097],[-101.973,58.102]]]}},{"type":"Feature","properties":{"density":3},"geometry":{"type":"Polygon","coordinates":[[[-103.848,58.741],[-104.12,58.867],[-104.179,58.924],[-104.175,58.996],[-104.141,59.046],[-103.999,59.134],[-103.869,59.248],[-103.823,59.274],[-103.744,59.279],[-103.678,59.257],[-103.64,59.21],[-103.619,59.133],[-103.63,58.953],[-103.661,58.831],[-103.657,58.738],[-103.677,58.695],[-103.834,58.725],[-103.848,58.741]]]}},{"type":"Feature","properties":{"density":3},"geometry":{"type":"Polygon","coordinates":[[[-102.766,56.004],[-102.907,56.101],[-103.085,56.196],[-103.178,56.277],[-103.325,56.472],[-103.528,56.771],[-103.546,56.94],[-103.513,57.014],[-103.36,57.056],[-103.272,57.051],[-103.066,56.959],[-102.964,56.885],[-102.638,56.492],[-102.539,56.303],[-102.537,56.158],[-102.603,56.003],[-102.668,55.97],[-102.724,55.982],[-102.766,56.004]]]}},{"type":"Feature","properties":{"density":3},"geometry":{"type":"Polygon","coordinates":[[[-106.08,56.877],[-106.416,56.99],[-106.595,57.072],[-106.743,57.114],[-106.891,57.189],[-106.894,57.234],[-106.872,57.267],[-106.819,57.285],[-106.646,57.289],[-106.444,57.238],[-106.229,57.141],[-106.188,57.105],[-106.093,56.991],[-106.024,56.94],[-106.019,56.906],[-106.062,56.88],[-106.08,56.877]]]}},{"type":"Feature","properties":{"density":3},"geometry":{"type":"Polygon","coordinates":[[[-106.723,58.581],[-106.862,58.661],[-106.906,58.671],[-107.414,58.664],[-107.682,58.639],[-107.811,58.574],[-107.823,58.53],[-107.812,58.485],[-107.775,58.459],[-107.521,58.439],[-107.287,58.4],[-107.189,58.396],[-106.932,58.429],[-106.738,58.407],[-106.691,58.413],[-106.672,58.443],[-106.673,58.526],[-106.705,58.568],[-106.723,58.581]]]}},{"type":"Feature","properties":{"density":3},"geometry":{"type":"Polygon","coordinates":[[[-113.877,60.175],[-114.102,60.26],[-114.713,60.364],[-114.899,60.355],[-114.934,60.336],[-114.962,60.271],[-114.947,60.219],[-114.809,60.13],[-114.331,60.064],[-114.011,60.056],[-113.923,60.069],[-113.894,60.092],[-113.873,60.164],[-113.877,60.175]]]}},{"type":"Feature","properties":{"density":3},"geometry":{"type":"Polygon","coordinates":[[[-112.897,60.292],[-113.248,60.364],[-113.543,60.387],[-113.584,60.378],[-113.632,60.332],[-113.625,60.296],[-113.507,60.218],[-113.367,60.18],[-113.148,60.15],[-113.013,60.16],[-112.882,60.12],[-112.843,60.125],[-112.839,60.145],[-112.871,60.271],[-112.897,60.292]]]}},{"type":"Feature","properties":{"density":3},"geometry":{"type":"Polygon","coordinates":[[[-114.624,59.367],[-115.348,59.439],[-115.725,59.553],[-115.769,59.581],[-115.804,59.674],[-115.765,59.716],[-115.719,59.735],[-115.587,59.748],[-115.234,59.694],[-114.665,59.553],[-114.562,59.496],[-114.538,59.457],[-114.556,59.386],[-114.608,59.362],[-114.624,59.367]]]}},{"type":"Feature","properties":{"density":3},"geometry":{"type":"Polygon","coordinates":[[[-116.829,61.291],[-117.107,61.35],[-117.235,61.414],[-117.421,61.462],[-117.794,61.491],[-118.035,61.363],[-118.227,61.01],[-118.193,60.866],[-118.012,60.678],[-117.791,60.568],[-117.535,60.552],[-117.121,60.659],[-116.799,60.847],[-116.714,60.913],[-116.581,60.96],[-116.532,61.02],[-116.515,61.07],[-116.515,61.147],[-116.623,61.224],[-116.708,61.232],[-116.8,61.274],[-116.829,61.291]]]}},{"type":"Feature","properties":{"density":3},"geometry":{"type":"Polygon","coordinates":[[[-117.323,60.101],[-117.473,60.143],[-117.68,60.175],[-117.77,60.251],[-117.782,60.31],[-117.755,60.339],[-117.713,60.353],[-117.557,60.359],[-117.373,60.304],[-117.265,60.228],[-117.243,60.186],[-117.26,60.112],[-117.306,60.098],[-117.323,60.101]]]}},{"type":"Feature","properties":{"density":3},"geometry":{"type":"Polygon","coordinates":[[[-119.932,63.758],[-119.965,63.79],[-120.054,63.83],[-120.375,63.922],[-120.431,63.991],[-120.432,64.056],[-120.378,64.073],[-120.17,64.035],[-119.951,63.939],[-119.852,63.864],[-119.828,63.791],[-119.831,63.754],[-119.866,63.733],[-119.922,63.747],[-119.932,63.758]]]}},{"type":"Feature","properties":{"density":3},"geometry":{"type":"Polygon","coordinates":[[[-119.143,64.087],[-119.143,64.161],[-119.202,64.222],[-119.47,64.267],[-119.531,64.243],[-119.534,64.224],[-119.469,64.167],[-119.274,64.123],[-119.177,64.071],[-119.147,64.075],[-119.143,64.087]]]}},{"type":"Feature","properties":{"density":3},"geometry":{"type":"Polygon","coordinates":[[[-115.533,64.809],[-115.477,64.852],[-115.44,64.852],[-115.418,64.818],[-115.421,64.77],[-115.471,64.672],[-115.608,64.57],[-115.683,64.541],[-115.736,64.555],[-115.738,64.609],[-115.653,64.763],[-115.594,64.807],[-115.545,64.81],[-115.533,64.809]]]}},{"type":"Feature","properties":{"density":3},"geometry":{"type":"Polygon","coordinates":[[[-109.653,63.113],[-109.529,63.153],[-109.482,63.139],[-109.423,63.065],[-109.362,62.894],[-109.375,62.845],[-109.465,62.813],[-109.529,62.842],[-109.608,63.056],[-109.684,63.083],[-109.688,63.098],[-109.658,63.112],[-109.653,63.113]]]}},{"type":"Feature","properties":{"density":3},"geometry":{"type":"Polygon","coordinates":[[[-122.332,61.787],[-122.591,61.803],[-122.625,61.817],[-122.632,61.842],[-122.619,61.867],[-122.555,61.901],[-122.484,61.916],[-122.347,61.893],[-122.264,61.858],[-122.224,61.813],[-122.259,61.79],[-122.325,61.786],[-122.332,61.787]]]}},{"type":"Feature","properties":{"density":3},"geometry":{"type":"Polygon","coordinates":[[[-117.731,65.17],[-117.752,65.288],[-117.731,65.328],[-117.638,65.347],[-117.559,65.305],[-117.549,65.236],[-117.604,65.158],[-117.66,65.141],[-117.73,65.159],[-117.731,65.17]]]}},{"type":"Feature","properties":{"density":3},"geometry":{"type":"Polygon","coordinates":[[[-77.064,54.978],[-76.91,55.027],[-76.716,55.119],[-76.335,55.196],[-75.724,55.242],[-75.338,55.24],[-75.009,55.277],[-74.678,55.262],[-74.23,55.178],[-74.16,55.178],[-74.045,55.138],[-74.004,55.095],[-73.999,55.049],[-74.002,55.005],[-74.074,54.884],[-74.199,54.82],[-74.575,54.772],[-75.167,54.754],[-75.536,54.708],[-75.803,54.634],[-76.227,54.34],[-76.396,54.259],[-76.495,54.234],[-76.71,54.241],[-76.828,54.269],[-77.013,54.417],[-77.197,54.687],[-77.234,54.768],[-77.259,54.879],[-77.25,54.932],[-77.156,54.922],[-77.094,54.969],[-77.064,54.978]]]}},{"type":"Feature","properties":{"density":3},"geometry":{"type":"Polygon","coordinates":[[[-71.131,55.154],[-71.003,55.122],[-70.61,54.923],[-70.506,54.826],[-70.314,54.692],[-70.174,54.549],[-69.876,54.363],[-69.751,54.227],[-69.493,54.01],[-69.448,53.917],[-69.486,53.838],[-69.538,53.812],[-69.718,53.829],[-70.384,54.194],[-70.462,54.271],[-70.642,54.521],[-70.811,54.705],[-71.038,54.832],[-71.145,54.938],[-71.218,55.032],[-71.229,55.075],[-71.187,55.145],[-71.144,55.153],[-71.131,55.154]]]}},{"type":"Feature","properties":{"density":3},"geometry":{"type":"Polygon","coordinates":[[[-69.644,52.354],[-69.55,52.356],[-69.298,52.402],[-69.221,52.404],[-69.037,52.372],[-68.786,52.383],[-68.773,52.42],[-68.907,52.624],[-69.118,52.721],[-69.19,52.789],[-69.249,52.982],[-69.249,53.069],[-69.223,53.125],[-69.168,53.151],[-69.093,53.137],[-68.883,52.96],[-68.473,52.824],[-68.361,52.802],[-68.135,52.694],[-68.047,52.626],[-68.01,52.539],[-68.01,52.4],[-68.097,52.168],[-68.095,52.088],[-67.987,51.961],[-67.999,51.814],[-68.117,51.595],[-68.293,51.41],[-68.358,51.377],[-68.448,51.347],[-68.541,51.338],[-68.633,51.384],[-68.701,51.43],[-68.747,51.501],[-68.813,51.676],[-68.848,51.722],[-68.89,51.727],[-69.056,51.676],[-69.116,51.643],[-69.135,51.388],[-69.181,51.367],[-69.304,51.377],[-69.423,51.454],[-69.537,51.569],[-69.647,51.786],[-69.713,51.882],[-69.815,51.99],[-69.899,52.122],[-69.886,52.192],[-69.82,52.28],[-69.734,52.336],[-69.671,52.347],[-69.644,52.354]]]}},{"type":"Feature","properties":{"density":3},"geometry":{"type":"Polygon","coordinates":[[[-68.045,52.883],[-67.732,52.716],[-67.372,52.484],[-67.338,52.413],[-67.346,52.346],[-67.375,52.319],[-67.435,52.314],[-67.737,52.436],[-67.84,52.516],[-68.063,52.759],[-68.089,52.81],[-68.093,52.858],[-68.082,52.879],[-68.053,52.884],[-68.045,52.883]]]}},{"type":"Feature","properties":{"density":3},"geometry":{"type":"Polygon","coordinates":[[[-66.875,52.41],[-66.487,52.226],[-66.324,52.116],[-65.935,51.916],[-65.828,51.878],[-65.615,51.758],[-65.564,51.714],[-65.564,51.659],[-65.604,51.576],[-65.687,51.492],[-65.749,51.479],[-65.858,51.527],[-66.152,51.558],[-66.316,51.599],[-66.356,51.656],[-66.344,51.729],[-66.357,51.797],[-66.392,51.841],[-66.69,52.014],[-66.837,52.144],[-66.927,52.318],[-66.936,52.397],[-66.925,52.416],[-66.899,52.416],[-66.875,52.41]]]}},{"type":"Feature","properties":{"density":3},"geometry":{"type":"Polygon","coordinates":[[[-66.092,52.471],[-65.792,52.379],[-65.572,52.276],[-65.228,52.058],[-65.057,51.978],[-64.94,51.9],[-64.869,51.818],[-64.843,51.752],[-64.837,51.645],[-64.879,51.518],[-64.937,51.463],[-64.973,51.449],[-65.077,51.426],[-65.158,51.434],[-65.188,51.478],[-65.204,51.599],[-65.289,51.788],[-65.724,52.118],[-66.03,52.291],[-66.125,52.381],[-66.135,52.437],[-66.109,52.47],[-66.092,52.471]]]}},{"type":"Feature","properties":{"density":3},"geometry":{"type":"Polygon","coordinates":[[[-65.601,53.521],[-65.531,53.526],[-65.395,53.476],[-65.246,53.381],[-64.59,53.03],[-63.941,52.746],[-63.893,52.689],[-63.862,52.604],[-63.876,52.524],[-63.963,52.425],[-64.19,52.221],[-64.242,52.133],[-64.309,52.072],[-64.446,52.06],[-64.617,52.144],[-64.98,52.391],[-65.219,52.474],[-65.357,52.596],[-65.408,52.77],[-65.468,52.88],[-65.755,53.192],[-65.786,53.353],[-65.784,53.498],[-65.617,53.521],[-65.601,53.521]]]}},{"type":"Feature","properties":{"density":3},"geometry":{"type":"Polygon","coordinates":[[[-62.824,54.391],[-62.63,54.419],[-62.48,54.412],[-62.292,54.353],[-62.249,54.354],[-62.11,54.423],[-61.984,54.429],[-61.244,54.239],[-61.185,54.204],[-61.155,54.166],[-61.149,54.106],[-61.163,54.051],[-61.228,53.995],[-61.816,53.718],[-61.869,53.675],[-61.983,53.457],[-62.05,53.4],[-62.166,53.355],[-62.242,53.374],[-62.274,53.41],[-62.311,53.569],[-62.358,53.63],[-62.62,53.803],[-62.824,53.901],[-63.019,54.035],[-63.062,54.096],[-63.076,54.149],[-63.028,54.265],[-62.946,54.332],[-62.849,54.382],[-62.824,54.391]]]}},{"type":"Feature","properties":{"density":3},"geometry":{"type":"Polygon","coordinates":[[[-61.59,55.5],[-61.396,55.462],[-61.162,55.384],[-61.033,55.358],[-60.738,55.231],[-59.929,55.057],[-59.872,55.04],[-59.823,55.004],[-59.815,54.977],[-59.832,54.933],[-59.893,54.897],[-60.083,54.859],[-60.336,54.84],[-60.668,54.852],[-61.124,54.831],[-61.345,54.83],[-61.445,54.847],[-61.504,54.869],[-61.517,54.898],[-61.483,55.024],[-61.484,55.129],[-61.578,55.306],[-61.657,55.377],[-61.92,55.452],[-61.958,55.487],[-61.946,55.506],[-61.912,55.509],[-61.607,55.502],[-61.59,55.5]]]}},{"type":"Feature","properties":{"density":3},"geometry":{"type":"Polygon","coordinates":[[[-61.58,54.87],[-61.439,54.851],[-61.336,54.818],[-60.862,54.617],[-60.601,54.571],[-60.316,54.574],[-60.191,54.56],[-60.052,54.519],[-59.846,54.506],[-59.827,54.495],[-59.807,54.423],[-59.829,54.385],[-59.953,54.313],[-60.238,54.232],[-60.344,54.216],[-60.508,54.218],[-60.756,54.256],[-61.066,54.379],[-61.281,54.619],[-61.33,54.638],[-61.49,54.664],[-61.746,54.65],[-61.817,54.667],[-61.822,54.69],[-61.775,54.75],[-61.608,54.865],[-61.58,54.87]]]}},{"type":"Feature","properties":{"density":3},"geometry":{"type":"Polygon","coordinates":[[[-68.802,57.265],[-68.62,57.271],[-68.396,57.254],[-68.273,57.2],[-68.263,57.168],[-68.292,57.137],[-68.336,57.13],[-68.569,57.145],[-68.79,57.207],[-68.818,57.232],[-68.809,57.263],[-68.802,57.265]]]}},{"type":"Feature","properties":{"density":3},"geometry":{"type":"Polygon","coordinates":[[[-99.189,55.671],[-99.313,56.088],[-99.388,56.286],[-99.431,56.355],[-99.476,56.391],[-99.549,56.416],[-99.698,56.379],[-99.777,56.383],[-99.869,56.448],[-99.924,56.52],[-99.942,56.581],[-99.94,56.67],[-99.922,56.993],[-99.896,57.053],[-99.8,57.139],[-99.685,57.184],[-99.374,57.158],[-98.863,57.274],[-98.59,57.284],[-98.5,57.276],[-98.402,57.234],[-98.329,57.185],[-98.294,57.117],[-98.274,56.979],[-98.406,56.531],[-98.404,56.462],[-98.339,56.171],[-98.319,55.955],[-98.356,55.788],[-98.429,55.635],[-98.508,55.509],[-98.618,55.43],[-98.836,55.407],[-98.936,55.428],[-99.044,55.493],[-99.127,55.558],[-99.184,55.638],[-99.189,55.671]]]}},{"type":"Feature","properties":{"density":3},"geometry":{"type":"Polygon","coordinates":[[[-102.809,56.045],[-103.07,56.426],[-103.176,56.615],[-103.223,56.795],[-103.206,57.107],[-103.147,57.237],[-103.061,57.343],[-102.89,57.426],[-102.746,57.426],[-102.46,57.346],[-102.368,57.276],[-102.289,57.134],[-102.259,56.975],[-102.278,56.748],[-102.329,56.607],[-102.504,56.3],[-102.535,56.033],[-102.563,55.946],[-102.616,55.928],[-102.716,55.937],[-102.776,56.006],[-102.809,56.045]]]}},{"type":"Feature","properties":{"density":3},"geometry":{"type":"Polygon","coordinates":[[[-106.65,58.614],[-107.213,58.75],[-107.428,58.747],[-108.33,58.632],[-108.652,58.632],[-108.967,58.594],[-109.056,58.549],[-109.103,58.488],[-109.1,58.423],[-108.979,58.346],[-108.746,58.284],[-108.484,58.255],[-107.861,58.21],[-107.139,58.243],[-106.983,58.222],[-106.862,58.225],[-106.638,58.337],[-106.588,58.399],[-106.582,58.493],[-106.6,58.561],[-106.638,58.597],[-106.65,58.614]]]}},{"type":"Feature","properties":{"density":3},"geometry":{"type":"Polygon","coordinates":[[[-113.209,60.394],[-113.403,60.426],[-113.571,60.5],[-113.975,60.533],[-114.524,60.518],[-115.104,60.435],[-115.482,60.4],[-115.753,60.388],[-116.172,60.415],[-116.263,60.356],[-116.337,60.27],[-116.343,60.167],[-116.257,60.067],[-116.033,59.999],[-115.47,59.922],[-115.028,59.916],[-114.58,59.964],[-114.232,59.943],[-113.253,59.943],[-112.929,60.008],[-112.778,60.099],[-112.787,60.17],[-112.899,60.273],[-113.061,60.329],[-113.173,60.391],[-113.209,60.394]]]}},{"type":"Feature","properties":{"density":3},"geometry":{"type":"Polygon","coordinates":[[[-123.573,63.364],[-123.708,63.527],[-123.767,63.676],[-123.753,63.727],[-123.777,63.883],[-123.755,63.951],[-123.663,64.042],[-123.6,64.079],[-123.49,64.093],[-123.321,64.085],[-123.238,64.028],[-123.213,63.924],[-123.252,63.743],[-123.341,63.519],[-123.443,63.344],[-123.518,63.318],[-123.551,63.326],[-123.569,63.35],[-123.573,63.364]]]}},{"type":"Feature","properties":{"density":3},"geometry":{"type":"Polygon","coordinates":[[[-103.03,59.431],[-103.004,59.615],[-102.946,59.808],[-102.864,59.93],[-102.766,60.0],[-102.607,60.052],[-102.485,60.066],[-102.283,60.038],[-101.72,59.77],[-101.583,59.643],[-101.479,59.515],[-101.423,59.379],[-101.403,59.277],[-101.409,59.185],[-101.485,59.126],[-101.627,59.114],[-102.309,59.263],[-102.487,59.281],[-102.722,59.281],[-102.936,59.347],[-103.024,59.399],[-103.03,59.431]]]}},{"type":"Feature","properties":{"density":3},"geometry":{"type":"Polygon","coordinates":[[[-103.88,58.744],[-103.972,58.909],[-104.047,59.123],[-104.002,59.39],[-103.838,59.668],[-103.762,59.738],[-103.49,59.814],[-103.361,59.778],[-103.285,59.734],[-103.235,59.596],[-103.233,59.456],[-103.337,58.983],[-103.407,58.897],[-103.61,58.716],[-103.74,58.694],[-103.874,58.73],[-103.88,58.744]]]}},{"type":"Feature","properties":{"density":3},"geometry":{"type":"Polygon","coordinates":[[[-97.39,56.804],[-97.544,56.997],[-97.642,57.169],[-97.672,57.265],[-97.667,57.386],[-97.646,57.433],[-97.508,57.548],[-97.426,57.554],[-97.343,57.503],[-97.149,57.289],[-97.069,57.094],[-97.113,56.937],[-97.186,56.838],[-97.25,56.798],[-97.376,56.789],[-97.39,56.804]]]}},{"type":"Feature","properties":{"density":3},"geometry":{"type":"Polygon","coordinates":[[[-119.965,63.748],[-120.106,63.798],[-120.196,63.901],[-120.223,63.975],[-120.208,64.062],[-120.073,64.132],[-119.844,64.148],[-119.463,64.04],[-119.249,64.019],[-119.179,63.972],[-119.18,63.914],[-119.231,63.878],[-119.545,63.827],[-119.763,63.77],[-119.864,63.723],[-119.972,63.745],[-119.965,63.748]]]}},{"type":"Feature","properties":{"density":3},"geometry":{"type":"Polygon","coordinates":[[[-121.926,63.253],[-122.127,63.489],[-122.14,63.626],[-122.111,63.698],[-122.005,63.746],[-121.741,63.764],[-121.585,63.732],[-121.526,63.677],[-121.497,63.589],[-121.529,63.478],[-121.706,63.28],[-121.77,63.235],[-121.884,63.222],[-121.926,63.245],[-121.926,63.253]]]}},{"type":"Feature","properties":{"density":3},"geometry":{"type":"Polygon","coordinates":[[[-114.62,59.53],[-114.757,59.567],[-114.96,59.583],[-116.331,59.8],[-116.797,59.915],[-117.22,59.971],[-117.396,59.95],[-117.562,59.904],[-117.626,59.819],[-117.648,59.685],[-117.581,59.591],[-117.319,59.567],[-116.712,59.559],[-115.576,59.397],[-115.172,59.381],[-114.955,59.389],[-114.553,59.365],[-114.529,59.376],[-114.529,59.445],[-114.594,59.509],[-114.62,59.53]]]}},{"type":"Feature","properties":{"density":3},"geometry":{"type":"Polygon","coordinates":[[[-113.591,59.014],[-113.621,59.058],[-113.711,59.11],[-113.839,59.153],[-114.098,59.199],[-115.337,59.312],[-115.757,59.301],[-115.936,59.218],[-115.95,59.146],[-115.928,59.068],[-115.813,59.001],[-115.556,58.977],[-115.005,59.015],[-114.665,59.007],[-114.314,58.945],[-113.663,58.916],[-113.626,58.924],[-113.595,58.982],[-113.591,59.014]]]}},{"type":"Feature","properties":{"density":3},"geometry":{"type":"Polygon","coordinates":[[[-117.763,65.178],[-117.774,65.291],[-117.752,65.427],[-117.632,65.596],[-117.503,65.644],[-117.268,65.684],[-116.944,65.636],[-116.762,65.574],[-116.598,65.486],[-116.478,65.411],[-116.341,65.267],[-116.307,65.2],[-116.288,65.109],[-116.344,65.036],[-116.414,65.026],[-116.821,65.06],[-117.179,65.039],[-117.549,65.125],[-117.72,65.127],[-117.764,65.153],[-117.763,65.178]]]}},{"type":"Feature","properties":{"density":3},"geometry":{"type":"Polygon","coordinates":[[[-109.882,37.781],[-109.882,37.861],[-109.848,37.926],[-109.626,38.163],[-109.192,38.54],[-109.01,38.742],[-108.809,38.922],[-108.696,38.946],[-108.613,38.92],[-108.549,38.861],[-108.552,38.799],[-108.62,38.639],[-108.6,38.588],[-108.474,38.485],[-108.316,38.499],[-107.75,38.837],[-107.616,38.839],[-107.463,38.801],[-107.337,38.756],[-107.225,38.671],[-107.207,38.611],[-107.241,38.516],[-107.397,38.342],[-107.487,38.285],[-107.871,38.112],[-108.306,37.873],[-108.548,37.78],[-108.603,37.667],[-108.678,37.601],[-108.712,37.601],[-108.752,37.628],[-108.768,37.685],[-108.759,37.738],[-108.689,37.892],[-108.539,38.079],[-108.528,38.108],[-108.559,38.145],[-108.855,38.091],[-109.615,37.861],[-109.706,37.813],[-109.77,37.726],[-109.815,37.703],[-109.845,37.707],[-109.88,37.753],[-109.882,37.781]]]}},{"type":"Feature","properties":{"density":3},"geometry":{"type":"Polygon","coordinates":[[[-109.076,39.123],[-108.564,39.904],[-108.304,40.251],[-108.141,40.429],[-107.856,40.607],[-107.652,40.768],[-107.492,40.972],[-107.402,41.13],[-107.282,41.248],[-107.192,41.312],[-107.07,41.363],[-106.702,41.422],[-106.131,41.457],[-105.975,41.429],[-105.835,41.354],[-105.789,41.199],[-105.789,41.045],[-105.835,40.848],[-105.99,40.666],[-106.148,40.527],[-106.357,40.392],[-106.979,40.117],[-107.392,39.87],[-108.311,39.368],[-108.694,39.188],[-108.994,38.986],[-109.09,38.979],[-109.103,39.041],[-109.084,39.106],[-109.076,39.123]]]}},{"type":"Feature","properties":{"density":3},"geometry":{"type":"Polygon","coordinates":[[[-106.196,36.729],[-106.192,36.789],[-106.135,36.862],[-105.689,37.159],[-105.462,37.258],[-105.275,37.306],[-105.242,37.311],[-105.147,37.263],[-105.144,37.229],[-105.172,37.176],[-105.25,37.126],[-105.545,36.984],[-105.779,36.902],[-105.972,36.803],[-106.096,36.711],[-106.148,36.697],[-106.194,36.72],[-106.196,36.729]]]}},{"type":"Feature","properties":{"density":3},"geometry":{"type":"Polygon","coordinates":[[[-111.869,34.966],[-111.887,34.999],[-111.822,35.159],[-111.649,35.333],[-111.078,35.626],[-110.827,35.801],[-110.714,35.844],[-110.302,35.883],[-110.216,35.846],[-110.209,35.81],[-110.295,35.725],[-110.419,35.641],[-110.736,35.564],[-111.262,35.255],[-111.76,35.058],[-111.774,35.035],[-111.761,34.983],[-111.777,34.96],[-111.832,34.944],[-111.861,34.955],[-111.869,34.966]]]}},{"type":"Feature","properties":{"density":3},"geometry":{"type":"Polygon","coordinates":[[[-114.33,38.106],[-114.33,38.173],[-114.3,38.237],[-114.162,38.357],[-114.047,38.405],[-113.849,38.444],[-113.52,38.385],[-113.411,38.345],[-113.331,38.311],[-113.266,38.215],[-113.298,38.165],[-113.389,38.129],[-113.56,38.096],[-113.843,38.086],[-114.034,38.104],[-114.101,38.096],[-114.197,38.045],[-114.232,38.042],[-114.305,38.054],[-114.327,38.088],[-114.33,38.106]]]}}]}