{"type":"FeatureCollection","features":[{"type":"Feature","properties":{"density":1},"geometry":{"type":"Polygon","coordinates":[[[-74.848,20.393],[-74.83,20.489],[-74.864,20.543],[-74.918,20.569],[-75.077,20.594],[-75.139,20.594],[-75.218,20.57],[-75.401,20.44],[-75.415,20.399],[-75.37,20.336],[-75.319,20.336],[-75.226,20.366],[-75.14,20.366],[-75.014,20.413],[-74.977,20.41],[-74.935,20.357],[-74.873,20.345],[-74.848,20.393]]]}},{"type":"Feature","properties":{"density":1},"geometry":{"type":"Polygon","coordinates":[[[-76.448,20.586],[-76.378,20.547],[-76.352,20.56],[-76.46,20.626],[-76.492,20.638],[-76.518,20.627],[-76.513,20.599],[-76.448,20.586]]]}},{"type":"Feature","properties":{"density":1},"geometry":{"type":"Polygon","coordinates":[[[-76.83,21.134],[-76.972,21.231],[-77.042,21.264],[-77.081,21.254],[-77.072,21.232],[-76.872,21.111],[-76.838,21.11],[-76.83,21.134]]]}},{"type":"Feature","properties":{"density":1},"geometry":{"type":"Polygon","coordinates":[[[-82.609,52.39],[-82.609,52.633],[-82.715,52.868],[-82.928,53.104],[-83.14,53.202],[-83.353,53.248],[-83.581,53.271],[-83.953,53.119],[-84.051,52.974],[-84.006,52.709],[-84.021,52.618],[-84.188,52.39],[-84.393,52.208],[-84.492,52.094],[-84.575,51.965],[-84.515,51.878],[-84.401,51.873],[-83.839,52.208],[-83.687,52.268],[-83.626,52.215],[-83.619,52.078],[-83.641,51.76],[-83.641,51.319],[-83.619,51.236],[-83.581,51.19],[-83.49,51.19],[-83.33,51.289],[-83.095,51.486],[-83.019,51.775],[-83.042,52.01],[-83.095,52.162],[-83.406,52.618],[-83.474,52.747],[-83.474,52.891],[-83.444,52.952],[-83.315,52.944],[-83.186,52.906],[-83.125,52.845],[-83.042,52.678],[-83.004,52.344],[-82.95,52.23],[-82.882,52.177],[-82.776,52.177],[-82.707,52.223],[-82.654,52.268],[-82.609,52.39]]]}},{"type":"Feature","properties":{"density":1},"geometry":{"type":"Polygon","coordinates":[[[-85.156,52.513],[-85.227,52.537],[-85.274,52.523],[-85.274,52.479],[-85.247,52.452],[-85.22,52.449],[-84.849,52.476],[-84.754,52.53],[-84.741,52.577],[-84.768,52.591],[-84.883,52.584],[-85.072,52.516],[-85.156,52.513]]]}},{"type":"Feature","properties":{"density":1},"geometry":{"type":"Polygon","coordinates":[[[-85.321,52.918],[-85.598,52.918],[-85.635,52.898],[-85.642,52.867],[-85.277,52.874],[-85.274,52.901],[-85.321,52.918]]]}},{"type":"Feature","properties":{"density":1},"geometry":{"type":"Polygon","coordinates":[[[-86.718,51.442],[-86.998,51.442],[-87.227,51.415],[-87.315,51.375],[-87.329,51.331],[-87.318,51.314],[-87.281,51.311],[-87.096,51.358],[-86.681,51.368],[-86.63,51.395],[-86.627,51.442],[-86.718,51.442]]]}},{"type":"Feature","properties":{"density":1},"geometry":{"type":"Polygon","coordinates":[[[-88.944,53.087],[-89.118,52.911],[-89.208,52.851],[-89.226,52.806],[-89.211,52.785],[-89.151,52.794],[-89.003,52.863],[-88.899,53.046],[-88.901,53.103],[-88.944,53.087]]]}},{"type":"Feature","properties":{"density":1},"geometry":{"type":"Polygon","coordinates":[[[-89.914,54.333],[-89.905,54.394],[-89.977,54.511],[-90.026,54.565],[-90.229,54.704],[-90.627,54.882],[-90.787,54.918],[-90.825,54.889],[-90.805,54.806],[-90.769,54.781],[-90.611,54.691],[-90.375,54.599],[-90.233,54.506],[-90.145,54.356],[-90.107,54.259],[-90.046,54.245],[-89.968,54.268],[-89.938,54.281],[-89.914,54.333]]]}},{"type":"Feature","properties":{"density":1},"geometry":{"type":"Polygon","coordinates":[[[-95.632,31.602],[-95.55,31.638],[-95.551,31.619],[-95.647,31.526],[-95.731,31.466],[-95.761,31.466],[-95.746,31.505],[-95.632,31.602]]]}},{"type":"Feature","properties":{"density":1},"geometry":{"type":"Polygon","coordinates":[[[-108.49,64.78],[-109.836,64.127],[-110.835,63.781],[-112.411,63.666],[-113.142,63.666],[-115.448,64.012],[-115.756,64.089],[-118.178,65.05],[-120.369,66.088],[-123.675,66.818],[-126.136,66.664],[-127.212,66.088],[-127.597,64.627],[-127.443,63.32],[-126.712,62.013],[-126.136,60.552],[-125.213,59.398],[-124.406,58.591],[-123.983,57.361],[-124.675,56.246],[-125.636,55.208],[-127.52,53.786],[-128.827,53.055],[-129.634,52.325],[-129.557,50.864],[-127.712,49.48],[-125.828,48.25],[-123.252,46.827],[-122.33,45.674],[-120.907,43.137],[-119.716,41.407],[-118.601,40.177],[-117.909,39.369],[-116.832,38.293],[-115.602,37.639],[-114.756,37.447],[-113.372,37.37],[-112.219,37.37],[-109.605,37.716],[-108.221,38.524],[-107.529,39.293],[-106.914,40.177],[-106.376,40.446],[-105.991,40.446],[-105.568,40.177],[-105.415,39.523],[-104.992,37.024],[-104.3,36.525],[-103.877,36.063],[-103.762,35.448],[-103.839,34.833],[-104.569,33.334],[-104.454,32.219],[-104.031,31.143],[-101.686,28.874],[-100.532,27.99],[-100.302,27.221],[-100.148,26.068],[-100.686,24.453],[-101.378,23.531],[-102.262,22.685],[-102.608,22.147],[-103.07,20.84],[-102.916,20.302],[-102.301,19.61],[-101.224,19.148],[-99.956,19.148],[-98.841,19.34],[-98.303,19.61],[-97.726,19.956],[-96.957,21.186],[-96.65,22.839],[-96.15,24.415],[-95.727,25.414],[-94.843,26.376],[-93.766,26.914],[-92.19,27.49],[-89.115,28.528],[-84.809,29.797],[-83.617,30.374],[-83.002,30.72],[-82.541,31.373],[-82.003,32.373],[-81.695,33.68],[-81.695,34.449],[-82.272,35.448],[-83.617,35.833],[-85.04,35.525],[-86.424,34.679],[-87.615,33.718],[-88.692,32.988],[-89.999,32.257],[-90.845,31.835],[-92.306,31.373],[-94.074,31.143],[-94.972,31.46],[-94.983,31.711],[-94.574,31.911],[-93.536,31.911],[-92.382,32.219],[-91.844,32.565],[-91.344,33.18],[-91.306,34.372],[-91.152,36.025],[-90.922,37.37],[-90.537,38.716],[-90.46,39.293],[-89.807,41.022],[-87.577,43.598],[-86.347,44.675],[-84.117,47.058],[-84.117,47.673],[-83.963,48.327],[-83.54,49.249],[-82.733,50.134],[-81.58,51.095],[-80.503,52.094],[-79.927,53.401],[-79.888,55.477],[-80.042,56.976],[-80.273,58.014],[-80.965,59.322],[-82.618,60.859],[-83.81,61.743],[-86.501,63.358],[-87.961,63.819],[-89.614,64.05],[-91.46,64.358],[-99.648,65.319],[-102.647,65.434],[-104.8,65.434],[-107.068,65.165],[-108.49,64.78]]]}},{"type":"Feature","properties":{"density":1},"geometry":{"type":"Polygon","coordinates":[[[-111.857,34.239],[-112.284,34.307],[-112.763,34.41],[-113.292,34.632],[-113.856,34.837],[-114.3,35.042],[-114.967,34.991],[-115.411,34.734],[-115.753,34.478],[-116.47,34.153],[-116.795,33.931],[-117.051,33.59],[-116.795,33.316],[-116.487,33.214],[-116.214,32.94],[-115.923,32.274],[-115.548,31.608],[-115.001,31.488],[-114.522,31.659],[-114.215,32.018],[-113.822,32.325],[-113.156,32.496],[-112.694,32.633],[-112.062,32.735],[-111.652,32.94],[-111.396,33.145],[-111.242,33.59],[-111.293,33.829],[-111.43,34.0],[-111.857,34.239]]]}},{"type":"Feature","properties":{"density":1},"geometry":{"type":"Polygon","coordinates":[[[-113.262,47.916],[-113.062,48.0],[-112.864,48.02],[-112.581,48.081],[-112.17,48.131],[-111.912,48.131],[-111.786,48.151],[-111.619,48.141],[-110.768,48.171],[-110.667,48.151],[-110.596,48.105],[-110.48,48.06],[-110.419,47.984],[-110.419,47.908],[-110.485,47.847],[-110.621,47.812],[-111.345,47.786],[-111.912,47.842],[-112.486,47.827],[-112.641,47.803],[-113.018,47.809],[-113.249,47.787],[-113.308,47.827],[-113.306,47.859],[-113.262,47.916]]]}},{"type":"Feature","properties":{"density":1},"geometry":{"type":"Polygon","coordinates":[[[-115.177,46.277],[-114.89,46.294],[-114.818,46.279],[-114.773,46.247],[-114.826,46.153],[-114.914,46.096],[-115.022,46.061],[-115.142,46.048],[-115.324,46.217],[-115.322,46.247],[-115.289,46.28],[-115.177,46.277]]]}},{"type":"Feature","properties":{"density":1},"geometry":{"type":"Polygon","coordinates":[[[-113.211,45.679],[-113.056,45.813],[-112.95,45.869],[-112.822,45.893],[-112.78,45.882],[-112.762,45.854],[-112.77,45.785],[-112.803,45.749],[-113.194,45.5],[-113.296,45.473],[-113.346,45.479],[-113.386,45.503],[-113.394,45.543],[-113.38,45.581],[-113.211,45.679]]]}},{"type":"Feature","properties":{"density":1},"geometry":{"type":"Polygon","coordinates":[[[-113.746,46.057],[-113.734,46.094],[-113.625,46.198],[-113.512,46.237],[-113.344,46.259],[-113.197,46.252],[-113.071,46.2],[-113.071,46.162],[-113.107,46.137],[-113.452,46.115],[-113.556,46.093],[-113.722,46.01],[-113.745,46.018],[-113.746,46.057]]]}},{"type":"Feature","properties":{"density":1},"geometry":{"type":"Polygon","coordinates":[[[-112.271,41.95],[-112.358,41.954],[-112.415,41.926],[-112.459,41.882],[-112.523,41.779],[-112.532,41.68],[-112.517,41.651],[-112.472,41.638],[-112.359,41.671],[-112.258,41.748],[-112.208,41.829],[-112.199,41.881],[-112.22,41.919],[-112.271,41.95]]]}},{"type":"Feature","properties":{"density":1},"geometry":{"type":"Polygon","coordinates":[[[-114.977,39.108],[-114.934,39.342],[-114.882,39.436],[-114.826,39.472],[-114.759,39.47],[-114.738,39.447],[-114.727,39.378],[-114.675,39.337],[-114.419,39.306],[-114.367,39.281],[-114.347,39.238],[-114.354,39.159],[-114.39,39.141],[-114.741,39.126],[-114.864,39.078],[-114.948,39.065],[-114.981,39.078],[-114.977,39.108]]]}},{"type":"Feature","properties":{"density":1},"geometry":{"type":"Polygon","coordinates":[[[-116.773,42.859],[-116.678,42.832],[-116.519,42.751],[-116.3,42.613],[-116.104,42.346],[-116.027,42.211],[-115.973,42.096],[-115.946,41.904],[-115.961,41.735],[-116.158,41.249],[-116.199,40.854],[-116.295,40.485],[-116.401,40.363],[-116.68,40.237],[-116.908,40.307],[-117.09,40.495],[-117.343,40.799],[-117.581,40.971],[-117.637,41.052],[-117.616,41.371],[-117.581,41.522],[-117.51,41.715],[-117.092,42.226],[-117.065,42.311],[-117.0,42.692],[-116.973,42.749],[-116.906,42.813],[-116.842,42.847],[-116.773,42.859]]]}},{"type":"Feature","properties":{"density":1},"geometry":{"type":"Polygon","coordinates":[[[-89.94,49.506],[-90.082,49.567],[-90.35,49.749],[-90.477,49.876],[-90.745,50.256],[-90.811,50.402],[-90.841,50.549],[-90.872,50.888],[-90.877,51.005],[-90.836,51.248],[-90.798,51.278],[-90.715,51.286],[-90.555,51.218],[-90.206,50.656],[-90.115,50.458],[-90.024,50.306],[-89.955,50.094],[-89.773,49.775],[-89.712,49.555],[-89.727,49.471],[-89.75,49.456],[-89.857,49.471],[-89.94,49.506]]]}},{"type":"Feature","properties":{"density":1},"geometry":{"type":"Polygon","coordinates":[[[-90.409,55.001],[-90.315,54.958],[-90.177,54.924],[-90.092,54.866],[-90.006,54.785],[-89.932,54.668],[-89.894,54.499],[-89.898,54.375],[-89.964,54.254],[-90.099,54.229],[-90.15,54.263],[-90.344,54.621],[-90.643,54.805],[-90.738,54.902],[-90.751,54.956],[-90.704,55.021],[-90.618,55.05],[-90.533,55.053],[-90.409,55.001]]]}},{"type":"Feature","properties":{"density":1},"geometry":{"type":"Polygon","coordinates":[[[-89.246,52.846],[-89.079,52.961],[-88.908,53.039],[-88.845,53.048],[-88.755,53.03],[-88.751,52.974],[-88.832,52.92],[-89.124,52.839],[-89.201,52.796],[-89.241,52.803],[-89.259,52.832],[-89.246,52.846]]]}},{"type":"Feature","properties":{"density":1},"geometry":{"type":"Polygon","coordinates":[[[-83.586,51.271],[-83.555,51.41],[-83.471,51.619],[-83.422,51.911],[-83.442,52.149],[-83.467,52.235],[-83.543,52.412],[-83.604,52.465],[-83.665,52.45],[-83.779,52.328],[-83.991,51.804],[-84.136,51.584],[-84.295,51.615],[-84.363,51.812],[-84.325,52.085],[-84.219,52.533],[-84.204,52.776],[-84.219,53.186],[-84.136,53.338],[-84.037,53.369],[-83.923,53.354],[-83.627,53.224],[-83.3,52.913],[-83.123,52.602],[-82.953,52.042],[-82.916,51.859],[-82.926,51.707],[-82.956,51.606],[-83.047,51.471],[-83.33,51.253],[-83.439,51.199],[-83.567,51.199],[-83.597,51.232],[-83.586,51.271]]]}},{"type":"Feature","properties":{"density":1},"geometry":{"type":"Polygon","coordinates":[[[-87.339,51.353],[-87.295,51.387],[-87.091,51.45],[-86.935,51.471],[-86.757,51.461],[-86.712,51.446],[-86.683,51.408],[-86.709,51.374],[-86.853,51.338],[-87.132,51.351],[-87.319,51.32],[-87.337,51.326],[-87.339,51.353]]]}},{"type":"Feature","properties":{"density":1},"geometry":{"type":"Polygon","coordinates":[[[-85.25,52.533],[-85.21,52.556],[-85.061,52.569],[-84.652,52.382],[-84.616,52.333],[-84.627,52.308],[-84.681,52.299],[-84.897,52.346],[-85.228,52.459],[-85.259,52.479],[-85.25,52.533]]]}},{"type":"Feature","properties":{"density":1},"geometry":{"type":"Polygon","coordinates":[[[-120.81,62.66],[-120.743,62.508],[-120.76,62.39],[-120.81,62.323],[-120.868,62.299],[-120.925,62.296],[-120.989,62.37],[-120.996,62.434],[-120.976,62.515],[-120.891,62.67],[-120.837,62.68],[-120.81,62.66]]]}},{"type":"Feature","properties":{"density":1},"geometry":{"type":"Polygon","coordinates":[[[-120.736,63.072],[-120.858,62.998],[-120.912,62.91],[-120.942,62.832],[-120.928,62.728],[-120.847,62.724],[-120.766,62.815],[-120.719,62.91],[-120.689,63.021],[-120.692,63.068],[-120.736,63.072]]]}},{"type":"Feature","properties":{"density":1},"geometry":{"type":"Polygon","coordinates":[[[-122.351,62.53],[-122.493,62.545],[-122.933,62.52],[-123.216,62.404],[-123.292,62.333],[-123.368,62.221],[-123.515,61.778],[-123.91,61.535],[-124.267,61.247],[-124.388,60.935],[-124.654,60.411],[-124.859,60.275],[-125.482,59.918],[-125.687,59.743],[-125.733,59.2],[-125.664,58.972],[-125.482,58.642],[-125.243,58.414],[-125.06,58.266],[-124.867,58.016],[-124.969,57.435],[-125.174,57.173],[-125.584,56.808],[-125.778,56.592],[-125.972,56.296],[-125.972,56.136],[-125.607,56.011],[-125.197,56.022],[-124.058,56.193],[-123.432,56.227],[-122.634,56.17],[-121.643,56.159],[-121.336,56.182],[-120.698,56.307],[-119.639,56.637],[-119.388,56.763],[-119.137,57.139],[-119.092,57.435],[-119.137,57.924],[-119.604,58.767],[-119.684,58.87],[-120.083,59.075],[-120.094,59.212],[-120.014,59.656],[-119.775,60.18],[-119.65,60.396],[-119.536,60.884],[-119.475,61.202],[-119.482,61.418],[-119.519,61.556],[-119.698,61.73],[-119.961,61.927],[-120.173,62.013],[-120.487,62.206],[-121.277,62.246],[-121.399,62.287],[-121.505,62.383],[-121.743,62.484],[-121.996,62.53],[-122.351,62.53]]]}},{"type":"Feature","properties":{"density":1},"geometry":{"type":"Polygon","coordinates":[[[-118.045,46.003],[-117.964,46.111],[-117.901,46.12],[-117.775,46.099],[-117.737,46.045],[-117.739,46.0],[-117.82,45.967],[-118.007,45.971],[-118.044,45.988],[-118.045,46.003]]]}},{"type":"Feature","properties":{"density":1},"geometry":{"type":"Polygon","coordinates":[[[-92.497,18.127],[-92.803,18.294],[-92.882,18.321],[-92.953,18.315],[-92.941,18.285],[-92.596,18.093],[-92.516,18.079],[-92.492,18.102],[-92.497,18.127]]]}},{"type":"Feature","properties":{"density":1},"geometry":{"type":"Polygon","coordinates":[[[-92.456,17.911],[-92.744,18.001],[-92.932,18.112],[-93.05,18.159],[-93.121,18.165],[-93.133,18.139],[-93.095,18.082],[-93.007,18.018],[-92.83,17.938],[-92.575,17.862],[-92.485,17.85],[-92.456,17.86],[-92.456,17.911]]]}},{"type":"Feature","properties":{"density":1},"geometry":{"type":"Polygon","coordinates":[[[-92.864,17.81],[-93.107,17.932],[-93.816,18.448],[-94.14,18.58],[-94.309,18.62],[-94.464,18.617],[-94.549,18.6],[-94.633,18.56],[-94.68,18.512],[-94.694,18.445],[-94.673,18.357],[-94.613,18.3],[-94.498,18.232],[-93.931,18.047],[-93.793,17.979],[-93.057,17.726],[-92.861,17.706],[-92.837,17.77],[-92.864,17.81]]]}},{"type":"Feature","properties":{"density":1},"geometry":{"type":"Polygon","coordinates":[[[-76.339,20.581],[-76.47,20.701],[-76.59,20.743],[-76.69,20.746],[-76.705,20.704],[-76.692,20.653],[-76.624,20.615],[-76.393,20.534],[-76.351,20.539],[-76.332,20.564],[-76.339,20.581]]]}},{"type":"Feature","properties":{"density":1},"geometry":{"type":"Polygon","coordinates":[[[-74.921,20.424],[-75.2,20.48],[-75.339,20.561],[-75.402,20.642],[-75.42,20.708],[-75.442,20.914],[-75.412,21.035],[-75.29,21.076],[-75.164,20.979],[-75.088,20.898],[-74.931,20.645],[-74.876,20.503],[-74.882,20.439],[-74.921,20.424]]]}},{"type":"Feature","properties":{"density":1},"geometry":{"type":"Polygon","coordinates":[[[-72.711,19.205],[-72.954,19.266],[-73.002,19.324],[-73.002,19.358],[-72.957,19.378],[-72.891,19.371],[-72.725,19.313],[-72.671,19.234],[-72.711,19.205]]]}},{"type":"Feature","properties":{"density":1},"geometry":{"type":"Polygon","coordinates":[[[-148.63,64.58],[-148.346,64.819],[-147.639,65.047],[-146.649,65.491],[-146.068,65.708],[-144.803,66.106],[-143.929,66.494],[-143.621,66.673],[-142.545,66.929],[-141.776,67.211],[-141.059,67.34],[-140.367,67.263],[-140.136,66.853],[-140.213,66.289],[-140.392,65.776],[-140.367,65.059],[-140.315,64.546],[-140.52,63.213],[-141.033,62.854],[-142.366,62.803],[-143.263,63.008],[-144.339,63.213],[-146.466,63.393],[-147.491,63.521],[-147.953,63.546],[-148.363,63.623],[-148.619,63.777],[-148.85,63.956],[-148.833,64.367],[-148.63,64.58]]]}},{"type":"Feature","properties":{"density":1},"geometry":{"type":"Polygon","coordinates":[[[-115.004,39.134],[-114.929,39.449],[-114.832,39.65],[-114.787,39.693],[-114.497,39.92],[-114.193,40.102],[-114.103,40.102],[-113.95,40.064],[-113.894,39.96],[-113.905,39.834],[-113.979,39.684],[-114.186,39.411],[-114.362,39.321],[-114.669,39.105],[-114.81,39.064],[-114.948,39.048],[-114.987,39.07],[-115.004,39.134]]]}},{"type":"Feature","properties":{"density":1},"geometry":{"type":"Polygon","coordinates":[[[-116.186,37.284],[-116.084,37.426],[-115.934,37.59],[-115.844,37.635],[-115.746,37.632],[-115.73,37.615],[-115.715,37.578],[-115.718,37.524],[-115.76,37.416],[-115.905,37.242],[-115.998,37.2],[-116.142,37.2],[-116.198,37.236],[-116.186,37.284]]]}},{"type":"Feature","properties":{"density":1},"geometry":{"type":"Polygon","coordinates":[[[-116.802,42.904],[-116.755,42.918],[-116.272,42.918],[-116.029,42.941],[-115.945,42.918],[-115.884,42.871],[-115.857,42.823],[-115.847,42.739],[-116.06,42.202],[-116.11,41.814],[-116.141,41.713],[-116.176,41.642],[-116.242,41.561],[-116.368,41.475],[-116.409,41.303],[-116.419,41.156],[-116.454,41.065],[-116.647,40.959],[-116.758,40.979],[-117.011,41.237],[-117.224,41.237],[-117.426,41.293],[-117.518,41.384],[-117.523,41.652],[-117.467,41.753],[-117.29,41.966],[-117.133,42.093],[-117.008,42.233],[-117.008,42.334],[-117.061,42.45],[-117.05,42.65],[-117.007,42.783],[-116.969,42.835],[-116.926,42.862],[-116.847,42.9],[-116.802,42.904]]]}},{"type":"Feature","properties":{"density":1},"geometry":{"type":"Polygon","coordinates":[[[-121.708,45.494],[-121.537,45.53],[-121.411,45.59],[-121.127,45.689],[-120.807,45.713],[-120.571,45.755],[-120.431,45.764],[-120.292,45.753],[-120.098,45.784],[-119.855,45.781],[-119.697,45.754],[-119.552,45.757],[-119.437,45.69],[-119.369,45.622],[-119.254,45.305],[-118.633,45.087],[-118.44,44.996],[-118.332,44.915],[-118.244,44.8],[-118.224,44.692],[-118.228,44.588],[-118.322,44.52],[-118.501,44.507],[-118.916,44.601],[-119.467,44.657],[-119.855,44.636],[-120.101,44.589],[-120.179,44.589],[-120.327,44.667],[-120.435,44.751],[-120.776,44.804],[-121.015,44.784],[-121.096,44.752],[-121.231,44.584],[-121.387,44.562],[-121.531,44.592],[-121.647,44.68],[-121.718,44.71],[-121.75,44.759],[-121.753,44.802],[-121.732,44.849],[-121.642,44.885],[-121.579,44.885],[-121.519,44.86],[-121.457,44.866],[-121.42,44.901],[-121.424,44.956],[-121.48,45.06],[-121.609,45.144],[-121.782,45.303],[-121.811,45.353],[-121.831,45.409],[-121.818,45.465],[-121.8,45.486],[-121.708,45.494]]]}},{"type":"Feature","properties":{"density":1},"geometry":{"type":"Polygon","coordinates":[[[-118.345,45.644],[-118.333,45.695],[-118.299,45.725],[-118.143,45.773],[-117.853,45.821],[-117.759,45.905],[-117.651,45.971],[-117.477,45.989],[-117.365,45.967],[-117.176,45.861],[-117.151,45.832],[-117.093,45.816],[-116.886,45.834],[-116.843,45.809],[-116.778,45.715],[-116.744,45.627],[-116.721,45.463],[-116.762,45.319],[-116.949,45.276],[-117.106,45.278],[-117.264,45.317],[-117.642,45.525],[-117.786,45.546],[-118.092,45.555],[-118.308,45.585],[-118.355,45.609],[-118.345,45.644]]]}},{"type":"Feature","properties":{"density":1},"geometry":{"type":"Polygon","coordinates":[[[-118.037,46.011],[-118.023,46.044],[-117.943,46.115],[-117.787,46.147],[-117.578,46.111],[-117.533,46.087],[-117.493,46.006],[-117.505,45.984],[-117.547,45.967],[-117.613,45.964],[-117.742,45.967],[-117.913,45.997],[-118.021,45.991],[-118.037,46.011]]]}},{"type":"Feature","properties":{"density":1},"geometry":{"type":"Polygon","coordinates":[[[-122.557,43.201],[-122.701,43.078],[-122.758,42.95],[-122.765,42.92],[-122.753,42.908],[-122.686,42.886],[-122.488,42.923],[-122.392,42.911],[-122.32,42.959],[-122.309,43.007],[-122.347,43.091],[-122.453,43.178],[-122.557,43.201]]]}},{"type":"Feature","properties":{"density":1},"geometry":{"type":"Polygon","coordinates":[[[-113.927,44.333],[-113.927,44.45],[-113.826,44.58],[-113.558,44.693],[-113.229,44.799],[-113.146,44.765],[-113.137,44.727],[-113.153,44.657],[-113.211,44.585],[-113.862,44.29],[-113.898,44.29],[-113.927,44.333]]]}},{"type":"Feature","properties":{"density":1},"geometry":{"type":"Polygon","coordinates":[[[-114.028,43.549],[-113.333,43.72],[-113.048,43.914],[-111.587,44.819],[-110.71,45.035],[-110.05,45.069],[-109.594,44.819],[-109.594,44.318],[-109.822,43.691],[-110.262,43.216],[-111.341,42.875],[-112.222,42.624],[-113.538,42.387],[-114.119,42.399],[-114.928,42.444],[-115.755,42.543],[-116.401,42.908],[-116.705,43.181],[-116.975,43.372],[-117.299,43.413],[-117.522,43.403],[-117.729,43.438],[-117.927,43.509],[-117.972,43.681],[-117.957,43.899],[-117.906,44.097],[-117.957,44.254],[-117.952,44.406],[-117.906,44.538],[-117.815,44.659],[-117.466,44.948],[-117.261,45.221],[-117.025,45.35],[-116.592,45.54],[-116.167,45.7],[-115.233,46.034],[-114.709,46.125],[-114.018,46.345],[-113.616,46.451],[-112.94,46.785],[-111.801,47.241],[-111.049,47.461],[-109.917,47.735],[-109.477,47.78],[-109.28,47.765],[-109.059,47.704],[-109.029,47.644],[-109.067,47.522],[-109.181,47.408],[-109.538,47.302],[-109.766,47.264],[-110.32,47.104],[-110.715,47.021],[-111.656,46.611],[-112.165,46.489],[-112.75,46.307],[-113.016,46.216],[-113.304,46.094],[-113.859,45.776],[-114.671,45.244],[-115.15,44.796],[-115.355,44.583],[-115.484,44.409],[-115.605,44.196],[-115.674,43.991],[-115.674,43.756],[-115.643,43.649],[-115.461,43.437],[-115.058,43.308],[-114.793,43.3],[-114.527,43.376],[-114.39,43.467],[-114.14,43.513],[-114.028,43.549]]]}},{"type":"Feature","properties":{"density":1},"geometry":{"type":"Polygon","coordinates":[[[-115.147,46.065],[-115.175,46.122],[-115.244,46.177],[-115.251,46.22],[-115.215,46.274],[-115.079,46.316],[-114.823,46.342],[-114.664,46.351],[-114.595,46.321],[-114.607,46.25],[-114.714,46.184],[-115.101,46.057],[-115.147,46.065]]]}},{"type":"Feature","properties":{"density":1},"geometry":{"type":"Polygon","coordinates":[[[-113.37,45.571],[-113.225,45.703],[-112.768,46.056],[-112.595,46.146],[-112.473,46.198],[-112.318,46.218],[-112.226,46.175],[-112.181,46.112],[-112.19,46.031],[-112.221,45.952],[-112.262,45.912],[-112.329,45.88],[-113.014,45.629],[-113.201,45.503],[-113.257,45.481],[-113.347,45.489],[-113.365,45.508],[-113.37,45.571]]]}},{"type":"Feature","properties":{"density":1},"geometry":{"type":"Polygon","coordinates":[[[-115.275,46.756],[-115.287,46.812],[-115.277,46.848],[-115.196,46.89],[-115.034,46.899],[-114.963,46.869],[-114.977,46.837],[-115.059,46.788],[-115.217,46.746],[-115.259,46.74],[-115.275,46.756]]]}},{"type":"Feature","properties":{"density":1},"geometry":{"type":"Polygon","coordinates":[[[-113.264,47.921],[-113.146,47.969],[-112.532,48.134],[-111.955,48.229],[-111.746,48.252],[-110.949,48.276],[-110.483,48.249],[-109.778,48.156],[-109.363,47.999],[-109.211,47.908],[-109.16,47.837],[-109.176,47.761],[-109.246,47.7],[-109.398,47.66],[-109.692,47.675],[-109.879,47.716],[-110.112,47.797],[-110.644,47.913],[-110.856,47.918],[-111.322,47.883],[-112.437,47.886],[-112.782,47.815],[-113.237,47.768],[-113.295,47.792],[-113.308,47.822],[-113.295,47.889],[-113.264,47.921]]]}},{"type":"Feature","properties":{"density":1},"geometry":{"type":"Polygon","coordinates":[[[-120.605,44.735],[-120.574,44.762],[-120.5,44.782],[-120.385,44.789],[-120.159,44.661],[-120.041,44.526],[-119.795,44.56],[-119.639,44.563],[-119.332,44.519],[-119.261,44.445],[-119.268,44.384],[-119.457,44.094],[-119.482,43.945],[-119.411,43.9],[-119.143,43.849],[-118.976,43.839],[-118.439,43.672],[-118.242,43.677],[-118.126,43.652],[-117.837,43.561],[-117.624,43.388],[-117.467,43.348],[-117.298,43.176],[-117.29,42.978],[-117.309,42.762],[-117.393,42.511],[-117.56,42.344],[-117.841,42.124],[-118.207,41.975],[-118.546,41.747],[-118.817,41.653],[-119.014,41.646],[-119.197,41.684],[-119.402,41.805],[-119.599,42.048],[-120.078,42.747],[-120.223,43.038],[-120.37,43.529],[-120.476,43.646],[-120.754,43.704],[-120.912,43.767],[-120.942,43.944],[-120.861,44.122],[-120.822,44.317],[-120.883,44.411],[-120.86,44.582],[-120.703,44.688],[-120.605,44.735]]]}},{"type":"Feature","properties":{"density":1},"geometry":{"type":"Polygon","coordinates":[[[-112.672,38.889],[-112.467,39.451],[-112.475,39.603],[-112.551,39.717],[-112.74,39.815],[-113.181,39.831],[-113.477,39.876],[-113.671,40.081],[-113.819,40.446],[-113.83,40.685],[-113.807,40.867],[-113.716,41.072],[-113.158,41.573],[-112.771,41.665],[-112.235,41.699],[-111.78,41.767],[-111.427,41.892],[-111.051,42.12],[-110.31,42.621],[-110.151,42.747],[-109.866,42.917],[-109.354,43.157],[-108.875,43.43],[-108.545,43.578],[-108.26,43.624],[-107.907,43.635],[-107.668,43.624],[-107.463,43.544],[-107.246,43.602],[-107.063,43.709],[-106.901,43.78],[-106.669,43.805],[-106.431,43.764],[-106.248,43.663],[-106.107,43.521],[-106.021,43.218],[-105.995,42.97],[-105.96,42.813],[-106.028,42.283],[-106.096,41.964],[-106.185,41.661],[-106.534,40.689],[-106.701,40.385],[-106.758,40.043],[-107.134,39.121],[-107.282,38.881],[-107.521,38.608],[-107.794,38.403],[-108.125,38.232],[-110.255,37.697],[-110.517,37.663],[-110.733,37.697],[-110.927,37.788],[-111.12,37.947],[-111.371,38.278],[-111.428,38.46],[-111.592,38.653],[-111.796,38.68],[-112.091,38.588],[-112.201,38.577],[-112.475,38.597],[-112.57,38.626],[-112.694,38.759],[-112.689,38.853],[-112.672,38.889]]]}},{"type":"Feature","properties":{"density":1},"geometry":{"type":"Polygon","coordinates":[[[-112.188,41.91],[-112.166,41.958],[-112.152,42.099],[-112.186,42.198],[-112.215,42.219],[-112.254,42.216],[-112.431,41.982],[-112.454,41.928],[-112.458,41.861],[-112.449,41.829],[-112.404,41.802],[-112.283,41.807],[-112.224,41.832],[-112.188,41.874],[-112.188,41.91]]]}},{"type":"Feature","properties":{"density":1},"geometry":{"type":"Polygon","coordinates":[[[-115.958,31.412],[-115.94,31.468],[-115.868,31.565],[-115.771,31.619],[-115.722,31.603],[-115.717,31.459],[-115.735,31.412],[-115.805,31.333],[-115.924,31.313],[-115.967,31.356],[-115.958,31.412]]]}},{"type":"Feature","properties":{"density":1},"geometry":{"type":"Polygon","coordinates":[[[-74.861,20.482],[-74.945,20.826],[-75.117,21.194],[-75.212,21.322],[-75.408,21.467],[-75.448,21.464],[-75.509,21.43],[-75.573,21.299],[-75.603,21.1],[-75.597,20.951],[-75.549,20.799],[-75.489,20.695],[-75.273,20.539],[-75.02,20.421],[-74.885,20.391],[-74.861,20.482]]]}},{"type":"Feature","properties":{"density":1},"geometry":{"type":"Polygon","coordinates":[[[-92.515,18.163],[-92.763,18.348],[-92.853,18.391],[-92.981,18.422],[-93.021,18.422],[-93.055,18.402],[-93.06,18.361],[-93.039,18.314],[-92.904,18.208],[-92.542,18.078],[-92.495,18.082],[-92.49,18.127],[-92.515,18.163]]]}},{"type":"Feature","properties":{"density":1},"geometry":{"type":"Polygon","coordinates":[[[-93.102,17.903],[-93.2,17.95],[-93.321,18.041],[-93.503,18.197],[-93.736,18.446],[-93.891,18.541],[-94.195,18.646],[-94.32,18.629],[-94.384,18.575],[-94.438,18.484],[-94.421,18.322],[-94.276,18.153],[-94.124,18.025],[-93.959,17.94],[-93.76,17.852],[-93.493,17.798],[-93.277,17.704],[-93.142,17.676],[-92.881,17.674],[-92.818,17.697],[-92.784,17.735],[-92.813,17.798],[-92.867,17.834],[-93.102,17.903]]]}},{"type":"Feature","properties":{"density":1},"geometry":{"type":"Polygon","coordinates":[[[-92.582,17.948],[-92.812,18.029],[-93.462,18.308],[-93.545,18.314],[-93.556,18.287],[-93.55,18.249],[-93.487,18.182],[-93.39,18.114],[-93.136,18.006],[-92.749,17.907],[-92.607,17.898],[-92.571,17.925],[-92.582,17.948]]]}},{"type":"Feature","properties":{"density":1},"geometry":{"type":"Polygon","coordinates":[[[-89.974,49.487],[-90.039,49.53],[-90.226,49.737],[-90.569,50.052],[-90.633,50.173],[-90.738,50.315],[-90.948,50.725],[-91.07,51.287],[-91.032,51.515],[-90.994,51.56],[-90.941,51.583],[-90.857,51.583],[-90.675,51.507],[-90.493,51.294],[-90.287,50.773],[-90.044,50.591],[-89.875,50.486],[-89.794,50.354],[-89.787,50.273],[-89.71,50.071],[-89.642,49.825],[-89.664,49.687],[-89.73,49.554],[-89.775,49.513],[-89.854,49.468],[-89.974,49.487]]]}},{"type":"Feature","properties":{"density":1},"geometry":{"type":"Polygon","coordinates":[[[-87.659,51.345],[-87.716,51.399],[-87.824,51.46],[-87.854,51.528],[-87.865,51.622],[-87.841,51.703],[-87.794,51.757],[-87.736,51.787],[-87.514,51.831],[-87.237,51.855],[-87.034,51.798],[-87.017,51.737],[-87.024,51.659],[-87.132,51.382],[-87.21,51.295],[-87.267,51.261],[-87.341,51.254],[-87.611,51.312],[-87.659,51.345]]]}},{"type":"Feature","properties":{"density":1},"geometry":{"type":"Polygon","coordinates":[[[-83.569,51.315],[-83.353,51.734],[-83.318,51.901],[-83.363,52.169],[-83.591,52.605],[-83.647,52.686],[-83.687,52.807],[-83.693,52.888],[-83.637,52.969],[-83.596,52.989],[-83.475,52.964],[-83.338,52.888],[-83.242,52.792],[-83.141,52.64],[-82.969,52.265],[-82.886,51.975],[-82.866,51.736],[-82.886,51.509],[-82.98,51.314],[-83.19,51.017],[-83.325,50.915],[-83.477,50.888],[-83.574,50.892],[-83.652,50.99],[-83.652,51.128],[-83.569,51.315]]]}},{"type":"Feature","properties":{"density":1},"geometry":{"type":"Polygon","coordinates":[[[-89.212,50.405],[-89.311,50.59],[-89.363,50.794],[-89.356,50.835],[-89.318,50.882],[-89.244,50.932],[-89.21,50.932],[-89.151,50.862],[-89.093,50.641],[-89.095,50.545],[-89.133,50.396],[-89.172,50.376],[-89.212,50.405]]]}},{"type":"Feature","properties":{"density":1},"geometry":{"type":"Polygon","coordinates":[[[-89.088,51.387],[-89.182,51.722],[-89.184,51.823],[-89.171,51.897],[-89.135,51.951],[-89.09,51.976],[-89.043,51.974],[-89.009,51.951],[-88.966,51.886],[-88.944,51.681],[-88.973,51.411],[-88.991,51.384],[-89.049,51.366],[-89.088,51.387]]]}},{"type":"Feature","properties":{"density":1},"geometry":{"type":"Polygon","coordinates":[[[-91.977,51.673],[-92.154,52.164],[-92.291,52.437],[-92.503,52.802],[-92.544,52.908],[-92.665,53.024],[-92.665,53.095],[-92.625,53.146],[-92.584,53.146],[-92.422,53.085],[-92.351,53.009],[-92.22,52.857],[-92.017,52.569],[-91.931,52.392],[-91.835,51.921],[-91.835,51.774],[-91.881,51.602],[-91.946,51.622],[-91.977,51.673]]]}},{"type":"Feature","properties":{"density":1},"geometry":{"type":"Polygon","coordinates":[[[-90.159,54.258],[-90.23,54.397],[-90.284,54.606],[-90.284,54.778],[-90.257,54.859],[-90.112,55.062],[-90.01,55.149],[-89.784,55.257],[-89.588,55.268],[-89.518,55.244],[-89.426,55.116],[-89.43,54.967],[-89.497,54.822],[-89.649,54.677],[-89.882,54.275],[-90.017,54.199],[-90.114,54.215],[-90.143,54.228],[-90.159,54.258]]]}},{"type":"Feature","properties":{"density":1},"geometry":{"type":"Polygon","coordinates":[[[-123.363,62.26],[-123.323,62.317],[-123.252,62.361],[-123.13,62.398],[-122.911,62.411],[-122.712,62.482],[-122.317,62.516],[-122.155,62.489],[-121.818,62.479],[-121.615,62.449],[-121.473,62.408],[-121.362,62.347],[-121.139,62.282],[-120.491,62.251],[-119.712,61.988],[-119.375,61.803],[-119.14,61.644],[-118.859,61.416],[-118.76,61.279],[-118.638,60.953],[-118.638,60.763],[-118.669,60.527],[-118.76,60.345],[-118.988,60.11],[-119.238,59.981],[-119.443,59.806],[-119.475,59.697],[-119.424,59.324],[-119.515,58.914],[-119.424,58.496],[-119.379,58.116],[-119.523,57.858],[-119.979,57.638],[-120.647,57.737],[-121.156,57.972],[-121.619,58.094],[-121.976,58.253],[-122.788,58.481],[-123.1,58.671],[-123.426,58.686],[-123.92,58.625],[-124.634,58.743],[-125.097,59.062],[-125.15,59.343],[-125.082,59.639],[-124.998,59.905],[-124.899,60.33],[-124.677,60.871],[-123.965,61.279],[-123.7,61.606],[-123.586,61.879],[-123.434,62.168],[-123.363,62.26]]]}},{"type":"Feature","properties":{"density":1},"geometry":{"type":"Polygon","coordinates":[[[-148.431,64.557],[-148.097,64.813],[-147.072,65.275],[-145.509,65.761],[-144.637,66.146],[-143.33,66.787],[-142.767,67.12],[-141.562,67.274],[-140.486,67.487],[-139.751,67.368],[-139.255,67.06],[-138.999,66.445],[-139.153,65.864],[-139.281,65.685],[-139.512,65.454],[-139.537,65.223],[-139.187,64.788],[-138.794,64.429],[-138.538,64.352],[-137.461,64.249],[-137.333,64.121],[-137.205,63.814],[-137.179,63.532],[-137.41,63.327],[-138.102,63.224],[-139.102,63.25],[-140.152,63.301],[-141.229,63.404],[-142.382,63.557],[-144.227,63.609],[-145.611,63.711],[-146.431,63.711],[-147.534,63.788],[-148.046,63.865],[-148.542,64.096],[-148.525,64.301],[-148.431,64.557]]]}},{"type":"Feature","properties":{"density":1},"geometry":{"type":"Polygon","coordinates":[[[-120.882,62.367],[-120.824,62.377],[-120.726,62.335],[-120.635,62.244],[-120.611,62.149],[-120.678,62.13],[-120.731,62.149],[-120.839,62.23],[-120.897,62.316],[-120.882,62.367]]]}},{"type":"Feature","properties":{"density":1},"geometry":{"type":"Polygon","coordinates":[[[-121.786,63.166],[-121.761,63.229],[-121.707,63.238],[-121.664,63.22],[-121.601,63.182],[-121.48,63.038],[-121.469,63.004],[-121.498,62.993],[-121.594,63.008],[-121.689,63.04],[-121.769,63.119],[-121.786,63.166]]]}},{"type":"Feature","properties":{"density":1},"geometry":{"type":"Polygon","coordinates":[[[-120.974,63.105],[-120.886,63.119],[-120.688,63.112],[-120.49,63.087],[-120.301,63.022],[-119.912,62.781],[-119.876,62.736],[-119.849,62.628],[-119.966,62.502],[-120.22,62.394],[-120.27,62.349],[-120.319,62.239],[-120.378,62.162],[-120.445,62.149],[-120.499,62.162],[-120.544,62.207],[-120.612,62.354],[-120.709,62.441],[-120.909,62.565],[-120.94,62.61],[-120.931,62.655],[-120.862,62.718],[-120.769,62.711],[-120.691,62.673],[-120.616,62.66],[-120.594,62.736],[-120.619,62.808],[-120.697,62.887],[-120.962,63.006],[-120.994,63.06],[-120.974,63.105]]]}},{"type":"Feature","properties":{"density":1},"geometry":{"type":"Polygon","coordinates":[[[-119.122,64.309],[-118.917,64.275],[-118.757,64.215],[-118.568,64.093],[-118.467,64.003],[-118.411,63.924],[-118.381,63.828],[-118.397,63.749],[-118.433,63.715],[-118.539,63.724],[-118.701,63.765],[-118.939,63.873],[-118.98,63.864],[-118.98,63.816],[-118.852,63.713],[-118.789,63.616],[-118.777,63.571],[-118.791,63.533],[-118.829,63.524],[-118.899,63.533],[-119.081,63.623],[-119.252,63.751],[-119.302,63.816],[-119.326,63.895],[-119.302,63.974],[-119.295,64.129],[-119.279,64.185],[-119.23,64.251],[-119.122,64.309]]]}},{"type":"Feature","properties":{"density":1},"geometry":{"type":"Polygon","coordinates":[[[-119.11,63.506],[-119.068,63.506],[-118.885,63.436],[-118.811,63.344],[-118.809,63.288],[-118.879,63.256],[-118.989,63.303],[-119.131,63.445],[-119.144,63.474],[-119.11,63.506]]]}},{"type":"Feature","properties":{"density":1},"geometry":{"type":"Polygon","coordinates":[[[-115.166,46.086],[-115.156,46.23],[-115.12,46.276],[-114.587,46.384],[-114.464,46.375],[-114.405,46.335],[-114.387,46.265],[-114.403,46.13],[-114.45,46.042],[-114.529,45.988],[-114.59,45.975],[-114.783,45.997],[-114.889,46.058],[-114.954,46.074],[-115.125,46.047],[-115.166,46.086]]]}},{"type":"Feature","properties":{"density":1},"geometry":{"type":"Polygon","coordinates":[[[-115.254,46.782],[-115.218,46.843],[-115.119,46.897],[-114.689,47.041],[-114.205,47.115],[-114.084,47.102],[-114.052,47.075],[-114.048,47.005],[-114.12,46.946],[-114.336,46.899],[-114.727,46.854],[-115.193,46.751],[-115.254,46.755],[-115.254,46.782]]]}},{"type":"Feature","properties":{"density":1},"geometry":{"type":"Polygon","coordinates":[[[-111.049,47.783],[-110.911,47.894],[-110.58,48.039],[-109.895,48.228],[-109.679,48.228],[-109.598,48.208],[-109.523,48.161],[-109.476,48.076],[-109.5,47.948],[-109.544,47.901],[-109.652,47.847],[-109.847,47.837],[-110.347,47.729],[-110.522,47.729],[-110.999,47.671],[-111.073,47.687],[-111.064,47.77],[-111.049,47.783]]]}},{"type":"Feature","properties":{"density":1},"geometry":{"type":"Polygon","coordinates":[[[-110.524,48.386],[-110.423,48.453],[-110.351,48.53],[-110.247,48.593],[-110.186,48.602],[-110.168,48.543],[-110.182,48.451],[-110.238,48.372],[-110.306,48.323],[-110.522,48.314],[-110.54,48.341],[-110.524,48.386]]]}},{"type":"Feature","properties":{"density":1},"geometry":{"type":"Polygon","coordinates":[[[-113.28,47.874],[-112.902,48.05],[-112.473,48.138],[-112.163,48.182],[-112.017,48.229],[-111.371,48.33],[-111.052,48.36],[-110.627,48.325],[-109.989,48.3],[-109.908,48.284],[-109.792,48.209],[-109.751,48.138],[-109.736,48.067],[-109.746,48.026],[-109.837,48.016],[-110.713,48.041],[-111.953,47.935],[-112.495,47.915],[-112.93,47.879],[-113.276,47.786],[-113.294,47.81],[-113.28,47.874]]]}},{"type":"Feature","properties":{"density":1},"geometry":{"type":"Polygon","coordinates":[[[-113.907,44.383],[-113.749,44.502],[-113.558,44.619],[-113.43,44.664],[-113.227,44.851],[-112.811,45.073],[-112.703,45.087],[-112.426,45.083],[-112.338,45.046],[-112.284,44.972],[-112.281,44.844],[-112.325,44.763],[-112.399,44.692],[-112.497,44.628],[-112.689,44.574],[-113.273,44.358],[-113.405,44.344],[-113.623,44.291],[-113.856,44.272],[-113.908,44.32],[-113.907,44.383]]]}},{"type":"Feature","properties":{"density":1},"geometry":{"type":"Polygon","coordinates":[[[-117.275,44.345],[-117.316,44.522],[-117.341,44.887],[-117.336,45.018],[-117.316,45.059],[-117.205,45.16],[-117.134,45.19],[-116.972,45.226],[-116.81,45.231],[-116.714,45.2],[-116.557,45.19],[-116.106,45.036],[-115.977,44.945],[-115.916,44.884],[-115.863,44.778],[-115.817,44.596],[-115.787,44.292],[-115.817,44.117],[-115.916,43.867],[-116.01,43.697],[-116.081,43.591],[-116.126,43.56],[-116.228,43.555],[-116.344,43.58],[-116.516,43.661],[-116.962,44.056],[-117.119,44.147],[-117.223,44.261],[-117.275,44.345]]]}},{"type":"Feature","properties":{"density":1},"geometry":{"type":"Polygon","coordinates":[[[-117.148,45.664],[-117.145,45.704],[-117.128,45.722],[-116.935,45.826],[-116.668,45.881],[-116.56,45.879],[-116.5,45.859],[-116.459,45.827],[-116.441,45.775],[-116.448,45.719],[-116.475,45.699],[-116.695,45.638],[-116.815,45.564],[-116.857,45.557],[-117.08,45.609],[-117.148,45.664]]]}},{"type":"Feature","properties":{"density":1},"geometry":{"type":"Polygon","coordinates":[[[-118.055,46.065],[-118.028,46.105],[-117.92,46.186],[-117.788,46.227],[-117.559,46.267],[-116.975,46.223],[-116.732,46.159],[-116.593,46.088],[-116.495,46.007],[-116.425,45.896],[-116.367,45.757],[-116.367,45.558],[-116.583,45.012],[-116.624,44.941],[-116.742,44.829],[-116.853,44.806],[-116.961,44.816],[-117.056,44.86],[-117.177,44.968],[-117.467,45.278],[-117.575,45.336],[-118.136,45.511],[-118.355,45.602],[-118.375,45.66],[-118.339,45.768],[-118.227,45.803],[-117.946,45.832],[-117.815,45.906],[-117.813,45.924],[-117.871,45.951],[-118.056,45.978],[-118.074,45.994],[-118.055,46.065]]]}},{"type":"Feature","properties":{"density":1},"geometry":{"type":"Polygon","coordinates":[[[-116.565,41.078],[-116.509,41.126],[-116.425,41.166],[-116.092,41.292],[-115.886,41.4],[-115.532,41.515],[-115.427,41.515],[-115.268,41.465],[-115.228,41.417],[-115.211,41.363],[-115.211,41.319],[-115.231,41.282],[-115.316,41.245],[-115.71,41.157],[-116.345,41.066],[-116.48,41.026],[-116.55,41.03],[-116.565,41.078]]]}},{"type":"Feature","properties":{"density":1},"geometry":{"type":"Polygon","coordinates":[[[-117.581,39.569],[-117.574,39.704],[-117.534,39.862],[-117.476,39.974],[-117.372,40.085],[-117.09,40.321],[-116.963,40.397],[-116.685,40.524],[-116.376,40.706],[-116.204,40.782],[-115.804,41.015],[-115.667,41.075],[-115.267,41.192],[-115.212,41.227],[-115.131,41.237],[-115.065,41.217],[-115.04,41.131],[-115.08,40.979],[-115.207,40.838],[-115.855,40.422],[-116.513,40.098],[-116.659,39.977],[-116.948,39.653],[-117.044,39.572],[-117.166,39.511],[-117.318,39.471],[-117.434,39.476],[-117.571,39.511],[-117.581,39.569]]]}},{"type":"Feature","properties":{"density":1},"geometry":{"type":"Polygon","coordinates":[[[-116.224,37.29],[-116.173,37.407],[-115.981,37.731],[-115.82,38.1],[-115.699,38.275],[-115.592,38.351],[-115.471,38.48],[-115.319,38.73],[-115.213,38.837],[-115.091,38.799],[-114.955,38.541],[-114.923,38.343],[-114.812,38.141],[-114.791,38.044],[-114.791,37.867],[-114.817,37.771],[-114.887,37.675],[-115.039,37.523],[-115.196,37.417],[-115.277,37.403],[-115.632,37.275],[-115.841,37.224],[-116.164,37.183],[-116.224,37.227],[-116.224,37.29]]]}},{"type":"Feature","properties":{"density":1},"geometry":{"type":"Polygon","coordinates":[[[-88.723,51.962],[-88.939,52.425],[-88.991,52.597],[-88.986,52.794],[-88.935,52.885],[-88.874,52.931],[-88.799,52.956],[-88.773,52.956],[-88.697,52.906],[-88.616,52.815],[-88.591,52.744],[-88.566,52.546],[-88.561,52.389],[-88.591,52.07],[-88.645,51.944],[-88.685,51.94],[-88.723,51.962]]]}},{"type":"Feature","properties":{"density":1},"geometry":{"type":"Polygon","coordinates":[[[-124.59,56.193],[-124.41,56.834],[-124.385,57.859],[-124.666,58.961],[-125.025,59.909],[-125.487,60.55],[-126.063,61.088],[-126.347,61.422],[-126.706,61.627],[-127.014,61.857],[-127.168,62.216],[-127.654,62.524],[-127.949,62.985],[-128.411,63.6],[-128.718,64.254],[-128.833,64.83],[-128.872,65.369],[-128.68,66.137],[-128.372,66.791],[-127.795,66.983],[-126.873,67.637],[-125.566,68.444],[-123.797,68.828],[-122.785,68.743],[-119.607,67.436],[-117.183,66.374],[-114.069,65.682],[-111.993,65.451],[-109.34,65.451],[-108.187,65.682],[-102.651,66.547],[-100.748,66.547],[-97.98,66.143],[-95.385,65.913],[-92.041,65.221],[-89.504,65.048],[-86.044,64.413],[-85.121,64.01],[-84.256,63.318],[-82.641,61.953],[-81.988,61.03],[-81.603,59.646],[-81.565,58.608],[-81.411,55.687],[-81.334,54.918],[-81.148,54.141],[-80.918,52.757],[-80.89,51.548],[-80.617,50.659],[-80.606,49.714],[-80.508,48.748],[-80.777,47.594],[-81.584,44.75],[-81.853,43.481],[-81.93,42.751],[-81.93,42.135],[-81.546,40.905],[-80.777,40.405],[-78.932,40.021],[-77.548,39.944],[-72.896,40.559],[-71.474,40.867],[-68.783,41.482],[-67.168,41.751],[-64.688,41.732],[-62.882,41.463],[-60.421,40.502],[-56.308,38.464],[-53.424,37.426],[-51.964,36.35],[-51.079,35.465],[-50.618,33.736],[-50.58,32.236],[-51.502,31.698],[-53.386,31.583],[-55.462,31.775],[-58.461,32.505],[-60.383,33.082],[-62.651,33.928],[-64.919,34.005],[-70.224,33.966],[-71.378,33.889],[-72.761,33.428],[-77.528,33.505],[-80.027,33.774],[-82.276,33.313],[-85.563,32.275],[-89.427,30.891],[-91.618,30.314],[-92.944,29.853],[-93.463,29.391],[-93.521,28.411],[-93.06,26.162],[-92.214,24.548],[-91.752,23.625],[-91.599,22.138],[-91.573,21.728],[-91.727,20.191],[-91.829,19.781],[-91.958,18.576],[-92.342,17.653],[-92.829,17.269],[-93.547,17.115],[-94.546,17.064],[-95.546,17.243],[-96.545,17.602],[-97.186,17.858],[-98.002,18.004],[-98.852,17.935],[-100.031,17.551],[-101.03,17.141],[-101.748,16.756],[-102.824,16.756],[-103.926,16.961],[-106.592,18.089],[-107.95,18.935],[-108.898,19.627],[-110.103,19.934],[-110.641,20.549],[-110.718,21.728],[-110.333,22.472],[-109.693,23.42],[-109.103,24.086],[-108.309,24.471],[-107.514,24.419],[-105.047,24.913],[-103.952,25.662],[-102.856,26.585],[-101.818,27.681],[-101.299,29.007],[-100.665,33.428],[-101.203,34.543],[-101.28,35.735],[-101.088,36.888],[-100.665,38.08],[-100.434,38.849],[-100.511,40.13],[-100.614,40.386],[-101.075,40.54],[-101.767,40.591],[-102.382,40.463],[-102.895,40.284],[-103.382,40.002],[-103.74,39.592],[-104.817,38.438],[-105.15,38.182],[-105.637,37.721],[-106.021,37.413],[-106.303,37.131],[-106.842,36.849],[-107.636,36.798],[-109.302,37.208],[-110.148,37.439],[-110.635,37.593],[-111.421,37.712],[-111.933,37.849],[-112.531,37.986],[-112.941,38.191],[-113.095,38.344],[-113.249,38.464],[-113.778,38.755],[-114.171,38.806],[-115.179,38.874],[-115.436,39.079],[-115.47,39.25],[-115.367,39.558],[-114.992,39.933],[-114.923,40.053],[-115.077,40.173],[-115.316,40.207],[-115.641,40.173],[-115.931,40.019],[-116.119,39.899],[-116.29,39.763],[-116.478,39.506],[-116.751,39.421],[-117.247,39.335],[-117.571,39.353],[-117.913,39.455],[-118.067,39.609],[-118.135,40.019],[-118.562,40.702],[-119.126,41.266],[-119.941,41.642],[-121.023,43.282],[-121.399,43.692],[-122.061,44.679],[-122.749,44.812],[-123.312,44.76],[-124.081,44.555],[-124.696,44.248],[-125.106,44.068],[-125.606,43.697],[-126.721,43.235],[-128.22,42.774],[-129.374,43.082],[-130.412,45.081],[-130.373,45.849],[-131.052,47.451],[-131.36,47.861],[-132.028,48.25],[-132.541,48.951],[-132.865,49.891],[-131.96,51.035],[-130.693,51.526],[-129.668,52.039],[-128.028,52.936],[-127.336,53.372],[-126.593,53.884],[-124.85,55.909],[-124.59,56.193]]]}},{"type":"Feature","properties":{"density":1},"geometry":{"type":"Polygon","coordinates":[[[-147.22,64.601],[-145.58,64.977],[-144.401,65.148],[-142.949,65.216],[-142.094,65.353],[-140.471,65.182],[-137.071,64.379],[-136.576,64.311],[-135.773,64.157],[-135.209,63.918],[-135.26,63.559],[-135.226,63.354],[-135.311,62.858],[-135.328,62.653],[-135.448,62.431],[-135.67,62.158],[-136.063,61.953],[-136.712,61.936],[-137.464,62.072],[-138.353,62.38],[-140.762,63.166],[-141.924,63.337],[-142.71,63.286],[-144.504,63.132],[-145.512,63.183],[-146.298,63.286],[-146.913,63.405],[-147.357,63.61],[-147.494,63.866],[-147.528,64.242],[-147.408,64.516],[-147.22,64.601]]]}},{"type":"Feature","properties":{"density":2},"geometry":{"type":"Polygon","coordinates":[[[-74.863,20.405],[-74.861,20.48],[-74.881,20.51],[-74.959,20.555],[-75.161,20.552],[-75.185,20.539],[-75.212,20.488],[-75.184,20.405],[-75.137,20.396],[-75.02,20.462],[-74.954,20.444],[-74.908,20.377],[-74.885,20.377],[-74.863,20.405]]]}},{"type":"Feature","properties":{"density":2},"geometry":{"type":"Polygon","coordinates":[[[-76.918,21.153],[-76.876,21.128],[-76.845,21.128],[-76.931,21.187],[-76.936,21.17],[-76.918,21.153]]]}},{"type":"Feature","properties":{"density":2},"geometry":{"type":"Polygon","coordinates":[[[-83.54,51.322],[-83.555,51.254],[-83.541,51.239],[-83.478,51.251],[-83.418,51.296],[-83.348,51.431],[-83.337,51.52],[-83.393,51.53],[-83.448,51.5],[-83.495,51.445],[-83.54,51.322]]]}},{"type":"Feature","properties":{"density":2},"geometry":{"type":"Polygon","coordinates":[[[-89.061,52.947],[-89.202,52.836],[-89.205,52.805],[-89.196,52.797],[-89.028,52.863],[-89.003,52.905],[-89.001,52.959],[-89.061,52.947]]]}},{"type":"Feature","properties":{"density":2},"geometry":{"type":"Polygon","coordinates":[[[-89.977,54.438],[-90.038,54.512],[-90.136,54.569],[-90.197,54.572],[-90.227,54.545],[-90.115,54.377],[-90.103,54.291],[-90.082,54.272],[-90.043,54.275],[-89.941,54.327],[-89.938,54.383],[-89.977,54.438]]]}},{"type":"Feature","properties":{"density":2},"geometry":{"type":"Polygon","coordinates":[[[-86.551,49.758],[-86.7,49.744],[-87.02,49.893],[-87.219,49.906],[-87.314,49.893],[-87.392,49.839],[-87.419,49.778],[-87.419,49.7],[-87.402,49.606],[-87.354,49.521],[-87.277,49.444],[-87.216,49.245],[-87.088,49.164],[-86.956,49.224],[-86.872,49.285],[-86.7,49.44],[-86.595,49.558],[-86.487,49.629],[-86.46,49.68],[-86.46,49.727],[-86.507,49.764],[-86.551,49.758]]]}},{"type":"Feature","properties":{"density":2},"geometry":{"type":"Polygon","coordinates":[[[-89.666,49.672],[-89.748,49.585],[-89.843,49.569],[-89.979,49.614],[-90.213,49.764],[-90.3,49.875],[-90.422,50.083],[-90.44,50.167],[-90.555,50.398],[-90.582,50.547],[-90.557,50.574],[-90.482,50.578],[-90.44,50.554],[-90.413,50.493],[-90.128,50.1],[-90.11,50.065],[-90.099,49.938],[-90.021,49.818],[-89.897,49.746],[-89.682,49.719],[-89.663,49.705],[-89.666,49.672]]]}},{"type":"Feature","properties":{"density":2},"geometry":{"type":"Polygon","coordinates":[[[-112.762,61.369],[-112.641,61.551],[-112.504,61.905],[-112.499,62.001],[-112.438,62.239],[-112.438,62.3],[-112.459,62.341],[-112.499,62.361],[-112.555,62.361],[-112.61,62.336],[-112.636,62.305],[-112.712,61.925],[-112.848,61.52],[-112.909,61.429],[-112.934,61.267],[-112.904,61.247],[-112.833,61.267],[-112.762,61.369]]]}},{"type":"Feature","properties":{"density":2},"geometry":{"type":"Polygon","coordinates":[[[-113.37,61.885],[-113.694,61.566],[-113.851,61.379],[-113.957,61.308],[-114.185,61.105],[-114.246,60.953],[-114.129,60.705],[-113.927,60.569],[-113.795,60.599],[-113.679,60.655],[-113.522,60.791],[-113.41,60.913],[-113.269,61.136],[-113.167,61.384],[-112.874,62.28],[-112.818,62.665],[-112.788,63.014],[-112.788,63.191],[-112.853,63.262],[-112.934,63.272],[-112.985,63.237],[-113.015,63.085],[-113.076,62.943],[-113.258,62.077],[-113.279,62.017],[-113.37,61.885]]]}},{"type":"Feature","properties":{"density":2},"geometry":{"type":"Polygon","coordinates":[[[-120.725,62.69],[-120.674,62.748],[-120.661,62.859],[-120.698,63.018],[-120.718,63.048],[-120.742,63.048],[-120.772,63.014],[-120.728,62.849],[-120.786,62.717],[-120.765,62.67],[-120.725,62.69]]]}},{"type":"Feature","properties":{"density":2},"geometry":{"type":"Polygon","coordinates":[[[-120.597,62.609],[-120.661,62.592],[-120.722,62.602],[-120.84,62.656],[-120.88,62.653],[-120.897,62.609],[-120.867,62.548],[-120.843,62.532],[-120.806,62.437],[-120.752,62.41],[-120.705,62.41],[-120.661,62.43],[-120.576,62.498],[-120.546,62.545],[-120.543,62.596],[-120.566,62.613],[-120.597,62.609]]]}},{"type":"Feature","properties":{"density":2},"geometry":{"type":"Polygon","coordinates":[[[-121.4,61.85],[-121.366,62.066],[-121.383,62.093],[-121.42,62.093],[-121.467,61.954],[-121.467,61.87],[-121.461,61.83],[-121.424,61.796],[-121.393,61.819],[-121.4,61.85]]]}},{"type":"Feature","properties":{"density":2},"geometry":{"type":"Polygon","coordinates":[[[-120.988,62.025],[-121.056,62.042],[-121.086,62.1],[-121.127,62.13],[-121.238,62.096],[-121.326,62.096],[-121.464,62.191],[-121.613,62.322],[-121.68,62.403],[-121.768,62.444],[-121.879,62.43],[-121.899,62.343],[-121.886,62.235],[-121.899,62.184],[-121.933,62.14],[-122.055,62.049],[-122.055,61.931],[-122.034,61.863],[-122.048,61.823],[-122.142,61.772],[-122.25,61.776],[-122.392,61.877],[-122.547,61.823],[-122.595,61.84],[-122.595,61.911],[-122.541,61.988],[-122.453,62.035],[-122.288,62.066],[-122.234,62.106],[-122.19,62.157],[-122.176,62.208],[-122.176,62.326],[-122.25,62.407],[-122.382,62.484],[-122.762,62.488],[-123.0,62.452],[-123.146,62.371],[-123.238,62.295],[-123.288,62.184],[-123.293,61.906],[-123.349,61.764],[-123.405,61.43],[-123.491,61.328],[-123.845,61.08],[-123.926,61.045],[-124.098,60.883],[-124.129,60.802],[-124.134,60.741],[-124.093,60.696],[-123.992,60.675],[-123.81,60.68],[-123.729,60.62],[-123.719,60.589],[-123.729,60.523],[-123.82,60.458],[-123.951,60.326],[-123.906,60.21],[-123.729,60.118],[-123.283,59.967],[-123.212,59.886],[-123.055,59.607],[-122.944,59.293],[-122.883,59.202],[-122.883,59.081],[-122.969,58.807],[-123.0,58.655],[-122.969,58.488],[-122.898,58.392],[-122.772,58.311],[-122.549,58.255],[-122.443,58.255],[-121.395,58.096],[-121.197,58.111],[-120.916,58.21],[-120.742,58.301],[-120.544,58.407],[-120.089,58.696],[-120.074,58.764],[-120.134,58.871],[-120.301,58.969],[-120.514,59.015],[-120.689,59.083],[-120.939,59.136],[-121.129,59.159],[-121.592,59.167],[-121.881,59.25],[-121.987,59.303],[-122.002,59.577],[-121.881,59.729],[-121.737,59.759],[-121.471,59.774],[-121.106,59.941],[-120.954,59.956],[-120.461,60.23],[-120.317,60.329],[-120.21,60.488],[-120.18,60.731],[-120.165,61.111],[-120.127,61.293],[-120.127,61.43],[-120.18,61.528],[-120.241,61.726],[-120.476,62.098],[-120.544,62.113],[-120.681,62.105],[-120.894,62.014],[-120.988,62.025]]]}},{"type":"Feature","properties":{"density":2},"geometry":{"type":"Polygon","coordinates":[[[-126.311,53.152],[-127.618,52.73],[-128.963,52.499],[-129.463,51.961],[-129.271,51.192],[-128.464,50.615],[-127.233,50.385],[-126.311,50.385],[-125.004,50.461],[-123.697,50.346],[-122.62,50.346],[-120.262,49.846],[-119.724,49.693],[-119.263,49.436],[-118.52,49.206],[-118.084,49.154],[-118.007,49.129],[-118.033,48.949],[-118.468,48.77],[-118.878,48.949],[-119.442,49.257],[-120.006,49.411],[-120.57,49.411],[-120.903,49.206],[-121.124,48.203],[-121.134,47.808],[-120.826,47.309],[-120.331,46.648],[-119.636,46.398],[-119.214,46.398],[-118.77,46.512],[-118.189,46.603],[-117.643,46.626],[-117.358,46.728],[-116.936,46.717],[-116.822,46.5],[-116.982,46.295],[-117.21,46.147],[-118.189,46.09],[-118.964,45.817],[-120.718,45.714],[-121.345,45.714],[-121.663,45.578],[-121.766,45.395],[-121.698,45.031],[-121.424,44.553],[-121.105,44.211],[-120.764,43.801],[-120.559,43.413],[-119.989,42.525],[-119.419,41.876],[-119.283,41.637],[-118.554,40.839],[-118.189,40.657],[-117.734,40.532],[-117.278,40.452],[-116.982,40.304],[-116.697,40.076],[-116.469,39.734],[-116.344,39.336],[-115.934,38.914],[-115.41,38.675],[-114.795,38.675],[-114.055,38.607],[-113.474,38.607],[-112.79,38.55],[-112.357,38.436],[-111.731,38.219],[-110.375,37.957],[-110.034,37.992],[-109.624,38.219],[-109.225,38.55],[-108.644,39.199],[-107.869,40.475],[-107.004,41.83],[-106.218,42.394],[-105.534,42.77],[-104.765,42.992],[-104.372,42.787],[-104.133,42.138],[-104.321,41.506],[-104.372,40.583],[-103.535,40.207],[-102.647,40.532],[-101.741,41.13],[-100.75,41.899],[-99.947,42.428],[-99.23,42.531],[-98.666,41.762],[-98.666,41.318],[-98.939,40.48],[-99.725,38.874],[-99.793,37.798],[-99.793,36.841],[-99.896,36.26],[-100.067,35.662],[-100.289,35.03],[-100.374,34.517],[-100.272,33.731],[-99.776,33.031],[-99.195,32.877],[-97.999,32.775],[-97.026,32.809],[-94.804,32.501],[-93.506,32.433],[-92.805,32.604],[-92.344,32.843],[-92.173,33.287],[-92.481,33.8],[-92.993,34.244],[-93.318,35.047],[-93.386,36.106],[-93.181,36.67],[-92.839,37.473],[-92.481,38.259],[-91.968,39.199],[-90.605,43.693],[-90.435,44.632],[-90.161,45.777],[-89.854,46.871],[-89.478,47.52],[-88.863,48.101],[-88.213,48.494],[-87.41,48.801],[-87.188,48.87],[-86.624,49.28],[-86.283,49.621],[-86.044,50.151],[-85.975,51.022],[-86.214,51.911],[-86.727,52.868],[-87.53,53.961],[-88.231,54.986],[-88.829,55.738],[-89.187,56.524],[-88.786,57.891],[-88.504,58.711],[-88.53,59.762],[-89.555,62.145],[-90.682,63.042],[-92.118,63.324],[-93.835,63.376],[-95.629,63.299],[-97.269,62.889],[-99.217,62.068],[-101.216,60.89],[-102.472,60.044],[-104.009,59.147],[-105.47,58.327],[-108.315,56.481],[-109.443,55.661],[-110.647,54.918],[-112.621,54.175],[-114.03,54.021],[-116.029,53.765],[-119.233,53.713],[-123.872,53.508],[-125.025,53.432],[-126.311,53.152]]]}},{"type":"Feature","properties":{"density":2},"geometry":{"type":"Polygon","coordinates":[[[-116.079,49.819],[-116.038,49.832],[-115.998,49.873],[-115.924,50.038],[-115.91,50.183],[-115.89,50.234],[-115.863,50.261],[-115.822,50.271],[-115.772,50.241],[-115.745,50.187],[-115.63,49.785],[-115.471,49.61],[-115.37,49.532],[-115.37,49.498],[-115.39,49.465],[-115.465,49.454],[-115.63,49.495],[-115.704,49.529],[-116.079,49.566],[-116.316,49.694],[-116.324,49.735],[-116.286,49.774],[-116.079,49.819]]]}},{"type":"Feature","properties":{"density":2},"geometry":{"type":"Polygon","coordinates":[[[-118.35,45.664],[-118.341,45.715],[-118.287,45.763],[-117.96,45.805],[-117.773,45.851],[-117.624,45.918],[-117.529,45.943],[-117.459,45.943],[-117.394,45.911],[-117.421,45.837],[-117.502,45.76],[-117.527,45.704],[-117.513,45.619],[-117.552,45.594],[-118.238,45.577],[-118.323,45.595],[-118.35,45.664]]]}},{"type":"Feature","properties":{"density":2},"geometry":{"type":"Polygon","coordinates":[[[-119.552,50.146],[-119.498,50.159],[-119.441,50.146],[-119.132,50.012],[-118.985,49.874],[-118.97,49.758],[-119.014,49.718],[-119.051,49.715],[-119.162,49.755],[-119.389,49.959],[-119.574,50.053],[-119.58,50.091],[-119.552,50.146]]]}},{"type":"Feature","properties":{"density":2},"geometry":{"type":"Polygon","coordinates":[[[-119.344,50.417],[-119.236,50.436],[-119.096,50.4],[-119.032,50.331],[-119.027,50.282],[-119.063,50.262],[-119.213,50.267],[-119.437,50.228],[-119.471,50.229],[-119.501,50.25],[-119.509,50.318],[-119.492,50.343],[-119.344,50.417]]]}},{"type":"Feature","properties":{"density":2},"geometry":{"type":"Polygon","coordinates":[[[-113.283,47.858],[-113.195,47.917],[-113.027,47.951],[-112.805,47.957],[-112.767,47.943],[-112.756,47.923],[-112.769,47.878],[-112.898,47.837],[-113.136,47.836],[-113.253,47.795],[-113.294,47.83],[-113.283,47.858]]]}},{"type":"Feature","properties":{"density":2},"geometry":{"type":"Polygon","coordinates":[[[-115.146,46.079],[-115.187,46.139],[-115.262,46.177],[-115.263,46.224],[-115.23,46.255],[-115.152,46.243],[-115.038,46.195],[-115.028,46.155],[-115.056,46.096],[-115.13,46.068],[-115.146,46.079]]]}},{"type":"Feature","properties":{"density":2},"geometry":{"type":"Polygon","coordinates":[[[-113.187,45.661],[-113.057,45.76],[-113.03,45.748],[-113.072,45.672],[-113.123,45.634],[-113.205,45.619],[-113.207,45.64],[-113.187,45.661]]]}},{"type":"Feature","properties":{"density":2},"geometry":{"type":"Polygon","coordinates":[[[-113.354,45.55],[-113.28,45.607],[-113.247,45.603],[-113.235,45.585],[-113.234,45.544],[-113.259,45.517],[-113.343,45.52],[-113.354,45.55]]]}},{"type":"Feature","properties":{"density":2},"geometry":{"type":"Polygon","coordinates":[[[-112.298,41.939],[-112.37,41.918],[-112.385,41.864],[-112.366,41.831],[-112.298,41.828],[-112.249,41.861],[-112.244,41.905],[-112.298,41.939]]]}},{"type":"Feature","properties":{"density":2},"geometry":{"type":"Polygon","coordinates":[[[-114.932,39.126],[-114.854,39.294],[-114.803,39.297],[-114.633,39.21],[-114.635,39.193],[-114.819,39.141],[-114.893,39.088],[-114.927,39.093],[-114.932,39.126]]]}},{"type":"Feature","properties":{"density":2},"geometry":{"type":"Polygon","coordinates":[[[-112.543,38.858],[-112.315,39.152],[-112.229,39.324],[-112.184,39.486],[-112.163,39.729],[-112.022,40.058],[-111.92,40.24],[-111.773,40.458],[-111.52,40.66],[-110.951,40.878],[-110.715,40.946],[-110.594,40.962],[-110.427,40.977],[-110.222,40.962],[-109.812,40.848],[-109.698,40.84],[-109.478,40.878],[-109.106,41.045],[-108.929,41.298],[-108.524,41.683],[-108.281,41.9],[-107.921,42.133],[-107.547,42.3],[-107.26,42.351],[-107.078,42.336],[-107.063,42.237],[-107.086,42.04],[-107.192,41.706],[-107.329,41.417],[-107.997,40.225],[-108.194,39.921],[-108.377,39.671],[-108.536,39.488],[-108.809,39.253],[-108.999,39.018],[-109.166,38.843],[-109.333,38.691],[-109.88,38.349],[-110.039,38.131],[-110.34,38.057],[-110.66,38.314],[-110.791,38.494],[-110.852,38.547],[-111.095,38.706],[-111.27,38.79],[-111.593,38.842],[-111.812,38.856],[-111.93,38.845],[-112.008,38.835],[-112.254,38.717],[-112.396,38.673],[-112.524,38.7],[-112.551,38.815],[-112.543,38.858]]]}},{"type":"Feature","properties":{"density":2},"geometry":{"type":"Polygon","coordinates":[[[-113.727,46.067],[-113.625,46.151],[-113.595,46.16],[-113.568,46.143],[-113.596,46.097],[-113.671,46.049],[-113.722,46.037],[-113.727,46.067]]]}},{"type":"Feature","properties":{"density":2},"geometry":{"type":"Polygon","coordinates":[[[-121.96,50.585],[-121.944,50.654],[-121.89,50.685],[-121.472,50.634],[-121.229,50.551],[-121.107,50.436],[-121.08,50.345],[-121.134,50.318],[-121.215,50.318],[-121.755,50.436],[-121.864,50.505],[-121.926,50.526],[-121.96,50.585]]]}},{"type":"Feature","properties":{"density":2},"geometry":{"type":"Polygon","coordinates":[[[-121.531,45.491],[-121.416,45.528],[-121.298,45.596],[-121.072,45.64],[-120.606,45.501],[-120.248,45.363],[-120.083,45.316],[-119.809,45.265],[-119.597,45.245],[-119.502,45.201],[-119.425,45.127],[-119.241,45.086],[-119.066,45.078],[-118.8,45.017],[-118.762,44.926],[-118.747,44.82],[-118.899,44.691],[-119.187,44.524],[-119.294,44.432],[-119.37,44.311],[-119.496,44.182],[-119.592,44.04],[-119.653,43.807],[-119.572,43.529],[-119.491,43.443],[-119.329,43.372],[-118.684,43.463],[-118.496,43.509],[-118.258,43.544],[-118.183,43.544],[-118.099,43.506],[-118.061,43.43],[-118.038,43.347],[-118.091,43.24],[-118.699,42.815],[-118.775,42.709],[-118.836,42.549],[-118.836,42.253],[-118.866,42.132],[-118.965,42.094],[-119.094,42.116],[-119.276,42.253],[-119.451,42.542],[-119.511,42.693],[-119.61,42.838],[-119.853,42.967],[-120.005,43.012],[-120.157,43.119],[-120.301,43.324],[-120.385,43.544],[-120.544,43.779],[-120.772,44.06],[-120.934,44.417],[-120.899,44.468],[-120.899,44.539],[-120.929,44.62],[-120.98,44.681],[-121.061,44.736],[-121.187,44.762],[-121.43,44.853],[-121.673,45.146],[-121.724,45.353],[-121.718,45.401],[-121.659,45.468],[-121.531,45.491]]]}},{"type":"Feature","properties":{"density":2},"geometry":{"type":"Polygon","coordinates":[[[-117.273,45.187],[-116.926,45.376],[-116.652,45.384],[-116.49,45.365],[-116.389,45.375],[-116.288,45.324],[-116.201,45.233],[-116.141,45.081],[-116.105,44.929],[-116.085,44.742],[-116.06,44.069],[-116.076,43.798],[-115.988,43.599],[-115.64,43.367],[-115.495,43.299],[-115.336,43.261],[-115.0,43.142],[-114.955,43.076],[-114.94,42.995],[-114.945,42.889],[-115.0,42.813],[-115.127,42.788],[-115.405,42.808],[-115.669,42.874],[-115.891,42.965],[-116.128,43.149],[-116.274,43.309],[-116.452,43.437],[-116.594,43.57],[-117.086,43.912],[-117.172,44.028],[-117.238,44.155],[-117.334,44.448],[-117.511,44.651],[-117.638,44.666],[-117.82,44.732],[-117.871,44.828],[-117.871,44.929],[-117.754,45.086],[-117.678,45.127],[-117.481,45.137],[-117.273,45.187]]]}},{"type":"Feature","properties":{"density":2},"geometry":{"type":"Polygon","coordinates":[[[-116.451,45.517],[-116.108,45.567],[-115.341,45.879],[-114.718,46.038],[-113.503,46.479],[-112.398,46.908],[-111.886,47.033],[-111.441,47.192],[-109.289,47.796],[-108.434,48.058],[-108.195,48.081],[-108.013,47.956],[-107.99,47.773],[-108.15,47.603],[-108.605,47.409],[-109.311,47.227],[-110.018,47.158],[-110.815,46.976],[-111.544,46.725],[-112.159,46.566],[-112.751,46.384],[-113.458,46.19],[-114.654,45.769],[-115.269,45.518],[-115.854,45.236],[-115.865,45.05],[-115.794,44.837],[-115.855,44.263],[-115.932,43.926],[-115.949,43.737],[-115.924,43.532],[-115.661,43.385],[-115.378,43.269],[-115.15,43.203],[-114.978,43.122],[-114.947,43.061],[-114.937,42.905],[-114.968,42.824],[-115.043,42.788],[-115.195,42.783],[-115.752,42.879],[-116.233,43.163],[-116.79,43.669],[-117.028,43.831],[-117.129,43.942],[-117.261,44.13],[-117.381,44.482],[-117.593,44.631],[-117.843,44.756],[-117.873,44.854],[-117.867,44.921],[-117.752,45.086],[-117.333,45.147],[-117.161,45.245],[-117.116,45.291],[-117.106,45.407],[-117.03,45.468],[-116.908,45.524],[-116.631,45.503],[-116.451,45.517]]]}},{"type":"Feature","properties":{"density":2},"geometry":{"type":"Polygon","coordinates":[[[-116.711,42.8],[-116.549,42.674],[-116.413,42.502],[-116.276,42.395],[-116.154,42.254],[-116.058,42.122],[-116.038,41.975],[-116.094,41.849],[-116.24,41.712],[-116.499,41.515],[-116.686,41.429],[-116.939,41.368],[-117.192,41.368],[-117.354,41.449],[-117.455,41.54],[-117.415,41.732],[-117.228,41.955],[-117.015,42.168],[-116.98,42.304],[-116.99,42.431],[-116.969,42.578],[-116.878,42.795],[-116.832,42.832],[-116.711,42.8]]]}},{"type":"Feature","properties":{"density":2},"geometry":{"type":"Polygon","coordinates":[[[-89.935,49.645],[-90.266,49.807],[-90.357,49.881],[-90.522,50.063],[-90.61,50.283],[-90.603,50.296],[-90.57,50.32],[-90.505,50.323],[-90.34,50.249],[-90.104,49.952],[-89.898,49.763],[-89.868,49.702],[-89.864,49.645],[-89.898,49.631],[-89.935,49.645]]]}},{"type":"Feature","properties":{"density":2},"geometry":{"type":"Polygon","coordinates":[[[-90.114,54.301],[-90.112,54.353],[-90.146,54.461],[-90.213,54.549],[-90.321,54.641],[-90.339,54.677],[-90.324,54.724],[-90.285,54.744],[-90.198,54.749],[-90.094,54.702],[-90.051,54.65],[-89.957,54.474],[-89.943,54.378],[-89.968,54.306],[-90.027,54.267],[-90.06,54.263],[-90.105,54.281],[-90.114,54.301]]]}},{"type":"Feature","properties":{"density":2},"geometry":{"type":"Polygon","coordinates":[[[-83.553,51.324],[-83.513,51.437],[-83.453,51.529],[-83.382,51.569],[-83.316,51.554],[-83.274,51.47],[-83.276,51.424],[-83.381,51.256],[-83.459,51.224],[-83.54,51.222],[-83.562,51.256],[-83.553,51.324]]]}},{"type":"Feature","properties":{"density":2},"geometry":{"type":"Polygon","coordinates":[[[-121.371,62.136],[-121.275,62.09],[-121.143,62.09],[-121.062,62.11],[-120.855,62.095],[-120.612,62.141],[-120.521,62.126],[-120.404,62.05],[-120.308,61.928],[-120.245,61.926],[-119.934,61.812],[-119.847,61.741],[-119.67,61.447],[-119.63,61.255],[-119.655,61.118],[-119.802,60.814],[-119.964,60.688],[-120.025,60.612],[-120.085,60.465],[-120.064,60.2],[-120.186,59.608],[-120.307,59.418],[-120.497,59.297],[-120.626,59.145],[-120.505,58.924],[-120.353,58.757],[-120.209,58.514],[-120.285,58.385],[-120.604,58.203],[-121.287,57.96],[-122.198,57.869],[-122.905,57.778],[-123.208,57.968],[-123.307,58.249],[-123.337,58.978],[-123.466,59.266],[-123.497,59.6],[-123.413,59.919],[-123.299,60.086],[-123.103,60.268],[-123.052,60.303],[-122.956,60.334],[-122.748,60.364],[-122.505,60.364],[-122.029,60.313],[-121.807,60.334],[-121.589,60.496],[-121.432,60.799],[-121.452,61.118],[-121.67,61.402],[-121.888,61.549],[-122.07,61.736],[-122.131,61.842],[-122.131,61.918],[-122.121,61.979],[-121.999,62.166],[-121.913,62.424],[-121.867,62.455],[-121.802,62.465],[-121.756,62.424],[-121.65,62.257],[-121.584,62.207],[-121.371,62.136]]]}},{"type":"Feature","properties":{"density":2},"geometry":{"type":"Polygon","coordinates":[[[-122.538,62.459],[-123.011,62.361],[-123.203,62.291],[-123.24,62.26],[-123.271,62.129],[-123.21,61.926],[-123.223,61.751],[-123.298,61.626],[-123.419,61.496],[-123.444,61.455],[-123.46,61.374],[-123.434,61.045],[-123.358,60.99],[-123.272,60.995],[-123.196,61.02],[-122.655,61.283],[-122.558,61.4],[-122.579,61.82],[-122.558,61.881],[-122.493,61.962],[-122.386,62.043],[-122.128,62.027],[-122.103,62.088],[-122.108,62.124],[-122.164,62.184],[-122.113,62.341],[-122.126,62.381],[-122.169,62.422],[-122.284,62.455],[-122.399,62.471],[-122.538,62.459]]]}},{"type":"Feature","properties":{"density":2},"geometry":{"type":"Polygon","coordinates":[[[-122.434,61.837],[-122.274,61.792],[-122.225,61.713],[-122.22,61.679],[-122.234,61.657],[-122.31,61.625],[-122.371,61.63],[-122.432,61.652],[-122.522,61.715],[-122.549,61.765],[-122.538,61.812],[-122.434,61.837]]]}},{"type":"Feature","properties":{"density":2},"geometry":{"type":"Polygon","coordinates":[[[-125.001,52.529],[-123.617,52.734],[-122.207,53.042],[-120.618,53.016],[-119.029,52.939],[-117.466,52.939],[-116.518,52.965],[-115.493,53.016],[-114.006,53.324],[-112.75,53.555],[-110.726,54.093],[-109.265,55.118],[-108.547,55.528],[-107.65,55.912],[-106.907,56.322],[-106.164,56.63],[-105.087,57.04],[-104.524,57.296],[-103.908,57.373],[-103.088,57.373],[-102.473,57.014],[-101.961,56.348],[-101.679,55.554],[-101.474,53.99],[-101.474,53.58],[-101.525,53.17],[-101.602,52.145],[-101.884,50.838],[-102.499,49.608],[-102.627,49.044],[-102.704,48.608],[-102.806,48.198],[-102.96,47.788],[-103.114,46.942],[-103.319,46.507],[-103.678,46.173],[-104.242,45.943],[-105.344,45.789],[-106.318,45.712],[-107.983,45.61],[-108.547,45.61],[-110.27,45.738],[-111.842,45.276],[-113.072,44.815],[-113.482,44.866],[-113.559,45.199],[-113.303,45.558],[-112.79,45.968],[-112.483,46.122],[-112.073,46.378],[-111.791,46.686],[-111.637,47.096],[-111.329,47.506],[-110.637,48.224],[-110.842,48.531],[-111.227,48.634],[-112.15,48.736],[-112.582,48.654],[-112.833,48.528],[-115.476,47.492],[-115.84,47.401],[-116.615,47.082],[-117.298,46.877],[-118.506,46.672],[-118.87,46.626],[-120.203,46.603],[-120.442,46.751],[-120.636,47.013],[-120.749,47.332],[-120.818,47.606],[-120.932,47.868],[-121.034,48.05],[-121.068,48.209],[-121.011,48.323],[-120.761,48.426],[-120.579,48.414],[-120.305,48.346],[-120.077,48.335],[-120.02,48.414],[-119.975,48.551],[-120.02,48.676],[-120.02,48.882],[-119.884,49.064],[-119.77,49.155],[-119.178,49.166],[-118.118,48.87],[-117.617,48.813],[-117.287,48.813],[-116.991,48.938],[-116.911,49.064],[-117.002,49.178],[-117.401,49.314],[-118.244,49.292],[-118.668,49.394],[-119.334,49.471],[-119.924,49.65],[-120.898,49.83],[-122.094,50.092],[-122.652,50.263],[-123.506,50.821],[-123.882,50.935],[-124.383,51.128],[-124.964,51.208],[-125.294,51.071],[-125.898,50.718],[-127.605,50.033],[-128.254,49.919],[-128.983,49.931],[-129.758,49.908],[-130.362,49.965],[-130.829,50.136],[-131.034,50.409],[-130.897,50.762],[-130.441,50.922],[-129.701,50.956],[-128.539,51.115],[-127.856,51.321],[-126.888,51.753],[-126.5,52.004],[-125.001,52.529]]]}},{"type":"Feature","properties":{"density":2},"geometry":{"type":"Polygon","coordinates":[[[-74.91,20.432],[-74.98,20.486],[-75.007,20.527],[-75.013,20.571],[-74.98,20.569],[-74.938,20.538],[-74.893,20.45],[-74.91,20.432]]]}},{"type":"Feature","properties":{"density":2},"geometry":{"type":"Polygon","coordinates":[[[-114.973,39.128],[-114.847,39.452],[-114.748,39.648],[-114.676,39.733],[-114.509,39.81],[-114.453,39.778],[-114.399,39.697],[-114.147,39.632],[-114.131,39.6],[-114.136,39.533],[-114.181,39.479],[-114.291,39.402],[-114.499,39.299],[-114.652,39.148],[-114.764,39.096],[-114.89,39.061],[-114.962,39.078],[-114.973,39.128]]]}},{"type":"Feature","properties":{"density":2},"geometry":{"type":"Polygon","coordinates":[[[-116.084,37.293],[-115.866,37.534],[-115.787,37.525],[-115.773,37.498],[-115.805,37.438],[-115.952,37.309],[-116.009,37.234],[-116.084,37.24],[-116.084,37.293]]]}},{"type":"Feature","properties":{"density":2},"geometry":{"type":"Polygon","coordinates":[[[-116.846,42.68],[-116.707,42.704],[-116.461,42.697],[-116.39,42.664],[-116.235,42.549],[-116.161,42.454],[-116.15,42.404],[-116.161,42.343],[-116.245,42.171],[-116.299,42.009],[-116.397,41.884],[-116.562,41.759],[-116.636,41.735],[-116.795,41.729],[-116.9,41.796],[-116.91,41.908],[-116.812,42.265],[-116.821,42.361],[-116.931,42.388],[-116.972,42.424],[-116.99,42.509],[-116.927,42.62],[-116.846,42.68]]]}},{"type":"Feature","properties":{"density":2},"geometry":{"type":"Polygon","coordinates":[[[-120.655,44.659],[-120.478,44.722],[-120.365,44.695],[-120.268,44.625],[-120.142,44.425],[-119.994,44.287],[-119.834,44.046],[-119.794,43.968],[-119.706,43.657],[-119.669,43.587],[-119.497,43.455],[-119.389,43.256],[-119.244,43.182],[-119.132,43.155],[-118.984,43.148],[-118.677,43.188],[-118.535,43.188],[-118.43,43.225],[-118.288,43.242],[-118.201,43.202],[-118.177,43.171],[-118.174,43.114],[-118.258,43.036],[-118.758,42.888],[-118.963,42.861],[-119.254,42.858],[-119.841,42.972],[-120.111,43.104],[-120.151,43.151],[-120.185,43.229],[-120.228,43.602],[-120.266,43.686],[-120.489,43.976],[-120.604,44.097],[-120.676,44.226],[-120.851,44.403],[-120.842,44.489],[-120.793,44.568],[-120.689,44.653],[-120.655,44.659]]]}},{"type":"Feature","properties":{"density":2},"geometry":{"type":"Polygon","coordinates":[[[-119.875,44.472],[-119.617,44.429],[-119.587,44.382],[-119.59,44.322],[-119.655,44.238],[-119.631,44.063],[-119.659,44.028],[-119.829,44.037],[-119.874,44.052],[-119.904,44.082],[-119.925,44.163],[-119.925,44.31],[-119.945,44.45],[-119.923,44.475],[-119.875,44.472]]]}},{"type":"Feature","properties":{"density":2},"geometry":{"type":"Polygon","coordinates":[[[-121.656,45.462],[-121.446,45.505],[-121.369,45.538],[-121.309,45.589],[-120.978,45.667],[-120.636,45.649],[-120.323,45.564],[-120.255,45.51],[-120.246,45.453],[-120.27,45.236],[-120.27,45.132],[-120.25,45.057],[-120.155,44.936],[-120.081,44.879],[-120.051,44.781],[-120.078,44.73],[-120.128,44.71],[-120.25,44.74],[-120.459,44.848],[-120.584,44.956],[-120.661,44.973],[-120.925,44.906],[-121.242,44.933],[-121.303,44.976],[-121.336,45.017],[-121.34,45.057],[-121.387,45.098],[-121.555,45.137],[-121.779,45.333],[-121.798,45.396],[-121.77,45.45],[-121.728,45.465],[-121.656,45.462]]]}},{"type":"Feature","properties":{"density":2},"geometry":{"type":"Polygon","coordinates":[[[-118.287,45.612],[-118.32,45.644],[-118.32,45.686],[-118.287,45.72],[-118.192,45.747],[-118.048,45.752],[-117.735,45.743],[-117.686,45.729],[-117.533,45.661],[-117.506,45.59],[-117.512,45.575],[-117.54,45.571],[-117.869,45.581],[-118.037,45.571],[-118.287,45.612]]]}},{"type":"Feature","properties":{"density":2},"geometry":{"type":"Polygon","coordinates":[[[-117.122,45.675],[-117.104,45.72],[-117.056,45.756],[-116.957,45.768],[-116.897,45.746],[-116.945,45.663],[-117.012,45.632],[-117.087,45.644],[-117.122,45.675]]]}},{"type":"Feature","properties":{"density":2},"geometry":{"type":"Polygon","coordinates":[[[-117.252,44.539],[-117.279,44.637],[-117.347,44.745],[-117.405,45.003],[-117.274,45.124],[-117.044,45.205],[-116.722,45.234],[-116.027,45.561],[-115.879,45.595],[-115.511,45.809],[-115.147,45.888],[-114.082,46.255],[-113.693,46.362],[-111.746,47.162],[-110.364,47.443],[-109.885,47.458],[-109.901,47.329],[-110.045,47.23],[-111.404,46.934],[-114.037,45.876],[-115.196,45.521],[-115.421,45.344],[-115.542,45.172],[-115.617,44.922],[-115.579,44.615],[-115.62,44.5],[-115.711,44.341],[-115.775,44.054],[-115.785,43.913],[-115.866,43.639],[-115.843,43.501],[-115.802,43.376],[-115.725,43.295],[-115.714,43.244],[-115.782,43.19],[-115.892,43.149],[-116.034,43.185],[-116.373,43.448],[-116.469,43.565],[-116.869,43.796],[-116.998,43.964],[-117.193,44.302],[-117.252,44.539]]]}},{"type":"Feature","properties":{"density":2},"geometry":{"type":"Polygon","coordinates":[[[-115.135,46.1],[-115.114,46.223],[-115.073,46.245],[-114.92,46.258],[-114.823,46.228],[-114.827,46.169],[-114.874,46.132],[-115.028,46.105],[-115.108,46.069],[-115.134,46.079],[-115.135,46.1]]]}},{"type":"Feature","properties":{"density":2},"geometry":{"type":"Polygon","coordinates":[[[-113.229,45.65],[-113.111,45.757],[-112.985,45.83],[-112.644,46.076],[-112.451,46.148],[-112.41,46.135],[-112.395,46.112],[-112.379,46.067],[-112.389,45.958],[-112.413,45.914],[-112.47,45.869],[-112.739,45.76],[-112.929,45.712],[-113.124,45.598],[-113.195,45.587],[-113.229,45.616],[-113.229,45.65]]]}},{"type":"Feature","properties":{"density":2},"geometry":{"type":"Polygon","coordinates":[[[-112.613,38.789],[-112.575,38.956],[-112.481,39.041],[-112.36,39.203],[-112.117,39.578],[-112.117,39.73],[-112.279,39.866],[-112.496,39.945],[-112.557,40.188],[-112.489,40.401],[-112.063,40.856],[-111.886,41.109],[-111.166,41.36],[-110.916,41.599],[-110.278,42.26],[-109.857,42.533],[-109.64,42.59],[-109.435,42.613],[-109.23,42.59],[-109.105,42.488],[-108.991,42.34],[-108.923,42.123],[-108.831,41.679],[-108.718,41.508],[-108.547,41.531],[-108.091,41.861],[-107.943,42.009],[-107.761,42.123],[-107.601,42.203],[-107.362,42.248],[-107.1,42.157],[-106.83,41.783],[-106.759,41.524],[-106.739,41.216],[-106.82,40.988],[-106.85,40.72],[-107.043,40.304],[-107.2,39.844],[-107.311,39.651],[-107.551,39.423],[-107.642,38.87],[-107.76,38.59],[-107.996,38.448],[-108.269,38.377],[-108.536,38.374],[-108.988,38.425],[-109.252,38.404],[-109.484,38.41],[-109.849,38.106],[-109.91,37.992],[-110.031,37.901],[-110.138,37.863],[-110.274,37.924],[-110.426,38.03],[-110.54,38.19],[-110.608,38.349],[-110.624,38.44],[-110.735,38.663],[-110.831,38.774],[-111.018,38.855],[-111.292,38.906],[-111.449,38.896],[-111.95,38.771],[-112.206,38.68],[-112.429,38.643],[-112.551,38.673],[-112.618,38.737],[-112.613,38.789]]]}},{"type":"Feature","properties":{"density":2},"geometry":{"type":"Polygon","coordinates":[[[-89.949,49.509],[-90.032,49.61],[-90.14,49.822],[-90.206,49.873],[-90.381,49.927],[-90.473,49.988],[-90.561,50.098],[-90.685,50.355],[-90.68,50.425],[-90.608,50.467],[-90.464,50.497],[-90.362,50.591],[-90.328,50.596],[-90.133,50.553],[-90.011,50.497],[-89.849,50.348],[-89.811,50.076],[-89.71,49.9],[-89.71,49.799],[-89.748,49.606],[-89.851,49.525],[-89.927,49.501],[-89.949,49.509]]]}},{"type":"Feature","properties":{"density":2},"geometry":{"type":"Polygon","coordinates":[[[-87.449,51.345],[-87.509,51.475],[-87.497,51.607],[-87.481,51.633],[-87.379,51.678],[-87.268,51.667],[-87.235,51.629],[-87.226,51.584],[-87.25,51.305],[-87.277,51.285],[-87.392,51.291],[-87.448,51.321],[-87.449,51.345]]]}},{"type":"Feature","properties":{"density":2},"geometry":{"type":"Polygon","coordinates":[[[-83.509,51.376],[-83.291,51.522],[-83.221,51.518],[-83.169,51.45],[-83.16,51.3],[-83.176,51.214],[-83.223,51.104],[-83.297,51.016],[-83.36,50.998],[-83.45,51.007],[-83.504,51.025],[-83.561,51.075],[-83.583,51.117],[-83.588,51.201],[-83.561,51.295],[-83.509,51.376]]]}},{"type":"Feature","properties":{"density":2},"geometry":{"type":"Polygon","coordinates":[[[-89.175,50.553],[-89.234,50.651],[-89.193,50.683],[-89.166,50.684],[-89.142,50.667],[-89.139,50.575],[-89.175,50.553]]]}},{"type":"Feature","properties":{"density":2},"geometry":{"type":"Polygon","coordinates":[[[-90.169,54.347],[-90.192,54.44],[-90.193,54.578],[-90.105,54.892],[-89.983,55.054],[-89.909,55.105],[-89.845,55.122],[-89.757,55.115],[-89.727,55.071],[-89.723,54.976],[-89.905,54.335],[-89.946,54.295],[-90.078,54.264],[-90.169,54.347]]]}},{"type":"Feature","properties":{"density":2},"geometry":{"type":"Polygon","coordinates":[[[-120.765,62.127],[-120.606,62.171],[-120.498,62.154],[-120.323,62.053],[-120.279,61.999],[-119.729,61.832],[-119.628,61.771],[-119.471,61.705],[-119.299,61.584],[-119.213,61.468],[-119.086,61.336],[-118.904,61.235],[-118.803,61.057],[-118.803,60.931],[-118.873,60.708],[-118.919,60.622],[-119.061,60.566],[-119.228,60.566],[-119.501,60.683],[-119.901,60.911],[-119.977,61.007],[-120.053,61.068],[-120.399,61.324],[-120.824,61.604],[-120.882,61.662],[-120.966,61.79],[-121.172,61.969],[-121.201,62.011],[-121.17,62.083],[-121.127,62.099],[-121.08,62.104],[-121.026,62.083],[-120.904,62.074],[-120.765,62.127]]]}},{"type":"Feature","properties":{"density":2},"geometry":{"type":"Polygon","coordinates":[[[-122.586,62.493],[-122.719,62.471],[-123.054,62.354],[-123.194,62.322],[-123.266,62.262],[-123.29,62.16],[-123.236,62.077],[-123.119,62.037],[-122.836,62.039],[-122.62,62.082],[-122.429,62.1],[-122.177,62.037],[-122.062,62.034],[-121.973,62.08],[-121.94,62.16],[-121.935,62.287],[-121.941,62.335],[-121.976,62.377],[-122.027,62.397],[-122.357,62.439],[-122.586,62.493]]]}},{"type":"Feature","properties":{"density":2},"geometry":{"type":"Polygon","coordinates":[[[-122.615,52.039],[-121.009,52.324],[-118.537,52.586],[-112.921,52.577],[-110.897,52.962],[-110.154,53.167],[-109.231,53.449],[-108.283,54.115],[-107.591,54.525],[-106.924,55.14],[-105.848,55.884],[-105.54,56.294],[-105.182,56.652],[-104.387,56.96],[-103.798,57.114],[-102.952,57.114],[-101.978,56.934],[-101.414,56.652],[-101.107,56.14],[-100.825,55.499],[-100.568,54.73],[-100.117,54.146],[-99.937,53.103],[-99.852,52.01],[-99.988,50.968],[-100.398,49.772],[-100.723,48.746],[-101.107,48.22],[-101.465,47.605],[-101.799,47.221],[-102.183,46.939],[-103.234,46.503],[-105.31,45.863],[-106.412,45.299],[-107.334,45.248],[-107.898,45.273],[-108.77,45.248],[-109.487,45.427],[-109.897,45.555],[-110.205,45.863],[-110.359,46.221],[-110.307,47.093],[-110.41,47.58],[-110.615,47.913],[-110.948,48.349],[-111.563,48.682],[-111.751,48.682],[-112.554,48.562],[-113.665,48.101],[-114.109,47.947],[-114.57,47.845],[-114.997,47.571],[-115.322,47.417],[-115.988,47.229],[-116.996,47.007],[-117.458,46.802],[-117.97,46.649],[-118.603,46.649],[-118.996,46.717],[-119.387,46.54],[-119.804,46.639],[-120.017,46.776],[-120.404,47.117],[-120.432,47.214],[-120.336,47.279],[-120.3,47.366],[-120.3,47.431],[-120.472,47.624],[-120.832,47.846],[-120.933,48.008],[-120.933,48.074],[-120.908,48.115],[-120.822,48.165],[-120.69,48.206],[-120.543,48.216],[-120.219,48.196],[-120.164,48.251],[-120.123,48.338],[-120.164,48.469],[-120.265,48.565],[-120.95,49.086],[-120.95,49.308],[-120.899,49.41],[-120.405,49.412],[-120.071,49.283],[-119.282,49.101],[-119.031,49.078],[-118.849,49.108],[-118.537,49.116],[-118.507,49.199],[-118.796,49.351],[-119.98,49.685],[-120.572,49.769],[-120.937,49.777],[-121.491,49.921],[-121.742,50.103],[-121.981,50.251],[-122.585,50.342],[-123.314,50.297],[-123.952,50.228],[-124.248,50.263],[-124.407,50.49],[-124.458,50.918],[-124.283,51.283],[-123.372,51.716],[-123.045,51.89],[-122.615,52.039]]]}},{"type":"Feature","properties":{"density":2},"geometry":{"type":"Polygon","coordinates":[[[-122.458,62.479],[-122.144,62.387],[-121.775,62.448],[-121.613,62.443],[-121.476,62.398],[-121.259,62.296],[-121.152,62.266],[-120.747,62.185],[-120.595,62.185],[-120.398,62.16],[-120.239,62.065],[-120.054,61.994],[-119.858,61.876],[-119.784,61.815],[-119.625,61.62],[-119.338,61.329],[-119.159,61.211],[-119.014,61.15],[-118.827,61.0],[-118.564,60.641],[-118.397,60.452],[-118.245,60.209],[-118.2,60.042],[-118.195,59.865],[-118.27,59.804],[-118.412,59.814],[-118.65,59.93],[-118.989,60.241],[-119.09,60.312],[-119.455,60.732],[-119.799,60.965],[-119.88,61.044],[-119.956,61.071],[-120.035,61.065],[-120.082,61.002],[-120.092,60.813],[-120.123,60.712],[-120.237,60.588],[-120.317,60.59],[-120.38,60.612],[-120.434,60.731],[-120.54,60.798],[-120.639,60.933],[-120.686,60.967],[-121.129,61.156],[-121.297,61.28],[-121.449,61.358],[-121.809,61.5],[-121.95,61.581],[-122.138,61.768],[-122.459,62.003],[-123.073,62.149],[-123.122,62.21],[-123.086,62.268],[-122.985,62.306],[-122.837,62.315],[-122.643,62.369],[-122.493,62.475],[-122.458,62.479]]]}},{"type":"Feature","properties":{"density":2},"geometry":{"type":"Polygon","coordinates":[[[-122.417,61.861],[-122.363,61.852],[-122.122,61.719],[-122.054,61.653],[-122.053,61.591],[-122.105,61.482],[-122.174,61.485],[-122.255,61.513],[-122.366,61.62],[-122.471,61.816],[-122.465,61.84],[-122.417,61.861]]]}},{"type":"Feature","properties":{"density":2},"geometry":{"type":"Polygon","coordinates":[[[-120.884,63.088],[-120.576,63.073],[-120.398,63.001],[-120.209,62.893],[-120.169,62.859],[-120.162,62.821],[-120.207,62.8],[-120.272,62.803],[-120.416,62.742],[-120.484,62.749],[-120.621,62.888],[-120.686,62.931],[-120.837,62.978],[-120.947,63.041],[-120.95,63.067],[-120.884,63.088]]]}},{"type":"Feature","properties":{"density":2},"geometry":{"type":"Polygon","coordinates":[[[-120.868,62.645],[-120.821,62.664],[-120.728,62.639],[-120.602,62.558],[-120.563,62.489],[-120.601,62.466],[-120.695,62.489],[-120.886,62.591],[-120.89,62.619],[-120.868,62.645]]]}},{"type":"Feature","properties":{"density":2},"geometry":{"type":"Polygon","coordinates":[[[-121.76,63.134],[-121.751,63.185],[-121.73,63.209],[-121.642,63.198],[-121.55,63.074],[-121.586,63.05],[-121.615,63.05],[-121.684,63.077],[-121.76,63.134]]]}},{"type":"Feature","properties":{"density":2},"geometry":{"type":"Polygon","coordinates":[[[-119.272,63.906],[-119.186,63.915],[-119.04,63.825],[-119.034,63.777],[-119.097,63.762],[-119.243,63.786],[-119.288,63.856],[-119.272,63.906]]]}},{"type":"Feature","properties":{"density":2},"geometry":{"type":"Polygon","coordinates":[[[-113.173,45.708],[-113.058,45.834],[-112.5,46.25],[-112.355,46.341],[-112.244,46.385],[-112.034,46.52],[-111.913,46.645],[-111.877,46.718],[-111.823,46.758],[-111.648,46.802],[-111.504,46.882],[-111.44,46.936],[-111.349,46.949],[-111.009,47.175],[-110.533,47.388],[-110.411,47.398],[-110.265,47.479],[-110.032,47.545],[-109.89,47.479],[-109.809,47.383],[-109.915,47.074],[-110.022,46.958],[-110.138,46.851],[-110.305,46.743],[-110.354,46.686],[-110.519,46.588],[-110.711,46.507],[-110.9,46.372],[-111.049,46.328],[-111.305,46.288],[-111.506,46.182],[-111.651,46.149],[-111.85,46.078],[-112.053,45.987],[-112.208,45.892],[-112.468,45.825],[-112.802,45.714],[-112.996,45.642],[-113.311,45.483],[-113.385,45.507],[-113.407,45.584],[-113.358,45.649],[-113.2,45.726],[-113.173,45.708]]]}},{"type":"Feature","properties":{"density":2},"geometry":{"type":"Polygon","coordinates":[[[-115.15,46.113],[-115.085,46.219],[-115.034,46.247],[-114.905,46.278],[-114.786,46.268],[-114.691,46.218],[-114.695,46.194],[-114.838,46.11],[-115.028,46.102],[-115.13,46.075],[-115.15,46.113]]]}},{"type":"Feature","properties":{"density":2},"geometry":{"type":"Polygon","coordinates":[[[-111.03,47.754],[-110.576,47.979],[-110.495,47.995],[-110.42,47.923],[-110.418,47.887],[-110.441,47.844],[-110.533,47.795],[-110.729,47.757],[-110.832,47.716],[-110.94,47.703],[-111.028,47.707],[-111.03,47.754]]]}},{"type":"Feature","properties":{"density":2},"geometry":{"type":"Polygon","coordinates":[[[-113.875,44.333],[-113.695,44.482],[-113.65,44.504],[-113.59,44.507],[-113.56,44.39],[-113.596,44.342],[-113.837,44.286],[-113.868,44.301],[-113.875,44.333]]]}},{"type":"Feature","properties":{"density":2},"geometry":{"type":"Polygon","coordinates":[[[-118.255,45.7],[-117.733,45.761],[-117.602,45.745],[-116.972,45.555],[-116.893,45.47],[-116.862,45.402],[-116.864,45.314],[-116.963,45.292],[-117.166,45.294],[-117.409,45.393],[-117.53,45.418],[-117.841,45.44],[-117.931,45.492],[-118.308,45.612],[-118.314,45.649],[-118.255,45.7]]]}},{"type":"Feature","properties":{"density":2},"geometry":{"type":"Polygon","coordinates":[[[-117.111,45.689],[-116.92,45.779],[-116.837,45.777],[-116.805,45.759],[-116.817,45.692],[-116.945,45.633],[-117.051,45.626],[-117.098,45.64],[-117.125,45.663],[-117.111,45.689]]]}},{"type":"Feature","properties":{"density":2},"geometry":{"type":"Polygon","coordinates":[[[-120.675,44.625],[-120.609,44.672],[-120.32,44.67],[-120.13,44.689],[-119.931,44.753],[-119.796,44.76],[-119.681,44.746],[-119.297,44.638],[-119.081,44.534],[-119.043,44.432],[-119.05,44.297],[-119.108,44.156],[-119.178,44.054],[-119.189,43.978],[-119.153,43.766],[-119.102,43.604],[-118.996,43.472],[-118.925,43.421],[-118.763,43.371],[-118.611,43.302],[-118.482,43.204],[-118.372,43.151],[-118.078,43.077],[-117.876,43.087],[-117.66,43.07],[-117.457,42.986],[-117.369,42.875],[-117.353,42.78],[-117.38,42.709],[-117.43,42.655],[-117.589,42.622],[-117.781,42.608],[-118.213,42.625],[-118.416,42.652],[-118.935,42.821],[-119.285,42.865],[-119.482,42.93],[-119.918,43.153],[-120.034,43.27],[-120.201,43.553],[-120.573,44.053],[-120.698,44.252],[-120.751,44.416],[-120.755,44.472],[-120.675,44.625]]]}},{"type":"Feature","properties":{"density":2},"geometry":{"type":"Polygon","coordinates":[[[-121.457,45.567],[-121.25,45.642],[-121.082,45.68],[-120.479,45.678],[-120.259,45.715],[-120.08,45.804],[-119.891,45.86],[-119.486,45.916],[-119.353,45.954],[-119.149,45.964],[-118.845,46.015],[-118.541,45.959],[-118.445,45.894],[-118.415,45.757],[-118.415,45.59],[-118.46,45.453],[-118.521,45.382],[-118.764,45.276],[-119.113,45.22],[-119.245,45.175],[-119.301,45.119],[-119.356,45.053],[-119.372,44.962],[-119.361,44.766],[-119.395,44.685],[-119.483,44.651],[-119.594,44.664],[-119.766,44.739],[-120.212,44.679],[-120.4,44.707],[-120.958,44.887],[-121.203,44.939],[-121.344,45.022],[-121.663,45.136],[-121.796,45.303],[-121.83,45.379],[-121.83,45.458],[-121.782,45.517],[-121.457,45.567]]]}},{"type":"Feature","properties":{"density":2},"geometry":{"type":"Polygon","coordinates":[[[-116.836,42.673],[-116.759,42.682],[-116.564,42.745],[-116.382,42.851],[-116.112,42.935],[-116.011,42.989],[-115.633,43.097],[-115.043,43.205],[-114.928,43.202],[-114.806,43.171],[-114.766,43.141],[-114.766,43.097],[-114.82,43.043],[-115.245,42.908],[-116.17,42.432],[-116.389,42.355],[-116.494,42.344],[-116.943,42.402],[-116.98,42.436],[-116.98,42.54],[-116.919,42.635],[-116.836,42.673]]]}},{"type":"Feature","properties":{"density":2},"geometry":{"type":"Polygon","coordinates":[[[-112.423,39.003],[-112.226,39.18],[-112.074,39.271],[-111.93,39.501],[-111.818,39.567],[-111.439,39.992],[-111.208,40.129],[-110.912,40.388],[-110.631,40.729],[-110.502,41.003],[-110.396,41.124],[-110.267,41.375],[-110.191,41.663],[-110.092,41.785],[-109.652,42.225],[-108.554,42.635],[-108.281,42.681],[-107.849,42.859],[-107.434,42.833],[-106.895,42.529],[-106.523,42.347],[-105.612,42.165],[-105.323,41.906],[-105.202,41.511],[-105.171,41.299],[-105.293,40.509],[-105.43,39.94],[-105.528,39.621],[-105.635,39.423],[-105.832,39.271],[-106.09,39.188],[-107.427,39.059],[-107.827,38.925],[-108.019,38.889],[-108.323,38.869],[-109.072,38.96],[-109.826,38.975],[-110.439,38.889],[-110.725,38.929],[-111.052,38.945],[-111.477,38.864],[-112.094,38.682],[-112.246,38.621],[-112.504,38.595],[-112.651,38.631],[-112.697,38.682],[-112.671,38.818],[-112.636,38.864],[-112.423,39.003]]]}},{"type":"Feature","properties":{"density":2},"geometry":{"type":"Polygon","coordinates":[[[-115.012,39.103],[-114.964,39.24],[-114.901,39.381],[-114.865,39.427],[-114.79,39.615],[-114.537,39.869],[-114.395,39.963],[-114.249,40.102],[-114.188,40.132],[-113.778,40.193],[-113.641,40.193],[-113.58,40.218],[-113.464,40.223],[-113.347,40.259],[-113.175,40.279],[-113.064,40.309],[-112.811,40.335],[-112.674,40.335],[-112.441,40.274],[-112.36,40.203],[-112.37,40.137],[-112.421,40.046],[-112.71,39.844],[-112.867,39.778],[-113.307,39.457],[-113.442,39.396],[-113.766,39.292],[-114.063,39.174],[-114.583,39.059],[-114.983,39.045],[-115.012,39.103]]]}},{"type":"Feature","properties":{"density":2},"geometry":{"type":"Polygon","coordinates":[[[-117.542,39.584],[-117.475,39.702],[-117.299,39.945],[-117.11,40.145],[-116.989,40.209],[-116.891,40.229],[-116.854,40.215],[-116.803,40.155],[-116.823,39.999],[-116.975,39.733],[-117.056,39.642],[-117.218,39.578],[-117.464,39.527],[-117.505,39.527],[-117.539,39.548],[-117.542,39.584]]]}},{"type":"Feature","properties":{"density":2},"geometry":{"type":"Polygon","coordinates":[[[-116.195,37.272],[-116.097,37.366],[-115.942,37.481],[-115.554,37.704],[-115.21,37.893],[-115.119,37.916],[-115.088,37.903],[-115.088,37.788],[-115.115,37.724],[-115.233,37.552],[-115.335,37.481],[-115.824,37.322],[-116.037,37.221],[-116.172,37.204],[-116.195,37.214],[-116.195,37.272]]]}},{"type":"Feature","properties":{"density":2},"geometry":{"type":"Polygon","coordinates":[[[-90.225,49.796],[-90.323,49.993],[-90.612,50.312],[-90.756,50.426],[-90.954,50.639],[-91.227,51.003],[-91.295,51.277],[-91.318,51.618],[-91.28,51.702],[-91.136,51.892],[-90.862,52.112],[-90.726,52.135],[-90.559,52.089],[-90.521,52.051],[-90.369,52.028],[-90.278,51.99],[-90.141,51.876],[-90.042,51.77],[-89.683,51.636],[-89.455,51.58],[-89.131,51.428],[-88.883,51.211],[-88.787,51.054],[-88.691,50.841],[-88.645,50.659],[-88.625,50.441],[-88.605,50.051],[-88.63,49.824],[-88.736,49.469],[-88.807,49.292],[-88.878,49.196],[-89.253,49.029],[-89.549,49.024],[-89.83,49.244],[-90.121,49.52],[-90.225,49.796]]]}},{"type":"Feature","properties":{"density":2},"geometry":{"type":"Polygon","coordinates":[[[-92.285,49.58],[-92.174,49.428],[-92.093,49.18],[-91.996,48.957],[-91.931,48.481],[-91.936,48.294],[-91.956,48.248],[-92.108,48.172],[-92.275,48.127],[-92.295,48.132],[-92.315,48.172],[-92.376,48.436],[-92.472,49.21],[-92.518,49.468],[-92.518,49.549],[-92.498,49.595],[-92.452,49.635],[-92.396,49.651],[-92.361,49.64],[-92.285,49.58]]]}},{"type":"Feature","properties":{"density":2},"geometry":{"type":"Polygon","coordinates":[[[-89.259,52.806],[-89.407,52.992],[-89.451,53.221],[-89.485,53.551],[-89.49,53.814],[-89.475,53.91],[-89.399,54.026],[-89.333,54.062],[-89.242,54.062],[-89.201,54.037],[-89.009,53.814],[-88.963,53.738],[-88.882,53.51],[-88.893,53.404],[-88.923,53.348],[-89.001,53.303],[-89.073,53.191],[-89.1,53.098],[-89.111,52.851],[-89.141,52.772],[-89.195,52.763],[-89.259,52.806]]]}},{"type":"Feature","properties":{"density":2},"geometry":{"type":"Polygon","coordinates":[[[-90.102,54.296],[-90.311,54.65],[-90.369,54.775],[-90.392,54.87],[-90.44,54.924],[-90.491,55.062],[-90.612,55.241],[-90.642,55.325],[-90.656,55.437],[-90.571,55.629],[-90.504,55.707],[-90.369,55.933],[-90.301,56.004],[-90.095,56.095],[-89.991,56.105],[-89.832,56.068],[-89.302,55.578],[-89.201,55.453],[-89.117,55.315],[-89.086,55.17],[-89.117,55.045],[-89.211,54.94],[-89.505,54.829],[-89.697,54.718],[-89.829,54.539],[-89.862,54.465],[-89.882,54.312],[-89.915,54.267],[-90.026,54.237],[-90.102,54.296]]]}},{"type":"Feature","properties":{"density":2},"geometry":{"type":"Polygon","coordinates":[[[-91.693,54.309],[-91.781,54.446],[-91.826,54.55],[-91.889,54.82],[-91.983,55.083],[-91.997,55.225],[-91.983,55.292],[-91.943,55.333],[-91.838,55.36],[-91.548,55.373],[-91.477,55.36],[-91.43,55.333],[-91.366,55.292],[-91.322,55.235],[-91.281,55.032],[-91.305,54.84],[-91.349,54.644],[-91.42,54.566],[-91.541,54.33],[-91.572,54.293],[-91.609,54.283],[-91.653,54.28],[-91.693,54.309]]]}},{"type":"Feature","properties":{"density":2},"geometry":{"type":"Polygon","coordinates":[[[-94.897,57.605],[-95.048,57.787],[-95.095,57.913],[-95.098,58.041],[-95.075,58.091],[-95.037,58.12],[-94.976,58.136],[-94.924,58.136],[-94.891,58.118],[-94.861,58.073],[-94.861,57.839],[-94.821,57.614],[-94.827,57.591],[-94.843,57.588],[-94.897,57.605]]]}},{"type":"Feature","properties":{"density":2},"geometry":{"type":"Polygon","coordinates":[[[-88.991,53.616],[-89.094,53.898],[-89.15,54.132],[-89.143,54.321],[-89.112,54.382],[-89.08,54.407],[-89.044,54.411],[-88.957,54.382],[-88.918,54.341],[-88.869,54.182],[-88.867,54.013],[-88.93,53.629],[-88.958,53.594],[-88.991,53.616]]]}},{"type":"Feature","properties":{"density":2},"geometry":{"type":"Polygon","coordinates":[[[-87.85,51.522],[-87.941,51.826],[-87.968,52.042],[-87.945,52.268],[-87.911,52.382],[-87.795,52.484],[-87.683,52.514],[-87.4,52.509],[-87.258,52.479],[-87.187,52.443],[-87.141,52.393],[-87.06,52.18],[-87.055,51.998],[-87.148,51.702],[-87.229,51.295],[-87.256,51.27],[-87.315,51.261],[-87.605,51.331],[-87.805,51.432],[-87.848,51.484],[-87.85,51.522]]]}},{"type":"Feature","properties":{"density":2},"geometry":{"type":"Polygon","coordinates":[[[-84.531,52.523],[-84.38,52.487],[-84.337,52.453],[-84.276,52.359],[-84.285,52.309],[-84.54,52.084],[-84.675,52.078],[-84.704,52.114],[-84.697,52.296],[-84.711,52.458],[-84.684,52.512],[-84.648,52.537],[-84.576,52.541],[-84.531,52.523]]]}},{"type":"Feature","properties":{"density":2},"geometry":{"type":"Polygon","coordinates":[[[-83.506,51.399],[-83.384,51.323],[-83.299,51.181],[-83.274,51.071],[-83.252,50.789],[-83.272,50.616],[-83.321,50.526],[-83.443,50.463],[-83.616,50.483],[-83.706,50.524],[-83.794,50.627],[-83.837,50.742],[-83.857,50.877],[-83.906,50.999],[-83.969,51.098],[-83.985,51.165],[-83.938,51.264],[-83.83,51.345],[-83.681,51.395],[-83.506,51.399]]]}},{"type":"Feature","properties":{"density":2},"geometry":{"type":"Polygon","coordinates":[[[-122.652,52.398],[-120.845,53.052],[-118.423,53.283],[-112.541,53.59],[-110.311,53.898],[-108.428,54.551],[-107.044,55.282],[-105.275,56.589],[-103.853,57.665],[-102.738,58.165],[-100.416,59.604],[-96.549,61.317],[-95.126,62.548],[-94.511,63.047],[-93.665,63.47],[-92.192,64.038],[-91.846,64.154],[-90.577,64.0],[-89.385,63.539],[-88.194,63.231],[-86.847,62.98],[-85.856,62.484],[-85.121,61.784],[-84.933,61.015],[-85.343,60.246],[-86.368,59.272],[-89.232,57.503],[-89.602,56.89],[-89.717,56.275],[-89.371,55.775],[-89.025,55.506],[-88.141,54.353],[-87.757,54.007],[-87.411,53.219],[-87.049,52.595],[-86.793,51.843],[-86.758,51.262],[-86.912,50.203],[-87.757,49.048],[-88.564,47.625],[-89.41,46.779],[-90.025,45.319],[-90.71,43.621],[-92.439,41.468],[-93.17,40.622],[-94.708,39.584],[-96.015,39.123],[-97.283,38.892],[-98.168,39.123],[-98.86,40.622],[-98.552,42.006],[-98.168,42.775],[-97.706,43.89],[-97.552,44.966],[-98.052,45.62],[-99.436,46.119],[-100.782,46.273],[-102.166,46.119],[-104.165,45.812],[-105.549,45.466],[-108.21,44.718],[-108.842,44.633],[-109.56,44.616],[-110.26,44.667],[-110.687,44.753],[-110.892,44.889],[-110.961,45.197],[-110.841,45.521],[-110.721,46.222],[-110.619,46.581],[-110.482,46.871],[-110.209,47.367],[-110.055,47.777],[-110.004,48.136],[-110.089,48.477],[-110.346,48.614],[-110.67,48.699],[-110.961,48.682],[-111.217,48.631],[-111.986,48.289],[-112.481,48.118],[-113.267,47.948],[-114.429,47.538],[-115.796,47.213],[-116.479,46.991],[-117.3,46.769],[-117.761,46.581],[-118.179,46.512],[-118.635,46.512],[-119.091,46.547],[-119.831,46.774],[-120.275,47.048],[-120.492,47.207],[-121.061,47.743],[-121.187,47.913],[-121.266,48.141],[-121.266,48.335],[-121.864,49.434],[-122.138,49.776],[-122.736,50.032],[-123.248,50.34],[-123.419,50.562],[-123.539,51.04],[-123.59,51.484],[-123.487,51.792],[-123.385,52.031],[-122.889,52.322],[-122.652,52.398]]]}},{"type":"Feature","properties":{"density":3},"geometry":{"type":"Polygon","coordinates":[[[-74.873,20.458],[-74.909,20.48],[-74.933,20.464],[-74.932,20.441],[-74.888,20.417],[-74.869,20.434],[-74.873,20.458]]]}},{"type":"Feature","properties":{"density":3},"geometry":{"type":"Polygon","coordinates":[[[-83.394,51.464],[-83.438,51.466],[-83.475,51.434],[-83.534,51.308],[-83.538,51.254],[-83.504,51.254],[-83.43,51.307],[-83.376,51.41],[-83.373,51.448],[-83.394,51.464]]]}},{"type":"Feature","properties":{"density":3},"geometry":{"type":"Polygon","coordinates":[[[-89.843,49.636],[-89.889,49.689],[-89.951,49.719],[-90.207,49.92],[-90.263,49.917],[-90.272,49.902],[-90.248,49.849],[-90.129,49.744],[-89.981,49.671],[-89.876,49.596],[-89.823,49.602],[-89.843,49.636]]]}},{"type":"Feature","properties":{"density":3},"geometry":{"type":"Polygon","coordinates":[[[-110.92,48.007],[-111.173,47.993],[-112.83,47.986],[-113.137,47.942],[-113.266,47.878],[-113.283,47.811],[-113.212,47.787],[-113.07,47.814],[-112.489,47.818],[-112.095,47.818],[-111.838,47.794],[-110.991,47.794],[-110.856,47.807],[-110.751,47.841],[-110.724,47.912],[-110.745,47.973],[-110.792,47.996],[-110.92,48.007]]]}},{"type":"Feature","properties":{"density":3},"geometry":{"type":"Polygon","coordinates":[[[-113.11,45.759],[-113.197,45.709],[-113.197,45.642],[-113.152,45.613],[-113.113,45.615],[-113.062,45.682],[-113.059,45.745],[-113.076,45.762],[-113.11,45.759]]]}},{"type":"Feature","properties":{"density":3},"geometry":{"type":"Polygon","coordinates":[[[-113.275,45.604],[-113.344,45.577],[-113.35,45.529],[-113.308,45.511],[-113.284,45.469],[-113.212,45.466],[-113.173,45.499],[-113.173,45.531],[-113.206,45.586],[-113.275,45.604]]]}},{"type":"Feature","properties":{"density":3},"geometry":{"type":"Polygon","coordinates":[[[-106.944,37.163],[-107.014,37.144],[-107.033,37.109],[-107.029,37.072],[-106.992,37.058],[-106.964,37.072],[-106.925,37.128],[-106.928,37.16],[-106.944,37.163]]]}},{"type":"Feature","properties":{"density":3},"geometry":{"type":"Polygon","coordinates":[[[-114.607,39.217],[-114.699,39.225],[-114.796,39.282],[-114.843,39.285],[-114.927,39.246],[-114.966,39.162],[-114.964,39.109],[-114.9,39.091],[-114.805,39.12],[-114.63,39.129],[-114.577,39.177],[-114.58,39.21],[-114.607,39.217]]]}},{"type":"Feature","properties":{"density":3},"geometry":{"type":"Polygon","coordinates":[[[-122.354,62.385],[-122.574,62.403],[-122.748,62.376],[-122.867,62.351],[-123.02,62.268],[-123.045,62.23],[-123.013,62.137],[-122.934,62.099],[-122.907,62.02],[-122.921,61.928],[-123.029,61.73],[-122.973,61.642],[-122.907,61.624],[-122.817,61.656],[-122.772,61.699],[-122.601,62.032],[-122.532,62.086],[-122.367,62.126],[-122.284,62.173],[-122.282,62.261],[-122.331,62.371],[-122.354,62.385]]]}},{"type":"Feature","properties":{"density":3},"geometry":{"type":"Polygon","coordinates":[[[-120.256,61.47],[-120.529,61.663],[-120.752,61.906],[-120.843,61.956],[-120.894,61.966],[-121.0,61.885],[-121.106,61.723],[-121.319,61.571],[-121.481,61.303],[-121.471,61.217],[-121.101,60.736],[-121.091,60.665],[-121.192,60.569],[-121.278,60.554],[-121.42,60.559],[-122.078,60.65],[-122.281,60.696],[-122.392,60.696],[-122.585,60.66],[-122.681,60.62],[-122.747,60.564],[-123.091,60.154],[-123.055,60.068],[-122.929,59.921],[-122.741,59.83],[-122.61,59.83],[-122.554,59.87],[-122.504,59.941],[-122.504,60.022],[-122.448,60.194],[-122.412,60.245],[-122.321,60.301],[-122.23,60.331],[-122.088,60.331],[-121.719,60.28],[-121.39,60.265],[-121.197,60.341],[-121.076,60.412],[-120.884,60.478],[-120.565,60.539],[-120.489,60.599],[-120.433,60.691],[-120.357,60.893],[-120.296,61.227],[-120.246,61.298],[-120.22,61.379],[-120.22,61.409],[-120.256,61.47]]]}},{"type":"Feature","properties":{"density":3},"geometry":{"type":"Polygon","coordinates":[[[-115.321,49.436],[-115.549,49.33],[-115.822,49.246],[-116.096,49.216],[-116.567,49.102],[-117.06,48.942],[-117.516,48.882],[-117.979,48.677],[-118.45,48.517],[-118.609,48.502],[-118.738,48.54],[-119.247,48.882],[-119.589,48.927],[-119.809,48.882],[-119.862,48.828],[-119.9,48.654],[-119.885,48.297],[-119.999,48.221],[-120.196,48.16],[-120.439,48.153],[-120.91,48.183],[-121.062,48.122],[-121.062,48.016],[-120.477,47.606],[-120.417,47.507],[-120.409,47.454],[-120.462,47.31],[-120.439,47.12],[-120.303,46.922],[-120.189,46.801],[-119.931,46.619],[-119.786,46.588],[-119.558,46.588],[-118.966,46.649],[-118.442,46.725],[-117.318,46.938],[-116.779,47.12],[-115.891,47.332],[-115.367,47.522],[-115.078,47.659],[-114.79,47.818],[-114.547,47.925],[-114.144,48.001],[-113.165,48.578],[-112.914,48.699],[-112.709,48.775],[-112.276,48.783],[-111.79,48.707],[-110.704,48.707],[-110.416,48.699],[-110.249,48.677],[-110.286,48.532],[-110.476,48.434],[-110.803,48.32],[-111.676,48.221],[-112.056,48.198],[-112.428,48.137],[-112.808,48.115],[-113.195,48.061],[-113.324,48.001],[-113.347,47.849],[-113.347,47.712],[-113.377,47.553],[-113.529,47.424],[-113.802,47.302],[-114.045,47.234],[-114.577,47.135],[-115.23,47.059],[-115.519,46.968],[-115.762,46.869],[-116.012,46.672],[-116.354,46.3],[-116.536,46.133],[-116.673,46.026],[-116.749,45.988],[-116.961,45.897],[-117.121,45.859],[-117.387,45.844],[-118.146,45.844],[-118.336,45.783],[-118.374,45.738],[-118.404,45.593],[-118.283,45.442],[-118.26,45.145],[-118.275,45.062],[-118.381,44.956],[-118.541,44.948],[-118.685,45.077],[-119.217,45.328],[-119.991,45.35],[-120.538,45.419],[-120.827,45.48],[-121.472,45.525],[-121.601,45.495],[-121.67,45.434],[-121.647,45.267],[-121.404,44.887],[-121.267,44.796],[-121.13,44.781],[-121.009,44.705],[-120.963,44.644],[-120.918,44.409],[-120.887,44.341],[-120.827,44.265],[-120.652,44.128],[-120.576,44.022],[-120.462,43.794],[-120.386,43.558],[-120.272,43.384],[-119.741,42.991],[-119.501,42.769],[-119.433,42.256],[-119.074,41.726],[-118.955,41.709],[-118.511,41.709],[-118.22,41.607],[-117.964,41.35],[-117.588,40.821],[-117.195,40.667],[-116.699,40.547],[-116.187,40.616],[-115.862,40.787],[-115.555,40.838],[-115.23,40.787],[-115.025,40.547],[-114.991,40.325],[-115.196,40.206],[-115.674,40.342],[-116.033,40.189],[-116.187,39.813],[-116.187,39.351],[-116.05,39.198],[-115.708,38.993],[-115.298,38.839],[-114.735,38.805],[-114.034,38.805],[-113.538,38.856],[-113.248,38.907],[-112.94,38.907],[-112.428,38.668],[-112.12,38.634],[-111.642,38.651],[-111.249,38.463],[-110.617,38.224],[-110.326,38.19],[-110.053,38.326],[-109.387,39.078],[-109.147,39.42],[-108.84,39.898],[-108.413,40.684],[-107.601,41.585],[-107.447,41.816],[-106.935,42.292],[-106.707,42.451],[-106.639,42.542],[-106.639,42.702],[-106.661,42.816],[-106.775,42.93],[-107.049,42.952],[-107.311,42.907],[-107.641,42.895],[-107.8,42.918],[-107.892,42.975],[-107.914,42.998],[-107.96,43.123],[-107.96,43.237],[-107.857,43.374],[-107.675,43.431],[-107.527,43.499],[-107.034,43.641],[-105.958,43.641],[-105.343,43.616],[-104.42,43.616],[-103.651,43.744],[-103.088,44.077],[-102.934,44.308],[-102.831,44.667],[-102.831,45.307],[-102.934,46.204],[-103.164,46.768],[-103.498,47.691],[-103.446,48.101],[-103.446,48.255],[-103.164,48.665],[-102.626,48.972],[-101.857,49.023],[-101.063,49.023],[-100.217,48.793],[-99.448,48.408],[-99.038,47.896],[-98.705,47.178],[-98.474,46.768],[-98.116,46.512],[-97.475,46.256],[-96.655,46.051],[-96.091,45.64],[-95.86,45.282],[-95.809,44.949],[-96.065,44.359],[-96.629,44.077],[-97.142,44.103],[-97.706,44.41],[-98.423,44.897],[-98.884,45.025],[-99.192,44.718],[-99.064,44.051],[-98.705,43.488],[-97.987,42.616],[-97.577,41.745],[-97.372,41.13],[-97.065,40.515],[-96.065,40.438],[-95.168,41.207],[-94.579,41.796],[-94.092,42.257],[-93.451,42.642],[-92.528,43.283],[-91.785,44.205],[-91.452,44.743],[-90.786,46.358],[-90.632,47.306],[-90.632,48.05],[-90.786,48.895],[-91.401,49.895],[-91.503,50.202],[-91.606,50.664],[-91.606,51.535],[-91.452,52.099],[-91.145,52.663],[-90.914,53.201],[-90.786,53.714],[-90.837,54.175],[-91.196,55.174],[-91.196,55.738],[-91.17,56.328],[-91.042,57.276],[-90.888,58.071],[-90.837,58.66],[-90.837,59.249],[-90.888,60.095],[-91.35,61.454],[-92.144,62.222],[-93.451,62.684],[-94.938,62.812],[-96.988,62.351],[-97.808,61.838],[-98.603,61.223],[-98.782,60.249],[-98.218,59.583],[-97.27,58.711],[-96.219,57.865],[-95.373,57.225],[-93.836,55.892],[-93.092,55.021],[-92.759,54.252],[-92.323,53.637],[-92.272,53.175],[-92.708,52.714],[-93.195,52.893],[-93.451,53.175],[-93.964,53.97],[-94.733,55.021],[-95.143,55.636],[-95.86,56.61],[-96.527,57.302],[-97.5,57.84],[-98.09,57.686],[-98.039,57.02],[-97.603,56.251],[-97.142,55.559],[-96.27,53.662],[-95.681,52.458],[-95.117,51.561],[-94.938,50.715],[-95.091,50.382],[-95.758,50.279],[-96.527,50.818],[-98.218,53.15],[-98.295,53.944],[-98.295,54.457],[-98.321,55.123],[-98.936,56.302],[-99.525,56.892],[-100.525,57.712],[-101.838,58.083],[-104.087,58.083],[-105.221,58.032],[-105.563,57.878],[-106.178,57.451],[-106.691,56.973],[-107.135,56.511],[-107.511,56.17],[-108.297,55.623],[-109.424,55.076],[-110.655,54.615],[-111.68,54.273],[-112.739,53.949],[-114.704,53.487],[-114.977,53.47],[-115.541,53.351],[-116.105,53.197],[-116.618,53.128],[-118.053,53.06],[-123.298,52.906],[-125.827,52.582],[-127.006,52.479],[-128.202,52.342],[-128.783,52.172],[-128.919,52.018],[-129.022,51.369],[-128.526,51.061],[-127.245,51.01],[-125.81,51.044],[-124.597,51.215],[-123.503,51.488],[-122.905,51.556],[-121.897,51.642],[-121.096,51.686],[-120.002,51.663],[-119.904,51.602],[-119.896,51.526],[-120.071,51.458],[-122.721,51.465],[-122.812,51.405],[-122.88,51.26],[-122.736,51.139],[-122.455,51.033],[-122.182,50.957],[-122.045,50.865],[-122.022,50.827],[-122.007,50.668],[-121.931,50.516],[-121.764,50.364],[-121.422,50.364],[-119.911,50.425],[-119.759,50.304],[-119.456,50.007],[-119.076,49.802],[-118.56,49.643],[-117.74,49.499],[-116.745,49.499],[-116.251,49.529],[-115.712,49.726],[-115.507,49.749],[-115.325,49.734],[-115.249,49.582],[-115.249,49.544],[-115.321,49.436]]]}},{"type":"Feature","properties":{"density":3},"geometry":{"type":"Polygon","coordinates":[[[-120.587,48.099],[-120.416,48.058],[-120.18,48.036],[-120.031,48.056],[-119.93,48.121],[-119.865,48.207],[-119.851,48.279],[-119.876,48.429],[-119.959,48.645],[-119.955,48.708],[-119.914,48.796],[-119.808,48.87],[-119.622,48.895],[-119.451,48.839],[-119.388,48.789],[-119.342,48.684],[-119.267,48.573],[-119.099,48.416],[-119.02,48.38],[-118.934,48.315],[-118.759,48.279],[-118.655,48.276],[-118.384,48.36],[-118.3,48.346],[-118.214,48.42],[-117.978,48.501],[-117.732,48.643],[-117.553,48.666],[-117.401,48.724],[-117.198,48.758],[-116.601,48.788],[-116.396,48.758],[-116.006,48.874],[-115.609,49.178],[-115.113,49.31],[-114.926,49.411],[-114.546,49.569],[-114.195,49.741],[-114.134,49.863],[-114.104,50.052],[-113.891,50.318],[-113.375,50.751],[-113.223,50.842],[-113.101,50.865],[-112.684,51.017],[-112.467,51.051],[-111.772,51.267],[-111.419,51.347],[-111.226,51.427],[-110.781,51.689],[-110.235,51.917],[-109.919,52.415],[-109.805,52.54],[-109.622,52.871],[-109.383,53.531],[-109.064,53.964],[-108.745,54.101],[-108.335,54.135],[-107.937,54.09],[-107.618,54.021],[-107.378,53.93],[-107.196,53.793],[-107.075,53.362],[-106.95,53.066],[-106.893,52.61],[-107.041,51.87],[-106.972,51.627],[-106.949,51.376],[-106.687,51.012],[-106.539,50.909],[-106.163,50.602],[-106.06,50.556],[-105.924,50.465],[-105.833,50.34],[-105.582,50.112],[-105.434,50.032],[-105.23,49.871],[-105.025,49.768],[-104.871,49.614],[-104.751,49.461],[-104.649,49.273],[-104.512,48.828],[-104.512,48.589],[-104.581,48.401],[-104.649,48.316],[-104.837,48.23],[-105.162,48.179],[-105.589,48.179],[-106.289,48.282],[-107.349,48.35],[-108.664,48.47],[-109.194,48.47],[-109.518,48.521],[-109.937,48.507],[-110.337,48.568],[-111.314,48.76],[-112.04,49.002],[-112.339,48.992],[-112.551,48.911],[-112.769,48.886],[-113.534,48.719],[-113.822,48.597],[-114.106,48.39],[-114.597,48.106],[-114.759,47.985],[-115.449,47.681],[-116.003,47.469],[-116.8,47.393],[-117.894,47.423],[-118.473,47.286],[-118.559,47.286],[-118.686,47.251],[-118.919,47.139],[-119.137,46.937],[-119.263,46.891],[-119.41,46.866],[-119.612,46.866],[-119.779,46.922],[-119.972,47.043],[-120.083,47.155],[-120.164,47.382],[-120.458,47.762],[-120.681,47.821],[-120.805,47.892],[-120.858,48.039],[-120.858,48.061],[-120.822,48.109],[-120.76,48.123],[-120.587,48.099]]]}},{"type":"Feature","properties":{"density":3},"geometry":{"type":"Polygon","coordinates":[[[-115.901,49.781],[-115.818,49.799],[-115.715,49.753],[-115.701,49.72],[-115.73,49.7],[-115.838,49.712],[-115.897,49.745],[-115.901,49.781]]]}},{"type":"Feature","properties":{"density":3},"geometry":{"type":"Polygon","coordinates":[[[-116.268,49.745],[-116.091,49.728],[-116.001,49.634],[-115.998,49.61],[-116.121,49.619],[-116.196,49.641],[-116.295,49.703],[-116.301,49.725],[-116.268,49.745]]]}},{"type":"Feature","properties":{"density":3},"geometry":{"type":"Polygon","coordinates":[[[-118.317,45.633],[-118.329,45.683],[-118.272,45.732],[-117.819,45.806],[-117.774,45.806],[-117.671,45.761],[-117.612,45.704],[-117.606,45.674],[-117.611,45.654],[-117.642,45.638],[-117.918,45.603],[-118.263,45.6],[-118.314,45.617],[-118.317,45.633]]]}},{"type":"Feature","properties":{"density":3},"geometry":{"type":"Polygon","coordinates":[[[-120.461,44.503],[-120.009,44.11],[-119.982,44.066],[-119.935,43.705],[-119.894,43.637],[-119.757,43.506],[-119.642,43.434],[-119.395,43.35],[-119.135,43.327],[-118.834,43.333],[-118.71,43.303],[-118.679,43.266],[-118.672,43.225],[-118.696,43.168],[-118.858,43.107],[-119.064,43.09],[-119.371,43.141],[-119.678,43.165],[-119.871,43.232],[-120.009,43.32],[-120.124,43.448],[-120.161,43.6],[-120.283,43.876],[-120.411,44.034],[-120.553,44.131],[-120.562,44.197],[-120.596,44.263],[-120.749,44.395],[-120.774,44.436],[-120.776,44.467],[-120.631,44.571],[-120.591,44.635],[-120.555,44.638],[-120.461,44.503]]]}},{"type":"Feature","properties":{"density":3},"geometry":{"type":"Polygon","coordinates":[[[-117.091,44.55],[-116.869,44.601],[-116.761,44.604],[-116.717,44.587],[-116.693,44.527],[-116.697,44.496],[-116.794,44.3],[-116.821,44.152],[-116.794,44.047],[-116.656,43.889],[-116.413,43.737],[-116.373,43.663],[-116.376,43.595],[-116.427,43.565],[-116.497,43.575],[-116.801,43.76],[-116.906,43.868],[-117.034,44.051],[-117.221,44.423],[-117.223,44.5],[-117.199,44.533],[-117.139,44.554],[-117.091,44.55]]]}},{"type":"Feature","properties":{"density":3},"geometry":{"type":"Polygon","coordinates":[[[-121.76,50.956],[-121.79,50.976],[-121.851,51.168],[-121.935,51.269],[-122.04,51.303],[-122.087,51.303],[-122.111,51.266],[-122.114,51.165],[-122.182,51.138],[-122.249,51.145],[-122.441,51.215],[-122.506,51.307],[-122.516,51.35],[-122.472,51.556],[-122.425,51.654],[-122.327,51.698],[-122.266,51.668],[-122.128,51.55],[-122.053,51.536],[-121.922,51.529],[-121.78,51.577],[-121.635,51.6],[-121.51,51.55],[-121.402,51.529],[-120.916,51.469],[-120.794,51.418],[-120.757,51.367],[-120.754,51.31],[-120.805,51.28],[-121.118,51.212],[-121.304,51.118],[-121.465,50.981],[-121.613,50.941],[-121.718,50.941],[-121.76,50.956]]]}},{"type":"Feature","properties":{"density":3},"geometry":{"type":"Polygon","coordinates":[[[-119.513,50.147],[-119.33,50.079],[-119.247,50.011],[-119.224,49.939],[-119.274,49.941],[-119.532,50.076],[-119.549,50.11],[-119.513,50.147]]]}},{"type":"Feature","properties":{"density":3},"geometry":{"type":"Polygon","coordinates":[[[-119.414,50.351],[-119.312,50.406],[-119.196,50.405],[-119.159,50.385],[-119.17,50.351],[-119.386,50.272],[-119.436,50.279],[-119.414,50.351]]]}},{"type":"Feature","properties":{"density":3},"geometry":{"type":"Polygon","coordinates":[[[-112.473,38.896],[-112.356,38.947],[-112.26,39.028],[-112.169,39.145],[-112.139,39.241],[-112.093,39.61],[-112.037,39.717],[-111.931,39.848],[-111.627,40.339],[-111.329,40.506],[-111.203,40.619],[-110.902,40.845],[-110.716,40.906],[-110.534,40.891],[-109.952,40.734],[-109.719,40.653],[-109.582,40.577],[-109.455,40.441],[-109.39,40.309],[-109.385,40.152],[-109.43,39.98],[-109.521,39.828],[-109.633,39.737],[-110.078,39.484],[-110.427,39.312],[-110.777,39.22],[-111.086,39.099],[-111.324,38.977],[-111.496,38.962],[-111.648,38.922],[-112.063,38.922],[-112.149,38.883],[-112.207,38.793],[-112.365,38.709],[-112.455,38.722],[-112.498,38.757],[-112.5,38.821],[-112.473,38.896]]]}},{"type":"Feature","properties":{"density":3},"geometry":{"type":"Polygon","coordinates":[[[-121.926,50.556],[-121.923,50.628],[-121.89,50.649],[-121.827,50.651],[-121.653,50.583],[-121.603,50.578],[-121.578,50.547],[-121.633,50.527],[-121.884,50.527],[-121.923,50.539],[-121.926,50.556]]]}},{"type":"Feature","properties":{"density":3},"geometry":{"type":"Polygon","coordinates":[[[-121.44,45.16],[-121.547,45.208],[-121.626,45.274],[-121.677,45.349],[-121.673,45.413],[-121.631,45.434],[-121.436,45.472],[-121.161,45.592],[-121.017,45.598],[-120.986,45.58],[-120.954,45.541],[-120.947,45.502],[-120.966,45.455],[-121.011,45.424],[-121.211,45.368],[-121.301,45.305],[-121.32,45.22],[-121.287,45.178],[-121.279,45.134],[-121.301,45.118],[-121.359,45.124],[-121.44,45.16]]]}},{"type":"Feature","properties":{"density":3},"geometry":{"type":"Polygon","coordinates":[[[-83.541,51.314],[-83.505,51.41],[-83.465,51.438],[-83.429,51.429],[-83.43,51.363],[-83.471,51.296],[-83.502,51.267],[-83.544,51.269],[-83.541,51.314]]]}},{"type":"Feature","properties":{"density":3},"geometry":{"type":"Polygon","coordinates":[[[-122.36,62.387],[-122.431,62.411],[-122.522,62.418],[-122.9,62.337],[-122.981,62.306],[-123.018,62.249],[-123.032,62.178],[-122.978,62.134],[-122.778,62.107],[-122.657,62.141],[-122.546,62.249],[-122.468,62.266],[-122.441,62.252],[-122.394,62.171],[-122.36,62.171],[-122.296,62.198],[-122.215,62.259],[-122.181,62.32],[-122.184,62.35],[-122.36,62.387]]]}},{"type":"Feature","properties":{"density":3},"geometry":{"type":"Polygon","coordinates":[[[-120.782,61.956],[-120.464,61.742],[-120.345,61.695],[-120.163,61.58],[-119.785,61.408],[-119.714,61.361],[-119.653,61.256],[-119.667,61.209],[-119.714,61.162],[-119.798,61.162],[-120.146,61.256],[-120.26,61.243],[-120.577,61.292],[-120.714,61.33],[-120.849,61.648],[-120.892,61.83],[-120.956,61.891],[-121.007,61.978],[-120.976,62.002],[-120.946,62.002],[-120.782,61.956]]]}},{"type":"Feature","properties":{"density":3},"geometry":{"type":"Polygon","coordinates":[[[-119.645,48.927],[-119.504,48.897],[-119.276,48.796],[-118.911,48.543],[-118.835,48.472],[-118.653,48.406],[-118.435,48.37],[-118.182,48.457],[-117.808,48.527],[-117.555,48.543],[-117.2,48.538],[-116.909,48.62],[-116.558,48.664],[-114.717,49.232],[-114.421,49.415],[-114.011,49.529],[-113.589,49.677],[-113.418,49.791],[-113.225,49.836],[-112.849,49.961],[-111.676,50.064],[-111.357,49.996],[-110.789,49.944],[-109.888,49.797],[-109.625,49.672],[-109.527,49.581],[-109.514,49.443],[-109.534,49.183],[-109.608,49.09],[-109.731,49.031],[-110.02,49.011],[-110.52,48.908],[-111.534,48.927],[-111.888,48.883],[-112.091,48.782],[-112.57,48.669],[-112.923,48.634],[-113.296,48.391],[-113.475,48.243],[-113.657,48.189],[-113.809,48.118],[-114.161,47.921],[-114.381,47.867],[-114.799,47.799],[-115.057,47.776],[-115.262,47.776],[-115.71,47.685],[-116.981,47.624],[-117.907,47.543],[-118.559,47.521],[-118.717,47.481],[-118.893,47.376],[-119.166,47.278],[-119.338,47.16],[-119.517,47.073],[-119.623,47.062],[-119.699,47.093],[-119.897,47.381],[-120.251,47.604],[-120.464,47.68],[-120.646,47.817],[-120.798,47.984],[-120.793,48.07],[-120.737,48.126],[-120.545,48.146],[-120.231,48.151],[-120.048,48.131],[-119.876,48.181],[-119.649,48.191],[-119.638,48.232],[-119.664,48.308],[-119.805,48.5],[-119.922,48.698],[-119.907,48.779],[-119.811,48.925],[-119.709,48.941],[-119.645,48.927]]]}},{"type":"Feature","properties":{"density":3},"geometry":{"type":"Polygon","coordinates":[[[-112.369,38.927],[-112.146,39.084],[-112.035,39.261],[-111.943,39.474],[-111.776,39.737],[-111.716,39.863],[-111.7,39.965],[-111.721,40.122],[-111.706,40.167],[-111.63,40.263],[-111.209,40.603],[-111.073,40.663],[-110.916,40.765],[-110.749,40.835],[-110.384,41.038],[-110.278,41.144],[-109.908,41.296],[-109.564,41.408],[-109.377,41.402],[-108.673,41.215],[-108.471,41.134],[-108.243,41.073],[-108.071,40.932],[-107.959,40.689],[-107.909,40.446],[-107.909,40.182],[-107.974,39.975],[-108.061,39.838],[-108.217,39.707],[-109.027,39.529],[-109.306,39.383],[-110.506,39.215],[-110.926,39.129],[-111.26,39.033],[-111.635,38.993],[-111.868,38.917],[-112.004,38.861],[-112.177,38.756],[-112.326,38.709],[-112.411,38.734],[-112.454,38.809],[-112.44,38.867],[-112.369,38.927]]]}},{"type":"Feature","properties":{"density":3},"geometry":{"type":"Polygon","coordinates":[[[-114.932,39.134],[-114.82,39.435],[-114.646,39.609],[-114.499,39.608],[-114.367,39.551],[-114.318,39.503],[-114.328,39.446],[-114.561,39.281],[-114.687,39.168],[-114.885,39.085],[-114.928,39.09],[-114.932,39.134]]]}},{"type":"Feature","properties":{"density":3},"geometry":{"type":"Polygon","coordinates":[[[-120.625,44.569],[-120.4,44.511],[-120.204,44.416],[-120.09,44.283],[-119.976,44.063],[-119.952,43.999],[-119.959,43.911],[-120.087,43.894],[-120.408,44.056],[-120.519,44.094],[-120.553,44.127],[-120.654,44.276],[-120.749,44.467],[-120.75,44.533],[-120.725,44.571],[-120.625,44.569]]]}},{"type":"Feature","properties":{"density":3},"geometry":{"type":"Polygon","coordinates":[[[-121.471,45.441],[-121.188,45.597],[-121.105,45.611],[-121.033,45.603],[-120.99,45.59],[-120.967,45.549],[-121.003,45.482],[-121.248,45.353],[-121.357,45.248],[-121.452,45.221],[-121.567,45.218],[-121.672,45.287],[-121.692,45.338],[-121.663,45.398],[-121.588,45.428],[-121.471,45.441]]]}},{"type":"Feature","properties":{"density":3},"geometry":{"type":"Polygon","coordinates":[[[-117.034,44.522],[-116.849,44.574],[-116.779,44.579],[-116.608,44.721],[-116.521,44.731],[-116.481,44.695],[-116.537,44.567],[-116.724,44.385],[-116.764,44.292],[-116.834,44.254],[-116.985,44.247],[-117.082,44.283],[-117.152,44.392],[-117.166,44.471],[-117.126,44.528],[-117.034,44.522]]]}},{"type":"Feature","properties":{"density":3},"geometry":{"type":"Polygon","coordinates":[[[-113.194,45.655],[-113.061,45.769],[-112.903,45.863],[-112.774,45.919],[-112.618,45.949],[-112.522,45.928],[-112.53,45.904],[-112.582,45.862],[-112.908,45.763],[-113.119,45.629],[-113.209,45.61],[-113.223,45.631],[-113.194,45.655]]]}},{"type":"Feature","properties":{"density":3},"geometry":{"type":"Polygon","coordinates":[[[-90.191,50.026],[-90.283,50.191],[-90.296,50.255],[-90.296,50.414],[-90.286,50.444],[-90.242,50.461],[-89.965,50.346],[-89.884,50.265],[-89.864,50.208],[-89.881,50.046],[-89.77,49.918],[-89.743,49.864],[-89.736,49.783],[-89.776,49.62],[-89.794,49.603],[-89.86,49.591],[-89.888,49.528],[-89.932,49.524],[-89.974,49.572],[-90.074,49.834],[-90.095,49.977],[-90.191,50.026]]]}},{"type":"Feature","properties":{"density":3},"geometry":{"type":"Polygon","coordinates":[[[-89.177,50.571],[-89.214,50.619],[-89.21,50.657],[-89.182,50.669],[-89.156,50.645],[-89.166,50.604],[-89.154,50.575],[-89.177,50.571]]]}},{"type":"Feature","properties":{"density":3},"geometry":{"type":"Polygon","coordinates":[[[-90.078,54.346],[-90.147,54.484],[-90.15,54.569],[-90.064,54.728],[-90.006,54.742],[-89.976,54.733],[-89.947,54.682],[-89.94,54.563],[-89.971,54.503],[-90.039,54.431],[-90.039,54.338],[-90.066,54.329],[-90.078,54.346]]]}},{"type":"Feature","properties":{"density":3},"geometry":{"type":"Polygon","coordinates":[[[-122.491,62.397],[-122.304,62.391],[-122.124,62.348],[-122.063,62.31],[-122.036,62.274],[-122.032,62.231],[-122.083,62.199],[-122.293,62.199],[-122.428,62.235],[-122.545,62.305],[-122.572,62.303],[-122.689,62.199],[-122.729,62.184],[-122.873,62.197],[-122.905,62.22],[-122.914,62.253],[-122.902,62.285],[-122.731,62.375],[-122.666,62.402],[-122.491,62.397]]]}},{"type":"Feature","properties":{"density":3},"geometry":{"type":"Polygon","coordinates":[[[-120.744,61.934],[-120.605,61.815],[-120.486,61.745],[-120.158,61.632],[-119.987,61.522],[-119.902,61.5],[-119.794,61.401],[-119.798,61.329],[-119.87,61.277],[-119.936,61.281],[-120.078,61.352],[-120.344,61.43],[-120.452,61.516],[-120.55,61.552],[-120.741,61.684],[-120.838,61.767],[-120.917,61.862],[-120.912,61.947],[-120.825,61.968],[-120.744,61.934]]]}},{"type":"Feature","properties":{"density":3},"geometry":{"type":"Polygon","coordinates":[[[-120.584,62.126],[-120.464,62.108],[-120.307,61.894],[-120.221,61.82],[-120.228,61.784],[-120.257,61.761],[-120.343,61.766],[-120.613,61.953],[-120.644,62.027],[-120.644,62.099],[-120.624,62.124],[-120.584,62.126]]]}},{"type":"Feature","properties":{"density":3},"geometry":{"type":"Polygon","coordinates":[[[-121.85,51.149],[-121.906,51.236],[-122.028,51.311],[-122.083,51.296],[-122.124,51.19],[-122.164,51.155],[-122.255,51.155],[-122.422,51.225],[-122.509,51.306],[-122.549,51.428],[-122.534,51.585],[-122.352,51.691],[-121.709,51.691],[-121.456,51.646],[-121.061,51.504],[-120.944,51.362],[-120.919,51.261],[-120.949,51.175],[-121.03,51.124],[-121.238,51.048],[-121.445,50.937],[-121.572,50.932],[-121.688,50.947],[-121.8,51.038],[-121.85,51.149]]]}},{"type":"Feature","properties":{"density":3},"geometry":{"type":"Polygon","coordinates":[[[-120.422,62.126],[-120.296,62.019],[-120.25,61.934],[-120.164,61.883],[-120.005,61.826],[-119.922,61.752],[-119.843,61.653],[-119.81,61.544],[-119.694,61.39],[-119.676,61.32],[-119.699,61.273],[-119.765,61.248],[-119.831,61.264],[-120.059,61.218],[-120.154,60.936],[-120.189,60.673],[-120.239,60.646],[-120.302,60.648],[-120.347,60.723],[-120.371,60.82],[-120.512,60.943],[-120.574,61.225],[-120.62,61.341],[-120.762,61.574],[-120.994,61.697],[-121.395,61.825],[-121.49,61.842],[-121.554,61.818],[-121.537,61.774],[-121.483,61.73],[-121.436,61.717],[-121.26,61.582],[-121.25,61.494],[-121.277,61.447],[-121.328,61.433],[-121.436,61.44],[-121.53,61.474],[-121.932,61.761],[-122.131,61.93],[-122.259,61.997],[-122.522,62.264],[-122.58,62.338],[-122.58,62.382],[-122.526,62.419],[-122.445,62.429],[-122.35,62.419],[-122.124,62.351],[-122.013,62.345],[-121.932,62.362],[-121.837,62.409],[-121.689,62.419],[-121.621,62.409],[-121.469,62.351],[-121.469,62.227],[-121.453,62.176],[-121.257,62.108],[-121.054,62.105],[-120.767,62.038],[-120.599,62.139],[-120.504,62.152],[-120.422,62.126]]]}},{"type":"Feature","properties":{"density":3},"geometry":{"type":"Polygon","coordinates":[[[-122.407,61.841],[-122.121,61.665],[-122.127,61.568],[-122.151,61.541],[-122.217,61.523],[-122.284,61.56],[-122.439,61.769],[-122.455,61.823],[-122.407,61.841]]]}},{"type":"Feature","properties":{"density":3},"geometry":{"type":"Polygon","coordinates":[[[-120.751,63.058],[-120.656,63.071],[-120.517,63.031],[-120.355,62.927],[-120.355,62.896],[-120.422,62.896],[-120.744,62.997],[-120.764,63.026],[-120.751,63.058]]]}},{"type":"Feature","properties":{"density":3},"geometry":{"type":"Polygon","coordinates":[[[-119.424,48.873],[-119.029,48.888],[-118.619,48.838],[-118.401,48.782],[-117.885,48.483],[-117.753,48.423],[-117.632,48.407],[-117.495,48.407],[-116.683,48.552],[-116.508,48.635],[-115.9,48.855],[-115.521,48.969],[-114.446,49.174],[-113.877,49.22],[-113.193,49.345],[-112.92,49.425],[-112.521,49.493],[-111.507,49.812],[-111.132,49.881],[-110.71,50.006],[-110.391,50.063],[-109.981,50.291],[-108.637,50.61],[-108.5,50.666],[-108.181,50.826],[-107.749,50.997],[-107.612,51.099],[-107.395,51.19],[-107.054,51.373],[-106.518,51.737],[-106.097,51.863],[-105.937,51.874],[-105.824,51.863],[-105.767,51.726],[-105.846,51.498],[-106.086,51.202],[-106.393,50.928],[-106.621,50.689],[-107.042,50.393],[-107.623,50.108],[-107.919,49.915],[-108.333,49.584],[-108.318,49.508],[-108.197,49.433],[-107.566,49.349],[-107.437,49.303],[-107.392,49.174],[-107.392,49.015],[-107.452,48.863],[-107.604,48.795],[-107.817,48.764],[-108.105,48.795],[-108.424,48.802],[-108.926,48.855],[-109.093,48.855],[-109.336,48.848],[-110.251,48.76],[-110.513,48.692],[-111.263,48.55],[-112.073,48.373],[-112.61,48.211],[-112.959,48.15],[-113.739,47.902],[-113.941,47.862],[-114.144,47.831],[-114.407,47.826],[-114.898,47.776],[-115.774,47.614],[-116.541,47.523],[-117.164,47.507],[-118.06,47.439],[-118.386,47.447],[-118.903,47.416],[-119.161,47.424],[-119.373,47.47],[-119.718,47.626],[-119.961,47.707],[-120.264,47.687],[-120.416,47.692],[-120.715,47.768],[-120.791,47.814],[-120.847,47.966],[-120.852,48.031],[-120.831,48.077],[-120.745,48.128],[-120.588,48.163],[-120.361,48.168],[-120.193,48.264],[-120.107,48.34],[-120.082,48.406],[-120.102,48.472],[-120.065,48.568],[-119.999,48.669],[-119.939,48.74],[-119.783,48.867],[-119.652,48.897],[-119.424,48.873]]]}},{"type":"Feature","properties":{"density":3},"geometry":{"type":"Polygon","coordinates":[[[-113.176,45.673],[-113.119,45.759],[-113.072,45.799],[-112.743,46.003],[-112.633,46.048],[-112.633,46.028],[-112.693,45.956],[-112.918,45.794],[-113.132,45.507],[-113.184,45.486],[-113.34,45.515],[-113.342,45.569],[-113.265,45.599],[-113.176,45.673]]]}},{"type":"Feature","properties":{"density":3},"geometry":{"type":"Polygon","coordinates":[[[-117.154,44.646],[-116.982,44.595],[-116.715,44.595],[-116.567,44.548],[-116.53,44.514],[-116.479,44.366],[-116.472,44.281],[-116.502,44.124],[-116.52,44.104],[-116.56,44.097],[-116.63,44.11],[-116.769,44.169],[-117.006,44.209],[-117.087,44.263],[-117.246,44.52],[-117.231,44.635],[-117.154,44.646]]]}},{"type":"Feature","properties":{"density":3},"geometry":{"type":"Polygon","coordinates":[[[-118.243,45.69],[-118.071,45.68],[-117.718,45.726],[-117.612,45.703],[-117.571,45.667],[-117.565,45.634],[-117.594,45.593],[-117.754,45.514],[-118.276,45.607],[-118.296,45.647],[-118.243,45.69]]]}},{"type":"Feature","properties":{"density":3},"geometry":{"type":"Polygon","coordinates":[[[-121.39,45.484],[-121.255,45.534],[-121.221,45.567],[-121.084,45.583],[-120.863,45.475],[-120.706,45.455],[-120.499,45.468],[-120.443,45.432],[-120.422,45.358],[-120.438,45.322],[-120.472,45.302],[-120.967,45.27],[-121.356,45.183],[-121.482,45.183],[-121.563,45.21],[-121.597,45.282],[-121.597,45.363],[-121.536,45.423],[-121.39,45.484]]]}},{"type":"Feature","properties":{"density":3},"geometry":{"type":"Polygon","coordinates":[[[-120.591,44.541],[-120.316,44.538],[-120.211,44.563],[-119.916,44.682],[-119.801,44.689],[-119.722,44.651],[-119.677,44.581],[-119.659,44.509],[-119.653,44.257],[-119.619,44.064],[-119.635,44.012],[-119.668,43.98],[-119.734,43.974],[-119.893,44.016],[-120.202,44.199],[-120.442,44.304],[-120.595,44.397],[-120.694,44.49],[-120.686,44.528],[-120.591,44.541]]]}},{"type":"Feature","properties":{"density":3},"geometry":{"type":"Polygon","coordinates":[[[-116.729,42.626],[-116.373,42.804],[-116.214,42.853],[-115.903,42.912],[-115.75,42.963],[-115.633,42.979],[-115.577,42.963],[-115.595,42.943],[-115.822,42.851],[-116.108,42.705],[-116.295,42.594],[-116.421,42.549],[-116.511,42.54],[-116.704,42.556],[-116.876,42.594],[-116.875,42.622],[-116.851,42.634],[-116.729,42.626]]]}},{"type":"Feature","properties":{"density":3},"geometry":{"type":"Polygon","coordinates":[[[-112.302,38.974],[-112.2,39.075],[-111.912,39.268],[-111.76,39.394],[-111.426,39.764],[-110.725,40.199],[-110.461,40.396],[-110.188,40.764],[-110.177,40.95],[-110.114,41.165],[-109.896,41.312],[-109.572,41.474],[-109.249,41.571],[-108.603,41.715],[-108.368,41.791],[-108.127,41.834],[-107.748,41.93],[-107.606,41.946],[-107.358,41.941],[-107.125,41.91],[-106.907,41.829],[-106.766,41.713],[-106.654,41.546],[-106.562,41.332],[-106.385,41.14],[-106.099,40.936],[-105.735,40.779],[-105.608,40.572],[-105.573,40.101],[-105.659,39.696],[-105.861,39.377],[-106.302,39.261],[-107.112,39.255],[-107.512,39.448],[-107.876,39.488],[-108.225,39.721],[-108.509,39.762],[-109.234,39.774],[-109.802,39.673],[-110.535,39.47],[-110.94,39.281],[-111.196,39.102],[-111.466,39.018],[-111.746,38.863],[-112.016,38.771],[-112.352,38.703],[-112.432,38.71],[-112.465,38.733],[-112.471,38.76],[-112.45,38.841],[-112.302,38.974]]]}},{"type":"Feature","properties":{"density":3},"geometry":{"type":"Polygon","coordinates":[[[-114.987,39.117],[-114.859,39.326],[-114.761,39.404],[-114.366,39.525],[-114.029,39.648],[-113.236,39.807],[-113.151,39.797],[-113.111,39.766],[-113.097,39.726],[-113.107,39.675],[-113.151,39.611],[-113.414,39.453],[-114.316,39.139],[-114.714,39.125],[-114.984,39.072],[-114.987,39.117]]]}},{"type":"Feature","properties":{"density":3},"geometry":{"type":"Polygon","coordinates":[[[-90.112,49.704],[-90.193,49.937],[-90.319,50.149],[-90.39,50.489],[-90.41,50.838],[-90.38,51.081],[-90.324,51.157],[-90.284,51.177],[-90.178,51.213],[-89.99,51.218],[-89.904,51.218],[-89.666,51.177],[-89.423,51.106],[-89.261,51.005],[-89.089,50.858],[-88.902,50.64],[-88.75,50.306],[-88.74,50.18],[-88.775,49.917],[-88.907,49.608],[-88.907,49.405],[-88.942,49.218],[-89.008,49.182],[-89.074,49.188],[-89.17,49.223],[-89.195,49.253],[-89.413,49.36],[-89.595,49.486],[-89.732,49.537],[-89.778,49.542],[-89.899,49.506],[-89.99,49.517],[-90.105,49.635],[-90.112,49.704]]]}},{"type":"Feature","properties":{"density":3},"geometry":{"type":"Polygon","coordinates":[[[-92.286,48.247],[-92.353,48.544],[-92.367,48.868],[-92.34,49.013],[-92.303,49.044],[-92.262,49.054],[-92.164,49.044],[-92.097,48.99],[-91.985,48.409],[-91.999,48.362],[-92.228,48.193],[-92.286,48.2],[-92.286,48.247]]]}},{"type":"Feature","properties":{"density":3},"geometry":{"type":"Polygon","coordinates":[[[-89.228,52.819],[-89.345,52.963],[-89.372,53.35],[-89.39,53.397],[-89.36,53.545],[-89.318,53.59],[-89.277,53.595],[-89.142,53.539],[-89.084,53.487],[-89.066,53.419],[-89.142,53.136],[-89.165,52.992],[-89.167,52.821],[-89.192,52.793],[-89.228,52.819]]]}},{"type":"Feature","properties":{"density":3},"geometry":{"type":"Polygon","coordinates":[[[-90.088,54.334],[-90.173,54.523],[-90.257,54.776],[-90.27,54.878],[-90.274,54.949],[-90.23,55.232],[-90.216,55.441],[-90.149,55.647],[-90.109,55.698],[-89.987,55.752],[-89.849,55.752],[-89.731,55.715],[-89.599,55.64],[-89.403,55.495],[-89.214,55.3],[-89.191,55.208],[-89.211,55.134],[-89.41,54.949],[-89.754,54.766],[-89.859,54.625],[-89.913,54.483],[-89.916,54.368],[-89.943,54.31],[-90.016,54.307],[-90.073,54.317],[-90.088,54.334]]]}},{"type":"Feature","properties":{"density":3},"geometry":{"type":"Polygon","coordinates":[[[-91.672,54.332],[-91.753,54.575],[-91.798,54.767],[-91.796,54.868],[-91.744,55.155],[-91.714,55.185],[-91.619,55.222],[-91.508,55.226],[-91.444,55.212],[-91.38,55.162],[-91.353,55.04],[-91.349,54.942],[-91.376,54.824],[-91.434,54.669],[-91.488,54.591],[-91.593,54.339],[-91.635,54.306],[-91.672,54.332]]]}},{"type":"Feature","properties":{"density":3},"geometry":{"type":"Polygon","coordinates":[[[-94.885,57.628],[-94.936,57.678],[-95.022,57.826],[-95.051,57.921],[-95.026,57.952],[-94.952,57.952],[-94.912,57.896],[-94.845,57.607],[-94.876,57.61],[-94.885,57.628]]]}},{"type":"Feature","properties":{"density":3},"geometry":{"type":"Polygon","coordinates":[[[-88.975,53.616],[-89.013,53.692],[-89.052,53.849],[-89.04,53.897],[-89.004,53.917],[-88.953,53.899],[-88.935,53.848],[-88.944,53.621],[-88.975,53.616]]]}},{"type":"Feature","properties":{"density":3},"geometry":{"type":"Polygon","coordinates":[[[-87.45,51.349],[-87.493,51.425],[-87.531,51.567],[-87.554,51.729],[-87.543,51.872],[-87.485,52.121],[-87.451,52.199],[-87.404,52.243],[-87.276,52.256],[-87.192,52.223],[-87.144,52.165],[-87.121,52.071],[-87.124,51.949],[-87.276,51.477],[-87.274,51.311],[-87.307,51.282],[-87.348,51.28],[-87.409,51.302],[-87.45,51.349]]]}},{"type":"Feature","properties":{"density":3},"geometry":{"type":"Polygon","coordinates":[[[-84.616,52.469],[-84.522,52.474],[-84.47,52.456],[-84.414,52.408],[-84.396,52.366],[-84.423,52.327],[-84.459,52.307],[-84.576,52.298],[-84.612,52.312],[-84.684,52.381],[-84.654,52.451],[-84.616,52.469]]]}},{"type":"Feature","properties":{"density":3},"geometry":{"type":"Polygon","coordinates":[[[-83.483,51.368],[-83.425,51.291],[-83.375,51.156],[-83.324,50.839],[-83.344,50.641],[-83.371,50.58],[-83.45,50.553],[-83.693,50.607],[-83.735,50.643],[-83.749,50.688],[-83.731,50.94],[-83.679,51.262],[-83.614,51.352],[-83.576,51.377],[-83.483,51.368]]]}},{"type":"Feature","properties":{"density":3},"geometry":{"type":"Polygon","coordinates":[[[-95.358,59.685],[-95.205,60.505],[-94.367,61.411],[-93.581,62.077],[-92.813,62.76],[-92.095,63.085],[-91.121,63.273],[-90.164,63.29],[-88.268,62.743],[-87.311,62.333],[-86.798,62.06],[-86.081,61.53],[-85.927,61.291],[-85.859,60.778],[-86.012,60.437],[-86.32,60.283],[-87.089,59.975],[-87.721,59.753],[-88.336,59.48],[-88.712,59.343],[-89.071,59.138],[-89.549,58.25],[-89.822,57.959],[-90.164,57.669],[-90.711,57.447],[-91.343,57.413],[-92.266,57.669],[-93.769,58.506],[-94.06,58.574],[-94.607,58.762],[-94.88,58.933],[-95.153,59.138],[-95.256,59.309],[-95.341,59.503],[-95.358,59.685]]]}}]}