{"type":"FeatureCollection","features":[{"type":"Feature","properties":{"density":1},"geometry":{"type":"Polygon","coordinates":[[[-123.827,48.106],[-124.459,49.37],[-125.543,51.447],[-126.084,52.396],[-126.536,53.841],[-128.331,56.787],[-128.94,61.054],[-127.62,65.321],[-124.673,69.791],[-120.61,71.924],[-112.076,71.416],[-103.948,71.518],[-100.19,71.518],[-90.64,71.721],[-83.833,72.838],[-80.582,72.635],[-74.283,69.994],[-72.048,68.267],[-70.22,65.625],[-68.594,62.07],[-66.867,56.787],[-65.953,53.536],[-65.75,51.199],[-65.546,46.729],[-65.851,44.189],[-67.883,39.618],[-69.001,38.398],[-71.744,36.976],[-74.487,35.757],[-76.722,35.249],[-80.481,34.639],[-86.531,32.811],[-88.472,32.359],[-91.182,31.05],[-93.213,29.831],[-94.749,28.431],[-95.742,27.257],[-96.013,26.625],[-96.194,25.586],[-95.968,24.367],[-95.516,23.509],[-94.794,22.606],[-93.62,21.252],[-93.078,20.71],[-92.581,19.536],[-92.536,18.272],[-93.078,17.278],[-94.613,16.195],[-95.336,16.195],[-96.916,16.872],[-97.774,18.272],[-99.219,21.161],[-100.393,23.329],[-102.199,27.302],[-103.463,28.837],[-104.456,29.921],[-105.134,30.237],[-106.263,30.508],[-108.881,30.373],[-110.462,30.373],[-111.952,30.598],[-114.48,31.276],[-116.964,32.088],[-119.718,33.669],[-123.511,37.1],[-124.549,40.532],[-124.369,42.112],[-123.917,42.564],[-123.285,43.467],[-122.788,44.912],[-122.743,45.544],[-122.879,47.214],[-123.466,47.801],[-123.827,48.106]]]}},{"type":"Feature","properties":{"density":1},"geometry":{"type":"Polygon","coordinates":[[[-91.851,34.842],[-91.899,34.839],[-91.975,34.734],[-91.964,34.706],[-91.927,34.709],[-91.874,34.755],[-91.851,34.842]]]}},{"type":"Feature","properties":{"density":1},"geometry":{"type":"Polygon","coordinates":[[[-92.024,32.751],[-92.076,32.772],[-92.432,32.798],[-92.773,32.762],[-93.066,32.683],[-93.38,32.5],[-93.564,32.259],[-93.873,32.039],[-93.972,31.913],[-93.998,31.84],[-93.993,31.672],[-93.888,31.253],[-93.904,30.766],[-93.873,30.52],[-93.799,30.18],[-93.674,29.934],[-93.585,29.834],[-93.543,29.818],[-93.538,29.829],[-93.569,30.117],[-93.469,30.656],[-93.412,30.819],[-93.249,31.117],[-93.218,31.238],[-93.244,31.573],[-93.208,31.73],[-93.176,31.782],[-93.124,31.824],[-92.951,31.913],[-92.841,32.013],[-92.747,32.128],[-92.616,32.238],[-92.453,32.296],[-92.176,32.311],[-92.013,32.353],[-91.972,32.427],[-91.966,32.589],[-91.977,32.683],[-92.024,32.751]]]}},{"type":"Feature","properties":{"density":1},"geometry":{"type":"Polygon","coordinates":[[[-105.367,36.63],[-105.468,36.644],[-105.521,36.609],[-105.584,36.539],[-105.685,36.343],[-105.8,36.246],[-105.894,36.008],[-105.884,35.935],[-105.821,35.876],[-105.681,35.876],[-105.594,35.91],[-105.475,36.103],[-105.304,36.295],[-105.283,36.382],[-105.283,36.515],[-105.367,36.63]]]}},{"type":"Feature","properties":{"density":1},"geometry":{"type":"Polygon","coordinates":[[[-107.227,38.288],[-107.262,38.284],[-107.318,38.218],[-107.367,38.19],[-107.384,38.131],[-107.363,38.082],[-107.311,38.078],[-107.283,38.113],[-107.206,38.131],[-107.171,38.155],[-107.15,38.19],[-107.157,38.26],[-107.227,38.288]]]}},{"type":"Feature","properties":{"density":1},"geometry":{"type":"Polygon","coordinates":[[[-107.405,38.235],[-107.471,38.235],[-107.51,38.214],[-107.538,38.183],[-107.538,38.145],[-107.503,38.131],[-107.461,38.155],[-107.405,38.162],[-107.388,38.19],[-107.405,38.235]]]}},{"type":"Feature","properties":{"density":1},"geometry":{"type":"Polygon","coordinates":[[[-112.472,46.197],[-112.666,46.192],[-112.755,46.15],[-112.839,46.082],[-113.038,46.019],[-113.148,45.956],[-113.185,45.914],[-113.226,45.815],[-113.237,45.694],[-113.216,45.647],[-113.111,45.574],[-112.954,45.589],[-112.635,45.558],[-112.53,45.574],[-112.378,45.652],[-112.31,45.71],[-112.268,45.778],[-112.242,45.851],[-112.242,45.972],[-112.305,46.077],[-112.388,46.155],[-112.472,46.197]]]}},{"type":"Feature","properties":{"density":1},"geometry":{"type":"Polygon","coordinates":[[[-113.251,45.605],[-113.317,45.598],[-113.377,45.542],[-113.387,45.5],[-113.363,45.455],[-113.265,45.399],[-113.16,45.242],[-113.073,45.259],[-112.891,45.385],[-112.884,45.434],[-112.923,45.483],[-113.251,45.605]]]}},{"type":"Feature","properties":{"density":1},"geometry":{"type":"Polygon","coordinates":[[[-113.722,46.415],[-113.803,46.419],[-113.841,46.405],[-113.89,46.345],[-113.939,46.321],[-113.942,46.216],[-113.89,46.146],[-113.844,46.129],[-113.775,46.143],[-113.631,46.244],[-113.607,46.276],[-113.617,46.328],[-113.677,46.391],[-113.722,46.415]]]}},{"type":"Feature","properties":{"density":1},"geometry":{"type":"Polygon","coordinates":[[[-113.415,46.321],[-113.471,46.359],[-113.506,46.363],[-113.59,46.335],[-113.649,46.209],[-113.677,46.181],[-113.74,46.157],[-113.757,46.118],[-113.761,46.073],[-113.705,45.982],[-113.621,45.986],[-113.52,46.042],[-113.338,46.087],[-113.111,46.111],[-113.083,46.136],[-113.087,46.199],[-113.115,46.216],[-113.352,46.276],[-113.415,46.321]]]}},{"type":"Feature","properties":{"density":1},"geometry":{"type":"Polygon","coordinates":[[[-115.18,46.876],[-115.238,46.923],[-115.297,46.911],[-115.406,46.785],[-115.59,46.69],[-115.627,46.634],[-115.609,46.599],[-115.548,46.576],[-115.46,46.573],[-115.35,46.601],[-115.166,46.678],[-115.141,46.702],[-115.12,46.781],[-115.18,46.876]]]}},{"type":"Feature","properties":{"density":1},"geometry":{"type":"Polygon","coordinates":[[[-115.06,46.302],[-115.163,46.365],[-115.198,46.365],[-115.207,46.351],[-115.184,46.286],[-115.107,46.219],[-115.051,46.219],[-115.039,46.246],[-115.06,46.302]]]}},{"type":"Feature","properties":{"density":1},"geometry":{"type":"Polygon","coordinates":[[[-115.058,46.118],[-115.074,46.163],[-115.167,46.239],[-115.195,46.242],[-115.216,46.225],[-115.228,46.188],[-115.214,46.065],[-115.179,46.028],[-115.142,46.011],[-115.086,46.018],[-115.058,46.077],[-115.058,46.118]]]}},{"type":"Feature","properties":{"density":1},"geometry":{"type":"Polygon","coordinates":[[[-116.838,42.482],[-116.873,42.499],[-116.911,42.463],[-116.918,42.356],[-116.939,42.291],[-116.931,42.223],[-116.905,42.21],[-116.842,42.237],[-116.808,42.299],[-116.804,42.37],[-116.838,42.482]]]}},{"type":"Feature","properties":{"density":1},"geometry":{"type":"Polygon","coordinates":[[[-116.7,42.868],[-116.785,42.867],[-116.849,42.769],[-116.847,42.75],[-116.799,42.725],[-116.715,42.744],[-116.588,42.722],[-116.558,42.73],[-116.552,42.766],[-116.7,42.868]]]}},{"type":"Feature","properties":{"density":1},"geometry":{"type":"Polygon","coordinates":[[[-116.571,42.708],[-116.608,42.719],[-116.634,42.701],[-116.648,42.603],[-116.619,42.575],[-116.571,42.584],[-116.552,42.62],[-116.571,42.708]]]}},{"type":"Feature","properties":{"density":1},"geometry":{"type":"Polygon","coordinates":[[[-116.634,42.479],[-116.676,42.485],[-116.701,42.446],[-116.697,42.282],[-116.681,42.247],[-116.647,42.227],[-116.61,42.251],[-116.594,42.302],[-116.605,42.404],[-116.634,42.479]]]}},{"type":"Feature","properties":{"density":1},"geometry":{"type":"Polygon","coordinates":[[[-111.094,41.2],[-111.173,41.207],[-111.273,41.175],[-111.438,41.175],[-111.496,41.156],[-111.548,41.123],[-111.636,41.019],[-111.657,40.967],[-111.65,40.905],[-111.62,40.886],[-111.601,40.891],[-111.357,41.012],[-111.138,41.061],[-111.063,41.114],[-111.075,41.179],[-111.094,41.2]]]}},{"type":"Feature","properties":{"density":1},"geometry":{"type":"Polygon","coordinates":[[[-111.909,39.177],[-111.956,39.187],[-111.979,39.175],[-112.058,39.068],[-112.174,39.008],[-112.193,38.959],[-112.16,38.947],[-111.956,38.975],[-111.893,39.005],[-111.876,39.096],[-111.909,39.177]]]}},{"type":"Feature","properties":{"density":1},"geometry":{"type":"Polygon","coordinates":[[[-111.588,38.849],[-111.86,38.896],[-112.091,38.886],[-112.233,38.956],[-112.356,38.97],[-112.405,38.959],[-112.442,38.926],[-112.498,38.845],[-112.575,38.775],[-112.593,38.707],[-112.533,38.626],[-112.428,38.593],[-112.272,38.605],[-111.951,38.668],[-111.52,38.596],[-111.497,38.623],[-111.495,38.705],[-111.588,38.849]]]}},{"type":"Feature","properties":{"density":1},"geometry":{"type":"Polygon","coordinates":[[[-114.697,33.129],[-114.734,33.136],[-114.753,33.12],[-114.762,33.027],[-114.706,32.913],[-114.678,32.799],[-114.664,32.773],[-114.627,32.769],[-114.592,32.848],[-114.59,32.92],[-114.662,33.097],[-114.697,33.129]]]}},{"type":"Feature","properties":{"density":1},"geometry":{"type":"Polygon","coordinates":[[[-117.374,33.436],[-117.391,33.431],[-117.39,33.401],[-117.351,33.401],[-117.356,33.429],[-117.374,33.436]]]}},{"type":"Feature","properties":{"density":1},"geometry":{"type":"Polygon","coordinates":[[[-121.595,36.245],[-121.646,36.283],[-121.723,36.294],[-121.754,36.269],[-121.759,36.233],[-121.739,36.195],[-121.64,36.13],[-121.563,36.026],[-121.493,36.011],[-121.48,36.062],[-121.595,36.245]]]}},{"type":"Feature","properties":{"density":1},"geometry":{"type":"Polygon","coordinates":[[[-123.508,41.492],[-123.599,41.519],[-123.687,41.505],[-123.757,41.384],[-123.886,41.249],[-123.916,41.178],[-123.923,41.016],[-123.879,40.854],[-123.727,40.624],[-123.511,40.415],[-123.477,40.408],[-123.366,40.422],[-123.214,40.499],[-122.954,40.486],[-122.802,40.509],[-122.745,40.536],[-122.688,40.587],[-122.664,40.665],[-122.664,40.759],[-122.708,40.823],[-122.762,40.884],[-123.005,40.989],[-123.241,41.154],[-123.423,41.34],[-123.508,41.492]]]}},{"type":"Feature","properties":{"density":1},"geometry":{"type":"Polygon","coordinates":[[[-125.369,52.722],[-125.485,52.844],[-125.536,52.869],[-125.546,52.859],[-125.546,52.829],[-125.46,52.702],[-125.344,52.626],[-125.328,52.636],[-125.333,52.697],[-125.354,52.732],[-125.369,52.722]]]}},{"type":"Feature","properties":{"density":1},"geometry":{"type":"Polygon","coordinates":[[[-124.23,52.707],[-124.291,52.743],[-124.377,52.763],[-124.448,52.758],[-124.508,52.738],[-124.61,52.621],[-124.675,52.57],[-125.05,52.51],[-125.101,52.464],[-125.116,52.302],[-125.035,52.079],[-124.974,51.978],[-124.888,51.907],[-124.726,51.872],[-124.615,51.877],[-124.245,51.953],[-124.174,51.988],[-124.118,52.044],[-124.068,52.15],[-124.068,52.297],[-124.149,52.596],[-124.23,52.707]]]}},{"type":"Feature","properties":{"density":1},"geometry":{"type":"Polygon","coordinates":[[[-115.724,64.576],[-115.798,64.59],[-115.843,64.567],[-115.845,64.536],[-115.692,64.515],[-115.697,64.556],[-115.724,64.576]]]}},{"type":"Feature","properties":{"density":1},"geometry":{"type":"Polygon","coordinates":[[[-71.581,18.108],[-71.68,18.118],[-71.827,18.084],[-72.168,18.101],[-72.264,18.069],[-72.277,18.047],[-72.272,18.015],[-72.232,17.985],[-71.918,17.946],[-71.731,17.985],[-71.569,17.993],[-71.545,18.02],[-71.542,18.054],[-71.581,18.108]]]}},{"type":"Feature","properties":{"density":1},"geometry":{"type":"Polygon","coordinates":[[[-78.308,22.06],[-78.387,22.086],[-78.433,22.06],[-78.438,21.994],[-78.395,21.896],[-78.174,21.742],[-78.061,21.626],[-77.979,21.613],[-77.93,21.634],[-77.925,21.677],[-78.099,21.801],[-78.308,22.06]]]}},{"type":"Feature","properties":{"density":1},"geometry":{"type":"Polygon","coordinates":[[[-83.053,22.594],[-83.131,22.602],[-83.222,22.567],[-83.408,22.594],[-83.516,22.592],[-83.561,22.574],[-83.582,22.527],[-83.517,22.496],[-83.472,22.449],[-83.421,22.435],[-83.212,22.486],[-83.061,22.497],[-83.03,22.547],[-83.053,22.594]]]}},{"type":"Feature","properties":{"density":1},"geometry":{"type":"Polygon","coordinates":[[[-87.061,35.549],[-87.133,35.535],[-87.198,35.495],[-87.338,35.319],[-87.351,35.256],[-87.342,35.234],[-87.304,35.229],[-87.144,35.391],[-87.016,35.432],[-86.998,35.486],[-87.061,35.549]]]}},{"type":"Feature","properties":{"density":1},"geometry":{"type":"Polygon","coordinates":[[[-90.523,34.859],[-90.615,34.866],[-90.651,34.846],[-90.759,34.709],[-90.784,34.641],[-90.777,34.619],[-90.737,34.607],[-90.613,34.718],[-90.482,34.756],[-90.469,34.772],[-90.476,34.805],[-90.523,34.859]]]}},{"type":"Feature","properties":{"density":1},"geometry":{"type":"Polygon","coordinates":[[[-91.538,32.207],[-91.588,32.227],[-91.599,32.169],[-91.55,32.017],[-91.526,31.999],[-91.509,32.04],[-91.538,32.207]]]}},{"type":"Feature","properties":{"density":1},"geometry":{"type":"Polygon","coordinates":[[[-91.64,31.847],[-91.772,31.987],[-91.796,31.996],[-91.819,31.92],[-91.772,31.821],[-91.752,31.788],[-91.655,31.715],[-91.608,31.733],[-91.602,31.768],[-91.64,31.847]]]}},{"type":"Feature","properties":{"density":1},"geometry":{"type":"Polygon","coordinates":[[[-97.79,35.568],[-98.045,35.497],[-98.227,35.415],[-98.47,35.234],[-98.557,35.128],[-98.666,34.947],[-98.695,34.748],[-98.663,34.663],[-98.584,34.651],[-98.516,34.698],[-98.294,35.035],[-98.148,35.158],[-97.937,35.266],[-97.723,35.313],[-97.691,35.336],[-97.664,35.412],[-97.673,35.483],[-97.752,35.559],[-97.79,35.568]]]}},{"type":"Feature","properties":{"density":1},"geometry":{"type":"Polygon","coordinates":[[[-113.283,45.6],[-113.348,45.579],[-113.342,45.544],[-113.256,45.532],[-113.203,45.481],[-113.145,45.471],[-112.828,45.563],[-112.493,45.563],[-112.417,45.596],[-112.419,45.616],[-112.467,45.657],[-112.639,45.696],[-112.877,45.673],[-113.07,45.606],[-113.283,45.6]]]}},{"type":"Feature","properties":{"density":1},"geometry":{"type":"Polygon","coordinates":[[[-105.708,36.025],[-105.761,36.045],[-105.912,36.058],[-106.038,35.999],[-106.077,35.939],[-106.15,35.748],[-106.156,35.696],[-106.136,35.636],[-106.09,35.571],[-106.024,35.531],[-105.873,35.492],[-105.8,35.505],[-105.583,35.643],[-105.55,35.709],[-105.544,35.768],[-105.563,35.834],[-105.623,35.959],[-105.708,36.025]]]}},{"type":"Feature","properties":{"density":1},"geometry":{"type":"Polygon","coordinates":[[[-114.728,33.257],[-114.773,33.247],[-114.785,33.167],[-114.695,32.993],[-114.666,32.792],[-114.65,32.778],[-114.625,32.792],[-114.619,32.819],[-114.635,33.034],[-114.668,33.147],[-114.728,33.257]]]}},{"type":"Feature","properties":{"density":1},"geometry":{"type":"Polygon","coordinates":[[[-111.974,39.084],[-112.161,39.014],[-112.184,38.997],[-112.196,38.956],[-112.102,38.926],[-111.979,38.97],[-111.894,39.026],[-111.889,39.058],[-111.903,39.07],[-111.974,39.084]]]}},{"type":"Feature","properties":{"density":1},"geometry":{"type":"Polygon","coordinates":[[[-112.541,38.833],[-112.591,38.798],[-112.594,38.742],[-112.553,38.683],[-112.468,38.657],[-112.31,38.669],[-112.094,38.71],[-111.807,38.701],[-111.707,38.736],[-111.678,38.795],[-111.681,38.827],[-111.76,38.877],[-111.88,38.915],[-112.003,38.926],[-112.155,38.929],[-112.307,38.909],[-112.541,38.833]]]}},{"type":"Feature","properties":{"density":1},"geometry":{"type":"Polygon","coordinates":[[[-111.542,41.092],[-111.627,41.069],[-111.662,41.031],[-111.671,40.995],[-111.659,40.957],[-111.621,40.925],[-111.527,40.905],[-111.378,40.94],[-111.29,40.99],[-111.193,41.077],[-110.977,41.177],[-110.933,41.238],[-110.939,41.291],[-110.98,41.332],[-111.032,41.35],[-111.135,41.341],[-111.255,41.279],[-111.413,41.148],[-111.542,41.092]]]}},{"type":"Feature","properties":{"density":1},"geometry":{"type":"Polygon","coordinates":[[[-116.823,43.007],[-116.907,43.013],[-116.94,42.97],[-116.94,42.866],[-116.913,42.778],[-116.892,42.753],[-116.845,42.741],[-116.697,42.776],[-116.667,42.821],[-116.673,42.853],[-116.757,42.958],[-116.823,43.007]]]}},{"type":"Feature","properties":{"density":1},"geometry":{"type":"Polygon","coordinates":[[[-116.525,42.827],[-116.587,42.856],[-116.65,42.833],[-116.704,42.753],[-116.819,42.683],[-116.841,42.644],[-116.829,42.605],[-116.775,42.564],[-116.659,42.577],[-116.587,42.556],[-116.54,42.571],[-116.497,42.61],[-116.472,42.677],[-116.488,42.774],[-116.525,42.827]]]}},{"type":"Feature","properties":{"density":1},"geometry":{"type":"Polygon","coordinates":[[[-116.853,42.708],[-116.913,42.71],[-116.95,42.653],[-116.935,42.419],[-116.89,42.374],[-116.864,42.368],[-116.737,42.357],[-116.702,42.37],[-116.657,42.421],[-116.654,42.495],[-116.806,42.681],[-116.853,42.708]]]}},{"type":"Feature","properties":{"density":1},"geometry":{"type":"Polygon","coordinates":[[[-116.788,44.542],[-116.969,44.568],[-117.016,44.53],[-117.016,44.492],[-116.788,44.46],[-116.755,44.477],[-116.788,44.542]]]}},{"type":"Feature","properties":{"density":1},"geometry":{"type":"Polygon","coordinates":[[[-115.054,46.133],[-115.168,46.298],[-115.203,46.296],[-115.203,46.203],[-115.168,46.082],[-115.146,46.056],[-115.086,46.033],[-115.053,46.051],[-115.039,46.099],[-115.054,46.133]]]}},{"type":"Feature","properties":{"density":1},"geometry":{"type":"Polygon","coordinates":[[[-115.064,46.324],[-115.111,46.345],[-115.131,46.316],[-115.099,46.263],[-115.045,46.236],[-115.031,46.269],[-115.064,46.324]]]}},{"type":"Feature","properties":{"density":1},"geometry":{"type":"Polygon","coordinates":[[[-115.101,46.968],[-115.166,46.968],[-115.209,46.927],[-115.256,46.806],[-115.236,46.761],[-115.179,46.753],[-115.039,46.861],[-115.039,46.892],[-115.101,46.968]]]}},{"type":"Feature","properties":{"density":1},"geometry":{"type":"Polygon","coordinates":[[[-116.466,48.977],[-116.541,48.983],[-116.613,48.917],[-116.618,48.895],[-116.602,48.876],[-116.545,48.895],[-116.429,48.887],[-116.41,48.898],[-116.42,48.939],[-116.466,48.977]]]}},{"type":"Feature","properties":{"density":1},"geometry":{"type":"Polygon","coordinates":[[[-121.745,36.274],[-121.764,36.247],[-121.749,36.221],[-121.639,36.195],[-121.525,36.12],[-121.448,36.109],[-121.415,36.129],[-121.407,36.168],[-121.424,36.204],[-121.519,36.287],[-121.626,36.303],[-121.745,36.274]]]}},{"type":"Feature","properties":{"density":1},"geometry":{"type":"Polygon","coordinates":[[[-123.513,41.23],[-123.605,41.272],[-123.734,41.371],[-123.806,41.385],[-123.861,41.344],[-123.883,41.223],[-123.877,40.983],[-123.795,40.782],[-123.753,40.718],[-123.649,40.63],[-123.539,40.586],[-123.31,40.561],[-123.067,40.487],[-122.902,40.476],[-122.761,40.498],[-122.588,40.671],[-122.563,40.718],[-122.574,40.848],[-122.61,40.908],[-122.698,40.964],[-122.888,40.983],[-123.15,40.914],[-123.222,40.919],[-123.34,40.969],[-123.376,41.002],[-123.428,41.195],[-123.513,41.23]]]}},{"type":"Feature","properties":{"density":1},"geometry":{"type":"Polygon","coordinates":[[[-121.981,45.932],[-122.101,45.953],[-122.142,45.932],[-122.15,45.895],[-122.121,45.849],[-122.006,45.808],[-121.708,45.783],[-121.584,45.783],[-121.567,45.8],[-121.592,45.833],[-121.646,45.858],[-121.981,45.932]]]}},{"type":"Feature","properties":{"density":1},"geometry":{"type":"Polygon","coordinates":[[[-121.903,45.063],[-122.004,45.076],[-122.024,45.066],[-122.026,45.046],[-121.968,44.995],[-121.784,44.899],[-121.649,44.869],[-121.629,44.893],[-121.635,44.921],[-121.729,45.004],[-121.903,45.063]]]}},{"type":"Feature","properties":{"density":1},"geometry":{"type":"Polygon","coordinates":[[[-118.002,46.116],[-118.042,46.071],[-118.048,45.993],[-118.015,45.949],[-117.963,45.944],[-117.894,45.955],[-117.794,46.015],[-117.719,46.032],[-117.477,46.012],[-117.398,46.037],[-117.326,46.085],[-117.304,46.127],[-117.32,46.175],[-117.37,46.232],[-117.534,46.274],[-117.671,46.262],[-118.002,46.116]]]}},{"type":"Feature","properties":{"density":1},"geometry":{"type":"Polygon","coordinates":[[[-87.315,20.56],[-87.447,20.596],[-87.522,20.59],[-87.574,20.565],[-87.717,20.477],[-87.806,20.392],[-87.875,20.303],[-87.88,20.268],[-87.841,20.243],[-87.764,20.262],[-87.486,20.447],[-87.329,20.48],[-87.301,20.507],[-87.299,20.54],[-87.315,20.56]]]}},{"type":"Feature","properties":{"density":1},"geometry":{"type":"Polygon","coordinates":[[[-87.047,21.562],[-87.292,21.577],[-87.352,21.544],[-87.367,21.478],[-87.319,21.43],[-87.257,21.423],[-87.117,21.485],[-87.02,21.507],[-87.016,21.533],[-87.047,21.562]]]}},{"type":"Feature","properties":{"density":1},"geometry":{"type":"Polygon","coordinates":[[[-71.614,18.14],[-71.733,18.237],[-71.851,18.289],[-72.031,18.324],[-72.194,18.329],[-72.409,18.294],[-72.699,18.166],[-72.989,18.074],[-73.257,18.039],[-73.836,18.004],[-73.946,17.982],[-74.087,17.925],[-74.275,17.784],[-74.456,17.692],[-74.508,17.644],[-74.543,17.573],[-74.543,17.49],[-74.482,17.424],[-74.403,17.385],[-74.192,17.319],[-73.924,17.314],[-73.419,17.38],[-73.134,17.468],[-72.818,17.657],[-72.633,17.745],[-72.251,17.815],[-71.808,17.96],[-71.584,17.961],[-71.566,17.986],[-71.562,18.052],[-71.614,18.14]]]}},{"type":"Feature","properties":{"density":1},"geometry":{"type":"Polygon","coordinates":[[[-76.372,20.915],[-76.556,21.02],[-76.727,21.047],[-76.806,20.998],[-76.828,20.963],[-76.841,20.836],[-76.934,20.731],[-76.973,20.709],[-77.245,20.673],[-77.887,20.946],[-78.124,20.998],[-78.225,20.994],[-78.291,20.968],[-78.409,20.862],[-78.471,20.695],[-78.457,20.594],[-78.326,20.471],[-78.238,20.441],[-77.93,20.428],[-77.588,20.217],[-77.456,20.173],[-77.245,20.164],[-76.92,20.239],[-76.569,20.221],[-76.249,20.349],[-76.148,20.445],[-76.134,20.546],[-76.191,20.678],[-76.253,20.779],[-76.372,20.915]]]}},{"type":"Feature","properties":{"density":1},"geometry":{"type":"Polygon","coordinates":[[[-78.343,22.048],[-78.438,22.067],[-78.54,22.126],[-78.577,22.1],[-78.575,22.071],[-78.477,21.999],[-78.394,21.989],[-78.343,22.001],[-78.327,22.02],[-78.343,22.048]]]}},{"type":"Feature","properties":{"density":1},"geometry":{"type":"Polygon","coordinates":[[[-83.741,30.72],[-83.823,30.772],[-83.864,30.77],[-83.897,30.747],[-83.913,30.702],[-83.915,30.595],[-83.981,30.472],[-83.979,30.419],[-83.952,30.396],[-83.864,30.401],[-83.733,30.472],[-83.708,30.526],[-83.704,30.604],[-83.741,30.72]]]}},{"type":"Feature","properties":{"density":1},"geometry":{"type":"Polygon","coordinates":[[[-94.479,30.709],[-94.555,30.738],[-94.754,30.732],[-94.857,30.677],[-94.91,30.627],[-94.948,30.466],[-94.948,30.387],[-94.915,30.279],[-94.86,30.185],[-94.737,30.076],[-94.216,29.913],[-94.017,29.763],[-93.911,29.722],[-93.844,29.725],[-93.829,29.749],[-93.832,29.828],[-93.891,29.983],[-94.157,30.369],[-94.38,30.621],[-94.479,30.709]]]}},{"type":"Feature","properties":{"density":1},"geometry":{"type":"Polygon","coordinates":[[[-91.875,33.421],[-92.191,33.411],[-92.378,33.381],[-92.863,33.243],[-93.367,33.035],[-93.505,32.927],[-93.574,32.847],[-93.673,32.689],[-93.762,32.432],[-93.831,32.363],[-93.92,32.314],[-94.009,32.235],[-94.068,32.136],[-94.187,31.642],[-94.216,31.454],[-94.236,30.98],[-94.226,30.723],[-94.157,30.496],[-93.989,30.219],[-93.92,30.071],[-93.762,29.824],[-93.702,29.755],[-93.604,29.715],[-93.535,29.745],[-93.485,29.804],[-93.475,29.903],[-93.495,29.982],[-93.614,30.209],[-93.643,30.367],[-93.623,30.605],[-93.544,30.921],[-93.317,31.435],[-93.208,31.642],[-92.803,31.988],[-91.973,32.472],[-91.796,32.61],[-91.667,32.749],[-91.618,32.847],[-91.578,32.956],[-91.578,33.174],[-91.677,33.312],[-91.875,33.421]]]}},{"type":"Feature","properties":{"density":1},"geometry":{"type":"Polygon","coordinates":[[[-91.764,32.044],[-91.828,32.079],[-91.843,32.067],[-91.846,32.009],[-91.793,31.915],[-91.705,31.824],[-91.65,31.725],[-91.624,31.757],[-91.632,31.83],[-91.72,32.009],[-91.764,32.044]]]}},{"type":"Feature","properties":{"density":1},"geometry":{"type":"Polygon","coordinates":[[[-91.536,32.36],[-91.583,32.401],[-91.612,32.401],[-91.659,32.363],[-91.662,32.319],[-91.647,32.231],[-91.591,32.12],[-91.58,32.056],[-91.562,32.018],[-91.53,32.009],[-91.509,32.026],[-91.501,32.064],[-91.501,32.152],[-91.512,32.296],[-91.536,32.36]]]}},{"type":"Feature","properties":{"density":1},"geometry":{"type":"Polygon","coordinates":[[[-90.736,32.91],[-90.845,32.957],[-90.941,32.963],[-90.985,32.951],[-91.053,32.884],[-91.111,32.787],[-91.202,32.7],[-91.243,32.612],[-91.252,32.533],[-91.234,32.439],[-91.24,32.29],[-91.225,32.258],[-91.161,32.252],[-91.091,32.281],[-90.994,32.395],[-90.927,32.547],[-90.877,32.588],[-90.698,32.679],[-90.657,32.717],[-90.634,32.758],[-90.634,32.814],[-90.663,32.864],[-90.736,32.91]]]}},{"type":"Feature","properties":{"density":1},"geometry":{"type":"Polygon","coordinates":[[[-90.069,35.395],[-90.236,35.434],[-90.346,35.438],[-90.473,35.399],[-90.552,35.32],[-90.635,35.118],[-90.75,34.995],[-90.824,34.885],[-90.842,34.828],[-90.842,34.705],[-90.829,34.639],[-90.794,34.586],[-90.728,34.573],[-90.618,34.635],[-90.368,34.929],[-90.236,35.039],[-90.148,35.07],[-90.029,35.078],[-89.959,35.113],[-89.95,35.219],[-89.99,35.315],[-90.069,35.395]]]}},{"type":"Feature","properties":{"density":1},"geometry":{"type":"Polygon","coordinates":[[[-98.167,31.37],[-98.243,31.431],[-98.296,31.437],[-98.316,31.405],[-98.222,31.141],[-98.067,30.822],[-98.035,30.79],[-97.994,30.784],[-97.956,30.843],[-97.962,30.998],[-98.167,31.37]]]}},{"type":"Feature","properties":{"density":1},"geometry":{"type":"Polygon","coordinates":[[[-102.493,36.19],[-102.664,36.116],[-102.778,35.98],[-103.011,35.523],[-103.028,35.387],[-103.006,35.369],[-102.958,35.374],[-102.848,35.519],[-102.651,35.896],[-102.581,35.971],[-102.361,36.12],[-102.343,36.173],[-102.4,36.199],[-102.493,36.19]]]}},{"type":"Feature","properties":{"density":1},"geometry":{"type":"Polygon","coordinates":[[[-97.532,36.683],[-97.776,36.598],[-98.092,36.374],[-98.316,36.143],[-98.54,35.807],[-98.665,35.511],[-98.718,35.214],[-98.691,34.72],[-98.658,34.655],[-98.619,34.622],[-98.52,34.628],[-98.481,34.655],[-98.441,34.734],[-98.243,35.445],[-98.171,35.61],[-98.125,35.662],[-98.046,35.728],[-97.921,35.794],[-97.539,35.926],[-97.334,36.018],[-97.222,36.084],[-97.13,36.176],[-97.012,36.433],[-97.012,36.492],[-97.045,36.558],[-97.091,36.611],[-97.242,36.683],[-97.328,36.703],[-97.532,36.683]]]}},{"type":"Feature","properties":{"density":1},"geometry":{"type":"Polygon","coordinates":[[[-96.81,37.704],[-96.876,37.735],[-96.946,37.735],[-96.998,37.713],[-97.069,37.647],[-97.42,37.019],[-97.46,36.87],[-97.455,36.782],[-97.416,36.76],[-97.363,36.76],[-97.31,36.791],[-97.187,36.918],[-96.972,37.213],[-96.862,37.327],[-96.766,37.485],[-96.757,37.529],[-96.757,37.577],[-96.81,37.704]]]}},{"type":"Feature","properties":{"density":1},"geometry":{"type":"Polygon","coordinates":[[[-96.889,36.501],[-96.906,36.448],[-96.897,36.387],[-96.836,36.4],[-96.783,36.453],[-96.59,36.703],[-96.397,37.296],[-96.335,37.437],[-96.094,37.836],[-96.041,37.972],[-96.037,38.091],[-96.081,38.187],[-96.129,38.231],[-96.164,38.223],[-96.212,38.17],[-96.52,37.634],[-96.608,37.45],[-96.643,37.362],[-96.818,36.655],[-96.889,36.501]]]}},{"type":"Feature","properties":{"density":1},"geometry":{"type":"Polygon","coordinates":[[[-113.386,45.69],[-113.465,45.565],[-113.471,45.46],[-113.419,45.348],[-113.326,45.262],[-113.188,45.203],[-112.813,45.137],[-112.378,45.144],[-111.95,45.196],[-110.975,45.48],[-110.79,45.519],[-110.356,45.723],[-110.138,45.783],[-109.842,45.832],[-109.605,45.852],[-108.706,45.891],[-108.607,45.931],[-108.518,46.089],[-108.567,46.227],[-108.765,46.366],[-109.032,46.455],[-109.417,46.534],[-109.862,46.583],[-110.583,46.603],[-110.899,46.583],[-111.284,46.543],[-111.63,46.445],[-111.956,46.326],[-112.688,46.02],[-113.162,45.862],[-113.386,45.69]]]}},{"type":"Feature","properties":{"density":1},"geometry":{"type":"Polygon","coordinates":[[[-112.192,46.704],[-112.344,46.73],[-112.667,46.822],[-112.904,46.835],[-113.18,46.816],[-113.312,46.756],[-113.734,46.493],[-113.892,46.374],[-113.951,46.295],[-113.984,46.197],[-113.978,46.111],[-113.925,46.078],[-113.833,46.085],[-113.754,46.019],[-113.668,45.979],[-113.589,45.966],[-113.483,45.973],[-112.746,46.17],[-112.502,46.295],[-112.041,46.42],[-111.949,46.467],[-111.922,46.519],[-111.922,46.579],[-112.021,46.638],[-112.192,46.704]]]}},{"type":"Feature","properties":{"density":1},"geometry":{"type":"Polygon","coordinates":[[[-114.317,33.981],[-114.444,33.981],[-114.567,33.933],[-114.673,33.841],[-114.743,33.696],[-114.774,33.525],[-114.752,33.2],[-114.774,32.897],[-114.769,32.826],[-114.739,32.778],[-114.699,32.761],[-114.598,32.756],[-114.563,32.774],[-114.479,32.993],[-114.462,33.151],[-114.37,33.38],[-114.277,33.476],[-114.119,33.591],[-114.111,33.613],[-114.111,33.692],[-114.225,33.907],[-114.317,33.981]]]}},{"type":"Feature","properties":{"density":1},"geometry":{"type":"Polygon","coordinates":[[[-117.471,33.474],[-117.502,33.464],[-117.51,33.437],[-117.461,33.371],[-117.348,33.298],[-117.256,33.273],[-117.151,33.291],[-117.096,33.33],[-117.065,33.388],[-117.067,33.466],[-117.114,33.503],[-117.332,33.46],[-117.471,33.474]]]}},{"type":"Feature","properties":{"density":1},"geometry":{"type":"Polygon","coordinates":[[[-120.193,35.877],[-120.234,35.883],[-120.234,35.851],[-120.216,35.76],[-120.184,35.74],[-120.166,35.745],[-120.152,35.83],[-120.157,35.868],[-120.193,35.877]]]}},{"type":"Feature","properties":{"density":1},"geometry":{"type":"Polygon","coordinates":[[[-121.562,36.307],[-121.654,36.347],[-121.777,36.36],[-121.821,36.325],[-121.838,36.272],[-121.794,36.153],[-121.702,36.026],[-121.426,35.899],[-121.333,35.824],[-121.272,35.833],[-121.241,35.912],[-121.25,35.986],[-121.32,36.153],[-121.347,36.193],[-121.434,36.263],[-121.562,36.307]]]}},{"type":"Feature","properties":{"density":1},"geometry":{"type":"Polygon","coordinates":[[[-123.408,41.427],[-123.546,41.46],[-123.638,41.46],[-123.724,41.433],[-123.809,41.374],[-123.869,41.295],[-123.888,40.808],[-123.855,40.689],[-123.704,40.498],[-123.599,40.425],[-123.348,40.34],[-123.118,40.208],[-123.012,40.017],[-122.927,39.589],[-122.881,39.464],[-122.795,39.378],[-122.663,39.339],[-122.538,39.358],[-122.426,39.418],[-122.36,39.477],[-122.308,39.569],[-122.189,39.879],[-122.156,40.109],[-122.057,40.511],[-121.998,40.656],[-121.919,40.794],[-121.781,40.979],[-121.728,41.038],[-121.57,41.13],[-121.214,41.222],[-121.03,41.295],[-120.937,41.354],[-120.865,41.427],[-120.786,41.591],[-120.799,41.684],[-120.858,41.763],[-120.931,41.815],[-121.102,41.888],[-121.445,41.921],[-121.682,41.875],[-121.886,41.802],[-122.13,41.743],[-122.327,41.651],[-122.67,41.446],[-122.815,41.394],[-122.92,41.374],[-123.091,41.374],[-123.408,41.427]]]}},{"type":"Feature","properties":{"density":1},"geometry":{"type":"Polygon","coordinates":[[[-122.108,45.92],[-122.157,45.894],[-122.157,45.867],[-122.131,45.847],[-121.882,45.747],[-121.616,45.545],[-121.519,45.522],[-121.478,45.545],[-121.475,45.592],[-121.499,45.645],[-121.701,45.803],[-121.903,45.891],[-122.052,45.923],[-122.108,45.92]]]}},{"type":"Feature","properties":{"density":1},"geometry":{"type":"Polygon","coordinates":[[[-78.664,50.409],[-78.71,50.396],[-78.796,50.33],[-78.849,50.244],[-78.862,50.145],[-78.822,50.066],[-78.717,50.02],[-78.579,49.987],[-78.427,49.981],[-77.643,49.987],[-76.925,50.04],[-76.477,50.047],[-76.207,50.02],[-75.647,49.908],[-75.298,49.895],[-75.213,49.921],[-74.982,50.099],[-74.89,50.264],[-74.89,50.33],[-74.929,50.402],[-75.054,50.528],[-75.14,50.574],[-75.608,50.719],[-76.043,50.784],[-76.484,50.791],[-77.149,50.719],[-77.696,50.633],[-78.388,50.488],[-78.664,50.409]]]}},{"type":"Feature","properties":{"density":1},"geometry":{"type":"Polygon","coordinates":[[[-87.039,21.551],[-87.106,21.557],[-87.225,21.522],[-87.303,21.518],[-87.693,21.538],[-87.732,21.52],[-87.748,21.489],[-87.711,21.405],[-87.678,21.372],[-87.607,21.348],[-87.492,21.344],[-87.235,21.391],[-87.082,21.467],[-87.024,21.479],[-87.01,21.506],[-87.039,21.551]]]}},{"type":"Feature","properties":{"density":1},"geometry":{"type":"Polygon","coordinates":[[[-88.495,17.659],[-88.688,17.708],[-88.986,17.828],[-89.074,17.837],[-89.127,17.808],[-89.136,17.782],[-89.112,17.746],[-89.013,17.682],[-88.705,17.58],[-88.521,17.568],[-88.424,17.597],[-88.418,17.638],[-88.495,17.659]]]}},{"type":"Feature","properties":{"density":1},"geometry":{"type":"Polygon","coordinates":[[[-94.794,14.029],[-94.335,13.94],[-93.92,13.718],[-92.586,12.917],[-92.126,12.74],[-91.652,12.621],[-91.119,12.547],[-90.778,12.532],[-90.318,12.591],[-89.785,12.71],[-89.37,12.873],[-88.925,13.214],[-88.629,13.644],[-88.525,13.999],[-88.614,14.696],[-88.718,15.259],[-89.688,16.793],[-89.844,17.104],[-90.222,17.549],[-90.956,18.327],[-91.934,19.505],[-92.334,20.15],[-92.46,20.471],[-92.482,21.04],[-92.073,23.068],[-92.039,23.61],[-92.18,24.195],[-92.317,24.503],[-92.503,24.708],[-92.779,24.908],[-93.201,25.063],[-94.112,25.352],[-94.668,25.508],[-95.224,25.73],[-95.646,25.975],[-95.958,26.219],[-96.247,26.597],[-96.469,27.02],[-96.513,27.42],[-96.447,27.753],[-96.247,28.087],[-96.024,28.398],[-95.691,28.687],[-95.446,28.82],[-95.068,28.954],[-94.668,29.065],[-93.912,29.243],[-93.445,29.309],[-91.934,29.309],[-91.036,29.235],[-90.616,29.063],[-90.49,29.054],[-90.09,28.876],[-89.675,28.728],[-89.171,28.58],[-88.489,28.461],[-87.793,28.372],[-87.23,28.328],[-86.696,28.328],[-86.103,28.358],[-85.54,28.417],[-85.051,28.506],[-84.592,28.61],[-84.117,28.832],[-83.628,29.084],[-80.934,31.259],[-80.201,31.892],[-79.767,32.193],[-79.4,32.393],[-78.934,32.559],[-78.433,32.693],[-77.033,32.826],[-76.266,32.826],[-75.466,32.893],[-74.732,33.093],[-74.065,33.326],[-73.565,33.56],[-73.098,33.827],[-72.564,34.16],[-72.031,34.527],[-71.297,34.994],[-70.73,35.294],[-69.997,35.561],[-69.33,35.694],[-67.696,36.094],[-65.861,36.428],[-64.894,36.561],[-63.227,36.761],[-59.859,37.561],[-59.425,37.628],[-58.759,37.661],[-58.158,37.495],[-57.458,37.195],[-55.624,36.561],[-54.59,36.294],[-53.656,36.094],[-52.823,35.994],[-51.989,35.927],[-50.955,35.894],[-50.155,35.961],[-49.455,36.094],[-48.788,36.261],[-48.187,36.494],[-47.054,36.995],[-46.487,37.328],[-45.953,37.695],[-45.553,38.195],[-45.253,38.762],[-45.053,39.329],[-44.953,39.862],[-44.919,40.429],[-45.086,40.963],[-45.453,41.563],[-45.853,41.93],[-46.287,42.23],[-46.787,42.397],[-47.354,42.363],[-47.921,42.097],[-48.554,41.73],[-49.188,41.33],[-50.188,40.796],[-51.155,40.529],[-52.322,40.496],[-53.19,40.629],[-54.023,40.93],[-54.957,41.33],[-55.957,41.663],[-57.858,41.73],[-58.825,41.797],[-59.826,41.93],[-60.726,42.197],[-61.693,42.697],[-62.227,43.23],[-62.693,44.364],[-63.802,46.671],[-63.858,47.449],[-63.524,48.838],[-62.969,50.172],[-62.413,51.062],[-61.857,51.729],[-61.135,52.34],[-60.245,52.951],[-59.189,53.507],[-56.466,55.767],[-55.632,56.323],[-53.854,56.934],[-52.02,57.212],[-50.297,57.268],[-46.462,57.046],[-44.405,56.823],[-40.237,56.712],[-38.236,56.879],[-36.291,57.323],[-35.179,58.102],[-34.234,59.213],[-33.456,60.547],[-32.789,62.048],[-32.845,63.437],[-33.734,64.549],[-34.79,65.16],[-35.902,65.66],[-37.347,65.994],[-38.625,66.16],[-40.292,66.327],[-42.182,66.272],[-44.016,66.327],[-47.851,66.55],[-52.075,66.994],[-54.132,67.439],[-55.521,67.772],[-56.799,68.272],[-57.8,68.773],[-59.333,69.2],[-65.336,70.633],[-65.803,70.829],[-66.859,71.329],[-68.026,71.663],[-69.082,71.885],[-70.416,72.219],[-72.084,72.441],[-73.751,72.608],[-75.696,72.83],[-77.864,72.997],[-81.254,73.052],[-81.977,72.997],[-83.7,72.83],[-85.2,72.719],[-87.368,72.719],[-89.424,72.552],[-94.426,72.107],[-96.372,72.107],[-99.54,72.163],[-101.262,72.219],[-102.874,72.33],[-106.598,72.441],[-108.654,72.552],[-110.544,72.608],[-112.934,72.663],[-117.158,72.663],[-119.832,72.237],[-120.672,71.891],[-121.067,71.62],[-121.413,71.348],[-121.981,70.557],[-122.129,70.137],[-122.253,69.643],[-122.588,68.842],[-123.932,67.581],[-124.081,67.47],[-125.044,66.358],[-125.674,65.543],[-125.933,65.135],[-126.267,64.654],[-126.563,64.024],[-127.008,62.653],[-127.119,61.949],[-126.823,59.54],[-126.886,59.134],[-127.378,58.095],[-127.823,57.317],[-128.008,56.873],[-128.156,56.428],[-128.305,55.872],[-128.49,54.612],[-128.379,54.242],[-128.156,53.686],[-127.823,53.093],[-127.119,52.315],[-126.86,52.056],[-126.304,51.574],[-126.082,51.315],[-125.859,51.092],[-125.674,50.796],[-125.452,50.537],[-125.229,50.166],[-124.896,49.759],[-124.711,49.388],[-123.879,48.038],[-123.755,47.667],[-123.706,47.247],[-123.681,46.753],[-123.706,46.259],[-123.755,45.765],[-123.978,44.184],[-124.002,43.665],[-124.002,41.813],[-124.052,41.442],[-123.792,40.237],[-123.681,39.911],[-123.07,38.792],[-122.75,38.721],[-122.268,37.351],[-122.008,36.721],[-121.564,35.164],[-121.304,34.497],[-121.045,33.905],[-120.378,32.608],[-119.934,32.052],[-119.452,31.57],[-118.933,31.274],[-118.377,31.052],[-117.636,30.866],[-116.969,30.755],[-115.895,30.385],[-115.413,30.125],[-114.783,29.903],[-114.19,29.755],[-113.672,29.681],[-112.041,29.347],[-111.56,29.199],[-111.078,28.977],[-110.485,28.791],[-109.114,28.865],[-108.744,29.014],[-108.151,29.199],[-107.187,29.644],[-106.743,29.866],[-106.15,30.051],[-105.409,30.162],[-104.853,30.199],[-104.297,30.162],[-103.667,29.94],[-103.149,29.644],[-102.63,29.273],[-102.074,28.643],[-101.592,27.976],[-101.185,27.383],[-100.888,26.828],[-100.518,26.198],[-100.222,25.345],[-99.962,24.53],[-99.814,24.012],[-99.703,23.419],[-99.666,23.011],[-99.666,22.418],[-99.592,21.788],[-99.653,20.339],[-99.653,19.837],[-99.579,19.491],[-99.332,18.528],[-99.209,17.96],[-99.135,17.07],[-98.937,16.453],[-98.764,16.132],[-98.567,15.86],[-98.122,15.317],[-97.554,14.823],[-97.257,14.625],[-96.615,14.254],[-96.22,14.131],[-95.553,14.032],[-94.794,14.029]]]}},{"type":"Feature","properties":{"density":1},"geometry":{"type":"Polygon","coordinates":[[[-148.106,64.478],[-148.242,64.517],[-148.398,64.513],[-148.54,64.43],[-148.579,64.371],[-148.593,64.288],[-148.579,64.22],[-148.496,64.112],[-148.432,64.069],[-148.218,63.854],[-148.12,63.825],[-148.013,63.834],[-147.813,64.005],[-147.613,64.098],[-147.583,64.147],[-147.593,64.205],[-147.676,64.293],[-147.871,64.386],[-147.974,64.464],[-148.106,64.478]]]}},{"type":"Feature","properties":{"density":2},"geometry":{"type":"Polygon","coordinates":[[[-123.336,51.96],[-122.908,52.602],[-122.118,53.03],[-121.008,53.685],[-120.606,53.94],[-120.138,54.194],[-119.63,54.368],[-119.121,54.475],[-117.81,54.381],[-117.556,54.301],[-115.462,53.853],[-114.8,53.692],[-113.074,53.572],[-111.429,53.873],[-110.305,54.174],[-109.563,54.234],[-108.318,54.134],[-106.994,53.772],[-105.549,53.15],[-104.766,52.789],[-104.004,52.287],[-101.676,50.14],[-99.83,49.056],[-98.365,48.615],[-96.539,47.953],[-95.355,47.792],[-93.649,47.692],[-92.505,47.812],[-91.843,47.993],[-90.94,48.194],[-90.318,48.234],[-88.692,48.675],[-86.926,48.755],[-85.24,48.796],[-81.949,48.655],[-80.324,48.615],[-78.759,48.655],[-77.514,48.896],[-77.071,48.939],[-76.63,49.194],[-76.054,49.675],[-75.653,50.21],[-75.278,50.853],[-74.864,51.495],[-74.569,51.709],[-73.86,52.083],[-73.513,52.11],[-72.696,51.99],[-71.934,51.776],[-70.957,51.441],[-70.567,51.082],[-70.476,50.571],[-70.356,49.306],[-70.326,48.283],[-70.326,47.41],[-70.597,46.477],[-71.319,45.002],[-72.072,44.069],[-73.697,42.624],[-75.534,41.631],[-77.611,40.427],[-78.243,40.005],[-79.176,39.493],[-79.898,39.132],[-81.072,38.711],[-82.427,38.53],[-83.33,38.801],[-84.203,39.283],[-85.196,39.373],[-86.22,39.313],[-87.664,38.952],[-88.447,38.681],[-88.778,38.53],[-91.457,36.273],[-92.992,35.008],[-94.016,34.466],[-95.069,34.226],[-97.869,33.443],[-99.404,32.871],[-100.879,32.269],[-102.083,31.697],[-102.655,31.516],[-102.956,31.516],[-103.257,31.817],[-103.347,32.179],[-103.257,32.6],[-102.745,33.292],[-102.113,33.864],[-101.331,34.466],[-100.668,35.008],[-100.157,35.46],[-99.374,36.453],[-99.193,37.145],[-99.133,38.139],[-99.374,39.253],[-100.127,39.734],[-101.27,39.885],[-102.264,39.283],[-102.806,38.891],[-104.16,38.199],[-104.792,37.988],[-105.334,37.928],[-106.207,37.898],[-107.05,37.958],[-107.562,38.169],[-108.736,38.801],[-109.187,39.102],[-110.632,39.945],[-112.408,40.758],[-113.1,41.059],[-115.177,41.45],[-116.472,41.36],[-117.375,41.089],[-118.218,40.728],[-119.091,40.457],[-120.114,40.336],[-120.626,40.306],[-122.763,40.396],[-123.726,40.607],[-123.997,40.968],[-123.997,41.42],[-123.756,41.691],[-123.335,41.932],[-122.311,42.654],[-121.318,43.196],[-120.987,43.557],[-120.897,44.069],[-121.168,44.34],[-121.438,44.641],[-121.83,44.851],[-122.101,45.092],[-122.341,45.514],[-122.372,46.206],[-122.341,46.808],[-122.161,47.29],[-122.071,47.741],[-121.619,48.855],[-121.559,49.036],[-121.619,49.306],[-122.883,50.059],[-123.606,50.872],[-123.726,51.323],[-123.515,51.805],[-123.336,51.96]]]}},{"type":"Feature","properties":{"density":2},"geometry":{"type":"Polygon","coordinates":[[[-124.995,63.43],[-122.692,64.694],[-119.487,66.274],[-117.364,67.629],[-115.558,68.848],[-112.578,70.248],[-109.011,70.88],[-105.986,71.061],[-103.954,70.293],[-102.825,68.848],[-102.6,67.719],[-102.961,65.958],[-103.728,64.649],[-106.392,63.159],[-110.14,61.624],[-112.036,60.45],[-114.113,59.095],[-115.378,58.373],[-118.132,57.741],[-120.751,57.605],[-122.963,58.328],[-124.408,59.185],[-125.266,60.359],[-125.672,61.262],[-125.808,61.94],[-125.537,62.707],[-125.311,63.069],[-124.995,63.43]]]}},{"type":"Feature","properties":{"density":2},"geometry":{"type":"Polygon","coordinates":[[[-105.726,35.995],[-105.784,35.998],[-105.812,35.972],[-105.851,35.963],[-105.863,35.954],[-105.858,35.912],[-105.812,35.879],[-105.707,35.881],[-105.693,35.923],[-105.726,35.995]]]}},{"type":"Feature","properties":{"density":2},"geometry":{"type":"Polygon","coordinates":[[[-113.813,46.269],[-113.918,46.283],[-113.876,46.181],[-113.792,46.192],[-113.789,46.223],[-113.813,46.269]]]}},{"type":"Feature","properties":{"density":2},"geometry":{"type":"Polygon","coordinates":[[[-113.544,46.178],[-113.624,46.185],[-113.656,46.16],[-113.666,46.104],[-113.558,46.083],[-113.52,46.097],[-113.506,46.143],[-113.544,46.178]]]}},{"type":"Feature","properties":{"density":2},"geometry":{"type":"Polygon","coordinates":[[[-112.881,45.846],[-112.947,45.864],[-112.999,45.853],[-113.08,45.755],[-113.171,45.727],[-113.174,45.675],[-113.118,45.63],[-112.839,45.682],[-112.682,45.637],[-112.525,45.619],[-112.521,45.671],[-112.608,45.72],[-112.951,45.759],[-112.954,45.78],[-112.86,45.783],[-112.863,45.825],[-112.881,45.846]]]}},{"type":"Feature","properties":{"density":2},"geometry":{"type":"Polygon","coordinates":[[[-113.216,45.567],[-113.258,45.563],[-113.314,45.532],[-113.282,45.49],[-113.164,45.479],[-113.16,45.441],[-113.181,45.382],[-113.157,45.35],[-113.118,45.354],[-113.048,45.448],[-112.992,45.493],[-113.017,45.528],[-113.153,45.542],[-113.216,45.567]]]}},{"type":"Feature","properties":{"density":2},"geometry":{"type":"Polygon","coordinates":[[[-115.204,46.823],[-115.229,46.839],[-115.266,46.827],[-115.297,46.771],[-115.392,46.722],[-115.413,46.683],[-115.357,46.683],[-115.297,46.725],[-115.206,46.746],[-115.194,46.774],[-115.204,46.823]]]}},{"type":"Feature","properties":{"density":2},"geometry":{"type":"Polygon","coordinates":[[[-111.373,41.084],[-111.503,41.063],[-111.608,40.995],[-111.617,40.97],[-111.58,40.96],[-111.452,41.023],[-111.366,41.042],[-111.338,41.072],[-111.373,41.084]]]}},{"type":"Feature","properties":{"density":2},"geometry":{"type":"Polygon","coordinates":[[[-112.51,38.784],[-112.542,38.772],[-112.547,38.742],[-112.505,38.721],[-112.221,38.751],[-112.139,38.803],[-112.06,38.828],[-112.056,38.849],[-112.1,38.879],[-112.191,38.877],[-112.421,38.793],[-112.51,38.784]]]}},{"type":"Feature","properties":{"density":2},"geometry":{"type":"Polygon","coordinates":[[[-123.63,41.181],[-123.707,41.222],[-123.747,41.217],[-123.781,41.186],[-123.806,41.161],[-123.817,41.006],[-123.81,40.94],[-123.747,40.803],[-123.635,40.706],[-123.52,40.668],[-123.102,40.675],[-122.951,40.641],[-122.861,40.65],[-122.827,40.673],[-122.861,40.767],[-122.879,40.776],[-123.288,40.857],[-123.489,40.929],[-123.549,40.979],[-123.581,41.116],[-123.63,41.181]]]}},{"type":"Feature","properties":{"density":2},"geometry":{"type":"Polygon","coordinates":[[[-121.81,42.608],[-121.844,42.539],[-121.867,42.38],[-121.935,42.232],[-122.106,42.061],[-122.186,42.004],[-122.243,41.913],[-122.289,41.719],[-122.266,41.64],[-122.186,41.537],[-122.038,41.537],[-121.878,41.571],[-121.81,41.56],[-121.765,41.526],[-121.719,41.287],[-121.662,41.252],[-121.571,41.241],[-121.343,41.298],[-121.252,41.366],[-121.206,41.457],[-121.138,41.719],[-121.093,41.81],[-120.99,41.947],[-120.876,42.05],[-120.557,42.198],[-120.341,42.369],[-120.215,42.437],[-119.714,42.562],[-119.35,42.699],[-119.008,42.858],[-118.256,43.291],[-117.778,43.508],[-117.288,43.69],[-116.719,43.997],[-116.263,44.157],[-116.115,44.191],[-115.944,44.191],[-115.693,44.1],[-115.272,44.1],[-115.067,43.986],[-114.862,43.736],[-114.748,43.633],[-114.418,43.485],[-114.144,43.417],[-113.985,43.394],[-113.734,43.405],[-113.301,43.576],[-112.857,43.792],[-111.764,44.009],[-110.966,43.975],[-110.522,43.918],[-109.987,43.872],[-109.861,43.906],[-109.736,43.986],[-109.69,44.111],[-109.713,44.237],[-109.793,44.385],[-109.873,44.476],[-109.998,44.556],[-110.157,44.647],[-110.34,44.726],[-110.921,44.886],[-111.194,44.909],[-111.672,44.909],[-112.572,44.875],[-113.028,44.92],[-113.472,44.988],[-113.666,45.0],[-113.78,44.977],[-114.258,44.943],[-114.486,44.977],[-114.919,45.08],[-115.579,45.182],[-115.898,45.171],[-116.115,45.125],[-116.479,45.091],[-117.083,44.932],[-117.425,44.795],[-117.983,44.487],[-118.12,44.396],[-119.19,43.861],[-119.646,43.69],[-120.01,43.587],[-120.398,43.508],[-120.899,43.291],[-121.104,43.2],[-121.446,43.007],[-121.651,42.836],[-121.81,42.608]]]}},{"type":"Feature","properties":{"density":2},"geometry":{"type":"Polygon","coordinates":[[[-120.538,44.536],[-120.565,44.536],[-120.612,44.505],[-120.642,44.411],[-120.629,44.36],[-120.561,44.259],[-120.514,44.073],[-120.447,43.989],[-120.399,43.962],[-120.349,43.949],[-120.301,43.965],[-120.251,44.03],[-120.247,44.077],[-120.382,44.262],[-120.369,44.323],[-120.308,44.408],[-120.308,44.448],[-120.325,44.482],[-120.372,44.516],[-120.447,44.539],[-120.538,44.536]]]}},{"type":"Feature","properties":{"density":2},"geometry":{"type":"Polygon","coordinates":[[[-121.556,45.565],[-121.621,45.59],[-121.682,45.57],[-121.748,45.368],[-121.743,45.327],[-121.637,45.155],[-121.429,44.968],[-121.358,44.851],[-121.287,44.669],[-121.242,44.624],[-121.14,44.583],[-120.999,44.573],[-120.872,44.598],[-120.69,44.664],[-120.487,44.674],[-120.26,44.613],[-120.133,44.603],[-120.006,44.639],[-119.855,44.745],[-119.693,44.76],[-119.267,44.897],[-118.827,45.201],[-118.705,45.317],[-118.508,45.418],[-118.422,45.56],[-118.412,45.722],[-118.442,45.849],[-118.483,45.914],[-118.528,45.97],[-118.624,46.046],[-118.761,46.102],[-118.938,46.117],[-119.009,46.092],[-119.095,45.99],[-119.105,45.909],[-119.1,45.818],[-119.04,45.646],[-119.045,45.565],[-119.08,45.494],[-119.126,45.428],[-119.439,45.115],[-119.531,45.068],[-119.705,45.014],[-119.858,45.031],[-119.972,45.07],[-120.017,45.117],[-120.019,45.183],[-119.895,45.449],[-119.85,45.601],[-119.855,45.677],[-119.88,45.717],[-119.981,45.778],[-120.113,45.763],[-120.3,45.631],[-120.477,45.474],[-120.791,45.342],[-120.857,45.332],[-120.994,45.332],[-121.201,45.428],[-121.383,45.454],[-121.464,45.494],[-121.556,45.565]]]}},{"type":"Feature","properties":{"density":2},"geometry":{"type":"Polygon","coordinates":[[[-116.913,46.157],[-117.139,46.103],[-117.402,46.107],[-117.5,46.08],[-117.723,45.972],[-118.0,45.918],[-118.084,45.874],[-118.195,45.756],[-118.28,45.708],[-118.307,45.648],[-118.297,45.617],[-118.253,45.57],[-118.148,45.567],[-117.983,45.691],[-117.841,45.735],[-117.433,45.948],[-117.321,45.968],[-117.034,45.982],[-116.899,46.019],[-116.849,46.073],[-116.845,46.123],[-116.913,46.157]]]}},{"type":"Feature","properties":{"density":2},"geometry":{"type":"Polygon","coordinates":[[[-120.795,61.985],[-120.974,62.107],[-121.125,62.282],[-121.176,62.303],[-121.193,62.286],[-121.196,62.218],[-121.071,62.036],[-120.95,61.948],[-120.882,61.928],[-120.828,61.921],[-120.785,61.935],[-120.774,61.945],[-120.795,61.985]]]}},{"type":"Feature","properties":{"density":2},"geometry":{"type":"Polygon","coordinates":[[[-121.254,62.016],[-121.406,62.211],[-121.443,62.232],[-121.453,62.205],[-121.443,62.174],[-121.362,62.022],[-121.294,61.938],[-121.247,61.921],[-121.23,61.965],[-121.254,62.016]]]}},{"type":"Feature","properties":{"density":2},"geometry":{"type":"Polygon","coordinates":[[[-113.66,46.289],[-113.783,46.291],[-113.896,46.239],[-113.921,46.209],[-113.882,46.17],[-113.814,46.201],[-113.685,46.213],[-113.65,46.242],[-113.644,46.264],[-113.66,46.289]]]}},{"type":"Feature","properties":{"density":2},"geometry":{"type":"Polygon","coordinates":[[[-113.672,46.143],[-113.691,46.114],[-113.668,46.098],[-113.611,46.118],[-113.478,46.118],[-113.445,46.133],[-113.4,46.186],[-113.35,46.198],[-113.336,46.233],[-113.375,46.262],[-113.455,46.246],[-113.672,46.143]]]}},{"type":"Feature","properties":{"density":2},"geometry":{"type":"Polygon","coordinates":[[[-112.623,45.831],[-112.852,45.84],[-112.963,45.784],[-113.113,45.737],[-113.154,45.676],[-113.109,45.637],[-112.932,45.7],[-112.657,45.674],[-112.485,45.704],[-112.446,45.729],[-112.444,45.745],[-112.483,45.78],[-112.623,45.831]]]}},{"type":"Feature","properties":{"density":2},"geometry":{"type":"Polygon","coordinates":[[[-105.822,35.963],[-105.869,35.983],[-105.91,35.973],[-105.98,35.873],[-105.977,35.834],[-105.871,35.785],[-105.795,35.778],[-105.723,35.795],[-105.707,35.813],[-105.703,35.867],[-105.754,35.93],[-105.822,35.963]]]}},{"type":"Feature","properties":{"density":2},"geometry":{"type":"Polygon","coordinates":[[[-116.753,42.583],[-116.804,42.571],[-116.823,42.517],[-116.874,42.458],[-116.882,42.427],[-116.864,42.396],[-116.78,42.4],[-116.757,42.421],[-116.706,42.542],[-116.753,42.583]]]}},{"type":"Feature","properties":{"density":2},"geometry":{"type":"Polygon","coordinates":[[[-115.129,46.879],[-115.181,46.874],[-115.221,46.797],[-115.198,46.787],[-115.149,46.82],[-115.101,46.824],[-115.129,46.879]]]}},{"type":"Feature","properties":{"density":2},"geometry":{"type":"Polygon","coordinates":[[[-123.583,41.179],[-123.665,41.195],[-123.748,41.19],[-123.767,41.145],[-123.767,41.079],[-123.737,40.919],[-123.709,40.851],[-123.528,40.66],[-123.483,40.677],[-123.45,40.757],[-123.404,40.773],[-123.244,40.724],[-123.111,40.716],[-122.996,40.658],[-122.919,40.638],[-122.83,40.655],[-122.781,40.716],[-122.761,40.826],[-122.797,40.884],[-122.839,40.9],[-122.932,40.895],[-123.18,40.831],[-123.277,40.842],[-123.395,40.881],[-123.434,40.906],[-123.511,41.021],[-123.533,41.066],[-123.533,41.132],[-123.583,41.179]]]}},{"type":"Feature","properties":{"density":2},"geometry":{"type":"Polygon","coordinates":[[[-119.452,43.827],[-120.471,43.659],[-121.029,43.52],[-121.266,43.394],[-121.628,43.017],[-121.754,42.92],[-121.88,42.794],[-121.977,42.669],[-122.103,42.432],[-122.145,42.306],[-122.2,42.208],[-122.228,41.957],[-122.214,41.832],[-122.159,41.692],[-122.075,41.581],[-121.935,41.511],[-121.754,41.497],[-121.433,41.511],[-121.28,41.497],[-121.07,41.595],[-120.847,41.818],[-120.68,41.999],[-120.443,42.39],[-120.247,42.557],[-120.066,42.641],[-119.745,42.697],[-119.508,42.697],[-119.285,42.766],[-119.048,42.892],[-118.657,43.185],[-118.266,43.408],[-117.987,43.506],[-117.415,43.576],[-117.15,43.589],[-116.788,43.659],[-116.578,43.729],[-116.397,43.827],[-115.672,44.12],[-115.03,44.413],[-114.862,44.413],[-114.667,44.357],[-114.402,44.231],[-114.011,43.952],[-113.258,43.771],[-112.965,43.813],[-112.421,43.994],[-111.556,44.315],[-111.179,44.426],[-110.691,44.31],[-110.421,44.143],[-110.003,44.003],[-109.622,43.975],[-109.203,43.966],[-108.459,43.789],[-108.143,43.734],[-107.845,43.715],[-107.669,43.743],[-107.594,43.901],[-107.641,44.068],[-107.762,44.189],[-108.715,44.826],[-109.105,45.036],[-109.343,45.119],[-109.747,45.245],[-110.11,45.329],[-110.542,45.398],[-111.533,45.496],[-112.314,45.496],[-113.5,45.454],[-114.839,45.231],[-115.23,45.147],[-116.025,44.924],[-116.722,44.701],[-118.592,44.045],[-119.452,43.827]]]}},{"type":"Feature","properties":{"density":2},"geometry":{"type":"Polygon","coordinates":[[[-118.097,45.378],[-118.265,45.378],[-118.488,45.341],[-118.717,45.273],[-118.953,45.174],[-119.207,45.118],[-119.313,45.136],[-119.337,45.192],[-119.331,45.254],[-119.294,45.304],[-118.99,45.546],[-118.897,45.676],[-118.879,45.75],[-118.885,45.818],[-118.934,45.887],[-119.003,45.918],[-119.176,45.93],[-119.381,45.918],[-119.542,45.88],[-120.019,45.608],[-120.168,45.552],[-120.317,45.527],[-120.633,45.508],[-120.894,45.57],[-121.167,45.601],[-121.284,45.601],[-121.396,45.577],[-121.514,45.49],[-121.576,45.465],[-121.619,45.428],[-121.65,45.366],[-121.613,45.198],[-121.563,45.124],[-121.359,45.025],[-121.297,44.895],[-121.148,44.764],[-121.055,44.727],[-120.652,44.709],[-119.765,44.808],[-119.325,44.814],[-119.127,44.833],[-118.767,44.919],[-118.544,45.025],[-118.457,45.093],[-118.252,45.174],[-117.98,45.174],[-117.911,45.18],[-117.88,45.205],[-117.874,45.279],[-117.905,45.31],[-117.961,45.341],[-118.097,45.378]]]}},{"type":"Feature","properties":{"density":2},"geometry":{"type":"Polygon","coordinates":[[[-122.072,45.911],[-122.113,45.916],[-122.126,45.895],[-122.105,45.87],[-121.956,45.825],[-121.849,45.812],[-121.84,45.833],[-121.865,45.858],[-122.072,45.911]]]}},{"type":"Feature","properties":{"density":2},"geometry":{"type":"Polygon","coordinates":[[[-121.971,45.054],[-121.984,45.039],[-121.975,45.022],[-121.929,44.991],[-121.799,44.934],[-121.747,44.929],[-121.738,44.951],[-121.776,44.991],[-121.971,45.054]]]}},{"type":"Feature","properties":{"density":2},"geometry":{"type":"Polygon","coordinates":[[[-117.923,46.08],[-117.963,46.087],[-117.991,46.059],[-117.986,46.01],[-117.965,45.984],[-117.881,46.004],[-117.868,46.021],[-117.868,46.037],[-117.923,46.08]]]}},{"type":"Feature","properties":{"density":2},"geometry":{"type":"Polygon","coordinates":[[[-118.217,45.78],[-118.281,45.784],[-118.322,45.734],[-118.316,45.681],[-118.278,45.63],[-118.085,45.573],[-117.993,45.525],[-117.96,45.519],[-117.912,45.545],[-117.908,45.595],[-117.938,45.639],[-118.125,45.72],[-118.217,45.78]]]}},{"type":"Feature","properties":{"density":2},"geometry":{"type":"Polygon","coordinates":[[[-118.145,45.734],[-118.156,45.773],[-118.138,45.817],[-118.054,45.867],[-117.754,45.892],[-117.561,45.946],[-117.512,45.938],[-117.488,45.913],[-117.484,45.868],[-117.524,45.764],[-117.589,45.721],[-117.93,45.685],[-118.145,45.734]]]}},{"type":"Feature","properties":{"density":2},"geometry":{"type":"Polygon","coordinates":[[[-120.577,48.145],[-120.78,48.302],[-120.833,48.327],[-120.979,48.324],[-121.218,48.17],[-121.522,48.079],[-121.72,47.968],[-121.767,47.911],[-121.783,47.85],[-121.778,47.767],[-121.734,47.671],[-121.668,47.619],[-121.571,47.588],[-121.455,47.574],[-121.172,47.591],[-120.962,47.528],[-120.791,47.439],[-120.485,47.318],[-120.21,47.255],[-120.017,47.23],[-119.48,47.28],[-119.237,47.332],[-118.978,47.417],[-118.879,47.472],[-118.804,47.552],[-118.78,47.619],[-118.769,47.679],[-118.78,47.767],[-118.84,47.828],[-118.945,47.875],[-119.047,47.897],[-119.152,47.897],[-119.615,47.869],[-120.028,47.908],[-120.218,47.957],[-120.577,48.145]]]}},{"type":"Feature","properties":{"density":2},"geometry":{"type":"Polygon","coordinates":[[[-119.17,48.928],[-119.586,49.019],[-119.847,49.038],[-119.911,49.013],[-119.96,48.974],[-119.98,48.922],[-119.991,48.771],[-120.035,48.63],[-120.01,48.536],[-119.955,48.462],[-119.878,48.434],[-119.608,48.423],[-119.497,48.445],[-119.346,48.528],[-119.263,48.553],[-119.054,48.575],[-119.007,48.613],[-118.99,48.735],[-119.051,48.861],[-119.112,48.919],[-119.17,48.928]]]}},{"type":"Feature","properties":{"density":2},"geometry":{"type":"Polygon","coordinates":[[[-121.202,48.963],[-121.226,48.985],[-121.296,48.985],[-121.324,48.957],[-121.303,48.876],[-121.246,48.819],[-121.092,48.771],[-121.039,48.777],[-121.052,48.825],[-121.138,48.878],[-121.202,48.963]]]}},{"type":"Feature","properties":{"density":2},"geometry":{"type":"Polygon","coordinates":[[[-120.982,49.065],[-121.072,49.113],[-121.212,49.282],[-121.248,49.279],[-121.261,49.172],[-121.184,49.023],[-121.121,48.953],[-121.072,48.931],[-120.998,48.94],[-120.954,48.988],[-120.949,49.019],[-120.982,49.065]]]}},{"type":"Feature","properties":{"density":2},"geometry":{"type":"Polygon","coordinates":[[[-120.837,49.133],[-121.035,49.266],[-121.043,49.244],[-121.013,49.196],[-120.916,49.095],[-120.879,49.073],[-120.815,49.067],[-120.809,49.098],[-120.837,49.133]]]}},{"type":"Feature","properties":{"density":2},"geometry":{"type":"Polygon","coordinates":[[[-120.484,49.521],[-120.629,49.527],[-120.734,49.471],[-120.778,49.422],[-120.824,49.293],[-120.824,49.234],[-120.798,49.177],[-120.703,49.053],[-120.701,49.003],[-120.73,48.913],[-120.723,48.858],[-120.682,48.823],[-120.614,48.805],[-120.541,48.806],[-120.495,48.825],[-120.455,48.854],[-120.414,48.94],[-120.418,49.122],[-120.366,49.249],[-120.35,49.363],[-120.405,49.46],[-120.484,49.521]]]}},{"type":"Feature","properties":{"density":2},"geometry":{"type":"Polygon","coordinates":[[[-119.783,49.75],[-119.872,49.761],[-119.949,49.733],[-119.976,49.686],[-119.957,49.562],[-119.894,49.477],[-119.717,49.32],[-119.668,49.155],[-119.635,49.102],[-119.582,49.066],[-119.505,49.047],[-119.442,49.047],[-119.37,49.086],[-119.29,49.234],[-119.205,49.287],[-119.18,49.32],[-119.163,49.372],[-119.177,49.469],[-119.433,49.695],[-119.527,49.722],[-119.673,49.725],[-119.783,49.75]]]}},{"type":"Feature","properties":{"density":2},"geometry":{"type":"Polygon","coordinates":[[[-121.82,50.688],[-121.837,50.721],[-121.895,50.759],[-121.986,50.709],[-122.002,50.692],[-121.998,50.61],[-121.973,50.564],[-121.829,50.535],[-121.812,50.548],[-121.8,50.626],[-121.82,50.688]]]}},{"type":"Feature","properties":{"density":2},"geometry":{"type":"Polygon","coordinates":[[[-122.651,51.416],[-122.738,51.461],[-122.816,51.478],[-122.85,51.474],[-122.887,51.445],[-122.907,51.403],[-122.903,51.358],[-122.808,51.259],[-122.759,51.176],[-122.709,51.147],[-122.61,51.147],[-122.523,51.193],[-122.473,51.255],[-122.482,51.292],[-122.54,51.366],[-122.651,51.416]]]}},{"type":"Feature","properties":{"density":2},"geometry":{"type":"Polygon","coordinates":[[[-122.912,51.317],[-122.945,51.346],[-123.023,51.37],[-123.106,51.362],[-123.126,51.313],[-123.118,51.242],[-123.04,51.164],[-122.994,51.069],[-122.949,51.056],[-122.912,51.069],[-122.883,51.102],[-122.866,51.197],[-122.912,51.317]]]}},{"type":"Feature","properties":{"density":2},"geometry":{"type":"Polygon","coordinates":[[[-121.882,51.519],[-122.027,51.54],[-122.093,51.523],[-122.192,51.445],[-122.279,51.453],[-122.42,51.494],[-122.473,51.474],[-122.515,51.416],[-122.515,51.329],[-122.486,51.259],[-122.42,51.18],[-122.209,51.081],[-122.151,51.073],[-122.089,51.093],[-122.002,51.16],[-121.866,51.131],[-121.787,51.015],[-121.713,50.94],[-121.514,50.845],[-121.258,50.643],[-121.101,50.581],[-120.857,50.568],[-120.75,50.602],[-120.696,50.655],[-120.692,50.738],[-120.737,50.841],[-120.787,50.932],[-120.894,51.027],[-120.973,51.077],[-121.767,51.441],[-121.882,51.519]]]}},{"type":"Feature","properties":{"density":2},"geometry":{"type":"Polygon","coordinates":[[[-124.527,52.467],[-124.587,52.459],[-124.609,52.434],[-124.618,52.398],[-124.596,52.351],[-124.392,52.335],[-124.359,52.318],[-124.303,52.252],[-124.24,52.112],[-124.196,52.081],[-124.163,52.079],[-124.133,52.101],[-124.111,52.139],[-124.1,52.233],[-124.108,52.274],[-124.155,52.349],[-124.226,52.39],[-124.527,52.467]]]}},{"type":"Feature","properties":{"density":2},"geometry":{"type":"Polygon","coordinates":[[[-121.721,62.125],[-121.82,62.15],[-121.944,62.158],[-122.06,62.104],[-122.097,62.042],[-122.076,61.98],[-122.031,61.935],[-121.849,61.852],[-121.642,61.84],[-121.473,61.798],[-121.406,61.798],[-121.369,61.823],[-121.357,61.864],[-121.489,61.997],[-121.621,62.092],[-121.721,62.125]]]}},{"type":"Feature","properties":{"density":2},"geometry":{"type":"Polygon","coordinates":[[[-121.506,61.646],[-121.62,61.67],[-121.684,61.64],[-121.699,61.596],[-121.669,61.578],[-121.579,61.592],[-121.469,61.585],[-121.467,61.607],[-121.506,61.646]]]}},{"type":"Feature","properties":{"density":2},"geometry":{"type":"Polygon","coordinates":[[[-121.274,61.783],[-121.318,61.789],[-121.349,61.747],[-121.438,61.717],[-121.456,61.682],[-121.447,61.666],[-121.375,61.648],[-121.239,61.69],[-121.23,61.725],[-121.274,61.783]]]}},{"type":"Feature","properties":{"density":2},"geometry":{"type":"Polygon","coordinates":[[[-121.073,62.236],[-121.123,62.217],[-121.139,62.132],[-121.189,62.079],[-121.2,62.021],[-121.172,61.98],[-121.117,61.972],[-121.073,61.991],[-121.018,61.988],[-120.91,61.9],[-120.872,61.886],[-120.781,61.892],[-120.751,61.919],[-120.748,62.008],[-120.819,62.06],[-120.886,62.154],[-121.073,62.236]]]}},{"type":"Feature","properties":{"density":2},"geometry":{"type":"Polygon","coordinates":[[[-94.016,30.019],[-94.081,30.071],[-94.078,30.01],[-94.046,29.951],[-93.898,29.79],[-93.866,29.777],[-93.905,29.861],[-94.016,30.019]]]}},{"type":"Feature","properties":{"density":2},"geometry":{"type":"Polygon","coordinates":[[[-113.0,45.766],[-113.172,45.707],[-113.317,45.634],[-113.35,45.595],[-113.356,45.509],[-113.33,45.443],[-113.277,45.417],[-113.093,45.397],[-112.408,45.43],[-111.914,45.483],[-110.688,45.746],[-110.175,45.806],[-109.621,45.931],[-109.298,45.97],[-109.213,45.997],[-109.167,46.036],[-109.167,46.096],[-109.239,46.161],[-109.364,46.214],[-109.588,46.26],[-109.825,46.287],[-110.036,46.306],[-110.642,46.306],[-110.939,46.287],[-111.387,46.24],[-111.762,46.175],[-112.223,46.03],[-112.447,45.937],[-112.77,45.852],[-113.0,45.766]]]}},{"type":"Feature","properties":{"density":2},"geometry":{"type":"Polygon","coordinates":[[[-113.877,46.267],[-113.894,46.214],[-113.881,46.161],[-113.771,46.179],[-113.696,46.104],[-113.591,46.078],[-113.314,46.166],[-112.88,46.218],[-112.766,46.245],[-112.704,46.28],[-112.713,46.341],[-112.774,46.385],[-113.503,46.46],[-113.736,46.429],[-113.872,46.328],[-113.877,46.267]]]}},{"type":"Feature","properties":{"density":2},"geometry":{"type":"Polygon","coordinates":[[[-114.972,47.309],[-115.051,47.315],[-115.089,47.3],[-115.13,47.274],[-115.183,47.189],[-115.218,46.999],[-115.288,46.873],[-115.288,46.829],[-115.244,46.756],[-115.206,46.75],[-115.174,46.764],[-115.01,46.92],[-114.732,46.981],[-114.671,47.022],[-114.665,47.057],[-114.697,47.122],[-114.879,47.274],[-114.972,47.309]]]}},{"type":"Feature","properties":{"density":2},"geometry":{"type":"Polygon","coordinates":[[[-114.607,46.561],[-114.787,46.563],[-114.882,46.534],[-114.947,46.491],[-115.058,46.323],[-115.185,46.206],[-115.197,46.108],[-115.171,46.065],[-115.078,46.065],[-114.974,46.102],[-114.781,46.12],[-114.695,46.145],[-114.582,46.305],[-114.467,46.379],[-114.422,46.442],[-114.441,46.487],[-114.607,46.561]]]}},{"type":"Feature","properties":{"density":2},"geometry":{"type":"Polygon","coordinates":[[[-116.851,44.625],[-116.923,44.627],[-117.011,44.571],[-117.038,44.534],[-117.036,44.491],[-116.989,44.473],[-116.757,44.481],[-116.747,44.506],[-116.759,44.545],[-116.81,44.606],[-116.851,44.625]]]}},{"type":"Feature","properties":{"density":2},"geometry":{"type":"Polygon","coordinates":[[[-115.397,43.307],[-115.423,43.272],[-115.403,43.254],[-114.972,43.278],[-114.876,43.307],[-114.808,43.348],[-114.779,43.389],[-114.779,43.415],[-114.802,43.445],[-114.84,43.459],[-114.931,43.456],[-115.397,43.307]]]}},{"type":"Feature","properties":{"density":2},"geometry":{"type":"Polygon","coordinates":[[[-115.528,43.357],[-115.695,43.357],[-115.84,43.308],[-116.156,43.067],[-116.284,43.005],[-116.618,42.896],[-116.754,42.812],[-116.877,42.606],[-116.912,42.426],[-116.973,42.325],[-116.986,42.272],[-116.978,42.228],[-116.921,42.189],[-116.863,42.175],[-116.639,42.158],[-116.538,42.044],[-116.49,42.017],[-116.367,42.004],[-116.297,42.009],[-115.954,42.145],[-115.836,42.171],[-115.524,42.167],[-115.151,42.083],[-114.843,42.048],[-114.417,42.044],[-114.229,42.074],[-113.965,42.189],[-113.833,42.268],[-113.719,42.373],[-113.583,42.518],[-113.5,42.632],[-113.412,42.874],[-113.403,43.019],[-113.434,43.142],[-113.504,43.243],[-113.596,43.335],[-113.715,43.409],[-113.921,43.484],[-114.07,43.506],[-114.211,43.506],[-115.041,43.322],[-115.269,43.295],[-115.366,43.3],[-115.528,43.357]]]}},{"type":"Feature","properties":{"density":2},"geometry":{"type":"Polygon","coordinates":[[[-110.895,41.136],[-111.144,41.148],[-111.378,41.081],[-111.512,41.063],[-111.589,41.025],[-111.624,40.993],[-111.638,40.949],[-111.621,40.931],[-111.428,40.934],[-111.117,40.823],[-110.889,40.808],[-110.804,40.826],[-110.743,40.861],[-110.713,40.94],[-110.716,40.978],[-110.822,41.104],[-110.895,41.136]]]}},{"type":"Feature","properties":{"density":2},"geometry":{"type":"Polygon","coordinates":[[[-112.495,38.768],[-112.515,38.744],[-112.512,38.674],[-112.495,38.654],[-112.427,38.633],[-112.316,38.692],[-112.181,38.721],[-112.158,38.747],[-112.152,38.788],[-112.214,38.817],[-112.284,38.815],[-112.404,38.765],[-112.495,38.768]]]}},{"type":"Feature","properties":{"density":2},"geometry":{"type":"Polygon","coordinates":[[[-112.138,39.034],[-112.161,39.025],[-112.199,38.955],[-112.181,38.917],[-112.146,38.914],[-111.968,38.976],[-111.766,38.946],[-111.716,38.946],[-111.693,38.973],[-111.695,39.019],[-111.742,39.043],[-111.927,39.049],[-112.138,39.034]]]}},{"type":"Feature","properties":{"density":2},"geometry":{"type":"Polygon","coordinates":[[[-121.717,36.281],[-121.762,36.255],[-121.766,36.218],[-121.741,36.175],[-121.68,36.136],[-121.522,35.982],[-121.483,35.974],[-121.438,35.992],[-121.421,36.06],[-121.376,36.097],[-121.37,36.125],[-121.397,36.185],[-121.481,36.238],[-121.717,36.281]]]}},{"type":"Feature","properties":{"density":2},"geometry":{"type":"Polygon","coordinates":[[[-123.414,41.299],[-123.515,41.308],[-123.563,41.295],[-123.651,41.242],[-123.752,41.212],[-123.792,41.163],[-123.796,41.115],[-123.748,40.957],[-123.739,40.86],[-123.686,40.72],[-123.656,40.676],[-123.506,40.57],[-123.388,40.518],[-123.129,40.443],[-123.045,40.399],[-122.909,40.285],[-122.76,40.245],[-122.58,40.272],[-122.413,40.417],[-122.312,40.584],[-122.228,40.895],[-122.185,40.996],[-122.101,41.102],[-122.018,41.176],[-121.829,41.216],[-121.557,41.356],[-121.464,41.387],[-121.363,41.387],[-121.271,41.365],[-121.179,41.37],[-121.122,41.414],[-121.095,41.466],[-121.1,41.55],[-121.192,41.659],[-121.271,41.681],[-121.6,41.62],[-121.868,41.673],[-121.978,41.673],[-122.123,41.651],[-122.22,41.611],[-122.466,41.471],[-122.698,41.295],[-122.874,41.264],[-123.107,41.26],[-123.296,41.273],[-123.414,41.299]]]}},{"type":"Feature","properties":{"density":2},"geometry":{"type":"Polygon","coordinates":[[[-119.585,44.062],[-119.743,44.071],[-119.942,44.048],[-120.141,43.957],[-120.274,43.862],[-120.718,43.432],[-121.089,43.136],[-121.252,43.032],[-121.593,42.899],[-121.726,42.81],[-121.83,42.691],[-121.904,42.543],[-121.978,42.276],[-122.215,41.891],[-122.215,41.773],[-122.171,41.639],[-121.904,41.446],[-121.711,41.358],[-121.504,41.328],[-121.296,41.343],[-120.926,41.446],[-120.615,41.58],[-120.377,41.728],[-119.962,41.936],[-119.755,41.98],[-119.518,41.995],[-119.355,41.965],[-119.207,41.876],[-119.014,41.684],[-118.806,41.506],[-118.599,41.372],[-118.377,41.358],[-118.139,41.402],[-117.917,41.506],[-117.754,41.624],[-117.621,41.773],[-117.473,41.965],[-116.939,42.84],[-116.791,43.032],[-116.598,43.24],[-116.228,43.566],[-115.813,43.862],[-115.131,44.248],[-114.834,44.337],[-113.767,44.529],[-112.804,44.544],[-112.463,44.5],[-112.048,44.411],[-111.737,44.277],[-111.366,44.085],[-111.025,43.862],[-109.603,43.373],[-109.091,43.218],[-108.647,43.106],[-108.091,43.017],[-107.335,42.929],[-106.401,42.884],[-105.823,42.884],[-105.356,42.929],[-105.112,43.017],[-104.867,43.218],[-104.823,43.596],[-104.978,43.951],[-105.178,44.24],[-105.512,44.551],[-106.357,45.085],[-106.712,45.241],[-107.179,45.441],[-107.78,45.596],[-108.447,45.73],[-109.58,45.841],[-110.114,45.863],[-110.67,45.863],[-111.225,45.841],[-111.648,45.796],[-113.449,45.73],[-113.782,45.685],[-114.338,45.663],[-114.76,45.596],[-115.627,45.33],[-116.539,44.952],[-116.895,44.774],[-117.828,44.374],[-118.805,44.126],[-119.168,44.07],[-119.585,44.062]]]}},{"type":"Feature","properties":{"density":2},"geometry":{"type":"Polygon","coordinates":[[[-120.148,45.173],[-120.214,45.187],[-120.339,45.18],[-120.425,45.121],[-120.484,45.042],[-120.51,44.963],[-120.53,44.805],[-120.576,44.725],[-120.708,44.581],[-120.741,44.515],[-120.741,44.422],[-120.701,44.343],[-120.622,44.278],[-120.491,44.225],[-120.076,44.113],[-119.654,44.08],[-119.509,44.087],[-119.338,44.126],[-119.18,44.192],[-118.877,44.383],[-118.185,44.758],[-117.836,44.976],[-117.493,45.147],[-117.342,45.18],[-117.032,45.18],[-116.894,45.206],[-116.762,45.299],[-116.749,45.411],[-116.808,45.509],[-116.907,45.582],[-117.085,45.635],[-117.408,45.667],[-117.731,45.667],[-117.902,45.648],[-118.277,45.549],[-118.692,45.358],[-119.028,45.266],[-119.456,45.213],[-120.148,45.173]]]}},{"type":"Feature","properties":{"density":2},"geometry":{"type":"Polygon","coordinates":[[[-121.933,45.193],[-122.118,45.114],[-122.137,45.022],[-122.098,44.936],[-122.025,44.857],[-121.913,44.805],[-121.782,44.778],[-121.67,44.725],[-121.492,44.6],[-121.347,44.594],[-121.182,44.646],[-121.004,44.752],[-120.859,44.864],[-120.747,44.917],[-120.642,44.917],[-120.438,44.877],[-120.267,44.884],[-119.384,45.094],[-118.903,45.272],[-118.416,45.483],[-118.29,45.523],[-118.218,45.575],[-118.113,45.779],[-118.007,45.872],[-117.5,46.181],[-117.335,46.306],[-117.164,46.563],[-117.105,46.702],[-117.078,46.86],[-117.118,46.991],[-117.23,47.097],[-117.395,47.182],[-117.777,47.275],[-118.066,47.275],[-118.402,47.189],[-118.501,47.136],[-118.587,47.051],[-118.626,46.952],[-118.633,46.781],[-118.607,46.656],[-118.653,46.524],[-118.752,46.385],[-118.916,46.326],[-119.898,46.346],[-120.188,46.28],[-120.352,46.221],[-120.491,46.148],[-120.747,45.957],[-120.906,45.891],[-121.235,45.799],[-121.373,45.74],[-121.472,45.674],[-121.643,45.523],[-121.775,45.351],[-121.847,45.299],[-121.933,45.193]]]}},{"type":"Feature","properties":{"density":2},"geometry":{"type":"Polygon","coordinates":[[[-117.847,46.098],[-117.935,46.111],[-117.996,46.102],[-118.084,46.058],[-118.207,45.786],[-118.282,45.703],[-118.295,45.667],[-118.26,45.575],[-118.163,45.474],[-118.132,45.386],[-118.053,45.277],[-117.992,45.241],[-117.917,45.228],[-117.834,45.237],[-117.566,45.338],[-117.447,45.404],[-117.324,45.422],[-117.25,45.404],[-117.193,45.364],[-117.008,45.119],[-116.947,45.088],[-116.85,45.075],[-116.758,45.101],[-116.63,45.22],[-116.428,45.558],[-116.139,45.861],[-116.068,46.028],[-116.068,46.124],[-116.121,46.234],[-116.178,46.309],[-116.257,46.37],[-116.437,46.48],[-116.657,46.55],[-116.881,46.581],[-117.114,46.572],[-117.368,46.471],[-117.627,46.216],[-117.737,46.142],[-117.847,46.098]]]}},{"type":"Feature","properties":{"density":2},"geometry":{"type":"Polygon","coordinates":[[[-122.103,45.904],[-122.126,45.887],[-122.091,45.861],[-121.968,45.838],[-121.884,45.799],[-121.847,45.803],[-121.865,45.842],[-121.908,45.871],[-122.103,45.904]]]}},{"type":"Feature","properties":{"density":2},"geometry":{"type":"Polygon","coordinates":[[[-122.953,52.916],[-123.671,52.943],[-123.809,52.936],[-124.066,52.884],[-124.297,52.778],[-124.448,52.653],[-124.567,52.528],[-124.6,52.403],[-124.56,52.343],[-124.389,52.324],[-124.271,52.35],[-123.882,52.528],[-123.52,52.62],[-123.21,52.633],[-122.604,52.567],[-122.525,52.581],[-122.479,52.627],[-122.472,52.686],[-122.499,52.725],[-122.65,52.851],[-122.723,52.884],[-122.953,52.916]]]}},{"type":"Feature","properties":{"density":2},"geometry":{"type":"Polygon","coordinates":[[[-78.585,50.35],[-78.631,50.271],[-78.625,50.244],[-78.552,50.218],[-78.348,50.231],[-78.078,50.29],[-77.353,50.356],[-76.517,50.317],[-76.22,50.284],[-76.108,50.257],[-75.917,50.244],[-75.819,50.264],[-75.792,50.297],[-75.792,50.33],[-75.838,50.396],[-76.128,50.488],[-76.734,50.587],[-77.037,50.607],[-77.386,50.607],[-78.025,50.541],[-78.381,50.448],[-78.585,50.35]]]}},{"type":"Feature","properties":{"density":2},"geometry":{"type":"Polygon","coordinates":[[[-92.926,18.083],[-93.282,18.103],[-93.756,18.064],[-94.122,17.985],[-94.418,17.846],[-94.744,17.491],[-95.021,17.273],[-95.169,17.095],[-95.199,16.977],[-95.199,16.809],[-95.159,16.68],[-95.07,16.611],[-94.981,16.572],[-94.863,16.552],[-94.478,16.7],[-94.359,16.73],[-93.944,16.7],[-93.806,16.7],[-93.677,16.73],[-93.539,16.819],[-93.183,17.214],[-93.104,17.283],[-92.729,17.431],[-92.62,17.57],[-92.61,17.728],[-92.669,17.886],[-92.768,18.024],[-92.926,18.083]]]}},{"type":"Feature","properties":{"density":2},"geometry":{"type":"Polygon","coordinates":[[[-93.673,21.741],[-93.722,21.751],[-93.831,21.721],[-93.9,21.602],[-93.949,21.474],[-93.989,21.316],[-93.999,21.197],[-93.999,20.921],[-93.93,20.664],[-93.673,20.15],[-93.525,19.962],[-93.337,19.804],[-93.001,19.616],[-92.685,19.389],[-92.606,19.31],[-92.398,19.152],[-92.289,19.103],[-92.191,19.083],[-92.102,19.093],[-92.062,19.152],[-92.042,19.261],[-92.033,19.36],[-92.052,19.449],[-92.309,19.666],[-92.912,19.962],[-93.001,20.041],[-93.08,20.15],[-93.139,20.288],[-93.248,20.684],[-93.297,20.822],[-93.357,20.931],[-93.554,21.573],[-93.673,21.741]]]}},{"type":"Feature","properties":{"density":2},"geometry":{"type":"Polygon","coordinates":[[[-121.666,66.316],[-122.036,66.316],[-122.666,66.131],[-123.222,65.945],[-123.629,65.612],[-123.889,65.167],[-124.185,64.5],[-124.519,63.87],[-124.926,63.389],[-125.408,63.055],[-126.816,62.314],[-127.372,61.832],[-127.668,61.203],[-127.705,60.499],[-127.483,59.832],[-127.001,59.276],[-126.52,58.757],[-126.001,58.498],[-125.408,58.387],[-124.778,58.387],[-124.148,58.572],[-123.481,58.905],[-123.0,59.202],[-122.555,59.572],[-122.11,59.869],[-121.592,60.165],[-120.999,60.387],[-120.406,60.536],[-119.85,60.647],[-119.109,60.684],[-118.405,60.684],[-117.738,60.61],[-117.145,60.499],[-116.552,60.35],[-115.997,60.165],[-115.404,60.054],[-114.292,59.757],[-113.662,59.572],[-113.032,59.424],[-111.847,59.239],[-110.772,59.165],[-110.216,59.165],[-109.698,59.239],[-108.994,59.424],[-108.438,59.72],[-107.919,60.128],[-107.623,60.573],[-107.437,61.128],[-107.363,61.795],[-107.363,62.499],[-107.474,63.203],[-107.771,64.019],[-108.141,64.945],[-108.364,65.76],[-108.697,66.76],[-109.031,67.539],[-109.661,68.243],[-110.439,68.687],[-111.476,69.021],[-112.514,69.132],[-113.514,69.058],[-114.292,68.798],[-114.811,68.428],[-115.293,68.057],[-115.848,67.576],[-116.33,67.057],[-116.923,66.501],[-117.627,66.093],[-118.294,65.834],[-118.85,65.797],[-119.924,65.797],[-121.666,66.316]]]}},{"type":"Feature","properties":{"density":2},"geometry":{"type":"Polygon","coordinates":[[[-114.051,53.699],[-114.385,53.866],[-115.107,54.088],[-115.941,54.311],[-116.719,54.422],[-117.608,54.422],[-118.442,54.478],[-119.276,54.478],[-120.165,54.255],[-121.165,53.977],[-122.11,53.533],[-122.888,53.032],[-123.333,52.421],[-123.611,51.532],[-123.611,50.754],[-123.5,49.92],[-123.111,49.198],[-122.722,48.642],[-122.388,48.364],[-121.888,47.864],[-121.554,47.586],[-121.221,46.919],[-121.165,46.585],[-121.221,46.252],[-121.61,45.863],[-121.832,45.696],[-121.944,45.474],[-121.944,45.196],[-121.666,44.918],[-121.388,44.751],[-120.999,44.696],[-120.776,44.584],[-120.554,44.418],[-120.61,44.14],[-120.721,43.862],[-120.999,43.584],[-121.277,43.362],[-121.944,42.917],[-122.277,42.75],[-122.61,42.528],[-122.888,42.25],[-123.111,41.972],[-123.222,41.694],[-123.222,41.305],[-123.166,40.916],[-122.833,40.638],[-121.999,40.527],[-121.666,40.527],[-121.277,40.583],[-120.888,40.694],[-120.443,40.861],[-119.998,40.916],[-118.664,40.935],[-118.516,40.675],[-118.183,39.897],[-117.886,39.675],[-117.664,39.638],[-116.886,39.638],[-116.478,39.675],[-116.071,39.823],[-115.033,40.379],[-114.7,40.49],[-114.255,40.527],[-113.922,40.49],[-113.662,40.231],[-113.032,39.786],[-112.736,39.49],[-112.328,39.342],[-111.884,39.267],[-110.624,39.267],[-110.216,39.23],[-108.845,38.749],[-108.067,38.23],[-107.623,37.971],[-107.252,37.6],[-106.882,37.192],[-106.622,36.785],[-106.4,36.266],[-106.326,35.71],[-106.363,35.192],[-106.548,34.71],[-106.919,33.969],[-107.03,33.635],[-106.993,33.302],[-106.659,33.191],[-106.104,33.08],[-105.881,33.191],[-105.474,33.487],[-105.14,33.858],[-104.844,34.228],[-104.621,34.673],[-104.399,35.006],[-103.695,36.451],[-103.584,36.6],[-103.251,36.822],[-102.04,37.155],[-101.818,37.081],[-101.447,36.884],[-101.225,36.637],[-101.052,36.365],[-100.904,35.649],[-100.854,35.105],[-100.78,34.685],[-100.657,34.315],[-100.434,33.919],[-100.212,33.623],[-99.916,33.351],[-99.595,33.178],[-99.224,33.08],[-98.829,33.08],[-98.384,33.129],[-97.989,33.203],[-97.273,33.401],[-96.161,33.648],[-95.84,33.672],[-95.445,33.648],[-95.0,33.549],[-94.654,33.351],[-94.308,33.129],[-93.938,32.981],[-93.543,32.907],[-93.073,32.907],[-92.826,33.006],[-92.555,33.08],[-92.283,33.203],[-91.764,33.475],[-90.245,35.08],[-89.615,35.562],[-88.763,35.896],[-87.614,36.303],[-87.207,36.414],[-86.873,36.526],[-86.466,36.6],[-86.021,36.711],[-85.576,36.896],[-85.169,37.155],[-84.798,37.341],[-83.835,38.082],[-83.427,38.304],[-83.057,38.452],[-81.809,38.773],[-81.587,38.823],[-81.167,38.823],[-80.747,38.749],[-80.352,38.625],[-80.031,38.477],[-79.71,38.255],[-79.537,38.082],[-78.512,37.822],[-78.252,37.785],[-77.808,37.674],[-77.141,37.23],[-76.77,37.007],[-76.437,36.859],[-75.955,36.785],[-75.436,36.748],[-74.844,36.785],[-74.251,36.859],[-72.509,37.304],[-72.102,37.452],[-71.657,37.674],[-70.545,38.045],[-70.138,38.119],[-66.321,38.119],[-65.803,38.193],[-65.247,38.304],[-63.32,38.86],[-62.653,39.267],[-62.209,39.638],[-61.949,40.157],[-61.912,40.638],[-61.912,41.083],[-62.134,41.528],[-62.468,41.898],[-62.987,42.232],[-63.32,42.38],[-63.691,42.491],[-63.987,42.639],[-65.21,43.121],[-65.432,43.343],[-65.766,43.714],[-65.951,44.121],[-66.099,44.603],[-66.21,45.752],[-66.47,46.641],[-66.655,47.048],[-66.914,47.493],[-67.174,47.864],[-67.692,48.494],[-68.322,48.864],[-68.693,48.975],[-69.137,49.086],[-69.582,49.123],[-70.323,49.123],[-70.731,49.012],[-71.175,48.864],[-72.028,48.456],[-72.472,48.197],[-73.51,47.53],[-75.9,46.863],[-76.511,46.974],[-77.289,47.197],[-78.178,47.53],[-78.901,47.752],[-80.401,48.086],[-81.18,48.142],[-82.013,48.142],[-82.736,48.086],[-83.347,47.975],[-84.014,47.808],[-84.514,47.641],[-84.959,47.53],[-85.459,47.363],[-86.015,47.252],[-86.571,47.086],[-87.126,47.03],[-88.627,47.03],[-89.461,47.086],[-90.906,47.308],[-91.573,47.475],[-92.295,47.752],[-94.963,48.864],[-96.13,49.309],[-97.186,49.642],[-98.075,49.864],[-98.854,50.087],[-99.687,50.198],[-100.354,50.309],[-101.243,50.365],[-103.078,50.365],[-103.967,50.309],[-104.745,50.198],[-107.135,50.198],[-108.135,50.309],[-108.969,50.531],[-109.691,50.809],[-110.525,51.087],[-112.026,51.921],[-114.051,53.699]]]}},{"type":"Feature","properties":{"density":2},"geometry":{"type":"Polygon","coordinates":[[[-148.242,64.391],[-148.403,64.352],[-148.423,64.327],[-148.413,64.283],[-148.276,64.225],[-148.12,64.259],[-148.096,64.332],[-148.179,64.381],[-148.242,64.391]]]}},{"type":"Feature","properties":{"density":3},"geometry":{"type":"Polygon","coordinates":[[[-123.005,51.028],[-122.55,50.974],[-122.243,50.908],[-122.163,50.854],[-122.015,50.72],[-121.841,50.439],[-121.601,49.851],[-121.44,49.65],[-121.226,49.61],[-121.025,49.637],[-120.785,49.583],[-120.504,49.489],[-120.236,49.476],[-119.902,49.369],[-119.701,49.275],[-119.554,49.115],[-119.552,49.067],[-119.576,49.014],[-119.844,48.913],[-119.962,48.598],[-120.022,48.508],[-120.123,48.455],[-120.182,48.491],[-120.361,48.77],[-120.605,49.091],[-120.765,49.216],[-120.866,49.24],[-121.051,49.228],[-121.199,49.097],[-121.312,48.823],[-121.312,48.77],[-121.265,48.716],[-121.122,48.734],[-120.724,48.746],[-120.551,48.699],[-120.361,48.55],[-120.313,48.491],[-120.272,48.354],[-120.266,48.247],[-120.29,48.14],[-120.337,48.116],[-120.753,48.074],[-120.837,48.045],[-120.932,47.955],[-121.027,47.825],[-121.265,47.557],[-121.294,47.438],[-121.282,47.355],[-121.211,47.224],[-121.104,47.093],[-120.843,46.95],[-120.581,46.838],[-120.105,46.719],[-119.915,46.713],[-119.421,46.754],[-119.136,46.754],[-118.827,46.802],[-118.66,46.808],[-118.535,46.73],[-118.5,46.623],[-118.494,46.439],[-118.648,46.302],[-118.999,46.118],[-119.201,45.969],[-119.368,45.809],[-119.677,45.405],[-119.921,45.214],[-120.099,45.167],[-120.391,45.137],[-120.605,45.214],[-120.878,45.25],[-121.08,45.309],[-121.306,45.416],[-121.407,45.44],[-121.508,45.44],[-121.61,45.416],[-121.681,45.369],[-121.705,45.327],[-121.711,45.25],[-121.663,45.179],[-121.544,45.089],[-121.36,44.846],[-121.277,44.774],[-120.866,44.739],[-120.652,44.756],[-120.438,44.798],[-119.897,44.965],[-119.534,45.107],[-118.702,45.5],[-118.476,45.571],[-118.262,45.571],[-118.167,45.5],[-117.947,45.167],[-117.822,45.048],[-117.537,44.881],[-117.441,44.792],[-117.37,44.685],[-117.4,44.62],[-117.632,44.459],[-117.858,44.394],[-118.161,44.275],[-118.761,43.977],[-119.505,43.537],[-120.295,43.169],[-121.3,42.824],[-121.633,42.687],[-121.83,42.533],[-121.889,42.467],[-122.103,42.087],[-122.145,41.902],[-122.163,41.712],[-122.121,41.569],[-122.026,41.504],[-121.693,41.498],[-121.36,41.623],[-121.074,41.831],[-120.718,42.158],[-120.212,42.586],[-119.754,42.889],[-118.405,43.537],[-117.554,43.698],[-117.025,43.752],[-116.532,43.746],[-116.098,43.668],[-115.635,43.539],[-115.225,43.485],[-114.47,43.485],[-113.411,43.604],[-112.746,43.777],[-112.294,43.92],[-111.628,44.074],[-110.599,44.211],[-110.504,44.252],[-110.48,44.294],[-110.48,44.354],[-110.534,44.419],[-110.623,44.467],[-110.783,44.514],[-111.336,44.568],[-111.699,44.574],[-112.24,44.538],[-112.46,44.538],[-113.394,44.591],[-114.051,44.603],[-114.443,44.666],[-115.317,44.844],[-116.468,44.942],[-116.824,45.067],[-117.003,45.361],[-117.074,45.807],[-117.154,45.959],[-117.253,46.075],[-117.324,46.102],[-117.618,46.155],[-117.823,46.244],[-117.93,46.343],[-117.984,46.485],[-117.939,46.637],[-117.752,46.824],[-117.52,46.967],[-117.172,47.003],[-116.798,47.011],[-116.494,46.931],[-116.129,46.797],[-115.843,46.619],[-115.112,46.503],[-114.479,46.637],[-113.997,46.94],[-113.792,47.136],[-113.48,47.386],[-113.203,47.529],[-112.74,47.68],[-112.285,47.77],[-111.999,47.743],[-111.678,47.663],[-110.822,47.538],[-109.859,47.475],[-109.092,47.484],[-108.36,47.68],[-107.914,47.975],[-107.709,48.323],[-107.665,48.608],[-107.763,48.947],[-107.932,49.134],[-108.298,49.25],[-108.753,49.259],[-109.93,49.143],[-110.546,49.152],[-110.931,49.219],[-111.119,49.5],[-111.078,49.754],[-110.918,49.968],[-110.69,50.169],[-110.396,50.463],[-110.356,50.784],[-110.49,50.985],[-110.677,51.105],[-110.985,51.266],[-111.56,51.386],[-113.487,51.734],[-114.329,51.988],[-114.891,52.069],[-115.667,52.256],[-116.323,52.376],[-117.072,52.483],[-118.343,52.764],[-119.266,52.818],[-120.122,52.818],[-120.6,52.781],[-120.708,52.744],[-121.01,52.627],[-121.36,52.425],[-121.568,52.235],[-121.652,52.116],[-121.86,51.747],[-121.961,51.616],[-122.217,51.503],[-122.407,51.498],[-122.663,51.438],[-122.966,51.278],[-123.097,51.188],[-123.144,51.141],[-123.162,51.052],[-123.132,51.028],[-123.005,51.028]]]}},{"type":"Feature","properties":{"density":3},"geometry":{"type":"Polygon","coordinates":[[[-119.288,64.435],[-118.886,64.529],[-118.485,64.596],[-117.99,64.542],[-117.535,64.301],[-117.308,63.967],[-117.308,63.592],[-117.87,62.963],[-118.391,62.602],[-119.555,62.027],[-120.492,61.666],[-121.094,61.371],[-121.535,61.184],[-122.178,60.943],[-122.954,60.876],[-124.104,61.157],[-125.014,61.532],[-125.215,61.8],[-125.308,62.147],[-125.161,62.696],[-124.853,63.097],[-124.171,63.539],[-123.622,63.726],[-122.927,63.833],[-122.459,63.887],[-121.415,63.9],[-120.305,64.034],[-119.917,64.154],[-119.515,64.315],[-119.288,64.435]]]}},{"type":"Feature","properties":{"density":3},"geometry":{"type":"Polygon","coordinates":[[[-123.666,41.165],[-123.7,41.19],[-123.729,41.177],[-123.763,41.075],[-123.763,41.024],[-123.617,40.85],[-123.59,40.751],[-123.57,40.749],[-123.538,40.792],[-123.536,40.839],[-123.639,40.988],[-123.626,41.093],[-123.666,41.165]]]}},{"type":"Feature","properties":{"density":3},"geometry":{"type":"Polygon","coordinates":[[[-121.537,42.722],[-121.594,42.71],[-121.662,42.665],[-121.708,42.596],[-121.742,42.528],[-121.81,42.266],[-121.901,42.107],[-122.095,41.879],[-122.129,41.788],[-122.106,41.731],[-122.049,41.697],[-121.867,41.685],[-121.81,41.662],[-121.708,41.56],[-121.651,41.549],[-121.571,41.56],[-121.423,41.662],[-121.263,41.867],[-121.104,42.129],[-120.842,42.289],[-120.819,42.391],[-120.899,42.448],[-121.024,42.448],[-121.229,42.3],[-121.298,42.278],[-121.366,42.266],[-121.434,42.312],[-121.468,42.426],[-121.457,42.494],[-121.411,42.562],[-121.309,42.631],[-121.081,42.699],[-120.819,42.745],[-120.557,42.836],[-120.204,42.995],[-119.737,43.155],[-119.247,43.28],[-118.507,43.496],[-117.994,43.61],[-117.831,43.595],[-117.527,43.663],[-117.356,43.77],[-117.231,43.884],[-117.037,43.963],[-116.924,43.975],[-116.832,44.009],[-116.616,44.054],[-115.716,44.476],[-115.488,44.544],[-114.645,44.647],[-114.531,44.647],[-114.395,44.624],[-114.235,44.51],[-114.178,44.43],[-114.087,44.237],[-113.973,44.168],[-113.734,44.111],[-113.62,44.123],[-113.518,44.157],[-113.449,44.203],[-113.381,44.282],[-113.153,44.419],[-113.005,44.465],[-112.618,44.521],[-112.023,44.442],[-111.289,44.497],[-110.875,44.465],[-110.693,44.385],[-110.556,44.271],[-110.374,44.172],[-110.249,44.225],[-110.226,44.328],[-110.26,44.419],[-110.34,44.499],[-110.476,44.578],[-110.704,44.658],[-110.978,44.704],[-111.274,44.704],[-111.752,44.795],[-112.128,44.829],[-112.572,44.829],[-112.88,44.795],[-113.165,44.715],[-113.461,44.692],[-113.723,44.726],[-113.985,44.818],[-114.486,44.943],[-115.033,45.023],[-115.579,45.034],[-115.75,45.0],[-115.921,44.943],[-116.092,44.863],[-116.263,44.726],[-116.354,44.624],[-116.513,44.487],[-116.844,44.237],[-116.958,44.168],[-117.197,44.066],[-117.482,43.986],[-118.051,43.941],[-118.393,43.838],[-118.666,43.736],[-118.997,43.656],[-119.429,43.508],[-119.635,43.474],[-119.931,43.371],[-120.307,43.212],[-120.455,43.132],[-120.682,43.052],[-120.853,42.972],[-121.537,42.722]]]}},{"type":"Feature","properties":{"density":3},"geometry":{"type":"Polygon","coordinates":[[[-120.453,44.519],[-120.548,44.519],[-120.588,44.478],[-120.605,44.394],[-120.413,44.192],[-120.393,44.215],[-120.396,44.259],[-120.44,44.33],[-120.443,44.364],[-120.403,44.411],[-120.393,44.475],[-120.453,44.519]]]}},{"type":"Feature","properties":{"density":3},"geometry":{"type":"Polygon","coordinates":[[[-121.313,45.418],[-121.591,45.444],[-121.637,45.423],[-121.652,45.393],[-121.652,45.302],[-121.596,45.221],[-121.525,45.16],[-121.292,45.059],[-121.257,44.988],[-121.247,44.897],[-121.211,44.816],[-121.085,44.72],[-120.968,44.699],[-120.822,44.71],[-120.619,44.775],[-120.427,44.775],[-120.379,44.791],[-120.249,44.897],[-119.783,44.89],[-119.586,44.902],[-119.445,44.932],[-119.358,44.973],[-119.328,45.013],[-119.328,45.039],[-119.348,45.059],[-119.439,45.074],[-119.581,45.039],[-119.702,44.972],[-119.776,44.951],[-119.927,44.971],[-120.071,45.034],[-120.134,45.109],[-120.148,45.188],[-119.941,45.436],[-119.883,45.578],[-119.92,45.646],[-119.981,45.676],[-120.052,45.683],[-120.228,45.615],[-120.4,45.453],[-120.521,45.362],[-120.781,45.268],[-120.899,45.268],[-121.014,45.295],[-121.176,45.379],[-121.313,45.418]]]}},{"type":"Feature","properties":{"density":3},"geometry":{"type":"Polygon","coordinates":[[[-118.06,45.796],[-118.104,45.793],[-118.168,45.729],[-118.263,45.708],[-118.273,45.654],[-118.172,45.637],[-118.131,45.651],[-117.611,45.928],[-117.51,45.965],[-117.257,46.009],[-117.014,46.026],[-116.984,46.042],[-116.977,46.069],[-117.007,46.09],[-117.082,46.093],[-117.372,46.056],[-117.993,45.833],[-118.06,45.796]]]}},{"type":"Feature","properties":{"density":3},"geometry":{"type":"Polygon","coordinates":[[[-105.836,35.938],[-105.889,35.942],[-105.91,35.916],[-105.881,35.803],[-105.83,35.795],[-105.723,35.823],[-105.727,35.856],[-105.752,35.885],[-105.836,35.938]]]}},{"type":"Feature","properties":{"density":3},"geometry":{"type":"Polygon","coordinates":[[[-123.631,41.142],[-123.696,41.155],[-123.723,41.118],[-123.727,41.052],[-123.578,40.82],[-123.554,40.859],[-123.639,41.002],[-123.637,41.055],[-123.604,41.109],[-123.631,41.142]]]}},{"type":"Feature","properties":{"density":3},"geometry":{"type":"Polygon","coordinates":[[[-121.622,42.593],[-121.7,42.535],[-121.696,42.283],[-121.709,42.221],[-121.791,42.113],[-121.957,42.002],[-122.002,41.956],[-122.031,41.894],[-122.052,41.762],[-122.023,41.716],[-121.977,41.7],[-121.911,41.704],[-121.799,41.762],[-121.762,41.758],[-121.638,41.683],[-121.58,41.671],[-121.506,41.671],[-121.407,41.7],[-121.349,41.778],[-121.349,41.915],[-121.324,41.969],[-121.283,42.01],[-121.068,42.15],[-120.923,42.303],[-120.774,42.419],[-120.27,42.688],[-120.165,42.781],[-120.165,42.837],[-120.214,42.886],[-120.363,42.88],[-120.654,42.725],[-120.915,42.558],[-121.039,42.452],[-121.163,42.39],[-121.287,42.372],[-121.33,42.409],[-121.337,42.496],[-121.275,42.651],[-121.2,42.731],[-120.791,43.041],[-120.679,43.103],[-120.026,43.296],[-119.433,43.5],[-119.024,43.565],[-118.168,43.779],[-117.592,43.9],[-117.061,44.058],[-115.89,44.495],[-115.601,44.588],[-114.774,44.811],[-114.541,44.895],[-114.113,44.979],[-113.818,45.008],[-113.285,44.942],[-113.211,44.914],[-112.839,44.895],[-112.662,44.923],[-112.43,44.997],[-112.393,45.053],[-112.383,45.137],[-112.402,45.174],[-112.458,45.221],[-112.746,45.304],[-113.146,45.314],[-113.937,45.304],[-114.271,45.239],[-114.662,45.137],[-114.82,45.063],[-115.406,44.877],[-116.234,44.579],[-117.108,44.291],[-119.514,43.615],[-120.01,43.444],[-120.521,43.361],[-120.837,43.258],[-121.414,42.84],[-121.622,42.593]]]}},{"type":"Feature","properties":{"density":3},"geometry":{"type":"Polygon","coordinates":[[[-121.421,45.453],[-121.47,45.453],[-121.632,45.378],[-121.669,45.341],[-121.675,45.291],[-121.638,45.242],[-121.57,45.217],[-121.359,45.211],[-121.185,45.161],[-121.061,45.099],[-120.9,44.907],[-120.795,44.895],[-120.745,44.895],[-120.627,44.938],[-120.528,45.0],[-120.323,45.093],[-120.144,45.105],[-119.92,45.18],[-119.815,45.267],[-119.809,45.329],[-119.833,45.378],[-119.889,45.428],[-119.97,45.446],[-120.156,45.453],[-120.311,45.422],[-120.801,45.527],[-120.962,45.533],[-121.284,45.496],[-121.421,45.453]]]}},{"type":"Feature","properties":{"density":3},"geometry":{"type":"Polygon","coordinates":[[[-118.178,45.69],[-118.234,45.69],[-118.237,45.672],[-118.177,45.62],[-118.008,45.574],[-117.967,45.597],[-118.009,45.631],[-118.178,45.69]]]}},{"type":"Feature","properties":{"density":3},"geometry":{"type":"Polygon","coordinates":[[[-118.076,45.802],[-118.107,45.766],[-118.098,45.734],[-118.081,45.729],[-117.947,45.729],[-117.769,45.681],[-117.725,45.701],[-117.738,45.744],[-117.794,45.767],[-117.885,45.782],[-117.997,45.778],[-118.048,45.808],[-118.076,45.802]]]}},{"type":"Feature","properties":{"density":3},"geometry":{"type":"Polygon","coordinates":[[[-120.375,48.026],[-120.554,48.115],[-120.681,48.137],[-120.772,48.126],[-120.937,48.073],[-121.21,48.054],[-121.279,48.037],[-121.329,48.002],[-121.287,47.924],[-121.202,47.856],[-121.097,47.814],[-120.695,47.712],[-120.541,47.61],[-120.436,47.489],[-120.359,47.426],[-120.262,47.382],[-120.053,47.335],[-119.819,47.318],[-119.562,47.348],[-119.187,47.486],[-118.953,47.646],[-118.939,47.74],[-118.981,47.789],[-119.052,47.809],[-119.215,47.803],[-119.656,47.712],[-119.86,47.712],[-120.086,47.795],[-120.268,47.924],[-120.375,48.026]]]}},{"type":"Feature","properties":{"density":3},"geometry":{"type":"Polygon","coordinates":[[[-119.351,48.9],[-119.69,48.925],[-119.762,48.917],[-119.812,48.886],[-119.922,48.762],[-119.941,48.669],[-119.925,48.602],[-119.883,48.569],[-119.746,48.553],[-119.704,48.528],[-119.652,48.523],[-119.544,48.561],[-119.445,48.649],[-119.283,48.713],[-119.222,48.773],[-119.216,48.815],[-119.244,48.859],[-119.351,48.9]]]}},{"type":"Feature","properties":{"density":3},"geometry":{"type":"Polygon","coordinates":[[[-121.167,48.855],[-121.224,48.874],[-121.231,48.854],[-121.216,48.835],[-121.082,48.781],[-121.096,48.81],[-121.167,48.855]]]}},{"type":"Feature","properties":{"density":3},"geometry":{"type":"Polygon","coordinates":[[[-121.077,49.077],[-121.142,49.113],[-121.144,49.073],[-121.115,49.004],[-121.088,48.974],[-121.04,48.97],[-121.028,49.001],[-121.077,49.077]]]}},{"type":"Feature","properties":{"density":3},"geometry":{"type":"Polygon","coordinates":[[[-120.569,49.056],[-120.599,49.064],[-120.631,49.048],[-120.67,48.945],[-120.658,48.888],[-120.621,48.863],[-120.548,48.866],[-120.444,48.953],[-120.48,48.999],[-120.569,49.056]]]}},{"type":"Feature","properties":{"density":3},"geometry":{"type":"Polygon","coordinates":[[[-119.794,49.708],[-119.839,49.706],[-119.874,49.686],[-119.894,49.664],[-119.885,49.623],[-119.83,49.568],[-119.673,49.496],[-119.61,49.375],[-119.582,49.361],[-119.538,49.372],[-119.511,49.4],[-119.508,49.427],[-119.538,49.524],[-119.596,49.582],[-119.794,49.708]]]}},{"type":"Feature","properties":{"density":3},"geometry":{"type":"Polygon","coordinates":[[[-113.119,45.687],[-113.238,45.621],[-113.257,45.588],[-113.257,45.542],[-113.224,45.509],[-113.106,45.489],[-112.862,45.562],[-112.5,45.582],[-111.947,45.681],[-111.551,45.707],[-111.136,45.76],[-110.906,45.799],[-110.86,45.819],[-110.846,45.845],[-110.853,45.891],[-110.893,45.937],[-110.945,45.964],[-111.334,46.03],[-111.538,46.03],[-111.723,46.01],[-112.348,45.832],[-112.974,45.727],[-113.119,45.687]]]}},{"type":"Feature","properties":{"density":3},"geometry":{"type":"Polygon","coordinates":[[[-115.236,46.908],[-115.25,46.826],[-115.212,46.797],[-115.124,46.838],[-115.048,46.914],[-114.949,46.949],[-114.931,46.975],[-114.937,47.013],[-114.978,47.043],[-115.007,47.037],[-115.165,46.972],[-115.236,46.908]]]}},{"type":"Feature","properties":{"density":3},"geometry":{"type":"Polygon","coordinates":[[[-116.995,44.545],[-117.019,44.539],[-117.009,44.504],[-116.847,44.502],[-116.833,44.52],[-116.841,44.547],[-116.86,44.555],[-116.995,44.545]]]}},{"type":"Feature","properties":{"density":3},"geometry":{"type":"Polygon","coordinates":[[[-115.867,43.212],[-116.143,42.983],[-116.622,42.777],[-116.701,42.716],[-116.776,42.597],[-116.872,42.391],[-116.881,42.294],[-116.82,42.241],[-116.67,42.237],[-116.521,42.145],[-116.477,42.136],[-116.271,42.197],[-116.007,42.329],[-115.77,42.413],[-115.607,42.448],[-115.283,42.461],[-115.173,42.487],[-115.111,42.522],[-115.081,42.579],[-115.085,42.619],[-115.146,42.654],[-115.37,42.641],[-115.445,42.658],[-115.528,42.716],[-115.528,42.755],[-115.392,42.922],[-115.427,42.97],[-115.542,42.983],[-115.607,43.019],[-115.665,43.229],[-115.704,43.256],[-115.752,43.26],[-115.867,43.212]]]}},{"type":"Feature","properties":{"density":3},"geometry":{"type":"Polygon","coordinates":[[[-121.715,36.259],[-121.745,36.238],[-121.731,36.21],[-121.653,36.191],[-121.542,36.091],[-121.501,36.084],[-121.485,36.142],[-121.518,36.191],[-121.715,36.259]]]}},{"type":"Feature","properties":{"density":3},"geometry":{"type":"Polygon","coordinates":[[[-123.659,41.144],[-123.688,41.127],[-123.679,41.089],[-123.524,40.954],[-123.401,40.752],[-123.31,40.717],[-123.278,40.737],[-123.26,40.799],[-123.322,40.922],[-123.339,41.051],[-123.38,41.127],[-123.419,41.159],[-123.477,41.171],[-123.659,41.144]]]}},{"type":"Feature","properties":{"density":3},"geometry":{"type":"Polygon","coordinates":[[[-121.16,42.836],[-121.305,42.757],[-121.68,42.658],[-121.785,42.586],[-121.739,42.342],[-121.759,42.23],[-121.825,42.118],[-122.003,41.908],[-122.036,41.802],[-122.036,41.749],[-122.003,41.703],[-121.911,41.684],[-121.68,41.71],[-121.476,41.664],[-121.37,41.657],[-121.193,41.697],[-121.067,41.835],[-120.909,42.276],[-120.83,42.369],[-120.646,42.52],[-120.402,42.691],[-120.224,42.77],[-119.849,42.869],[-119.638,42.955],[-119.401,43.087],[-119.131,43.166],[-118.9,43.337],[-118.518,43.679],[-118.406,43.759],[-118.261,43.831],[-116.761,44.099],[-116.272,44.248],[-115.487,44.455],[-114.879,44.692],[-114.582,44.781],[-114.242,44.87],[-113.545,45.018],[-113.189,45.048],[-111.455,45.063],[-110.566,45.018],[-109.943,45.018],[-109.025,44.929],[-108.743,44.885],[-108.135,44.737],[-107.617,44.574],[-107.439,44.44],[-107.276,44.055],[-107.142,43.907],[-106.935,43.759],[-106.757,43.655],[-106.446,43.536],[-106.134,43.492],[-105.794,43.477],[-105.616,43.536],[-105.512,43.684],[-105.512,43.877],[-105.542,44.04],[-105.631,44.188],[-105.868,44.44],[-106.209,44.707],[-106.564,44.959],[-106.905,45.152],[-107.35,45.359],[-107.809,45.522],[-108.476,45.611],[-108.773,45.626],[-111.455,45.641],[-112.552,45.552],[-112.789,45.493],[-113.16,45.493],[-113.975,45.433],[-115.487,45.122],[-115.813,45.033],[-116.628,44.766],[-117.102,44.559],[-117.576,44.381],[-118.614,44.144],[-119.429,43.877],[-119.933,43.684],[-120.333,43.462],[-120.644,43.21],[-120.733,43.106],[-121.16,42.836]]]}},{"type":"Feature","properties":{"density":3},"geometry":{"type":"Polygon","coordinates":[[[-117.75,45.509],[-118.007,45.503],[-118.205,45.424],[-118.521,45.226],[-118.771,45.127],[-118.976,45.094],[-119.344,45.068],[-119.726,44.956],[-120.062,44.897],[-120.24,44.824],[-120.451,44.627],[-120.537,44.567],[-120.55,44.521],[-120.537,44.429],[-120.484,44.396],[-120.207,44.383],[-119.977,44.343],[-119.819,44.337],[-119.753,44.383],[-119.496,44.706],[-119.285,44.837],[-119.008,44.943],[-118.521,45.068],[-118.317,45.061],[-118.126,45.002],[-118.014,45.009],[-117.849,45.094],[-117.731,45.206],[-117.48,45.338],[-117.408,45.391],[-117.381,45.443],[-117.401,45.476],[-117.467,45.516],[-117.75,45.509]]]}},{"type":"Feature","properties":{"density":3},"geometry":{"type":"Polygon","coordinates":[[[-121.795,45.108],[-121.953,45.075],[-121.986,45.022],[-121.966,44.989],[-121.913,44.982],[-121.558,44.969],[-121.393,44.87],[-121.241,44.837],[-121.176,44.837],[-121.077,44.884],[-121.037,45.002],[-121.05,45.068],[-121.09,45.108],[-121.169,45.127],[-121.406,45.134],[-121.525,45.114],[-121.795,45.108]]]}},{"type":"Feature","properties":{"density":3},"geometry":{"type":"Polygon","coordinates":[[[-121.116,45.615],[-121.386,45.542],[-121.472,45.49],[-121.604,45.331],[-121.604,45.279],[-121.571,45.233],[-121.446,45.147],[-121.36,45.114],[-121.097,45.101],[-120.807,45.206],[-120.609,45.22],[-120.438,45.108],[-120.3,45.088],[-120.194,45.101],[-120.082,45.147],[-119.773,45.345],[-119.186,45.602],[-118.943,45.602],[-118.778,45.562],[-118.692,45.562],[-118.449,45.628],[-118.271,45.714],[-118.119,45.839],[-118.066,45.905],[-117.875,46.287],[-117.856,46.392],[-117.796,46.544],[-117.612,46.728],[-117.579,46.82],[-117.572,46.912],[-117.599,46.998],[-117.691,47.057],[-117.803,47.09],[-117.981,47.103],[-118.178,47.044],[-118.29,46.952],[-118.514,46.84],[-118.547,46.774],[-118.554,46.695],[-118.429,46.385],[-118.455,46.287],[-118.528,46.194],[-118.692,46.036],[-118.87,45.911],[-118.989,45.885],[-119.081,45.891],[-119.568,46.089],[-119.753,46.115],[-119.885,46.109],[-120.155,45.984],[-120.392,45.918],[-120.747,45.74],[-121.116,45.615]]]}},{"type":"Feature","properties":{"density":3},"geometry":{"type":"Polygon","coordinates":[[[-117.869,45.944],[-118.058,45.834],[-118.066,45.742],[-118.097,45.694],[-118.137,45.667],[-118.15,45.624],[-118.119,45.518],[-118.062,45.417],[-117.983,45.36],[-117.926,45.351],[-117.847,45.364],[-117.794,45.404],[-117.632,45.593],[-117.522,45.659],[-117.333,45.847],[-117.223,45.905],[-117.008,45.984],[-116.977,46.01],[-116.969,46.049],[-116.995,46.089],[-117.096,46.12],[-117.439,46.071],[-117.869,45.944]]]}},{"type":"Feature","properties":{"density":3},"geometry":{"type":"Polygon","coordinates":[[[-118.471,49.089],[-118.846,49.135],[-119.834,49.149],[-119.979,49.103],[-120.052,49.03],[-120.058,48.905],[-120.032,48.839],[-119.88,48.608],[-119.808,48.569],[-119.689,48.536],[-119.492,48.549],[-119.083,48.655],[-118.951,48.674],[-118.741,48.681],[-118.589,48.668],[-118.233,48.602],[-118.016,48.595],[-117.845,48.602],[-117.786,48.668],[-117.805,48.734],[-117.845,48.773],[-118.135,48.892],[-118.378,49.05],[-118.471,49.089]]]}},{"type":"Feature","properties":{"density":3},"geometry":{"type":"Polygon","coordinates":[[[-119.722,49.201],[-119.834,49.221],[-120.124,49.214],[-120.262,49.208],[-120.434,49.175],[-120.532,49.135],[-120.677,49.023],[-120.71,48.911],[-120.677,48.859],[-120.605,48.839],[-120.144,48.931],[-120.012,48.944],[-119.689,48.925],[-119.61,48.951],[-119.584,49.004],[-119.584,49.05],[-119.663,49.175],[-119.722,49.201]]]}},{"type":"Feature","properties":{"density":3},"geometry":{"type":"Polygon","coordinates":[[[-113.915,52.045],[-114.192,52.211],[-115.137,52.545],[-115.86,52.656],[-117.527,52.656],[-118.25,52.601],[-119.195,52.434],[-119.973,52.323],[-120.64,52.045],[-121.14,51.6],[-121.473,51.044],[-121.584,50.377],[-121.64,49.544],[-121.64,48.766],[-121.473,48.154],[-121.362,47.654],[-121.14,47.265],[-120.417,46.728],[-120.195,46.728],[-119.824,46.765],[-119.491,46.913],[-119.12,47.024],[-118.75,47.209],[-118.157,47.432],[-117.787,47.543],[-116.934,47.913],[-116.564,47.987],[-116.156,47.987],[-115.934,47.95],[-115.749,47.728],[-115.6,47.395],[-115.526,47.135],[-115.341,47.024],[-115.008,46.95],[-114.563,46.95],[-114.155,47.135],[-113.563,47.617],[-113.377,47.691],[-112.97,47.765],[-112.451,47.765],[-111.784,47.691],[-111.592,47.635],[-110.878,47.614],[-109.835,47.493],[-109.005,47.432],[-108.227,47.432],[-107.894,47.469],[-106.14,47.543],[-105.843,47.518],[-105.448,47.419],[-104.682,47.049],[-104.312,46.851],[-103.842,46.678],[-103.373,46.555],[-102.459,46.456],[-101.965,46.308],[-101.57,46.16],[-101.199,45.987],[-100.631,45.493],[-100.137,44.924],[-99.47,43.986],[-99.174,43.689],[-98.655,43.319],[-98.112,43.097],[-97.618,42.924],[-96.555,42.664],[-96.333,42.59],[-96.111,42.479],[-95.777,42.183],[-95.629,41.997],[-95.518,41.775],[-95.444,41.442],[-95.444,40.886],[-95.518,40.589],[-95.703,40.33],[-95.926,40.071],[-96.444,39.7],[-97.185,39.404],[-97.408,39.33],[-97.889,39.07],[-98.038,38.959],[-98.186,38.737],[-98.334,38.44],[-98.408,37.959],[-98.408,37.662],[-98.26,37.403],[-98.075,37.292],[-97.778,37.218],[-97.185,37.218],[-96.778,37.255],[-95.851,37.477],[-95.259,37.699],[-94.74,37.922],[-94.258,38.181],[-93.814,38.514],[-93.147,39.181],[-92.85,39.515],[-92.035,40.182],[-91.85,40.367],[-91.553,40.515],[-91.257,40.738],[-91.183,40.997],[-91.146,41.33],[-91.257,41.664],[-91.368,41.886],[-91.59,42.146],[-91.887,42.405],[-92.22,42.627],[-92.48,42.85],[-93.221,43.739],[-93.295,44.035],[-93.295,44.295],[-93.184,44.517],[-93.035,44.739],[-92.813,44.962],[-92.349,45.069],[-91.498,45.202],[-91.331,45.314],[-91.164,45.591],[-91.164,45.925],[-91.275,46.203],[-91.831,46.87],[-92.22,47.259],[-93.443,48.092],[-93.999,48.37],[-94.61,48.593],[-95.055,48.704],[-95.889,48.871],[-96.611,48.926],[-97.222,49.037],[-98.056,49.26],[-98.834,49.426],[-100.668,49.927],[-102.058,50.038],[-102.725,50.038],[-103.558,49.982],[-104.448,49.871],[-105.337,49.704],[-106.115,49.593],[-107.004,49.538],[-108.005,49.538],[-109.005,49.593],[-109.728,49.815],[-110.339,50.038],[-111.673,50.649],[-112.822,51.205],[-113.377,51.687],[-113.915,52.045]]]}},{"type":"Feature","properties":{"density":3},"geometry":{"type":"Polygon","coordinates":[[[-120.785,51.637],[-121.784,51.78],[-122.037,51.801],[-122.278,51.801],[-122.487,51.78],[-122.772,51.648],[-122.871,51.549],[-122.937,51.428],[-122.926,51.285],[-122.86,51.198],[-122.696,51.176],[-122.311,51.187],[-122.103,51.209],[-121.916,51.209],[-121.751,51.187],[-121.016,50.967],[-120.807,50.934],[-120.621,50.923],[-120.456,50.956],[-120.324,51.033],[-120.236,51.143],[-120.214,51.264],[-120.291,51.45],[-120.357,51.527],[-120.555,51.637],[-120.785,51.637]]]}},{"type":"Feature","properties":{"density":3},"geometry":{"type":"Polygon","coordinates":[[[-117.592,63.8],[-117.691,63.916],[-117.872,64.047],[-118.102,64.179],[-118.3,64.261],[-118.547,64.278],[-118.778,64.261],[-118.975,64.179],[-119.156,64.064],[-119.65,63.685],[-119.848,63.586],[-120.111,63.52],[-121.462,63.487],[-122.269,63.356],[-122.598,63.224],[-122.944,63.026],[-123.224,62.812],[-123.471,62.565],[-123.619,62.318],[-123.751,62.055],[-123.784,61.808],[-123.734,61.61],[-123.537,61.429],[-123.29,61.347],[-122.96,61.281],[-122.664,61.264],[-122.104,61.347],[-121.791,61.429],[-121.33,61.577],[-121.05,61.61],[-120.803,61.594],[-120.49,61.445],[-120.293,61.396],[-120.062,61.38],[-119.519,61.495],[-118.876,61.692],[-118.284,61.824],[-117.658,61.808],[-117.016,61.709],[-116.489,61.692],[-116.258,61.709],[-116.06,61.758],[-115.912,61.874],[-115.78,62.038],[-115.764,62.203],[-115.813,62.351],[-115.978,62.516],[-116.143,62.598],[-116.357,62.664],[-116.522,62.746],[-116.818,62.928],[-117.016,63.092],[-117.46,63.57],[-117.592,63.8]]]}},{"type":"Feature","properties":{"density":3},"geometry":{"type":"Polygon","coordinates":[[[-68.743,46.838],[-69.435,46.665],[-69.855,46.616],[-70.373,46.616],[-71.386,46.566],[-71.856,46.566],[-72.448,46.517],[-73.511,46.344],[-74.005,46.221],[-74.597,45.998],[-74.82,45.875],[-74.968,45.653],[-74.919,45.455],[-74.696,45.307],[-74.474,45.257],[-74.103,45.257],[-71.954,45.381],[-71.065,45.381],[-70.596,45.282],[-70.25,45.183],[-69.978,45.035],[-69.855,44.911],[-69.83,44.689],[-69.954,44.368],[-70.373,43.652],[-70.67,43.355],[-70.991,43.133],[-71.584,42.762],[-71.757,42.614],[-71.954,42.417],[-72.103,42.219],[-72.201,41.972],[-72.152,41.774],[-71.93,41.725],[-71.559,41.7],[-71.238,41.75],[-70.497,41.947],[-68.644,42.54],[-68.397,42.762],[-67.903,43.281],[-67.582,43.775],[-66.965,44.911],[-66.594,45.998],[-66.545,46.468],[-66.693,46.863],[-66.841,46.937],[-67.286,47.036],[-67.483,47.036],[-67.73,47.085],[-68.101,47.085],[-68.743,46.838]]]}}]}