{"type":"FeatureCollection","features":[{"type":"Feature","properties":{"density":1},"geometry":{"type":"Polygon","coordinates":[[[-71.621,18.188],[-71.727,18.256],[-71.931,18.319],[-72.099,18.35],[-72.359,18.343],[-72.719,18.43],[-73.016,18.362],[-73.091,18.288],[-73.066,18.232],[-72.954,18.163],[-72.632,18.039],[-72.099,17.953],[-71.814,17.959],[-71.597,18.015],[-71.528,18.101],[-71.528,18.139],[-71.535,18.163],[-71.578,18.188],[-71.621,18.188]]]}},{"type":"Feature","properties":{"density":1},"geometry":{"type":"Polygon","coordinates":[[[-78.659,21.842],[-78.827,21.787],[-78.973,21.776],[-79.103,21.79],[-79.147,21.806],[-79.235,21.875],[-79.257,21.936],[-79.197,21.994],[-79.108,22.005],[-78.993,21.994],[-78.621,21.928],[-78.607,21.919],[-78.618,21.875],[-78.659,21.842]]]}},{"type":"Feature","properties":{"density":1},"geometry":{"type":"Polygon","coordinates":[[[-83.061,29.323],[-83.105,29.279],[-83.155,29.268],[-83.254,29.298],[-83.32,29.337],[-83.384,29.414],[-83.373,29.507],[-83.329,29.557],[-83.282,29.576],[-83.205,29.576],[-83.127,29.543],[-83.048,29.458],[-83.042,29.397],[-83.061,29.323]]]}},{"type":"Feature","properties":{"density":1},"geometry":{"type":"Polygon","coordinates":[[[-82.733,29.758],[-82.797,29.703],[-82.91,29.67],[-83.056,29.703],[-83.122,29.819],[-83.114,29.907],[-83.042,30.02],[-82.742,30.293],[-82.664,30.271],[-82.631,30.174],[-82.631,30.012],[-82.656,29.899],[-82.733,29.758]]]}},{"type":"Feature","properties":{"density":1},"geometry":{"type":"Polygon","coordinates":[[[-81.356,32.865],[-81.18,32.865],[-81.114,32.838],[-81.155,32.802],[-81.323,32.796],[-81.381,32.818],[-81.389,32.838],[-81.356,32.865]]]}},{"type":"Feature","properties":{"density":1},"geometry":{"type":"Polygon","coordinates":[[[-102.119,17.931],[-102.371,18.092],[-102.437,18.092],[-102.524,18.067],[-102.673,17.985],[-102.743,17.968],[-102.884,17.968],[-103.053,17.993],[-103.156,18.047],[-103.185,18.1],[-103.185,18.158],[-103.053,18.311],[-102.958,18.373],[-102.755,18.46],[-102.66,18.464],[-102.557,18.443],[-102.441,18.477],[-102.404,18.464],[-102.416,18.427],[-102.503,18.365],[-102.28,18.249],[-102.098,18.113],[-102.065,18.055],[-102.057,17.956],[-102.09,17.931],[-102.119,17.931]]]}},{"type":"Feature","properties":{"density":1},"geometry":{"type":"Polygon","coordinates":[[[-119.357,36.466],[-119.253,36.284],[-119.241,36.185],[-119.245,36.144],[-119.286,36.094],[-119.328,36.086],[-119.431,36.144],[-119.658,36.433],[-119.683,36.495],[-119.667,36.615],[-119.621,36.64],[-119.559,36.64],[-119.357,36.466]]]}},{"type":"Feature","properties":{"density":1},"geometry":{"type":"Polygon","coordinates":[[[-112.489,38.488],[-112.535,38.469],[-112.609,38.367],[-112.637,38.227],[-112.6,38.125],[-112.489,38.078],[-112.33,38.088],[-112.191,38.162],[-112.117,38.246],[-112.098,38.348],[-112.154,38.441],[-112.247,38.506],[-112.414,38.525],[-112.489,38.488]]]}},{"type":"Feature","properties":{"density":1},"geometry":{"type":"Polygon","coordinates":[[[-90.847,48.988],[-90.959,49.013],[-91.076,48.982],[-91.194,48.92],[-91.417,48.69],[-91.399,48.597],[-91.138,48.61],[-90.965,48.672],[-90.835,48.74],[-90.785,48.845],[-90.773,48.913],[-90.847,48.988]]]}},{"type":"Feature","properties":{"density":1},"geometry":{"type":"Polygon","coordinates":[[[-72.745,53.988],[-72.893,54.007],[-73.079,53.821],[-73.024,53.746],[-72.772,53.635],[-72.289,53.477],[-71.61,53.319],[-70.773,52.975],[-70.587,52.965],[-70.54,53.049],[-70.698,53.235],[-70.987,53.421],[-71.145,53.588],[-71.182,53.83],[-71.136,54.016],[-71.136,54.295],[-71.219,54.63],[-71.415,55.095],[-71.526,55.142],[-71.638,55.142],[-71.768,55.03],[-71.833,54.853],[-71.842,54.537],[-71.88,54.37],[-71.963,54.193],[-72.196,54.035],[-72.326,53.988],[-72.745,53.988]]]}},{"type":"Feature","properties":{"density":1},"geometry":{"type":"Polygon","coordinates":[[[-119.53,63.746],[-119.66,63.598],[-119.799,63.523],[-119.967,63.598],[-120.199,63.793],[-120.45,63.96],[-120.813,64.109],[-121.055,64.295],[-121.157,64.416],[-121.232,64.677],[-121.194,64.742],[-121.018,64.732],[-120.86,64.686],[-120.711,64.732],[-120.776,65.049],[-120.739,65.169],[-120.627,65.318],[-120.515,65.421],[-120.376,65.495],[-120.106,65.523],[-119.957,65.328],[-119.92,65.058],[-119.613,64.342],[-119.502,63.951],[-119.53,63.746]]]}},{"type":"Feature","properties":{"density":1},"geometry":{"type":"Polygon","coordinates":[[[-117.327,65.207],[-117.513,65.551],[-117.885,66.016],[-117.987,66.09],[-117.969,65.895],[-117.69,65.374],[-117.587,65.262],[-117.55,65.179],[-117.466,65.123],[-117.401,65.123],[-117.327,65.207]]]}},{"type":"Feature","properties":{"density":1},"geometry":{"type":"Polygon","coordinates":[[[-115.094,59.6],[-114.643,59.885],[-114.478,59.919],[-114.432,59.881],[-114.453,59.819],[-114.924,59.497],[-114.982,59.48],[-115.073,59.497],[-115.094,59.6]]]}},{"type":"Feature","properties":{"density":1},"geometry":{"type":"Polygon","coordinates":[[[-115.726,59.571],[-115.693,59.617],[-115.681,59.687],[-115.673,59.811],[-115.697,59.898],[-115.726,59.885],[-115.763,59.803],[-115.776,59.571],[-115.726,59.571]]]}},{"type":"Feature","properties":{"density":1},"geometry":{"type":"Polygon","coordinates":[[[-111.902,36.11],[-111.972,35.691],[-112.153,35.049],[-112.153,34.868],[-112.084,34.701],[-111.791,34.589],[-111.581,34.645],[-111.33,34.882],[-110.828,35.594],[-110.591,35.873],[-110.382,36.026],[-109.991,36.193],[-109.586,36.319],[-109.321,36.333],[-109.0,36.277],[-108.735,36.096],[-108.596,35.845],[-108.54,35.58],[-108.54,35.259],[-108.638,34.84],[-108.763,34.422],[-108.861,34.143],[-108.987,33.961],[-109.084,33.64],[-109.098,33.334],[-109.042,33.11],[-108.861,32.887],[-108.582,32.803],[-108.373,32.845],[-107.801,33.041],[-107.285,32.636],[-107.504,32.071],[-107.912,31.475],[-108.477,30.91],[-109.105,30.502],[-110.235,30.062],[-111.648,28.744],[-112.213,28.116],[-112.652,27.582],[-114.41,26.567],[-115.038,26.17],[-115.728,25.835],[-117.026,25.27],[-117.549,24.935],[-118.009,24.475],[-118.093,23.91],[-117.423,22.885],[-115.937,21.545],[-115.059,20.666],[-114.075,19.85],[-111.124,17.172],[-110.497,16.753],[-110.015,16.335],[-109.241,15.435],[-108.922,14.844],[-108.503,14.132],[-108.127,13.63],[-107.687,13.212],[-106.934,12.877],[-105.365,12.814],[-102.163,14.237],[-100.761,14.886],[-98.001,17.662],[-97.562,17.882],[-97.279,18.07],[-96.683,17.944],[-96.149,17.976],[-95.474,17.704],[-94.699,17.432],[-92.816,17.641],[-91.477,18.018],[-90.744,18.373],[-90.263,18.834],[-89.468,19.88],[-89.112,20.612],[-89.133,21.973],[-88.882,22.517],[-88.38,23.165],[-87.961,23.584],[-87.229,24.233],[-86.455,24.609],[-85.471,24.798],[-85.032,24.798],[-79.193,27.863],[-77.812,28.711],[-76.839,29.056],[-74.422,30.343],[-66.677,33.403],[-63.852,33.121],[-61.027,32.132],[-59.285,31.897],[-57.967,32.603],[-56.742,34.062],[-55.942,34.816],[-54.765,35.334],[-53.211,35.051],[-51.375,34.345],[-49.633,34.251],[-47.608,34.486],[-46.29,34.957],[-41.111,37.97],[-40.075,39.289],[-39.51,40.654],[-38.568,42.679],[-38.827,48.941],[-40.946,50.212],[-45.042,51.06],[-46.455,52.896],[-45.607,53.814],[-29.081,57.345],[-20.394,60.029],[-16.58,64.125],[-16.439,65.749],[-17.075,67.444],[-18.911,68.857],[-22.019,69.493],[-32.118,69.069],[-37.274,68.151],[-43.277,66.668],[-54.859,65.608],[-56.837,65.961],[-62.628,70.552],[-65.877,73.871],[-74.634,79.098],[-82.615,80.934],[-93.35,81.781],[-100.342,81.781],[-108.958,81.64],[-115.526,80.298],[-130.993,74.154],[-133.253,72.035],[-133.818,70.481],[-133.535,65.396],[-132.9,63.843],[-131.628,62.359],[-129.651,60.876],[-127.461,59.746],[-125.06,58.828],[-122.8,58.122],[-119.575,59.244],[-117.739,58.915],[-116.044,57.973],[-114.16,56.607],[-113.03,55.477],[-112.277,54.677],[-111.428,53.955],[-110.863,53.296],[-110.266,52.7],[-109.576,51.758],[-109.105,51.067],[-108.854,50.565],[-108.728,49.78],[-108.854,49.09],[-108.854,48.525],[-109.419,48.117],[-109.701,47.583],[-110.455,47.175],[-111.302,46.547],[-111.791,45.637],[-111.759,45.292],[-111.602,45.041],[-111.32,44.852],[-111.069,44.57],[-110.661,44.35],[-110.19,44.036],[-109.844,43.722],[-109.279,43.377],[-108.84,43.032],[-108.777,42.843],[-108.966,42.467],[-109.279,42.153],[-109.75,41.902],[-110.347,41.4],[-111.152,39.816],[-111.208,39.495],[-111.696,37.528],[-111.902,36.11]]]}},{"type":"Feature","properties":{"density":1},"geometry":{"type":"Polygon","coordinates":[[[-100.883,56.63],[-101.027,56.708],[-101.315,56.938],[-101.686,57.336],[-101.691,57.419],[-101.632,57.451],[-101.583,57.458],[-101.385,57.404],[-101.045,57.246],[-100.977,57.194],[-100.845,57.019],[-100.742,56.746],[-100.742,56.689],[-100.763,56.645],[-100.83,56.621],[-100.883,56.63]]]}},{"type":"Feature","properties":{"density":1},"geometry":{"type":"Polygon","coordinates":[[[-102.041,56.744],[-102.174,56.852],[-102.271,56.96],[-102.336,57.079],[-102.43,57.412],[-102.521,57.645],[-102.552,57.852],[-102.526,57.933],[-102.491,57.974],[-102.38,58.019],[-102.253,58.019],[-102.045,57.974],[-101.934,57.923],[-101.823,57.842],[-101.6,57.554],[-101.539,57.442],[-101.519,57.371],[-101.423,56.89],[-101.416,56.827],[-101.432,56.794],[-101.504,56.758],[-101.643,56.782],[-101.751,56.857],[-101.785,56.904],[-101.81,56.863],[-101.801,56.755],[-101.821,56.722],[-101.863,56.701],[-101.945,56.703],[-102.041,56.744]]]}},{"type":"Feature","properties":{"density":1},"geometry":{"type":"Polygon","coordinates":[[[-99.777,56.398],[-99.953,56.486],[-100.131,56.614],[-100.353,56.925],[-100.344,57.015],[-100.322,57.046],[-100.209,57.112],[-100.056,57.123],[-99.888,57.071],[-99.813,57.013],[-99.786,56.952],[-99.732,56.7],[-99.638,56.493],[-99.627,56.412],[-99.638,56.344],[-99.674,56.335],[-99.777,56.398]]]}},{"type":"Feature","properties":{"density":1},"geometry":{"type":"Polygon","coordinates":[[[-98.759,56.583],[-98.862,56.602],[-98.945,56.637],[-99.026,56.728],[-99.047,56.782],[-99.041,56.805],[-99.011,56.818],[-98.93,56.796],[-98.751,56.688],[-98.714,56.62],[-98.729,56.584],[-98.759,56.583]]]}},{"type":"Feature","properties":{"density":1},"geometry":{"type":"Polygon","coordinates":[[[-101.398,56.231],[-101.619,56.393],[-101.668,56.472],[-101.673,56.589],[-101.607,56.663],[-101.542,56.681],[-101.497,56.676],[-101.403,56.618],[-101.319,56.247],[-101.349,56.213],[-101.398,56.231]]]}},{"type":"Feature","properties":{"density":1},"geometry":{"type":"Polygon","coordinates":[[[-95.734,57.387],[-95.928,57.447],[-96.094,57.459],[-96.171,57.438],[-96.193,57.373],[-96.171,57.325],[-96.123,57.28],[-96.043,57.246],[-95.94,57.244],[-95.739,57.274],[-95.691,57.295],[-95.688,57.339],[-95.734,57.387]]]}},{"type":"Feature","properties":{"density":1},"geometry":{"type":"Polygon","coordinates":[[[-94.63,58.026],[-94.759,58.035],[-94.822,57.987],[-94.867,57.922],[-94.867,57.81],[-94.824,57.715],[-94.788,57.684],[-94.579,57.618],[-94.48,57.621],[-94.421,57.663],[-94.408,57.702],[-94.43,57.74],[-94.516,57.785],[-94.552,57.834],[-94.565,57.999],[-94.63,58.026]]]}},{"type":"Feature","properties":{"density":1},"geometry":{"type":"Polygon","coordinates":[[[-95.15,57.027],[-95.303,57.052],[-95.66,56.994],[-95.705,56.949],[-95.652,56.838],[-95.413,56.588],[-95.024,56.467],[-94.664,56.39],[-94.44,56.366],[-94.257,56.379],[-94.174,56.413],[-94.127,56.46],[-94.129,56.514],[-94.158,56.562],[-94.239,56.608],[-94.729,56.705],[-95.015,56.811],[-95.06,56.838],[-95.062,56.973],[-95.078,57.0],[-95.15,57.027]]]}},{"type":"Feature","properties":{"density":1},"geometry":{"type":"Polygon","coordinates":[[[-93.798,57.043],[-93.919,57.043],[-94.088,56.998],[-94.167,56.93],[-94.176,56.759],[-94.099,56.46],[-93.998,56.298],[-93.883,56.257],[-93.802,56.273],[-93.757,56.307],[-93.649,56.476],[-93.645,56.554],[-93.712,56.797],[-93.703,57.002],[-93.735,57.031],[-93.798,57.043]]]}},{"type":"Feature","properties":{"density":1},"geometry":{"type":"Polygon","coordinates":[[[-75.206,54.046],[-74.67,54.046],[-74.146,54.08],[-73.805,54.137],[-73.019,54.228],[-72.119,54.445],[-71.663,54.718],[-71.595,54.735],[-71.151,54.479],[-70.929,54.223],[-70.843,54.035],[-70.775,53.693],[-70.553,53.004],[-70.439,52.844],[-69.972,52.434],[-68.65,51.711],[-67.386,51.438],[-66.686,51.079],[-66.515,50.805],[-66.498,50.617],[-66.515,50.464],[-66.583,50.344],[-66.822,50.207],[-66.942,50.19],[-67.437,50.139],[-68.223,50.224],[-69.026,50.395],[-69.795,50.6],[-70.222,50.737],[-70.872,50.874],[-71.726,51.113],[-72.717,51.25],[-74.05,51.625],[-74.289,51.711],[-74.836,51.967],[-75.382,52.155],[-75.792,52.514],[-75.849,52.616],[-75.986,53.118],[-75.975,53.311],[-75.94,53.494],[-75.656,53.881],[-75.206,54.046]]]}},{"type":"Feature","properties":{"density":1},"geometry":{"type":"Polygon","coordinates":[[[-86.214,15.227],[-86.325,15.251],[-86.475,15.252],[-86.528,15.228],[-86.543,15.194],[-86.538,15.177],[-86.436,15.162],[-86.25,15.162],[-86.208,15.182],[-86.214,15.227]]]}},{"type":"Feature","properties":{"density":1},"geometry":{"type":"Polygon","coordinates":[[[-108.693,33.381],[-108.112,33.873],[-107.636,34.18],[-107.474,34.254],[-106.914,34.44],[-106.725,34.447],[-106.651,34.43],[-106.573,34.379],[-106.526,34.267],[-106.529,34.139],[-106.569,34.006],[-106.603,33.965],[-106.677,33.923],[-107.145,33.794],[-107.439,33.73],[-107.586,33.715],[-107.728,33.628],[-107.845,33.529],[-107.955,33.409],[-108.097,33.175],[-108.144,33.13],[-108.191,33.112],[-108.252,33.117],[-108.441,33.191],[-108.661,33.211],[-108.713,33.241],[-108.72,33.322],[-108.693,33.381]]]}},{"type":"Feature","properties":{"density":1},"geometry":{"type":"Polygon","coordinates":[[[-111.996,35.091],[-111.935,35.442],[-111.753,35.935],[-111.672,36.087],[-111.552,36.245],[-111.43,36.367],[-111.344,36.392],[-111.299,36.367],[-111.238,36.23],[-111.142,36.139],[-111.081,36.007],[-110.985,35.638],[-111.0,35.45],[-111.106,35.309],[-111.319,35.207],[-111.39,35.157],[-111.526,35.04],[-111.628,34.904],[-111.761,34.828],[-111.905,34.814],[-111.973,34.825],[-112.006,34.855],[-112.027,34.902],[-112.024,34.992],[-112.018,35.05],[-111.996,35.091]]]}},{"type":"Feature","properties":{"density":1},"geometry":{"type":"Polygon","coordinates":[[[-112.165,39.165],[-111.989,39.395],[-111.837,39.753],[-111.751,39.813],[-111.68,39.813],[-111.615,39.722],[-111.61,39.535],[-111.756,39.226],[-111.863,39.13],[-112.022,39.085],[-112.143,39.09],[-112.165,39.165]]]}},{"type":"Feature","properties":{"density":1},"geometry":{"type":"Polygon","coordinates":[[[-112.544,38.373],[-112.448,38.488],[-112.322,38.572],[-112.285,38.578],[-112.195,38.554],[-112.142,38.511],[-112.12,38.46],[-112.123,38.397],[-112.169,38.353],[-112.454,38.176],[-112.52,38.206],[-112.55,38.242],[-112.568,38.301],[-112.544,38.373]]]}},{"type":"Feature","properties":{"density":1},"geometry":{"type":"Polygon","coordinates":[[[-119.405,36.33],[-119.504,36.386],[-119.565,36.445],[-119.662,36.586],[-119.68,36.643],[-119.675,36.685],[-119.648,36.724],[-119.612,36.739],[-119.587,36.728],[-119.493,36.67],[-119.432,36.604],[-119.344,36.42],[-119.349,36.355],[-119.405,36.33]]]}},{"type":"Feature","properties":{"density":1},"geometry":{"type":"Polygon","coordinates":[[[-106.466,39.264],[-106.375,39.358],[-106.311,39.385],[-106.078,39.439],[-105.926,39.449],[-105.518,39.443],[-105.369,39.358],[-105.335,39.311],[-105.356,39.264],[-105.386,39.25],[-105.592,39.223],[-106.118,39.193],[-106.301,39.149],[-106.409,39.162],[-106.459,39.188],[-106.466,39.264]]]}},{"type":"Feature","properties":{"density":1},"geometry":{"type":"Polygon","coordinates":[[[-102.461,18.502],[-102.548,18.463],[-102.715,18.493],[-102.839,18.475],[-102.884,18.425],[-102.94,18.225],[-102.924,18.083],[-102.872,18.043],[-102.753,18.034],[-102.611,18.09],[-102.537,18.151],[-102.427,18.205],[-102.425,18.268],[-102.479,18.315],[-102.476,18.331],[-102.418,18.349],[-102.395,18.376],[-102.386,18.452],[-102.418,18.488],[-102.461,18.502]]]}},{"type":"Feature","properties":{"density":1},"geometry":{"type":"Polygon","coordinates":[[[-94.324,16.476],[-94.249,16.475],[-94.192,16.454],[-94.153,16.406],[-94.184,16.389],[-94.298,16.414],[-94.335,16.431],[-94.341,16.452],[-94.324,16.476]]]}},{"type":"Feature","properties":{"density":1},"geometry":{"type":"Polygon","coordinates":[[[-112.459,41.694],[-112.494,41.835],[-112.473,41.924],[-112.431,41.952],[-112.378,41.961],[-112.299,41.94],[-112.284,41.922],[-112.284,41.868],[-112.359,41.709],[-112.389,41.682],[-112.44,41.679],[-112.459,41.694]]]}},{"type":"Feature","properties":{"density":1},"geometry":{"type":"Polygon","coordinates":[[[-98.235,31.398],[-98.151,31.718],[-98.113,31.767],[-98.073,31.774],[-98.055,31.74],[-98.066,31.533],[-98.181,31.356],[-98.221,31.349],[-98.235,31.398]]]}},{"type":"Feature","properties":{"density":1},"geometry":{"type":"Polygon","coordinates":[[[-81.312,32.892],[-81.409,32.863],[-81.492,32.818],[-81.546,32.765],[-81.553,32.738],[-81.533,32.719],[-81.466,32.73],[-81.314,32.8],[-81.181,32.841],[-81.188,32.906],[-81.209,32.919],[-81.273,32.919],[-81.312,32.892]]]}},{"type":"Feature","properties":{"density":1},"geometry":{"type":"Polygon","coordinates":[[[-77.643,34.759],[-77.594,34.817],[-77.589,34.843],[-77.604,34.853],[-77.745,34.834],[-77.757,34.82],[-77.76,34.792],[-77.727,34.748],[-77.664,34.742],[-77.643,34.759]]]}},{"type":"Feature","properties":{"density":1},"geometry":{"type":"Polygon","coordinates":[[[-83.984,31.453],[-84.232,31.468],[-84.31,31.45],[-84.307,31.42],[-84.227,31.385],[-84.053,31.354],[-83.986,31.372],[-83.944,31.408],[-83.939,31.424],[-83.959,31.45],[-83.984,31.453]]]}},{"type":"Feature","properties":{"density":1},"geometry":{"type":"Polygon","coordinates":[[[-95.734,57.284],[-96.155,57.309],[-96.472,57.41],[-96.692,57.601],[-96.724,57.667],[-96.719,57.723],[-96.677,57.759],[-96.627,57.768],[-96.236,57.694],[-95.903,57.588],[-95.842,57.552],[-95.698,57.403],[-95.689,57.307],[-95.734,57.284]]]}},{"type":"Feature","properties":{"density":1},"geometry":{"type":"Polygon","coordinates":[[[-94.543,58.07],[-94.583,58.15],[-94.739,58.242],[-95.101,58.348],[-95.168,58.33],[-95.243,58.282],[-95.28,57.959],[-95.265,57.893],[-95.202,57.791],[-95.116,57.711],[-94.983,57.639],[-94.683,57.539],[-94.534,57.518],[-94.431,57.542],[-94.395,57.605],[-94.417,57.701],[-94.525,57.863],[-94.554,57.993],[-94.543,58.07]]]}},{"type":"Feature","properties":{"density":1},"geometry":{"type":"Polygon","coordinates":[[[-96.312,58.225],[-96.49,58.267],[-96.831,58.425],[-96.878,58.481],[-96.88,58.555],[-96.842,58.578],[-96.723,58.589],[-96.57,58.566],[-96.365,58.467],[-96.302,58.413],[-96.246,58.29],[-96.25,58.245],[-96.29,58.218],[-96.312,58.225]]]}},{"type":"Feature","properties":{"density":1},"geometry":{"type":"Polygon","coordinates":[[[-93.712,58.43],[-93.895,58.544],[-93.976,58.619],[-94.168,58.838],[-94.249,58.953],[-94.32,59.091],[-94.36,59.236],[-94.337,59.408],[-94.293,59.473],[-94.161,59.486],[-93.976,59.435],[-93.55,59.206],[-93.517,59.132],[-93.503,58.99],[-93.53,58.747],[-93.591,58.443],[-93.631,58.413],[-93.712,58.43]]]}},{"type":"Feature","properties":{"density":1},"geometry":{"type":"Polygon","coordinates":[[[-95.152,57.152],[-95.598,57.258],[-95.688,57.258],[-95.881,57.208],[-96.037,57.148],[-96.121,57.08],[-96.123,57.055],[-96.073,56.918],[-95.976,56.812],[-95.769,56.659],[-95.413,56.509],[-95.22,56.446],[-94.999,56.314],[-94.776,56.254],[-94.653,56.254],[-94.507,56.27],[-94.374,56.32],[-94.317,56.404],[-94.3,56.498],[-94.345,56.573],[-94.423,56.629],[-94.706,56.643],[-94.944,56.677],[-95.136,56.724],[-95.209,56.763],[-95.213,56.792],[-95.164,56.803],[-94.943,56.821],[-94.871,56.864],[-94.844,56.932],[-94.972,57.08],[-95.152,57.152]]]}},{"type":"Feature","properties":{"density":1},"geometry":{"type":"Polygon","coordinates":[[[-93.578,57.208],[-93.971,57.296],[-94.106,57.314],[-94.174,57.305],[-94.223,57.28],[-94.272,57.178],[-94.449,57.075],[-94.49,56.958],[-94.512,56.8],[-94.463,56.515],[-94.419,56.394],[-94.311,56.323],[-94.163,56.255],[-94.058,56.269],[-93.886,56.417],[-93.832,56.569],[-93.828,56.751],[-93.792,56.816],[-93.7,56.973],[-93.497,57.111],[-93.488,57.156],[-93.515,57.195],[-93.578,57.208]]]}},{"type":"Feature","properties":{"density":1},"geometry":{"type":"Polygon","coordinates":[[[-91.837,56.611],[-91.956,56.651],[-92.172,56.675],[-92.238,56.639],[-92.244,56.614],[-92.232,56.585],[-92.136,56.554],[-91.851,56.53],[-91.822,56.557],[-91.837,56.611]]]}},{"type":"Feature","properties":{"density":1},"geometry":{"type":"Polygon","coordinates":[[[-75.018,53.743],[-74.938,53.709],[-74.369,53.698],[-73.708,53.652],[-73.344,53.686],[-73.184,53.834],[-72.922,54.347],[-72.831,54.438],[-72.558,54.472],[-71.817,54.415],[-71.475,54.29],[-70.61,53.686],[-70.04,52.969],[-69.721,52.707],[-69.277,52.456],[-69.038,52.217],[-68.673,51.955],[-68.047,51.636],[-67.739,51.431],[-66.6,51.146],[-66.145,51.1],[-65.712,51.1],[-64.812,51.157],[-64.368,51.226],[-63.718,51.294],[-63.172,51.328],[-62.773,51.249],[-62.54,51.145],[-62.358,50.997],[-62.233,50.849],[-62.016,50.701],[-61.879,50.519],[-61.561,50.359],[-61.321,50.053],[-61.03,49.847],[-60.825,49.608],[-60.774,49.164],[-61.269,48.344],[-61.509,48.053],[-62.571,47.178],[-63.224,46.866],[-63.679,46.806],[-64.089,46.721],[-64.294,46.772],[-64.584,47.176],[-64.735,47.436],[-64.887,48.15],[-65.008,48.491],[-65.175,48.613],[-65.357,48.689],[-65.98,48.848],[-66.337,48.886],[-66.862,48.987],[-67.546,49.17],[-68.582,49.375],[-69.106,49.546],[-72.244,50.821],[-72.842,51.197],[-73.184,51.522],[-74.494,52.165],[-74.79,52.268],[-75.166,52.45],[-75.337,52.598],[-75.439,52.735],[-75.519,52.997],[-75.553,53.202],[-75.462,53.487],[-75.314,53.589],[-75.233,53.669],[-75.018,53.743]]]}},{"type":"Feature","properties":{"density":1},"geometry":{"type":"Polygon","coordinates":[[[-71.58,18.137],[-71.816,18.188],[-72.038,18.2],[-72.266,18.167],[-72.288,18.134],[-72.257,18.083],[-72.143,18.03],[-71.921,18.016],[-71.681,18.048],[-71.583,18.078],[-71.568,18.103],[-71.58,18.137]]]}},{"type":"Feature","properties":{"density":1},"geometry":{"type":"Polygon","coordinates":[[[-81.303,32.863],[-81.339,32.878],[-81.479,32.881],[-81.615,32.824],[-81.695,32.724],[-81.717,32.604],[-81.632,32.575],[-81.444,32.673],[-81.332,32.757],[-81.3,32.821],[-81.303,32.863]]]}},{"type":"Feature","properties":{"density":1},"geometry":{"type":"Polygon","coordinates":[[[-91.897,29.565],[-91.834,29.556],[-91.447,29.378],[-91.399,29.33],[-91.402,29.265],[-91.429,29.232],[-91.515,29.217],[-91.645,29.229],[-91.708,29.252],[-91.798,29.316],[-91.926,29.456],[-91.942,29.534],[-91.936,29.553],[-91.897,29.565]]]}},{"type":"Feature","properties":{"density":1},"geometry":{"type":"Polygon","coordinates":[[[-122.256,64.681],[-122.12,64.686],[-121.948,64.666],[-121.462,64.504],[-121.152,64.335],[-120.636,63.881],[-120.393,63.724],[-120.175,63.552],[-120.034,63.385],[-119.978,62.985],[-120.049,62.773],[-120.15,62.585],[-120.412,62.4],[-121.049,61.819],[-121.276,61.691],[-121.331,61.68],[-121.535,61.704],[-121.607,61.722],[-121.658,61.757],[-121.7,61.815],[-121.72,61.895],[-121.693,62.168],[-121.784,62.223],[-122.082,62.355],[-122.436,62.378],[-122.533,62.425],[-122.648,62.574],[-122.783,62.807],[-122.833,63.014],[-122.841,63.273],[-122.81,63.576],[-122.714,64.012],[-122.689,64.098],[-122.587,64.315],[-122.491,64.483],[-122.256,64.681]]]}},{"type":"Feature","properties":{"density":1},"geometry":{"type":"Polygon","coordinates":[[[-117.654,58.889],[-117.57,58.956],[-117.405,59.019],[-117.322,59.033],[-117.285,59.025],[-117.232,58.937],[-117.24,58.904],[-117.348,58.866],[-117.51,58.868],[-117.627,58.845],[-117.654,58.862],[-117.654,58.889]]]}},{"type":"Feature","properties":{"density":1},"geometry":{"type":"Polygon","coordinates":[[[-105.202,38.139],[-105.065,38.316],[-104.964,38.392],[-104.66,38.554],[-104.513,38.6],[-104.346,38.625],[-104.255,38.665],[-104.012,38.726],[-103.931,38.721],[-103.84,38.681],[-103.749,38.579],[-103.759,38.483],[-103.81,38.387],[-103.931,38.255],[-104.108,38.139],[-104.326,38.058],[-104.802,37.926],[-104.992,37.902],[-105.121,37.944],[-105.196,38.012],[-105.214,38.06],[-105.202,38.139]]]}},{"type":"Feature","properties":{"density":1},"geometry":{"type":"Polygon","coordinates":[[[-106.448,39.269],[-106.085,39.46],[-105.657,39.622],[-105.363,39.67],[-105.255,39.666],[-105.205,39.649],[-105.151,39.602],[-105.184,39.535],[-105.245,39.484],[-105.748,39.376],[-106.062,39.281],[-106.183,39.265],[-106.333,39.204],[-106.425,39.188],[-106.457,39.224],[-106.448,39.269]]]}},{"type":"Feature","properties":{"density":1},"geometry":{"type":"Polygon","coordinates":[[[-109.965,37.942],[-109.898,38.465],[-109.81,38.695],[-109.628,39.086],[-109.499,39.218],[-109.337,39.289],[-109.009,39.37],[-108.387,39.433],[-108.173,39.423],[-107.724,39.254],[-107.437,39.22],[-107.184,39.122],[-106.66,38.821],[-106.509,38.722],[-106.364,38.585],[-106.326,38.494],[-106.326,38.395],[-106.387,38.281],[-106.633,38.174],[-106.879,38.144],[-107.041,38.103],[-107.345,37.952],[-107.439,37.941],[-107.709,37.995],[-107.78,38.053],[-107.838,38.154],[-107.905,38.171],[-107.966,38.157],[-108.158,38.022],[-108.411,37.641],[-108.563,37.56],[-108.647,37.543],[-108.735,37.56],[-108.789,37.594],[-108.802,37.668],[-108.794,37.74],[-108.725,37.955],[-108.752,37.995],[-108.785,38.003],[-108.824,37.985],[-108.988,37.86],[-109.11,37.813],[-109.336,37.773],[-109.555,37.659],[-109.779,37.617],[-109.845,37.623],[-109.905,37.647],[-109.929,37.674],[-109.965,37.755],[-109.951,37.843],[-109.965,37.942]]]}},{"type":"Feature","properties":{"density":1},"geometry":{"type":"Polygon","coordinates":[[[-112.172,39.163],[-112.143,39.273],[-112.127,39.429],[-112.095,39.525],[-112.037,39.609],[-111.956,39.645],[-111.888,39.645],[-111.769,39.609],[-111.425,39.414],[-111.393,39.351],[-111.389,39.277],[-111.411,39.249],[-111.564,39.187],[-111.788,39.156],[-112.127,39.079],[-112.172,39.097],[-112.172,39.163]]]}},{"type":"Feature","properties":{"density":1},"geometry":{"type":"Polygon","coordinates":[[[-112.549,38.382],[-112.5,38.456],[-112.425,38.517],[-112.263,38.603],[-112.209,38.596],[-112.11,38.553],[-112.059,38.483],[-112.043,38.38],[-112.09,38.301],[-112.281,38.211],[-112.419,38.168],[-112.459,38.171],[-112.515,38.229],[-112.551,38.31],[-112.549,38.382]]]}},{"type":"Feature","properties":{"density":1},"geometry":{"type":"Polygon","coordinates":[[[-112.34,41.88],[-112.379,41.91],[-112.349,42.019],[-112.275,42.12],[-112.205,42.162],[-112.178,42.129],[-112.188,42.042],[-112.286,41.892],[-112.314,41.874],[-112.34,41.88]]]}},{"type":"Feature","properties":{"density":1},"geometry":{"type":"Polygon","coordinates":[[[-112.003,34.985],[-111.945,35.172],[-111.901,35.246],[-111.509,35.735],[-111.28,35.901],[-111.155,35.911],[-111.091,35.894],[-111.057,35.867],[-111.05,35.749],[-111.084,35.529],[-111.118,35.448],[-111.28,35.246],[-111.469,35.124],[-111.6,34.989],[-111.768,34.892],[-111.854,34.89],[-111.938,34.914],[-111.985,34.942],[-112.003,34.985]]]}},{"type":"Feature","properties":{"density":1},"geometry":{"type":"Polygon","coordinates":[[[-108.71,33.422],[-108.618,33.605],[-108.55,33.697],[-108.465,33.773],[-107.61,34.312],[-107.347,34.408],[-106.502,34.801],[-106.479,34.748],[-106.441,34.748],[-106.137,34.808],[-105.818,34.892],[-105.53,34.998],[-105.363,35.036],[-104.801,35.067],[-104.36,34.922],[-104.254,34.854],[-103.844,34.695],[-103.16,34.588],[-103.001,34.596],[-102.842,34.634],[-102.424,34.672],[-102.302,34.71],[-102.15,34.717],[-101.968,34.763],[-101.854,34.77],[-101.771,34.763],[-101.634,34.695],[-101.596,34.634],[-101.581,34.573],[-101.581,34.3],[-101.596,34.186],[-101.71,33.882],[-101.839,33.723],[-102.037,33.601],[-102.158,33.533],[-102.348,33.495],[-102.568,33.48],[-102.864,33.517],[-103.654,33.738],[-104.079,33.798],[-104.482,33.783],[-105.006,33.639],[-105.315,33.604],[-105.593,33.629],[-105.73,33.669],[-105.826,33.72],[-106.033,34.019],[-106.094,34.069],[-106.302,34.15],[-106.433,34.145],[-107.193,33.786],[-107.572,33.659],[-107.908,33.499],[-108.057,33.411],[-108.229,33.347],[-108.502,33.212],[-108.647,33.192],[-108.739,33.232],[-108.739,33.337],[-108.71,33.422]]]}},{"type":"Feature","properties":{"density":1},"geometry":{"type":"Polygon","coordinates":[[[-102.461,18.212],[-102.595,18.234],[-102.679,18.27],[-102.728,18.306],[-102.718,18.375],[-102.691,18.405],[-102.632,18.432],[-102.53,18.461],[-102.446,18.467],[-102.383,18.441],[-102.362,18.264],[-102.394,18.216],[-102.461,18.212]]]}},{"type":"Feature","properties":{"density":1},"geometry":{"type":"Polygon","coordinates":[[[-86.18,15.216],[-86.447,15.263],[-86.525,15.234],[-86.554,15.173],[-86.528,15.154],[-86.463,15.145],[-86.221,15.164],[-86.162,15.187],[-86.18,15.216]]]}},{"type":"Feature","properties":{"density":1},"geometry":{"type":"Polygon","coordinates":[[[-118.027,65.559],[-117.991,65.706],[-117.963,65.73],[-117.933,65.727],[-117.925,65.698],[-117.94,65.637],[-117.984,65.547],[-118.011,65.541],[-118.027,65.559]]]}},{"type":"Feature","properties":{"density":1},"geometry":{"type":"Polygon","coordinates":[[[-121.712,61.838],[-121.75,61.973],[-121.818,62.054],[-121.957,62.108],[-122.11,62.108],[-122.331,62.151],[-122.479,62.245],[-122.529,62.331],[-122.671,62.451],[-122.732,62.714],[-122.808,62.831],[-122.792,63.059],[-122.701,63.423],[-122.701,63.535],[-122.539,63.828],[-122.504,63.98],[-122.382,64.117],[-122.301,64.162],[-121.998,64.274],[-121.917,64.289],[-121.8,64.284],[-121.633,64.213],[-121.36,64.036],[-121.233,63.945],[-121.005,63.722],[-120.712,63.499],[-120.595,63.16],[-120.58,63.074],[-120.59,62.74],[-120.696,62.461],[-120.762,62.345],[-121.188,61.782],[-121.302,61.681],[-121.437,61.67],[-121.554,61.71],[-121.683,61.78],[-121.712,61.838]]]}},{"type":"Feature","properties":{"density":1},"geometry":{"type":"Polygon","coordinates":[[[-117.76,65.174],[-117.927,65.392],[-118.059,65.62],[-118.226,65.853],[-118.373,66.02],[-118.611,66.374],[-118.651,66.572],[-118.631,66.769],[-118.459,66.997],[-118.352,67.047],[-118.145,67.083],[-117.866,67.073],[-117.598,67.012],[-117.196,66.946],[-117.031,66.892],[-116.865,66.811],[-116.532,66.685],[-116.469,66.577],[-116.383,66.258],[-116.368,66.106],[-116.383,65.898],[-116.449,65.741],[-116.631,65.422],[-116.849,65.215],[-117.056,65.073],[-117.37,65.027],[-117.686,65.068],[-117.74,65.122],[-117.76,65.174]]]}},{"type":"Feature","properties":{"density":1},"geometry":{"type":"Polygon","coordinates":[[[-93.925,58.526],[-93.732,58.431],[-94.15,58.625],[-94.254,58.701],[-94.415,58.851],[-94.435,58.905],[-94.435,58.969],[-94.415,59.009],[-94.347,59.04],[-94.219,59.06],[-94.111,59.053],[-93.908,58.982],[-93.837,58.928],[-93.746,58.793],[-93.656,58.566],[-93.635,58.465],[-93.656,58.42],[-93.701,58.417],[-93.925,58.526]]]}},{"type":"Feature","properties":{"density":1},"geometry":{"type":"Polygon","coordinates":[[[-108.792,33.417],[-108.754,33.561],[-108.678,33.736],[-108.45,33.994],[-107.911,34.487],[-107.379,34.723],[-107.015,34.837],[-106.384,35.118],[-106.02,35.315],[-105.754,35.528],[-105.526,35.771],[-104.866,36.318],[-104.501,36.401],[-104.281,36.378],[-104.152,36.325],[-103.803,36.097],[-103.567,35.801],[-103.43,35.406],[-103.339,35.224],[-103.225,35.118],[-103.074,34.943],[-102.793,34.715],[-102.701,34.556],[-102.588,34.419],[-102.557,34.343],[-102.565,34.184],[-102.656,34.032],[-102.8,33.918],[-103.089,33.819],[-103.681,33.652],[-103.871,33.622],[-104.137,33.629],[-104.433,33.584],[-104.615,33.576],[-104.85,33.69],[-105.223,33.918],[-105.617,34.055],[-105.807,34.093],[-106.293,34.1],[-106.63,34.077],[-106.787,34.042],[-107.243,33.789],[-107.357,33.696],[-107.459,33.571],[-107.641,33.47],[-107.745,33.386],[-108.248,33.173],[-108.474,33.116],[-108.636,33.146],[-108.795,33.237],[-108.809,33.291],[-108.792,33.417]]]}},{"type":"Feature","properties":{"density":1},"geometry":{"type":"Polygon","coordinates":[[[-111.994,35.019],[-111.94,35.151],[-111.73,35.36],[-111.589,35.708],[-111.565,35.819],[-111.471,36.076],[-111.302,36.238],[-111.001,36.332],[-110.553,36.381],[-109.991,36.416],[-109.884,36.437],[-109.601,36.442],[-109.479,36.422],[-109.434,36.391],[-109.398,36.234],[-109.434,36.143],[-109.545,36.022],[-109.803,35.859],[-110.498,35.518],[-110.63,35.43],[-110.782,35.36],[-110.927,35.316],[-111.052,35.221],[-111.157,35.164],[-111.287,35.132],[-111.493,35.041],[-111.58,34.987],[-111.688,34.888],[-111.775,34.841],[-111.838,34.823],[-111.909,34.829],[-112.0,34.868],[-112.011,34.9],[-111.994,35.019]]]}},{"type":"Feature","properties":{"density":1},"geometry":{"type":"Polygon","coordinates":[[[-112.57,38.374],[-112.444,38.537],[-112.175,38.728],[-112.134,38.737],[-112.033,38.701],[-111.977,38.642],[-111.826,38.631],[-111.774,38.611],[-111.689,38.561],[-111.639,38.451],[-111.655,38.408],[-111.705,38.37],[-112.044,38.278],[-112.395,38.147],[-112.494,38.17],[-112.582,38.24],[-112.584,38.354],[-112.57,38.374]]]}},{"type":"Feature","properties":{"density":1},"geometry":{"type":"Polygon","coordinates":[[[-121.123,45.697],[-120.552,45.799],[-120.435,45.803],[-120.255,45.774],[-120.181,45.736],[-120.16,45.675],[-120.172,45.623],[-120.199,45.592],[-120.586,45.571],[-120.709,45.589],[-121.099,45.603],[-121.137,45.637],[-121.123,45.697]]]}},{"type":"Feature","properties":{"density":1},"geometry":{"type":"Polygon","coordinates":[[[-111.109,52.689],[-111.839,53.535],[-113.915,55.649],[-114.838,56.956],[-115.914,58.34],[-118.49,60.032],[-120.528,60.57],[-121.95,60.378],[-124.218,60.108],[-125.525,60.877],[-126.832,62.607],[-127.601,65.029],[-127.64,66.528],[-127.255,67.951],[-126.256,70.104],[-125.525,70.757],[-120.326,73.727],[-118.855,74.332],[-116.174,74.765],[-110.811,76.149],[-103.718,75.889],[-100.085,75.803],[-94.809,75.716],[-91.782,75.803],[-87.37,75.457],[-83.651,75.024],[-80.277,74.851],[-75.953,73.986],[-68.658,71.882],[-67.562,71.074],[-66.697,70.094],[-66.524,69.114],[-66.582,68.364],[-64.641,68.595],[-63.18,67.941],[-62.257,67.019],[-62.103,66.096],[-62.257,65.173],[-62.795,64.366],[-63.487,63.751],[-64.564,63.174],[-66.87,62.405],[-68.101,62.098],[-68.735,61.598],[-68.908,60.906],[-68.447,60.387],[-66.601,60.156],[-64.295,60.387],[-62.334,60.906],[-56.596,63.357],[-54.607,63.876],[-53.05,64.395],[-50.369,65.087],[-45.871,65.433],[-42.151,66.73],[-35.318,67.509],[-32.291,67.509],[-29.263,67.163],[-27.014,66.471],[-24.938,65.606],[-23.468,64.914],[-22.862,63.703],[-23.035,62.319],[-24.073,61.021],[-25.803,59.897],[-27.879,58.081],[-29.609,56.61],[-32.81,55.399],[-34.626,55.14],[-36.615,55.053],[-39.729,55.053],[-43.016,55.399],[-46.217,55.572],[-51.839,56.178],[-52.358,55.918],[-56.25,54.275],[-57.375,53.15],[-59.278,51.593],[-59.883,50.036],[-60.229,48.825],[-60.229,47.614],[-59.191,46.144],[-57.807,45.884],[-55.039,45.538],[-51.579,45.538],[-47.601,45.884],[-42.584,45.452],[-39.124,44.76],[-35.664,43.376],[-34.885,42.251],[-34.626,40.522],[-35.231,36.889],[-36.961,35.591],[-39.643,34.467],[-43.276,32.91],[-49.917,31.862],[-50.878,32.016],[-52.185,31.978],[-53.761,31.785],[-55.606,31.17],[-57.913,30.747],[-65.717,30.901],[-67.216,30.478],[-71.227,29.286],[-75.482,27.672],[-76.199,27.467],[-77.737,26.826],[-78.634,26.365],[-79.634,26.006],[-80.966,25.16],[-81.479,24.725],[-83.017,23.136],[-84.016,22.674],[-84.708,22.136],[-84.67,21.79],[-84.746,21.021],[-84.973,20.372],[-84.973,20.184],[-84.768,19.774],[-84.204,19.176],[-83.145,18.51],[-82.461,18.031],[-82.017,17.792],[-81.744,17.091],[-81.761,16.442],[-82.017,15.981],[-82.615,15.314],[-84.571,14.417],[-85.699,14.007],[-86.852,13.392],[-88.134,13.085],[-89.8,12.982],[-90.902,12.982],[-91.952,13.444],[-92.824,14.007],[-93.849,14.52],[-96.156,15.135],[-97.13,14.981],[-101.038,13.93],[-101.909,13.444],[-102.986,12.905],[-103.703,12.29],[-104.831,12.06],[-106.061,12.265],[-107.368,12.521],[-109.342,12.854],[-111.136,13.315],[-112.238,13.777],[-116.159,17.07],[-117.043,18.262],[-119.081,20.53],[-119.619,22.491],[-119.35,24.413],[-117.581,25.874],[-116.684,25.95],[-115.018,26.642],[-113.865,27.232],[-112.456,27.821],[-111.277,28.257],[-108.464,31.006],[-107.926,31.313],[-107.464,31.621],[-106.607,32.867],[-106.596,33.072],[-106.607,33.22],[-106.698,33.356],[-106.835,33.448],[-107.336,33.47],[-107.462,33.413],[-107.746,33.334],[-107.986,33.197],[-108.396,33.106],[-108.692,33.072],[-108.92,33.151],[-108.954,33.345],[-108.851,33.778],[-108.422,34.355],[-108.217,34.469],[-107.739,34.651],[-107.408,34.879],[-107.169,35.403],[-107.203,35.597],[-107.306,35.733],[-107.659,35.847],[-107.932,35.916],[-108.445,35.961],[-109.447,35.824],[-109.698,35.722],[-110.108,35.517],[-110.37,35.414],[-110.769,35.221],[-111.019,35.13],[-111.167,35.095],[-111.441,34.845],[-111.703,34.708],[-111.987,34.663],[-112.124,34.685],[-112.318,34.947],[-112.227,35.335],[-112.147,35.506],[-112.101,36.166],[-111.885,36.565],[-111.703,36.758],[-111.395,36.952],[-110.883,37.169],[-110.643,37.385],[-110.461,37.624],[-110.21,38.16],[-110.21,38.376],[-110.256,38.524],[-110.302,38.558],[-110.472,38.547],[-110.7,38.478],[-111.19,38.296],[-111.463,38.239],[-111.771,38.137],[-112.284,38.034],[-112.523,38.103],[-112.637,38.296],[-112.659,38.478],[-112.229,39.933],[-111.832,42.278],[-110.333,44.661],[-109.91,45.084],[-109.257,47.045],[-109.218,47.929],[-109.257,48.582],[-109.449,49.659],[-110.218,51.312],[-111.109,52.689]]]}},{"type":"Feature","properties":{"density":2},"geometry":{"type":"Polygon","coordinates":[[[-71.566,18.108],[-71.646,18.188],[-71.77,18.182],[-71.801,18.225],[-71.857,18.256],[-71.987,18.281],[-72.055,18.232],[-72.198,18.182],[-72.148,18.145],[-71.82,18.058],[-71.69,18.058],[-71.566,18.108]]]}},{"type":"Feature","properties":{"density":2},"geometry":{"type":"Polygon","coordinates":[[[-82.786,29.769],[-82.874,29.717],[-82.929,29.736],[-82.904,29.822],[-82.797,29.943],[-82.777,29.943],[-82.755,29.89],[-82.758,29.824],[-82.786,29.769]]]}},{"type":"Feature","properties":{"density":2},"geometry":{"type":"Polygon","coordinates":[[[-81.345,32.824],[-81.254,32.838],[-81.337,32.849],[-81.345,32.824]]]}},{"type":"Feature","properties":{"density":2},"geometry":{"type":"Polygon","coordinates":[[[-102.458,18.228],[-102.499,18.237],[-102.652,18.129],[-102.718,18.129],[-102.751,18.162],[-102.747,18.208],[-102.702,18.249],[-102.669,18.278],[-102.603,18.295],[-102.454,18.27],[-102.445,18.245],[-102.458,18.228]]]}},{"type":"Feature","properties":{"density":2},"geometry":{"type":"Polygon","coordinates":[[[-108.539,33.25],[-108.155,33.455],[-107.646,33.696],[-107.386,33.777],[-107.33,33.734],[-107.268,33.634],[-107.206,33.424],[-107.15,33.393],[-107.064,33.51],[-106.958,33.591],[-106.902,33.585],[-106.822,33.51],[-106.735,33.238],[-106.487,32.791],[-106.301,32.729],[-106.245,32.741],[-106.075,32.94],[-105.898,33.005],[-105.731,33.033],[-105.498,33.284],[-105.414,33.331],[-105.079,33.433],[-104.996,33.442],[-104.921,33.368],[-104.949,33.284],[-105.145,33.145],[-105.823,32.735],[-105.954,32.596],[-106.196,32.177],[-106.084,32.14],[-105.991,32.14],[-105.637,32.084],[-105.451,32.075],[-104.819,32.168],[-104.475,32.252],[-104.261,32.28],[-103.87,32.41],[-103.247,32.698],[-103.071,32.8],[-102.875,32.959],[-102.829,33.117],[-102.847,33.293],[-102.95,33.321],[-103.052,33.293],[-103.145,33.293],[-103.21,33.331],[-103.219,33.405],[-103.182,33.507],[-103.043,33.665],[-102.736,34.075],[-102.55,34.798],[-102.754,34.9],[-103.266,34.742],[-103.591,34.677],[-103.843,34.64],[-104.066,34.64],[-104.14,34.863],[-104.233,34.937],[-104.68,35.021],[-104.8,35.132],[-104.828,35.272],[-104.484,35.821],[-104.252,36.555],[-104.233,36.676],[-104.233,36.779],[-104.345,36.927],[-104.428,36.993],[-104.549,37.058],[-104.773,37.076],[-104.931,36.955],[-104.996,36.862],[-105.033,36.779],[-105.135,36.397],[-105.238,36.146],[-105.405,35.886],[-105.461,35.709],[-105.451,35.607],[-105.386,35.551],[-105.219,35.486],[-105.145,35.402],[-105.145,35.235],[-105.265,35.132],[-105.489,35.105],[-105.851,35.225],[-105.972,35.346],[-106.084,35.514],[-106.261,35.644],[-106.475,35.765],[-106.698,35.821],[-107.098,35.886],[-107.293,35.895],[-107.897,35.821],[-108.0,35.774],[-108.056,35.663],[-108.084,35.309],[-108.297,34.649],[-108.335,34.574],[-108.335,34.37],[-108.232,34.202],[-108.177,34.165],[-108.046,34.175],[-107.963,34.249],[-107.888,34.277],[-107.786,34.268],[-107.767,34.193],[-107.814,34.128],[-107.907,34.054],[-108.149,33.914],[-108.335,33.7],[-108.674,33.433],[-108.707,33.366],[-108.715,33.3],[-108.702,33.247],[-108.591,33.226],[-108.539,33.25]]]}},{"type":"Feature","properties":{"density":2},"geometry":{"type":"Polygon","coordinates":[[[-111.859,35.5],[-111.89,35.431],[-111.977,35.041],[-111.989,34.911],[-111.983,34.886],[-111.94,34.861],[-111.853,34.849],[-111.741,34.886],[-111.667,34.935],[-111.605,35.016],[-111.592,35.159],[-111.605,35.332],[-111.58,35.431],[-111.413,35.419],[-111.326,35.45],[-111.183,35.549],[-111.146,35.636],[-111.171,35.698],[-111.227,35.723],[-111.245,35.872],[-111.227,35.958],[-111.239,36.076],[-111.357,36.175],[-111.456,36.2],[-111.524,36.2],[-111.617,36.126],[-111.735,35.859],[-111.791,35.661],[-111.859,35.5]]]}},{"type":"Feature","properties":{"density":2},"geometry":{"type":"Polygon","coordinates":[[[-112.101,39.109],[-112.019,39.142],[-111.616,39.442],[-111.545,39.509],[-111.501,39.583],[-111.503,39.624],[-111.608,39.594],[-111.895,39.396],[-112.085,39.244],[-112.151,39.164],[-112.134,39.12],[-112.101,39.109]]]}},{"type":"Feature","properties":{"density":2},"geometry":{"type":"Polygon","coordinates":[[[-110.62,39.006],[-110.614,38.845],[-110.57,38.647],[-110.545,38.411],[-110.471,38.157],[-110.508,37.915],[-110.527,37.555],[-110.465,37.4],[-110.393,37.289],[-110.263,37.14],[-109.972,36.93],[-109.739,36.818],[-109.19,36.771],[-109.032,36.846],[-108.902,36.939],[-108.763,36.957],[-108.604,36.883],[-108.353,36.688],[-107.916,36.613],[-107.73,36.744],[-107.749,36.883],[-107.888,36.939],[-108.288,37.162],[-108.409,37.302],[-108.465,37.404],[-108.474,37.506],[-108.372,37.813],[-108.093,37.98],[-107.953,37.999],[-107.6,37.98],[-107.098,38.036],[-106.763,38.139],[-105.963,38.325],[-105.749,38.315],[-105.638,38.241],[-105.47,38.036],[-105.414,37.943],[-105.228,37.804],[-104.968,37.711],[-104.689,37.636],[-103.666,37.422],[-103.285,37.422],[-102.931,37.45],[-102.327,37.534],[-101.787,37.748],[-101.229,38.101],[-100.541,38.166],[-100.262,38.278],[-99.918,38.492],[-99.797,38.604],[-99.648,38.827],[-99.341,39.227],[-98.358,39.878],[-97.521,40.087],[-96.495,40.296],[-96.244,40.38],[-95.742,40.715],[-95.01,41.489],[-94.738,41.97],[-94.633,42.201],[-94.612,42.514],[-94.717,42.703],[-94.863,42.807],[-95.261,42.975],[-95.909,43.498],[-97.604,44.314],[-98.714,44.44],[-99.362,44.481],[-100.785,44.481],[-101.35,44.398],[-101.643,44.314],[-102.124,44.147],[-104.189,42.779],[-105.04,42.096],[-105.57,41.608],[-106.072,41.273],[-106.351,41.036],[-106.491,40.84],[-106.686,40.478],[-106.756,40.324],[-106.798,40.171],[-106.784,40.087],[-106.714,39.975],[-106.547,39.947],[-105.989,40.129],[-105.766,40.129],[-105.57,40.017],[-105.096,39.613],[-105.026,39.473],[-104.998,39.264],[-105.096,39.124],[-105.277,39.013],[-105.877,38.845],[-106.491,38.859],[-106.617,38.943],[-106.658,39.124],[-106.672,39.278],[-106.812,39.473],[-106.937,39.529],[-107.119,39.473],[-107.216,39.362],[-107.481,39.194],[-107.788,39.069],[-108.053,39.027],[-108.291,39.166],[-108.835,39.32],[-109.058,39.306],[-109.197,39.25],[-109.504,39.25],[-109.532,39.417],[-109.211,39.892],[-109.225,40.268],[-109.393,40.324],[-109.588,40.254],[-109.728,40.129],[-109.811,40.031],[-109.907,40.042],[-110.006,40.029],[-110.105,39.992],[-110.204,39.868],[-110.359,39.719],[-110.601,39.595],[-110.669,39.465],[-110.707,39.329],[-110.688,39.136],[-110.62,39.006]]]}},{"type":"Feature","properties":{"density":2},"geometry":{"type":"Polygon","coordinates":[[[-75.072,39.323],[-73.377,39.229],[-71.352,39.323],[-70.41,39.559],[-69.139,40.077],[-68.386,40.5],[-67.868,40.83],[-67.444,41.159],[-67.067,41.583],[-66.644,41.866],[-65.514,42.054],[-64.29,42.054],[-62.689,42.101],[-61.465,41.913],[-60.287,41.583],[-59.346,41.348],[-58.31,41.065],[-56.521,40.642],[-55.25,40.5],[-53.884,40.5],[-52.66,40.642],[-51.247,41.254],[-50.447,41.677],[-49.458,42.289],[-48.046,42.902],[-47.057,43.231],[-46.445,43.325],[-45.974,43.325],[-45.786,42.902],[-45.786,42.337],[-45.833,41.536],[-47.104,39.7],[-47.716,38.899],[-48.422,38.193],[-49.129,37.628],[-49.741,37.204],[-51.106,36.875],[-52.707,36.828],[-54.826,37.204],[-56.097,37.628],[-57.368,37.958],[-60.852,38.146],[-62.547,37.958],[-64.807,37.864],[-66.926,37.628],[-69.139,37.299],[-70.269,36.922],[-71.352,36.498],[-72.152,36.122],[-73.0,35.792],[-74.224,35.321],[-75.354,34.944],[-76.437,34.379],[-77.85,33.673],[-78.744,33.249],[-79.733,32.873],[-83.5,31.978],[-85.195,31.931],[-87.878,32.167],[-89.573,32.355],[-90.609,32.92],[-91.08,33.391],[-91.457,33.862],[-92.304,34.992],[-92.587,35.792],[-92.728,36.687],[-92.54,37.346],[-91.786,38.146],[-91.174,38.382],[-90.703,38.382],[-89.997,37.958],[-88.49,36.639],[-87.878,35.98],[-87.313,35.462],[-85.995,35.086],[-84.724,34.992],[-83.217,35.086],[-82.087,35.321],[-80.722,36.122],[-80.298,36.498],[-79.968,36.875],[-79.78,37.44],[-79.827,37.864],[-79.827,38.476],[-79.592,38.994],[-79.262,39.464],[-78.838,39.7],[-77.991,39.888],[-76.861,39.841],[-76.437,39.7],[-75.072,39.323]]]}},{"type":"Feature","properties":{"density":2},"geometry":{"type":"Polygon","coordinates":[[[-90.94,48.944],[-90.983,48.932],[-91.058,48.87],[-91.107,48.808],[-91.114,48.771],[-91.033,48.783],[-90.921,48.827],[-90.872,48.895],[-90.94,48.944]]]}},{"type":"Feature","properties":{"density":2},"geometry":{"type":"Polygon","coordinates":[[[-72.019,53.905],[-71.908,53.942],[-71.796,54.063],[-71.74,54.211],[-71.731,54.332],[-71.591,54.36],[-71.517,54.295],[-71.47,54.1],[-71.47,53.895],[-71.508,53.746],[-71.563,53.709],[-71.703,53.681],[-71.889,53.728],[-71.973,53.802],[-72.019,53.905]]]}},{"type":"Feature","properties":{"density":2},"geometry":{"type":"Polygon","coordinates":[[[-121.436,61.728],[-121.523,61.747],[-121.703,61.827],[-121.938,61.964],[-122.031,62.051],[-122.118,62.2],[-122.1,62.435],[-122.208,62.77],[-122.227,62.891],[-122.357,63.235],[-122.357,63.374],[-122.227,63.839],[-122.087,63.877],[-121.892,63.858],[-121.659,63.812],[-121.445,63.821],[-121.157,63.691],[-121.129,63.523],[-121.362,63.095],[-121.39,62.891],[-121.315,62.696],[-121.213,62.547],[-121.036,62.203],[-121.036,61.961],[-121.073,61.868],[-121.157,61.784],[-121.259,61.719],[-121.297,61.71],[-121.436,61.728]]]}},{"type":"Feature","properties":{"density":2},"geometry":{"type":"Polygon","coordinates":[[[-119.771,63.635],[-119.855,63.681],[-120.05,63.923],[-120.19,64.109],[-120.264,64.286],[-120.301,64.453],[-120.301,64.649],[-120.208,64.807],[-120.134,64.76],[-120.013,64.323],[-119.902,64.081],[-119.818,63.942],[-119.743,63.858],[-119.706,63.756],[-119.771,63.635]]]}},{"type":"Feature","properties":{"density":2},"geometry":{"type":"Polygon","coordinates":[[[-117.445,65.166],[-117.575,65.427],[-117.587,65.495],[-117.556,65.489],[-117.395,65.247],[-117.383,65.166],[-117.445,65.166]]]}},{"type":"Feature","properties":{"density":2},"geometry":{"type":"Polygon","coordinates":[[[-115.015,59.53],[-114.846,59.621],[-114.813,59.654],[-114.817,59.671],[-114.937,59.621],[-115.011,59.571],[-115.04,59.538],[-115.015,59.53]]]}},{"type":"Feature","properties":{"density":2},"geometry":{"type":"Polygon","coordinates":[[[-93.709,57.069],[-93.895,57.069],[-94.074,56.908],[-94.378,56.84],[-94.601,56.871],[-94.93,57.007],[-95.209,57.051],[-95.283,57.032],[-95.327,57.001],[-95.37,56.927],[-95.376,56.852],[-94.818,56.629],[-94.341,56.58],[-94.099,56.518],[-93.857,56.412],[-93.74,56.425],[-93.628,56.456],[-93.572,56.511],[-93.597,56.623],[-93.547,56.747],[-93.492,56.828],[-93.485,56.896],[-93.554,57.007],[-93.709,57.069]]]}},{"type":"Feature","properties":{"density":2},"geometry":{"type":"Polygon","coordinates":[[[-93.684,58.44],[-93.771,58.483],[-93.876,58.57],[-93.888,58.613],[-93.864,58.644],[-93.839,58.663],[-93.659,58.57],[-93.628,58.483],[-93.684,58.44]]]}},{"type":"Feature","properties":{"density":2},"geometry":{"type":"Polygon","coordinates":[[[-94.614,58.012],[-94.707,57.975],[-94.701,57.888],[-94.632,57.795],[-94.533,57.745],[-94.471,57.764],[-94.477,57.851],[-94.614,58.012]]]}},{"type":"Feature","properties":{"density":2},"geometry":{"type":"Polygon","coordinates":[[[-123.284,74.148],[-123.818,73.834],[-124.571,73.018],[-125.387,71.449],[-125.544,70.288],[-125.356,68.969],[-124.948,67.745],[-124.571,67.054],[-124.163,66.238],[-123.724,65.673],[-122.876,65.108],[-122.091,64.92],[-121.087,65.014],[-119.957,65.171],[-119.266,65.14],[-117.76,64.481],[-117.289,64.135],[-116.818,63.382],[-116.159,62.378],[-115.563,61.561],[-114.652,60.902],[-113.679,60.431],[-112.581,60.086],[-111.2,59.521],[-107.15,57.261],[-105.581,55.598],[-103.666,54.53],[-102.599,53.777],[-95.788,50.983],[-92.837,50.575],[-90.546,50.23],[-87.783,49.759],[-87.124,49.54],[-86.622,49.288],[-86.371,48.88],[-86.308,48.378],[-86.559,48.096],[-86.936,47.907],[-89.583,44.601],[-90.839,43.345],[-91.749,42.247],[-92.408,41.337],[-94.825,39.014],[-95.359,38.355],[-95.578,37.507],[-95.798,36.879],[-96.081,36.252],[-96.206,35.467],[-96.112,34.87],[-95.986,34.368],[-95.61,34.117],[-95.108,34.431],[-95.045,35.122],[-94.856,35.875],[-94.543,36.848],[-94.103,37.758],[-92.345,40.301],[-91.623,41.148],[-90.996,41.745],[-90.431,42.247],[-86.507,45.048],[-84.765,45.613],[-83.447,45.613],[-82.034,45.237],[-80.716,45.001],[-79.586,44.86],[-78.597,45.001],[-77.608,45.095],[-76.478,44.954],[-75.584,44.625],[-74.783,44.201],[-73.842,43.918],[-72.712,43.871],[-69.981,45.237],[-69.73,46.367],[-69.51,47.12],[-69.165,48.124],[-68.851,48.784],[-68.003,49.474],[-67.438,49.662],[-66.246,50.133],[-65.586,50.165],[-64.864,49.976],[-64.456,49.537],[-64.362,49.003],[-64.739,48.407],[-65.021,47.716],[-64.739,46.994],[-63.986,46.084],[-62.887,45.519],[-61.757,45.205],[-55.872,44.53],[-53.659,44.813],[-51.54,45.472],[-49.28,45.943],[-46.314,46.414],[-44.572,46.649],[-43.583,47.355],[-43.3,48.25],[-44.007,48.956],[-45.325,49.145],[-47.02,49.239],[-48.668,48.956],[-50.174,48.815],[-51.917,49.239],[-53.423,49.992],[-54.506,51.122],[-55.071,52.911],[-55.118,54.182],[-54.742,55.454],[-54.082,56.442],[-53.235,57.007],[-52.482,57.243],[-51.493,57.525],[-49.986,57.572],[-48.291,57.384],[-47.161,57.29],[-43.677,57.102],[-40.805,57.102],[-32.33,58.75],[-29.411,59.22],[-26.962,60.445],[-23.761,62.799],[-23.054,63.74],[-22.772,64.729],[-23.29,65.482],[-23.808,65.624],[-25.079,65.577],[-26.68,64.965],[-29.317,63.552],[-31.153,62.61],[-34.213,61.716],[-37.368,61.245],[-40.381,61.292],[-43.018,61.386],[-45.89,61.81],[-49.28,62.94],[-52.482,63.175],[-55.354,63.222],[-71.503,61.339],[-72.774,61.763],[-72.916,63.175],[-72.445,63.882],[-71.786,64.729],[-68.655,66.589],[-68.125,67.225],[-68.231,70.191],[-70.032,72.945],[-74.375,75.911],[-80.943,78.242],[-87.511,79.089],[-91.219,78.878],[-94.715,78.772],[-98.953,79.407],[-106.156,80.043],[-112.089,79.089],[-117.598,77.394],[-121.411,75.276],[-123.284,74.148]]]}},{"type":"Feature","properties":{"density":2},"geometry":{"type":"Polygon","coordinates":[[[-99.336,56.652],[-99.435,56.722],[-99.529,56.748],[-99.618,56.819],[-99.968,57.174],[-99.968,57.266],[-99.935,57.326],[-99.887,57.354],[-99.833,57.344],[-99.615,57.263],[-99.357,57.12],[-99.146,56.919],[-99.03,56.736],[-99.033,56.678],[-99.209,56.625],[-99.336,56.652]]]}},{"type":"Feature","properties":{"density":2},"geometry":{"type":"Polygon","coordinates":[[[-99.803,56.437],[-100.13,56.66],[-100.199,56.951],[-100.168,56.999],[-100.125,57.012],[-100.075,56.99],[-99.772,56.708],[-99.66,56.432],[-99.686,56.409],[-99.803,56.437]]]}},{"type":"Feature","properties":{"density":2},"geometry":{"type":"Polygon","coordinates":[[[-100.86,56.655],[-101.145,56.886],[-101.188,56.981],[-101.154,57.055],[-101.085,57.055],[-100.839,56.812],[-100.794,56.733],[-100.785,56.67],[-100.797,56.643],[-100.86,56.655]]]}},{"type":"Feature","properties":{"density":2},"geometry":{"type":"Polygon","coordinates":[[[-101.624,56.805],[-101.926,57.021],[-102.126,57.223],[-102.144,57.318],[-102.234,57.522],[-102.232,57.664],[-102.167,57.726],[-101.994,57.75],[-101.87,57.713],[-101.606,57.467],[-101.45,56.916],[-101.447,56.842],[-101.488,56.785],[-101.552,56.782],[-101.624,56.805]]]}},{"type":"Feature","properties":{"density":2},"geometry":{"type":"Polygon","coordinates":[[[-102.012,56.761],[-102.199,56.934],[-102.223,57.009],[-102.189,57.063],[-102.148,57.081],[-102.072,57.06],[-101.994,56.991],[-101.898,56.829],[-101.892,56.769],[-101.922,56.728],[-102.012,56.761]]]}},{"type":"Feature","properties":{"density":2},"geometry":{"type":"Polygon","coordinates":[[[-103.231,56.086],[-103.788,56.506],[-104.289,57.106],[-104.365,57.253],[-104.375,57.344],[-104.355,57.592],[-104.249,57.82],[-104.239,57.901],[-104.239,58.427],[-104.218,58.57],[-104.141,58.613],[-104.04,58.597],[-103.784,58.464],[-103.689,58.365],[-103.615,58.257],[-103.504,58.007],[-103.479,57.911],[-103.292,57.572],[-103.201,57.44],[-103.155,57.319],[-102.978,57.111],[-102.922,56.99],[-102.835,56.681],[-102.828,56.603],[-102.733,56.316],[-102.575,55.992],[-102.578,55.915],[-102.662,55.867],[-102.862,55.881],[-103.027,55.935],[-103.199,56.036],[-103.231,56.086]]]}},{"type":"Feature","properties":{"density":2},"geometry":{"type":"Polygon","coordinates":[[[-103.316,57.893],[-103.379,57.992],[-103.455,58.071],[-103.541,58.231],[-103.554,58.323],[-103.556,58.377],[-103.516,58.57],[-103.487,58.595],[-103.379,58.627],[-103.314,58.602],[-103.273,58.487],[-103.253,58.188],[-103.181,57.898],[-103.201,57.866],[-103.239,57.855],[-103.316,57.893]]]}},{"type":"Feature","properties":{"density":2},"geometry":{"type":"Polygon","coordinates":[[[-104.642,58.289],[-104.79,58.43],[-104.912,58.603],[-104.976,58.812],[-104.956,58.883],[-104.902,58.94],[-104.831,58.916],[-104.811,58.883],[-104.719,58.603],[-104.574,58.366],[-104.568,58.292],[-104.584,58.248],[-104.608,58.252],[-104.642,58.289]]]}},{"type":"Feature","properties":{"density":2},"geometry":{"type":"Polygon","coordinates":[[[-103.01,58.213],[-103.06,58.284],[-103.226,58.453],[-103.28,58.551],[-103.337,58.736],[-103.371,59.165],[-103.33,59.303],[-103.229,59.347],[-103.145,59.347],[-102.922,59.296],[-102.439,59.084],[-102.304,58.989],[-102.119,58.787],[-102.034,58.719],[-101.99,58.561],[-101.874,58.29],[-101.852,58.182],[-101.825,58.143],[-101.836,58.1],[-101.865,58.067],[-101.937,58.024],[-102.022,58.032],[-102.106,58.072],[-102.209,58.164],[-102.352,58.327],[-102.484,58.419],[-102.564,58.522],[-102.635,58.557],[-102.668,58.551],[-102.691,58.504],[-102.678,58.284],[-102.731,58.162],[-102.805,58.137],[-102.927,58.141],[-103.01,58.213]]]}},{"type":"Feature","properties":{"density":2},"geometry":{"type":"Polygon","coordinates":[[[-100.756,57.079],[-100.99,57.216],[-101.051,57.301],[-101.071,57.427],[-101.116,57.468],[-101.287,57.508],[-101.346,57.481],[-101.409,57.396],[-101.442,57.389],[-101.496,57.407],[-101.578,57.498],[-101.607,57.653],[-101.751,57.851],[-101.83,57.995],[-101.864,58.155],[-101.843,58.398],[-101.823,58.427],[-101.771,58.456],[-101.606,58.403],[-101.561,58.336],[-101.5,58.358],[-101.453,58.421],[-101.435,58.61],[-101.401,58.75],[-101.323,58.817],[-101.239,58.781],[-101.176,58.653],[-101.109,58.363],[-101.082,58.106],[-100.99,57.861],[-100.792,57.616],[-100.648,57.409],[-100.634,57.319],[-100.645,57.275],[-100.684,57.242],[-100.687,57.221],[-100.667,57.067],[-100.711,57.041],[-100.756,57.079]]]}},{"type":"Feature","properties":{"density":2},"geometry":{"type":"Polygon","coordinates":[[[-100.319,57.634],[-100.481,57.813],[-100.681,57.934],[-100.826,58.002],[-101.008,58.224],[-101.136,58.461],[-101.308,58.997],[-101.322,59.193],[-101.258,59.284],[-101.15,59.298],[-100.951,59.237],[-100.839,59.176],[-100.535,58.859],[-100.468,58.801],[-100.232,58.677],[-100.117,58.599],[-100.022,58.467],[-99.999,58.309],[-100.046,58.039],[-100.036,57.856],[-100.09,57.718],[-100.174,57.64],[-100.319,57.634]]]}},{"type":"Feature","properties":{"density":2},"geometry":{"type":"Polygon","coordinates":[[[-99.734,58.015],[-99.833,58.208],[-99.883,58.451],[-99.853,58.51],[-99.817,58.537],[-99.664,58.566],[-99.383,58.51],[-99.322,58.476],[-99.214,58.339],[-99.154,58.235],[-99.14,58.109],[-99.205,58.024],[-99.43,58.078],[-99.545,58.069],[-99.664,57.995],[-99.734,58.015]]]}},{"type":"Feature","properties":{"density":2},"geometry":{"type":"Polygon","coordinates":[[[-99.684,59.909],[-99.888,60.235],[-99.938,60.404],[-99.945,60.546],[-99.914,60.637],[-99.87,60.684],[-99.81,60.708],[-99.756,60.701],[-99.57,60.505],[-99.459,60.364],[-99.452,60.326],[-99.54,59.947],[-99.585,59.891],[-99.684,59.909]]]}},{"type":"Feature","properties":{"density":2},"geometry":{"type":"Polygon","coordinates":[[[-98.101,59.431],[-98.23,59.483],[-98.272,59.544],[-98.275,59.582],[-98.212,59.591],[-98.144,59.555],[-98.081,59.488],[-98.072,59.449],[-98.101,59.431]]]}},{"type":"Feature","properties":{"density":2},"geometry":{"type":"Polygon","coordinates":[[[-97.719,58.24],[-98.011,58.411],[-98.038,58.485],[-98.034,58.53],[-97.953,58.609],[-97.879,58.605],[-97.834,58.573],[-97.692,58.447],[-97.602,58.319],[-97.595,58.267],[-97.629,58.227],[-97.667,58.22],[-97.719,58.24]]]}},{"type":"Feature","properties":{"density":2},"geometry":{"type":"Polygon","coordinates":[[[-96.973,58.208],[-97.187,58.271],[-97.489,58.415],[-97.617,58.496],[-97.727,58.624],[-97.732,58.689],[-97.673,58.714],[-97.576,58.709],[-97.027,58.473],[-96.928,58.417],[-96.859,58.327],[-96.85,58.244],[-96.863,58.212],[-96.899,58.192],[-96.949,58.192],[-96.973,58.208]]]}},{"type":"Feature","properties":{"density":2},"geometry":{"type":"Polygon","coordinates":[[[-97.177,57.824],[-97.352,57.932],[-97.477,58.071],[-97.494,58.196],[-97.484,58.256],[-97.46,58.287],[-97.332,58.327],[-97.204,58.29],[-96.846,58.148],[-96.704,58.02],[-96.718,57.919],[-96.897,57.828],[-97.042,57.797],[-97.177,57.824]]]}},{"type":"Feature","properties":{"density":2},"geometry":{"type":"Polygon","coordinates":[[[-98.743,58.653],[-99.28,58.95],[-99.344,59.014],[-99.425,59.152],[-99.422,59.264],[-99.388,59.291],[-99.253,59.301],[-99.115,59.257],[-98.725,59.053],[-98.662,59.003],[-98.573,58.877],[-98.545,58.746],[-98.55,58.707],[-98.617,58.647],[-98.743,58.653]]]}},{"type":"Feature","properties":{"density":2},"geometry":{"type":"Polygon","coordinates":[[[-98.043,57.968],[-98.205,58.044],[-98.399,58.198],[-98.453,58.261],[-98.455,58.338],[-98.421,58.387],[-98.34,58.41],[-98.196,58.38],[-98.075,58.317],[-97.976,58.214],[-97.863,58.072],[-97.863,57.982],[-97.904,57.96],[-98.001,57.953],[-98.043,57.968]]]}},{"type":"Feature","properties":{"density":2},"geometry":{"type":"Polygon","coordinates":[[[-97.726,57.102],[-98.023,57.126],[-98.102,57.178],[-98.131,57.248],[-98.185,57.3],[-98.248,57.423],[-98.259,57.624],[-98.307,57.705],[-98.381,57.777],[-98.408,57.856],[-98.388,57.917],[-98.3,57.942],[-98.248,57.935],[-97.935,57.813],[-97.845,57.721],[-97.816,57.627],[-97.762,57.537],[-97.654,57.501],[-97.467,57.537],[-97.404,57.525],[-97.312,57.474],[-97.267,57.42],[-97.233,57.305],[-97.287,57.199],[-97.377,57.163],[-97.541,57.19],[-97.574,57.18],[-97.604,57.12],[-97.726,57.102]]]}},{"type":"Feature","properties":{"density":2},"geometry":{"type":"Polygon","coordinates":[[[-97.421,56.789],[-97.624,56.819],[-97.708,56.883],[-97.719,56.988],[-97.672,57.132],[-97.609,57.164],[-97.55,57.164],[-97.483,57.15],[-97.417,57.114],[-97.381,57.033],[-97.384,56.915],[-97.327,56.819],[-97.351,56.772],[-97.421,56.789]]]}},{"type":"Feature","properties":{"density":2},"geometry":{"type":"Polygon","coordinates":[[[-97.919,56.532],[-98.09,56.529],[-98.176,56.545],[-98.221,56.563],[-98.288,56.642],[-98.315,56.723],[-98.331,56.966],[-98.299,57.076],[-98.23,57.168],[-98.16,57.18],[-98.043,57.092],[-98.014,57.04],[-97.93,56.795],[-97.861,56.649],[-97.861,56.588],[-97.89,56.541],[-97.919,56.532]]]}},{"type":"Feature","properties":{"density":2},"geometry":{"type":"Polygon","coordinates":[[[-103.903,58.683],[-104.074,58.852],[-104.166,59.054],[-104.157,59.14],[-104.135,59.173],[-104.067,59.212],[-103.979,59.151],[-103.811,58.942],[-103.759,58.901],[-103.66,58.708],[-103.66,58.687],[-103.68,58.676],[-103.7,58.687],[-103.766,58.773],[-103.788,58.78],[-103.793,58.735],[-103.754,58.683],[-103.757,58.658],[-103.811,58.651],[-103.903,58.683]]]}},{"type":"Feature","properties":{"density":2},"geometry":{"type":"Polygon","coordinates":[[[-103.7,58.921],[-103.772,58.992],[-103.781,59.058],[-103.754,59.064],[-103.712,59.037],[-103.67,58.933],[-103.673,58.911],[-103.7,58.921]]]}},{"type":"Feature","properties":{"density":2},"geometry":{"type":"Polygon","coordinates":[[[-95.716,57.355],[-95.861,57.406],[-95.953,57.403],[-95.995,57.373],[-95.989,57.346],[-95.956,57.319],[-95.78,57.295],[-95.713,57.313],[-95.716,57.355]]]}},{"type":"Feature","properties":{"density":2},"geometry":{"type":"Polygon","coordinates":[[[-94.612,57.994],[-94.768,57.999],[-94.797,57.978],[-94.817,57.936],[-94.808,57.848],[-94.714,57.819],[-94.615,57.87],[-94.585,57.951],[-94.59,57.978],[-94.612,57.994]]]}},{"type":"Feature","properties":{"density":2},"geometry":{"type":"Polygon","coordinates":[[[-95.136,56.985],[-95.233,57.013],[-95.431,56.992],[-95.484,56.971],[-95.533,56.901],[-95.542,56.856],[-95.496,56.778],[-95.452,56.745],[-95.32,56.691],[-95.203,56.665],[-95.11,56.68],[-95.082,56.715],[-95.077,56.757],[-95.116,56.818],[-95.131,56.883],[-95.119,56.955],[-95.136,56.985]]]}},{"type":"Feature","properties":{"density":2},"geometry":{"type":"Polygon","coordinates":[[[-93.835,57.024],[-94.024,56.967],[-94.105,56.916],[-94.13,56.859],[-94.123,56.803],[-94.094,56.751],[-94.038,56.704],[-93.945,56.668],[-93.894,56.668],[-93.849,56.709],[-93.824,56.848],[-93.761,56.961],[-93.777,57.003],[-93.835,57.024]]]}},{"type":"Feature","properties":{"density":2},"geometry":{"type":"Polygon","coordinates":[[[-74.887,53.921],[-74.443,53.898],[-73.941,53.807],[-72.723,53.545],[-72.233,53.306],[-71.891,53.169],[-71.299,52.782],[-70.684,52.292],[-70.41,51.996],[-70.228,51.415],[-70.285,51.301],[-70.41,51.232],[-70.593,51.198],[-71.025,51.21],[-72.073,51.415],[-73.121,51.745],[-73.919,51.927],[-74.443,52.121],[-74.967,52.372],[-75.32,52.577],[-75.513,52.77],[-75.673,53.032],[-75.753,53.283],[-75.718,53.488],[-75.65,53.681],[-75.536,53.818],[-75.399,53.909],[-75.263,53.955],[-75.035,53.909],[-74.887,53.921]]]}},{"type":"Feature","properties":{"density":2},"geometry":{"type":"Polygon","coordinates":[[[-109.922,37.853],[-109.652,38.366],[-109.567,38.447],[-109.358,38.535],[-109.24,38.559],[-109.225,38.58],[-108.759,38.742],[-108.673,38.742],[-108.531,38.697],[-108.298,38.535],[-108.217,38.429],[-108.141,38.383],[-107.979,38.343],[-107.699,38.341],[-107.38,38.462],[-107.183,38.561],[-107.069,38.599],[-106.864,38.629],[-106.697,38.614],[-106.644,38.584],[-106.628,38.523],[-106.636,38.462],[-106.666,38.417],[-106.773,38.31],[-107.533,38.001],[-107.842,37.97],[-108.054,37.905],[-108.13,37.849],[-108.439,37.702],[-108.596,37.581],[-108.707,37.591],[-108.763,37.636],[-108.905,37.874],[-109.016,37.935],[-109.209,37.945],[-109.32,37.905],[-109.487,37.773],[-109.533,37.707],[-109.609,37.662],[-109.755,37.631],[-109.857,37.631],[-109.897,37.672],[-109.922,37.727],[-109.922,37.853]]]}},{"type":"Feature","properties":{"density":2},"geometry":{"type":"Polygon","coordinates":[[[-105.304,41.333],[-105.329,41.632],[-105.261,41.98],[-104.934,42.265],[-104.6,42.515],[-103.666,42.846],[-103.29,43.119],[-102.899,43.523],[-102.631,43.862],[-101.947,44.09],[-101.416,44.044],[-100.85,43.833],[-100.047,43.611],[-99.705,43.44],[-99.346,43.286],[-99.13,43.247],[-98.932,43.292],[-98.725,43.371],[-98.555,43.463],[-98.27,43.417],[-98.167,43.337],[-98.042,43.075],[-98.099,42.483],[-98.258,41.822],[-98.236,41.515],[-98.099,41.31],[-97.848,41.025],[-97.416,40.672],[-96.937,40.159],[-96.903,39.954],[-97.006,39.715],[-97.393,39.464],[-98.315,39.123],[-100.342,38.263],[-100.745,38.172],[-101.314,37.975],[-102.781,37.369],[-103.168,37.312],[-103.453,37.289],[-103.931,37.289],[-104.467,37.508],[-105.115,37.882],[-105.267,38.044],[-105.211,38.196],[-105.075,38.308],[-104.852,38.434],[-104.692,38.573],[-104.625,38.671],[-104.59,38.762],[-104.58,38.929],[-104.625,39.162],[-104.711,39.314],[-104.806,39.614],[-104.844,39.788],[-104.905,39.895],[-105.087,39.978],[-105.186,40.069],[-105.323,40.153],[-105.488,40.161],[-105.764,40.256],[-105.808,40.397],[-105.697,40.644],[-105.427,40.961],[-105.359,41.13],[-105.304,41.333]]]}},{"type":"Feature","properties":{"density":2},"geometry":{"type":"Polygon","coordinates":[[[-108.662,33.376],[-108.332,33.594],[-107.937,33.948],[-107.744,34.083],[-107.539,34.195],[-107.235,34.293],[-107.039,34.32],[-106.914,34.313],[-106.88,34.296],[-106.867,34.262],[-106.901,34.198],[-107.012,34.131],[-107.474,33.931],[-107.704,33.783],[-108.101,33.477],[-108.416,33.344],[-108.58,33.25],[-108.631,33.239],[-108.702,33.242],[-108.708,33.258],[-108.705,33.298],[-108.662,33.376]]]}},{"type":"Feature","properties":{"density":2},"geometry":{"type":"Polygon","coordinates":[[[-111.95,35.059],[-111.874,35.232],[-111.778,35.394],[-111.651,35.52],[-111.469,35.606],[-111.393,35.616],[-111.317,35.606],[-111.236,35.525],[-111.231,35.459],[-111.312,35.338],[-111.707,34.973],[-111.737,34.913],[-111.834,34.872],[-111.904,34.877],[-111.951,34.943],[-111.95,35.059]]]}},{"type":"Feature","properties":{"density":2},"geometry":{"type":"Polygon","coordinates":[[[-112.14,39.168],[-111.981,39.25],[-111.953,39.25],[-111.942,39.228],[-111.956,39.186],[-112.116,39.109],[-112.145,39.118],[-112.14,39.168]]]}},{"type":"Feature","properties":{"density":2},"geometry":{"type":"Polygon","coordinates":[[[-106.442,39.245],[-106.343,39.321],[-106.286,39.338],[-106.169,39.315],[-106.157,39.27],[-106.193,39.225],[-106.401,39.189],[-106.457,39.191],[-106.442,39.245]]]}},{"type":"Feature","properties":{"density":2},"geometry":{"type":"Polygon","coordinates":[[[-102.44,18.259],[-102.593,18.306],[-102.617,18.304],[-102.629,18.279],[-102.572,18.244],[-102.487,18.225],[-102.44,18.234],[-102.44,18.259]]]}},{"type":"Feature","properties":{"density":2},"geometry":{"type":"Polygon","coordinates":[[[-81.289,32.867],[-81.418,32.843],[-81.472,32.786],[-81.469,32.759],[-81.434,32.76],[-81.315,32.819],[-81.245,32.826],[-81.209,32.848],[-81.241,32.869],[-81.289,32.867]]]}},{"type":"Feature","properties":{"density":2},"geometry":{"type":"Polygon","coordinates":[[[-83.98,31.402],[-83.968,31.423],[-83.987,31.436],[-84.104,31.442],[-84.122,31.421],[-84.095,31.379],[-84.068,31.372],[-83.98,31.402]]]}},{"type":"Feature","properties":{"density":2},"geometry":{"type":"Polygon","coordinates":[[[-100.343,56.618],[-100.433,56.677],[-100.525,56.774],[-100.556,56.851],[-100.517,56.918],[-100.46,56.924],[-100.384,56.908],[-100.34,56.863],[-100.319,56.795],[-100.307,56.653],[-100.315,56.626],[-100.343,56.618]]]}},{"type":"Feature","properties":{"density":2},"geometry":{"type":"Polygon","coordinates":[[[-103.974,65.015],[-103.495,65.038],[-103.085,65.027],[-102.618,64.993],[-102.174,64.941],[-101.525,64.839],[-101.086,64.372],[-100.881,63.529],[-100.579,62.999],[-100.166,62.575],[-99.832,62.324],[-99.672,61.983],[-99.611,61.565],[-99.444,61.14],[-99.034,60.714],[-98.298,60.161],[-98.024,60.002],[-97.478,59.603],[-97.273,59.444],[-97.079,59.261],[-96.976,59.125],[-96.897,58.954],[-96.817,58.692],[-96.814,58.196],[-96.83,58.155],[-96.921,58.059],[-96.946,57.77],[-96.966,57.75],[-97.159,57.725],[-97.503,57.867],[-97.645,57.892],[-97.685,57.892],[-97.721,57.826],[-97.721,57.77],[-97.685,57.71],[-97.564,57.659],[-97.518,57.608],[-97.349,57.521],[-97.255,57.419],[-97.224,57.349],[-97.214,57.308],[-97.241,57.17],[-97.262,57.153],[-97.302,57.126],[-97.508,57.143],[-97.532,57.109],[-97.332,56.937],[-97.289,56.836],[-97.285,56.755],[-97.464,56.751],[-97.754,56.836],[-97.842,56.836],[-97.879,56.785],[-97.839,56.684],[-97.832,56.562],[-97.859,56.532],[-97.95,56.512],[-98.048,56.518],[-98.247,56.552],[-98.617,56.692],[-98.86,56.854],[-98.895,56.905],[-98.91,56.971],[-98.913,57.102],[-98.895,57.189],[-98.841,57.257],[-98.769,57.279],[-98.679,57.279],[-98.515,57.19],[-98.482,57.193],[-98.478,57.21],[-98.512,57.318],[-98.762,57.531],[-98.87,57.656],[-98.927,57.777],[-98.937,57.851],[-98.924,57.953],[-98.809,58.17],[-98.824,58.398],[-98.91,58.58],[-99.067,58.763],[-99.442,59.112],[-99.619,59.325],[-99.685,59.365],[-99.735,59.365],[-99.756,59.35],[-99.761,59.299],[-99.735,59.239],[-99.523,58.935],[-99.224,58.661],[-99.128,58.525],[-99.067,58.348],[-99.082,58.191],[-99.224,57.998],[-99.307,57.998],[-99.386,58.031],[-99.46,58.04],[-99.611,57.98],[-99.705,57.973],[-99.823,58.047],[-99.904,58.128],[-100.097,58.253],[-100.191,58.358],[-100.218,58.361],[-100.242,58.321],[-100.201,58.159],[-100.073,57.831],[-100.009,57.794],[-99.762,57.715],[-99.59,57.634],[-99.352,57.411],[-99.231,57.269],[-99.175,57.178],[-99.12,56.986],[-99.099,56.793],[-99.104,56.626],[-99.206,56.571],[-99.246,56.576],[-99.616,56.697],[-99.671,56.611],[-99.661,56.54],[-99.611,56.48],[-99.59,56.383],[-99.646,56.328],[-99.697,56.318],[-99.808,56.353],[-99.919,56.439],[-100.071,56.51],[-100.264,56.561],[-100.505,56.581],[-100.59,56.612],[-100.62,56.673],[-100.611,56.709],[-100.584,56.736],[-100.462,56.792],[-100.428,56.86],[-100.471,57.058],[-100.469,57.089],[-100.426,57.114],[-100.271,57.114],[-99.938,56.963],[-99.875,56.961],[-99.843,57.002],[-99.866,57.062],[-100.082,57.265],[-100.17,57.303],[-100.227,57.385],[-100.288,57.547],[-100.325,57.591],[-100.372,57.618],[-100.436,57.628],[-100.494,57.594],[-100.514,57.564],[-100.595,57.065],[-100.608,57.044],[-100.659,57.031],[-100.764,56.899],[-100.774,56.622],[-100.862,56.626],[-100.939,56.501],[-100.993,56.467],[-101.125,56.46],[-101.432,56.491],[-101.783,56.568],[-101.931,56.626],[-102.161,56.634],[-102.485,56.678],[-102.606,56.654],[-102.647,56.597],[-102.65,56.403],[-102.564,56.049],[-102.564,55.937],[-102.584,55.856],[-102.625,55.816],[-102.68,55.806],[-102.842,55.841],[-103.06,55.958],[-103.759,56.578],[-103.971,56.836],[-104.252,57.261],[-104.366,57.466],[-105.042,58.366],[-105.441,58.765],[-105.634,59.038],[-106.181,59.904],[-106.329,60.211],[-106.582,60.436],[-106.799,60.676],[-106.901,60.926],[-106.935,61.268],[-106.901,62.293],[-106.73,62.863],[-106.48,63.318],[-106.206,63.603],[-105.899,63.797],[-105.569,64.161],[-105.181,64.537],[-104.623,64.89],[-103.974,65.015]]]}},{"type":"Feature","properties":{"density":2},"geometry":{"type":"Polygon","coordinates":[[[-95.72,57.352],[-95.761,57.397],[-95.915,57.502],[-96.008,57.545],[-96.368,57.586],[-96.407,57.586],[-96.42,57.566],[-96.396,57.526],[-96.225,57.478],[-96.095,57.409],[-95.733,57.307],[-95.706,57.314],[-95.72,57.352]]]}},{"type":"Feature","properties":{"density":2},"geometry":{"type":"Polygon","coordinates":[[[-94.594,57.993],[-94.66,58.089],[-94.79,58.156],[-94.907,58.173],[-94.982,58.167],[-95.072,58.119],[-95.102,58.078],[-95.126,57.912],[-95.108,57.849],[-94.784,57.811],[-94.718,57.834],[-94.625,57.897],[-94.597,57.943],[-94.594,57.993]]]}},{"type":"Feature","properties":{"density":2},"geometry":{"type":"Polygon","coordinates":[[[-96.307,58.251],[-96.475,58.291],[-96.664,58.369],[-96.7,58.404],[-96.706,58.443],[-96.661,58.48],[-96.532,58.471],[-96.423,58.432],[-96.345,58.387],[-96.279,58.303],[-96.267,58.249],[-96.307,58.251]]]}},{"type":"Feature","properties":{"density":2},"geometry":{"type":"Polygon","coordinates":[[[-95.13,57.013],[-95.364,57.166],[-95.436,57.193],[-95.542,57.2],[-95.906,57.135],[-95.942,57.117],[-95.99,57.031],[-95.992,56.973],[-95.938,56.905],[-95.841,56.827],[-95.616,56.761],[-95.486,56.752],[-95.402,56.77],[-95.324,56.833],[-95.283,56.847],[-95.155,56.86],[-95.108,56.928],[-95.13,57.013]]]}},{"type":"Feature","properties":{"density":2},"geometry":{"type":"Polygon","coordinates":[[[-93.759,57.012],[-93.867,57.093],[-93.925,57.117],[-94.026,57.142],[-94.182,57.142],[-94.254,57.066],[-94.314,56.96],[-94.362,56.76],[-94.353,56.742],[-94.272,56.733],[-94.195,56.737],[-94.078,56.769],[-93.804,56.915],[-93.759,56.973],[-93.759,57.012]]]}},{"type":"Feature","properties":{"density":2},"geometry":{"type":"Polygon","coordinates":[[[-91.834,56.585],[-91.906,56.624],[-91.993,56.638],[-92.013,56.62],[-92.019,56.58],[-91.981,56.555],[-91.855,56.544],[-91.833,56.556],[-91.834,56.585]]]}},{"type":"Feature","properties":{"density":2},"geometry":{"type":"Polygon","coordinates":[[[-75.451,53.15],[-75.144,52.899],[-74.574,52.557],[-74.278,52.33],[-73.64,51.999],[-72.535,51.327],[-71.932,51.031],[-70.998,50.735],[-70.644,50.644],[-70.553,50.644],[-70.405,50.701],[-70.064,50.735],[-70.018,50.826],[-69.95,51.054],[-70.007,51.361],[-70.155,51.692],[-70.462,52.238],[-70.666,52.819],[-71.023,53.321],[-71.205,53.548],[-71.357,53.693],[-71.6,53.883],[-71.722,53.928],[-71.889,53.951],[-71.957,53.913],[-72.003,53.866],[-72.013,53.7],[-72.071,53.572],[-72.283,53.494],[-72.688,53.427],[-73.11,53.44],[-74.071,53.532],[-75.005,53.562],[-75.226,53.494],[-75.4,53.41],[-75.446,53.326],[-75.451,53.15]]]}},{"type":"Feature","properties":{"density":2},"geometry":{"type":"Polygon","coordinates":[[[-63.543,49.564],[-63.398,49.564],[-62.965,49.496],[-62.403,49.367],[-62.092,49.306],[-61.705,49.26],[-61.477,49.199],[-61.264,48.956],[-61.348,48.691],[-61.674,48.197],[-62.001,47.893],[-62.305,47.65],[-63.049,47.423],[-63.208,47.407],[-63.482,47.4],[-64.029,47.423],[-64.15,47.468],[-64.34,47.711],[-64.37,47.84],[-64.37,47.984],[-64.332,48.129],[-64.15,48.607],[-63.998,48.858],[-63.846,49.192],[-63.725,49.389],[-63.543,49.564]]]}},{"type":"Feature","properties":{"density":2},"geometry":{"type":"Polygon","coordinates":[[[-68.852,57.277],[-68.771,57.266],[-68.578,57.169],[-68.494,57.097],[-68.458,57.034],[-68.443,56.917],[-68.503,56.697],[-68.537,56.62],[-68.697,56.487],[-68.746,56.485],[-68.836,56.526],[-68.879,56.568],[-68.922,56.656],[-68.94,56.755],[-68.898,57.076],[-68.911,57.226],[-68.852,57.277]]]}},{"type":"Feature","properties":{"density":2},"geometry":{"type":"Polygon","coordinates":[[[-91.894,29.547],[-91.762,29.48],[-91.669,29.373],[-91.668,29.337],[-91.753,29.325],[-91.819,29.366],[-91.924,29.492],[-91.926,29.537],[-91.894,29.547]]]}},{"type":"Feature","properties":{"density":2},"geometry":{"type":"Polygon","coordinates":[[[-121.674,61.842],[-121.66,62.031],[-121.637,62.095],[-121.576,62.224],[-121.461,62.402],[-121.313,62.774],[-121.276,62.926],[-121.1,63.253],[-121.053,63.32],[-120.965,63.378],[-120.833,63.351],[-120.692,63.266],[-120.607,63.175],[-120.536,63.067],[-120.523,62.899],[-120.688,62.369],[-120.746,62.237],[-120.88,62.073],[-120.943,62.019],[-121.323,61.749],[-121.448,61.715],[-121.563,61.734],[-121.647,61.786],[-121.674,61.842]]]}},{"type":"Feature","properties":{"density":2},"geometry":{"type":"Polygon","coordinates":[[[-107.646,38.181],[-107.378,38.391],[-107.205,38.49],[-107.113,38.521],[-107.043,38.505],[-107.036,38.427],[-107.113,38.289],[-107.194,38.199],[-107.32,38.118],[-107.543,38.031],[-107.628,38.024],[-107.732,38.08],[-107.735,38.1],[-107.705,38.15],[-107.646,38.181]]]}},{"type":"Feature","properties":{"density":2},"geometry":{"type":"Polygon","coordinates":[[[-108.703,37.868],[-108.556,38.165],[-108.431,38.361],[-108.313,38.587],[-108.259,38.648],[-108.13,38.719],[-108.049,38.739],[-107.84,38.776],[-107.746,38.749],[-107.688,38.678],[-107.678,38.638],[-107.685,38.56],[-107.715,38.503],[-107.803,38.398],[-107.908,38.311],[-108.194,38.125],[-108.272,38.03],[-108.312,37.939],[-108.467,37.723],[-108.566,37.622],[-108.674,37.595],[-108.701,37.602],[-108.755,37.667],[-108.755,37.777],[-108.703,37.868]]]}},{"type":"Feature","properties":{"density":2},"geometry":{"type":"Polygon","coordinates":[[[-109.914,37.819],[-109.853,37.978],[-109.705,38.218],[-109.563,38.572],[-109.465,38.731],[-109.377,38.802],[-109.32,38.825],[-109.225,38.788],[-109.188,38.64],[-109.161,38.272],[-109.192,38.174],[-109.293,37.975],[-109.365,37.884],[-109.645,37.675],[-109.716,37.642],[-109.799,37.645],[-109.877,37.683],[-109.921,37.741],[-109.914,37.819]]]}},{"type":"Feature","properties":{"density":2},"geometry":{"type":"Polygon","coordinates":[[[-100.354,39.228],[-100.41,39.349],[-100.43,39.526],[-100.41,39.693],[-100.365,39.86],[-100.309,40.002],[-100.218,40.124],[-100.127,40.205],[-100.025,40.265],[-99.747,40.351],[-99.428,40.422],[-99.357,40.458],[-99.043,40.534],[-98.507,40.696],[-98.365,40.696],[-97.98,40.777],[-97.808,40.787],[-97.58,40.751],[-97.489,40.721],[-97.393,40.63],[-97.367,40.534],[-97.357,40.311],[-97.428,40.103],[-97.929,39.516],[-98.41,39.354],[-98.608,39.309],[-99.539,39.03],[-99.711,38.995],[-100.091,38.969],[-100.228,39.05],[-100.304,39.136],[-100.354,39.228]]]}},{"type":"Feature","properties":{"density":2},"geometry":{"type":"Polygon","coordinates":[[[-112.158,39.159],[-112.044,39.411],[-111.972,39.459],[-111.854,39.471],[-111.512,39.411],[-111.437,39.369],[-111.426,39.333],[-111.434,39.291],[-111.465,39.255],[-111.621,39.208],[-111.885,39.174],[-111.968,39.144],[-112.01,39.112],[-112.12,39.095],[-112.161,39.119],[-112.158,39.159]]]}},{"type":"Feature","properties":{"density":2},"geometry":{"type":"Polygon","coordinates":[[[-111.938,35.036],[-111.86,35.172],[-111.608,35.368],[-111.376,35.514],[-111.302,35.544],[-111.248,35.548],[-111.223,35.532],[-111.203,35.472],[-111.218,35.391],[-111.286,35.289],[-111.488,35.109],[-111.675,34.995],[-111.736,34.932],[-111.833,34.914],[-111.898,34.936],[-111.932,34.974],[-111.938,35.036]]]}},{"type":"Feature","properties":{"density":2},"geometry":{"type":"Polygon","coordinates":[[[-108.696,33.324],[-108.613,33.522],[-108.554,33.612],[-108.478,33.673],[-108.282,33.756],[-108.1,33.804],[-107.904,33.797],[-107.855,33.761],[-107.848,33.727],[-107.864,33.671],[-108.089,33.459],[-108.185,33.412],[-108.275,33.342],[-108.66,33.24],[-108.697,33.248],[-108.708,33.268],[-108.696,33.324]]]}},{"type":"Feature","properties":{"density":2},"geometry":{"type":"Polygon","coordinates":[[[-105.674,34.728],[-105.497,34.794],[-105.213,34.834],[-105.147,34.829],[-105.026,34.783],[-104.95,34.707],[-104.904,34.616],[-104.788,34.196],[-104.712,34.049],[-104.717,33.968],[-104.743,33.892],[-104.793,33.827],[-104.864,33.771],[-104.945,33.735],[-105.309,33.72],[-105.391,33.7],[-105.654,33.715],[-105.725,33.766],[-105.816,33.968],[-105.836,34.323],[-105.831,34.414],[-105.775,34.586],[-105.745,34.647],[-105.674,34.728]]]}},{"type":"Feature","properties":{"density":2},"geometry":{"type":"Polygon","coordinates":[[[-102.458,18.23],[-102.515,18.246],[-102.533,18.276],[-102.524,18.332],[-102.503,18.347],[-102.472,18.35],[-102.43,18.306],[-102.428,18.257],[-102.458,18.23]]]}},{"type":"Feature","properties":{"density":2},"geometry":{"type":"Polygon","coordinates":[[[-86.189,15.211],[-86.249,15.22],[-86.281,15.199],[-86.212,15.183],[-86.183,15.191],[-86.189,15.211]]]}},{"type":"Feature","properties":{"density":2},"geometry":{"type":"Polygon","coordinates":[[[-117.764,65.115],[-117.798,65.277],[-117.791,65.463],[-117.668,65.875],[-117.584,66.075],[-117.473,66.228],[-117.521,66.341],[-117.531,66.437],[-117.521,66.528],[-117.43,66.71],[-117.389,66.735],[-117.298,66.751],[-117.106,66.741],[-116.888,66.68],[-116.741,66.609],[-116.68,66.553],[-116.523,66.346],[-116.482,66.131],[-116.497,65.969],[-116.53,65.851],[-116.635,65.667],[-116.822,65.242],[-116.873,65.166],[-116.974,65.075],[-117.135,65.115],[-117.303,65.134],[-117.479,65.116],[-117.555,65.089],[-117.718,65.083],[-117.764,65.115]]]}},{"type":"Feature","properties":{"density":2},"geometry":{"type":"Polygon","coordinates":[[[-115.66,64.905],[-115.669,65.088],[-115.635,65.211],[-115.59,65.25],[-115.568,65.241],[-115.559,65.214],[-115.574,64.95],[-115.61,64.865],[-115.64,64.869],[-115.66,64.905]]]}},{"type":"Feature","properties":{"density":2},"geometry":{"type":"Polygon","coordinates":[[[-77.69,34.74],[-77.799,34.781],[-77.855,34.827],[-77.87,34.869],[-77.846,34.935],[-77.765,34.947],[-77.724,34.937],[-77.664,34.893],[-77.624,34.833],[-77.619,34.793],[-77.645,34.749],[-77.69,34.74]]]}},{"type":"Feature","properties":{"density":2},"geometry":{"type":"Polygon","coordinates":[[[-121.666,61.9],[-121.688,62.003],[-121.814,62.105],[-121.875,62.129],[-122.147,62.152],[-122.244,62.181],[-122.314,62.204],[-122.449,62.313],[-122.427,62.358],[-122.364,62.382],[-122.242,62.387],[-122.139,62.369],[-122.105,62.387],[-122.125,62.49],[-122.148,62.515],[-122.178,62.616],[-122.168,62.721],[-122.094,62.755],[-122.026,62.758],[-121.78,62.64],[-121.507,62.431],[-121.362,62.245],[-121.21,62.141],[-121.162,62.124],[-121.115,62.066],[-121.115,62.002],[-121.169,61.918],[-121.277,61.8],[-121.389,61.739],[-121.48,61.746],[-121.598,61.79],[-121.663,61.868],[-121.666,61.9]]]}},{"type":"Feature","properties":{"density":2},"geometry":{"type":"Polygon","coordinates":[[[-117.467,65.205],[-117.465,65.307],[-117.443,65.407],[-117.405,65.452],[-117.36,65.452],[-117.321,65.413],[-117.317,65.373],[-117.347,65.28],[-117.42,65.176],[-117.467,65.205]]]}},{"type":"Feature","properties":{"density":2},"geometry":{"type":"Polygon","coordinates":[[[-117.07,65.221],[-117.052,65.635],[-117.019,65.692],[-116.958,65.702],[-116.884,65.66],[-116.869,65.588],[-116.88,65.491],[-116.908,65.392],[-117.001,65.2],[-117.03,65.174],[-117.06,65.193],[-117.07,65.221]]]}},{"type":"Feature","properties":{"density":2},"geometry":{"type":"Polygon","coordinates":[[[-117.333,65.633],[-117.342,65.723],[-117.45,65.936],[-117.513,66.101],[-117.518,66.195],[-117.493,66.254],[-117.468,66.263],[-117.367,66.238],[-117.248,66.137],[-117.198,66.017],[-117.176,65.869],[-117.196,65.734],[-117.243,65.628],[-117.268,65.608],[-117.309,65.606],[-117.333,65.633]]]}},{"type":"Feature","properties":{"density":2},"geometry":{"type":"Polygon","coordinates":[[[-121.678,61.933],[-121.647,62.037],[-121.428,62.368],[-121.303,62.655],[-121.188,63.063],[-121.138,63.185],[-121.087,63.485],[-121.016,63.622],[-120.996,63.774],[-121.0,63.916],[-121.057,64.052],[-121.097,64.108],[-121.158,64.288],[-121.155,64.406],[-121.097,64.487],[-120.95,64.579],[-120.874,64.609],[-120.697,64.639],[-120.581,64.634],[-120.333,64.568],[-120.216,64.508],[-120.064,64.518],[-120.004,64.579],[-119.826,64.913],[-119.71,64.978],[-119.614,64.999],[-119.442,64.989],[-119.259,64.857],[-119.189,64.705],[-119.178,64.487],[-119.214,64.244],[-119.325,63.986],[-119.335,63.855],[-119.3,63.743],[-119.148,63.48],[-119.123,63.343],[-119.199,63.196],[-119.346,63.04],[-119.624,62.893],[-119.872,62.731],[-120.08,62.554],[-120.378,62.366],[-120.697,62.088],[-120.829,61.949],[-121.136,61.71],[-121.406,61.642],[-121.646,61.74],[-121.679,61.868],[-121.678,61.933]]]}},{"type":"Feature","properties":{"density":2},"geometry":{"type":"Polygon","coordinates":[[[-121.246,63.594],[-121.192,63.713],[-121.17,64.175],[-121.075,64.253],[-120.967,64.247],[-120.949,64.193],[-120.992,63.934],[-121.035,63.785],[-121.104,63.623],[-121.152,63.569],[-121.197,63.547],[-121.231,63.562],[-121.246,63.594]]]}},{"type":"Feature","properties":{"density":2},"geometry":{"type":"Polygon","coordinates":[[[-117.536,66.375],[-117.5,66.49],[-117.378,66.625],[-117.27,66.778],[-117.214,66.827],[-117.167,66.841],[-117.113,66.832],[-117.086,66.76],[-117.11,66.654],[-117.149,66.555],[-117.277,66.337],[-117.401,66.294],[-117.479,66.292],[-117.529,66.33],[-117.536,66.375]]]}},{"type":"Feature","properties":{"density":2},"geometry":{"type":"Polygon","coordinates":[[[-117.525,65.035],[-117.812,65.157],[-117.93,65.359],[-118.021,65.596],[-118.061,66.304],[-118.011,66.64],[-117.889,66.959],[-117.783,67.136],[-117.586,67.384],[-117.267,67.582],[-116.938,67.734],[-116.755,67.764],[-116.452,67.708],[-116.31,67.622],[-116.209,67.47],[-116.133,67.313],[-116.077,67.121],[-116.077,66.944],[-116.188,66.589],[-116.259,66.468],[-116.512,65.714],[-116.609,65.501],[-116.872,65.116],[-116.953,65.025],[-117.125,64.969],[-117.251,64.949],[-117.439,64.964],[-117.525,65.035]]]}},{"type":"Feature","properties":{"density":2},"geometry":{"type":"Polygon","coordinates":[[[-95.314,56.875],[-95.421,56.913],[-95.673,56.967],[-95.742,56.94],[-95.847,56.866],[-95.967,56.859],[-96.17,56.914],[-96.435,57.047],[-96.539,57.182],[-96.6,57.299],[-96.646,57.497],[-96.695,57.609],[-96.722,57.652],[-96.889,57.785],[-96.899,57.812],[-96.848,57.937],[-96.723,58.018],[-96.619,58.018],[-96.198,57.915],[-95.991,57.803],[-95.805,57.686],[-95.772,57.649],[-95.559,57.554],[-95.12,57.321],[-95.073,57.254],[-95.026,57.112],[-95.019,56.984],[-95.043,56.927],[-95.076,56.879],[-95.151,56.843],[-95.314,56.875]]]}},{"type":"Feature","properties":{"density":2},"geometry":{"type":"Polygon","coordinates":[[[-94.693,57.882],[-94.818,57.906],[-95.297,57.899],[-95.469,57.939],[-95.803,58.105],[-95.881,58.22],[-95.891,58.26],[-95.877,58.314],[-95.847,58.378],[-95.736,58.458],[-95.614,58.498],[-95.341,58.518],[-95.234,58.559],[-94.981,58.564],[-94.895,58.549],[-94.693,58.397],[-94.551,58.164],[-94.526,58.022],[-94.544,57.916],[-94.577,57.883],[-94.693,57.882]]]}},{"type":"Feature","properties":{"density":2},"geometry":{"type":"Polygon","coordinates":[[[-93.699,58.449],[-93.935,58.557],[-93.999,58.62],[-94.07,58.642],[-94.088,58.707],[-93.911,58.773],[-93.87,58.83],[-93.834,58.828],[-93.771,58.699],[-93.732,58.558],[-93.666,58.476],[-93.663,58.45],[-93.699,58.449]]]}},{"type":"Feature","properties":{"density":2},"geometry":{"type":"Polygon","coordinates":[[[-91.854,56.648],[-91.924,56.69],[-92.064,56.732],[-92.387,56.674],[-92.735,56.677],[-92.794,56.654],[-92.815,56.6],[-92.805,56.567],[-92.764,56.54],[-92.646,56.513],[-92.295,56.465],[-92.163,56.471],[-91.96,56.483],[-91.804,56.537],[-91.854,56.648]]]}},{"type":"Feature","properties":{"density":2},"geometry":{"type":"Polygon","coordinates":[[[-93.76,57.101],[-93.862,57.213],[-93.973,57.287],[-94.442,57.469],[-94.644,57.584],[-94.779,57.732],[-94.874,57.776],[-95.009,57.753],[-95.063,57.672],[-95.053,57.574],[-94.996,57.52],[-94.901,57.472],[-94.844,57.385],[-94.901,57.317],[-94.985,57.277],[-95.056,57.159],[-95.087,57.074],[-95.076,56.899],[-95.046,56.848],[-95.019,56.835],[-94.779,56.841],[-94.631,56.801],[-94.56,56.797],[-94.088,56.889],[-93.811,56.885],[-93.757,56.9],[-93.712,56.973],[-93.715,57.02],[-93.76,57.101]]]}},{"type":"Feature","properties":{"density":2},"geometry":{"type":"Polygon","coordinates":[[[-112.155,39.179],[-112.02,39.467],[-112.005,39.558],[-111.839,39.781],[-111.684,39.886],[-111.589,39.913],[-111.363,39.94],[-110.782,39.926],[-110.506,39.869],[-110.003,39.713],[-109.544,39.538],[-109.473,39.487],[-109.449,39.433],[-109.473,39.386],[-109.53,39.346],[-109.628,39.322],[-110.364,39.221],[-110.769,39.204],[-111.405,39.146],[-111.851,39.198],[-111.939,39.18],[-112.047,39.094],[-112.123,39.076],[-112.155,39.076],[-112.173,39.103],[-112.155,39.179]]]}},{"type":"Feature","properties":{"density":2},"geometry":{"type":"Polygon","coordinates":[[[-109.959,37.859],[-109.933,37.986],[-109.832,38.213],[-109.731,38.375],[-109.721,38.583],[-109.66,38.735],[-109.538,38.932],[-109.394,39.107],[-109.098,39.35],[-108.901,39.593],[-108.688,39.684],[-108.384,39.775],[-108.081,39.828],[-107.359,39.756],[-107.188,39.711],[-105.979,40.315],[-104.877,41.058],[-104.339,41.468],[-102.16,42.724],[-100.776,43.493],[-100.033,43.724],[-99.418,43.98],[-98.906,44.082],[-97.24,44.339],[-96.035,44.287],[-95.599,44.134],[-94.369,43.749],[-93.754,43.083],[-93.652,42.647],[-93.421,41.878],[-93.293,41.34],[-93.242,40.93],[-93.301,40.289],[-93.267,40.016],[-93.148,39.811],[-93.028,39.452],[-93.028,39.008],[-93.165,38.632],[-93.489,38.068],[-93.814,37.453],[-94.036,37.214],[-94.634,36.735],[-94.873,36.718],[-95.352,37.009],[-95.557,37.368],[-95.745,37.829],[-96.103,39.008],[-96.274,39.145],[-96.787,39.315],[-97.197,39.332],[-97.522,39.281],[-98.0,39.247],[-98.991,38.957],[-102.323,38.512],[-102.887,38.393],[-104.253,37.897],[-104.681,37.795],[-105.074,37.726],[-105.603,37.88],[-106.082,37.949],[-106.594,37.966],[-107.762,37.854],[-108.012,37.816],[-108.365,37.702],[-108.54,37.587],[-108.618,37.563],[-108.716,37.557],[-108.804,37.594],[-108.848,37.651],[-108.858,37.776],[-108.898,37.827],[-109.094,37.83],[-109.293,37.81],[-109.51,37.661],[-109.582,37.639],[-109.804,37.615],[-109.91,37.648],[-109.945,37.69],[-109.972,37.751],[-109.959,37.859]]]}},{"type":"Feature","properties":{"density":2},"geometry":{"type":"Polygon","coordinates":[[[-108.727,33.285],[-108.693,33.404],[-108.445,33.815],[-108.338,33.907],[-108.291,34.0],[-108.193,34.061],[-107.871,34.25],[-107.56,34.341],[-107.446,34.348],[-107.27,34.318],[-107.193,34.237],[-107.206,34.159],[-107.243,34.088],[-107.358,33.96],[-107.49,33.767],[-107.572,33.598],[-108.063,33.391],[-108.432,33.152],[-108.571,33.159],[-108.619,33.175],[-108.7,33.222],[-108.727,33.285]]]}},{"type":"Feature","properties":{"density":2},"geometry":{"type":"Polygon","coordinates":[[[-111.922,35.057],[-111.787,35.165],[-111.415,35.388],[-111.024,35.722],[-110.916,35.756],[-110.791,35.762],[-110.575,35.739],[-110.551,35.695],[-110.616,35.54],[-110.747,35.452],[-111.183,35.249],[-111.399,35.128],[-111.675,35.02],[-111.777,34.925],[-111.817,34.912],[-111.928,34.952],[-111.94,34.983],[-111.922,35.057]]]}},{"type":"Feature","properties":{"density":2},"geometry":{"type":"Polygon","coordinates":[[[-112.539,38.369],[-112.246,38.567],[-112.147,38.564],[-111.999,38.506],[-111.994,38.418],[-112.055,38.351],[-112.201,38.265],[-112.41,38.189],[-112.46,38.189],[-112.516,38.231],[-112.543,38.29],[-112.539,38.369]]]}},{"type":"Feature","properties":{"density":2},"geometry":{"type":"Polygon","coordinates":[[[-111.011,57.258],[-112.01,57.873],[-113.855,59.257],[-115.086,60.295],[-116.777,62.679],[-118.046,65.37],[-118.084,66.139],[-117.969,68.57],[-117.536,70.041],[-117.017,71.165],[-115.979,72.549],[-115.114,73.328],[-113.557,74.366],[-110.79,74.625],[-108.714,74.366],[-103.61,74.02],[-100.929,74.106],[-97.728,73.933],[-92.452,73.414],[-86.945,73.414],[-85.1,73.241],[-81.871,73.068],[-79.91,72.895],[-77.257,72.722],[-72.644,71.454],[-71.433,71.108],[-69.876,70.3],[-68.954,69.262],[-68.55,67.648],[-69.069,66.494],[-69.876,65.629],[-71.027,64.483],[-71.898,63.765],[-73.257,62.714],[-74.179,61.74],[-76.123,60.504],[-77.161,59.888],[-78.199,59.466],[-79.737,58.697],[-79.929,58.312],[-80.083,57.313],[-80.083,56.698],[-79.545,55.89],[-78.468,54.878],[-77.776,54.622],[-76.597,54.699],[-74.291,55.16],[-72.458,55.737],[-71.459,55.814],[-70.135,56.253],[-70.016,56.253],[-69.617,56.444],[-68.979,56.797],[-68.74,57.002],[-68.49,57.264],[-68.011,57.241],[-67.613,57.161],[-67.248,56.933],[-66.929,56.626],[-66.679,56.204],[-66.644,55.592],[-66.633,54.92],[-66.667,54.578],[-66.655,54.225],[-66.587,53.906],[-66.114,52.05],[-65.944,51.759],[-65.431,51.435],[-64.238,51.159],[-63.555,51.125],[-63.076,51.245],[-62.512,51.133],[-61.897,50.877],[-61.846,50.775],[-61.271,50.115],[-61.043,49.956],[-60.838,49.74],[-60.679,49.455],[-60.587,48.999],[-60.565,48.578],[-60.599,48.373],[-60.77,47.963],[-61.111,47.564],[-61.45,46.981],[-61.644,46.719],[-62.122,46.434],[-62.51,46.161],[-62.911,46.254],[-63.39,46.015],[-64.278,46.134],[-64.654,46.339],[-65.799,47.305],[-66.029,47.561],[-66.849,48.202],[-67.721,48.919],[-68.592,49.688],[-69.515,50.611],[-70.95,51.713],[-71.488,51.841],[-72.616,52.712],[-72.975,52.969],[-73.769,53.328],[-74.487,53.481],[-75.461,53.738],[-76.101,53.789],[-76.742,53.789],[-77.767,53.558],[-78.961,52.508],[-79.712,52.303],[-80.153,52.072],[-80.529,51.747],[-80.7,51.491],[-80.734,51.269],[-80.717,51.064],[-80.631,50.842],[-80.512,50.671],[-79.965,50.483],[-79.35,50.483],[-78.974,50.79],[-78.239,51.012],[-77.761,51.064],[-77.368,50.773],[-77.3,50.209],[-77.453,49.799],[-77.727,49.458],[-78.239,49.338],[-79.709,49.27],[-80.409,49.133],[-81.281,49.235],[-82.511,49.287],[-83.485,49.287],[-86.154,49.227],[-88.038,49.381],[-89.422,49.458],[-90.96,49.688],[-93.997,50.226],[-96.034,50.457],[-97.457,50.803],[-104.165,53.148],[-109.067,56.089],[-110.047,56.781],[-111.011,57.258]]]}},{"type":"Feature","properties":{"density":2},"geometry":{"type":"Polygon","coordinates":[[[-49.132,61.885],[-46.479,61.77],[-44.403,62.385],[-42.712,63.038],[-41.75,63.269],[-40.328,63.077],[-38.675,62.808],[-37.06,62.462],[-35.869,62.077],[-34.908,61.539],[-34.638,60.77],[-34.908,60.001],[-35.407,59.386],[-35.792,58.617],[-36.291,57.81],[-37.022,57.157],[-38.329,56.849],[-39.559,56.657],[-41.75,56.58],[-45.095,56.695],[-47.209,56.811],[-48.632,56.926],[-50.246,56.964],[-51.707,56.618],[-52.784,56.465],[-54.437,56.695],[-54.591,56.926],[-54.783,57.887],[-54.552,58.887],[-53.899,59.655],[-52.745,60.463],[-51.823,60.962],[-49.862,61.808],[-49.132,61.885]]]}},{"type":"Feature","properties":{"density":2},"geometry":{"type":"Polygon","coordinates":[[[-66.652,42.164],[-66.075,42.164],[-64.653,41.856],[-62.692,41.587],[-60.424,41.664],[-57.849,41.625],[-55.657,41.664],[-53.12,41.971],[-50.429,42.241],[-48.43,42.548],[-45.393,42.663],[-40.741,42.625],[-39.934,42.51],[-38.934,41.664],[-38.512,40.434],[-39.05,39.05],[-40.242,37.858],[-41.971,36.935],[-43.701,36.051],[-45.816,35.821],[-47.969,35.782],[-50.275,36.051],[-52.966,36.628],[-54.35,36.974],[-56.503,37.397],[-58.118,37.589],[-60.271,37.781],[-64.346,38.204],[-66.088,38.409],[-66.883,38.665],[-67.626,39.024],[-68.087,39.716],[-68.215,40.434],[-67.934,41.074],[-67.523,41.69],[-67.293,41.997],[-67.002,42.151],[-66.652,42.164]]]}},{"type":"Feature","properties":{"density":3},"geometry":{"type":"Polygon","coordinates":[[[-108.643,33.301],[-108.277,33.537],[-107.955,33.654],[-107.558,33.933],[-107.484,33.946],[-107.416,33.933],[-107.354,33.89],[-107.23,33.741],[-107.161,33.704],[-107.099,33.704],[-107.05,33.785],[-106.895,33.865],[-106.721,33.859],[-106.665,33.828],[-106.535,33.611],[-106.424,33.499],[-106.343,33.456],[-106.244,33.45],[-106.182,33.481],[-106.126,33.475],[-105.897,33.288],[-105.835,33.214],[-105.742,33.195],[-105.673,33.233],[-105.624,33.288],[-105.549,33.437],[-105.587,33.574],[-105.723,33.58],[-105.859,33.623],[-105.959,33.692],[-105.996,33.803],[-105.928,33.896],[-105.835,33.964],[-105.735,34.101],[-105.717,34.181],[-105.748,34.287],[-105.816,34.324],[-105.884,34.336],[-106.008,34.231],[-106.083,34.2],[-106.176,34.194],[-106.262,34.225],[-106.368,34.324],[-106.641,34.349],[-106.703,34.38],[-106.696,34.485],[-106.566,34.584],[-106.424,34.628],[-106.287,34.764],[-106.281,34.851],[-106.386,35.018],[-106.796,35.304],[-106.988,35.39],[-107.155,35.446],[-107.378,35.477],[-107.533,35.471],[-107.688,35.428],[-107.837,35.341],[-107.893,35.211],[-107.899,35.111],[-107.85,34.932],[-107.856,34.727],[-107.794,34.591],[-107.496,34.312],[-107.447,34.25],[-107.434,34.2],[-107.509,34.126],[-107.626,34.057],[-107.732,33.971],[-107.893,33.884],[-108.66,33.365],[-108.643,33.301]]]}},{"type":"Feature","properties":{"density":3},"geometry":{"type":"Polygon","coordinates":[[[-111.853,34.948],[-111.778,35.035],[-111.778,35.177],[-111.679,35.487],[-111.685,35.605],[-111.716,35.63],[-111.754,35.605],[-111.791,35.537],[-111.871,35.332],[-111.896,34.991],[-111.878,34.954],[-111.853,34.948]]]}},{"type":"Feature","properties":{"density":3},"geometry":{"type":"Polygon","coordinates":[[[-112.104,39.128],[-111.958,39.219],[-111.903,39.288],[-112.071,39.186],[-112.112,39.145],[-112.104,39.128]]]}},{"type":"Feature","properties":{"density":3},"geometry":{"type":"Polygon","coordinates":[[[-104.986,38.232],[-105.097,38.145],[-105.172,38.002],[-105.11,37.934],[-104.781,37.754],[-104.645,37.711],[-104.236,37.643],[-104.019,37.655],[-103.609,37.779],[-102.896,37.922],[-102.574,38.002],[-101.911,38.238],[-101.601,38.356],[-101.39,38.455],[-100.119,39.106],[-99.914,39.267],[-99.709,39.571],[-98.6,40.744],[-98.516,41.219],[-98.488,41.73],[-98.702,42.353],[-98.962,42.614],[-99.613,42.884],[-100.06,42.977],[-100.525,42.967],[-100.906,42.828],[-101.371,42.474],[-101.455,42.316],[-101.539,42.102],[-101.52,41.879],[-101.436,41.693],[-101.325,41.563],[-100.99,41.461],[-100.683,41.544],[-100.348,41.693],[-100.088,41.758],[-99.799,41.73],[-99.502,41.647],[-99.297,41.489],[-99.223,41.303],[-99.204,41.098],[-99.334,40.893],[-99.558,40.763],[-99.911,40.735],[-100.162,40.698],[-100.339,40.651],[-100.98,40.428],[-101.073,40.372],[-101.966,40.075],[-101.985,39.926],[-101.734,39.852],[-101.659,39.759],[-101.743,39.684],[-102.031,39.508],[-102.534,39.266],[-103.166,39.024],[-103.826,38.475],[-104.04,38.364],[-104.264,38.298],[-104.859,38.205],[-104.986,38.232]]]}},{"type":"Feature","properties":{"density":3},"geometry":{"type":"Polygon","coordinates":[[[-107.66,38.111],[-107.78,38.293],[-107.846,38.45],[-107.974,38.545],[-108.135,38.557],[-108.144,38.594],[-108.131,38.636],[-108.082,38.656],[-107.978,38.66],[-107.834,38.64],[-107.772,38.59],[-107.73,38.516],[-107.718,38.404],[-107.648,38.251],[-107.573,38.21],[-107.433,38.247],[-107.416,38.206],[-107.59,38.086],[-107.66,38.111]]]}},{"type":"Feature","properties":{"density":3},"geometry":{"type":"Polygon","coordinates":[[[-109.656,37.869],[-109.731,37.861],[-109.776,37.836],[-109.801,37.778],[-109.772,37.728],[-109.718,37.704],[-109.652,37.699],[-109.603,37.728],[-109.578,37.766],[-109.57,37.828],[-109.603,37.861],[-109.656,37.869]]]}},{"type":"Feature","properties":{"density":3},"geometry":{"type":"Polygon","coordinates":[[[-108.698,37.664],[-108.726,37.697],[-108.726,37.761],[-108.643,37.94],[-108.536,38.045],[-108.478,38.053],[-108.472,38.02],[-108.618,37.78],[-108.654,37.664],[-108.698,37.664]]]}},{"type":"Feature","properties":{"density":3},"geometry":{"type":"Polygon","coordinates":[[[-121.331,61.821],[-121.362,61.846],[-121.43,61.865],[-121.504,61.865],[-121.728,61.914],[-121.976,62.144],[-122.038,62.243],[-122.0,62.299],[-121.907,62.336],[-121.926,62.466],[-122.019,62.77],[-122.025,62.832],[-122.0,62.894],[-121.876,62.888],[-121.827,62.863],[-121.628,62.826],[-121.56,62.782],[-121.529,62.72],[-121.573,62.534],[-121.579,62.392],[-121.56,62.274],[-121.399,62.113],[-121.256,61.92],[-121.269,61.796],[-121.343,61.753],[-121.455,61.803],[-121.331,61.821]]]}},{"type":"Feature","properties":{"density":3},"geometry":{"type":"Polygon","coordinates":[[[-97.966,56.599],[-98.036,56.673],[-98.131,56.83],[-98.131,56.859],[-98.065,56.942],[-97.937,56.959],[-97.9,56.95],[-97.888,56.905],[-97.904,56.797],[-97.896,56.591],[-97.966,56.599]]]}},{"type":"Feature","properties":{"density":3},"geometry":{"type":"Polygon","coordinates":[[[-97.359,57.194],[-97.156,57.285],[-96.986,57.405],[-97.036,57.413],[-97.148,57.36],[-97.21,57.355],[-97.338,57.409],[-97.445,57.36],[-97.524,57.293],[-97.524,57.248],[-97.454,57.198],[-97.359,57.194]]]}},{"type":"Feature","properties":{"density":3},"geometry":{"type":"Polygon","coordinates":[[[-97.966,57.595],[-98.024,57.674],[-97.966,57.715],[-97.883,57.719],[-97.859,57.657],[-97.863,57.616],[-97.966,57.595]]]}},{"type":"Feature","properties":{"density":3},"geometry":{"type":"Polygon","coordinates":[[[-98.012,57.967],[-98.098,58.017],[-98.115,58.079],[-98.09,58.132],[-97.991,58.099],[-97.892,58.112],[-97.867,58.083],[-97.871,58.05],[-97.937,57.988],[-98.012,57.967]]]}},{"type":"Feature","properties":{"density":3},"geometry":{"type":"Polygon","coordinates":[[[-97.028,58.695],[-97.201,58.765],[-97.239,58.794],[-97.251,58.827],[-97.222,58.839],[-97.172,58.827],[-97.003,58.757],[-97.003,58.711],[-97.028,58.695]]]}},{"type":"Feature","properties":{"density":3},"geometry":{"type":"Polygon","coordinates":[[[-98.421,59.158],[-98.479,59.191],[-98.528,59.261],[-98.545,59.323],[-98.528,59.356],[-98.495,59.36],[-98.437,59.319],[-98.396,59.265],[-98.371,59.178],[-98.421,59.158]]]}},{"type":"Feature","properties":{"density":3},"geometry":{"type":"Polygon","coordinates":[[[-99.206,56.62],[-99.268,56.64],[-99.355,56.711],[-99.694,56.847],[-99.752,56.905],[-99.772,57.074],[-99.665,57.161],[-99.586,57.165],[-99.248,56.975],[-99.194,56.917],[-99.165,56.859],[-99.177,56.673],[-99.206,56.62]]]}},{"type":"Feature","properties":{"density":3},"geometry":{"type":"Polygon","coordinates":[[[-101.513,56.818],[-101.413,56.954],[-101.38,57.215],[-101.488,57.293],[-101.533,57.293],[-101.558,57.264],[-101.616,57.132],[-101.649,57.116],[-101.732,57.124],[-101.752,57.112],[-101.765,57.05],[-101.633,56.864],[-101.525,56.801],[-101.513,56.818]]]}},{"type":"Feature","properties":{"density":3},"geometry":{"type":"Polygon","coordinates":[[[-101.137,57.55],[-101.232,57.81],[-101.219,58.153],[-101.36,58.376],[-101.368,58.443],[-101.314,58.554],[-101.248,58.587],[-101.19,58.554],[-101.137,58.343],[-101.12,58.215],[-101.128,57.897],[-101.041,57.732],[-101.066,57.579],[-101.099,57.541],[-101.137,57.55]]]}},{"type":"Feature","properties":{"density":3},"geometry":{"type":"Polygon","coordinates":[[[-102.753,55.995],[-102.848,56.082],[-103.034,56.347],[-103.092,56.458],[-103.141,56.719],[-103.199,56.872],[-103.166,56.897],[-103.108,56.876],[-103.05,56.88],[-102.988,56.93],[-102.947,56.938],[-102.902,56.93],[-102.877,56.901],[-102.947,56.814],[-102.972,56.723],[-102.835,56.367],[-102.654,56.095],[-102.641,56.02],[-102.658,55.975],[-102.695,55.971],[-102.753,55.995]]]}},{"type":"Feature","properties":{"density":3},"geometry":{"type":"Polygon","coordinates":[[[-103.629,57.397],[-103.72,57.591],[-103.778,57.641],[-103.865,57.785],[-103.865,57.822],[-103.815,57.856],[-103.654,57.864],[-103.575,57.822],[-103.414,57.632],[-103.356,57.508],[-103.356,57.442],[-103.385,57.393],[-103.414,57.351],[-103.464,57.326],[-103.522,57.314],[-103.6,57.335],[-103.629,57.397]]]}},{"type":"Feature","properties":{"density":3},"geometry":{"type":"Polygon","coordinates":[[[-45.615,60.243],[-42.649,59.866],[-41.472,59.678],[-40.719,59.537],[-40.295,59.301],[-40.154,58.831],[-40.342,58.454],[-40.907,58.171],[-41.801,57.983],[-43.308,57.983],[-44.768,58.171],[-46.321,58.501],[-47.546,58.784],[-49.146,59.254],[-49.9,59.301],[-51.783,59.49],[-52.866,59.631],[-54.184,59.678],[-55.173,59.49],[-55.926,59.49],[-57.763,59.678],[-59.175,59.678],[-59.881,59.772],[-61.953,59.725],[-63.601,59.443],[-65.155,58.972],[-66.144,58.548],[-67.697,58.171],[-68.168,57.889],[-68.545,57.701],[-69.298,57.418],[-69.816,57.089],[-72.217,55.948],[-75.105,55.32],[-77.532,55.132],[-83.978,54.337],[-85.673,54.232],[-87.493,54.19],[-90.82,55.331],[-92.107,56.084],[-93.175,56.68],[-94.148,56.963],[-95.278,57.151],[-97.035,57.497],[-97.349,57.371],[-97.914,57.057],[-98.511,56.932],[-99.076,56.932],[-99.546,57.089],[-101.744,57.685],[-103.25,57.716],[-103.847,57.497],[-105.04,57.528],[-105.887,57.905],[-106.546,58.375],[-107.362,59.066],[-108.492,59.976],[-109.151,60.447],[-109.591,60.855],[-110.815,62.079],[-111.568,62.77],[-112.824,65.061],[-113.577,66.034],[-114.268,67.07],[-115.209,68.169],[-115.837,68.859],[-116.559,69.738],[-116.967,70.492],[-117.061,71.339],[-116.967,72.249],[-116.748,73.003],[-115.563,75.082],[-113.444,76.212],[-111.254,77.13],[-109.348,77.766],[-106.805,78.119],[-104.686,78.119],[-103.203,77.978],[-101.791,77.413],[-100.308,76.848],[-91.409,75.294],[-89.62,75.577],[-88.254,75.529],[-86.653,74.964],[-85.947,74.494],[-85.147,73.929],[-84.393,72.987],[-83.828,71.857],[-83.546,70.915],[-83.499,69.832],[-83.828,68.655],[-84.111,68.043],[-84.723,67.525],[-85.429,67.149],[-86.465,66.913],[-87.595,66.772],[-88.631,66.395],[-89.29,66.113],[-90.043,65.689],[-91.362,65.265],[-92.586,65.077],[-93.481,65.03],[-95.034,65.077],[-96.776,65.265],[-97.388,65.265],[-98.566,65.454],[-99.837,64.983],[-100.496,64.512],[-100.967,63.853],[-101.014,63.194],[-100.778,62.676],[-99.884,61.969],[-99.272,61.593],[-98.33,60.887],[-97.388,60.463],[-95.223,59.992],[-94.375,59.992],[-93.575,59.804],[-92.963,59.615],[-92.162,59.239],[-90.75,58.862],[-89.196,58.485],[-87.783,58.015],[-85.523,57.497],[-83.876,57.073],[-82.322,56.696],[-80.25,56.414],[-78.744,56.367],[-77.378,56.367],[-76.248,56.414],[-75.354,56.555],[-73.47,57.073],[-72.67,57.355],[-72.105,57.497],[-67.867,59.615],[-65.701,60.51],[-62.359,60.887],[-59.91,60.981],[-57.038,60.934],[-54.731,60.934],[-52.424,60.887],[-50.635,60.651],[-47.951,60.227],[-45.615,60.243]]]}},{"type":"Feature","properties":{"density":3},"geometry":{"type":"Polygon","coordinates":[[[-99.345,56.683],[-99.513,56.809],[-99.589,57.016],[-99.558,57.096],[-99.511,57.102],[-99.427,57.061],[-99.327,56.947],[-99.232,56.806],[-99.198,56.725],[-99.21,56.65],[-99.306,56.655],[-99.345,56.683]]]}},{"type":"Feature","properties":{"density":3},"geometry":{"type":"Polygon","coordinates":[[[-99.79,56.457],[-99.937,56.553],[-99.991,56.631],[-99.979,56.682],[-99.934,56.69],[-99.834,56.631],[-99.693,56.468],[-99.697,56.444],[-99.714,56.438],[-99.79,56.457]]]}},{"type":"Feature","properties":{"density":3},"geometry":{"type":"Polygon","coordinates":[[[-101.653,56.874],[-101.813,56.979],[-102.013,57.166],[-102.049,57.249],[-102.047,57.299],[-102.018,57.357],[-101.925,57.396],[-101.815,57.337],[-101.698,57.155],[-101.514,56.948],[-101.487,56.831],[-101.52,56.806],[-101.653,56.874]]]}},{"type":"Feature","properties":{"density":3},"geometry":{"type":"Polygon","coordinates":[[[-103.084,56.348],[-103.307,56.622],[-103.364,56.723],[-103.472,56.99],[-103.872,57.74],[-103.974,58.019],[-103.999,58.166],[-103.989,58.257],[-103.913,58.338],[-103.786,58.363],[-103.715,58.297],[-103.665,58.221],[-103.553,57.918],[-103.315,57.432],[-103.224,57.092],[-103.153,57.001],[-103.098,56.824],[-103.008,56.615],[-102.951,56.554],[-102.877,56.416],[-102.867,56.301],[-102.964,56.291],[-103.084,56.348]]]}},{"type":"Feature","properties":{"density":3},"geometry":{"type":"Polygon","coordinates":[[[-102.942,58.223],[-103.182,58.482],[-103.223,58.552],[-103.29,58.793],[-103.275,58.847],[-103.25,58.874],[-103.131,58.898],[-103.038,58.885],[-102.933,58.847],[-102.901,58.797],[-102.802,58.489],[-102.726,58.318],[-102.721,58.259],[-102.759,58.217],[-102.831,58.205],[-102.894,58.203],[-102.942,58.223]]]}},{"type":"Feature","properties":{"density":3},"geometry":{"type":"Polygon","coordinates":[[[-102.139,58.184],[-102.372,58.487],[-102.574,58.659],[-102.669,58.825],[-102.703,58.852],[-102.885,58.926],[-102.929,58.963],[-102.983,59.061],[-102.996,59.166],[-102.979,59.193],[-102.878,59.183],[-102.574,59.048],[-102.318,58.832],[-102.196,58.703],[-102.125,58.572],[-102.048,58.481],[-101.977,58.359],[-101.94,58.224],[-101.967,58.136],[-102.021,58.103],[-102.081,58.118],[-102.139,58.184]]]}},{"type":"Feature","properties":{"density":3},"geometry":{"type":"Polygon","coordinates":[[[-102.716,59.355],[-102.773,59.429],[-102.784,59.573],[-102.755,59.663],[-102.692,59.76],[-102.642,59.782],[-102.611,59.762],[-102.568,59.641],[-102.568,59.328],[-102.586,59.283],[-102.635,59.269],[-102.716,59.355]]]}},{"type":"Feature","properties":{"density":3},"geometry":{"type":"Polygon","coordinates":[[[-101.915,58.959],[-101.986,59.05],[-102.027,59.171],[-102.023,59.327],[-101.993,59.445],[-101.959,59.509],[-101.915,59.566],[-101.845,59.573],[-101.737,59.566],[-101.598,59.522],[-101.527,59.468],[-101.494,59.418],[-101.423,59.117],[-101.433,59.074],[-101.581,58.918],[-101.622,58.905],[-101.747,58.891],[-101.845,58.905],[-101.888,58.925],[-101.915,58.959]]]}},{"type":"Feature","properties":{"density":3},"geometry":{"type":"Polygon","coordinates":[[[-101.492,57.556],[-101.553,57.621],[-101.715,57.87],[-101.769,58.137],[-101.718,58.174],[-101.607,58.14],[-101.35,57.529],[-101.36,57.506],[-101.408,57.492],[-101.492,57.556]]]}},{"type":"Feature","properties":{"density":3},"geometry":{"type":"Polygon","coordinates":[[[-101.143,57.536],[-101.253,57.605],[-101.406,57.794],[-101.433,57.977],[-101.433,58.015],[-101.413,58.044],[-101.386,58.053],[-101.314,57.99],[-101.22,57.794],[-101.123,57.655],[-101.062,57.531],[-101.069,57.513],[-101.096,57.511],[-101.143,57.536]]]}},{"type":"Feature","properties":{"density":3},"geometry":{"type":"Polygon","coordinates":[[[-101.202,58.032],[-101.281,58.106],[-101.31,58.154],[-101.35,58.264],[-101.353,58.372],[-101.317,58.372],[-101.301,58.354],[-101.22,58.165],[-101.137,58.048],[-101.149,58.013],[-101.202,58.032]]]}},{"type":"Feature","properties":{"density":3},"geometry":{"type":"Polygon","coordinates":[[[-100.698,57.319],[-100.842,57.393],[-100.88,57.442],[-100.871,57.49],[-100.817,57.502],[-100.736,57.447],[-100.646,57.319],[-100.659,57.307],[-100.698,57.319]]]}},{"type":"Feature","properties":{"density":3},"geometry":{"type":"Polygon","coordinates":[[[-100.24,57.891],[-100.38,57.997],[-100.434,58.104],[-100.426,58.132],[-100.366,58.131],[-100.258,58.067],[-100.221,58.02],[-100.174,57.904],[-100.202,57.882],[-100.24,57.891]]]}},{"type":"Feature","properties":{"density":3},"geometry":{"type":"Polygon","coordinates":[[[-99.619,58.088],[-99.72,58.167],[-99.726,58.218],[-99.691,58.253],[-99.625,58.245],[-99.601,58.202],[-99.579,58.082],[-99.606,58.071],[-99.619,58.088]]]}},{"type":"Feature","properties":{"density":3},"geometry":{"type":"Polygon","coordinates":[[[-99.372,58.097],[-99.438,58.155],[-99.465,58.214],[-99.468,58.286],[-99.436,58.307],[-99.405,58.292],[-99.33,58.19],[-99.324,58.079],[-99.345,58.074],[-99.372,58.097]]]}},{"type":"Feature","properties":{"density":3},"geometry":{"type":"Polygon","coordinates":[[[-99.672,59.927],[-99.848,60.224],[-99.9,60.411],[-99.832,60.571],[-99.751,60.613],[-99.733,60.613],[-99.706,60.557],[-99.639,60.31],[-99.589,59.99],[-99.605,59.909],[-99.652,59.911],[-99.672,59.927]]]}},{"type":"Feature","properties":{"density":3},"geometry":{"type":"Polygon","coordinates":[[[-98.928,58.817],[-99.039,58.844],[-99.237,58.957],[-99.279,59.042],[-99.284,59.123],[-99.27,59.146],[-99.216,59.166],[-99.097,59.137],[-98.681,58.961],[-98.643,58.934],[-98.607,58.86],[-98.582,58.714],[-98.613,58.696],[-98.663,58.7],[-98.928,58.817]]]}},{"type":"Feature","properties":{"density":3},"geometry":{"type":"Polygon","coordinates":[[[-98.472,59.167],[-98.728,59.279],[-98.782,59.322],[-98.811,59.358],[-98.845,59.462],[-98.841,59.493],[-98.791,59.549],[-98.739,59.556],[-98.625,59.511],[-98.463,59.356],[-98.377,59.214],[-98.364,59.142],[-98.375,59.129],[-98.472,59.167]]]}},{"type":"Feature","properties":{"density":3},"geometry":{"type":"Polygon","coordinates":[[[-97.617,59.196],[-97.822,59.363],[-97.905,59.39],[-97.919,59.374],[-97.917,59.318],[-97.831,59.219],[-97.752,59.158],[-97.617,59.115],[-97.588,59.144],[-97.617,59.196]]]}},{"type":"Feature","properties":{"density":3},"geometry":{"type":"Polygon","coordinates":[[[-97.001,58.749],[-97.235,58.947],[-97.291,58.976],[-97.411,59.01],[-97.453,59.003],[-97.465,58.981],[-97.465,58.92],[-97.431,58.868],[-97.361,58.812],[-97.089,58.686],[-97.008,58.668],[-96.983,58.679],[-97.001,58.749]]]}},{"type":"Feature","properties":{"density":3},"geometry":{"type":"Polygon","coordinates":[[[-98.112,58.012],[-98.265,58.136],[-98.292,58.226],[-98.283,58.273],[-98.254,58.307],[-98.216,58.313],[-98.054,58.25],[-97.961,58.174],[-97.887,58.061],[-97.885,58.012],[-97.928,57.976],[-98.078,57.992],[-98.112,58.012]]]}},{"type":"Feature","properties":{"density":3},"geometry":{"type":"Polygon","coordinates":[[[-97.137,57.857],[-97.247,57.908],[-97.314,57.978],[-97.328,58.012],[-97.326,58.088],[-97.301,58.145],[-97.267,58.165],[-97.157,58.147],[-97.049,58.052],[-97.024,57.96],[-97.024,57.857],[-97.04,57.834],[-97.08,57.825],[-97.137,57.857]]]}},{"type":"Feature","properties":{"density":3},"geometry":{"type":"Polygon","coordinates":[[[-97.427,58.427],[-97.534,58.518],[-97.51,58.572],[-97.456,58.564],[-97.381,58.482],[-97.361,58.423],[-97.427,58.427]]]}},{"type":"Feature","properties":{"density":3},"geometry":{"type":"Polygon","coordinates":[[[-96.963,58.238],[-97.181,58.314],[-97.253,58.404],[-97.278,58.454],[-97.274,58.499],[-97.229,58.508],[-97.109,58.467],[-96.947,58.368],[-96.9,58.31],[-96.891,58.251],[-96.929,58.22],[-96.963,58.238]]]}},{"type":"Feature","properties":{"density":3},"geometry":{"type":"Polygon","coordinates":[[[-97.983,57.592],[-98.088,57.638],[-98.136,57.7],[-98.118,57.79],[-98.084,57.815],[-98.028,57.811],[-97.904,57.718],[-97.892,57.676],[-97.898,57.587],[-97.922,57.574],[-97.983,57.592]]]}},{"type":"Feature","properties":{"density":3},"geometry":{"type":"Polygon","coordinates":[[[-97.727,57.136],[-97.961,57.166],[-98.009,57.202],[-98.016,57.277],[-98.004,57.295],[-97.949,57.307],[-97.713,57.227],[-97.662,57.193],[-97.649,57.133],[-97.658,57.113],[-97.686,57.107],[-97.727,57.136]]]}},{"type":"Feature","properties":{"density":3},"geometry":{"type":"Polygon","coordinates":[[[-97.414,57.191],[-97.561,57.247],[-97.597,57.281],[-97.636,57.332],[-97.652,57.391],[-97.64,57.421],[-97.444,57.488],[-97.358,57.449],[-97.291,57.289],[-97.286,57.242],[-97.367,57.182],[-97.414,57.191]]]}},{"type":"Feature","properties":{"density":3},"geometry":{"type":"Polygon","coordinates":[[[-97.98,56.577],[-98.152,56.571],[-98.205,56.588],[-98.25,56.633],[-98.269,56.709],[-98.269,56.826],[-98.253,56.888],[-98.189,56.936],[-98.112,56.961],[-98.043,56.964],[-98.012,56.937],[-97.962,56.771],[-97.902,56.69],[-97.882,56.624],[-97.896,56.573],[-97.945,56.562],[-97.98,56.577]]]}},{"type":"Feature","properties":{"density":3},"geometry":{"type":"Polygon","coordinates":[[[-97.412,56.809],[-97.465,56.832],[-97.564,56.838],[-97.648,56.871],[-97.662,56.935],[-97.643,56.951],[-97.583,56.951],[-97.437,56.902],[-97.347,56.828],[-97.348,56.803],[-97.367,56.795],[-97.412,56.809]]]}},{"type":"Feature","properties":{"density":3},"geometry":{"type":"Polygon","coordinates":[[[-101.82,60.336],[-101.837,60.559],[-101.807,60.684],[-101.777,60.721],[-101.756,60.724],[-101.723,60.714],[-101.696,60.65],[-101.669,60.41],[-101.675,60.329],[-101.716,60.272],[-101.75,60.269],[-101.81,60.306],[-101.82,60.336]]]}},{"type":"Feature","properties":{"density":3},"geometry":{"type":"Polygon","coordinates":[[[-102.553,59.988],[-102.59,60.053],[-102.647,60.245],[-102.654,60.35],[-102.627,60.387],[-102.597,60.39],[-102.549,60.35],[-102.499,60.231],[-102.489,59.968],[-102.502,59.941],[-102.519,59.931],[-102.539,59.945],[-102.553,59.988]]]}},{"type":"Feature","properties":{"density":3},"geometry":{"type":"Polygon","coordinates":[[[-103.099,60.219],[-103.128,60.298],[-103.128,60.363],[-103.105,60.424],[-103.067,60.442],[-103.035,60.404],[-103.002,60.21],[-103.024,60.188],[-103.099,60.219]]]}},{"type":"Feature","properties":{"density":3},"geometry":{"type":"Polygon","coordinates":[[[-104.057,61.401],[-104.147,61.547],[-104.162,61.644],[-104.099,61.655],[-104.007,61.569],[-103.928,61.437],[-103.908,61.344],[-103.98,61.34],[-104.039,61.371],[-104.057,61.401]]]}},{"type":"Feature","properties":{"density":3},"geometry":{"type":"Polygon","coordinates":[[[-105.044,38.201],[-104.92,38.282],[-104.764,38.417],[-104.612,38.481],[-104.471,38.504],[-104.292,38.457],[-104.224,38.406],[-104.147,38.292],[-104.106,38.157],[-104.123,38.082],[-104.268,38.012],[-104.43,37.971],[-104.558,37.968],[-104.785,37.92],[-104.94,37.91],[-105.055,37.961],[-105.085,37.998],[-105.095,38.133],[-105.044,38.201]]]}},{"type":"Feature","properties":{"density":3},"geometry":{"type":"Polygon","coordinates":[[[-107.682,38.138],[-107.511,38.268],[-107.345,38.316],[-107.304,38.319],[-107.28,38.286],[-107.276,38.243],[-107.3,38.211],[-107.618,38.049],[-107.661,38.049],[-107.694,38.088],[-107.682,38.138]]]}},{"type":"Feature","properties":{"density":3},"geometry":{"type":"Polygon","coordinates":[[[-109.787,37.836],[-109.68,38.053],[-109.593,38.121],[-109.55,38.118],[-109.532,38.1],[-109.539,38.035],[-109.61,37.833],[-109.676,37.744],[-109.754,37.69],[-109.791,37.702],[-109.799,37.728],[-109.787,37.836]]]}},{"type":"Feature","properties":{"density":3},"geometry":{"type":"Polygon","coordinates":[[[-108.608,33.374],[-108.099,33.748],[-107.751,33.893],[-107.68,33.886],[-107.741,33.795],[-107.903,33.65],[-108.102,33.511],[-108.196,33.454],[-108.429,33.363],[-108.596,33.272],[-108.675,33.257],[-108.69,33.272],[-108.671,33.318],[-108.608,33.374]]]}},{"type":"Feature","properties":{"density":3},"geometry":{"type":"Polygon","coordinates":[[[-111.93,35.026],[-111.883,35.184],[-111.741,35.294],[-111.708,35.308],[-111.631,35.299],[-111.613,35.274],[-111.618,35.22],[-111.669,35.114],[-111.768,34.981],[-111.831,34.932],[-111.876,34.932],[-111.921,34.95],[-111.93,35.026]]]}},{"type":"Feature","properties":{"density":3},"geometry":{"type":"Polygon","coordinates":[[[-99.842,56.434],[-99.92,56.521],[-100.011,56.585],[-100.031,56.646],[-100.041,56.724],[-100.021,56.849],[-99.997,56.896],[-99.936,56.913],[-99.801,56.899],[-99.717,56.822],[-99.704,56.788],[-99.697,56.545],[-99.653,56.363],[-99.717,56.349],[-99.815,56.403],[-99.842,56.434]]]}},{"type":"Feature","properties":{"density":3},"geometry":{"type":"Polygon","coordinates":[[[-99.376,56.653],[-99.454,56.69],[-99.488,56.734],[-99.548,56.879],[-99.714,57.068],[-99.687,57.125],[-99.542,57.314],[-99.494,57.355],[-99.454,57.362],[-99.376,57.341],[-99.319,57.264],[-99.204,56.963],[-99.164,56.801],[-99.17,56.731],[-99.207,56.666],[-99.282,56.629],[-99.376,56.653]]]}},{"type":"Feature","properties":{"density":3},"geometry":{"type":"Polygon","coordinates":[[[-97.979,56.612],[-98.337,56.67],[-98.502,56.72],[-98.651,56.795],[-98.681,56.828],[-98.688,56.882],[-98.658,56.93],[-98.627,56.94],[-98.131,56.96],[-98.016,56.879],[-97.885,56.656],[-97.878,56.582],[-97.932,56.565],[-97.979,56.612]]]}},{"type":"Feature","properties":{"density":3},"geometry":{"type":"Polygon","coordinates":[[[-97.726,57.126],[-98.03,57.211],[-98.219,57.238],[-98.306,57.268],[-98.458,57.366],[-98.502,57.42],[-98.532,57.555],[-98.428,57.619],[-98.343,57.623],[-98.127,57.555],[-97.841,57.342],[-97.722,57.272],[-97.604,57.157],[-97.611,57.123],[-97.668,57.113],[-97.726,57.126]]]}},{"type":"Feature","properties":{"density":3},"geometry":{"type":"Polygon","coordinates":[[[-97.522,57.201],[-97.684,57.3],[-97.866,57.468],[-98.125,57.63],[-98.199,57.72],[-98.226,57.822],[-98.208,57.844],[-98.15,57.864],[-98.073,57.855],[-97.945,57.813],[-97.567,57.574],[-97.38,57.482],[-97.317,57.417],[-97.286,57.345],[-97.29,57.234],[-97.324,57.198],[-97.389,57.169],[-97.504,57.186],[-97.522,57.201]]]}},{"type":"Feature","properties":{"density":3},"geometry":{"type":"Polygon","coordinates":[[[-98.131,58.032],[-98.428,58.214],[-98.547,58.329],[-98.601,58.394],[-98.628,58.455],[-98.603,58.563],[-98.547,58.59],[-98.421,58.538],[-98.185,58.313],[-97.996,58.194],[-97.919,58.113],[-97.863,57.998],[-97.879,57.971],[-97.908,57.962],[-98.009,57.958],[-98.131,58.032]]]}},{"type":"Feature","properties":{"density":3},"geometry":{"type":"Polygon","coordinates":[[[-97.418,56.805],[-97.605,56.839],[-97.785,56.906],[-98.007,57.03],[-98.014,57.084],[-97.956,57.1],[-97.67,57.005],[-97.521,57.012],[-97.458,56.992],[-97.395,56.938],[-97.337,56.832],[-97.335,56.807],[-97.353,56.787],[-97.409,56.792],[-97.418,56.805]]]}},{"type":"Feature","properties":{"density":3},"geometry":{"type":"Polygon","coordinates":[[[-97.132,57.906],[-97.402,58.097],[-97.759,58.302],[-98.023,58.504],[-98.149,58.626],[-98.167,58.675],[-98.119,58.689],[-97.946,58.629],[-97.224,58.19],[-97.099,58.072],[-97.045,57.978],[-97.042,57.937],[-97.102,57.905],[-97.132,57.906]]]}},{"type":"Feature","properties":{"density":3},"geometry":{"type":"Polygon","coordinates":[[[-97.462,58.448],[-97.678,58.563],[-97.813,58.668],[-97.863,58.743],[-97.874,58.803],[-97.876,58.882],[-97.847,58.936],[-97.822,58.934],[-97.793,58.905],[-97.642,58.722],[-97.512,58.626],[-97.445,58.601],[-97.366,58.54],[-97.03,58.425],[-96.96,58.385],[-96.886,58.322],[-96.87,58.293],[-96.873,58.248],[-96.906,58.223],[-96.985,58.241],[-97.386,58.396],[-97.462,58.448]]]}},{"type":"Feature","properties":{"density":3},"geometry":{"type":"Polygon","coordinates":[[[-98.72,58.728],[-98.747,58.769],[-98.814,58.809],[-98.97,58.85],[-99.243,59.076],[-99.327,59.174],[-99.348,59.238],[-99.348,59.282],[-99.327,59.322],[-99.233,59.349],[-99.152,59.332],[-98.976,59.241],[-98.852,59.136],[-98.586,58.703],[-98.671,58.703],[-98.72,58.728]]]}},{"type":"Feature","properties":{"density":3},"geometry":{"type":"Polygon","coordinates":[[[-98.48,59.161],[-98.551,59.235],[-98.716,59.282],[-98.818,59.373],[-98.895,59.41],[-99.0,59.532],[-99.044,59.636],[-99.03,59.711],[-98.97,59.734],[-98.875,59.697],[-98.737,59.599],[-98.585,59.461],[-98.44,59.38],[-98.366,59.145],[-98.408,59.13],[-98.48,59.161]]]}},{"type":"Feature","properties":{"density":3},"geometry":{"type":"Polygon","coordinates":[[[-100.149,59.354],[-100.304,59.557],[-100.313,59.584],[-100.289,59.64],[-100.223,59.642],[-100.115,59.482],[-100.068,59.338],[-100.086,59.323],[-100.127,59.323],[-100.149,59.354]]]}},{"type":"Feature","properties":{"density":3},"geometry":{"type":"Polygon","coordinates":[[[-99.646,59.935],[-99.918,60.122],[-100.044,60.268],[-100.15,60.565],[-100.163,60.7],[-100.148,60.758],[-100.114,60.806],[-100.015,60.873],[-99.947,60.893],[-99.86,60.869],[-99.801,60.797],[-99.711,60.412],[-99.568,60.011],[-99.56,59.96],[-99.574,59.928],[-99.646,59.935]]]}},{"type":"Feature","properties":{"density":3},"geometry":{"type":"Polygon","coordinates":[[[-101.812,60.31],[-101.95,60.459],[-102.021,60.567],[-102.129,60.81],[-102.15,60.928],[-102.106,61.029],[-101.88,61.225],[-101.721,61.282],[-101.674,61.269],[-101.586,61.188],[-101.569,61.147],[-101.569,61.009],[-101.687,60.506],[-101.664,60.303],[-101.684,60.28],[-101.768,60.266],[-101.812,60.31]]]}},{"type":"Feature","properties":{"density":3},"geometry":{"type":"Polygon","coordinates":[[[-100.357,56.65],[-100.405,56.692],[-100.426,56.753],[-100.427,56.815],[-100.405,56.86],[-100.384,56.864],[-100.355,56.851],[-100.343,56.815],[-100.319,56.662],[-100.33,56.63],[-100.357,56.65]]]}},{"type":"Feature","properties":{"density":3},"geometry":{"type":"Polygon","coordinates":[[[-101.584,57.644],[-101.672,57.718],[-101.824,57.937],[-102.002,58.086],[-102.087,58.126],[-102.154,58.19],[-102.429,58.644],[-102.505,58.796],[-102.561,58.983],[-102.541,59.039],[-102.475,59.069],[-102.409,59.064],[-102.197,58.918],[-101.63,58.34],[-101.395,58.16],[-101.145,58.069],[-101.007,57.937],[-100.98,57.876],[-100.973,57.768],[-101.007,57.72],[-101.016,57.538],[-101.054,57.506],[-101.122,57.504],[-101.162,57.522],[-101.2,57.576],[-101.302,57.612],[-101.356,57.522],[-101.423,57.513],[-101.443,57.491],[-101.412,57.396],[-101.455,57.392],[-101.524,57.455],[-101.578,57.547],[-101.584,57.644]]]}},{"type":"Feature","properties":{"density":3},"geometry":{"type":"Polygon","coordinates":[[[-100.759,57.109],[-100.842,57.258],[-100.934,57.564],[-100.903,57.737],[-100.856,57.764],[-100.77,57.755],[-100.667,57.667],[-100.635,57.602],[-100.597,57.433],[-100.601,57.314],[-100.676,57.163],[-100.678,57.053],[-100.703,57.046],[-100.759,57.109]]]}},{"type":"Feature","properties":{"density":3},"geometry":{"type":"Polygon","coordinates":[[[-100.406,57.857],[-100.473,57.929],[-100.491,57.995],[-100.534,58.334],[-100.518,58.427],[-100.491,58.465],[-100.46,58.476],[-100.365,58.44],[-100.221,58.091],[-100.203,57.983],[-100.149,57.853],[-100.318,57.812],[-100.406,57.857]]]}},{"type":"Feature","properties":{"density":3},"geometry":{"type":"Polygon","coordinates":[[[-99.737,58.034],[-99.926,58.173],[-100.191,58.459],[-100.225,58.601],[-100.214,58.796],[-100.144,58.817],[-100.081,58.81],[-99.96,58.7],[-99.516,58.472],[-99.395,58.326],[-99.276,58.088],[-99.291,58.052],[-99.316,58.052],[-99.485,58.124],[-99.503,58.155],[-99.577,58.193],[-99.588,58.169],[-99.561,58.126],[-99.559,58.07],[-99.622,58.002],[-99.721,58.004],[-99.737,58.034]]]}},{"type":"Feature","properties":{"density":3},"geometry":{"type":"Polygon","coordinates":[[[-101.671,56.855],[-101.829,57.025],[-101.884,57.112],[-101.928,57.19],[-101.934,57.311],[-101.904,57.383],[-101.827,57.437],[-101.675,57.481],[-101.549,57.467],[-101.468,57.436],[-101.428,57.332],[-101.488,57.008],[-101.482,56.813],[-101.556,56.792],[-101.671,56.855]]]}},{"type":"Feature","properties":{"density":3},"geometry":{"type":"Polygon","coordinates":[[[-102.97,58.298],[-103.186,58.66],[-103.253,58.822],[-103.26,58.896],[-103.247,58.943],[-103.216,58.98],[-103.125,58.997],[-103.013,58.943],[-102.963,58.88],[-102.839,58.603],[-102.756,58.338],[-102.758,58.255],[-102.819,58.192],[-102.871,58.176],[-102.929,58.196],[-102.959,58.243],[-102.97,58.298]]]}},{"type":"Feature","properties":{"density":3},"geometry":{"type":"Polygon","coordinates":[[[-103.141,59.429],[-103.395,59.768],[-103.45,59.87],[-103.481,60.057],[-103.344,60.751],[-103.222,60.827],[-103.147,60.837],[-103.025,60.827],[-102.883,60.72],[-102.569,60.204],[-102.483,59.961],[-102.504,59.865],[-102.539,59.814],[-102.544,59.687],[-102.499,59.652],[-102.478,59.601],[-102.554,59.313],[-102.595,59.257],[-102.64,59.232],[-102.701,59.222],[-102.782,59.237],[-102.939,59.318],[-103.045,59.348],[-103.116,59.387],[-103.141,59.429]]]}},{"type":"Feature","properties":{"density":3},"geometry":{"type":"Polygon","coordinates":[[[-104.08,61.373],[-104.161,61.51],[-104.177,61.596],[-104.172,61.824],[-104.131,62.163],[-104.091,62.239],[-104.02,62.275],[-103.969,62.249],[-103.908,62.183],[-103.878,62.102],[-103.817,61.748],[-103.802,61.556],[-103.746,61.333],[-103.787,61.267],[-103.827,61.237],[-103.913,61.222],[-104.03,61.303],[-104.08,61.373]]]}},{"type":"Feature","properties":{"density":3},"geometry":{"type":"Polygon","coordinates":[[[-95.166,56.982],[-95.351,57.103],[-95.481,57.157],[-95.576,57.153],[-95.661,57.115],[-95.675,57.094],[-95.666,57.045],[-95.614,57.004],[-95.265,56.883],[-95.18,56.874],[-95.141,56.899],[-95.126,56.935],[-95.166,56.982]]]}},{"type":"Feature","properties":{"density":3},"geometry":{"type":"Polygon","coordinates":[[[-71.766,53.875],[-71.465,53.698],[-71.269,53.538],[-71.217,53.473],[-71.237,53.416],[-71.323,53.396],[-71.384,53.401],[-71.465,53.434],[-71.595,53.556],[-71.849,53.734],[-71.872,53.797],[-71.852,53.862],[-71.766,53.875]]]}},{"type":"Feature","properties":{"density":3},"geometry":{"type":"Polygon","coordinates":[[[-68.817,57.263],[-68.565,57.124],[-68.533,57.068],[-68.553,57.007],[-68.596,56.971],[-68.65,56.969],[-68.793,57.028],[-68.844,57.143],[-68.844,57.229],[-68.817,57.263]]]}},{"type":"Feature","properties":{"density":3},"geometry":{"type":"Polygon","coordinates":[[[-121.605,61.96],[-121.553,62.093],[-121.534,62.201],[-121.486,62.31],[-121.321,62.589],[-121.283,62.706],[-121.165,62.835],[-120.994,62.922],[-120.886,62.949],[-120.704,62.955],[-120.629,62.918],[-120.606,62.817],[-120.619,62.753],[-120.741,62.51],[-120.815,62.25],[-120.899,62.118],[-121.122,61.97],[-121.328,61.778],[-121.435,61.736],[-121.496,61.736],[-121.61,61.793],[-121.633,61.823],[-121.646,61.902],[-121.605,61.96]]]}},{"type":"Feature","properties":{"density":3},"geometry":{"type":"Polygon","coordinates":[[[-108.713,37.775],[-108.638,37.919],[-108.563,38.007],[-108.509,38.024],[-108.477,38.013],[-108.465,37.971],[-108.504,37.872],[-108.693,37.676],[-108.723,37.683],[-108.734,37.706],[-108.734,37.742],[-108.713,37.775]]]}},{"type":"Feature","properties":{"density":3},"geometry":{"type":"Polygon","coordinates":[[[-109.752,37.824],[-109.743,37.917],[-109.609,38.151],[-109.524,38.154],[-109.506,38.085],[-109.572,37.975],[-109.642,37.771],[-109.68,37.768],[-109.752,37.824]]]}},{"type":"Feature","properties":{"density":3},"geometry":{"type":"Polygon","coordinates":[[[-112.14,39.158],[-112.042,39.342],[-111.985,39.393],[-111.868,39.405],[-111.517,39.351],[-111.514,39.299],[-111.546,39.257],[-111.661,39.225],[-111.82,39.224],[-111.966,39.189],[-112.039,39.165],[-112.113,39.111],[-112.144,39.119],[-112.14,39.158]]]}},{"type":"Feature","properties":{"density":3},"geometry":{"type":"Polygon","coordinates":[[[-111.908,35.024],[-111.791,35.144],[-111.627,35.256],[-111.554,35.273],[-111.581,35.196],[-111.653,35.12],[-111.89,34.962],[-111.909,34.98],[-111.908,35.024]]]}},{"type":"Feature","properties":{"density":3},"geometry":{"type":"Polygon","coordinates":[[[-108.68,33.315],[-108.629,33.363],[-108.591,33.488],[-108.53,33.558],[-108.399,33.579],[-108.284,33.575],[-108.246,33.551],[-108.26,33.486],[-108.341,33.396],[-108.579,33.312],[-108.66,33.258],[-108.69,33.266],[-108.68,33.315]]]}},{"type":"Feature","properties":{"density":3},"geometry":{"type":"Polygon","coordinates":[[[-117.51,65.178],[-117.665,65.337],[-117.689,65.431],[-117.682,65.499],[-117.648,65.617],[-117.405,66.02],[-117.238,66.202],[-117.031,66.324],[-116.889,66.369],[-116.798,66.374],[-116.686,66.364],[-116.6,66.324],[-116.575,66.243],[-116.595,65.995],[-116.808,65.453],[-116.924,65.21],[-116.975,65.149],[-117.015,65.129],[-117.056,65.129],[-117.117,65.19],[-117.174,65.214],[-117.442,65.163],[-117.51,65.178]]]}},{"type":"Feature","properties":{"density":3},"geometry":{"type":"Polygon","coordinates":[[[-121.626,61.935],[-121.534,62.16],[-121.5,62.2],[-121.462,62.236],[-121.354,62.236],[-121.356,62.182],[-121.486,62.018],[-121.606,61.82],[-121.624,61.813],[-121.648,61.847],[-121.626,61.935]]]}},{"type":"Feature","properties":{"density":3},"geometry":{"type":"Polygon","coordinates":[[[-117.051,65.224],[-117.04,65.407],[-117.009,65.47],[-116.985,65.476],[-116.944,65.437],[-116.95,65.383],[-117.028,65.203],[-117.044,65.2],[-117.051,65.224]]]}},{"type":"Feature","properties":{"density":3},"geometry":{"type":"Polygon","coordinates":[[[-103.225,56.031],[-103.556,56.361],[-104.114,57.044],[-104.296,57.489],[-104.535,58.206],[-104.695,58.81],[-104.82,59.197],[-105.014,60.188],[-105.036,60.416],[-105.025,60.644],[-104.957,60.758],[-104.877,60.803],[-104.74,60.803],[-104.581,60.723],[-104.399,60.564],[-104.125,60.45],[-104.011,60.427],[-103.943,60.473],[-103.943,60.553],[-103.897,60.689],[-103.897,60.815],[-104.125,61.27],[-104.33,61.828],[-104.399,62.489],[-104.41,62.705],[-104.319,63.036],[-104.239,63.127],[-104.125,63.195],[-103.499,63.218],[-103.157,63.161],[-102.633,63.036],[-102.132,62.854],[-101.517,62.557],[-101.141,62.352],[-99.831,61.806],[-99.546,61.646],[-99.083,61.251],[-98.908,61.145],[-98.794,61.039],[-98.559,60.72],[-98.202,60.363],[-97.967,60.173],[-97.564,59.892],[-97.283,59.733],[-96.949,59.474],[-96.805,59.269],[-96.767,59.14],[-96.706,58.711],[-96.706,58.347],[-96.74,58.062],[-96.843,57.88],[-96.945,57.606],[-97.036,57.413],[-97.196,56.832],[-97.264,56.684],[-97.355,56.581],[-97.617,56.49],[-97.879,56.49],[-98.756,56.444],[-99.337,56.285],[-100.055,56.255],[-100.23,56.3],[-100.419,56.376],[-100.905,56.498],[-101.24,56.528],[-101.756,56.543],[-102.029,56.482],[-102.455,56.293],[-102.47,56.186],[-102.591,55.913],[-102.69,55.86],[-102.903,55.875],[-103.077,55.92],[-103.161,55.958],[-103.225,56.031]]]}},{"type":"Feature","properties":{"density":3},"geometry":{"type":"Polygon","coordinates":[[[-103.387,56.093],[-103.694,56.478],[-103.95,56.888],[-104.181,57.195],[-104.489,57.759],[-104.719,58.63],[-104.847,59.041],[-105.078,59.553],[-105.258,59.809],[-105.898,60.809],[-106.334,61.27],[-106.795,62.013],[-108.628,63.872],[-109.627,64.538],[-110.191,64.974],[-111.088,65.742],[-111.139,65.999],[-111.165,66.46],[-110.896,67.172],[-110.896,67.685],[-111.101,68.249],[-111.716,68.864],[-112.228,70.145],[-111.844,70.991],[-110.896,71.504],[-109.871,71.863],[-108.922,72.016],[-108.076,72.273],[-107.051,72.426],[-105.719,72.503],[-104.207,72.503],[-103.002,72.401],[-101.048,72.17],[-98.645,72.35],[-96.716,72.17],[-94.564,72.093],[-89.438,70.94],[-87.131,69.838],[-85.03,68.915],[-82.774,68.3],[-80.135,67.301],[-78.494,66.378],[-77.905,65.378],[-78.546,64.661],[-79.93,64.02],[-81.852,63.508],[-84.133,63.277],[-86.747,63.636],[-89.489,64.763],[-93.82,66.865],[-96.665,67.326],[-98.613,67.172],[-99.433,66.634],[-100.023,65.789],[-100.305,64.686],[-100.1,63.866],[-99.689,62.662],[-99.151,61.714],[-97.36,59.775],[-96.95,59.382],[-96.83,59.177],[-96.744,58.887],[-96.71,58.613],[-96.71,58.289],[-96.779,58.032],[-96.83,57.93],[-96.967,57.776],[-97.001,57.691],[-97.086,57.571],[-97.137,57.417],[-97.155,57.264],[-97.155,56.939],[-97.189,56.802],[-97.342,56.529],[-97.587,56.358],[-98.009,56.29],[-98.362,56.267],[-98.92,56.267],[-99.638,56.244],[-100.071,56.199],[-100.902,56.153],[-101.232,56.085],[-101.859,56.028],[-102.326,55.868],[-102.576,55.8],[-103.021,55.811],[-103.203,55.889],[-103.387,56.093]]]}},{"type":"Feature","properties":{"density":3},"geometry":{"type":"Polygon","coordinates":[[[-121.399,62.285],[-121.333,62.407],[-120.984,62.751],[-120.562,63.281],[-120.433,63.597],[-120.289,64.053],[-119.985,64.493],[-119.886,64.562],[-119.772,64.615],[-119.628,64.615],[-119.552,64.577],[-119.461,64.501],[-119.378,64.372],[-119.37,64.288],[-119.385,64.159],[-119.423,64.038],[-119.552,63.757],[-119.59,63.597],[-119.855,63.103],[-119.924,63.012],[-119.992,62.883],[-120.075,62.784],[-120.409,62.419],[-120.85,62.009],[-121.263,61.749],[-121.414,61.698],[-121.5,61.703],[-121.647,61.794],[-121.647,61.85],[-121.607,61.956],[-121.49,62.068],[-121.399,62.285]]]}},{"type":"Feature","properties":{"density":3},"geometry":{"type":"Polygon","coordinates":[[[-117.448,66.416],[-117.254,66.709],[-117.18,66.736],[-117.16,66.72],[-117.144,66.668],[-117.149,66.623],[-117.272,66.448],[-117.387,66.342],[-117.477,66.322],[-117.484,66.356],[-117.448,66.416]]]}},{"type":"Feature","properties":{"density":3},"geometry":{"type":"Polygon","coordinates":[[[-117.626,65.709],[-117.565,65.815],[-117.5,66.003],[-117.297,66.727],[-117.181,66.959],[-117.089,67.091],[-116.998,67.172],[-116.826,67.228],[-116.69,67.253],[-116.538,67.253],[-116.441,67.202],[-116.386,67.126],[-116.36,67.02],[-116.381,66.863],[-116.382,66.684],[-116.543,66.124],[-116.933,65.248],[-117.064,65.086],[-117.14,65.041],[-117.312,65.051],[-117.444,65.096],[-117.57,65.167],[-117.646,65.238],[-117.702,65.329],[-117.722,65.4],[-117.626,65.709]]]}},{"type":"Feature","properties":{"density":3},"geometry":{"type":"Polygon","coordinates":[[[-95.28,56.926],[-95.723,57.041],[-95.829,57.149],[-96.09,57.515],[-96.115,57.578],[-96.228,57.679],[-96.313,57.821],[-96.299,57.879],[-96.272,57.889],[-96.208,57.879],[-95.705,57.561],[-95.162,57.285],[-95.111,57.224],[-95.088,57.153],[-95.078,57.059],[-95.094,56.961],[-95.145,56.89],[-95.192,56.88],[-95.243,56.89],[-95.28,56.926]]]}},{"type":"Feature","properties":{"density":3},"geometry":{"type":"Polygon","coordinates":[[[-94.733,57.918],[-94.99,57.948],[-95.233,57.938],[-95.452,57.985],[-95.644,58.08],[-95.702,58.134],[-95.749,58.231],[-95.763,58.343],[-95.688,58.404],[-95.543,58.431],[-95.226,58.437],[-95.04,58.37],[-94.949,58.326],[-94.892,58.279],[-94.845,58.221],[-94.676,58.093],[-94.615,58.015],[-94.595,57.958],[-94.605,57.934],[-94.669,57.907],[-94.733,57.918]]]}},{"type":"Feature","properties":{"density":3},"geometry":{"type":"Polygon","coordinates":[[[-91.856,56.62],[-91.989,56.685],[-92.13,56.71],[-92.231,56.662],[-92.28,56.595],[-92.28,56.56],[-92.267,56.523],[-92.211,56.506],[-91.866,56.539],[-91.838,56.548],[-91.821,56.574],[-91.856,56.62]]]}},{"type":"Feature","properties":{"density":3},"geometry":{"type":"Polygon","coordinates":[[[-93.974,56.926],[-94.381,57.005],[-94.505,57.072],[-94.574,57.205],[-94.637,57.259],[-94.656,57.34],[-94.625,57.396],[-94.517,57.419],[-94.193,57.329],[-94.038,57.266],[-93.869,57.156],[-93.754,57.045],[-93.745,57.016],[-93.763,56.944],[-93.788,56.919],[-93.914,56.901],[-93.974,56.926]]]}},{"type":"Feature","properties":{"density":3},"geometry":{"type":"Polygon","coordinates":[[[-108.712,37.823],[-108.597,37.958],[-108.226,38.309],[-108.04,38.525],[-107.875,38.596],[-107.767,38.606],[-107.669,38.441],[-107.608,38.377],[-107.517,38.377],[-107.321,38.464],[-106.854,38.533],[-106.663,38.545],[-106.016,38.51],[-105.84,38.444],[-105.793,38.404],[-105.785,38.344],[-105.83,38.279],[-105.958,38.238],[-106.275,38.238],[-106.795,38.13],[-107.224,38.09],[-107.611,38.028],[-107.823,38.022],[-108.166,37.938],[-108.478,37.779],[-108.586,37.666],[-108.625,37.646],[-108.71,37.65],[-108.753,37.716],[-108.744,37.774],[-108.712,37.823]]]}},{"type":"Feature","properties":{"density":3},"geometry":{"type":"Polygon","coordinates":[[[-105.092,38.195],[-105.008,38.3],[-104.809,38.455],[-104.316,38.691],[-104.049,38.735],[-103.864,38.738],[-103.749,38.694],[-103.708,38.651],[-103.702,38.536],[-103.746,38.468],[-104.188,38.313],[-104.316,38.215],[-104.458,38.138],[-104.556,38.111],[-104.633,38.07],[-104.805,37.908],[-104.876,37.881],[-105.028,37.895],[-105.133,37.959],[-105.146,37.996],[-105.139,38.043],[-105.092,38.195]]]}},{"type":"Feature","properties":{"density":3},"geometry":{"type":"Polygon","coordinates":[[[-112.136,39.172],[-111.96,39.499],[-111.846,39.526],[-111.756,39.494],[-111.767,39.442],[-111.814,39.388],[-112.113,39.1],[-112.149,39.109],[-112.136,39.172]]]}},{"type":"Feature","properties":{"density":3},"geometry":{"type":"Polygon","coordinates":[[[-109.772,37.84],[-109.729,37.876],[-109.529,38.132],[-109.41,38.159],[-109.376,38.141],[-109.358,38.108],[-109.367,38.024],[-109.423,37.934],[-109.552,37.88],[-109.666,37.757],[-109.772,37.709],[-109.801,37.721],[-109.772,37.84]]]}},{"type":"Feature","properties":{"density":3},"geometry":{"type":"Polygon","coordinates":[[[-108.679,33.306],[-108.418,33.756],[-108.147,34.017],[-108.066,34.02],[-108.045,34.007],[-107.988,33.946],[-107.968,33.734],[-108.042,33.561],[-108.234,33.349],[-108.417,33.21],[-108.498,33.197],[-108.579,33.217],[-108.611,33.245],[-108.677,33.26],[-108.679,33.306]]]}},{"type":"Feature","properties":{"density":3},"geometry":{"type":"Polygon","coordinates":[[[-49.029,60.886],[-47.978,61.116],[-46.774,61.091],[-45.031,60.911],[-42.673,60.578],[-40.366,60.424],[-39.239,60.296],[-38.06,59.963],[-37.214,59.374],[-36.65,58.63],[-37.035,57.938],[-38.06,57.426],[-39.393,57.298],[-40.802,57.298],[-41.955,57.323],[-43.134,57.451],[-44.057,57.503],[-44.928,57.708],[-45.62,57.708],[-46.799,57.785],[-47.517,57.759],[-48.491,57.81],[-49.183,58.015],[-49.542,58.323],[-49.9,59.143],[-49.772,59.912],[-49.516,60.399],[-49.234,60.655],[-49.029,60.886]]]}},{"type":"Feature","properties":{"density":3},"geometry":{"type":"Polygon","coordinates":[[[-66.666,49.983],[-66.458,50.029],[-66.347,50.095],[-66.114,50.135],[-65.876,50.15],[-65.653,50.196],[-65.41,50.196],[-65.203,50.221],[-64.81,50.338],[-63.413,50.52],[-63.193,50.528],[-62.714,50.49],[-62.578,50.421],[-62.335,50.33],[-62.244,50.254],[-62.213,50.14],[-62.228,50.019],[-62.365,49.806],[-62.471,49.669],[-62.616,49.518],[-62.783,49.373],[-63.064,49.29],[-63.58,49.062],[-63.96,49.077],[-64.469,49.138],[-64.886,49.146],[-65.456,49.183],[-65.881,49.267],[-66.261,49.389],[-66.45,49.472],[-66.747,49.669],[-66.754,49.768],[-66.709,49.905],[-66.666,49.983]]]}}]}