{"type":"FeatureCollection","features":[{"type":"Feature","properties":{"density":1},"geometry":{"type":"Polygon","coordinates":[[[-75.117,20.553],[-75.4,20.576],[-75.492,20.538],[-75.486,20.505],[-75.441,20.484],[-75.285,20.475],[-75.162,20.438],[-75.021,20.43],[-74.872,20.379],[-74.829,20.408],[-74.833,20.463],[-74.895,20.508],[-75.117,20.553]]]}},{"type":"Feature","properties":{"density":1},"geometry":{"type":"Polygon","coordinates":[[[-82.491,51.502],[-82.485,51.478],[-82.566,51.397],[-82.758,51.36],[-83.031,51.367],[-83.355,51.445],[-83.511,51.441],[-83.541,51.418],[-83.565,51.31],[-83.453,51.158],[-83.288,51.06],[-83.214,51.033],[-83.018,50.864],[-82.954,50.864],[-82.761,50.959],[-82.582,50.999],[-82.461,51.053],[-82.377,51.114],[-82.285,51.347],[-82.289,51.515],[-82.302,51.553],[-82.35,51.6],[-82.441,51.613],[-82.478,51.58],[-82.491,51.502]]]}},{"type":"Feature","properties":{"density":1},"geometry":{"type":"Polygon","coordinates":[[[-88.53,54.543],[-89.001,54.532],[-89.634,54.482],[-89.937,54.421],[-90.058,54.369],[-90.096,54.337],[-90.101,54.304],[-90.063,54.268],[-90.029,54.263],[-89.579,54.263],[-89.48,54.254],[-89.235,54.191],[-89.093,54.175],[-88.913,54.193],[-88.733,54.18],[-88.494,54.135],[-88.323,54.144],[-88.158,54.231],[-88.102,54.342],[-88.102,54.373],[-88.138,54.433],[-88.194,54.474],[-88.53,54.543]]]}},{"type":"Feature","properties":{"density":1},"geometry":{"type":"Polygon","coordinates":[[[-120.828,45.081],[-120.937,45.033],[-121.456,44.888],[-121.559,44.816],[-121.579,44.781],[-121.57,44.694],[-121.546,44.664],[-121.483,44.646],[-121.4,44.685],[-121.24,44.717],[-121.171,44.754],[-120.97,44.771],[-120.859,44.805],[-120.772,44.876],[-120.73,44.973],[-120.733,45.057],[-120.758,45.087],[-120.828,45.081]]]}},{"type":"Feature","properties":{"density":1},"geometry":{"type":"Polygon","coordinates":[[[-81.951,64.886],[-83.738,64.078],[-85.238,63.79],[-87.371,63.559],[-90.485,63.617],[-93.657,64.54],[-96.54,65.405],[-101.153,66.558],[-105.939,67.135],[-108.996,67.135],[-111.648,66.443],[-114.185,65.347],[-116.319,64.597],[-119.318,63.79],[-121.567,63.559],[-123.181,63.213],[-123.527,62.983],[-123.758,61.426],[-122.835,61.08],[-121.336,60.619],[-119.721,60.561],[-116.723,60.561],[-114.993,60.388],[-113.147,59.927],[-111.187,58.946],[-110.841,58.427],[-111.302,57.678],[-111.937,57.505],[-113.609,57.562],[-118.568,58.024],[-119.318,58.024],[-120.298,57.62],[-120.644,57.159],[-120.817,56.524],[-120.875,55.89],[-120.875,55.371],[-120.932,54.794],[-121.682,53.872],[-122.086,53.295],[-123.066,52.142],[-123.527,50.815],[-123.297,50.066],[-122.259,48.624],[-121.913,47.702],[-121.913,46.26],[-121.97,45.799],[-122.086,45.337],[-122.028,44.722],[-122.028,44.376],[-121.682,43.8],[-121.067,43.415],[-120.606,42.954],[-119.721,42.146],[-118.837,41.8],[-116.646,41.8],[-116.146,41.839],[-115.723,41.839],[-115.262,41.57],[-115.223,41.147],[-115.646,40.532],[-116.261,39.994],[-116.761,39.686],[-116.953,39.379],[-117.107,38.994],[-117.069,38.379],[-116.761,37.879],[-116.415,37.149],[-115.954,36.495],[-114.954,36.111],[-114.301,36.111],[-113.192,36.172],[-112.633,36.445],[-112.417,36.582],[-112.28,36.764],[-112.235,37.072],[-112.28,37.231],[-112.44,37.448],[-112.371,37.744],[-112.053,37.733],[-111.893,37.676],[-111.642,37.323],[-111.381,36.89],[-111.096,36.594],[-110.708,36.229],[-110.617,36.047],[-110.606,35.83],[-111.096,35.5],[-111.415,35.443],[-111.642,35.352],[-111.791,35.056],[-111.699,34.782],[-111.244,34.509],[-110.686,34.532],[-109.729,34.874],[-109.296,35.101],[-108.875,35.568],[-108.681,36.035],[-108.875,36.947],[-108.806,37.22],[-108.521,37.607],[-108.02,37.926],[-107.496,37.881],[-106.881,37.334],[-106.357,36.901],[-106.061,36.548],[-105.833,36.218],[-105.605,35.751],[-105.275,35.249],[-104.062,34.6],[-103.31,34.071],[-102.866,33.49],[-102.832,32.789],[-102.849,32.311],[-102.951,31.73],[-102.917,31.012],[-102.644,30.158],[-102.353,29.611],[-102.2,29.064],[-102.2,28.073],[-102.336,27.8],[-102.729,27.39],[-102.781,26.997],[-102.712,26.365],[-102.353,25.767],[-101.653,24.93],[-101.362,24.69],[-101.021,24.297],[-100.85,23.87],[-100.816,23.323],[-100.85,22.435],[-100.679,22.11],[-100.337,21.547],[-99.927,21.068],[-99.534,20.743],[-98.8,20.299],[-98.167,20.094],[-97.809,19.701],[-97.535,19.274],[-97.228,18.71],[-96.51,17.583],[-96.1,17.036],[-95.28,16.301],[-94.374,15.942],[-93.588,15.806],[-93.264,15.977],[-92.973,16.284],[-92.529,16.711],[-92.051,16.848],[-91.794,17.002],[-91.418,17.429],[-91.282,18.129],[-91.726,18.608],[-92.529,18.813],[-93.845,19.12],[-94.989,19.599],[-95.861,20.197],[-96.749,21.307],[-97.484,22.367],[-98.082,23.289],[-98.27,23.904],[-98.355,24.485],[-98.355,24.964],[-98.236,25.664],[-97.979,26.433],[-97.518,26.963],[-97.159,27.715],[-96.066,28.637],[-95.399,29.047],[-94.297,29.662],[-93.426,30.021],[-92.657,30.201],[-91.53,30.201],[-89.71,30.303],[-88.505,30.303],[-87.48,30.38],[-85.942,30.739],[-83.995,31.149],[-82.893,31.405],[-81.611,31.841],[-80.612,31.841],[-79.689,31.79],[-77.921,31.738],[-76.639,31.738],[-73.538,31.636],[-72.564,31.687],[-70.616,32.43],[-69.207,33.071],[-68.079,33.686],[-67.361,34.173],[-66.977,34.634],[-66.9,35.249],[-67.08,35.839],[-67.592,36.146],[-68.515,36.121],[-69.617,35.608],[-71.231,34.968],[-73.0,34.506],[-73.359,34.506],[-73.641,34.865],[-73.487,35.378],[-73.128,35.941],[-72.538,36.685],[-71.59,37.479],[-71.206,37.992],[-71.001,38.863],[-70.975,40.016],[-71.001,40.452],[-71.001,41.682],[-71.026,42.938],[-71.565,44.168],[-73.256,44.399],[-73.948,44.04],[-74.691,43.579],[-75.947,42.733],[-76.998,41.99],[-78.587,41.093],[-79.766,40.555],[-83.405,39.35],[-84.969,38.735],[-86.66,37.94],[-88.07,37.223],[-89.735,36.505],[-91.017,35.916],[-91.863,35.634],[-92.298,35.634],[-92.555,35.583],[-93.195,35.993],[-93.81,36.967],[-94.041,38.043],[-94.221,39.196],[-93.913,40.35],[-93.708,40.913],[-92.99,41.887],[-92.119,42.682],[-90.146,43.861],[-88.557,44.681],[-87.147,45.245],[-85.891,45.604],[-84.379,46.065],[-83.226,46.27],[-82.995,46.27],[-82.072,45.706],[-80.637,45.68],[-78.51,46.398],[-77.229,47.603],[-76.716,49.038],[-76.844,50.191],[-77.254,51.908],[-77.639,52.805],[-77.972,53.651],[-78.254,54.651],[-78.408,55.137],[-78.484,55.727],[-78.561,57.188],[-78.408,58.034],[-78.151,59.033],[-78.074,59.956],[-77.921,61.032],[-77.844,62.262],[-77.869,63.339],[-78.126,64.005],[-78.459,64.466],[-79.561,65.082],[-80.714,65.082],[-81.951,64.886]]]}},{"type":"Feature","properties":{"density":1},"geometry":{"type":"Polygon","coordinates":[[[-97.761,17.004],[-98.085,17.209],[-98.461,17.26],[-99.042,17.67],[-99.384,18.114],[-99.538,18.747],[-99.691,19.122],[-100.033,19.652],[-100.289,20.096],[-100.734,20.694],[-101.024,20.916],[-101.605,21.036],[-102.152,20.899],[-102.733,20.609],[-103.177,20.353],[-103.758,20.284],[-104.27,20.421],[-104.612,20.934],[-104.68,21.634],[-105.296,22.591],[-105.432,23.121],[-105.261,23.531],[-104.766,23.889],[-103.98,24.18],[-103.279,24.146],[-102.579,24.231],[-102.049,24.556],[-101.707,24.932],[-101.673,25.683],[-102.425,26.504],[-103.04,26.811],[-103.758,26.828],[-104.92,26.504],[-107.568,25.461],[-108.679,25.342],[-109.037,25.239],[-109.277,24.573],[-109.294,23.907],[-109.806,23.121],[-110.968,22.369],[-111.822,22.215],[-112.557,21.907],[-112.66,21.122],[-111.788,19.686],[-110.507,18.883],[-108.73,18.234],[-107.585,18.012],[-105.535,17.311],[-104.202,17.123],[-103.091,16.901],[-102.271,16.628],[-101.161,16.389],[-100.17,16.218],[-99.503,16.15],[-98.632,16.013],[-97.931,16.013],[-97.692,16.15],[-97.59,16.44],[-97.573,16.679],[-97.761,17.004]]]}},{"type":"Feature","properties":{"density":1},"geometry":{"type":"Polygon","coordinates":[[[-116.798,32.202],[-116.747,32.202],[-116.508,32.339],[-115.91,32.288],[-115.158,32.271],[-114.765,32.493],[-114.748,32.783],[-114.987,33.125],[-115.312,33.467],[-115.653,33.638],[-116.901,34.116],[-117.259,34.27],[-118.062,34.287],[-118.455,34.15],[-118.746,33.979],[-118.968,33.808],[-119.088,33.33],[-119.07,32.988],[-118.985,32.681],[-118.609,32.39],[-118.336,32.202],[-117.96,32.083],[-117.721,32.049],[-117.447,32.049],[-116.935,32.134],[-116.798,32.202]]]}},{"type":"Feature","properties":{"density":1},"geometry":{"type":"Polygon","coordinates":[[[-106.927,37.085],[-106.913,37.138],[-106.952,37.174],[-107.027,37.151],[-107.059,37.118],[-107.054,37.079],[-107.023,37.061],[-106.927,37.085]]]}},{"type":"Feature","properties":{"density":1},"geometry":{"type":"Polygon","coordinates":[[[-121.576,44.709],[-121.549,44.822],[-121.471,44.889],[-121.157,44.976],[-121.064,45.026],[-120.889,45.032],[-120.833,44.984],[-120.823,44.927],[-120.835,44.892],[-120.901,44.826],[-121.163,44.708],[-121.324,44.615],[-121.411,44.607],[-121.511,44.628],[-121.576,44.709]]]}},{"type":"Feature","properties":{"density":1},"geometry":{"type":"Polygon","coordinates":[[[-90.016,54.388],[-89.291,54.456],[-88.945,54.504],[-88.837,54.48],[-88.807,54.45],[-88.8,54.406],[-88.837,54.359],[-88.878,54.345],[-89.144,54.301],[-90.06,54.265],[-90.103,54.274],[-90.11,54.303],[-90.092,54.333],[-90.016,54.388]]]}},{"type":"Feature","properties":{"density":1},"geometry":{"type":"Polygon","coordinates":[[[-117.01,42.621],[-116.931,42.612],[-116.758,42.63],[-116.654,42.617],[-116.564,42.579],[-116.549,42.533],[-116.585,42.444],[-116.639,42.383],[-116.675,42.366],[-116.779,42.356],[-116.959,42.384],[-117.04,42.407],[-117.109,42.456],[-117.179,42.587],[-117.175,42.626],[-117.124,42.656],[-117.01,42.621]]]}},{"type":"Feature","properties":{"density":1},"geometry":{"type":"Polygon","coordinates":[[[-115.215,46.135],[-115.233,46.167],[-115.231,46.221],[-115.191,46.267],[-114.91,46.218],[-114.865,46.174],[-114.88,46.119],[-115.077,46.069],[-115.152,46.069],[-115.215,46.135]]]}},{"type":"Feature","properties":{"density":1},"geometry":{"type":"Polygon","coordinates":[[[-113.326,48.052],[-113.289,48.114],[-113.249,48.134],[-113.098,48.161],[-112.994,48.132],[-112.937,48.101],[-112.919,48.066],[-112.937,48.02],[-113.054,47.898],[-113.21,47.785],[-113.243,47.78],[-113.28,47.787],[-113.388,47.885],[-113.612,47.999],[-113.665,48.085],[-113.614,48.103],[-113.549,48.09],[-113.411,48.022],[-113.326,48.052]]]}},{"type":"Feature","properties":{"density":1},"geometry":{"type":"Polygon","coordinates":[[[-114.384,46.981],[-114.348,47.026],[-114.295,47.05],[-114.212,47.035],[-114.195,46.999],[-114.258,46.893],[-114.329,46.866],[-114.369,46.878],[-114.394,46.907],[-114.384,46.981]]]}},{"type":"Feature","properties":{"density":1},"geometry":{"type":"Polygon","coordinates":[[[-110.674,46.778],[-110.616,46.838],[-110.512,46.908],[-110.442,46.916],[-110.392,46.908],[-110.385,46.893],[-110.392,46.85],[-110.416,46.826],[-110.608,46.7],[-110.667,46.721],[-110.674,46.778]]]}},{"type":"Feature","properties":{"density":1},"geometry":{"type":"Polygon","coordinates":[[[-106.51,44.838],[-106.602,44.976],[-106.638,45.093],[-106.633,45.162],[-106.615,45.192],[-106.543,45.23],[-106.51,45.23],[-106.435,45.18],[-106.336,45.014],[-106.278,44.823],[-106.285,44.733],[-106.316,44.712],[-106.366,44.706],[-106.451,44.751],[-106.51,44.838]]]}},{"type":"Feature","properties":{"density":1},"geometry":{"type":"Polygon","coordinates":[[[-106.973,37.181],[-107.052,37.15],[-107.098,37.108],[-107.116,37.062],[-107.106,37.038],[-106.996,37.031],[-106.871,37.083],[-106.861,37.119],[-106.883,37.159],[-106.918,37.184],[-106.973,37.181]]]}},{"type":"Feature","properties":{"density":1},"geometry":{"type":"Polygon","coordinates":[[[-94.567,33.949],[-94.454,33.871],[-94.345,33.721],[-94.297,33.598],[-94.324,33.517],[-94.345,33.513],[-94.435,33.558],[-94.535,33.667],[-94.618,33.916],[-94.606,33.937],[-94.567,33.949]]]}},{"type":"Feature","properties":{"density":1},"geometry":{"type":"Polygon","coordinates":[[[-94.825,34.111],[-94.761,34.086],[-94.702,34.008],[-94.662,33.912],[-94.668,33.864],[-94.701,33.87],[-94.773,33.93],[-94.833,34.049],[-94.825,34.111]]]}},{"type":"Feature","properties":{"density":1},"geometry":{"type":"Polygon","coordinates":[[[-111.322,39.421],[-111.219,39.469],[-111.122,39.477],[-111.022,39.473],[-110.962,39.445],[-110.972,39.406],[-111.008,39.375],[-111.14,39.342],[-111.213,39.262],[-111.269,39.245],[-111.308,39.275],[-111.339,39.351],[-111.322,39.421]]]}},{"type":"Feature","properties":{"density":1},"geometry":{"type":"Polygon","coordinates":[[[-115.822,31.403],[-115.837,31.578],[-115.871,31.709],[-115.916,31.781],[-115.97,31.799],[-116.029,31.77],[-115.997,31.558],[-116.022,31.497],[-116.163,31.426],[-116.281,31.41],[-116.391,31.37],[-116.415,31.343],[-116.425,31.298],[-116.413,31.262],[-116.376,31.235],[-116.248,31.178],[-116.154,31.167],[-116.007,31.235],[-115.917,31.298],[-115.84,31.362],[-115.822,31.403]]]}},{"type":"Feature","properties":{"density":1},"geometry":{"type":"Polygon","coordinates":[[[-92.91,17.777],[-93.144,17.814],[-93.219,17.806],[-93.266,17.77],[-93.261,17.749],[-93.224,17.728],[-93.121,17.715],[-92.919,17.739],[-92.91,17.777]]]}},{"type":"Feature","properties":{"density":1},"geometry":{"type":"Polygon","coordinates":[[[-74.867,20.489],[-74.927,20.565],[-74.99,20.608],[-75.07,20.649],[-75.175,20.668],[-75.37,20.643],[-75.413,20.559],[-75.403,20.49],[-75.383,20.464],[-75.11,20.412],[-74.877,20.402],[-74.855,20.445],[-74.867,20.489]]]}},{"type":"Feature","properties":{"density":1},"geometry":{"type":"Polygon","coordinates":[[[-96.963,35.636],[-96.874,35.494],[-96.82,35.308],[-96.822,35.221],[-96.84,35.165],[-96.882,35.134],[-96.922,35.134],[-96.946,35.167],[-96.961,35.255],[-97.002,35.597],[-96.998,35.625],[-96.963,35.636]]]}},{"type":"Feature","properties":{"density":1},"geometry":{"type":"Polygon","coordinates":[[[-92.188,48.338],[-92.131,48.23],[-92.055,47.978],[-92.057,47.828],[-92.111,47.789],[-92.163,47.798],[-92.226,47.873],[-92.302,48.129],[-92.307,48.194],[-92.289,48.287],[-92.244,48.329],[-92.188,48.338]]]}},{"type":"Feature","properties":{"density":1},"geometry":{"type":"Polygon","coordinates":[[[-96.583,49.144],[-96.541,49.128],[-96.515,49.08],[-96.52,48.982],[-96.59,48.831],[-96.664,48.792],[-96.709,48.811],[-96.731,48.846],[-96.727,48.907],[-96.583,49.144]]]}},{"type":"Feature","properties":{"density":1},"geometry":{"type":"Polygon","coordinates":[[[-116.941,42.777],[-116.9,42.84],[-116.746,42.903],[-116.611,42.899],[-116.54,42.879],[-116.51,42.837],[-116.534,42.773],[-116.569,42.74],[-116.863,42.734],[-116.936,42.758],[-116.941,42.777]]]}},{"type":"Feature","properties":{"density":1},"geometry":{"type":"Polygon","coordinates":[[[-106.114,56.82],[-106.111,56.912],[-106.087,56.987],[-106.038,57.032],[-105.985,57.029],[-105.973,56.966],[-106.026,56.819],[-106.056,56.783],[-106.087,56.778],[-106.114,56.82]]]}},{"type":"Feature","properties":{"density":1},"geometry":{"type":"Polygon","coordinates":[[[-104.485,63.07],[-104.224,63.299],[-104.104,63.355],[-104.032,63.358],[-104.017,63.337],[-104.048,63.252],[-104.174,63.142],[-104.291,63.074],[-104.449,63.018],[-104.491,63.038],[-104.485,63.07]]]}},{"type":"Feature","properties":{"density":1},"geometry":{"type":"Polygon","coordinates":[[[-120.669,48.938],[-120.539,49.185],[-120.464,49.244],[-120.094,49.333],[-119.862,49.308],[-119.819,49.257],[-119.828,49.214],[-120.033,49.086],[-120.197,49.05],[-120.579,48.842],[-120.643,48.84],[-120.666,48.857],[-120.669,48.938]]]}},{"type":"Feature","properties":{"density":1},"geometry":{"type":"Polygon","coordinates":[[[-114.917,48.474],[-114.899,48.558],[-114.935,48.66],[-114.983,48.732],[-115.174,48.877],[-115.326,49.145],[-115.376,49.276],[-115.398,49.393],[-115.391,49.453],[-115.362,49.496],[-115.229,49.492],[-115.184,49.462],[-114.984,49.06],[-114.865,48.988],[-114.665,48.979],[-114.602,49.028],[-114.584,49.118],[-114.613,49.363],[-114.571,49.413],[-114.517,49.413],[-114.244,49.278],[-114.126,49.193],[-113.937,48.981],[-113.744,48.64],[-113.744,48.569],[-113.852,48.424],[-114.068,48.289],[-114.197,48.262],[-114.271,48.252],[-114.44,48.286],[-114.511,48.309],[-114.662,48.41],[-114.74,48.428],[-114.845,48.425],[-114.894,48.445],[-114.917,48.474]]]}},{"type":"Feature","properties":{"density":1},"geometry":{"type":"Polygon","coordinates":[[[-113.289,47.856],[-113.221,47.934],[-113.009,48.079],[-112.678,48.217],[-112.493,48.271],[-112.335,48.297],[-112.207,48.257],[-112.175,48.196],[-112.178,48.162],[-112.205,48.144],[-112.373,48.077],[-112.499,48.054],[-112.733,47.953],[-112.88,47.919],[-113.046,47.827],[-113.111,47.82],[-113.23,47.775],[-113.272,47.777],[-113.288,47.79],[-113.289,47.856]]]}},{"type":"Feature","properties":{"density":1},"geometry":{"type":"Polygon","coordinates":[[[-110.668,46.746],[-110.674,46.773],[-110.656,46.809],[-110.505,46.899],[-110.174,47.02],[-110.003,47.047],[-109.845,47.038],[-109.821,47.02],[-109.805,46.973],[-109.83,46.93],[-109.904,46.903],[-110.194,46.824],[-110.385,46.8],[-110.556,46.734],[-110.586,46.707],[-110.648,46.72],[-110.668,46.746]]]}},{"type":"Feature","properties":{"density":1},"geometry":{"type":"Polygon","coordinates":[[[-114.36,46.952],[-114.283,47.054],[-114.084,47.174],[-113.805,47.295],[-113.721,47.299],[-113.683,47.29],[-113.672,47.27],[-113.679,47.227],[-113.721,47.198],[-114.104,47.027],[-114.275,46.928],[-114.331,46.912],[-114.355,46.924],[-114.36,46.952]]]}},{"type":"Feature","properties":{"density":1},"geometry":{"type":"Polygon","coordinates":[[[-115.24,46.756],[-115.245,46.81],[-115.23,46.851],[-115.173,46.921],[-115.048,46.98],[-115.012,46.981],[-114.982,46.96],[-114.97,46.903],[-115.021,46.837],[-115.205,46.745],[-115.24,46.756]]]}},{"type":"Feature","properties":{"density":1},"geometry":{"type":"Polygon","coordinates":[[[-119.388,43.768],[-119.28,43.84],[-119.014,43.93],[-118.897,43.94],[-118.837,43.903],[-118.836,43.855],[-118.884,43.805],[-119.337,43.673],[-119.389,43.679],[-119.41,43.699],[-119.415,43.727],[-119.388,43.768]]]}},{"type":"Feature","properties":{"density":1},"geometry":{"type":"Polygon","coordinates":[[[-116.928,42.803],[-116.836,42.877],[-116.762,42.902],[-116.645,42.922],[-116.514,42.902],[-116.445,42.834],[-116.406,42.744],[-116.391,42.654],[-116.418,42.535],[-116.752,42.411],[-116.931,42.383],[-117.019,42.395],[-117.103,42.459],[-117.127,42.507],[-117.091,42.624],[-116.989,42.698],[-116.928,42.803]]]}},{"type":"Feature","properties":{"density":1},"geometry":{"type":"Polygon","coordinates":[[[-111.356,39.376],[-111.31,39.467],[-111.234,39.531],[-111.183,39.549],[-111.044,39.531],[-110.976,39.501],[-110.92,39.435],[-110.943,39.388],[-111.007,39.34],[-111.229,39.252],[-111.321,39.278],[-111.356,39.376]]]}},{"type":"Feature","properties":{"density":1},"geometry":{"type":"Polygon","coordinates":[[[-115.838,39.443],[-115.494,39.848],[-115.403,39.934],[-115.301,40.0],[-115.099,40.041],[-114.851,40.041],[-114.238,39.985],[-113.95,39.904],[-113.565,39.848],[-113.099,39.828],[-112.912,39.848],[-112.694,39.828],[-112.451,39.696],[-112.274,39.56],[-112.071,39.221],[-111.808,39.089],[-111.018,38.927],[-110.674,38.73],[-110.543,38.623],[-110.446,38.487],[-110.396,38.345],[-110.401,38.228],[-110.492,38.142],[-110.669,38.112],[-110.953,38.137],[-111.489,38.233],[-111.833,38.365],[-112.451,38.649],[-112.588,38.73],[-112.927,38.851],[-113.14,38.816],[-113.18,38.795],[-113.869,38.871],[-114.441,38.851],[-114.932,38.907],[-115.362,39.018],[-115.676,39.175],[-115.716,39.221],[-115.829,39.298],[-115.87,39.379],[-115.838,39.443]]]}},{"type":"Feature","properties":{"density":1},"geometry":{"type":"Polygon","coordinates":[[[-115.445,38.305],[-114.652,38.106],[-114.311,38.062],[-113.903,38.075],[-113.778,38.126],[-113.667,38.224],[-113.603,38.332],[-113.579,38.409],[-113.555,38.595],[-113.606,38.676],[-113.687,38.737],[-113.754,38.76],[-114.018,38.757],[-114.136,38.723],[-114.372,38.605],[-114.733,38.575],[-114.983,38.7],[-115.206,38.777],[-115.479,38.831],[-115.604,38.831],[-115.881,38.771],[-115.938,38.703],[-115.952,38.646],[-115.952,38.568],[-115.918,38.521],[-115.752,38.396],[-115.638,38.349],[-115.445,38.305]]]}},{"type":"Feature","properties":{"density":1},"geometry":{"type":"Polygon","coordinates":[[[-116.212,37.225],[-116.207,37.342],[-116.131,37.472],[-116.079,37.522],[-115.996,37.556],[-115.946,37.556],[-115.928,37.542],[-115.897,37.463],[-115.903,37.414],[-115.98,37.274],[-116.054,37.207],[-116.101,37.187],[-116.18,37.184],[-116.212,37.225]]]}},{"type":"Feature","properties":{"density":1},"geometry":{"type":"Polygon","coordinates":[[[-115.95,31.376],[-116.001,31.505],[-116.035,31.66],[-116.031,31.748],[-116.022,31.798],[-115.95,31.93],[-115.914,31.96],[-115.884,31.962],[-115.853,31.955],[-115.819,31.897],[-115.835,31.582],[-115.81,31.408],[-115.851,31.35],[-115.899,31.344],[-115.95,31.376]]]}},{"type":"Feature","properties":{"density":1},"geometry":{"type":"Polygon","coordinates":[[[-121.559,44.666],[-121.623,44.751],[-121.631,44.816],[-121.609,44.861],[-121.543,44.905],[-121.463,44.935],[-121.373,44.936],[-121.286,44.996],[-121.172,45.025],[-121.102,45.014],[-121.023,44.937],[-121.014,44.854],[-121.059,44.764],[-121.277,44.591],[-121.355,44.57],[-121.418,44.581],[-121.532,44.633],[-121.559,44.666]]]}},{"type":"Feature","properties":{"density":1},"geometry":{"type":"Polygon","coordinates":[[[-106.185,56.832],[-106.105,57.023],[-105.88,57.279],[-105.72,57.333],[-105.623,57.32],[-105.592,57.214],[-105.596,57.171],[-105.625,57.111],[-105.751,56.964],[-105.92,56.856],[-106.015,56.769],[-106.059,56.757],[-106.153,56.769],[-106.182,56.795],[-106.185,56.832]]]}},{"type":"Feature","properties":{"density":1},"geometry":{"type":"Polygon","coordinates":[[[-102.188,55.239],[-102.235,55.52],[-102.224,55.622],[-102.16,55.691],[-102.049,55.687],[-101.954,55.506],[-101.947,55.369],[-102.051,55.181],[-102.139,55.18],[-102.163,55.192],[-102.188,55.239]]]}},{"type":"Feature","properties":{"density":1},"geometry":{"type":"Polygon","coordinates":[[[-80.774,22.761],[-81.173,22.717],[-81.222,22.685],[-81.227,22.653],[-81.194,22.628],[-81.101,22.619],[-80.923,22.635],[-80.761,22.69],[-80.738,22.722],[-80.774,22.761]]]}},{"type":"Feature","properties":{"density":1},"geometry":{"type":"Polygon","coordinates":[[[-77.752,21.562],[-77.945,21.582],[-78.08,21.571],[-78.146,21.541],[-78.215,21.442],[-78.197,21.415],[-78.16,21.414],[-78.025,21.448],[-77.756,21.477],[-77.732,21.496],[-77.722,21.537],[-77.752,21.562]]]}},{"type":"Feature","properties":{"density":1},"geometry":{"type":"Polygon","coordinates":[[[-74.925,20.419],[-75.225,20.648],[-75.52,20.843],[-75.576,20.972],[-75.576,21.019],[-75.56,21.041],[-75.482,21.057],[-75.32,21.037],[-75.214,21.008],[-75.092,20.929],[-74.996,20.792],[-74.848,20.457],[-74.862,20.402],[-74.925,20.419]]]}},{"type":"Feature","properties":{"density":1},"geometry":{"type":"Polygon","coordinates":[[[-94.591,33.963],[-94.429,33.884],[-94.229,33.679],[-94.172,33.598],[-94.139,33.504],[-94.139,33.463],[-94.157,33.436],[-94.274,33.414],[-94.402,33.483],[-94.447,33.533],[-94.622,33.891],[-94.62,33.936],[-94.591,33.963]]]}},{"type":"Feature","properties":{"density":1},"geometry":{"type":"Polygon","coordinates":[[[-94.816,34.122],[-94.701,34.055],[-94.672,34.021],[-94.636,33.922],[-94.649,33.879],[-94.744,33.904],[-94.78,33.951],[-94.834,34.066],[-94.816,34.122]]]}},{"type":"Feature","properties":{"density":1},"geometry":{"type":"Polygon","coordinates":[[[-92.235,48.331],[-92.193,48.337],[-92.173,48.319],[-92.13,48.166],[-92.137,47.973],[-92.172,47.946],[-92.211,47.979],[-92.238,48.04],[-92.272,48.181],[-92.263,48.298],[-92.235,48.331]]]}},{"type":"Feature","properties":{"density":1},"geometry":{"type":"Polygon","coordinates":[[[-122.586,43.319],[-122.487,43.363],[-122.346,43.345],[-122.318,43.319],[-122.28,43.234],[-122.28,43.19],[-122.301,43.115],[-122.34,43.064],[-122.451,43.007],[-122.593,42.97],[-122.685,42.985],[-122.695,43.057],[-122.667,43.157],[-122.664,43.271],[-122.586,43.319]]]}},{"type":"Feature","properties":{"density":1},"geometry":{"type":"Polygon","coordinates":[[[-111.728,43.633],[-111.727,43.689],[-111.696,43.771],[-111.622,43.848],[-111.39,44.031],[-111.253,44.125],[-111.181,44.155],[-111.127,44.148],[-111.091,44.112],[-111.089,44.02],[-111.134,43.927],[-111.269,43.783],[-111.458,43.726],[-111.628,43.599],[-111.688,43.6],[-111.728,43.633]]]}},{"type":"Feature","properties":{"density":1},"geometry":{"type":"Polygon","coordinates":[[[-115.009,39.07],[-115.13,39.175],[-115.227,39.295],[-115.535,39.394],[-115.659,39.45],[-115.814,39.7],[-115.869,39.904],[-115.884,40.001],[-115.879,40.117],[-115.844,40.218],[-115.783,40.279],[-115.428,40.502],[-115.069,40.973],[-114.762,41.102],[-114.532,41.152],[-114.302,41.281],[-113.938,41.524],[-113.71,41.616],[-113.209,41.722],[-113.004,41.729],[-112.912,41.691],[-112.791,41.585],[-112.669,41.433],[-112.639,41.373],[-112.601,41.198],[-112.548,40.674],[-112.487,40.53],[-112.381,40.416],[-112.313,40.37],[-111.933,40.461],[-111.842,40.461],[-111.639,40.36],[-111.563,40.203],[-111.563,39.98],[-111.543,39.849],[-111.502,39.747],[-111.437,39.746],[-111.346,39.865],[-111.269,39.931],[-111.147,39.946],[-111.067,39.92],[-110.389,39.429],[-110.222,39.231],[-110.09,39.029],[-110.034,38.912],[-110.055,38.831],[-110.166,38.791],[-110.434,38.781],[-110.88,38.816],[-111.194,38.892],[-111.366,38.973],[-111.67,39.165],[-111.827,39.287],[-112.206,39.484],[-112.348,39.484],[-112.404,39.449],[-112.414,39.378],[-112.328,39.175],[-112.277,38.958],[-112.282,38.836],[-112.323,38.781],[-112.485,38.669],[-112.748,38.573],[-112.93,38.532],[-113.112,38.517],[-113.274,38.538],[-113.507,38.624],[-113.755,38.755],[-113.826,38.816],[-114.358,38.932],[-114.457,38.987],[-114.554,39.0],[-114.644,38.966],[-114.758,38.96],[-114.95,39.02],[-115.009,39.07]]]}},{"type":"Feature","properties":{"density":1},"geometry":{"type":"Polygon","coordinates":[[[-122.568,43.174],[-122.529,43.192],[-122.415,43.202],[-122.372,43.195],[-122.349,43.159],[-122.361,43.132],[-122.394,43.121],[-122.604,43.088],[-122.619,43.124],[-122.568,43.174]]]}},{"type":"Feature","properties":{"density":1},"geometry":{"type":"Polygon","coordinates":[[[-123.317,42.461],[-123.273,42.486],[-123.173,42.506],[-123.123,42.488],[-123.109,42.44],[-123.137,42.386],[-123.223,42.379],[-123.34,42.41],[-123.347,42.44],[-123.317,42.461]]]}},{"type":"Feature","properties":{"density":1},"geometry":{"type":"Polygon","coordinates":[[[-115.863,31.319],[-116.099,31.418],[-116.153,31.472],[-116.277,31.675],[-116.422,31.982],[-116.468,32.143],[-116.464,32.215],[-116.405,32.37],[-116.335,32.435],[-116.185,32.462],[-116.099,32.402],[-116.054,32.325],[-116.045,32.276],[-116.039,32.055],[-115.96,31.967],[-115.913,31.949],[-115.691,31.778],[-115.595,31.722],[-115.523,31.619],[-115.525,31.52],[-115.557,31.436],[-115.606,31.382],[-115.748,31.328],[-115.863,31.319]]]}},{"type":"Feature","properties":{"density":1},"geometry":{"type":"Polygon","coordinates":[[[-104.8,44.563],[-104.824,44.634],[-104.844,44.833],[-104.841,44.937],[-104.804,45.076],[-104.699,45.287],[-104.635,45.371],[-104.49,45.519],[-104.426,45.567],[-104.368,45.577],[-104.351,45.56],[-104.355,45.452],[-104.442,45.263],[-104.672,44.615],[-104.712,44.541],[-104.75,44.517],[-104.77,44.517],[-104.8,44.563]]]}},{"type":"Feature","properties":{"density":1},"geometry":{"type":"Polygon","coordinates":[[[-92.208,48.383],[-92.05,48.347],[-91.987,48.288],[-91.931,48.135],[-91.895,47.87],[-91.895,47.834],[-91.929,47.78],[-91.967,47.766],[-92.012,47.775],[-92.257,47.915],[-92.415,47.969],[-92.469,48.047],[-92.485,48.176],[-92.435,48.261],[-92.302,48.369],[-92.208,48.383]]]}},{"type":"Feature","properties":{"density":1},"geometry":{"type":"Polygon","coordinates":[[[-104.703,54.521],[-104.755,54.566],[-104.784,54.626],[-104.936,55.044],[-104.938,55.231],[-104.925,55.269],[-104.864,55.301],[-104.774,55.294],[-104.711,55.166],[-104.596,55.028],[-104.538,54.873],[-104.52,54.7],[-104.55,54.572],[-104.591,54.515],[-104.631,54.505],[-104.703,54.521]]]}},{"type":"Feature","properties":{"density":1},"geometry":{"type":"Polygon","coordinates":[[[-115.392,39.256],[-115.614,39.392],[-116.007,39.529],[-116.4,39.785],[-116.537,40.195],[-116.297,40.554],[-115.836,40.691],[-115.477,40.964],[-115.101,41.135],[-114.691,41.425],[-114.572,41.767],[-114.999,42.16],[-115.768,42.263],[-115.99,42.229],[-116.656,41.955],[-117.493,41.836],[-118.501,41.836],[-118.911,41.87],[-119.732,42.143],[-119.971,42.451],[-120.125,43.322],[-120.398,43.835],[-120.586,44.057],[-120.966,44.256],[-121.155,44.317],[-121.467,44.454],[-121.565,44.537],[-121.649,44.643],[-121.672,44.757],[-121.657,44.848],[-121.611,44.909],[-121.117,45.0],[-121.102,45.061],[-121.171,45.152],[-121.307,45.16],[-121.57,44.972],[-121.707,44.972],[-121.844,45.189],[-121.878,45.519],[-121.844,45.758],[-121.707,45.929],[-121.57,46.066],[-121.251,46.248],[-120.773,46.715],[-119.93,46.578],[-119.639,46.664],[-118.99,46.818],[-118.717,47.04],[-118.443,47.33],[-118.358,47.484],[-118.392,47.672],[-118.614,47.826],[-118.939,47.894],[-119.315,47.843],[-119.81,47.723],[-120.203,47.706],[-120.528,47.621],[-121.033,47.626],[-121.511,47.9],[-121.956,48.481],[-122.742,49.198],[-123.374,49.54],[-123.767,50.565],[-124.1,51.308],[-124.561,52.513],[-125.099,53.513],[-124.715,54.858],[-122.601,56.204],[-122.062,56.934],[-121.678,57.741],[-121.755,58.818],[-122.524,59.817],[-123.369,60.586],[-124.061,60.971],[-124.753,61.432],[-125.138,62.162],[-125.061,62.931],[-124.523,63.738],[-122.831,64.776],[-120.871,65.353],[-118.295,65.853],[-116.219,66.237],[-114.105,66.353],[-112.682,66.506],[-109.376,66.814],[-107.877,66.814],[-104.263,67.121],[-102.341,67.121],[-100.765,67.045],[-96.421,66.353],[-89.847,65.661],[-87.386,65.468],[-84.465,65.084],[-82.004,64.238],[-79.429,61.163],[-79.006,59.971],[-78.814,58.433],[-78.814,57.318],[-77.929,55.127],[-77.314,53.359],[-76.776,51.667],[-76.776,50.591],[-77.468,49.514],[-78.352,48.323],[-79.813,47.4],[-80.813,46.631],[-83.273,45.709],[-84.08,45.439],[-85.887,44.594],[-86.502,44.325],[-87.771,43.594],[-88.809,43.133],[-90.154,41.826],[-90.808,41.057],[-90.693,40.25],[-89.847,39.365],[-88.694,38.75],[-87.31,38.289],[-85.272,38.212],[-84.003,38.52],[-82.466,38.75],[-80.082,38.981],[-77.43,39.75],[-74.124,40.788],[-72.221,41.98],[-71.106,42.479],[-68.684,43.517],[-66.07,44.055],[-64.686,44.248],[-62.456,44.286],[-60.188,44.594],[-57.727,44.555],[-54.229,44.286],[-50.231,43.517],[-47.463,42.633],[-44.849,41.441],[-43.042,40.211],[-42.081,39.365],[-41.351,37.981],[-41.466,37.213],[-42.35,35.982],[-45.003,34.252],[-47.655,32.599],[-49.308,31.83],[-55.305,30.447],[-58.842,29.947],[-61.726,29.678],[-63.725,29.37],[-65.474,29.601],[-66.858,28.909],[-69.126,28.294],[-70.817,27.717],[-72.394,27.602],[-74.393,27.64],[-76.776,28.101],[-77.929,28.274],[-82.831,28.793],[-84.734,29.255],[-85.772,29.543],[-89.001,30.062],[-90.981,29.344],[-91.493,28.96],[-92.16,28.345],[-92.877,27.986],[-93.082,27.32],[-93.082,26.91],[-92.801,26.064],[-92.519,25.475],[-91.827,23.937],[-91.596,23.219],[-91.276,22.553],[-91.007,21.015],[-90.797,20.622],[-90.678,20.263],[-90.626,19.836],[-90.678,19.238],[-90.78,18.845],[-91.429,17.809],[-91.72,17.313],[-92.198,16.681],[-92.318,15.98],[-92.13,15.194],[-91.805,14.682],[-91.72,14.426],[-91.737,14.186],[-91.822,13.998],[-92.045,13.725],[-92.762,13.4],[-94.18,13.268],[-94.488,13.268],[-96.564,12.922],[-97.794,12.653],[-99.447,12.23],[-101.292,11.999],[-103.484,11.577],[-105.867,11.384],[-106.905,11.692],[-108.174,12.153],[-108.212,12.614],[-108.135,13.23],[-108.058,13.537],[-107.712,13.845],[-106.521,14.575],[-106.021,14.96],[-105.444,15.69],[-105.29,16.459],[-105.444,17.074],[-105.829,17.843],[-106.213,18.304],[-106.943,18.765],[-107.597,18.996],[-108.327,19.188],[-108.827,19.381],[-110.403,19.842],[-110.959,20.325],[-111.209,20.678],[-111.414,21.338],[-111.574,21.919],[-112.528,23.779],[-112.63,24.368],[-112.297,25.035],[-111.477,25.521],[-110.17,25.701],[-109.196,25.675],[-107.94,25.342],[-107.197,24.778],[-106.582,24.189],[-105.403,22.83],[-104.865,22.318],[-103.404,21.575],[-102.481,21.216],[-101.764,21.011],[-100.738,21.062],[-100.405,21.421],[-100.226,22.549],[-100.354,23.471],[-100.482,24.599],[-100.559,25.47],[-100.674,27.251],[-101.482,28.366],[-102.251,29.635],[-102.904,30.558],[-104.749,31.672],[-105.211,32.826],[-105.364,34.287],[-105.364,35.671],[-105.736,37.503],[-105.992,37.862],[-106.838,38.195],[-107.274,38.246],[-107.735,38.246],[-108.401,38.067],[-108.606,37.862],[-109.093,37.503],[-109.427,37.17],[-110.375,36.811],[-110.99,36.965],[-111.605,37.144],[-112.22,37.4],[-113.072,38.07],[-113.448,38.161],[-114.393,37.956],[-114.598,37.899],[-115.475,37.295],[-115.714,37.17],[-115.953,37.079],[-116.272,37.101],[-116.352,37.204],[-116.398,37.363],[-116.443,37.591],[-116.42,37.751],[-116.329,37.933],[-116.227,38.092],[-115.623,38.662],[-115.395,38.833],[-115.35,38.947],[-115.316,39.095],[-115.392,39.256]]]}},{"type":"Feature","properties":{"density":1},"geometry":{"type":"Polygon","coordinates":[[[-74.945,20.408],[-75.021,20.464],[-75.309,20.556],[-75.48,20.592],[-75.671,20.752],[-75.752,20.833],[-75.808,20.934],[-75.833,21.015],[-75.833,21.081],[-75.772,21.183],[-75.57,21.198],[-75.428,21.142],[-75.155,20.914],[-74.962,20.712],[-74.846,20.484],[-74.841,20.398],[-74.856,20.378],[-74.891,20.367],[-74.945,20.408]]]}},{"type":"Feature","properties":{"density":1},"geometry":{"type":"Polygon","coordinates":[[[-77.964,21.866],[-78.246,21.803],[-78.292,21.768],[-78.259,21.746],[-78.172,21.753],[-77.962,21.821],[-77.932,21.845],[-77.964,21.866]]]}},{"type":"Feature","properties":{"density":1},"geometry":{"type":"Polygon","coordinates":[[[-80.772,22.776],[-81.154,22.738],[-81.242,22.711],[-81.289,22.664],[-81.307,22.589],[-81.291,22.558],[-81.235,22.524],[-81.147,22.506],[-81.071,22.497],[-80.952,22.529],[-80.839,22.598],[-80.725,22.705],[-80.739,22.745],[-80.772,22.776]]]}},{"type":"Feature","properties":{"density":1},"geometry":{"type":"Polygon","coordinates":[[[-78.087,21.673],[-78.438,21.52],[-78.488,21.415],[-78.425,21.367],[-78.342,21.39],[-78.211,21.514],[-78.081,21.592],[-78.06,21.631],[-78.062,21.653],[-78.087,21.673]]]}},{"type":"Feature","properties":{"density":2},"geometry":{"type":"Polygon","coordinates":[[[-75.102,20.541],[-75.159,20.537],[-75.175,20.508],[-75.114,20.472],[-74.955,20.432],[-74.91,20.4],[-74.851,20.412],[-74.862,20.463],[-74.898,20.49],[-75.102,20.541]]]}},{"type":"Feature","properties":{"density":2},"geometry":{"type":"Polygon","coordinates":[[[-83.463,51.424],[-83.531,51.391],[-83.551,51.35],[-83.548,51.31],[-83.443,51.198],[-83.207,51.067],[-83.058,50.932],[-82.971,50.915],[-82.869,50.979],[-82.842,51.046],[-82.842,51.104],[-82.873,51.188],[-83.031,51.229],[-83.389,51.421],[-83.463,51.424]]]}},{"type":"Feature","properties":{"density":2},"geometry":{"type":"Polygon","coordinates":[[[-89.737,54.379],[-89.975,54.362],[-90.059,54.328],[-90.057,54.305],[-89.991,54.293],[-89.575,54.343],[-89.575,54.365],[-89.609,54.388],[-89.737,54.379]]]}},{"type":"Feature","properties":{"density":2},"geometry":{"type":"Polygon","coordinates":[[[-121.123,44.952],[-121.165,44.954],[-121.504,44.796],[-121.543,44.766],[-121.553,44.697],[-121.537,44.673],[-121.498,44.675],[-121.339,44.79],[-121.153,44.847],[-121.096,44.9],[-121.093,44.925],[-121.123,44.952]]]}},{"type":"Feature","properties":{"density":2},"geometry":{"type":"Polygon","coordinates":[[[-119.987,46.082],[-120.169,45.778],[-120.533,45.474],[-120.792,45.292],[-120.921,45.246],[-121.202,45.216],[-121.407,45.163],[-121.543,45.178],[-121.581,45.277],[-121.581,45.353],[-121.498,45.474],[-121.384,45.512],[-121.232,45.626],[-121.08,45.778],[-120.875,45.93],[-120.701,46.028],[-120.526,46.195],[-120.48,46.294],[-120.002,46.924],[-119.987,47.16],[-119.941,47.441],[-119.926,47.745],[-119.774,48.018],[-119.645,48.177],[-119.44,48.375],[-119.167,48.565],[-118.969,48.656],[-118.764,48.694],[-118.612,48.686],[-118.521,48.663],[-118.491,48.572],[-118.491,48.382],[-118.574,47.965],[-118.764,47.707],[-119.106,47.433],[-119.182,47.289],[-119.182,47.243],[-119.106,47.114],[-119.182,46.856],[-119.448,46.575],[-119.622,46.416],[-119.896,46.218],[-119.987,46.082]]]}},{"type":"Feature","properties":{"density":2},"geometry":{"type":"Polygon","coordinates":[[[-119.759,48.42],[-120.215,48.231],[-120.374,48.193],[-120.609,48.185],[-120.784,48.147],[-120.875,48.071],[-120.898,48.026],[-120.837,47.919],[-120.685,47.798],[-120.42,47.752],[-120.032,47.767],[-119.873,47.843],[-119.713,47.957],[-119.569,48.101],[-119.516,48.215],[-119.47,48.36],[-119.501,48.443],[-119.675,48.451],[-119.759,48.42]]]}},{"type":"Feature","properties":{"density":2},"geometry":{"type":"Polygon","coordinates":[[[-118.4,50.531],[-118.589,50.456],[-118.908,50.22],[-119.144,49.924],[-119.774,49.271],[-119.804,49.013],[-119.85,48.83],[-119.85,48.709],[-119.766,48.542],[-119.683,48.496],[-119.493,48.512],[-118.969,48.815],[-118.817,48.937],[-118.589,49.332],[-118.43,49.514],[-118.301,49.78],[-118.225,50.061],[-118.141,50.281],[-118.126,50.387],[-118.134,50.448],[-118.164,50.501],[-118.4,50.531]]]}},{"type":"Feature","properties":{"density":2},"geometry":{"type":"Polygon","coordinates":[[[-120.184,50.023],[-120.427,49.833],[-120.556,49.696],[-120.852,49.438],[-121.004,49.339],[-121.088,49.256],[-121.224,49.058],[-121.247,48.876],[-121.217,48.8],[-121.118,48.77],[-120.974,48.861],[-120.511,49.241],[-120.23,49.438],[-120.093,49.559],[-120.002,49.704],[-119.956,49.818],[-119.956,49.939],[-119.987,50.008],[-120.063,50.038],[-120.184,50.023]]]}},{"type":"Feature","properties":{"density":2},"geometry":{"type":"Polygon","coordinates":[[[-120.457,50.957],[-121.035,50.569],[-121.224,50.41],[-121.452,50.106],[-121.505,49.962],[-121.46,49.81],[-121.399,49.742],[-121.346,49.711],[-121.247,49.711],[-120.951,49.863],[-120.495,50.182],[-120.26,50.387],[-120.207,50.471],[-120.184,50.562],[-120.169,50.782],[-120.207,50.873],[-120.26,50.934],[-120.336,50.957],[-120.457,50.957]]]}},{"type":"Feature","properties":{"density":2},"geometry":{"type":"Polygon","coordinates":[[[-119.569,44.874],[-119.425,44.973],[-119.258,45.049],[-119.129,45.14],[-119.113,45.216],[-119.113,45.345],[-119.265,45.413],[-119.44,45.413],[-119.691,45.277],[-120.328,44.859],[-120.685,44.601],[-120.769,44.51],[-120.761,44.396],[-120.488,44.289],[-120.298,44.327],[-120.139,44.419],[-119.979,44.548],[-119.812,44.715],[-119.569,44.874]]]}},{"type":"Feature","properties":{"density":2},"geometry":{"type":"Polygon","coordinates":[[[-118.924,45.049],[-119.182,44.988],[-119.455,44.874],[-119.827,44.677],[-119.941,44.601],[-119.972,44.487],[-119.964,44.358],[-119.736,44.229],[-119.569,44.213],[-119.501,44.236],[-119.296,44.244],[-119.015,44.381],[-118.832,44.54],[-118.787,44.639],[-118.749,44.851],[-118.749,44.942],[-118.779,44.988],[-118.924,45.049]]]}},{"type":"Feature","properties":{"density":2},"geometry":{"type":"Polygon","coordinates":[[[-108.108,63.396],[-108.369,63.216],[-108.705,63.032],[-108.738,63.002],[-108.729,62.96],[-108.696,62.933],[-108.653,62.939],[-108.473,63.054],[-108.075,63.266],[-107.955,63.365],[-107.958,63.405],[-108.007,63.441],[-108.075,63.428],[-108.108,63.396]]]}},{"type":"Feature","properties":{"density":2},"geometry":{"type":"Polygon","coordinates":[[[-94.583,54.618],[-95.018,55.053],[-96.505,56.284],[-96.992,56.489],[-97.453,56.719],[-97.709,56.873],[-97.991,57.463],[-98.273,57.847],[-98.786,58.308],[-99.042,58.565],[-99.913,59.257],[-100.477,59.795],[-100.375,60.256],[-99.785,60.41],[-99.17,60.256],[-98.504,59.667],[-97.914,59.026],[-97.402,58.411],[-96.889,57.642],[-96.53,57.181],[-95.967,56.822],[-94.89,56.309],[-93.865,55.848],[-92.686,55.668],[-91.917,55.489],[-91.302,55.387],[-90.584,55.387],[-89.841,55.489],[-88.97,55.694],[-88.483,55.925],[-88.047,56.155],[-87.893,56.36],[-87.868,56.694],[-88.201,56.976],[-88.995,57.155],[-90.508,57.283],[-90.892,57.36],[-91.558,57.642],[-92.225,58.18],[-92.712,58.693],[-93.352,59.077],[-93.942,59.333],[-94.326,59.41],[-94.89,59.41],[-95.736,59.615],[-96.633,60.154],[-97.274,60.564],[-97.709,61.204],[-98.248,62.101],[-98.273,62.537],[-99.221,63.357],[-100.323,64.075],[-101.477,64.767],[-102.784,65.382],[-103.758,65.741],[-104.783,65.946],[-106.013,65.971],[-108.627,65.638],[-109.986,65.331],[-112.959,64.408],[-114.112,64.075],[-116.213,63.434],[-117.956,63.127],[-118.571,63.101],[-119.263,62.973],[-120.109,62.845],[-122.416,62.845],[-123.028,62.331],[-122.877,61.743],[-121.416,61.409],[-119.494,61.307],[-117.905,61.384],[-116.905,61.384],[-115.957,61.307],[-114.317,61.358],[-113.753,61.358],[-112.882,61.179],[-112.062,60.615],[-111.651,60.307],[-110.78,59.846],[-109.934,59.205],[-109.294,58.59],[-109.037,58.231],[-108.986,57.949],[-109.242,57.693],[-109.447,57.539],[-110.191,57.078],[-111.139,56.822],[-111.959,56.822],[-114.496,57.232],[-115.931,57.411],[-117.751,57.411],[-118.366,57.386],[-118.828,57.334],[-119.238,57.129],[-119.545,56.924],[-119.93,56.617],[-120.365,55.925],[-120.417,55.361],[-120.135,54.874],[-119.955,54.464],[-119.571,53.772],[-119.571,53.593],[-119.596,53.516],[-119.904,53.106],[-121.083,52.414],[-121.929,52.055],[-122.723,51.645],[-122.928,51.491],[-123.082,51.107],[-122.928,50.491],[-122.441,50.133],[-122.082,49.799],[-121.903,49.338],[-121.339,48.569],[-120.98,48.569],[-120.502,48.672],[-120.399,48.672],[-120.28,48.655],[-120.246,48.535],[-120.365,48.398],[-120.57,48.279],[-120.81,48.228],[-120.929,48.142],[-120.946,48.005],[-120.895,47.869],[-120.707,47.561],[-120.502,47.527],[-120.16,47.527],[-120.092,47.339],[-120.109,47.168],[-120.382,46.844],[-120.468,46.639],[-120.536,46.536],[-120.81,46.229],[-120.963,46.126],[-121.356,45.801],[-121.527,45.682],[-121.681,45.528],[-121.715,45.374],[-121.664,45.083],[-121.544,45.015],[-121.322,45.015],[-120.718,45.165],[-120.567,45.181],[-120.445,45.165],[-120.445,45.089],[-120.491,45.029],[-120.749,44.786],[-120.916,44.581],[-120.847,44.391],[-120.741,44.3],[-120.635,44.254],[-120.088,44.193],[-120.027,44.178],[-119.936,44.102],[-119.746,43.783],[-119.602,43.464],[-119.427,43.145],[-119.412,43.039],[-119.291,42.887],[-119.2,42.705],[-119.048,42.5],[-118.919,42.386],[-118.767,42.325],[-118.547,42.265],[-118.38,42.28],[-118.182,42.341],[-117.59,42.599],[-117.248,42.538],[-117.028,42.409],[-116.906,42.356],[-116.679,42.31],[-116.322,42.454],[-116.117,42.477],[-115.813,42.477],[-115.577,42.584],[-115.426,42.766],[-115.456,43.024],[-115.615,43.176],[-115.782,43.654],[-115.836,44.148],[-115.752,44.649],[-115.585,44.907],[-115.289,45.241],[-115.031,45.348],[-114.78,45.317],[-114.492,45.37],[-114.119,45.53],[-113.945,45.545],[-113.185,45.492],[-112.988,45.515],[-112.768,45.667],[-112.434,45.94],[-112.206,46.016],[-112.008,45.978],[-111.902,45.902],[-111.781,45.773],[-111.598,45.636],[-111.416,45.545],[-111.249,45.484],[-110.611,45.074],[-110.414,45.029],[-110.231,44.922],[-109.852,44.771],[-109.669,44.649],[-109.594,44.558],[-109.609,44.467],[-109.821,44.345],[-110.171,44.36],[-110.672,44.102],[-110.786,43.996],[-110.9,43.624],[-110.9,43.388],[-110.854,43.206],[-110.84,43.021],[-110.774,42.773],[-110.536,42.221],[-110.567,42.085],[-110.709,41.796],[-110.709,41.624],[-110.564,41.475],[-110.402,41.475],[-110.278,41.614],[-110.228,41.877],[-110.218,42.333],[-110.233,42.601],[-110.293,42.849],[-110.288,43.051],[-110.233,43.234],[-110.218,43.426],[-110.142,43.72],[-110.066,43.831],[-109.919,43.917],[-109.726,43.993],[-109.428,44.023],[-109.154,43.877],[-108.841,43.829],[-108.396,43.829],[-106.756,43.231],[-106.329,43.026],[-105.799,42.616],[-105.287,42.172],[-105.013,41.796],[-104.569,41.3],[-103.834,40.702],[-103.493,40.207],[-103.424,39.797],[-103.851,39.37],[-104.877,38.943],[-105.064,38.584],[-104.774,37.883],[-104.398,37.319],[-103.851,36.704],[-103.407,36.158],[-103.27,35.816],[-103.065,35.765],[-102.057,34.893],[-101.664,34.5],[-101.083,34.005],[-100.639,33.595],[-100.263,33.304],[-99.922,33.014],[-99.614,32.894],[-98.862,32.74],[-97.974,32.638],[-96.744,32.433],[-96.334,32.604],[-95.958,32.809],[-95.633,33.048],[-95.616,33.39],[-95.992,33.766],[-96.265,33.851],[-96.949,34.21],[-97.222,34.381],[-97.547,34.791],[-97.598,35.064],[-97.769,35.491],[-98.008,35.901],[-98.281,36.328],[-98.657,36.721],[-99.272,37.866],[-99.614,38.755],[-99.836,39.472],[-99.853,39.609],[-99.836,39.711],[-99.648,39.985],[-99.58,40.258],[-99.648,40.771],[-99.614,41.266],[-99.238,41.728],[-98.794,42.104],[-97.803,42.719],[-97.29,43.077],[-96.88,43.419],[-96.385,44.034],[-96.026,44.444],[-95.616,44.82],[-95.343,45.179],[-95.052,45.452],[-94.693,45.709],[-94.352,45.76],[-93.805,45.777],[-93.412,45.811],[-92.916,45.948],[-92.421,46.05],[-91.652,46.153],[-91.191,46.384],[-90.55,46.665],[-89.294,46.768],[-88.423,47.357],[-87.603,47.844],[-86.372,48.434],[-84.553,49.151],[-83.886,49.357],[-82.708,49.972],[-82.067,50.279],[-81.708,50.561],[-81.554,50.817],[-81.554,51.099],[-81.99,51.637],[-82.272,51.791],[-82.682,51.817],[-84.425,51.817],[-86.167,51.099],[-87.295,50.817],[-88.192,50.766],[-89.371,50.766],[-90.832,50.51],[-91.55,50.279],[-92.19,50.202],[-92.626,50.202],[-93.395,50.382],[-94.574,51.125],[-94.779,51.689],[-94.471,52.278],[-94.01,52.304],[-93.702,52.663],[-93.754,53.047],[-93.984,53.38],[-94.061,53.739],[-94.583,54.618]]]}},{"type":"Feature","properties":{"density":2},"geometry":{"type":"Polygon","coordinates":[[[-89.542,46.366],[-90.072,46.349],[-90.55,46.212],[-91.063,46.092],[-91.439,45.956],[-92.003,45.546],[-92.396,45.341],[-92.737,45.204],[-93.164,45.136],[-93.66,45.016],[-94.275,44.811],[-94.958,44.503],[-95.386,44.196],[-95.761,43.837],[-96.052,43.495],[-96.889,42.812],[-97.35,42.539],[-97.829,42.299],[-98.119,42.128],[-98.717,41.718],[-98.974,41.377],[-98.991,41.001],[-98.529,40.813],[-97.88,41.172],[-97.538,41.428],[-97.35,41.308],[-97.316,40.95],[-97.453,40.454],[-97.709,40.146],[-97.743,39.634],[-97.453,39.429],[-97.06,39.6],[-96.804,40.027],[-96.701,41.018],[-96.325,41.274],[-95.591,41.36],[-94.634,41.855],[-94.309,42.111],[-93.762,42.624],[-92.635,43.461],[-91.678,44.093],[-91.029,44.418],[-90.499,44.64],[-89.73,44.777],[-89.115,44.999],[-88.602,45.204],[-88.124,45.409],[-87.816,45.716],[-87.748,45.99],[-87.919,46.195],[-88.192,46.332],[-89.542,46.366]]]}},{"type":"Feature","properties":{"density":2},"geometry":{"type":"Polygon","coordinates":[[[-86.245,37.122],[-86.62,36.917],[-87.697,36.217],[-88.397,35.807],[-89.457,35.277],[-90.243,34.952],[-92.43,34.149],[-93.455,33.705],[-93.865,33.5],[-94.309,33.039],[-94.343,32.697],[-94.121,32.304],[-93.592,32.048],[-93.062,31.894],[-92.532,31.809],[-92.156,31.809],[-91.37,31.672],[-91.029,31.672],[-90.619,31.74],[-89.662,32.048],[-88.654,32.475],[-87.27,33.141],[-86.569,33.654],[-85.869,34.371],[-85.185,35.362],[-84.844,35.909],[-84.673,36.558],[-84.707,37.071],[-84.878,37.225],[-85.134,37.276],[-85.664,37.344],[-86.04,37.242],[-86.245,37.122]]]}},{"type":"Feature","properties":{"density":2},"geometry":{"type":"Polygon","coordinates":[[[-112.988,39.996],[-112.881,40.208],[-112.897,40.345],[-113.041,40.603],[-113.132,40.884],[-113.14,41.104],[-113.291,41.332],[-113.58,41.385],[-113.99,41.18],[-114.187,40.846],[-114.362,40.489],[-114.62,40.178],[-114.901,39.889],[-115.114,39.753],[-115.205,39.677],[-115.372,39.502],[-115.494,39.327],[-115.699,39.153],[-116.162,39.092],[-116.564,39.092],[-116.777,39.008],[-116.845,38.864],[-116.8,38.75],[-116.625,38.765],[-116.496,38.758],[-116.276,38.682],[-116.238,38.613],[-116.314,38.484],[-116.754,38.553],[-116.952,38.56],[-117.005,38.507],[-117.081,38.469],[-117.043,38.325],[-116.974,38.249],[-116.769,38.127],[-116.564,37.968],[-116.45,37.801],[-116.314,37.702],[-116.23,37.611],[-116.207,37.52],[-116.276,37.429],[-116.306,37.231],[-116.238,37.125],[-116.147,37.064],[-115.6,36.928],[-115.478,36.92],[-114.932,36.776],[-114.673,36.806],[-114.37,36.806],[-114.21,36.897],[-113.626,36.897],[-113.603,36.837],[-113.603,36.768],[-113.664,36.723],[-113.694,36.639],[-113.686,36.578],[-113.595,36.48],[-113.451,36.426],[-113.337,36.426],[-113.208,36.442],[-112.904,36.533],[-112.752,36.594],[-112.509,36.745],[-112.403,36.844],[-112.403,36.988],[-112.449,37.148],[-112.593,37.254],[-112.805,37.3],[-113.238,37.323],[-113.496,37.353],[-113.8,37.429],[-114.248,37.444],[-114.279,37.512],[-114.241,37.619],[-114.043,37.717],[-113.694,37.748],[-113.527,37.824],[-113.367,37.93],[-112.752,37.915],[-112.676,37.938],[-112.646,38.052],[-112.714,38.143],[-113.01,38.37],[-113.132,38.439],[-113.147,38.5],[-113.071,38.553],[-112.752,38.553],[-112.304,38.416],[-111.902,38.34],[-111.659,38.272],[-111.401,38.105],[-111.211,37.9],[-111.127,37.634],[-110.596,36.715],[-110.337,36.578],[-110.14,36.715],[-110.087,36.958],[-110.155,37.33],[-110.125,37.641],[-110.163,37.839],[-110.079,37.93],[-109.905,38.036],[-109.745,38.158],[-109.692,38.363],[-109.76,38.575],[-109.973,38.705],[-110.907,39.054],[-111.735,39.206],[-112.016,39.282],[-112.76,39.426],[-112.919,39.479],[-112.995,39.57],[-113.01,39.753],[-112.988,39.996]]]}},{"type":"Feature","properties":{"density":2},"geometry":{"type":"Polygon","coordinates":[[[-111.145,39.339],[-111.255,39.422],[-111.339,39.406],[-111.343,39.375],[-111.327,39.352],[-111.253,39.327],[-111.192,39.285],[-111.123,39.291],[-111.118,39.325],[-111.145,39.339]]]}},{"type":"Feature","properties":{"density":2},"geometry":{"type":"Polygon","coordinates":[[[-106.943,37.151],[-106.985,37.16],[-107.047,37.123],[-107.054,37.102],[-107.015,37.072],[-106.987,37.079],[-106.933,37.111],[-106.943,37.151]]]}},{"type":"Feature","properties":{"density":2},"geometry":{"type":"Polygon","coordinates":[[[-121.538,44.715],[-121.457,44.834],[-121.221,44.894],[-121.122,44.903],[-121.116,44.852],[-121.173,44.807],[-121.29,44.763],[-121.386,44.748],[-121.467,44.681],[-121.534,44.682],[-121.538,44.715]]]}},{"type":"Feature","properties":{"density":2},"geometry":{"type":"Polygon","coordinates":[[[-119.946,44.457],[-119.94,44.54],[-119.914,44.598],[-119.886,44.63],[-119.799,44.673],[-119.644,44.708],[-119.493,44.718],[-119.403,44.691],[-119.355,44.625],[-119.391,44.514],[-119.431,44.459],[-119.503,44.408],[-119.694,44.324],[-119.848,44.336],[-119.919,44.39],[-119.946,44.457]]]}},{"type":"Feature","properties":{"density":2},"geometry":{"type":"Polygon","coordinates":[[[-118.325,45.726],[-118.302,45.744],[-118.167,45.775],[-117.915,45.771],[-117.661,45.739],[-117.506,45.69],[-117.348,45.591],[-117.239,45.471],[-117.158,45.408],[-117.133,45.361],[-117.131,45.313],[-117.165,45.298],[-117.203,45.304],[-117.491,45.415],[-117.851,45.399],[-117.986,45.462],[-118.074,45.547],[-118.274,45.586],[-118.334,45.616],[-118.358,45.686],[-118.325,45.726]]]}},{"type":"Feature","properties":{"density":2},"geometry":{"type":"Polygon","coordinates":[[[-121.141,48.98],[-121.174,49.027],[-121.168,49.144],[-121.064,49.293],[-120.997,49.342],[-120.632,49.497],[-120.43,49.689],[-119.967,49.975],[-119.637,50.137],[-119.542,50.215],[-119.4,50.38],[-119.356,50.401],[-119.296,50.394],[-119.249,50.353],[-119.171,50.218],[-119.144,50.097],[-119.184,49.921],[-119.279,49.786],[-119.36,49.732],[-119.711,49.662],[-119.944,49.584],[-120.062,49.516],[-120.265,49.354],[-120.688,49.149],[-120.969,48.944],[-121.075,48.935],[-121.141,48.98]]]}},{"type":"Feature","properties":{"density":2},"geometry":{"type":"Polygon","coordinates":[[[-120.64,48.943],[-120.517,49.15],[-120.465,49.207],[-120.345,49.242],[-120.208,49.207],[-120.243,49.104],[-120.324,49.024],[-120.508,48.939],[-120.598,48.876],[-120.659,48.893],[-120.66,48.92],[-120.64,48.943]]]}},{"type":"Feature","properties":{"density":2},"geometry":{"type":"Polygon","coordinates":[[[-121.379,50.176],[-121.275,50.196],[-121.133,50.257],[-121.015,50.331],[-120.664,50.722],[-120.492,50.871],[-120.336,51.144],[-120.272,51.397],[-120.225,51.465],[-120.178,51.478],[-119.921,51.441],[-119.776,51.384],[-119.685,51.327],[-119.631,51.269],[-119.596,51.114],[-119.596,50.982],[-119.677,50.81],[-119.839,50.663],[-120.163,50.425],[-120.37,50.223],[-121.155,49.685],[-121.371,49.658],[-121.56,49.749],[-121.597,49.809],[-121.6,49.934],[-121.546,50.056],[-121.479,50.117],[-121.379,50.176]]]}},{"type":"Feature","properties":{"density":2},"geometry":{"type":"Polygon","coordinates":[[[-122.854,51.275],[-122.803,51.351],[-122.459,51.649],[-121.978,52.004],[-121.745,52.201],[-121.537,52.323],[-121.34,52.343],[-120.854,52.308],[-120.636,52.206],[-120.581,52.09],[-120.576,51.973],[-120.596,51.842],[-120.657,51.68],[-120.727,51.584],[-121.143,51.189],[-121.365,50.92],[-121.542,50.799],[-121.699,50.769],[-121.932,50.844],[-122.074,50.905],[-122.175,50.991],[-122.317,51.037],[-122.337,51.062],[-122.454,51.093],[-122.535,51.093],[-122.671,51.062],[-122.834,50.98],[-122.924,50.989],[-122.985,51.034],[-122.987,51.117],[-122.942,51.205],[-122.904,51.25],[-122.854,51.275]]]}},{"type":"Feature","properties":{"density":2},"geometry":{"type":"Polygon","coordinates":[[[-114.897,48.444],[-114.941,48.466],[-115.058,48.658],[-115.132,48.878],[-115.101,48.946],[-115.026,48.964],[-114.954,48.937],[-114.786,48.831],[-114.741,48.82],[-114.471,48.802],[-114.439,48.737],[-114.457,48.671],[-114.502,48.626],[-114.583,48.561],[-114.815,48.432],[-114.897,48.444]]]}},{"type":"Feature","properties":{"density":2},"geometry":{"type":"Polygon","coordinates":[[[-122.595,43.183],[-122.533,43.197],[-122.479,43.183],[-122.457,43.141],[-122.463,43.093],[-122.496,43.052],[-122.586,42.989],[-122.644,42.975],[-122.695,42.989],[-122.707,43.059],[-122.69,43.133],[-122.654,43.174],[-122.595,43.183]]]}},{"type":"Feature","properties":{"density":2},"geometry":{"type":"Polygon","coordinates":[[[-105.822,55.734],[-105.947,55.821],[-106.032,55.993],[-106.059,56.166],[-106.038,56.274],[-105.951,56.398],[-105.755,56.53],[-105.654,56.577],[-105.458,56.625],[-105.255,56.631],[-105.097,56.608],[-104.925,56.554],[-104.857,56.459],[-104.83,56.368],[-104.84,56.344],[-104.992,56.176],[-105.144,55.906],[-105.33,55.669],[-105.536,55.626],[-105.627,55.636],[-105.725,55.666],[-105.822,55.734]]]}},{"type":"Feature","properties":{"density":2},"geometry":{"type":"Polygon","coordinates":[[[-120.797,48.112],[-120.572,48.137],[-120.413,48.137],[-120.257,48.166],[-120.181,48.204],[-120.145,48.24],[-119.903,48.298],[-119.825,48.335],[-119.522,48.599],[-119.346,48.69],[-119.285,48.703],[-119.176,48.685],[-119.12,48.573],[-119.11,48.432],[-119.125,47.996],[-119.176,47.86],[-119.277,47.774],[-119.358,47.758],[-119.611,47.753],[-120.144,47.779],[-120.418,47.799],[-120.573,47.86],[-120.824,47.879],[-120.866,47.923],[-120.894,48.024],[-120.855,48.092],[-120.797,48.112]]]}},{"type":"Feature","properties":{"density":2},"geometry":{"type":"Polygon","coordinates":[[[-116.983,42.492],[-116.845,42.581],[-116.641,42.564],[-116.62,42.559],[-116.61,42.536],[-116.63,42.5],[-116.708,42.466],[-116.969,42.459],[-116.988,42.475],[-116.983,42.492]]]}},{"type":"Feature","properties":{"density":2},"geometry":{"type":"Polygon","coordinates":[[[-115.147,46.077],[-115.185,46.117],[-115.203,46.163],[-115.209,46.204],[-115.183,46.219],[-115.123,46.191],[-115.076,46.135],[-115.075,46.108],[-115.093,46.088],[-115.137,46.067],[-115.147,46.077]]]}},{"type":"Feature","properties":{"density":2},"geometry":{"type":"Polygon","coordinates":[[[-113.266,47.829],[-113.303,47.927],[-113.302,47.957],[-113.287,47.967],[-113.231,47.945],[-113.18,47.9],[-113.18,47.861],[-113.212,47.805],[-113.254,47.793],[-113.275,47.814],[-113.266,47.829]]]}},{"type":"Feature","properties":{"density":2},"geometry":{"type":"Polygon","coordinates":[[[-114.354,46.981],[-114.288,46.999],[-114.24,46.981],[-114.239,46.961],[-114.296,46.913],[-114.337,46.909],[-114.356,46.925],[-114.354,46.981]]]}},{"type":"Feature","properties":{"density":2},"geometry":{"type":"Polygon","coordinates":[[[-106.971,37.158],[-107.055,37.092],[-107.043,37.068],[-106.988,37.076],[-106.934,37.119],[-106.936,37.156],[-106.971,37.158]]]}},{"type":"Feature","properties":{"density":2},"geometry":{"type":"Polygon","coordinates":[[[-111.329,39.382],[-111.265,39.439],[-111.236,39.446],[-111.135,39.46],[-111.083,39.451],[-111.058,39.43],[-111.082,39.394],[-111.224,39.347],[-111.267,39.269],[-111.287,39.273],[-111.329,39.382]]]}},{"type":"Feature","properties":{"density":2},"geometry":{"type":"Polygon","coordinates":[[[-116.185,38.135],[-116.064,38.219],[-115.851,38.47],[-115.826,38.804],[-115.78,38.935],[-115.583,39.345],[-115.522,39.436],[-115.438,39.505],[-115.347,39.573],[-115.21,39.642],[-115.005,39.657],[-114.588,39.566],[-114.254,39.467],[-113.98,39.414],[-113.752,39.391],[-113.236,39.406],[-112.978,39.467],[-112.796,39.482],[-112.598,39.444],[-111.679,39.118],[-111.254,38.935],[-111.155,38.852],[-111.102,38.639],[-111.155,38.442],[-111.322,38.366],[-111.657,38.343],[-111.96,38.464],[-112.181,38.525],[-112.887,38.783],[-113.198,38.829],[-113.434,38.837],[-113.613,38.862],[-113.952,38.781],[-114.16,38.791],[-114.59,38.649],[-114.752,38.568],[-114.838,38.452],[-114.808,38.421],[-114.732,38.411],[-114.423,38.462],[-113.927,38.467],[-113.76,38.447],[-113.644,38.371],[-113.633,38.239],[-113.699,38.113],[-113.952,37.91],[-114.256,37.789],[-114.352,37.703],[-114.53,37.52],[-114.58,37.348],[-114.56,37.323],[-114.479,37.282],[-114.013,37.318],[-113.73,37.242],[-113.396,37.196],[-112.955,37.181],[-112.717,37.151],[-112.489,37.08],[-112.388,36.994],[-112.368,36.817],[-112.535,36.675],[-112.813,36.574],[-113.067,36.543],[-113.512,36.538],[-113.654,36.594],[-113.709,36.756],[-113.77,36.822],[-114.033,36.918],[-114.317,36.928],[-114.95,37.034],[-116.134,37.181],[-116.19,37.227],[-116.2,37.272],[-116.139,37.348],[-116.018,37.455],[-115.896,37.52],[-115.709,37.571],[-115.608,37.617],[-115.466,37.713],[-115.405,37.804],[-115.542,37.87],[-116.159,38.054],[-116.193,38.097],[-116.185,38.135]]]}},{"type":"Feature","properties":{"density":2},"geometry":{"type":"Polygon","coordinates":[[[-115.928,31.39],[-115.98,31.64],[-115.982,31.709],[-115.974,31.735],[-115.95,31.741],[-115.893,31.672],[-115.845,31.474],[-115.845,31.421],[-115.865,31.372],[-115.911,31.366],[-115.928,31.39]]]}},{"type":"Feature","properties":{"density":2},"geometry":{"type":"Polygon","coordinates":[[[-74.886,20.467],[-75.036,20.549],[-75.095,20.555],[-75.126,20.535],[-75.07,20.475],[-74.915,20.427],[-74.886,20.426],[-74.886,20.467]]]}},{"type":"Feature","properties":{"density":2},"geometry":{"type":"Polygon","coordinates":[[[-108.749,62.982],[-108.719,63.039],[-108.658,63.101],[-108.314,63.305],[-108.143,63.335],[-108.044,63.317],[-108.043,63.26],[-108.14,63.17],[-108.421,63.019],[-108.663,62.923],[-108.751,62.947],[-108.749,62.982]]]}},{"type":"Feature","properties":{"density":2},"geometry":{"type":"Polygon","coordinates":[[[-119.162,48.407],[-119.124,48.495],[-119.037,48.603],[-118.89,48.684],[-118.725,48.819],[-118.632,48.839],[-118.608,48.812],[-118.608,48.767],[-118.641,48.681],[-118.848,48.412],[-118.913,48.274],[-118.953,48.234],[-119.053,48.21],[-119.168,48.252],[-119.193,48.299],[-119.162,48.407]]]}},{"type":"Feature","properties":{"density":2},"geometry":{"type":"Polygon","coordinates":[[[-119.515,42.802],[-119.538,43.087],[-119.652,43.383],[-120.005,43.941],[-120.153,44.237],[-120.29,44.306],[-120.831,44.338],[-120.872,44.384],[-120.872,44.49],[-120.781,44.617],[-120.436,44.789],[-120.259,44.976],[-120.123,45.224],[-120.158,45.285],[-120.315,45.305],[-120.75,45.229],[-120.902,45.174],[-121.312,45.151],[-121.403,45.159],[-121.579,45.217],[-121.602,45.311],[-121.572,45.382],[-121.518,45.436],[-121.43,45.483],[-121.164,45.541],[-121.076,45.575],[-120.762,45.777],[-120.676,45.893],[-120.468,46.076],[-120.008,46.66],[-119.734,47.101],[-119.651,47.329],[-119.674,47.427],[-119.78,47.519],[-119.985,47.663],[-120.501,47.845],[-120.752,47.841],[-120.818,47.854],[-120.887,47.908],[-120.919,47.978],[-120.894,48.093],[-120.863,48.131],[-120.811,48.16],[-120.678,48.207],[-120.449,48.193],[-120.33,48.223],[-120.098,48.341],[-119.885,48.496],[-119.865,48.567],[-119.902,48.709],[-119.902,48.77],[-119.828,48.881],[-119.824,48.955],[-119.858,49.082],[-119.903,49.122],[-119.969,49.148],[-120.101,49.138],[-120.288,49.006],[-120.577,48.879],[-120.713,48.834],[-121.108,48.758],[-121.174,48.773],[-121.311,48.844],[-121.331,48.96],[-121.291,49.082],[-121.154,49.31],[-121.188,49.39],[-121.416,49.629],[-121.735,49.708],[-122.931,50.711],[-123.09,50.984],[-123.102,51.315],[-122.988,51.474],[-122.862,51.599],[-122.071,52.642],[-121.883,52.864],[-121.558,53.633],[-121.302,54.504],[-120.721,55.614],[-120.413,56.059],[-120.021,56.4],[-119.423,56.862],[-118.385,57.951],[-117.385,58.259],[-115.924,58.899],[-114.72,59.566],[-113.742,60.389],[-112.734,60.97],[-111.572,61.362],[-110.308,61.499],[-108.702,61.619],[-107.403,61.585],[-105.746,61.362],[-104.292,60.708],[-102.366,59.463],[-100.957,58.515],[-100.419,58.079],[-99.676,57.569],[-98.825,56.901],[-98.035,55.362],[-97.881,54.85],[-97.471,54.004],[-96.19,52.774],[-95.472,52.313],[-93.191,50.519],[-92.807,50.109],[-92.089,49.212],[-91.936,48.776],[-91.987,48.033],[-92.422,47.648],[-92.909,47.546],[-93.601,47.699],[-94.166,48.221],[-94.564,48.688],[-95.157,49.246],[-95.817,49.986],[-96.82,50.932],[-98.335,51.752],[-99.679,52.663],[-100.502,52.945],[-101.424,53.036],[-102.814,53.378],[-103.213,53.754],[-103.52,54.158],[-104.135,54.312],[-105.006,54.465],[-106.441,54.465],[-106.928,54.337],[-107.133,54.209],[-107.39,53.876],[-107.544,53.389],[-107.484,52.731],[-107.296,52.526],[-106.698,52.167],[-105.843,51.843],[-104.852,51.604],[-103.759,51.279],[-103.229,50.988],[-102.102,50.493],[-101.743,50.39],[-101.264,50.322],[-101.111,50.22],[-101.059,49.997],[-101.162,49.451],[-101.709,48.699],[-102.751,47.776],[-103.195,47.623],[-103.656,47.52],[-104.306,47.418],[-104.938,47.418],[-105.792,47.469],[-106.271,47.537],[-107.586,47.571],[-108.492,47.793],[-110.61,47.486],[-112.063,47.127],[-113.19,46.614],[-114.318,46.222],[-115.002,46.034],[-115.224,45.948],[-115.617,45.692],[-115.907,45.025],[-115.993,44.462],[-115.981,43.835],[-115.901,43.493],[-115.628,43.193],[-115.476,42.996],[-115.469,42.958],[-115.476,42.799],[-115.544,42.662],[-115.658,42.586],[-116.236,42.396],[-116.509,42.366],[-116.714,42.313],[-116.965,42.313],[-117.306,42.411],[-117.534,42.457],[-118.567,42.313],[-118.878,42.313],[-119.212,42.411],[-119.379,42.518],[-119.515,42.802]]]}},{"type":"Feature","properties":{"density":2},"geometry":{"type":"Polygon","coordinates":[[[-114.875,48.505],[-114.735,48.649],[-114.527,48.757],[-114.443,48.841],[-114.328,48.921],[-114.273,48.932],[-114.179,48.877],[-114.153,48.736],[-114.206,48.619],[-114.269,48.586],[-114.807,48.463],[-114.886,48.464],[-114.875,48.505]]]}},{"type":"Feature","properties":{"density":2},"geometry":{"type":"Polygon","coordinates":[[[-113.265,47.851],[-113.06,48.006],[-112.817,48.082],[-112.779,48.053],[-112.824,47.979],[-112.876,47.941],[-113.053,47.878],[-113.226,47.785],[-113.271,47.797],[-113.265,47.851]]]}},{"type":"Feature","properties":{"density":2},"geometry":{"type":"Polygon","coordinates":[[[-113.239,45.661],[-113.073,45.848],[-112.954,46.04],[-112.79,46.24],[-112.689,46.299],[-112.626,46.308],[-112.538,46.279],[-112.484,46.225],[-112.457,46.171],[-112.439,46.038],[-112.56,45.862],[-112.668,45.799],[-112.943,45.68],[-113.033,45.66],[-113.148,45.601],[-113.206,45.592],[-113.249,45.607],[-113.258,45.636],[-113.239,45.661]]]}},{"type":"Feature","properties":{"density":2},"geometry":{"type":"Polygon","coordinates":[[[-115.142,46.124],[-115.134,46.213],[-115.024,46.246],[-114.952,46.286],[-114.916,46.282],[-114.855,46.188],[-114.868,46.113],[-114.899,46.102],[-115.019,46.095],[-115.134,46.061],[-115.151,46.084],[-115.142,46.124]]]}},{"type":"Feature","properties":{"density":2},"geometry":{"type":"Polygon","coordinates":[[[-121.54,45.292],[-121.494,45.363],[-121.302,45.478],[-120.835,45.582],[-120.566,45.693],[-120.361,45.747],[-119.99,45.787],[-119.81,45.769],[-119.659,45.834],[-119.594,45.821],[-119.553,45.756],[-119.567,45.686],[-119.587,45.666],[-119.7,45.618],[-119.862,45.58],[-120.396,45.517],[-120.726,45.327],[-120.911,45.252],[-121.167,45.228],[-121.412,45.237],[-121.516,45.249],[-121.54,45.292]]]}},{"type":"Feature","properties":{"density":2},"geometry":{"type":"Polygon","coordinates":[[[-120.715,44.566],[-120.6,44.701],[-120.443,44.85],[-120.215,44.95],[-119.821,45.085],[-119.608,45.123],[-119.271,45.093],[-119.163,45.113],[-119.034,45.184],[-118.893,45.221],[-118.835,45.214],[-118.781,45.16],[-118.761,45.106],[-118.758,44.971],[-119.146,44.634],[-119.396,44.458],[-119.74,44.326],[-119.878,44.326],[-119.949,44.38],[-120.152,44.431],[-120.408,44.431],[-120.567,44.37],[-120.618,44.373],[-120.714,44.421],[-120.729,44.445],[-120.748,44.511],[-120.715,44.566]]]}},{"type":"Feature","properties":{"density":2},"geometry":{"type":"Polygon","coordinates":[[[-116.937,42.583],[-116.75,42.752],[-116.682,42.791],[-116.543,42.817],[-116.481,42.793],[-116.481,42.737],[-116.499,42.715],[-116.667,42.601],[-116.672,42.579],[-116.64,42.511],[-116.669,42.463],[-116.814,42.455],[-116.936,42.404],[-116.973,42.409],[-117.012,42.431],[-117.021,42.488],[-116.985,42.55],[-116.937,42.583]]]}},{"type":"Feature","properties":{"density":2},"geometry":{"type":"Polygon","coordinates":[[[-111.333,39.383],[-111.264,39.472],[-111.182,39.514],[-111.139,39.514],[-111.049,39.46],[-111.049,39.44],[-111.109,39.36],[-111.159,39.334],[-111.313,39.358],[-111.333,39.383]]]}},{"type":"Feature","properties":{"density":2},"geometry":{"type":"Polygon","coordinates":[[[-114.886,39.64],[-114.79,39.616],[-114.681,39.558],[-114.633,39.461],[-114.613,39.378],[-114.592,39.344],[-114.543,39.324],[-114.461,39.306],[-114.086,39.296],[-113.864,39.225],[-113.762,39.099],[-113.757,39.018],[-113.818,38.977],[-113.929,38.942],[-114.071,38.921],[-114.809,38.952],[-115.108,38.914],[-115.644,39.094],[-115.81,39.254],[-115.826,39.296],[-115.808,39.366],[-115.673,39.425],[-115.594,39.483],[-115.522,39.647],[-115.507,39.744],[-115.464,39.8],[-115.412,39.832],[-115.252,39.866],[-115.185,39.841],[-115.052,39.708],[-115.015,39.709],[-114.886,39.64]]]}},{"type":"Feature","properties":{"density":2},"geometry":{"type":"Polygon","coordinates":[[[-116.175,37.262],[-116.145,37.319],[-116.094,37.367],[-116.056,37.38],[-116.014,37.366],[-116.0,37.328],[-116.037,37.256],[-116.124,37.223],[-116.168,37.238],[-116.175,37.262]]]}},{"type":"Feature","properties":{"density":2},"geometry":{"type":"Polygon","coordinates":[[[-115.93,31.388],[-116.002,31.669],[-115.995,31.718],[-115.95,31.745],[-115.908,31.723],[-115.882,31.681],[-115.848,31.457],[-115.846,31.417],[-115.863,31.396],[-115.921,31.376],[-115.93,31.388]]]}},{"type":"Feature","properties":{"density":2},"geometry":{"type":"Polygon","coordinates":[[[-118.342,45.724],[-118.278,45.758],[-118.069,45.77],[-117.928,45.808],[-117.71,45.788],[-117.367,45.625],[-117.175,45.442],[-117.158,45.409],[-117.165,45.328],[-117.273,45.314],[-117.554,45.468],[-117.729,45.518],[-117.947,45.53],[-118.065,45.57],[-118.325,45.581],[-118.363,45.633],[-118.365,45.682],[-118.342,45.724]]]}},{"type":"Feature","properties":{"density":2},"geometry":{"type":"Polygon","coordinates":[[[-121.555,44.698],[-121.543,44.814],[-121.525,44.839],[-121.487,44.853],[-121.441,44.856],[-121.352,44.832],[-121.263,44.783],[-121.25,44.754],[-121.524,44.665],[-121.549,44.675],[-121.555,44.698]]]}},{"type":"Feature","properties":{"density":2},"geometry":{"type":"Polygon","coordinates":[[[-105.947,55.926],[-106.016,56.129],[-105.984,56.332],[-105.971,56.573],[-105.903,56.725],[-105.849,56.779],[-105.606,56.911],[-105.273,56.986],[-104.909,57.0],[-104.814,56.898],[-104.824,56.75],[-104.972,56.455],[-105.046,56.266],[-105.077,56.141],[-105.347,55.722],[-105.475,55.65],[-105.596,55.65],[-105.702,55.702],[-105.758,55.75],[-105.785,55.808],[-105.826,55.85],[-105.929,55.892],[-105.947,55.926]]]}},{"type":"Feature","properties":{"density":2},"geometry":{"type":"Polygon","coordinates":[[[-106.172,56.822],[-106.151,56.907],[-106.057,57.008],[-105.937,57.09],[-105.853,57.104],[-105.839,57.09],[-105.832,57.06],[-105.848,57.005],[-105.955,56.904],[-106.021,56.814],[-106.099,56.793],[-106.153,56.802],[-106.172,56.822]]]}},{"type":"Feature","properties":{"density":2},"geometry":{"type":"Polygon","coordinates":[[[-103.548,55.6],[-103.589,55.76],[-103.593,55.852],[-103.566,55.951],[-103.463,56.1],[-103.341,56.183],[-103.215,56.203],[-102.99,56.163],[-102.747,56.079],[-102.682,56.012],[-102.671,55.949],[-102.738,55.816],[-102.824,55.758],[-102.972,55.706],[-103.13,55.616],[-103.242,55.526],[-103.449,55.545],[-103.53,55.571],[-103.548,55.6]]]}},{"type":"Feature","properties":{"density":2},"geometry":{"type":"Polygon","coordinates":[[[-102.153,55.21],[-102.176,55.273],[-102.19,55.514],[-102.17,55.591],[-102.14,55.603],[-102.025,55.487],[-101.99,55.424],[-101.987,55.378],[-102.06,55.202],[-102.111,55.187],[-102.153,55.21]]]}},{"type":"Feature","properties":{"density":2},"geometry":{"type":"Polygon","coordinates":[[[-122.777,51.5],[-122.265,51.796],[-121.672,52.343],[-120.269,54.405],[-119.756,55.251],[-118.808,56.481],[-117.731,57.147],[-116.962,57.66],[-115.783,58.095],[-114.374,58.787],[-112.862,58.941],[-110.914,58.864],[-109.504,58.941],[-108.095,58.941],[-106.89,59.044],[-105.54,59.232],[-104.225,59.454],[-102.38,59.582],[-101.457,59.531],[-100.304,59.326],[-99.714,59.069],[-99.099,58.736],[-98.535,58.172],[-97.929,57.147],[-97.877,56.874],[-97.86,56.481],[-97.98,55.797],[-98.527,54.875],[-98.595,54.533],[-98.458,54.208],[-98.202,53.747],[-97.963,53.457],[-97.536,53.012],[-95.067,51.61],[-91.812,49.867],[-90.787,49.432],[-89.301,47.843],[-89.531,46.92],[-90.608,46.407],[-91.94,46.151],[-93.248,46.433],[-94.708,47.715],[-97.681,51.328],[-99.296,52.763],[-100.237,53.426],[-100.966,53.76],[-101.91,54.444],[-102.558,54.606],[-103.392,54.731],[-103.748,54.687],[-105.183,54.391],[-106.105,54.414],[-106.732,54.22],[-107.036,53.898],[-107.112,53.212],[-107.425,52.768],[-107.766,52.067],[-107.869,51.486],[-107.924,50.902],[-108.026,50.407],[-107.638,49.949],[-107.034,49.482],[-106.362,49.197],[-105.998,48.651],[-106.242,48.075],[-106.971,47.517],[-108.137,47.179],[-108.684,46.678],[-109.185,46.01],[-109.724,45.797],[-110.21,46.048],[-110.719,46.557],[-111.922,47.16],[-112.811,47.143],[-113.409,47.434],[-113.562,47.605],[-113.836,47.81],[-114.092,47.964],[-114.417,48.117],[-114.707,48.169],[-114.912,48.186],[-115.083,48.066],[-115.22,47.878],[-115.031,47.629],[-114.955,47.272],[-114.826,46.893],[-114.742,46.483],[-114.741,46.091],[-114.832,45.794],[-114.998,45.509],[-115.111,45.258],[-115.433,44.659],[-115.767,43.727],[-115.696,43.115],[-115.845,42.809],[-116.361,42.839],[-116.598,42.902],[-117.013,42.917],[-117.686,42.678],[-118.301,42.552],[-119.087,42.53],[-119.212,42.769],[-119.326,43.122],[-119.553,43.639],[-119.717,43.956],[-119.899,44.07],[-120.059,44.203],[-120.173,44.26],[-120.503,44.248],[-120.64,44.26],[-120.845,44.396],[-120.833,44.59],[-120.731,44.818],[-120.606,45.034],[-120.435,45.065],[-120.344,45.065],[-120.184,45.133],[-120.101,45.27],[-120.169,45.33],[-120.351,45.368],[-120.556,45.346],[-120.875,45.27],[-121.156,45.156],[-121.551,45.141],[-121.581,45.216],[-121.597,45.338],[-121.559,45.49],[-121.293,45.672],[-121.164,45.748],[-120.822,45.832],[-120.571,45.93],[-120.23,46.128],[-119.955,46.335],[-119.824,46.563],[-119.637,46.819],[-119.364,47.16],[-119.007,47.555],[-118.977,47.7],[-119.106,47.783],[-119.273,47.798],[-119.615,47.798],[-119.949,47.776],[-120.533,47.806],[-120.769,47.844],[-120.883,47.92],[-120.951,47.988],[-120.951,48.079],[-120.814,48.224],[-120.693,48.239],[-120.556,48.213],[-120.202,48.213],[-119.918,48.325],[-119.837,48.396],[-119.837,48.497],[-120.02,48.882],[-119.921,49.117],[-119.901,49.221],[-119.941,49.287],[-120.022,49.297],[-120.144,49.16],[-120.255,48.973],[-120.366,48.851],[-120.609,48.75],[-120.862,48.689],[-121.1,48.674],[-121.293,48.75],[-121.288,49.069],[-121.237,49.451],[-121.662,49.884],[-121.845,50.249],[-121.989,50.461],[-122.08,50.56],[-122.414,50.697],[-122.543,50.811],[-122.756,50.955],[-122.885,51.0],[-122.938,51.061],[-122.946,51.114],[-122.847,51.448],[-122.777,51.5]]]}},{"type":"Feature","properties":{"density":2},"geometry":{"type":"Polygon","coordinates":[[[-80.845,22.75],[-81.048,22.713],[-81.061,22.666],[-81.039,22.649],[-80.961,22.645],[-80.755,22.721],[-80.757,22.742],[-80.845,22.75]]]}},{"type":"Feature","properties":{"density":2},"geometry":{"type":"Polygon","coordinates":[[[-74.914,20.429],[-75.193,20.682],[-75.359,20.807],[-75.391,20.856],[-75.391,20.889],[-75.362,20.909],[-75.259,20.909],[-75.175,20.861],[-75.041,20.676],[-74.869,20.481],[-74.87,20.43],[-74.893,20.418],[-74.914,20.429]]]}},{"type":"Feature","properties":{"density":2},"geometry":{"type":"Polygon","coordinates":[[[-122.589,43.241],[-122.511,43.272],[-122.445,43.248],[-122.401,43.164],[-122.425,43.049],[-122.482,43.04],[-122.606,43.094],[-122.627,43.15],[-122.623,43.197],[-122.589,43.241]]]}},{"type":"Feature","properties":{"density":2},"geometry":{"type":"Polygon","coordinates":[[[-117.615,47.828],[-117.447,47.988],[-117.329,48.008],[-117.293,47.984],[-117.292,47.956],[-117.311,47.941],[-117.579,47.786],[-117.619,47.795],[-117.615,47.828]]]}},{"type":"Feature","properties":{"density":2},"geometry":{"type":"Polygon","coordinates":[[[-117.537,47.728],[-117.073,48.14],[-116.965,48.191],[-116.758,48.352],[-116.481,48.629],[-116.346,48.737],[-115.874,48.929],[-115.482,49.017],[-115.361,49.01],[-115.357,48.889],[-115.384,48.784],[-115.533,48.619],[-115.783,48.443],[-116.046,48.329],[-116.323,48.152],[-116.786,47.936],[-117.371,47.718],[-117.474,47.666],[-117.544,47.666],[-117.537,47.728]]]}},{"type":"Feature","properties":{"density":2},"geometry":{"type":"Polygon","coordinates":[[[-114.897,48.494],[-114.874,48.553],[-114.799,48.632],[-114.754,48.653],[-114.564,48.812],[-114.29,48.989],[-114.215,49.082],[-114.052,49.19],[-113.787,49.282],[-113.535,49.318],[-113.481,49.302],[-113.508,49.239],[-113.59,49.149],[-113.718,49.05],[-113.934,48.843],[-114.296,48.597],[-114.585,48.542],[-114.704,48.535],[-114.745,48.523],[-114.8,48.463],[-114.835,48.447],[-114.874,48.451],[-114.897,48.494]]]}},{"type":"Feature","properties":{"density":2},"geometry":{"type":"Polygon","coordinates":[[[-113.296,47.877],[-112.783,48.323],[-112.667,48.38],[-112.549,48.394],[-112.349,48.343],[-112.275,48.286],[-112.235,48.218],[-112.211,48.056],[-112.221,47.989],[-112.265,47.938],[-112.349,47.901],[-112.474,47.867],[-112.751,47.844],[-112.948,47.781],[-113.198,47.736],[-113.309,47.766],[-113.327,47.814],[-113.318,47.856],[-113.296,47.877]]]}},{"type":"Feature","properties":{"density":2},"geometry":{"type":"Polygon","coordinates":[[[-113.362,45.578],[-113.065,45.865],[-112.871,45.946],[-112.478,46.207],[-112.034,46.364],[-111.868,46.36],[-111.548,46.279],[-111.458,46.241],[-111.397,46.178],[-111.372,46.104],[-111.421,46.043],[-111.525,46.011],[-111.814,46.016],[-111.91,45.989],[-112.225,45.829],[-112.392,45.782],[-112.644,45.68],[-113.094,45.564],[-113.268,45.498],[-113.338,45.485],[-113.361,45.495],[-113.376,45.533],[-113.362,45.578]]]}},{"type":"Feature","properties":{"density":2},"geometry":{"type":"Polygon","coordinates":[[[-113.886,44.335],[-113.779,44.47],[-113.55,44.629],[-113.254,44.756],[-113.076,44.806],[-112.985,44.811],[-112.956,44.791],[-112.953,44.736],[-112.993,44.671],[-113.273,44.497],[-113.597,44.399],[-113.837,44.281],[-113.889,44.298],[-113.886,44.335]]]}},{"type":"Feature","properties":{"density":2},"geometry":{"type":"Polygon","coordinates":[[[-111.705,43.679],[-111.686,43.728],[-111.584,43.818],[-111.252,44.036],[-111.2,44.047],[-111.185,44.036],[-111.183,43.982],[-111.23,43.916],[-111.614,43.636],[-111.656,43.616],[-111.714,43.625],[-111.705,43.679]]]}},{"type":"Feature","properties":{"density":2},"geometry":{"type":"Polygon","coordinates":[[[-116.901,42.781],[-116.829,42.893],[-116.653,43.052],[-116.191,43.362],[-116.015,43.447],[-115.796,43.46],[-115.624,43.396],[-115.587,43.345],[-115.58,43.285],[-115.6,43.22],[-115.735,42.991],[-115.809,42.907],[-116.025,42.731],[-116.535,42.569],[-116.729,42.448],[-116.753,42.412],[-116.821,42.38],[-116.945,42.362],[-117.024,42.396],[-117.033,42.424],[-117.015,42.52],[-116.901,42.781]]]}},{"type":"Feature","properties":{"density":2},"geometry":{"type":"Polygon","coordinates":[[[-115.043,39.174],[-115.065,39.284],[-115.104,39.372],[-115.095,39.445],[-114.936,39.646],[-114.842,39.711],[-114.674,39.718],[-114.469,39.751],[-114.351,39.745],[-114.26,39.633],[-114.202,39.481],[-114.172,39.36],[-114.172,39.292],[-114.216,39.191],[-114.294,39.127],[-114.577,39.025],[-114.771,38.991],[-114.969,39.065],[-115.043,39.174]]]}},{"type":"Feature","properties":{"density":2},"geometry":{"type":"Polygon","coordinates":[[[-111.431,39.432],[-111.394,39.518],[-111.393,39.73],[-111.309,39.856],[-111.195,39.904],[-111.094,39.89],[-111.036,39.735],[-110.91,39.649],[-110.869,39.53],[-110.861,39.455],[-110.891,39.369],[-110.996,39.309],[-111.073,39.294],[-111.319,39.315],[-111.419,39.377],[-111.431,39.432]]]}},{"type":"Feature","properties":{"density":2},"geometry":{"type":"Polygon","coordinates":[[[-112.504,38.79],[-112.468,38.871],[-112.372,39.003],[-112.276,39.042],[-112.192,39.013],[-112.187,38.958],[-112.222,38.866],[-112.351,38.751],[-112.474,38.703],[-112.51,38.728],[-112.504,38.79]]]}},{"type":"Feature","properties":{"density":2},"geometry":{"type":"Polygon","coordinates":[[[-116.189,37.213],[-116.211,37.3],[-116.187,37.417],[-116.22,37.704],[-116.202,37.785],[-116.157,37.859],[-116.037,37.929],[-115.743,38.039],[-115.583,38.125],[-115.432,38.129],[-115.36,38.046],[-115.261,37.841],[-115.234,37.724],[-115.234,37.636],[-115.269,37.532],[-115.39,37.45],[-115.784,37.308],[-115.955,37.265],[-116.107,37.19],[-116.181,37.185],[-116.189,37.213]]]}},{"type":"Feature","properties":{"density":2},"geometry":{"type":"Polygon","coordinates":[[[-121.231,44.639],[-121.107,44.679],[-120.948,44.664],[-120.866,44.631],[-120.85,44.605],[-120.85,44.547],[-120.868,44.501],[-120.89,44.494],[-121.072,44.552],[-121.238,44.567],[-121.265,44.603],[-121.231,44.639]]]}},{"type":"Feature","properties":{"density":2},"geometry":{"type":"Polygon","coordinates":[[[-122.583,43.127],[-122.523,43.173],[-122.475,43.175],[-122.449,43.154],[-122.592,43.098],[-122.598,43.114],[-122.583,43.127]]]}},{"type":"Feature","properties":{"density":2},"geometry":{"type":"Polygon","coordinates":[[[-115.163,46.154],[-114.969,46.303],[-114.756,46.44],[-114.661,46.447],[-114.636,46.431],[-114.614,46.319],[-114.643,46.222],[-114.677,46.159],[-114.778,46.073],[-114.87,46.042],[-115.115,46.03],[-115.148,46.037],[-115.182,46.097],[-115.163,46.154]]]}},{"type":"Feature","properties":{"density":2},"geometry":{"type":"Polygon","coordinates":[[[-117.966,46.052],[-117.609,46.12],[-117.519,46.12],[-117.082,46.082],[-117.044,46.064],[-117.035,46.034],[-117.1,45.996],[-117.415,45.947],[-117.638,45.958],[-117.837,45.994],[-117.967,45.965],[-118.027,46.004],[-117.966,46.052]]]}},{"type":"Feature","properties":{"density":2},"geometry":{"type":"Polygon","coordinates":[[[-118.167,45.755],[-117.983,45.8],[-117.908,45.833],[-117.852,45.887],[-117.8,45.899],[-117.785,45.887],[-117.791,45.822],[-117.737,45.791],[-117.525,45.713],[-117.359,45.624],[-117.195,45.572],[-117.123,45.503],[-117.101,45.455],[-117.108,45.401],[-117.2,45.325],[-117.258,45.314],[-117.567,45.361],[-117.708,45.352],[-117.839,45.392],[-117.931,45.467],[-118.138,45.561],[-118.286,45.579],[-118.404,45.559],[-118.463,45.566],[-118.476,45.594],[-118.464,45.625],[-118.369,45.698],[-118.167,45.755]]]}},{"type":"Feature","properties":{"density":2},"geometry":{"type":"Polygon","coordinates":[[[-123.308,42.45],[-123.175,42.498],[-123.129,42.468],[-123.122,42.426],[-123.152,42.392],[-123.205,42.388],[-123.314,42.426],[-123.308,42.45]]]}},{"type":"Feature","properties":{"density":2},"geometry":{"type":"Polygon","coordinates":[[[-115.934,31.38],[-115.972,31.475],[-116.041,31.563],[-116.03,31.623],[-115.999,31.643],[-115.976,31.64],[-115.856,31.541],[-115.808,31.536],[-115.613,31.577],[-115.556,31.526],[-115.555,31.488],[-115.607,31.439],[-115.886,31.362],[-115.91,31.359],[-115.934,31.38]]]}},{"type":"Feature","properties":{"density":2},"geometry":{"type":"Polygon","coordinates":[[[-90.081,50.054],[-90.027,50.027],[-89.909,49.892],[-89.798,49.686],[-89.784,49.649],[-89.787,49.514],[-89.818,49.392],[-89.879,49.338],[-89.99,49.315],[-90.162,49.311],[-90.341,49.284],[-90.473,49.298],[-90.5,49.352],[-90.503,49.433],[-90.28,49.912],[-90.216,50.0],[-90.081,50.054]]]}},{"type":"Feature","properties":{"density":2},"geometry":{"type":"Polygon","coordinates":[[[-92.181,48.351],[-92.109,48.261],[-92.066,48.169],[-92.01,47.942],[-92.01,47.897],[-92.039,47.879],[-92.199,47.951],[-92.273,48.05],[-92.296,48.173],[-92.28,48.257],[-92.244,48.331],[-92.181,48.351]]]}},{"type":"Feature","properties":{"density":2},"geometry":{"type":"Polygon","coordinates":[[[-102.246,55.363],[-102.34,55.534],[-102.358,55.81],[-102.322,55.877],[-102.25,55.897],[-102.172,55.845],[-102.14,55.798],[-102.084,55.647],[-102.057,55.523],[-102.043,55.33],[-101.998,55.163],[-102.014,55.129],[-102.169,55.178],[-102.195,55.201],[-102.246,55.363]]]}},{"type":"Feature","properties":{"density":2},"geometry":{"type":"Polygon","coordinates":[[[-104.634,55.113],[-104.648,55.156],[-104.792,55.358],[-104.783,55.561],[-104.711,55.628],[-104.63,55.657],[-104.526,55.671],[-104.45,55.653],[-104.4,55.608],[-104.351,55.511],[-104.346,55.435],[-104.346,55.369],[-104.418,55.112],[-104.452,55.046],[-104.494,55.045],[-104.568,55.06],[-104.623,55.091],[-104.634,55.113]]]}},{"type":"Feature","properties":{"density":2},"geometry":{"type":"Polygon","coordinates":[[[-104.692,54.591],[-104.794,54.741],[-104.817,54.876],[-104.779,54.915],[-104.668,54.933],[-104.638,54.929],[-104.596,54.866],[-104.56,54.639],[-104.572,54.534],[-104.622,54.509],[-104.662,54.518],[-104.688,54.542],[-104.692,54.591]]]}},{"type":"Feature","properties":{"density":2},"geometry":{"type":"Polygon","coordinates":[[[-120.834,62.113],[-120.734,62.155],[-120.567,62.183],[-120.378,62.174],[-120.27,62.143],[-120.164,62.057],[-120.137,61.979],[-120.137,61.92],[-120.16,61.862],[-120.324,61.673],[-120.398,61.605],[-120.657,61.472],[-120.851,61.254],[-120.9,61.171],[-120.945,61.151],[-121.013,61.13],[-121.159,61.153],[-121.211,61.2],[-121.24,61.256],[-121.242,61.324],[-121.163,61.562],[-121.177,61.603],[-121.217,61.621],[-121.26,61.603],[-121.328,61.47],[-121.379,61.412],[-121.517,61.346],[-121.58,61.344],[-121.681,61.385],[-121.703,61.481],[-121.688,61.594],[-121.649,61.691],[-121.564,61.763],[-121.537,61.817],[-121.508,61.994],[-121.449,62.12],[-121.415,62.141],[-121.238,62.156],[-120.952,62.082],[-120.882,62.089],[-120.834,62.113]]]}},{"type":"Feature","properties":{"density":2},"geometry":{"type":"Polygon","coordinates":[[[-122.464,62.434],[-122.11,62.368],[-121.827,62.229],[-121.728,62.157],[-121.64,62.047],[-121.631,61.99],[-121.645,61.896],[-121.717,61.847],[-122.038,61.774],[-122.325,61.631],[-122.538,61.565],[-122.715,61.577],[-122.835,61.628],[-122.899,61.695],[-122.92,61.812],[-122.89,61.905],[-122.828,61.989],[-122.624,62.195],[-122.6,62.382],[-122.52,62.428],[-122.464,62.434]]]}},{"type":"Feature","properties":{"density":2},"geometry":{"type":"Polygon","coordinates":[[[-120.486,48.217],[-120.319,48.277],[-120.071,48.465],[-119.995,48.551],[-119.98,48.733],[-119.929,48.829],[-119.934,48.9],[-120.015,48.991],[-120.142,49.032],[-120.314,49.032],[-120.415,48.92],[-120.618,48.804],[-120.785,48.779],[-120.997,48.774],[-121.068,48.809],[-121.205,48.971],[-121.276,49.087],[-121.453,49.487],[-121.564,49.624],[-121.605,49.824],[-121.628,50.226],[-121.673,50.447],[-121.749,50.637],[-121.916,50.811],[-122.03,50.902],[-122.212,50.963],[-122.402,51.001],[-122.888,50.925],[-123.01,51.077],[-123.071,51.403],[-123.002,51.639],[-122.374,52.6],[-121.998,53.01],[-121.502,53.59],[-120.768,54.223],[-120.341,54.684],[-119.64,55.983],[-118.974,56.7],[-118.051,57.751],[-116.975,58.264],[-115.693,58.443],[-114.745,58.93],[-113.258,59.135],[-112.438,59.391],[-111.131,59.596],[-108.543,59.801],[-107.415,59.852],[-106.21,59.75],[-105.262,59.699],[-104.384,59.997],[-102.106,60.202],[-101.194,59.951],[-100.112,59.37],[-99.247,59.12],[-97.994,57.616],[-97.504,56.91],[-97.162,56.101],[-97.048,55.156],[-97.242,53.988],[-96.661,53.191],[-95.852,52.621],[-95.146,51.813],[-94.267,50.857],[-93.755,50.242],[-93.242,49.755],[-92.166,48.661],[-91.858,48.431],[-91.064,48.046],[-89.962,47.918],[-88.424,47.867],[-87.604,47.918],[-86.604,48.123],[-85.554,48.149],[-85.118,48.072],[-84.862,47.892],[-84.785,47.482],[-84.81,47.123],[-85.041,46.713],[-85.477,46.124],[-86.348,45.56],[-88.116,44.586],[-88.629,44.33],[-89.962,44.125],[-91.089,44.048],[-91.474,44.125],[-93.037,44.304],[-93.447,44.432],[-94.806,44.561],[-96.061,44.766],[-96.702,44.791],[-97.343,44.689],[-97.855,44.535],[-98.214,44.125],[-98.624,43.561],[-98.829,43.356],[-99.188,43.305],[-99.624,43.433],[-99.752,43.869],[-99.829,44.432],[-99.675,44.842],[-99.598,45.663],[-99.598,46.021],[-99.752,47.303],[-99.957,47.764],[-100.162,48.046],[-101.11,48.226],[-101.905,48.097],[-102.238,47.995],[-104.211,47.277],[-105.681,46.137],[-106.159,46.0],[-106.911,45.863],[-107.577,45.795],[-109.098,45.693],[-109.816,45.573],[-110.619,45.505],[-111.046,45.453],[-111.516,45.471],[-111.854,45.552],[-112.423,45.586],[-113.061,45.404],[-113.482,45.256],[-113.995,44.857],[-114.166,44.538],[-114.234,44.185],[-114.28,43.672],[-114.343,43.249],[-114.6,42.959],[-114.941,42.702],[-115.42,42.412],[-116.206,42.104],[-116.718,41.968],[-117.675,42.019],[-117.903,42.087],[-118.985,42.247],[-119.179,42.338],[-119.475,42.509],[-119.589,42.691],[-119.566,42.862],[-119.498,43.078],[-119.498,43.249],[-119.532,43.466],[-119.634,43.648],[-120.01,43.819],[-120.91,44.381],[-121.29,44.533],[-121.335,44.609],[-121.335,44.639],[-121.1,44.753],[-120.933,44.806],[-120.781,44.821],[-120.599,44.867],[-120.272,44.973],[-119.915,45.132],[-119.718,45.277],[-119.566,45.535],[-119.657,45.641],[-119.93,45.634],[-120.386,45.489],[-120.644,45.338],[-121.199,45.176],[-121.33,45.155],[-121.543,45.181],[-121.619,45.241],[-121.624,45.327],[-121.528,45.449],[-121.224,45.662],[-120.799,45.818],[-120.394,45.91],[-120.1,46.011],[-119.842,46.122],[-119.527,46.325],[-119.239,46.441],[-118.95,46.705],[-118.707,46.849],[-118.547,47.031],[-118.13,47.335],[-117.895,47.455],[-117.895,47.683],[-118.032,47.819],[-118.157,47.911],[-118.488,47.911],[-118.784,47.865],[-119.684,47.774],[-120.307,47.748],[-120.86,47.846],[-120.941,47.954],[-120.945,48.008],[-120.921,48.069],[-120.827,48.15],[-120.486,48.217]]]}},{"type":"Feature","properties":{"density":2},"geometry":{"type":"Polygon","coordinates":[[[-80.782,22.735],[-80.909,22.715],[-80.962,22.682],[-80.957,22.628],[-80.926,22.609],[-80.885,22.624],[-80.783,22.69],[-80.765,22.718],[-80.782,22.735]]]}},{"type":"Feature","properties":{"density":2},"geometry":{"type":"Polygon","coordinates":[[[-94.281,18.033],[-94.134,17.922],[-93.689,17.714],[-93.552,17.567],[-93.471,17.395],[-93.496,16.788],[-93.595,16.499],[-93.694,16.332],[-93.808,16.195],[-94.028,15.975],[-94.203,15.831],[-94.62,15.656],[-94.924,15.618],[-95.159,15.785],[-95.197,16.043],[-95.167,16.34],[-95.091,16.628],[-94.954,17.106],[-94.818,17.494],[-94.749,17.851],[-94.711,17.934],[-94.643,18.003],[-94.559,18.041],[-94.385,18.071],[-94.281,18.033]]]}},{"type":"Feature","properties":{"density":3},"geometry":{"type":"Polygon","coordinates":[[[-75.09,20.483],[-75.009,20.474],[-74.917,20.418],[-74.874,20.427],[-74.896,20.465],[-75.06,20.522],[-75.102,20.517],[-75.09,20.483]]]}},{"type":"Feature","properties":{"density":3},"geometry":{"type":"Polygon","coordinates":[[[-83.028,51.104],[-83.315,51.198],[-83.497,51.279],[-83.538,51.313],[-83.541,51.343],[-83.517,51.384],[-83.45,51.384],[-83.355,51.357],[-83.23,51.296],[-83.079,51.195],[-82.917,51.178],[-82.906,51.148],[-82.927,51.114],[-82.954,51.1],[-83.028,51.104]]]}},{"type":"Feature","properties":{"density":3},"geometry":{"type":"Polygon","coordinates":[[[-118.614,50.358],[-118.776,50.237],[-118.847,50.146],[-118.913,50.05],[-119.029,49.817],[-119.434,49.553],[-119.566,49.447],[-119.667,49.31],[-119.707,49.234],[-119.733,49.098],[-119.733,49.027],[-119.702,48.956],[-119.697,48.9],[-119.718,48.855],[-119.834,48.784],[-119.859,48.748],[-119.839,48.693],[-119.778,48.678],[-119.748,48.602],[-119.712,48.561],[-119.637,48.556],[-119.292,48.774],[-119.064,48.855],[-119.014,48.9],[-118.938,49.012],[-118.867,49.209],[-118.837,49.361],[-118.746,49.609],[-118.614,49.817],[-118.396,50.09],[-118.381,50.151],[-118.371,50.308],[-118.427,50.394],[-118.518,50.404],[-118.614,50.358]]]}},{"type":"Feature","properties":{"density":3},"geometry":{"type":"Polygon","coordinates":[[[-119.041,48.554],[-119.419,48.314],[-119.736,48.027],[-119.786,47.963],[-119.83,47.862],[-119.844,47.761],[-119.834,47.376],[-119.793,46.991],[-119.803,46.887],[-119.948,46.661],[-119.992,46.627],[-120.134,46.424],[-120.424,46.161],[-120.472,46.063],[-120.62,45.898],[-120.731,45.857],[-120.843,45.851],[-120.893,45.82],[-121.028,45.702],[-121.103,45.54],[-121.136,45.5],[-121.302,45.408],[-121.444,45.378],[-121.498,45.351],[-121.531,45.311],[-121.518,45.257],[-121.403,45.253],[-121.076,45.314],[-120.856,45.388],[-120.715,45.469],[-120.607,45.601],[-120.532,45.648],[-120.455,45.743],[-120.35,45.807],[-120.299,45.861],[-120.168,46.067],[-120.097,46.134],[-119.905,46.387],[-119.847,46.445],[-119.665,46.559],[-119.587,46.671],[-119.527,46.856],[-119.547,47.015],[-119.547,47.383],[-119.516,47.477],[-119.425,47.572],[-119.213,47.558],[-119.111,47.568],[-119.02,47.626],[-118.723,47.864],[-118.657,48.051],[-118.526,48.517],[-118.546,48.557],[-118.678,48.638],[-118.809,48.638],[-118.926,48.618],[-119.041,48.554]]]}},{"type":"Feature","properties":{"density":3},"geometry":{"type":"Polygon","coordinates":[[[-120.176,48.097],[-120.358,48.081],[-120.743,48.102],[-120.844,48.031],[-120.814,47.965],[-120.738,47.93],[-120.485,47.914],[-120.414,47.869],[-120.166,47.803],[-120.014,47.844],[-119.893,47.919],[-119.741,48.051],[-119.7,48.097],[-119.7,48.127],[-119.71,48.162],[-119.756,48.183],[-119.822,48.203],[-119.908,48.203],[-120.176,48.097]]]}},{"type":"Feature","properties":{"density":3},"geometry":{"type":"Polygon","coordinates":[[[-118.052,48.993],[-118.058,49.103],[-118.115,49.177],[-118.182,49.2],[-118.27,49.188],[-118.315,49.139],[-118.405,48.444],[-118.409,48.228],[-118.391,48.162],[-118.362,48.122],[-118.306,48.113],[-118.261,48.133],[-118.103,48.248],[-118.079,48.374],[-118.076,48.7],[-118.052,48.993]]]}},{"type":"Feature","properties":{"density":3},"geometry":{"type":"Polygon","coordinates":[[[-119.413,45.266],[-119.746,45.025],[-119.951,44.955],[-120.191,44.841],[-120.329,44.71],[-120.43,44.645],[-120.671,44.573],[-120.711,44.523],[-120.713,44.478],[-120.666,44.413],[-120.594,44.379],[-120.421,44.445],[-120.272,44.456],[-120.189,44.483],[-120.056,44.589],[-119.921,44.775],[-119.773,44.899],[-119.348,45.104],[-119.233,45.174],[-119.201,45.205],[-119.174,45.336],[-119.246,45.36],[-119.3,45.347],[-119.413,45.266]]]}},{"type":"Feature","properties":{"density":3},"geometry":{"type":"Polygon","coordinates":[[[-119.312,44.882],[-119.585,44.776],[-119.767,44.669],[-119.874,44.578],[-119.919,44.525],[-119.927,44.442],[-119.896,44.343],[-119.79,44.305],[-119.661,44.282],[-119.486,44.35],[-119.205,44.358],[-119.023,44.442],[-118.924,44.54],[-118.924,44.799],[-119.069,44.874],[-119.312,44.882]]]}},{"type":"Feature","properties":{"density":3},"geometry":{"type":"Polygon","coordinates":[[[-120.597,49.588],[-120.694,49.519],[-120.98,49.222],[-121.099,49.035],[-121.101,48.979],[-121.038,48.961],[-120.833,49.17],[-120.422,49.485],[-120.318,49.593],[-120.3,49.642],[-120.307,49.681],[-120.399,49.692],[-120.597,49.588]]]}},{"type":"Feature","properties":{"density":3},"geometry":{"type":"Polygon","coordinates":[[[-120.557,49.051],[-120.622,48.961],[-120.622,48.889],[-120.59,48.884],[-120.507,48.934],[-120.435,49.039],[-120.449,49.075],[-120.512,49.075],[-120.557,49.051]]]}},{"type":"Feature","properties":{"density":3},"geometry":{"type":"Polygon","coordinates":[[[-120.4,50.559],[-120.774,50.23],[-120.982,50.094],[-121.341,49.957],[-121.427,49.906],[-121.473,49.83],[-121.448,49.759],[-121.397,49.734],[-121.301,49.729],[-121.205,49.79],[-120.906,50.038],[-120.471,50.321],[-120.263,50.504],[-120.253,50.585],[-120.263,50.6],[-120.329,50.6],[-120.4,50.559]]]}},{"type":"Feature","properties":{"density":3},"geometry":{"type":"Polygon","coordinates":[[[-106.701,57.47],[-107.248,57.522],[-107.863,57.556],[-108.307,57.539],[-108.99,57.282],[-109.52,56.975],[-110.016,56.77],[-110.562,56.667],[-111.195,56.599],[-112.22,56.65],[-113.843,56.838],[-114.424,56.941],[-115.62,57.009],[-116.508,57.009],[-117.14,56.975],[-117.773,56.838],[-118.217,56.77],[-118.866,56.565],[-119.413,56.223],[-119.874,55.796],[-120.045,55.369],[-120.045,55.215],[-120.028,55.027],[-119.84,54.685],[-119.823,54.446],[-119.686,54.173],[-119.43,53.831],[-118.849,53.318],[-118.336,52.789],[-118.2,52.584],[-118.183,52.413],[-118.251,52.122],[-118.559,51.746],[-119.054,51.285],[-119.293,51.097],[-119.481,50.892],[-119.669,50.55],[-119.743,50.232],[-119.743,49.821],[-119.766,49.32],[-119.8,49.138],[-119.857,48.979],[-119.914,48.876],[-119.948,48.58],[-119.994,48.466],[-120.176,48.295],[-120.358,48.204],[-120.734,48.158],[-120.859,48.033],[-120.882,47.976],[-120.723,47.896],[-120.506,47.839],[-120.085,47.748],[-119.925,47.748],[-119.869,47.657],[-119.88,46.985],[-119.891,46.917],[-119.971,46.769],[-120.336,46.359],[-120.529,46.108],[-120.837,45.903],[-121.167,45.607],[-121.52,45.402],[-121.532,45.277],[-121.497,45.22],[-121.315,45.185],[-121.178,45.185],[-120.894,45.22],[-120.575,45.334],[-120.085,45.345],[-120.062,45.288],[-120.085,45.174],[-120.324,44.992],[-120.529,44.81],[-120.677,44.639],[-120.78,44.548],[-120.814,44.491],[-120.746,44.354],[-120.495,44.286],[-120.108,44.297],[-119.982,44.274],[-119.838,44.176],[-119.732,44.039],[-119.474,43.553],[-119.299,43.34],[-119.071,43.097],[-118.722,42.915],[-118.304,42.824],[-117.917,42.801],[-117.507,42.809],[-117.203,42.991],[-116.998,43.143],[-116.747,43.128],[-116.55,43.052],[-116.467,42.968],[-116.33,42.93],[-116.163,42.961],[-116.087,43.143],[-116.087,43.371],[-116.186,44.092],[-116.239,44.343],[-116.269,44.669],[-116.269,44.98],[-116.208,45.375],[-116.148,45.542],[-116.072,45.679],[-115.958,45.755],[-115.806,45.816],[-115.525,45.823],[-115.32,45.937],[-115.077,46.044],[-114.28,46.059],[-114.082,46.028],[-113.915,46.021],[-113.163,46.135],[-112.928,46.211],[-112.761,46.317],[-112.639,46.461],[-112.677,46.545],[-113.551,46.864],[-113.733,46.97],[-113.847,47.213],[-113.763,47.289],[-113.467,47.228],[-113.308,47.16],[-113.072,47.031],[-112.457,46.879],[-112.275,46.856],[-112.077,46.78],[-111.766,46.59],[-111.607,46.408],[-111.607,46.173],[-111.508,45.877],[-111.356,45.747],[-111.196,45.725],[-111.136,45.679],[-111.037,45.649],[-110.923,45.573],[-110.832,45.466],[-110.695,45.36],[-110.498,45.246],[-109.974,45.026],[-109.792,44.927],[-109.64,44.829],[-109.42,44.631],[-109.344,44.494],[-109.207,44.365],[-109.07,44.388],[-109.078,44.608],[-109.154,44.737],[-109.366,44.988],[-109.981,45.246],[-110.346,45.375],[-110.543,45.527],[-110.635,45.671],[-110.581,46.044],[-110.619,46.165],[-110.832,46.53],[-111.105,46.697],[-111.288,46.742],[-111.531,46.773],[-111.781,46.932],[-111.925,47.076],[-111.91,47.259],[-111.956,47.448],[-112.077,47.767],[-112.222,47.896],[-112.373,47.927],[-112.776,47.942],[-113.273,48.185],[-113.273,48.356],[-113.034,48.749],[-112.522,49.056],[-111.855,49.21],[-111.36,49.227],[-111.052,49.347],[-110.71,49.569],[-110.488,49.774],[-110.386,49.945],[-110.386,50.389],[-110.591,50.56],[-110.71,50.868],[-110.505,51.5],[-109.839,51.568],[-108.899,51.517],[-108.558,51.671],[-108.301,51.876],[-108.182,52.166],[-108.199,52.474],[-108.113,53.02],[-108.113,53.26],[-108.25,53.533],[-108.335,54.387],[-108.096,54.661],[-107.703,54.797],[-107.174,54.866],[-106.661,54.9],[-106.234,54.968],[-105.841,54.917],[-105.585,54.917],[-105.14,54.951],[-104.628,55.054],[-104.218,55.173],[-103.774,55.242],[-103.124,55.242],[-102.612,55.173],[-102.219,55.071],[-101.928,54.866],[-101.843,54.626],[-101.86,54.387],[-102.065,54.199],[-102.629,53.909],[-102.8,53.84],[-102.902,53.653],[-102.817,53.345],[-102.595,53.26],[-102.15,53.225],[-100.835,53.225],[-100.1,53.123],[-99.81,53.123],[-99.451,53.02],[-99.092,52.849],[-98.169,52.269],[-97.657,51.858],[-96.717,51.243],[-95.982,50.953],[-95.692,50.765],[-95.367,50.457],[-95.282,50.15],[-95.282,49.449],[-95.196,48.92],[-94.855,48.646],[-93.625,48.305],[-93.18,48.151],[-92.839,47.98],[-92.07,47.895],[-91.608,47.946],[-91.472,47.724],[-91.711,47.484],[-93.061,47.245],[-93.488,47.211],[-93.693,47.057],[-93.847,46.596],[-93.847,46.237],[-93.659,46.118],[-93.402,46.186],[-93.18,46.288],[-92.565,46.288],[-92.104,46.34],[-91.848,46.425],[-91.608,46.579],[-91.403,46.835],[-91.215,46.938],[-90.942,47.117],[-90.916,47.117],[-90.711,47.22],[-90.583,47.22],[-90.327,47.168],[-90.061,46.966],[-89.821,47.069],[-89.763,47.373],[-89.84,47.732],[-89.934,47.895],[-90.071,48.014],[-90.429,48.091],[-90.763,48.219],[-90.865,48.732],[-90.865,49.116],[-91.173,49.552],[-91.916,49.706],[-92.48,49.757],[-93.172,49.988],[-93.582,50.269],[-93.659,50.398],[-93.966,50.654],[-95.683,51.551],[-96.247,51.935],[-96.196,52.115],[-95.914,52.115],[-95.683,52.089],[-95.483,52.103],[-95.391,52.32],[-95.53,52.576],[-95.991,52.627],[-96.99,53.114],[-97.785,53.473],[-98.861,53.806],[-99.412,54.302],[-99.425,54.703],[-99.059,54.803],[-98.913,55.19],[-99.015,55.575],[-99.63,56.087],[-100.168,56.369],[-100.86,56.984],[-101.45,57.804],[-102.193,58.317],[-102.834,58.419],[-103.321,58.343],[-103.705,58.163],[-104.192,58.112],[-104.551,58.112],[-105.115,58.009],[-106.063,57.574],[-106.701,57.47]]]}},{"type":"Feature","properties":{"density":3},"geometry":{"type":"Polygon","coordinates":[[[-101.532,50.793],[-102.136,50.816],[-102.215,50.771],[-102.25,50.52],[-102.113,50.292],[-102.158,50.064],[-102.295,49.928],[-102.557,49.734],[-103.092,49.427],[-103.411,49.21],[-103.776,48.994],[-104.22,48.88],[-104.573,48.811],[-105.052,48.8],[-105.359,48.857],[-105.747,49.005],[-105.94,49.13],[-106.236,49.404],[-106.476,49.472],[-106.737,49.484],[-107.011,49.518],[-107.33,49.586],[-107.558,49.609],[-107.968,49.689],[-108.195,49.7],[-108.492,49.746],[-108.697,49.7],[-108.719,49.609],[-108.708,49.586],[-108.435,49.415],[-108.218,49.335],[-107.911,49.176],[-107.717,49.108],[-107.284,49.051],[-107.034,49.051],[-106.806,49.073],[-106.316,49.062],[-106.065,48.971],[-105.838,48.811],[-105.598,48.584],[-105.245,48.196],[-104.904,47.946],[-104.721,47.832],[-104.516,47.672],[-104.471,47.559],[-104.471,47.467],[-104.55,47.342],[-104.619,47.069],[-104.482,46.955],[-104.163,47.057],[-103.457,47.775],[-103.138,47.957],[-102.831,48.094],[-102.067,48.082],[-101.817,48.003],[-101.543,47.786],[-101.361,47.524],[-101.407,47.126],[-101.452,46.909],[-101.247,46.602],[-100.974,46.442],[-100.587,46.533],[-100.222,46.579],[-99.823,46.784],[-99.732,47.057],[-99.755,47.274],[-99.892,47.456],[-100.017,47.695],[-99.846,48.06],[-99.561,48.208],[-99.277,48.39],[-99.265,48.515],[-99.299,48.823],[-99.425,49.039],[-99.516,49.313],[-99.607,49.802],[-99.607,50.11],[-99.675,50.395],[-99.744,50.475],[-99.994,50.645],[-100.29,50.771],[-100.552,50.839],[-100.883,50.85],[-101.259,50.839],[-101.532,50.793]]]}},{"type":"Feature","properties":{"density":3},"geometry":{"type":"Polygon","coordinates":[[[-108.475,63.122],[-108.669,63.023],[-108.689,63.005],[-108.682,62.96],[-108.628,62.969],[-108.435,63.115],[-108.437,63.131],[-108.475,63.122]]]}},{"type":"Feature","properties":{"density":3},"geometry":{"type":"Polygon","coordinates":[[[-110.205,38.6],[-110.417,38.645],[-110.534,38.701],[-110.655,38.731],[-110.929,38.858],[-111.166,38.924],[-111.399,38.918],[-111.713,39.03],[-111.814,39.116],[-112.042,39.146],[-112.214,39.131],[-112.427,39.167],[-112.827,39.293],[-113.019,39.298],[-113.293,39.197],[-113.434,39.121],[-113.596,39.111],[-113.794,39.167],[-113.87,39.318],[-113.769,39.511],[-113.627,39.632],[-113.429,39.835],[-113.389,39.936],[-113.384,40.128],[-113.47,40.27],[-113.617,40.331],[-113.789,40.301],[-113.87,40.209],[-113.814,39.901],[-113.85,39.825],[-113.951,39.784],[-113.941,39.956],[-113.915,40.078],[-113.915,40.209],[-113.971,40.27],[-114.077,40.285],[-114.184,40.24],[-114.285,40.118],[-114.396,39.936],[-114.548,39.784],[-114.675,39.713],[-115.095,39.642],[-115.242,39.521],[-115.282,39.217],[-115.343,38.994],[-115.47,38.832],[-115.692,38.594],[-115.758,38.498],[-115.687,38.387],[-115.627,38.372],[-115.48,38.387],[-115.328,38.286],[-115.242,38.169],[-115.287,38.103],[-115.616,37.936],[-115.748,37.896],[-115.935,37.865],[-116.168,37.921],[-116.31,37.987],[-116.401,37.982],[-116.421,37.911],[-116.391,37.845],[-116.264,37.759],[-116.006,37.638],[-115.252,37.602],[-115.1,37.638],[-114.903,37.638],[-114.69,37.607],[-114.437,37.612],[-114.275,37.703],[-114.128,37.855],[-113.961,37.992],[-113.738,38.093],[-113.652,38.174],[-113.602,38.286],[-113.693,38.367],[-113.956,38.326],[-114.113,38.24],[-114.285,38.205],[-114.427,38.184],[-114.655,38.184],[-114.811,38.225],[-114.857,38.357],[-114.761,38.488],[-114.508,38.513],[-114.174,38.458],[-113.834,38.62],[-113.561,38.782],[-113.445,38.822],[-113.323,38.822],[-113.171,38.782],[-112.959,38.696],[-112.817,38.706],[-112.29,38.6],[-112.047,38.498],[-111.561,38.448],[-111.369,38.367],[-111.141,38.22],[-110.822,37.865],[-110.64,37.876],[-110.498,37.901],[-110.377,38.033],[-110.372,38.154],[-110.275,38.351],[-110.134,38.412],[-110.002,38.407],[-109.977,38.483],[-110.012,38.524],[-110.205,38.6]]]}},{"type":"Feature","properties":{"density":3},"geometry":{"type":"Polygon","coordinates":[[[-113.007,37.212],[-112.711,37.174],[-112.612,37.136],[-112.551,37.03],[-112.597,36.886],[-112.809,36.688],[-113.083,36.537],[-113.424,36.499],[-113.569,36.529],[-113.614,36.597],[-113.515,36.719],[-113.227,36.863],[-113.174,36.916],[-113.25,37.0],[-113.576,37.03],[-113.872,37.038],[-115.292,37.038],[-115.437,37.061],[-115.573,37.152],[-115.664,37.19],[-115.786,37.205],[-116.113,37.205],[-116.211,37.288],[-116.166,37.334],[-116.075,37.364],[-115.93,37.379],[-115.778,37.433],[-115.528,37.448],[-115.338,37.417],[-114.662,37.357],[-114.176,37.349],[-113.888,37.319],[-113.766,37.296],[-113.683,37.228],[-113.553,37.197],[-113.007,37.212]]]}},{"type":"Feature","properties":{"density":3},"geometry":{"type":"Polygon","coordinates":[[[-111.242,39.404],[-111.296,39.413],[-111.33,39.386],[-111.312,39.366],[-111.244,39.361],[-111.231,39.388],[-111.242,39.404]]]}},{"type":"Feature","properties":{"density":3},"geometry":{"type":"Polygon","coordinates":[[[-121.429,45.374],[-121.259,45.472],[-121.059,45.54],[-120.778,45.675],[-120.681,45.799],[-120.422,45.98],[-120.208,46.175],[-120.093,46.242],[-120.029,46.238],[-119.958,46.198],[-119.894,46.044],[-119.839,45.992],[-119.558,45.964],[-119.486,45.925],[-119.415,45.818],[-119.395,45.58],[-119.415,45.528],[-119.506,45.465],[-119.629,45.433],[-119.716,45.417],[-120.019,45.418],[-120.247,45.378],[-120.411,45.378],[-120.898,45.302],[-121.247,45.281],[-121.405,45.245],[-121.47,45.26],[-121.499,45.305],[-121.47,45.35],[-121.429,45.374]]]}},{"type":"Feature","properties":{"density":3},"geometry":{"type":"Polygon","coordinates":[[[-120.647,44.55],[-120.388,44.71],[-120.106,44.83],[-119.959,44.922],[-119.797,44.981],[-119.437,45.246],[-119.381,45.253],[-119.35,45.228],[-119.374,45.179],[-119.444,45.107],[-119.675,44.902],[-119.821,44.673],[-119.949,44.585],[-120.142,44.508],[-120.328,44.493],[-120.569,44.437],[-120.695,44.389],[-120.728,44.44],[-120.734,44.504],[-120.714,44.529],[-120.647,44.55]]]}},{"type":"Feature","properties":{"density":3},"geometry":{"type":"Polygon","coordinates":[[[-118.304,45.696],[-118.205,45.701],[-118.14,45.687],[-118.06,45.646],[-118.042,45.613],[-118.052,45.598],[-118.083,45.597],[-118.273,45.624],[-118.347,45.67],[-118.304,45.696]]]}},{"type":"Feature","properties":{"density":3},"geometry":{"type":"Polygon","coordinates":[[[-119.866,48.695],[-119.826,48.908],[-119.809,49.161],[-119.797,49.801],[-119.721,50.109],[-119.575,50.519],[-119.473,50.676],[-119.372,50.767],[-119.063,50.985],[-118.825,51.031],[-118.694,51.102],[-118.562,51.127],[-118.425,51.122],[-118.344,51.081],[-118.268,50.98],[-118.228,50.838],[-118.243,50.469],[-118.504,49.639],[-118.808,49.147],[-118.917,48.994],[-119.11,48.812],[-119.525,48.596],[-119.579,48.579],[-119.68,48.579],[-119.751,48.599],[-119.832,48.649],[-119.866,48.695]]]}},{"type":"Feature","properties":{"density":3},"geometry":{"type":"Polygon","coordinates":[[[-121.112,49.01],[-121.056,49.127],[-120.998,49.19],[-120.934,49.244],[-120.723,49.352],[-120.649,49.408],[-120.403,49.658],[-120.307,49.726],[-120.197,49.771],[-120.111,49.775],[-120.109,49.703],[-120.188,49.521],[-120.296,49.388],[-120.473,49.276],[-120.838,49.098],[-120.959,48.972],[-121.061,48.949],[-121.106,48.985],[-121.112,49.01]]]}},{"type":"Feature","properties":{"density":3},"geometry":{"type":"Polygon","coordinates":[[[-122.088,51.473],[-122.048,51.564],[-121.875,51.811],[-121.572,52.047],[-121.356,52.152],[-121.184,52.199],[-121.052,52.199],[-120.954,52.169],[-120.883,52.088],[-120.843,51.814],[-120.873,51.618],[-120.951,51.507],[-121.298,51.183],[-121.403,51.014],[-121.545,50.91],[-121.67,50.91],[-121.747,50.933],[-121.808,50.977],[-121.963,51.264],[-122.071,51.375],[-122.094,51.44],[-122.088,51.473]]]}},{"type":"Feature","properties":{"density":3},"geometry":{"type":"Polygon","coordinates":[[[-105.707,55.709],[-105.774,55.824],[-105.779,55.889],[-105.707,56.105],[-105.673,56.159],[-105.561,56.256],[-105.453,56.308],[-105.336,56.317],[-105.311,56.285],[-105.309,56.247],[-105.376,56.087],[-105.396,55.961],[-105.396,55.81],[-105.426,55.691],[-105.477,55.657],[-105.531,55.666],[-105.585,55.732],[-105.646,55.693],[-105.707,55.709]]]}},{"type":"Feature","properties":{"density":3},"geometry":{"type":"Polygon","coordinates":[[[-105.908,55.925],[-105.98,56.198],[-105.98,56.263],[-105.953,56.335],[-105.872,56.382],[-105.611,56.409],[-105.577,56.348],[-105.577,56.312],[-105.622,56.207],[-105.665,56.139],[-105.778,56.049],[-105.826,55.915],[-105.876,55.908],[-105.908,55.925]]]}},{"type":"Feature","properties":{"density":3},"geometry":{"type":"Polygon","coordinates":[[[-114.896,48.479],[-114.92,48.551],[-114.835,48.653],[-114.751,48.693],[-114.671,48.695],[-114.67,48.648],[-114.805,48.467],[-114.87,48.456],[-114.896,48.479]]]}},{"type":"Feature","properties":{"density":3},"geometry":{"type":"Polygon","coordinates":[[[-122.591,43.159],[-122.522,43.132],[-122.513,43.078],[-122.583,43.022],[-122.639,43.009],[-122.651,43.057],[-122.591,43.159]]]}},{"type":"Feature","properties":{"density":3},"geometry":{"type":"Polygon","coordinates":[[[-120.738,48.092],[-120.4,48.105],[-119.959,48.042],[-119.896,48.02],[-119.892,48.002],[-119.91,47.959],[-120.024,47.914],[-120.515,47.937],[-120.776,47.892],[-120.828,47.907],[-120.873,47.968],[-120.864,48.0],[-120.819,48.067],[-120.738,48.092]]]}},{"type":"Feature","properties":{"density":3},"geometry":{"type":"Polygon","coordinates":[[[-108.735,62.98],[-108.633,63.072],[-108.517,63.139],[-108.364,63.171],[-108.309,63.153],[-108.313,63.112],[-108.453,63.06],[-108.649,62.946],[-108.735,62.948],[-108.745,62.963],[-108.735,62.98]]]}},{"type":"Feature","properties":{"density":3},"geometry":{"type":"Polygon","coordinates":[[[-119.936,46.589],[-119.698,46.893],[-119.511,47.303],[-119.41,47.423],[-119.39,47.531],[-119.315,47.689],[-119.039,48.026],[-118.832,48.352],[-118.769,48.404],[-118.69,48.416],[-118.509,48.588],[-118.435,48.692],[-118.366,48.831],[-118.321,48.977],[-118.31,49.252],[-118.294,49.281],[-118.256,49.294],[-118.231,49.283],[-118.132,49.186],[-117.995,48.487],[-118.087,48.302],[-118.26,48.095],[-118.298,48.007],[-118.743,47.398],[-119.146,46.909],[-119.378,46.752],[-119.63,46.657],[-119.767,46.518],[-119.909,46.421],[-119.956,46.419],[-119.97,46.5],[-119.936,46.589]]]}},{"type":"Feature","properties":{"density":3},"geometry":{"type":"Polygon","coordinates":[[[-118.506,52.704],[-118.677,52.841],[-119.019,53.063],[-119.275,53.32],[-119.343,53.661],[-119.36,54.054],[-119.36,55.37],[-119.258,55.951],[-119.07,56.344],[-118.694,56.822],[-118.284,57.096],[-117.379,57.369],[-115.362,57.745],[-113.526,57.805],[-113.047,57.719],[-112.603,57.719],[-111.937,57.788],[-111.458,57.702],[-111.202,57.702],[-110.706,57.668],[-110.16,57.736],[-109.664,57.77],[-109.408,57.822],[-108.69,58.01],[-108.434,58.095],[-108.092,58.146],[-106.862,58.437],[-106.452,58.591],[-106.025,58.676],[-105.666,58.813],[-105.41,58.864],[-104.983,58.984],[-104.282,59.223],[-103.923,59.308],[-103.513,59.342],[-103.172,59.325],[-102.676,59.223],[-101.839,58.796],[-101.378,58.437],[-101.07,58.095],[-100.301,57.343],[-100.011,57.121],[-99.857,56.865],[-99.754,56.574],[-99.754,55.652],[-99.686,55.19],[-99.686,55.003],[-99.549,54.456],[-99.396,54.114],[-98.866,53.619],[-98.405,53.294],[-97.977,53.089],[-97.533,52.952],[-96.884,52.662],[-96.662,52.388],[-96.628,52.269],[-96.628,52.03],[-96.781,51.927],[-97.038,51.927],[-97.465,52.064],[-97.96,52.269],[-98.661,52.491],[-99.652,52.867],[-99.891,53.003],[-100.506,53.396],[-100.916,53.601],[-101.326,53.858],[-101.822,54.217],[-102.283,54.763],[-102.83,54.985],[-103.257,55.071],[-103.855,55.156],[-104.556,55.173],[-105.239,55.156],[-105.564,55.208],[-106.31,55.413],[-106.503,55.435],[-108.166,55.424],[-108.576,55.401],[-109.089,55.321],[-109.203,55.196],[-109.18,55.025],[-109.078,54.923],[-108.873,54.604],[-108.576,54.359],[-108.44,54.068],[-108.337,53.522],[-108.371,53.18],[-108.525,52.77],[-108.702,52.599],[-108.838,52.44],[-109.043,52.28],[-109.226,52.189],[-110.205,51.927],[-110.695,51.916],[-111.47,51.938],[-111.857,51.927],[-112.369,51.995],[-112.518,51.961],[-112.586,51.859],[-112.529,51.779],[-112.278,51.654],[-111.492,51.426],[-111.082,51.323],[-110.49,50.925],[-110.388,50.834],[-110.217,50.572],[-110.205,50.446],[-110.114,50.26],[-110.076,50.131],[-110.145,50.002],[-110.463,49.82],[-110.638,49.767],[-111.185,49.706],[-111.375,49.653],[-111.883,49.622],[-112.134,49.63],[-112.339,49.736],[-112.666,50.146],[-112.954,50.245],[-113.653,50.344],[-114.131,50.344],[-114.45,50.275],[-114.708,50.245],[-115.012,50.101],[-115.658,49.759],[-115.809,49.607],[-116.227,49.258],[-116.554,48.954],[-116.812,48.628],[-116.888,48.468],[-117.116,47.709],[-117.192,47.572],[-117.381,47.428],[-117.753,47.192],[-117.943,47.025],[-118.055,46.975],[-118.131,47.015],[-118.161,47.086],[-118.186,47.299],[-118.191,47.704],[-118.223,47.792],[-118.293,47.846],[-118.344,47.83],[-118.428,47.671],[-118.57,47.475],[-118.719,47.232],[-118.855,47.127],[-119.098,46.843],[-119.568,46.635],[-119.756,46.494],[-119.862,46.428],[-119.938,46.403],[-119.958,46.413],[-119.958,46.494],[-119.923,46.6],[-119.723,46.868],[-119.5,47.273],[-119.444,47.425],[-119.409,47.537],[-119.444,47.719],[-119.434,48.038],[-119.277,48.362],[-119.237,48.534],[-119.237,48.615],[-119.318,48.671],[-119.444,48.66],[-119.637,48.574],[-119.743,48.574],[-119.875,48.671],[-119.892,48.713],[-119.848,49.033],[-119.824,49.532],[-119.832,49.813],[-119.801,50.018],[-119.619,50.61],[-119.566,50.724],[-119.315,51.096],[-119.224,51.203],[-118.86,51.491],[-118.601,51.772],[-118.465,52.099],[-118.442,52.258],[-118.442,52.402],[-118.472,52.626],[-118.506,52.704]]]}},{"type":"Feature","properties":{"density":3},"geometry":{"type":"Polygon","coordinates":[[[-119.144,48.337],[-119.037,48.492],[-118.981,48.504],[-118.936,48.476],[-118.916,48.389],[-118.928,48.301],[-118.951,48.276],[-119.032,48.244],[-119.09,48.251],[-119.14,48.277],[-119.144,48.337]]]}},{"type":"Feature","properties":{"density":3},"geometry":{"type":"Polygon","coordinates":[[[-118.576,48.228],[-118.529,48.382],[-118.414,48.553],[-118.386,48.775],[-118.303,48.958],[-118.31,49.083],[-118.35,49.222],[-118.33,49.262],[-118.29,49.282],[-118.205,49.289],[-118.121,49.255],[-117.871,49.083],[-117.78,48.874],[-117.729,48.661],[-117.736,48.577],[-117.766,48.499],[-117.812,48.454],[-118.084,48.281],[-118.151,48.194],[-118.273,48.128],[-118.558,48.16],[-118.576,48.228]]]}},{"type":"Feature","properties":{"density":3},"geometry":{"type":"Polygon","coordinates":[[[-119.801,48.777],[-119.609,48.919],[-119.425,49.162],[-119.365,49.198],[-119.311,49.262],[-119.238,49.417],[-119.074,49.544],[-118.638,50.375],[-118.451,50.795],[-118.365,50.886],[-118.299,50.942],[-118.183,51.002],[-117.985,51.008],[-117.813,50.947],[-117.737,50.881],[-117.707,50.815],[-117.702,50.547],[-117.859,49.894],[-117.884,49.625],[-117.874,49.56],[-117.833,49.489],[-117.773,49.428],[-117.692,49.393],[-117.59,49.226],[-117.59,49.129],[-117.648,48.934],[-117.736,48.772],[-117.715,48.529],[-117.857,48.4],[-117.958,48.36],[-118.137,48.204],[-118.236,48.138],[-118.375,48.12],[-118.569,48.144],[-118.588,48.209],[-118.573,48.276],[-118.413,48.658],[-118.404,48.802],[-118.44,48.883],[-118.544,48.919],[-118.633,48.973],[-118.66,49.031],[-118.596,49.182],[-118.576,49.27],[-118.62,49.311],[-118.684,49.311],[-118.788,49.263],[-118.964,49.128],[-119.048,49.031],[-119.398,48.833],[-119.481,48.72],[-119.587,48.637],[-119.826,48.639],[-119.85,48.673],[-119.855,48.725],[-119.801,48.777]]]}},{"type":"Feature","properties":{"density":3},"geometry":{"type":"Polygon","coordinates":[[[-120.788,48.065],[-120.515,48.106],[-120.373,48.146],[-120.015,48.4],[-119.752,48.649],[-119.587,48.73],[-119.55,48.74],[-119.516,48.724],[-119.502,48.636],[-119.556,48.433],[-119.512,48.221],[-119.516,48.16],[-119.563,48.065],[-119.708,47.927],[-119.934,47.866],[-120.38,47.907],[-120.619,47.887],[-120.758,47.892],[-120.803,47.901],[-120.85,47.964],[-120.861,48.005],[-120.857,48.043],[-120.837,48.063],[-120.749,48.077],[-120.788,48.065]]]}},{"type":"Feature","properties":{"density":3},"geometry":{"type":"Polygon","coordinates":[[[-122.074,51.441],[-121.785,51.826],[-121.649,51.963],[-121.512,52.069],[-121.325,52.175],[-121.077,52.398],[-120.935,52.464],[-120.722,52.489],[-120.651,52.372],[-120.617,52.24],[-120.654,51.95],[-120.708,51.764],[-120.779,51.65],[-121.039,51.474],[-121.188,51.339],[-121.228,51.272],[-121.272,51.113],[-121.329,51.029],[-121.407,50.971],[-121.495,50.934],[-121.879,50.934],[-121.93,50.961],[-121.942,51.097],[-122.079,51.345],[-122.074,51.441]]]}},{"type":"Feature","properties":{"density":3},"geometry":{"type":"Polygon","coordinates":[[[-113.211,45.675],[-113.115,45.751],[-112.964,45.936],[-112.899,45.976],[-112.862,45.979],[-112.848,45.885],[-112.889,45.795],[-113.175,45.627],[-113.229,45.625],[-113.211,45.675]]]}},{"type":"Feature","properties":{"density":3},"geometry":{"type":"Polygon","coordinates":[[[-115.133,46.101],[-115.086,46.169],[-115.018,46.207],[-114.97,46.211],[-114.978,46.172],[-115.08,46.125],[-115.11,46.093],[-115.133,46.101]]]}},{"type":"Feature","properties":{"density":3},"geometry":{"type":"Polygon","coordinates":[[[-121.5,45.348],[-121.414,45.393],[-121.3,45.418],[-121.059,45.506],[-120.649,45.71],[-120.575,45.715],[-120.49,45.672],[-120.478,45.645],[-120.483,45.587],[-120.523,45.517],[-120.708,45.386],[-120.895,45.312],[-121.473,45.259],[-121.512,45.274],[-121.518,45.315],[-121.5,45.348]]]}},{"type":"Feature","properties":{"density":3},"geometry":{"type":"Polygon","coordinates":[[[-120.713,44.445],[-120.707,44.49],[-120.671,44.541],[-120.545,44.643],[-120.489,44.734],[-120.393,44.725],[-120.334,44.679],[-120.254,44.653],[-120.23,44.603],[-120.288,44.522],[-120.382,44.464],[-120.464,44.437],[-120.656,44.404],[-120.7,44.414],[-120.713,44.445]]]}},{"type":"Feature","properties":{"density":3},"geometry":{"type":"Polygon","coordinates":[[[-111.318,39.397],[-111.186,39.489],[-111.15,39.487],[-111.126,39.465],[-111.149,39.419],[-111.215,39.376],[-111.319,39.367],[-111.318,39.397]]]}},{"type":"Feature","properties":{"density":3},"geometry":{"type":"Polygon","coordinates":[[[-118.336,45.691],[-118.183,45.721],[-118.041,45.687],[-117.999,45.648],[-118.033,45.612],[-118.149,45.585],[-118.236,45.595],[-118.336,45.637],[-118.355,45.671],[-118.336,45.691]]]}},{"type":"Feature","properties":{"density":3},"geometry":{"type":"Polygon","coordinates":[[[-105.894,55.914],[-105.874,56.154],[-105.84,56.238],[-105.73,56.415],[-105.656,56.472],[-105.422,56.531],[-105.251,56.536],[-105.172,56.462],[-105.022,56.263],[-105.068,56.159],[-105.253,55.954],[-105.433,55.704],[-105.496,55.657],[-105.523,55.659],[-105.541,55.68],[-105.559,55.734],[-105.667,55.695],[-105.739,55.77],[-105.738,55.832],[-105.702,55.934],[-105.711,55.962],[-105.743,55.98],[-105.788,55.971],[-105.836,55.905],[-105.883,55.902],[-105.894,55.914]]]}},{"type":"Feature","properties":{"density":3},"geometry":{"type":"Polygon","coordinates":[[[-103.404,55.595],[-103.433,55.683],[-103.433,55.841],[-103.407,55.91],[-103.314,55.944],[-103.191,55.941],[-103.091,55.898],[-103.041,55.853],[-103.034,55.791],[-103.047,55.766],[-103.215,55.641],[-103.217,55.578],[-103.24,55.541],[-103.383,55.564],[-103.404,55.595]]]}},{"type":"Feature","properties":{"density":3},"geometry":{"type":"Polygon","coordinates":[[[-102.15,55.227],[-102.149,55.44],[-102.09,55.464],[-102.036,55.449],[-102.014,55.415],[-102.018,55.364],[-102.063,55.242],[-102.108,55.2],[-102.15,55.227]]]}},{"type":"Feature","properties":{"density":3},"geometry":{"type":"Polygon","coordinates":[[[-118.592,52.793],[-118.797,53.059],[-119.002,53.287],[-119.177,53.575],[-119.344,53.917],[-119.42,54.198],[-119.473,54.494],[-119.427,54.661],[-119.283,54.851],[-119.055,55.018],[-118.858,55.094],[-118.436,55.364],[-118.357,55.432],[-118.117,55.512],[-117.867,55.523],[-117.445,55.443],[-116.921,55.17],[-116.158,54.714],[-115.52,54.396],[-115.236,54.304],[-114.939,54.168],[-114.442,53.975],[-114.265,53.712],[-114.326,53.591],[-114.478,53.428],[-114.791,53.302],[-115.004,53.277],[-115.272,53.2],[-115.86,52.877],[-116.477,52.674],[-116.563,52.669],[-116.72,52.7],[-117.181,52.907],[-117.469,52.998],[-117.621,53.008],[-117.788,52.922],[-117.961,52.74],[-118.052,52.71],[-118.193,52.684],[-118.35,52.695],[-118.553,52.75],[-118.592,52.793]]]}},{"type":"Feature","properties":{"density":3},"geometry":{"type":"Polygon","coordinates":[[[-122.603,43.107],[-122.613,43.166],[-122.597,43.187],[-122.538,43.206],[-122.483,43.18],[-122.475,43.113],[-122.499,43.075],[-122.566,43.071],[-122.603,43.107]]]}},{"type":"Feature","properties":{"density":3},"geometry":{"type":"Polygon","coordinates":[[[-119.64,49.113],[-119.534,49.188],[-119.41,49.233],[-119.243,49.336],[-118.894,49.731],[-118.423,50.163],[-118.317,50.232],[-118.172,50.285],[-118.104,50.232],[-118.059,49.989],[-117.876,49.708],[-117.846,49.564],[-117.838,49.404],[-117.945,49.078],[-118.241,48.766],[-118.446,48.576],[-118.757,48.219],[-119.008,48.03],[-119.078,47.908],[-119.226,47.895],[-119.311,47.922],[-119.483,47.942],[-119.762,47.904],[-119.864,47.855],[-120.053,47.861],[-120.377,47.915],[-120.424,47.901],[-120.765,47.888],[-120.819,47.908],[-120.86,47.986],[-120.86,48.023],[-120.836,48.057],[-120.357,48.155],[-120.269,48.222],[-120.036,48.458],[-119.857,48.583],[-119.817,48.641],[-119.878,48.688],[-119.864,48.752],[-119.64,49.113]]]}},{"type":"Feature","properties":{"density":3},"geometry":{"type":"Polygon","coordinates":[[[-118.344,48.225],[-118.223,48.34],[-118.16,48.439],[-118.09,48.605],[-117.899,48.821],[-117.843,48.909],[-117.493,49.197],[-117.246,49.332],[-117.084,49.352],[-116.689,49.52],[-116.588,49.54],[-116.548,49.525],[-116.532,49.464],[-116.568,49.358],[-116.649,49.261],[-117.115,48.806],[-117.277,48.669],[-117.358,48.613],[-117.606,48.502],[-117.769,48.398],[-117.904,48.378],[-117.97,48.348],[-118.258,48.121],[-118.312,48.105],[-118.366,48.135],[-118.366,48.193],[-118.344,48.225]]]}},{"type":"Feature","properties":{"density":3},"geometry":{"type":"Polygon","coordinates":[[[-117.518,47.719],[-117.259,47.932],[-117.151,47.982],[-116.98,48.103],[-116.53,48.362],[-116.118,48.643],[-115.887,48.756],[-115.752,48.799],[-115.668,48.796],[-115.655,48.781],[-115.675,48.688],[-115.727,48.634],[-115.893,48.495],[-116.028,48.421],[-116.105,48.36],[-116.697,48.067],[-116.902,47.94],[-117.333,47.767],[-117.46,47.68],[-117.536,47.673],[-117.539,47.698],[-117.518,47.719]]]}},{"type":"Feature","properties":{"density":3},"geometry":{"type":"Polygon","coordinates":[[[-117.603,47.828],[-117.513,47.915],[-117.456,47.941],[-117.42,47.928],[-117.579,47.8],[-117.604,47.801],[-117.603,47.828]]]}},{"type":"Feature","properties":{"density":3},"geometry":{"type":"Polygon","coordinates":[[[-116.287,49.701],[-116.121,49.793],[-115.869,49.995],[-115.477,50.207],[-115.306,50.333],[-115.185,50.367],[-115.151,50.333],[-115.153,50.263],[-115.257,50.128],[-115.365,50.027],[-115.509,49.939],[-115.601,49.892],[-115.817,49.831],[-115.968,49.766],[-116.186,49.622],[-116.283,49.579],[-116.337,49.581],[-116.458,49.552],[-116.474,49.568],[-116.472,49.613],[-116.44,49.638],[-116.287,49.701]]]}},{"type":"Feature","properties":{"density":3},"geometry":{"type":"Polygon","coordinates":[[[-114.872,48.507],[-114.807,48.582],[-114.639,48.715],[-114.096,49.005],[-114.036,49.009],[-114.03,48.978],[-114.054,48.895],[-114.099,48.834],[-114.294,48.652],[-114.401,48.609],[-114.736,48.543],[-114.824,48.462],[-114.877,48.465],[-114.872,48.507]]]}},{"type":"Feature","properties":{"density":3},"geometry":{"type":"Polygon","coordinates":[[[-113.259,47.872],[-113.181,47.903],[-113.049,48.011],[-112.758,48.159],[-112.633,48.257],[-112.563,48.261],[-112.509,48.23],[-112.492,48.197],[-112.573,48.072],[-112.779,47.92],[-113.038,47.802],[-113.173,47.775],[-113.292,47.775],[-113.308,47.805],[-113.301,47.856],[-113.259,47.872]]]}},{"type":"Feature","properties":{"density":3},"geometry":{"type":"Polygon","coordinates":[[[-113.302,45.6],[-113.185,45.699],[-113.023,45.884],[-112.893,45.965],[-112.663,46.073],[-112.429,46.122],[-112.085,46.098],[-111.997,46.055],[-111.995,46.021],[-112.031,45.965],[-112.15,45.9],[-112.715,45.693],[-112.884,45.666],[-113.01,45.616],[-113.122,45.6],[-113.302,45.515],[-113.352,45.516],[-113.357,45.557],[-113.302,45.6]]]}},{"type":"Feature","properties":{"density":3},"geometry":{"type":"Polygon","coordinates":[[[-113.852,44.338],[-113.624,44.537],[-113.499,44.585],[-113.4,44.59],[-113.388,44.579],[-113.372,44.524],[-113.397,44.48],[-113.603,44.428],[-113.826,44.299],[-113.861,44.293],[-113.868,44.309],[-113.852,44.338]]]}},{"type":"Feature","properties":{"density":3},"geometry":{"type":"Polygon","coordinates":[[[-117.691,43.592],[-117.584,43.72],[-117.206,43.923],[-116.794,44.088],[-116.325,44.19],[-116.281,44.183],[-116.234,44.146],[-116.311,44.055],[-116.433,43.963],[-116.534,43.909],[-116.679,43.852],[-116.932,43.818],[-117.297,43.687],[-117.405,43.626],[-117.557,43.498],[-117.621,43.481],[-117.679,43.486],[-117.7,43.513],[-117.691,43.592]]]}},{"type":"Feature","properties":{"density":3},"geometry":{"type":"Polygon","coordinates":[[[-116.882,42.63],[-116.657,42.857],[-116.567,42.983],[-116.504,43.042],[-116.416,43.105],[-116.299,43.143],[-116.089,43.34],[-116.037,43.372],[-115.974,43.394],[-115.819,43.392],[-115.713,43.363],[-115.641,43.309],[-115.664,43.192],[-115.749,43.104],[-115.873,43.012],[-116.066,42.8],[-116.692,42.54],[-116.813,42.437],[-116.92,42.402],[-116.956,42.407],[-116.99,42.423],[-117.01,42.489],[-116.966,42.56],[-116.882,42.63]]]}},{"type":"Feature","properties":{"density":3},"geometry":{"type":"Polygon","coordinates":[[[-120.653,44.543],[-120.534,44.592],[-120.172,44.905],[-119.88,45.048],[-119.732,45.146],[-119.543,45.159],[-119.468,45.146],[-119.465,45.051],[-119.502,44.987],[-119.583,44.903],[-119.887,44.714],[-120.029,44.66],[-120.231,44.511],[-120.289,44.448],[-120.565,44.408],[-120.646,44.412],[-120.709,44.489],[-120.712,44.514],[-120.653,44.543]]]}},{"type":"Feature","properties":{"density":3},"geometry":{"type":"Polygon","coordinates":[[[-121.466,45.383],[-121.109,45.572],[-120.346,45.781],[-119.937,45.947],[-119.657,45.981],[-119.64,45.957],[-119.647,45.923],[-119.759,45.819],[-120.16,45.653],[-120.473,45.595],[-120.803,45.427],[-120.966,45.307],[-121.472,45.256],[-121.517,45.285],[-121.52,45.304],[-121.517,45.328],[-121.466,45.383]]]}},{"type":"Feature","properties":{"density":3},"geometry":{"type":"Polygon","coordinates":[[[-120.629,49.053],[-120.289,49.424],[-120.169,49.519],[-120.073,49.524],[-119.946,49.487],[-119.876,49.42],[-119.865,49.335],[-119.919,49.237],[-120.058,49.14],[-120.179,49.096],[-120.362,48.964],[-120.601,48.843],[-120.652,48.856],[-120.689,48.93],[-120.629,49.053]]]}},{"type":"Feature","properties":{"density":3},"geometry":{"type":"Polygon","coordinates":[[[-122.595,51.467],[-122.278,51.852],[-122.012,52.068],[-121.62,52.324],[-121.227,52.476],[-121.029,52.532],[-120.807,52.537],[-120.66,52.471],[-120.614,52.355],[-120.624,52.208],[-120.721,52.026],[-121.252,51.18],[-121.419,50.973],[-121.495,50.917],[-121.576,50.877],[-121.733,50.887],[-121.86,50.922],[-121.991,51.039],[-122.148,51.135],[-122.518,51.251],[-122.579,51.327],[-122.595,51.467]]]}},{"type":"Feature","properties":{"density":3},"geometry":{"type":"Polygon","coordinates":[[[-115.01,39.281],[-114.987,39.347],[-114.71,39.587],[-114.38,39.59],[-114.286,39.547],[-114.255,39.472],[-114.245,39.277],[-114.282,39.226],[-114.39,39.138],[-114.643,39.04],[-114.721,39.03],[-114.936,39.084],[-114.992,39.166],[-115.01,39.281]]]}},{"type":"Feature","properties":{"density":3},"geometry":{"type":"Polygon","coordinates":[[[-111.335,39.37],[-111.362,39.388],[-111.38,39.464],[-111.296,39.57],[-111.238,39.595],[-111.134,39.593],[-110.959,39.541],[-110.905,39.505],[-110.88,39.451],[-110.885,39.415],[-110.941,39.37],[-111.3,39.344],[-111.335,39.37]]]}},{"type":"Feature","properties":{"density":3},"geometry":{"type":"Polygon","coordinates":[[[-112.474,38.802],[-112.364,38.961],[-112.3,38.985],[-112.249,38.971],[-112.241,38.937],[-112.258,38.904],[-112.411,38.733],[-112.466,38.724],[-112.486,38.737],[-112.493,38.769],[-112.474,38.802]]]}},{"type":"Feature","properties":{"density":3},"geometry":{"type":"Polygon","coordinates":[[[-116.155,37.278],[-116.016,37.501],[-115.948,37.564],[-115.455,37.645],[-115.399,37.638],[-115.377,37.611],[-115.381,37.557],[-115.437,37.48],[-115.523,37.431],[-115.678,37.381],[-115.773,37.368],[-115.883,37.325],[-116.117,37.195],[-116.171,37.213],[-116.155,37.278]]]}},{"type":"Feature","properties":{"density":3},"geometry":{"type":"Polygon","coordinates":[[[-121.236,44.623],[-121.078,44.652],[-121.004,44.625],[-120.975,44.594],[-121.001,44.574],[-121.245,44.585],[-121.254,44.608],[-121.236,44.623]]]}},{"type":"Feature","properties":{"density":3},"geometry":{"type":"Polygon","coordinates":[[[-115.149,46.133],[-114.753,46.349],[-114.65,46.367],[-114.645,46.34],[-114.69,46.27],[-114.834,46.139],[-115.104,46.064],[-115.155,46.087],[-115.149,46.133]]]}},{"type":"Feature","properties":{"density":3},"geometry":{"type":"Polygon","coordinates":[[[-118.19,45.693],[-118.104,45.731],[-118.019,45.689],[-117.992,45.647],[-118.001,45.588],[-118.056,45.569],[-118.299,45.618],[-118.328,45.629],[-118.349,45.674],[-118.19,45.693]]]}},{"type":"Feature","properties":{"density":3},"geometry":{"type":"Polygon","coordinates":[[[-123.291,42.457],[-123.184,42.462],[-123.155,42.426],[-123.173,42.403],[-123.207,42.401],[-123.296,42.432],[-123.291,42.457]]]}},{"type":"Feature","properties":{"density":3},"geometry":{"type":"Polygon","coordinates":[[[-105.918,55.97],[-106.013,56.273],[-106.121,56.766],[-106.104,56.915],[-105.972,57.202],[-105.912,57.262],[-105.74,57.374],[-105.682,57.391],[-105.524,57.387],[-105.308,57.347],[-105.227,57.31],[-105.119,57.239],[-104.933,56.901],[-104.903,56.618],[-104.946,56.341],[-104.984,56.267],[-105.011,56.219],[-105.088,56.172],[-105.366,55.83],[-105.4,55.722],[-105.443,55.682],[-105.515,55.67],[-105.645,55.677],[-105.78,55.747],[-105.848,55.803],[-105.918,55.97]]]}},{"type":"Feature","properties":{"density":3},"geometry":{"type":"Polygon","coordinates":[[[-103.554,55.61],[-103.554,55.844],[-103.505,56.051],[-103.365,56.22],[-103.325,56.247],[-103.246,56.283],[-103.169,56.294],[-102.978,56.294],[-102.798,56.256],[-102.74,56.227],[-102.683,56.162],[-102.683,56.121],[-102.726,56.063],[-103.061,55.804],[-103.163,55.682],[-103.241,55.532],[-103.32,55.518],[-103.511,55.536],[-103.55,55.574],[-103.554,55.61]]]}},{"type":"Feature","properties":{"density":3},"geometry":{"type":"Polygon","coordinates":[[[-102.167,55.211],[-102.228,55.4],[-102.228,55.447],[-102.196,55.499],[-102.131,55.506],[-102.088,55.465],[-102.055,55.364],[-102.057,55.267],[-102.077,55.184],[-102.14,55.173],[-102.167,55.211]]]}},{"type":"Feature","properties":{"density":3},"geometry":{"type":"Polygon","coordinates":[[[-120.816,61.982],[-120.714,61.989],[-120.606,62.124],[-120.566,62.147],[-120.502,62.154],[-120.306,62.11],[-120.245,62.043],[-120.245,61.948],[-120.441,61.739],[-120.701,61.594],[-120.768,61.533],[-120.839,61.496],[-120.941,61.479],[-121.059,61.509],[-121.092,61.55],[-121.092,61.611],[-120.981,61.864],[-120.954,61.968],[-120.903,61.992],[-120.816,61.982]]]}},{"type":"Feature","properties":{"density":3},"geometry":{"type":"Polygon","coordinates":[[[-122.487,62.395],[-122.383,62.386],[-122.257,62.345],[-121.938,62.185],[-121.787,62.152],[-121.749,62.12],[-121.726,62.053],[-121.729,61.978],[-121.758,61.942],[-121.913,61.94],[-122.181,61.969],[-122.28,61.996],[-122.417,62.091],[-122.586,62.329],[-122.563,62.374],[-122.487,62.395]]]}},{"type":"Feature","properties":{"density":3},"geometry":{"type":"Polygon","coordinates":[[[-117.949,53.578],[-118.017,53.903],[-118.0,54.364],[-117.846,54.86],[-117.351,55.577],[-116.496,56.329],[-115.898,56.671],[-114.89,57.184],[-114.463,57.423],[-113.95,57.559],[-113.199,57.628],[-111.883,57.696],[-111.456,57.782],[-109.85,57.884],[-108.859,58.106],[-108.21,58.072],[-107.686,57.952],[-107.332,57.736],[-107.116,57.508],[-107.031,57.354],[-107.036,56.508],[-106.968,56.167],[-106.96,55.802],[-107.082,55.492],[-107.389,54.938],[-107.298,54.403],[-107.116,53.742],[-107.309,53.355],[-108.175,53.344],[-109.998,53.868],[-110.59,53.628],[-110.533,53.127],[-110.875,52.672],[-111.421,52.455],[-112.333,52.296],[-113.449,52.0],[-114.223,52.119],[-115.044,52.41],[-115.907,52.599],[-116.203,52.61],[-116.807,52.872],[-116.966,53.043],[-117.046,53.191],[-117.296,53.487],[-117.581,53.556],[-117.77,53.529],[-117.949,53.578]]]}}]}