{"type":"FeatureCollection","features":[{"type":"Feature","properties":{"density":1},"geometry":{"type":"Polygon","coordinates":[[[-111.824,35.006],[-111.773,35.063],[-111.716,35.071],[-111.687,35.009],[-111.692,34.926],[-111.717,34.91],[-111.744,34.926],[-111.821,34.987],[-111.824,35.006]]]}},{"type":"Feature","properties":{"density":1},"geometry":{"type":"Polygon","coordinates":[[[-108.715,33.328],[-108.588,33.423],[-108.39,33.519],[-108.1,33.6],[-108.015,33.577],[-108.004,33.544],[-108.034,33.505],[-108.094,33.468],[-108.28,33.421],[-108.678,33.255],[-108.715,33.27],[-108.715,33.328]]]}},{"type":"Feature","properties":{"density":1},"geometry":{"type":"Polygon","coordinates":[[[-138.441,68.758],[-137.646,69.835],[-136.775,70.963],[-135.263,71.988],[-133.187,72.757],[-131.06,73.039],[-126.78,73.064],[-123.243,73.064],[-119.501,73.039],[-117.348,72.552],[-114.836,72.039],[-105.502,70.319],[-99.676,70.319],[-96.891,69.892],[-94.874,69.345],[-92.602,68.337],[-91.184,67.175],[-89.249,66.148],[-88.429,65.943],[-87.523,65.413],[-87.13,64.832],[-87.267,64.439],[-87.967,64.081],[-92.29,63.269],[-94.007,63.115],[-95.878,63.243],[-100.303,64.268],[-101.722,64.542],[-102.713,64.73],[-103.601,64.832],[-104.353,64.866],[-104.934,64.644],[-105.532,64.268],[-105.942,63.67],[-106.198,63.004],[-106.249,62.389],[-105.925,61.825],[-104.78,61.296],[-104.25,60.954],[-103.396,60.561],[-100.44,58.784],[-99.039,58.459],[-96.032,57.912],[-93.025,57.93],[-92.307,57.827],[-91.487,57.4],[-90.821,56.221],[-90.359,55.623],[-86.387,53.914],[-85.259,53.556],[-83.901,53.376],[-81.774,53.581],[-77.955,54.324],[-76.494,54.734],[-73.316,56.17],[-70.948,58.917],[-69.651,60.322],[-68.575,61.526],[-67.191,62.91],[-65.628,64.576],[-63.91,66.319],[-61.809,67.831],[-60.04,68.959],[-57.606,69.907],[-54.786,70.701],[-53.556,70.932],[-51.967,70.932],[-50.635,70.419],[-49.879,67.767],[-49.494,66.998],[-48.841,65.037],[-48.341,63.346],[-47.418,59.463],[-47.674,57.592],[-47.674,57.054],[-47.444,56.003],[-46.265,54.081],[-45.214,52.133],[-44.778,51.39],[-44.343,50.775],[-43.753,50.083],[-42.497,49.57],[-40.857,49.417],[-38.422,49.391],[-35.731,49.186],[-31.99,48.955],[-30.759,48.801],[-29.862,48.033],[-29.606,46.546],[-29.939,44.726],[-30.529,43.086],[-31.323,41.805],[-31.887,40.959],[-33.092,40.216],[-34.552,39.088],[-36.91,37.704],[-37.654,37.397],[-39.166,37.371],[-40.703,37.525],[-43.087,37.858],[-46.598,38.217],[-48.777,38.755],[-50.647,39.831],[-52.339,41.01],[-58.746,44.265],[-63.387,44.921],[-66.648,44.615],[-68.964,43.488],[-69.681,42.685],[-69.971,41.848],[-70.719,40.744],[-71.608,39.808],[-72.578,39.425],[-73.815,39.008],[-74.642,38.4],[-74.85,37.644],[-75.072,36.978],[-75.072,36.209],[-74.713,35.355],[-74.286,34.859],[-73.756,34.415],[-73.363,33.868],[-72.915,33.157],[-72.107,32.076],[-71.276,31.23],[-69.785,30.4],[-69.17,29.508],[-69.539,28.263],[-70.738,27.663],[-73.445,27.355],[-74.931,27.273],[-76.428,26.976],[-79.124,26.392],[-80.867,25.517],[-82.172,25.217],[-83.482,25.468],[-84.602,25.893],[-85.852,26.754],[-86.837,27.39],[-89.165,28.302],[-91.149,27.641],[-92.01,26.534],[-93.302,25.781],[-95.513,24.871],[-98.322,24.491],[-99.737,25.106],[-100.209,26.193],[-99.03,28.459],[-97.533,30.335],[-97.461,31.934],[-98.343,33.072],[-99.737,33.308],[-102.282,32.362],[-104.23,31.183],[-104.682,30.717],[-104.938,30.033],[-104.99,29.247],[-104.99,28.649],[-104.648,27.863],[-104.118,26.103],[-103.828,25.505],[-103.623,25.198],[-103.196,24.344],[-103.059,23.387],[-103.401,23.182],[-104.17,23.455],[-104.99,24.207],[-105.742,25.078],[-106.169,26.599],[-106.391,27.761],[-106.75,29.042],[-107.775,31.486],[-108.441,32.101],[-108.781,32.373],[-109.205,32.779],[-109.287,33.066],[-109.154,33.773],[-108.846,34.255],[-108.128,35.055],[-107.923,35.537],[-107.913,36.111],[-108.087,36.562],[-108.456,36.869],[-109.297,37.351],[-109.656,37.7],[-109.82,37.905],[-109.892,38.171],[-109.861,38.551],[-109.666,39.125],[-109.359,39.545],[-109.031,39.74],[-107.903,39.75],[-107.211,39.688],[-106.073,40.134],[-104.097,41.895],[-103.728,42.472],[-103.659,43.394],[-103.982,44.063],[-104.351,44.64],[-104.835,44.894],[-105.435,44.986],[-106.496,45.078],[-107.534,45.032],[-108.733,45.24],[-110.117,45.54],[-111.04,45.862],[-111.939,46.255],[-112.473,46.807],[-112.965,47.545],[-113.257,48.175],[-113.703,48.837],[-114.026,49.498],[-114.146,50.222],[-114.238,50.975],[-114.346,53.713],[-114.438,55.05],[-114.507,56.934],[-114.692,57.557],[-116.399,59.817],[-118.775,61.409],[-120.666,62.516],[-123.895,63.508],[-127.886,64.2],[-131.576,64.592],[-138.127,65.215],[-139.119,65.422],[-139.511,66.184],[-139.442,67.014],[-139.004,67.798],[-138.681,68.467],[-138.441,68.758]]]}},{"type":"Feature","properties":{"density":1},"geometry":{"type":"Polygon","coordinates":[[[-95.25,16.72],[-94.604,16.628],[-93.666,16.335],[-92.959,15.966],[-92.359,15.505],[-91.852,14.767],[-91.713,14.075],[-91.975,13.229],[-92.236,12.46],[-92.39,11.492],[-92.559,10.861],[-92.82,10.292],[-93.389,9.938],[-93.974,9.723],[-95.112,9.631],[-96.342,9.569],[-97.357,9.662],[-98.387,9.938],[-99.325,10.554],[-100.647,11.461],[-102.216,12.614],[-103.846,13.675],[-106.26,13.89],[-107.198,13.491],[-108.536,12.783],[-109.582,12.153],[-110.673,11.661],[-111.627,11.661],[-113.334,12.091],[-115.287,12.876],[-116.378,14.06],[-116.471,15.259],[-116.425,16.136],[-116.632,17.404],[-116.84,18.857],[-117.094,21.556],[-117.186,22.917],[-116.932,23.747],[-116.355,24.485],[-115.907,25.015],[-115.507,25.445],[-115.261,25.763],[-115.148,26.173],[-115.189,26.819],[-115.097,27.292],[-115.082,28.63],[-115.143,29.906],[-115.036,30.675],[-114.497,32.059],[-113.728,32.12],[-112.806,31.705],[-111.699,30.644],[-110.884,29.275],[-109.776,27.738],[-108.131,26.477],[-106.194,24.186],[-105.502,23.032],[-105.086,22.094],[-104.287,20.987],[-103.564,20.433],[-101.288,19.08],[-99.32,18.05],[-97.106,17.266],[-96.106,17.004],[-95.537,16.835],[-95.25,16.72]]]}},{"type":"Feature","properties":{"density":1},"geometry":{"type":"Polygon","coordinates":[[[-121.881,50.186],[-121.894,50.534],[-121.744,50.828],[-121.471,51.026],[-120.945,51.183],[-120.432,51.361],[-119.721,51.566],[-119.475,51.676],[-119.243,51.853],[-119.017,51.969],[-118.785,52.024],[-118.3,52.106],[-117.719,52.031],[-117.384,51.922],[-117.199,51.696],[-117.138,51.45],[-117.104,50.876],[-117.104,50.555],[-117.199,50.233],[-117.336,49.981],[-117.616,49.871],[-118.074,49.803],[-119.578,49.776],[-120.22,49.748],[-120.794,49.694],[-121.553,49.741],[-121.806,49.844],[-121.894,49.974],[-121.901,50.063],[-121.881,50.186]]]}},{"type":"Feature","properties":{"density":1},"geometry":{"type":"Polygon","coordinates":[[[-80.795,28.266],[-80.869,28.286],[-80.941,28.253],[-80.992,28.121],[-81.078,28.016],[-81.075,27.966],[-81.045,27.917],[-80.975,27.918],[-80.937,27.994],[-80.906,28.021],[-80.79,28.073],[-80.773,28.119],[-80.773,28.19],[-80.795,28.266]]]}},{"type":"Feature","properties":{"density":1},"geometry":{"type":"Polygon","coordinates":[[[-81.89,31.264],[-82.041,31.253],[-82.138,31.203],[-82.23,31.185],[-82.258,31.168],[-82.265,31.137],[-82.243,31.115],[-82.177,31.113],[-82.052,31.154],[-81.866,31.152],[-81.802,31.176],[-81.8,31.212],[-81.815,31.229],[-81.89,31.264]]]}},{"type":"Feature","properties":{"density":1},"geometry":{"type":"Polygon","coordinates":[[[-78.019,34.325],[-78.102,34.34],[-78.238,34.304],[-78.39,34.296],[-78.436,34.28],[-78.451,34.247],[-78.425,34.225],[-78.337,34.2],[-77.955,34.204],[-77.944,34.223],[-77.955,34.264],[-78.019,34.325]]]}},{"type":"Feature","properties":{"density":1},"geometry":{"type":"Polygon","coordinates":[[[-96.233,32.561],[-96.259,32.566],[-96.336,32.535],[-96.476,32.412],[-96.492,32.359],[-96.433,32.355],[-96.331,32.438],[-96.2,32.469],[-96.189,32.524],[-96.233,32.561]]]}},{"type":"Feature","properties":{"density":1},"geometry":{"type":"Polygon","coordinates":[[[-105.142,38.316],[-105.484,38.285],[-105.756,38.204],[-105.992,38.049],[-106.073,37.938],[-106.147,37.764],[-106.203,37.485],[-106.203,37.138],[-106.166,36.97],[-106.153,36.766],[-106.24,36.425],[-106.308,36.27],[-106.407,36.14],[-106.55,36.003],[-106.68,35.904],[-107.114,35.656],[-107.232,35.569],[-107.331,35.451],[-107.399,35.327],[-107.443,35.104],[-107.43,34.98],[-107.337,34.862],[-107.232,34.8],[-107.071,34.738],[-106.854,34.695],[-106.017,34.602],[-105.725,34.596],[-105.453,34.633],[-104.801,34.875],[-104.609,34.93],[-104.355,34.961],[-104.119,34.961],[-103.202,34.732],[-102.197,34.571],[-101.267,34.62],[-100.765,34.686],[-100.384,34.806],[-99.956,35.067],[-99.733,35.234],[-99.51,35.43],[-99.231,35.848],[-99.063,36.043],[-98.858,36.229],[-98.663,36.481],[-98.263,36.927],[-98.161,37.187],[-98.152,38.024],[-98.282,38.322],[-98.579,38.694],[-98.812,38.871],[-99.147,39.02],[-99.528,39.14],[-99.947,39.233],[-100.44,39.271],[-100.905,39.271],[-101.267,39.187],[-101.63,39.02],[-101.881,38.861],[-102.328,38.499],[-102.607,38.248],[-102.895,38.136],[-103.313,38.043],[-103.667,37.987],[-104.076,38.015],[-104.383,38.108],[-104.615,38.229],[-105.142,38.316]]]}},{"type":"Feature","properties":{"density":1},"geometry":{"type":"Polygon","coordinates":[[[-108.473,33.414],[-108.647,33.353],[-108.674,33.311],[-108.668,33.264],[-108.621,33.248],[-108.556,33.257],[-108.385,33.325],[-108.35,33.362],[-108.35,33.385],[-108.388,33.418],[-108.473,33.414]]]}},{"type":"Feature","properties":{"density":1},"geometry":{"type":"Polygon","coordinates":[[[-108.356,39.005],[-108.425,39.03],[-108.48,39.027],[-108.585,38.994],[-108.637,38.961],[-108.695,38.853],[-108.772,38.633],[-108.954,38.39],[-108.982,38.261],[-108.976,38.197],[-108.896,38.043],[-108.874,37.685],[-108.833,37.591],[-108.783,37.564],[-108.67,37.566],[-108.464,37.71],[-108.425,37.754],[-108.378,37.856],[-108.334,38.021],[-108.122,38.178],[-108.067,38.258],[-108.037,38.344],[-108.039,38.492],[-108.136,38.743],[-108.207,38.884],[-108.356,39.005]]]}},{"type":"Feature","properties":{"density":1},"geometry":{"type":"Polygon","coordinates":[[[-109.099,38.392],[-109.185,38.416],[-109.248,38.416],[-109.323,38.368],[-109.352,38.331],[-109.415,38.089],[-109.466,38.019],[-109.553,37.968],[-109.589,37.929],[-109.597,37.819],[-109.556,37.76],[-109.483,37.731],[-109.411,37.727],[-109.207,37.743],[-109.023,37.694],[-108.889,37.736],[-108.86,37.822],[-108.854,37.918],[-108.904,38.197],[-108.979,38.3],[-109.099,38.392]]]}},{"type":"Feature","properties":{"density":1},"geometry":{"type":"Polygon","coordinates":[[[-111.648,35.19],[-111.688,35.199],[-111.717,35.187],[-111.751,35.099],[-111.808,35.032],[-111.808,34.972],[-111.721,34.988],[-111.607,35.082],[-111.602,35.12],[-111.648,35.19]]]}},{"type":"Feature","properties":{"density":1},"geometry":{"type":"Polygon","coordinates":[[[-118.315,44.769],[-118.5,44.784],[-118.563,44.771],[-118.579,44.743],[-118.574,44.701],[-118.526,44.664],[-118.401,44.677],[-118.241,44.651],[-118.214,44.666],[-118.21,44.695],[-118.232,44.732],[-118.315,44.769]]]}},{"type":"Feature","properties":{"density":1},"geometry":{"type":"Polygon","coordinates":[[[-106.235,28.268],[-106.309,28.317],[-106.433,28.354],[-106.557,28.354],[-106.632,28.342],[-106.712,28.286],[-106.743,28.212],[-106.75,28.007],[-106.657,27.691],[-106.452,27.232],[-106.409,27.028],[-106.39,26.817],[-106.409,26.352],[-106.334,26.228],[-106.241,26.191],[-106.099,26.172],[-106.055,26.141],[-105.999,26.054],[-105.875,25.788],[-105.677,25.075],[-105.596,24.882],[-105.522,24.764],[-105.441,24.678],[-105.342,24.653],[-105.187,24.671],[-105.144,24.715],[-105.113,24.795],[-105.094,25.044],[-105.113,25.205],[-105.268,25.54],[-105.373,25.688],[-105.485,25.905],[-105.627,26.228],[-105.838,26.86],[-105.913,27.226],[-105.95,27.548],[-106.105,28.094],[-106.235,28.268]]]}},{"type":"Feature","properties":{"density":1},"geometry":{"type":"Polygon","coordinates":[[[-115.813,55.426],[-115.966,55.509],[-116.287,55.607],[-116.538,55.663],[-116.733,55.663],[-116.97,55.607],[-117.222,55.398],[-117.403,55.188],[-117.57,54.895],[-118.073,53.863],[-118.449,53.221],[-119.119,52.398],[-119.426,52.175],[-119.761,51.966],[-120.835,51.547],[-121.63,51.157],[-121.839,50.961],[-121.979,50.752],[-122.049,50.543],[-122.104,50.208],[-122.049,49.957],[-121.895,49.678],[-121.714,49.497],[-121.504,49.357],[-121.17,49.259],[-120.891,49.204],[-120.333,49.19],[-120.095,49.218],[-119.775,49.301],[-119.496,49.441],[-118.979,49.58],[-118.142,49.497],[-117.487,49.511],[-117.18,49.594],[-116.957,49.748],[-116.747,49.943],[-116.552,50.222],[-116.426,50.487],[-116.371,50.766],[-116.036,51.464],[-115.659,51.924],[-115.422,52.133],[-115.185,52.524],[-115.059,52.775],[-114.92,53.403],[-114.906,54.017],[-115.031,54.379],[-115.171,54.714],[-115.408,55.174],[-115.813,55.426]]]}},{"type":"Feature","properties":{"density":1},"geometry":{"type":"Polygon","coordinates":[[[-109.101,56.312],[-109.366,56.368],[-109.686,56.55],[-109.924,56.759],[-110.44,57.052],[-111.681,57.54],[-112.198,57.693],[-112.7,57.777],[-113.188,57.833],[-113.788,57.777],[-114.332,57.624],[-114.695,57.149],[-114.82,56.494],[-114.834,55.852],[-114.778,55.224],[-114.499,54.038],[-114.276,53.592],[-113.997,53.173],[-113.676,52.853],[-113.342,52.685],[-112.895,52.601],[-111.319,52.239],[-110.733,51.974],[-110.105,51.862],[-109.561,51.932],[-109.059,52.099],[-108.124,52.811],[-107.761,53.02],[-107.315,53.159],[-106.854,53.201],[-106.352,53.159],[-105.473,53.048],[-105.013,53.062],[-104.581,53.229],[-104.385,53.494],[-104.371,53.801],[-104.385,54.22],[-104.734,54.694],[-105.25,55.085],[-105.836,55.364],[-106.854,55.699],[-107.524,55.964],[-109.101,56.312]]]}},{"type":"Feature","properties":{"density":1},"geometry":{"type":"Polygon","coordinates":[[[-119.653,63.722],[-119.984,63.929],[-121.174,64.921],[-121.637,65.273],[-121.964,65.438],[-122.109,65.479],[-122.208,65.496],[-122.299,65.459],[-122.352,65.368],[-122.357,65.239],[-122.34,65.12],[-122.266,64.963],[-122.137,64.814],[-121.712,64.442],[-121.166,64.057],[-120.827,63.888],[-120.484,63.772],[-120.232,63.627],[-119.566,63.346],[-119.5,63.33],[-119.393,63.355],[-119.372,63.404],[-119.393,63.516],[-119.517,63.648],[-119.653,63.722]]]}},{"type":"Feature","properties":{"density":1},"geometry":{"type":"Polygon","coordinates":[[[-120.336,65.548],[-120.391,65.612],[-120.545,65.733],[-120.669,65.804],[-120.73,65.807],[-120.71,65.736],[-120.68,65.702],[-120.451,65.499],[-120.286,65.391],[-120.016,65.124],[-119.817,65.019],[-119.707,64.997],[-119.702,65.033],[-119.729,65.091],[-120.336,65.548]]]}},{"type":"Feature","properties":{"density":1},"geometry":{"type":"Polygon","coordinates":[[[-119.294,66.303],[-119.752,66.603],[-119.92,66.686],[-120.047,66.719],[-120.168,66.738],[-120.264,66.719],[-120.341,66.664],[-120.374,66.554],[-120.336,66.43],[-120.253,66.322],[-119.845,65.901],[-119.771,65.812],[-119.628,65.584],[-119.476,65.476],[-119.165,65.363],[-119.06,65.355],[-118.925,65.388],[-118.815,65.468],[-118.779,65.611],[-118.782,65.669],[-118.964,65.939],[-119.173,66.121],[-119.289,66.248],[-119.294,66.303]]]}},{"type":"Feature","properties":{"density":1},"geometry":{"type":"Polygon","coordinates":[[[-117.138,66.561],[-117.622,66.776],[-117.8,66.834],[-118.168,66.9],[-118.287,66.909],[-118.403,66.88],[-118.49,66.797],[-118.531,66.698],[-118.573,66.499],[-118.75,66.222],[-118.804,66.094],[-118.833,65.95],[-118.804,65.838],[-118.635,65.606],[-118.32,65.313],[-118.126,65.156],[-117.791,64.97],[-117.424,64.809],[-116.535,64.255],[-116.369,64.189],[-116.274,64.176],[-116.196,64.189],[-116.138,64.247],[-116.13,64.387],[-116.179,64.503],[-116.423,64.78],[-116.469,64.962],[-116.469,65.313],[-116.485,65.511],[-116.551,65.702],[-116.663,65.929],[-117.138,66.561]]]}},{"type":"Feature","properties":{"density":1},"geometry":{"type":"Polygon","coordinates":[[[-117.017,65.161],[-117.541,65.434],[-117.684,65.454],[-117.756,65.445],[-117.833,65.396],[-117.877,65.324],[-117.893,65.183],[-117.874,65.117],[-117.772,64.971],[-117.576,64.831],[-117.166,64.619],[-116.863,64.5],[-116.606,64.423],[-116.367,64.326],[-116.265,64.335],[-116.259,64.45],[-116.303,64.541],[-116.403,64.638],[-116.697,64.767],[-116.813,64.847],[-116.937,65.09],[-116.959,65.123],[-117.017,65.161]]]}},{"type":"Feature","properties":{"density":1},"geometry":{"type":"Polygon","coordinates":[[[-115.686,65.678],[-115.785,65.794],[-116.033,66.009],[-116.178,66.1],[-116.385,66.195],[-116.509,66.22],[-116.616,66.191],[-116.695,66.058],[-116.74,65.885],[-116.761,65.695],[-116.715,65.438],[-116.608,65.269],[-116.459,65.124],[-116.083,64.975],[-115.827,64.847],[-115.624,64.665],[-115.496,64.624],[-115.355,64.62],[-115.236,64.653],[-115.169,64.711],[-115.149,64.827],[-115.161,64.992],[-115.236,65.128],[-115.471,65.352],[-115.686,65.678]]]}},{"type":"Feature","properties":{"density":1},"geometry":{"type":"Polygon","coordinates":[[[-111.829,64.433],[-111.883,64.47],[-112.135,64.548],[-112.263,64.573],[-112.532,64.577],[-112.631,64.511],[-112.672,64.391],[-112.652,64.18],[-112.544,64.04],[-112.387,63.891],[-112.061,63.717],[-111.333,63.407],[-111.064,63.263],[-110.771,63.159],[-110.139,63.023],[-109.779,62.965],[-109.618,62.953],[-109.56,62.969],[-109.527,63.027],[-109.514,63.126],[-109.527,63.197],[-109.622,63.271],[-109.812,63.383],[-109.903,63.482],[-110.048,63.937],[-110.11,64.061],[-110.205,64.168],[-110.312,64.23],[-110.643,64.259],[-110.907,64.255],[-111.056,64.271],[-111.829,64.433]]]}},{"type":"Feature","properties":{"density":1},"geometry":{"type":"Polygon","coordinates":[[[-103.512,57.234],[-103.558,57.271],[-103.731,57.354],[-103.897,57.383],[-103.963,57.342],[-104.062,57.217],[-104.124,57.184],[-104.413,57.131],[-104.484,57.081],[-104.529,57.027],[-104.546,56.916],[-104.509,56.804],[-104.413,56.701],[-104.31,56.622],[-104.083,56.54],[-103.02,56.225],[-102.793,56.209],[-102.719,56.25],[-102.686,56.349],[-102.702,56.453],[-102.764,56.54],[-102.818,56.589],[-103.074,56.713],[-103.161,56.775],[-103.343,56.974],[-103.438,57.147],[-103.512,57.234]]]}},{"type":"Feature","properties":{"density":1},"geometry":{"type":"Polygon","coordinates":[[[-104.745,56.638],[-104.795,56.665],[-104.87,56.676],[-104.922,56.676],[-104.958,56.643],[-104.949,56.591],[-104.908,56.541],[-104.85,56.497],[-104.638,56.409],[-104.522,56.337],[-104.409,56.185],[-104.36,56.166],[-104.272,56.183],[-104.247,56.224],[-104.255,56.274],[-104.277,56.337],[-104.318,56.384],[-104.623,56.52],[-104.745,56.638]]]}},{"type":"Feature","properties":{"density":1},"geometry":{"type":"Polygon","coordinates":[[[-103.527,55.819],[-103.606,55.882],[-103.709,55.915],[-103.938,55.854],[-104.014,55.854],[-104.241,55.913],[-104.333,55.889],[-104.363,55.863],[-104.388,55.815],[-104.396,55.696],[-104.337,55.597],[-104.212,55.507],[-104.093,55.47],[-103.852,55.428],[-103.711,55.367],[-103.494,55.334],[-103.259,55.384],[-103.064,55.36],[-103.023,55.369],[-103.003,55.404],[-103.0,55.454],[-103.038,55.511],[-103.093,55.551],[-103.299,55.635],[-103.527,55.819]]]}},{"type":"Feature","properties":{"density":1},"geometry":{"type":"Polygon","coordinates":[[[-102.819,55.791],[-103.067,55.819],[-103.153,55.766],[-103.175,55.72],[-103.175,55.673],[-103.125,55.563],[-102.938,55.403],[-102.786,55.328],[-102.125,55.144],[-101.94,55.135],[-101.902,55.144],[-101.88,55.171],[-101.891,55.273],[-101.948,55.367],[-101.99,55.405],[-102.444,55.549],[-102.626,55.692],[-102.819,55.791]]]}},{"type":"Feature","properties":{"density":1},"geometry":{"type":"Polygon","coordinates":[[[-98.62,55.556],[-98.88,55.612],[-98.998,55.612],[-99.103,55.575],[-99.24,55.568],[-99.438,55.63],[-99.81,55.779],[-100.046,55.829],[-100.499,55.872],[-100.709,55.841],[-100.871,55.767],[-101.05,55.637],[-101.174,55.5],[-101.249,55.141],[-101.249,54.955],[-101.187,54.8],[-101.094,54.645],[-100.964,54.539],[-100.505,54.378],[-100.362,54.291],[-100.201,54.161],[-100.071,54.025],[-99.934,53.764],[-99.761,53.349],[-99.624,53.132],[-99.252,52.636],[-98.682,52.164],[-98.558,52.096],[-98.211,51.96],[-98.0,51.916],[-97.801,51.848],[-97.609,51.805],[-97.253,51.594],[-97.048,51.501],[-96.676,51.371],[-96.369,51.352],[-96.099,51.399],[-95.839,51.51],[-95.644,51.696],[-95.504,51.947],[-95.411,52.264],[-95.253,52.45],[-94.862,52.729],[-94.769,52.877],[-94.76,53.166],[-94.9,53.454],[-95.151,53.78],[-95.411,53.994],[-95.886,54.338],[-96.36,54.598],[-97.327,55.165],[-97.588,55.296],[-98.62,55.556]]]}},{"type":"Feature","properties":{"density":1},"geometry":{"type":"Polygon","coordinates":[[[-99.032,56.908],[-99.285,56.913],[-99.326,56.896],[-99.37,56.8],[-99.373,56.723],[-99.329,56.665],[-99.125,56.505],[-98.753,56.381],[-98.621,56.274],[-98.56,56.249],[-98.373,56.241],[-98.158,56.271],[-98.02,56.224],[-97.907,56.232],[-97.876,56.293],[-97.868,56.367],[-97.882,56.42],[-97.984,56.577],[-98.069,56.659],[-98.174,56.728],[-98.342,56.811],[-98.56,56.863],[-98.786,56.899],[-99.032,56.908]]]}},{"type":"Feature","properties":{"density":1},"geometry":{"type":"Polygon","coordinates":[[[-78.515,51.754],[-78.623,51.716],[-78.652,51.692],[-78.66,51.662],[-78.627,51.631],[-78.527,51.628],[-78.223,51.679],[-77.967,51.672],[-77.912,51.699],[-77.872,51.743],[-77.872,51.789],[-77.927,51.82],[-78.02,51.824],[-78.515,51.754]]]}},{"type":"Feature","properties":{"density":1},"geometry":{"type":"Polygon","coordinates":[[[-78.265,51.668],[-78.305,51.655],[-78.366,51.583],[-78.34,51.543],[-78.296,51.519],[-77.752,51.504],[-77.442,51.525],[-77.1,51.506],[-77.045,51.534],[-77.036,51.583],[-77.076,51.653],[-77.148,51.703],[-77.361,51.74],[-77.907,51.699],[-78.175,51.727],[-78.265,51.668]]]}},{"type":"Feature","properties":{"density":1},"geometry":{"type":"Polygon","coordinates":[[[-70.565,53.773],[-70.813,53.662],[-71.074,53.457],[-71.161,53.314],[-71.136,53.184],[-70.906,53.159],[-70.677,53.166],[-70.46,53.203],[-69.127,53.308],[-67.986,53.432],[-67.447,53.532],[-67.112,53.606],[-66.151,53.941],[-65.779,54.04],[-65.431,54.102],[-64.762,54.108],[-64.402,54.189],[-64.142,54.269],[-63.919,54.406],[-63.726,54.598],[-63.64,54.92],[-63.677,55.187],[-63.906,55.361],[-64.229,55.466],[-64.644,55.478],[-65.202,55.435],[-65.599,55.342],[-66.083,55.199],[-66.858,54.809],[-68.519,54.214],[-69.331,53.99],[-69.827,53.873],[-70.565,53.773]]]}},{"type":"Feature","properties":{"density":1},"geometry":{"type":"Polygon","coordinates":[[[-67.478,55.497],[-67.639,55.509],[-67.955,55.46],[-68.315,55.336],[-68.804,55.044],[-69.276,54.815],[-69.561,54.728],[-70.286,54.579],[-70.944,54.424],[-71.229,54.331],[-71.867,54.052],[-71.973,53.966],[-72.035,53.792],[-72.016,53.755],[-71.874,53.699],[-71.539,53.687],[-71.396,53.742],[-71.272,53.817],[-70.981,53.848],[-70.162,53.984],[-68.854,54.17],[-68.253,54.344],[-67.434,54.648],[-67.211,54.734],[-67.006,54.871],[-66.845,54.995],[-66.771,55.106],[-66.789,55.193],[-66.907,55.268],[-66.994,55.299],[-67.223,55.423],[-67.478,55.497]]]}},{"type":"Feature","properties":{"density":1},"geometry":{"type":"Polygon","coordinates":[[[-99.105,56.906],[-98.964,56.877],[-98.915,56.843],[-98.878,56.768],[-98.885,56.574],[-98.929,56.421],[-99.053,56.175],[-99.058,56.104],[-99.018,56.05],[-98.846,55.989],[-98.769,55.941],[-98.7,55.854],[-98.703,55.78],[-98.79,55.739],[-98.947,55.731],[-99.045,55.768],[-99.087,55.835],[-99.191,55.873],[-99.479,55.909],[-99.538,55.952],[-99.56,56.069],[-99.378,56.443],[-99.264,56.768],[-99.217,56.843],[-99.105,56.906]]]}},{"type":"Feature","properties":{"density":1},"geometry":{"type":"Polygon","coordinates":[[[-102.918,56.254],[-103.264,56.426],[-103.392,56.506],[-103.526,56.637],[-103.578,56.709],[-103.645,56.864],[-103.673,56.993],[-103.668,57.096],[-103.596,57.155],[-103.503,57.16],[-103.379,57.103],[-103.235,56.977],[-103.037,56.694],[-102.805,56.426],[-102.795,56.362],[-102.815,56.295],[-102.918,56.254]]]}},{"type":"Feature","properties":{"density":1},"geometry":{"type":"Polygon","coordinates":[[[-104.391,56.185],[-104.89,56.507],[-104.943,56.567],[-104.936,56.588],[-104.823,56.592],[-104.574,56.507],[-104.411,56.406],[-104.24,56.26],[-104.238,56.211],[-104.34,56.179],[-104.391,56.185]]]}},{"type":"Feature","properties":{"density":1},"geometry":{"type":"Polygon","coordinates":[[[-78.274,21.79],[-78.342,21.778],[-78.423,21.712],[-78.493,21.62],[-78.5,21.561],[-78.446,21.552],[-78.414,21.563],[-78.274,21.675],[-78.16,21.693],[-78.129,21.714],[-78.123,21.742],[-78.153,21.766],[-78.274,21.79]]]}},{"type":"Feature","properties":{"density":1},"geometry":{"type":"Polygon","coordinates":[[[-81.157,27.423],[-81.193,27.452],[-81.225,27.454],[-81.273,27.407],[-81.299,27.326],[-81.397,27.228],[-81.408,27.155],[-81.383,27.12],[-81.358,27.104],[-81.308,27.104],[-81.274,27.129],[-81.25,27.178],[-81.166,27.233],[-81.134,27.306],[-81.132,27.356],[-81.157,27.423]]]}},{"type":"Feature","properties":{"density":1},"geometry":{"type":"Polygon","coordinates":[[[-80.223,28.565],[-80.31,28.576],[-80.376,28.563],[-80.504,28.48],[-80.651,28.434],[-80.736,28.388],[-80.825,28.301],[-80.886,28.212],[-81.044,28.107],[-81.076,28.041],[-81.068,27.961],[-81.056,27.945],[-81.005,27.935],[-80.903,27.97],[-80.768,28.109],[-80.683,28.15],[-80.404,28.185],[-80.356,28.217],[-80.303,28.285],[-80.136,28.366],[-80.12,28.428],[-80.223,28.565]]]}},{"type":"Feature","properties":{"density":1},"geometry":{"type":"Polygon","coordinates":[[[-80.852,27.864],[-80.925,27.873],[-80.987,27.842],[-81.074,27.745],[-81.125,27.656],[-81.079,27.644],[-80.973,27.75],[-80.843,27.789],[-80.815,27.823],[-80.852,27.864]]]}},{"type":"Feature","properties":{"density":1},"geometry":{"type":"Polygon","coordinates":[[[-81.084,31.467],[-81.153,31.481],[-81.351,31.458],[-81.538,31.342],[-81.686,31.28],[-82.186,31.171],[-82.258,31.148],[-82.261,31.109],[-82.176,31.083],[-81.942,31.112],[-81.709,31.145],[-81.522,31.208],[-81.364,31.24],[-81.101,31.27],[-81.051,31.287],[-81.022,31.339],[-81.048,31.431],[-81.084,31.467]]]}},{"type":"Feature","properties":{"density":1},"geometry":{"type":"Polygon","coordinates":[[[-97.654,39.361],[-97.715,39.396],[-97.788,39.393],[-97.895,39.319],[-97.924,39.275],[-97.935,39.203],[-97.913,39.095],[-97.796,38.872],[-97.753,38.729],[-97.704,38.696],[-97.652,38.723],[-97.623,38.784],[-97.582,39.021],[-97.584,39.198],[-97.654,39.361]]]}},{"type":"Feature","properties":{"density":1},"geometry":{"type":"Polygon","coordinates":[[[-105.141,38.355],[-105.022,38.377],[-104.763,38.377],[-104.586,38.355],[-104.046,38.148],[-103.21,37.903],[-102.965,37.852],[-102.699,37.822],[-102.166,37.807],[-101.36,37.704],[-101.071,37.637],[-100.805,37.533],[-100.583,37.378],[-100.42,37.223],[-100.324,37.023],[-100.28,36.823],[-100.28,36.609],[-100.428,36.305],[-100.583,36.046],[-100.768,35.928],[-101.027,35.817],[-101.449,35.691],[-101.893,35.536],[-102.411,35.255],[-102.603,35.122],[-103.121,34.493],[-103.239,34.382],[-103.483,34.234],[-104.016,34.123],[-104.549,34.078],[-104.763,34.101],[-105.214,34.115],[-105.621,34.175],[-106.036,34.263],[-106.221,34.323],[-106.613,34.559],[-106.835,34.796],[-106.916,34.929],[-106.983,35.07],[-107.02,35.299],[-107.02,35.691],[-106.946,35.898],[-106.835,36.054],[-106.746,36.15],[-106.346,36.461],[-106.095,36.594],[-105.829,36.771],[-105.747,36.89],[-105.644,37.097],[-105.614,37.238],[-105.599,37.459],[-105.488,37.896],[-105.385,38.103],[-105.318,38.155],[-105.141,38.355]]]}},{"type":"Feature","properties":{"density":1},"geometry":{"type":"Polygon","coordinates":[[[-108.339,38.36],[-108.517,38.39],[-108.579,38.357],[-108.645,38.216],[-108.73,38.12],[-108.832,38.038],[-108.908,37.93],[-108.918,37.811],[-108.901,37.746],[-108.806,37.607],[-108.753,37.571],[-108.691,37.555],[-108.543,37.558],[-108.454,37.601],[-108.431,37.64],[-108.382,37.67],[-108.109,37.729],[-108.013,37.824],[-108.01,37.943],[-108.037,38.005],[-108.244,38.268],[-108.339,38.36]]]}},{"type":"Feature","properties":{"density":1},"geometry":{"type":"Polygon","coordinates":[[[-109.681,37.917],[-109.692,37.99],[-109.677,38.02],[-109.635,38.051],[-109.515,38.066],[-109.265,37.987],[-109.149,37.974],[-108.85,37.992],[-108.767,37.974],[-108.701,37.909],[-108.695,37.814],[-108.75,37.729],[-108.804,37.698],[-108.921,37.672],[-108.993,37.678],[-109.291,37.735],[-109.427,37.738],[-109.554,37.77],[-109.64,37.823],[-109.681,37.917]]]}},{"type":"Feature","properties":{"density":1},"geometry":{"type":"Polygon","coordinates":[[[-121.675,38.333],[-121.767,38.32],[-121.77,38.27],[-121.648,38.168],[-121.56,38.169],[-121.541,38.193],[-121.55,38.256],[-121.631,38.325],[-121.675,38.333]]]}},{"type":"Feature","properties":{"density":1},"geometry":{"type":"Polygon","coordinates":[[[-118.502,44.808],[-118.603,44.77],[-118.612,44.724],[-118.588,44.692],[-118.52,44.671],[-118.208,44.634],[-117.946,44.512],[-117.839,44.503],[-117.779,44.551],[-117.778,44.656],[-117.802,44.698],[-117.835,44.737],[-117.97,44.826],[-118.216,44.856],[-118.502,44.808]]]}},{"type":"Feature","properties":{"density":1},"geometry":{"type":"Polygon","coordinates":[[[-115.817,43.976],[-115.882,43.978],[-115.933,43.942],[-115.993,43.829],[-116.1,43.717],[-116.107,43.655],[-116.053,43.637],[-115.995,43.667],[-115.974,43.684],[-115.923,43.807],[-115.801,43.862],[-115.785,43.927],[-115.817,43.976]]]}},{"type":"Feature","properties":{"density":1},"geometry":{"type":"Polygon","coordinates":[[[-103.673,18.974],[-103.721,19.073],[-103.768,19.124],[-103.816,19.13],[-103.876,19.088],[-103.904,19.052],[-103.94,18.915],[-103.996,18.795],[-104.003,18.725],[-103.981,18.689],[-103.943,18.657],[-103.862,18.647],[-103.769,18.708],[-103.681,18.737],[-103.661,18.762],[-103.651,18.855],[-103.651,18.914],[-103.673,18.974]]]}},{"type":"Feature","properties":{"density":1},"geometry":{"type":"Polygon","coordinates":[[[-115.887,55.832],[-116.588,55.558],[-116.981,55.285],[-117.356,54.892],[-117.818,54.362],[-118.638,53.508],[-119.766,52.397],[-120.295,52.022],[-121.628,51.15],[-121.73,51.031],[-121.799,50.791],[-121.867,50.621],[-121.884,50.313],[-121.765,49.971],[-121.542,49.698],[-121.167,49.493],[-120.757,49.373],[-120.329,49.407],[-120.005,49.459],[-119.15,49.544],[-117.937,49.459],[-117.408,49.51],[-116.912,49.681],[-116.622,49.886],[-116.297,50.176],[-116.041,50.467],[-115.87,50.774],[-115.699,51.184],[-115.255,51.919],[-115.016,52.175],[-114.759,52.363],[-114.059,52.773],[-113.82,52.995],[-113.546,53.286],[-113.41,53.491],[-113.324,53.816],[-113.29,54.123],[-113.239,54.379],[-113.239,54.687],[-113.273,55.08],[-113.478,55.473],[-113.871,56.054],[-114.127,56.259],[-114.435,56.378],[-114.674,56.413],[-115.084,56.413],[-115.306,56.361],[-115.545,56.191],[-115.887,55.832]]]}},{"type":"Feature","properties":{"density":1},"geometry":{"type":"Polygon","coordinates":[[[-121.54,65.267],[-121.813,65.406],[-122.441,65.767],[-122.755,65.993],[-123.014,66.219],[-123.072,66.249],[-123.207,66.263],[-123.251,66.192],[-123.244,66.091],[-123.153,65.956],[-122.917,65.723],[-122.63,65.53],[-122.36,65.385],[-122.177,65.314],[-121.617,65.105],[-121.499,65.092],[-121.462,65.119],[-121.448,65.173],[-121.482,65.233],[-121.54,65.267]]]}},{"type":"Feature","properties":{"density":1},"geometry":{"type":"Polygon","coordinates":[[[-122.545,66.259],[-122.866,66.472],[-123.068,66.641],[-123.106,66.614],[-123.092,66.513],[-122.893,66.347],[-122.62,66.178],[-122.518,66.148],[-122.461,66.158],[-122.464,66.202],[-122.508,66.259],[-122.545,66.259]]]}},{"type":"Feature","properties":{"density":1},"geometry":{"type":"Polygon","coordinates":[[[-120.836,64.628],[-121.123,64.827],[-121.231,64.945],[-121.406,65.083],[-121.811,65.34],[-122.0,65.397],[-122.203,65.414],[-122.28,65.377],[-122.311,65.239],[-122.233,65.043],[-122.064,64.817],[-121.892,64.628],[-121.703,64.493],[-121.538,64.405],[-121.258,64.317],[-120.924,64.273],[-120.816,64.267],[-120.681,64.283],[-120.637,64.331],[-120.637,64.408],[-120.778,64.58],[-120.836,64.628]]]}},{"type":"Feature","properties":{"density":1},"geometry":{"type":"Polygon","coordinates":[[[-121.293,65.371],[-121.589,65.629],[-121.931,66.168],[-122.227,66.411],[-122.538,66.525],[-122.873,66.502],[-123.085,66.396],[-123.199,66.244],[-123.26,66.07],[-123.237,65.773],[-123.078,65.477],[-122.842,65.174],[-122.447,64.771],[-122.212,64.619],[-121.817,64.3],[-121.544,64.118],[-121.255,63.928],[-120.898,63.746],[-120.587,63.609],[-119.714,63.321],[-119.448,63.252],[-119.326,63.29],[-119.387,63.533],[-119.554,63.723],[-120.116,64.186],[-120.336,64.391],[-120.587,64.581],[-120.853,64.832],[-121.293,65.371]]]}},{"type":"Feature","properties":{"density":1},"geometry":{"type":"Polygon","coordinates":[[[-119.169,64.313],[-119.438,64.465],[-119.787,64.703],[-119.909,64.753],[-120.157,64.789],[-120.253,64.758],[-120.293,64.708],[-120.293,64.622],[-120.202,64.495],[-120.025,64.358],[-119.681,64.207],[-119.417,64.029],[-119.271,63.959],[-119.124,63.908],[-119.012,63.893],[-118.947,63.923],[-118.937,63.999],[-119.073,64.212],[-119.169,64.313]]]}},{"type":"Feature","properties":{"density":1},"geometry":{"type":"Polygon","coordinates":[[[-120.917,65.732],[-121.012,65.759],[-121.045,65.752],[-121.052,65.735],[-121.042,65.691],[-120.937,65.59],[-120.502,65.297],[-120.32,65.192],[-119.948,65.016],[-119.793,64.986],[-119.76,65.005],[-119.749,65.054],[-120.077,65.28],[-120.478,65.499],[-120.681,65.644],[-120.917,65.732]]]}},{"type":"Feature","properties":{"density":1},"geometry":{"type":"Polygon","coordinates":[[[-120.218,67.267],[-120.563,67.449],[-120.785,67.515],[-121.069,67.551],[-121.292,67.525],[-121.433,67.46],[-121.52,67.323],[-121.499,67.065],[-121.423,66.796],[-121.266,66.513],[-121.064,66.29],[-120.882,66.164],[-120.426,65.951],[-120.224,65.84],[-119.434,65.354],[-119.246,65.262],[-119.1,65.227],[-118.968,65.217],[-118.841,65.247],[-118.794,65.277],[-118.73,65.516],[-118.755,65.723],[-118.836,65.91],[-119.044,66.239],[-119.216,66.477],[-119.358,66.634],[-119.758,66.963],[-120.218,67.267]]]}},{"type":"Feature","properties":{"density":1},"geometry":{"type":"Polygon","coordinates":[[[-115.064,67.4],[-115.451,67.567],[-115.74,67.666],[-116.082,67.726],[-116.947,67.772],[-117.304,67.749],[-117.676,67.696],[-118.086,67.749],[-118.329,67.886],[-118.641,67.992],[-118.937,68.023],[-119.165,67.954],[-119.332,67.802],[-119.423,67.613],[-119.438,67.127],[-119.385,66.884],[-119.263,66.527],[-118.944,65.805],[-118.831,65.585],[-118.671,65.365],[-118.496,65.16],[-118.314,64.985],[-117.889,64.674],[-117.41,64.355],[-117.221,64.264],[-116.826,64.112],[-116.545,64.074],[-116.454,64.097],[-116.264,64.431],[-116.097,64.492],[-115.899,64.499],[-115.52,64.408],[-115.322,64.385],[-115.094,64.393],[-114.844,64.492],[-114.624,64.659],[-114.487,64.833],[-114.13,65.342],[-114.001,65.585],[-113.955,65.798],[-113.94,66.079],[-113.948,66.299],[-114.092,66.527],[-114.388,66.815],[-114.73,67.21],[-115.064,67.4]]]}},{"type":"Feature","properties":{"density":1},"geometry":{"type":"Polygon","coordinates":[[[-111.595,64.752],[-112.081,64.969],[-112.283,65.005],[-112.43,65.01],[-112.562,64.984],[-112.688,64.919],[-112.729,64.848],[-112.759,64.741],[-112.764,64.585],[-112.734,64.407],[-112.658,64.25],[-112.557,64.109],[-112.258,63.81],[-112.076,63.663],[-111.899,63.537],[-111.691,63.42],[-111.124,63.162],[-110.881,63.106],[-110.137,62.985],[-109.96,62.97],[-109.727,62.985],[-109.55,63.046],[-109.504,63.096],[-109.524,63.294],[-109.6,63.41],[-109.788,63.577],[-110.142,63.79],[-110.552,64.083],[-111.595,64.752]]]}},{"type":"Feature","properties":{"density":1},"geometry":{"type":"Polygon","coordinates":[[[-106.508,61.931],[-106.627,61.933],[-106.681,61.92],[-106.764,61.864],[-106.924,61.848],[-106.976,61.798],[-106.971,61.717],[-106.906,61.625],[-106.829,61.6],[-106.672,61.598],[-106.49,61.659],[-106.438,61.659],[-106.24,61.607],[-106.141,61.609],[-106.116,61.643],[-106.116,61.704],[-106.148,61.783],[-106.213,61.855],[-106.314,61.913],[-106.508,61.931]]]}},{"type":"Feature","properties":{"density":1},"geometry":{"type":"Polygon","coordinates":[[[-106.556,58.848],[-107.054,59.089],[-107.338,59.193],[-107.581,59.227],[-107.726,59.274],[-108.036,59.419],[-108.165,59.46],[-108.293,59.463],[-108.394,59.446],[-108.448,59.325],[-108.445,59.237],[-108.398,59.139],[-108.323,59.035],[-108.219,58.933],[-108.087,58.842],[-107.726,58.687],[-107.132,58.518],[-106.811,58.407],[-106.599,58.37],[-106.437,58.377],[-106.41,58.424],[-106.406,58.471],[-106.42,58.633],[-106.46,58.738],[-106.556,58.848]]]}},{"type":"Feature","properties":{"density":1},"geometry":{"type":"Polygon","coordinates":[[[-105.435,59.812],[-105.516,59.848],[-105.558,59.828],[-105.571,59.797],[-105.555,59.765],[-105.463,59.707],[-105.426,59.651],[-105.375,59.635],[-105.358,59.668],[-105.361,59.711],[-105.435,59.812]]]}},{"type":"Feature","properties":{"density":1},"geometry":{"type":"Polygon","coordinates":[[[-101.918,55.813],[-102.499,55.989],[-102.94,56.038],[-103.01,56.027],[-103.336,55.84],[-103.361,55.807],[-103.363,55.741],[-103.314,55.631],[-103.217,55.523],[-103.147,55.478],[-102.916,55.379],[-102.614,55.312],[-102.234,55.174],[-102.112,55.152],[-101.91,55.134],[-101.824,55.159],[-101.595,55.116],[-101.433,55.114],[-101.386,55.132],[-101.343,55.188],[-101.341,55.244],[-101.401,55.375],[-101.552,55.539],[-101.752,55.685],[-101.809,55.744],[-101.918,55.813]]]}},{"type":"Feature","properties":{"density":1},"geometry":{"type":"Polygon","coordinates":[[[-103.686,58.936],[-103.803,58.976],[-103.899,58.985],[-104.131,58.864],[-104.154,58.816],[-104.149,58.776],[-104.106,58.742],[-104.052,58.726],[-103.674,58.713],[-103.607,58.756],[-103.602,58.778],[-103.636,58.886],[-103.686,58.936]]]}},{"type":"Feature","properties":{"density":1},"geometry":{"type":"Polygon","coordinates":[[[-103.434,56.976],[-103.638,57.07],[-103.724,57.084],[-104.05,57.079],[-104.091,57.05],[-104.102,56.908],[-104.05,56.733],[-103.987,56.632],[-103.827,56.53],[-102.849,56.22],[-102.777,56.209],[-102.725,56.222],[-102.702,56.272],[-102.705,56.332],[-102.727,56.413],[-102.777,56.49],[-102.914,56.598],[-103.173,56.746],[-103.285,56.83],[-103.434,56.976]]]}},{"type":"Feature","properties":{"density":1},"geometry":{"type":"Polygon","coordinates":[[[-99.057,56.815],[-99.178,56.811],[-99.21,56.782],[-99.16,56.703],[-98.998,56.633],[-98.735,56.563],[-98.467,56.446],[-98.357,56.437],[-98.325,56.449],[-98.314,56.516],[-98.328,56.563],[-98.386,56.642],[-98.451,56.694],[-98.604,56.743],[-99.057,56.815]]]}},{"type":"Feature","properties":{"density":1},"geometry":{"type":"Polygon","coordinates":[[[-98.737,55.559],[-98.864,55.61],[-99.132,55.651],[-99.38,55.544],[-99.618,55.504],[-99.896,55.499],[-100.068,55.448],[-100.17,55.387],[-100.251,55.296],[-100.291,55.18],[-100.306,55.028],[-100.281,54.84],[-100.241,54.714],[-100.175,54.582],[-100.043,54.441],[-99.851,54.344],[-99.694,54.289],[-99.542,54.258],[-98.813,54.334],[-98.742,54.334],[-98.661,54.304],[-98.464,54.152],[-98.256,53.95],[-97.922,53.474],[-97.816,53.372],[-97.679,53.276],[-97.507,53.205],[-97.355,53.175],[-97.157,53.16],[-97.001,53.185],[-96.768,53.261],[-96.651,53.332],[-96.469,53.519],[-96.266,53.666],[-96.241,53.772],[-96.251,53.884],[-96.337,54.101],[-96.752,54.567],[-96.92,54.699],[-97.309,54.947],[-98.135,55.372],[-98.246,55.418],[-98.737,55.559]]]}},{"type":"Feature","properties":{"density":1},"geometry":{"type":"Polygon","coordinates":[[[-92.401,52.823],[-92.614,52.757],[-92.887,52.61],[-93.054,52.454],[-93.09,52.388],[-93.105,52.271],[-92.999,52.043],[-92.918,51.973],[-92.801,51.912],[-92.381,51.76],[-92.285,51.679],[-92.011,51.32],[-91.905,51.218],[-91.698,51.147],[-91.125,51.066],[-90.564,50.849],[-90.285,50.788],[-90.128,50.778],[-89.966,50.788],[-89.571,50.955],[-89.283,51.016],[-89.181,51.066],[-89.07,51.168],[-89.045,51.304],[-89.045,51.441],[-89.075,51.568],[-89.151,51.75],[-89.359,52.099],[-89.46,52.205],[-89.592,52.276],[-90.052,52.413],[-90.25,52.509],[-90.386,52.605],[-90.837,52.813],[-90.974,52.843],[-91.455,52.884],[-92.401,52.823]]]}},{"type":"Feature","properties":{"density":1},"geometry":{"type":"Polygon","coordinates":[[[-88.508,52.869],[-88.695,52.934],[-89.004,52.995],[-89.111,52.995],[-89.247,52.945],[-89.288,52.869],[-89.252,52.707],[-88.994,52.378],[-88.938,52.241],[-88.888,51.836],[-88.827,51.719],[-88.726,51.664],[-88.589,51.659],[-88.296,51.765],[-88.134,51.79],[-87.951,51.79],[-87.703,51.699],[-87.536,51.618],[-87.111,51.471],[-86.655,51.385],[-86.382,51.37],[-86.316,51.411],[-86.286,51.507],[-86.291,51.593],[-86.321,51.73],[-86.382,51.861],[-86.529,52.049],[-86.63,52.14],[-86.878,52.307],[-87.182,52.489],[-87.683,52.712],[-88.007,52.803],[-88.508,52.869]]]}},{"type":"Feature","properties":{"density":1},"geometry":{"type":"Polygon","coordinates":[[[-78.44,51.78],[-78.539,51.783],[-78.636,51.735],[-78.634,51.679],[-78.613,51.634],[-78.559,51.591],[-78.433,51.542],[-78.017,51.441],[-77.648,51.393],[-77.432,51.381],[-76.774,51.408],[-76.396,51.388],[-76.156,51.347],[-75.856,51.233],[-75.67,51.226],[-75.589,51.243],[-75.454,51.327],[-75.414,51.378],[-75.397,51.459],[-75.407,51.58],[-75.475,51.681],[-75.576,51.762],[-75.687,51.81],[-75.829,51.837],[-76.015,51.85],[-76.177,51.833],[-76.491,51.759],[-76.71,51.725],[-77.034,51.722],[-77.712,51.816],[-77.992,51.82],[-78.225,51.789],[-78.44,51.78]]]}},{"type":"Feature","properties":{"density":1},"geometry":{"type":"Polygon","coordinates":[[[-67.092,55.693],[-67.787,55.762],[-68.323,55.739],[-68.778,55.636],[-69.131,55.534],[-69.439,55.386],[-70.02,55.055],[-70.35,54.907],[-70.589,54.839],[-70.84,54.736],[-71.398,54.611],[-72.15,54.315],[-72.343,54.224],[-72.56,53.985],[-72.571,53.848],[-72.48,53.632],[-72.252,53.495],[-71.683,53.392],[-71.523,53.381],[-71.239,53.415],[-70.92,53.427],[-70.635,53.495],[-70.054,53.734],[-69.803,53.859],[-69.496,53.951],[-68.79,54.076],[-67.719,54.212],[-67.286,54.349],[-67.035,54.463],[-66.83,54.736],[-66.694,54.953],[-66.694,55.158],[-66.773,55.488],[-66.876,55.568],[-67.092,55.693]]]}},{"type":"Feature","properties":{"density":1},"geometry":{"type":"Polygon","coordinates":[[[-58.608,56.671],[-59.292,56.961],[-59.651,57.013],[-60.761,57.132],[-61.24,57.03],[-62.333,56.739],[-62.811,56.517],[-63.7,56.175],[-64.11,55.97],[-64.537,55.8],[-65.34,55.595],[-65.733,55.458],[-66.143,55.253],[-67.373,54.877],[-67.852,54.74],[-68.313,54.638],[-69.253,54.364],[-70.398,53.937],[-70.671,53.818],[-70.979,53.613],[-71.218,53.322],[-71.201,52.98],[-70.927,52.827],[-70.398,52.673],[-69.868,52.656],[-69.509,52.724],[-69.184,52.844],[-68.535,53.168],[-68.074,53.305],[-67.595,53.356],[-67.322,53.425],[-65.972,53.63],[-64.896,53.647],[-64.23,53.732],[-62.606,54.074],[-61.906,54.279],[-61.393,54.45],[-60.898,54.467],[-60.436,54.552],[-58.813,54.774],[-58.54,54.945],[-58.369,55.184],[-58.249,55.458],[-58.232,55.748],[-58.335,56.329],[-58.608,56.671]]]}},{"type":"Feature","properties":{"density":1},"geometry":{"type":"Polygon","coordinates":[[[-65.651,53.803],[-65.91,53.689],[-65.94,53.606],[-65.932,53.476],[-65.796,53.363],[-65.629,53.325],[-65.332,53.325],[-65.143,53.363],[-64.527,53.325],[-64.209,53.34],[-63.943,53.385],[-63.259,53.59],[-62.788,53.773],[-62.249,54.016],[-61.619,54.388],[-61.414,54.585],[-61.308,54.775],[-61.262,54.919],[-61.33,55.124],[-61.725,55.231],[-61.984,55.261],[-62.295,55.246],[-62.614,55.17],[-62.88,55.094],[-63.274,54.942],[-63.996,54.6],[-64.277,54.411],[-64.748,54.145],[-64.998,54.031],[-65.651,53.803]]]}},{"type":"Feature","properties":{"density":1},"geometry":{"type":"Polygon","coordinates":[[[-65.668,53.545],[-65.835,53.568],[-66.185,53.553],[-66.359,53.507],[-66.534,53.439],[-66.921,53.257],[-67.096,53.211],[-67.233,53.203],[-67.422,53.165],[-67.529,53.127],[-67.627,53.059],[-67.673,52.907],[-67.665,52.846],[-67.62,52.809],[-67.468,52.778],[-66.891,52.786],[-66.473,52.884],[-65.987,52.96],[-65.881,52.96],[-65.585,53.036],[-65.524,53.112],[-65.509,53.332],[-65.668,53.545]]]}},{"type":"Feature","properties":{"density":1},"geometry":{"type":"Polygon","coordinates":[[[-75.829,20.944],[-75.939,20.964],[-76.526,20.992],[-76.669,20.976],[-76.707,20.96],[-76.714,20.937],[-76.662,20.917],[-76.341,20.894],[-75.795,20.88],[-75.795,20.91],[-75.829,20.944]]]}},{"type":"Feature","properties":{"density":1},"geometry":{"type":"Polygon","coordinates":[[[-78.748,21.515],[-78.813,21.456],[-78.818,21.403],[-78.8,21.388],[-78.691,21.403],[-78.37,21.619],[-78.136,21.695],[-78.106,21.72],[-78.109,21.749],[-78.161,21.77],[-78.238,21.774],[-78.37,21.742],[-78.748,21.515]]]}},{"type":"Feature","properties":{"density":1},"geometry":{"type":"Polygon","coordinates":[[[-78.27,26.995],[-78.313,27.011],[-78.328,27.001],[-78.2,26.745],[-78.151,26.689],[-78.107,26.67],[-78.104,26.694],[-78.14,26.771],[-78.27,26.995]]]}},{"type":"Feature","properties":{"density":1},"geometry":{"type":"Polygon","coordinates":[[[-78.145,26.986],[-78.187,26.997],[-78.19,26.967],[-78.133,26.847],[-78.091,26.701],[-78.074,26.679],[-78.052,26.681],[-78.067,26.839],[-78.145,26.986]]]}},{"type":"Feature","properties":{"density":1},"geometry":{"type":"Polygon","coordinates":[[[-80.463,28.126],[-80.548,28.126],[-80.648,28.092],[-80.753,28.03],[-80.942,27.79],[-81.143,27.589],[-81.189,27.439],[-81.239,27.365],[-81.405,27.249],[-81.444,27.064],[-81.421,27.025],[-81.363,27.002],[-81.317,27.01],[-81.177,27.079],[-81.089,27.18],[-80.965,27.273],[-80.868,27.419],[-80.803,27.62],[-80.756,27.667],[-80.355,27.844],[-80.301,27.887],[-80.281,27.972],[-80.312,28.026],[-80.463,28.126]]]}},{"type":"Feature","properties":{"density":1},"geometry":{"type":"Polygon","coordinates":[[[-81.073,28.068],[-81.099,28.022],[-81.073,27.901],[-81.037,27.873],[-80.962,27.867],[-80.88,27.906],[-80.707,28.035],[-80.604,28.081],[-80.131,28.086],[-79.819,28.164],[-79.654,28.251],[-79.538,28.344],[-79.172,28.733],[-79.147,28.774],[-79.141,28.826],[-79.216,28.934],[-79.299,28.98],[-79.543,29.021],[-79.662,29.011],[-79.724,28.985],[-79.935,28.844],[-80.074,28.784],[-80.213,28.753],[-80.424,28.733],[-80.633,28.617],[-80.705,28.54],[-80.872,28.295],[-81.073,28.068]]]}},{"type":"Feature","properties":{"density":1},"geometry":{"type":"Polygon","coordinates":[[[-82.23,31.226],[-82.323,31.187],[-82.362,31.156],[-82.362,31.133],[-82.319,31.079],[-82.265,31.048],[-82.153,31.033],[-81.802,31.033],[-81.411,31.129],[-81.237,31.129],[-80.967,31.079],[-80.697,31.06],[-80.538,31.079],[-80.218,31.199],[-80.187,31.241],[-80.171,31.326],[-80.179,31.403],[-80.252,31.527],[-80.376,31.612],[-80.623,31.639],[-80.967,31.581],[-81.373,31.423],[-81.999,31.253],[-82.23,31.226]]]}},{"type":"Feature","properties":{"density":1},"geometry":{"type":"Polygon","coordinates":[[[-76.785,34.559],[-77.398,34.572],[-77.684,34.415],[-77.88,34.272],[-78.376,33.829],[-78.806,33.555],[-79.588,33.281],[-80.266,32.955],[-80.618,32.694],[-80.788,32.459],[-80.905,32.251],[-80.944,32.003],[-80.944,31.729],[-80.84,31.468],[-80.683,31.312],[-80.501,31.26],[-80.253,31.247],[-79.966,31.338],[-79.471,31.664],[-78.728,32.238],[-78.023,32.642],[-77.697,32.746],[-76.42,32.994],[-76.055,33.033],[-75.781,33.085],[-75.494,33.164],[-75.416,33.294],[-75.416,33.424],[-75.507,33.646],[-75.663,33.92],[-75.859,34.155],[-76.068,34.376],[-76.198,34.481],[-76.785,34.559]]]}},{"type":"Feature","properties":{"density":1},"geometry":{"type":"Polygon","coordinates":[[[-95.691,40.161],[-95.743,40.223],[-95.776,40.228],[-95.804,40.202],[-95.817,40.132],[-95.642,39.648],[-95.557,39.365],[-95.516,39.334],[-95.49,39.337],[-95.477,39.424],[-95.49,39.501],[-95.634,40.053],[-95.691,40.161]]]}},{"type":"Feature","properties":{"density":1},"geometry":{"type":"Polygon","coordinates":[[[-92.704,38.426],[-92.773,38.392],[-92.763,38.34],[-92.682,38.289],[-92.608,38.277],[-92.45,38.304],[-92.16,38.388],[-91.875,38.419],[-91.827,38.442],[-91.792,38.479],[-91.792,38.505],[-91.816,38.562],[-91.846,38.584],[-91.883,38.606],[-91.966,38.617],[-92.148,38.589],[-92.321,38.515],[-92.704,38.426]]]}},{"type":"Feature","properties":{"density":1},"geometry":{"type":"Polygon","coordinates":[[[-94.619,39.929],[-94.657,39.95],[-94.691,39.919],[-94.674,39.692],[-94.641,39.697],[-94.617,39.749],[-94.605,39.859],[-94.619,39.929]]]}},{"type":"Feature","properties":{"density":1},"geometry":{"type":"Polygon","coordinates":[[[-93.615,37.746],[-93.683,37.794],[-93.752,37.793],[-93.788,37.775],[-93.924,37.556],[-94.044,37.425],[-94.034,37.396],[-93.872,37.36],[-93.697,37.255],[-93.63,37.269],[-93.604,37.413],[-93.55,37.502],[-93.539,37.563],[-93.615,37.746]]]}},{"type":"Feature","properties":{"density":1},"geometry":{"type":"Polygon","coordinates":[[[-100.326,34.183],[-100.373,34.187],[-100.469,34.156],[-100.531,34.106],[-100.574,34.017],[-100.593,33.774],[-100.701,33.515],[-100.701,33.441],[-100.659,33.345],[-100.566,33.337],[-100.423,33.399],[-100.353,33.472],[-100.257,33.619],[-100.164,33.677],[-100.125,33.739],[-100.122,33.975],[-100.199,34.125],[-100.234,34.152],[-100.326,34.183]]]}},{"type":"Feature","properties":{"density":1},"geometry":{"type":"Polygon","coordinates":[[[-100.853,30.396],[-100.894,30.448],[-100.936,30.445],[-100.948,30.427],[-100.948,30.339],[-100.902,30.025],[-100.835,29.845],[-100.737,29.719],[-100.693,29.714],[-100.681,29.768],[-100.735,29.909],[-100.804,30.267],[-100.853,30.396]]]}},{"type":"Feature","properties":{"density":1},"geometry":{"type":"Polygon","coordinates":[[[-107.53,38.292],[-107.61,38.279],[-107.666,38.241],[-107.69,38.197],[-107.677,38.163],[-107.463,38.084],[-107.368,38.024],[-107.267,37.937],[-107.192,37.805],[-107.079,37.69],[-106.958,37.671],[-106.919,37.684],[-106.888,37.734],[-106.901,37.865],[-107.038,38.099],[-107.308,38.241],[-107.53,38.292]]]}},{"type":"Feature","properties":{"density":1},"geometry":{"type":"Polygon","coordinates":[[[-108.733,38.001],[-108.868,37.879],[-108.876,37.823],[-108.831,37.768],[-108.408,37.767],[-108.224,37.659],[-108.054,37.601],[-107.85,37.586],[-107.711,37.604],[-107.636,37.632],[-107.565,37.704],[-107.399,37.772],[-107.369,37.801],[-107.359,37.848],[-107.37,37.996],[-107.473,38.13],[-107.521,38.17],[-107.631,38.213],[-107.731,38.228],[-107.994,38.203],[-108.195,38.163],[-108.733,38.001]]]}},{"type":"Feature","properties":{"density":1},"geometry":{"type":"Polygon","coordinates":[[[-108.72,37.76],[-108.798,37.74],[-108.828,37.689],[-108.813,37.657],[-108.788,37.632],[-108.702,37.601],[-108.531,37.564],[-108.234,37.531],[-107.999,37.594],[-107.646,37.496],[-107.598,37.508],[-107.568,37.552],[-107.566,37.616],[-107.657,37.733],[-107.799,37.816],[-108.044,37.883],[-108.157,37.884],[-108.502,37.787],[-108.72,37.76]]]}},{"type":"Feature","properties":{"density":1},"geometry":{"type":"Polygon","coordinates":[[[-108.209,38.211],[-108.358,38.248],[-108.59,38.252],[-108.956,38.166],[-109.068,38.147],[-109.281,38.143],[-109.445,38.106],[-109.568,38.043],[-109.628,37.99],[-109.699,37.908],[-109.703,37.86],[-109.68,37.807],[-109.535,37.74],[-109.318,37.718],[-109.083,37.736],[-108.866,37.845],[-108.571,37.953],[-108.395,37.987],[-108.093,37.998],[-108.044,38.013],[-108.014,38.046],[-108.011,38.08],[-108.082,38.173],[-108.209,38.211]]]}},{"type":"Feature","properties":{"density":1},"geometry":{"type":"Polygon","coordinates":[[[-118.529,44.883],[-118.629,44.823],[-118.653,44.791],[-118.668,44.749],[-118.644,44.704],[-118.504,44.686],[-118.394,44.711],[-118.367,44.731],[-118.272,44.741],[-117.528,44.609],[-117.436,44.602],[-117.381,44.612],[-117.361,44.634],[-117.369,44.694],[-117.403,44.734],[-117.535,44.813],[-118.178,44.9],[-118.417,44.903],[-118.529,44.883]]]}},{"type":"Feature","properties":{"density":1},"geometry":{"type":"Polygon","coordinates":[[[-118.181,45.097],[-118.271,45.058],[-118.299,45.023],[-118.282,44.985],[-118.231,44.948],[-118.166,44.943],[-118.053,44.986],[-117.822,45.008],[-117.587,45.139],[-117.382,45.209],[-117.371,45.278],[-117.422,45.325],[-117.462,45.338],[-117.663,45.31],[-117.807,45.262],[-117.924,45.242],[-118.181,45.097]]]}},{"type":"Feature","properties":{"density":1},"geometry":{"type":"Polygon","coordinates":[[[-118.186,43.395],[-118.097,43.381],[-118.027,43.348],[-117.868,43.328],[-117.773,43.291],[-117.711,43.176],[-117.693,43.042],[-117.671,42.99],[-117.673,42.888],[-117.698,42.863],[-117.726,42.853],[-117.778,42.88],[-117.835,43.039],[-117.98,43.221],[-118.072,43.268],[-118.204,43.291],[-118.254,43.318],[-118.266,43.351],[-118.256,43.386],[-118.186,43.395]]]}},{"type":"Feature","properties":{"density":1},"geometry":{"type":"Polygon","coordinates":[[[-123.634,41.15],[-123.717,41.157],[-123.733,41.107],[-123.703,41.066],[-123.549,40.935],[-123.49,40.926],[-123.435,40.946],[-123.424,40.993],[-123.452,41.049],[-123.634,41.15]]]}},{"type":"Feature","properties":{"density":1},"geometry":{"type":"Polygon","coordinates":[[[-120.652,41.109],[-120.675,41.106],[-120.679,41.087],[-120.603,41.045],[-120.54,41.031],[-120.56,41.066],[-120.652,41.109]]]}},{"type":"Feature","properties":{"density":1},"geometry":{"type":"Polygon","coordinates":[[[-119.693,37.384],[-119.838,37.413],[-119.932,37.382],[-120.078,37.369],[-120.133,37.348],[-120.146,37.3],[-120.121,37.259],[-120.06,37.229],[-119.727,37.177],[-119.675,37.19],[-119.648,37.215],[-119.647,37.309],[-119.693,37.384]]]}},{"type":"Feature","properties":{"density":1},"geometry":{"type":"Polygon","coordinates":[[[-108.156,30.596],[-108.385,30.655],[-108.491,30.658],[-108.735,30.565],[-108.756,30.515],[-108.735,30.482],[-108.695,30.46],[-108.522,30.442],[-108.243,30.527],[-108.076,30.552],[-108.081,30.596],[-108.109,30.608],[-108.156,30.596]]]}},{"type":"Feature","properties":{"density":1},"geometry":{"type":"Polygon","coordinates":[[[-106.921,29.085],[-106.964,29.046],[-106.95,29.009],[-106.902,29.007],[-106.824,29.051],[-106.729,29.066],[-106.745,29.098],[-106.781,29.113],[-106.921,29.085]]]}},{"type":"Feature","properties":{"density":1},"geometry":{"type":"Polygon","coordinates":[[[-103.645,19.152],[-103.715,19.168],[-103.779,19.139],[-103.758,18.977],[-103.792,18.817],[-103.789,18.776],[-103.763,18.753],[-103.678,18.758],[-103.645,18.779],[-103.596,18.866],[-103.57,18.954],[-103.57,19.049],[-103.591,19.108],[-103.645,19.152]]]}},{"type":"Feature","properties":{"density":1},"geometry":{"type":"Polygon","coordinates":[[[-121.257,51.693],[-121.61,51.634],[-122.21,51.461],[-122.364,51.358],[-122.387,51.322],[-122.387,51.279],[-122.341,51.225],[-122.238,51.217],[-122.135,51.253],[-121.955,51.382],[-121.808,51.431],[-121.228,51.438],[-121.149,51.487],[-121.138,51.521],[-121.19,51.642],[-121.257,51.693]]]}},{"type":"Feature","properties":{"density":1},"geometry":{"type":"Polygon","coordinates":[[[-121.736,51.595],[-121.785,51.425],[-121.772,51.374],[-121.744,51.351],[-121.692,51.356],[-121.651,51.382],[-121.61,51.431],[-121.527,51.593],[-121.483,51.629],[-121.373,51.67],[-121.246,51.693],[-121.203,51.727],[-121.2,51.814],[-121.241,51.853],[-121.285,51.868],[-121.386,51.85],[-121.661,51.693],[-121.736,51.595]]]}},{"type":"Feature","properties":{"density":1},"geometry":{"type":"Polygon","coordinates":[[[-113.045,58.267],[-113.26,58.345],[-113.964,58.365],[-114.257,58.267],[-114.668,58.032],[-115.079,57.661],[-115.587,56.859],[-115.998,56.448],[-116.389,55.881],[-117.406,54.766],[-118.697,53.534],[-119.558,52.771],[-119.988,52.302],[-120.888,51.637],[-121.24,51.402],[-121.553,51.089],[-121.827,50.854],[-122.003,50.58],[-122.042,50.189],[-122.042,49.876],[-121.748,49.563],[-121.357,49.348],[-120.888,49.172],[-120.438,49.074],[-119.91,49.055],[-119.44,49.074],[-118.502,49.348],[-117.23,49.583],[-116.722,49.759],[-116.194,49.876],[-115.177,50.6],[-114.805,50.776],[-114.453,50.913],[-113.808,51.069],[-113.495,51.167],[-113.221,51.402],[-112.908,51.774],[-112.321,52.595],[-112.106,52.81],[-111.773,53.045],[-111.597,53.123],[-111.011,53.143],[-110.737,52.986],[-110.091,52.458],[-109.446,52.243],[-108.722,52.165],[-108.253,52.165],[-107.373,52.712],[-107.314,52.947],[-107.314,53.338],[-107.471,53.71],[-107.92,54.297],[-108.233,54.531],[-109.544,55.157],[-110.209,55.529],[-110.835,56.018],[-111.108,56.565],[-111.5,57.25],[-111.852,57.739],[-112.184,57.974],[-113.045,58.267]]]}},{"type":"Feature","properties":{"density":1},"geometry":{"type":"Polygon","coordinates":[[[-112.735,61.947],[-113.126,62.121],[-113.423,62.206],[-113.833,62.415],[-113.987,62.457],[-113.983,62.388],[-113.921,62.314],[-113.369,62.055],[-112.983,61.908],[-112.561,61.785],[-112.461,61.766],[-112.422,61.793],[-112.426,61.827],[-112.473,61.874],[-112.735,61.947]]]}},{"type":"Feature","properties":{"density":1},"geometry":{"type":"Polygon","coordinates":[[[-109.488,63.311],[-109.552,63.357],[-109.639,63.531],[-109.679,63.751],[-109.958,64.424],[-110.323,65.09],[-110.52,65.409],[-111.238,66.035],[-112.003,66.556],[-112.351,66.695],[-112.629,66.759],[-112.983,66.794],[-113.238,66.782],[-113.504,66.713],[-113.748,66.556],[-113.933,66.405],[-114.043,66.185],[-114.118,65.93],[-114.136,65.727],[-114.13,65.484],[-113.962,64.957],[-113.84,64.447],[-113.637,63.966],[-113.452,63.717],[-113.209,63.548],[-112.681,63.276],[-112.316,63.131],[-111.951,63.033],[-111.644,62.928],[-110.155,62.685],[-109.674,62.685],[-109.384,62.789],[-109.314,62.865],[-109.308,63.044],[-109.366,63.218],[-109.488,63.311]]]}},{"type":"Feature","properties":{"density":1},"geometry":{"type":"Polygon","coordinates":[[[-108.372,62.596],[-108.644,62.607],[-108.766,62.555],[-108.859,62.428],[-108.899,62.289],[-108.911,62.155],[-108.853,62.005],[-108.714,61.929],[-107.323,61.605],[-106.326,61.489],[-106.025,61.501],[-105.979,61.564],[-105.984,61.645],[-106.042,61.756],[-106.176,61.912],[-106.28,61.999],[-106.448,62.086],[-106.628,62.155],[-107.404,62.341],[-107.711,62.457],[-108.372,62.596]]]}},{"type":"Feature","properties":{"density":1},"geometry":{"type":"Polygon","coordinates":[[[-110.067,62.363],[-110.285,62.434],[-110.365,62.434],[-110.488,62.398],[-110.496,62.343],[-110.464,62.275],[-110.369,62.176],[-109.996,62.002],[-109.885,61.93],[-109.706,61.859],[-109.523,61.811],[-109.313,61.779],[-109.253,61.803],[-109.23,61.855],[-109.249,61.93],[-109.357,62.069],[-109.424,62.125],[-109.746,62.275],[-110.067,62.363]]]}},{"type":"Feature","properties":{"density":1},"geometry":{"type":"Polygon","coordinates":[[[-108.72,55.561],[-108.744,55.601],[-108.789,55.622],[-108.828,55.616],[-108.871,55.579],[-108.897,55.399],[-108.868,55.315],[-108.797,55.214],[-108.704,55.145],[-108.651,55.137],[-108.625,55.161],[-108.617,55.217],[-108.675,55.455],[-108.72,55.561]]]}},{"type":"Feature","properties":{"density":1},"geometry":{"type":"Polygon","coordinates":[[[-106.173,59.567],[-106.304,59.578],[-106.538,59.634],[-107.062,59.825],[-107.32,59.932],[-108.066,60.321],[-108.32,60.436],[-108.483,60.499],[-108.796,60.563],[-108.9,60.563],[-109.015,60.535],[-109.154,60.491],[-109.288,60.408],[-109.376,60.317],[-109.447,60.198],[-109.475,60.059],[-109.491,59.805],[-109.475,59.666],[-109.388,59.463],[-109.273,59.301],[-109.074,59.066],[-108.757,58.796],[-108.443,58.638],[-108.233,58.562],[-108.022,58.511],[-107.848,58.439],[-107.451,58.34],[-107.097,58.288],[-106.792,58.189],[-106.395,58.102],[-106.272,58.098],[-106.185,58.13],[-106.097,58.201],[-106.089,58.384],[-106.153,58.538],[-106.153,58.65],[-106.117,58.796],[-105.958,59.074],[-105.915,59.189],[-105.907,59.293],[-105.958,59.471],[-105.995,59.535],[-106.173,59.567]]]}},{"type":"Feature","properties":{"density":1},"geometry":{"type":"Polygon","coordinates":[[[-106.077,60.072],[-106.63,60.242],[-106.86,60.258],[-106.903,60.239],[-106.905,60.199],[-106.876,60.154],[-106.818,60.112],[-106.704,60.051],[-106.583,59.961],[-106.278,59.826],[-105.937,59.736],[-105.551,59.657],[-105.4,59.596],[-105.352,59.591],[-105.32,59.609],[-105.32,59.644],[-105.347,59.694],[-105.431,59.771],[-105.656,59.871],[-105.707,59.911],[-106.077,60.072]]]}},{"type":"Feature","properties":{"density":1},"geometry":{"type":"Polygon","coordinates":[[[-103.293,59.449],[-103.531,59.528],[-103.685,59.539],[-103.82,59.507],[-104.013,59.43],[-104.106,59.414],[-104.296,59.412],[-104.727,59.499],[-105.021,59.597],[-105.243,59.629],[-105.344,59.594],[-105.415,59.526],[-105.447,59.383],[-105.434,59.301],[-105.376,59.182],[-105.254,58.983],[-105.108,58.814],[-104.907,58.689],[-104.532,58.533],[-104.28,58.441],[-104.029,58.385],[-103.762,58.39],[-103.449,58.465],[-103.182,58.496],[-102.939,58.425],[-102.819,58.417],[-102.748,58.457],[-102.711,58.56],[-102.708,58.769],[-102.756,58.898],[-103.029,59.269],[-103.293,59.449]]]}},{"type":"Feature","properties":{"density":1},"geometry":{"type":"Polygon","coordinates":[[[-102.128,58.039],[-102.27,58.095],[-102.356,58.1],[-102.476,58.028],[-102.498,57.991],[-102.464,57.912],[-102.399,57.871],[-102.099,57.866],[-102.072,57.892],[-102.072,57.958],[-102.128,58.039]]]}},{"type":"Feature","properties":{"density":1},"geometry":{"type":"Polygon","coordinates":[[[-104.633,61.55],[-104.949,61.666],[-105.072,61.679],[-105.133,61.622],[-105.133,61.576],[-105.069,61.49],[-104.903,61.398],[-104.626,61.359],[-104.354,61.352],[-104.176,61.374],[-104.068,61.367],[-103.939,61.332],[-103.865,61.326],[-103.847,61.337],[-103.849,61.374],[-103.893,61.431],[-104.058,61.517],[-104.633,61.55]]]}},{"type":"Feature","properties":{"density":1},"geometry":{"type":"Polygon","coordinates":[[[-100.177,57.955],[-100.295,57.985],[-100.365,57.974],[-100.414,57.924],[-100.436,57.847],[-100.42,57.807],[-100.354,57.753],[-100.284,57.728],[-100.148,57.557],[-100.102,57.522],[-99.957,57.505],[-99.927,57.524],[-99.918,57.568],[-99.953,57.717],[-100.073,57.911],[-100.177,57.955]]]}},{"type":"Feature","properties":{"density":1},"geometry":{"type":"Polygon","coordinates":[[[-99.353,58.181],[-99.381,58.201],[-99.498,58.21],[-99.684,58.171],[-99.73,58.149],[-99.741,58.079],[-99.68,57.997],[-99.449,57.894],[-99.384,57.791],[-99.245,57.741],[-99.14,57.659],[-99.008,57.651],[-98.855,57.725],[-98.782,57.846],[-98.764,57.918],[-98.719,57.973],[-98.73,58.026],[-98.765,58.07],[-98.879,58.105],[-99.1,58.102],[-99.353,58.181]]]}},{"type":"Feature","properties":{"density":1},"geometry":{"type":"Polygon","coordinates":[[[-99.033,56.918],[-99.128,56.955],[-99.269,56.959],[-99.372,56.939],[-99.426,56.864],[-99.43,56.757],[-99.285,56.505],[-99.17,56.389],[-98.872,56.261],[-98.562,56.162],[-98.434,56.091],[-98.227,55.814],[-98.074,55.678],[-97.876,55.575],[-97.454,55.43],[-97.21,55.409],[-96.859,55.393],[-96.582,55.446],[-96.433,55.434],[-96.309,55.405],[-96.177,55.401],[-96.069,55.442],[-96.036,55.525],[-96.036,55.645],[-96.094,55.756],[-96.288,56.021],[-96.446,56.145],[-96.665,56.244],[-96.888,56.319],[-99.033,56.918]]]}},{"type":"Feature","properties":{"density":1},"geometry":{"type":"Polygon","coordinates":[[[-98.401,55.644],[-98.749,55.686],[-99.224,55.7],[-99.517,55.602],[-99.782,55.421],[-100.061,55.003],[-100.256,54.528],[-100.312,54.068],[-100.312,53.663],[-100.172,53.287],[-99.949,52.868],[-99.614,52.478],[-99.196,52.212],[-98.791,51.822],[-98.164,50.748],[-97.815,50.371],[-97.424,50.106],[-97.034,49.939],[-96.517,49.911],[-96.085,50.022],[-95.736,50.245],[-95.555,50.566],[-95.373,50.999],[-94.913,51.738],[-94.69,52.157],[-94.648,52.659],[-94.76,53.175],[-95.192,53.803],[-95.904,54.389],[-97.703,55.491],[-98.401,55.644]]]}},{"type":"Feature","properties":{"density":1},"geometry":{"type":"Polygon","coordinates":[[[-87.646,53.158],[-87.953,53.228],[-88.26,53.228],[-88.608,53.186],[-88.86,53.102],[-89.027,52.977],[-89.166,52.823],[-89.222,52.474],[-89.236,52.126],[-89.153,51.847],[-88.957,51.512],[-88.608,51.219],[-88.064,50.996],[-87.52,50.87],[-86.809,50.786],[-85.567,50.786],[-84.381,50.661],[-83.544,50.647],[-82.917,50.703],[-82.456,50.8],[-81.34,50.982],[-80.95,51.149],[-80.88,51.4],[-81.103,51.958],[-81.633,52.53],[-82.373,52.628],[-82.861,52.67],[-83.461,52.642],[-84.493,52.516],[-85.218,52.572],[-85.707,52.698],[-86.209,52.795],[-86.6,52.921],[-87.646,53.158]]]}},{"type":"Feature","properties":{"density":1},"geometry":{"type":"Polygon","coordinates":[[[-78.217,50.632],[-78.274,50.635],[-78.382,50.594],[-78.544,50.492],[-78.762,50.464],[-78.958,50.404],[-79.002,50.348],[-79.01,50.235],[-78.991,50.136],[-78.721,49.894],[-78.578,49.814],[-78.451,49.8],[-78.294,49.811],[-77.999,49.874],[-77.867,49.935],[-77.82,50.032],[-77.828,50.15],[-78.065,50.555],[-78.217,50.632]]]}},{"type":"Feature","properties":{"density":1},"geometry":{"type":"Polygon","coordinates":[[[-78.59,51.023],[-78.774,51.045],[-78.833,51.001],[-79.068,50.938],[-79.079,50.874],[-79.053,50.839],[-79.0,50.808],[-78.669,50.778],[-78.151,50.648],[-78.101,50.666],[-78.1,50.708],[-78.131,50.767],[-78.199,50.811],[-78.392,50.89],[-78.59,51.023]]]}},{"type":"Feature","properties":{"density":1},"geometry":{"type":"Polygon","coordinates":[[[-78.185,52.019],[-78.324,52.029],[-78.529,51.991],[-78.706,51.917],[-78.752,51.759],[-78.734,51.517],[-78.631,51.35],[-78.436,51.192],[-77.655,50.978],[-77.199,50.875],[-76.697,50.801],[-74.958,50.68],[-74.567,50.689],[-73.944,50.792],[-73.535,50.894],[-73.237,51.024],[-73.06,51.182],[-72.94,51.396],[-72.893,51.703],[-72.93,52.019],[-73.172,52.373],[-73.507,52.624],[-73.888,52.67],[-74.251,52.652],[-75.144,52.429],[-75.525,52.438],[-76.278,52.494],[-77.069,52.364],[-77.45,52.233],[-78.185,52.019]]]}},{"type":"Feature","properties":{"density":1},"geometry":{"type":"Polygon","coordinates":[[[-76.954,52.061],[-77.052,52.061],[-77.079,52.032],[-77.086,51.993],[-77.052,51.956],[-76.993,51.936],[-76.692,51.907],[-76.438,51.863],[-75.964,51.714],[-75.249,51.609],[-75.159,51.605],[-75.13,51.633],[-75.143,51.686],[-75.233,51.758],[-75.486,51.82],[-75.608,51.87],[-76.464,52.03],[-76.954,52.061]]]}},{"type":"Feature","properties":{"density":1},"geometry":{"type":"Polygon","coordinates":[[[-97.297,27.543],[-96.889,27.7],[-96.199,27.857],[-94.096,28.108],[-92.934,28.077],[-91.741,27.92],[-90.643,27.575],[-89.858,27.073],[-89.136,26.319],[-87.786,25.064],[-87.347,24.593],[-86.562,24.185],[-85.401,23.4],[-84.647,23.149],[-83.894,22.992],[-83.109,22.867],[-82.513,22.835],[-81.791,22.867],[-80.693,23.337],[-79.845,23.62],[-78.181,24.499],[-76.329,25.346],[-75.231,25.597],[-74.258,25.754],[-72.469,25.848],[-71.684,25.974],[-69.11,25.974],[-66.819,26.288],[-65.814,26.57],[-64.559,26.853],[-63.491,27.198],[-62.393,27.732],[-61.2,28.454],[-59.85,29.49],[-59.034,30.494],[-58.406,31.561],[-58.061,32.754],[-58.03,33.915],[-58.281,34.857],[-58.752,35.391],[-59.285,35.705],[-59.913,35.736],[-60.792,35.61],[-61.608,35.359],[-62.487,34.951],[-64.935,33.915],[-68.671,32.503],[-70.742,32.158],[-72.061,32.283],[-73.128,32.534],[-74.634,33.162],[-75.764,33.758],[-76.738,34.386],[-77.104,36.008],[-77.104,36.447],[-76.727,36.981],[-76.288,37.358],[-75.785,37.609],[-75.158,37.766],[-73.902,37.86],[-73.055,38.017],[-72.301,38.331],[-71.548,38.613],[-70.732,39.147],[-69.696,39.743],[-68.786,40.214],[-68.158,40.779],[-67.499,41.501],[-66.965,42.254],[-66.275,43.102],[-65.553,43.792],[-64.736,44.295],[-63.826,44.671],[-62.916,44.954],[-61.629,45.017],[-58.506,44.687],[-58.035,44.828],[-56.999,44.875],[-56.199,44.781],[-55.398,44.452],[-54.362,43.792],[-53.468,42.804],[-52.573,41.721],[-51.537,40.779],[-50.313,39.696],[-49.183,38.755],[-48.006,37.907],[-46.829,37.107],[-45.464,36.306],[-43.722,35.694],[-41.791,35.365],[-40.19,35.223],[-38.542,35.082],[-37.083,35.176],[-35.247,35.412],[-33.552,35.977],[-32.422,36.447],[-30.256,38.095],[-29.879,38.566],[-29.408,39.649],[-29.079,40.967],[-28.655,42.286],[-28.231,43.698],[-28.137,44.97],[-28.137,46.147],[-28.184,47.23],[-28.42,47.983],[-28.985,48.689],[-29.502,49.16],[-30.067,49.348],[-32.94,50.384],[-33.834,50.337],[-34.258,50.29],[-34.964,50.243],[-36.141,50.29],[-37.177,50.902],[-37.883,51.42],[-38.684,52.267],[-39.107,53.209],[-39.437,54.198],[-39.672,55.563],[-39.908,57.211],[-40.237,59.095],[-42.351,61.056],[-43.198,61.339],[-43.999,61.716],[-44.941,62.186],[-45.6,62.846],[-46.353,63.646],[-47.059,64.682],[-47.718,65.718],[-49.523,67.381],[-50.057,67.538],[-51.093,67.664],[-51.752,67.664],[-52.223,67.601],[-53.981,66.973],[-54.828,66.44],[-56.492,65.09],[-57.559,64.368],[-58.626,63.615],[-62.895,63.206],[-63.523,63.426],[-64.088,63.583],[-64.684,63.646],[-65.5,63.583],[-66.442,63.332],[-67.446,62.736],[-68.2,62.171],[-68.733,61.449],[-69.173,60.758],[-69.738,59.973],[-70.303,59.126],[-72.029,56.929],[-73.41,55.956],[-74.729,55.296],[-76.298,54.794],[-77.93,54.48],[-82.325,54.355],[-83.235,54.606],[-86.029,55.422],[-87.221,55.799],[-88.289,56.207],[-91.898,57.337],[-92.401,57.588],[-92.966,57.965],[-93.468,58.592],[-93.75,59.314],[-93.719,60.193],[-93.51,60.828],[-92.945,61.602],[-91.856,62.439],[-91.375,62.774],[-90.978,63.025],[-90.664,63.36],[-90.078,64.302],[-89.722,65.055],[-89.555,66.122],[-89.534,66.603],[-89.534,67.127],[-89.659,67.629],[-90.161,68.591],[-90.35,68.926],[-91.04,69.931],[-92.979,71.838],[-93.419,72.152],[-94.361,72.592],[-95.145,72.906],[-97.217,73.69],[-99.045,74.106],[-101.431,74.546],[-102.687,74.797],[-105.857,75.111],[-107.458,75.393],[-111.46,75.472],[-112.684,75.66],[-114.143,75.613],[-115.415,75.378],[-116.686,74.954],[-117.816,74.389],[-119.04,73.871],[-120.406,73.447],[-121.959,73.023],[-123.65,72.834],[-125.296,72.82],[-127.807,72.722],[-130.109,72.541],[-131.462,72.513],[-132.459,72.27],[-133.73,71.799],[-134.578,71.328],[-135.425,70.81],[-136.226,69.963],[-136.602,69.21],[-136.602,68.315],[-136.508,66.95],[-135.692,65.537],[-135.252,65.003],[-134.468,64.376],[-133.809,63.905],[-132.145,62.9],[-131.266,62.587],[-129.414,62.022],[-128.316,61.77],[-127.374,61.488],[-125.459,60.86],[-124.298,60.546],[-121.944,59.762],[-121.002,59.385],[-118.836,58.223],[-117.894,57.564],[-116.921,56.152],[-116.921,55.43],[-117.267,54.739],[-118.146,53.107],[-118.962,52.448],[-119.715,52.103],[-120.594,51.789],[-121.295,51.642],[-121.532,51.573],[-121.769,51.419],[-121.951,51.154],[-122.076,50.931],[-122.146,50.568],[-122.16,49.912],[-121.978,49.578],[-121.713,49.382],[-121.225,49.145],[-120.848,48.992],[-120.416,48.922],[-119.412,48.88],[-119.063,48.922],[-118.072,49.326],[-117.933,49.354],[-117.654,49.354],[-117.389,49.285],[-116.956,49.034],[-116.621,48.81],[-116.189,48.462],[-116.008,48.28],[-115.701,47.708],[-115.505,46.843],[-115.505,46.495],[-115.826,45.539],[-115.826,45.371],[-115.617,44.932],[-115.282,44.555],[-114.906,44.241],[-114.424,43.949],[-113.943,43.781],[-113.357,43.739],[-112.625,43.656],[-112.206,43.656],[-111.871,43.676],[-111.536,43.802],[-111.16,44.011],[-110.825,44.241],[-109.841,45.079],[-109.109,45.581],[-108.711,45.727],[-108.167,45.874],[-107.581,45.895],[-106.996,45.936],[-106.598,45.874],[-106.138,45.706],[-105.531,45.183],[-105.342,44.702],[-105.259,43.593],[-105.321,42.86],[-105.468,42.379],[-105.719,41.793],[-106.117,41.249],[-107.016,40.475],[-107.581,40.14],[-109.074,39.422],[-109.772,38.933],[-109.911,38.766],[-110.19,38.194],[-110.288,37.887],[-110.316,37.636],[-110.316,37.301],[-110.176,36.91],[-109.814,36.408],[-109.632,36.227],[-109.353,36.046],[-109.032,35.892],[-108.056,35.236],[-107.777,34.971],[-107.623,34.734],[-107.414,34.302],[-107.288,33.911],[-107.163,33.144],[-107.051,32.781],[-106.73,31.888],[-106.577,31.247],[-106.549,30.716],[-106.549,29.656],[-106.507,29.112],[-106.396,28.401],[-106.298,27.926],[-106.117,27.508],[-105.879,27.257],[-105.586,27.131],[-105.363,27.103],[-105.182,27.145],[-104.68,27.215],[-104.554,27.271],[-104.261,27.536],[-104.122,27.759],[-104.024,28.052],[-103.954,28.373],[-103.954,29.572],[-103.703,29.949],[-103.494,29.991],[-103.131,30.019],[-102.838,30.019],[-102.587,29.935],[-102.28,29.754],[-101.959,29.531],[-101.457,28.973],[-101.318,28.554],[-101.15,28.163],[-100.941,27.829],[-100.662,27.55],[-100.327,27.285],[-99.964,27.117],[-99.574,27.047],[-98.793,27.006],[-98.332,27.103],[-97.297,27.543]]]}},{"type":"Feature","properties":{"density":1},"geometry":{"type":"Polygon","coordinates":[[[-107.047,24.396],[-106.21,23.811],[-105.959,23.476],[-105.728,23.036],[-105.603,22.639],[-105.477,22.157],[-105.289,21.592],[-104.64,19.939],[-104.347,19.5],[-103.929,19.165],[-103.427,18.83],[-101.815,17.972],[-100.392,17.449],[-99.032,17.114],[-96.333,16.57],[-95.349,16.654],[-95.014,16.654],[-94.512,16.738],[-94.135,16.675],[-93.78,16.507],[-93.466,16.256],[-93.236,16.047],[-92.901,15.796],[-92.482,15.649],[-91.582,15.461],[-91.08,15.336],[-90.264,15.21],[-89.929,15.126],[-89.678,15.001],[-89.176,14.645],[-88.904,14.352],[-88.674,13.85],[-88.674,13.41],[-88.757,12.992],[-88.967,12.72],[-89.343,12.448],[-89.678,12.259],[-90.097,12.155],[-90.683,12.092],[-91.31,12.05],[-92.106,12.05],[-92.65,11.987],[-94.282,11.987],[-94.575,12.029],[-94.931,12.029],[-95.433,11.966],[-95.935,11.82],[-96.354,11.778],[-96.981,11.841],[-97.63,11.946],[-98.53,12.218],[-99.513,12.552],[-100.957,13.41],[-101.773,13.85],[-102.631,14.289],[-103.322,14.478],[-104.075,14.499],[-104.891,14.331],[-105.707,14.017],[-107.191,13.699],[-107.724,13.95],[-108.384,14.64],[-108.886,15.488],[-109.2,16.21],[-109.388,16.995],[-109.482,17.528],[-109.514,18.093],[-109.671,19.035],[-109.796,19.945],[-109.796,21.483],[-109.702,22.048],[-109.545,22.77],[-109.357,23.335],[-109.137,23.775],[-108.854,24.088],[-108.572,24.34],[-108.164,24.528],[-107.976,24.591],[-107.047,24.396]]]}},{"type":"Feature","properties":{"density":2},"geometry":{"type":"Polygon","coordinates":[[[-135.758,68.281],[-135.752,68.863],[-135.682,69.269],[-135.528,69.864],[-135.2,70.339],[-134.605,70.849],[-133.177,71.691],[-131.04,72.071],[-129.034,72.113],[-127.007,72.026],[-123.874,72.026],[-122.007,71.948],[-119.893,71.801],[-117.226,71.005],[-116.269,70.537],[-114.802,69.963],[-112.952,69.155],[-111.775,68.506],[-111.054,67.589],[-109.556,67.029],[-108.597,66.525],[-107.848,66.242],[-107.227,66.079],[-106.742,65.818],[-106.615,65.413],[-106.743,64.966],[-107.281,64.722],[-107.953,64.26],[-108.478,63.854],[-109.615,62.684],[-110.126,61.774],[-110.043,61.06],[-109.464,60.379],[-107.5,59.752],[-106.333,59.397],[-104.595,58.764],[-104.049,58.502],[-103.238,58.0],[-102.491,57.508],[-101.792,57.092],[-100.78,56.592],[-99.873,56.119],[-98.683,55.694],[-98.229,55.439],[-97.733,55.198],[-97.15,54.88],[-96.823,54.74],[-95.718,54.086],[-95.182,53.907],[-94.657,53.613],[-94.227,53.541],[-93.746,53.555],[-93.392,53.611],[-93.013,53.728],[-92.6,54.218],[-92.502,54.563],[-92.283,54.633],[-91.854,54.535],[-91.48,54.32],[-91.079,54.166],[-89.554,53.686],[-88.976,53.56],[-87.8,53.266],[-86.855,53.151],[-85.27,52.878],[-85.196,52.783],[-85.396,52.594],[-86.12,52.416],[-87.17,52.447],[-88.651,52.332],[-89.291,52.353],[-89.911,52.3],[-90.184,52.237],[-90.415,52.164],[-90.446,52.122],[-90.184,52.08],[-89.869,52.069],[-89.533,51.933],[-89.48,51.807],[-89.669,51.702],[-90.079,51.66],[-90.677,51.565],[-91.906,51.313],[-92.378,51.261],[-93.019,51.25],[-93.68,51.313],[-94.195,51.46],[-94.961,51.786],[-95.245,51.817],[-95.592,51.639],[-96.001,51.492],[-96.453,51.471],[-96.82,51.544],[-97.503,51.786],[-98.5,52.39],[-99.036,52.752],[-99.807,53.161],[-100.327,53.555],[-102.062,54.727],[-103.079,55.072],[-103.96,55.318],[-104.825,55.838],[-105.49,56.286],[-105.966,56.693],[-106.603,57.141],[-107.793,57.582],[-109.375,57.988],[-111.272,58.812],[-112.548,59.206],[-114.422,59.694],[-115.918,60.214],[-116.737,60.67],[-118.612,61.93],[-120.439,62.86],[-122.25,63.505],[-123.589,63.915],[-125.589,64.277],[-127.621,64.702],[-129.81,65.065],[-132.157,65.427],[-133.97,65.511],[-134.691,65.427],[-135.454,65.434],[-136.182,65.546],[-136.441,65.686],[-136.525,65.994],[-136.42,66.26],[-136.249,66.791],[-136.088,67.099],[-135.962,67.463],[-135.819,67.912],[-135.758,68.281]]]}},{"type":"Feature","properties":{"density":2},"geometry":{"type":"Polygon","coordinates":[[[-104.991,38.329],[-104.802,38.329],[-103.836,38.833],[-103.532,39.2],[-103.322,39.484],[-103.017,39.799],[-102.618,40.114],[-102.44,40.208],[-102.051,40.345],[-100.402,40.544],[-99.93,40.481],[-99.426,40.145],[-99.132,39.484],[-98.911,38.728],[-98.743,37.909],[-98.554,37.219],[-98.652,36.47],[-98.925,35.882],[-99.205,35.525],[-99.744,35.252],[-100.976,34.832],[-102.384,34.034],[-103.35,33.663],[-105.058,33.096],[-105.443,32.949],[-105.884,33.075],[-106.388,33.369],[-106.829,33.81],[-106.859,34.183],[-106.789,34.37],[-106.747,34.706],[-106.747,35.131],[-106.817,35.639],[-106.929,36.125],[-106.91,37.203],[-106.822,37.52],[-106.672,37.81],[-106.476,38.094],[-106.294,38.29],[-106.084,38.444],[-105.87,38.514],[-105.678,38.505],[-105.398,38.454],[-104.991,38.329]]]}},{"type":"Feature","properties":{"density":2},"geometry":{"type":"Polygon","coordinates":[[[-75.776,52.238],[-75.44,52.175],[-75.062,52.168],[-74.656,52.266],[-73.543,52.714],[-72.913,52.889],[-72.727,52.926],[-72.581,52.877],[-72.587,52.746],[-72.647,52.637],[-72.871,52.406],[-73.088,52.126],[-73.221,51.846],[-73.256,51.566],[-72.925,51.431],[-72.472,51.517],[-72.087,51.734],[-71.352,52.077],[-70.687,52.343],[-69.735,52.805],[-69.378,52.963],[-69.245,53.071],[-69.221,53.173],[-69.473,53.236],[-69.756,53.257],[-70.26,53.152],[-71.261,53.089],[-71.324,53.18],[-71.312,53.301],[-71.438,53.461],[-71.709,53.572],[-72.237,53.511],[-72.491,53.523],[-72.825,53.635],[-73.056,53.784],[-73.04,54.005],[-72.961,54.238],[-72.876,54.366],[-72.715,54.475],[-72.514,54.517],[-71.772,54.536],[-71.007,54.68],[-70.498,54.958],[-69.921,55.473],[-69.69,55.788],[-69.13,56.716],[-68.85,57.22],[-68.577,57.612],[-66.281,60.557],[-65.572,61.667],[-64.06,64.266],[-63.233,65.495],[-61.177,67.325],[-58.995,68.13],[-56.334,68.684],[-54.822,68.613],[-53.499,68.684],[-51.916,67.763],[-51.207,66.581],[-50.758,65.542],[-50.569,64.904],[-50.309,64.219],[-49.908,62.092],[-49.908,61.053],[-50.097,58.927],[-50.12,57.934],[-49.105,55.406],[-47.333,53.634],[-46.293,51.957],[-45.537,50.516],[-44.442,48.563],[-43.938,48.074],[-43.056,47.366],[-42.76,47.142],[-42.222,46.783],[-41.859,46.625],[-40.442,46.499],[-38.583,46.578],[-35.701,47.287],[-34.472,47.523],[-33.448,47.665],[-32.488,47.618],[-31.826,47.145],[-31.653,46.184],[-31.936,44.231],[-32.85,42.735],[-34.11,41.869],[-36.189,40.924],[-38.441,40.136],[-39.827,39.868],[-41.844,39.443],[-43.403,39.286],[-44.663,39.459],[-45.876,39.711],[-49.175,41.451],[-50.239,42.184],[-51.656,43.247],[-52.861,44.074],[-54.019,45.019],[-54.967,45.163],[-55.79,45.338],[-56.367,45.583],[-57.102,45.811],[-58.38,45.793],[-60.508,46.161],[-61.382,46.255],[-62.469,46.704],[-63.674,47.247],[-64.619,47.767],[-66.526,49.189],[-66.719,49.644],[-67.401,50.344],[-68.364,50.834],[-69.152,51.044],[-69.939,50.974],[-71.409,50.694],[-73.046,50.36],[-73.606,50.274],[-74.275,50.352],[-75.398,50.699],[-77.319,51.123],[-77.582,51.147],[-78.315,51.261],[-78.457,51.33],[-78.585,51.437],[-78.637,51.545],[-78.637,51.697],[-78.588,51.79],[-78.433,51.845],[-78.236,51.866],[-77.952,51.866],[-77.672,51.904],[-77.354,52.018],[-76.967,52.195],[-76.592,52.296],[-76.044,52.282],[-75.848,52.264],[-75.776,52.238]]]}},{"type":"Feature","properties":{"density":2},"geometry":{"type":"Polygon","coordinates":[[[-121.762,50.149],[-121.666,50.392],[-121.332,50.823],[-121.053,51.005],[-119.61,51.461],[-119.448,51.536],[-119.271,51.688],[-118.816,51.967],[-118.633,52.028],[-118.183,52.043],[-117.58,51.921],[-117.342,51.805],[-117.266,51.734],[-117.216,51.359],[-117.211,50.701],[-117.185,50.387],[-117.226,50.24],[-117.398,50.084],[-117.57,49.977],[-117.869,49.922],[-118.527,49.876],[-119.307,49.901],[-120.01,49.82],[-120.633,49.77],[-121.235,49.754],[-121.438,49.775],[-121.696,49.886],[-121.732,49.952],[-121.762,50.149]]]}},{"type":"Feature","properties":{"density":2},"geometry":{"type":"Polygon","coordinates":[[[-113.769,57.14],[-113.556,57.105],[-113.131,56.994],[-112.509,56.786],[-112.23,56.644],[-111.501,56.71],[-111.37,56.837],[-111.132,56.928],[-110.965,56.968],[-110.438,56.73],[-110.038,56.513],[-109.755,56.32],[-109.279,55.763],[-108.646,55.358],[-108.413,55.247],[-107.876,55.034],[-107.578,54.953],[-106.798,54.64],[-106.575,54.624],[-106.378,54.543],[-106.231,54.457],[-106.18,54.361],[-106.261,54.214],[-106.459,54.078],[-106.909,54.032],[-107.816,54.047],[-108.388,54.007],[-108.615,53.981],[-109.172,53.85],[-109.486,53.733],[-109.79,53.587],[-110.19,53.344],[-110.225,53.182],[-110.132,52.807],[-110.025,52.64],[-110.086,52.48],[-110.276,52.397],[-110.542,52.427],[-111.324,52.587],[-111.78,52.792],[-112.076,52.906],[-113.106,53.141],[-113.207,53.131],[-113.531,53.146],[-113.825,53.278],[-113.941,53.48],[-114.129,54.037],[-114.28,55.085],[-114.306,55.414],[-114.331,56.266],[-114.297,56.742],[-114.193,56.935],[-114.102,57.019],[-113.869,57.117],[-113.769,57.14]]]}},{"type":"Feature","properties":{"density":2},"geometry":{"type":"Polygon","coordinates":[[[-108.649,37.66],[-108.507,38.182],[-108.496,38.439],[-108.547,38.585],[-108.766,38.853],[-108.957,38.965],[-109.231,39.001],[-109.294,38.972],[-109.342,38.914],[-109.321,38.846],[-109.312,38.713],[-109.279,38.682],[-109.105,38.592],[-109.038,38.531],[-109.027,38.475],[-109.049,38.43],[-109.092,38.401],[-109.299,38.338],[-109.375,38.293],[-109.51,38.178],[-109.593,37.902],[-109.58,37.833],[-109.562,37.806],[-109.52,37.791],[-109.338,37.792],[-109.067,37.884],[-109.022,37.882],[-108.987,37.866],[-108.912,37.671],[-108.87,37.626],[-108.813,37.596],[-108.708,37.593],[-108.653,37.629],[-108.649,37.66]]]}},{"type":"Feature","properties":{"density":2},"geometry":{"type":"Polygon","coordinates":[[[-105.071,38.238],[-105.201,38.201],[-105.332,38.117],[-105.341,38.043],[-105.341,37.95],[-105.294,37.829],[-105.173,37.699],[-105.136,37.634],[-105.136,37.373],[-105.248,37.094],[-105.35,36.983],[-105.508,36.704],[-105.601,36.425],[-105.778,36.081],[-105.862,36.016],[-106.104,35.95],[-106.187,35.913],[-106.262,35.857],[-106.317,35.764],[-106.345,35.681],[-106.336,35.532],[-106.215,35.355],[-105.973,35.337],[-105.425,35.476],[-105.266,35.56],[-105.062,35.681],[-104.932,35.792],[-104.792,35.96],[-104.578,36.304],[-104.467,36.443],[-104.234,36.564],[-104.002,36.657],[-103.741,36.685],[-103.304,36.685],[-102.913,36.648],[-102.727,36.667],[-102.579,36.732],[-102.495,36.815],[-102.486,36.946],[-102.514,37.113],[-102.597,37.262],[-102.7,37.383],[-102.979,37.578],[-103.36,37.708],[-103.574,37.727],[-103.723,37.764],[-103.899,37.82],[-104.253,37.978],[-104.708,38.099],[-105.071,38.238]]]}},{"type":"Feature","properties":{"density":2},"geometry":{"type":"Polygon","coordinates":[[[-108.651,37.973],[-108.713,37.98],[-108.735,37.968],[-108.753,37.931],[-108.742,37.885],[-108.81,37.828],[-108.816,37.742],[-108.807,37.705],[-108.772,37.67],[-108.718,37.672],[-108.673,37.707],[-108.586,37.839],[-108.584,37.879],[-108.614,37.946],[-108.651,37.973]]]}},{"type":"Feature","properties":{"density":2},"geometry":{"type":"Polygon","coordinates":[[[-109.496,37.938],[-109.568,37.915],[-109.582,37.859],[-109.564,37.839],[-109.511,37.823],[-109.403,37.828],[-109.304,37.81],[-109.241,37.814],[-109.064,37.871],[-108.999,37.923],[-109.015,37.975],[-109.043,37.996],[-109.147,38.013],[-109.309,37.961],[-109.496,37.938]]]}},{"type":"Feature","properties":{"density":2},"geometry":{"type":"Polygon","coordinates":[[[-115.922,54.596],[-116.406,54.642],[-116.806,54.549],[-117.42,54.159],[-117.606,53.973],[-117.959,53.526],[-118.312,52.94],[-118.433,52.773],[-118.722,52.457],[-119.094,52.169],[-119.187,52.057],[-119.373,51.759],[-119.466,51.648],[-119.615,51.536],[-119.959,51.322],[-120.163,51.22],[-120.349,51.136],[-120.572,51.071],[-121.149,50.848],[-121.465,50.699],[-121.558,50.634],[-121.633,50.532],[-121.67,50.401],[-121.679,50.178],[-121.614,50.039],[-121.503,49.927],[-121.363,49.834],[-121.158,49.732],[-121.019,49.713],[-120.796,49.713],[-120.651,49.741],[-120.532,49.791],[-120.198,49.819],[-118.945,49.983],[-118.675,49.983],[-118.443,49.955],[-118.192,49.946],[-117.792,49.992],[-117.578,50.039],[-117.494,50.104],[-117.41,50.197],[-117.187,50.513],[-116.955,51.211],[-116.545,51.936],[-116.397,52.076],[-115.95,52.355],[-115.866,52.438],[-115.755,52.624],[-115.671,52.959],[-115.662,53.266],[-115.494,53.536],[-115.327,53.852],[-115.308,54.215],[-115.355,54.382],[-115.439,54.447],[-115.668,54.555],[-115.922,54.596]]]}},{"type":"Feature","properties":{"density":2},"geometry":{"type":"Polygon","coordinates":[[[-111.521,56.919],[-112.009,57.073],[-112.47,57.24],[-113.153,57.366],[-113.572,57.394],[-113.934,57.394],[-114.269,57.254],[-114.437,56.947],[-114.492,56.556],[-114.52,56.096],[-114.479,55.678],[-114.381,55.259],[-114.325,54.785],[-114.325,54.296],[-114.255,53.878],[-114.018,53.571],[-113.781,53.459],[-113.474,53.362],[-113.097,53.306],[-112.735,53.334],[-112.358,53.418],[-111.856,53.362],[-111.535,53.166],[-111.228,52.929],[-110.614,52.692],[-110.279,52.664],[-109.959,52.706],[-109.582,52.971],[-109.289,53.25],[-108.898,53.557],[-108.201,53.808],[-107.726,53.934],[-106.834,54.017],[-106.401,53.976],[-106.052,53.92],[-105.745,53.85],[-105.132,53.836],[-104.922,53.962],[-104.853,54.241],[-105.048,54.589],[-105.341,54.757],[-105.648,54.841],[-106.429,54.994],[-107.322,55.245],[-107.712,55.399],[-108.201,55.566],[-108.703,55.873],[-109.289,56.096],[-110.503,56.668],[-110.726,56.738],[-111.521,56.919]]]}},{"type":"Feature","properties":{"density":2},"geometry":{"type":"Polygon","coordinates":[[[-121.294,64.661],[-121.472,64.785],[-121.786,65.045],[-121.844,65.074],[-121.898,65.07],[-121.918,65.033],[-121.918,64.987],[-121.819,64.839],[-121.579,64.599],[-121.369,64.438],[-121.249,64.363],[-120.86,64.169],[-120.6,64.061],[-120.525,64.004],[-120.24,63.863],[-119.872,63.648],[-119.794,63.632],[-119.777,63.665],[-119.785,63.706],[-119.827,63.764],[-119.922,63.834],[-120.711,64.268],[-121.294,64.661]]]}},{"type":"Feature","properties":{"density":2},"geometry":{"type":"Polygon","coordinates":[[[-119.636,66.019],[-119.759,66.107],[-119.849,66.091],[-119.856,66.032],[-119.834,65.958],[-119.667,65.764],[-119.489,65.644],[-119.438,65.622],[-119.373,65.63],[-119.359,65.644],[-119.359,65.709],[-119.386,65.753],[-119.564,65.925],[-119.636,66.019]]]}},{"type":"Feature","properties":{"density":2},"geometry":{"type":"Polygon","coordinates":[[[-119.353,65.89],[-119.421,65.936],[-119.441,65.929],[-119.449,65.901],[-119.338,65.655],[-119.28,65.58],[-119.147,65.473],[-119.028,65.468],[-119.013,65.494],[-119.057,65.578],[-119.243,65.727],[-119.353,65.89]]]}},{"type":"Feature","properties":{"density":2},"geometry":{"type":"Polygon","coordinates":[[[-118.859,65.745],[-119.03,65.896],[-119.18,66.098],[-119.296,66.214],[-119.338,66.241],[-119.434,66.262],[-119.48,66.228],[-119.494,66.127],[-119.375,65.89],[-119.151,65.65],[-119.094,65.609],[-118.872,65.573],[-118.831,65.6],[-118.822,65.624],[-118.822,65.67],[-118.859,65.745]]]}},{"type":"Feature","properties":{"density":2},"geometry":{"type":"Polygon","coordinates":[[[-118.318,65.814],[-118.384,65.831],[-118.412,65.823],[-118.43,65.748],[-118.416,65.7],[-118.294,65.52],[-118.131,65.331],[-117.956,65.193],[-117.751,65.074],[-117.649,65.03],[-117.587,65.037],[-117.583,65.07],[-117.616,65.131],[-117.714,65.217],[-117.971,65.379],[-118.107,65.533],[-118.283,65.792],[-118.318,65.814]]]}},{"type":"Feature","properties":{"density":2},"geometry":{"type":"Polygon","coordinates":[[[-118.191,65.968],[-118.326,66.079],[-118.405,66.112],[-118.603,66.139],[-118.634,66.117],[-118.642,66.035],[-118.603,65.978],[-118.557,65.932],[-118.461,65.875],[-118.298,65.82],[-118.142,65.586],[-117.925,65.366],[-117.784,65.263],[-117.644,65.224],[-117.62,65.235],[-117.616,65.333],[-117.811,65.63],[-118.191,65.968]]]}},{"type":"Feature","properties":{"density":2},"geometry":{"type":"Polygon","coordinates":[[[-117.484,66.106],[-117.872,66.227],[-118.015,66.257],[-118.127,66.255],[-118.219,66.226],[-118.247,66.2],[-118.265,66.152],[-118.269,66.055],[-118.237,65.998],[-118.147,65.924],[-118.092,65.904],[-117.642,65.838],[-117.543,65.777],[-117.425,65.619],[-117.368,65.601],[-117.289,65.544],[-117.12,65.533],[-117.102,65.561],[-117.102,65.625],[-117.141,65.755],[-117.256,65.911],[-117.484,66.106]]]}},{"type":"Feature","properties":{"density":2},"geometry":{"type":"Polygon","coordinates":[[[-117.006,66.159],[-117.082,66.18],[-117.139,66.121],[-117.141,66.053],[-117.087,65.737],[-117.051,65.616],[-117.012,65.559],[-116.948,65.502],[-116.882,65.496],[-116.821,65.52],[-116.804,65.61],[-116.871,65.759],[-116.946,66.058],[-117.006,66.159]]]}},{"type":"Feature","properties":{"density":2},"geometry":{"type":"Polygon","coordinates":[[[-116.997,65.401],[-117.084,65.456],[-117.13,65.463],[-117.231,65.426],[-117.367,65.425],[-117.53,65.5],[-117.569,65.496],[-117.604,65.465],[-117.611,65.355],[-117.582,65.292],[-117.523,65.234],[-117.424,65.178],[-117.187,65.083],[-117.023,65.068],[-116.926,65.112],[-116.902,65.149],[-116.909,65.278],[-116.997,65.401]]]}},{"type":"Feature","properties":{"density":2},"geometry":{"type":"Polygon","coordinates":[[[-117.083,65.079],[-117.337,65.217],[-117.441,65.241],[-117.593,65.244],[-117.756,65.197],[-117.78,65.153],[-117.783,65.101],[-117.709,64.982],[-117.309,64.751],[-116.849,64.61],[-116.449,64.379],[-116.356,64.362],[-116.331,64.398],[-116.328,64.439],[-116.339,64.489],[-116.38,64.55],[-116.557,64.663],[-116.755,64.737],[-116.896,64.814],[-116.94,64.853],[-117.036,65.046],[-117.083,65.079]]]}},{"type":"Feature","properties":{"density":2},"geometry":{"type":"Polygon","coordinates":[[[-116.101,65.645],[-116.261,65.642],[-116.487,65.576],[-116.525,65.482],[-116.503,65.372],[-116.473,65.312],[-116.401,65.229],[-116.291,65.149],[-116.079,65.036],[-115.908,64.984],[-115.748,64.827],[-115.715,64.805],[-115.654,64.796],[-115.621,64.835],[-115.621,64.926],[-115.638,64.97],[-115.803,65.163],[-115.875,65.276],[-115.919,65.458],[-115.96,65.557],[-116.043,65.631],[-116.101,65.645]]]}},{"type":"Feature","properties":{"density":2},"geometry":{"type":"Polygon","coordinates":[[[-115.765,65.438],[-115.833,65.482],[-115.894,65.485],[-115.927,65.471],[-115.938,65.419],[-115.916,65.358],[-115.869,65.295],[-115.765,65.21],[-115.715,65.138],[-115.61,65.036],[-115.453,64.951],[-115.384,64.937],[-115.348,64.964],[-115.354,65.02],[-115.401,65.086],[-115.641,65.279],[-115.765,65.438]]]}},{"type":"Feature","properties":{"density":2},"geometry":{"type":"Polygon","coordinates":[[[-115.856,65.323],[-115.889,65.342],[-115.93,65.336],[-115.949,65.284],[-115.924,65.221],[-115.831,65.097],[-115.511,64.884],[-115.47,64.849],[-115.423,64.763],[-115.348,64.76],[-115.332,64.783],[-115.326,64.862],[-115.365,64.962],[-115.621,65.174],[-115.856,65.323]]]}},{"type":"Feature","properties":{"density":2},"geometry":{"type":"Polygon","coordinates":[[[-110.617,63.685],[-110.798,63.696],[-110.85,63.659],[-110.857,63.541],[-110.812,63.492],[-110.732,63.441],[-110.366,63.262],[-110.228,63.21],[-109.999,63.163],[-109.837,63.094],[-109.765,63.086],[-109.782,63.138],[-109.823,63.177],[-110.242,63.345],[-110.38,63.436],[-110.515,63.634],[-110.545,63.664],[-110.617,63.685]]]}},{"type":"Feature","properties":{"density":2},"geometry":{"type":"Polygon","coordinates":[[[-103.545,56.984],[-103.694,57.043],[-103.738,57.044],[-103.789,56.991],[-103.804,56.943],[-103.791,56.769],[-103.778,56.73],[-103.718,56.657],[-103.527,56.513],[-103.383,56.451],[-102.88,56.284],[-102.819,56.282],[-102.79,56.297],[-102.786,56.394],[-102.856,56.504],[-102.977,56.567],[-103.205,56.644],[-103.266,56.686],[-103.545,56.984]]]}},{"type":"Feature","properties":{"density":2},"geometry":{"type":"Polygon","coordinates":[[[-103.533,55.718],[-103.599,55.748],[-103.703,55.766],[-103.718,55.756],[-103.728,55.702],[-103.661,55.624],[-103.487,55.528],[-103.43,55.524],[-103.436,55.608],[-103.533,55.718]]]}},{"type":"Feature","properties":{"density":2},"geometry":{"type":"Polygon","coordinates":[[[-103.887,55.611],[-103.951,55.613],[-103.97,55.573],[-103.928,55.536],[-103.799,55.491],[-103.554,55.443],[-103.492,55.455],[-103.505,55.497],[-103.556,55.532],[-103.887,55.611]]]}},{"type":"Feature","properties":{"density":2},"geometry":{"type":"Polygon","coordinates":[[[-103.534,55.568],[-103.561,55.576],[-103.574,55.561],[-103.542,55.522],[-103.408,55.444],[-103.372,55.457],[-103.386,55.493],[-103.479,55.525],[-103.534,55.568]]]}},{"type":"Feature","properties":{"density":2},"geometry":{"type":"Polygon","coordinates":[[[-102.581,55.495],[-102.848,55.537],[-102.912,55.522],[-102.929,55.463],[-102.872,55.417],[-102.497,55.318],[-102.308,55.25],[-102.017,55.19],[-101.942,55.201],[-101.925,55.217],[-101.927,55.263],[-101.953,55.305],[-101.988,55.327],[-102.581,55.495]]]}},{"type":"Feature","properties":{"density":2},"geometry":{"type":"Polygon","coordinates":[[[-98.678,55.449],[-98.758,55.488],[-98.843,55.501],[-98.973,55.455],[-99.301,55.474],[-99.391,55.463],[-99.441,55.424],[-99.504,55.292],[-99.587,55.262],[-99.769,55.256],[-100.116,55.311],[-100.315,55.325],[-100.458,55.314],[-100.756,55.24],[-100.913,55.146],[-100.946,55.052],[-100.899,54.989],[-100.783,54.92],[-100.563,54.89],[-100.13,54.873],[-99.981,54.79],[-99.94,54.741],[-99.904,54.639],[-99.819,54.515],[-99.686,54.44],[-99.652,54.451],[-99.596,54.427],[-99.497,54.358],[-99.404,54.247],[-99.354,54.117],[-99.311,53.856],[-99.286,53.273],[-99.243,53.137],[-99.156,52.982],[-98.933,52.815],[-98.678,52.697],[-98.368,52.66],[-98.257,52.672],[-98.114,52.722],[-98.065,52.802],[-98.015,52.932],[-98.009,53.112],[-97.947,53.602],[-97.823,53.8],[-97.736,53.9],[-97.674,54.024],[-97.624,54.228],[-97.618,54.383],[-97.637,54.588],[-97.724,54.755],[-97.897,54.941],[-98.089,55.065],[-98.226,55.177],[-98.424,55.282],[-98.505,55.35],[-98.678,55.449]]]}},{"type":"Feature","properties":{"density":2},"geometry":{"type":"Polygon","coordinates":[[[-99.121,56.852],[-99.277,56.857],[-99.327,56.821],[-99.325,56.793],[-99.286,56.743],[-99.092,56.651],[-98.77,56.541],[-98.575,56.411],[-98.519,56.392],[-98.372,56.37],[-98.247,56.381],[-98.118,56.372],[-98.052,56.394],[-98.035,56.512],[-98.059,56.561],[-98.124,56.626],[-98.181,56.653],[-98.689,56.789],[-99.121,56.852]]]}},{"type":"Feature","properties":{"density":2},"geometry":{"type":"Polygon","coordinates":[[[-78.121,51.705],[-77.843,51.657],[-77.248,51.705],[-77.187,51.682],[-77.165,51.66],[-77.165,51.635],[-77.2,51.609],[-77.356,51.594],[-77.588,51.585],[-78.009,51.6],[-78.183,51.559],[-78.236,51.563],[-78.282,51.594],[-78.236,51.675],[-78.183,51.706],[-78.121,51.705]]]}},{"type":"Feature","properties":{"density":2},"geometry":{"type":"Polygon","coordinates":[[[-78.512,51.727],[-78.571,51.695],[-78.551,51.659],[-78.468,51.649],[-78.211,51.695],[-77.994,51.699],[-77.929,51.757],[-77.948,51.788],[-78.088,51.802],[-78.33,51.739],[-78.512,51.727]]]}},{"type":"Feature","properties":{"density":2},"geometry":{"type":"Polygon","coordinates":[[[-66.405,54.697],[-66.535,54.61],[-66.709,54.536],[-67.478,54.263],[-68.06,54.114],[-68.401,54.04],[-69.84,53.86],[-70.032,53.823],[-70.435,53.711],[-70.609,53.643],[-70.727,53.575],[-70.77,53.488],[-70.77,53.438],[-70.708,53.383],[-70.454,53.345],[-69.449,53.426],[-69.183,53.469],[-68.308,53.668],[-68.017,53.699],[-67.478,53.823],[-67.242,53.91],[-66.696,54.028],[-66.324,54.133],[-65.989,54.325],[-65.822,54.468],[-65.698,54.654],[-65.655,54.815],[-65.655,54.927],[-65.884,55.02],[-66.405,54.697]]]}},{"type":"Feature","properties":{"density":2},"geometry":{"type":"Polygon","coordinates":[[[-71.569,53.991],[-71.615,53.983],[-71.73,53.879],[-71.734,53.834],[-71.718,53.797],[-71.532,53.797],[-71.052,54.008],[-70.631,54.123],[-70.507,54.152],[-70.222,54.177],[-70.036,54.21],[-69.349,54.367],[-68.531,54.615],[-68.382,54.681],[-68.118,54.826],[-68.047,54.888],[-68.002,54.946],[-67.994,55.037],[-68.068,55.099],[-68.134,55.099],[-68.242,55.062],[-68.345,55.008],[-68.564,54.847],[-69.002,54.59],[-69.134,54.528],[-69.32,54.47],[-69.701,54.38],[-70.825,54.198],[-71.569,53.991]]]}},{"type":"Feature","properties":{"density":2},"geometry":{"type":"Polygon","coordinates":[[[-99.125,56.869],[-99.074,56.862],[-98.971,56.796],[-98.928,56.746],[-98.92,56.635],[-99.019,56.374],[-99.127,56.165],[-99.18,55.983],[-99.226,55.922],[-99.269,55.927],[-99.312,55.97],[-99.345,56.048],[-99.362,56.215],[-99.251,56.556],[-99.211,56.781],[-99.163,56.847],[-99.125,56.869]]]}},{"type":"Feature","properties":{"density":2},"geometry":{"type":"Polygon","coordinates":[[[-98.801,55.45],[-98.848,55.403],[-98.979,55.098],[-99.121,54.973],[-99.141,54.928],[-99.11,54.862],[-99.055,54.839],[-98.779,54.86],[-98.659,54.946],[-98.597,55.167],[-98.609,55.356],[-98.627,55.386],[-98.705,55.44],[-98.758,55.459],[-98.801,55.45]]]}},{"type":"Feature","properties":{"density":2},"geometry":{"type":"Polygon","coordinates":[[[-102.02,55.191],[-102.262,55.229],[-102.715,55.229],[-103.024,55.285],[-103.105,55.319],[-103.148,55.363],[-103.148,55.421],[-103.068,55.461],[-102.931,55.459],[-102.035,55.304],[-101.923,55.241],[-101.923,55.202],[-102.02,55.191]]]}},{"type":"Feature","properties":{"density":2},"geometry":{"type":"Polygon","coordinates":[[[-102.919,56.341],[-103.117,56.461],[-103.243,56.561],[-103.294,56.657],[-103.298,56.707],[-103.284,56.728],[-103.252,56.736],[-103.193,56.718],[-103.082,56.652],[-102.876,56.448],[-102.839,56.338],[-102.867,56.311],[-102.919,56.341]]]}},{"type":"Feature","properties":{"density":2},"geometry":{"type":"Polygon","coordinates":[[[-104.384,56.205],[-104.508,56.278],[-104.539,56.356],[-104.523,56.378],[-104.475,56.385],[-104.403,56.37],[-104.304,56.3],[-104.29,56.267],[-104.331,56.202],[-104.349,56.189],[-104.384,56.205]]]}},{"type":"Feature","properties":{"density":2},"geometry":{"type":"Polygon","coordinates":[[[-114.218,55.906],[-114.423,56.077],[-114.685,56.156],[-114.879,56.179],[-115.152,56.168],[-115.665,55.837],[-115.824,55.689],[-116.064,55.325],[-116.291,54.846],[-116.815,53.947],[-117.271,53.423],[-117.738,52.956],[-118.513,52.397],[-118.718,52.215],[-119.253,51.896],[-119.8,51.6],[-120.153,51.384],[-120.722,51.133],[-121.52,50.712],[-121.736,50.575],[-121.827,50.472],[-121.884,50.324],[-121.873,50.154],[-121.759,50.028],[-121.542,49.869],[-121.36,49.743],[-121.155,49.641],[-120.962,49.573],[-120.745,49.538],[-120.551,49.538],[-120.05,49.607],[-119.697,49.686],[-119.412,49.721],[-119.105,49.823],[-118.604,49.96],[-118.194,49.994],[-117.818,50.062],[-117.237,50.256],[-116.975,50.404],[-116.747,50.575],[-116.622,50.7],[-116.451,51.019],[-116.155,51.452],[-115.915,51.942],[-115.517,52.5],[-115.186,52.796],[-114.64,53.195],[-114.412,53.4],[-114.139,53.582],[-113.956,53.776],[-113.842,54.015],[-113.797,54.231],[-113.785,54.733],[-113.842,54.972],[-114.036,55.564],[-114.218,55.906]]]}},{"type":"Feature","properties":{"density":2},"geometry":{"type":"Polygon","coordinates":[[[-109.713,56.54],[-109.987,56.73],[-110.503,57.125],[-110.989,57.353],[-111.224,57.429],[-111.422,57.459],[-111.634,57.459],[-111.764,57.398],[-111.809,57.208],[-111.764,56.943],[-111.619,56.7],[-111.414,56.479],[-111.316,56.274],[-111.118,55.705],[-110.966,55.439],[-110.746,55.28],[-110.511,55.158],[-109.804,54.892],[-109.303,54.748],[-108.999,54.68],[-108.817,54.596],[-108.392,54.209],[-108.065,54.027],[-107.784,53.905],[-107.443,53.867],[-107.185,53.92],[-106.987,53.989],[-106.759,54.027],[-106.547,54.027],[-105.962,53.943],[-105.438,53.92],[-105.195,53.973],[-105.043,54.14],[-105.043,54.52],[-105.233,54.839],[-105.544,55.12],[-106.008,55.409],[-106.433,55.598],[-106.98,55.811],[-107.595,55.978],[-108.718,56.183],[-109.129,56.289],[-109.584,56.411],[-109.713,56.54]]]}},{"type":"Feature","properties":{"density":2},"geometry":{"type":"Polygon","coordinates":[[[-120.832,64.54],[-121.143,64.742],[-121.626,65.097],[-121.784,65.181],[-121.96,65.242],[-122.085,65.255],[-122.118,65.215],[-122.098,65.131],[-121.956,64.975],[-121.636,64.726],[-121.264,64.52],[-121.113,64.449],[-120.816,64.368],[-120.745,64.385],[-120.724,64.425],[-120.748,64.476],[-120.778,64.516],[-120.832,64.54]]]}},{"type":"Feature","properties":{"density":2},"geometry":{"type":"Polygon","coordinates":[[[-120.073,63.72],[-119.928,63.652],[-119.773,63.602],[-119.617,63.592],[-119.58,63.608],[-119.57,63.639],[-119.628,63.733],[-119.702,63.791],[-120.043,63.963],[-120.279,64.159],[-120.579,64.368],[-120.866,64.486],[-121.099,64.526],[-121.399,64.634],[-121.457,64.648],[-121.639,64.648],[-121.777,64.702],[-121.818,64.695],[-121.831,64.648],[-121.821,64.587],[-121.75,64.523],[-121.558,64.354],[-121.187,64.138],[-120.897,63.98],[-120.708,63.899],[-120.073,63.72]]]}},{"type":"Feature","properties":{"density":2},"geometry":{"type":"Polygon","coordinates":[[[-119.171,64.198],[-119.61,64.465],[-119.663,64.466],[-119.664,64.433],[-119.6,64.369],[-119.279,64.198],[-119.183,64.112],[-119.139,64.103],[-119.135,64.139],[-119.171,64.198]]]}},{"type":"Feature","properties":{"density":2},"geometry":{"type":"Polygon","coordinates":[[[-118.855,65.748],[-119.213,66.045],[-119.395,66.278],[-119.618,66.45],[-119.729,66.508],[-119.962,66.589],[-120.431,66.889],[-120.542,66.93],[-120.63,66.94],[-120.715,66.94],[-120.785,66.896],[-120.806,66.815],[-120.789,66.66],[-120.742,66.558],[-120.647,66.413],[-120.553,66.302],[-120.424,66.218],[-120.097,66.056],[-119.921,65.873],[-119.776,65.674],[-119.689,65.583],[-119.338,65.33],[-119.122,65.246],[-118.966,65.232],[-118.906,65.242],[-118.814,65.357],[-118.794,65.428],[-118.811,65.664],[-118.855,65.748]]]}},{"type":"Feature","properties":{"density":2},"geometry":{"type":"Polygon","coordinates":[[[-116.512,65.889],[-116.821,66.218],[-117.099,66.36],[-117.246,66.4],[-117.347,66.395],[-117.398,66.258],[-117.373,66.091],[-117.256,65.894],[-117.145,65.727],[-117.018,65.575],[-116.674,65.281],[-116.299,65.048],[-115.773,64.775],[-115.621,64.719],[-115.332,64.669],[-115.256,64.714],[-115.256,64.917],[-115.307,65.053],[-115.474,65.236],[-115.813,65.474],[-116.451,65.788],[-116.512,65.889]]]}},{"type":"Feature","properties":{"density":2},"geometry":{"type":"Polygon","coordinates":[[[-117.317,66.557],[-117.54,66.744],[-117.712,66.8],[-117.783,66.795],[-117.803,66.724],[-117.742,66.603],[-117.631,66.501],[-117.454,66.395],[-117.373,66.365],[-117.312,66.36],[-117.276,66.375],[-117.271,66.496],[-117.317,66.557]]]}},{"type":"Feature","properties":{"density":2},"geometry":{"type":"Polygon","coordinates":[[[-118.279,66.82],[-118.355,66.871],[-118.441,66.876],[-118.456,66.815],[-118.4,66.658],[-118.344,66.577],[-118.294,66.542],[-118.243,66.552],[-118.213,66.668],[-118.279,66.82]]]}},{"type":"Feature","properties":{"density":2},"geometry":{"type":"Polygon","coordinates":[[[-117.008,65.626],[-117.393,65.879],[-117.54,66.015],[-117.702,66.112],[-117.99,66.223],[-118.122,66.258],[-118.258,66.258],[-118.314,66.172],[-118.177,66.025],[-117.904,65.894],[-117.367,65.555],[-117.099,65.458],[-116.917,65.438],[-116.892,65.494],[-116.922,65.555],[-117.008,65.626]]]}},{"type":"Feature","properties":{"density":2},"geometry":{"type":"Polygon","coordinates":[[[-117.793,65.504],[-117.914,65.6],[-118.107,65.858],[-118.263,66.025],[-118.456,66.142],[-118.562,66.177],[-118.603,66.061],[-118.507,65.813],[-118.36,65.595],[-118.177,65.393],[-117.828,65.074],[-117.651,64.927],[-117.038,64.578],[-116.836,64.481],[-116.588,64.395],[-116.426,64.36],[-116.39,64.456],[-116.527,64.603],[-117.2,65.064],[-117.474,65.322],[-117.595,65.403],[-117.793,65.504]]]}},{"type":"Feature","properties":{"density":2},"geometry":{"type":"Polygon","coordinates":[[[-110.817,63.56],[-110.925,63.567],[-110.976,63.553],[-110.976,63.499],[-110.881,63.371],[-110.776,63.294],[-110.614,63.216],[-110.432,63.169],[-110.145,63.148],[-109.798,63.071],[-109.7,63.074],[-109.676,63.101],[-109.676,63.142],[-109.75,63.209],[-110.064,63.327],[-110.311,63.462],[-110.537,63.53],[-110.817,63.56]]]}},{"type":"Feature","properties":{"density":2},"geometry":{"type":"Polygon","coordinates":[[[-106.267,61.805],[-106.432,61.844],[-106.677,61.855],[-106.81,61.787],[-106.929,61.765],[-106.938,61.742],[-106.895,61.7],[-106.771,61.673],[-106.452,61.682],[-106.267,61.65],[-106.169,61.657],[-106.15,61.678],[-106.165,61.726],[-106.267,61.805]]]}},{"type":"Feature","properties":{"density":2},"geometry":{"type":"Polygon","coordinates":[[[-107.498,59.068],[-107.608,59.111],[-107.914,59.102],[-108.038,59.134],[-108.141,59.14],[-108.168,59.111],[-108.17,59.046],[-108.114,58.974],[-107.993,58.891],[-107.657,58.798],[-107.039,58.553],[-106.582,58.429],[-106.49,58.436],[-106.49,58.524],[-106.553,58.605],[-106.625,58.659],[-106.854,58.783],[-107.212,58.9],[-107.34,58.992],[-107.498,59.068]]]}},{"type":"Feature","properties":{"density":2},"geometry":{"type":"Polygon","coordinates":[[[-102.927,55.687],[-103.075,55.712],[-103.127,55.685],[-103.132,55.618],[-103.082,55.539],[-102.997,55.485],[-102.857,55.462],[-102.542,55.467],[-102.36,55.402],[-102.304,55.368],[-102.133,55.204],[-102.036,55.168],[-101.948,55.19],[-101.917,55.228],[-101.919,55.316],[-101.986,55.431],[-102.148,55.566],[-102.272,55.629],[-102.466,55.674],[-102.927,55.687]]]}},{"type":"Feature","properties":{"density":2},"geometry":{"type":"Polygon","coordinates":[[[-103.62,56.895],[-103.778,56.983],[-103.875,56.992],[-103.965,56.971],[-104.016,56.922],[-104.019,56.877],[-103.992,56.803],[-103.915,56.69],[-103.758,56.564],[-103.67,56.519],[-103.105,56.344],[-102.909,56.263],[-102.831,56.242],[-102.774,56.254],[-102.75,56.301],[-102.75,56.371],[-102.815,56.503],[-102.876,56.548],[-103.038,56.623],[-103.294,56.683],[-103.407,56.733],[-103.62,56.895]]]}},{"type":"Feature","properties":{"density":2},"geometry":{"type":"Polygon","coordinates":[[[-99.124,56.768],[-99.183,56.761],[-99.165,56.707],[-99.135,56.689],[-98.773,56.631],[-98.568,56.518],[-98.465,56.5],[-98.451,56.525],[-98.469,56.575],[-98.503,56.606],[-98.591,56.665],[-98.674,56.698],[-99.039,56.743],[-99.124,56.768]]]}},{"type":"Feature","properties":{"density":2},"geometry":{"type":"Polygon","coordinates":[[[-98.647,55.467],[-98.708,55.485],[-98.758,55.473],[-98.887,55.254],[-98.956,55.229],[-99.155,55.211],[-99.277,55.133],[-99.314,54.987],[-99.316,54.908],[-99.304,54.846],[-99.226,54.731],[-99.149,54.708],[-98.984,54.737],[-98.839,54.875],[-98.794,54.906],[-98.695,54.939],[-98.6,55.019],[-98.51,55.044],[-98.351,55.059],[-98.269,55.103],[-98.246,55.137],[-98.246,55.178],[-98.323,55.316],[-98.405,55.374],[-98.647,55.467]]]}},{"type":"Feature","properties":{"density":2},"geometry":{"type":"Polygon","coordinates":[[[-78.494,51.747],[-78.58,51.74],[-78.6,51.726],[-78.6,51.677],[-78.539,51.632],[-78.481,51.614],[-78.382,51.603],[-77.916,51.483],[-77.648,51.477],[-77.36,51.524],[-77.225,51.562],[-77.155,51.634],[-77.171,51.717],[-77.232,51.76],[-77.308,51.769],[-77.479,51.771],[-77.851,51.738],[-78.091,51.758],[-78.494,51.747]]]}},{"type":"Feature","properties":{"density":2},"geometry":{"type":"Polygon","coordinates":[[[-67.525,55.09],[-68.585,54.953],[-68.79,54.85],[-69.177,54.588],[-69.427,54.509],[-69.644,54.463],[-70.191,54.395],[-70.988,54.201],[-71.25,54.167],[-71.512,54.11],[-71.785,53.996],[-71.865,53.928],[-71.888,53.871],[-71.854,53.78],[-71.569,53.689],[-71.364,53.654],[-70.703,53.643],[-70.464,53.734],[-70.236,53.848],[-70.031,53.916],[-69.792,54.019],[-69.405,54.144],[-69.188,54.247],[-68.721,54.383],[-68.562,54.463],[-67.776,54.554],[-67.616,54.588],[-67.309,54.714],[-67.24,54.771],[-67.195,54.85],[-67.206,54.976],[-67.32,55.055],[-67.525,55.09]]]}},{"type":"Feature","properties":{"density":2},"geometry":{"type":"Polygon","coordinates":[[[-69.978,53.863],[-70.411,53.727],[-70.623,53.681],[-70.768,53.613],[-70.836,53.544],[-70.882,53.332],[-70.791,53.225],[-70.51,53.172],[-70.259,53.18],[-69.978,53.233],[-69.614,53.271],[-68.52,53.278],[-68.262,53.316],[-67.829,53.446],[-67.457,53.582],[-67.001,53.719],[-66.599,53.871],[-65.881,54.102],[-64.697,54.137],[-63.802,54.211],[-63.546,54.211],[-63.153,54.347],[-62.709,54.45],[-62.111,54.757],[-61.786,54.877],[-61.445,54.979],[-60.761,55.15],[-60.454,55.287],[-60.368,55.39],[-60.368,55.629],[-60.556,56.022],[-60.932,56.244],[-61.393,56.363],[-61.974,56.363],[-62.453,56.312],[-63.768,55.8],[-64.657,55.526],[-65.255,55.321],[-66.434,54.86],[-67.066,54.569],[-67.715,54.381],[-68.399,54.211],[-69.133,54.108],[-69.978,53.863]]]}},{"type":"Feature","properties":{"density":2},"geometry":{"type":"Polygon","coordinates":[[[-65.507,53.765],[-65.834,53.613],[-65.849,53.575],[-65.826,53.522],[-65.742,53.469],[-65.636,53.446],[-65.355,53.423],[-65.12,53.446],[-64.915,53.507],[-64.603,53.552],[-64.315,53.621],[-64.201,53.621],[-63.776,53.742],[-63.358,53.94],[-63.214,54.016],[-63.062,54.122],[-62.978,54.243],[-63.009,54.319],[-63.161,54.395],[-63.29,54.426],[-63.457,54.433],[-63.715,54.411],[-64.041,54.342],[-64.209,54.289],[-65.196,53.909],[-65.507,53.765]]]}},{"type":"Feature","properties":{"density":2},"geometry":{"type":"Polygon","coordinates":[[[-66.097,53.355],[-66.75,53.223],[-67.099,53.173],[-67.423,53.077],[-67.474,53.051],[-67.514,52.985],[-67.484,52.955],[-67.423,52.935],[-67.236,52.935],[-66.105,53.199],[-66.051,53.215],[-65.955,53.276],[-65.948,53.298],[-65.966,53.327],[-66.009,53.352],[-66.097,53.355]]]}},{"type":"Feature","properties":{"density":2},"geometry":{"type":"Polygon","coordinates":[[[-100.416,33.753],[-100.462,33.753],[-100.5,33.729],[-100.615,33.587],[-100.644,33.496],[-100.62,33.413],[-100.564,33.425],[-100.48,33.523],[-100.359,33.611],[-100.359,33.683],[-100.39,33.738],[-100.416,33.753]]]}},{"type":"Feature","properties":{"density":2},"geometry":{"type":"Polygon","coordinates":[[[-107.494,38.261],[-107.587,38.236],[-107.63,38.189],[-107.63,38.161],[-107.576,38.138],[-107.404,38.125],[-107.306,38.068],[-107.221,37.981],[-107.077,37.78],[-107.004,37.746],[-106.976,37.78],[-106.984,37.854],[-107.028,37.932],[-107.149,38.073],[-107.249,38.148],[-107.494,38.261]]]}},{"type":"Feature","properties":{"density":2},"geometry":{"type":"Polygon","coordinates":[[[-108.695,37.967],[-108.826,37.896],[-108.858,37.838],[-108.851,37.801],[-108.77,37.782],[-108.434,37.803],[-108.308,37.747],[-108.159,37.71],[-108.043,37.727],[-107.976,37.795],[-107.976,37.846],[-108.016,37.923],[-108.067,37.982],[-108.147,38.021],[-108.398,38.044],[-108.695,37.967]]]}},{"type":"Feature","properties":{"density":2},"geometry":{"type":"Polygon","coordinates":[[[-108.702,37.748],[-108.78,37.733],[-108.811,37.707],[-108.801,37.659],[-108.77,37.632],[-108.728,37.612],[-108.37,37.542],[-108.237,37.536],[-108.17,37.554],[-108.077,37.596],[-107.981,37.612],[-107.95,37.637],[-107.943,37.67],[-107.948,37.722],[-108.028,37.8],[-108.182,37.846],[-108.307,37.848],[-108.702,37.748]]]}},{"type":"Feature","properties":{"density":2},"geometry":{"type":"Polygon","coordinates":[[[-108.419,38.176],[-108.536,38.186],[-108.751,38.16],[-109.068,38.058],[-109.198,38.058],[-109.346,38.087],[-109.437,38.045],[-109.557,37.942],[-109.585,37.861],[-109.537,37.808],[-109.396,37.793],[-109.276,37.816],[-108.966,37.952],[-108.68,38.027],[-108.551,38.042],[-108.353,38.037],[-108.331,38.05],[-108.325,38.102],[-108.378,38.163],[-108.419,38.176]]]}},{"type":"Feature","properties":{"density":2},"geometry":{"type":"Polygon","coordinates":[[[-118.04,45.129],[-118.111,45.106],[-118.232,45.034],[-118.257,45.003],[-118.246,44.976],[-118.202,44.948],[-118.146,44.95],[-118.043,45.003],[-117.912,45.033],[-117.781,45.117],[-117.776,45.154],[-117.829,45.179],[-117.929,45.142],[-118.04,45.129]]]}},{"type":"Feature","properties":{"density":2},"geometry":{"type":"Polygon","coordinates":[[[-123.632,41.14],[-123.701,41.144],[-123.717,41.131],[-123.715,41.107],[-123.585,40.999],[-123.548,40.996],[-123.526,41.012],[-123.535,41.06],[-123.632,41.14]]]}},{"type":"Feature","properties":{"density":2},"geometry":{"type":"Polygon","coordinates":[[[-119.709,37.361],[-119.771,37.393],[-119.819,37.396],[-119.939,37.357],[-120.098,37.353],[-120.119,37.321],[-120.091,37.289],[-120.017,37.262],[-119.742,37.22],[-119.709,37.237],[-119.693,37.273],[-119.709,37.361]]]}},{"type":"Feature","properties":{"density":2},"geometry":{"type":"Polygon","coordinates":[[[-113.019,57.152],[-113.188,57.217],[-113.475,57.296],[-113.905,57.296],[-114.062,57.269],[-114.31,57.139],[-114.44,56.944],[-114.662,56.344],[-114.831,55.744],[-114.922,55.483],[-115.027,55.248],[-115.196,55.04],[-115.874,54.427],[-116.37,53.932],[-116.565,53.671],[-117.178,52.98],[-117.335,52.771],[-117.674,52.406],[-118.104,52.132],[-118.339,52.041],[-118.834,51.793],[-119.264,51.598],[-119.838,51.402],[-120.451,51.141],[-121.077,50.776],[-121.285,50.685],[-121.455,50.58],[-121.598,50.476],[-121.781,50.228],[-121.794,50.02],[-121.755,49.85],[-121.598,49.642],[-121.416,49.524],[-121.155,49.433],[-120.803,49.381],[-120.555,49.368],[-120.242,49.394],[-119.995,49.446],[-119.734,49.459],[-119.447,49.55],[-119.108,49.798],[-118.808,49.929],[-118.482,50.007],[-118.182,50.059],[-117.921,50.007],[-117.608,49.876],[-117.309,49.772],[-117.035,49.72],[-116.696,49.707],[-116.539,49.772],[-116.357,49.968],[-115.939,50.672],[-115.6,51.298],[-115.418,51.493],[-115.222,51.598],[-114.844,51.702],[-114.179,51.963],[-113.762,52.223],[-113.579,52.38],[-113.449,52.523],[-113.136,52.784],[-112.954,52.888],[-112.38,53.293],[-112.236,53.436],[-112.093,53.645],[-111.78,54.127],[-111.571,54.492],[-111.506,54.701],[-111.493,54.949],[-111.519,55.235],[-111.663,55.574],[-111.897,55.966],[-112.289,56.422],[-113.019,57.152]]]}},{"type":"Feature","properties":{"density":2},"geometry":{"type":"Polygon","coordinates":[[[-112.971,65.472],[-113.162,65.519],[-113.307,65.519],[-113.469,65.496],[-113.574,65.438],[-113.684,65.328],[-113.736,65.16],[-113.736,64.922],[-113.585,64.516],[-113.464,64.36],[-113.296,64.209],[-112.872,63.914],[-112.646,63.792],[-112.449,63.722],[-111.818,63.438],[-111.163,63.207],[-110.821,63.131],[-110.41,63.085],[-109.998,63.01],[-109.807,62.992],[-109.575,62.998],[-109.569,63.085],[-109.621,63.23],[-109.679,63.299],[-109.818,63.38],[-110.102,63.502],[-110.589,63.664],[-110.995,63.832],[-111.441,63.96],[-111.766,64.111],[-111.893,64.203],[-111.939,64.366],[-111.957,64.8],[-112.044,65.003],[-112.165,65.154],[-112.363,65.304],[-112.617,65.415],[-112.971,65.472]]]}},{"type":"Feature","properties":{"density":2},"geometry":{"type":"Polygon","coordinates":[[[-108.13,62.309],[-108.367,62.291],[-108.488,62.244],[-108.53,62.208],[-108.55,62.164],[-108.55,62.103],[-108.504,62.025],[-108.362,61.961],[-108.223,61.943],[-107.981,61.837],[-107.597,61.742],[-107.131,61.683],[-106.544,61.654],[-106.232,61.618],[-106.14,61.618],[-106.109,61.649],[-106.121,61.696],[-106.191,61.77],[-106.317,61.819],[-106.446,61.84],[-106.621,61.894],[-106.737,61.982],[-106.894,62.059],[-107.095,62.095],[-107.404,62.188],[-107.801,62.283],[-108.13,62.309]]]}},{"type":"Feature","properties":{"density":2},"geometry":{"type":"Polygon","coordinates":[[[-109.911,62.222],[-110.054,62.234],[-110.068,62.183],[-110.048,62.137],[-109.939,62.049],[-109.714,61.923],[-109.398,61.821],[-109.322,61.818],[-109.328,61.881],[-109.484,62.094],[-109.591,62.152],[-109.801,62.216],[-109.911,62.222]]]}},{"type":"Feature","properties":{"density":2},"geometry":{"type":"Polygon","coordinates":[[[-108.778,55.534],[-108.802,55.556],[-108.858,55.505],[-108.858,55.455],[-108.834,55.399],[-108.733,55.246],[-108.693,55.212],[-108.63,55.19],[-108.635,55.262],[-108.712,55.45],[-108.778,55.534]]]}},{"type":"Feature","properties":{"density":2},"geometry":{"type":"Polygon","coordinates":[[[-106.566,59.189],[-106.621,59.237],[-107.026,59.459],[-107.209,59.59],[-107.332,59.65],[-107.657,59.805],[-108.26,60.015],[-108.653,60.134],[-109.031,60.217],[-109.217,60.194],[-109.3,60.13],[-109.336,60.047],[-109.332,59.908],[-109.281,59.745],[-109.205,59.606],[-108.979,59.293],[-108.769,59.082],[-108.01,58.638],[-107.522,58.471],[-107.26,58.392],[-106.597,58.273],[-106.355,58.253],[-106.296,58.28],[-106.296,58.364],[-106.335,58.471],[-106.53,58.65],[-106.458,58.745],[-106.363,58.796],[-106.331,58.868],[-106.339,59.003],[-106.411,59.118],[-106.566,59.189]]]}},{"type":"Feature","properties":{"density":2},"geometry":{"type":"Polygon","coordinates":[[[-106.093,59.932],[-106.157,59.951],[-106.199,59.927],[-106.172,59.887],[-105.897,59.789],[-105.82,59.747],[-105.381,59.617],[-105.379,59.652],[-105.437,59.704],[-106.093,59.932]]]}},{"type":"Feature","properties":{"density":2},"geometry":{"type":"Polygon","coordinates":[[[-103.396,59.258],[-103.666,59.327],[-103.896,59.303],[-104.09,59.25],[-104.497,59.221],[-105.003,59.377],[-105.106,59.396],[-105.185,59.391],[-105.302,59.34],[-105.349,59.266],[-105.323,59.195],[-105.217,59.052],[-105.087,58.965],[-104.857,58.856],[-104.217,58.634],[-104.029,58.586],[-103.669,58.541],[-103.55,58.565],[-103.357,58.668],[-103.201,58.716],[-103.156,58.745],[-103.134,58.79],[-103.132,58.846],[-103.187,59.023],[-103.275,59.137],[-103.396,59.258]]]}},{"type":"Feature","properties":{"density":2},"geometry":{"type":"Polygon","coordinates":[[[-102.148,58.0],[-102.186,58.027],[-102.252,58.034],[-102.374,57.958],[-102.382,57.907],[-102.33,57.895],[-102.221,57.918],[-102.122,57.911],[-102.105,57.949],[-102.148,58.0]]]}},{"type":"Feature","properties":{"density":2},"geometry":{"type":"Polygon","coordinates":[[[-104.575,61.475],[-104.69,61.481],[-104.749,61.453],[-104.751,61.438],[-104.661,61.402],[-104.543,61.392],[-104.112,61.416],[-103.91,61.35],[-103.871,61.354],[-103.899,61.407],[-104.04,61.462],[-104.191,61.471],[-104.387,61.455],[-104.575,61.475]]]}},{"type":"Feature","properties":{"density":2},"geometry":{"type":"Polygon","coordinates":[[[-100.208,57.932],[-100.282,57.955],[-100.343,57.955],[-100.396,57.895],[-100.403,57.851],[-100.39,57.81],[-100.359,57.777],[-100.276,57.757],[-100.17,57.707],[-100.098,57.696],[-100.08,57.757],[-100.098,57.797],[-100.161,57.897],[-100.208,57.932]]]}},{"type":"Feature","properties":{"density":2},"geometry":{"type":"Polygon","coordinates":[[[-99.441,58.16],[-99.559,58.14],[-99.614,58.096],[-99.618,58.07],[-99.542,58.034],[-99.396,58.008],[-99.261,57.929],[-99.171,57.927],[-99.111,57.944],[-98.918,57.892],[-98.87,57.892],[-98.833,57.912],[-98.83,57.964],[-98.934,58.054],[-99.149,58.068],[-99.28,58.138],[-99.441,58.16]]]}},{"type":"Feature","properties":{"density":2},"geometry":{"type":"Polygon","coordinates":[[[-98.934,56.791],[-99.043,56.815],[-99.146,56.816],[-99.199,56.783],[-99.219,56.723],[-99.186,56.636],[-99.092,56.57],[-98.973,56.537],[-98.872,56.412],[-98.8,56.377],[-98.631,56.342],[-98.429,56.355],[-98.293,56.287],[-98.19,56.212],[-97.873,56.094],[-97.727,56.076],[-97.696,56.115],[-97.7,56.197],[-97.722,56.254],[-97.814,56.42],[-97.874,56.477],[-98.027,56.568],[-98.275,56.679],[-98.934,56.791]]]}},{"type":"Feature","properties":{"density":2},"geometry":{"type":"Polygon","coordinates":[[[-98.55,55.568],[-98.798,55.568],[-98.891,55.513],[-98.971,55.432],[-99.046,55.308],[-99.126,55.215],[-99.225,55.153],[-99.498,55.06],[-99.573,54.986],[-99.616,54.849],[-99.548,54.75],[-99.455,54.676],[-99.318,54.632],[-98.946,54.607],[-98.599,54.483],[-98.512,54.434],[-98.382,54.297],[-98.283,54.118],[-98.209,53.925],[-98.147,53.311],[-98.078,53.063],[-97.979,52.846],[-97.799,52.642],[-97.347,52.251],[-97.179,52.146],[-96.702,51.91],[-96.392,51.792],[-95.908,51.718],[-95.747,51.768],[-95.654,51.904],[-95.648,52.102],[-95.66,52.388],[-95.741,52.654],[-95.883,52.89],[-96.423,53.64],[-96.702,54.136],[-96.937,54.471],[-97.123,54.676],[-97.619,55.035],[-98.103,55.42],[-98.289,55.531],[-98.55,55.568]]]}},{"type":"Feature","properties":{"density":2},"geometry":{"type":"Polygon","coordinates":[[[-86.077,52.465],[-86.684,52.733],[-86.949,52.816],[-87.218,52.87],[-87.482,52.857],[-87.709,52.799],[-87.912,52.704],[-88.156,52.626],[-88.503,52.539],[-88.701,52.452],[-88.859,52.336],[-88.97,52.208],[-89.032,52.043],[-89.049,51.861],[-88.949,51.667],[-88.856,51.586],[-88.677,51.506],[-88.416,51.431],[-87.864,51.344],[-87.12,51.264],[-86.761,51.196],[-86.147,51.003],[-85.75,50.91],[-85.514,50.898],[-85.304,50.966],[-85.198,51.096],[-85.186,51.245],[-85.223,51.431],[-85.477,51.84],[-85.725,52.163],[-86.077,52.465]]]}},{"type":"Feature","properties":{"density":2},"geometry":{"type":"Polygon","coordinates":[[[-78.544,50.315],[-78.696,50.373],[-78.773,50.379],[-78.837,50.365],[-78.941,50.296],[-78.961,50.249],[-78.952,50.194],[-78.905,50.122],[-78.837,50.059],[-78.682,49.976],[-78.602,49.971],[-78.525,49.996],[-78.481,50.037],[-78.465,50.092],[-78.487,50.23],[-78.544,50.315]]]}},{"type":"Feature","properties":{"density":2},"geometry":{"type":"Polygon","coordinates":[[[-78.636,50.977],[-78.718,50.99],[-78.832,50.937],[-78.843,50.892],[-78.799,50.862],[-78.762,50.857],[-78.591,50.865],[-78.578,50.894],[-78.587,50.92],[-78.636,50.977]]]}},{"type":"Feature","properties":{"density":2},"geometry":{"type":"Polygon","coordinates":[[[-78.197,51.886],[-78.404,51.898],[-78.54,51.841],[-78.59,51.795],[-78.615,51.733],[-78.619,51.659],[-78.586,51.58],[-78.528,51.518],[-78.317,51.402],[-78.193,51.361],[-78.053,51.353],[-77.218,51.113],[-76.995,51.068],[-76.532,51.006],[-75.812,50.923],[-75.308,50.906],[-74.866,50.94],[-74.671,50.977],[-74.262,51.092],[-74.097,51.105],[-73.973,51.159],[-73.861,51.237],[-73.812,51.303],[-73.812,51.365],[-73.861,51.489],[-73.994,51.655],[-74.188,51.762],[-74.399,51.812],[-74.795,51.849],[-74.965,51.849],[-75.874,51.758],[-76.399,51.836],[-76.858,51.874],[-77.28,51.845],[-78.197,51.886]]]}},{"type":"Feature","properties":{"density":2},"geometry":{"type":"Polygon","coordinates":[[[-76.971,52.032],[-77.041,52.021],[-77.044,51.991],[-77.011,51.967],[-76.938,51.954],[-76.655,51.965],[-76.495,51.942],[-76.271,51.853],[-76.045,51.798],[-75.935,51.791],[-75.878,51.807],[-75.876,51.844],[-75.92,51.89],[-76.08,51.942],[-76.647,52.022],[-76.971,52.032]]]}},{"type":"Feature","properties":{"density":2},"geometry":{"type":"Polygon","coordinates":[[[-89.325,43.5],[-89.89,43.688],[-90.455,43.814],[-91.145,43.877],[-91.773,43.971],[-92.401,43.908],[-93.531,43.688],[-94.159,43.406],[-95.477,43.123],[-96.105,43.029],[-96.921,42.841],[-97.8,42.558],[-98.585,42.182],[-99.401,41.648],[-100.091,41.115],[-100.688,40.581],[-102.32,39.859],[-103.858,39.796],[-104.768,39.733],[-105.553,39.796],[-106.243,39.828],[-107.028,39.796],[-107.781,39.451],[-108.378,38.949],[-108.598,38.352],[-108.629,37.63],[-108.629,36.846],[-108.252,35.967],[-107.813,35.621],[-107.059,35.245],[-106.181,34.962],[-105.427,34.617],[-105.051,34.021],[-104.705,33.393],[-104.266,32.859],[-103.669,32.64],[-103.042,32.577],[-102.226,32.577],[-101.441,32.671],[-100.248,32.859],[-99.401,33.048],[-98.679,33.361],[-98.082,33.832],[-97.674,34.397],[-97.392,34.994],[-96.89,36.438],[-96.481,37.411],[-95.822,38.446],[-95.1,39.074],[-94.473,39.482],[-93.437,39.953],[-92.652,40.204],[-91.648,40.361],[-90.643,40.424],[-89.89,40.518],[-89.231,40.832],[-88.791,41.146],[-88.509,41.68],[-88.289,42.056],[-88.258,42.527],[-88.446,42.935],[-88.697,43.28],[-89.325,43.5]]]}},{"type":"Feature","properties":{"density":2},"geometry":{"type":"Polygon","coordinates":[[[-133.9,71.595],[-134.308,71.407],[-134.779,70.936],[-135.124,70.371],[-135.375,69.304],[-135.407,68.676],[-135.407,68.049],[-135.313,67.264],[-134.999,66.416],[-134.559,65.537],[-134.026,64.847],[-133.304,64.25],[-132.174,63.748],[-130.95,63.309],[-129.851,63.058],[-127.685,62.807],[-126.681,62.618],[-125.457,62.336],[-124.515,62.053],[-123.667,61.677],[-122.632,61.457],[-121.564,61.3],[-120.78,61.269],[-120.089,61.52],[-119.461,61.802],[-118.394,62.744],[-117.766,63.089],[-117.013,63.34],[-116.448,63.497],[-115.914,63.78],[-115.161,63.968],[-113.372,64.47],[-112.901,64.564],[-112.273,64.596],[-111.52,64.502],[-110.767,64.47],[-109.009,64.47],[-108.036,64.439],[-107.439,64.439],[-106.655,64.47],[-106.058,64.596],[-105.556,64.721],[-104.991,65.035],[-104.583,65.506],[-104.332,66.102],[-104.332,66.699],[-104.52,67.075],[-105.054,67.389],[-105.587,67.515],[-107.031,67.515],[-107.471,67.766],[-107.973,68.205],[-108.35,68.77],[-108.883,69.524],[-109.762,70.214],[-110.735,70.622],[-111.52,70.779],[-112.336,70.811],[-113.278,70.685],[-114.376,70.654],[-115.255,70.654],[-116.197,70.842],[-117.044,71.156],[-117.798,71.47],[-118.425,71.752],[-119.524,72.16],[-120.12,72.317],[-120.905,72.474],[-122.318,72.537],[-123.824,72.663],[-124.578,72.694],[-126.304,72.694],[-127.089,72.631],[-128.156,72.474],[-132.896,72.035],[-133.178,71.941],[-133.9,71.595]]]}},{"type":"Feature","properties":{"density":2},"geometry":{"type":"Polygon","coordinates":[[[-85.658,53.149],[-86.443,53.369],[-87.071,53.432],[-87.636,53.463],[-88.232,53.432],[-88.891,53.306],[-89.582,53.149],[-90.492,53.055],[-91.434,53.118],[-92.281,53.432],[-93.38,53.777],[-94.384,54.216],[-95.294,54.876],[-96.55,55.849],[-97.68,56.885],[-98.653,57.669],[-99.814,58.642],[-101.007,59.615],[-102.294,60.4],[-103.424,60.934],[-104.743,61.216],[-105.747,61.216],[-106.594,60.808],[-107.159,60.275],[-107.505,59.71],[-108.133,58.423],[-108.258,57.732],[-108.321,57.23],[-108.321,56.571],[-107.693,55.409],[-107.097,54.813],[-106.406,54.593],[-105.308,54.342],[-104.24,54.122],[-103.456,54.091],[-102.42,53.903],[-101.604,53.62],[-99.72,53.086],[-98.119,52.302],[-97.46,51.925],[-96.581,50.701],[-96.173,50.356],[-95.546,50.01],[-94.573,49.54],[-93.694,49.257],[-91.716,48.943],[-89.77,48.818],[-89.048,48.818],[-88.075,48.88],[-87.322,49.037],[-86.474,49.1],[-85.752,49.131],[-85.03,49.1],[-83.555,48.975],[-82.833,48.943],[-82.3,48.943],[-81.829,49.1],[-81.578,49.383],[-81.421,50.042],[-81.483,50.356],[-81.64,50.732],[-81.923,51.109],[-82.77,51.956],[-83.618,52.521],[-85.658,53.149]]]}},{"type":"Feature","properties":{"density":2},"geometry":{"type":"Polygon","coordinates":[[[-71.062,56.163],[-72.051,55.88],[-73.087,55.503],[-73.746,54.891],[-74.123,54.138],[-74.217,53.055],[-73.934,52.019],[-73.134,50.748],[-69.32,49.147],[-68.426,49.194],[-67.343,49.383],[-66.354,49.383],[-65.271,49.147],[-64.612,48.818],[-63.623,48.111],[-62.964,47.405],[-62.305,46.934],[-61.363,46.416],[-60.327,46.181],[-59.621,46.134],[-58.774,45.898],[-57.973,45.804],[-56.749,45.522],[-55.76,45.239],[-54.536,44.768],[-53.218,43.968],[-52.088,43.073],[-50.911,42.273],[-49.969,41.567],[-48.933,40.955],[-48.086,40.296],[-47.238,39.731],[-46.579,39.401],[-42.059,37.518],[-41.447,37.376],[-39.093,37.0],[-37.916,36.906],[-36.597,36.953],[-35.609,37.188],[-34.667,37.282],[-34.102,37.471],[-33.443,37.847],[-32.972,38.271],[-31.701,39.683],[-31.371,40.107],[-30.947,40.578],[-30.006,41.473],[-29.77,41.755],[-29.582,42.085],[-29.441,43.168],[-29.582,47.076],[-29.864,47.593],[-30.429,48.017],[-31.277,48.441],[-32.689,48.676],[-33.537,48.723],[-35.938,48.394],[-37.256,48.394],[-38.575,48.676],[-39.705,49.288],[-41.824,50.748],[-42.812,51.69],[-43.942,53.149],[-44.837,54.703],[-45.402,56.068],[-45.873,57.387],[-46.296,58.752],[-46.861,60.259],[-48.651,63.272],[-49.545,64.543],[-50.346,65.391],[-51.193,66.05],[-52.135,66.474],[-53.312,66.709],[-55.195,66.851],[-56.843,66.945],[-59.715,66.286],[-61.269,65.391],[-62.917,64.167],[-64.424,62.848],[-65.554,61.577],[-66.119,60.447],[-67.201,59.223],[-68.284,58.046],[-70.215,56.775],[-71.062,56.163]]]}},{"type":"Feature","properties":{"density":3},"geometry":{"type":"Polygon","coordinates":[[[-127.492,65.557],[-127.823,65.916],[-128.097,66.332],[-128.428,66.729],[-128.947,67.041],[-129.465,67.13],[-129.911,67.126],[-130.091,67.107],[-130.422,67.022],[-130.904,66.861],[-131.338,66.767],[-132.813,66.71],[-133.783,67.009],[-134.205,67.261],[-134.589,67.651],[-134.917,68.048],[-135.011,68.269],[-135.037,68.502],[-134.977,69.057],[-134.87,69.391],[-134.744,69.624],[-133.575,70.626],[-132.687,70.881],[-131.675,71.004],[-131.014,71.051],[-126.96,71.089],[-126.024,71.061],[-124.352,70.881],[-123.274,70.73],[-120.845,70.428],[-120.222,70.173],[-119.721,69.842],[-119.248,69.454],[-118.681,69.152],[-117.925,68.925],[-117.122,68.661],[-116.65,68.566],[-115.232,68.481],[-114.126,68.349],[-112.832,68.037],[-112.057,67.829],[-111.565,67.555],[-111.31,67.347],[-110.894,67.082],[-109.193,66.128],[-108.825,65.863],[-108.56,65.646],[-108.333,65.391],[-108.333,65.183],[-108.56,64.975],[-108.9,64.852],[-109.656,64.654],[-110.242,64.616],[-110.96,64.606],[-112.425,64.767],[-112.813,64.786],[-113.247,64.748],[-113.786,64.606],[-114.533,64.484],[-115.345,64.398],[-116.344,64.329],[-116.764,64.434],[-118.458,65.092],[-119.025,65.243],[-119.422,65.255],[-119.58,65.079],[-119.51,64.821],[-118.97,64.512],[-118.082,64.184],[-116.941,63.787],[-115.623,63.283],[-114.898,62.647],[-114.823,62.307],[-115.163,62.194],[-118.928,62.688],[-120.44,63.217],[-121.281,63.567],[-122.472,64.011],[-123.162,64.228],[-124.116,64.38],[-124.721,64.427],[-126.016,64.663],[-126.734,64.909],[-127.372,65.336],[-127.448,65.45],[-127.492,65.557]]]}},{"type":"Feature","properties":{"density":3},"geometry":{"type":"Polygon","coordinates":[[[-66.615,58.261],[-66.303,58.236],[-65.955,58.14],[-65.74,58.187],[-65.507,58.429],[-65.209,58.901],[-64.873,59.377],[-64.558,59.916],[-64.411,60.315],[-64.271,60.532],[-63.567,60.829],[-63.315,60.84],[-62.769,60.724],[-61.877,60.43],[-59.782,59.784],[-59.31,59.454],[-57.913,58.236],[-57.556,57.763],[-57.0,57.133],[-55.634,56.324],[-54.679,56.051],[-54.154,55.946],[-53.723,55.747],[-53.282,55.369],[-52.82,55.012],[-51.497,53.489],[-50.983,52.922],[-50.521,52.324],[-50.3,51.883],[-50.132,51.62],[-49.66,51.085],[-49.544,50.98],[-49.397,50.728],[-49.334,50.486],[-49.334,50.161],[-49.607,49.468],[-49.901,49.09],[-50.311,48.764],[-50.752,48.743],[-51.203,48.964],[-51.602,49.216],[-52.222,49.72],[-52.862,50.276],[-53.24,50.476],[-53.818,50.644],[-55.099,50.896],[-58.015,51.288],[-58.456,51.372],[-59.635,51.68],[-59.929,51.879],[-60.055,52.131],[-60.223,52.709],[-60.507,53.916],[-61.259,55.264],[-61.889,56.055],[-62.386,56.517],[-62.799,56.79],[-63.303,57.0],[-63.751,57.105],[-64.306,57.086],[-64.892,56.839],[-65.837,56.475],[-66.082,56.363],[-66.383,56.202],[-66.635,56.027],[-66.845,55.922],[-67.055,55.873],[-67.278,55.898],[-67.398,56.02],[-67.552,56.216],[-67.622,56.489],[-67.657,56.713],[-67.657,56.972],[-67.517,57.364],[-67.15,57.972],[-66.848,58.215],[-66.615,58.261]]]}},{"type":"Feature","properties":{"density":3},"geometry":{"type":"Polygon","coordinates":[[[-121.464,50.166],[-120.755,50.339],[-120.433,50.464],[-119.915,50.702],[-119.531,50.993],[-119.32,51.276],[-119.148,51.542],[-118.734,51.971],[-118.444,52.002],[-117.946,51.945],[-117.402,51.753],[-117.251,51.525],[-117.448,50.825],[-117.588,50.555],[-117.931,50.353],[-118.994,50.197],[-119.383,50.114],[-120.093,49.892],[-120.523,49.85],[-120.866,49.84],[-121.26,49.876],[-121.503,49.917],[-121.628,49.98],[-121.649,50.016],[-121.641,50.062],[-121.618,50.082],[-121.464,50.166]]]}},{"type":"Feature","properties":{"density":3},"geometry":{"type":"Polygon","coordinates":[[[-114.022,54.331],[-114.082,54.52],[-114.103,54.798],[-114.194,55.076],[-114.235,55.416],[-114.174,55.983],[-114.25,56.342],[-114.235,56.681],[-114.022,56.995],[-113.759,57.036],[-113.541,56.975],[-113.131,56.757],[-112.827,56.519],[-112.387,56.221],[-111.098,55.228],[-110.805,55.051],[-110.45,54.879],[-110.319,54.773],[-110.113,54.52],[-110.184,54.395],[-110.305,54.361],[-111.085,54.489],[-111.291,54.503],[-111.46,54.459],[-111.743,54.351],[-111.996,54.324],[-112.563,54.152],[-112.779,54.03],[-112.992,53.865],[-113.248,53.726],[-113.468,53.632],[-113.572,53.645],[-113.738,53.73],[-113.917,53.953],[-113.944,54.04],[-113.95,54.125],[-114.022,54.331]]]}},{"type":"Feature","properties":{"density":3},"geometry":{"type":"Polygon","coordinates":[[[-109.527,37.877],[-109.43,37.911],[-109.35,37.909],[-109.315,37.887],[-109.379,37.856],[-109.481,37.851],[-109.539,37.831],[-109.555,37.859],[-109.527,37.877]]]}},{"type":"Feature","properties":{"density":3},"geometry":{"type":"Polygon","coordinates":[[[-109.497,37.91],[-109.535,37.889],[-109.543,37.863],[-109.322,37.85],[-109.099,37.905],[-109.075,37.927],[-109.094,37.958],[-109.131,37.959],[-109.353,37.911],[-109.497,37.91]]]}},{"type":"Feature","properties":{"density":3},"geometry":{"type":"Polygon","coordinates":[[[-116.536,53.787],[-116.629,53.824],[-116.964,53.843],[-117.094,53.815],[-117.252,53.768],[-117.382,53.685],[-117.531,53.545],[-118.061,52.615],[-118.145,52.42],[-118.387,52.038],[-118.619,51.704],[-118.722,51.592],[-119.029,51.341],[-119.215,51.248],[-119.587,51.127],[-120.349,50.987],[-120.954,50.839],[-121.372,50.606],[-121.568,50.29],[-121.586,50.178],[-121.568,50.095],[-121.437,50.011],[-121.261,49.964],[-121.14,49.936],[-120.898,49.936],[-120.693,49.992],[-120.6,50.048],[-120.507,50.122],[-120.405,50.234],[-120.284,50.327],[-120.08,50.439],[-119.94,50.485],[-119.763,50.504],[-119.559,50.476],[-119.233,50.336],[-118.731,50.308],[-118.554,50.318],[-118.312,50.457],[-118.08,50.541],[-117.68,50.773],[-117.55,50.885],[-117.336,51.146],[-117.103,51.359],[-117.01,51.508],[-116.815,51.89],[-116.471,52.327],[-116.238,52.503],[-116.118,52.568],[-116.006,52.717],[-115.969,52.838],[-115.969,53.285],[-116.201,53.657],[-116.536,53.787]]]}},{"type":"Feature","properties":{"density":3},"geometry":{"type":"Polygon","coordinates":[[[-112.944,56.877],[-113.279,57.142],[-113.53,57.254],[-113.795,57.282],[-114.074,57.226],[-114.255,57.087],[-114.353,56.835],[-114.367,56.598],[-114.255,56.291],[-114.102,56.012],[-113.669,55.315],[-113.474,55.036],[-113.237,54.855],[-112.972,54.757],[-112.693,54.687],[-112.428,54.673],[-112.135,54.687],[-111.856,54.757],[-111.66,54.841],[-111.409,54.841],[-111.116,54.757],[-110.768,54.617],[-110.489,54.534],[-110.21,54.422],[-109.707,54.185],[-109.387,54.073],[-109.149,54.017],[-108.954,53.99],[-108.745,53.99],[-108.508,54.115],[-108.312,54.255],[-108.187,54.422],[-108.145,54.701],[-108.215,55.036],[-108.438,55.273],[-108.801,55.51],[-109.163,55.678],[-110.461,55.985],[-110.963,56.068],[-111.493,56.11],[-111.856,56.236],[-112.177,56.375],[-112.581,56.668],[-112.944,56.877]]]}},{"type":"Feature","properties":{"density":3},"geometry":{"type":"Polygon","coordinates":[[[-119.704,66.008],[-119.755,66.012],[-119.765,65.997],[-119.754,65.969],[-119.583,65.762],[-119.467,65.659],[-119.397,65.642],[-119.37,65.657],[-119.371,65.683],[-119.404,65.721],[-119.704,66.008]]]}},{"type":"Feature","properties":{"density":3},"geometry":{"type":"Polygon","coordinates":[[[-119.066,65.543],[-119.138,65.597],[-119.362,65.841],[-119.392,65.863],[-119.414,65.857],[-119.399,65.802],[-119.287,65.648],[-119.125,65.495],[-119.046,65.466],[-119.039,65.479],[-119.066,65.543]]]}},{"type":"Feature","properties":{"density":3},"geometry":{"type":"Polygon","coordinates":[[[-118.899,65.751],[-119.305,66.109],[-119.401,66.168],[-119.449,66.175],[-119.476,66.142],[-119.469,66.091],[-119.267,65.8],[-119.122,65.648],[-118.857,65.62],[-118.861,65.707],[-118.899,65.751]]]}},{"type":"Feature","properties":{"density":3},"geometry":{"type":"Polygon","coordinates":[[[-118.267,65.716],[-118.302,65.754],[-118.328,65.745],[-118.331,65.695],[-118.298,65.635],[-118.014,65.304],[-117.837,65.176],[-117.744,65.089],[-117.672,65.073],[-117.663,65.111],[-117.731,65.187],[-118.047,65.396],[-118.151,65.515],[-118.267,65.716]]]}},{"type":"Feature","properties":{"density":3},"geometry":{"type":"Polygon","coordinates":[[[-118.142,65.887],[-118.161,65.92],[-118.196,65.938],[-118.229,65.931],[-118.227,65.83],[-118.113,65.602],[-118.028,65.49],[-117.835,65.328],[-117.742,65.278],[-117.677,65.271],[-117.657,65.299],[-117.655,65.352],[-117.69,65.42],[-117.962,65.626],[-118.039,65.719],[-118.142,65.887]]]}},{"type":"Feature","properties":{"density":3},"geometry":{"type":"Polygon","coordinates":[[[-117.396,65.945],[-117.508,66.021],[-117.723,66.094],[-117.881,66.116],[-117.936,66.096],[-117.957,66.065],[-117.96,66.034],[-117.885,65.955],[-117.518,65.802],[-117.389,65.714],[-117.312,65.596],[-117.271,65.604],[-117.255,65.653],[-117.271,65.725],[-117.396,65.945]]]}},{"type":"Feature","properties":{"density":3},"geometry":{"type":"Polygon","coordinates":[[[-116.985,65.975],[-117.016,66.004],[-117.077,65.997],[-117.095,65.899],[-116.99,65.58],[-116.932,65.528],[-116.893,65.521],[-116.871,65.528],[-116.854,65.607],[-116.919,65.727],[-116.954,65.934],[-116.985,65.975]]]}},{"type":"Feature","properties":{"density":3},"geometry":{"type":"Polygon","coordinates":[[[-117.224,65.071],[-117.356,65.145],[-117.403,65.153],[-117.439,65.134],[-117.455,65.079],[-117.45,64.985],[-117.403,64.919],[-117.29,64.836],[-116.695,64.552],[-116.458,64.401],[-116.383,64.393],[-116.378,64.448],[-116.452,64.533],[-116.758,64.671],[-116.827,64.718],[-117.05,64.889],[-117.224,65.071]]]}},{"type":"Feature","properties":{"density":3},"geometry":{"type":"Polygon","coordinates":[[[-116.046,65.389],[-116.123,65.422],[-116.203,65.425],[-116.23,65.408],[-116.244,65.369],[-116.239,65.303],[-116.172,65.229],[-115.897,65.025],[-115.74,64.851],[-115.668,64.821],[-115.652,64.835],[-115.641,64.898],[-115.682,64.973],[-115.806,65.121],[-115.897,65.27],[-115.971,65.353],[-116.046,65.389]]]}},{"type":"Feature","properties":{"density":3},"geometry":{"type":"Polygon","coordinates":[[[-115.605,65.212],[-115.798,65.381],[-115.864,65.416],[-115.88,65.386],[-115.867,65.336],[-115.795,65.245],[-115.668,65.149],[-115.605,65.075],[-115.522,65.022],[-115.448,65.008],[-115.442,65.042],[-115.464,65.094],[-115.605,65.212]]]}},{"type":"Feature","properties":{"density":3},"geometry":{"type":"Polygon","coordinates":[[[-115.351,64.912],[-115.511,65.011],[-115.682,65.185],[-115.814,65.221],[-115.825,65.193],[-115.814,65.155],[-115.698,65.039],[-115.663,65.008],[-115.484,64.923],[-115.395,64.807],[-115.373,64.807],[-115.348,64.832],[-115.351,64.912]]]}},{"type":"Feature","properties":{"density":3},"geometry":{"type":"Polygon","coordinates":[[[-103.558,56.804],[-103.646,56.798],[-103.679,56.758],[-103.677,56.723],[-103.473,56.541],[-103.304,56.462],[-103.056,56.398],[-102.902,56.322],[-102.84,56.321],[-102.827,56.335],[-102.876,56.425],[-102.915,56.455],[-103.133,56.517],[-103.319,56.592],[-103.359,56.618],[-103.462,56.761],[-103.558,56.804]]]}},{"type":"Feature","properties":{"density":3},"geometry":{"type":"Polygon","coordinates":[[[-103.47,55.628],[-103.49,55.659],[-103.575,55.718],[-103.626,55.709],[-103.625,55.663],[-103.535,55.604],[-103.489,55.538],[-103.443,55.523],[-103.441,55.564],[-103.47,55.628]]]}},{"type":"Feature","properties":{"density":3},"geometry":{"type":"Polygon","coordinates":[[[-103.768,55.578],[-103.834,55.577],[-103.845,55.567],[-103.832,55.533],[-103.542,55.448],[-103.514,55.45],[-103.501,55.47],[-103.507,55.496],[-103.538,55.516],[-103.768,55.578]]]}},{"type":"Feature","properties":{"density":3},"geometry":{"type":"Polygon","coordinates":[[[-103.519,55.551],[-103.547,55.549],[-103.436,55.468],[-103.401,55.455],[-103.382,55.465],[-103.519,55.551]]]}},{"type":"Feature","properties":{"density":3},"geometry":{"type":"Polygon","coordinates":[[[-102.508,55.429],[-102.573,55.428],[-102.578,55.403],[-102.524,55.367],[-102.439,55.342],[-102.214,55.302],[-102.022,55.231],[-101.95,55.233],[-101.988,55.282],[-102.104,55.331],[-102.508,55.429]]]}},{"type":"Feature","properties":{"density":3},"geometry":{"type":"Polygon","coordinates":[[[-98.719,55.439],[-98.807,55.45],[-98.868,55.329],[-98.914,55.32],[-98.967,55.318],[-99.088,55.362],[-99.207,55.364],[-99.256,55.342],[-99.27,55.249],[-99.171,55.136],[-99.16,55.081],[-99.179,55.02],[-99.419,54.94],[-99.449,54.915],[-99.463,54.841],[-99.438,54.791],[-99.361,54.742],[-99.256,54.725],[-99.154,54.72],[-99.027,54.736],[-98.961,54.761],[-98.903,54.791],[-98.81,54.882],[-98.683,55.111],[-98.655,55.136],[-98.542,55.15],[-98.468,55.18],[-98.454,55.24],[-98.496,55.312],[-98.604,55.402],[-98.719,55.439]]]}},{"type":"Feature","properties":{"density":3},"geometry":{"type":"Polygon","coordinates":[[[-98.996,56.787],[-99.153,56.792],[-99.184,56.748],[-99.137,56.712],[-98.936,56.674],[-98.682,56.585],[-98.456,56.528],[-98.379,56.524],[-98.348,56.567],[-98.379,56.614],[-98.484,56.665],[-98.996,56.787]]]}},{"type":"Feature","properties":{"density":3},"geometry":{"type":"Polygon","coordinates":[[[-99.113,56.803],[-99.074,56.791],[-99.039,56.734],[-99.042,56.638],[-99.098,56.461],[-99.145,56.395],[-99.15,56.491],[-99.111,56.611],[-99.118,56.715],[-99.158,56.769],[-99.158,56.793],[-99.113,56.803]]]}},{"type":"Feature","properties":{"density":3},"geometry":{"type":"Polygon","coordinates":[[[-98.765,55.416],[-98.671,55.403],[-98.629,55.346],[-98.622,55.273],[-98.63,55.177],[-98.673,55.053],[-98.701,55.017],[-98.76,55.005],[-98.797,55.061],[-98.78,55.213],[-98.802,55.356],[-98.79,55.411],[-98.765,55.416]]]}},{"type":"Feature","properties":{"density":3},"geometry":{"type":"Polygon","coordinates":[[[-103.429,55.506],[-103.691,55.54],[-103.764,55.526],[-103.78,55.496],[-103.576,55.447],[-103.378,55.463],[-103.383,55.492],[-103.429,55.506]]]}},{"type":"Feature","properties":{"density":3},"geometry":{"type":"Polygon","coordinates":[[[-102.072,55.202],[-102.247,55.258],[-102.263,55.269],[-102.259,55.285],[-102.174,55.288],[-101.935,55.224],[-101.95,55.21],[-102.072,55.202]]]}},{"type":"Feature","properties":{"density":3},"geometry":{"type":"Polygon","coordinates":[[[-114.309,55.667],[-114.435,55.803],[-114.583,55.883],[-114.719,55.883],[-114.902,55.826],[-115.05,55.701],[-115.255,55.462],[-115.437,55.177],[-115.631,54.812],[-115.745,54.493],[-116.041,53.901],[-116.223,53.628],[-116.417,53.411],[-116.667,53.206],[-117.237,52.785],[-117.829,52.397],[-118.467,51.862],[-118.82,51.6],[-119.993,50.917],[-120.779,50.586],[-121.007,50.45],[-121.28,50.324],[-121.611,50.108],[-121.634,50.04],[-121.599,49.971],[-121.52,49.914],[-121.417,49.914],[-121.144,49.983],[-120.996,50.051],[-120.791,50.119],[-120.608,50.21],[-120.05,50.552],[-119.811,50.598],[-119.526,50.609],[-119.196,50.564],[-118.74,50.427],[-118.376,50.359],[-117.932,50.347],[-117.544,50.45],[-117.146,50.621],[-116.85,50.803],[-116.633,51.008],[-116.337,51.463],[-116.234,51.668],[-116.132,52.124],[-116.052,52.375],[-115.87,52.705],[-115.688,52.944],[-115.46,53.104],[-114.879,53.468],[-114.435,53.878],[-114.241,54.197],[-114.139,54.516],[-114.082,55.2],[-114.104,55.416],[-114.309,55.667]]]}},{"type":"Feature","properties":{"density":3},"geometry":{"type":"Polygon","coordinates":[[[-109.144,55.98],[-109.782,56.413],[-109.998,56.538],[-110.249,56.618],[-110.488,56.652],[-110.727,56.572],[-110.909,56.424],[-110.978,56.151],[-110.978,55.923],[-110.921,55.638],[-110.67,55.285],[-110.488,55.171],[-110.294,55.091],[-110.066,55.046],[-109.679,55.012],[-109.508,55.012],[-109.36,55.034],[-109.189,54.977],[-108.7,54.647],[-108.21,54.237],[-107.971,54.146],[-107.697,54.1],[-107.591,54.196],[-107.538,54.385],[-107.595,54.636],[-107.8,54.943],[-108.027,55.171],[-108.517,55.615],[-109.144,55.98]]]}},{"type":"Feature","properties":{"density":3},"geometry":{"type":"Polygon","coordinates":[[[-119.945,63.868],[-120.596,64.27],[-120.745,64.321],[-120.802,64.317],[-120.819,64.283],[-120.812,64.223],[-120.701,64.088],[-120.323,63.862],[-120.114,63.76],[-119.83,63.659],[-119.695,63.622],[-119.634,63.622],[-119.631,63.649],[-119.661,63.72],[-119.729,63.767],[-119.945,63.868]]]}},{"type":"Feature","properties":{"density":3},"geometry":{"type":"Polygon","coordinates":[[[-119.321,65.671],[-119.601,65.86],[-119.952,66.187],[-120.009,66.224],[-120.067,66.214],[-120.077,66.133],[-119.587,65.701],[-119.257,65.495],[-119.125,65.472],[-119.128,65.502],[-119.253,65.61],[-119.321,65.647],[-119.321,65.671]]]}},{"type":"Feature","properties":{"density":3},"geometry":{"type":"Polygon","coordinates":[[[-119.388,66.052],[-119.611,66.207],[-119.722,66.241],[-119.732,66.214],[-119.689,66.12],[-119.398,65.836],[-119.189,65.688],[-119.061,65.637],[-119.024,65.644],[-119.047,65.732],[-119.388,66.052]]]}},{"type":"Feature","properties":{"density":3},"geometry":{"type":"Polygon","coordinates":[[[-110.658,63.456],[-110.76,63.456],[-110.76,63.381],[-110.635,63.287],[-110.503,63.233],[-110.375,63.206],[-110.081,63.192],[-109.95,63.125],[-109.791,63.091],[-109.761,63.101],[-109.771,63.162],[-109.848,63.199],[-110.085,63.26],[-110.344,63.378],[-110.658,63.456]]]}},{"type":"Feature","properties":{"density":3},"geometry":{"type":"Polygon","coordinates":[[[-106.663,61.823],[-106.74,61.785],[-106.747,61.749],[-106.625,61.724],[-106.427,61.736],[-106.198,61.686],[-106.22,61.738],[-106.261,61.767],[-106.526,61.828],[-106.663,61.823]]]}},{"type":"Feature","properties":{"density":3},"geometry":{"type":"Polygon","coordinates":[[[-107.678,59.032],[-107.736,59.05],[-107.752,59.041],[-107.761,58.996],[-107.734,58.958],[-107.639,58.895],[-107.358,58.76],[-106.546,58.452],[-106.541,58.481],[-106.562,58.531],[-106.863,58.735],[-107.322,58.866],[-107.678,59.032]]]}},{"type":"Feature","properties":{"density":3},"geometry":{"type":"Polygon","coordinates":[[[-102.72,55.577],[-102.922,55.654],[-103.001,55.658],[-103.015,55.631],[-102.992,55.595],[-102.864,55.539],[-102.616,55.523],[-102.317,55.442],[-102.083,55.271],[-101.984,55.222],[-101.939,55.228],[-101.921,55.271],[-101.973,55.397],[-102.011,55.433],[-102.214,55.525],[-102.475,55.579],[-102.72,55.577]]]}},{"type":"Feature","properties":{"density":3},"geometry":{"type":"Polygon","coordinates":[[[-103.71,56.805],[-103.821,56.814],[-103.839,56.782],[-103.814,56.726],[-103.672,56.641],[-103.175,56.501],[-103.125,56.481],[-102.95,56.35],[-102.86,56.312],[-102.828,56.319],[-102.831,56.404],[-102.885,56.467],[-103.092,56.557],[-103.389,56.634],[-103.499,56.681],[-103.562,56.733],[-103.71,56.805]]]}},{"type":"Feature","properties":{"density":3},"geometry":{"type":"Polygon","coordinates":[[[-98.716,55.43],[-98.762,55.425],[-98.783,55.382],[-98.813,55.146],[-98.782,55.085],[-98.699,55.079],[-98.63,55.127],[-98.572,55.146],[-98.474,55.101],[-98.408,55.113],[-98.395,55.127],[-98.395,55.181],[-98.456,55.328],[-98.555,55.395],[-98.716,55.43]]]}},{"type":"Feature","properties":{"density":3},"geometry":{"type":"Polygon","coordinates":[[[-78.487,51.726],[-78.555,51.724],[-78.571,51.699],[-78.481,51.648],[-78.267,51.58],[-77.945,51.513],[-77.817,51.51],[-77.812,51.533],[-77.833,51.569],[-77.977,51.645],[-78.262,51.713],[-78.487,51.726]]]}},{"type":"Feature","properties":{"density":3},"geometry":{"type":"Polygon","coordinates":[[[-64.099,53.982],[-64.362,53.941],[-64.54,53.88],[-64.737,53.784],[-64.848,53.754],[-65.496,53.652],[-65.608,53.587],[-65.638,53.531],[-65.583,53.475],[-65.415,53.47],[-65.193,53.521],[-64.869,53.622],[-64.362,53.713],[-64.135,53.774],[-63.957,53.845],[-63.937,53.87],[-63.947,53.926],[-63.988,53.961],[-64.099,53.982]]]}},{"type":"Feature","properties":{"density":3},"geometry":{"type":"Polygon","coordinates":[[[-100.462,33.661],[-100.541,33.62],[-100.579,33.566],[-100.622,33.444],[-100.615,33.429],[-100.588,33.443],[-100.505,33.553],[-100.425,33.601],[-100.428,33.635],[-100.462,33.661]]]}},{"type":"Feature","properties":{"density":3},"geometry":{"type":"Polygon","coordinates":[[[-108.743,37.702],[-108.76,37.672],[-108.753,37.64],[-108.728,37.632],[-108.594,37.649],[-108.441,37.607],[-108.295,37.606],[-108.215,37.64],[-108.165,37.682],[-108.142,37.71],[-108.134,37.777],[-108.175,37.821],[-108.247,37.831],[-108.479,37.762],[-108.688,37.737],[-108.743,37.702]]]}},{"type":"Feature","properties":{"density":3},"geometry":{"type":"Polygon","coordinates":[[[-108.751,37.893],[-108.8,37.845],[-108.803,37.8],[-108.71,37.795],[-108.562,37.836],[-108.395,37.855],[-108.252,37.798],[-108.139,37.773],[-108.089,37.772],[-108.021,37.816],[-108.019,37.851],[-108.051,37.934],[-108.124,37.987],[-108.199,38.004],[-108.371,37.994],[-108.751,37.893]]]}},{"type":"Feature","properties":{"density":3},"geometry":{"type":"Polygon","coordinates":[[[-109.009,38.043],[-109.444,37.969],[-109.528,37.927],[-109.563,37.852],[-109.498,37.833],[-109.244,37.945],[-109.047,37.959],[-108.926,37.982],[-108.881,38.012],[-108.894,38.035],[-109.009,38.043]]]}},{"type":"Feature","properties":{"density":3},"geometry":{"type":"Polygon","coordinates":[[[-123.665,41.125],[-123.702,41.122],[-123.705,41.103],[-123.592,41.042],[-123.59,41.064],[-123.616,41.099],[-123.665,41.125]]]}},{"type":"Feature","properties":{"density":3},"geometry":{"type":"Polygon","coordinates":[[[-120.063,37.333],[-120.092,37.321],[-120.063,37.29],[-119.961,37.293],[-119.808,37.245],[-119.763,37.252],[-119.747,37.272],[-119.757,37.305],[-119.798,37.332],[-119.94,37.311],[-120.063,37.333]]]}},{"type":"Feature","properties":{"density":3},"geometry":{"type":"Polygon","coordinates":[[[-113.921,56.607],[-113.986,56.477],[-114.039,56.308],[-114.052,56.125],[-114.299,55.447],[-114.456,55.199],[-114.638,55.004],[-114.847,54.834],[-115.225,54.56],[-115.616,54.326],[-115.799,54.195],[-115.994,53.987],[-116.438,53.439],[-116.699,53.061],[-117.22,52.239],[-117.572,51.822],[-118.081,51.496],[-119.306,50.988],[-119.541,50.922],[-119.724,50.818],[-120.962,50.436],[-121.345,50.239],[-121.443,50.146],[-121.49,50.036],[-121.484,50.007],[-121.455,49.995],[-121.165,49.995],[-120.87,49.833],[-120.487,49.734],[-120.244,49.74],[-120.128,49.763],[-119.693,49.769],[-119.496,49.856],[-119.45,49.937],[-119.444,50.018],[-119.606,50.047],[-119.803,50.001],[-120.041,49.989],[-120.128,50.099],[-120.082,50.21],[-119.977,50.256],[-119.745,50.302],[-119.432,50.389],[-119.073,50.557],[-118.928,50.644],[-118.754,50.702],[-118.575,50.737],[-118.36,50.749],[-118.152,50.702],[-117.995,50.604],[-117.532,50.418],[-117.346,50.383],[-117.169,50.398],[-117.056,50.433],[-116.674,50.624],[-116.561,50.702],[-116.448,50.815],[-116.274,51.024],[-116.065,51.415],[-115.944,51.554],[-115.718,51.867],[-115.553,52.032],[-115.37,52.18],[-115.179,52.293],[-115.005,52.354],[-114.796,52.389],[-114.379,52.519],[-113.997,52.736],[-113.831,52.875],[-113.727,53.023],[-113.571,53.197],[-113.362,53.51],[-113.249,53.649],[-112.91,53.945],[-112.423,54.475],[-112.371,54.631],[-112.345,54.779],[-112.336,54.979],[-112.362,55.17],[-112.406,55.335],[-112.501,55.579],[-112.554,55.935],[-112.736,56.405],[-112.927,56.683],[-113.049,56.77],[-113.214,56.831],[-113.432,56.848],[-113.562,56.813],[-113.762,56.726],[-113.921,56.607]]]}},{"type":"Feature","properties":{"density":3},"geometry":{"type":"Polygon","coordinates":[[[-117.511,66.562],[-117.571,66.605],[-117.65,66.632],[-117.745,66.579],[-117.797,66.44],[-117.815,66.301],[-117.763,66.136],[-117.676,65.988],[-117.554,65.867],[-117.45,65.736],[-117.319,65.597],[-117.154,65.458],[-116.998,65.362],[-116.624,65.18],[-116.424,65.058],[-115.798,64.806],[-115.616,64.736],[-115.416,64.702],[-115.294,64.728],[-115.251,64.832],[-115.268,64.963],[-115.346,65.093],[-115.442,65.18],[-115.581,65.258],[-115.746,65.267],[-115.833,65.319],[-116.068,65.545],[-116.25,65.901],[-116.32,66.093],[-116.459,66.275],[-116.546,66.31],[-116.711,66.345],[-117.137,66.405],[-117.511,66.562]]]}},{"type":"Feature","properties":{"density":3},"geometry":{"type":"Polygon","coordinates":[[[-117.58,66.649],[-118.128,67.275],[-118.267,67.466],[-118.432,67.64],[-118.641,67.796],[-118.815,67.892],[-118.919,67.857],[-118.945,67.622],[-118.841,67.44],[-118.675,67.223],[-118.51,67.04],[-118.319,66.858],[-117.737,66.405],[-117.432,66.301],[-117.345,66.301],[-117.328,66.379],[-117.45,66.571],[-117.58,66.649]]]}},{"type":"Feature","properties":{"density":3},"geometry":{"type":"Polygon","coordinates":[[[-118.441,66.797],[-118.58,66.901],[-118.988,67.362],[-119.362,67.718],[-119.493,67.796],[-119.527,67.796],[-119.562,67.622],[-119.423,67.396],[-119.267,67.214],[-119.093,67.04],[-118.449,66.545],[-118.336,66.475],[-118.258,66.475],[-118.241,66.571],[-118.406,66.84],[-118.441,66.797]]]}},{"type":"Feature","properties":{"density":3},"geometry":{"type":"Polygon","coordinates":[[[-117.67,66.219],[-117.751,66.318],[-117.896,66.439],[-118.064,66.544],[-118.244,66.613],[-118.342,66.544],[-118.331,66.341],[-118.226,66.155],[-117.931,65.796],[-117.769,65.657],[-117.571,65.535],[-117.374,65.466],[-117.195,65.437],[-116.992,65.443],[-116.859,65.495],[-116.882,65.611],[-116.963,65.709],[-117.102,65.808],[-117.345,65.941],[-117.67,66.219]]]}},{"type":"Feature","properties":{"density":3},"geometry":{"type":"Polygon","coordinates":[[[-116.378,64.463],[-116.505,64.538],[-117.009,64.956],[-117.293,65.17],[-117.496,65.373],[-117.803,65.819],[-118.093,66.179],[-118.273,66.358],[-118.412,66.439],[-118.557,66.486],[-118.673,66.405],[-118.667,66.207],[-118.609,65.958],[-118.487,65.709],[-118.25,65.292],[-118.018,65.083],[-117.803,64.962],[-117.566,64.869],[-117.143,64.672],[-116.673,64.399],[-116.407,64.289],[-116.32,64.284],[-116.262,64.318],[-116.256,64.365],[-116.297,64.411],[-116.378,64.463]]]}},{"type":"Feature","properties":{"density":3},"geometry":{"type":"Polygon","coordinates":[[[-118.351,66.094],[-118.594,66.431],[-118.983,67.051],[-119.278,67.404],[-119.359,67.398],[-119.4,67.277],[-119.365,67.149],[-119.301,67.028],[-119.18,66.871],[-118.971,66.442],[-118.6,65.926],[-118.478,65.776],[-118.363,65.677],[-118.142,65.532],[-117.997,65.492],[-117.887,65.486],[-117.887,65.602],[-117.945,65.695],[-118.183,65.892],[-118.351,66.094]]]}},{"type":"Feature","properties":{"density":3},"geometry":{"type":"Polygon","coordinates":[[[-119.187,64.234],[-119.61,64.478],[-119.859,64.692],[-120.004,64.843],[-120.329,65.405],[-120.444,65.561],[-120.531,65.637],[-120.647,65.666],[-120.734,65.602],[-120.769,65.457],[-120.769,65.318],[-120.717,65.173],[-120.636,65.022],[-120.526,64.866],[-120.218,64.576],[-120.074,64.466],[-119.378,64.171],[-119.181,64.055],[-119.088,64.014],[-119.054,64.014],[-119.054,64.049],[-119.1,64.153],[-119.152,64.176],[-119.187,64.234]]]}},{"type":"Feature","properties":{"density":3},"geometry":{"type":"Polygon","coordinates":[[[-120.311,64.454],[-120.41,64.472],[-120.572,64.611],[-120.647,64.698],[-120.769,64.959],[-120.786,65.069],[-120.786,65.231],[-120.74,65.463],[-120.752,65.602],[-120.833,65.868],[-120.896,65.961],[-120.966,66.025],[-121.03,66.037],[-121.18,65.996],[-121.343,65.758],[-121.372,65.608],[-121.377,65.26],[-121.319,65.098],[-121.233,64.953],[-121.047,64.756],[-120.827,64.611],[-120.624,64.449],[-120.514,64.397],[-120.213,64.321],[-120.23,64.425],[-120.311,64.454]]]}},{"type":"Feature","properties":{"density":3},"geometry":{"type":"Polygon","coordinates":[[[-121.435,66.344],[-121.685,66.384],[-121.806,66.361],[-121.887,66.292],[-121.951,66.199],[-121.98,66.089],[-122.044,65.961],[-122.351,65.77],[-122.426,65.66],[-122.455,65.492],[-122.444,65.33],[-122.351,65.173],[-122.125,64.901],[-121.98,64.773],[-121.522,64.466],[-121.227,64.414],[-120.908,64.414],[-120.734,64.368],[-120.607,64.315],[-120.375,64.269],[-120.282,64.298],[-120.259,64.368],[-120.305,64.507],[-120.369,64.628],[-120.723,65.086],[-120.798,65.214],[-120.885,65.492],[-120.908,65.648],[-120.954,65.799],[-121.105,66.083],[-121.267,66.239],[-121.435,66.344]]]}},{"type":"Feature","properties":{"density":3},"geometry":{"type":"Polygon","coordinates":[[[-119.697,63.782],[-119.929,63.962],[-120.114,64.078],[-120.717,64.414],[-121.198,64.82],[-121.314,64.999],[-121.36,65.237],[-121.354,65.469],[-121.296,65.706],[-121.279,65.996],[-121.354,66.239],[-121.598,66.465],[-121.806,66.558],[-121.992,66.558],[-122.496,66.297],[-122.629,66.1],[-122.699,65.892],[-122.716,65.706],[-122.71,65.503],[-122.635,65.26],[-122.531,65.069],[-122.374,64.837],[-122.195,64.657],[-121.864,64.362],[-121.476,64.13],[-121.244,64.008],[-120.931,63.892],[-120.311,63.626],[-119.755,63.469],[-119.558,63.481],[-119.517,63.504],[-119.517,63.568],[-119.564,63.672],[-119.61,63.753],[-119.697,63.782]]]}},{"type":"Feature","properties":{"density":3},"geometry":{"type":"Polygon","coordinates":[[[-122.479,67.242],[-122.565,67.34],[-122.705,67.416],[-122.867,67.323],[-122.925,67.213],[-122.931,67.068],[-122.873,66.946],[-122.768,66.784],[-122.733,66.674],[-122.71,66.547],[-122.71,66.309],[-122.658,66.199],[-122.554,66.17],[-122.473,66.21],[-122.438,66.292],[-122.409,67.074],[-122.479,67.242]]]}},{"type":"Feature","properties":{"density":3},"geometry":{"type":"Polygon","coordinates":[[[-112.554,64.192],[-112.612,64.23],[-112.677,64.246],[-112.72,64.234],[-112.731,64.192],[-112.654,64.049],[-112.504,63.902],[-112.345,63.802],[-111.746,63.531],[-111.468,63.435],[-111.221,63.38],[-110.981,63.353],[-110.765,63.353],[-110.491,63.292],[-110.027,63.137],[-109.853,63.098],[-109.641,63.091],[-109.703,63.187],[-109.822,63.249],[-110.525,63.504],[-111.074,63.632],[-111.994,63.948],[-112.252,64.045],[-112.554,64.192]]]}},{"type":"Feature","properties":{"density":3},"geometry":{"type":"Polygon","coordinates":[[[-108.035,62.195],[-108.141,62.208],[-108.3,62.195],[-108.329,62.164],[-108.331,62.085],[-108.254,61.992],[-108.076,61.904],[-107.95,61.871],[-107.793,61.861],[-107.577,61.804],[-107.25,61.755],[-106.899,61.734],[-106.649,61.737],[-106.32,61.657],[-106.176,61.642],[-106.17,61.696],[-106.271,61.763],[-106.41,61.783],[-107.113,61.994],[-107.572,62.1],[-107.724,62.162],[-108.035,62.195]]]}},{"type":"Feature","properties":{"density":3},"geometry":{"type":"Polygon","coordinates":[[[-109.845,62.182],[-109.899,62.168],[-109.903,62.132],[-109.881,62.091],[-109.785,62.002],[-109.636,61.917],[-109.341,61.831],[-109.354,61.862],[-109.5,61.956],[-109.636,62.119],[-109.705,62.154],[-109.845,62.182]]]}},{"type":"Feature","properties":{"density":3},"geometry":{"type":"Polygon","coordinates":[[[-107.058,58.947],[-107.744,59.376],[-108.01,59.507],[-108.161,59.551],[-108.3,59.57],[-108.415,59.567],[-108.495,59.515],[-108.518,59.443],[-108.522,59.36],[-108.411,59.189],[-108.32,59.102],[-108.058,58.92],[-107.899,58.836],[-107.57,58.689],[-107.348,58.63],[-106.99,58.558],[-106.637,58.451],[-106.538,58.435],[-106.502,58.471],[-106.53,58.554],[-106.57,58.594],[-106.76,58.697],[-107.058,58.947]]]}},{"type":"Feature","properties":{"density":3},"geometry":{"type":"Polygon","coordinates":[[[-103.547,59.171],[-103.788,59.219],[-103.867,59.205],[-104.042,59.139],[-104.143,59.126],[-104.629,59.153],[-104.674,59.129],[-104.693,59.073],[-104.69,59.028],[-104.606,58.938],[-104.198,58.79],[-103.994,58.771],[-103.91,58.785],[-103.674,58.748],[-103.555,58.811],[-103.455,58.883],[-103.42,58.928],[-103.423,59.033],[-103.486,59.134],[-103.547,59.171]]]}},{"type":"Feature","properties":{"density":3},"geometry":{"type":"Polygon","coordinates":[[[-102.192,58.012],[-102.258,58.012],[-102.292,57.977],[-102.292,57.945],[-102.252,57.936],[-102.204,57.95],[-102.118,57.925],[-102.128,57.972],[-102.192,58.012]]]}},{"type":"Feature","properties":{"density":3},"geometry":{"type":"Polygon","coordinates":[[[-100.243,57.922],[-100.344,57.919],[-100.361,57.847],[-100.324,57.812],[-100.236,57.79],[-100.174,57.722],[-100.148,57.713],[-100.12,57.761],[-100.131,57.816],[-100.208,57.911],[-100.243,57.922]]]}},{"type":"Feature","properties":{"density":3},"geometry":{"type":"Polygon","coordinates":[[[-99.116,56.783],[-99.181,56.767],[-99.192,56.712],[-99.109,56.66],[-98.966,56.625],[-98.916,56.594],[-98.764,56.39],[-98.626,56.377],[-98.532,56.432],[-98.459,56.453],[-98.336,56.418],[-98.139,56.284],[-98.016,56.227],[-97.885,56.201],[-97.806,56.214],[-97.797,56.286],[-97.832,56.372],[-97.904,56.444],[-97.994,56.497],[-98.19,56.559],[-98.33,56.563],[-98.539,56.596],[-98.903,56.734],[-99.116,56.783]]]}},{"type":"Feature","properties":{"density":3},"geometry":{"type":"Polygon","coordinates":[[[-98.643,55.469],[-98.754,55.5],[-98.816,55.5],[-98.884,55.469],[-98.884,55.395],[-98.804,55.24],[-98.829,55.172],[-98.934,55.06],[-99.052,54.992],[-99.108,54.893],[-99.089,54.781],[-99.033,54.682],[-98.928,54.614],[-98.773,54.589],[-98.63,54.589],[-98.512,54.607],[-98.376,54.663],[-98.066,54.694],[-97.88,54.682],[-97.7,54.632],[-97.514,54.558],[-97.328,54.514],[-96.981,54.496],[-96.82,54.421],[-96.708,54.39],[-96.671,54.44],[-96.72,54.576],[-96.857,54.713],[-97.117,54.893],[-97.353,54.986],[-97.774,55.19],[-98.196,55.327],[-98.395,55.432],[-98.643,55.469]]]}},{"type":"Feature","properties":{"density":3},"geometry":{"type":"Polygon","coordinates":[[[-88.681,51.849],[-88.784,51.832],[-88.817,51.77],[-88.821,51.725],[-88.739,51.659],[-88.606,51.638],[-88.292,51.638],[-88.214,51.617],[-88.11,51.576],[-87.755,51.377],[-87.614,51.315],[-87.461,51.295],[-87.342,51.299],[-87.222,51.324],[-87.093,51.419],[-87.056,51.485],[-87.052,51.568],[-87.081,51.654],[-87.143,51.75],[-87.23,51.799],[-87.375,51.849],[-87.676,51.882],[-88.061,51.882],[-88.681,51.849]]]}},{"type":"Feature","properties":{"density":3},"geometry":{"type":"Polygon","coordinates":[[[-78.712,50.945],[-78.784,50.933],[-78.805,50.899],[-78.761,50.881],[-78.668,50.903],[-78.663,50.941],[-78.712,50.945]]]}},{"type":"Feature","properties":{"density":3},"geometry":{"type":"Polygon","coordinates":[[[-75.263,51.671],[-75.94,51.646],[-76.168,51.721],[-76.49,51.762],[-77.019,51.692],[-77.466,51.675],[-78.053,51.803],[-78.264,51.824],[-78.371,51.824],[-78.437,51.799],[-78.565,51.688],[-78.536,51.63],[-78.396,51.543],[-77.714,51.307],[-77.16,51.171],[-76.672,51.13],[-75.676,51.171],[-75.531,51.154],[-74.849,51.142],[-74.762,51.163],[-74.709,51.212],[-74.676,51.361],[-74.758,51.51],[-74.878,51.597],[-75.035,51.638],[-75.263,51.671]]]}},{"type":"Feature","properties":{"density":3},"geometry":{"type":"Polygon","coordinates":[[[-76.601,52.201],[-76.701,52.181],[-76.72,52.151],[-76.698,52.123],[-76.624,52.099],[-76.119,52.093],[-75.585,52.005],[-75.417,52.005],[-75.395,52.027],[-75.422,52.079],[-75.466,52.112],[-75.563,52.129],[-75.877,52.168],[-76.601,52.201]]]}},{"type":"Feature","properties":{"density":3},"geometry":{"type":"Polygon","coordinates":[[[-76.582,52.231],[-76.775,52.179],[-76.808,52.137],[-76.808,52.104],[-76.698,52.068],[-76.296,52.044],[-76.031,52.002],[-75.455,51.955],[-75.13,51.906],[-74.959,51.911],[-74.805,51.944],[-74.741,51.977],[-74.722,52.005],[-74.739,52.134],[-74.868,52.187],[-74.954,52.19],[-75.215,52.137],[-75.306,52.137],[-75.731,52.19],[-75.86,52.225],[-76.293,52.247],[-76.582,52.231]]]}},{"type":"Feature","properties":{"density":3},"geometry":{"type":"Polygon","coordinates":[[[-121.306,72.01],[-125.673,72.136],[-127.57,72.213],[-129.406,72.119],[-130.772,71.977],[-132.231,71.789],[-132.985,71.459],[-134.209,70.8],[-134.68,70.188],[-134.915,69.435],[-135.056,68.587],[-135.056,67.646],[-134.727,66.751],[-134.209,65.857],[-133.456,65.056],[-132.42,64.491],[-131.054,64.02],[-129.689,63.785],[-128.512,63.738],[-127.288,63.597],[-126.111,63.314],[-125.075,63.126],[-124.227,62.749],[-123.238,62.09],[-122.438,61.902],[-121.496,61.807],[-120.743,62.278],[-119.801,63.173],[-119.331,63.597],[-118.483,63.879],[-117.777,64.067],[-117.071,64.067],[-116.317,64.162],[-115.752,64.303],[-115.187,64.632],[-114.481,65.009],[-113.021,65.48],[-112.221,65.527],[-111.279,65.527],[-110.243,65.48],[-108.784,65.386],[-108.172,65.103],[-107.607,64.915],[-106.995,64.868],[-106.383,64.868],[-105.771,65.103],[-105.441,65.386],[-105.441,66.092],[-105.629,66.516],[-106.288,66.61],[-107.654,66.61],[-108.031,66.704],[-108.878,67.034],[-109.019,67.504],[-109.255,68.164],[-109.726,68.917],[-110.479,69.529],[-111.421,69.812],[-112.174,70.0],[-113.257,70.047],[-114.387,70.188],[-115.846,70.471],[-117.259,70.942],[-119.142,71.648],[-120.131,71.93],[-121.306,72.01]]]}},{"type":"Feature","properties":{"density":3},"geometry":{"type":"Polygon","coordinates":[[[-52.747,62.331],[-53.406,62.896],[-54.301,63.413],[-55.478,63.978],[-56.514,64.261],[-57.596,64.308],[-58.397,64.026],[-59.244,63.413],[-59.762,62.66],[-60.139,61.766],[-60.421,60.824],[-60.798,59.694],[-61.316,58.705],[-62.022,57.858],[-62.964,57.01],[-64.094,56.586],[-65.271,56.21],[-68.567,55.692],[-69.791,55.315],[-72.098,54.656],[-72.71,54.232],[-72.804,53.62],[-72.428,52.961],[-71.674,52.443],[-70.497,52.019],[-69.461,51.972],[-65.318,51.925],[-64.424,52.066],[-63.482,52.066],[-62.352,52.161],[-61.787,52.396],[-60.892,52.678],[-59.998,53.008],[-59.15,53.149],[-58.067,53.291],[-56.702,53.149],[-55.525,52.726],[-55.007,52.066],[-54.913,51.313],[-54.724,50.936],[-54.206,50.466],[-53.5,50.23],[-52.794,49.948],[-52.182,49.618],[-51.852,49.241],[-51.617,48.629],[-51.523,48.158],[-51.429,47.452],[-51.287,46.699],[-50.958,45.71],[-50.628,45.004],[-50.157,44.156],[-48.933,42.461],[-47.897,41.473],[-46.909,40.484],[-45.59,39.731],[-44.413,39.166],[-43.142,38.695],[-41.824,38.553],[-40.788,38.553],[-39.469,38.506],[-38.434,38.553],[-37.115,38.836],[-36.126,39.166],[-33.537,39.731],[-32.689,39.966],[-31.936,40.343],[-31.23,40.813],[-30.571,41.284],[-30.006,41.896],[-29.77,42.791],[-29.629,43.544],[-29.629,44.816],[-29.959,45.663],[-30.288,46.087],[-30.618,46.369],[-31.324,46.369],[-32.219,45.946],[-32.972,45.428],[-33.819,44.721],[-34.714,44.251],[-36.032,43.638],[-36.927,43.356],[-38.01,43.168],[-38.999,43.262],[-39.893,43.497],[-40.505,44.345],[-40.929,45.616],[-41.117,46.511],[-41.164,47.264],[-41.306,47.923],[-41.541,48.818],[-41.965,49.571],[-42.483,50.042],[-43.095,50.513],[-43.66,51.078],[-44.084,51.407],[-44.649,51.878],[-45.119,52.49],[-45.684,53.338],[-46.061,54.138],[-46.956,55.927],[-47.615,57.01],[-48.368,57.905],[-49.263,59.035],[-49.969,59.976],[-50.769,60.824],[-52.747,62.331]]]}}]}