{"type":"FeatureCollection","features":[{"type":"Feature","properties":{"density":1},"geometry":{"type":"Polygon","coordinates":[[[-80.966,26.773],[-80.877,26.777],[-80.841,26.755],[-80.84,26.729],[-80.88,26.701],[-80.964,26.717],[-80.987,26.746],[-80.966,26.773]]]}},{"type":"Feature","properties":{"density":1},"geometry":{"type":"Polygon","coordinates":[[[-82.491,31.902],[-82.601,31.843],[-82.598,31.805],[-82.561,31.805],[-82.491,31.852],[-82.467,31.895],[-82.491,31.902]]]}},{"type":"Feature","properties":{"density":1},"geometry":{"type":"Polygon","coordinates":[[[-84.92,31.886],[-84.896,31.86],[-84.886,31.799],[-84.896,31.772],[-84.93,31.763],[-84.964,31.785],[-84.969,31.823],[-84.955,31.87],[-84.92,31.886]]]}},{"type":"Feature","properties":{"density":1},"geometry":{"type":"Polygon","coordinates":[[[-83.449,30.944],[-83.41,30.921],[-83.408,30.898],[-83.439,30.892],[-83.473,30.91],[-83.474,30.927],[-83.449,30.944]]]}},{"type":"Feature","properties":{"density":1},"geometry":{"type":"Polygon","coordinates":[[[-86.854,32.223],[-86.98,32.211],[-87.255,32.223],[-87.321,32.177],[-87.316,32.15],[-87.264,32.099],[-87.058,32.065],[-87.0,32.08],[-86.89,32.151],[-86.854,32.189],[-86.854,32.223]]]}},{"type":"Feature","properties":{"density":1},"geometry":{"type":"Polygon","coordinates":[[[-86.752,33.337],[-87.395,33.143],[-87.527,33.128],[-87.554,33.11],[-87.56,33.068],[-87.519,33.048],[-87.397,33.049],[-87.229,33.081],[-86.917,33.2],[-86.749,33.285],[-86.725,33.321],[-86.752,33.337]]]}},{"type":"Feature","properties":{"density":1},"geometry":{"type":"Polygon","coordinates":[[[-77.294,34.678],[-77.578,34.528],[-77.728,34.422],[-77.927,34.356],[-77.941,34.329],[-77.935,34.3],[-77.847,34.182],[-77.755,34.146],[-77.638,34.157],[-77.545,34.19],[-77.451,34.28],[-77.27,34.608],[-77.194,34.651],[-77.179,34.685],[-77.294,34.678]]]}},{"type":"Feature","properties":{"density":1},"geometry":{"type":"Polygon","coordinates":[[[-82.561,32.135],[-82.627,32.112],[-82.679,32.069],[-82.702,32.021],[-82.696,31.977],[-82.637,31.999],[-82.554,32.074],[-82.539,32.102],[-82.561,32.135]]]}},{"type":"Feature","properties":{"density":1},"geometry":{"type":"Polygon","coordinates":[[[-84.178,30.765],[-84.301,30.747],[-84.312,30.708],[-84.265,30.701],[-84.177,30.73],[-84.178,30.765]]]}},{"type":"Feature","properties":{"density":1},"geometry":{"type":"Polygon","coordinates":[[[-93.279,31.395],[-93.457,31.396],[-93.512,31.381],[-93.531,31.363],[-93.537,31.309],[-93.493,31.275],[-93.529,31.199],[-93.524,31.182],[-93.423,31.188],[-93.257,31.265],[-93.213,31.318],[-93.202,31.362],[-93.239,31.396],[-93.279,31.395]]]}},{"type":"Feature","properties":{"density":1},"geometry":{"type":"Polygon","coordinates":[[[-93.914,30.533],[-94.004,30.555],[-94.03,30.605],[-94.025,30.653],[-93.975,30.654],[-93.883,30.585],[-93.878,30.545],[-93.914,30.533]]]}},{"type":"Feature","properties":{"density":1},"geometry":{"type":"Polygon","coordinates":[[[-119.598,37.581],[-119.679,37.665],[-119.723,37.975],[-119.723,38.029],[-119.693,38.08],[-119.605,38.107],[-119.479,38.048],[-119.444,37.993],[-119.428,37.911],[-119.433,37.792],[-119.463,37.653],[-119.598,37.581]]]}},{"type":"Feature","properties":{"density":1},"geometry":{"type":"Polygon","coordinates":[[[-95.906,31.614],[-95.826,31.611],[-95.801,31.571],[-95.83,31.55],[-95.896,31.552],[-95.925,31.59],[-95.906,31.614]]]}},{"type":"Feature","properties":{"density":1},"geometry":{"type":"Polygon","coordinates":[[[-95.506,39.987],[-95.05,39.884],[-94.116,39.497],[-92.715,38.711],[-91.667,38.198],[-91.212,37.88],[-90.767,37.435],[-90.426,36.968],[-89.697,35.556],[-89.161,34.872],[-88.204,34.28],[-87.305,33.984],[-86.781,33.756],[-86.268,33.597],[-85.664,33.335],[-84.776,33.198],[-83.796,33.244],[-82.589,33.551],[-81.347,33.961],[-80.653,34.269],[-79.576,34.529],[-78.722,34.95],[-77.237,35.577],[-76.827,35.782],[-75.654,36.169],[-74.709,36.442],[-73.683,36.784],[-72.704,37.012],[-72.043,37.012],[-71.462,36.898],[-71.303,36.408],[-71.462,35.839],[-72.134,34.848],[-72.863,34.096],[-75.756,31.271],[-76.383,30.838],[-77.316,30.099],[-77.832,29.628],[-79.01,28.732],[-79.42,28.511],[-80.43,28.038],[-81.781,27.62],[-82.579,27.279],[-83.346,26.998],[-84.356,26.694],[-85.381,26.497],[-86.148,26.459],[-86.634,26.633],[-87.636,27.226],[-88.373,27.408],[-89.2,27.696],[-90.248,27.909],[-91.015,27.97],[-92.238,27.917],[-93.612,27.734],[-93.87,27.552],[-94.174,27.21],[-94.212,26.853],[-94.091,26.535],[-93.567,25.768],[-93.373,25.676],[-93.043,25.335],[-92.701,24.788],[-92.496,24.526],[-91.858,23.216],[-91.759,22.711],[-91.653,22.331],[-91.554,22.043],[-91.547,21.299],[-91.585,20.63],[-91.554,20.091],[-91.828,19.339],[-92.192,18.914],[-92.595,18.39],[-92.769,18.254],[-92.967,18.048],[-93.141,17.805],[-93.278,17.532],[-93.445,17.023],[-93.629,15.893],[-93.774,15.65],[-94.077,15.399],[-94.563,15.164],[-95.346,14.966],[-96.333,14.761],[-97.069,14.89],[-97.426,15.103],[-97.73,15.444],[-98.117,15.687],[-98.922,15.976],[-99.355,16.196],[-99.803,16.53],[-100.076,16.925],[-100.395,17.206],[-101.202,16.669],[-101.567,16.775],[-102.151,17.087],[-102.303,17.307],[-102.394,17.679],[-102.508,17.998],[-102.615,18.264],[-102.896,18.856],[-103.123,19.122],[-103.511,19.289],[-103.951,19.35],[-104.414,19.357],[-104.973,19.448],[-106.305,19.107],[-107.889,18.207],[-108.378,17.899],[-109.187,17.455],[-109.87,17.402],[-110.379,17.599],[-110.774,17.88],[-111.063,18.488],[-111.131,18.875],[-111.139,19.452],[-111.123,19.915],[-110.987,20.568],[-110.844,22.51],[-110.958,23.126],[-110.992,23.763],[-110.981,25.108],[-110.936,25.905],[-110.804,26.468],[-110.838,26.978],[-110.794,27.609],[-110.568,27.882],[-110.116,28.048],[-109.427,28.122],[-109.134,28.011],[-108.864,27.812],[-108.584,27.366],[-108.054,26.577],[-107.313,25.95],[-106.63,25.221],[-105.724,24.179],[-105.11,23.434],[-104.997,23.372],[-104.809,23.355],[-104.406,23.472],[-104.221,23.486],[-104.029,23.444],[-103.85,23.33],[-103.758,23.092],[-103.607,22.361],[-103.327,21.944],[-102.991,21.497],[-102.529,21.155],[-102.051,20.865],[-101.59,20.642],[-101.026,20.574],[-100.359,20.106],[-99.336,19.786],[-98.784,19.424],[-98.52,19.212],[-98.35,19.004],[-98.093,18.835],[-97.631,18.751],[-97.215,18.88],[-97.057,19.206],[-97.105,19.556],[-97.35,19.729],[-97.91,19.968],[-98.279,20.215],[-98.703,20.461],[-99.139,20.791],[-99.278,21.022],[-99.454,21.223],[-99.629,21.319],[-99.84,21.386],[-100.181,21.44],[-100.908,21.697],[-101.121,22.077],[-101.343,22.274],[-101.662,22.411],[-102.159,22.547],[-102.393,22.725],[-102.532,22.962],[-102.583,23.367],[-102.675,23.813],[-103.03,24.464],[-103.228,24.623],[-103.82,25.201],[-104.139,25.557],[-104.283,25.838],[-104.466,26.264],[-104.917,27.672],[-104.917,28.139],[-104.826,28.697],[-104.599,29.313],[-104.462,29.916],[-104.507,30.417],[-104.53,30.976],[-104.337,31.545],[-104.097,31.841],[-103.277,32.377],[-101.842,32.798],[-101.591,33.026],[-101.421,33.254],[-101.374,33.555],[-101.419,33.852],[-101.596,34.079],[-102.992,35.156],[-103.667,35.422],[-103.933,35.78],[-103.915,36.067],[-103.699,36.443],[-103.334,36.694],[-101.796,37.127],[-101.329,37.286],[-100.669,37.571],[-100.076,37.924],[-99.45,38.231],[-98.698,38.516],[-98.208,38.676],[-97.434,39.006],[-96.967,39.325],[-96.523,39.724],[-96.147,40.008],[-95.611,40.065],[-95.506,39.987]]]}},{"type":"Feature","properties":{"density":1},"geometry":{"type":"Polygon","coordinates":[[[-100.15,59.192],[-99.011,59.249],[-97.016,59.632],[-95.566,59.647],[-94.136,59.351],[-91.925,59.311],[-90.249,59.621],[-88.46,59.902],[-87.221,60.152],[-86.501,60.641],[-85.956,61.632],[-85.778,62.037],[-85.299,63.027],[-84.99,63.232],[-84.403,63.308],[-83.863,63.508],[-83.712,63.862],[-83.814,64.209],[-84.72,64.631],[-84.866,64.918],[-84.759,65.222],[-84.501,65.357],[-83.972,65.43],[-83.197,65.356],[-82.041,65.204],[-81.222,65.052],[-80.362,64.959],[-79.518,64.833],[-76.742,64.689],[-75.215,64.436],[-74.683,64.191],[-74.127,63.778],[-73.46,63.128],[-73.207,62.673],[-73.468,62.335],[-73.814,62.158],[-74.633,62.073],[-76.978,62.31],[-78.134,62.47],[-79.273,62.495],[-80.136,62.485],[-80.784,62.394],[-81.13,62.166],[-81.209,61.897],[-81.017,61.638],[-80.837,61.542],[-79.864,61.109],[-79.549,60.884],[-79.313,60.484],[-79.234,60.175],[-79.285,59.703],[-79.549,59.241],[-80.033,58.812],[-80.513,58.347],[-81.094,57.253],[-81.994,56.296],[-83.6,55.579],[-85.73,55.18],[-87.131,55.442],[-88.475,56.182],[-89.079,56.421],[-90.195,56.763],[-91.075,56.96],[-91.826,56.901],[-93.176,56.952],[-93.952,57.078],[-94.662,57.318],[-95.243,57.593],[-97.082,57.77],[-98.432,57.796],[-99.234,57.922],[-100.002,58.142],[-100.491,58.386],[-100.854,58.639],[-101.098,58.918],[-101.065,59.146],[-100.921,59.238],[-100.744,59.255],[-100.258,59.221],[-100.15,59.192]]]}},{"type":"Feature","properties":{"density":1},"geometry":{"type":"Polygon","coordinates":[[[-82.717,31.388],[-82.652,31.426],[-82.626,31.403],[-82.684,31.36],[-82.714,31.363],[-82.717,31.388]]]}},{"type":"Feature","properties":{"density":1},"geometry":{"type":"Polygon","coordinates":[[[-61.047,67.282],[-59.97,67.922],[-58.484,69.024],[-57.382,69.691],[-56.306,70.254],[-55.075,70.665],[-53.538,70.793],[-52.231,70.562],[-51.308,70.126],[-50.77,69.383],[-50.539,68.281],[-50.411,67.256],[-49.893,66.672],[-49.055,65.442],[-47.859,64.946],[-46.27,64.519],[-44.237,64.143],[-42.614,64.246],[-40.88,65.271],[-39.496,65.374],[-38.231,65.151],[-36.956,64.539],[-35.307,64.061],[-34.578,64.152],[-33.632,64.129],[-32.539,64.22],[-31.753,64.084],[-31.423,63.662],[-31.673,62.785],[-32.368,61.726],[-34.754,59.59],[-35.54,58.719],[-36.754,58.326],[-38.479,58.172],[-39.914,58.309],[-41.794,58.548],[-43.4,58.838],[-44.34,58.958],[-45.946,59.231],[-47.723,59.59],[-51.49,60.897],[-52.208,61.128],[-53.335,61.41],[-56.232,62.179],[-60.23,63.537],[-61.28,64.024],[-62.382,64.434],[-62.998,64.741],[-63.484,65.075],[-63.766,65.587],[-63.587,65.972],[-63.023,66.356],[-62.357,66.51],[-61.69,66.792],[-61.212,67.185],[-61.047,67.282]]]}},{"type":"Feature","properties":{"density":1},"geometry":{"type":"Polygon","coordinates":[[[-81.037,27.678],[-81.058,27.64],[-80.994,27.615],[-80.801,27.758],[-80.784,27.788],[-80.812,27.808],[-80.878,27.795],[-81.037,27.678]]]}},{"type":"Feature","properties":{"density":1},"geometry":{"type":"Polygon","coordinates":[[[-84.82,30.601],[-84.857,30.591],[-84.833,30.55],[-84.643,30.47],[-84.559,30.469],[-84.557,30.485],[-84.588,30.516],[-84.82,30.601]]]}},{"type":"Feature","properties":{"density":1},"geometry":{"type":"Polygon","coordinates":[[[-84.206,30.767],[-84.228,30.76],[-84.231,30.74],[-84.211,30.726],[-84.087,30.684],[-84.045,30.689],[-84.048,30.71],[-84.095,30.745],[-84.206,30.767]]]}},{"type":"Feature","properties":{"density":1},"geometry":{"type":"Polygon","coordinates":[[[-84.925,31.892],[-84.949,31.885],[-84.955,31.861],[-84.883,31.759],[-84.811,31.741],[-84.806,31.777],[-84.827,31.813],[-84.878,31.877],[-84.925,31.892]]]}},{"type":"Feature","properties":{"density":1},"geometry":{"type":"Polygon","coordinates":[[[-83.447,30.942],[-83.466,30.925],[-83.389,30.853],[-83.349,30.842],[-83.327,30.853],[-83.33,30.9],[-83.447,30.942]]]}},{"type":"Feature","properties":{"density":1},"geometry":{"type":"Polygon","coordinates":[[[-82.787,31.433],[-82.811,31.416],[-82.808,31.391],[-82.716,31.392],[-82.611,31.439],[-82.568,31.47],[-82.557,31.497],[-82.629,31.505],[-82.787,31.433]]]}},{"type":"Feature","properties":{"density":1},"geometry":{"type":"Polygon","coordinates":[[[-82.409,31.583],[-82.689,31.413],[-82.709,31.386],[-82.703,31.37],[-82.595,31.377],[-82.475,31.412],[-82.212,31.563],[-82.148,31.629],[-82.152,31.707],[-82.191,31.73],[-82.253,31.713],[-82.409,31.583]]]}},{"type":"Feature","properties":{"density":1},"geometry":{"type":"Polygon","coordinates":[[[-82.626,31.326],[-82.653,31.316],[-82.65,31.298],[-82.587,31.287],[-82.47,31.323],[-82.335,31.317],[-82.302,31.341],[-82.305,31.365],[-82.329,31.383],[-82.391,31.394],[-82.626,31.326]]]}},{"type":"Feature","properties":{"density":1},"geometry":{"type":"Polygon","coordinates":[[[-82.385,31.964],[-82.493,31.917],[-82.521,31.883],[-82.52,31.86],[-82.44,31.854],[-82.338,31.922],[-82.341,31.946],[-82.385,31.964]]]}},{"type":"Feature","properties":{"density":1},"geometry":{"type":"Polygon","coordinates":[[[-83.141,32.614],[-83.185,32.602],[-83.207,32.533],[-83.159,32.527],[-83.099,32.574],[-83.102,32.596],[-83.141,32.614]]]}},{"type":"Feature","properties":{"density":1},"geometry":{"type":"Polygon","coordinates":[[[-86.956,33.886],[-87.015,33.877],[-87.064,33.818],[-87.123,33.778],[-87.148,33.731],[-87.134,33.708],[-87.105,33.704],[-87.04,33.746],[-86.943,33.769],[-86.918,33.839],[-86.956,33.886]]]}},{"type":"Feature","properties":{"density":1},"geometry":{"type":"Polygon","coordinates":[[[-87.688,33.089],[-87.724,33.083],[-87.744,33.049],[-87.701,32.999],[-87.539,32.959],[-87.458,32.921],[-87.323,32.916],[-87.143,32.99],[-86.821,33.168],[-86.738,33.26],[-86.729,33.323],[-86.738,33.341],[-86.788,33.344],[-86.88,33.31],[-87.055,33.209],[-87.271,33.121],[-87.688,33.089]]]}},{"type":"Feature","properties":{"density":1},"geometry":{"type":"Polygon","coordinates":[[[-87.325,32.187],[-87.368,32.18],[-87.379,32.135],[-87.271,32.095],[-87.024,32.072],[-86.878,32.129],[-86.844,32.165],[-86.837,32.203],[-86.857,32.225],[-86.896,32.232],[-86.988,32.196],[-87.082,32.183],[-87.325,32.187]]]}},{"type":"Feature","properties":{"density":1},"geometry":{"type":"Polygon","coordinates":[[[-86.473,31.778],[-86.498,31.772],[-86.504,31.736],[-86.404,31.567],[-86.351,31.528],[-86.312,31.532],[-86.302,31.568],[-86.318,31.609],[-86.473,31.778]]]}},{"type":"Feature","properties":{"density":1},"geometry":{"type":"Polygon","coordinates":[[[-85.894,31.865],[-85.897,31.736],[-85.814,31.642],[-85.772,31.63],[-85.732,31.682],[-85.739,31.738],[-85.82,31.849],[-85.852,31.87],[-85.894,31.865]]]}},{"type":"Feature","properties":{"density":1},"geometry":{"type":"Polygon","coordinates":[[[-86.482,32.3],[-86.498,32.282],[-86.488,32.209],[-86.473,32.192],[-86.446,32.194],[-86.428,32.267],[-86.444,32.294],[-86.482,32.3]]]}},{"type":"Feature","properties":{"density":1},"geometry":{"type":"Polygon","coordinates":[[[-89.401,31.886],[-89.426,31.871],[-89.441,31.829],[-89.42,31.809],[-89.392,31.808],[-89.353,31.844],[-89.362,31.875],[-89.401,31.886]]]}},{"type":"Feature","properties":{"density":1},"geometry":{"type":"Polygon","coordinates":[[[-89.657,32.148],[-89.675,32.147],[-89.684,32.123],[-89.669,32.087],[-89.639,32.079],[-89.63,32.112],[-89.657,32.148]]]}},{"type":"Feature","properties":{"density":1},"geometry":{"type":"Polygon","coordinates":[[[-91.042,33.654],[-91.067,33.633],[-91.073,33.602],[-91.054,33.585],[-90.988,33.588],[-90.836,33.683],[-90.803,33.74],[-90.824,33.756],[-90.89,33.738],[-91.042,33.654]]]}},{"type":"Feature","properties":{"density":1},"geometry":{"type":"Polygon","coordinates":[[[-91.592,33.53],[-91.591,33.495],[-91.531,33.482],[-91.46,33.548],[-91.453,33.584],[-91.49,33.593],[-91.592,33.53]]]}},{"type":"Feature","properties":{"density":1},"geometry":{"type":"Polygon","coordinates":[[[-88.542,36.663],[-88.627,36.623],[-88.657,36.591],[-88.654,36.572],[-88.566,36.59],[-88.492,36.653],[-88.542,36.663]]]}},{"type":"Feature","properties":{"density":1},"geometry":{"type":"Polygon","coordinates":[[[-77.344,34.688],[-77.441,34.659],[-77.621,34.56],[-77.707,34.488],[-77.743,34.434],[-77.747,34.4],[-77.719,34.376],[-77.653,34.365],[-77.548,34.385],[-77.465,34.424],[-77.368,34.508],[-77.309,34.532],[-77.044,34.557],[-76.769,34.68],[-76.777,34.701],[-76.817,34.721],[-76.879,34.727],[-77.155,34.722],[-77.344,34.688]]]}},{"type":"Feature","properties":{"density":1},"geometry":{"type":"Polygon","coordinates":[[[-84.245,44.481],[-84.294,44.501],[-84.318,44.5],[-84.329,44.482],[-84.28,44.369],[-84.238,44.345],[-84.22,44.36],[-84.212,44.401],[-84.245,44.481]]]}},{"type":"Feature","properties":{"density":1},"geometry":{"type":"Polygon","coordinates":[[[-84.372,45.238],[-84.404,45.229],[-84.389,45.214],[-84.341,45.21],[-84.345,45.234],[-84.372,45.238]]]}},{"type":"Feature","properties":{"density":1},"geometry":{"type":"Polygon","coordinates":[[[-86.603,41.279],[-86.633,41.26],[-86.655,41.196],[-86.69,41.161],[-86.681,41.113],[-86.627,41.122],[-86.597,41.176],[-86.575,41.253],[-86.603,41.279]]]}},{"type":"Feature","properties":{"density":1},"geometry":{"type":"Polygon","coordinates":[[[-94.083,30.836],[-94.118,30.835],[-94.153,30.778],[-94.123,30.687],[-94.114,30.557],[-94.063,30.524],[-93.959,30.499],[-93.864,30.508],[-93.839,30.577],[-93.856,30.629],[-94.083,30.836]]]}},{"type":"Feature","properties":{"density":1},"geometry":{"type":"Polygon","coordinates":[[[-94.529,31.397],[-94.567,31.401],[-94.761,31.257],[-94.784,31.173],[-94.763,31.143],[-94.676,31.097],[-94.589,31.074],[-94.504,31.073],[-94.43,31.104],[-94.425,31.179],[-94.461,31.255],[-94.472,31.327],[-94.529,31.397]]]}},{"type":"Feature","properties":{"density":1},"geometry":{"type":"Polygon","coordinates":[[[-93.588,31.216],[-93.598,31.164],[-93.56,31.136],[-93.415,31.158],[-93.23,31.256],[-93.206,31.303],[-93.215,31.359],[-93.247,31.397],[-93.296,31.398],[-93.463,31.276],[-93.588,31.216]]]}},{"type":"Feature","properties":{"density":1},"geometry":{"type":"Polygon","coordinates":[[[-93.139,31.641],[-93.162,31.641],[-93.227,31.576],[-93.21,31.532],[-93.146,31.525],[-93.076,31.564],[-93.081,31.602],[-93.139,31.641]]]}},{"type":"Feature","properties":{"density":1},"geometry":{"type":"Polygon","coordinates":[[[-87.8,15.422],[-87.816,15.38],[-87.788,15.368],[-87.768,15.419],[-87.8,15.422]]]}},{"type":"Feature","properties":{"density":1},"geometry":{"type":"Polygon","coordinates":[[[-119.911,37.973],[-119.973,37.954],[-119.997,37.93],[-120.034,37.822],[-120.013,37.755],[-119.945,37.649],[-119.895,37.614],[-119.676,37.551],[-119.587,37.545],[-119.504,37.58],[-119.474,37.652],[-119.492,37.712],[-119.545,37.755],[-119.699,37.825],[-119.822,37.949],[-119.911,37.973]]]}},{"type":"Feature","properties":{"density":1},"geometry":{"type":"Polygon","coordinates":[[[-120.866,39.099],[-120.936,39.061],[-120.943,39.011],[-120.815,39.072],[-120.822,39.094],[-120.866,39.099]]]}},{"type":"Feature","properties":{"density":1},"geometry":{"type":"Polygon","coordinates":[[[-82.027,27.119],[-82.078,27.1],[-82.056,27.054],[-81.967,27.014],[-81.88,26.952],[-81.838,26.962],[-81.897,27.047],[-82.027,27.119]]]}},{"type":"Feature","properties":{"density":1},"geometry":{"type":"Polygon","coordinates":[[[-81.685,27.441],[-81.706,27.447],[-81.716,27.406],[-81.68,27.359],[-81.669,27.419],[-81.685,27.441]]]}},{"type":"Feature","properties":{"density":1},"geometry":{"type":"Polygon","coordinates":[[[-81.671,27.263],[-81.616,27.257],[-81.583,27.233],[-81.587,27.17],[-81.613,27.14],[-81.66,27.143],[-81.672,27.195],[-81.703,27.229],[-81.703,27.254],[-81.671,27.263]]]}},{"type":"Feature","properties":{"density":1},"geometry":{"type":"Polygon","coordinates":[[[-80.6,26.823],[-80.587,26.768],[-80.643,26.699],[-80.874,26.745],[-81.092,26.758],[-81.121,26.784],[-81.107,26.811],[-81.058,26.833],[-80.796,26.867],[-80.644,26.862],[-80.6,26.823]]]}},{"type":"Feature","properties":{"density":1},"geometry":{"type":"Polygon","coordinates":[[[-81.006,27.454],[-81.033,27.481],[-81.088,27.468],[-81.168,27.375],[-81.245,27.322],[-81.253,27.286],[-81.197,27.3],[-81.045,27.386],[-81.006,27.454]]]}},{"type":"Feature","properties":{"density":1},"geometry":{"type":"Polygon","coordinates":[[[-80.811,27.949],[-80.771,27.961],[-80.75,27.939],[-80.755,27.872],[-80.799,27.789],[-80.926,27.671],[-80.988,27.639],[-81.048,27.634],[-81.056,27.669],[-80.883,27.821],[-80.811,27.949]]]}},{"type":"Feature","properties":{"density":1},"geometry":{"type":"Polygon","coordinates":[[[-83.87,30.942],[-83.964,30.911],[-84.109,30.803],[-84.214,30.772],[-84.22,30.725],[-84.042,30.638],[-83.919,30.62],[-83.839,30.638],[-83.831,30.677],[-83.876,30.768],[-83.816,30.891],[-83.833,30.93],[-83.87,30.942]]]}},{"type":"Feature","properties":{"density":1},"geometry":{"type":"Polygon","coordinates":[[[-85.209,31.638],[-85.249,31.65],[-85.287,31.608],[-85.284,31.557],[-85.242,31.468],[-85.179,31.413],[-85.023,31.339],[-84.969,31.362],[-84.955,31.413],[-84.997,31.476],[-85.14,31.569],[-85.209,31.638]]]}},{"type":"Feature","properties":{"density":1},"geometry":{"type":"Polygon","coordinates":[[[-85.861,31.857],[-85.891,31.869],[-85.915,31.837],[-85.88,31.731],[-85.88,31.591],[-85.849,31.54],[-85.781,31.527],[-85.745,31.543],[-85.736,31.623],[-85.861,31.857]]]}},{"type":"Feature","properties":{"density":1},"geometry":{"type":"Polygon","coordinates":[[[-84.318,31.971],[-84.354,31.974],[-84.435,31.916],[-84.41,31.865],[-84.393,31.761],[-84.365,31.74],[-84.338,31.743],[-84.294,31.782],[-84.252,31.887],[-84.267,31.926],[-84.318,31.971]]]}},{"type":"Feature","properties":{"density":1},"geometry":{"type":"Polygon","coordinates":[[[-82.344,31.716],[-82.47,31.606],[-82.616,31.506],[-82.802,31.447],[-82.812,31.402],[-82.761,31.395],[-82.623,31.435],[-82.455,31.525],[-82.274,31.669],[-82.269,31.725],[-82.344,31.716]]]}},{"type":"Feature","properties":{"density":1},"geometry":{"type":"Polygon","coordinates":[[[-82.142,31.536],[-82.251,31.54],[-82.343,31.501],[-82.647,31.423],[-82.694,31.404],[-82.698,31.372],[-82.668,31.326],[-82.62,31.32],[-82.37,31.44],[-82.107,31.441],[-82.08,31.459],[-82.082,31.492],[-82.142,31.536]]]}},{"type":"Feature","properties":{"density":1},"geometry":{"type":"Polygon","coordinates":[[[-82.371,31.949],[-82.385,31.957],[-82.412,31.929],[-82.419,31.869],[-82.404,31.85],[-82.374,31.869],[-82.371,31.949]]]}},{"type":"Feature","properties":{"density":1},"geometry":{"type":"Polygon","coordinates":[[[-82.178,31.998],[-82.1,31.977],[-82.093,31.935],[-82.111,31.915],[-82.345,31.872],[-82.454,31.801],[-82.498,31.822],[-82.466,31.909],[-82.403,31.956],[-82.178,31.998]]]}},{"type":"Feature","properties":{"density":1},"geometry":{"type":"Polygon","coordinates":[[[-82.891,32.856],[-82.903,32.833],[-82.897,32.785],[-82.874,32.778],[-82.832,32.794],[-82.766,32.883],[-82.753,32.949],[-82.78,32.943],[-82.891,32.856]]]}},{"type":"Feature","properties":{"density":1},"geometry":{"type":"Polygon","coordinates":[[[-83.066,32.707],[-83.038,32.704],[-83.002,32.67],[-83.014,32.55],[-82.99,32.458],[-83.009,32.406],[-83.032,32.388],[-83.116,32.383],[-83.222,32.424],[-83.252,32.5],[-83.158,32.67],[-83.119,32.697],[-83.066,32.707]]]}},{"type":"Feature","properties":{"density":1},"geometry":{"type":"Polygon","coordinates":[[[-82.244,32.947],[-82.276,32.919],[-82.264,32.872],[-82.142,32.811],[-82.054,32.809],[-81.988,32.856],[-81.988,32.894],[-82.025,32.931],[-82.244,32.947]]]}},{"type":"Feature","properties":{"density":1},"geometry":{"type":"Polygon","coordinates":[[[-85.109,33.377],[-85.177,33.347],[-85.166,33.278],[-85.112,33.241],[-85.084,33.188],[-85.0,33.169],[-84.979,33.214],[-85.022,33.326],[-85.049,33.361],[-85.109,33.377]]]}},{"type":"Feature","properties":{"density":1},"geometry":{"type":"Polygon","coordinates":[[[-85.354,33.155],[-85.393,33.149],[-85.441,33.115],[-85.456,33.053],[-85.438,32.998],[-85.444,32.855],[-85.405,32.812],[-85.354,32.797],[-85.324,32.803],[-85.259,32.86],[-85.232,32.921],[-85.225,32.987],[-85.228,33.041],[-85.256,33.089],[-85.322,33.142],[-85.366,33.148],[-85.354,33.155]]]}},{"type":"Feature","properties":{"density":1},"geometry":{"type":"Polygon","coordinates":[[[-85.759,32.897],[-85.789,32.884],[-85.799,32.812],[-85.741,32.663],[-85.697,32.65],[-85.679,32.683],[-85.682,32.75],[-85.732,32.884],[-85.759,32.897]]]}},{"type":"Feature","properties":{"density":1},"geometry":{"type":"Polygon","coordinates":[[[-85.427,32.308],[-85.46,32.278],[-85.447,32.188],[-85.42,32.108],[-85.37,32.095],[-85.34,32.138],[-85.343,32.212],[-85.376,32.281],[-85.427,32.308]]]}},{"type":"Feature","properties":{"density":1},"geometry":{"type":"Polygon","coordinates":[[[-86.485,32.294],[-86.53,32.219],[-86.497,32.131],[-86.461,32.15],[-86.44,32.272],[-86.447,32.297],[-86.485,32.294]]]}},{"type":"Feature","properties":{"density":1},"geometry":{"type":"Polygon","coordinates":[[[-86.726,33.346],[-86.741,33.35],[-86.776,33.318],[-86.8,33.248],[-86.873,33.154],[-86.878,33.069],[-86.839,33.016],[-86.79,33.009],[-86.772,33.021],[-86.701,33.164],[-86.678,33.256],[-86.726,33.346]]]}},{"type":"Feature","properties":{"density":1},"geometry":{"type":"Polygon","coordinates":[[[-87.31,33.556],[-87.344,33.516],[-87.352,33.468],[-87.334,33.432],[-87.301,33.414],[-87.133,33.456],[-87.031,33.529],[-86.932,33.643],[-86.897,33.733],[-86.894,33.819],[-86.918,33.897],[-86.96,33.901],[-86.995,33.874],[-87.041,33.762],[-87.097,33.688],[-87.31,33.556]]]}},{"type":"Feature","properties":{"density":1},"geometry":{"type":"Polygon","coordinates":[[[-86.145,31.555],[-86.315,31.711],[-86.406,31.753],[-86.474,31.757],[-86.486,31.739],[-86.466,31.687],[-86.387,31.591],[-86.247,31.501],[-86.171,31.477],[-86.108,31.484],[-86.108,31.508],[-86.145,31.555]]]}},{"type":"Feature","properties":{"density":1},"geometry":{"type":"Polygon","coordinates":[[[-89.266,31.235],[-89.293,31.165],[-89.286,31.148],[-89.245,31.141],[-89.209,31.184],[-89.2,31.282],[-89.229,31.283],[-89.266,31.235]]]}},{"type":"Feature","properties":{"density":1},"geometry":{"type":"Polygon","coordinates":[[[-89.625,32.174],[-89.688,32.168],[-89.718,32.137],[-89.724,32.044],[-89.7,31.952],[-89.673,31.906],[-89.619,31.862],[-89.493,31.799],[-89.459,31.798],[-89.421,31.847],[-89.439,31.931],[-89.574,32.14],[-89.625,32.174]]]}},{"type":"Feature","properties":{"density":1},"geometry":{"type":"Polygon","coordinates":[[[-88.419,32.993],[-88.44,32.983],[-88.435,32.961],[-88.396,32.914],[-88.384,32.958],[-88.419,32.993]]]}},{"type":"Feature","properties":{"density":1},"geometry":{"type":"Polygon","coordinates":[[[-90.347,33.757],[-90.367,33.775],[-90.399,33.761],[-90.406,33.649],[-90.388,33.646],[-90.365,33.671],[-90.347,33.757]]]}},{"type":"Feature","properties":{"density":1},"geometry":{"type":"Polygon","coordinates":[[[-88.548,35.036],[-88.572,34.992],[-88.579,34.934],[-88.563,34.898],[-88.537,34.884],[-88.467,34.935],[-88.38,35.049],[-88.36,35.109],[-88.377,35.132],[-88.431,35.136],[-88.548,35.036]]]}},{"type":"Feature","properties":{"density":1},"geometry":{"type":"Polygon","coordinates":[[[-88.978,36.371],[-89.016,36.317],[-89.013,36.27],[-88.956,36.252],[-88.909,36.26],[-88.696,36.387],[-88.606,36.461],[-88.54,36.542],[-88.486,36.654],[-88.537,36.666],[-88.662,36.576],[-88.815,36.503],[-88.978,36.371]]]}},{"type":"Feature","properties":{"density":1},"geometry":{"type":"Polygon","coordinates":[[[-87.793,36.63],[-87.772,36.651],[-87.741,36.654],[-87.726,36.633],[-87.733,36.593],[-87.819,36.473],[-87.865,36.375],[-87.915,36.354],[-87.916,36.414],[-87.813,36.566],[-87.793,36.63]]]}},{"type":"Feature","properties":{"density":1},"geometry":{"type":"Polygon","coordinates":[[[-87.789,36.432],[-87.798,36.413],[-87.786,36.401],[-87.747,36.401],[-87.619,36.5],[-87.579,36.557],[-87.585,36.621],[-87.636,36.636],[-87.679,36.614],[-87.735,36.561],[-87.789,36.432]]]}},{"type":"Feature","properties":{"density":1},"geometry":{"type":"Polygon","coordinates":[[[-87.486,36.643],[-87.519,36.601],[-87.513,36.579],[-87.495,36.574],[-87.459,36.594],[-87.452,36.618],[-87.458,36.643],[-87.486,36.643]]]}},{"type":"Feature","properties":{"density":1},"geometry":{"type":"Polygon","coordinates":[[[-86.503,37.967],[-86.653,37.875],[-86.772,37.7],[-86.758,37.65],[-86.71,37.631],[-86.664,37.635],[-86.556,37.727],[-86.434,37.791],[-86.406,37.853],[-86.421,37.976],[-86.44,38.012],[-86.46,38.012],[-86.503,37.967]]]}},{"type":"Feature","properties":{"density":1},"geometry":{"type":"Polygon","coordinates":[[[-84.866,36.031],[-84.893,35.968],[-84.961,35.904],[-84.94,35.865],[-84.889,35.868],[-84.802,35.941],[-84.772,36.04],[-84.781,36.102],[-84.811,36.108],[-84.85,36.073],[-84.866,36.031]]]}},{"type":"Feature","properties":{"density":1},"geometry":{"type":"Polygon","coordinates":[[[-79.776,35.224],[-79.811,35.198],[-79.787,35.152],[-79.713,35.11],[-79.64,35.023],[-79.569,34.985],[-79.493,35.009],[-79.481,35.072],[-79.542,35.152],[-79.652,35.222],[-79.776,35.224]]]}},{"type":"Feature","properties":{"density":1},"geometry":{"type":"Polygon","coordinates":[[[-77.295,34.68],[-77.235,34.723],[-77.165,34.748],[-76.733,34.703],[-76.582,34.721],[-76.344,34.723],[-76.294,34.696],[-76.281,34.622],[-76.326,34.545],[-76.461,34.502],[-76.744,34.514],[-77.208,34.507],[-77.291,34.527],[-77.336,34.565],[-77.347,34.633],[-77.295,34.68]]]}},{"type":"Feature","properties":{"density":1},"geometry":{"type":"Polygon","coordinates":[[[-78.093,34.97],[-78.118,34.947],[-78.118,34.927],[-78.075,34.902],[-78.01,34.9],[-77.925,34.931],[-77.722,34.909],[-77.668,34.92],[-77.443,35.008],[-77.409,35.075],[-77.407,35.136],[-77.461,35.19],[-77.524,35.217],[-77.601,35.219],[-77.857,35.062],[-78.093,34.97]]]}},{"type":"Feature","properties":{"density":1},"geometry":{"type":"Polygon","coordinates":[[[-76.165,35.858],[-76.2,35.846],[-76.197,35.815],[-76.018,35.767],[-75.984,35.768],[-75.925,35.8],[-75.892,35.855],[-75.904,35.885],[-76.021,35.929],[-76.11,35.872],[-76.165,35.858]]]}},{"type":"Feature","properties":{"density":1},"geometry":{"type":"Polygon","coordinates":[[[-76.207,35.797],[-76.227,35.771],[-76.225,35.743],[-75.873,35.668],[-75.751,35.684],[-75.717,35.728],[-75.742,35.791],[-75.802,35.831],[-75.838,35.837],[-76.074,35.792],[-76.207,35.797]]]}},{"type":"Feature","properties":{"density":1},"geometry":{"type":"Polygon","coordinates":[[[-78.36,36.665],[-78.428,36.659],[-78.45,36.643],[-78.455,36.593],[-78.394,36.562],[-78.113,36.542],[-77.883,36.479],[-77.589,36.461],[-77.476,36.481],[-77.382,36.533],[-77.388,36.58],[-77.496,36.62],[-77.715,36.62],[-78.007,36.683],[-78.36,36.665]]]}},{"type":"Feature","properties":{"density":1},"geometry":{"type":"Polygon","coordinates":[[[-84.288,44.505],[-84.339,44.52],[-84.352,44.492],[-84.342,44.367],[-84.315,44.342],[-84.289,44.345],[-84.267,44.376],[-84.267,44.45],[-84.288,44.505]]]}},{"type":"Feature","properties":{"density":1},"geometry":{"type":"Polygon","coordinates":[[[-84.794,43.684],[-84.821,43.684],[-84.812,43.623],[-84.752,43.531],[-84.702,43.507],[-84.695,43.554],[-84.794,43.684]]]}},{"type":"Feature","properties":{"density":1},"geometry":{"type":"Polygon","coordinates":[[[-82.583,42.196],[-82.61,42.187],[-82.65,42.109],[-82.727,42.075],[-82.721,42.03],[-82.704,42.016],[-82.64,41.998],[-82.592,42.006],[-82.577,42.024],[-82.556,42.165],[-82.583,42.196]]]}},{"type":"Feature","properties":{"density":1},"geometry":{"type":"Polygon","coordinates":[[[-91.506,30.616],[-91.587,30.598],[-91.704,30.532],[-91.716,30.46],[-91.688,30.378],[-91.616,30.364],[-91.53,30.4],[-91.458,30.499],[-91.439,30.556],[-91.451,30.597],[-91.506,30.616]]]}},{"type":"Feature","properties":{"density":1},"geometry":{"type":"Polygon","coordinates":[[[-91.295,30.495],[-91.319,30.457],[-91.319,30.42],[-91.28,30.393],[-91.248,30.397],[-91.223,30.435],[-91.223,30.493],[-91.247,30.511],[-91.295,30.495]]]}},{"type":"Feature","properties":{"density":1},"geometry":{"type":"Polygon","coordinates":[[[-92.519,31.015],[-92.562,30.954],[-92.558,30.912],[-92.469,30.885],[-92.412,30.91],[-92.361,30.999],[-92.318,31.042],[-92.313,31.072],[-92.334,31.095],[-92.36,31.095],[-92.429,31.038],[-92.519,31.015]]]}},{"type":"Feature","properties":{"density":1},"geometry":{"type":"Polygon","coordinates":[[[-91.812,30.975],[-91.881,30.888],[-91.868,30.841],[-91.821,30.814],[-91.785,30.843],[-91.715,30.967],[-91.716,30.985],[-91.743,31.002],[-91.812,30.975]]]}},{"type":"Feature","properties":{"density":1},"geometry":{"type":"Polygon","coordinates":[[[-94.508,30.973],[-94.596,30.982],[-94.614,30.937],[-94.452,30.647],[-94.411,30.615],[-94.211,30.555],[-94.096,30.489],[-94.008,30.467],[-93.894,30.458],[-93.846,30.492],[-93.822,30.564],[-93.828,30.604],[-93.923,30.69],[-94.076,30.741],[-94.508,30.973]]]}},{"type":"Feature","properties":{"density":1},"geometry":{"type":"Polygon","coordinates":[[[-95.258,31.542],[-95.325,31.525],[-95.328,31.475],[-95.308,31.424],[-95.21,31.326],[-95.089,31.252],[-94.653,31.07],[-94.448,31.036],[-94.383,31.046],[-94.373,31.06],[-94.39,31.141],[-94.437,31.195],[-94.64,31.323],[-94.869,31.438],[-95.156,31.549],[-95.258,31.542]]]}},{"type":"Feature","properties":{"density":1},"geometry":{"type":"Polygon","coordinates":[[[-91.848,32.593],[-91.878,32.577],[-91.92,32.457],[-91.923,32.439],[-91.893,32.416],[-91.856,32.422],[-91.823,32.478],[-91.815,32.568],[-91.848,32.593]]]}},{"type":"Feature","properties":{"density":1},"geometry":{"type":"Polygon","coordinates":[[[-91.949,32.395],[-91.97,32.383],[-91.983,32.335],[-92.027,32.275],[-92.013,32.244],[-91.964,32.254],[-91.935,32.286],[-91.925,32.361],[-91.949,32.395]]]}},{"type":"Feature","properties":{"density":1},"geometry":{"type":"Polygon","coordinates":[[[-91.47,32.749],[-91.494,32.763],[-91.524,32.743],[-91.607,32.589],[-91.59,32.554],[-91.527,32.539],[-91.464,32.586],[-91.451,32.706],[-91.47,32.749]]]}},{"type":"Feature","properties":{"density":1},"geometry":{"type":"Polygon","coordinates":[[[-91.659,32.926],[-91.686,32.923],[-91.715,32.845],[-91.796,32.772],[-91.818,32.7],[-91.802,32.656],[-91.74,32.641],[-91.665,32.667],[-91.602,32.745],[-91.586,32.811],[-91.598,32.869],[-91.643,32.925],[-91.659,32.926]]]}},{"type":"Feature","properties":{"density":1},"geometry":{"type":"Polygon","coordinates":[[[-91.534,33.652],[-91.574,33.637],[-91.586,33.616],[-91.601,33.543],[-91.58,33.523],[-91.526,33.54],[-91.493,33.594],[-91.49,33.639],[-91.534,33.652]]]}},{"type":"Feature","properties":{"density":1},"geometry":{"type":"Polygon","coordinates":[[[-91.673,33.414],[-91.702,33.382],[-91.703,33.342],[-91.661,33.328],[-91.612,33.342],[-91.544,33.415],[-91.462,33.471],[-91.453,33.508],[-91.472,33.516],[-91.673,33.414]]]}},{"type":"Feature","properties":{"density":1},"geometry":{"type":"Polygon","coordinates":[[[-91.37,33.481],[-91.396,33.496],[-91.456,33.483],[-91.475,33.373],[-91.522,33.276],[-91.501,33.241],[-91.42,33.259],[-91.378,33.31],[-91.36,33.373],[-91.37,33.481]]]}},{"type":"Feature","properties":{"density":1},"geometry":{"type":"Polygon","coordinates":[[[-91.291,33.016],[-91.319,32.974],[-91.318,32.926],[-91.309,32.898],[-91.252,32.875],[-91.207,32.913],[-91.196,32.943],[-91.198,33.052],[-91.205,33.066],[-91.243,33.061],[-91.291,33.016]]]}},{"type":"Feature","properties":{"density":1},"geometry":{"type":"Polygon","coordinates":[[[-92.061,34.393],[-92.228,34.312],[-92.235,34.248],[-92.186,34.246],[-92.04,34.335],[-92.019,34.387],[-92.061,34.393]]]}},{"type":"Feature","properties":{"density":1},"geometry":{"type":"Polygon","coordinates":[[[-91.947,34.372],[-92.0,34.36],[-92.019,34.294],[-91.991,34.297],[-91.929,34.341],[-91.926,34.362],[-91.947,34.372]]]}},{"type":"Feature","properties":{"density":1},"geometry":{"type":"Polygon","coordinates":[[[-91.772,34.5],[-91.853,34.479],[-91.955,34.402],[-92.087,34.332],[-92.124,34.276],[-92.135,34.177],[-92.079,34.164],[-91.998,34.2],[-91.865,34.35],[-91.758,34.428],[-91.745,34.47],[-91.772,34.5]]]}},{"type":"Feature","properties":{"density":1},"geometry":{"type":"Polygon","coordinates":[[[-91.878,34.554],[-91.953,34.549],[-92.087,34.453],[-92.303,34.38],[-92.372,34.305],[-92.532,34.23],[-92.567,34.15],[-92.543,34.074],[-92.528,34.06],[-92.42,34.056],[-92.318,34.086],[-92.256,34.126],[-92.006,34.345],[-91.859,34.446],[-91.835,34.506],[-91.878,34.554]]]}},{"type":"Feature","properties":{"density":1},"geometry":{"type":"Polygon","coordinates":[[[-91.462,34.61],[-91.519,34.598],[-91.619,34.538],[-91.7,34.452],[-91.729,34.385],[-91.652,34.398],[-91.513,34.527],[-91.454,34.557],[-91.432,34.593],[-91.462,34.61]]]}},{"type":"Feature","properties":{"density":1},"geometry":{"type":"Polygon","coordinates":[[[-91.592,34.431],[-91.619,34.428],[-91.676,34.383],[-91.675,34.326],[-91.57,34.383],[-91.567,34.415],[-91.592,34.431]]]}},{"type":"Feature","properties":{"density":1},"geometry":{"type":"Polygon","coordinates":[[[-91.457,34.35],[-91.505,34.358],[-91.544,34.341],[-91.648,34.247],[-91.655,34.19],[-91.601,34.181],[-91.517,34.23],[-91.45,34.313],[-91.457,34.35]]]}},{"type":"Feature","properties":{"density":1},"geometry":{"type":"Polygon","coordinates":[[[-91.573,34.197],[-91.609,34.16],[-91.603,34.124],[-91.562,34.127],[-91.514,34.185],[-91.519,34.212],[-91.573,34.197]]]}},{"type":"Feature","properties":{"density":1},"geometry":{"type":"Polygon","coordinates":[[[-91.315,34.289],[-91.372,34.292],[-91.393,34.272],[-91.394,34.239],[-91.334,34.211],[-91.216,34.206],[-91.207,34.227],[-91.222,34.253],[-91.315,34.289]]]}},{"type":"Feature","properties":{"density":1},"geometry":{"type":"Polygon","coordinates":[[[-91.189,34.425],[-91.21,34.422],[-91.216,34.392],[-91.201,34.338],[-91.165,34.326],[-91.15,34.335],[-91.148,34.37],[-91.189,34.425]]]}},{"type":"Feature","properties":{"density":1},"geometry":{"type":"Polygon","coordinates":[[[-90.908,34.449],[-91.01,34.41],[-91.06,34.355],[-91.033,34.137],[-90.988,34.091],[-90.929,34.1],[-90.866,34.197],[-90.829,34.298],[-90.833,34.418],[-90.854,34.442],[-90.908,34.449]]]}},{"type":"Feature","properties":{"density":1},"geometry":{"type":"Polygon","coordinates":[[[-91.85,34.76],[-91.894,34.742],[-91.898,34.703],[-91.879,34.683],[-91.831,34.727],[-91.85,34.76]]]}},{"type":"Feature","properties":{"density":1},"geometry":{"type":"Polygon","coordinates":[[[-91.753,34.871],[-91.708,34.886],[-91.7,34.857],[-91.822,34.718],[-91.852,34.658],[-91.954,34.575],[-91.984,34.523],[-92.038,34.518],[-92.075,34.586],[-92.059,34.649],[-91.931,34.763],[-91.753,34.871]]]}},{"type":"Feature","properties":{"density":1},"geometry":{"type":"Polygon","coordinates":[[[-91.115,35.852],[-91.205,35.823],[-91.315,35.746],[-91.356,35.679],[-91.354,35.625],[-91.338,35.607],[-91.252,35.618],[-91.106,35.719],[-91.072,35.789],[-91.07,35.827],[-91.093,35.852],[-91.115,35.852]]]}},{"type":"Feature","properties":{"density":1},"geometry":{"type":"Polygon","coordinates":[[[-91.34,35.622],[-91.439,35.6],[-91.457,35.582],[-91.437,35.424],[-91.417,35.404],[-91.349,35.429],[-91.279,35.514],[-91.282,35.591],[-91.34,35.622]]]}},{"type":"Feature","properties":{"density":1},"geometry":{"type":"Polygon","coordinates":[[[-91.027,35.591],[-91.104,35.544],[-91.201,35.447],[-91.268,35.418],[-91.284,35.361],[-91.257,35.348],[-91.183,35.361],[-91.077,35.46],[-90.985,35.519],[-90.971,35.559],[-90.982,35.591],[-91.027,35.591]]]}},{"type":"Feature","properties":{"density":1},"geometry":{"type":"Polygon","coordinates":[[[-90.883,35.692],[-90.958,35.672],[-90.987,35.634],[-90.996,35.586],[-90.944,35.571],[-90.845,35.584],[-90.827,35.643],[-90.883,35.692]]]}},{"type":"Feature","properties":{"density":1},"geometry":{"type":"Polygon","coordinates":[[[-90.917,35.586],[-91.027,35.523],[-91.09,35.474],[-91.113,35.436],[-91.106,35.379],[-91.052,35.328],[-90.964,35.341],[-90.926,35.37],[-90.8,35.521],[-90.798,35.553],[-90.818,35.573],[-90.917,35.586]]]}},{"type":"Feature","properties":{"density":1},"geometry":{"type":"Polygon","coordinates":[[[-91.066,35.402],[-91.122,35.42],[-91.171,35.409],[-91.255,35.35],[-91.324,35.199],[-91.34,35.109],[-91.273,35.085],[-91.187,35.085],[-91.09,35.154],[-91.032,35.226],[-91.009,35.287],[-91.021,35.366],[-91.066,35.402]]]}},{"type":"Feature","properties":{"density":1},"geometry":{"type":"Polygon","coordinates":[[[-91.128,35.099],[-91.195,35.109],[-91.245,35.082],[-91.293,35.015],[-91.377,34.947],[-91.377,34.925],[-91.333,34.89],[-91.254,34.872],[-91.182,34.899],[-91.095,34.995],[-91.093,35.037],[-91.128,35.099]]]}},{"type":"Feature","properties":{"density":1},"geometry":{"type":"Polygon","coordinates":[[[-90.822,35.124],[-90.858,35.118],[-90.889,35.057],[-90.978,34.979],[-90.978,34.946],[-90.948,34.917],[-90.859,34.919],[-90.799,34.964],[-90.778,35.06],[-90.786,35.099],[-90.822,35.124]]]}},{"type":"Feature","properties":{"density":1},"geometry":{"type":"Polygon","coordinates":[[[-90.841,35.442],[-90.99,35.358],[-91.039,35.311],[-91.064,35.237],[-91.042,35.185],[-90.972,35.187],[-90.792,35.329],[-90.772,35.361],[-90.774,35.437],[-90.841,35.442]]]}},{"type":"Feature","properties":{"density":1},"geometry":{"type":"Polygon","coordinates":[[[-90.115,35.725],[-90.162,35.712],[-90.337,35.59],[-90.369,35.523],[-90.355,35.46],[-90.243,35.462],[-90.157,35.511],[-90.058,35.61],[-90.029,35.651],[-90.031,35.687],[-90.058,35.712],[-90.115,35.725]]]}},{"type":"Feature","properties":{"density":1},"geometry":{"type":"Polygon","coordinates":[[[-90.614,35.786],[-90.63,35.802],[-90.664,35.802],[-90.819,35.703],[-90.866,35.64],[-90.859,35.583],[-90.778,35.581],[-90.677,35.628],[-90.61,35.703],[-90.614,35.786]]]}},{"type":"Feature","properties":{"density":1},"geometry":{"type":"Polygon","coordinates":[[[-90.382,36.031],[-90.457,36.029],[-90.504,35.988],[-90.601,35.957],[-90.625,35.941],[-90.637,35.892],[-90.616,35.865],[-90.583,35.858],[-90.526,35.862],[-90.418,35.907],[-90.364,35.968],[-90.362,36.0],[-90.382,36.031]]]}},{"type":"Feature","properties":{"density":1},"geometry":{"type":"Polygon","coordinates":[[[-90.589,35.896],[-90.763,35.91],[-90.79,35.876],[-90.787,35.851],[-90.747,35.804],[-90.711,35.788],[-90.562,35.761],[-90.535,35.77],[-90.517,35.826],[-90.538,35.865],[-90.589,35.896]]]}},{"type":"Feature","properties":{"density":1},"geometry":{"type":"Polygon","coordinates":[[[-90.655,36.18],[-90.749,36.184],[-90.981,36.049],[-91.015,35.966],[-90.967,35.869],[-90.895,35.865],[-90.664,36.029],[-90.632,36.069],[-90.621,36.112],[-90.655,36.18]]]}},{"type":"Feature","properties":{"density":1},"geometry":{"type":"Polygon","coordinates":[[[-90.931,36.279],[-91.006,36.288],[-91.064,36.258],[-91.089,36.218],[-91.08,36.18],[-91.039,36.157],[-90.974,36.173],[-90.916,36.216],[-90.913,36.254],[-90.931,36.279]]]}},{"type":"Feature","properties":{"density":1},"geometry":{"type":"Polygon","coordinates":[[[-90.92,36.373],[-90.974,36.378],[-90.985,36.357],[-90.974,36.303],[-90.947,36.261],[-90.868,36.236],[-90.853,36.252],[-90.859,36.299],[-90.92,36.373]]]}},{"type":"Feature","properties":{"density":1},"geometry":{"type":"Polygon","coordinates":[[[-90.763,36.45],[-90.828,36.452],[-90.88,36.423],[-90.927,36.364],[-91.033,36.281],[-91.028,36.231],[-91.006,36.213],[-90.934,36.211],[-90.871,36.243],[-90.81,36.319],[-90.718,36.382],[-90.718,36.411],[-90.763,36.45]]]}},{"type":"Feature","properties":{"density":1},"geometry":{"type":"Polygon","coordinates":[[[-90.653,36.318],[-90.704,36.308],[-90.743,36.281],[-90.752,36.24],[-90.731,36.197],[-90.626,36.195],[-90.592,36.23],[-90.592,36.278],[-90.653,36.318]]]}},{"type":"Feature","properties":{"density":1},"geometry":{"type":"Polygon","coordinates":[[[-90.487,36.347],[-90.57,36.335],[-90.663,36.245],[-90.661,36.209],[-90.612,36.183],[-90.564,36.182],[-90.483,36.213],[-90.444,36.257],[-90.435,36.305],[-90.487,36.347]]]}},{"type":"Feature","properties":{"density":1},"geometry":{"type":"Polygon","coordinates":[[[-90.309,36.561],[-90.478,36.555],[-90.514,36.521],[-90.55,36.431],[-90.643,36.357],[-90.637,36.314],[-90.547,36.314],[-90.226,36.446],[-90.208,36.473],[-90.214,36.524],[-90.232,36.542],[-90.309,36.561]]]}},{"type":"Feature","properties":{"density":1},"geometry":{"type":"Polygon","coordinates":[[[-89.953,36.245],[-90.018,36.261],[-90.049,36.243],[-90.157,36.047],[-90.112,36.024],[-90.043,36.056],[-89.95,36.195],[-89.941,36.225],[-89.953,36.245]]]}},{"type":"Feature","properties":{"density":1},"geometry":{"type":"Polygon","coordinates":[[[-89.847,36.249],[-89.98,36.211],[-90.007,36.191],[-90.011,36.132],[-89.971,36.121],[-89.917,36.13],[-89.876,36.157],[-89.82,36.211],[-89.822,36.236],[-89.847,36.249]]]}},{"type":"Feature","properties":{"density":1},"geometry":{"type":"Polygon","coordinates":[[[-89.716,36.537],[-89.912,36.47],[-90.038,36.396],[-90.11,36.285],[-90.097,36.243],[-90.02,36.211],[-89.941,36.207],[-89.791,36.256],[-89.647,36.479],[-89.662,36.517],[-89.716,36.537]]]}},{"type":"Feature","properties":{"density":1},"geometry":{"type":"Polygon","coordinates":[[[-89.554,36.429],[-89.651,36.42],[-89.721,36.369],[-89.734,36.335],[-89.694,36.33],[-89.633,36.36],[-89.561,36.369],[-89.527,36.405],[-89.554,36.429]]]}},{"type":"Feature","properties":{"density":1},"geometry":{"type":"Polygon","coordinates":[[[-90.079,36.429],[-90.133,36.423],[-90.216,36.364],[-90.265,36.274],[-90.268,36.238],[-90.243,36.209],[-90.198,36.2],[-90.137,36.218],[-90.103,36.252],[-90.025,36.288],[-90.009,36.317],[-90.016,36.369],[-90.036,36.405],[-90.079,36.429]]]}},{"type":"Feature","properties":{"density":1},"geometry":{"type":"Polygon","coordinates":[[[-89.712,36.949],[-89.737,36.87],[-89.719,36.834],[-89.649,36.792],[-89.604,36.796],[-89.467,36.913],[-89.478,36.942],[-89.525,36.965],[-89.584,36.945],[-89.712,36.949]]]}},{"type":"Feature","properties":{"density":1},"geometry":{"type":"Polygon","coordinates":[[[-90.362,37.311],[-90.472,37.298],[-90.493,37.282],[-90.497,37.253],[-90.45,37.219],[-90.346,37.224],[-90.29,37.278],[-90.308,37.3],[-90.362,37.311]]]}},{"type":"Feature","properties":{"density":1},"geometry":{"type":"Polygon","coordinates":[[[-90.228,36.853],[-90.339,36.876],[-90.412,36.912],[-90.439,36.912],[-90.459,36.886],[-90.457,36.862],[-90.417,36.814],[-90.265,36.754],[-90.24,36.754],[-90.211,36.781],[-90.207,36.819],[-90.228,36.853]]]}},{"type":"Feature","properties":{"density":1},"geometry":{"type":"Polygon","coordinates":[[[-90.009,36.928],[-90.156,36.913],[-90.243,36.876],[-90.304,36.802],[-90.358,36.768],[-90.373,36.726],[-90.364,36.691],[-90.297,36.651],[-90.222,36.669],[-90.088,36.786],[-89.986,36.835],[-89.944,36.874],[-89.944,36.909],[-90.009,36.928]]]}},{"type":"Feature","properties":{"density":1},"geometry":{"type":"Polygon","coordinates":[[[-89.735,37.818],[-89.767,37.814],[-89.785,37.794],[-89.818,37.656],[-89.758,37.661],[-89.688,37.764],[-89.697,37.794],[-89.735,37.818]]]}},{"type":"Feature","properties":{"density":1},"geometry":{"type":"Polygon","coordinates":[[[-87.211,38.365],[-87.265,38.325],[-87.368,38.172],[-87.377,38.122],[-87.341,38.086],[-87.267,38.088],[-87.235,38.106],[-87.199,38.158],[-87.143,38.325],[-87.161,38.352],[-87.211,38.365]]]}},{"type":"Feature","properties":{"density":1},"geometry":{"type":"Polygon","coordinates":[[[-88.367,45.163],[-88.427,45.15],[-88.457,45.118],[-88.493,45.008],[-88.484,44.979],[-88.436,44.965],[-88.353,44.979],[-88.283,45.042],[-88.268,45.109],[-88.331,45.159],[-88.367,45.163]]]}},{"type":"Feature","properties":{"density":1},"geometry":{"type":"Polygon","coordinates":[[[-97.357,37.84],[-97.399,37.847],[-97.426,37.815],[-97.429,37.755],[-97.406,37.721],[-97.303,37.656],[-97.231,37.554],[-97.141,37.525],[-97.075,37.53],[-97.087,37.59],[-97.15,37.667],[-97.357,37.84]]]}},{"type":"Feature","properties":{"density":1},"geometry":{"type":"Polygon","coordinates":[[[-93.994,33.058],[-94.02,33.05],[-94.038,33.022],[-94.03,32.959],[-93.985,32.929],[-93.892,32.909],[-93.877,32.924],[-93.876,32.977],[-93.994,33.058]]]}},{"type":"Feature","properties":{"density":1},"geometry":{"type":"Polygon","coordinates":[[[-96.944,55.314],[-97.295,55.284],[-97.408,55.257],[-97.491,55.219],[-97.615,55.125],[-97.781,55.093],[-97.891,55.046],[-98.256,54.99],[-98.339,54.933],[-98.344,54.888],[-98.256,54.888],[-98.134,54.947],[-98.031,54.974],[-97.77,55.003],[-97.588,55.046],[-97.444,55.152],[-97.392,55.172],[-97.03,55.23],[-96.897,55.269],[-96.89,55.291],[-96.944,55.314]]]}},{"type":"Feature","properties":{"density":1},"geometry":{"type":"Polygon","coordinates":[[[-116.56,46.593],[-116.581,46.564],[-116.555,46.525],[-116.485,46.518],[-116.482,46.542],[-116.503,46.566],[-116.56,46.593]]]}},{"type":"Feature","properties":{"density":1},"geometry":{"type":"Polygon","coordinates":[[[-116.287,46.449],[-116.323,46.435],[-116.335,46.374],[-116.308,46.348],[-116.24,46.332],[-116.114,46.377],[-116.092,46.405],[-116.126,46.446],[-116.287,46.449]]]}},{"type":"Feature","properties":{"density":1},"geometry":{"type":"Polygon","coordinates":[[[-118.11,44.827],[-118.331,44.764],[-118.587,44.753],[-118.641,44.717],[-118.646,44.649],[-118.592,44.602],[-118.493,44.602],[-118.403,44.645],[-118.173,44.649],[-118.085,44.699],[-118.04,44.778],[-118.038,44.805],[-118.11,44.827]]]}},{"type":"Feature","properties":{"density":1},"geometry":{"type":"Polygon","coordinates":[[[-120.358,44.487],[-120.38,44.499],[-120.401,44.487],[-120.416,44.463],[-120.412,44.427],[-120.308,44.35],[-120.158,44.305],[-120.079,44.328],[-120.072,44.348],[-120.088,44.375],[-120.16,44.433],[-120.358,44.487]]]}},{"type":"Feature","properties":{"density":1},"geometry":{"type":"Polygon","coordinates":[[[-121.166,45.678],[-121.179,45.689],[-121.204,45.678],[-121.24,45.577],[-121.226,45.547],[-121.204,45.545],[-121.175,45.583],[-121.154,45.649],[-121.166,45.678]]]}},{"type":"Feature","properties":{"density":1},"geometry":{"type":"Polygon","coordinates":[[[-119.636,37.785],[-119.726,37.799],[-119.864,37.747],[-120.116,37.736],[-120.167,37.675],[-120.161,37.596],[-120.109,37.499],[-120.008,37.389],[-119.866,37.346],[-119.756,37.355],[-119.535,37.549],[-119.499,37.63],[-119.495,37.668],[-119.519,37.7],[-119.636,37.785]]]}},{"type":"Feature","properties":{"density":1},"geometry":{"type":"Polygon","coordinates":[[[-97.373,21.454],[-97.421,21.443],[-97.531,21.224],[-97.534,21.095],[-97.489,21.044],[-97.43,21.044],[-97.393,21.089],[-97.384,21.278],[-97.361,21.37],[-97.373,21.454]]]}},{"type":"Feature","properties":{"density":1},"geometry":{"type":"Polygon","coordinates":[[[-93.264,18.406],[-93.372,18.42],[-93.483,18.376],[-93.544,18.322],[-93.598,18.194],[-93.602,18.082],[-93.585,17.978],[-93.548,17.887],[-93.406,17.731],[-93.345,17.58],[-93.291,17.509],[-93.19,17.468],[-93.072,17.499],[-92.869,17.61],[-92.734,17.627],[-92.387,17.607],[-92.231,17.677],[-92.174,17.812],[-92.241,17.927],[-92.37,17.998],[-92.846,18.035],[-92.96,18.109],[-93.038,18.231],[-93.173,18.373],[-93.264,18.406]]]}},{"type":"Feature","properties":{"density":1},"geometry":{"type":"Polygon","coordinates":[[[-116.665,47.08],[-116.689,47.065],[-116.625,47.051],[-116.604,47.07],[-116.665,47.08]]]}},{"type":"Feature","properties":{"density":1},"geometry":{"type":"Polygon","coordinates":[[[-91.168,33.932],[-91.196,33.922],[-91.207,33.859],[-91.197,33.819],[-91.176,33.824],[-91.162,33.854],[-91.168,33.932]]]}},{"type":"Feature","properties":{"density":1},"geometry":{"type":"Polygon","coordinates":[[[-90.764,33.858],[-90.795,33.855],[-90.8,33.824],[-90.783,33.795],[-90.749,33.787],[-90.741,33.821],[-90.764,33.858]]]}},{"type":"Feature","properties":{"density":1},"geometry":{"type":"Polygon","coordinates":[[[-80.556,26.217],[-80.606,26.171],[-80.608,26.142],[-80.584,26.146],[-80.531,26.197],[-80.527,26.222],[-80.556,26.217]]]}},{"type":"Feature","properties":{"density":1},"geometry":{"type":"Polygon","coordinates":[[[-81.684,27.449],[-81.718,27.444],[-81.742,27.407],[-81.738,27.335],[-81.699,27.214],[-81.562,27.119],[-81.481,27.01],[-81.432,27.001],[-81.363,27.029],[-81.341,27.057],[-81.332,27.109],[-81.364,27.167],[-81.442,27.247],[-81.528,27.37],[-81.684,27.449]]]}},{"type":"Feature","properties":{"density":1},"geometry":{"type":"Polygon","coordinates":[[[-81.072,27.73],[-81.092,27.658],[-81.059,27.632],[-80.994,27.636],[-80.902,27.705],[-80.678,27.913],[-80.539,28.068],[-80.34,28.204],[-80.307,28.247],[-80.293,28.325],[-80.372,28.378],[-80.446,28.378],[-80.606,28.29],[-80.694,28.21],[-80.82,28.013],[-81.031,27.8],[-81.072,27.73]]]}},{"type":"Feature","properties":{"density":1},"geometry":{"type":"Polygon","coordinates":[[[-85.228,31.643],[-85.252,31.651],[-85.266,31.614],[-85.25,31.528],[-85.187,31.397],[-85.076,31.288],[-85.006,31.261],[-84.895,31.247],[-84.797,31.266],[-84.78,31.284],[-84.778,31.356],[-84.822,31.409],[-85.041,31.501],[-85.228,31.643]]]}},{"type":"Feature","properties":{"density":1},"geometry":{"type":"Polygon","coordinates":[[[-84.196,31.411],[-84.348,31.505],[-84.418,31.52],[-84.463,31.514],[-84.483,31.493],[-84.473,31.473],[-84.413,31.452],[-84.333,31.374],[-84.253,31.335],[-84.192,31.339],[-84.184,31.382],[-84.196,31.411]]]}},{"type":"Feature","properties":{"density":1},"geometry":{"type":"Polygon","coordinates":[[[-84.1,31.676],[-84.182,31.682],[-84.243,31.629],[-84.311,31.606],[-84.333,31.581],[-84.333,31.538],[-84.231,31.436],[-84.149,31.421],[-84.106,31.466],[-84.059,31.622],[-84.067,31.651],[-84.1,31.676]]]}},{"type":"Feature","properties":{"density":1},"geometry":{"type":"Polygon","coordinates":[[[-81.943,32.132],[-82.017,32.134],[-82.109,32.113],[-82.306,31.974],[-82.479,31.911],[-82.515,31.87],[-82.505,31.794],[-82.47,31.763],[-82.423,31.751],[-82.366,31.749],[-82.255,31.775],[-82.005,31.935],[-81.869,31.995],[-81.847,32.013],[-81.839,32.064],[-81.943,32.132]]]}},{"type":"Feature","properties":{"density":1},"geometry":{"type":"Polygon","coordinates":[[[-82.947,32.896],[-82.85,32.905],[-82.768,32.861],[-82.718,32.791],[-82.716,32.682],[-82.73,32.644],[-82.839,32.548],[-82.871,32.466],[-82.935,32.401],[-83.029,32.398],[-83.169,32.46],[-83.228,32.533],[-83.234,32.577],[-83.225,32.624],[-83.19,32.665],[-83.032,32.77],[-82.947,32.896]]]}},{"type":"Feature","properties":{"density":1},"geometry":{"type":"Polygon","coordinates":[[[-80.308,32.676],[-80.419,32.734],[-80.494,32.754],[-80.554,32.754],[-80.589,32.719],[-80.566,32.668],[-80.447,32.639],[-80.316,32.568],[-80.296,32.57],[-80.277,32.604],[-80.308,32.676]]]}},{"type":"Feature","properties":{"density":1},"geometry":{"type":"Polygon","coordinates":[[[-82.186,32.959],[-82.244,32.947],[-82.291,32.915],[-82.309,32.862],[-82.218,32.807],[-82.01,32.771],[-81.966,32.836],[-81.963,32.9],[-81.981,32.93],[-82.03,32.962],[-82.186,32.959]]]}},{"type":"Feature","properties":{"density":1},"geometry":{"type":"Polygon","coordinates":[[[-79.788,35.221],[-79.813,35.215],[-79.831,35.18],[-79.722,35.035],[-79.698,34.946],[-79.558,34.854],[-79.327,34.834],[-79.183,34.858],[-79.126,34.901],[-79.132,34.993],[-79.199,35.045],[-79.351,35.116],[-79.788,35.221]]]}},{"type":"Feature","properties":{"density":1},"geometry":{"type":"Polygon","coordinates":[[[-77.346,35.326],[-77.42,35.324],[-77.543,35.221],[-77.715,35.137],[-78.037,35.043],[-78.135,34.987],[-78.148,34.936],[-78.135,34.905],[-78.078,34.877],[-78.008,34.873],[-77.86,34.887],[-77.696,34.881],[-77.506,34.92],[-77.409,34.981],[-77.262,35.131],[-77.28,35.225],[-77.346,35.326]]]}},{"type":"Feature","properties":{"density":1},"geometry":{"type":"Polygon","coordinates":[[[-75.961,34.782],[-76.085,34.813],[-76.222,34.821],[-76.53,34.752],[-77.087,34.809],[-77.202,34.788],[-77.249,34.764],[-77.307,34.704],[-77.313,34.676],[-77.276,34.622],[-77.157,34.583],[-76.983,34.581],[-76.761,34.616],[-76.64,34.618],[-75.984,34.551],[-75.894,34.551],[-75.758,34.581],[-75.738,34.606],[-75.762,34.659],[-75.961,34.782]]]}},{"type":"Feature","properties":{"density":1},"geometry":{"type":"Polygon","coordinates":[[[-76.211,35.869],[-76.026,35.982],[-75.832,36.029],[-75.678,36.011],[-75.469,35.925],[-75.241,35.929],[-75.208,35.918],[-75.102,35.821],[-75.059,35.642],[-75.091,35.572],[-75.17,35.473],[-75.214,35.44],[-75.304,35.429],[-75.489,35.484],[-75.852,35.689],[-75.972,35.713],[-76.148,35.695],[-76.224,35.716],[-76.247,35.748],[-76.253,35.804],[-76.25,35.83],[-76.211,35.869]]]}},{"type":"Feature","properties":{"density":1},"geometry":{"type":"Polygon","coordinates":[[[-76.922,36.785],[-77.26,36.838],[-77.551,36.83],[-77.809,36.791],[-78.179,36.695],[-78.406,36.69],[-78.447,36.672],[-78.458,36.635],[-78.423,36.59],[-78.279,36.541],[-77.789,36.504],[-77.436,36.403],[-77.25,36.387],[-77.004,36.436],[-76.837,36.51],[-76.759,36.574],[-76.743,36.623],[-76.766,36.678],[-76.922,36.785]]]}},{"type":"Feature","properties":{"density":1},"geometry":{"type":"Polygon","coordinates":[[[-84.311,44.529],[-84.367,44.525],[-84.362,44.484],[-84.293,44.419],[-84.252,44.421],[-84.252,44.47],[-84.311,44.529]]]}},{"type":"Feature","properties":{"density":1},"geometry":{"type":"Polygon","coordinates":[[[-82.572,42.166],[-82.622,42.154],[-82.646,42.085],[-82.741,42.057],[-82.715,42.021],[-82.615,41.981],[-82.603,41.93],[-82.635,41.787],[-82.567,41.755],[-82.456,41.795],[-82.439,41.847],[-82.462,41.959],[-82.572,42.166]]]}},{"type":"Feature","properties":{"density":1},"geometry":{"type":"Polygon","coordinates":[[[-85.844,31.856],[-85.905,31.879],[-85.934,31.836],[-85.875,31.657],[-85.897,31.446],[-85.829,31.321],[-85.688,31.272],[-85.581,31.268],[-85.549,31.28],[-85.507,31.325],[-85.507,31.397],[-85.641,31.528],[-85.844,31.856]]]}},{"type":"Feature","properties":{"density":1},"geometry":{"type":"Polygon","coordinates":[[[-85.393,32.299],[-85.43,32.315],[-85.454,32.291],[-85.473,32.219],[-85.462,32.145],[-85.399,31.916],[-85.374,31.897],[-85.317,31.895],[-85.288,31.926],[-85.276,31.987],[-85.393,32.299]]]}},{"type":"Feature","properties":{"density":1},"geometry":{"type":"Polygon","coordinates":[[[-84.414,31.944],[-84.455,31.938],[-84.472,31.911],[-84.419,31.838],[-84.406,31.774],[-84.375,31.749],[-84.322,31.741],[-84.234,31.76],[-84.228,31.795],[-84.275,31.868],[-84.33,31.916],[-84.414,31.944]]]}},{"type":"Feature","properties":{"density":1},"geometry":{"type":"Polygon","coordinates":[[[-88.676,32.137],[-88.714,32.166],[-88.738,32.163],[-88.755,32.114],[-88.755,32.078],[-88.694,32.002],[-88.685,31.967],[-88.714,31.677],[-88.682,31.625],[-88.621,31.592],[-88.559,31.598],[-88.503,31.651],[-88.477,31.73],[-88.471,31.821],[-88.486,31.897],[-88.521,31.964],[-88.676,32.137]]]}},{"type":"Feature","properties":{"density":1},"geometry":{"type":"Polygon","coordinates":[[[-89.619,32.169],[-89.692,32.193],[-89.739,32.149],[-89.841,32.014],[-89.879,31.859],[-89.856,31.718],[-89.789,31.569],[-89.689,31.467],[-89.636,31.443],[-89.566,31.446],[-89.499,31.469],[-89.414,31.534],[-89.344,31.642],[-89.311,31.733],[-89.314,31.8],[-89.332,31.838],[-89.455,31.932],[-89.619,32.169]]]}},{"type":"Feature","properties":{"density":1},"geometry":{"type":"Polygon","coordinates":[[[-88.404,33.016],[-88.433,33.02],[-88.48,32.999],[-88.536,32.897],[-88.572,32.567],[-88.529,32.487],[-88.363,32.452],[-88.257,32.476],[-88.226,32.505],[-88.212,32.567],[-88.306,32.835],[-88.404,33.016]]]}},{"type":"Feature","properties":{"density":1},"geometry":{"type":"Polygon","coordinates":[[[-86.454,32.288],[-86.499,32.308],[-86.53,32.257],[-86.52,32.097],[-86.575,31.902],[-86.544,31.845],[-86.44,31.824],[-86.382,31.853],[-86.356,31.896],[-86.343,32.005],[-86.454,32.288]]]}},{"type":"Feature","properties":{"density":1},"geometry":{"type":"Polygon","coordinates":[[[-86.11,32.202],[-86.149,32.2],[-86.169,32.173],[-86.216,32.064],[-86.202,32.001],[-86.048,32.074],[-86.044,32.124],[-86.11,32.202]]]}},{"type":"Feature","properties":{"density":1},"geometry":{"type":"Polygon","coordinates":[[[-85.392,33.153],[-85.447,33.122],[-85.499,33.063],[-85.523,32.958],[-85.46,32.784],[-85.48,32.642],[-85.47,32.595],[-85.39,32.552],[-85.334,32.55],[-85.226,32.579],[-85.142,32.645],[-85.111,32.737],[-85.115,32.78],[-85.228,32.96],[-85.261,33.126],[-85.337,33.155],[-85.392,33.153]]]}},{"type":"Feature","properties":{"density":1},"geometry":{"type":"Polygon","coordinates":[[[-86.674,33.368],[-86.731,33.391],[-86.799,33.383],[-86.856,33.295],[-86.862,33.243],[-86.833,33.055],[-86.889,32.905],[-86.879,32.815],[-86.78,32.729],[-86.721,32.733],[-86.643,32.788],[-86.622,32.94],[-86.577,33.061],[-86.569,33.157],[-86.583,33.241],[-86.674,33.368]]]}},{"type":"Feature","properties":{"density":1},"geometry":{"type":"Polygon","coordinates":[[[-85.103,33.389],[-85.142,33.405],[-85.197,33.385],[-85.242,33.286],[-85.24,33.223],[-85.158,33.047],[-85.16,33.001],[-85.133,32.936],[-85.035,32.923],[-84.969,32.944],[-84.898,32.995],[-84.857,33.042],[-84.851,33.118],[-84.865,33.155],[-84.955,33.264],[-85.037,33.352],[-85.103,33.389]]]}},{"type":"Feature","properties":{"density":1},"geometry":{"type":"Polygon","coordinates":[[[-83.679,30.769],[-83.89,30.8],[-84.023,30.777],[-84.171,30.786],[-84.228,30.769],[-84.238,30.724],[-84.199,30.695],[-84.027,30.675],[-83.882,30.624],[-83.781,30.626],[-83.689,30.65],[-83.638,30.691],[-83.637,30.726],[-83.679,30.769]]]}},{"type":"Feature","properties":{"density":1},"geometry":{"type":"Polygon","coordinates":[[[-88.369,35.105],[-88.408,35.122],[-88.464,35.109],[-88.532,34.984],[-88.64,34.904],[-88.675,34.826],[-88.648,34.74],[-88.585,34.703],[-88.525,34.689],[-88.454,34.708],[-88.431,34.738],[-88.402,34.904],[-88.304,34.997],[-88.318,35.056],[-88.369,35.105]]]}},{"type":"Feature","properties":{"density":1},"geometry":{"type":"Polygon","coordinates":[[[-89.877,34.2],[-89.926,34.206],[-89.959,34.184],[-89.992,34.048],[-90.039,33.946],[-89.985,33.849],[-89.908,33.819],[-89.828,33.835],[-89.789,33.913],[-89.805,34.075],[-89.842,34.169],[-89.877,34.2]]]}},{"type":"Feature","properties":{"density":1},"geometry":{"type":"Polygon","coordinates":[[[-84.791,36.086],[-84.834,36.098],[-84.877,36.055],[-84.902,35.887],[-85.012,35.698],[-85.01,35.647],[-84.963,35.612],[-84.883,35.62],[-84.791,35.739],[-84.77,35.942],[-84.775,36.055],[-84.791,36.086]]]}},{"type":"Feature","properties":{"density":1},"geometry":{"type":"Polygon","coordinates":[[[-86.559,36.11],[-86.624,36.067],[-86.649,36.018],[-86.657,35.932],[-86.62,35.878],[-86.583,35.891],[-86.477,36.088],[-86.501,36.116],[-86.559,36.11]]]}},{"type":"Feature","properties":{"density":1},"geometry":{"type":"Polygon","coordinates":[[[-86.054,36.002],[-86.171,35.911],[-86.192,35.833],[-86.179,35.782],[-86.14,35.745],[-86.065,35.71],[-85.995,35.706],[-85.946,35.735],[-85.931,35.821],[-85.972,35.895],[-85.978,35.991],[-86.054,36.002]]]}},{"type":"Feature","properties":{"density":1},"geometry":{"type":"Polygon","coordinates":[[[-86.443,37.988],[-86.461,38.004],[-86.529,38.008],[-86.586,37.979],[-86.732,37.762],[-86.954,37.561],[-86.988,37.461],[-86.964,37.395],[-86.843,37.354],[-86.769,37.346],[-86.662,37.344],[-86.531,37.364],[-86.459,37.411],[-86.301,37.563],[-86.281,37.617],[-86.285,37.719],[-86.383,37.856],[-86.443,37.988]]]}},{"type":"Feature","properties":{"density":1},"geometry":{"type":"Polygon","coordinates":[[[-87.217,38.365],[-87.285,38.312],[-87.391,38.117],[-87.584,38.014],[-87.609,37.953],[-87.592,37.881],[-87.445,37.867],[-87.32,37.932],[-87.266,37.992],[-87.203,38.102],[-87.153,38.293],[-87.155,38.363],[-87.217,38.365]]]}},{"type":"Feature","properties":{"density":1},"geometry":{"type":"Polygon","coordinates":[[[-87.369,36.55],[-87.412,36.56],[-87.49,36.525],[-87.732,36.345],[-87.742,36.293],[-87.706,36.191],[-87.626,36.187],[-87.525,36.25],[-87.437,36.381],[-87.349,36.459],[-87.343,36.513],[-87.369,36.55]]]}},{"type":"Feature","properties":{"density":1},"geometry":{"type":"Polygon","coordinates":[[[-87.455,36.617],[-87.451,36.658],[-87.492,36.666],[-87.685,36.537],[-87.734,36.459],[-87.738,36.402],[-87.722,36.375],[-87.691,36.359],[-87.642,36.363],[-87.531,36.427],[-87.486,36.502],[-87.455,36.617]]]}},{"type":"Feature","properties":{"density":1},"geometry":{"type":"Polygon","coordinates":[[[-87.591,36.626],[-87.663,36.638],[-87.738,36.613],[-87.798,36.56],[-87.849,36.427],[-88.011,36.359],[-88.038,36.299],[-88.052,36.209],[-88.019,36.137],[-87.945,36.105],[-87.853,36.103],[-87.765,36.137],[-87.704,36.191],[-87.648,36.355],[-87.566,36.507],[-87.556,36.585],[-87.591,36.626]]]}},{"type":"Feature","properties":{"density":1},"geometry":{"type":"Polygon","coordinates":[[[-87.667,36.714],[-87.773,36.738],[-87.859,36.708],[-87.958,36.558],[-88.112,36.416],[-88.108,36.349],[-88.077,36.322],[-88.015,36.312],[-87.874,36.363],[-87.632,36.626],[-87.628,36.658],[-87.667,36.714]]]}},{"type":"Feature","properties":{"density":1},"geometry":{"type":"Polygon","coordinates":[[[-88.511,36.671],[-88.559,36.671],[-88.614,36.644],[-88.778,36.492],[-89.032,36.31],[-89.205,36.258],[-89.233,36.238],[-89.287,36.121],[-89.229,36.078],[-89.155,36.059],[-89.036,36.076],[-88.977,36.109],[-88.71,36.367],[-88.569,36.531],[-88.501,36.572],[-88.481,36.63],[-88.511,36.671]]]}},{"type":"Feature","properties":{"density":1},"geometry":{"type":"Polygon","coordinates":[[[-88.407,45.163],[-88.451,45.145],[-88.582,45.02],[-88.596,44.958],[-88.565,44.892],[-88.498,44.878],[-88.444,44.886],[-88.36,44.919],[-88.28,44.979],[-88.256,45.052],[-88.28,45.126],[-88.325,45.153],[-88.407,45.163]]]}},{"type":"Feature","properties":{"density":1},"geometry":{"type":"Polygon","coordinates":[[[-89.766,37.869],[-89.818,37.865],[-89.955,37.785],[-89.988,37.729],[-89.988,37.686],[-89.948,37.673],[-89.884,37.694],[-89.797,37.755],[-89.745,37.824],[-89.743,37.852],[-89.766,37.869]]]}},{"type":"Feature","properties":{"density":1},"geometry":{"type":"Polygon","coordinates":[[[-89.709,37.813],[-89.763,37.809],[-90.003,37.601],[-90.057,37.508],[-90.02,37.446],[-89.93,37.433],[-89.827,37.493],[-89.707,37.688],[-89.691,37.775],[-89.709,37.813]]]}},{"type":"Feature","properties":{"density":1},"geometry":{"type":"Polygon","coordinates":[[[-90.382,37.333],[-90.499,37.344],[-90.593,37.333],[-90.794,37.27],[-90.817,37.221],[-90.796,37.178],[-90.724,37.131],[-90.53,37.135],[-90.333,37.217],[-90.327,37.264],[-90.357,37.321],[-90.382,37.333]]]}},{"type":"Feature","properties":{"density":1},"geometry":{"type":"Polygon","coordinates":[[[-90.354,33.771],[-90.405,33.776],[-90.467,33.749],[-90.588,33.532],[-90.608,33.396],[-90.538,33.314],[-90.458,33.3],[-90.419,33.316],[-90.37,33.363],[-90.309,33.49],[-90.278,33.669],[-90.304,33.726],[-90.354,33.771]]]}},{"type":"Feature","properties":{"density":1},"geometry":{"type":"Polygon","coordinates":[[[-91.25,32.328],[-91.266,32.354],[-91.307,32.334],[-91.422,32.194],[-91.42,32.137],[-91.365,32.117],[-91.307,32.16],[-91.252,32.266],[-91.25,32.328]]]}},{"type":"Feature","properties":{"density":1},"geometry":{"type":"Polygon","coordinates":[[[-91.354,32.545],[-91.412,32.545],[-91.531,32.41],[-91.547,32.365],[-91.531,32.309],[-91.5,32.297],[-91.418,32.317],[-91.354,32.367],[-91.324,32.451],[-91.326,32.492],[-91.354,32.545]]]}},{"type":"Feature","properties":{"density":1},"geometry":{"type":"Polygon","coordinates":[[[-93.106,32.385],[-93.2,32.317],[-93.202,32.274],[-93.176,32.238],[-93.079,32.207],[-92.972,32.203],[-92.784,32.287],[-92.544,32.209],[-92.452,32.197],[-92.327,32.212],[-92.314,32.252],[-92.548,32.367],[-92.698,32.402],[-93.038,32.412],[-93.106,32.385]]]}},{"type":"Feature","properties":{"density":1},"geometry":{"type":"Polygon","coordinates":[[[-91.143,33.904],[-91.184,33.934],[-91.216,33.931],[-91.257,33.884],[-91.278,33.825],[-91.38,33.708],[-91.407,33.632],[-91.395,33.591],[-91.366,33.565],[-91.29,33.582],[-91.214,33.644],[-91.173,33.729],[-91.143,33.843],[-91.143,33.904]]]}},{"type":"Feature","properties":{"density":1},"geometry":{"type":"Polygon","coordinates":[[[-92.336,31.105],[-92.401,31.107],[-92.725,31.027],[-92.734,30.976],[-92.664,30.847],[-92.545,30.857],[-92.303,31.017],[-92.299,31.064],[-92.336,31.105]]]}},{"type":"Feature","properties":{"density":1},"geometry":{"type":"Polygon","coordinates":[[[-93.867,30.964],[-94.011,31.045],[-94.148,31.078],[-94.424,31.095],[-94.725,31.163],[-94.848,31.154],[-94.959,31.104],[-95.138,30.911],[-95.281,30.832],[-95.334,30.753],[-95.349,30.68],[-95.273,30.475],[-95.232,30.404],[-95.071,30.276],[-94.728,30.176],[-94.567,30.158],[-94.266,30.176],[-94.134,30.135],[-94.014,30.053],[-93.938,30.027],[-93.78,30.0],[-93.642,30.0],[-93.601,30.021],[-93.551,30.091],[-93.545,30.331],[-93.695,30.665],[-93.867,30.964]]]}},{"type":"Feature","properties":{"density":1},"geometry":{"type":"Polygon","coordinates":[[[-95.65,32.035],[-95.788,32.047],[-95.893,31.997],[-95.931,31.95],[-95.949,31.874],[-95.94,31.786],[-95.846,31.616],[-95.642,31.376],[-95.466,31.221],[-95.305,31.139],[-95.123,31.095],[-94.684,31.089],[-94.427,31.054],[-94.342,31.072],[-94.307,31.107],[-94.298,31.166],[-94.444,31.3],[-94.927,31.52],[-95.036,31.596],[-95.217,31.763],[-95.545,32.0],[-95.65,32.035]]]}},{"type":"Feature","properties":{"density":1},"geometry":{"type":"Polygon","coordinates":[[[-93.929,33.003],[-94.084,32.97],[-94.257,32.956],[-94.286,32.944],[-94.298,32.915],[-94.289,32.894],[-94.198,32.856],[-94.069,32.853],[-93.92,32.897],[-93.876,32.926],[-93.879,32.973],[-93.929,33.003]]]}},{"type":"Feature","properties":{"density":1},"geometry":{"type":"Polygon","coordinates":[[[-94.184,32.847],[-94.263,32.798],[-94.327,32.704],[-94.321,32.634],[-94.295,32.599],[-94.227,32.569],[-94.119,32.575],[-94.066,32.602],[-93.903,32.78],[-93.888,32.827],[-93.926,32.868],[-93.99,32.885],[-94.099,32.885],[-94.184,32.847]]]}},{"type":"Feature","properties":{"density":1},"geometry":{"type":"Polygon","coordinates":[[[-90.613,35.831],[-90.736,35.841],[-90.798,35.814],[-90.835,35.761],[-90.822,35.687],[-90.71,35.675],[-90.666,35.696],[-90.572,35.7],[-90.554,35.743],[-90.562,35.769],[-90.613,35.831]]]}},{"type":"Feature","properties":{"density":1},"geometry":{"type":"Polygon","coordinates":[[[-94.299,37.616],[-94.375,37.633],[-94.426,37.606],[-94.435,37.547],[-94.422,37.477],[-94.369,37.422],[-94.277,37.375],[-94.221,37.321],[-94.143,37.309],[-94.104,37.348],[-94.125,37.422],[-94.18,37.5],[-94.299,37.616]]]}},{"type":"Feature","properties":{"density":1},"geometry":{"type":"Polygon","coordinates":[[[-96.013,31.715],[-96.043,31.727],[-96.046,31.697],[-95.977,31.636],[-95.94,31.571],[-95.915,31.554],[-95.892,31.559],[-95.915,31.624],[-96.013,31.715]]]}},{"type":"Feature","properties":{"density":1},"geometry":{"type":"Polygon","coordinates":[[[-97.673,55.093],[-97.702,55.079],[-97.708,55.044],[-97.632,55.026],[-97.562,55.032],[-97.225,55.161],[-96.344,55.357],[-96.039,55.392],[-95.878,55.427],[-95.773,55.477],[-95.761,55.518],[-95.782,55.547],[-95.94,55.591],[-96.089,55.588],[-96.675,55.468],[-96.868,55.421],[-97.149,55.322],[-97.521,55.146],[-97.673,55.093]]]}},{"type":"Feature","properties":{"density":1},"geometry":{"type":"Polygon","coordinates":[[[-98.338,54.953],[-98.364,54.915],[-98.361,54.891],[-98.338,54.874],[-98.279,54.874],[-98.177,54.929],[-97.893,54.973],[-97.857,54.994],[-97.84,55.029],[-97.857,55.047],[-97.939,55.061],[-98.051,55.047],[-98.177,55.017],[-98.338,54.953]]]}},{"type":"Feature","properties":{"density":1},"geometry":{"type":"Polygon","coordinates":[[[-119.575,37.753],[-119.689,37.774],[-119.803,37.765],[-119.955,37.695],[-120.157,37.545],[-120.277,37.516],[-120.38,37.519],[-120.503,37.554],[-120.752,37.566],[-120.954,37.645],[-121.018,37.639],[-121.071,37.586],[-121.085,37.425],[-120.951,37.065],[-120.623,36.617],[-120.471,36.459],[-120.318,36.342],[-120.154,36.269],[-120.005,36.225],[-119.929,36.216],[-119.856,36.228],[-119.704,36.319],[-119.581,36.483],[-119.519,36.638],[-119.513,36.907],[-119.461,37.15],[-119.428,37.405],[-119.428,37.478],[-119.472,37.61],[-119.543,37.733],[-119.575,37.753]]]}},{"type":"Feature","properties":{"density":1},"geometry":{"type":"Polygon","coordinates":[[[-119.561,36.608],[-119.637,36.569],[-119.653,36.548],[-119.658,36.482],[-119.638,36.452],[-119.547,36.421],[-119.487,36.354],[-119.413,36.177],[-119.331,36.128],[-119.286,36.134],[-119.2,36.183],[-119.167,36.216],[-119.151,36.284],[-119.151,36.317],[-119.181,36.376],[-119.247,36.44],[-119.469,36.585],[-119.561,36.608]]]}},{"type":"Feature","properties":{"density":1},"geometry":{"type":"Polygon","coordinates":[[[-122.112,39.533],[-122.161,39.535],[-122.233,39.465],[-122.254,39.396],[-122.249,39.328],[-122.065,39.015],[-121.979,38.982],[-121.934,38.982],[-121.907,39.006],[-121.9,39.042],[-121.918,39.15],[-122.02,39.333],[-122.06,39.459],[-122.112,39.533]]]}},{"type":"Feature","properties":{"density":1},"geometry":{"type":"Polygon","coordinates":[[[-121.995,39.402],[-122.031,39.427],[-122.042,39.409],[-122.026,39.315],[-121.97,39.216],[-121.954,39.132],[-121.905,39.072],[-121.887,39.085],[-121.889,39.155],[-121.995,39.402]]]}},{"type":"Feature","properties":{"density":1},"geometry":{"type":"Polygon","coordinates":[[[-121.675,39.436],[-121.729,39.436],[-121.723,39.366],[-121.597,39.283],[-121.466,39.074],[-121.338,39.002],[-121.273,39.002],[-121.228,39.024],[-121.198,39.074],[-121.194,39.153],[-121.261,39.272],[-121.504,39.351],[-121.675,39.436]]]}},{"type":"Feature","properties":{"density":1},"geometry":{"type":"Polygon","coordinates":[[[-121.86,39.168],[-121.905,39.175],[-121.932,39.135],[-121.93,39.099],[-121.833,38.957],[-121.75,38.786],[-121.7,38.736],[-121.59,38.727],[-121.554,38.761],[-121.552,38.808],[-121.572,38.86],[-121.81,39.162],[-121.86,39.168]]]}},{"type":"Feature","properties":{"density":1},"geometry":{"type":"Polygon","coordinates":[[[-121.925,39.081],[-121.988,39.09],[-122.006,39.058],[-122.011,38.975],[-121.943,38.88],[-121.918,38.748],[-121.779,38.66],[-121.615,38.635],[-121.594,38.689],[-121.612,38.741],[-121.732,38.853],[-121.925,39.081]]]}},{"type":"Feature","properties":{"density":1},"geometry":{"type":"Polygon","coordinates":[[[-121.194,41.05],[-121.379,41.065],[-121.461,41.053],[-121.542,41.014],[-121.601,40.96],[-121.647,40.864],[-121.637,40.808],[-121.605,40.766],[-121.554,40.753],[-121.461,40.79],[-121.284,40.91],[-121.176,40.949],[-121.151,40.988],[-121.194,41.05]]]}},{"type":"Feature","properties":{"density":1},"geometry":{"type":"Polygon","coordinates":[[[-121.779,42.726],[-121.82,42.723],[-121.853,42.696],[-121.857,42.588],[-121.695,42.304],[-121.597,42.24],[-121.54,42.237],[-121.496,42.247],[-121.354,42.331],[-121.313,42.422],[-121.324,42.486],[-121.357,42.537],[-121.664,42.692],[-121.779,42.726]]]}},{"type":"Feature","properties":{"density":1},"geometry":{"type":"Polygon","coordinates":[[[-121.621,42.999],[-121.668,43.01],[-121.725,42.999],[-121.769,42.925],[-121.776,42.878],[-121.752,42.821],[-121.671,42.729],[-121.567,42.675],[-121.428,42.642],[-121.33,42.594],[-121.259,42.581],[-121.209,42.591],[-121.168,42.625],[-121.158,42.679],[-121.347,42.888],[-121.472,42.952],[-121.621,42.999]]]}},{"type":"Feature","properties":{"density":1},"geometry":{"type":"Polygon","coordinates":[[[-122.888,44.768],[-122.913,44.75],[-122.915,44.718],[-122.875,44.696],[-122.814,44.691],[-122.688,44.628],[-122.627,44.617],[-122.564,44.626],[-122.54,44.651],[-122.546,44.694],[-122.661,44.781],[-122.715,44.795],[-122.888,44.768]]]}},{"type":"Feature","properties":{"density":1},"geometry":{"type":"Polygon","coordinates":[[[-120.419,44.517],[-120.453,44.493],[-120.466,44.396],[-120.395,44.267],[-120.287,44.213],[-120.051,44.136],[-120.001,44.095],[-119.781,44.004],[-119.575,44.007],[-119.467,44.082],[-119.434,44.132],[-119.444,44.196],[-119.477,44.264],[-119.643,44.348],[-119.633,44.406],[-119.545,44.49],[-119.531,44.568],[-119.565,44.622],[-119.66,44.686],[-119.808,44.726],[-119.947,44.726],[-120.136,44.672],[-120.419,44.517]]]}},{"type":"Feature","properties":{"density":1},"geometry":{"type":"Polygon","coordinates":[[[-118.719,44.186],[-118.769,44.184],[-118.805,44.15],[-118.8,44.096],[-118.766,44.058],[-118.53,43.946],[-118.454,43.894],[-118.393,43.894],[-118.375,43.919],[-118.379,43.973],[-118.429,44.033],[-118.514,44.105],[-118.616,44.164],[-118.719,44.186]]]}},{"type":"Feature","properties":{"density":1},"geometry":{"type":"Polygon","coordinates":[[[-118.636,44.747],[-118.692,44.724],[-118.703,44.684],[-118.694,44.65],[-118.643,44.612],[-118.31,44.501],[-118.265,44.47],[-118.206,44.391],[-118.078,44.351],[-117.999,44.346],[-117.871,44.402],[-117.806,44.486],[-117.797,44.567],[-117.704,44.641],[-117.691,44.668],[-117.716,44.731],[-117.792,44.776],[-118.148,44.796],[-118.375,44.753],[-118.636,44.747]]]}},{"type":"Feature","properties":{"density":1},"geometry":{"type":"Polygon","coordinates":[[[-116.543,46.683],[-116.573,46.672],[-116.627,46.606],[-116.629,46.546],[-116.588,46.487],[-116.444,46.442],[-116.399,46.404],[-116.393,46.357],[-116.447,46.258],[-116.433,46.181],[-116.377,46.1],[-116.35,46.084],[-116.141,46.015],[-115.902,45.992],[-115.709,46.021],[-115.621,46.075],[-115.461,46.251],[-115.362,46.307],[-115.324,46.343],[-115.308,46.384],[-115.313,46.433],[-115.346,46.478],[-115.403,46.516],[-115.544,46.561],[-115.601,46.6],[-115.634,46.649],[-115.774,46.73],[-115.873,46.75],[-116.051,46.753],[-116.343,46.726],[-116.543,46.683]]]}},{"type":"Feature","properties":{"density":1},"geometry":{"type":"Polygon","coordinates":[[[-116.73,47.122],[-116.762,47.107],[-116.757,47.064],[-116.735,47.037],[-116.656,47.019],[-116.435,47.062],[-116.246,47.037],[-116.199,47.059],[-116.195,47.084],[-116.217,47.131],[-116.251,47.152],[-116.408,47.215],[-116.521,47.197],[-116.73,47.122]]]}},{"type":"Feature","properties":{"density":1},"geometry":{"type":"Polygon","coordinates":[[[-116.67,47.354],[-116.852,47.482],[-116.933,47.513],[-117.106,47.53],[-117.197,47.523],[-117.264,47.499],[-117.379,47.411],[-117.531,47.185],[-117.71,47.02],[-117.754,46.936],[-117.75,46.865],[-117.652,46.74],[-117.595,46.693],[-117.497,46.649],[-117.359,46.642],[-117.23,46.672],[-116.977,46.868],[-116.839,47.081],[-116.63,47.212],[-116.613,47.293],[-116.67,47.354]]]}},{"type":"Feature","properties":{"density":1},"geometry":{"type":"Polygon","coordinates":[[[-117.727,46.986],[-117.818,46.986],[-117.963,46.939],[-118.04,46.902],[-118.148,46.804],[-118.277,46.568],[-118.439,46.409],[-118.489,46.281],[-118.483,46.183],[-118.462,46.136],[-118.395,46.082],[-118.135,45.953],[-118.084,45.97],[-117.889,46.085],[-117.629,46.169],[-117.453,46.264],[-117.308,46.439],[-117.133,46.534],[-117.106,46.568],[-117.085,46.605],[-117.079,46.682],[-117.126,46.774],[-117.203,46.851],[-117.372,46.922],[-117.727,46.986]]]}},{"type":"Feature","properties":{"density":1},"geometry":{"type":"Polygon","coordinates":[[[-111.728,46.869],[-111.787,46.817],[-111.789,46.754],[-111.751,46.723],[-111.659,46.718],[-111.463,46.756],[-111.128,46.747],[-110.939,46.783],[-110.842,46.828],[-110.808,46.916],[-110.819,46.952],[-110.894,47.002],[-111.164,47.006],[-111.566,46.921],[-111.728,46.869]]]}},{"type":"Feature","properties":{"density":1},"geometry":{"type":"Polygon","coordinates":[[[-102.347,52.296],[-102.347,52.353],[-102.387,52.394],[-102.475,52.404],[-102.542,52.367],[-102.556,52.323],[-102.552,52.144],[-102.583,52.029],[-102.583,51.978],[-102.559,51.958],[-102.519,51.962],[-102.465,52.019],[-102.347,52.296]]]}},{"type":"Feature","properties":{"density":1},"geometry":{"type":"Polygon","coordinates":[[[-50.065,70.603],[-50.296,70.961],[-50.578,71.346],[-51.09,71.756],[-51.859,72.14],[-52.474,72.371],[-53.192,72.525],[-53.679,72.602],[-54.345,72.678],[-55.678,72.627],[-56.088,72.627],[-56.652,72.525],[-57.78,72.243],[-58.138,72.115],[-58.548,71.884],[-58.83,71.576],[-59.138,71.192],[-59.343,70.884],[-59.779,69.936],[-59.907,69.372],[-59.958,68.988],[-59.958,68.603],[-59.83,68.091],[-59.599,67.527],[-59.317,66.938],[-59.01,66.476],[-58.548,65.912],[-57.933,65.323],[-57.344,64.81],[-56.678,64.349],[-56.062,63.99],[-54.755,63.119],[-54.063,62.632],[-53.371,62.222],[-52.577,61.658],[-52.039,61.222],[-51.475,60.684],[-51.039,60.146],[-50.527,59.556],[-49.988,59.044],[-49.501,58.685],[-48.912,58.326],[-47.22,57.532],[-46.759,57.506],[-46.375,57.506],[-45.785,57.532],[-44.76,57.865],[-44.145,58.096],[-43.479,58.48],[-43.017,58.813],[-42.556,59.223],[-42.274,59.685],[-42.223,60.069],[-42.428,60.53],[-42.761,60.864],[-43.12,61.145],[-43.479,61.248],[-43.684,61.274],[-44.017,61.274],[-44.478,61.35],[-45.093,61.427],[-45.58,61.427],[-47.041,61.684],[-47.579,61.991],[-48.143,62.35],[-48.604,62.837],[-48.938,63.375],[-49.168,63.888],[-49.425,64.81],[-49.501,65.144],[-49.501,65.502],[-49.604,66.092],[-49.604,66.399],[-49.758,66.784],[-49.912,67.066],[-50.245,67.809],[-50.296,68.193],[-50.296,68.603],[-50.245,69.065],[-50.142,69.449],[-50.065,70.141],[-50.065,70.603]]]}},{"type":"Feature","properties":{"density":1},"geometry":{"type":"Polygon","coordinates":[[[-93.912,59.36],[-94.117,59.326],[-94.237,59.121],[-94.185,58.83],[-94.015,58.557],[-93.109,57.788],[-92.682,57.634],[-91.623,57.156],[-90.956,57.002],[-90.187,56.848],[-89.47,56.677],[-88.667,56.558],[-87.983,56.524],[-87.231,56.626],[-86.001,56.848],[-84.874,57.105],[-83.609,57.429],[-82.721,57.822],[-82.123,58.266],[-81.832,58.762],[-81.849,59.257],[-82.362,59.702],[-82.926,60.009],[-83.473,60.248],[-84.071,60.453],[-84.822,60.556],[-85.54,60.59],[-86.343,60.539],[-86.975,60.419],[-87.607,60.231],[-88.188,60.129],[-88.65,59.924],[-89.521,59.736],[-90.666,59.514],[-92.221,59.377],[-92.904,59.48],[-93.365,59.514],[-93.912,59.36]]]}},{"type":"Feature","properties":{"density":1},"geometry":{"type":"Polygon","coordinates":[[[-81.124,45.896],[-81.5,46.135],[-82.696,46.768],[-83.96,47.28],[-84.388,47.434],[-84.798,47.554],[-85.789,47.742],[-86.421,47.81],[-87.002,47.793],[-87.378,47.724],[-88.044,47.554],[-88.317,47.4],[-88.642,47.126],[-88.915,46.921],[-89.308,46.699],[-89.821,46.563],[-90.351,46.494],[-91.735,46.426],[-92.367,46.221],[-92.674,46.016],[-92.811,45.76],[-92.931,45.315],[-92.948,45.093],[-92.35,44.564],[-92.162,44.461],[-91.888,44.256],[-91.735,44.068],[-91.598,43.863],[-91.268,43.271],[-91.25,43.151],[-91.25,42.98],[-91.319,42.724],[-91.455,42.502],[-91.661,42.28],[-91.9,42.177],[-92.19,42.177],[-92.703,42.143],[-93.694,42.211],[-94.48,42.228],[-94.958,42.16],[-95.368,42.075],[-95.607,41.87],[-96.154,40.776],[-96.427,40.486],[-96.752,40.212],[-97.196,39.99],[-98.29,39.751],[-98.751,39.614],[-99.264,39.426],[-99.998,39.033],[-100.238,38.811],[-101.844,38.487],[-102.185,38.35],[-102.459,38.213],[-102.698,38.042],[-102.886,37.769],[-102.937,37.53],[-102.954,37.205],[-102.886,36.863],[-102.801,36.573],[-102.63,36.214],[-102.408,35.872],[-102.117,35.548],[-101.81,35.257],[-101.417,34.95],[-100.614,34.42],[-100.34,34.147],[-99.879,33.737],[-99.52,33.344],[-99.349,33.002],[-99.076,32.592],[-98.871,32.25],[-98.82,31.96],[-98.837,31.635],[-98.922,31.328],[-99.042,31.071],[-99.349,30.849],[-100.084,30.644],[-100.46,30.559],[-101.348,30.456],[-101.827,30.354],[-102.151,30.2],[-102.39,30.029],[-102.596,29.739],[-102.681,29.585],[-102.749,29.397],[-102.749,29.158],[-102.835,28.799],[-102.835,28.645],[-102.732,28.355],[-102.544,27.996],[-101.998,27.21],[-101.041,26.415],[-100.733,26.227],[-100.528,26.005],[-100.323,25.732],[-100.169,25.459],[-99.981,25.049],[-99.913,24.553],[-99.879,24.092],[-100.016,23.442],[-100.323,22.776],[-100.631,22.246],[-100.955,21.819],[-101.331,21.563],[-101.707,21.46],[-102.151,21.478],[-102.613,21.614],[-103.979,22.246],[-104.492,22.639],[-104.953,23.101],[-105.483,23.716],[-105.893,24.211],[-106.149,24.57],[-106.577,25.049],[-106.901,25.356],[-107.311,25.595],[-107.653,25.681],[-108.012,25.681],[-108.456,25.629],[-108.798,25.424],[-109.071,25.066],[-109.276,24.656],[-109.72,23.562],[-110.028,23.152],[-111.036,22.537],[-111.583,22.332],[-112.044,22.229],[-112.779,22.127],[-113.343,22.076],[-114.573,22.007],[-114.778,21.973],[-115.085,21.871],[-115.495,21.666],[-115.837,21.392],[-116.196,21.05],[-116.521,20.504],[-116.794,20.162],[-117.067,19.786],[-117.221,19.444],[-117.307,19.051],[-117.341,18.607],[-117.187,17.907],[-117.033,17.667],[-116.845,17.531],[-116.418,17.018],[-116.281,16.796],[-116.179,16.335],[-116.076,16.147],[-115.923,15.959],[-115.683,15.72],[-115.205,15.395],[-114.949,15.241],[-114.351,14.951],[-113.667,14.712],[-113.394,14.694],[-112.967,14.78],[-112.608,14.882],[-111.89,15.207],[-111.07,15.617],[-110.626,15.805],[-110.199,16.01],[-109.088,16.386],[-108.422,16.488],[-107.653,16.506],[-107.004,16.437],[-106.457,16.266],[-105.466,15.754],[-104.765,15.48],[-103.962,15.275],[-103.45,15.224],[-102.869,15.241],[-102.442,15.31],[-101.28,15.89],[-101.098,16.05],[-101.052,16.118],[-101.007,16.392],[-100.995,16.768],[-101.063,17.872],[-101.029,18.021],[-100.927,18.226],[-100.79,18.419],[-100.619,18.613],[-100.414,18.761],[-100.198,18.875],[-99.89,19.0],[-99.252,19.182],[-98.899,19.262],[-98.546,19.262],[-98.193,19.205],[-97.84,19.114],[-97.202,18.841],[-96.94,18.636],[-96.53,18.271],[-96.109,17.667],[-96.006,17.508],[-95.79,16.927],[-95.687,16.733],[-95.573,16.597],[-95.391,16.449],[-95.152,16.312],[-94.867,16.255],[-94.594,16.266],[-94.332,16.358],[-93.91,16.563],[-93.329,16.938],[-93.044,17.087],[-92.839,17.166],[-92.521,17.246],[-92.224,17.28],[-91.962,17.28],[-91.655,17.223],[-91.023,16.881],[-90.897,16.916],[-90.795,17.007],[-90.67,17.189],[-90.578,17.383],[-90.533,17.85],[-90.59,18.077],[-90.829,18.727],[-90.932,18.932],[-90.977,19.148],[-91.0,19.479],[-91.023,20.686],[-91.114,21.438],[-91.194,21.722],[-91.307,21.962],[-91.433,22.133],[-91.604,22.303],[-92.071,22.668],[-92.264,22.839],[-92.674,23.317],[-92.822,23.602],[-92.913,23.978],[-92.948,24.456],[-92.913,24.764],[-92.822,24.923],[-92.674,25.071],[-92.515,25.14],[-92.264,25.197],[-91.159,25.333],[-90.795,25.402],[-90.487,25.481],[-90.203,25.607],[-89.941,25.743],[-89.644,26.028],[-89.109,26.655],[-88.494,27.008],[-88.072,27.144],[-87.81,27.201],[-87.446,27.247],[-87.002,27.247],[-86.501,27.224],[-85.931,27.122],[-85.453,26.996],[-85.1,26.871],[-84.758,26.791],[-84.427,26.791],[-84.109,26.882],[-83.755,27.099],[-83.55,27.304],[-83.323,27.498],[-82.679,27.965],[-82.326,28.078],[-82.007,28.124],[-81.665,28.135],[-81.449,28.124],[-81.073,28.056],[-80.72,28.067],[-80.162,28.135],[-78.852,28.454],[-78.419,28.716],[-77.872,29.138],[-77.553,29.434],[-77.314,29.764],[-76.79,30.562],[-76.334,30.96],[-75.97,31.234],[-75.469,31.53],[-74.968,31.758],[-72.598,32.19],[-71.448,32.509],[-70.616,33.136],[-70.411,33.398],[-70.263,33.694],[-70.161,34.002],[-70.138,34.275],[-70.183,34.526],[-70.309,34.674],[-70.571,34.844],[-70.776,34.89],[-70.947,34.89],[-71.664,34.833],[-72.405,34.639],[-72.758,34.514],[-73.213,34.377],[-73.487,34.332],[-73.658,34.309],[-73.817,34.321],[-73.965,34.355],[-74.17,34.434],[-74.375,34.56],[-74.546,34.708],[-74.649,34.879],[-74.66,35.038],[-74.592,35.232],[-74.444,35.357],[-74.204,35.517],[-74.034,35.676],[-73.942,35.835],[-73.92,36.006],[-73.988,36.154],[-74.079,36.234],[-74.56,36.559],[-74.885,36.815],[-75.09,36.918],[-75.38,37.003],[-75.568,37.02],[-77.004,36.957],[-77.602,36.787],[-77.978,36.633],[-78.969,36.171],[-79.191,36.035],[-79.652,35.676],[-80.147,35.232],[-80.472,34.975],[-80.95,34.668],[-81.395,34.429],[-83.155,33.711],[-84.265,33.335],[-84.846,33.181],[-85.564,33.062],[-86.059,33.011],[-86.623,33.011],[-87.016,33.045],[-88.457,33.199],[-89.004,33.574],[-89.55,34.975],[-88.821,35.898],[-88.707,36.16],[-88.696,36.422],[-88.73,36.673],[-89.061,37.242],[-90.188,37.903],[-90.769,37.983],[-91.339,37.971],[-91.623,37.857],[-91.76,37.846],[-91.942,37.857],[-92.136,37.937],[-92.307,38.051],[-92.421,38.222],[-92.637,38.814],[-92.461,39.537],[-92.278,39.856],[-91.994,40.141],[-90.877,40.984],[-90.251,41.337],[-89.829,41.542],[-89.351,41.69],[-88.941,41.781],[-88.554,41.827],[-88.258,41.793],[-87.984,41.713],[-87.517,41.611],[-87.346,41.588],[-86.925,41.576],[-86.72,41.588],[-86.549,41.633],[-86.264,41.77],[-86.036,41.918],[-85.74,42.18],[-85.547,42.419],[-84.738,43.228],[-84.578,43.308],[-84.396,43.365],[-83.884,43.433],[-83.337,43.422],[-82.027,43.342],[-81.617,43.342],[-81.207,43.376],[-80.933,43.479],[-80.785,43.615],[-80.649,43.786],[-80.409,44.151],[-80.296,44.413],[-80.261,44.868],[-80.284,45.096],[-80.375,45.278],[-80.489,45.415],[-80.74,45.631],[-81.124,45.896]]]}},{"type":"Feature","properties":{"density":1},"geometry":{"type":"Polygon","coordinates":[[[-91.736,31.004],[-91.814,31.024],[-91.88,30.999],[-91.907,30.969],[-91.935,30.891],[-92.06,30.798],[-92.078,30.723],[-92.045,30.645],[-92.018,30.63],[-91.955,30.632],[-91.897,30.667],[-91.769,30.803],[-91.706,30.846],[-91.691,30.871],[-91.691,30.941],[-91.736,31.004]]]}},{"type":"Feature","properties":{"density":1},"geometry":{"type":"Polygon","coordinates":[[[-91.538,30.733],[-91.701,30.77],[-91.771,30.753],[-91.804,30.713],[-91.834,30.612],[-91.782,30.59],[-91.663,30.602],[-91.472,30.572],[-91.45,30.595],[-91.45,30.627],[-91.538,30.733]]]}},{"type":"Feature","properties":{"density":1},"geometry":{"type":"Polygon","coordinates":[[[-91.447,30.567],[-91.618,30.572],[-91.736,30.527],[-91.789,30.484],[-91.912,30.263],[-92.005,30.14],[-92.015,30.099],[-92.005,30.059],[-91.973,30.029],[-91.905,30.011],[-91.817,30.022],[-91.751,30.064],[-91.555,30.301],[-91.389,30.439],[-91.374,30.507],[-91.412,30.554],[-91.447,30.567]]]}},{"type":"Feature","properties":{"density":1},"geometry":{"type":"Polygon","coordinates":[[[-91.224,30.509],[-91.347,30.514],[-91.432,30.404],[-91.611,30.255],[-91.623,30.2],[-91.611,30.17],[-91.565,30.167],[-91.503,30.197],[-91.327,30.358],[-91.191,30.396],[-91.178,30.454],[-91.196,30.492],[-91.224,30.509]]]}},{"type":"Feature","properties":{"density":1},"geometry":{"type":"Polygon","coordinates":[[[-91.626,29.966],[-91.797,29.974],[-91.935,29.956],[-92.088,29.896],[-92.209,29.826],[-92.262,29.672],[-92.262,29.589],[-92.239,29.393],[-92.194,29.305],[-92.164,29.278],[-91.847,29.245],[-91.797,29.25],[-91.751,29.283],[-91.706,29.358],[-91.678,29.519],[-91.638,29.609],[-91.5,29.805],[-91.495,29.846],[-91.525,29.896],[-91.626,29.966]]]}},{"type":"Feature","properties":{"density":1},"geometry":{"type":"Polygon","coordinates":[[[-91.402,29.773],[-91.43,29.788],[-91.485,29.78],[-91.565,29.707],[-91.641,29.67],[-91.666,29.642],[-91.676,29.577],[-91.646,29.539],[-91.598,29.529],[-91.538,29.547],[-91.46,29.607],[-91.369,29.629],[-91.354,29.662],[-91.359,29.702],[-91.402,29.773]]]}},{"type":"Feature","properties":{"density":1},"geometry":{"type":"Polygon","coordinates":[[[-90.515,30.104],[-90.635,30.16],[-90.867,30.202],[-90.912,30.228],[-91.048,30.361],[-91.186,30.401],[-91.266,30.406],[-91.357,30.371],[-91.417,30.285],[-91.402,30.112],[-91.452,30.029],[-91.445,29.991],[-91.372,29.893],[-91.178,29.735],[-91.126,29.614],[-91.088,29.577],[-91.012,29.554],[-90.924,29.554],[-90.766,29.587],[-90.686,29.572],[-90.454,29.486],[-90.369,29.491],[-90.341,29.587],[-90.482,29.788],[-90.485,29.826],[-90.447,29.929],[-90.439,30.006],[-90.477,30.082],[-90.515,30.104]]]}},{"type":"Feature","properties":{"density":2},"geometry":{"type":"Polygon","coordinates":[[[-77.28,34.659],[-77.334,34.623],[-77.344,34.591],[-77.306,34.591],[-77.275,34.615],[-77.257,34.649],[-77.28,34.659]]]}},{"type":"Feature","properties":{"density":2},"geometry":{"type":"Polygon","coordinates":[[[-93.916,30.545],[-93.951,30.573],[-93.89,30.562],[-93.893,30.546],[-93.916,30.545]]]}},{"type":"Feature","properties":{"density":2},"geometry":{"type":"Polygon","coordinates":[[[-119.609,37.615],[-119.636,37.624],[-119.68,37.704],[-119.677,37.826],[-119.651,37.854],[-119.599,37.865],[-119.513,37.833],[-119.465,37.668],[-119.477,37.643],[-119.56,37.64],[-119.582,37.591],[-119.609,37.615]]]}},{"type":"Feature","properties":{"density":2},"geometry":{"type":"Polygon","coordinates":[[[-94.981,18.787],[-95.02,19.417],[-95.065,19.839],[-95.2,20.3],[-95.302,20.739],[-95.245,22.049],[-95.251,22.82],[-95.2,23.0],[-95.116,23.551],[-95.065,23.788],[-94.981,23.951],[-94.863,24.041],[-94.688,24.069],[-94.475,23.962],[-94.182,23.709],[-93.901,23.36],[-92.798,21.644],[-92.534,21.121],[-92.461,20.885],[-92.444,20.699],[-92.517,20.553],[-92.63,20.48],[-93.046,20.429],[-93.473,20.3],[-93.659,20.193],[-93.788,20.036],[-93.873,19.873],[-93.895,19.681],[-93.758,19.072],[-93.736,18.866],[-93.732,18.551],[-93.818,18.221],[-93.897,18.097],[-94.133,17.876],[-94.332,17.838],[-94.733,18.018],[-94.846,18.097],[-94.906,18.209],[-94.936,18.322],[-94.981,18.787]]]}},{"type":"Feature","properties":{"density":2},"geometry":{"type":"Polygon","coordinates":[[[-86.601,41.271],[-86.623,41.253],[-86.634,41.193],[-86.593,41.24],[-86.601,41.271]]]}},{"type":"Feature","properties":{"density":2},"geometry":{"type":"Polygon","coordinates":[[[-93.995,30.666],[-94.037,30.666],[-94.041,30.62],[-93.947,30.545],[-93.902,30.537],[-93.898,30.57],[-93.995,30.666]]]}},{"type":"Feature","properties":{"density":2},"geometry":{"type":"Polygon","coordinates":[[[-94.53,31.28],[-94.564,31.279],[-94.656,31.209],[-94.663,31.172],[-94.619,31.137],[-94.504,31.107],[-94.457,31.112],[-94.442,31.163],[-94.53,31.28]]]}},{"type":"Feature","properties":{"density":2},"geometry":{"type":"Polygon","coordinates":[[[-93.248,31.376],[-93.266,31.373],[-93.303,31.308],[-93.3,31.276],[-93.257,31.282],[-93.228,31.312],[-93.226,31.347],[-93.248,31.376]]]}},{"type":"Feature","properties":{"density":2},"geometry":{"type":"Polygon","coordinates":[[[-119.803,37.787],[-119.836,37.772],[-119.844,37.746],[-119.789,37.665],[-119.675,37.609],[-119.603,37.587],[-119.582,37.595],[-119.573,37.631],[-119.584,37.647],[-119.803,37.787]]]}},{"type":"Feature","properties":{"density":2},"geometry":{"type":"Polygon","coordinates":[[[-85.219,31.612],[-85.237,31.612],[-85.257,31.581],[-85.253,31.543],[-85.158,31.461],[-85.147,31.512],[-85.219,31.612]]]}},{"type":"Feature","properties":{"density":2},"geometry":{"type":"Polygon","coordinates":[[[-83.125,32.64],[-83.088,32.627],[-83.093,32.534],[-83.124,32.494],[-83.146,32.491],[-83.175,32.515],[-83.181,32.573],[-83.146,32.633],[-83.125,32.64]]]}},{"type":"Feature","properties":{"density":2},"geometry":{"type":"Polygon","coordinates":[[[-82.204,32.931],[-82.246,32.917],[-82.215,32.877],[-82.097,32.846],[-82.059,32.864],[-82.059,32.886],[-82.086,32.901],[-82.204,32.931]]]}},{"type":"Feature","properties":{"density":2},"geometry":{"type":"Polygon","coordinates":[[[-85.102,33.362],[-85.153,33.353],[-85.156,33.332],[-85.081,33.272],[-85.051,33.274],[-85.04,33.316],[-85.102,33.362]]]}},{"type":"Feature","properties":{"density":2},"geometry":{"type":"Polygon","coordinates":[[[-85.366,33.128],[-85.409,33.106],[-85.411,33.058],[-85.379,32.972],[-85.325,32.954],[-85.291,33.008],[-85.288,33.076],[-85.306,33.103],[-85.366,33.128]]]}},{"type":"Feature","properties":{"density":2},"geometry":{"type":"Polygon","coordinates":[[[-85.417,32.284],[-85.436,32.29],[-85.439,32.276],[-85.417,32.215],[-85.417,32.284]]]}},{"type":"Feature","properties":{"density":2},"geometry":{"type":"Polygon","coordinates":[[[-86.486,32.279],[-86.462,32.287],[-86.459,32.222],[-86.477,32.179],[-86.5,32.192],[-86.486,32.279]]]}},{"type":"Feature","properties":{"density":2},"geometry":{"type":"Polygon","coordinates":[[[-86.725,33.327],[-86.744,33.328],[-86.76,33.307],[-86.768,33.183],[-86.751,33.161],[-86.725,33.188],[-86.712,33.255],[-86.725,33.327]]]}},{"type":"Feature","properties":{"density":2},"geometry":{"type":"Polygon","coordinates":[[[-89.654,32.156],[-89.687,32.156],[-89.7,32.132],[-89.694,32.06],[-89.657,31.951],[-89.592,31.877],[-89.504,31.867],[-89.48,31.897],[-89.49,31.952],[-89.589,32.099],[-89.654,32.156]]]}},{"type":"Feature","properties":{"density":2},"geometry":{"type":"Polygon","coordinates":[[[-87.733,36.512],[-87.735,36.486],[-87.708,36.48],[-87.612,36.549],[-87.604,36.612],[-87.667,36.609],[-87.733,36.512]]]}},{"type":"Feature","properties":{"density":2},"geometry":{"type":"Polygon","coordinates":[[[-84.812,36.074],[-84.802,36.061],[-84.8,36.075],[-84.812,36.074]]]}},{"type":"Feature","properties":{"density":2},"geometry":{"type":"Polygon","coordinates":[[[-79.775,35.214],[-79.803,35.201],[-79.791,35.177],[-79.654,35.123],[-79.641,35.134],[-79.671,35.181],[-79.775,35.214]]]}},{"type":"Feature","properties":{"density":2},"geometry":{"type":"Polygon","coordinates":[[[-77.94,34.993],[-78.068,34.958],[-78.093,34.919],[-78.059,34.913],[-77.925,34.949],[-77.901,34.968],[-77.94,34.993]]]}},{"type":"Feature","properties":{"density":2},"geometry":{"type":"Polygon","coordinates":[[[-76.129,35.782],[-76.176,35.783],[-76.183,35.756],[-76.164,35.738],[-76.104,35.734],[-76.095,35.75],[-76.129,35.782]]]}},{"type":"Feature","properties":{"density":2},"geometry":{"type":"Polygon","coordinates":[[[-76.18,35.845],[-76.196,35.839],[-76.177,35.822],[-76.09,35.806],[-76.18,35.845]]]}},{"type":"Feature","properties":{"density":2},"geometry":{"type":"Polygon","coordinates":[[[-77.944,36.59],[-78.079,36.625],[-78.193,36.614],[-78.363,36.635],[-78.424,36.614],[-78.415,36.593],[-78.378,36.578],[-78.114,36.572],[-77.94,36.527],[-77.871,36.529],[-77.895,36.565],[-77.944,36.59]]]}},{"type":"Feature","properties":{"density":2},"geometry":{"type":"Polygon","coordinates":[[[-94.295,30.786],[-94.331,30.794],[-94.343,30.759],[-94.284,30.687],[-94.179,30.603],[-93.962,30.522],[-93.882,30.518],[-93.861,30.533],[-93.851,30.572],[-93.893,30.615],[-94.047,30.698],[-94.295,30.786]]]}},{"type":"Feature","properties":{"density":2},"geometry":{"type":"Polygon","coordinates":[[[-94.902,31.338],[-94.931,31.323],[-94.929,31.302],[-94.85,31.232],[-94.616,31.128],[-94.476,31.094],[-94.437,31.104],[-94.457,31.142],[-94.647,31.259],[-94.902,31.338]]]}},{"type":"Feature","properties":{"density":2},"geometry":{"type":"Polygon","coordinates":[[[-91.506,32.724],[-91.532,32.631],[-91.517,32.617],[-91.491,32.635],[-91.473,32.698],[-91.482,32.73],[-91.506,32.724]]]}},{"type":"Feature","properties":{"density":2},"geometry":{"type":"Polygon","coordinates":[[[-91.671,32.86],[-91.689,32.809],[-91.712,32.793],[-91.707,32.775],[-91.685,32.773],[-91.665,32.794],[-91.652,32.856],[-91.671,32.86]]]}},{"type":"Feature","properties":{"density":2},"geometry":{"type":"Polygon","coordinates":[[[-91.39,33.469],[-91.406,33.478],[-91.417,33.465],[-91.421,33.373],[-91.406,33.358],[-91.382,33.415],[-91.39,33.469]]]}},{"type":"Feature","properties":{"density":2},"geometry":{"type":"Polygon","coordinates":[[[-91.866,34.602],[-91.888,34.589],[-91.872,34.561],[-91.843,34.58],[-91.866,34.602]]]}},{"type":"Feature","properties":{"density":2},"geometry":{"type":"Polygon","coordinates":[[[-91.523,34.347],[-91.543,34.332],[-91.544,34.283],[-91.573,34.23],[-91.549,34.233],[-91.481,34.311],[-91.484,34.335],[-91.523,34.347]]]}},{"type":"Feature","properties":{"density":2},"geometry":{"type":"Polygon","coordinates":[[[-90.986,34.365],[-90.998,34.31],[-90.979,34.269],[-90.935,34.287],[-90.905,34.329],[-90.902,34.391],[-90.937,34.401],[-90.986,34.365]]]}},{"type":"Feature","properties":{"density":2},"geometry":{"type":"Polygon","coordinates":[[[-90.888,35.55],[-90.838,35.553],[-90.838,35.523],[-90.942,35.433],[-90.969,35.431],[-90.98,35.451],[-90.962,35.483],[-90.888,35.55]]]}},{"type":"Feature","properties":{"density":2},"geometry":{"type":"Polygon","coordinates":[[[-91.351,35.609],[-91.396,35.591],[-91.372,35.55],[-91.324,35.58],[-91.351,35.609]]]}},{"type":"Feature","properties":{"density":2},"geometry":{"type":"Polygon","coordinates":[[[-91.311,35.71],[-91.331,35.683],[-91.327,35.647],[-91.266,35.645],[-91.122,35.762],[-91.097,35.811],[-91.133,35.836],[-91.194,35.816],[-91.266,35.769],[-91.311,35.71]]]}},{"type":"Feature","properties":{"density":2},"geometry":{"type":"Polygon","coordinates":[[[-90.699,36.174],[-90.726,36.178],[-90.744,36.16],[-90.76,36.102],[-90.753,36.068],[-90.706,36.068],[-90.672,36.095],[-90.667,36.138],[-90.699,36.174]]]}},{"type":"Feature","properties":{"density":2},"geometry":{"type":"Polygon","coordinates":[[[-89.828,36.441],[-89.972,36.383],[-89.986,36.351],[-89.842,36.381],[-89.783,36.419],[-89.799,36.446],[-89.828,36.441]]]}},{"type":"Feature","properties":{"density":2},"geometry":{"type":"Polygon","coordinates":[[[-89.824,36.358],[-89.9,36.322],[-89.914,36.295],[-89.891,36.286],[-89.835,36.3],[-89.772,36.347],[-89.783,36.365],[-89.824,36.358]]]}},{"type":"Feature","properties":{"density":2},"geometry":{"type":"Polygon","coordinates":[[[-90.91,35.67],[-90.928,35.658],[-90.935,35.622],[-90.886,35.616],[-90.87,35.654],[-90.91,35.67]]]}},{"type":"Feature","properties":{"density":2},"geometry":{"type":"Polygon","coordinates":[[[-91.167,35.076],[-91.222,35.036],[-91.21,34.995],[-91.165,34.992],[-91.128,35.019],[-91.123,35.067],[-91.138,35.082],[-91.167,35.076]]]}},{"type":"Feature","properties":{"density":2},"geometry":{"type":"Polygon","coordinates":[[[-90.504,36.336],[-90.535,36.327],[-90.589,36.24],[-90.546,36.23],[-90.466,36.281],[-90.475,36.318],[-90.504,36.336]]]}},{"type":"Feature","properties":{"density":2},"geometry":{"type":"Polygon","coordinates":[[[-90.403,36.45],[-90.478,36.44],[-90.505,36.357],[-90.375,36.408],[-90.37,36.434],[-90.403,36.45]]]}},{"type":"Feature","properties":{"density":2},"geometry":{"type":"Polygon","coordinates":[[[-90.371,37.293],[-90.407,37.291],[-90.434,37.266],[-90.387,37.255],[-90.34,37.28],[-90.371,37.293]]]}},{"type":"Feature","properties":{"density":2},"geometry":{"type":"Polygon","coordinates":[[[-90.285,36.853],[-90.307,36.846],[-90.313,36.822],[-90.285,36.802],[-90.235,36.804],[-90.237,36.834],[-90.285,36.853]]]}},{"type":"Feature","properties":{"density":2},"geometry":{"type":"Polygon","coordinates":[[[-90.019,36.913],[-90.121,36.892],[-90.147,36.865],[-90.148,36.832],[-90.082,36.832],[-89.98,36.886],[-89.992,36.907],[-90.019,36.913]]]}},{"type":"Feature","properties":{"density":2},"geometry":{"type":"Polygon","coordinates":[[[-116.239,46.419],[-116.293,46.42],[-116.314,46.404],[-116.314,46.384],[-116.291,46.363],[-116.224,46.359],[-116.21,46.386],[-116.239,46.419]]]}},{"type":"Feature","properties":{"density":2},"geometry":{"type":"Polygon","coordinates":[[[-120.299,44.447],[-120.385,44.458],[-120.387,44.424],[-120.245,44.346],[-120.151,44.337],[-120.135,44.373],[-120.155,44.402],[-120.241,44.447],[-120.299,44.447]]]}},{"type":"Feature","properties":{"density":2},"geometry":{"type":"Polygon","coordinates":[[[-118.54,44.728],[-118.578,44.733],[-118.621,44.71],[-118.612,44.64],[-118.54,44.622],[-118.502,44.631],[-118.506,44.683],[-118.54,44.728]]]}},{"type":"Feature","properties":{"density":2},"geometry":{"type":"Polygon","coordinates":[[[-119.621,37.72],[-119.688,37.72],[-119.812,37.646],[-119.825,37.511],[-119.888,37.459],[-119.895,37.43],[-119.843,37.423],[-119.792,37.436],[-119.738,37.461],[-119.663,37.538],[-119.569,37.574],[-119.544,37.637],[-119.621,37.72]]]}},{"type":"Feature","properties":{"density":2},"geometry":{"type":"Polygon","coordinates":[[[-93.234,18.358],[-93.337,18.385],[-93.405,18.372],[-93.459,18.291],[-93.492,18.171],[-93.499,18.097],[-93.456,17.917],[-93.434,17.868],[-93.337,17.78],[-93.168,17.708],[-93.049,17.694],[-92.86,17.744],[-92.493,17.703],[-92.37,17.71],[-92.284,17.742],[-92.268,17.78],[-92.277,17.827],[-92.318,17.874],[-92.484,17.94],[-92.635,17.937],[-92.928,17.87],[-93.121,17.942],[-93.175,17.98],[-93.267,18.088],[-93.279,18.147],[-93.267,18.187],[-93.198,18.275],[-93.204,18.318],[-93.234,18.358]]]}},{"type":"Feature","properties":{"density":2},"geometry":{"type":"Polygon","coordinates":[[[-82.991,32.728],[-83.034,32.717],[-83.176,32.621],[-83.182,32.599],[-83.145,32.551],[-83.055,32.541],[-82.928,32.615],[-82.909,32.656],[-82.915,32.695],[-82.991,32.728]]]}},{"type":"Feature","properties":{"density":2},"geometry":{"type":"Polygon","coordinates":[[[-82.156,32.921],[-82.23,32.932],[-82.256,32.906],[-82.247,32.883],[-82.203,32.859],[-82.045,32.815],[-82.051,32.859],[-82.156,32.921]]]}},{"type":"Feature","properties":{"density":2},"geometry":{"type":"Polygon","coordinates":[[[-79.595,35.094],[-79.702,35.178],[-79.78,35.194],[-79.774,35.164],[-79.688,35.108],[-79.589,35.01],[-79.573,35.047],[-79.595,35.094]]]}},{"type":"Feature","properties":{"density":2},"geometry":{"type":"Polygon","coordinates":[[[-76.166,35.832],[-76.203,35.791],[-76.195,35.758],[-76.162,35.756],[-76.045,35.806],[-75.907,35.804],[-75.825,35.785],[-75.706,35.709],[-75.516,35.646],[-75.481,35.642],[-75.462,35.66],[-75.464,35.687],[-75.536,35.73],[-75.922,35.869],[-76.039,35.869],[-76.166,35.832]]]}},{"type":"Feature","properties":{"density":2},"geometry":{"type":"Polygon","coordinates":[[[-82.715,42.062],[-82.731,42.045],[-82.58,42.005],[-82.562,41.937],[-82.615,41.812],[-82.568,41.792],[-82.533,41.809],[-82.511,41.835],[-82.495,41.908],[-82.521,41.994],[-82.611,42.051],[-82.715,42.062]]]}},{"type":"Feature","properties":{"density":2},"geometry":{"type":"Polygon","coordinates":[[[-89.651,32.157],[-89.683,32.166],[-89.698,32.143],[-89.695,32.043],[-89.619,31.903],[-89.59,31.727],[-89.549,31.692],[-89.493,31.701],[-89.443,31.745],[-89.431,31.806],[-89.452,31.824],[-89.49,31.824],[-89.56,31.926],[-89.631,32.078],[-89.651,32.157]]]}},{"type":"Feature","properties":{"density":2},"geometry":{"type":"Polygon","coordinates":[[[-86.717,33.346],[-86.756,33.35],[-86.795,33.278],[-86.776,33.135],[-86.752,33.114],[-86.725,33.135],[-86.702,33.2],[-86.694,33.303],[-86.717,33.346]]]}},{"type":"Feature","properties":{"density":2},"geometry":{"type":"Polygon","coordinates":[[[-85.343,33.003],[-85.226,32.868],[-85.205,32.807],[-85.222,32.694],[-85.287,32.698],[-85.336,32.745],[-85.371,32.811],[-85.419,32.981],[-85.417,33.069],[-85.384,33.118],[-85.365,33.116],[-85.341,33.063],[-85.343,33.003]]]}},{"type":"Feature","properties":{"density":2},"geometry":{"type":"Polygon","coordinates":[[[-85.117,33.366],[-85.16,33.368],[-85.179,33.319],[-85.144,33.157],[-85.051,33.032],[-84.994,33.022],[-84.951,33.059],[-84.945,33.092],[-85.039,33.219],[-85.08,33.321],[-85.117,33.366]]]}},{"type":"Feature","properties":{"density":2},"geometry":{"type":"Polygon","coordinates":[[[-87.64,36.623],[-87.673,36.623],[-87.753,36.582],[-87.831,36.418],[-87.915,36.351],[-87.923,36.31],[-87.806,36.273],[-87.759,36.283],[-87.701,36.328],[-87.66,36.396],[-87.656,36.496],[-87.597,36.572],[-87.599,36.603],[-87.64,36.623]]]}},{"type":"Feature","properties":{"density":2},"geometry":{"type":"Polygon","coordinates":[[[-87.708,36.71],[-87.775,36.716],[-87.829,36.681],[-87.882,36.539],[-87.89,36.441],[-87.831,36.449],[-87.806,36.472],[-87.679,36.638],[-87.673,36.685],[-87.708,36.71]]]}},{"type":"Feature","properties":{"density":2},"geometry":{"type":"Polygon","coordinates":[[[-89.804,37.854],[-89.921,37.741],[-89.869,37.732],[-89.791,37.785],[-89.763,37.856],[-89.784,37.865],[-89.804,37.854]]]}},{"type":"Feature","properties":{"density":2},"geometry":{"type":"Polygon","coordinates":[[[-90.379,37.308],[-90.496,37.317],[-90.659,37.288],[-90.728,37.231],[-90.651,37.192],[-90.549,37.178],[-90.371,37.244],[-90.357,37.279],[-90.379,37.308]]]}},{"type":"Feature","properties":{"density":2},"geometry":{"type":"Polygon","coordinates":[[[-90.01,37.136],[-90.051,37.136],[-90.147,37.101],[-90.259,37.022],[-90.314,36.955],[-90.305,36.896],[-90.206,36.888],[-90.062,36.961],[-89.96,37.095],[-89.975,37.131],[-90.01,37.136]]]}},{"type":"Feature","properties":{"density":2},"geometry":{"type":"Polygon","coordinates":[[[-89.822,37.104],[-90.095,36.955],[-90.174,36.888],[-90.18,36.814],[-90.168,36.791],[-90.13,36.773],[-90.036,36.838],[-89.925,36.87],[-89.843,36.923],[-89.77,37.04],[-89.776,37.087],[-89.822,37.104]]]}},{"type":"Feature","properties":{"density":2},"geometry":{"type":"Polygon","coordinates":[[[-90.017,36.93],[-90.097,36.942],[-90.253,36.909],[-90.286,36.87],[-90.294,36.808],[-90.249,36.749],[-90.171,36.716],[-90.11,36.716],[-90.015,36.809],[-89.944,36.841],[-89.94,36.87],[-89.96,36.895],[-90.017,36.93]]]}},{"type":"Feature","properties":{"density":2},"geometry":{"type":"Polygon","coordinates":[[[-90.263,36.872],[-90.391,36.868],[-90.54,36.891],[-90.602,36.866],[-90.618,36.796],[-90.528,36.671],[-90.499,36.56],[-90.434,36.55],[-90.264,36.653],[-90.157,36.669],[-90.099,36.696],[-90.085,36.733],[-90.106,36.77],[-90.263,36.872]]]}},{"type":"Feature","properties":{"density":2},"geometry":{"type":"Polygon","coordinates":[[[-89.716,36.872],[-89.759,36.874],[-89.798,36.831],[-89.837,36.71],[-89.825,36.671],[-89.78,36.671],[-89.675,36.776],[-89.681,36.847],[-89.716,36.872]]]}},{"type":"Feature","properties":{"density":2},"geometry":{"type":"Polygon","coordinates":[[[-89.841,36.63],[-89.901,36.614],[-89.954,36.571],[-89.952,36.487],[-89.909,36.484],[-89.818,36.534],[-89.802,36.605],[-89.841,36.63]]]}},{"type":"Feature","properties":{"density":2},"geometry":{"type":"Polygon","coordinates":[[[-89.779,36.493],[-89.898,36.468],[-90.056,36.384],[-90.372,36.314],[-90.495,36.255],[-90.591,36.173],[-90.6,36.088],[-90.58,36.009],[-90.468,35.965],[-90.348,35.845],[-90.293,35.834],[-90.205,35.845],[-89.965,35.965],[-89.933,35.998],[-89.936,36.118],[-89.9,36.176],[-89.599,36.328],[-89.561,36.369],[-89.573,36.41],[-89.622,36.445],[-89.779,36.493]]]}},{"type":"Feature","properties":{"density":2},"geometry":{"type":"Polygon","coordinates":[[[-90.387,36.505],[-90.592,36.52],[-90.704,36.482],[-90.885,36.476],[-91.099,36.397],[-91.166,36.329],[-91.222,36.239],[-91.348,36.133],[-91.421,35.972],[-91.412,35.943],[-91.345,35.893],[-90.996,35.878],[-90.786,35.981],[-90.551,36.154],[-90.352,36.364],[-90.344,36.438],[-90.387,36.505]]]}},{"type":"Feature","properties":{"density":2},"geometry":{"type":"Polygon","coordinates":[[[-91.125,35.831],[-91.209,35.831],[-91.281,35.794],[-91.336,35.71],[-91.336,35.643],[-91.277,35.643],[-91.197,35.706],[-91.094,35.739],[-91.073,35.762],[-91.076,35.796],[-91.125,35.831]]]}},{"type":"Feature","properties":{"density":2},"geometry":{"type":"Polygon","coordinates":[[[-91.334,35.622],[-91.422,35.598],[-91.568,35.462],[-91.748,35.37],[-91.765,35.317],[-91.74,35.237],[-91.691,35.22],[-91.592,35.22],[-91.473,35.261],[-91.43,35.294],[-91.35,35.38],[-91.266,35.513],[-91.264,35.589],[-91.334,35.622]]]}},{"type":"Feature","properties":{"density":2},"geometry":{"type":"Polygon","coordinates":[[[-90.785,35.714],[-90.846,35.711],[-90.934,35.678],[-91.142,35.573],[-91.291,35.418],[-91.414,35.345],[-91.569,35.219],[-91.604,35.11],[-91.569,34.885],[-91.587,34.739],[-91.572,34.698],[-91.54,34.668],[-91.437,34.624],[-91.364,34.616],[-91.259,34.686],[-91.148,34.847],[-91.072,34.929],[-90.987,35.157],[-90.814,35.318],[-90.694,35.544],[-90.676,35.626],[-90.682,35.678],[-90.726,35.714],[-90.785,35.714]]]}},{"type":"Feature","properties":{"density":2},"geometry":{"type":"Polygon","coordinates":[[[-90.41,36.015],[-90.597,36.024],[-90.682,35.98],[-90.668,35.933],[-90.621,35.901],[-90.483,35.875],[-90.401,35.883],[-90.351,35.913],[-90.337,35.948],[-90.357,35.989],[-90.41,36.015]]]}},{"type":"Feature","properties":{"density":2},"geometry":{"type":"Polygon","coordinates":[[[-90.269,35.705],[-90.34,35.705],[-90.413,35.673],[-90.471,35.614],[-90.486,35.541],[-90.448,35.526],[-90.322,35.576],[-90.246,35.64],[-90.237,35.69],[-90.269,35.705]]]}},{"type":"Feature","properties":{"density":2},"geometry":{"type":"Polygon","coordinates":[[[-90.12,35.696],[-90.199,35.693],[-90.249,35.673],[-90.483,35.485],[-90.539,35.386],[-90.565,35.295],[-90.553,35.271],[-90.515,35.274],[-90.41,35.368],[-90.284,35.392],[-90.102,35.558],[-90.064,35.664],[-90.12,35.696]]]}},{"type":"Feature","properties":{"density":2},"geometry":{"type":"Polygon","coordinates":[[[-90.325,35.195],[-90.354,35.216],[-90.384,35.216],[-90.436,35.163],[-90.489,35.072],[-90.504,35.014],[-90.427,34.961],[-90.407,34.955],[-90.378,34.973],[-90.328,35.116],[-90.325,35.195]]]}},{"type":"Feature","properties":{"density":2},"geometry":{"type":"Polygon","coordinates":[[[-90.937,34.875],[-90.997,34.811],[-90.986,34.762],[-90.968,34.758],[-90.882,34.813],[-90.89,34.858],[-90.937,34.875]]]}},{"type":"Feature","properties":{"density":2},"geometry":{"type":"Polygon","coordinates":[[[-90.23,34.84],[-90.306,34.823],[-90.365,34.774],[-90.375,34.729],[-90.359,34.702],[-90.322,34.68],[-90.256,34.682],[-90.238,34.748],[-90.193,34.815],[-90.199,34.834],[-90.23,34.84]]]}},{"type":"Feature","properties":{"density":2},"geometry":{"type":"Polygon","coordinates":[[[-92.039,34.727],[-92.183,34.61],[-92.203,34.567],[-92.191,34.549],[-92.146,34.551],[-92.044,34.616],[-91.996,34.682],[-91.984,34.725],[-91.998,34.739],[-92.039,34.727]]]}},{"type":"Feature","properties":{"density":2},"geometry":{"type":"Polygon","coordinates":[[[-91.855,34.768],[-91.91,34.741],[-91.998,34.61],[-92.156,34.493],[-92.206,34.389],[-92.251,34.341],[-92.521,34.19],[-92.61,34.1],[-92.603,34.015],[-92.538,33.993],[-92.398,33.985],[-92.322,34.02],[-92.228,34.104],[-92.013,34.161],[-91.894,34.268],[-91.756,34.231],[-91.722,34.257],[-91.679,34.321],[-91.652,34.399],[-91.642,34.598],[-91.726,34.702],[-91.799,34.752],[-91.855,34.768]]]}},{"type":"Feature","properties":{"density":2},"geometry":{"type":"Polygon","coordinates":[[[-91.48,34.387],[-91.574,34.37],[-91.67,34.272],[-91.787,34.241],[-91.877,34.182],[-91.888,34.095],[-91.845,33.983],[-91.843,33.882],[-91.828,33.866],[-91.781,33.839],[-91.713,33.849],[-91.64,33.907],[-91.506,34.065],[-91.42,34.223],[-91.395,34.305],[-91.422,34.356],[-91.465,34.391],[-91.48,34.387]]]}},{"type":"Feature","properties":{"density":2},"geometry":{"type":"Polygon","coordinates":[[[-91.281,34.29],[-91.369,34.292],[-91.436,34.255],[-91.508,34.12],[-91.506,34.085],[-91.467,34.059],[-91.41,34.048],[-91.332,34.075],[-91.242,34.221],[-91.252,34.27],[-91.281,34.29]]]}},{"type":"Feature","properties":{"density":2},"geometry":{"type":"Polygon","coordinates":[[[-91.178,34.03],[-91.194,33.997],[-91.17,33.954],[-91.082,33.931],[-91.043,33.936],[-91.018,33.962],[-90.94,34.106],[-90.924,34.262],[-90.887,34.391],[-90.895,34.436],[-90.948,34.428],[-91.014,34.348],[-91.178,34.03]]]}},{"type":"Feature","properties":{"density":2},"geometry":{"type":"Polygon","coordinates":[[[-91.518,33.952],[-91.588,33.946],[-91.613,33.913],[-91.617,33.866],[-91.586,33.765],[-91.578,33.665],[-91.543,33.628],[-91.512,33.628],[-91.451,33.669],[-91.408,33.735],[-91.404,33.773],[-91.436,33.888],[-91.518,33.952]]]}},{"type":"Feature","properties":{"density":2},"geometry":{"type":"Polygon","coordinates":[[[-90.782,34.028],[-90.821,34.024],[-90.866,33.97],[-90.948,33.938],[-90.953,33.905],[-90.911,33.858],[-90.791,33.841],[-90.762,33.864],[-90.747,34.007],[-90.782,34.028]]]}},{"type":"Feature","properties":{"density":2},"geometry":{"type":"Polygon","coordinates":[[[-91.385,33.48],[-91.426,33.488],[-91.461,33.458],[-91.521,33.326],[-91.615,33.238],[-91.654,33.148],[-91.64,33.064],[-91.539,32.929],[-91.478,32.937],[-91.275,33.15],[-91.268,33.24],[-91.385,33.48]]]}},{"type":"Feature","properties":{"density":2},"geometry":{"type":"Polygon","coordinates":[[[-91.508,32.935],[-91.51,32.988],[-91.541,33.004],[-91.594,32.912],[-91.601,32.76],[-91.584,32.705],[-91.568,32.699],[-91.537,32.703],[-91.519,32.732],[-91.496,32.875],[-91.508,32.935]]]}},{"type":"Feature","properties":{"density":2},"geometry":{"type":"Polygon","coordinates":[[[-91.66,32.877],[-91.705,32.879],[-91.801,32.795],[-91.859,32.602],[-91.927,32.5],[-91.92,32.459],[-91.863,32.457],[-91.781,32.498],[-91.598,32.734],[-91.584,32.793],[-91.596,32.838],[-91.66,32.877]]]}},{"type":"Feature","properties":{"density":2},"geometry":{"type":"Polygon","coordinates":[[[-91.826,32.58],[-91.851,32.602],[-91.906,32.584],[-92.105,32.34],[-92.123,32.219],[-92.101,32.149],[-92.044,32.147],[-92.0,32.17],[-91.931,32.242],[-91.838,32.451],[-91.818,32.539],[-91.826,32.58]]]}},{"type":"Feature","properties":{"density":2},"geometry":{"type":"Polygon","coordinates":[[[-91.471,32.73],[-91.486,32.75],[-91.562,32.724],[-91.615,32.74],[-91.681,32.701],[-91.744,32.639],[-91.869,32.463],[-91.9,32.346],[-91.791,32.16],[-91.705,32.17],[-91.478,32.373],[-91.461,32.506],[-91.471,32.73]]]}},{"type":"Feature","properties":{"density":2},"geometry":{"type":"Polygon","coordinates":[[[-91.478,32.301],[-91.518,32.33],[-91.549,32.33],[-91.59,32.303],[-91.611,32.151],[-91.679,31.969],[-91.652,31.918],[-91.625,31.911],[-91.558,31.944],[-91.5,32.012],[-91.461,32.242],[-91.461,32.287],[-91.478,32.301]]]}},{"type":"Feature","properties":{"density":2},"geometry":{"type":"Polygon","coordinates":[[[-91.582,32.137],[-91.619,32.147],[-91.681,32.121],[-91.734,32.039],[-91.873,31.936],[-91.89,31.879],[-91.83,31.817],[-91.795,31.793],[-91.726,31.792],[-91.654,31.821],[-91.594,31.87],[-91.558,31.985],[-91.56,32.082],[-91.582,32.137]]]}},{"type":"Feature","properties":{"density":2},"geometry":{"type":"Polygon","coordinates":[[[-92.909,32.387],[-92.977,32.399],[-93.055,32.371],[-93.134,32.328],[-93.155,32.285],[-93.132,32.252],[-93.096,32.238],[-93.02,32.252],[-92.907,32.315],[-92.893,32.367],[-92.909,32.387]]]}},{"type":"Feature","properties":{"density":2},"geometry":{"type":"Polygon","coordinates":[[[-91.842,30.845],[-91.891,30.847],[-91.936,30.814],[-92.012,30.791],[-92.028,30.763],[-92.022,30.738],[-91.995,30.711],[-91.954,30.701],[-91.88,30.721],[-91.805,30.799],[-91.819,30.836],[-91.842,30.845]]]}},{"type":"Feature","properties":{"density":2},"geometry":{"type":"Polygon","coordinates":[[[-91.54,30.693],[-91.671,30.744],[-91.794,30.683],[-91.764,30.642],[-91.651,30.637],[-91.548,30.58],[-91.511,30.576],[-91.483,30.592],[-91.476,30.629],[-91.54,30.693]]]}},{"type":"Feature","properties":{"density":2},"geometry":{"type":"Polygon","coordinates":[[[-91.477,30.557],[-91.622,30.527],[-91.698,30.463],[-91.788,30.301],[-91.854,30.229],[-91.866,30.182],[-91.85,30.164],[-91.782,30.188],[-91.651,30.348],[-91.433,30.475],[-91.423,30.521],[-91.45,30.553],[-91.477,30.557]]]}},{"type":"Feature","properties":{"density":2},"geometry":{"type":"Polygon","coordinates":[[[-91.62,29.899],[-91.655,29.911],[-91.704,29.903],[-91.762,29.809],[-91.8,29.788],[-91.963,29.805],[-92.075,29.782],[-92.18,29.678],[-92.188,29.608],[-92.184,29.565],[-92.092,29.444],[-91.907,29.427],[-91.751,29.524],[-91.712,29.587],[-91.684,29.758],[-91.595,29.825],[-91.591,29.856],[-91.62,29.899]]]}},{"type":"Feature","properties":{"density":2},"geometry":{"type":"Polygon","coordinates":[[[-90.529,30.057],[-90.631,30.077],[-90.719,30.074],[-90.866,30.115],[-91.1,30.262],[-91.164,30.282],[-91.226,30.271],[-91.267,30.209],[-91.264,30.136],[-91.123,29.943],[-91.088,29.84],[-91.018,29.823],[-90.822,29.834],[-90.64,29.726],[-90.564,29.711],[-90.517,29.747],[-90.529,29.861],[-90.485,29.952],[-90.491,30.007],[-90.529,30.057]]]}},{"type":"Feature","properties":{"density":2},"geometry":{"type":"Polygon","coordinates":[[[-93.856,30.726],[-93.958,30.829],[-94.043,30.89],[-94.298,31.002],[-94.608,31.072],[-94.749,31.048],[-94.834,30.984],[-94.948,30.791],[-94.977,30.712],[-94.977,30.668],[-94.962,30.562],[-94.924,30.483],[-94.834,30.401],[-94.76,30.36],[-94.588,30.29],[-94.447,30.261],[-94.301,30.261],[-94.107,30.305],[-93.996,30.29],[-93.911,30.235],[-93.847,30.088],[-93.806,30.053],[-93.744,30.033],[-93.671,30.033],[-93.61,30.056],[-93.589,30.088],[-93.589,30.194],[-93.642,30.337],[-93.78,30.46],[-93.791,30.571],[-93.856,30.726]]]}},{"type":"Feature","properties":{"density":2},"geometry":{"type":"Polygon","coordinates":[[[-95.56,31.845],[-95.583,31.842],[-95.63,31.786],[-95.647,31.739],[-95.65,31.625],[-95.592,31.499],[-95.495,31.379],[-95.322,31.227],[-95.276,31.23],[-95.164,31.303],[-95.074,31.318],[-94.959,31.286],[-94.585,31.125],[-94.456,31.125],[-94.456,31.166],[-94.57,31.236],[-95.132,31.449],[-95.299,31.613],[-95.437,31.815],[-95.516,31.851],[-95.56,31.845]]]}},{"type":"Feature","properties":{"density":2},"geometry":{"type":"Polygon","coordinates":[[[-94.273,37.516],[-94.33,37.557],[-94.351,37.545],[-94.357,37.514],[-94.299,37.43],[-94.145,37.36],[-94.146,37.399],[-94.273,37.516]]]}},{"type":"Feature","properties":{"density":2},"geometry":{"type":"Polygon","coordinates":[[[-119.598,37.715],[-119.66,37.718],[-119.748,37.686],[-119.988,37.457],[-120.207,37.367],[-120.298,37.182],[-120.295,37.083],[-120.348,36.992],[-120.359,36.942],[-120.348,36.872],[-120.298,36.793],[-120.231,36.731],[-120.04,36.626],[-119.958,36.62],[-119.911,36.652],[-119.835,36.755],[-119.692,37.018],[-119.636,37.22],[-119.502,37.534],[-119.513,37.642],[-119.551,37.695],[-119.598,37.715]]]}},{"type":"Feature","properties":{"density":2},"geometry":{"type":"Polygon","coordinates":[[[-119.57,36.592],[-119.598,36.589],[-119.603,36.544],[-119.479,36.47],[-119.376,36.336],[-119.289,36.333],[-119.259,36.356],[-119.255,36.39],[-119.275,36.42],[-119.57,36.592]]]}},{"type":"Feature","properties":{"density":2},"geometry":{"type":"Polygon","coordinates":[[[-122.13,39.501],[-122.161,39.497],[-122.191,39.454],[-122.188,39.362],[-122.096,39.189],[-122.062,39.092],[-122.035,39.074],[-121.986,39.074],[-121.972,39.153],[-122.053,39.315],[-122.078,39.445],[-122.13,39.501]]]}},{"type":"Feature","properties":{"density":2},"geometry":{"type":"Polygon","coordinates":[[[-121.858,39.139],[-121.885,39.148],[-121.878,39.069],[-121.81,38.984],[-121.741,38.842],[-121.714,38.833],[-121.691,38.874],[-121.7,38.914],[-121.858,39.139]]]}},{"type":"Feature","properties":{"density":2},"geometry":{"type":"Polygon","coordinates":[[[-121.925,39.04],[-121.941,39.056],[-121.952,39.049],[-121.948,39.006],[-121.871,38.912],[-121.833,38.808],[-121.808,38.804],[-121.835,38.907],[-121.925,39.04]]]}},{"type":"Feature","properties":{"density":2},"geometry":{"type":"Polygon","coordinates":[[[-121.752,42.677],[-121.813,42.677],[-121.82,42.643],[-121.79,42.593],[-121.716,42.524],[-121.64,42.416],[-121.604,42.389],[-121.547,42.404],[-121.505,42.479],[-121.52,42.533],[-121.653,42.636],[-121.752,42.677]]]}},{"type":"Feature","properties":{"density":2},"geometry":{"type":"Polygon","coordinates":[[[-121.658,42.96],[-121.707,42.956],[-121.718,42.942],[-121.667,42.854],[-121.502,42.753],[-121.437,42.692],[-121.345,42.688],[-121.331,42.704],[-121.304,42.769],[-121.329,42.823],[-121.658,42.96]]]}},{"type":"Feature","properties":{"density":2},"geometry":{"type":"Polygon","coordinates":[[[-120.245,44.568],[-120.389,44.451],[-120.382,44.397],[-120.317,44.311],[-120.146,44.253],[-120.078,44.183],[-119.891,44.097],[-119.756,44.077],[-119.682,44.086],[-119.615,44.12],[-119.567,44.176],[-119.563,44.226],[-119.615,44.273],[-119.761,44.311],[-119.795,44.349],[-119.779,44.385],[-119.689,44.46],[-119.673,44.52],[-119.675,44.581],[-119.734,44.644],[-119.79,44.66],[-119.9,44.655],[-120.132,44.617],[-120.245,44.568]]]}},{"type":"Feature","properties":{"density":2},"geometry":{"type":"Polygon","coordinates":[[[-118.706,44.168],[-118.739,44.173],[-118.764,44.139],[-118.744,44.083],[-118.559,43.984],[-118.505,43.986],[-118.499,44.031],[-118.555,44.101],[-118.706,44.168]]]}},{"type":"Feature","properties":{"density":2},"geometry":{"type":"Polygon","coordinates":[[[-118.607,44.695],[-118.645,44.681],[-118.609,44.652],[-118.424,44.623],[-118.341,44.63],[-118.258,44.603],[-118.188,44.614],[-118.125,44.67],[-118.127,44.688],[-118.172,44.699],[-118.343,44.686],[-118.607,44.695]]]}},{"type":"Feature","properties":{"density":2},"geometry":{"type":"Polygon","coordinates":[[[-118.595,44.706],[-118.647,44.711],[-118.676,44.677],[-118.627,44.636],[-118.53,44.607],[-118.31,44.576],[-118.107,44.47],[-118.044,44.465],[-117.988,44.531],[-117.983,44.578],[-118.008,44.636],[-118.125,44.722],[-118.595,44.706]]]}},{"type":"Feature","properties":{"density":2},"geometry":{"type":"Polygon","coordinates":[[[-118.39,46.364],[-118.403,46.281],[-118.365,46.202],[-118.257,46.137],[-118.226,46.065],[-118.154,46.058],[-117.852,46.29],[-117.62,46.297],[-117.589,46.317],[-117.596,46.416],[-117.521,46.513],[-117.519,46.54],[-117.647,46.688],[-117.737,46.726],[-117.805,46.726],[-117.983,46.659],[-118.167,46.56],[-118.291,46.468],[-118.39,46.364]]]}},{"type":"Feature","properties":{"density":2},"geometry":{"type":"Polygon","coordinates":[[[-116.342,46.3],[-116.385,46.273],[-116.402,46.23],[-116.381,46.164],[-116.363,46.159],[-116.262,46.161],[-116.105,46.194],[-115.958,46.147],[-115.856,46.155],[-115.833,46.174],[-115.851,46.231],[-116.01,46.332],[-116.082,46.339],[-116.342,46.3]]]}},{"type":"Feature","properties":{"density":2},"geometry":{"type":"Polygon","coordinates":[[[-116.523,46.56],[-116.561,46.542],[-116.555,46.51],[-116.385,46.509],[-116.258,46.459],[-116.084,46.431],[-115.991,46.446],[-115.982,46.465],[-116.057,46.506],[-116.25,46.548],[-116.523,46.56]]]}},{"type":"Feature","properties":{"density":2},"geometry":{"type":"Polygon","coordinates":[[[-116.532,46.638],[-116.571,46.608],[-116.535,46.564],[-116.198,46.522],[-116.136,46.533],[-116.096,46.566],[-116.079,46.603],[-116.088,46.629],[-116.148,46.648],[-116.268,46.627],[-116.532,46.638]]]}},{"type":"Feature","properties":{"density":2},"geometry":{"type":"Polygon","coordinates":[[[-116.279,46.411],[-116.327,46.394],[-116.327,46.352],[-116.132,46.34],[-115.923,46.301],[-115.857,46.306],[-115.676,46.363],[-115.607,46.444],[-115.623,46.469],[-115.667,46.489],[-115.742,46.498],[-115.92,46.448],[-116.279,46.411]]]}},{"type":"Feature","properties":{"density":2},"geometry":{"type":"Polygon","coordinates":[[[-116.618,47.105],[-116.668,47.108],[-116.707,47.092],[-116.695,47.039],[-116.558,47.066],[-116.573,47.089],[-116.618,47.105]]]}},{"type":"Feature","properties":{"density":2},"geometry":{"type":"Polygon","coordinates":[[[-117.46,47.025],[-117.544,47.016],[-117.689,46.921],[-117.697,46.872],[-117.632,46.873],[-117.503,46.942],[-117.424,46.956],[-117.412,47.001],[-117.46,47.025]]]}},{"type":"Feature","properties":{"density":2},"geometry":{"type":"Polygon","coordinates":[[[-117.424,46.848],[-117.508,46.837],[-117.557,46.807],[-117.575,46.749],[-117.559,46.72],[-117.503,46.716],[-117.403,46.819],[-117.424,46.848]]]}},{"type":"Feature","properties":{"density":2},"geometry":{"type":"Polygon","coordinates":[[[-117.202,46.854],[-117.248,46.887],[-117.293,46.896],[-117.416,46.821],[-117.421,46.756],[-117.41,46.743],[-117.319,46.759],[-117.25,46.753],[-117.2,46.786],[-117.202,46.854]]]}},{"type":"Feature","properties":{"density":2},"geometry":{"type":"Polygon","coordinates":[[[-117.427,47.025],[-117.463,46.995],[-117.461,46.962],[-117.445,46.954],[-117.331,46.981],[-117.223,47.029],[-117.088,47.05],[-117.038,47.082],[-116.954,47.194],[-117.038,47.239],[-117.241,47.187],[-117.325,47.094],[-117.427,47.025]]]}},{"type":"Feature","properties":{"density":2},"geometry":{"type":"Polygon","coordinates":[[[-111.722,46.837],[-111.753,46.815],[-111.758,46.772],[-111.744,46.752],[-111.695,46.743],[-111.386,46.819],[-111.247,46.835],[-111.22,46.86],[-111.215,46.889],[-111.263,46.918],[-111.353,46.923],[-111.722,46.837]]]}},{"type":"Feature","properties":{"density":2},"geometry":{"type":"Polygon","coordinates":[[[-102.09,20.202],[-102.394,20.118],[-102.508,20.065],[-102.994,19.746],[-103.146,19.67],[-103.29,19.632],[-103.799,19.579],[-104.012,19.518],[-104.414,19.294],[-104.574,19.237],[-104.631,19.192],[-104.71,19.078],[-104.767,18.975],[-104.801,18.861],[-104.858,18.246],[-104.858,18.155],[-104.79,17.939],[-104.779,17.289],[-104.619,16.8],[-104.517,16.663],[-104.323,16.515],[-104.072,16.401],[-103.822,16.321],[-103.15,16.219],[-102.706,16.093],[-102.364,16.059],[-101.965,16.093],[-101.578,16.196],[-101.282,16.344],[-101.179,16.515],[-101.134,16.731],[-101.179,16.902],[-101.27,17.084],[-101.658,17.438],[-101.749,17.654],[-101.772,17.882],[-101.772,18.155],[-101.726,18.337],[-101.487,18.793],[-101.339,19.169],[-101.293,19.374],[-101.327,19.579],[-101.407,19.818],[-101.532,19.978],[-101.68,20.069],[-101.829,20.137],[-102.09,20.202]]]}},{"type":"Feature","properties":{"density":2},"geometry":{"type":"Polygon","coordinates":[[[-95.833,25.489],[-95.917,25.535],[-96.403,25.657],[-96.752,25.641],[-97.094,25.527],[-97.223,25.444],[-97.284,25.345],[-97.299,25.208],[-97.291,25.041],[-97.208,24.912],[-97.041,24.76],[-96.828,24.631],[-96.312,24.388],[-96.129,24.259],[-96.008,24.145],[-95.871,23.857],[-95.841,23.583],[-95.886,23.432],[-95.955,23.242],[-96.251,22.71],[-96.327,22.52],[-96.365,22.33],[-96.312,22.141],[-96.213,22.019],[-96.053,21.875],[-95.469,21.617],[-94.899,21.419],[-94.671,21.32],[-94.482,21.184],[-94.375,21.047],[-94.299,20.903],[-94.178,20.728],[-93.965,20.607],[-93.866,20.523],[-93.783,20.44],[-93.669,20.265],[-93.608,19.992],[-93.618,19.754],[-93.725,19.288],[-93.861,18.336],[-93.801,18.184],[-93.725,18.053],[-93.649,17.713],[-93.593,17.587],[-93.441,17.46],[-93.32,17.476],[-93.178,17.536],[-93.001,17.557],[-92.601,17.486],[-92.429,17.476],[-92.171,17.602],[-92.074,17.632],[-91.953,17.643],[-91.517,17.612],[-91.391,17.622],[-91.244,17.683],[-91.178,17.8],[-91.163,17.946],[-91.234,18.103],[-91.563,18.493],[-91.583,18.615],[-91.487,18.939],[-91.502,19.007],[-91.578,19.144],[-91.654,19.333],[-91.768,19.812],[-91.7,20.085],[-91.464,20.624],[-91.54,21.353],[-91.715,21.551],[-91.745,21.604],[-91.988,22.12],[-92.034,22.249],[-92.345,22.705],[-93.135,23.206],[-93.249,23.297],[-93.408,23.518],[-93.515,23.859],[-93.598,23.996],[-93.712,24.133],[-93.864,24.269],[-94.327,24.596],[-94.73,24.854],[-95.185,25.135],[-95.833,25.489]]]}},{"type":"Feature","properties":{"density":2},"geometry":{"type":"Polygon","coordinates":[[[-96.877,38.004],[-97.036,38.038],[-97.196,38.05],[-97.458,38.05],[-97.686,38.004],[-98.346,37.776],[-98.494,37.674],[-98.586,37.548],[-98.574,37.127],[-98.631,36.785],[-98.631,36.614],[-98.574,36.455],[-98.426,36.318],[-98.164,36.261],[-97.868,36.341],[-97.606,36.455],[-97.355,36.626],[-97.071,36.717],[-96.831,36.728],[-96.604,36.637],[-96.467,36.523],[-96.319,36.364],[-96.25,36.216],[-96.137,36.068],[-95.954,35.908],[-95.465,35.657],[-94.975,35.35],[-94.405,34.974],[-94.303,34.894],[-94.143,34.723],[-93.836,34.325],[-93.745,34.086],[-93.699,33.858],[-93.676,33.619],[-93.676,33.379],[-93.71,33.231],[-93.79,33.083],[-93.893,32.981],[-94.052,32.844],[-94.382,32.65],[-94.553,32.514],[-94.644,32.411],[-95.009,32.172],[-95.601,31.956],[-95.772,31.614],[-95.715,31.477],[-95.51,31.227],[-95.419,31.09],[-95.305,30.828],[-95.066,30.486],[-94.872,30.338],[-94.77,30.281],[-94.519,30.224],[-94.143,30.19],[-93.608,29.928],[-93.539,29.86],[-93.403,29.552],[-93.323,29.427],[-93.05,29.29],[-92.867,29.279],[-92.799,29.302],[-92.252,30.201],[-92.241,30.577],[-92.025,31.09],[-91.785,31.295],[-91.74,31.352],[-91.478,31.933],[-91.444,32.331],[-91.409,32.502],[-91.307,32.798],[-90.954,33.425],[-90.794,33.858],[-90.76,34.131],[-90.885,34.439],[-90.885,34.553],[-90.851,34.701],[-90.498,35.065],[-90.316,35.213],[-90.122,35.418],[-89.758,35.954],[-89.644,36.216],[-89.61,36.352],[-89.587,36.717],[-89.758,37.002],[-89.929,37.161],[-90.156,37.332],[-90.248,37.377],[-90.578,37.434],[-90.658,37.4],[-90.84,37.275],[-91.102,36.99],[-91.25,36.671],[-91.318,36.478],[-91.546,36.033],[-91.82,35.282],[-91.968,35.031],[-92.036,34.974],[-92.184,34.906],[-92.4,34.894],[-92.549,34.917],[-92.833,35.031],[-93.016,35.134],[-93.312,35.396],[-93.471,35.498],[-93.801,35.601],[-94.12,35.669],[-94.325,35.737],[-94.667,35.897],[-94.804,35.999],[-94.884,36.102],[-94.952,36.25],[-95.077,36.648],[-95.168,36.831],[-95.282,36.967],[-95.567,37.229],[-95.875,37.434],[-96.137,37.639],[-96.353,37.833],[-96.877,38.004]]]}},{"type":"Feature","properties":{"density":2},"geometry":{"type":"Polygon","coordinates":[[[-54.371,70.474],[-54.755,70.474],[-55.178,70.282],[-55.447,70.051],[-55.716,69.782],[-55.947,69.398],[-55.986,68.86],[-55.986,68.245],[-55.909,67.822],[-55.716,67.207],[-55.447,66.745],[-55.024,66.169],[-54.678,65.784],[-54.371,65.246],[-54.256,64.708],[-54.063,64.17],[-53.794,63.593],[-53.41,62.978],[-52.987,62.593],[-52.449,62.247],[-51.718,61.94],[-50.642,61.786],[-50.104,61.901],[-49.758,62.209],[-49.45,62.632],[-49.373,63.093],[-49.45,63.631],[-50.065,64.593],[-50.296,65.015],[-50.603,65.592],[-50.834,66.169],[-50.834,68.245],[-50.911,68.475],[-51.142,68.821],[-51.565,69.206],[-52.41,69.744],[-52.949,70.013],[-53.41,70.321],[-54.371,70.474]]]}},{"type":"Feature","properties":{"density":3},"geometry":{"type":"Polygon","coordinates":[[[-119.637,37.65],[-119.662,37.679],[-119.662,37.704],[-119.636,37.726],[-119.575,37.658],[-119.579,37.599],[-119.598,37.602],[-119.606,37.629],[-119.637,37.65]]]}},{"type":"Feature","properties":{"density":3},"geometry":{"type":"Polygon","coordinates":[[[-94.519,31.233],[-94.629,31.169],[-94.547,31.155],[-94.469,31.116],[-94.455,31.153],[-94.519,31.233]]]}},{"type":"Feature","properties":{"density":3},"geometry":{"type":"Polygon","coordinates":[[[-119.764,37.74],[-119.788,37.741],[-119.793,37.726],[-119.763,37.681],[-119.668,37.618],[-119.589,37.601],[-119.606,37.638],[-119.764,37.74]]]}},{"type":"Feature","properties":{"density":3},"geometry":{"type":"Polygon","coordinates":[[[-85.22,31.601],[-85.236,31.579],[-85.212,31.532],[-85.201,31.559],[-85.22,31.601]]]}},{"type":"Feature","properties":{"density":3},"geometry":{"type":"Polygon","coordinates":[[[-83.151,32.603],[-83.163,32.593],[-83.154,32.536],[-83.128,32.575],[-83.129,32.594],[-83.151,32.603]]]}},{"type":"Feature","properties":{"density":3},"geometry":{"type":"Polygon","coordinates":[[[-82.214,32.922],[-82.222,32.897],[-82.184,32.879],[-82.159,32.885],[-82.172,32.908],[-82.214,32.922]]]}},{"type":"Feature","properties":{"density":3},"geometry":{"type":"Polygon","coordinates":[[[-85.115,33.352],[-85.133,33.35],[-85.135,33.335],[-85.06,33.29],[-85.052,33.314],[-85.067,33.331],[-85.115,33.352]]]}},{"type":"Feature","properties":{"density":3},"geometry":{"type":"Polygon","coordinates":[[[-85.345,33.112],[-85.382,33.104],[-85.391,33.076],[-85.366,33.038],[-85.328,33.029],[-85.315,33.079],[-85.345,33.112]]]}},{"type":"Feature","properties":{"density":3},"geometry":{"type":"Polygon","coordinates":[[[-89.655,32.143],[-89.684,32.135],[-89.685,32.119],[-89.625,31.96],[-89.588,31.898],[-89.541,31.882],[-89.529,31.922],[-89.585,32.051],[-89.655,32.143]]]}},{"type":"Feature","properties":{"density":3},"geometry":{"type":"Polygon","coordinates":[[[-87.66,36.594],[-87.712,36.542],[-87.714,36.513],[-87.636,36.548],[-87.625,36.608],[-87.64,36.614],[-87.66,36.594]]]}},{"type":"Feature","properties":{"density":3},"geometry":{"type":"Polygon","coordinates":[[[-79.759,35.195],[-79.788,35.202],[-79.791,35.186],[-79.736,35.171],[-79.759,35.195]]]}},{"type":"Feature","properties":{"density":3},"geometry":{"type":"Polygon","coordinates":[[[-94.116,30.704],[-94.158,30.716],[-94.176,30.705],[-94.176,30.683],[-94.106,30.609],[-94.022,30.563],[-93.909,30.531],[-93.873,30.537],[-93.881,30.576],[-93.915,30.603],[-94.116,30.704]]]}},{"type":"Feature","properties":{"density":3},"geometry":{"type":"Polygon","coordinates":[[[-94.65,31.223],[-94.671,31.227],[-94.676,31.2],[-94.637,31.169],[-94.449,31.112],[-94.454,31.134],[-94.496,31.16],[-94.65,31.223]]]}},{"type":"Feature","properties":{"density":3},"geometry":{"type":"Polygon","coordinates":[[[-90.959,34.379],[-90.982,34.353],[-90.976,34.323],[-90.937,34.319],[-90.913,34.353],[-90.917,34.383],[-90.959,34.379]]]}},{"type":"Feature","properties":{"density":3},"geometry":{"type":"Polygon","coordinates":[[[-91.192,35.798],[-91.232,35.766],[-91.248,35.701],[-91.189,35.719],[-91.122,35.793],[-91.131,35.814],[-91.192,35.798]]]}},{"type":"Feature","properties":{"density":3},"geometry":{"type":"Polygon","coordinates":[[[-91.174,35.066],[-91.201,35.031],[-91.189,35.009],[-91.168,35.013],[-91.134,35.06],[-91.138,35.076],[-91.174,35.066]]]}},{"type":"Feature","properties":{"density":3},"geometry":{"type":"Polygon","coordinates":[[[-90.426,36.443],[-90.468,36.414],[-90.432,36.407],[-90.393,36.428],[-90.426,36.443]]]}},{"type":"Feature","properties":{"density":3},"geometry":{"type":"Polygon","coordinates":[[[-120.306,44.439],[-120.324,44.426],[-120.308,44.394],[-120.176,44.373],[-120.212,44.426],[-120.306,44.439]]]}},{"type":"Feature","properties":{"density":3},"geometry":{"type":"Polygon","coordinates":[[[-118.562,44.685],[-118.592,44.687],[-118.599,44.66],[-118.511,44.643],[-118.515,44.663],[-118.562,44.685]]]}},{"type":"Feature","properties":{"density":3},"geometry":{"type":"Polygon","coordinates":[[[-119.632,37.684],[-119.666,37.686],[-119.731,37.648],[-119.74,37.619],[-119.659,37.589],[-119.589,37.598],[-119.578,37.632],[-119.632,37.684]]]}},{"type":"Feature","properties":{"density":3},"geometry":{"type":"Polygon","coordinates":[[[-83.04,32.681],[-83.071,32.674],[-83.114,32.625],[-83.153,32.611],[-83.163,32.584],[-83.032,32.58],[-83.008,32.639],[-83.04,32.681]]]}},{"type":"Feature","properties":{"density":3},"geometry":{"type":"Polygon","coordinates":[[[-86.733,33.334],[-86.749,33.338],[-86.764,33.319],[-86.772,33.266],[-86.76,33.241],[-86.723,33.25],[-86.715,33.317],[-86.733,33.334]]]}},{"type":"Feature","properties":{"density":3},"geometry":{"type":"Polygon","coordinates":[[[-85.367,33.092],[-85.394,33.071],[-85.4,33.044],[-85.398,32.925],[-85.363,32.862],[-85.304,32.831],[-85.287,32.843],[-85.285,32.884],[-85.357,32.987],[-85.351,33.059],[-85.367,33.092]]]}},{"type":"Feature","properties":{"density":3},"geometry":{"type":"Polygon","coordinates":[[[-85.117,33.346],[-85.14,33.352],[-85.158,33.297],[-85.111,33.149],[-85.088,33.165],[-85.084,33.215],[-85.117,33.346]]]}},{"type":"Feature","properties":{"density":3},"geometry":{"type":"Polygon","coordinates":[[[-87.654,36.611],[-87.742,36.562],[-87.8,36.453],[-87.79,36.4],[-87.749,36.398],[-87.714,36.416],[-87.675,36.531],[-87.624,36.595],[-87.654,36.611]]]}},{"type":"Feature","properties":{"density":3},"geometry":{"type":"Polygon","coordinates":[[[-87.712,36.703],[-87.765,36.701],[-87.8,36.669],[-87.814,36.625],[-87.857,36.572],[-87.847,36.511],[-87.761,36.556],[-87.745,36.607],[-87.695,36.66],[-87.712,36.703]]]}},{"type":"Feature","properties":{"density":3},"geometry":{"type":"Polygon","coordinates":[[[-89.806,37.835],[-89.83,37.793],[-89.8,37.805],[-89.783,37.849],[-89.806,37.835]]]}},{"type":"Feature","properties":{"density":3},"geometry":{"type":"Polygon","coordinates":[[[-90.389,37.282],[-90.484,37.282],[-90.513,37.27],[-90.527,37.243],[-90.458,37.235],[-90.368,37.265],[-90.389,37.282]]]}},{"type":"Feature","properties":{"density":3},"geometry":{"type":"Polygon","coordinates":[[[-90.027,37.104],[-90.152,37.061],[-90.181,37.016],[-90.126,36.995],[-90.082,37.061],[-89.994,37.096],[-90.027,37.104]]]}},{"type":"Feature","properties":{"density":3},"geometry":{"type":"Polygon","coordinates":[[[-89.814,37.067],[-89.865,37.059],[-89.914,36.987],[-89.879,36.987],[-89.808,37.04],[-89.8,37.053],[-89.814,37.067]]]}},{"type":"Feature","properties":{"density":3},"geometry":{"type":"Polygon","coordinates":[[[-90.027,36.915],[-90.095,36.915],[-90.187,36.888],[-90.199,36.847],[-90.181,36.796],[-90.16,36.776],[-90.109,36.778],[-90.091,36.854],[-90.013,36.876],[-90.007,36.897],[-90.027,36.915]]]}},{"type":"Feature","properties":{"density":3},"geometry":{"type":"Polygon","coordinates":[[[-89.722,36.854],[-89.765,36.837],[-89.771,36.772],[-89.748,36.772],[-89.711,36.804],[-89.701,36.827],[-89.722,36.854]]]}},{"type":"Feature","properties":{"density":3},"geometry":{"type":"Polygon","coordinates":[[[-90.275,36.858],[-90.425,36.858],[-90.437,36.841],[-90.388,36.79],[-90.345,36.788],[-90.245,36.813],[-90.238,36.835],[-90.275,36.858]]]}},{"type":"Feature","properties":{"density":3},"geometry":{"type":"Polygon","coordinates":[[[-90.119,36.587],[-90.148,36.581],[-90.148,36.565],[-90.093,36.554],[-90.083,36.579],[-90.119,36.587]]]}},{"type":"Feature","properties":{"density":3},"geometry":{"type":"Polygon","coordinates":[[[-89.834,36.608],[-89.898,36.595],[-89.908,36.55],[-89.871,36.546],[-89.828,36.567],[-89.82,36.587],[-89.834,36.608]]]}},{"type":"Feature","properties":{"density":3},"geometry":{"type":"Polygon","coordinates":[[[-90.431,36.485],[-90.493,36.482],[-90.634,36.417],[-90.882,36.402],[-90.936,36.331],[-90.925,36.277],[-90.899,36.23],[-90.864,36.222],[-90.796,36.218],[-90.702,36.242],[-90.546,36.32],[-90.486,36.392],[-90.38,36.454],[-90.398,36.48],[-90.431,36.485]]]}},{"type":"Feature","properties":{"density":3},"geometry":{"type":"Polygon","coordinates":[[[-89.875,36.417],[-89.998,36.396],[-90.199,36.273],[-90.351,36.236],[-90.464,36.189],[-90.513,36.154],[-90.528,36.068],[-90.48,36.021],[-90.325,35.966],[-90.24,35.955],[-90.146,35.978],[-90.083,36.04],[-90.035,36.175],[-90.009,36.204],[-89.81,36.31],[-89.771,36.353],[-89.771,36.38],[-89.875,36.417]]]}},{"type":"Feature","properties":{"density":3},"geometry":{"type":"Polygon","coordinates":[[[-90.522,36.007],[-90.609,35.996],[-90.645,35.969],[-90.645,35.949],[-90.601,35.928],[-90.44,35.946],[-90.402,35.966],[-90.407,35.996],[-90.522,36.007]]]}},{"type":"Feature","properties":{"density":3},"geometry":{"type":"Polygon","coordinates":[[[-90.792,35.692],[-90.895,35.665],[-90.932,35.614],[-90.927,35.563],[-90.88,35.555],[-90.718,35.655],[-90.739,35.682],[-90.792,35.692]]]}},{"type":"Feature","properties":{"density":3},"geometry":{"type":"Polygon","coordinates":[[[-91.348,35.591],[-91.52,35.448],[-91.504,35.413],[-91.422,35.409],[-91.35,35.452],[-91.294,35.563],[-91.303,35.595],[-91.348,35.591]]]}},{"type":"Feature","properties":{"density":3},"geometry":{"type":"Polygon","coordinates":[[[-90.878,35.559],[-90.946,35.55],[-91.028,35.569],[-91.1,35.54],[-91.137,35.433],[-91.233,35.354],[-91.221,35.278],[-91.235,35.247],[-91.336,35.212],[-91.403,35.15],[-91.413,35.044],[-91.36,34.96],[-91.268,34.941],[-91.178,34.982],[-91.155,35.036],[-91.149,35.177],[-91.133,35.22],[-90.96,35.395],[-90.845,35.483],[-90.821,35.567],[-90.878,35.559]]]}},{"type":"Feature","properties":{"density":3},"geometry":{"type":"Polygon","coordinates":[[[-90.119,35.676],[-90.152,35.673],[-90.187,35.635],[-90.279,35.587],[-90.279,35.528],[-90.191,35.518],[-90.138,35.557],[-90.08,35.641],[-90.083,35.659],[-90.119,35.676]]]}},{"type":"Feature","properties":{"density":3},"geometry":{"type":"Polygon","coordinates":[[[-90.283,35.682],[-90.363,35.653],[-90.396,35.604],[-90.368,35.6],[-90.273,35.659],[-90.267,35.671],[-90.283,35.682]]]}},{"type":"Feature","properties":{"density":3},"geometry":{"type":"Polygon","coordinates":[[[-90.936,34.857],[-90.956,34.849],[-90.954,34.814],[-90.903,34.833],[-90.907,34.849],[-90.936,34.857]]]}},{"type":"Feature","properties":{"density":3},"geometry":{"type":"Polygon","coordinates":[[[-90.353,35.189],[-90.39,35.181],[-90.445,35.109],[-90.454,35.044],[-90.437,35.03],[-90.411,35.038],[-90.343,35.14],[-90.353,35.189]]]}},{"type":"Feature","properties":{"density":3},"geometry":{"type":"Polygon","coordinates":[[[-90.245,34.827],[-90.271,34.818],[-90.29,34.788],[-90.296,34.747],[-90.284,34.74],[-90.218,34.824],[-90.245,34.827]]]}},{"type":"Feature","properties":{"density":3},"geometry":{"type":"Polygon","coordinates":[[[-91.495,34.363],[-91.543,34.332],[-91.584,34.22],[-91.678,34.094],[-91.67,34.066],[-91.577,34.092],[-91.498,34.179],[-91.448,34.297],[-91.459,34.349],[-91.495,34.363]]]}},{"type":"Feature","properties":{"density":3},"geometry":{"type":"Polygon","coordinates":[[[-91.844,34.595],[-91.879,34.587],[-91.893,34.56],[-91.879,34.502],[-91.885,34.41],[-91.832,34.396],[-91.74,34.42],[-91.733,34.464],[-91.754,34.523],[-91.844,34.595]]]}},{"type":"Feature","properties":{"density":3},"geometry":{"type":"Polygon","coordinates":[[[-91.532,33.922],[-91.559,33.908],[-91.571,33.865],[-91.545,33.756],[-91.493,33.705],[-91.463,33.701],[-91.432,33.736],[-91.428,33.807],[-91.461,33.881],[-91.532,33.922]]]}},{"type":"Feature","properties":{"density":3},"geometry":{"type":"Polygon","coordinates":[[[-91.383,33.436],[-91.42,33.438],[-91.448,33.393],[-91.454,33.317],[-91.51,33.204],[-91.491,33.139],[-91.436,33.133],[-91.387,33.174],[-91.352,33.231],[-91.356,33.379],[-91.383,33.436]]]}},{"type":"Feature","properties":{"density":3},"geometry":{"type":"Polygon","coordinates":[[[-91.664,32.837],[-91.68,32.858],[-91.705,32.843],[-91.783,32.743],[-91.772,32.708],[-91.739,32.706],[-91.692,32.747],[-91.664,32.8],[-91.664,32.837]]]}},{"type":"Feature","properties":{"density":3},"geometry":{"type":"Polygon","coordinates":[[[-91.842,32.571],[-91.858,32.583],[-91.877,32.554],[-91.885,32.481],[-91.852,32.509],[-91.842,32.571]]]}},{"type":"Feature","properties":{"density":3},"geometry":{"type":"Polygon","coordinates":[[[-91.504,32.292],[-91.534,32.302],[-91.559,32.271],[-91.588,32.113],[-91.582,32.056],[-91.565,32.054],[-91.516,32.15],[-91.493,32.253],[-91.504,32.292]]]}},{"type":"Feature","properties":{"density":3},"geometry":{"type":"Polygon","coordinates":[[[-92.931,32.377],[-93.016,32.354],[-93.04,32.317],[-93.003,32.303],[-92.923,32.332],[-92.911,32.356],[-92.931,32.377]]]}},{"type":"Feature","properties":{"density":3},"geometry":{"type":"Polygon","coordinates":[[[-93.876,30.591],[-93.997,30.677],[-94.042,30.69],[-94.239,30.686],[-94.399,30.741],[-94.548,30.762],[-94.618,30.743],[-94.723,30.647],[-94.782,30.632],[-94.862,30.651],[-94.897,30.62],[-94.899,30.575],[-94.858,30.505],[-94.778,30.468],[-94.727,30.419],[-94.618,30.357],[-94.446,30.339],[-94.356,30.366],[-94.21,30.374],[-94.103,30.405],[-94.001,30.38],[-93.859,30.296],[-93.771,30.28],[-93.755,30.294],[-93.757,30.331],[-93.902,30.438],[-93.907,30.462],[-93.847,30.53],[-93.857,30.575],[-93.876,30.591]]]}},{"type":"Feature","properties":{"density":3},"geometry":{"type":"Polygon","coordinates":[[[-119.566,37.63],[-119.584,37.665],[-119.622,37.671],[-119.718,37.607],[-119.8,37.472],[-119.882,37.414],[-119.917,37.37],[-119.941,37.261],[-119.9,37.091],[-119.906,37.004],[-119.897,36.983],[-119.856,36.963],[-119.818,36.974],[-119.753,37.056],[-119.68,37.296],[-119.554,37.51],[-119.546,37.575],[-119.566,37.63]]]}},{"type":"Feature","properties":{"density":3},"geometry":{"type":"Polygon","coordinates":[[[-119.562,36.576],[-119.583,36.581],[-119.578,36.553],[-119.5,36.514],[-119.4,36.408],[-119.327,36.368],[-119.274,36.371],[-119.276,36.408],[-119.365,36.441],[-119.562,36.576]]]}},{"type":"Feature","properties":{"density":3},"geometry":{"type":"Polygon","coordinates":[[[-121.709,42.629],[-121.752,42.654],[-121.772,42.645],[-121.741,42.584],[-121.626,42.485],[-121.597,42.47],[-121.561,42.479],[-121.559,42.501],[-121.604,42.557],[-121.709,42.629]]]}},{"type":"Feature","properties":{"density":3},"geometry":{"type":"Polygon","coordinates":[[[-121.624,42.924],[-121.66,42.938],[-121.682,42.926],[-121.678,42.908],[-121.493,42.767],[-121.421,42.744],[-121.446,42.809],[-121.572,42.908],[-121.624,42.924]]]}},{"type":"Feature","properties":{"density":3},"geometry":{"type":"Polygon","coordinates":[[[-120.287,44.365],[-120.211,44.331],[-120.161,44.331],[-120.114,44.356],[-120.067,44.352],[-119.961,44.203],[-119.905,44.163],[-119.844,44.154],[-119.804,44.194],[-119.808,44.264],[-119.871,44.331],[-119.948,44.379],[-119.959,44.433],[-119.77,44.442],[-119.732,44.482],[-119.732,44.511],[-119.813,44.583],[-119.9,44.592],[-120.013,44.543],[-120.143,44.455],[-120.332,44.448],[-120.332,44.415],[-120.287,44.365]]]}},{"type":"Feature","properties":{"density":3},"geometry":{"type":"Polygon","coordinates":[[[-118.703,44.148],[-118.726,44.157],[-118.746,44.135],[-118.703,44.078],[-118.593,44.018],[-118.564,44.029],[-118.564,44.069],[-118.584,44.092],[-118.703,44.148]]]}},{"type":"Feature","properties":{"density":3},"geometry":{"type":"Polygon","coordinates":[[[-118.357,46.338],[-118.336,46.381],[-118.145,46.536],[-117.965,46.621],[-117.889,46.629],[-117.871,46.618],[-117.884,46.555],[-118.126,46.45],[-118.265,46.296],[-118.312,46.3],[-118.357,46.338]]]}},{"type":"Feature","properties":{"density":3},"geometry":{"type":"Polygon","coordinates":[[[-118.334,46.254],[-118.348,46.225],[-118.339,46.204],[-118.274,46.209],[-118.19,46.305],[-118.117,46.341],[-118.105,46.384],[-118.142,46.398],[-118.19,46.387],[-118.334,46.254]]]}},{"type":"Feature","properties":{"density":3},"geometry":{"type":"Polygon","coordinates":[[[-118.225,46.272],[-118.231,46.236],[-118.195,46.218],[-118.088,46.291],[-118.06,46.374],[-118.094,46.383],[-118.147,46.354],[-118.225,46.272]]]}},{"type":"Feature","properties":{"density":3},"geometry":{"type":"Polygon","coordinates":[[[-118.091,46.303],[-118.069,46.236],[-118.021,46.225],[-117.869,46.35],[-117.856,46.386],[-117.884,46.416],[-117.931,46.426],[-118.084,46.341],[-118.091,46.303]]]}},{"type":"Feature","properties":{"density":3},"geometry":{"type":"Polygon","coordinates":[[[-115.97,46.287],[-116.049,46.317],[-116.114,46.318],[-116.279,46.282],[-116.303,46.27],[-116.316,46.236],[-116.292,46.207],[-116.261,46.204],[-116.13,46.243],[-115.94,46.213],[-115.92,46.252],[-115.97,46.287]]]}},{"type":"Feature","properties":{"density":3},"geometry":{"type":"Polygon","coordinates":[[[-115.817,46.446],[-116.249,46.402],[-116.288,46.377],[-116.196,46.36],[-115.862,46.39],[-115.775,46.414],[-115.754,46.437],[-115.767,46.453],[-115.817,46.446]]]}},{"type":"Feature","properties":{"density":3},"geometry":{"type":"Polygon","coordinates":[[[-111.55,46.842],[-111.688,46.83],[-111.721,46.809],[-111.724,46.788],[-111.682,46.773],[-111.497,46.824],[-111.55,46.842]]]}},{"type":"Feature","properties":{"density":3},"geometry":{"type":"Polygon","coordinates":[[[-94.309,23.437],[-94.707,23.516],[-94.833,23.528],[-94.981,23.516],[-95.231,23.402],[-95.357,23.311],[-95.471,23.186],[-95.585,23.015],[-95.676,22.776],[-95.721,22.571],[-95.721,22.355],[-95.687,22.195],[-95.528,22.013],[-95.357,21.865],[-94.924,21.705],[-94.457,21.614],[-94.229,21.546],[-93.956,21.455],[-93.773,21.364],[-93.363,21.033],[-93.249,20.862],[-93.124,20.407],[-93.09,20.054],[-93.101,19.655],[-93.215,19.325],[-93.501,18.75],[-93.517,18.593],[-93.517,18.467],[-93.446,17.894],[-93.339,17.692],[-93.122,17.641],[-92.975,17.657],[-92.762,17.621],[-92.605,17.626],[-92.519,17.667],[-92.362,17.788],[-92.256,17.808],[-92.16,17.803],[-91.745,17.722],[-91.603,17.732],[-91.573,17.748],[-91.532,17.844],[-91.537,17.869],[-91.618,17.945],[-91.805,18.021],[-92.403,18.062],[-92.58,18.026],[-92.757,17.96],[-93.046,17.935],[-93.076,17.94],[-93.147,17.991],[-93.223,18.117],[-93.218,18.289],[-93.091,18.532],[-93.02,18.553],[-92.782,18.537],[-92.722,18.613],[-92.701,18.654],[-92.696,18.892],[-92.636,19.003],[-92.545,19.064],[-92.519,19.099],[-92.514,19.145],[-92.565,19.266],[-92.58,19.347],[-92.545,19.439],[-92.509,19.444],[-92.352,19.373],[-92.266,19.363],[-92.205,19.393],[-92.17,19.454],[-92.17,19.59],[-92.302,19.798],[-92.312,19.95],[-92.261,20.036],[-92.165,20.147],[-92.145,20.38],[-92.119,20.451],[-92.043,20.547],[-92.033,20.729],[-92.069,20.836],[-92.251,21.069],[-92.307,21.18],[-92.317,21.367],[-92.286,21.443],[-92.276,21.519],[-92.276,21.565],[-92.296,21.605],[-92.423,21.737],[-92.453,21.747],[-92.555,21.747],[-92.782,21.707],[-92.975,21.717],[-93.112,21.757],[-93.248,21.869],[-93.274,21.904],[-93.289,21.97],[-93.309,22.304],[-93.395,22.471],[-93.537,22.638],[-93.729,22.795],[-94.013,23.185],[-94.19,23.362],[-94.309,23.437]]]}}]}