{"type":"FeatureCollection","features":[{"type":"Feature","properties":{"density":1},"geometry":{"type":"Polygon","coordinates":[[[-74.997,20.475],[-75.276,20.471],[-75.489,20.429],[-75.586,20.434],[-75.88,20.403],[-75.959,20.372],[-75.906,20.352],[-75.691,20.331],[-75.434,20.35],[-75.146,20.421],[-74.962,20.447],[-74.971,20.473],[-74.997,20.475]]]}},{"type":"Feature","properties":{"density":1},"geometry":{"type":"Polygon","coordinates":[[[-76.444,20.683],[-76.4,20.659],[-76.401,20.628],[-76.485,20.561],[-76.578,20.535],[-76.675,20.573],[-76.634,20.638],[-76.537,20.675],[-76.444,20.683]]]}},{"type":"Feature","properties":{"density":1},"geometry":{"type":"Polygon","coordinates":[[[-78.654,21.862],[-78.877,21.85],[-78.921,21.829],[-78.879,21.814],[-78.694,21.828],[-78.634,21.843],[-78.654,21.862]]]}},{"type":"Feature","properties":{"density":1},"geometry":{"type":"Polygon","coordinates":[[[-71.639,18.059],[-71.584,18.049],[-71.535,18.071],[-71.517,18.104],[-71.52,18.149],[-71.558,18.16],[-71.642,18.085],[-71.65,18.062],[-71.639,18.059]]]}},{"type":"Feature","properties":{"density":1},"geometry":{"type":"Polygon","coordinates":[[[-80.171,22.703],[-81.009,22.727],[-81.206,22.76],[-81.189,22.774],[-81.07,22.778],[-80.857,22.831],[-80.273,22.817],[-80.058,22.795],[-79.817,22.739],[-79.742,22.716],[-79.71,22.67],[-79.72,22.649],[-79.762,22.649],[-79.955,22.686],[-80.083,22.686],[-80.171,22.703]]]}},{"type":"Feature","properties":{"density":1},"geometry":{"type":"Polygon","coordinates":[[[-81.173,26.285],[-81.341,26.145],[-81.409,26.04],[-81.423,25.957],[-81.409,25.941],[-81.071,26.029],[-80.823,25.996],[-80.544,26.026],[-80.428,26.103],[-80.39,26.156],[-80.393,26.227],[-80.539,26.26],[-80.561,26.282],[-80.564,26.346],[-80.547,26.42],[-80.448,26.594],[-80.426,26.85],[-80.296,27.01],[-80.018,27.194],[-79.963,27.258],[-79.938,27.393],[-79.985,27.423],[-80.067,27.415],[-80.384,27.285],[-80.506,27.217],[-80.58,27.145],[-80.668,26.985],[-80.71,26.787],[-80.781,26.652],[-80.817,26.602],[-80.924,26.544],[-81.007,26.473],[-81.173,26.285]]]}},{"type":"Feature","properties":{"density":1},"geometry":{"type":"Polygon","coordinates":[[[-85.217,30.525],[-84.988,30.406],[-84.988,30.375],[-85.221,30.485],[-85.236,30.503],[-85.217,30.525]]]}},{"type":"Feature","properties":{"density":1},"geometry":{"type":"Polygon","coordinates":[[[-88.469,30.417],[-88.017,30.274],[-87.8,30.152],[-87.551,29.866],[-87.501,29.759],[-87.475,29.632],[-87.495,29.616],[-87.536,29.66],[-87.648,29.847],[-87.778,29.976],[-87.881,30.051],[-88.278,30.235],[-88.513,30.369],[-88.51,30.398],[-88.469,30.417]]]}},{"type":"Feature","properties":{"density":1},"geometry":{"type":"Polygon","coordinates":[[[-89.452,30.311],[-88.965,30.094],[-88.594,29.995],[-88.537,29.991],[-88.506,30.015],[-88.524,30.046],[-88.583,30.088],[-88.654,30.118],[-88.906,30.177],[-89.279,30.296],[-89.419,30.362],[-89.448,30.336],[-89.452,30.311]]]}},{"type":"Feature","properties":{"density":1},"geometry":{"type":"Polygon","coordinates":[[[-81.079,34.379],[-81.096,34.379],[-81.121,34.345],[-81.103,34.284],[-81.011,34.198],[-80.875,34.133],[-80.416,34.082],[-80.352,34.091],[-80.317,34.137],[-80.318,34.172],[-80.374,34.212],[-80.833,34.267],[-80.958,34.308],[-81.079,34.379]]]}},{"type":"Feature","properties":{"density":1},"geometry":{"type":"Polygon","coordinates":[[[-97.919,27.598],[-97.912,27.98],[-97.923,28.013],[-97.967,28.053],[-97.987,27.987],[-97.976,27.66],[-97.959,27.59],[-97.941,27.572],[-97.917,27.574],[-97.919,27.598]]]}},{"type":"Feature","properties":{"density":1},"geometry":{"type":"Polygon","coordinates":[[[-98.79,26.421],[-98.931,26.552],[-98.972,26.566],[-98.992,26.537],[-98.99,26.487],[-98.889,26.401],[-98.794,26.394],[-98.79,26.421]]]}},{"type":"Feature","properties":{"density":1},"geometry":{"type":"Polygon","coordinates":[[[-101.827,21.371],[-101.906,21.406],[-101.998,21.424],[-102.051,21.411],[-102.066,21.386],[-102.048,21.349],[-101.976,21.321],[-101.827,21.345],[-101.827,21.371]]]}},{"type":"Feature","properties":{"density":1},"geometry":{"type":"Polygon","coordinates":[[[-93.109,15.91],[-93.182,15.946],[-93.219,15.935],[-93.263,15.895],[-93.32,15.9],[-93.392,15.935],[-93.585,16.056],[-93.616,16.102],[-93.654,16.218],[-93.623,16.244],[-93.522,16.24],[-93.456,16.255],[-93.125,16.192],[-93.019,16.15],[-92.977,16.119],[-92.938,16.044],[-93.035,15.937],[-93.085,15.908],[-93.109,15.91]]]}},{"type":"Feature","properties":{"density":1},"geometry":{"type":"Polygon","coordinates":[[[-92.492,17.867],[-92.616,17.78],[-92.743,17.718],[-92.796,17.703],[-92.92,17.711],[-93.105,17.696],[-93.433,17.57],[-93.598,17.58],[-93.584,17.598],[-93.225,17.697],[-93.18,17.721],[-93.146,17.786],[-93.168,17.795],[-93.36,17.754],[-93.393,17.811],[-93.479,17.821],[-93.885,17.701],[-93.918,17.705],[-93.797,17.776],[-93.826,17.808],[-93.815,17.83],[-93.76,17.852],[-93.442,17.901],[-93.165,17.911],[-93.124,17.9],[-93.066,17.841],[-93.012,17.813],[-92.965,17.811],[-92.65,17.898],[-92.483,17.905],[-92.47,17.879],[-92.492,17.867]]]}},{"type":"Feature","properties":{"density":1},"geometry":{"type":"Polygon","coordinates":[[[-105.922,35.949],[-105.922,35.878],[-105.897,35.822],[-105.867,35.809],[-105.809,35.825],[-105.638,35.963],[-105.454,36.159],[-105.398,36.192],[-105.352,36.178],[-105.266,36.192],[-105.137,36.316],[-104.969,36.412],[-104.933,36.481],[-105.046,36.522],[-105.255,36.498],[-105.627,36.506],[-105.702,36.473],[-105.826,36.349],[-105.894,36.134],[-105.922,35.949]]]}},{"type":"Feature","properties":{"density":1},"geometry":{"type":"Polygon","coordinates":[[[-109.938,39.352],[-109.817,39.361],[-109.398,39.306],[-109.343,39.325],[-109.337,39.377],[-109.384,39.405],[-109.869,39.43],[-109.924,39.416],[-109.952,39.391],[-109.938,39.352]]]}},{"type":"Feature","properties":{"density":1},"geometry":{"type":"Polygon","coordinates":[[[-117.65,39.855],[-117.642,39.786],[-117.568,39.736],[-117.512,39.739],[-117.388,39.852],[-117.353,39.951],[-117.286,40.323],[-117.297,40.422],[-117.336,40.45],[-117.399,40.428],[-117.488,40.337],[-117.59,40.177],[-117.62,40.114],[-117.65,39.965],[-117.65,39.855]]]}},{"type":"Feature","properties":{"density":1},"geometry":{"type":"Polygon","coordinates":[[[-129.441,73.408],[-127.562,73.728],[-125.409,74.232],[-123.943,74.416],[-120.094,74.37],[-117.391,74.37],[-115.329,74.141],[-113.267,73.728],[-98.376,74.721],[-96.238,74.904],[-95.016,75.057],[-93.03,74.385],[-91.839,73.774],[-84.276,74.153],[-79.043,73.644],[-76.925,72.728],[-75.927,71.873],[-74.97,70.386],[-74.42,68.757],[-74.115,67.637],[-74.094,66.578],[-74.481,65.621],[-75.764,65.051],[-77.169,64.46],[-78.758,64.236],[-80.529,64.481],[-82.118,64.867],[-89.041,65.763],[-92.055,65.621],[-94.031,65.377],[-95.762,64.664],[-96.841,64.379],[-97.716,64.012],[-98.629,62.977],[-99.118,61.735],[-99.159,60.452],[-99.057,59.739],[-98.813,59.087],[-98.487,58.639],[-98.059,58.253],[-97.509,57.906],[-94.21,57.275],[-89.873,57.214],[-89.018,57.377],[-88.325,58.09],[-88.162,58.884],[-88.529,59.556],[-88.59,60.208],[-88.04,61.144],[-87.185,61.613],[-86.187,61.877],[-78.428,61.368],[-75.822,61.287],[-72.951,61.429],[-64.652,62.733],[-60.864,63.557],[-59.551,64.107],[-58.757,64.535],[-57.504,65.268],[-56.527,65.604],[-55.397,65.665],[-54.175,65.512],[-52.678,65.085],[-51.548,64.504],[-48.799,62.946],[-44.92,60.839],[-42.384,61.175],[-40.704,61.266],[-39.391,61.053],[-38.719,58.792],[-37.568,58.175],[-37.31,57.604],[-37.229,57.021],[-37.636,55.731],[-38.057,55.296],[-38.546,54.93],[-39.211,54.523],[-39.998,54.373],[-40.65,54.224],[-41.329,54.102],[-42.089,53.925],[-42.564,53.654],[-44.03,50.762],[-44.152,50.314],[-44.465,49.866],[-45.225,49.282],[-48.001,48.495],[-49.182,48.597],[-49.936,48.495],[-50.608,48.108],[-51.443,47.68],[-52.054,47.09],[-52.705,46.52],[-53.5,46.153],[-54.477,45.766],[-55.577,45.196],[-56.574,44.707],[-57.532,44.422],[-58.305,44.341],[-59.039,44.341],[-62.215,44.666],[-62.765,44.87],[-63.906,45.359],[-64.7,46.01],[-64.842,47.13],[-64.7,48.23],[-64.74,49.167],[-64.863,50.124],[-65.127,50.979],[-65.942,51.814],[-67.021,52.303],[-68.406,52.221],[-69.648,51.977],[-70.565,51.468],[-71.746,50.552],[-72.784,49.513],[-73.802,48.984],[-74.698,48.291],[-75.859,47.599],[-81.9,45.583],[-82.634,45.379],[-85.254,44.47],[-85.783,44.062],[-86.15,43.682],[-87.399,42.963],[-88.118,42.487],[-88.784,41.999],[-89.544,40.94],[-89.924,40.383],[-90.195,39.107],[-90.182,38.686],[-89.951,38.279],[-89.394,37.885],[-88.688,37.749],[-87.847,37.872],[-87.032,37.79],[-86.353,37.559],[-85.62,37.22],[-82.545,36.202],[-80.733,36.243],[-79.694,36.304],[-78.574,36.161],[-75.581,35.428],[-74.787,35.184],[-73.626,34.878],[-72.547,34.308],[-71.651,33.371],[-71.162,32.21],[-71.142,31.376],[-71.325,30.296],[-72.384,28.973],[-73.504,28.586],[-74.583,28.565],[-75.377,28.362],[-76.273,28.056],[-76.986,27.669],[-78.391,26.712],[-79.124,26.427],[-79.817,26.081],[-80.387,25.979],[-80.774,26.142],[-81.14,26.386],[-81.303,26.957],[-81.038,27.649],[-80.672,28.036],[-80.244,28.382],[-79.898,28.891],[-79.857,29.441],[-80.326,29.767],[-81.181,29.665],[-82.016,29.339],[-82.892,28.932],[-83.849,28.728],[-88.41,28.606],[-89.062,28.301],[-90.874,27.751],[-91.546,27.181],[-92.198,26.305],[-92.361,25.979],[-92.972,25.592],[-93.888,24.635],[-95.191,23.617],[-95.415,23.189],[-95.415,22.599],[-95.375,22.13],[-94.662,20.746],[-93.501,20.135],[-92.646,19.748],[-92.3,19.564],[-91.852,19.157],[-91.526,18.607],[-91.546,17.935],[-91.729,17.589],[-92.035,17.385],[-92.381,17.263],[-94.289,17.066],[-95.361,17.297],[-95.877,17.623],[-96.189,17.962],[-96.868,18.763],[-96.949,18.94],[-96.963,19.211],[-96.827,19.619],[-97.71,20.135],[-98.185,20.447],[-98.484,20.759],[-99.705,22.646],[-100.276,22.945],[-100.9,23.121],[-101.579,23.203],[-102.095,23.583],[-102.556,23.895],[-103.031,24.14],[-103.452,24.275],[-103.955,24.33],[-104.538,24.126],[-104.837,23.8],[-105.014,22.687],[-105.041,22.307],[-104.878,21.818],[-104.837,21.574],[-104.946,21.302],[-105.068,20.922],[-105.054,20.623],[-104.973,20.433],[-104.824,20.298],[-104.538,20.23],[-104.213,20.338],[-103.737,20.569],[-102.719,20.881],[-102.081,20.813],[-101.538,20.61],[-101.077,20.257],[-100.642,19.768],[-100.181,18.343],[-100.153,17.908],[-100.33,17.352],[-100.791,16.754],[-101.226,16.238],[-101.755,15.885],[-102.312,15.817],[-102.855,15.709],[-103.303,15.478],[-103.751,15.098],[-104.538,14.568],[-105.855,14.053],[-106.439,14.053],[-106.955,14.148],[-107.444,14.324],[-108.693,14.704],[-109.209,14.514],[-109.819,14.256],[-110.335,14.148],[-110.77,14.243],[-110.892,14.392],[-110.77,14.84],[-110.2,15.247],[-109.765,15.505],[-109.453,15.777],[-109.276,16.089],[-109.29,16.686],[-109.371,16.985],[-109.697,17.406],[-109.86,17.718],[-109.901,18.098],[-109.901,18.492],[-109.86,18.858],[-109.724,19.225],[-109.467,19.687],[-109.765,20.854],[-110.091,21.031],[-110.729,20.881],[-111.245,20.637],[-111.883,20.501],[-112.548,20.528],[-113.023,20.773],[-113.295,21.139],[-113.39,21.506],[-113.322,21.954],[-113.173,22.293],[-112.901,22.741],[-112.548,23.243],[-111.937,23.678],[-110.96,24.085],[-110.091,24.506],[-108.828,25.253],[-108.543,25.443],[-107.206,26.671],[-106.656,27.384],[-106.473,28.077],[-106.432,28.586],[-106.636,29.237],[-106.962,29.848],[-107.267,30.357],[-107.837,31.131],[-108.346,31.762],[-108.747,33.161],[-108.679,33.636],[-108.598,33.989],[-108.136,34.926],[-106.982,35.442],[-106.588,35.577],[-105.312,36.446],[-104.891,37.043],[-104.647,37.505],[-104.308,38.36],[-104.118,38.754],[-104.118,39.107],[-104.24,39.406],[-102.339,40.18],[-102.217,40.587],[-102.298,40.94],[-102.516,41.238],[-104.301,43.119],[-104.545,44.096],[-104.769,44.87],[-105.38,45.359],[-106.337,45.644],[-107.722,45.827],[-108.842,45.929],[-110.125,45.949],[-113.566,45.807],[-114.32,45.99],[-115.257,46.051],[-116.132,46.031],[-116.845,45.909],[-117.537,45.725],[-118.454,45.318],[-120.551,44.463],[-122.14,44.096],[-123.3,44.503],[-123.586,45.033],[-123.85,45.97],[-124.135,46.499],[-124.685,47.049],[-126.009,48.271],[-126.64,48.78],[-127.007,49.37],[-127.129,50.002],[-127.088,50.816],[-126.946,51.611],[-125.113,53.26],[-124.563,53.199],[-123.158,52.69],[-121.773,52.14],[-121.04,51.957],[-120.266,51.835],[-119.574,51.835],[-118.495,51.936],[-118.108,51.916],[-117.069,51.977],[-116.703,52.242],[-116.499,52.547],[-116.519,52.832],[-117.11,53.382],[-120.368,54.604],[-121.02,54.808],[-121.875,55.113],[-122.486,55.581],[-122.934,56.213],[-124.563,58.249],[-125.194,59.084],[-125.703,60.143],[-126.477,61.243],[-127.19,62.22],[-129.267,63.523],[-131.059,64.318],[-134.317,65.336],[-136.883,66.293],[-137.596,66.659],[-138.309,67.433],[-138.797,68.085],[-138.349,68.9],[-137.413,69.653],[-136.618,70.264],[-135.071,71.017],[-133.625,71.954],[-132.2,72.728],[-130.713,73.156],[-129.441,73.408]]]}},{"type":"Feature","properties":{"density":1},"geometry":{"type":"Polygon","coordinates":[[[-85.232,30.548],[-85.271,30.527],[-85.277,30.495],[-85.199,30.38],[-84.891,30.153],[-84.787,30.113],[-84.726,30.116],[-84.673,30.143],[-84.656,30.213],[-84.714,30.309],[-84.761,30.344],[-85.074,30.522],[-85.125,30.541],[-85.232,30.548]]]}},{"type":"Feature","properties":{"density":1},"geometry":{"type":"Polygon","coordinates":[[[-81.081,34.381],[-81.105,34.381],[-81.12,34.326],[-81.056,34.201],[-81.012,34.157],[-80.872,34.093],[-80.819,34.091],[-80.789,34.12],[-80.81,34.172],[-80.854,34.219],[-81.081,34.381]]]}},{"type":"Feature","properties":{"density":1},"geometry":{"type":"Polygon","coordinates":[[[-117.469,40.362],[-117.519,40.345],[-117.581,40.275],[-117.663,40.072],[-117.688,39.965],[-117.697,39.84],[-117.655,39.75],[-117.607,39.706],[-117.552,39.684],[-117.487,39.686],[-117.416,39.715],[-117.282,39.861],[-117.234,39.952],[-117.196,40.122],[-117.205,40.238],[-117.283,40.324],[-117.391,40.387],[-117.469,40.362]]]}},{"type":"Feature","properties":{"density":1},"geometry":{"type":"Polygon","coordinates":[[[-105.508,36.48],[-105.55,36.481],[-105.635,36.452],[-105.725,36.323],[-105.888,36.02],[-105.931,35.899],[-105.914,35.827],[-105.848,35.78],[-105.536,35.811],[-105.477,35.833],[-105.431,35.888],[-105.413,35.941],[-105.427,36.031],[-105.457,36.092],[-105.46,36.388],[-105.508,36.48]]]}},{"type":"Feature","properties":{"density":1},"geometry":{"type":"Polygon","coordinates":[[[-93.15,16.099],[-93.255,16.085],[-93.266,16.022],[-93.228,15.972],[-93.079,15.958],[-93.007,15.986],[-92.974,16.024],[-92.988,16.055],[-93.15,16.099]]]}},{"type":"Feature","properties":{"density":1},"geometry":{"type":"Polygon","coordinates":[[[-80.298,22.31],[-80.294,22.283],[-80.249,22.27],[-80.211,22.273],[-80.203,22.289],[-80.232,22.311],[-80.298,22.31]]]}},{"type":"Feature","properties":{"density":1},"geometry":{"type":"Polygon","coordinates":[[[-78.998,21.759],[-79.016,21.732],[-79.011,21.708],[-78.983,21.699],[-78.851,21.726],[-78.814,21.744],[-78.801,21.77],[-78.807,21.8],[-78.843,21.807],[-78.998,21.759]]]}},{"type":"Feature","properties":{"density":1},"geometry":{"type":"Polygon","coordinates":[[[-78.739,21.872],[-78.779,21.868],[-78.786,21.848],[-78.755,21.826],[-78.645,21.809],[-78.605,21.815],[-78.588,21.835],[-78.621,21.87],[-78.739,21.872]]]}},{"type":"Feature","properties":{"density":1},"geometry":{"type":"Polygon","coordinates":[[[-80.928,26.647],[-80.976,26.57],[-81.075,26.478],[-81.073,26.324],[-81.009,26.23],[-80.877,26.125],[-80.706,26.107],[-80.642,26.124],[-80.592,26.173],[-80.579,26.263],[-80.471,26.39],[-80.443,26.487],[-80.462,26.568],[-80.57,26.658],[-80.719,26.712],[-80.803,26.719],[-80.879,26.691],[-80.928,26.647]]]}},{"type":"Feature","properties":{"density":1},"geometry":{"type":"Polygon","coordinates":[[[-117.429,40.951],[-117.557,40.856],[-117.648,40.757],[-117.706,40.62],[-117.792,40.091],[-117.759,39.835],[-117.697,39.707],[-117.544,39.645],[-117.4,39.666],[-117.272,39.728],[-117.164,39.819],[-116.999,40.12],[-116.887,40.447],[-116.895,40.62],[-116.957,40.802],[-117.069,40.906],[-117.214,40.972],[-117.354,40.988],[-117.429,40.951]]]}},{"type":"Feature","properties":{"density":1},"geometry":{"type":"Polygon","coordinates":[[[-81.067,34.38],[-81.105,34.382],[-81.111,34.311],[-81.009,34.126],[-80.932,34.027],[-80.863,33.986],[-80.783,33.966],[-80.739,34.016],[-80.753,34.096],[-80.805,34.167],[-80.976,34.333],[-81.067,34.38]]]}},{"type":"Feature","properties":{"density":1},"geometry":{"type":"Polygon","coordinates":[[[-79.666,33.487],[-79.715,33.374],[-79.682,33.333],[-79.644,33.33],[-79.566,33.357],[-79.401,33.465],[-79.291,33.503],[-79.192,33.558],[-79.156,33.638],[-79.164,33.702],[-79.208,33.74],[-79.272,33.746],[-79.368,33.718],[-79.531,33.616],[-79.666,33.487]]]}},{"type":"Feature","properties":{"density":1},"geometry":{"type":"Polygon","coordinates":[[[-85.838,33.094],[-85.855,33.06],[-85.771,32.978],[-85.681,32.949],[-85.642,32.973],[-85.653,33.033],[-85.707,33.076],[-85.783,33.098],[-85.838,33.094]]]}},{"type":"Feature","properties":{"density":1},"geometry":{"type":"Polygon","coordinates":[[[-91.423,32.467],[-91.446,32.419],[-91.406,32.374],[-91.255,32.317],[-91.044,32.298],[-90.972,32.304],[-90.937,32.333],[-90.938,32.374],[-90.998,32.42],[-91.064,32.442],[-91.238,32.469],[-91.423,32.467]]]}},{"type":"Feature","properties":{"density":1},"geometry":{"type":"Polygon","coordinates":[[[-91.051,32.963],[-91.132,32.935],[-91.158,32.893],[-91.174,32.785],[-91.134,32.722],[-91.046,32.663],[-90.84,32.573],[-90.697,32.529],[-90.509,32.504],[-90.401,32.509],[-90.307,32.533],[-90.259,32.59],[-90.267,32.707],[-90.291,32.757],[-90.326,32.786],[-90.41,32.821],[-90.577,32.854],[-90.811,32.955],[-91.051,32.963]]]}},{"type":"Feature","properties":{"density":1},"geometry":{"type":"Polygon","coordinates":[[[-90.842,33.334],[-90.875,33.325],[-90.919,33.262],[-90.902,33.22],[-90.831,33.181],[-90.816,33.152],[-90.849,33.082],[-90.845,33.038],[-90.807,32.994],[-90.515,32.865],[-90.404,32.84],[-90.259,32.849],[-90.217,32.875],[-90.19,32.954],[-90.204,32.989],[-90.395,33.15],[-90.517,33.279],[-90.667,33.338],[-90.842,33.334]]]}},{"type":"Feature","properties":{"density":1},"geometry":{"type":"Polygon","coordinates":[[[-90.624,36.091],[-90.875,35.854],[-91.251,35.561],[-91.642,35.101],[-91.921,34.696],[-91.977,34.473],[-91.935,34.194],[-91.628,33.957],[-91.084,33.748],[-90.47,33.664],[-89.759,33.678],[-89.089,33.664],[-88.587,33.734],[-88.112,33.959],[-87.582,34.334],[-87.255,34.536],[-86.927,34.682],[-86.132,34.794],[-84.471,35.073],[-83.62,35.45],[-83.202,35.784],[-83.048,36.119],[-83.09,36.552],[-83.244,36.886],[-83.593,37.082],[-83.969,37.193],[-84.43,37.291],[-85.294,37.319],[-86.215,37.249],[-87.094,37.124],[-88.615,36.845],[-89.452,36.635],[-90.261,36.273],[-90.624,36.091]]]}},{"type":"Feature","properties":{"density":1},"geometry":{"type":"Polygon","coordinates":[[[-79.187,21.782],[-79.272,21.724],[-79.305,21.669],[-79.283,21.608],[-79.228,21.586],[-79.165,21.585],[-78.939,21.656],[-78.792,21.709],[-78.754,21.742],[-78.769,21.8],[-78.875,21.829],[-79.126,21.804],[-79.187,21.782]]]}},{"type":"Feature","properties":{"density":1},"geometry":{"type":"Polygon","coordinates":[[[-79.943,22.685],[-79.938,22.63],[-79.883,22.597],[-79.724,22.623],[-79.665,22.679],[-79.682,22.734],[-79.721,22.748],[-79.825,22.739],[-79.943,22.685]]]}},{"type":"Feature","properties":{"density":1},"geometry":{"type":"Polygon","coordinates":[[[-80.677,22.955],[-80.682,22.94],[-80.655,22.932],[-80.611,22.984],[-80.522,23.031],[-80.517,23.05],[-80.545,23.067],[-80.611,23.05],[-80.677,22.955]]]}},{"type":"Feature","properties":{"density":1},"geometry":{"type":"Polygon","coordinates":[[[-93.21,16.076],[-93.258,16.051],[-93.254,15.997],[-93.234,15.966],[-93.173,15.928],[-93.066,15.928],[-92.973,15.983],[-92.962,16.025],[-93.01,16.069],[-93.138,16.093],[-93.21,16.076]]]}},{"type":"Feature","properties":{"density":1},"geometry":{"type":"Polygon","coordinates":[[[-80.739,26.523],[-80.774,26.493],[-80.787,26.438],[-80.739,26.365],[-80.657,26.339],[-80.337,26.348],[-80.286,26.368],[-80.192,26.447],[-80.214,26.523],[-80.265,26.552],[-80.355,26.567],[-80.739,26.523]]]}},{"type":"Feature","properties":{"density":1},"geometry":{"type":"Polygon","coordinates":[[[-82.165,33.984],[-82.207,33.969],[-82.223,33.945],[-82.188,33.896],[-82.091,33.855],[-82.036,33.864],[-82.01,33.892],[-82.003,33.923],[-82.049,33.963],[-82.097,33.982],[-82.165,33.984]]]}},{"type":"Feature","properties":{"density":1},"geometry":{"type":"Polygon","coordinates":[[[-96.289,30.818],[-96.351,30.812],[-96.4,30.787],[-96.422,30.75],[-96.407,30.637],[-96.368,30.578],[-96.233,30.527],[-96.084,30.508],[-96.015,30.52],[-95.975,30.546],[-95.952,30.648],[-96.013,30.729],[-96.14,30.789],[-96.289,30.818]]]}},{"type":"Feature","properties":{"density":1},"geometry":{"type":"Polygon","coordinates":[[[-80.595,23.17],[-80.687,23.036],[-80.707,22.957],[-80.692,22.928],[-80.646,22.924],[-80.58,22.955],[-80.462,23.056],[-80.457,23.108],[-80.479,23.141],[-80.519,23.166],[-80.593,23.157],[-80.595,23.17]]]}},{"type":"Feature","properties":{"density":1},"geometry":{"type":"Polygon","coordinates":[[[-111.161,23.904],[-112.527,23.527],[-113.998,23.37],[-114.845,22.648],[-115.379,21.329],[-115.316,20.011],[-114.531,18.002],[-112.899,16.37],[-111.922,15.614],[-110.639,15.24],[-107.72,14.675],[-104.299,14.267],[-101.505,14.298],[-99.057,14.204],[-96.483,14.392],[-94.348,14.8],[-91.806,15.436],[-88.84,16.425],[-87.533,17.089],[-87.074,17.484],[-83.519,20.293],[-82.241,21.43],[-81.487,22.267],[-80.66,23.318],[-80.317,24.186],[-80.129,25.253],[-80.362,25.736],[-80.945,26.069],[-82.797,26.006],[-87.443,25.096],[-89.758,24.264],[-92.23,23.417],[-94.278,22.993],[-95.918,23.009],[-97.299,23.386],[-98.091,23.911],[-98.79,24.645],[-99.363,25.465],[-99.792,26.567],[-99.922,27.469],[-99.904,28.58],[-99.433,29.914],[-98.89,30.585],[-98.248,31.059],[-97.476,31.282],[-96.451,31.499],[-94.676,31.65],[-92.989,31.737],[-91.594,31.749],[-90.212,31.526],[-88.891,31.229],[-88.041,30.671],[-87.62,30.303],[-87.502,30.063],[-87.415,29.623],[-87.176,29.31],[-86.837,29.071],[-86.37,28.909],[-85.799,28.769],[-85.324,28.69],[-84.485,28.736],[-83.881,28.909],[-83.253,28.938],[-82.271,28.855],[-80.647,28.431],[-79.63,28.207],[-77.045,27.866],[-74.645,27.64],[-72.227,27.454],[-69.865,27.23],[-68.057,27.284],[-67.082,27.378],[-64.027,28.235],[-56.744,30.746],[-54.704,32.378],[-54.296,33.571],[-54.767,35.015],[-55.834,35.486],[-56.085,35.925],[-56.054,36.365],[-55.583,36.553],[-54.296,36.616],[-53.033,37.047],[-50.137,38.813],[-48.583,40.579],[-46.111,44.392],[-44.275,46.299],[-41.803,48.135],[-38.908,50.042],[-36.608,52.263],[-35.243,53.676],[-34.678,55.276],[-34.584,56.595],[-35.855,57.584],[-42.4,59.702],[-47.767,61.727],[-49.933,63.704],[-50.498,65.352],[-52.005,67.0],[-55.159,68.648],[-59.036,69.111],[-63.768,68.617],[-68.146,67.911],[-72.808,67.346],[-76.069,66.864],[-79.187,66.613],[-80.485,66.278],[-81.782,65.839],[-82.766,64.834],[-83.161,63.444],[-84.32,61.554],[-86.368,60.001],[-87.427,59.294],[-89.305,58.515],[-91.785,57.918],[-94.987,57.416],[-96.679,57.387],[-99.915,57.73],[-102.256,58.624],[-102.74,59.739],[-103.0,61.205],[-102.894,62.896],[-102.237,64.228],[-100.95,65.546],[-99.067,66.236],[-95.646,67.147],[-91.408,68.873],[-90.605,69.676],[-90.323,71.583],[-90.817,72.36],[-93.713,73.772],[-99.004,74.46],[-105.219,74.931],[-114.605,75.245],[-120.38,74.994],[-130.833,74.209],[-134.317,73.299],[-135.484,72.618],[-136.671,71.886],[-137.101,70.638],[-136.765,69.124],[-136.116,67.863],[-134.882,66.519],[-132.342,65.913],[-130.456,65.201],[-128.51,63.945],[-126.281,61.497],[-124.492,59.268],[-123.425,57.542],[-123.331,55.125],[-123.864,53.147],[-124.869,51.327],[-125.918,49.619],[-126.093,48.313],[-126.059,46.723],[-125.497,44.515],[-124.545,43.019],[-123.917,42.328],[-123.08,42.036],[-120.788,41.753],[-118.298,42.046],[-116.383,42.046],[-114.249,41.701],[-112.271,41.23],[-110.357,40.131],[-109.227,39.221],[-108.599,38.499],[-107.667,37.333],[-106.955,35.722],[-106.516,33.043],[-106.641,31.307],[-107.144,29.507],[-107.771,27.142],[-108.525,25.887],[-109.885,24.61],[-111.161,23.904]],[[-82.629,46.998],[-85.313,46.151],[-87.949,45.209],[-89.079,44.644],[-89.54,44.054],[-89.691,43.185],[-89.372,42.115],[-88.88,41.645],[-88.033,41.473],[-86.122,41.599],[-83.722,41.836],[-81.699,42.099],[-79.928,42.45],[-78.226,42.868],[-77.612,43.203],[-77.347,43.663],[-76.44,44.654],[-75.575,45.031],[-74.557,45.198],[-72.478,45.84],[-70.637,46.258],[-68.307,46.956],[-67.749,47.291],[-67.703,48.034],[-68.042,48.658],[-68.786,49.023],[-70.387,49.306],[-72.506,49.258],[-74.531,48.788],[-77.214,48.317],[-81.311,47.281],[-82.629,46.998]]]}},{"type":"Feature","properties":{"density":2},"geometry":{"type":"Polygon","coordinates":[[[-76.419,20.656],[-76.509,20.601],[-76.55,20.611],[-76.542,20.658],[-76.446,20.674],[-76.419,20.656]]]}},{"type":"Feature","properties":{"density":2},"geometry":{"type":"Polygon","coordinates":[[[-79.745,22.683],[-79.827,22.685],[-79.904,22.708],[-80.166,22.722],[-80.204,22.746],[-80.145,22.771],[-79.957,22.766],[-79.746,22.706],[-79.745,22.683]]]}},{"type":"Feature","properties":{"density":2},"geometry":{"type":"Polygon","coordinates":[[[-80.72,26.404],[-80.666,26.418],[-80.643,26.442],[-80.722,26.434],[-80.72,26.404]]]}},{"type":"Feature","properties":{"density":2},"geometry":{"type":"Polygon","coordinates":[[[-88.464,30.397],[-88.063,30.253],[-87.872,30.149],[-87.857,30.11],[-87.876,30.106],[-87.964,30.156],[-88.363,30.318],[-88.486,30.387],[-88.464,30.397]]]}},{"type":"Feature","properties":{"density":2},"geometry":{"type":"Polygon","coordinates":[[[-81.075,34.339],[-80.95,34.216],[-81.063,34.289],[-81.097,34.337],[-81.075,34.339]]]}},{"type":"Feature","properties":{"density":2},"geometry":{"type":"Polygon","coordinates":[[[-97.937,27.596],[-97.926,27.774],[-97.947,27.846],[-97.956,27.776],[-97.937,27.596]]]}},{"type":"Feature","properties":{"density":2},"geometry":{"type":"Polygon","coordinates":[[[-101.877,21.367],[-101.939,21.386],[-101.985,21.363],[-101.886,21.354],[-101.877,21.367]]]}},{"type":"Feature","properties":{"density":2},"geometry":{"type":"Polygon","coordinates":[[[-93.03,16.0],[-93.0,16.005],[-92.984,16.033],[-92.991,16.06],[-93.079,16.124],[-93.166,16.145],[-93.182,16.124],[-93.157,16.068],[-93.151,16.001],[-93.12,15.946],[-93.092,15.926],[-93.072,15.932],[-93.072,15.979],[-93.03,16.0]]]}},{"type":"Feature","properties":{"density":2},"geometry":{"type":"Polygon","coordinates":[[[-105.845,35.853],[-105.787,35.878],[-105.674,36.043],[-105.613,36.139],[-105.589,36.238],[-105.611,36.25],[-105.657,36.225],[-105.809,36.007],[-105.875,35.886],[-105.845,35.853]]]}},{"type":"Feature","properties":{"density":2},"geometry":{"type":"Polygon","coordinates":[[[-117.598,39.83],[-117.598,39.786],[-117.537,39.758],[-117.507,39.789],[-117.471,39.871],[-117.441,39.968],[-117.435,40.059],[-117.463,40.163],[-117.49,40.172],[-117.515,40.111],[-117.592,39.89],[-117.598,39.83]]]}},{"type":"Feature","properties":{"density":2},"geometry":{"type":"Polygon","coordinates":[[[-124.319,62.489],[-124.726,62.978],[-125.052,63.528],[-126.803,65.076],[-127.903,65.34],[-129.043,65.422],[-130.265,65.544],[-131.263,65.666],[-132.465,65.972],[-133.3,66.338],[-134.745,67.03],[-135.153,67.499],[-135.479,67.906],[-135.641,68.395],[-135.356,68.884],[-134.949,69.25],[-134.542,69.556],[-133.442,70.187],[-131.956,70.676],[-130.795,70.94],[-130.102,70.981],[-129.329,70.9],[-128.738,70.737],[-128.168,70.737],[-127.679,70.839],[-126.478,71.185],[-124.95,71.572],[-124.156,71.694],[-123.301,71.775],[-120.063,71.918],[-119.309,71.897],[-118.006,71.816],[-116.947,71.918],[-115.888,71.959],[-114.952,71.959],[-114.178,71.816],[-111.714,71.063],[-110.614,70.574],[-109.168,70.472],[-108.048,70.513],[-107.397,70.635],[-106.562,70.696],[-101.98,70.869],[-101.613,70.716],[-101.002,70.38],[-100.605,70.014],[-100.208,69.678],[-99.964,69.22],[-99.842,68.548],[-100.025,67.876],[-100.361,67.02],[-100.85,66.409],[-101.308,65.982],[-101.888,65.401],[-104.24,63.446],[-104.698,62.835],[-105.737,61.522],[-106.103,61.003],[-106.165,60.392],[-106.012,59.72],[-105.615,59.109],[-105.065,58.528],[-104.485,58.04],[-103.874,57.673],[-102.499,57.123],[-101.919,56.91],[-101.308,56.787],[-100.605,56.696],[-99.964,56.696],[-96.237,56.278],[-93.712,55.647],[-93.162,55.749],[-92.633,55.79],[-92.001,55.769],[-91.614,55.627],[-91.37,55.342],[-91.431,55.097],[-91.757,54.812],[-92.327,54.71],[-92.796,54.649],[-93.773,54.608],[-94.934,54.792],[-95.443,54.812],[-96.807,54.731],[-97.296,54.608],[-100.025,54.283],[-101.41,54.405],[-103.324,54.731],[-104.322,55.036],[-104.709,55.138],[-104.953,55.056],[-105.075,54.873],[-104.871,54.67],[-104.342,54.364],[-102.896,54.038],[-102.346,53.997],[-101.552,53.875],[-100.941,53.753],[-100.575,53.549],[-100.391,53.244],[-100.473,53.061],[-101.124,52.939],[-101.654,52.898],[-102.367,52.939],[-105.157,52.613],[-106.114,52.674],[-106.928,52.877],[-107.641,53.142],[-109.128,53.794],[-109.372,53.773],[-109.82,53.773],[-111.429,54.14],[-112.447,54.527],[-113.343,54.771],[-116.744,55.199],[-117.253,55.382],[-117.945,55.443],[-118.597,55.321],[-119.187,55.138],[-119.656,55.036],[-120.389,55.118],[-121.203,55.382],[-121.814,55.79],[-122.222,56.278],[-122.364,56.686],[-122.201,56.971],[-121.998,57.215],[-121.875,57.724],[-122.14,58.254],[-122.547,58.559],[-123.056,58.803],[-123.525,59.088],[-123.851,59.475],[-123.952,59.923],[-123.81,60.331],[-123.647,60.677],[-123.749,61.003],[-123.81,61.39],[-123.912,61.695],[-124.115,62.041],[-124.319,62.489]]]}},{"type":"Feature","properties":{"density":2},"geometry":{"type":"Polygon","coordinates":[[[-48.718,51.9],[-48.26,52.114],[-47.679,52.755],[-47.435,53.519],[-47.557,54.099],[-47.71,54.68],[-48.046,55.23],[-50.001,56.543],[-51.375,57.673],[-51.864,58.223],[-51.65,58.712],[-51.1,59.109],[-50.031,59.262],[-47.893,58.467],[-46.579,58.315],[-45.419,58.254],[-43.342,58.315],[-41.937,58.498],[-41.02,58.956],[-40.654,59.506],[-41.173,59.781],[-42.425,59.537],[-45.297,59.17],[-49.726,59.75],[-50.917,60.025],[-52.78,60.942],[-56.201,61.155],[-57.393,61.155],[-62.036,60.942],[-65.06,60.697],[-66.19,60.575],[-67.015,60.514],[-68.053,60.392],[-68.603,60.3],[-69.55,60.239],[-70.619,60.209],[-71.444,60.27],[-73.582,60.27],[-77.217,60.392],[-78.744,60.514],[-80.058,60.728],[-80.699,60.942],[-82.043,61.308],[-83.51,61.247],[-84.457,61.033],[-85.067,60.606],[-85.434,60.209],[-85.648,59.445],[-86.106,57.246],[-86.381,56.299],[-86.931,55.199],[-87.603,54.191],[-93.559,52.083],[-94.964,51.656],[-97.286,51.106],[-98.202,50.77],[-99.943,50.098],[-102.051,49.823],[-102.876,49.884],[-103.945,50.006],[-105.045,50.006],[-106.358,50.067],[-107.794,50.22],[-109.016,50.464],[-110.237,50.831],[-112.335,52.032],[-113.272,52.012],[-114.106,51.869],[-115.186,51.462],[-116.489,50.912],[-119.136,50.566],[-120.032,50.485],[-120.867,50.525],[-121.621,50.729],[-122.334,51.096],[-122.782,51.381],[-123.25,51.727],[-123.8,51.971],[-124.207,52.093],[-124.737,52.114],[-125.225,52.114],[-125.673,52.012],[-126.04,51.645],[-126.019,50.933],[-125.877,50.444],[-125.673,49.955],[-125.388,49.385],[-125.205,48.917],[-124.614,48.163],[-123.963,48.265],[-123.637,48.122],[-123.331,47.898],[-122.537,47.186],[-122.334,47.226],[-122.171,47.41],[-122.008,47.634],[-121.845,47.756],[-121.519,47.817],[-121.193,47.654],[-121.01,47.43],[-120.969,47.125],[-121.379,46.17],[-121.94,45.944],[-122.139,46.025],[-122.365,46.061],[-122.456,45.98],[-122.365,45.898],[-122.302,45.753],[-122.646,45.473],[-122.655,45.337],[-122.465,45.048],[-122.32,44.876],[-121.845,44.74],[-121.628,44.767],[-121.207,44.943],[-120.84,45.161],[-120.555,45.364],[-119.89,45.717],[-118.593,46.091],[-118.206,46.254],[-117.412,46.763],[-116.801,47.19],[-116.292,47.312],[-114.521,46.864],[-113.991,46.824],[-113.462,46.702],[-113.014,46.742],[-112.729,46.905],[-112.24,47.231],[-111.466,47.292],[-110.835,47.251],[-110.264,47.15],[-109.816,47.007],[-107.251,46.742],[-106.334,46.478],[-105.194,46.518],[-103.87,46.091],[-103.076,46.03],[-101.875,46.07],[-101.467,46.07],[-100.123,45.622],[-99.716,45.317],[-99.248,44.91],[-98.657,44.197],[-98.372,43.912],[-97.557,43.158],[-97.232,42.731],[-96.926,42.364],[-96.56,42.079],[-96.091,42.384],[-95.969,42.771],[-96.254,43.077],[-96.56,43.464],[-96.784,44.258],[-96.58,44.461],[-96.213,44.482],[-95.806,44.176],[-95.216,43.912],[-94.605,43.871],[-94.136,43.912],[-93.322,44.176],[-92.955,44.421],[-92.69,44.787],[-92.527,45.276],[-92.711,45.683],[-93.24,45.989],[-93.403,46.254],[-93.647,46.722],[-93.831,46.966],[-93.79,47.211],[-93.607,47.394],[-93.362,47.557],[-93.138,47.638],[-92.589,47.781],[-92.242,47.801],[-91.978,47.516],[-91.733,47.027],[-90.919,46.192],[-90.267,46.192],[-89.656,46.355],[-89.106,46.681],[-88.699,47.048],[-88.19,47.557],[-87.823,47.801],[-87.274,48.107],[-86.846,48.432],[-86.398,48.738],[-85.685,49.186],[-84.911,49.267],[-84.097,49.328],[-83.241,49.288],[-80.024,48.84],[-79.26,48.809],[-78.161,49.023],[-75.809,49.817],[-75.076,50.367],[-74.067,51.375],[-73.426,51.925],[-70.28,53.758],[-69.638,54.307],[-68.844,54.705],[-67.744,54.949],[-66.553,54.857],[-65.728,54.521],[-65.118,54.155],[-63.987,52.933],[-63.651,52.719],[-63.376,52.047],[-63.346,50.978],[-63.56,48.656],[-63.682,47.618],[-63.59,46.671],[-63.101,46.152],[-62.399,45.724],[-61.666,45.51],[-60.536,45.327],[-59.405,45.235],[-58.611,45.235],[-57.756,45.388],[-56.29,45.602],[-55.526,45.785],[-54.701,46.091],[-53.693,46.946],[-53.877,47.374],[-54.152,48.107],[-54.029,48.809],[-53.235,48.992],[-52.685,48.901],[-51.463,49.084],[-51.066,49.42],[-50.914,50.092],[-50.7,50.611],[-50.455,51.07],[-50.058,51.406],[-49.447,51.619],[-48.718,51.9]]]}},{"type":"Feature","properties":{"density":2},"geometry":{"type":"Polygon","coordinates":[[[-106.081,34.553],[-105.674,34.784],[-105.226,35.164],[-104.71,35.856],[-104.384,36.046],[-104.017,36.223],[-103.529,36.359],[-103.176,36.399],[-102.673,36.237],[-102.361,36.033],[-102.185,35.938],[-101.872,35.843],[-101.547,35.924],[-101.669,36.169],[-101.954,36.345],[-102.986,36.807],[-104.167,36.766],[-104.493,36.603],[-104.805,36.345],[-105.728,35.422],[-105.959,35.15],[-106.203,34.607],[-106.081,34.553]]]}},{"type":"Feature","properties":{"density":2},"geometry":{"type":"Polygon","coordinates":[[[-99.66,41.432],[-99.684,41.383],[-99.64,41.373],[-99.613,41.395],[-99.609,41.421],[-99.66,41.432]]]}},{"type":"Feature","properties":{"density":2},"geometry":{"type":"Polygon","coordinates":[[[-85.21,30.538],[-85.239,30.514],[-85.192,30.451],[-85.016,30.366],[-84.974,30.364],[-84.957,30.38],[-84.96,30.415],[-85.029,30.491],[-85.107,30.522],[-85.21,30.538]]]}},{"type":"Feature","properties":{"density":2},"geometry":{"type":"Polygon","coordinates":[[[-80.695,26.508],[-80.754,26.465],[-80.761,26.416],[-80.713,26.367],[-80.641,26.357],[-80.592,26.406],[-80.591,26.455],[-80.636,26.498],[-80.695,26.508]]]}},{"type":"Feature","properties":{"density":2},"geometry":{"type":"Polygon","coordinates":[[[-87.052,47.499],[-84.65,48.582],[-83.473,49.523],[-82.438,49.759],[-81.402,49.665],[-80.554,49.241],[-79.565,48.817],[-78.247,48.723],[-77.447,49.288],[-77.211,50.559],[-77.258,51.925],[-78.059,53.337],[-78.718,54.938],[-79.895,55.927],[-81.166,56.492],[-82.72,56.068],[-83.615,55.409],[-84.509,54.891],[-86.393,53.243],[-88.558,52.066],[-91.242,51.501],[-93.643,50.842],[-97.269,50.371],[-98.964,50.559],[-100.141,50.795],[-101.695,51.548],[-102.354,52.254],[-102.73,53.008],[-103.201,53.761],[-103.578,54.232],[-103.201,54.373],[-102.73,54.42],[-101.412,53.667],[-99.435,53.478],[-97.645,53.526],[-95.574,53.808],[-93.879,54.373],[-92.843,55.409],[-92.608,56.303],[-92.984,56.916],[-94.02,57.857],[-94.868,58.187],[-96.61,57.951],[-98.775,57.763],[-103.343,58.093],[-104.849,58.375],[-107.109,59.27],[-108.336,59.843],[-109.746,60.447],[-111.412,60.879],[-112.853,61.624],[-113.748,62.283],[-114.454,62.895],[-115.066,63.601],[-114.925,64.213],[-114.454,64.637],[-113.232,64.598],[-112.574,64.677],[-111.632,65.242],[-110.91,65.807],[-110.69,66.686],[-111.224,67.533],[-112.511,68.098],[-113.515,68.161],[-114.737,68.31],[-116.243,68.168],[-117.75,67.98],[-118.927,67.745],[-120.434,67.415],[-122.411,66.944],[-123.683,66.615],[-124.718,66.285],[-125.33,65.814],[-125.754,65.155],[-125.66,63.507],[-125.189,62.424],[-124.2,61.624],[-122.995,61.098],[-121.423,61.012],[-119.633,60.823],[-118.456,60.258],[-117.42,59.411],[-116.95,58.422],[-116.95,58.375],[-116.008,56.539],[-115.82,55.032],[-115.82,53.62],[-116.62,52.725],[-118.192,52.184],[-120.421,51.901],[-121.896,51.682],[-122.929,51.595],[-123.717,51.431],[-124.775,51.548],[-125.668,51.911],[-126.356,51.753],[-126.505,51.195],[-125.891,50.376],[-125.333,49.716],[-124.97,49.139],[-124.486,48.535],[-123.826,48.107],[-123.101,47.986],[-122.411,47.781],[-121.71,47.405],[-121.585,46.721],[-122.017,46.275],[-122.647,46.133],[-123.683,45.286],[-124.389,44.015],[-124.059,43.026],[-122.929,42.791],[-121.292,43.01],[-120.357,43.261],[-119.381,43.638],[-118.516,44.168],[-118.125,45.061],[-117.818,46.065],[-118.223,46.889],[-118.027,47.251],[-117.693,47.502],[-117.009,47.377],[-114.595,47.265],[-113.324,47.122],[-112.053,46.793],[-110.64,46.369],[-108.333,45.804],[-106.921,45.192],[-103.531,44.015],[-101.883,43.497],[-99.764,43.12],[-97.787,42.696],[-95.903,42.461],[-93.738,42.649],[-92.702,43.026],[-91.901,43.826],[-91.948,44.815],[-92.608,45.945],[-93.455,46.369],[-93.674,46.932],[-93.22,47.311],[-92.702,47.358],[-91.43,47.028],[-90.395,46.887],[-89.877,46.84],[-88.464,47.028],[-87.052,47.499]]]}},{"type":"Feature","properties":{"density":2},"geometry":{"type":"Polygon","coordinates":[[[-90.691,32.673],[-90.626,32.681],[-90.599,32.714],[-90.608,32.752],[-90.716,32.809],[-90.871,32.839],[-91.317,32.859],[-91.404,32.831],[-91.426,32.791],[-91.415,32.754],[-91.369,32.721],[-91.306,32.708],[-90.74,32.661],[-90.691,32.673]]]}},{"type":"Feature","properties":{"density":2},"geometry":{"type":"Polygon","coordinates":[[[-90.828,33.083],[-90.867,33.056],[-90.882,33.024],[-90.882,32.999],[-90.836,32.96],[-90.759,32.978],[-90.546,32.894],[-90.498,32.907],[-90.483,32.927],[-90.513,32.991],[-90.617,33.063],[-90.768,33.107],[-90.828,33.083]]]}},{"type":"Feature","properties":{"density":2},"geometry":{"type":"Polygon","coordinates":[[[-90.867,34.501],[-90.898,34.496],[-90.924,34.468],[-90.922,34.43],[-90.713,34.246],[-90.612,34.193],[-90.49,34.167],[-90.351,34.16],[-90.274,34.178],[-90.257,34.198],[-90.281,34.299],[-90.43,34.413],[-90.656,34.503],[-90.821,34.512],[-90.867,34.501]]]}},{"type":"Feature","properties":{"density":2},"geometry":{"type":"Polygon","coordinates":[[[-117.443,40.281],[-117.594,40.136],[-117.636,40.037],[-117.603,39.932],[-117.603,39.783],[-117.537,39.738],[-117.502,39.767],[-117.467,39.829],[-117.417,39.873],[-117.333,39.912],[-117.305,39.947],[-117.309,40.0],[-117.384,40.11],[-117.38,40.241],[-117.406,40.279],[-117.443,40.281]]]}},{"type":"Feature","properties":{"density":2},"geometry":{"type":"Polygon","coordinates":[[[-105.644,36.277],[-105.716,36.165],[-105.853,36.004],[-105.877,35.938],[-105.872,35.87],[-105.831,35.827],[-105.604,35.838],[-105.532,35.868],[-105.475,35.917],[-105.469,35.978],[-105.506,36.066],[-105.514,36.232],[-105.604,36.279],[-105.644,36.277]]]}},{"type":"Feature","properties":{"density":2},"geometry":{"type":"Polygon","coordinates":[[[-101.272,35.756],[-100.612,35.663],[-99.951,35.672],[-99.672,35.747],[-99.384,35.914],[-99.235,36.184],[-99.328,36.388],[-99.895,36.574],[-100.388,36.658],[-100.816,36.788],[-101.393,36.918],[-101.755,37.132],[-102.472,37.495],[-103.188,37.467],[-103.895,36.993],[-104.611,36.398],[-104.843,36.184],[-105.15,35.849],[-105.327,35.598],[-105.411,35.412],[-105.438,35.133],[-105.373,34.844],[-105.104,34.668],[-104.592,34.603],[-104.267,34.863],[-103.802,35.402],[-103.262,35.784],[-102.816,35.84],[-102.444,35.84],[-101.662,35.747],[-101.272,35.756]]]}},{"type":"Feature","properties":{"density":2},"geometry":{"type":"Polygon","coordinates":[[[-91.871,35.902],[-92.894,35.577],[-93.341,35.261],[-93.48,34.87],[-93.443,34.358],[-93.062,33.847],[-91.555,33.196],[-90.021,33.112],[-88.449,33.363],[-87.128,33.717],[-85.854,34.247],[-85.127,34.667],[-84.571,35.242],[-84.226,35.921],[-84.04,36.498],[-84.171,37.279],[-84.571,37.679],[-84.85,37.846],[-85.547,38.004],[-85.975,37.958],[-86.393,37.753],[-87.24,37.232],[-88.049,36.879],[-91.871,35.902]]]}},{"type":"Feature","properties":{"density":2},"geometry":{"type":"Polygon","coordinates":[[[-77.524,59.589],[-78.654,58.93],[-78.984,57.753],[-77.948,56.764],[-76.112,56.764],[-71.168,57.565],[-68.673,57.8],[-66.413,57.659],[-64.153,57.141],[-61.798,56.105],[-59.821,55.211],[-58.22,54.646],[-56.243,54.034],[-53.653,52.857],[-51.534,52.433],[-49.51,52.197],[-47.768,52.574],[-47.203,53.422],[-47.532,54.693],[-48.285,56.011],[-49.415,57.518],[-50.734,58.93],[-52.758,60.202],[-54.971,61.237],[-56.949,61.567],[-58.832,61.284],[-60.668,60.908],[-63.729,60.484],[-66.036,59.966],[-69.143,59.731],[-71.639,59.825],[-73.004,59.919],[-74.605,59.872],[-76.159,59.872],[-77.524,59.589]]]}},{"type":"Feature","properties":{"density":2},"geometry":{"type":"Polygon","coordinates":[[[-80.271,22.301],[-80.279,22.292],[-80.263,22.279],[-80.219,22.279],[-80.24,22.3],[-80.271,22.301]]]}},{"type":"Feature","properties":{"density":2},"geometry":{"type":"Polygon","coordinates":[[[-117.279,40.692],[-117.364,40.676],[-117.425,40.623],[-117.466,40.557],[-117.549,40.235],[-117.634,39.791],[-117.609,39.741],[-117.538,39.733],[-117.496,39.755],[-117.444,39.821],[-117.207,40.215],[-117.105,40.425],[-117.091,40.513],[-117.105,40.582],[-117.138,40.64],[-117.232,40.692],[-117.279,40.692]]]}},{"type":"Feature","properties":{"density":2},"geometry":{"type":"Polygon","coordinates":[[[-114.998,64.863],[-115.186,64.487],[-115.039,64.005],[-114.893,63.398],[-114.6,62.687],[-113.7,61.348],[-112.947,60.301],[-112.34,59.82],[-111.67,59.36],[-110.959,58.816],[-110.499,58.313],[-109.934,57.748],[-108.95,56.409],[-108.448,55.97],[-107.925,55.97],[-107.757,56.284],[-107.853,56.616],[-108.113,57.037],[-108.814,57.571],[-109.222,57.916],[-109.818,58.763],[-110.07,59.423],[-110.007,60.239],[-109.756,60.804],[-109.097,61.306],[-108.385,61.39],[-107.527,61.327],[-106.753,60.929],[-106.481,60.301],[-106.564,59.423],[-106.669,58.565],[-106.355,57.748],[-105.853,56.891],[-105.497,55.97],[-105.267,55.133],[-105.434,54.128],[-106.041,53.563],[-106.732,53.208],[-107.841,53.228],[-108.887,53.417],[-109.724,53.814],[-111.043,54.505],[-112.026,55.426],[-112.57,55.886],[-113.114,56.074],[-114.161,56.116],[-114.998,56.451],[-115.542,57.079],[-116.776,58.669],[-117.132,59.443],[-117.864,60.511],[-118.199,60.929],[-118.45,61.494],[-118.722,62.206],[-119.057,62.792],[-119.371,62.875],[-119.685,62.771],[-119.832,62.268],[-120.083,61.683],[-120.313,61.306],[-120.731,61.034],[-121.317,60.825],[-122.071,60.846],[-123.033,61.013],[-123.326,61.159],[-123.766,61.494],[-124.268,62.038],[-125.105,62.771],[-125.942,63.608],[-126.528,64.466],[-126.653,64.801],[-126.925,65.428],[-126.8,66.203],[-126.298,66.872],[-125.314,67.186],[-124.079,67.521],[-122.887,67.709],[-122.133,67.877],[-121.213,68.17],[-120.041,68.4],[-118.848,68.525],[-117.216,68.609],[-114.14,68.463],[-113.052,68.17],[-112.57,67.898],[-111.168,67.165],[-110.603,66.454],[-110.457,65.868],[-110.478,65.261],[-110.938,64.717],[-111.545,64.445],[-112.319,64.466],[-113.784,64.905],[-114.307,65.093],[-114.537,65.114],[-114.747,65.052],[-114.998,64.863]]]}},{"type":"Feature","properties":{"density":2},"geometry":{"type":"Polygon","coordinates":[[[-96.834,42.305],[-95.735,43.341],[-94.856,44.502],[-94.166,45.475],[-94.04,46.605],[-94.166,47.578],[-94.668,48.395],[-95.516,48.928],[-96.771,49.43],[-98.717,49.525],[-100.82,49.336],[-104.932,49.43],[-106.219,49.65],[-107.381,49.995],[-108.385,50.403],[-109.766,51.0],[-110.896,51.251],[-112.026,51.345],[-113.219,51.345],[-114.318,51.094],[-115.448,50.968],[-116.389,51.471],[-117.017,51.973],[-117.896,52.255],[-118.586,52.224],[-119.371,51.942],[-119.748,51.847],[-120.376,51.753],[-121.035,51.722],[-121.631,51.753],[-122.447,52.004],[-122.887,52.193],[-123.64,52.35],[-124.236,52.13],[-124.488,51.942],[-124.613,51.408],[-124.299,50.592],[-123.106,49.211],[-121.819,48.112],[-121.466,47.579],[-121.298,47.216],[-121.284,46.923],[-121.535,46.518],[-121.884,46.142],[-122.428,45.737],[-122.721,45.654],[-122.972,45.486],[-123.201,45.099],[-123.209,44.705],[-123.084,44.133],[-122.636,43.655],[-122.219,43.338],[-121.694,43.153],[-120.921,42.947],[-120.168,42.961],[-119.559,43.027],[-117.551,43.184],[-115.008,43.498],[-113.25,43.561],[-111.241,43.655],[-109.609,43.467],[-108.322,43.247],[-106.91,42.839],[-106.439,42.462],[-104.995,41.175],[-104.053,40.861],[-102.704,40.704],[-100.412,40.736],[-99.533,41.018],[-98.246,41.583],[-96.834,42.305]]]}},{"type":"Feature","properties":{"density":2},"geometry":{"type":"Polygon","coordinates":[[[-101.32,37.987],[-101.943,37.884],[-102.762,37.624],[-103.385,37.382],[-103.841,37.168],[-104.12,36.908],[-104.352,36.564],[-104.334,36.127],[-103.971,35.885],[-103.394,35.894],[-102.92,36.015],[-102.492,36.099],[-102.101,36.099],[-101.841,35.978],[-101.488,35.689],[-101.041,35.466],[-100.52,35.327],[-99.944,35.308],[-99.479,35.364],[-99.135,35.476],[-98.698,35.652],[-98.53,35.922],[-98.586,36.387],[-98.67,36.564],[-99.06,36.778],[-99.693,36.899],[-99.907,37.075],[-100.037,37.457],[-100.204,37.763],[-100.604,37.931],[-101.32,37.987]]]}},{"type":"Feature","properties":{"density":2},"geometry":{"type":"Polygon","coordinates":[[[-105.829,36.175],[-105.87,36.142],[-105.907,36.08],[-105.932,35.997],[-105.945,35.898],[-105.878,35.824],[-105.651,35.828],[-105.49,35.807],[-105.374,35.844],[-105.291,35.964],[-105.312,36.08],[-105.37,36.159],[-105.436,36.192],[-105.56,36.221],[-105.701,36.225],[-105.775,36.208],[-105.829,36.175]]]}},{"type":"Feature","properties":{"density":2},"geometry":{"type":"Polygon","coordinates":[[[-117.478,40.558],[-117.544,40.501],[-117.615,40.335],[-117.668,39.93],[-117.677,39.802],[-117.635,39.74],[-117.544,39.711],[-117.449,39.728],[-117.329,39.79],[-117.205,39.918],[-117.115,40.112],[-117.09,40.269],[-117.127,40.406],[-117.181,40.525],[-117.255,40.575],[-117.391,40.583],[-117.478,40.558]]]}},{"type":"Feature","properties":{"density":2},"geometry":{"type":"Polygon","coordinates":[[[-90.799,33.064],[-90.825,33.058],[-90.823,33.04],[-90.638,32.968],[-90.419,32.952],[-90.419,32.968],[-90.472,33.0],[-90.799,33.064]]]}},{"type":"Feature","properties":{"density":2},"geometry":{"type":"Polygon","coordinates":[[[-90.803,33.321],[-90.858,33.305],[-90.862,33.27],[-90.827,33.248],[-90.676,33.211],[-90.603,33.209],[-90.57,33.226],[-90.568,33.259],[-90.627,33.312],[-90.735,33.33],[-90.803,33.321]]]}},{"type":"Feature","properties":{"density":2},"geometry":{"type":"Polygon","coordinates":[[[-90.855,34.477],[-90.88,34.478],[-90.902,34.456],[-90.895,34.416],[-90.803,34.319],[-90.68,34.236],[-90.559,34.181],[-90.386,34.135],[-90.248,34.142],[-90.206,34.172],[-90.202,34.254],[-90.247,34.331],[-90.337,34.385],[-90.561,34.464],[-90.855,34.477]]]}},{"type":"Feature","properties":{"density":2},"geometry":{"type":"Polygon","coordinates":[[[-91.384,32.446],[-91.409,32.437],[-91.42,32.403],[-91.153,32.336],[-91.063,32.341],[-91.003,32.392],[-91.013,32.414],[-91.093,32.432],[-91.384,32.446]]]}},{"type":"Feature","properties":{"density":2},"geometry":{"type":"Polygon","coordinates":[[[-90.972,32.858],[-90.976,32.827],[-91.013,32.803],[-91.075,32.803],[-91.103,32.777],[-91.103,32.742],[-91.071,32.715],[-90.748,32.643],[-90.515,32.542],[-90.43,32.531],[-90.36,32.557],[-90.316,32.595],[-90.305,32.647],[-90.362,32.752],[-90.506,32.825],[-90.895,32.893],[-90.968,32.88],[-90.972,32.858]]]}},{"type":"Feature","properties":{"density":2},"geometry":{"type":"Polygon","coordinates":[[[-79.088,21.757],[-79.118,21.742],[-79.126,21.71],[-79.09,21.685],[-79.043,21.683],[-78.806,21.735],[-78.785,21.771],[-78.795,21.793],[-78.853,21.801],[-79.088,21.757]]]}},{"type":"Feature","properties":{"density":2},"geometry":{"type":"Polygon","coordinates":[[[-79.828,22.721],[-79.855,22.691],[-79.851,22.663],[-79.8,22.627],[-79.736,22.629],[-79.685,22.678],[-79.704,22.722],[-79.732,22.734],[-79.828,22.721]]]}},{"type":"Feature","properties":{"density":2},"geometry":{"type":"Polygon","coordinates":[[[-80.688,26.501],[-80.742,26.481],[-80.771,26.449],[-80.767,26.41],[-80.74,26.372],[-80.603,26.355],[-80.456,26.37],[-80.425,26.385],[-80.408,26.415],[-80.411,26.455],[-80.455,26.491],[-80.688,26.501]]]}},{"type":"Feature","properties":{"density":2},"geometry":{"type":"Polygon","coordinates":[[[-96.161,30.735],[-96.243,30.711],[-96.259,30.678],[-96.242,30.604],[-96.21,30.572],[-96.118,30.544],[-95.993,30.567],[-95.973,30.602],[-95.973,30.643],[-96.0,30.678],[-96.058,30.711],[-96.161,30.735]]]}},{"type":"Feature","properties":{"density":2},"geometry":{"type":"Polygon","coordinates":[[[-61.62,61.036],[-63.315,60.542],[-66.423,59.553],[-68.965,58.353],[-70.449,57.434],[-71.579,56.375],[-72.073,55.245],[-71.79,54.397],[-70.166,53.903],[-67.835,54.044],[-65.293,54.397],[-62.609,54.892],[-60.279,55.174],[-58.23,55.033],[-56.324,54.468],[-53.781,53.762],[-52.227,52.985],[-50.603,52.349],[-48.696,52.067],[-47.99,52.137],[-46.86,52.844],[-46.577,54.327],[-47.213,55.669],[-48.202,57.293],[-50.674,59.765],[-52.015,60.613],[-54.84,61.531],[-57.03,61.813],[-58.866,61.672],[-60.208,61.531],[-61.62,61.036]]]}},{"type":"Feature","properties":{"density":2},"geometry":{"type":"Polygon","coordinates":[[[-96.374,30.996],[-96.473,30.96],[-96.503,30.929],[-96.525,30.822],[-96.498,30.742],[-96.39,30.626],[-96.318,30.591],[-96.208,30.557],[-96.117,30.549],[-96.013,30.585],[-95.971,30.629],[-95.98,30.701],[-96.106,30.885],[-96.217,30.954],[-96.374,30.996]]]}},{"type":"Feature","properties":{"density":2},"geometry":{"type":"Polygon","coordinates":[[[-80.753,26.474],[-80.785,26.453],[-80.776,26.388],[-80.747,26.348],[-80.648,26.27],[-80.528,26.229],[-80.343,26.214],[-80.256,26.243],[-80.201,26.306],[-80.185,26.377],[-80.203,26.436],[-80.258,26.488],[-80.311,26.51],[-80.526,26.504],[-80.753,26.474]]]}},{"type":"Feature","properties":{"density":2},"geometry":{"type":"Polygon","coordinates":[[[-79.668,33.865],[-79.692,33.81],[-79.662,33.778],[-79.512,33.782],[-79.304,33.843],[-79.197,33.931],[-79.174,33.981],[-79.186,34.032],[-79.221,34.06],[-79.357,34.067],[-79.508,33.995],[-79.668,33.865]]]}},{"type":"Feature","properties":{"density":2},"geometry":{"type":"Polygon","coordinates":[[[-85.837,33.123],[-85.864,33.085],[-85.795,32.96],[-85.739,32.899],[-85.583,32.783],[-85.438,32.754],[-85.341,32.763],[-85.286,32.807],[-85.267,32.87],[-85.343,32.98],[-85.403,33.03],[-85.583,33.087],[-85.837,33.123]]]}},{"type":"Feature","properties":{"density":2},"geometry":{"type":"Polygon","coordinates":[[[-98.19,16.559],[-98.217,16.484],[-98.212,16.461],[-98.186,16.447],[-98.171,16.456],[-98.149,16.535],[-98.162,16.559],[-98.19,16.559]]]}},{"type":"Feature","properties":{"density":2},"geometry":{"type":"Polygon","coordinates":[[[-77.193,26.048],[-77.237,26.014],[-77.258,25.972],[-77.318,25.757],[-77.32,25.689],[-77.245,25.563],[-77.212,25.537],[-77.135,25.528],[-76.945,25.577],[-76.793,25.642],[-76.767,25.693],[-76.784,25.746],[-76.989,25.869],[-77.07,26.0],[-77.125,26.046],[-77.193,26.048]]]}},{"type":"Feature","properties":{"density":2},"geometry":{"type":"Polygon","coordinates":[[[-60.664,44.326],[-59.586,43.218],[-58.244,41.946],[-56.973,41.099],[-55.701,40.463],[-53.371,40.181],[-51.04,40.675],[-49.557,41.593],[-48.673,44.044],[-48.992,46.254],[-48.767,47.591],[-48.046,48.061],[-47.297,48.02],[-46.047,47.685],[-44.684,48.161],[-43.554,50.068],[-43.483,52.611],[-44.26,54.8],[-45.602,56.919],[-47.297,58.826],[-50.546,60.662],[-53.512,62.216],[-56.973,62.993],[-60.009,62.993],[-62.905,63.063],[-66.507,62.569],[-68.273,61.933],[-70.956,60.874],[-73.146,59.391],[-74.77,57.554],[-76.465,55.577],[-77.579,54.907],[-78.94,54.489],[-79.819,54.196],[-81.268,54.447],[-82.963,55.436],[-84.87,56.636],[-87.611,57.823],[-89.589,58.075],[-92.32,57.666],[-95.208,57.101],[-97.723,56.495],[-101.749,56.142],[-104.009,56.213],[-105.519,57.41],[-105.561,58.498],[-105.121,60.11],[-104.284,61.24],[-103.594,62.83],[-103.28,64.483],[-103.803,65.948],[-105.845,67.866],[-108.035,69.208],[-111.99,69.773],[-114.956,69.773],[-117.852,69.702],[-121.807,69.42],[-124.137,68.996],[-126.256,68.29],[-127.457,67.301],[-128.233,65.606],[-127.457,63.487],[-125.267,61.651],[-123.572,60.521],[-122.018,58.826],[-121.595,57.554],[-121.877,55.718],[-122.866,53.953],[-124.208,52.116],[-124.985,50.633],[-124.843,48.656],[-124.278,47.596],[-123.644,47.122],[-122.138,46.452],[-121.538,45.852],[-120.854,45.001],[-119.947,44.206],[-118.275,43.429],[-115.309,43.288],[-111.731,43.288],[-108.859,43.665],[-106.316,43.853],[-104.433,43.665],[-103.02,43.335],[-101.937,42.864],[-101.231,41.876],[-100.807,41.358],[-99.63,41.075],[-98.547,41.405],[-98.171,42.205],[-98.971,43.477],[-99.265,44.354],[-99.065,45.03],[-98.163,45.386],[-97.088,45.407],[-95.624,45.163],[-94.686,45.25],[-93.211,45.847],[-92.332,46.118],[-91.098,46.244],[-89.905,46.223],[-88.628,46.223],[-87.121,46.286],[-85.144,46.788],[-83.449,47.322],[-81.618,48.065],[-80.3,48.462],[-79.044,48.797],[-77.726,49.006],[-75.675,49.634],[-72.086,50.068],[-70.297,50.021],[-68.037,49.739],[-65.777,49.127],[-64.459,48.514],[-63.282,47.808],[-62.124,46.68],[-61.606,45.644],[-60.664,44.326]]]}},{"type":"Feature","properties":{"density":2},"geometry":{"type":"Polygon","coordinates":[[[-103.683,37.132],[-104.171,36.588],[-104.38,36.211],[-104.282,35.653],[-103.864,35.249],[-103.125,34.844],[-102.26,34.551],[-100.976,34.467],[-99.916,34.551],[-98.828,34.76],[-97.6,35.151],[-96.414,35.36],[-95.242,35.444],[-94.489,35.402],[-93.61,35.011],[-92.592,34.286],[-92.109,33.857],[-91.766,32.352],[-91.431,32.045],[-90.678,32.017],[-88.892,32.491],[-88.155,32.807],[-87.625,33.072],[-86.774,33.533],[-86.147,33.993],[-85.798,34.453],[-85.923,35.025],[-86.258,35.388],[-86.942,35.514],[-88.49,35.5],[-89.327,35.737],[-89.676,36.393],[-89.83,37.132],[-89.83,38.011],[-89.955,38.89],[-90.29,39.615],[-90.848,40.187],[-91.615,40.452],[-92.815,40.48],[-94.182,40.327],[-95.563,40.117],[-96.624,39.769],[-97.767,39.476],[-100.181,38.639],[-102.357,37.802],[-102.859,37.578],[-103.683,37.132]]]}},{"type":"Feature","properties":{"density":3},"geometry":{"type":"Polygon","coordinates":[[[-117.548,39.78],[-117.515,39.838],[-117.499,39.94],[-117.529,39.926],[-117.568,39.802],[-117.548,39.78]]]}},{"type":"Feature","properties":{"density":3},"geometry":{"type":"Polygon","coordinates":[[[-121.477,61.485],[-121.595,61.535],[-121.907,61.604],[-122.022,61.612],[-122.08,61.576],[-122.13,61.598],[-122.08,61.64],[-122.02,61.662],[-122.017,61.714],[-121.965,61.775],[-121.97,61.808],[-122.039,61.871],[-122.361,62.025],[-122.447,62.05],[-122.54,62.061],[-122.609,62.042],[-122.64,62.009],[-122.651,61.965],[-122.513,61.827],[-122.474,61.728],[-122.485,61.722],[-122.535,61.73],[-122.662,61.824],[-122.777,61.937],[-122.844,61.976],[-122.882,62.047],[-122.904,62.034],[-122.912,61.962],[-122.926,61.954],[-122.984,62.039],[-123.014,62.039],[-123.039,61.959],[-123.086,61.921],[-123.053,61.874],[-123.053,61.846],[-123.086,61.835],[-123.216,61.937],[-123.249,62.119],[-123.326,62.196],[-123.309,62.232],[-123.243,62.265],[-123.158,62.353],[-123.111,62.364],[-123.05,62.351],[-122.923,62.235],[-122.739,62.171],[-122.339,62.149],[-121.918,62.067],[-121.772,62.02],[-121.667,61.979],[-121.628,61.937],[-121.675,61.932],[-122.0,61.992],[-122.19,62.061],[-122.226,62.047],[-122.185,62.006],[-121.953,61.918],[-121.818,61.777],[-121.468,61.637],[-121.474,61.609],[-121.631,61.629],[-121.648,61.618],[-121.62,61.587],[-121.457,61.505],[-121.477,61.485]]]}},{"type":"Feature","properties":{"density":3},"geometry":{"type":"Polygon","coordinates":[[[-121.967,44.991],[-122.022,44.994],[-122.088,45.027],[-122.218,45.176],[-122.314,45.231],[-122.32,45.278],[-122.207,45.255],[-121.983,45.101],[-121.928,45.09],[-121.84,45.109],[-121.727,45.167],[-121.675,45.165],[-121.653,45.131],[-121.702,45.096],[-121.826,45.052],[-121.84,45.018],[-121.832,44.947],[-121.884,44.914],[-121.967,44.961],[-121.967,44.991]]]}},{"type":"Feature","properties":{"density":3},"geometry":{"type":"Polygon","coordinates":[[[-121.54,45.393],[-121.62,45.468],[-121.669,45.619],[-121.642,45.63],[-121.545,45.506],[-121.504,45.413],[-121.54,45.393]]]}},{"type":"Feature","properties":{"density":3},"geometry":{"type":"Polygon","coordinates":[[[-121.355,45.357],[-121.399,45.324],[-121.41,45.297],[-121.336,45.247],[-121.303,45.25],[-121.295,45.308],[-121.317,45.344],[-121.355,45.357]]]}},{"type":"Feature","properties":{"density":3},"geometry":{"type":"Polygon","coordinates":[[[-120.68,47.974],[-120.782,48.076],[-120.815,48.101],[-120.848,48.104],[-120.868,48.054],[-120.813,47.919],[-120.848,47.845],[-120.859,47.765],[-120.843,47.696],[-120.719,47.55],[-120.636,47.487],[-120.559,47.442],[-120.383,47.385],[-120.333,47.39],[-120.33,47.44],[-120.498,47.712],[-120.634,47.878],[-120.634,47.9],[-120.611,47.905],[-120.576,47.886],[-120.49,47.812],[-120.443,47.792],[-120.344,47.803],[-120.358,47.845],[-120.46,47.927],[-120.587,47.988],[-120.708,48.096],[-120.7,48.038],[-120.567,47.903],[-120.65,47.936],[-120.68,47.974]]]}},{"type":"Feature","properties":{"density":3},"geometry":{"type":"Polygon","coordinates":[[[-119.938,49.654],[-119.946,49.626],[-119.921,49.566],[-119.825,49.478],[-119.797,49.425],[-119.814,49.315],[-119.781,49.243],[-119.803,49.026],[-119.852,48.849],[-119.861,48.744],[-119.825,48.659],[-119.753,48.596],[-119.726,48.53],[-119.739,48.24],[-119.703,48.155],[-119.635,48.158],[-119.607,48.265],[-119.491,48.532],[-119.464,48.703],[-119.458,49.045],[-119.508,49.296],[-119.607,49.56],[-119.659,49.629],[-119.8,49.712],[-119.869,49.726],[-119.96,49.72],[-120.048,49.69],[-120.172,49.621],[-120.211,49.582],[-120.211,49.538],[-120.161,49.541],[-120.051,49.61],[-119.987,49.618],[-119.938,49.654]]]}},{"type":"Feature","properties":{"density":3},"geometry":{"type":"Polygon","coordinates":[[[-121.282,48.838],[-121.125,48.769],[-121.051,48.778],[-121.01,48.824],[-121.004,48.874],[-121.026,48.957],[-120.999,49.045],[-120.919,49.158],[-120.955,49.194],[-121.103,49.276],[-121.222,49.312],[-121.332,49.307],[-121.39,49.268],[-121.409,49.243],[-121.406,49.188],[-121.329,49.144],[-121.194,49.108],[-121.15,49.078],[-121.106,49.006],[-121.103,48.968],[-121.125,48.929],[-121.167,48.913],[-121.233,48.926],[-121.274,48.91],[-121.296,48.874],[-121.282,48.838]]]}},{"type":"Feature","properties":{"density":3},"geometry":{"type":"Polygon","coordinates":[[[-121.544,49.519],[-121.616,49.48],[-121.635,49.42],[-121.553,49.392],[-121.459,49.439],[-121.343,49.571],[-121.238,49.748],[-121.084,49.811],[-121.059,49.869],[-121.081,49.929],[-121.147,49.921],[-121.2,49.88],[-121.357,49.85],[-121.442,49.91],[-121.508,50.12],[-121.542,50.177],[-121.58,50.197],[-121.608,50.18],[-121.61,50.114],[-121.555,49.963],[-121.564,49.927],[-121.536,49.839],[-121.492,49.808],[-121.451,49.808],[-121.412,49.753],[-121.401,49.701],[-121.456,49.59],[-121.544,49.519]]]}},{"type":"Feature","properties":{"density":3},"geometry":{"type":"Polygon","coordinates":[[[-122.057,51.39],[-122.12,51.387],[-122.145,51.371],[-122.167,51.332],[-122.151,51.258],[-122.175,51.222],[-122.239,51.205],[-122.244,51.158],[-122.192,51.095],[-122.115,51.062],[-122.071,51.092],[-122.057,51.136],[-122.007,51.134],[-121.96,51.158],[-121.988,51.271],[-121.971,51.329],[-121.944,51.305],[-121.922,51.203],[-121.88,51.181],[-121.847,51.208],[-121.883,51.307],[-121.839,51.327],[-121.784,51.288],[-121.71,51.307],[-121.654,51.291],[-121.555,51.316],[-121.47,51.307],[-121.459,51.252],[-121.406,51.203],[-121.327,51.216],[-121.31,51.294],[-121.354,51.354],[-121.475,51.384],[-121.721,51.384],[-121.999,51.409],[-122.057,51.39]]]}},{"type":"Feature","properties":{"density":3},"geometry":{"type":"Polygon","coordinates":[[[-119.605,63.336],[-119.863,63.35],[-120.026,63.418],[-120.026,63.445],[-119.944,63.499],[-119.822,63.54],[-119.238,63.689],[-119.184,63.743],[-119.17,63.852],[-119.225,63.947],[-119.483,63.974],[-119.7,64.151],[-119.7,64.219],[-119.645,64.259],[-119.645,64.341],[-119.7,64.381],[-119.822,64.409],[-119.903,64.409],[-120.202,64.476],[-120.27,64.504],[-120.446,64.639],[-120.392,64.775],[-120.026,64.938],[-119.903,65.033],[-119.971,65.101],[-120.406,64.992],[-120.99,64.802],[-121.41,64.49],[-121.682,64.504],[-121.886,64.612],[-121.831,64.802],[-121.56,65.006],[-120.718,65.372],[-119.632,66.106],[-119.306,66.309],[-119.116,66.404],[-118.912,66.459],[-118.016,66.812],[-117.84,66.825],[-117.541,66.812],[-117.202,66.879],[-117.093,67.124],[-117.12,67.219],[-117.419,67.327],[-117.813,67.355],[-118.736,67.327],[-119.089,67.273],[-120.012,67.178],[-120.27,67.205],[-120.039,67.382],[-119.537,67.477],[-119.238,67.558],[-118.926,67.613],[-118.301,67.762],[-117.256,67.925],[-116.347,67.911],[-116.007,67.857],[-115.736,67.857],[-115.491,67.83],[-114.514,67.572],[-114.215,67.45],[-113.889,67.287],[-113.658,67.11],[-113.591,67.002],[-113.496,66.934],[-113.482,66.825],[-113.509,66.717],[-113.591,66.662],[-113.862,66.581],[-114.066,66.54],[-114.202,66.486],[-114.174,66.35],[-113.971,65.983],[-113.821,65.793],[-113.713,65.59],[-113.672,65.44],[-113.699,65.264],[-113.821,65.101],[-113.971,64.992],[-114.31,64.924],[-114.459,64.952],[-114.867,65.128],[-115.247,65.21],[-115.546,65.169],[-115.763,64.884],[-115.885,64.816],[-116.021,64.68],[-116.184,64.368],[-116.36,63.961],[-116.401,63.798],[-116.007,63.418],[-115.79,63.255],[-115.505,63.119],[-115.165,62.739],[-114.88,62.508],[-114.731,62.318],[-114.65,62.06],[-114.609,61.721],[-114.69,61.626],[-114.948,61.721],[-115.138,61.883],[-115.641,62.209],[-116.292,62.603],[-116.645,62.861],[-116.944,63.037],[-117.731,63.268],[-118.016,63.54],[-118.234,63.716],[-118.397,63.635],[-118.627,63.445],[-118.845,63.363],[-118.98,63.39],[-119.184,63.39],[-119.455,63.323],[-119.605,63.336]]]}},{"type":"Feature","properties":{"density":3},"geometry":{"type":"Polygon","coordinates":[[[-100.534,55.81],[-100.249,55.769],[-99.882,55.749],[-99.332,55.769],[-99.047,55.79],[-98.62,55.871],[-97.887,55.871],[-97.561,55.932],[-97.072,55.851],[-96.828,55.688],[-96.624,55.484],[-96.726,55.362],[-97.072,55.219],[-97.561,55.179],[-98.762,55.118],[-99.516,55.118],[-99.923,55.138],[-100.554,55.24],[-101.817,55.504],[-102.468,55.667],[-103.303,56.014],[-103.914,56.319],[-105.462,56.991],[-107.295,57.704],[-107.682,57.928],[-108.007,58.192],[-108.272,58.478],[-108.496,58.864],[-108.72,59.822],[-108.822,60.371],[-108.944,60.779],[-108.903,61.166],[-108.741,61.451],[-108.476,61.858],[-107.824,61.96],[-107.722,61.695],[-107.845,60.738],[-107.743,60.27],[-107.519,59.577],[-107.01,58.742],[-106.053,57.887],[-104.709,57.134],[-103.751,56.645],[-102.916,56.339],[-101.226,55.79],[-100.534,55.81]]]}},{"type":"Feature","properties":{"density":3},"geometry":{"type":"Polygon","coordinates":[[[-87.017,51.824],[-87.384,51.355],[-87.75,50.968],[-87.974,50.459],[-87.995,50.011],[-87.75,49.563],[-87.445,49.299],[-86.793,49.156],[-86.467,49.36],[-86.121,49.624],[-85.51,50.48],[-85.327,50.663],[-85.062,51.091],[-84.614,51.416],[-84.105,51.437],[-83.23,50.867],[-82.904,50.459],[-82.659,50.296],[-82.334,50.133],[-82.028,50.276],[-81.804,50.48],[-81.743,50.846],[-81.723,51.579],[-81.641,52.088],[-81.539,52.557],[-81.275,53.086],[-81.234,54.043],[-81.56,54.186],[-81.763,53.962],[-82.028,53.616],[-82.313,53.371],[-82.7,53.188],[-83.148,53.127],[-83.555,53.188],[-83.922,53.371],[-84.085,53.819],[-83.881,54.715],[-83.841,55.123],[-84.146,55.448],[-84.411,55.448],[-84.757,55.102],[-84.94,54.878],[-85.205,54.471],[-85.429,54.064],[-85.694,53.493],[-85.999,53.005],[-86.203,52.72],[-86.753,52.149],[-87.017,51.824]]]}},{"type":"Feature","properties":{"density":3},"geometry":{"type":"Polygon","coordinates":[[[-51.891,57.026],[-52.655,57.668],[-54.213,58.492],[-56.076,59.164],[-58.092,59.592],[-60.383,59.897],[-63.407,59.806],[-64.11,59.47],[-64.079,58.828],[-63.254,58.156],[-61.91,57.606],[-60.811,56.69],[-60.169,55.529],[-59.192,54.643],[-57.206,54.155],[-55.801,54.185],[-54.61,54.46],[-53.48,54.857],[-52.563,55.438],[-51.799,56.262],[-51.891,57.026]]]}},{"type":"Feature","properties":{"density":3},"geometry":{"type":"Polygon","coordinates":[[[-120.734,48.008],[-120.756,48.055],[-120.823,48.106],[-120.879,48.125],[-120.917,48.114],[-120.945,48.098],[-120.994,47.948],[-121.059,47.868],[-121.049,47.832],[-121.003,47.805],[-120.902,47.786],[-120.74,47.599],[-120.556,47.443],[-120.519,47.367],[-120.03,47.242],[-119.988,47.239],[-119.96,47.261],[-119.962,47.296],[-120.042,47.369],[-120.222,47.474],[-120.251,47.511],[-120.243,47.565],[-120.175,47.666],[-120.193,47.695],[-120.248,47.689],[-120.308,47.613],[-120.378,47.603],[-120.509,47.694],[-120.554,47.745],[-120.614,47.955],[-120.638,47.978],[-120.734,48.008]]]}},{"type":"Feature","properties":{"density":3},"geometry":{"type":"Polygon","coordinates":[[[-120.541,49.615],[-120.599,49.596],[-120.62,49.565],[-120.658,49.44],[-120.688,49.396],[-120.689,49.346],[-120.623,49.275],[-120.605,49.179],[-120.552,49.137],[-120.48,49.155],[-120.414,49.308],[-120.377,49.356],[-120.175,49.51],[-120.111,49.539],[-119.969,49.547],[-119.874,49.513],[-119.853,49.49],[-119.846,49.458],[-119.874,49.317],[-119.787,48.972],[-119.796,48.933],[-119.978,48.825],[-119.997,48.718],[-119.967,48.632],[-119.762,48.485],[-119.748,48.452],[-119.751,48.376],[-119.848,48.303],[-119.876,48.262],[-119.883,48.202],[-119.842,48.077],[-119.74,48.06],[-119.668,48.086],[-119.609,48.141],[-119.46,48.34],[-119.449,48.457],[-119.414,48.516],[-119.363,48.577],[-119.321,48.602],[-119.262,48.612],[-119.007,48.556],[-118.972,48.573],[-118.99,48.621],[-119.247,48.762],[-119.315,48.81],[-119.357,48.869],[-119.446,49.027],[-119.468,49.164],[-119.534,49.324],[-119.587,49.525],[-119.655,49.653],[-119.694,49.684],[-119.796,49.714],[-119.912,49.716],[-120.276,49.627],[-120.541,49.615]]]}},{"type":"Feature","properties":{"density":3},"geometry":{"type":"Polygon","coordinates":[[[-121.601,50.299],[-121.631,50.325],[-121.672,50.33],[-121.689,50.302],[-121.689,50.258],[-121.631,50.112],[-121.699,50.068],[-121.704,50.031],[-121.598,49.969],[-121.567,49.831],[-121.534,49.798],[-121.51,49.721],[-121.507,49.652],[-121.529,49.585],[-121.573,49.506],[-121.986,49.302],[-122.0,49.252],[-121.978,49.211],[-121.873,49.147],[-121.656,49.095],[-121.402,49.067],[-121.253,49.01],[-121.317,48.954],[-121.311,48.913],[-121.229,48.782],[-121.434,48.664],[-121.504,48.591],[-121.518,48.552],[-121.449,48.533],[-121.258,48.653],[-121.058,48.723],[-121.03,48.764],[-120.983,49.051],[-120.993,49.109],[-121.16,49.161],[-121.223,49.197],[-121.322,49.282],[-121.328,49.343],[-121.311,49.404],[-121.317,49.58],[-121.286,49.646],[-121.143,49.674],[-121.14,49.734],[-121.172,49.77],[-121.146,49.796],[-121.052,49.828],[-120.997,49.88],[-121.03,49.938],[-121.021,50.132],[-121.058,50.239],[-121.091,50.253],[-121.137,50.248],[-121.201,50.203],[-121.237,50.137],[-121.234,50.106],[-121.175,50.088],[-121.149,50.046],[-121.16,49.977],[-121.204,49.941],[-121.342,49.908],[-121.383,49.924],[-121.416,49.991],[-121.471,50.021],[-121.545,50.109],[-121.598,50.236],[-121.601,50.299]],[[-121.574,49.333],[-121.631,49.291],[-121.618,49.245],[-121.543,49.191],[-121.462,49.164],[-121.443,49.182],[-121.456,49.3],[-121.51,49.34],[-121.574,49.333]]]}},{"type":"Feature","properties":{"density":3},"geometry":{"type":"Polygon","coordinates":[[[-121.882,50.477],[-121.968,50.521],[-121.976,50.562],[-121.956,50.593],[-121.688,50.694],[-121.666,50.724],[-121.691,50.771],[-121.785,50.84],[-121.87,50.862],[-121.972,50.854],[-122.013,50.873],[-122.077,50.948],[-122.231,51.05],[-122.325,51.143],[-122.325,51.165],[-122.256,51.24],[-122.288,51.246],[-122.327,51.215],[-122.366,51.209],[-122.394,51.212],[-122.41,51.237],[-122.425,51.275],[-122.373,51.386],[-122.305,51.442],[-122.202,51.469],[-122.098,51.469],[-121.732,51.427],[-121.379,51.408],[-121.286,51.383],[-121.239,51.322],[-121.211,51.251],[-121.214,51.201],[-121.25,51.157],[-121.366,51.121],[-121.501,51.11],[-121.519,51.082],[-121.487,51.006],[-121.327,50.86],[-121.264,50.777],[-121.236,50.674],[-121.244,50.615],[-121.275,50.567],[-121.338,50.518],[-121.882,50.477]]]}},{"type":"Feature","properties":{"density":3},"geometry":{"type":"Polygon","coordinates":[[[-122.116,45.839],[-122.052,45.838],[-122.018,45.873],[-122.223,45.945],[-122.304,45.955],[-122.304,45.933],[-122.285,45.919],[-122.116,45.839]]]}},{"type":"Feature","properties":{"density":3},"geometry":{"type":"Polygon","coordinates":[[[-121.629,45.791],[-121.66,45.769],[-121.664,45.736],[-121.621,45.475],[-121.561,45.384],[-121.491,45.371],[-121.474,45.395],[-121.476,45.428],[-121.544,45.532],[-121.57,45.734],[-121.592,45.78],[-121.629,45.791]]]}},{"type":"Feature","properties":{"density":3},"geometry":{"type":"Polygon","coordinates":[[[-121.381,45.431],[-121.421,45.409],[-121.423,45.321],[-121.447,45.288],[-121.493,45.257],[-121.557,45.24],[-121.539,45.205],[-121.489,45.189],[-121.406,45.203],[-121.307,45.271],[-121.316,45.395],[-121.381,45.431]]]}},{"type":"Feature","properties":{"density":3},"geometry":{"type":"Polygon","coordinates":[[[-122.161,45.211],[-122.246,45.242],[-122.259,45.224],[-122.253,45.183],[-122.171,45.115],[-122.09,44.998],[-122.051,44.979],[-121.952,44.972],[-121.901,44.985],[-121.831,45.042],[-121.82,45.073],[-121.833,45.11],[-121.86,45.128],[-121.899,45.13],[-121.987,45.099],[-122.161,45.211]]]}},{"type":"Feature","properties":{"density":3},"geometry":{"type":"Polygon","coordinates":[[[-121.603,61.561],[-121.638,61.556],[-121.625,61.533],[-121.561,61.5],[-121.487,61.478],[-121.45,61.488],[-121.467,61.535],[-121.603,61.561]]]}},{"type":"Feature","properties":{"density":3},"geometry":{"type":"Polygon","coordinates":[[[-121.706,61.629],[-121.638,61.598],[-121.546,61.587],[-121.518,61.598],[-121.506,61.622],[-121.833,61.767],[-121.954,61.897],[-122.093,61.958],[-122.16,62.015],[-122.143,62.026],[-122.02,62.007],[-121.834,61.958],[-121.794,61.963],[-121.794,61.98],[-122.2,62.092],[-122.363,62.158],[-122.61,62.167],[-122.818,62.2],[-123.025,62.258],[-123.064,62.288],[-123.149,62.431],[-123.19,62.616],[-123.168,62.963],[-123.182,63.016],[-123.317,63.201],[-123.512,63.397],[-123.608,63.585],[-123.704,63.677],[-123.753,63.754],[-123.761,63.815],[-123.596,63.88],[-123.596,63.964],[-123.735,64.057],[-124.228,64.243],[-124.461,64.513],[-124.563,64.68],[-124.672,64.774],[-124.837,64.851],[-125.047,64.866],[-125.074,64.838],[-125.121,64.652],[-125.112,64.513],[-125.019,64.262],[-124.935,64.122],[-124.712,63.927],[-124.31,63.763],[-124.207,63.705],[-124.033,63.49],[-123.986,63.35],[-123.949,63.22],[-123.943,62.913],[-123.825,62.823],[-123.579,62.738],[-123.56,62.692],[-123.606,62.661],[-123.634,62.612],[-123.619,62.56],[-123.575,62.516],[-123.568,62.257],[-123.531,62.16],[-123.467,62.119],[-123.317,62.095],[-123.242,62.011],[-123.196,61.918],[-123.116,61.879],[-123.019,61.897],[-123.006,62.015],[-122.981,62.037],[-122.904,61.996],[-122.7,61.787],[-122.609,61.762],[-122.513,61.777],[-122.5,61.818],[-122.543,61.866],[-122.537,61.901],[-122.375,61.9],[-122.174,61.834],[-121.986,61.671],[-121.706,61.629]],[[-123.648,63.157],[-123.727,63.133],[-123.798,63.012],[-123.795,62.977],[-123.776,62.947],[-123.499,62.808],[-123.473,62.716],[-123.481,62.64],[-123.438,62.56],[-123.409,62.567],[-123.389,62.607],[-123.392,62.745],[-123.361,62.876],[-123.368,62.92],[-123.567,63.107],[-123.648,63.157]]]}},{"type":"Feature","properties":{"density":3},"geometry":{"type":"Polygon","coordinates":[[[-120.368,64.72],[-120.439,64.723],[-120.459,64.701],[-120.437,64.659],[-120.291,64.599],[-120.048,64.552],[-119.908,64.546],[-119.549,64.469],[-119.472,64.439],[-119.38,64.369],[-119.36,64.327],[-119.382,64.284],[-119.494,64.207],[-119.486,64.182],[-119.299,64.081],[-119.1,64.056],[-119.051,64.036],[-118.984,64.006],[-118.927,63.948],[-118.86,63.819],[-118.866,63.709],[-118.894,63.709],[-118.943,63.75],[-118.984,63.761],[-119.064,63.753],[-119.151,63.696],[-119.147,63.677],[-119.173,63.645],[-119.323,63.63],[-119.379,63.58],[-119.388,63.525],[-119.347,63.488],[-119.288,63.453],[-119.164,63.422],[-119.136,63.433],[-119.175,63.506],[-119.153,63.527],[-119.094,63.532],[-119.009,63.512],[-118.898,63.458],[-118.816,63.461],[-118.7,63.526],[-118.612,63.637],[-118.631,63.81],[-118.702,63.949],[-118.952,64.245],[-118.998,64.442],[-118.99,64.512],[-118.92,64.628],[-118.717,64.727],[-118.502,64.69],[-118.386,64.636],[-118.064,64.43],[-117.924,64.326],[-117.758,64.058],[-117.622,63.913],[-117.407,63.76],[-117.233,63.743],[-117.068,63.748],[-116.973,63.785],[-116.886,63.855],[-116.82,63.942],[-116.77,64.091],[-116.696,64.161],[-116.692,64.231],[-116.816,64.301],[-116.973,64.343],[-117.258,64.504],[-117.461,64.686],[-117.667,64.831],[-117.812,64.893],[-117.87,64.888],[-118.076,64.764],[-118.192,64.744],[-118.291,64.773],[-118.353,64.818],[-118.469,65.05],[-118.552,65.153],[-118.572,65.231],[-118.527,65.36],[-118.353,65.525],[-118.196,65.608],[-118.031,65.649],[-117.977,65.723],[-117.994,65.81],[-118.06,65.86],[-118.172,65.868],[-118.436,65.814],[-118.668,65.736],[-118.949,65.479],[-119.052,65.236],[-119.06,65.186],[-118.973,65.074],[-118.82,64.992],[-118.829,64.905],[-118.928,64.818],[-119.54,64.665],[-119.73,64.694],[-120.106,64.694],[-120.368,64.72]]]}},{"type":"Feature","properties":{"density":3},"geometry":{"type":"Polygon","coordinates":[[[-120.379,65.344],[-120.406,65.316],[-120.417,65.156],[-120.387,65.098],[-120.348,65.074],[-120.31,65.076],[-120.285,65.101],[-120.296,65.145],[-120.343,65.228],[-120.343,65.297],[-120.379,65.344]]]}},{"type":"Feature","properties":{"density":3},"geometry":{"type":"Polygon","coordinates":[[[-116.659,65.599],[-116.744,65.52],[-116.827,65.399],[-116.832,65.36],[-116.799,65.341],[-116.747,65.36],[-116.639,65.495],[-116.534,65.575],[-116.452,65.677],[-116.479,65.71],[-116.521,65.705],[-116.659,65.599]]]}},{"type":"Feature","properties":{"density":3},"geometry":{"type":"Polygon","coordinates":[[[-116.269,63.165],[-116.282,63.139],[-116.265,63.092],[-116.191,63.031],[-116.149,63.023],[-116.212,63.14],[-116.243,63.169],[-116.269,63.165]]]}},{"type":"Feature","properties":{"density":3},"geometry":{"type":"Polygon","coordinates":[[[-113.312,65.169],[-113.173,65.15],[-113.005,65.224],[-112.912,65.308],[-112.829,65.531],[-112.847,65.708],[-112.996,65.894],[-113.349,66.164],[-114.158,66.498],[-114.577,66.573],[-114.828,66.526],[-115.042,66.443],[-115.191,66.303],[-115.34,66.108],[-115.321,65.959],[-115.191,65.829],[-114.977,65.745],[-114.679,65.727],[-114.456,65.736],[-114.168,65.708],[-113.907,65.717],[-113.721,65.652],[-113.591,65.568],[-113.535,65.494],[-113.489,65.364],[-113.489,65.308],[-113.312,65.169]]]}},{"type":"Feature","properties":{"density":3},"geometry":{"type":"Polygon","coordinates":[[[-115.978,62.823],[-116.025,62.785],[-116.031,62.698],[-115.932,62.617],[-115.591,62.462],[-115.312,62.251],[-115.157,62.202],[-115.002,62.189],[-114.834,62.233],[-114.791,62.338],[-114.865,62.456],[-115.039,62.617],[-115.467,62.809],[-115.653,62.853],[-115.892,62.848],[-115.978,62.823]]]}},{"type":"Feature","properties":{"density":3},"geometry":{"type":"Polygon","coordinates":[[[-117.431,40.094],[-117.489,40.022],[-117.581,39.84],[-117.585,39.789],[-117.554,39.761],[-117.517,39.776],[-117.399,39.934],[-117.399,40.042],[-117.431,40.094]]]}},{"type":"Feature","properties":{"density":3},"geometry":{"type":"Polygon","coordinates":[[[-91.329,32.819],[-91.359,32.809],[-91.354,32.759],[-91.268,32.734],[-91.072,32.722],[-91.003,32.739],[-90.995,32.763],[-91.029,32.798],[-91.1,32.817],[-91.25,32.833],[-91.329,32.819]]]}},{"type":"Feature","properties":{"density":3},"geometry":{"type":"Polygon","coordinates":[[[-90.952,32.804],[-90.978,32.788],[-90.825,32.729],[-90.797,32.743],[-90.801,32.759],[-90.869,32.792],[-90.952,32.804]]]}},{"type":"Feature","properties":{"density":3},"geometry":{"type":"Polygon","coordinates":[[[-90.82,33.059],[-90.828,33.033],[-90.661,33.001],[-90.7,33.044],[-90.82,33.059]]]}},{"type":"Feature","properties":{"density":3},"geometry":{"type":"Polygon","coordinates":[[[-90.847,34.463],[-90.883,34.435],[-90.725,34.327],[-90.651,34.313],[-90.635,34.332],[-90.648,34.37],[-90.715,34.443],[-90.847,34.463]]]}},{"type":"Feature","properties":{"density":3},"geometry":{"type":"Polygon","coordinates":[[[-80.703,26.479],[-80.755,26.429],[-80.724,26.394],[-80.691,26.386],[-80.656,26.408],[-80.632,26.451],[-80.669,26.483],[-80.703,26.479]]]}},{"type":"Feature","properties":{"density":3},"geometry":{"type":"Polygon","coordinates":[[[-105.734,36.024],[-105.82,35.996],[-105.857,35.925],[-105.837,35.892],[-105.774,35.877],[-105.605,35.908],[-105.587,35.947],[-105.607,35.976],[-105.675,36.015],[-105.734,36.024]]]}},{"type":"Feature","properties":{"density":3},"geometry":{"type":"Polygon","coordinates":[[[-117.375,40.334],[-117.408,40.317],[-117.433,40.279],[-117.433,40.18],[-117.472,40.042],[-117.579,39.841],[-117.59,39.805],[-117.579,39.786],[-117.507,39.786],[-117.466,39.846],[-117.312,40.188],[-117.325,40.279],[-117.375,40.334]]]}},{"type":"Feature","properties":{"density":3},"geometry":{"type":"Polygon","coordinates":[[[-122.319,45.367],[-122.354,45.326],[-122.354,45.261],[-122.292,45.187],[-122.189,45.121],[-122.061,44.98],[-121.991,44.935],[-121.929,44.922],[-121.85,44.93],[-121.801,44.976],[-121.809,45.025],[-122.011,45.17],[-122.015,45.236],[-122.069,45.22],[-122.127,45.224],[-122.181,45.261],[-122.241,45.362],[-122.319,45.367]]]}},{"type":"Feature","properties":{"density":3},"geometry":{"type":"Polygon","coordinates":[[[-121.482,45.803],[-121.528,45.798],[-121.569,45.732],[-121.586,45.575],[-121.565,45.41],[-121.497,45.282],[-121.342,45.24],[-121.28,45.249],[-121.218,45.302],[-121.209,45.381],[-121.255,45.447],[-121.35,45.472],[-121.4,45.505],[-121.449,45.6],[-121.441,45.778],[-121.482,45.803]]]}},{"type":"Feature","properties":{"density":3},"geometry":{"type":"Polygon","coordinates":[[[-122.154,45.914],[-122.165,45.892],[-122.143,45.865],[-122.074,45.854],[-122.061,45.881],[-122.072,45.898],[-122.107,45.917],[-122.154,45.914]]]}},{"type":"Feature","properties":{"density":3},"geometry":{"type":"Polygon","coordinates":[[[-120.761,48.35],[-120.917,48.19],[-120.923,48.104],[-120.902,47.997],[-120.943,47.953],[-121.06,47.918],[-121.072,47.825],[-121.022,47.781],[-120.816,47.686],[-120.692,47.554],[-120.422,47.372],[-120.26,47.292],[-120.086,47.229],[-120.009,47.223],[-119.962,47.248],[-119.957,47.311],[-119.993,47.366],[-120.247,47.558],[-120.347,47.608],[-120.502,47.756],[-120.526,47.843],[-120.526,47.918],[-120.508,48.023],[-120.452,48.116],[-120.464,48.221],[-120.489,48.265],[-120.607,48.38],[-120.695,48.394],[-120.761,48.35]]]}},{"type":"Feature","properties":{"density":3},"geometry":{"type":"Polygon","coordinates":[[[-119.155,49.91],[-118.944,49.922],[-118.69,49.91],[-118.181,49.767],[-117.828,49.773],[-117.691,49.829],[-117.598,49.922],[-117.567,50.04],[-117.605,50.145],[-117.648,50.207],[-117.735,50.232],[-117.983,50.251],[-118.485,50.257],[-118.82,50.344],[-119.161,50.375],[-119.304,50.375],[-119.465,50.313],[-119.614,50.207],[-119.688,50.108],[-119.744,49.935],[-119.806,49.86],[-119.948,49.767],[-120.103,49.718],[-120.196,49.656],[-120.203,49.612],[-120.153,49.55],[-120.054,49.494],[-119.936,49.209],[-119.93,48.912],[-119.992,48.831],[-119.967,48.676],[-119.911,48.558],[-119.632,48.564],[-119.57,48.676],[-119.57,48.887],[-119.614,49.054],[-119.626,49.42],[-119.564,49.612],[-119.471,49.718],[-119.26,49.817],[-119.155,49.91]]]}},{"type":"Feature","properties":{"density":3},"geometry":{"type":"Polygon","coordinates":[[[-122.117,51.445],[-122.197,51.468],[-122.266,51.451],[-122.304,51.373],[-122.304,51.274],[-122.335,51.212],[-122.385,51.162],[-122.401,51.112],[-122.379,51.069],[-122.106,50.908],[-122.056,50.846],[-121.957,50.611],[-121.796,50.381],[-121.697,50.152],[-121.715,49.99],[-121.746,49.897],[-121.839,49.767],[-122.087,49.606],[-122.218,49.488],[-122.236,49.358],[-122.292,49.24],[-122.54,49.005],[-122.588,48.941],[-122.596,48.85],[-122.515,48.806],[-122.431,48.825],[-122.335,48.91],[-122.081,49.036],[-121.833,49.122],[-121.469,49.169],[-121.368,49.135],[-121.325,49.048],[-121.312,48.912],[-121.275,48.831],[-121.224,48.767],[-121.155,48.745],[-121.062,48.753],[-120.984,48.814],[-120.962,48.883],[-120.973,49.158],[-121.042,49.224],[-121.095,49.308],[-121.158,49.558],[-121.075,49.734],[-120.978,49.798],[-120.872,49.916],[-120.878,50.04],[-120.922,50.145],[-121.139,50.443],[-121.166,50.528],[-121.133,50.611],[-121.078,50.66],[-120.767,50.642],[-120.606,50.549],[-120.475,50.462],[-120.24,50.158],[-120.072,50.028],[-119.866,49.935],[-119.421,49.848],[-118.944,49.854],[-118.473,49.804],[-118.225,49.804],[-117.862,49.773],[-117.65,49.729],[-117.493,49.665],[-117.35,49.662],[-116.885,49.773],[-116.718,49.879],[-116.668,50.021],[-116.701,50.191],[-116.794,50.358],[-117.043,50.507],[-117.191,50.538],[-117.371,50.495],[-117.588,50.309],[-117.755,50.288],[-117.92,50.324],[-118.436,50.394],[-118.727,50.375],[-118.987,50.381],[-119.279,50.431],[-119.818,50.468],[-120.004,50.524],[-120.209,50.617],[-120.475,50.71],[-120.649,50.759],[-121.033,50.828],[-121.374,50.952],[-121.474,51.051],[-121.443,51.144],[-121.312,51.2],[-121.238,51.181],[-121.126,51.206],[-121.126,51.299],[-121.207,51.361],[-121.48,51.423],[-121.765,51.441],[-121.889,51.417],[-122.023,51.415],[-122.117,51.445]]]}},{"type":"Feature","properties":{"density":3},"geometry":{"type":"Polygon","coordinates":[[[-123.049,61.886],[-122.993,61.966],[-122.907,62.028],[-122.814,62.035],[-122.776,61.985],[-122.671,61.929],[-122.572,61.78],[-122.51,61.718],[-122.454,61.725],[-122.435,61.805],[-122.473,61.88],[-122.448,61.911],[-122.373,61.911],[-122.249,61.886],[-122.132,61.836],[-121.822,61.632],[-121.642,61.57],[-121.468,61.545],[-121.412,61.582],[-121.425,61.675],[-121.741,61.886],[-121.859,62.035],[-122.051,62.097],[-122.423,62.171],[-122.572,62.165],[-122.721,62.19],[-122.913,62.258],[-123.018,62.332],[-123.068,62.425],[-123.099,62.686],[-123.093,62.859],[-123.198,63.058],[-123.316,63.175],[-123.62,63.578],[-123.682,63.715],[-123.682,63.808],[-123.638,63.895],[-123.675,63.988],[-123.75,64.031],[-124.035,64.044],[-124.097,64.006],[-124.171,63.913],[-124.147,63.721],[-123.843,63.151],[-123.644,62.847],[-123.589,62.717],[-123.551,62.568],[-123.558,62.376],[-123.527,62.289],[-123.409,62.152],[-123.303,61.929],[-123.229,61.88],[-123.124,61.849],[-123.049,61.886]],[[-123.506,63.058],[-123.568,62.975],[-123.56,62.896],[-123.473,62.806],[-123.432,62.644],[-123.382,62.615],[-123.328,62.752],[-123.32,62.834],[-123.332,62.901],[-123.432,63.033],[-123.506,63.058]]]}},{"type":"Feature","properties":{"density":3},"geometry":{"type":"Polygon","coordinates":[[[-119.542,63.742],[-119.373,63.861],[-119.305,63.863],[-119.235,63.85],[-119.176,63.81],[-119.044,63.63],[-118.934,63.589],[-118.895,63.595],[-118.866,63.633],[-118.825,63.644],[-118.743,63.575],[-118.66,63.587],[-118.645,63.661],[-118.754,63.786],[-118.779,63.852],[-118.761,63.881],[-118.621,63.889],[-118.588,63.916],[-118.618,64.026],[-118.582,64.117],[-118.598,64.213],[-118.695,64.279],[-118.836,64.319],[-118.935,64.48],[-118.996,64.546],[-119.218,64.673],[-119.547,64.76],[-119.871,64.749],[-120.027,64.726],[-120.051,64.688],[-120.025,64.636],[-119.935,64.576],[-119.81,64.532],[-119.516,64.464],[-119.431,64.429],[-119.4,64.399],[-119.38,64.333],[-119.426,64.201],[-119.507,64.162],[-119.663,64.129],[-119.744,64.074],[-119.779,64.021],[-119.79,63.907],[-119.773,63.837],[-119.72,63.766],[-119.641,63.74],[-119.542,63.742]]]}},{"type":"Feature","properties":{"density":3},"geometry":{"type":"Polygon","coordinates":[[[-118.44,64.004],[-118.495,63.936],[-118.5,63.884],[-118.483,63.865],[-118.427,63.9],[-118.402,63.945],[-118.397,63.999],[-118.409,64.011],[-118.44,64.004]]]}},{"type":"Feature","properties":{"density":3},"geometry":{"type":"Polygon","coordinates":[[[-118.309,64.219],[-118.324,64.171],[-118.262,64.123],[-118.223,64.035],[-118.179,64.048],[-118.069,64.026],[-118.041,64.053],[-117.991,64.041],[-117.955,64.052],[-117.947,64.116],[-118.016,64.335],[-118.02,64.422],[-118.003,64.566],[-117.875,64.951],[-117.888,65.029],[-117.97,65.124],[-118.049,65.162],[-118.194,65.149],[-118.256,65.1],[-118.305,64.992],[-118.347,64.823],[-118.351,64.719],[-118.338,64.426],[-118.309,64.219]]]}},{"type":"Feature","properties":{"density":3},"geometry":{"type":"Polygon","coordinates":[[[-116.164,66.108],[-116.416,65.975],[-116.639,65.794],[-116.722,65.699],[-116.85,65.542],[-116.875,65.472],[-116.863,65.389],[-116.825,65.339],[-116.755,65.335],[-116.718,65.36],[-116.627,65.472],[-116.358,65.736],[-116.135,65.893],[-115.982,65.959],[-115.928,66.026],[-115.924,66.079],[-115.961,66.125],[-116.007,66.15],[-116.069,66.15],[-116.164,66.108]]]}},{"type":"Feature","properties":{"density":3},"geometry":{"type":"Polygon","coordinates":[[[-117.247,65.621],[-117.317,65.517],[-117.317,65.488],[-117.288,65.472],[-117.239,65.472],[-117.197,65.571],[-117.193,65.6],[-117.214,65.625],[-117.247,65.621]]]}},{"type":"Feature","properties":{"density":3},"geometry":{"type":"Polygon","coordinates":[[[-117.823,64.525],[-117.867,64.487],[-117.889,64.429],[-117.889,64.31],[-117.804,64.178],[-117.768,64.161],[-117.724,64.167],[-117.696,64.189],[-117.666,64.368],[-117.685,64.431],[-117.746,64.509],[-117.784,64.531],[-117.823,64.525]]]}},{"type":"Feature","properties":{"density":3},"geometry":{"type":"Polygon","coordinates":[[[-120.391,65.457],[-120.435,65.335],[-120.416,65.148],[-120.386,65.107],[-120.339,65.085],[-120.298,65.087],[-120.248,65.151],[-120.22,65.228],[-120.218,65.363],[-120.24,65.423],[-120.289,65.465],[-120.391,65.457]]]}},{"type":"Feature","properties":{"density":3},"geometry":{"type":"Polygon","coordinates":[[[-121.221,63.924],[-121.255,63.852],[-121.229,63.748],[-121.199,63.715],[-121.144,63.69],[-121.099,63.676],[-121.055,63.69],[-121.025,63.806],[-121.054,63.912],[-121.102,63.944],[-121.16,63.949],[-121.221,63.924]]]}},{"type":"Feature","properties":{"density":3},"geometry":{"type":"Polygon","coordinates":[[[-120.972,62.523],[-120.732,62.536],[-120.644,62.556],[-120.586,62.608],[-120.511,62.779],[-120.509,62.875],[-120.533,62.933],[-120.586,62.963],[-120.624,62.963],[-120.688,62.933],[-120.798,62.842],[-120.998,62.629],[-121.016,62.537],[-120.972,62.523]]]}},{"type":"Feature","properties":{"density":3},"geometry":{"type":"Polygon","coordinates":[[[-116.394,63.36],[-116.344,63.305],[-116.284,63.057],[-116.229,63.016],[-116.171,62.999],[-116.132,63.052],[-116.102,63.261],[-116.113,63.322],[-116.16,63.402],[-116.264,63.52],[-116.358,63.55],[-116.419,63.537],[-116.441,63.484],[-116.394,63.36]]]}},{"type":"Feature","properties":{"density":3},"geometry":{"type":"Polygon","coordinates":[[[-120.167,63.841],[-120.189,63.799],[-120.17,63.765],[-120.087,63.676],[-120.043,63.643],[-120.017,63.644],[-120.006,63.668],[-120.026,63.72],[-120.097,63.818],[-120.132,63.841],[-120.167,63.841]]]}},{"type":"Feature","properties":{"density":3},"geometry":{"type":"Polygon","coordinates":[[[-120.332,64.543],[-120.342,64.509],[-120.31,64.445],[-120.227,64.406],[-120.22,64.484],[-120.238,64.54],[-120.296,64.564],[-120.332,64.543]]]}},{"type":"Feature","properties":{"density":3},"geometry":{"type":"Polygon","coordinates":[[[-100.917,36.371],[-101.06,36.328],[-101.159,36.216],[-101.159,36.086],[-101.078,36.012],[-100.248,35.764],[-100.037,35.733],[-99.752,35.782],[-99.559,35.875],[-99.404,36.006],[-99.324,36.161],[-99.33,36.309],[-99.386,36.44],[-99.46,36.539],[-99.634,36.601],[-99.956,36.607],[-100.105,36.539],[-100.179,36.427],[-100.328,36.322],[-100.458,36.316],[-100.917,36.371]]]}},{"type":"Feature","properties":{"density":3},"geometry":{"type":"Polygon","coordinates":[[[-105.804,36.035],[-105.866,35.927],[-105.858,35.853],[-105.779,35.836],[-105.639,35.911],[-105.615,35.94],[-105.618,35.997],[-105.651,36.047],[-105.701,36.076],[-105.804,36.035]]]}},{"type":"Feature","properties":{"density":3},"geometry":{"type":"Polygon","coordinates":[[[-117.375,40.352],[-117.449,40.232],[-117.503,40.025],[-117.577,39.876],[-117.598,39.806],[-117.561,39.769],[-117.491,39.802],[-117.412,39.893],[-117.338,40.013],[-117.28,40.294],[-117.301,40.348],[-117.375,40.352]]]}},{"type":"Feature","properties":{"density":3},"geometry":{"type":"Polygon","coordinates":[[[-90.963,32.84],[-90.974,32.797],[-90.948,32.748],[-90.913,32.726],[-90.798,32.704],[-90.711,32.722],[-90.682,32.746],[-90.675,32.779],[-90.709,32.832],[-90.757,32.853],[-90.882,32.864],[-90.963,32.84]]]}},{"type":"Feature","properties":{"density":3},"geometry":{"type":"Polygon","coordinates":[[[-90.849,34.458],[-90.867,34.453],[-90.873,34.427],[-90.822,34.39],[-90.693,34.341],[-90.592,34.243],[-90.551,34.243],[-90.524,34.265],[-90.52,34.3],[-90.544,34.337],[-90.625,34.416],[-90.733,34.458],[-90.849,34.458]]]}},{"type":"Feature","properties":{"density":3},"geometry":{"type":"Polygon","coordinates":[[[-79.762,22.71],[-79.81,22.645],[-79.789,22.634],[-79.729,22.656],[-79.723,22.696],[-79.762,22.71]]]}},{"type":"Feature","properties":{"density":3},"geometry":{"type":"Polygon","coordinates":[[[-80.738,26.466],[-80.759,26.439],[-80.755,26.411],[-80.729,26.39],[-80.624,26.381],[-80.581,26.394],[-80.564,26.419],[-80.587,26.471],[-80.706,26.478],[-80.738,26.466]]]}},{"type":"Feature","properties":{"density":3},"geometry":{"type":"Polygon","coordinates":[[[-96.055,30.651],[-96.12,30.63],[-96.151,30.591],[-96.151,30.565],[-96.1,30.556],[-96.001,30.589],[-96.004,30.632],[-96.055,30.651]]]}},{"type":"Feature","properties":{"density":3},"geometry":{"type":"Polygon","coordinates":[[[-118.229,45.8],[-118.282,45.762],[-118.317,45.692],[-118.323,45.644],[-118.284,45.624],[-118.218,45.639],[-118.121,45.701],[-118.117,45.78],[-118.156,45.8],[-118.242,45.804],[-118.257,45.789],[-118.229,45.8]]]}},{"type":"Feature","properties":{"density":3},"geometry":{"type":"Polygon","coordinates":[[[-117.982,46.101],[-118.013,46.073],[-118.042,46.01],[-118.012,45.963],[-117.976,45.952],[-117.951,45.958],[-117.91,46.01],[-117.893,46.078],[-117.901,46.105],[-117.924,46.118],[-117.982,46.101]]]}},{"type":"Feature","properties":{"density":3},"geometry":{"type":"Polygon","coordinates":[[[-116.763,51.651],[-116.84,51.57],[-116.845,51.543],[-116.828,51.527],[-116.797,51.526],[-116.704,51.631],[-116.717,51.662],[-116.763,51.651]]]}},{"type":"Feature","properties":{"density":3},"geometry":{"type":"Polygon","coordinates":[[[-121.205,49.204],[-121.287,49.125],[-121.358,48.972],[-121.348,48.844],[-121.187,48.708],[-121.014,48.683],[-120.927,48.72],[-120.859,48.844],[-120.728,48.931],[-120.586,48.974],[-120.443,48.987],[-120.276,48.974],[-120.134,48.898],[-120.045,48.772],[-119.952,48.592],[-119.915,48.425],[-119.965,48.307],[-120.138,48.22],[-120.448,48.288],[-120.622,48.394],[-120.778,48.354],[-120.877,48.305],[-121.001,48.156],[-121.032,48.038],[-121.038,47.883],[-120.945,47.722],[-120.648,47.436],[-120.431,47.294],[-120.325,47.263],[-120.164,47.257],[-120.09,47.306],[-120.046,47.418],[-120.158,47.511],[-120.294,47.511],[-120.369,47.567],[-120.294,47.635],[-120.096,47.641],[-119.959,47.716],[-119.798,47.864],[-119.68,48.001],[-119.358,48.205],[-119.222,48.472],[-119.017,48.553],[-118.989,48.596],[-118.998,48.677],[-119.167,48.77],[-119.197,48.999],[-119.364,49.148],[-119.426,49.278],[-119.457,49.427],[-119.377,49.576],[-119.315,49.619],[-119.24,49.644],[-118.754,49.591],[-118.636,49.607],[-118.515,49.653],[-118.478,49.811],[-118.524,49.876],[-118.664,49.941],[-119.119,49.932],[-119.46,49.883],[-119.888,49.752],[-120.229,49.692],[-120.593,49.576],[-120.808,49.477],[-121.06,49.336],[-121.205,49.204]]]}},{"type":"Feature","properties":{"density":3},"geometry":{"type":"Polygon","coordinates":[[[-118.806,46.928],[-118.837,46.902],[-118.835,46.867],[-118.769,46.843],[-118.753,46.856],[-118.749,46.905],[-118.78,46.929],[-118.806,46.928]]]}},{"type":"Feature","properties":{"density":3},"geometry":{"type":"Polygon","coordinates":[[[-121.748,51.629],[-121.952,51.622],[-122.206,51.573],[-122.343,51.474],[-122.448,51.343],[-122.473,51.213],[-122.423,51.114],[-122.244,51.027],[-122.194,50.953],[-122.2,50.86],[-122.33,50.699],[-122.33,50.556],[-122.256,50.488],[-121.996,50.494],[-121.803,50.444],[-121.673,50.302],[-121.661,50.178],[-121.772,49.979],[-122.014,49.818],[-122.318,49.775],[-122.572,49.781],[-122.727,49.744],[-122.814,49.657],[-122.975,49.44],[-123.074,49.427],[-123.161,49.452],[-123.196,49.522],[-123.186,49.607],[-123.099,49.83],[-123.112,49.936],[-123.186,49.992],[-123.298,50.023],[-123.372,49.979],[-123.391,49.818],[-123.391,49.626],[-123.471,49.52],[-123.552,49.508],[-123.701,49.582],[-123.825,49.688],[-123.918,49.812],[-124.073,49.942],[-124.221,50.016],[-124.352,50.029],[-124.488,49.886],[-124.513,49.768],[-124.451,49.613],[-124.166,49.434],[-123.955,49.334],[-123.825,49.248],[-123.682,49.093],[-123.484,48.993],[-123.329,49.024],[-123.149,49.093],[-123.081,49.093],[-123.031,49.068],[-123.031,48.993],[-123.217,48.857],[-123.236,48.714],[-123.186,48.51],[-123.012,48.355],[-122.901,48.311],[-122.764,48.318],[-122.702,48.392],[-122.771,48.615],[-122.742,48.701],[-122.69,48.739],[-122.56,48.683],[-122.43,48.671],[-122.126,48.789],[-121.996,48.882],[-121.853,49.049],[-121.103,49.601],[-120.904,49.905],[-120.929,50.016],[-120.979,50.041],[-121.264,50.016],[-121.431,50.041],[-121.469,50.134],[-121.407,50.302],[-121.264,50.45],[-121.215,50.581],[-121.152,50.668],[-121.041,50.699],[-120.898,50.692],[-120.694,50.643],[-120.384,50.531],[-120.309,50.525],[-120.235,50.556],[-120.185,50.643],[-120.291,50.767],[-120.458,50.804],[-120.861,50.823],[-121.09,50.872],[-121.208,51.009],[-121.295,51.331],[-121.357,51.449],[-121.438,51.505],[-121.748,51.629]]]}},{"type":"Feature","properties":{"density":3},"geometry":{"type":"Polygon","coordinates":[[[-123.354,65.453],[-123.48,65.379],[-123.571,65.274],[-123.582,65.2],[-123.566,65.117],[-123.497,65.018],[-123.3,64.923],[-123.241,64.913],[-123.172,64.949],[-123.152,64.996],[-123.163,65.123],[-123.136,65.208],[-122.877,65.349],[-122.844,65.393],[-122.841,65.467],[-122.935,65.511],[-123.064,65.517],[-123.354,65.453]]]}},{"type":"Feature","properties":{"density":3},"geometry":{"type":"Polygon","coordinates":[[[-123.75,65.902],[-123.88,65.747],[-123.948,65.573],[-123.93,65.536],[-123.874,65.493],[-123.787,65.53],[-123.706,65.629],[-123.601,65.716],[-123.514,65.753],[-123.477,65.834],[-123.52,65.877],[-123.595,65.914],[-123.75,65.902]]]}},{"type":"Feature","properties":{"density":3},"geometry":{"type":"Polygon","coordinates":[[[-123.08,62.355],[-123.142,62.343],[-123.186,62.281],[-123.229,62.132],[-123.223,62.045],[-123.142,61.909],[-123.097,61.88],[-123.01,61.893],[-122.911,61.971],[-122.845,62.219],[-122.882,62.287],[-122.931,62.331],[-123.002,62.355],[-123.08,62.355]]]}},{"type":"Feature","properties":{"density":3},"geometry":{"type":"Polygon","coordinates":[[[-122.452,62.322],[-122.522,62.262],[-122.572,62.163],[-122.628,61.934],[-122.566,61.804],[-122.491,61.785],[-122.299,61.946],[-122.175,62.002],[-122.101,62.12],[-122.094,62.244],[-122.2,62.331],[-122.336,62.355],[-122.404,62.349],[-122.452,62.322]]]}},{"type":"Feature","properties":{"density":3},"geometry":{"type":"Polygon","coordinates":[[[-121.836,62.132],[-121.869,62.145],[-121.927,62.095],[-121.952,61.909],[-121.948,61.835],[-121.906,61.797],[-121.857,61.789],[-121.811,61.835],[-121.766,61.934],[-121.749,62.021],[-121.745,62.099],[-121.782,62.141],[-121.836,62.132]]]}},{"type":"Feature","properties":{"density":3},"geometry":{"type":"Polygon","coordinates":[[[-121.704,62.442],[-121.687,62.211],[-121.629,62.12],[-121.514,62.008],[-121.435,61.975],[-121.369,61.988],[-121.29,62.112],[-121.096,62.298],[-121.009,62.426],[-121.018,62.484],[-121.067,62.57],[-121.29,62.682],[-121.443,62.703],[-121.571,62.67],[-121.65,62.595],[-121.704,62.442]]]}},{"type":"Feature","properties":{"density":3},"geometry":{"type":"Polygon","coordinates":[[[-121.695,61.336],[-121.745,61.297],[-121.786,61.311],[-121.806,61.358],[-121.775,61.543],[-121.729,61.625],[-121.638,61.733],[-121.558,61.791],[-121.47,61.813],[-121.321,61.799],[-121.279,61.76],[-121.266,61.716],[-121.304,61.636],[-121.434,61.529],[-121.594,61.432],[-121.695,61.336]]]}},{"type":"Feature","properties":{"density":3},"geometry":{"type":"Polygon","coordinates":[[[-120.786,62.298],[-120.838,62.254],[-120.822,62.149],[-120.797,62.11],[-120.701,62.047],[-120.643,62.047],[-120.624,62.077],[-120.621,62.135],[-120.665,62.237],[-120.728,62.295],[-120.786,62.298]]]}},{"type":"Feature","properties":{"density":3},"geometry":{"type":"Polygon","coordinates":[[[-120.869,62.897],[-120.861,62.732],[-120.815,62.612],[-120.765,62.55],[-120.625,62.521],[-120.641,62.31],[-120.604,62.231],[-120.546,62.153],[-120.476,62.095],[-120.381,62.07],[-120.36,62.149],[-120.414,62.252],[-120.431,62.38],[-120.377,62.513],[-120.385,62.628],[-120.493,62.711],[-120.563,62.81],[-120.604,62.938],[-120.575,63.116],[-120.541,63.215],[-120.536,63.325],[-120.555,63.455],[-120.657,63.556],[-120.861,63.653],[-120.836,63.786],[-120.774,63.889],[-120.844,63.984],[-120.935,63.984],[-120.941,64.047],[-120.861,64.104],[-120.807,64.207],[-120.84,64.302],[-120.914,64.356],[-120.985,64.364],[-121.047,64.406],[-121.084,64.542],[-120.976,64.666],[-120.852,64.736],[-120.898,64.873],[-120.98,64.873],[-121.175,64.803],[-121.245,64.84],[-121.406,65.022],[-121.493,65.15],[-121.493,65.294],[-121.315,65.398],[-121.067,65.509],[-120.832,65.547],[-120.654,65.547],[-120.575,65.476],[-120.65,65.307],[-120.84,65.15],[-120.844,65.088],[-120.728,64.955],[-120.637,64.91],[-120.517,64.798],[-120.344,64.505],[-120.315,64.36],[-120.29,63.955],[-120.232,63.753],[-120.137,63.649],[-120.017,63.608],[-119.972,63.699],[-120.063,63.839],[-120.034,63.955],[-119.922,63.951],[-119.851,63.714],[-119.649,63.481],[-119.515,63.422],[-119.405,63.405],[-119.3,63.429],[-119.26,63.387],[-119.113,63.389],[-119.089,63.433],[-119.113,63.49],[-119.089,63.541],[-118.863,63.569],[-118.672,63.549],[-118.613,63.589],[-118.575,63.686],[-118.496,63.753],[-118.294,63.765],[-118.037,63.939],[-117.971,64.034],[-117.748,64.211],[-117.583,64.397],[-117.392,64.538],[-117.293,64.65],[-117.277,64.761],[-117.318,64.819],[-117.405,64.803],[-117.612,64.666],[-117.632,64.724],[-117.607,64.865],[-117.562,64.993],[-117.587,65.096],[-117.669,65.129],[-117.736,64.922],[-117.822,64.803],[-117.88,64.798],[-117.963,64.856],[-117.971,65.017],[-117.88,65.088],[-117.799,65.122],[-117.781,65.179],[-117.88,65.282],[-117.793,65.373],[-117.62,65.435],[-117.513,65.407],[-117.458,65.361],[-117.39,65.381],[-117.41,65.46],[-117.386,65.513],[-117.252,65.431],[-117.227,65.592],[-117.235,65.741],[-117.202,65.923],[-117.111,66.063],[-117.041,66.067],[-116.925,66.001],[-116.876,65.869],[-116.934,65.588],[-116.888,65.464],[-116.822,65.356],[-116.781,65.232],[-116.64,65.075],[-116.591,64.416],[-116.541,64.364],[-116.454,64.311],[-116.26,64.419],[-116.166,64.526],[-116.031,64.634],[-115.913,64.8],[-115.828,64.986],[-115.905,65.279],[-116.056,65.361],[-116.19,65.41],[-116.301,65.414],[-116.413,65.319],[-116.537,65.265],[-116.632,65.307],[-116.628,65.427],[-116.57,65.53],[-116.467,65.65],[-116.243,65.848],[-116.248,65.914],[-116.388,66.051],[-116.274,66.119],[-116.018,66.202],[-115.758,66.317],[-115.687,66.404],[-115.729,66.499],[-115.89,66.545],[-115.999,66.547],[-116.624,66.299],[-116.886,66.28],[-117.25,66.309],[-117.399,66.237],[-117.498,65.925],[-117.543,65.925],[-117.597,65.987],[-117.667,66.028],[-117.717,65.987],[-117.771,65.892],[-117.769,65.704],[-117.802,65.592],[-117.913,65.497],[-118.058,65.431],[-118.401,65.315],[-118.69,65.361],[-118.827,65.402],[-118.926,65.456],[-118.988,65.571],[-118.872,65.675],[-118.843,65.745],[-118.909,65.869],[-118.814,66.034],[-118.475,66.047],[-118.128,66.092],[-117.926,66.15],[-117.785,66.229],[-117.773,66.34],[-117.798,66.431],[-117.893,66.51],[-118.199,66.621],[-119.16,66.563],[-119.284,66.576],[-119.625,66.706],[-120.251,67.239],[-120.555,67.369],[-120.871,67.4],[-121.578,67.314],[-122.092,67.109],[-122.595,66.83],[-122.7,66.712],[-122.985,66.57],[-123.301,66.495],[-123.5,66.421],[-123.494,66.346],[-123.246,66.241],[-122.334,66.21],[-121.981,66.167],[-121.664,66.092],[-121.485,66.067],[-121.392,66.005],[-121.435,65.9],[-121.503,65.838],[-121.85,65.875],[-122.229,65.881],[-122.303,65.801],[-122.353,65.633],[-122.297,65.491],[-122.099,65.323],[-121.931,65.249],[-121.745,65.119],[-121.664,64.982],[-121.609,64.753],[-121.466,64.555],[-121.385,64.393],[-121.305,64.182],[-121.292,63.947],[-121.243,63.773],[-121.15,63.519],[-120.977,63.182],[-120.869,62.897]]]}},{"type":"Feature","properties":{"density":3},"geometry":{"type":"Polygon","coordinates":[[[-116.685,64.71],[-116.743,64.701],[-116.763,64.591],[-116.754,64.492],[-116.719,64.373],[-116.685,64.357],[-116.661,64.376],[-116.633,64.55],[-116.644,64.693],[-116.685,64.71]]]}},{"type":"Feature","properties":{"density":3},"geometry":{"type":"Polygon","coordinates":[[[-116.856,63.607],[-116.785,63.387],[-116.658,63.241],[-116.504,63.155],[-116.457,63.153],[-116.426,63.177],[-116.437,63.288],[-116.411,63.304],[-116.374,63.296],[-116.349,63.271],[-116.225,63.001],[-116.134,62.99],[-116.101,63.029],[-116.035,63.191],[-115.787,63.525],[-115.765,63.635],[-115.823,63.704],[-115.938,63.728],[-116.027,63.767],[-116.107,63.828],[-116.294,63.905],[-116.476,63.919],[-116.528,63.899],[-116.581,63.844],[-116.614,63.718],[-116.567,63.583],[-116.584,63.527],[-116.798,63.643],[-116.856,63.607]]]}},{"type":"Feature","properties":{"density":3},"geometry":{"type":"Polygon","coordinates":[[[-121.621,63.422],[-121.586,63.394],[-121.507,63.46],[-121.466,63.421],[-121.443,63.415],[-121.408,63.433],[-121.329,63.536],[-121.318,63.648],[-121.342,63.703],[-121.412,63.752],[-121.471,63.76],[-121.597,63.752],[-121.706,63.716],[-121.743,63.651],[-121.733,63.576],[-121.7,63.502],[-121.621,63.422]]]}},{"type":"Feature","properties":{"density":3},"geometry":{"type":"Polygon","coordinates":[[[-123.019,65.014],[-123.038,64.946],[-123.032,64.904],[-123.001,64.854],[-122.92,64.785],[-122.863,64.783],[-122.856,64.878],[-122.881,64.963],[-122.964,65.02],[-123.019,65.014]]]}},{"type":"Feature","properties":{"density":3},"geometry":{"type":"Polygon","coordinates":[[[-113.985,63.934],[-114.016,63.86],[-113.997,63.773],[-113.923,63.755],[-113.83,63.798],[-113.749,63.897],[-113.575,63.99],[-113.34,64.071],[-113.11,64.127],[-113.005,64.257],[-113.024,64.368],[-113.092,64.43],[-113.278,64.499],[-113.389,64.499],[-113.575,64.406],[-113.681,64.313],[-113.985,63.934]]]}},{"type":"Feature","properties":{"density":3},"geometry":{"type":"Polygon","coordinates":[[[-115.851,64.709],[-115.832,64.629],[-115.739,64.579],[-115.665,64.592],[-115.522,64.685],[-115.454,64.759],[-115.318,65.044],[-115.33,65.143],[-115.411,65.193],[-115.522,65.205],[-115.572,65.181],[-115.746,64.97],[-115.851,64.709]]]}},{"type":"Feature","properties":{"density":3},"geometry":{"type":"Polygon","coordinates":[[[-113.498,67.766],[-113.61,67.636],[-113.61,67.413],[-113.656,67.152],[-113.777,66.966],[-113.944,66.79],[-113.935,66.501],[-113.684,66.306],[-113.238,66.157],[-112.28,65.953],[-111.768,65.785],[-110.726,65.488],[-110.243,65.376],[-110.02,65.45],[-109.899,65.599],[-109.787,65.869],[-109.796,66.074],[-109.973,66.232],[-110.243,66.315],[-110.503,66.464],[-110.596,66.78],[-110.773,67.124],[-111.071,67.413],[-112.019,67.952],[-112.391,68.11],[-112.707,68.148],[-112.931,68.129],[-113.107,68.064],[-113.368,67.915],[-113.498,67.766]]]}},{"type":"Feature","properties":{"density":3},"geometry":{"type":"Polygon","coordinates":[[[-99.956,36.03],[-100.136,35.956],[-100.204,35.838],[-100.117,35.658],[-99.888,35.472],[-99.336,35.305],[-99.044,35.28],[-98.734,35.305],[-98.511,35.373],[-98.263,35.404],[-98.028,35.391],[-97.879,35.41],[-97.798,35.497],[-97.761,35.639],[-97.786,35.788],[-97.904,36.018],[-98.077,36.21],[-98.158,36.272],[-98.3,36.266],[-98.387,36.222],[-98.561,35.968],[-98.772,35.875],[-99.23,35.918],[-99.478,35.987],[-99.77,36.036],[-99.956,36.03]]]}},{"type":"Feature","properties":{"density":3},"geometry":{"type":"Polygon","coordinates":[[[-96.04,30.656],[-96.059,30.655],[-96.066,30.629],[-96.051,30.609],[-96.02,30.606],[-96.02,30.644],[-96.04,30.656]]]}},{"type":"Feature","properties":{"density":3},"geometry":{"type":"Polygon","coordinates":[[[-91.384,32.46],[-91.411,32.452],[-91.424,32.406],[-91.31,32.344],[-91.163,32.311],[-91.114,32.331],[-91.099,32.377],[-91.119,32.423],[-91.207,32.469],[-91.367,32.471],[-91.384,32.46]]]}},{"type":"Feature","properties":{"density":3},"geometry":{"type":"Polygon","coordinates":[[[-90.972,32.831],[-90.985,32.783],[-90.954,32.732],[-90.778,32.636],[-90.581,32.563],[-90.445,32.454],[-90.39,32.441],[-90.304,32.487],[-90.287,32.519],[-90.283,32.566],[-90.412,32.662],[-90.787,32.816],[-90.862,32.834],[-90.972,32.831]]]}},{"type":"Feature","properties":{"density":3},"geometry":{"type":"Polygon","coordinates":[[[-90.801,33.073],[-90.831,33.062],[-90.835,33.027],[-90.811,33.024],[-90.767,32.983],[-90.726,32.893],[-90.678,32.849],[-90.598,32.805],[-90.513,32.812],[-90.495,32.91],[-90.528,32.974],[-90.667,33.06],[-90.801,33.073]]]}},{"type":"Feature","properties":{"density":3},"geometry":{"type":"Polygon","coordinates":[[[-90.855,33.299],[-90.871,33.275],[-90.853,33.252],[-90.693,33.162],[-90.583,33.145],[-90.544,33.163],[-90.559,33.217],[-90.647,33.283],[-90.79,33.312],[-90.842,33.312],[-90.855,33.299]]]}},{"type":"Feature","properties":{"density":3},"geometry":{"type":"Polygon","coordinates":[[[-80.701,26.449],[-80.73,26.442],[-80.732,26.411],[-80.721,26.388],[-80.688,26.374],[-80.605,26.363],[-80.563,26.368],[-80.534,26.39],[-80.561,26.44],[-80.701,26.449]]]}},{"type":"Feature","properties":{"density":3},"geometry":{"type":"Polygon","coordinates":[[[-85.846,33.096],[-85.85,33.063],[-85.78,32.991],[-85.653,32.954],[-85.609,32.975],[-85.635,33.039],[-85.677,33.066],[-85.774,33.094],[-85.846,33.096]]]}},{"type":"Feature","properties":{"density":3},"geometry":{"type":"Polygon","coordinates":[[[-77.219,25.998],[-77.261,25.924],[-77.297,25.732],[-77.245,25.66],[-77.206,25.645],[-77.081,25.643],[-77.043,25.662],[-77.041,25.7],[-77.127,25.743],[-77.147,25.768],[-77.153,25.978],[-77.198,26.009],[-77.219,25.998]]]}}]}