{"type":"FeatureCollection","features":[{"type":"Feature","properties":{"density":1},"geometry":{"type":"Polygon","coordinates":[[[-78.203,22.007],[-78.422,22.053],[-78.483,22.052],[-78.508,22.075],[-78.494,22.098],[-78.468,22.104],[-78.381,22.089],[-78.212,22.028],[-78.203,22.007]]]}},{"type":"Feature","properties":{"density":1},"geometry":{"type":"Polygon","coordinates":[[[-81.766,29.574],[-81.763,29.536],[-81.721,29.476],[-81.625,29.446],[-81.538,29.464],[-81.51,29.496],[-81.504,29.55],[-81.527,29.605],[-81.58,29.624],[-81.68,29.615],[-81.766,29.574]]]}},{"type":"Feature","properties":{"density":1},"geometry":{"type":"Polygon","coordinates":[[[-82.322,30.318],[-82.329,30.376],[-82.29,30.555],[-82.236,30.622],[-82.153,30.628],[-82.122,30.591],[-82.116,30.555],[-82.142,30.447],[-82.214,30.354],[-82.282,30.318],[-82.322,30.318]]]}},{"type":"Feature","properties":{"density":1},"geometry":{"type":"Polygon","coordinates":[[[-78.331,34.493],[-78.126,34.526],[-77.63,34.65],[-77.5,34.708],[-77.483,34.731],[-77.487,34.754],[-77.55,34.779],[-77.808,34.706],[-77.994,34.675],[-78.185,34.61],[-78.334,34.539],[-78.344,34.503],[-78.331,34.493]]]}},{"type":"Feature","properties":{"density":1},"geometry":{"type":"Polygon","coordinates":[[[-78.08,34.784],[-77.814,34.779],[-77.617,34.832],[-77.536,34.872],[-77.512,34.947],[-77.523,34.985],[-77.565,35.037],[-77.624,35.045],[-77.711,35.024],[-78.051,34.857],[-78.084,34.832],[-78.093,34.803],[-78.08,34.784]]]}},{"type":"Feature","properties":{"density":1},"geometry":{"type":"Polygon","coordinates":[[[-78.523,35.273],[-78.44,35.245],[-78.351,35.247],[-78.295,35.3],[-78.327,35.364],[-78.409,35.367],[-78.453,35.352],[-78.523,35.273]]]}},{"type":"Feature","properties":{"density":1},"geometry":{"type":"Polygon","coordinates":[[[-80.083,35.446],[-80.008,35.467],[-79.91,35.524],[-79.871,35.591],[-79.917,35.629],[-79.953,35.629],[-79.995,35.606],[-80.093,35.489],[-80.104,35.466],[-80.083,35.446]]]}},{"type":"Feature","properties":{"density":1},"geometry":{"type":"Polygon","coordinates":[[[-91.304,48.257],[-90.931,48.403],[-90.592,48.42],[-90.431,48.395],[-90.269,48.395],[-90.139,48.43],[-90.045,48.514],[-90.01,48.604],[-90.024,48.678],[-90.081,48.751],[-90.169,48.822],[-90.571,48.918],[-91.195,48.998],[-91.449,49.006],[-91.551,48.975],[-91.601,48.937],[-91.599,48.764],[-91.541,48.715],[-91.436,48.573],[-91.384,48.479],[-91.327,48.265],[-91.304,48.257]]]}},{"type":"Feature","properties":{"density":1},"geometry":{"type":"Polygon","coordinates":[[[-92.207,48.27],[-92.31,48.383],[-92.496,48.517],[-92.601,48.638],[-92.685,48.766],[-92.687,48.879],[-92.632,48.948],[-92.517,48.98],[-92.461,48.972],[-92.188,48.795],[-91.837,48.659],[-91.786,48.582],[-91.772,48.529],[-91.822,48.448],[-92.121,48.28],[-92.176,48.263],[-92.207,48.27]]]}},{"type":"Feature","properties":{"density":1},"geometry":{"type":"Polygon","coordinates":[[[-109.719,37.852],[-109.711,37.981],[-109.602,38.176],[-109.438,38.234],[-109.26,38.259],[-109.074,38.259],[-108.97,38.222],[-108.856,38.133],[-108.824,38.05],[-108.847,37.961],[-108.939,37.863],[-109.048,37.803],[-109.143,37.726],[-109.455,37.444],[-109.556,37.398],[-109.63,37.407],[-109.685,37.441],[-109.74,37.522],[-109.742,37.723],[-109.719,37.852]]]}},{"type":"Feature","properties":{"density":1},"geometry":{"type":"Polygon","coordinates":[[[-107.624,38.018],[-107.466,38.061],[-107.13,38.007],[-107.027,37.964],[-106.838,37.952],[-106.614,38.027],[-106.533,38.102],[-106.476,38.185],[-106.47,38.242],[-106.508,38.314],[-106.622,38.371],[-106.832,38.374],[-107.004,38.357],[-107.42,38.386],[-107.578,38.463],[-108.155,38.957],[-108.31,39.069],[-108.431,39.083],[-108.58,39.066],[-108.666,39.009],[-108.723,38.925],[-108.764,38.822],[-108.764,38.722],[-108.729,38.564],[-108.655,38.457],[-108.376,38.337],[-108.238,38.259],[-108.003,38.087],[-107.857,38.004],[-107.684,37.99],[-107.624,38.018]]]}},{"type":"Feature","properties":{"density":1},"geometry":{"type":"Polygon","coordinates":[[[-118.2,44.959],[-118.247,45.022],[-118.399,45.083],[-118.432,45.113],[-118.434,45.19],[-118.01,45.54],[-117.894,45.587],[-117.814,45.554],[-117.776,45.51],[-117.773,45.419],[-117.817,45.196],[-117.765,44.89],[-117.779,44.78],[-117.817,44.739],[-117.938,44.736],[-118.005,44.772],[-118.073,44.865],[-118.2,44.959]]]}},{"type":"Feature","properties":{"density":1},"geometry":{"type":"Polygon","coordinates":[[[-118.52,44.661],[-118.366,44.799],[-118.305,44.893],[-118.288,44.976],[-118.308,45.014],[-118.349,45.036],[-118.393,45.039],[-118.49,45.006],[-118.553,44.926],[-118.603,44.816],[-118.603,44.763],[-118.569,44.683],[-118.52,44.661]]]}},{"type":"Feature","properties":{"density":1},"geometry":{"type":"Polygon","coordinates":[[[-106.533,58.386],[-106.037,58.603],[-105.59,58.839],[-105.417,59.043],[-105.417,59.124],[-105.454,59.174],[-105.59,59.18],[-105.776,59.118],[-106.074,58.969],[-106.409,58.721],[-106.527,58.529],[-106.582,58.405],[-106.533,58.386]]]}},{"type":"Feature","properties":{"density":1},"geometry":{"type":"Polygon","coordinates":[[[-125.229,66.958],[-121.651,67.711],[-119.109,68.088],[-116.849,68.245],[-114.118,68.276],[-110.571,67.9],[-107.118,67.586],[-103.665,67.743],[-94.406,67.013],[-91.227,66.66],[-89.462,65.247],[-87.343,64.258],[-84.73,63.623],[-81.269,63.835],[-77.738,63.905],[-73.995,63.27],[-72.159,61.857],[-71.452,60.515],[-71.452,58.538],[-73.43,57.055],[-75.761,56.207],[-78.021,55.783],[-83.035,55.501],[-89.391,56.348],[-92.146,57.549],[-94.406,58.82],[-95.606,60.727],[-98.502,62.705],[-100.903,63.623],[-103.304,64.188],[-106.129,64.965],[-112.344,65.953],[-116.802,65.184],[-118.936,64.462],[-122.232,64.211],[-125.998,64.18],[-126.783,64.714],[-126.94,65.341],[-126.72,66.001],[-126.093,66.534],[-125.842,66.691],[-125.229,66.958]]]}},{"type":"Feature","properties":{"density":1},"geometry":{"type":"Polygon","coordinates":[[[-97.626,24.328],[-97.249,25.207],[-96.622,25.395],[-96.057,25.458],[-95.303,24.987],[-94.487,24.265],[-93.797,23.417],[-93.012,22.915],[-92.258,22.382],[-91.537,21.66],[-91.097,21.032],[-91.066,20.561],[-91.128,19.965],[-91.505,18.929],[-92.133,17.799],[-92.729,17.14],[-93.357,16.292],[-93.859,15.382],[-95.24,14.472],[-96.653,14.346],[-98.254,14.503],[-99.509,14.88],[-101.047,15.821],[-102.334,17.297],[-102.774,17.924],[-102.68,18.803],[-102.052,19.431],[-101.11,19.745],[-99.917,19.494],[-98.976,18.803],[-97.971,18.552],[-97.469,18.489],[-97.03,18.772],[-96.81,19.117],[-96.684,19.87],[-96.873,20.435],[-97.343,21.22],[-97.375,21.942],[-97.626,23.92],[-97.626,24.328]]]}},{"type":"Feature","properties":{"density":1},"geometry":{"type":"Polygon","coordinates":[[[-81.697,26.151],[-81.753,26.167],[-81.758,26.123],[-81.626,26.009],[-81.469,25.955],[-81.348,25.945],[-81.369,25.989],[-81.535,26.051],[-81.697,26.151]]]}},{"type":"Feature","properties":{"density":1},"geometry":{"type":"Polygon","coordinates":[[[-80.943,27.759],[-80.983,27.801],[-81.027,27.805],[-80.984,27.633],[-80.955,27.64],[-80.941,27.666],[-80.943,27.759]]]}},{"type":"Feature","properties":{"density":1},"geometry":{"type":"Polygon","coordinates":[[[-81.567,29.508],[-81.677,29.595],[-81.732,29.603],[-81.761,29.586],[-81.745,29.555],[-81.636,29.5],[-81.574,29.441],[-81.549,29.461],[-81.567,29.508]]]}},{"type":"Feature","properties":{"density":1},"geometry":{"type":"Polygon","coordinates":[[[-87.498,30.937],[-87.537,30.94],[-87.586,30.913],[-87.65,30.815],[-87.721,30.766],[-87.725,30.722],[-87.694,30.713],[-87.656,30.729],[-87.591,30.809],[-87.471,30.858],[-87.461,30.898],[-87.498,30.937]]]}},{"type":"Feature","properties":{"density":1},"geometry":{"type":"Polygon","coordinates":[[[-79.56,35.835],[-79.604,35.833],[-79.732,35.783],[-79.958,35.629],[-80.186,35.43],[-80.203,35.381],[-80.175,35.362],[-80.105,35.381],[-79.979,35.495],[-79.683,35.695],[-79.482,35.793],[-79.505,35.83],[-79.56,35.835]]]}},{"type":"Feature","properties":{"density":1},"geometry":{"type":"Polygon","coordinates":[[[-107.117,38.34],[-107.414,38.34],[-107.673,38.315],[-107.773,38.258],[-107.811,38.192],[-107.813,38.16],[-107.778,38.09],[-107.712,38.048],[-107.685,37.997],[-107.606,37.969],[-107.532,38.006],[-107.448,38.138],[-107.374,38.175],[-107.154,38.201],[-106.948,38.192],[-106.867,38.214],[-106.865,38.269],[-106.909,38.309],[-107.117,38.34]]]}},{"type":"Feature","properties":{"density":1},"geometry":{"type":"Polygon","coordinates":[[[-108.656,38.387],[-108.782,38.426],[-109.119,38.458],[-109.166,38.453],[-109.251,38.414],[-109.403,38.246],[-109.59,38.139],[-109.656,38.023],[-109.72,37.97],[-109.739,37.871],[-109.706,37.789],[-109.673,37.747],[-109.626,37.722],[-109.466,37.689],[-109.362,37.689],[-109.276,37.714],[-109.166,37.772],[-109.116,37.816],[-108.99,37.995],[-108.888,38.039],[-108.706,38.061],[-108.573,38.147],[-108.56,38.177],[-108.568,38.254],[-108.656,38.387]]]}},{"type":"Feature","properties":{"density":1},"geometry":{"type":"Polygon","coordinates":[[[-116.249,49.162],[-116.333,49.145],[-116.409,49.053],[-116.559,49.011],[-116.644,48.938],[-116.585,48.895],[-116.5,48.892],[-116.431,48.914],[-116.359,48.982],[-116.227,49.031],[-116.19,49.061],[-116.194,49.109],[-116.223,49.153],[-116.249,49.162]]]}},{"type":"Feature","properties":{"density":1},"geometry":{"type":"Polygon","coordinates":[[[-117.93,45.596],[-118.007,45.587],[-118.105,45.51],[-118.193,45.342],[-118.268,45.256],[-118.292,45.197],[-118.314,45.096],[-118.3,44.999],[-118.263,44.949],[-118.197,44.914],[-118.153,44.914],[-118.114,44.94],[-118.048,45.08],[-117.943,45.186],[-117.914,45.249],[-117.782,45.379],[-117.772,45.465],[-117.796,45.515],[-117.842,45.555],[-117.93,45.596]]]}},{"type":"Feature","properties":{"density":1},"geometry":{"type":"Polygon","coordinates":[[[-118.221,45.585],[-118.474,45.493],[-118.639,45.475],[-118.722,45.41],[-118.748,45.26],[-118.816,45.1],[-118.816,45.006],[-118.792,44.944],[-118.667,44.835],[-118.634,44.725],[-118.597,44.692],[-118.529,44.685],[-118.459,44.707],[-118.408,44.747],[-118.329,44.892],[-118.276,45.081],[-118.125,45.278],[-118.083,45.361],[-118.063,45.418],[-118.077,45.526],[-118.143,45.574],[-118.221,45.585]]]}},{"type":"Feature","properties":{"density":1},"geometry":{"type":"Polygon","coordinates":[[[-106.3,29.705],[-106.333,29.686],[-106.34,29.631],[-106.327,29.613],[-106.305,29.612],[-106.28,29.648],[-106.278,29.684],[-106.3,29.705]]]}},{"type":"Feature","properties":{"density":1},"geometry":{"type":"Polygon","coordinates":[[[-100.877,18.717],[-100.948,18.752],[-100.969,18.73],[-100.943,18.681],[-100.844,18.618],[-100.823,18.621],[-100.831,18.671],[-100.877,18.717]]]}},{"type":"Feature","properties":{"density":1},"geometry":{"type":"Polygon","coordinates":[[[-112.564,50.216],[-112.135,50.127],[-111.503,50.073],[-111.284,49.974],[-111.247,49.924],[-111.238,49.812],[-111.251,49.717],[-111.3,49.651],[-111.383,49.593],[-111.478,49.56],[-111.809,49.519],[-111.97,49.527],[-112.433,49.622],[-112.706,49.734],[-112.974,49.899],[-113.181,49.941],[-113.26,50.003],[-113.276,50.052],[-113.272,50.135],[-113.251,50.164],[-113.09,50.226],[-112.67,50.229],[-112.564,50.216]]]}},{"type":"Feature","properties":{"density":1},"geometry":{"type":"Polygon","coordinates":[[[-104.354,56.513],[-104.501,56.517],[-104.62,56.501],[-104.881,56.368],[-104.972,56.344],[-105.059,56.282],[-105.199,56.112],[-105.307,55.939],[-105.381,55.781],[-105.398,55.682],[-105.352,55.583],[-105.282,55.562],[-105.145,55.637],[-105.034,55.856],[-104.868,56.058],[-104.542,56.206],[-104.509,56.24],[-104.199,56.329],[-104.186,56.352],[-104.199,56.422],[-104.354,56.513]]]}},{"type":"Feature","properties":{"density":1},"geometry":{"type":"Polygon","coordinates":[[[-102.36,56.358],[-102.505,56.448],[-102.651,56.49],[-102.787,56.485],[-102.869,56.45],[-102.888,56.415],[-102.884,56.387],[-102.809,56.341],[-102.744,56.332],[-102.586,56.345],[-102.496,56.319],[-102.393,56.257],[-102.338,56.246],[-102.324,56.283],[-102.36,56.358]]]}},{"type":"Feature","properties":{"density":1},"geometry":{"type":"Polygon","coordinates":[[[-90.561,48.797],[-90.647,48.843],[-90.687,48.845],[-90.75,48.821],[-90.801,48.775],[-90.932,48.6],[-91.141,48.47],[-91.25,48.356],[-91.332,48.301],[-91.334,48.262],[-91.277,48.244],[-91.169,48.284],[-90.893,48.461],[-90.77,48.602],[-90.726,48.628],[-90.535,48.683],[-90.507,48.74],[-90.561,48.797]]]}},{"type":"Feature","properties":{"density":1},"geometry":{"type":"Polygon","coordinates":[[[-89.469,49.178],[-89.522,49.203],[-89.663,49.223],[-89.874,49.232],[-90.109,49.17],[-90.295,49.066],[-90.349,49.054],[-90.899,49.079],[-90.977,49.071],[-91.072,49.033],[-91.18,48.947],[-91.262,48.851],[-91.49,48.69],[-91.515,48.587],[-91.486,48.541],[-91.448,48.529],[-91.13,48.496],[-90.564,48.632],[-90.316,48.653],[-90.101,48.653],[-89.605,48.587],[-89.378,48.603],[-89.212,48.686],[-89.167,48.748],[-89.167,48.889],[-89.237,49.042],[-89.469,49.178]]]}},{"type":"Feature","properties":{"density":1},"geometry":{"type":"Polygon","coordinates":[[[-79.036,50.276],[-79.069,50.28],[-79.125,50.256],[-79.134,50.215],[-79.123,50.195],[-78.974,50.122],[-78.904,50.034],[-78.838,50.028],[-78.825,50.081],[-78.867,50.195],[-78.968,50.265],[-79.036,50.276]]]}},{"type":"Feature","properties":{"density":1},"geometry":{"type":"Polygon","coordinates":[[[-78.738,50.107],[-78.779,50.104],[-78.807,50.071],[-78.799,50.013],[-78.774,49.972],[-78.608,49.848],[-78.446,49.544],[-78.363,49.481],[-78.305,49.467],[-78.286,49.484],[-78.275,49.556],[-78.283,49.649],[-78.305,49.685],[-78.586,49.98],[-78.644,50.071],[-78.738,50.107]]]}},{"type":"Feature","properties":{"density":1},"geometry":{"type":"Polygon","coordinates":[[[-78.658,50.313],[-78.686,50.341],[-78.776,50.371],[-78.829,50.357],[-78.854,50.333],[-78.867,50.258],[-78.848,50.222],[-78.686,50.082],[-78.611,49.95],[-78.512,49.853],[-78.427,49.638],[-78.38,49.564],[-78.176,49.467],[-78.088,49.401],[-77.98,49.36],[-77.875,49.349],[-77.79,49.363],[-77.716,49.412],[-77.68,49.473],[-77.682,49.572],[-77.749,49.671],[-77.842,49.713],[-77.964,49.74],[-78.107,49.806],[-78.209,49.878],[-78.482,50.112],[-78.658,50.313]]]}},{"type":"Feature","properties":{"density":1},"geometry":{"type":"Polygon","coordinates":[[[-78.622,51.02],[-78.688,51.053],[-78.77,51.045],[-78.816,51.02],[-78.857,50.929],[-78.861,50.872],[-78.783,50.706],[-78.725,50.632],[-78.411,50.301],[-78.32,50.235],[-78.084,50.09],[-77.696,49.966],[-77.291,49.937],[-77.183,49.958],[-77.138,50.004],[-77.109,50.053],[-77.096,50.119],[-77.117,50.223],[-77.208,50.371],[-77.295,50.45],[-77.923,50.69],[-78.382,50.925],[-78.622,51.02]]]}},{"type":"Feature","properties":{"density":1},"geometry":{"type":"Polygon","coordinates":[[[-78.104,51.68],[-78.162,51.702],[-78.215,51.689],[-78.223,51.671],[-78.151,51.608],[-77.995,51.547],[-77.605,51.33],[-77.405,51.248],[-77.339,51.261],[-77.321,51.314],[-77.341,51.351],[-77.359,51.38],[-77.449,51.444],[-77.534,51.487],[-78.104,51.68]]]}},{"type":"Feature","properties":{"density":1},"geometry":{"type":"Polygon","coordinates":[[[-78.228,51.605],[-78.284,51.605],[-78.297,51.577],[-78.18,51.494],[-77.801,51.342],[-77.654,51.265],[-77.581,51.208],[-77.537,51.211],[-77.551,51.285],[-77.687,51.386],[-78.056,51.561],[-78.228,51.605]]]}},{"type":"Feature","properties":{"density":1},"geometry":{"type":"Polygon","coordinates":[[[-78.465,51.69],[-78.492,51.693],[-78.507,51.669],[-78.443,51.61],[-78.201,51.49],[-78.144,51.478],[-78.139,51.499],[-78.221,51.565],[-78.465,51.69]]]}},{"type":"Feature","properties":{"density":1},"geometry":{"type":"Polygon","coordinates":[[[-117.343,64.856],[-117.463,64.844],[-117.5,64.819],[-117.533,64.741],[-117.533,64.695],[-117.5,64.571],[-117.43,64.455],[-117.363,64.402],[-117.281,64.364],[-117.066,64.335],[-116.437,64.422],[-116.4,64.447],[-116.404,64.517],[-116.454,64.563],[-116.528,64.596],[-116.706,64.629],[-116.933,64.712],[-117.14,64.815],[-117.343,64.856]]]}},{"type":"Feature","properties":{"density":1},"geometry":{"type":"Polygon","coordinates":[[[-122.228,66.722],[-122.366,66.75],[-122.504,66.736],[-122.694,66.65],[-123.135,66.592],[-123.428,66.473],[-123.569,66.349],[-123.718,66.245],[-123.747,66.142],[-123.73,66.088],[-123.639,65.981],[-123.552,65.939],[-123.242,65.952],[-123.056,66.014],[-122.841,66.117],[-122.581,66.291],[-122.502,66.324],[-122.303,66.348],[-122.154,66.408],[-122.121,66.436],[-122.101,66.476],[-122.112,66.596],[-122.162,66.674],[-122.228,66.722]]]}},{"type":"Feature","properties":{"density":1},"geometry":{"type":"Polygon","coordinates":[[[-122.527,66.279],[-122.618,66.32],[-122.8,66.328],[-123.285,66.171],[-123.442,66.05],[-123.567,65.881],[-123.662,65.794],[-124.084,65.616],[-124.538,65.393],[-124.778,65.227],[-124.906,65.108],[-125.167,64.979],[-125.241,64.905],[-125.357,64.607],[-125.365,64.368],[-125.303,64.244],[-125.204,64.153],[-124.927,64.066],[-124.807,64.045],[-124.551,64.045],[-124.113,64.082],[-123.956,64.12],[-123.695,64.206],[-123.455,64.306],[-123.36,64.364],[-123.228,64.529],[-123.145,64.711],[-123.083,64.913],[-122.992,65.318],[-122.856,65.748],[-122.815,65.814],[-122.773,65.847],[-122.538,65.889],[-122.463,65.943],[-122.439,65.98],[-122.434,66.12],[-122.468,66.203],[-122.527,66.279]]]}},{"type":"Feature","properties":{"density":1},"geometry":{"type":"Polygon","coordinates":[[[-119.685,65.333],[-119.492,65.339],[-119.344,65.38],[-119.319,65.408],[-119.302,65.51],[-119.321,65.581],[-119.368,65.653],[-119.804,66.055],[-120.052,66.193],[-120.3,66.234],[-120.446,66.215],[-120.815,65.975],[-121.047,65.901],[-121.256,65.521],[-121.248,65.413],[-121.209,65.358],[-121.151,65.314],[-121.024,65.264],[-120.854,65.234],[-120.203,65.195],[-120.052,65.22],[-119.685,65.333]]]}},{"type":"Feature","properties":{"density":1},"geometry":{"type":"Polygon","coordinates":[[[-117.277,66.861],[-117.761,66.954],[-118.561,67.14],[-118.988,67.391],[-119.528,67.754],[-119.993,68.079],[-120.43,68.414],[-121.853,69.223],[-122.439,69.502],[-123.006,69.725],[-124.355,70.079],[-125.443,70.246],[-125.982,70.293],[-126.726,70.311],[-127.266,70.274],[-127.675,70.144],[-128.14,69.893],[-128.596,69.586],[-128.968,69.223],[-129.238,68.823],[-129.433,68.433],[-129.507,68.051],[-129.544,67.717],[-129.544,67.186],[-129.47,66.703],[-129.275,66.163],[-129.005,65.643],[-128.335,64.75],[-127.908,64.35],[-127.47,64.089],[-126.773,63.894],[-125.638,63.792],[-124.857,63.81],[-123.583,63.931],[-122.318,64.182],[-121.834,64.331],[-120.886,64.713],[-120.402,64.889],[-119.677,65.01],[-116.766,65.345],[-116.477,65.429],[-116.273,65.512],[-116.161,65.633],[-116.161,65.81],[-116.217,66.042],[-116.422,66.349],[-116.701,66.628],[-116.877,66.768],[-117.277,66.861]]]}},{"type":"Feature","properties":{"density":1},"geometry":{"type":"Polygon","coordinates":[[[-121.606,63.207],[-121.73,63.176],[-121.891,63.089],[-122.009,62.922],[-122.244,62.717],[-122.294,62.649],[-122.375,62.481],[-122.393,62.401],[-122.387,62.246],[-122.362,62.165],[-122.3,62.097],[-122.021,61.985],[-121.81,61.812],[-121.755,61.75],[-121.717,61.725],[-121.655,61.719],[-121.587,61.719],[-121.55,61.737],[-121.525,61.787],[-121.525,61.917],[-121.668,62.06],[-121.748,62.233],[-121.761,62.364],[-121.68,62.562],[-121.631,62.63],[-121.364,62.841],[-121.321,62.897],[-121.308,62.947],[-121.308,63.033],[-121.389,63.145],[-121.457,63.195],[-121.606,63.207]]]}},{"type":"Feature","properties":{"density":1},"geometry":{"type":"Polygon","coordinates":[[[-82.148,26.228],[-82.216,26.276],[-82.267,26.34],[-82.329,26.375],[-82.363,26.375],[-82.401,26.321],[-82.401,26.262],[-82.339,26.163],[-82.278,26.104],[-82.109,26.0],[-81.911,25.936],[-81.643,25.882],[-81.408,25.895],[-81.359,25.938],[-81.359,25.994],[-81.432,26.061],[-81.694,26.078],[-81.867,26.106],[-81.943,26.126],[-82.148,26.228]]]}},{"type":"Feature","properties":{"density":1},"geometry":{"type":"Polygon","coordinates":[[[-81.039,27.942],[-81.111,27.999],[-81.161,27.995],[-81.166,27.927],[-81.054,27.795],[-81.007,27.651],[-80.975,27.633],[-80.943,27.663],[-80.941,27.747],[-81.039,27.942]]]}},{"type":"Feature","properties":{"density":1},"geometry":{"type":"Polygon","coordinates":[[[-81.682,28.413],[-81.719,28.4],[-81.73,28.339],[-81.723,28.31],[-81.702,28.301],[-81.663,28.337],[-81.682,28.413]]]}},{"type":"Feature","properties":{"density":1},"geometry":{"type":"Polygon","coordinates":[[[-81.082,28.647],[-81.12,28.657],[-81.115,28.503],[-81.08,28.563],[-81.082,28.647]]]}},{"type":"Feature","properties":{"density":1},"geometry":{"type":"Polygon","coordinates":[[[-92.66,31.216],[-92.668,31.271],[-92.687,31.292],[-92.723,31.284],[-92.76,31.23],[-92.791,30.82],[-92.791,30.796],[-92.766,30.766],[-92.743,30.768],[-92.701,30.807],[-92.669,30.911],[-92.66,31.216]]]}},{"type":"Feature","properties":{"density":1},"geometry":{"type":"Polygon","coordinates":[[[-101.904,33.968],[-101.933,33.981],[-101.956,33.973],[-101.972,33.922],[-101.893,33.757],[-101.861,33.779],[-101.859,33.82],[-101.904,33.968]]]}},{"type":"Feature","properties":{"density":1},"geometry":{"type":"Polygon","coordinates":[[[-100.805,42.036],[-100.862,42.063],[-100.908,42.055],[-100.916,41.947],[-100.89,41.9],[-100.782,41.791],[-100.716,41.651],[-100.692,41.623],[-100.656,41.615],[-100.634,41.635],[-100.644,41.729],[-100.805,42.036]]]}},{"type":"Feature","properties":{"density":1},"geometry":{"type":"Polygon","coordinates":[[[-106.574,38.377],[-106.761,38.444],[-106.93,38.477],[-107.162,38.494],[-107.231,38.484],[-107.391,38.427],[-107.498,38.33],[-107.697,38.228],[-107.717,38.19],[-107.719,38.116],[-107.69,38.056],[-107.657,38.033],[-107.612,38.031],[-107.289,38.083],[-106.95,38.078],[-106.718,38.108],[-106.624,38.103],[-106.532,38.136],[-106.487,38.185],[-106.492,38.29],[-106.527,38.345],[-106.574,38.377]]]}},{"type":"Feature","properties":{"density":1},"geometry":{"type":"Polygon","coordinates":[[[-108.084,38.303],[-108.134,38.331],[-108.238,38.333],[-108.323,38.298],[-108.445,38.216],[-108.632,38.176],[-108.716,38.101],[-108.756,37.999],[-108.853,37.915],[-108.868,37.845],[-108.851,37.795],[-108.784,37.748],[-108.696,37.743],[-108.607,37.775],[-108.452,37.895],[-108.089,38.002],[-108.037,38.062],[-108.024,38.159],[-108.041,38.243],[-108.084,38.303]]]}},{"type":"Feature","properties":{"density":1},"geometry":{"type":"Polygon","coordinates":[[[-108.425,37.92],[-108.607,37.838],[-108.686,37.778],[-108.741,37.691],[-108.749,37.623],[-108.709,37.623],[-108.664,37.648],[-108.544,37.778],[-108.4,37.835],[-108.385,37.875],[-108.425,37.92]]]}},{"type":"Feature","properties":{"density":1},"geometry":{"type":"Polygon","coordinates":[[[-108.338,38.525],[-108.525,38.555],[-108.614,38.555],[-108.726,38.53],[-109.005,38.341],[-109.157,38.271],[-109.411,38.119],[-109.658,37.925],[-109.677,37.862],[-109.665,37.793],[-109.625,37.721],[-109.568,37.678],[-109.481,37.653],[-109.301,37.633],[-109.209,37.653],[-109.072,37.725],[-108.913,37.845],[-108.759,38.009],[-108.572,38.154],[-108.512,38.176],[-108.325,38.191],[-108.226,38.233],[-108.221,38.333],[-108.238,38.385],[-108.338,38.525]]]}},{"type":"Feature","properties":{"density":1},"geometry":{"type":"Polygon","coordinates":[[[-112.477,38.408],[-112.509,38.401],[-112.521,38.343],[-112.492,38.284],[-112.462,38.271],[-112.443,38.291],[-112.443,38.346],[-112.477,38.408]]]}},{"type":"Feature","properties":{"density":1},"geometry":{"type":"Polygon","coordinates":[[[-115.467,49.663],[-115.518,49.678],[-115.673,49.682],[-115.776,49.658],[-116.023,49.492],[-116.434,49.285],[-116.631,49.058],[-116.655,49.006],[-116.653,48.891],[-116.603,48.862],[-116.538,48.867],[-116.449,48.939],[-116.314,49.093],[-115.976,49.238],[-115.722,49.412],[-115.627,49.447],[-115.428,49.472],[-115.405,49.509],[-115.405,49.581],[-115.467,49.663]]]}},{"type":"Feature","properties":{"density":1},"geometry":{"type":"Polygon","coordinates":[[[-117.637,45.645],[-117.763,45.652],[-117.856,45.595],[-117.977,45.402],[-118.127,45.273],[-118.228,45.151],[-118.238,45.098],[-118.228,44.99],[-118.181,44.955],[-118.081,44.969],[-117.966,45.051],[-117.906,45.169],[-117.755,45.362],[-117.677,45.416],[-117.562,45.452],[-117.544,45.505],[-117.552,45.573],[-117.577,45.609],[-117.637,45.645]]]}},{"type":"Feature","properties":{"density":1},"geometry":{"type":"Polygon","coordinates":[[[-118.116,45.14],[-118.192,45.167],[-118.235,45.159],[-118.336,45.116],[-118.429,45.034],[-118.524,44.92],[-118.577,44.818],[-118.594,44.741],[-118.553,44.67],[-118.477,44.665],[-118.436,44.691],[-118.25,44.946],[-118.159,44.988],[-118.115,45.028],[-118.103,45.094],[-118.116,45.14]]]}},{"type":"Feature","properties":{"density":1},"geometry":{"type":"Polygon","coordinates":[[[-111.932,26.032],[-112.158,25.809],[-112.161,25.771],[-112.118,25.776],[-111.981,25.857],[-111.786,26.018],[-111.753,26.093],[-111.771,26.111],[-111.821,26.111],[-111.932,26.032]]]}},{"type":"Feature","properties":{"density":1},"geometry":{"type":"Polygon","coordinates":[[[-101.019,18.731],[-101.061,18.724],[-101.058,18.697],[-101.025,18.665],[-100.899,18.617],[-100.84,18.618],[-100.838,18.644],[-100.863,18.67],[-101.019,18.731]]]}},{"type":"Feature","properties":{"density":1},"geometry":{"type":"Polygon","coordinates":[[[-93.552,18.0],[-93.343,17.956],[-93.314,17.938],[-93.296,17.846],[-93.343,17.696],[-93.483,17.531],[-93.53,17.429],[-93.585,17.37],[-93.695,17.33],[-93.852,17.334],[-93.958,17.392],[-94.002,17.436],[-94.207,17.502],[-94.269,17.557],[-94.288,17.601],[-94.288,17.696],[-94.229,17.784],[-94.046,17.854],[-93.86,17.967],[-93.706,18.007],[-93.552,18.0]]]}},{"type":"Feature","properties":{"density":1},"geometry":{"type":"Polygon","coordinates":[[[-92.485,16.512],[-92.6,16.526],[-92.633,16.512],[-92.674,16.45],[-92.657,16.339],[-92.604,16.246],[-92.498,16.157],[-92.371,16.092],[-92.254,16.071],[-92.234,16.176],[-92.257,16.237],[-92.308,16.303],[-92.365,16.424],[-92.426,16.487],[-92.485,16.512]]]}},{"type":"Feature","properties":{"density":1},"geometry":{"type":"Polygon","coordinates":[[[-109.857,50.72],[-110.465,50.912],[-110.881,50.948],[-111.068,50.912],[-111.152,50.876],[-111.23,50.816],[-111.417,50.736],[-111.658,50.726],[-111.839,50.696],[-111.965,50.593],[-112.073,50.406],[-112.079,50.141],[-112.067,50.051],[-112.025,49.967],[-111.923,49.87],[-111.845,49.846],[-111.784,49.804],[-111.682,49.684],[-111.64,49.599],[-111.567,49.503],[-111.489,49.443],[-111.363,49.461],[-111.23,49.527],[-111.128,49.605],[-110.869,49.72],[-110.562,49.967],[-110.387,50.081],[-110.242,50.111],[-110.158,50.111],[-109.869,50.039],[-109.724,50.045],[-109.658,50.081],[-109.622,50.141],[-109.592,50.25],[-109.592,50.4],[-109.688,50.618],[-109.857,50.72]]]}},{"type":"Feature","properties":{"density":1},"geometry":{"type":"Polygon","coordinates":[[[-104.41,56.537],[-104.643,56.553],[-104.844,56.512],[-105.034,56.44],[-105.227,56.288],[-105.326,56.122],[-105.395,55.899],[-105.403,55.701],[-105.366,55.613],[-105.32,55.594],[-105.278,55.597],[-105.216,55.64],[-104.983,56.154],[-104.93,56.218],[-104.822,56.28],[-104.729,56.304],[-104.512,56.306],[-104.365,56.333],[-104.333,56.371],[-104.333,56.459],[-104.354,56.499],[-104.41,56.537]]]}},{"type":"Feature","properties":{"density":1},"geometry":{"type":"Polygon","coordinates":[[[-104.613,55.349],[-104.647,55.349],[-104.671,55.307],[-104.685,55.111],[-104.666,55.052],[-104.639,55.058],[-104.618,55.087],[-104.58,55.28],[-104.58,55.304],[-104.613,55.349]]]}},{"type":"Feature","properties":{"density":1},"geometry":{"type":"Polygon","coordinates":[[[-102.027,56.647],[-101.746,56.614],[-101.666,56.57],[-101.644,56.443],[-101.738,56.272],[-101.804,56.217],[-101.878,56.2],[-102.104,56.2],[-102.438,56.33],[-102.559,56.349],[-102.667,56.335],[-102.813,56.261],[-102.854,56.258],[-102.901,56.302],[-102.92,56.424],[-102.887,56.493],[-102.851,56.515],[-102.645,56.515],[-102.562,56.531],[-102.341,56.622],[-102.182,56.658],[-102.027,56.647]]]}},{"type":"Feature","properties":{"density":1},"geometry":{"type":"Polygon","coordinates":[[[-90.09,49.271],[-90.194,49.274],[-90.238,49.26],[-90.363,49.166],[-90.514,49.1],[-90.837,49.063],[-90.92,49.019],[-90.951,48.984],[-90.97,48.942],[-90.973,48.874],[-90.944,48.859],[-90.885,48.863],[-90.804,48.924],[-90.701,48.951],[-90.571,48.946],[-90.431,48.969],[-90.196,49.124],[-90.022,49.164],[-90.004,49.197],[-90.004,49.242],[-90.018,49.26],[-90.09,49.271]]]}},{"type":"Feature","properties":{"density":1},"geometry":{"type":"Polygon","coordinates":[[[-91.272,48.371],[-91.322,48.338],[-91.333,48.296],[-91.303,48.225],[-91.242,48.203],[-91.148,48.211],[-91.068,48.255],[-90.87,48.305],[-90.592,48.249],[-90.377,48.241],[-90.272,48.321],[-90.264,48.365],[-90.272,48.409],[-90.36,48.506],[-90.421,48.522],[-90.724,48.533],[-91.008,48.478],[-91.272,48.371]]]}},{"type":"Feature","properties":{"density":1},"geometry":{"type":"Polygon","coordinates":[[[-91.33,48.761],[-91.426,48.7],[-91.459,48.653],[-91.476,48.571],[-91.465,48.529],[-91.426,48.494],[-91.297,48.48],[-91.117,48.54],[-90.858,48.656],[-90.784,48.659],[-90.643,48.609],[-90.448,48.469],[-90.291,48.394],[-89.949,48.356],[-89.85,48.397],[-89.74,48.494],[-89.456,48.849],[-89.425,48.943],[-89.428,49.078],[-89.525,49.196],[-89.596,49.213],[-89.726,49.16],[-89.933,48.984],[-90.087,48.91],[-90.31,48.874],[-90.58,48.866],[-90.73,48.923],[-90.833,48.93],[-91.037,48.834],[-91.33,48.761]]]}},{"type":"Feature","properties":{"density":1},"geometry":{"type":"Polygon","coordinates":[[[-116.528,64.616],[-116.656,64.674],[-116.9,64.74],[-117.082,64.769],[-117.429,64.93],[-117.723,64.951],[-117.872,64.914],[-118.066,64.757],[-118.256,64.691],[-118.388,64.616],[-118.413,64.579],[-118.413,64.513],[-118.38,64.414],[-118.306,64.323],[-118.231,64.265],[-117.996,64.207],[-117.847,64.207],[-117.479,64.306],[-117.165,64.327],[-116.648,64.314],[-116.495,64.327],[-116.404,64.364],[-116.388,64.414],[-116.437,64.538],[-116.479,64.591],[-116.528,64.616]]]}},{"type":"Feature","properties":{"density":1},"geometry":{"type":"Polygon","coordinates":[[[-117.19,66.002],[-117.52,66.057],[-117.661,66.049],[-117.785,66.019],[-117.898,65.95],[-117.956,65.884],[-118.047,65.713],[-118.237,65.556],[-118.251,65.509],[-118.245,65.421],[-118.223,65.366],[-118.187,65.322],[-118.005,65.184],[-117.873,65.142],[-117.609,65.112],[-117.435,65.162],[-117.228,65.247],[-116.848,65.308],[-116.763,65.346],[-116.721,65.385],[-116.707,65.542],[-116.79,65.707],[-116.944,65.884],[-117.19,66.002]]]}},{"type":"Feature","properties":{"density":1},"geometry":{"type":"Polygon","coordinates":[[[-115.754,64.997],[-115.878,65.045],[-115.993,65.119],[-116.173,65.174],[-116.26,65.135],[-116.276,65.089],[-116.269,65.029],[-116.217,64.944],[-116.1,64.825],[-116.037,64.716],[-115.958,64.669],[-115.879,64.645],[-115.769,64.637],[-115.538,64.663],[-115.365,64.735],[-115.339,64.759],[-115.334,64.815],[-115.394,64.898],[-115.754,64.997]]]}},{"type":"Feature","properties":{"density":1},"geometry":{"type":"Polygon","coordinates":[[[-119.589,63.797],[-119.641,63.836],[-120.209,64.081],[-120.44,64.205],[-120.763,64.308],[-120.949,64.354],[-121.25,64.395],[-121.374,64.399],[-121.61,64.354],[-121.738,64.275],[-121.875,64.155],[-121.978,63.986],[-122.077,63.742],[-122.28,63.477],[-122.371,63.258],[-122.391,63.143],[-122.395,62.75],[-122.313,62.299],[-122.267,62.184],[-122.214,62.113],[-122.052,61.96],[-121.966,61.931],[-121.821,61.944],[-121.606,62.01],[-121.511,62.068],[-121.449,62.142],[-121.354,62.361],[-121.188,62.675],[-121.011,62.853],[-120.808,62.981],[-120.13,63.324],[-119.924,63.395],[-119.597,63.436],[-119.485,63.481],[-119.456,63.531],[-119.452,63.651],[-119.51,63.746],[-119.589,63.797]]]}},{"type":"Feature","properties":{"density":1},"geometry":{"type":"Polygon","coordinates":[[[-116.861,66.51],[-116.916,66.529],[-117.186,66.742],[-117.381,66.845],[-117.521,66.891],[-117.725,66.891],[-118.181,66.724],[-118.665,66.603],[-118.935,66.566],[-120.078,66.566],[-120.646,66.603],[-120.971,66.556],[-121.26,66.445],[-121.771,66.045],[-121.985,65.933],[-122.236,65.868],[-122.748,65.701],[-122.971,65.589],[-123.092,65.459],[-123.12,65.338],[-123.083,65.245],[-122.962,65.143],[-122.72,65.068],[-122.413,65.04],[-122.143,65.05],[-121.715,65.282],[-121.483,65.459],[-121.315,65.636],[-120.962,65.775],[-120.599,65.775],[-119.809,65.664],[-118.888,65.654],[-118.386,65.794],[-117.781,65.915],[-117.242,65.961],[-116.842,65.971],[-116.74,66.026],[-116.702,66.101],[-116.702,66.287],[-116.861,66.51]]]}},{"type":"Feature","properties":{"density":1},"geometry":{"type":"Polygon","coordinates":[[[-118.129,66.708],[-118.277,66.739],[-118.6,66.882],[-118.742,66.956],[-118.835,67.043],[-118.984,67.149],[-119.22,67.266],[-119.424,67.328],[-119.66,67.39],[-119.933,67.378],[-120.28,67.335],[-120.565,67.217],[-120.999,66.975],[-121.216,66.882],[-121.656,66.764],[-122.208,66.646],[-122.444,66.56],[-122.642,66.448],[-122.822,66.398],[-123.151,66.38],[-123.411,66.324],[-124.279,66.057],[-124.434,65.964],[-124.54,65.853],[-124.614,65.741],[-124.62,65.636],[-124.589,65.524],[-124.484,65.419],[-124.372,65.357],[-124.037,65.27],[-123.851,65.257],[-123.653,65.282],[-123.492,65.344],[-123.324,65.419],[-123.2,65.543],[-123.058,65.598],[-122.853,65.648],[-122.723,65.654],[-122.388,65.574],[-122.09,65.549],[-121.607,65.605],[-121.464,65.654],[-121.328,65.722],[-120.776,65.915],[-120.137,66.002],[-119.493,66.15],[-119.238,66.175],[-118.377,66.163],[-118.067,66.206],[-117.887,66.299],[-117.856,66.405],[-117.856,66.473],[-117.899,66.578],[-118.004,66.708],[-118.129,66.708]]]}},{"type":"Feature","properties":{"density":1},"geometry":{"type":"Polygon","coordinates":[[[-118.814,65.679],[-118.905,65.687],[-119.917,66.006],[-120.099,66.047],[-120.24,66.047],[-120.496,65.997],[-120.641,65.935],[-120.864,65.791],[-120.996,65.729],[-121.459,65.654],[-121.575,65.617],[-121.649,65.576],[-121.728,65.435],[-121.699,65.365],[-121.6,65.253],[-121.347,65.129],[-121.219,65.084],[-121.05,65.051],[-120.707,65.026],[-120.55,65.038],[-120.211,65.191],[-120.107,65.212],[-119.731,65.233],[-119.186,65.369],[-118.818,65.357],[-118.661,65.398],[-118.595,65.464],[-118.595,65.51],[-118.698,65.642],[-118.743,65.675],[-118.814,65.679]]]}},{"type":"Feature","properties":{"density":1},"geometry":{"type":"Polygon","coordinates":[[[-121.352,65.296],[-121.495,65.358],[-121.594,65.37],[-121.768,65.321],[-121.892,65.308],[-122.003,65.308],[-122.332,65.37],[-122.431,65.364],[-122.536,65.314],[-122.667,65.19],[-122.915,65.147],[-123.218,65.023],[-123.262,64.973],[-123.274,64.88],[-123.243,64.8],[-123.101,64.638],[-123.001,64.601],[-122.89,64.589],[-122.673,64.607],[-122.152,64.756],[-121.538,64.961],[-121.315,64.979],[-121.253,65.073],[-121.272,65.159],[-121.352,65.296]]]}},{"type":"Feature","properties":{"density":1},"geometry":{"type":"Polygon","coordinates":[[[-121.29,64.922],[-121.406,64.975],[-121.633,65.041],[-121.699,65.033],[-121.931,64.93],[-122.1,64.88],[-122.166,64.88],[-122.323,64.818],[-122.476,64.703],[-122.563,64.562],[-122.592,64.467],[-122.596,64.343],[-122.634,64.198],[-122.629,64.116],[-122.584,64.058],[-122.51,64.025],[-122.323,64.016],[-122.158,64.124],[-121.968,64.322],[-121.687,64.471],[-121.472,64.504],[-121.311,64.504],[-121.15,64.537],[-121.067,64.628],[-121.067,64.719],[-121.141,64.831],[-121.29,64.922]]]}},{"type":"Feature","properties":{"density":1},"geometry":{"type":"Polygon","coordinates":[[[-122.456,66.28],[-122.667,66.398],[-122.915,66.41],[-123.77,66.212],[-124.173,66.057],[-124.7,65.995],[-124.868,65.964],[-124.979,65.921],[-125.078,65.834],[-125.14,65.704],[-125.159,65.418],[-125.128,65.307],[-124.849,65.003],[-124.83,64.736],[-124.787,64.619],[-124.7,64.575],[-124.558,64.575],[-124.328,64.612],[-124.223,64.656],[-123.981,64.805],[-123.857,64.916],[-123.69,65.139],[-123.553,65.226],[-123.33,65.288],[-123.225,65.356],[-122.97,65.691],[-122.902,65.753],[-122.753,65.828],[-122.536,65.877],[-122.419,65.958],[-122.375,66.001],[-122.369,66.212],[-122.381,66.255],[-122.456,66.28]]]}},{"type":"Feature","properties":{"density":1},"geometry":{"type":"Polygon","coordinates":[[[-122.449,66.858],[-122.311,66.82],[-122.152,66.726],[-122.113,66.674],[-122.11,66.597],[-122.196,66.555],[-122.267,66.55],[-122.579,66.58],[-122.683,66.55],[-122.843,66.453],[-122.989,66.442],[-123.1,66.47],[-123.224,66.544],[-123.279,66.613],[-123.348,66.784],[-123.337,66.914],[-123.309,66.96],[-123.237,67.021],[-123.102,67.068],[-123.014,67.049],[-122.959,66.988],[-122.849,66.938],[-122.739,66.903],[-122.449,66.858]]]}},{"type":"Feature","properties":{"density":1},"geometry":{"type":"Polygon","coordinates":[[[-79.407,49.628],[-79.474,49.636],[-79.518,49.598],[-79.504,49.364],[-79.452,49.173],[-79.407,49.074],[-79.355,49.011],[-79.304,48.994],[-79.259,49.003],[-79.204,49.074],[-79.184,49.157],[-79.187,49.248],[-79.407,49.628]]]}},{"type":"Feature","properties":{"density":1},"geometry":{"type":"Polygon","coordinates":[[[-78.944,50.273],[-79.017,50.302],[-79.086,50.285],[-79.111,50.256],[-79.117,50.219],[-79.102,50.165],[-79.006,49.988],[-78.721,49.576],[-78.676,49.539],[-78.648,49.541],[-78.608,49.603],[-78.621,49.7],[-78.672,49.793],[-78.753,49.882],[-78.894,50.224],[-78.944,50.273]]]}},{"type":"Feature","properties":{"density":1},"geometry":{"type":"Polygon","coordinates":[[[-78.867,50.266],[-78.92,50.258],[-78.921,50.201],[-78.849,50.038],[-78.772,49.918],[-78.725,49.787],[-78.712,49.928],[-78.736,50.037],[-78.822,50.217],[-78.867,50.266]]]}},{"type":"Feature","properties":{"density":1},"geometry":{"type":"Polygon","coordinates":[[[-78.783,50.31],[-78.819,50.327],[-78.832,50.304],[-78.837,50.23],[-78.812,50.141],[-78.619,49.849],[-78.573,49.817],[-78.57,49.888],[-78.644,50.116],[-78.747,50.289],[-78.783,50.31]]]}},{"type":"Feature","properties":{"density":1},"geometry":{"type":"Polygon","coordinates":[[[-78.717,50.072],[-78.75,50.099],[-78.784,50.09],[-78.799,50.051],[-78.789,49.992],[-78.615,49.763],[-78.545,49.51],[-78.519,49.474],[-78.495,49.468],[-78.473,49.477],[-78.459,49.537],[-78.474,49.703],[-78.532,49.819],[-78.665,49.981],[-78.717,50.072]]]}},{"type":"Feature","properties":{"density":1},"geometry":{"type":"Polygon","coordinates":[[[-78.543,50.355],[-78.588,50.364],[-78.608,50.315],[-78.545,50.229],[-78.499,50.115],[-78.463,50.075],[-78.425,50.07],[-78.419,50.162],[-78.517,50.342],[-78.543,50.355]]]}},{"type":"Feature","properties":{"density":1},"geometry":{"type":"Polygon","coordinates":[[[-78.553,50.4],[-79.02,50.388],[-79.123,50.321],[-79.14,50.259],[-79.127,50.082],[-78.937,49.648],[-78.859,49.334],[-78.755,49.123],[-78.685,49.044],[-78.503,48.933],[-78.111,48.804],[-77.892,48.693],[-77.718,48.544],[-77.367,48.317],[-77.226,48.275],[-77.102,48.263],[-76.966,48.271],[-76.875,48.313],[-76.784,48.482],[-76.775,48.581],[-76.792,48.697],[-76.829,48.809],[-76.891,48.92],[-77.123,49.127],[-77.35,49.226],[-77.528,49.342],[-77.809,49.561],[-78.003,49.788],[-78.276,50.185],[-78.371,50.293],[-78.458,50.379],[-78.553,50.4]]]}},{"type":"Feature","properties":{"density":1},"geometry":{"type":"Polygon","coordinates":[[[-78.381,50.546],[-78.44,50.581],[-78.491,50.557],[-78.488,50.449],[-78.37,50.12],[-78.212,49.876],[-78.015,49.657],[-77.925,49.58],[-77.661,49.411],[-77.589,49.381],[-77.477,49.37],[-77.453,49.389],[-77.457,49.475],[-77.492,49.584],[-77.521,49.624],[-77.812,49.894],[-77.914,50.091],[-77.988,50.188],[-78.381,50.546]]]}},{"type":"Feature","properties":{"density":1},"geometry":{"type":"Polygon","coordinates":[[[-78.909,50.942],[-78.983,50.959],[-79.001,50.918],[-78.926,50.832],[-78.814,50.748],[-78.7,50.632],[-78.547,50.384],[-78.478,50.332],[-78.413,50.325],[-78.395,50.389],[-78.401,50.426],[-78.529,50.632],[-78.832,50.911],[-78.909,50.942]]]}},{"type":"Feature","properties":{"density":1},"geometry":{"type":"Polygon","coordinates":[[[-78.676,50.956],[-78.736,50.965],[-78.784,50.936],[-78.797,50.907],[-78.777,50.754],[-78.696,50.6],[-78.231,50.179],[-77.946,49.979],[-77.794,49.81],[-77.687,49.724],[-77.579,49.555],[-77.432,49.501],[-77.368,49.505],[-77.305,49.582],[-77.292,49.696],[-77.331,49.83],[-77.38,49.885],[-77.59,50.047],[-77.65,50.111],[-77.897,50.447],[-78.202,50.703],[-78.459,50.879],[-78.676,50.956]]]}},{"type":"Feature","properties":{"density":1},"geometry":{"type":"Polygon","coordinates":[[[-109.993,37.709],[-109.658,37.061],[-109.198,36.789],[-108.487,36.579],[-107.44,36.37],[-106.017,36.119],[-104.804,36.098],[-103.318,36.119],[-102.732,35.826],[-102.586,35.387],[-102.795,34.905],[-104.301,33.482],[-105.118,32.75],[-106.666,31.85],[-108.026,31.515],[-108.968,31.327],[-110.454,31.118],[-111.437,30.699],[-111.981,29.778],[-112.023,29.025],[-111.374,28.481],[-110.161,28.188],[-108.633,28.356],[-105.536,29.13],[-103.799,29.632],[-102.272,30.134],[-100.053,30.908],[-98.024,31.746],[-96.224,32.352],[-92.907,32.677],[-91.463,32.175],[-89.298,31.515],[-84.84,30.417],[-82.235,30.291],[-80.571,30.291],[-77.778,30.448],[-72.253,31.955],[-71.123,32.583],[-70.37,33.556],[-70.025,34.623],[-69.899,36.004],[-70.433,38.013],[-70.935,39.206],[-71.343,40.336],[-72.002,40.995],[-72.975,41.497],[-74.639,41.842],[-76.805,42.093],[-78.186,42.156],[-79.944,42.062],[-81.67,42.031],[-83.365,42.031],[-86.002,42.344],[-87.289,42.658],[-89.235,43.726],[-89.737,44.448],[-89.643,45.389],[-88.827,46.174],[-87.885,46.488],[-86.504,46.268],[-84.966,45.546],[-83.083,45.107],[-80.258,44.416],[-78.06,43.977],[-76.491,43.788],[-74.2,43.726],[-71.594,44.039],[-69.805,44.636],[-69.428,45.389],[-69.303,46.488],[-69.617,47.806],[-70.59,49.156],[-71.563,50.16],[-73.289,51.322],[-77.213,52.64],[-79.002,53.079],[-81.764,53.519],[-83.773,53.613],[-84.809,53.644],[-88.23,53.833],[-90.49,54.084],[-96.266,54.398],[-98.086,54.9],[-99.405,55.496],[-100.786,55.936],[-101.759,56.407],[-102.952,56.611],[-104.71,56.517],[-105.808,56.171],[-106.342,56.077],[-107.346,55.606],[-108.382,55.01],[-110.171,54.476],[-111.081,54.131],[-113.247,53.503],[-113.969,52.97],[-114.095,52.499],[-113.687,51.808],[-111.866,51.557],[-110.359,51.557],[-109.481,51.369],[-107.566,50.427],[-106.342,49.642],[-104.835,48.889],[-103.266,48.418],[-100.378,47.257],[-97.302,46.598],[-96.674,45.876],[-96.486,45.279],[-96.486,44.495],[-96.705,43.647],[-96.988,42.831],[-97.678,41.607],[-98.557,40.54],[-99.311,39.943],[-100.378,39.472],[-101.288,39.033],[-101.853,38.97],[-102.858,38.97],[-103.705,39.064],[-104.458,39.221],[-105.714,39.535],[-106.467,39.598],[-108.162,39.598],[-109.23,39.347],[-109.92,38.845],[-110.108,38.499],[-110.108,38.06],[-109.993,37.709]]]}},{"type":"Feature","properties":{"density":1},"geometry":{"type":"Polygon","coordinates":[[[-78.587,51.323],[-78.655,51.326],[-78.674,51.31],[-78.681,51.249],[-78.514,51.102],[-78.339,50.975],[-78.064,50.827],[-77.887,50.707],[-77.84,50.694],[-77.797,50.716],[-77.801,50.823],[-77.832,50.874],[-77.919,50.953],[-78.018,51.029],[-78.205,51.137],[-78.339,51.198],[-78.481,51.288],[-78.587,51.323]]]}},{"type":"Feature","properties":{"density":1},"geometry":{"type":"Polygon","coordinates":[[[-78.518,51.726],[-78.541,51.734],[-78.582,51.718],[-78.582,51.661],[-78.567,51.635],[-78.32,51.47],[-77.9,51.256],[-77.168,50.929],[-76.957,50.805],[-76.813,50.747],[-76.8,50.842],[-76.867,50.95],[-76.912,50.979],[-77.239,51.103],[-77.284,51.136],[-77.433,51.185],[-77.681,51.297],[-77.817,51.384],[-77.958,51.426],[-78.518,51.726]]]}},{"type":"Feature","properties":{"density":1},"geometry":{"type":"Polygon","coordinates":[[[-78.239,51.663],[-78.315,51.669],[-78.314,51.622],[-78.116,51.432],[-77.968,51.366],[-77.836,51.281],[-77.059,50.915],[-76.89,50.887],[-76.896,50.931],[-76.943,50.992],[-77.042,51.064],[-77.362,51.221],[-77.634,51.32],[-77.825,51.414],[-78.239,51.663]]]}},{"type":"Feature","properties":{"density":1},"geometry":{"type":"Polygon","coordinates":[[[-78.135,51.711],[-78.21,51.684],[-78.214,51.667],[-78.164,51.592],[-77.872,51.391],[-77.393,51.151],[-76.574,50.837],[-76.368,50.829],[-76.31,50.87],[-76.331,50.941],[-76.368,50.974],[-76.773,51.044],[-77.05,51.189],[-77.476,51.474],[-77.678,51.54],[-77.984,51.672],[-78.135,51.711]]]}},{"type":"Feature","properties":{"density":1},"geometry":{"type":"Polygon","coordinates":[[[-76.964,52.047],[-77.012,52.041],[-77.023,52.015],[-77.003,51.958],[-76.964,51.927],[-76.639,51.76],[-76.352,51.554],[-76.253,51.521],[-76.215,51.547],[-76.215,51.614],[-76.376,51.74],[-76.718,51.944],[-76.964,52.047]]]}},{"type":"Feature","properties":{"density":1},"geometry":{"type":"Polygon","coordinates":[[[-71.315,17.907],[-71.356,17.924],[-71.392,17.875],[-71.342,17.797],[-71.312,17.659],[-71.28,17.64],[-71.262,17.67],[-71.264,17.75],[-71.315,17.907]]]}},{"type":"Feature","properties":{"density":1},"geometry":{"type":"Polygon","coordinates":[[[-81.677,28.327],[-81.77,28.504],[-81.814,28.545],[-81.863,28.544],[-81.916,28.446],[-81.927,28.39],[-81.907,28.317],[-81.872,28.265],[-81.814,28.248],[-81.699,28.245],[-81.673,28.262],[-81.677,28.327]]]}},{"type":"Feature","properties":{"density":1},"geometry":{"type":"Polygon","coordinates":[[[-81.301,28.858],[-81.357,28.862],[-81.383,28.826],[-81.386,28.736],[-81.366,28.679],[-81.312,28.592],[-81.263,28.551],[-81.175,28.497],[-81.099,28.489],[-81.096,28.552],[-81.178,28.659],[-81.255,28.816],[-81.301,28.858]]]}},{"type":"Feature","properties":{"density":1},"geometry":{"type":"Polygon","coordinates":[[[-92.654,31.73],[-92.697,31.728],[-92.737,31.68],[-92.716,31.543],[-92.761,31.297],[-92.788,30.898],[-92.78,30.844],[-92.743,30.812],[-92.708,30.828],[-92.687,30.876],[-92.628,31.433],[-92.579,31.581],[-92.577,31.69],[-92.612,31.722],[-92.654,31.73]]]}},{"type":"Feature","properties":{"density":1},"geometry":{"type":"Polygon","coordinates":[[[-102.419,45.647],[-102.526,45.719],[-102.555,45.717],[-102.593,45.693],[-102.617,45.65],[-102.748,45.594],[-102.764,45.489],[-102.662,45.32],[-102.513,45.268],[-102.365,45.173],[-102.293,45.157],[-102.25,45.179],[-102.247,45.246],[-102.309,45.363],[-102.381,45.577],[-102.419,45.647]]]}},{"type":"Feature","properties":{"density":1},"geometry":{"type":"Polygon","coordinates":[[[-101.487,44.571],[-101.571,44.577],[-101.617,44.504],[-101.658,44.47],[-101.66,44.321],[-101.642,44.268],[-101.605,44.225],[-101.435,44.239],[-101.358,44.325],[-101.371,44.459],[-101.415,44.525],[-101.487,44.571]]]}},{"type":"Feature","properties":{"density":1},"geometry":{"type":"Polygon","coordinates":[[[-111.091,47.964],[-111.158,48.034],[-111.198,48.05],[-111.313,48.031],[-111.632,47.857],[-111.814,47.739],[-111.921,47.621],[-111.945,47.568],[-111.943,47.514],[-111.9,47.485],[-111.865,47.487],[-111.712,47.538],[-111.632,47.595],[-111.538,47.691],[-111.351,47.763],[-111.268,47.777],[-111.11,47.76],[-111.046,47.771],[-111.011,47.809],[-111.016,47.862],[-111.091,47.964]]]}},{"type":"Feature","properties":{"density":1},"geometry":{"type":"Polygon","coordinates":[[[-107.511,38.496],[-107.692,38.382],[-107.788,38.267],[-107.813,38.183],[-107.813,38.129],[-107.77,38.056],[-107.716,38.008],[-107.614,37.96],[-107.409,37.942],[-107.15,38.044],[-107.042,38.05],[-106.867,38.002],[-106.71,37.936],[-106.572,37.906],[-106.343,37.9],[-106.078,37.936],[-105.981,37.984],[-105.704,38.056],[-105.632,38.098],[-105.62,38.315],[-105.674,38.406],[-105.813,38.52],[-106.06,38.647],[-106.15,38.677],[-106.271,38.695],[-106.475,38.683],[-106.855,38.629],[-107.035,38.586],[-107.337,38.55],[-107.511,38.496]]]}},{"type":"Feature","properties":{"density":1},"geometry":{"type":"Polygon","coordinates":[[[-109.626,38.207],[-109.688,38.102],[-109.718,37.991],[-109.713,37.938],[-109.64,37.801],[-109.528,37.71],[-109.233,37.592],[-108.816,37.52],[-108.711,37.523],[-108.503,37.56],[-108.189,37.667],[-108.069,37.726],[-107.868,37.841],[-107.785,37.916],[-107.552,38.238],[-107.394,38.487],[-107.218,38.653],[-107.177,38.72],[-107.169,38.869],[-107.25,39.001],[-107.426,39.134],[-107.52,39.175],[-107.691,39.217],[-107.772,39.228],[-107.922,39.217],[-108.109,39.156],[-108.235,39.038],[-108.363,38.947],[-108.808,38.821],[-109.017,38.73],[-109.41,38.468],[-109.626,38.207]]]}},{"type":"Feature","properties":{"density":1},"geometry":{"type":"Polygon","coordinates":[[[-108.822,38.025],[-108.869,37.958],[-108.88,37.887],[-108.869,37.815],[-108.808,37.735],[-108.723,37.702],[-108.555,37.724],[-108.359,37.785],[-108.249,37.887],[-108.21,37.901],[-107.962,37.92],[-107.833,37.961],[-107.709,38.074],[-107.574,38.344],[-107.422,38.515],[-107.397,38.625],[-107.411,38.7],[-107.458,38.749],[-107.538,38.793],[-107.629,38.799],[-107.703,38.777],[-107.852,38.7],[-107.976,38.507],[-108.07,38.41],[-108.348,38.289],[-108.533,38.162],[-108.822,38.025]]]}},{"type":"Feature","properties":{"density":1},"geometry":{"type":"Polygon","coordinates":[[[-91.853,17.909],[-91.951,17.9],[-92.081,17.958],[-92.186,17.955],[-92.206,17.942],[-92.201,17.898],[-92.184,17.881],[-92.022,17.87],[-91.916,17.826],[-91.776,17.826],[-91.763,17.877],[-91.776,17.912],[-91.853,17.909]]]}},{"type":"Feature","properties":{"density":1},"geometry":{"type":"Polygon","coordinates":[[[-112.111,38.826],[-112.133,38.846],[-112.197,38.841],[-112.269,38.773],[-112.438,38.675],[-112.493,38.611],[-112.53,38.545],[-112.543,38.413],[-112.495,38.313],[-112.462,38.295],[-112.396,38.291],[-112.278,38.317],[-112.17,38.282],[-112.059,38.275],[-111.971,38.354],[-111.957,38.51],[-111.993,38.683],[-112.041,38.769],[-112.111,38.826]]]}},{"type":"Feature","properties":{"density":1},"geometry":{"type":"Polygon","coordinates":[[[-116.676,49.047],[-116.751,48.981],[-116.753,48.945],[-116.718,48.909],[-116.635,48.876],[-116.469,48.898],[-116.246,48.984],[-115.99,49.133],[-115.541,49.471],[-115.133,49.656],[-115.014,49.769],[-115.023,49.863],[-115.064,49.926],[-115.122,49.968],[-115.337,50.047],[-115.455,50.067],[-115.59,50.028],[-115.665,49.99],[-115.905,49.802],[-116.103,49.582],[-116.412,49.303],[-116.629,49.075],[-116.676,49.047]]]}},{"type":"Feature","properties":{"density":1},"geometry":{"type":"Polygon","coordinates":[[[-122.396,45.23],[-122.477,45.276],[-122.526,45.278],[-122.668,45.157],[-122.795,45.092],[-122.841,44.999],[-122.833,44.921],[-122.797,44.872],[-122.749,44.859],[-122.714,44.874],[-122.582,45.039],[-122.379,45.107],[-122.37,45.173],[-122.396,45.23]]]}},{"type":"Feature","properties":{"density":1},"geometry":{"type":"Polygon","coordinates":[[[-122.741,44.905],[-122.795,44.868],[-122.771,44.815],[-122.578,44.712],[-122.44,44.664],[-122.332,44.653],[-122.295,44.657],[-122.255,44.701],[-122.256,44.749],[-122.302,44.837],[-122.477,44.853],[-122.646,44.907],[-122.741,44.905]]]}},{"type":"Feature","properties":{"density":1},"geometry":{"type":"Polygon","coordinates":[[[-122.767,44.83],[-122.795,44.831],[-122.822,44.802],[-122.824,44.74],[-122.765,44.657],[-122.661,44.567],[-122.429,44.479],[-122.33,44.469],[-122.278,44.488],[-122.273,44.559],[-122.319,44.611],[-122.561,44.712],[-122.767,44.83]]]}},{"type":"Feature","properties":{"density":1},"geometry":{"type":"Polygon","coordinates":[[[-122.644,43.147],[-122.729,43.128],[-122.9,42.948],[-123.062,42.651],[-123.04,42.576],[-122.994,42.546],[-122.911,42.535],[-122.82,42.549],[-122.735,42.651],[-122.704,42.772],[-122.655,42.847],[-122.583,42.915],[-122.544,42.993],[-122.542,43.059],[-122.569,43.122],[-122.644,43.147]]]}},{"type":"Feature","properties":{"density":1},"geometry":{"type":"Polygon","coordinates":[[[-117.288,34.711],[-117.368,34.722],[-117.484,34.672],[-117.619,34.67],[-117.702,34.645],[-117.74,34.617],[-117.842,34.482],[-117.859,34.388],[-117.845,34.339],[-117.779,34.264],[-117.652,34.198],[-117.542,34.204],[-117.41,34.24],[-117.225,34.245],[-117.175,34.273],[-117.115,34.336],[-117.049,34.446],[-116.941,34.529],[-116.927,34.603],[-116.974,34.672],[-117.018,34.686],[-117.17,34.672],[-117.222,34.678],[-117.288,34.711]]]}},{"type":"Feature","properties":{"density":1},"geometry":{"type":"Polygon","coordinates":[[[-116.42,32.618],[-116.448,32.559],[-116.424,32.53],[-116.396,32.524],[-116.321,32.548],[-116.248,32.607],[-116.101,32.646],[-116.034,32.708],[-116.012,32.807],[-116.049,32.839],[-116.091,32.828],[-116.222,32.743],[-116.345,32.686],[-116.42,32.618]]]}},{"type":"Feature","properties":{"density":1},"geometry":{"type":"Polygon","coordinates":[[[-118.606,45.498],[-118.635,45.411],[-118.643,45.32],[-118.656,44.841],[-118.631,44.762],[-118.577,44.713],[-118.478,44.708],[-118.408,44.762],[-118.362,44.857],[-118.333,44.961],[-118.308,45.184],[-118.238,45.407],[-118.189,45.506],[-118.077,45.651],[-117.684,46.019],[-117.277,46.336],[-117.237,46.405],[-117.241,46.485],[-117.366,46.589],[-117.548,46.63],[-117.626,46.63],[-117.713,46.597],[-117.825,46.519],[-117.957,46.411],[-118.164,46.172],[-118.441,45.808],[-118.606,45.498]]]}},{"type":"Feature","properties":{"density":1},"geometry":{"type":"Polygon","coordinates":[[[-115.832,47.261],[-115.919,47.274],[-116.072,47.245],[-116.221,47.125],[-116.279,47.096],[-116.556,47.017],[-116.82,46.885],[-117.279,46.55],[-117.523,46.414],[-117.804,46.215],[-118.077,45.98],[-118.226,45.707],[-118.345,45.36],[-118.35,45.244],[-118.325,45.075],[-118.292,44.951],[-118.213,44.76],[-118.188,44.736],[-118.089,44.744],[-118.015,44.802],[-117.763,45.306],[-117.556,45.6],[-117.254,45.852],[-116.977,46.05],[-116.444,46.538],[-116.349,46.612],[-116.2,46.687],[-115.77,46.786],[-115.568,46.873],[-115.469,46.947],[-115.44,47.079],[-115.489,47.154],[-115.65,47.228],[-115.832,47.261]]]}},{"type":"Feature","properties":{"density":1},"geometry":{"type":"Polygon","coordinates":[[[-109.632,51.12],[-109.868,51.169],[-109.954,51.144],[-110.049,51.062],[-110.364,50.962],[-110.442,50.867],[-110.517,50.719],[-110.661,50.607],[-110.694,50.561],[-110.727,50.491],[-110.732,50.429],[-110.727,50.371],[-110.703,50.326],[-110.657,50.293],[-110.587,50.285],[-110.475,50.322],[-110.388,50.367],[-110.19,50.566],[-110.111,50.615],[-110.004,50.644],[-109.62,50.677],[-109.504,50.743],[-109.467,50.805],[-109.463,50.987],[-109.541,51.078],[-109.632,51.12]]]}},{"type":"Feature","properties":{"density":1},"geometry":{"type":"Polygon","coordinates":[[[-122.497,66.359],[-122.654,66.4],[-122.869,66.4],[-123.055,66.301],[-123.356,66.227],[-123.497,66.132],[-123.683,65.962],[-123.778,65.912],[-123.914,65.871],[-124.34,65.809],[-124.443,65.764],[-124.522,65.698],[-124.576,65.602],[-124.704,65.437],[-124.733,65.334],[-124.704,65.243],[-124.543,64.978],[-124.539,64.834],[-124.559,64.714],[-124.543,64.594],[-124.307,64.507],[-124.166,64.499],[-123.538,64.581],[-123.418,64.643],[-123.319,64.718],[-123.191,64.838],[-123.088,64.962],[-122.935,65.201],[-122.596,65.421],[-122.509,65.669],[-122.339,65.921],[-122.319,66.028],[-122.339,66.148],[-122.377,66.235],[-122.497,66.359]]]}},{"type":"Feature","properties":{"density":1},"geometry":{"type":"Polygon","coordinates":[[[-152.94,66.997],[-153.156,67.042],[-153.36,66.962],[-153.589,66.954],[-153.751,66.918],[-153.779,66.896],[-153.828,66.789],[-153.842,66.692],[-153.834,66.621],[-153.795,66.593],[-153.66,66.587],[-153.495,66.645],[-153.357,66.654],[-153.211,66.711],[-152.985,66.756],[-152.946,66.775],[-152.905,66.835],[-152.902,66.929],[-152.913,66.973],[-152.94,66.997]]]}},{"type":"Feature","properties":{"density":1},"geometry":{"type":"Polygon","coordinates":[[[-153.837,66.833],[-153.872,66.824],[-153.894,66.772],[-153.897,66.675],[-153.875,66.638],[-153.83,66.64],[-153.815,66.66],[-153.787,66.793],[-153.796,66.818],[-153.837,66.833]]]}},{"type":"Feature","properties":{"density":1},"geometry":{"type":"Polygon","coordinates":[[[-154.163,66.802],[-154.213,66.818],[-154.337,66.775],[-154.374,66.729],[-154.376,66.649],[-154.324,66.651],[-154.239,66.711],[-154.145,66.711],[-154.131,66.751],[-154.163,66.802]]]}},{"type":"Feature","properties":{"density":1},"geometry":{"type":"Polygon","coordinates":[[[-106.566,58.881],[-106.682,58.797],[-106.775,58.629],[-106.788,58.53],[-106.757,58.443],[-106.688,58.344],[-106.602,58.294],[-106.354,58.282],[-106.23,58.307],[-106.13,58.35],[-105.882,58.499],[-105.74,58.629],[-105.678,58.71],[-105.461,58.896],[-104.971,59.057],[-104.847,59.113],[-104.698,59.206],[-104.524,59.361],[-104.388,59.534],[-104.345,59.634],[-104.338,59.782],[-104.407,59.869],[-104.524,59.906],[-104.648,59.906],[-104.735,59.882],[-104.853,59.82],[-105.008,59.702],[-105.684,59.423],[-106.093,59.2],[-106.351,59.047],[-106.566,58.881]]]}},{"type":"Feature","properties":{"density":1},"geometry":{"type":"Polygon","coordinates":[[[-102.891,56.683],[-102.921,56.658],[-102.96,56.57],[-102.985,56.316],[-102.974,56.28],[-102.941,56.253],[-102.88,56.234],[-102.69,56.22],[-102.263,56.242],[-101.891,56.201],[-101.494,56.234],[-101.287,56.228],[-101.127,56.209],[-100.758,56.112],[-100.405,56.041],[-100.133,56.068],[-100.075,56.123],[-100.064,56.247],[-100.086,56.349],[-100.191,56.487],[-100.254,56.545],[-100.364,56.606],[-100.609,56.666],[-100.984,56.663],[-101.221,56.716],[-101.345,56.749],[-101.701,56.909],[-101.918,56.972],[-102.048,56.978],[-102.221,56.958],[-102.891,56.683]]]}},{"type":"Feature","properties":{"density":1},"geometry":{"type":"Polygon","coordinates":[[[-90.961,49.0],[-90.994,48.942],[-90.999,48.856],[-90.972,48.831],[-90.878,48.82],[-90.796,48.848],[-90.619,48.953],[-90.225,48.955],[-89.79,49.038],[-89.746,49.071],[-89.735,49.143],[-89.798,49.239],[-89.867,49.27],[-89.991,49.283],[-90.156,49.212],[-90.413,49.187],[-90.641,49.135],[-90.961,49.0]]]}},{"type":"Feature","properties":{"density":1},"geometry":{"type":"Polygon","coordinates":[[[-91.313,48.36],[-91.349,48.296],[-91.341,48.236],[-91.272,48.167],[-91.195,48.136],[-91.09,48.158],[-90.955,48.23],[-90.806,48.247],[-90.707,48.233],[-90.354,48.136],[-89.996,48.1],[-89.85,48.123],[-89.811,48.197],[-89.809,48.252],[-89.833,48.318],[-89.9,48.393],[-90.079,48.497],[-90.33,48.547],[-90.803,48.558],[-90.908,48.539],[-91.313,48.36]]]}},{"type":"Feature","properties":{"density":1},"geometry":{"type":"Polygon","coordinates":[[[-91.326,48.718],[-91.405,48.689],[-91.466,48.61],[-91.477,48.575],[-91.461,48.525],[-91.426,48.496],[-91.304,48.481],[-90.645,48.623],[-90.318,48.615],[-90.075,48.679],[-90.048,48.705],[-90.029,48.769],[-90.031,48.804],[-90.064,48.858],[-90.153,48.937],[-90.294,48.997],[-90.424,49.016],[-90.614,48.948],[-90.891,48.905],[-90.992,48.865],[-91.132,48.781],[-91.326,48.718]]]}},{"type":"Feature","properties":{"density":1},"geometry":{"type":"Polygon","coordinates":[[[-92.468,51.911],[-92.56,51.922],[-92.582,51.913],[-92.595,51.876],[-92.56,51.832],[-92.457,51.777],[-92.0,51.644],[-91.869,51.622],[-91.726,51.619],[-91.684,51.628],[-91.638,51.67],[-91.649,51.723],[-91.697,51.784],[-91.82,51.834],[-92.033,51.88],[-92.468,51.911]]]}},{"type":"Feature","properties":{"density":1},"geometry":{"type":"Polygon","coordinates":[[[-79.391,49.559],[-79.427,49.584],[-79.482,49.556],[-79.504,49.471],[-79.504,49.391],[-79.421,49.113],[-79.529,48.964],[-79.631,48.873],[-79.667,48.788],[-79.653,48.697],[-79.573,48.57],[-79.57,48.377],[-79.501,48.286],[-79.369,48.236],[-79.143,48.214],[-78.978,48.253],[-78.807,48.349],[-78.746,48.487],[-78.755,48.564],[-78.821,48.763],[-78.881,48.884],[-79.391,49.559]]]}},{"type":"Feature","properties":{"density":1},"geometry":{"type":"Polygon","coordinates":[[[-77.728,51.737],[-77.951,51.83],[-78.087,51.861],[-78.193,51.879],[-78.459,51.873],[-78.54,51.824],[-78.757,51.545],[-78.831,51.396],[-78.937,51.272],[-79.067,51.166],[-79.166,51.061],[-79.228,50.863],[-79.197,50.633],[-79.216,50.41],[-79.296,50.181],[-79.334,49.976],[-79.334,49.784],[-79.259,49.486],[-79.191,49.344],[-79.073,49.176],[-78.949,49.027],[-78.577,48.662],[-78.292,48.432],[-77.709,48.06],[-77.511,47.868],[-77.318,47.731],[-76.971,47.676],[-76.587,47.651],[-76.339,47.688],[-76.153,47.8],[-76.047,47.948],[-75.775,48.494],[-75.365,48.947],[-75.279,49.12],[-75.217,49.306],[-75.223,49.697],[-75.254,49.895],[-75.322,50.119],[-75.57,50.602],[-75.719,50.813],[-75.911,51.042],[-76.357,51.39],[-76.872,51.576],[-77.201,51.675],[-77.728,51.737]]]}},{"type":"Feature","properties":{"density":1},"geometry":{"type":"Polygon","coordinates":[[[-78.586,51.325],[-78.616,51.334],[-78.667,51.31],[-78.671,51.231],[-78.584,50.972],[-78.5,50.847],[-77.78,50.285],[-77.392,49.94],[-77.282,49.899],[-77.162,49.892],[-77.014,49.945],[-76.988,49.995],[-77.015,50.069],[-77.217,50.267],[-77.502,50.462],[-77.673,50.642],[-77.776,50.706],[-77.927,50.836],[-78.138,51.072],[-78.358,51.219],[-78.586,51.325]]]}},{"type":"Feature","properties":{"density":1},"geometry":{"type":"Polygon","coordinates":[[[-77.846,50.956],[-77.871,50.976],[-77.928,50.968],[-77.942,50.896],[-77.906,50.827],[-77.476,50.367],[-77.383,50.246],[-77.267,50.025],[-77.217,49.962],[-77.107,49.882],[-77.041,49.857],[-76.892,49.843],[-76.856,49.89],[-76.856,50.113],[-76.95,50.301],[-77.071,50.403],[-77.328,50.568],[-77.691,50.874],[-77.846,50.956]]]}},{"type":"Feature","properties":{"density":1},"geometry":{"type":"Polygon","coordinates":[[[-135.628,72.684],[-136.771,72.272],[-137.64,71.632],[-138.143,70.992],[-138.692,70.214],[-139.47,69.574],[-140.293,69.116],[-141.3,68.75],[-142.077,68.384],[-142.992,68.201],[-145.142,67.653],[-146.011,67.104],[-146.743,66.418],[-147.017,65.457],[-147.154,64.313],[-146.926,63.261],[-146.331,62.255],[-145.553,61.478],[-144.684,61.066],[-143.541,60.609],[-142.123,59.877],[-141.208,59.053],[-140.613,58.001],[-140.248,56.812],[-139.973,55.623],[-139.516,54.662],[-138.875,53.839],[-138.326,53.382],[-137.503,53.29],[-136.68,53.29],[-135.582,53.473],[-134.347,53.839],[-133.295,54.205],[-132.243,54.982],[-131.191,55.486],[-130.368,55.943],[-129.544,56.675],[-128.767,57.132],[-127.943,57.727],[-126.937,58.184],[-126.114,58.321],[-124.97,58.55],[-121.738,58.779],[-120.64,58.799],[-119.664,58.901],[-119.176,58.921],[-118.16,59.003],[-117.57,59.003],[-116.249,58.84],[-115.639,58.718],[-114.338,58.393],[-113.708,58.128],[-113.118,57.783],[-110.882,56.976],[-110.577,56.895],[-110.008,56.549],[-109.825,56.285],[-109.54,56.163],[-109.215,56.062],[-108.361,55.879],[-107.995,55.736],[-107.63,55.533],[-107.182,55.248],[-106.755,54.862],[-106.41,54.517],[-106.085,53.968],[-105.678,53.459],[-105.251,53.033],[-103.798,52.162],[-103.574,52.06],[-102.903,51.572],[-102.517,51.227],[-102.252,50.901],[-101.988,50.495],[-101.744,50.027],[-101.46,49.621],[-101.094,49.316],[-100.768,49.194],[-100.362,48.95],[-99.935,48.584],[-99.671,48.137],[-99.467,47.71],[-99.183,47.201],[-98.858,46.856],[-98.41,46.571],[-97.943,46.388],[-97.089,46.124],[-96.54,46.002],[-95.503,45.819],[-95.117,45.799],[-93.653,45.9],[-93.369,45.839],[-92.962,45.778],[-92.251,45.413],[-91.986,45.169],[-91.356,44.721],[-90.579,44.115],[-90.335,43.891],[-90.091,43.546],[-89.989,43.037],[-89.948,42.55],[-90.07,42.143],[-90.314,41.614],[-90.931,40.774],[-91.094,40.53],[-91.392,40.218],[-91.649,40.029],[-92.015,39.866],[-92.517,39.744],[-92.95,39.69],[-93.33,39.676],[-94.251,39.731],[-94.78,39.744],[-95.336,39.676],[-96.094,39.527],[-97.423,39.121],[-98.087,38.958],[-100.906,38.646],[-101.258,38.687],[-102.275,38.958],[-103.305,39.432],[-103.82,39.703],[-104.944,40.096],[-105.568,40.246],[-106.232,40.368],[-107.208,40.476],[-107.655,40.476],[-108.075,40.435],[-108.888,40.246],[-109.241,40.11],[-109.607,39.934],[-109.918,39.717],[-110.203,39.446],[-110.352,39.107],[-110.515,38.66],[-110.528,38.24],[-110.379,37.86],[-110.108,37.467],[-109.729,37.196],[-109.335,37.006],[-108.834,36.803],[-107.736,36.627],[-107.181,36.573],[-106.584,36.559],[-105.988,36.681],[-104.592,36.925],[-104.158,36.966],[-103.67,36.925],[-103.291,36.749],[-103.061,36.491],[-102.776,36.207],[-102.397,36.031],[-101.99,35.936],[-101.571,35.742],[-101.174,35.513],[-100.987,35.23],[-100.909,34.507],[-100.939,34.173],[-100.858,33.97],[-100.716,33.848],[-100.472,33.746],[-99.719,33.665],[-99.313,33.726],[-98.845,33.827],[-98.256,33.827],[-97.727,33.868],[-97.28,33.807],[-96.214,33.598],[-95.457,33.427],[-94.949,33.265],[-94.502,33.001],[-94.115,32.594],[-93.709,32.045],[-93.282,31.598],[-92.387,31.008],[-91.879,30.764],[-91.249,30.561],[-90.761,30.459],[-90.07,30.459],[-89.44,30.48],[-88.83,30.398],[-88.322,30.215],[-87.793,29.951],[-87.407,29.606],[-87.0,29.321],[-86.573,28.935],[-86.045,28.508],[-85.618,28.284],[-84.988,28.0],[-84.276,27.837],[-82.894,27.695],[-82.162,27.674],[-81.552,27.695],[-80.454,28.04],[-79.59,28.484],[-79.306,28.667],[-78.655,28.931],[-78.005,29.236],[-77.374,29.44],[-76.704,29.541],[-75.972,29.521],[-75.24,29.277],[-73.675,28.667],[-72.922,28.545],[-72.211,28.525],[-71.276,28.464],[-69.05,28.25],[-68.364,28.159],[-67.494,28.205],[-66.534,28.296],[-65.207,28.525],[-64.11,28.891],[-62.92,29.44],[-61.823,29.988],[-60.725,30.766],[-59.764,31.544],[-58.484,33.19],[-57.34,34.883],[-56.745,35.797],[-56.014,36.529],[-55.145,37.078],[-54.001,37.581],[-52.903,37.902],[-51.988,38.45],[-51.348,38.999],[-50.662,39.731],[-49.93,40.692],[-49.244,41.789],[-48.558,42.841],[-48.055,43.985],[-47.78,44.991],[-47.78,46.135],[-48.309,49.342],[-49.269,50.897],[-49.956,51.949],[-50.459,52.864],[-51.602,54.693],[-52.197,55.517],[-52.929,56.294],[-53.615,56.935],[-54.118,57.575],[-54.758,58.261],[-55.399,59.084],[-56.771,60.64],[-57.366,61.051],[-58.28,61.234],[-59.337,61.768],[-59.703,61.768],[-60.283,61.737],[-60.801,61.554],[-61.259,61.31],[-61.624,61.005],[-61.899,60.579],[-62.417,59.847],[-62.57,59.359],[-62.692,58.84],[-62.692,58.261],[-62.478,57.346],[-62.326,56.401],[-62.051,55.486],[-62.021,54.236],[-62.112,53.138],[-62.6,52.101],[-63.21,51.339],[-65.436,50.506],[-65.985,50.241],[-66.656,49.957],[-67.367,49.713],[-68.099,49.591],[-68.872,49.57],[-69.461,49.591],[-70.742,49.875],[-71.352,50.099],[-71.921,50.363],[-72.45,50.546],[-73.832,51.156],[-74.117,51.298],[-74.991,51.888],[-75.479,52.234],[-75.967,52.64],[-76.312,53.148],[-76.637,54.531],[-76.576,55.242],[-76.394,55.588],[-76.637,56.726],[-76.414,57.885],[-76.068,58.332],[-75.662,58.637],[-75.275,58.8],[-74.747,58.962],[-72.775,59.288],[-72.124,59.369],[-71.474,59.715],[-70.864,60.081],[-70.376,60.589],[-70.173,61.056],[-69.726,62.444],[-69.573,63.145],[-69.573,63.938],[-69.634,64.792],[-69.909,65.646],[-70.213,66.408],[-70.549,67.079],[-71.128,67.689],[-71.738,68.177],[-72.44,68.573],[-73.232,69.091],[-74.574,69.762],[-77.486,71.165],[-80.734,71.988],[-83.204,72.308],[-85.628,72.766],[-88.098,72.995],[-90.385,73.452],[-94.776,74.138],[-97.841,74.504],[-101.043,74.916],[-104.382,75.602],[-109.642,76.288],[-111.792,76.379],[-114.124,76.517],[-117.921,76.517],[-120.299,76.196],[-122.724,75.83],[-130.408,74.184],[-135.628,72.684]]]}},{"type":"Feature","properties":{"density":1},"geometry":{"type":"Polygon","coordinates":[[[-97.177,25.842],[-97.069,25.914],[-96.933,25.968],[-96.762,25.941],[-96.617,25.86],[-96.518,25.733],[-96.446,25.607],[-96.391,25.426],[-96.31,25.237],[-96.111,24.83],[-95.94,24.595],[-95.723,24.46],[-95.461,24.342],[-95.163,24.306],[-94.873,24.324],[-94.277,24.469],[-93.672,24.74],[-93.31,24.857],[-92.967,24.92],[-92.597,24.966],[-92.235,24.975],[-91.91,24.929],[-91.53,24.821],[-91.052,24.667],[-90.609,24.478],[-90.247,24.243],[-89.784,24.002],[-89.624,23.814],[-89.606,23.619],[-89.696,23.122],[-89.796,22.869],[-89.94,22.634],[-90.13,22.427],[-90.32,22.264],[-90.618,22.119],[-90.88,22.065],[-91.35,21.866],[-91.539,21.749],[-91.729,21.523],[-91.774,21.351],[-91.774,21.171],[-91.747,21.026],[-91.603,20.737],[-91.431,20.52],[-91.106,20.367],[-90.997,20.285],[-90.907,20.168],[-90.652,19.906],[-90.453,19.788],[-90.408,19.698],[-90.399,19.391],[-90.525,19.057],[-90.778,18.65],[-90.941,17.918],[-91.004,17.783],[-91.23,17.466],[-91.813,17.037],[-91.894,16.902],[-92.003,16.549],[-92.084,16.373],[-92.233,16.143],[-92.396,16.048],[-92.545,16.021],[-92.775,16.021],[-93.249,16.129],[-93.507,16.156],[-93.683,16.102],[-93.819,15.994],[-94.305,15.768],[-94.698,15.781],[-95.498,15.89],[-95.647,15.93],[-95.85,16.201],[-96.067,16.567],[-96.162,16.811],[-96.175,17.082],[-96.162,17.408],[-96.121,17.692],[-96.121,17.977],[-96.175,18.234],[-96.311,18.478],[-96.487,18.668],[-96.866,18.98],[-97.503,19.468],[-97.707,19.671],[-98.059,19.956],[-98.289,20.199],[-98.425,20.376],[-98.615,20.918],[-98.696,21.189],[-98.737,21.406],[-98.737,21.934],[-98.71,22.246],[-98.655,22.544],[-98.574,22.856],[-98.466,23.154],[-98.33,23.655],[-98.249,23.899],[-98.086,24.279],[-97.896,24.631],[-97.177,25.842]]]}},{"type":"Feature","properties":{"density":1},"geometry":{"type":"Polygon","coordinates":[[[-91.454,18.157],[-91.598,18.152],[-91.618,18.138],[-91.622,18.099],[-91.577,18.059],[-91.249,18.0],[-90.959,17.981],[-90.899,18.004],[-90.897,18.031],[-90.927,18.072],[-90.986,18.093],[-91.286,18.146],[-91.454,18.157]]]}},{"type":"Feature","properties":{"density":2},"geometry":{"type":"Polygon","coordinates":[[[-109.499,37.804],[-109.275,37.89],[-109.237,37.933],[-109.219,38.002],[-109.258,38.049],[-109.448,38.062],[-109.555,38.045],[-109.624,37.963],[-109.654,37.881],[-109.637,37.817],[-109.585,37.782],[-109.499,37.804]]]}},{"type":"Feature","properties":{"density":2},"geometry":{"type":"Polygon","coordinates":[[[-107.559,38.128],[-107.406,38.22],[-107.408,38.247],[-107.579,38.231],[-107.659,38.28],[-107.708,38.346],[-107.737,38.349],[-107.786,38.306],[-107.748,38.226],[-107.751,38.183],[-107.817,38.157],[-107.892,38.16],[-107.912,38.114],[-107.823,38.085],[-107.705,38.076],[-107.619,38.088],[-107.559,38.128]]]}},{"type":"Feature","properties":{"density":2},"geometry":{"type":"Polygon","coordinates":[[[-116.761,66.409],[-116.883,66.557],[-117.153,66.725],[-117.618,66.818],[-118.473,66.911],[-119.134,66.883],[-120.324,66.892],[-120.91,66.864],[-121.914,66.753],[-122.314,66.632],[-122.817,66.334],[-122.975,66.018],[-122.91,65.506],[-122.668,65.144],[-122.091,64.948],[-121.161,64.958],[-120.501,65.032],[-119.673,65.19],[-119.208,65.33],[-118.036,65.739],[-116.827,65.888],[-116.697,65.925],[-116.604,66.055],[-116.612,66.181],[-116.761,66.409]]]}},{"type":"Feature","properties":{"density":2},"geometry":{"type":"Polygon","coordinates":[[[-107.545,38.263],[-107.615,38.232],[-107.651,38.175],[-107.6,38.085],[-107.572,38.07],[-107.541,38.078],[-107.514,38.162],[-107.425,38.23],[-107.435,38.261],[-107.545,38.263]]]}},{"type":"Feature","properties":{"density":2},"geometry":{"type":"Polygon","coordinates":[[[-109.128,38.19],[-109.202,38.174],[-109.376,38.032],[-109.51,37.992],[-109.567,37.911],[-109.569,37.862],[-109.549,37.83],[-109.514,37.816],[-109.455,37.823],[-109.33,37.902],[-109.29,37.911],[-109.216,37.974],[-109.086,38.051],[-109.08,38.121],[-109.128,38.19]]]}},{"type":"Feature","properties":{"density":2},"geometry":{"type":"Polygon","coordinates":[[[-104.997,56.114],[-105.049,56.122],[-105.091,56.092],[-105.173,55.936],[-105.284,55.822],[-105.339,55.681],[-105.315,55.629],[-105.275,55.626],[-105.232,55.67],[-105.094,55.934],[-104.959,56.021],[-104.959,56.082],[-104.997,56.114]]]}},{"type":"Feature","properties":{"density":2},"geometry":{"type":"Polygon","coordinates":[[[-90.047,48.812],[-90.189,48.808],[-90.81,48.9],[-90.927,48.867],[-91.021,48.789],[-91.094,48.753],[-91.278,48.729],[-91.431,48.609],[-91.44,48.58],[-91.416,48.547],[-91.293,48.541],[-90.988,48.643],[-90.85,48.709],[-90.767,48.727],[-90.613,48.727],[-90.402,48.677],[-90.196,48.696],[-89.998,48.665],[-89.878,48.663],[-89.814,48.69],[-89.823,48.745],[-89.92,48.788],[-90.047,48.812]]]}},{"type":"Feature","properties":{"density":2},"geometry":{"type":"Polygon","coordinates":[[[-79.04,50.247],[-79.088,50.239],[-79.09,50.195],[-79.023,50.186],[-78.939,50.127],[-78.911,50.133],[-78.902,50.169],[-78.928,50.201],[-78.983,50.237],[-79.04,50.247]]]}},{"type":"Feature","properties":{"density":2},"geometry":{"type":"Polygon","coordinates":[[[-78.554,50.201],[-78.579,50.209],[-78.604,50.186],[-78.595,50.135],[-78.524,50.043],[-78.453,50.016],[-78.448,50.07],[-78.554,50.201]]]}},{"type":"Feature","properties":{"density":2},"geometry":{"type":"Polygon","coordinates":[[[-78.65,50.179],[-78.695,50.182],[-78.681,50.127],[-78.466,49.822],[-78.425,49.776],[-78.369,49.762],[-78.354,49.812],[-78.393,49.887],[-78.44,49.954],[-78.613,50.103],[-78.65,50.179]]]}},{"type":"Feature","properties":{"density":2},"geometry":{"type":"Polygon","coordinates":[[[-78.675,50.919],[-78.735,50.937],[-78.789,50.916],[-78.767,50.832],[-78.506,50.694],[-78.324,50.578],[-78.289,50.6],[-78.287,50.632],[-78.318,50.683],[-78.541,50.856],[-78.675,50.919]]]}},{"type":"Feature","properties":{"density":2},"geometry":{"type":"Polygon","coordinates":[[[-117.231,64.612],[-117.264,64.617],[-117.301,64.588],[-117.293,64.526],[-117.231,64.48],[-117.103,64.464],[-116.756,64.472],[-116.549,64.435],[-116.487,64.455],[-116.487,64.476],[-116.52,64.505],[-116.69,64.563],[-117.037,64.575],[-117.231,64.612]]]}},{"type":"Feature","properties":{"density":2},"geometry":{"type":"Polygon","coordinates":[[[-117.826,66.88],[-118.728,67.084],[-119.044,67.121],[-120.179,67.019],[-120.411,66.963],[-120.914,66.88],[-121.732,66.861],[-122.113,66.889],[-122.802,66.759],[-123.006,66.749],[-123.211,66.824],[-123.304,67.047],[-123.285,67.252],[-123.109,67.391],[-122.616,67.531],[-122.374,67.549],[-122.039,67.651],[-121.667,67.819],[-121.453,67.977],[-121.425,68.237],[-121.546,68.628],[-121.816,68.963],[-122.281,69.26],[-122.913,69.446],[-123.462,69.502],[-124.215,69.512],[-124.848,69.381],[-125.973,68.944],[-126.475,68.702],[-126.912,68.461],[-127.303,68.191],[-127.554,67.912],[-127.684,67.642],[-127.768,67.289],[-127.805,66.991],[-127.805,66.591],[-127.768,66.266],[-127.684,65.856],[-127.573,65.531],[-127.405,65.215],[-127.201,64.973],[-126.885,64.703],[-126.578,64.536],[-125.834,64.406],[-125.024,64.331],[-124.476,64.303],[-123.136,64.443],[-122.718,64.517],[-122.123,64.675],[-121.49,64.88],[-120.923,64.982],[-120.672,65.001],[-119.76,65.14],[-119.407,65.224],[-118.663,65.457],[-118.347,65.512],[-117.612,65.587],[-117.333,65.596],[-116.812,65.568],[-116.598,65.615],[-116.449,65.698],[-116.375,65.866],[-116.356,66.061],[-116.459,66.256],[-116.784,66.619],[-117.249,66.768],[-117.826,66.88]]]}},{"type":"Feature","properties":{"density":2},"geometry":{"type":"Polygon","coordinates":[[[-122.215,66.704],[-122.327,66.719],[-122.352,66.702],[-122.354,66.668],[-122.315,66.641],[-122.167,66.608],[-122.162,66.659],[-122.215,66.704]]]}},{"type":"Feature","properties":{"density":2},"geometry":{"type":"Polygon","coordinates":[[[-122.536,66.236],[-122.61,66.264],[-122.709,66.264],[-123.046,66.187],[-123.23,66.071],[-123.418,65.809],[-123.473,65.774],[-123.599,65.707],[-124.084,65.559],[-124.4,65.386],[-124.528,65.233],[-124.702,65.08],[-124.784,64.956],[-124.797,64.907],[-124.789,64.828],[-124.755,64.766],[-124.71,64.708],[-124.623,64.638],[-124.342,64.613],[-124.243,64.618],[-123.85,64.791],[-123.648,64.948],[-123.419,65.217],[-123.223,65.39],[-123.152,65.501],[-123.047,65.793],[-122.978,65.917],[-122.915,65.994],[-122.838,66.055],[-122.722,66.107],[-122.562,66.096],[-122.493,66.124],[-122.476,66.196],[-122.536,66.236]]]}},{"type":"Feature","properties":{"density":2},"geometry":{"type":"Polygon","coordinates":[[[-119.809,65.898],[-119.958,65.95],[-120.096,65.961],[-120.589,65.904],[-120.716,65.849],[-120.752,65.813],[-120.768,65.722],[-120.76,65.658],[-120.719,65.603],[-120.526,65.496],[-120.415,65.325],[-120.36,65.281],[-120.283,65.259],[-120.107,65.262],[-119.771,65.355],[-119.536,65.355],[-119.429,65.388],[-119.401,65.416],[-119.41,65.518],[-119.583,65.661],[-119.638,65.744],[-119.735,65.846],[-119.809,65.898]]]}},{"type":"Feature","properties":{"density":2},"geometry":{"type":"Polygon","coordinates":[[[-107.359,38.31],[-107.479,38.27],[-107.56,38.204],[-107.573,38.154],[-107.557,38.111],[-107.497,38.106],[-107.397,38.172],[-107.278,38.187],[-107.273,38.242],[-107.319,38.298],[-107.359,38.31]]]}},{"type":"Feature","properties":{"density":2},"geometry":{"type":"Polygon","coordinates":[[[-109.349,37.969],[-109.446,37.953],[-109.53,37.888],[-109.535,37.856],[-109.506,37.849],[-109.433,37.886],[-109.348,37.899],[-109.324,37.949],[-109.349,37.969]]]}},{"type":"Feature","properties":{"density":2},"geometry":{"type":"Polygon","coordinates":[[[-116.409,49.229],[-116.495,49.179],[-116.602,49.023],[-116.611,48.935],[-116.59,48.914],[-116.502,48.944],[-116.465,48.987],[-116.421,49.09],[-116.338,49.151],[-116.333,49.191],[-116.349,49.216],[-116.409,49.229]]]}},{"type":"Feature","properties":{"density":2},"geometry":{"type":"Polygon","coordinates":[[[-118.348,44.949],[-118.405,44.934],[-118.448,44.831],[-118.511,44.755],[-118.514,44.723],[-118.481,44.713],[-118.45,44.725],[-118.363,44.854],[-118.299,44.896],[-118.301,44.921],[-118.348,44.949]]]}},{"type":"Feature","properties":{"density":2},"geometry":{"type":"Polygon","coordinates":[[[-105.249,55.92],[-105.27,55.952],[-105.285,55.95],[-105.317,55.882],[-105.317,55.672],[-105.303,55.656],[-105.267,55.675],[-105.229,55.74],[-105.226,55.868],[-105.249,55.92]]]}},{"type":"Feature","properties":{"density":2},"geometry":{"type":"Polygon","coordinates":[[[-102.452,56.468],[-102.698,56.477],[-102.786,56.461],[-102.863,56.431],[-102.878,56.355],[-102.819,56.339],[-102.735,56.382],[-102.58,56.401],[-102.41,56.393],[-102.389,56.413],[-102.392,56.452],[-102.452,56.468]]]}},{"type":"Feature","properties":{"density":2},"geometry":{"type":"Polygon","coordinates":[[[-90.846,48.776],[-90.906,48.775],[-91.062,48.725],[-91.294,48.694],[-91.388,48.609],[-91.402,48.558],[-91.336,48.53],[-91.23,48.573],[-91.033,48.6],[-90.827,48.707],[-90.805,48.749],[-90.846,48.776]]]}},{"type":"Feature","properties":{"density":2},"geometry":{"type":"Polygon","coordinates":[[[-116.633,64.432],[-116.953,64.487],[-117.035,64.487],[-117.121,64.451],[-117.259,64.354],[-117.465,64.327],[-117.537,64.332],[-117.631,64.387],[-117.666,64.445],[-117.666,64.481],[-117.6,64.567],[-117.512,64.613],[-117.454,64.6],[-117.407,64.536],[-117.17,64.578],[-116.87,64.583],[-116.617,64.542],[-116.49,64.495],[-116.509,64.445],[-116.633,64.432]]]}},{"type":"Feature","properties":{"density":2},"geometry":{"type":"Polygon","coordinates":[[[-117.454,65.793],[-117.54,65.807],[-117.694,65.801],[-117.763,65.768],[-117.81,65.658],[-117.884,65.564],[-117.903,65.509],[-117.917,65.385],[-117.865,65.289],[-117.744,65.261],[-117.537,65.426],[-117.402,65.47],[-117.005,65.473],[-116.95,65.481],[-116.906,65.512],[-116.92,65.597],[-117.035,65.68],[-117.19,65.74],[-117.454,65.793]]]}},{"type":"Feature","properties":{"density":2},"geometry":{"type":"Polygon","coordinates":[[[-120.086,63.831],[-120.165,63.878],[-120.311,64.024],[-120.383,64.065],[-120.51,64.09],[-120.615,64.065],[-120.725,63.972],[-120.918,63.704],[-120.995,63.627],[-121.32,63.432],[-121.496,63.297],[-121.67,63.04],[-121.692,62.977],[-121.687,62.944],[-121.626,62.905],[-121.455,62.9],[-121.309,62.949],[-121.127,63.076],[-121.025,63.128],[-120.788,63.203],[-120.243,63.531],[-120.119,63.572],[-119.645,63.589],[-119.595,63.605],[-119.598,63.658],[-119.653,63.707],[-120.086,63.831]]]}},{"type":"Feature","properties":{"density":2},"geometry":{"type":"Polygon","coordinates":[[[-117.272,66.477],[-117.322,66.502],[-117.441,66.656],[-117.554,66.75],[-117.606,66.772],[-117.763,66.777],[-117.923,66.717],[-118.028,66.615],[-118.171,66.521],[-118.708,66.4],[-119.009,66.38],[-119.287,66.303],[-119.394,66.295],[-119.518,66.295],[-119.631,66.317],[-119.918,66.405],[-120.092,66.48],[-120.466,66.562],[-120.836,66.557],[-121.048,66.488],[-121.166,66.405],[-121.276,66.218],[-121.285,66.138],[-121.21,66.05],[-121.037,65.97],[-120.709,65.951],[-120.535,65.909],[-120.351,65.829],[-120.229,65.802],[-120.108,65.791],[-119.888,65.821],[-119.761,65.802],[-119.673,65.771],[-119.532,65.76],[-119.35,65.78],[-119.009,65.854],[-118.59,65.989],[-118.193,66.0],[-117.854,66.088],[-117.598,66.199],[-117.419,66.256],[-117.243,66.34],[-117.219,66.36],[-117.212,66.417],[-117.239,66.461],[-117.272,66.477]]]}},{"type":"Feature","properties":{"density":2},"geometry":{"type":"Polygon","coordinates":[[[-118.296,66.684],[-118.928,66.913],[-119.028,66.944],[-119.152,66.956],[-119.567,66.956],[-120.348,66.901],[-120.943,66.901],[-121.123,66.87],[-121.284,66.826],[-121.681,66.628],[-122.134,66.473],[-122.233,66.411],[-122.338,66.274],[-122.419,66.2],[-122.562,66.113],[-122.624,66.051],[-122.686,65.884],[-122.648,65.791],[-122.512,65.648],[-122.394,65.592],[-122.27,65.561],[-122.059,65.561],[-121.768,65.617],[-121.551,65.685],[-120.962,65.964],[-120.807,66.02],[-120.503,66.101],[-120.106,66.15],[-119.97,66.206],[-119.61,66.305],[-119.412,66.33],[-118.873,66.305],[-118.494,66.38],[-118.308,66.392],[-118.153,66.442],[-118.11,66.491],[-118.122,66.584],[-118.178,66.634],[-118.296,66.684]]]}},{"type":"Feature","properties":{"density":2},"geometry":{"type":"Polygon","coordinates":[[[-119.066,65.625],[-119.21,65.613],[-119.347,65.629],[-119.43,65.65],[-119.587,65.737],[-119.851,65.844],[-119.979,65.882],[-120.211,65.886],[-120.537,65.844],[-120.951,65.563],[-120.975,65.481],[-120.967,65.415],[-120.905,65.315],[-120.81,65.257],[-120.612,65.253],[-120.434,65.311],[-120.273,65.324],[-119.859,65.257],[-119.5,65.245],[-119.396,65.262],[-119.215,65.344],[-119.078,65.361],[-118.967,65.348],[-118.851,65.39],[-118.822,65.423],[-118.809,65.493],[-118.855,65.592],[-118.909,65.617],[-119.066,65.625]]]}},{"type":"Feature","properties":{"density":2},"geometry":{"type":"Polygon","coordinates":[[[-121.546,65.235],[-121.668,65.243],[-121.731,65.21],[-121.836,65.191],[-122.075,65.194],[-122.177,65.152],[-122.222,65.086],[-122.222,65.05],[-122.197,65.017],[-122.048,64.979],[-121.949,65.001],[-121.803,65.086],[-121.552,65.07],[-121.511,65.097],[-121.5,65.141],[-121.502,65.185],[-121.546,65.235]]]}},{"type":"Feature","properties":{"density":2},"geometry":{"type":"Polygon","coordinates":[[[-121.687,64.897],[-121.774,64.901],[-121.989,64.789],[-122.166,64.744],[-122.274,64.69],[-122.435,64.566],[-122.472,64.521],[-122.489,64.471],[-122.485,64.421],[-122.448,64.384],[-122.319,64.368],[-122.237,64.384],[-122.096,64.446],[-121.902,64.603],[-121.827,64.686],[-121.761,64.719],[-121.617,64.752],[-121.584,64.777],[-121.559,64.827],[-121.567,64.851],[-121.596,64.876],[-121.687,64.897]]]}},{"type":"Feature","properties":{"density":2},"geometry":{"type":"Polygon","coordinates":[[[-122.539,66.248],[-122.662,66.269],[-122.82,66.212],[-123.034,66.184],[-123.166,66.138],[-123.337,66.155],[-123.388,66.125],[-123.41,66.076],[-123.414,65.98],[-123.368,65.896],[-123.223,65.857],[-123.124,65.877],[-123.035,65.916],[-122.927,65.903],[-122.78,65.932],[-122.62,66.035],[-122.58,66.078],[-122.481,66.129],[-122.473,66.164],[-122.486,66.21],[-122.501,66.234],[-122.539,66.248]]]}},{"type":"Feature","properties":{"density":2},"geometry":{"type":"Polygon","coordinates":[[[-122.374,66.769],[-122.461,66.771],[-122.518,66.738],[-122.582,66.729],[-122.745,66.815],[-122.802,66.813],[-122.819,66.78],[-122.771,66.727],[-122.679,66.681],[-122.444,66.65],[-122.402,66.611],[-122.262,66.583],[-122.2,66.583],[-122.154,66.605],[-122.163,66.666],[-122.214,66.719],[-122.301,66.767],[-122.374,66.769]]]}},{"type":"Feature","properties":{"density":2},"geometry":{"type":"Polygon","coordinates":[[[-79.394,49.522],[-79.434,49.556],[-79.465,49.557],[-79.476,49.486],[-79.441,49.4],[-79.412,49.243],[-79.369,49.186],[-79.335,49.178],[-79.277,49.209],[-79.26,49.274],[-79.394,49.522]]]}},{"type":"Feature","properties":{"density":2},"geometry":{"type":"Polygon","coordinates":[[[-79.066,50.242],[-79.095,50.236],[-79.089,50.207],[-78.977,50.084],[-78.909,49.952],[-78.833,49.863],[-78.822,49.876],[-78.829,49.94],[-78.943,50.133],[-78.979,50.181],[-79.066,50.242]]]}},{"type":"Feature","properties":{"density":2},"geometry":{"type":"Polygon","coordinates":[[[-78.883,50.248],[-78.917,50.245],[-78.913,50.213],[-78.791,50.013],[-78.786,50.103],[-78.883,50.248]]]}},{"type":"Feature","properties":{"density":2},"geometry":{"type":"Polygon","coordinates":[[[-78.789,50.304],[-78.817,50.312],[-78.827,50.299],[-78.805,50.187],[-78.713,50.064],[-78.654,50.019],[-78.642,50.06],[-78.666,50.13],[-78.789,50.304]]]}},{"type":"Feature","properties":{"density":2},"geometry":{"type":"Polygon","coordinates":[[[-78.72,50.064],[-78.752,50.075],[-78.784,50.064],[-78.775,49.996],[-78.625,49.832],[-78.567,49.7],[-78.535,49.694],[-78.53,49.781],[-78.55,49.823],[-78.702,50.017],[-78.72,50.064]]]}},{"type":"Feature","properties":{"density":2},"geometry":{"type":"Polygon","coordinates":[[[-78.706,50.159],[-78.744,50.147],[-78.746,50.097],[-78.691,49.896],[-78.543,49.724],[-78.524,49.732],[-78.524,49.779],[-78.583,49.981],[-78.671,50.138],[-78.706,50.159]]]}},{"type":"Feature","properties":{"density":2},"geometry":{"type":"Polygon","coordinates":[[[-78.644,50.219],[-78.677,50.234],[-78.71,50.206],[-78.701,50.108],[-78.617,49.932],[-78.538,49.852],[-78.473,49.744],[-78.44,49.739],[-78.432,49.793],[-78.447,49.86],[-78.644,50.219]]]}},{"type":"Feature","properties":{"density":2},"geometry":{"type":"Polygon","coordinates":[[[-78.534,50.224],[-78.568,50.252],[-78.599,50.246],[-78.614,50.225],[-78.61,50.15],[-78.552,50.0],[-78.436,49.881],[-78.418,49.827],[-78.417,49.741],[-78.376,49.667],[-78.274,49.567],[-78.088,49.445],[-78.03,49.419],[-77.943,49.414],[-77.933,49.472],[-77.945,49.545],[-78.014,49.696],[-78.172,49.863],[-78.383,50.044],[-78.534,50.224]]]}},{"type":"Feature","properties":{"density":2},"geometry":{"type":"Polygon","coordinates":[[[-78.545,50.337],[-78.591,50.342],[-78.587,50.297],[-78.53,50.233],[-78.488,50.146],[-78.457,50.131],[-78.454,50.186],[-78.545,50.337]]]}},{"type":"Feature","properties":{"density":2},"geometry":{"type":"Polygon","coordinates":[[[-78.379,50.506],[-78.424,50.534],[-78.459,50.521],[-78.462,50.45],[-78.169,49.929],[-78.009,49.748],[-77.849,49.629],[-77.81,49.621],[-77.794,49.669],[-77.808,49.776],[-77.909,50.002],[-78.067,50.211],[-78.379,50.506]]]}},{"type":"Feature","properties":{"density":2},"geometry":{"type":"Polygon","coordinates":[[[-78.654,50.922],[-78.766,50.948],[-78.786,50.908],[-78.77,50.814],[-78.676,50.673],[-78.577,50.585],[-78.386,50.478],[-78.101,50.221],[-77.95,50.122],[-77.905,50.115],[-77.893,50.192],[-77.938,50.269],[-78.276,50.666],[-78.428,50.79],[-78.654,50.922]]]}},{"type":"Feature","properties":{"density":2},"geometry":{"type":"Polygon","coordinates":[[[-78.597,51.288],[-78.641,51.286],[-78.646,51.244],[-78.459,51.144],[-78.143,50.893],[-78.077,50.874],[-77.996,50.885],[-78.005,50.942],[-78.077,51.012],[-78.484,51.251],[-78.597,51.288]]]}},{"type":"Feature","properties":{"density":2},"geometry":{"type":"Polygon","coordinates":[[[-78.142,51.688],[-78.175,51.688],[-78.192,51.672],[-78.174,51.623],[-77.886,51.478],[-77.732,51.367],[-77.707,51.363],[-77.695,51.379],[-77.7,51.417],[-77.814,51.515],[-78.142,51.688]]]}},{"type":"Feature","properties":{"density":2},"geometry":{"type":"Polygon","coordinates":[[[-78.257,51.641],[-78.288,51.634],[-78.257,51.566],[-78.021,51.421],[-77.967,51.406],[-77.963,51.446],[-78.083,51.554],[-78.214,51.637],[-78.257,51.641]]]}},{"type":"Feature","properties":{"density":2},"geometry":{"type":"Polygon","coordinates":[[[-78.5,51.69],[-78.534,51.697],[-78.54,51.65],[-78.518,51.618],[-78.39,51.53],[-78.047,51.363],[-78.016,51.375],[-78.021,51.408],[-78.059,51.451],[-78.277,51.56],[-78.44,51.672],[-78.5,51.69]]]}},{"type":"Feature","properties":{"density":2},"geometry":{"type":"Polygon","coordinates":[[[-101.529,44.352],[-101.545,44.395],[-101.583,44.393],[-101.582,44.358],[-101.543,44.29],[-101.506,44.282],[-101.491,44.32],[-101.529,44.352]]]}},{"type":"Feature","properties":{"density":2},"geometry":{"type":"Polygon","coordinates":[[[-106.942,38.515],[-107.226,38.507],[-107.365,38.489],[-107.475,38.454],[-107.525,38.427],[-107.587,38.344],[-107.611,38.213],[-107.595,38.167],[-107.531,38.154],[-107.48,38.17],[-107.276,38.301],[-107.105,38.293],[-106.907,38.242],[-106.757,38.253],[-106.73,38.339],[-106.773,38.416],[-106.853,38.481],[-106.942,38.515]]]}},{"type":"Feature","properties":{"density":2},"geometry":{"type":"Polygon","coordinates":[[[-109.536,38.088],[-109.555,38.071],[-109.563,38.028],[-109.637,37.984],[-109.65,37.9],[-109.605,37.831],[-109.382,37.684],[-109.229,37.66],[-109.14,37.67],[-109.023,37.729],[-108.949,37.742],[-108.922,37.767],[-108.889,37.976],[-108.901,38.042],[-108.964,38.116],[-109.085,38.199],[-109.195,38.237],[-109.282,38.236],[-109.352,38.2],[-109.458,38.114],[-109.536,38.088]]]}},{"type":"Feature","properties":{"density":2},"geometry":{"type":"Polygon","coordinates":[[[-108.219,38.219],[-108.296,38.234],[-108.34,38.221],[-108.447,38.109],[-108.493,38.081],[-108.731,38.008],[-108.822,37.914],[-108.834,37.837],[-108.816,37.807],[-108.735,37.794],[-108.627,37.875],[-108.482,37.916],[-108.366,37.978],[-108.213,38.002],[-108.184,38.096],[-108.189,38.159],[-108.219,38.219]]]}},{"type":"Feature","properties":{"density":2},"geometry":{"type":"Polygon","coordinates":[[[-93.423,17.849],[-93.625,17.887],[-93.712,17.878],[-93.873,17.787],[-94.167,17.775],[-94.316,17.734],[-94.605,17.477],[-94.671,17.378],[-94.7,17.267],[-94.634,17.192],[-94.559,17.159],[-94.481,17.151],[-94.369,17.192],[-94.241,17.213],[-93.989,17.176],[-93.782,17.184],[-93.679,17.213],[-93.547,17.296],[-93.452,17.469],[-93.361,17.577],[-93.332,17.684],[-93.352,17.75],[-93.423,17.849]]]}},{"type":"Feature","properties":{"density":2},"geometry":{"type":"Polygon","coordinates":[[[-112.265,38.547],[-112.311,38.55],[-112.392,38.499],[-112.482,38.466],[-112.5,38.427],[-112.484,38.35],[-112.434,38.343],[-112.317,38.429],[-112.23,38.451],[-112.227,38.508],[-112.265,38.547]]]}},{"type":"Feature","properties":{"density":2},"geometry":{"type":"Polygon","coordinates":[[[-116.576,49.025],[-116.612,48.951],[-116.596,48.898],[-116.517,48.929],[-116.435,49.026],[-116.29,49.13],[-116.022,49.231],[-116.016,49.271],[-116.092,49.282],[-116.227,49.227],[-116.343,49.2],[-116.483,49.112],[-116.576,49.025]]]}},{"type":"Feature","properties":{"density":2},"geometry":{"type":"Polygon","coordinates":[[[-122.754,42.94],[-122.789,42.942],[-122.828,42.914],[-122.87,42.822],[-122.993,42.702],[-123.024,42.619],[-123.009,42.587],[-122.965,42.575],[-122.926,42.584],[-122.783,42.69],[-122.769,42.784],[-122.694,42.856],[-122.71,42.909],[-122.754,42.94]]]}},{"type":"Feature","properties":{"density":2},"geometry":{"type":"Polygon","coordinates":[[[-117.694,34.462],[-117.709,34.455],[-117.716,34.418],[-117.614,34.331],[-117.483,34.309],[-117.388,34.354],[-117.257,34.478],[-117.231,34.534],[-117.231,34.592],[-117.257,34.633],[-117.288,34.647],[-117.351,34.642],[-117.459,34.537],[-117.513,34.506],[-117.694,34.462]]]}},{"type":"Feature","properties":{"density":2},"geometry":{"type":"Polygon","coordinates":[[[-118.106,45.899],[-118.156,45.891],[-118.242,45.837],[-118.3,45.721],[-118.441,45.527],[-118.499,45.361],[-118.544,45.014],[-118.548,44.849],[-118.519,44.787],[-118.478,44.766],[-118.437,44.791],[-118.379,44.874],[-118.354,45.291],[-118.308,45.452],[-118.23,45.605],[-118.106,45.713],[-118.04,45.8],[-118.036,45.858],[-118.106,45.899]]]}},{"type":"Feature","properties":{"density":2},"geometry":{"type":"Polygon","coordinates":[[[-118.156,45.395],[-118.205,45.304],[-118.226,45.184],[-118.218,45.035],[-118.176,45.01],[-118.135,45.085],[-118.085,45.333],[-117.792,45.858],[-117.688,45.986],[-117.511,46.147],[-117.37,46.209],[-117.325,46.283],[-117.329,46.316],[-117.403,46.337],[-117.581,46.254],[-117.812,46.064],[-118.019,45.705],[-118.156,45.395]]]}},{"type":"Feature","properties":{"density":2},"geometry":{"type":"Polygon","coordinates":[[[-117.338,66.48],[-117.487,66.5],[-118.297,66.38],[-118.549,66.364],[-118.925,66.252],[-119.177,66.199],[-119.529,66.207],[-120.041,66.17],[-120.14,66.153],[-120.293,66.099],[-120.347,66.037],[-120.347,65.971],[-120.302,65.897],[-120.231,65.827],[-120.128,65.769],[-119.979,65.723],[-119.702,65.661],[-119.339,65.657],[-119.144,65.674],[-118.938,65.719],[-118.297,65.918],[-117.946,66.062],[-117.375,66.261],[-117.222,66.352],[-117.222,66.422],[-117.255,66.451],[-117.338,66.48]]]}},{"type":"Feature","properties":{"density":2},"geometry":{"type":"Polygon","coordinates":[[[-118.516,66.69],[-118.243,66.678],[-118.16,66.657],[-118.127,66.641],[-118.111,66.591],[-118.119,66.525],[-118.156,66.467],[-118.256,66.426],[-118.524,66.397],[-118.756,66.306],[-119.082,66.137],[-119.553,65.946],[-119.682,65.901],[-119.909,65.864],[-120.182,65.86],[-120.302,65.868],[-120.417,65.897],[-120.851,66.108],[-121.033,66.149],[-121.228,66.265],[-121.277,66.31],[-121.376,66.43],[-121.451,66.587],[-121.418,66.633],[-121.31,66.678],[-121.12,66.699],[-120.971,66.662],[-120.814,66.583],[-120.587,66.546],[-120.285,66.67],[-120.186,66.69],[-119.859,66.699],[-119.239,66.662],[-118.516,66.69]]]}},{"type":"Feature","properties":{"density":2},"geometry":{"type":"Polygon","coordinates":[[[-119.132,65.653],[-119.256,65.727],[-119.388,65.773],[-119.512,65.769],[-119.657,65.69],[-119.719,65.682],[-119.888,65.674],[-120.211,65.694],[-120.31,65.674],[-120.732,65.426],[-121.013,65.302],[-121.054,65.264],[-121.05,65.202],[-121.008,65.149],[-120.926,65.103],[-120.802,65.083],[-120.521,65.078],[-120.306,65.107],[-119.963,65.211],[-119.851,65.231],[-119.281,65.24],[-119.194,65.277],[-118.995,65.326],[-118.967,65.368],[-118.95,65.463],[-118.983,65.525],[-119.012,65.566],[-119.132,65.653]]]}},{"type":"Feature","properties":{"density":2},"geometry":{"type":"Polygon","coordinates":[[[-121.685,64.896],[-121.768,64.91],[-121.966,64.866],[-122.071,64.872],[-122.288,64.918],[-122.372,64.859],[-122.39,64.804],[-122.368,64.719],[-122.381,64.618],[-122.328,64.547],[-122.277,64.528],[-122.225,64.512],[-122.082,64.525],[-121.916,64.6],[-121.806,64.717],[-121.654,64.776],[-121.65,64.85],[-121.685,64.896]]]}},{"type":"Feature","properties":{"density":2},"geometry":{"type":"Polygon","coordinates":[[[-121.517,65.21],[-121.671,65.221],[-121.787,65.199],[-121.925,65.224],[-122.109,65.218],[-122.192,65.157],[-122.371,64.959],[-122.465,64.887],[-122.487,64.813],[-122.468,64.78],[-122.424,64.758],[-122.297,64.755],[-122.181,64.788],[-121.996,64.885],[-121.63,64.973],[-121.503,65.058],[-121.487,65.119],[-121.517,65.21]]]}},{"type":"Feature","properties":{"density":2},"geometry":{"type":"Polygon","coordinates":[[[-122.534,66.309],[-122.695,66.322],[-122.902,66.239],[-123.05,66.268],[-123.158,66.26],[-123.311,66.194],[-123.348,66.16],[-123.418,65.991],[-123.46,65.946],[-123.774,65.698],[-123.753,65.627],[-123.712,65.586],[-123.646,65.565],[-123.282,65.553],[-123.075,65.491],[-122.993,65.483],[-122.852,65.483],[-122.711,65.528],[-122.637,65.582],[-122.542,65.714],[-122.517,65.908],[-122.439,66.098],[-122.451,66.189],[-122.534,66.309]]]}},{"type":"Feature","properties":{"density":2},"geometry":{"type":"Polygon","coordinates":[[[-122.109,66.922],[-122.199,66.92],[-122.287,66.841],[-122.355,66.832],[-122.464,66.859],[-122.495,66.852],[-122.546,66.806],[-122.598,66.663],[-122.544,66.534],[-122.585,66.373],[-122.587,66.336],[-122.568,66.31],[-122.465,66.296],[-122.352,66.323],[-122.201,66.419],[-122.17,66.459],[-122.12,66.542],[-122.058,66.801],[-122.07,66.894],[-122.109,66.922]]]}},{"type":"Feature","properties":{"density":2},"geometry":{"type":"Polygon","coordinates":[[[-153.719,66.868],[-153.782,66.845],[-153.809,66.812],[-153.822,66.699],[-153.802,66.646],[-153.78,66.637],[-153.725,66.639],[-153.622,66.712],[-153.345,66.71],[-153.301,66.736],[-153.29,66.762],[-153.328,66.83],[-153.37,66.85],[-153.58,66.876],[-153.719,66.868]]]}},{"type":"Feature","properties":{"density":2},"geometry":{"type":"Polygon","coordinates":[[[-153.829,66.778],[-153.848,66.786],[-153.876,66.722],[-153.859,66.645],[-153.832,66.662],[-153.829,66.778]]]}},{"type":"Feature","properties":{"density":2},"geometry":{"type":"Polygon","coordinates":[[[-105.103,59.483],[-105.227,59.47],[-105.32,59.415],[-105.413,59.34],[-105.599,59.229],[-105.872,59.005],[-106.43,58.776],[-106.511,58.72],[-106.579,58.609],[-106.585,58.522],[-106.566,58.485],[-106.523,58.485],[-106.12,58.72],[-105.853,58.764],[-105.767,58.795],[-105.556,58.919],[-105.351,59.012],[-105.122,59.16],[-105.004,59.26],[-104.973,59.303],[-104.967,59.34],[-105.01,59.427],[-105.047,59.464],[-105.103,59.483]]]}},{"type":"Feature","properties":{"density":2},"geometry":{"type":"Polygon","coordinates":[[[-102.632,56.597],[-102.803,56.595],[-102.855,56.564],[-102.902,56.438],[-102.905,56.385],[-102.886,56.338],[-102.841,56.325],[-102.723,56.33],[-102.525,56.385],[-102.199,56.344],[-101.888,56.371],[-101.643,56.371],[-101.455,56.462],[-101.428,56.504],[-101.431,56.573],[-101.447,56.597],[-101.516,56.625],[-101.764,56.603],[-102.119,56.617],[-102.632,56.597]]]}},{"type":"Feature","properties":{"density":2},"geometry":{"type":"Polygon","coordinates":[[[-91.376,48.654],[-91.405,48.637],[-91.42,48.578],[-91.371,48.529],[-91.044,48.564],[-90.794,48.681],[-90.63,48.685],[-90.494,48.714],[-90.435,48.747],[-90.428,48.799],[-90.487,48.848],[-90.599,48.858],[-90.83,48.779],[-91.091,48.764],[-91.376,48.654]]]}},{"type":"Feature","properties":{"density":2},"geometry":{"type":"Polygon","coordinates":[[[-92.521,51.881],[-92.542,51.86],[-92.482,51.833],[-92.297,51.806],[-92.018,51.696],[-91.913,51.676],[-91.842,51.69],[-91.838,51.711],[-91.867,51.756],[-91.963,51.813],[-92.139,51.85],[-92.521,51.881]]]}},{"type":"Feature","properties":{"density":2},"geometry":{"type":"Polygon","coordinates":[[[-101.458,55.324],[-101.677,55.356],[-101.991,55.356],[-102.274,55.199],[-102.368,54.885],[-102.336,54.571],[-101.866,53.849],[-101.175,52.97],[-100.83,52.562],[-100.045,51.872],[-99.7,51.526],[-99.48,50.993],[-99.229,50.585],[-98.884,50.177],[-98.444,49.831],[-98.005,49.549],[-97.565,49.235],[-97.251,48.921],[-96.875,48.388],[-96.435,47.854],[-95.525,47.069],[-94.489,46.724],[-94.05,46.63],[-93.579,46.63],[-93.234,46.724],[-92.888,47.006],[-92.512,47.603],[-91.884,48.042],[-91.664,48.105],[-91.131,48.356],[-90.817,48.325],[-90.44,48.262],[-89.687,47.634],[-89.216,47.352],[-88.494,47.006],[-87.427,46.787],[-87.082,46.787],[-86.736,46.849],[-86.579,46.849],[-86.328,47.006],[-86.108,47.069],[-85.795,47.289],[-85.512,47.446],[-85.355,47.571],[-84.853,47.728],[-84.727,47.76],[-84.351,47.791],[-83.974,47.76],[-83.566,47.634],[-82.153,47.006],[-81.651,46.693],[-81.306,46.41],[-80.929,46.19],[-80.553,45.908],[-80.05,45.688],[-79.517,45.5],[-78.983,45.343],[-77.79,45.154],[-77.445,45.123],[-77.068,45.28],[-76.88,45.563],[-76.88,46.002],[-76.912,46.379],[-77.068,46.724],[-77.225,46.975],[-77.539,47.289],[-77.822,47.414],[-77.979,47.54],[-78.418,47.728],[-78.763,47.791],[-79.14,47.823],[-79.642,47.823],[-80.27,47.854],[-80.835,48.042],[-81.588,48.356],[-82.216,48.733],[-82.781,49.109],[-83.472,49.518],[-83.974,49.957],[-84.57,50.334],[-85.167,50.773],[-85.732,51.244],[-86.203,51.589],[-86.673,51.903],[-87.27,52.123],[-87.866,52.186],[-88.463,52.186],[-88.933,52.154],[-89.875,51.84],[-90.597,51.464],[-91.099,51.307],[-91.696,51.181],[-92.575,51.118],[-92.983,51.118],[-93.61,51.213],[-93.83,51.307],[-94.772,51.652],[-95.117,51.934],[-95.494,52.186],[-95.87,52.468],[-96.216,52.751],[-96.812,53.284],[-97.44,53.661],[-98.287,54.289],[-98.79,54.54],[-99.229,54.697],[-99.637,54.822],[-100.045,54.979],[-100.359,55.042],[-100.767,55.199],[-101.458,55.324]]]}},{"type":"Feature","properties":{"density":2},"geometry":{"type":"Polygon","coordinates":[[[-79.405,49.543],[-79.432,49.57],[-79.466,49.559],[-79.482,49.543],[-79.49,49.485],[-79.441,49.303],[-79.331,49.118],[-79.306,49.005],[-79.361,48.545],[-79.344,48.484],[-79.314,48.451],[-79.165,48.424],[-79.08,48.465],[-79.008,48.54],[-78.986,48.606],[-78.981,48.804],[-79.069,48.978],[-79.234,49.262],[-79.314,49.364],[-79.405,49.543]]]}},{"type":"Feature","properties":{"density":2},"geometry":{"type":"Polygon","coordinates":[[[-78.421,50.584],[-78.457,50.606],[-78.509,50.584],[-78.531,50.554],[-78.534,50.504],[-78.49,50.369],[-78.289,49.986],[-78.071,49.725],[-77.917,49.49],[-77.729,49.289],[-77.603,49.173],[-77.534,49.135],[-77.371,49.082],[-77.338,49.102],[-77.311,49.143],[-77.313,49.231],[-77.355,49.311],[-77.357,49.353],[-77.33,49.578],[-77.333,49.62],[-77.377,49.722],[-77.462,49.796],[-77.622,49.868],[-77.765,49.956],[-77.972,50.113],[-78.035,50.168],[-78.096,50.281],[-78.338,50.487],[-78.421,50.584]]]}},{"type":"Feature","properties":{"density":2},"geometry":{"type":"Polygon","coordinates":[[[-78.577,50.345],[-78.627,50.349],[-78.73,50.303],[-78.949,50.287],[-78.995,50.258],[-79.011,50.216],[-79.015,50.068],[-78.908,49.526],[-78.821,49.311],[-78.747,49.191],[-78.619,49.051],[-78.218,48.724],[-78.098,48.567],[-78.027,48.501],[-77.874,48.406],[-77.668,48.232],[-77.271,48.174],[-77.197,48.203],[-77.147,48.241],[-77.122,48.29],[-77.106,48.373],[-77.118,48.472],[-77.155,48.563],[-77.354,48.902],[-77.482,49.195],[-77.643,49.41],[-77.883,49.621],[-78.127,49.882],[-78.432,50.278],[-78.511,50.328],[-78.577,50.345]]]}},{"type":"Feature","properties":{"density":2},"geometry":{"type":"Polygon","coordinates":[[[-78.694,50.943],[-78.758,50.954],[-78.799,50.904],[-78.865,50.89],[-79.0,50.932],[-79.029,50.92],[-79.047,50.868],[-78.97,50.758],[-78.543,50.4],[-78.262,50.052],[-77.606,49.443],[-77.405,49.173],[-77.341,49.113],[-77.242,49.038],[-77.09,48.953],[-76.972,48.934],[-76.917,48.972],[-76.895,49.093],[-76.911,49.259],[-76.975,49.449],[-77.088,49.614],[-77.653,50.185],[-77.848,50.336],[-78.129,50.626],[-78.372,50.81],[-78.694,50.943]]]}},{"type":"Feature","properties":{"density":2},"geometry":{"type":"Polygon","coordinates":[[[-78.593,51.279],[-78.638,51.29],[-78.635,51.229],[-78.508,51.01],[-78.411,50.884],[-78.175,50.728],[-77.969,50.568],[-77.672,50.331],[-77.507,50.167],[-77.441,50.141],[-77.399,50.159],[-77.39,50.199],[-77.41,50.272],[-77.519,50.45],[-77.696,50.634],[-78.108,50.925],[-78.248,51.046],[-78.593,51.279]]]}},{"type":"Feature","properties":{"density":2},"geometry":{"type":"Polygon","coordinates":[[[-77.867,50.933],[-77.906,50.945],[-77.924,50.928],[-77.807,50.772],[-77.44,50.458],[-77.248,50.21],[-77.156,50.134],[-77.095,50.12],[-77.058,50.132],[-77.049,50.224],[-77.085,50.289],[-77.408,50.535],[-77.778,50.883],[-77.867,50.933]]]}},{"type":"Feature","properties":{"density":2},"geometry":{"type":"Polygon","coordinates":[[[-78.501,51.701],[-78.569,51.722],[-78.591,51.707],[-78.587,51.621],[-78.462,51.442],[-78.335,51.341],[-78.253,51.202],[-77.961,51.058],[-77.637,50.869],[-77.375,50.809],[-77.25,50.755],[-76.986,50.567],[-76.924,50.575],[-76.928,50.649],[-76.978,50.724],[-77.044,50.782],[-77.49,51.005],[-78.052,51.348],[-78.501,51.701]]]}},{"type":"Feature","properties":{"density":2},"geometry":{"type":"Polygon","coordinates":[[[-78.22,51.649],[-78.297,51.641],[-78.311,51.58],[-78.289,51.536],[-78.099,51.329],[-77.796,51.059],[-77.391,50.798],[-76.958,50.574],[-76.862,50.599],[-76.839,50.646],[-76.873,50.748],[-76.98,50.869],[-77.17,50.988],[-77.363,51.081],[-78.22,51.649]]]}},{"type":"Feature","properties":{"density":2},"geometry":{"type":"Polygon","coordinates":[[[-78.102,51.693],[-78.159,51.71],[-78.198,51.686],[-78.2,51.658],[-78.165,51.601],[-77.423,50.956],[-77.107,50.738],[-76.796,50.468],[-76.578,50.308],[-76.382,50.193],[-76.247,50.187],[-76.206,50.212],[-76.187,50.248],[-76.187,50.306],[-76.228,50.438],[-76.363,50.562],[-76.498,50.636],[-76.994,50.989],[-77.788,51.424],[-78.102,51.693]]]}},{"type":"Feature","properties":{"density":2},"geometry":{"type":"Polygon","coordinates":[[[-122.28,69.029],[-122.939,69.154],[-123.63,69.123],[-124.352,68.934],[-125.168,68.558],[-125.921,68.024],[-126.769,67.742],[-127.867,67.616],[-128.652,67.585],[-129.656,67.616],[-131.132,67.742],[-131.759,67.742],[-132.293,67.491],[-132.576,66.926],[-132.544,66.235],[-132.042,65.45],[-131.32,64.917],[-129.845,64.54],[-129.091,64.446],[-128.558,64.414],[-127.083,63.818],[-125.858,62.845],[-125.231,62.563],[-124.54,62.343],[-123.849,62.217],[-123.284,62.06],[-122.782,62.029],[-122.249,62.029],[-120.899,62.5],[-119.173,63.253],[-113.428,64.435],[-112.832,64.592],[-112.267,64.655],[-110.635,65.0],[-109.787,65.283],[-108.846,65.471],[-108.03,65.691],[-107.056,65.879],[-105.989,66.193],[-105.016,66.35],[-104.075,66.57],[-103.039,66.695],[-102.034,66.79],[-100.622,66.884],[-99.743,66.884],[-98.801,66.978],[-97.891,66.978],[-97.169,66.884],[-96.384,66.601],[-95.851,66.319],[-95.223,66.068],[-94.689,65.817],[-94.093,65.597],[-93.34,65.503],[-92.649,65.503],[-90.358,65.691],[-89.542,65.691],[-88.757,65.565],[-88.16,65.22],[-87.564,64.592],[-86.622,63.808],[-85.775,63.274],[-84.927,62.866],[-83.421,62.207],[-82.51,61.893],[-81.161,61.642],[-79.937,61.485],[-77.896,61.265],[-76.923,61.234],[-76.17,61.297],[-75.668,61.297],[-74.412,61.077],[-73.91,60.951],[-73.157,60.732],[-72.34,60.637],[-71.807,60.637],[-71.493,60.7],[-71.273,60.857],[-71.21,61.108],[-71.273,61.799],[-71.556,62.207],[-71.713,62.552],[-71.932,62.897],[-72.215,63.274],[-72.497,63.494],[-72.874,63.902],[-73.345,64.31],[-74.412,64.938],[-74.946,65.22],[-75.511,65.377],[-76.233,65.408],[-76.986,65.534],[-77.582,65.754],[-78.242,66.036],[-78.964,66.476],[-79.842,66.978],[-83.201,68.61],[-83.829,68.83],[-85.555,69.301],[-86.654,69.301],[-87.313,69.175],[-88.098,69.112],[-88.882,69.081],[-89.447,69.081],[-90.107,69.144],[-91.864,69.615],[-95.317,70.493],[-95.976,70.682],[-96.887,70.996],[-97.828,71.184],[-98.77,71.31],[-99.712,71.278],[-100.528,71.215],[-102.38,70.933],[-103.321,70.839],[-104.42,70.776],[-105.613,70.682],[-106.805,70.65],[-108.124,70.745],[-109.254,70.776],[-111.576,70.776],[-114.653,70.964],[-116.222,70.839],[-116.756,70.745],[-117.164,70.588],[-117.666,70.211],[-118.482,69.52],[-118.953,69.081],[-119.581,68.861],[-120.208,68.736],[-120.805,68.704],[-121.338,68.704],[-122.28,69.029]]]}},{"type":"Feature","properties":{"density":2},"geometry":{"type":"Polygon","coordinates":[[[-57.679,60.643],[-57.862,60.684],[-58.106,60.603],[-58.289,60.42],[-58.33,60.115],[-58.33,59.505],[-58.492,59.241],[-58.716,59.098],[-59.062,58.997],[-60.302,58.997],[-60.851,58.915],[-61.298,58.773],[-61.664,58.488],[-61.867,58.143],[-61.928,57.696],[-61.806,57.167],[-61.42,56.069],[-61.156,55.744],[-60.729,55.459],[-60.241,55.256],[-59.672,55.175],[-59.143,55.256],[-58.635,55.5],[-58.208,55.805],[-57.822,56.13],[-57.395,56.333],[-57.029,56.435],[-56.764,56.598],[-56.622,56.882],[-56.582,57.167],[-56.582,57.858],[-56.683,58.61],[-56.744,58.895],[-56.886,59.342],[-57.191,60.033],[-57.354,60.318],[-57.679,60.643]]]}},{"type":"Feature","properties":{"density":3},"geometry":{"type":"Polygon","coordinates":[[[-109.441,37.985],[-109.507,37.926],[-109.537,37.875],[-109.535,37.851],[-109.474,37.849],[-109.445,37.868],[-109.375,37.966],[-109.391,37.996],[-109.441,37.985]]]}},{"type":"Feature","properties":{"density":3},"geometry":{"type":"Polygon","coordinates":[[[-105.215,55.849],[-105.24,55.85],[-105.261,55.827],[-105.271,55.764],[-105.311,55.677],[-105.3,55.649],[-105.251,55.7],[-105.203,55.803],[-105.215,55.849]]]}},{"type":"Feature","properties":{"density":3},"geometry":{"type":"Polygon","coordinates":[[[-78.547,50.188],[-78.579,50.194],[-78.586,50.154],[-78.52,50.075],[-78.455,50.035],[-78.465,50.082],[-78.547,50.188]]]}},{"type":"Feature","properties":{"density":3},"geometry":{"type":"Polygon","coordinates":[[[-78.71,50.898],[-78.748,50.909],[-78.772,50.896],[-78.776,50.872],[-78.642,50.812],[-78.53,50.709],[-78.467,50.67],[-78.438,50.67],[-78.452,50.738],[-78.59,50.837],[-78.71,50.898]]]}},{"type":"Feature","properties":{"density":3},"geometry":{"type":"Polygon","coordinates":[[[-120.663,66.869],[-120.886,66.844],[-121.233,66.745],[-121.462,66.639],[-122.008,66.348],[-122.188,66.23],[-122.411,66.149],[-122.895,66.038],[-123.155,65.957],[-123.484,65.784],[-123.942,65.443],[-124.401,65.058],[-124.699,64.847],[-124.755,64.723],[-124.78,64.624],[-124.736,64.55],[-124.581,64.506],[-124.222,64.488],[-123.992,64.519],[-123.756,64.587],[-123.217,64.68],[-122.684,64.804],[-122.467,64.891],[-122.163,65.04],[-121.89,65.201],[-121.376,65.548],[-121.227,65.622],[-121.072,65.66],[-120.793,65.672],[-120.396,65.56],[-120.024,65.511],[-119.633,65.498],[-119.466,65.517],[-119.125,65.635],[-118.381,66.013],[-118.226,66.075],[-117.525,66.286],[-117.37,66.385],[-117.345,66.447],[-117.345,66.521],[-117.376,66.602],[-117.457,66.664],[-117.736,66.782],[-117.91,66.813],[-118.474,66.825],[-118.889,66.8],[-119.106,66.819],[-119.497,66.819],[-119.652,66.844],[-120.353,66.881],[-120.663,66.869]]]}},{"type":"Feature","properties":{"density":3},"geometry":{"type":"Polygon","coordinates":[[[-122.209,66.69],[-122.326,66.7],[-122.337,66.671],[-122.247,66.649],[-122.209,66.616],[-122.172,66.611],[-122.171,66.652],[-122.209,66.69]]]}},{"type":"Feature","properties":{"density":3},"geometry":{"type":"Polygon","coordinates":[[[-122.734,66.22],[-122.985,66.173],[-123.079,66.14],[-123.145,66.096],[-123.172,66.066],[-123.241,65.892],[-123.349,65.768],[-123.346,65.713],[-123.261,65.713],[-123.175,65.774],[-123.004,66.008],[-122.935,66.063],[-122.77,66.137],[-122.537,66.156],[-122.537,66.207],[-122.557,66.231],[-122.734,66.22]]]}},{"type":"Feature","properties":{"density":3},"geometry":{"type":"Polygon","coordinates":[[[-120.031,65.822],[-120.324,65.855],[-120.397,65.857],[-120.425,65.842],[-120.463,65.789],[-120.469,65.675],[-120.415,65.502],[-120.382,65.467],[-120.291,65.42],[-120.116,65.394],[-120.006,65.392],[-119.778,65.438],[-119.554,65.399],[-119.453,65.414],[-119.445,65.476],[-119.48,65.513],[-119.618,65.592],[-119.732,65.697],[-119.932,65.798],[-120.031,65.822]]]}},{"type":"Feature","properties":{"density":3},"geometry":{"type":"Polygon","coordinates":[[[-102.71,56.464],[-102.798,56.447],[-102.84,56.418],[-102.855,56.376],[-102.817,56.361],[-102.747,56.398],[-102.667,56.407],[-102.664,56.445],[-102.71,56.464]]]}},{"type":"Feature","properties":{"density":3},"geometry":{"type":"Polygon","coordinates":[[[-91.352,48.612],[-91.399,48.563],[-91.386,48.543],[-91.284,48.597],[-91.19,48.597],[-91.172,48.641],[-91.217,48.668],[-91.352,48.612]]]}},{"type":"Feature","properties":{"density":3},"geometry":{"type":"Polygon","coordinates":[[[-117.336,66.455],[-117.366,66.46],[-117.498,66.565],[-117.548,66.582],[-117.686,66.584],[-117.799,66.549],[-117.934,66.474],[-118.091,66.411],[-118.524,66.375],[-118.763,66.27],[-119.105,66.243],[-119.281,66.132],[-119.336,66.116],[-119.64,66.088],[-119.678,66.066],[-119.689,66.0],[-119.631,65.942],[-119.353,65.876],[-119.02,65.871],[-118.788,65.94],[-118.62,66.017],[-118.496,66.047],[-118.292,66.053],[-118.011,66.16],[-117.807,66.193],[-117.512,66.323],[-117.314,66.361],[-117.278,66.383],[-117.278,66.414],[-117.292,66.441],[-117.336,66.455]]]}},{"type":"Feature","properties":{"density":3},"geometry":{"type":"Polygon","coordinates":[[[-118.271,66.628],[-118.507,66.671],[-118.935,66.801],[-119.269,66.857],[-119.443,66.863],[-119.809,66.832],[-120.317,66.739],[-120.671,66.615],[-120.869,66.566],[-121.229,66.553],[-121.582,66.504],[-121.687,66.467],[-121.756,66.411],[-121.811,66.336],[-121.935,66.064],[-122.09,65.909],[-122.097,65.847],[-122.035,65.784],[-121.917,65.735],[-121.625,65.741],[-121.489,65.809],[-121.03,66.113],[-120.838,66.169],[-120.398,66.188],[-119.852,66.361],[-119.666,66.398],[-119.319,66.374],[-118.959,66.374],[-118.364,66.442],[-118.228,66.498],[-118.172,66.541],[-118.184,66.609],[-118.271,66.628]]]}},{"type":"Feature","properties":{"density":3},"geometry":{"type":"Polygon","coordinates":[[[-119.636,65.485],[-119.781,65.534],[-120.153,65.72],[-120.293,65.745],[-120.372,65.741],[-120.438,65.72],[-120.459,65.683],[-120.459,65.613],[-120.43,65.547],[-120.376,65.481],[-120.322,65.427],[-120.182,65.357],[-119.926,65.34],[-119.702,65.386],[-119.438,65.324],[-119.388,65.357],[-119.388,65.39],[-119.409,65.415],[-119.492,65.46],[-119.636,65.485]]]}},{"type":"Feature","properties":{"density":3},"geometry":{"type":"Polygon","coordinates":[[[-122.909,66.144],[-123.019,66.068],[-123.032,66.034],[-123.013,66.008],[-122.923,66.0],[-122.842,66.037],[-122.793,66.09],[-122.591,66.127],[-122.563,66.171],[-122.561,66.223],[-122.62,66.243],[-122.661,66.237],[-122.844,66.188],[-122.909,66.144]]]}},{"type":"Feature","properties":{"density":3},"geometry":{"type":"Polygon","coordinates":[[[-122.354,66.745],[-122.384,66.743],[-122.386,66.713],[-122.306,66.695],[-122.243,66.635],[-122.188,66.619],[-122.188,66.672],[-122.234,66.716],[-122.354,66.745]]]}},{"type":"Feature","properties":{"density":3},"geometry":{"type":"Polygon","coordinates":[[[-79.433,49.529],[-79.46,49.519],[-79.457,49.492],[-79.409,49.417],[-79.383,49.312],[-79.354,49.29],[-79.335,49.323],[-79.335,49.365],[-79.433,49.529]]]}},{"type":"Feature","properties":{"density":3},"geometry":{"type":"Polygon","coordinates":[[[-78.697,50.147],[-78.731,50.149],[-78.734,50.113],[-78.704,50.054],[-78.672,49.914],[-78.647,49.875],[-78.616,49.87],[-78.605,49.912],[-78.616,49.97],[-78.675,50.13],[-78.697,50.147]]]}},{"type":"Feature","properties":{"density":3},"geometry":{"type":"Polygon","coordinates":[[[-78.646,50.193],[-78.67,50.209],[-78.691,50.197],[-78.685,50.117],[-78.551,49.877],[-78.526,49.849],[-78.501,49.85],[-78.494,49.902],[-78.51,49.945],[-78.646,50.193]]]}},{"type":"Feature","properties":{"density":3},"geometry":{"type":"Polygon","coordinates":[[[-78.549,50.219],[-78.588,50.223],[-78.603,50.175],[-78.537,50.018],[-78.423,49.909],[-78.368,49.768],[-78.339,49.73],[-78.221,49.647],[-78.156,49.555],[-78.102,49.555],[-78.083,49.588],[-78.094,49.65],[-78.15,49.752],[-78.549,50.219]]]}},{"type":"Feature","properties":{"density":3},"geometry":{"type":"Polygon","coordinates":[[[-78.55,50.322],[-78.575,50.328],[-78.572,50.297],[-78.469,50.17],[-78.475,50.215],[-78.55,50.322]]]}},{"type":"Feature","properties":{"density":3},"geometry":{"type":"Polygon","coordinates":[[[-78.379,50.473],[-78.414,50.496],[-78.436,50.463],[-78.315,50.279],[-78.168,50.007],[-78.051,49.867],[-77.999,49.864],[-77.985,49.915],[-77.996,50.009],[-78.102,50.158],[-78.379,50.473]]]}},{"type":"Feature","properties":{"density":3},"geometry":{"type":"Polygon","coordinates":[[[-78.68,50.91],[-78.75,50.91],[-78.761,50.846],[-78.742,50.818],[-78.577,50.699],[-78.509,50.616],[-78.393,50.541],[-78.292,50.419],[-78.266,50.408],[-78.224,50.419],[-78.222,50.526],[-78.274,50.607],[-78.465,50.752],[-78.571,50.855],[-78.68,50.91]]]}},{"type":"Feature","properties":{"density":3},"geometry":{"type":"Polygon","coordinates":[[[-78.617,51.277],[-78.63,51.276],[-78.624,51.257],[-78.508,51.201],[-78.204,50.973],[-78.128,50.957],[-78.133,50.993],[-78.162,51.023],[-78.325,51.104],[-78.488,51.233],[-78.617,51.277]]]}},{"type":"Feature","properties":{"density":3},"geometry":{"type":"Polygon","coordinates":[[[-78.516,51.689],[-78.53,51.665],[-78.483,51.609],[-78.33,51.53],[-78.327,51.56],[-78.377,51.612],[-78.516,51.689]]]}},{"type":"Feature","properties":{"density":3},"geometry":{"type":"Polygon","coordinates":[[[-78.243,51.624],[-78.262,51.632],[-78.271,51.618],[-78.225,51.564],[-78.099,51.477],[-78.027,51.455],[-78.031,51.484],[-78.08,51.53],[-78.243,51.624]]]}},{"type":"Feature","properties":{"density":3},"geometry":{"type":"Polygon","coordinates":[[[-78.114,51.664],[-78.167,51.677],[-78.181,51.658],[-78.162,51.632],[-77.984,51.539],[-77.829,51.478],[-77.848,51.519],[-78.114,51.664]]]}},{"type":"Feature","properties":{"density":3},"geometry":{"type":"Polygon","coordinates":[[[-109.437,37.995],[-109.552,38.005],[-109.563,37.942],[-109.588,37.907],[-109.571,37.853],[-109.365,37.768],[-109.269,37.789],[-109.194,37.924],[-109.189,37.963],[-109.205,37.998],[-109.277,38.024],[-109.437,37.995]]]}},{"type":"Feature","properties":{"density":3},"geometry":{"type":"Polygon","coordinates":[[[-116.485,49.025],[-116.578,48.976],[-116.601,48.924],[-116.465,49.002],[-116.466,49.019],[-116.485,49.025]]]}},{"type":"Feature","properties":{"density":3},"geometry":{"type":"Polygon","coordinates":[[[-122.828,42.8],[-122.85,42.8],[-122.893,42.763],[-122.982,42.611],[-122.953,42.604],[-122.806,42.723],[-122.794,42.767],[-122.828,42.8]]]}},{"type":"Feature","properties":{"density":3},"geometry":{"type":"Polygon","coordinates":[[[-117.474,66.43],[-117.735,66.376],[-117.987,66.372],[-118.28,66.327],[-118.739,66.166],[-118.971,66.116],[-119.219,66.095],[-119.301,66.07],[-119.305,66.033],[-119.223,65.946],[-119.148,65.905],[-119.045,65.88],[-118.847,65.872],[-118.652,65.897],[-118.404,65.959],[-117.917,66.194],[-117.59,66.256],[-117.367,66.347],[-117.313,66.405],[-117.321,66.426],[-117.35,66.438],[-117.474,66.43]]]}},{"type":"Feature","properties":{"density":3},"geometry":{"type":"Polygon","coordinates":[[[-118.272,66.604],[-118.4,66.62],[-118.528,66.608],[-118.801,66.525],[-119.339,66.422],[-119.864,66.368],[-120.149,66.364],[-120.211,66.38],[-120.298,66.368],[-120.36,66.343],[-120.384,66.236],[-120.343,66.186],[-120.273,66.137],[-120.174,66.099],[-119.925,66.079],[-119.545,66.116],[-118.971,66.265],[-118.892,66.302],[-118.818,66.314],[-118.743,66.356],[-118.644,66.364],[-118.371,66.426],[-118.227,66.467],[-118.136,66.517],[-118.132,66.533],[-118.16,66.571],[-118.272,66.604]]]}},{"type":"Feature","properties":{"density":3},"geometry":{"type":"Polygon","coordinates":[[[-119.491,65.645],[-119.777,65.587],[-120.021,65.616],[-120.161,65.616],[-120.285,65.562],[-120.479,65.442],[-120.703,65.372],[-120.785,65.31],[-120.789,65.273],[-120.773,65.227],[-120.732,65.194],[-120.426,65.173],[-120.364,65.186],[-119.942,65.359],[-119.773,65.364],[-119.624,65.326],[-119.372,65.318],[-119.198,65.364],[-119.103,65.43],[-119.107,65.512],[-119.173,65.599],[-119.256,65.641],[-119.359,65.653],[-119.491,65.645]]]}},{"type":"Feature","properties":{"density":3},"geometry":{"type":"Polygon","coordinates":[[[-121.725,64.888],[-121.981,64.844],[-122.003,64.802],[-121.979,64.773],[-121.841,64.76],[-121.67,64.833],[-121.678,64.87],[-121.725,64.888]]]}},{"type":"Feature","properties":{"density":3},"geometry":{"type":"Polygon","coordinates":[[[-122.561,66.26],[-122.702,66.271],[-122.782,66.224],[-122.928,66.177],[-122.999,66.111],[-123.146,66.042],[-123.19,66.001],[-123.201,65.959],[-123.181,65.899],[-123.052,65.808],[-123.019,65.805],[-122.818,65.83],[-122.663,65.882],[-122.608,65.929],[-122.6,66.036],[-122.578,66.086],[-122.49,66.183],[-122.498,66.232],[-122.525,66.257],[-122.561,66.26]]]}},{"type":"Feature","properties":{"density":3},"geometry":{"type":"Polygon","coordinates":[[[-122.143,66.859],[-122.187,66.876],[-122.21,66.861],[-122.239,66.771],[-122.334,66.665],[-122.388,66.538],[-122.393,66.455],[-122.342,66.444],[-122.277,66.477],[-122.21,66.567],[-122.136,66.632],[-122.114,66.689],[-122.114,66.772],[-122.143,66.859]]]}},{"type":"Feature","properties":{"density":3},"geometry":{"type":"Polygon","coordinates":[[[-153.779,66.745],[-153.792,66.677],[-153.746,66.663],[-153.648,66.731],[-153.533,66.753],[-153.511,66.788],[-153.533,66.83],[-153.601,66.839],[-153.779,66.745]]]}},{"type":"Feature","properties":{"density":3},"geometry":{"type":"Polygon","coordinates":[[[-153.833,66.714],[-153.855,66.734],[-153.863,66.673],[-153.849,66.658],[-153.833,66.674],[-153.833,66.714]]]}},{"type":"Feature","properties":{"density":3},"geometry":{"type":"Polygon","coordinates":[[[-102.059,56.585],[-102.187,56.585],[-102.323,56.548],[-102.613,56.539],[-102.799,56.506],[-102.832,56.49],[-102.844,56.395],[-102.828,56.378],[-102.786,56.374],[-102.671,56.391],[-102.567,56.44],[-102.468,56.461],[-102.266,56.432],[-102.051,56.432],[-101.989,56.453],[-101.951,56.498],[-101.96,56.531],[-102.005,56.577],[-102.059,56.585]]]}},{"type":"Feature","properties":{"density":3},"geometry":{"type":"Polygon","coordinates":[[[-91.369,48.624],[-91.396,48.566],[-91.347,48.549],[-91.222,48.608],[-91.067,48.6],[-91.023,48.632],[-91.016,48.665],[-91.049,48.707],[-91.119,48.714],[-91.369,48.624]]]}},{"type":"Feature","properties":{"density":3},"geometry":{"type":"Polygon","coordinates":[[[-79.399,49.499],[-79.432,49.556],[-79.471,49.54],[-79.444,49.438],[-79.361,49.317],[-79.333,49.245],[-79.256,48.986],[-79.234,48.969],[-79.201,48.972],[-79.184,48.994],[-79.179,49.069],[-79.251,49.212],[-79.339,49.339],[-79.399,49.499]]]}},{"type":"Feature","properties":{"density":3},"geometry":{"type":"Polygon","coordinates":[[[-78.485,50.254],[-78.556,50.295],[-78.655,50.292],[-78.697,50.19],[-78.771,50.124],[-78.81,50.061],[-78.843,49.821],[-78.766,49.457],[-78.711,49.333],[-78.451,49.149],[-78.333,48.958],[-78.201,48.912],[-78.046,48.774],[-77.785,48.716],[-77.749,48.694],[-77.636,48.559],[-77.628,48.504],[-77.575,48.443],[-77.539,48.424],[-77.495,48.435],[-77.421,48.509],[-77.393,48.669],[-77.465,48.859],[-77.462,48.981],[-77.539,49.209],[-77.677,49.41],[-78.046,49.876],[-78.396,50.163],[-78.485,50.254]]]}},{"type":"Feature","properties":{"density":3},"geometry":{"type":"Polygon","coordinates":[[[-78.41,50.548],[-78.429,50.568],[-78.485,50.573],[-78.493,50.466],[-78.402,50.35],[-78.259,50.033],[-78.137,49.89],[-77.978,49.763],[-77.865,49.554],[-77.807,49.504],[-77.768,49.485],[-77.741,49.49],[-77.716,49.545],[-77.724,49.656],[-77.966,50.075],[-78.071,50.223],[-78.231,50.383],[-78.38,50.502],[-78.41,50.548]]]}},{"type":"Feature","properties":{"density":3},"geometry":{"type":"Polygon","coordinates":[[[-78.614,51.271],[-78.629,51.249],[-78.603,51.204],[-78.383,50.925],[-77.849,50.559],[-77.781,50.533],[-77.775,50.568],[-77.846,50.645],[-78.123,50.83],[-78.35,51.071],[-78.614,51.271]]]}},{"type":"Feature","properties":{"density":3},"geometry":{"type":"Polygon","coordinates":[[[-77.874,50.918],[-77.883,50.897],[-77.776,50.777],[-77.544,50.587],[-77.506,50.584],[-77.518,50.616],[-77.767,50.857],[-77.874,50.918]]]}},{"type":"Feature","properties":{"density":3},"geometry":{"type":"Polygon","coordinates":[[[-78.495,51.676],[-78.548,51.685],[-78.563,51.67],[-78.57,51.65],[-78.547,51.61],[-78.468,51.527],[-78.328,51.424],[-78.203,51.226],[-78.166,51.204],[-78.141,51.209],[-78.135,51.244],[-78.155,51.329],[-78.341,51.551],[-78.495,51.676]]]}},{"type":"Feature","properties":{"density":3},"geometry":{"type":"Polygon","coordinates":[[[-78.212,51.605],[-78.264,51.619],[-78.292,51.564],[-77.98,51.258],[-77.674,51.051],[-77.457,50.957],[-77.468,51.043],[-77.526,51.12],[-78.212,51.605]]]}},{"type":"Feature","properties":{"density":3},"geometry":{"type":"Polygon","coordinates":[[[-78.108,51.68],[-78.159,51.693],[-78.183,51.682],[-78.169,51.636],[-78.123,51.579],[-77.715,51.282],[-77.349,50.927],[-77.245,50.859],[-77.129,50.841],[-77.127,50.872],[-77.171,50.975],[-77.274,51.094],[-77.496,51.221],[-77.709,51.366],[-78.014,51.625],[-78.108,51.68]]]}},{"type":"Feature","properties":{"density":3},"geometry":{"type":"Polygon","coordinates":[[[-123.889,67.757],[-124.736,67.883],[-125.521,67.914],[-126.086,67.914],[-127.561,67.663],[-128.032,67.475],[-128.409,67.255],[-128.597,67.004],[-128.66,66.533],[-128.534,65.937],[-128.22,65.403],[-127.844,64.87],[-127.185,64.587],[-126.431,64.399],[-125.709,64.336],[-125.113,64.085],[-124.705,63.834],[-124.234,63.583],[-123.669,63.363],[-123.104,63.269],[-122.508,63.237],[-121.252,63.551],[-119.84,64.242],[-119.557,64.305],[-118.961,64.336],[-118.427,64.336],[-117.956,64.399],[-116.795,64.399],[-116.512,64.587],[-116.387,64.901],[-116.324,65.278],[-116.45,65.654],[-116.701,65.968],[-117.36,66.502],[-117.831,66.69],[-118.427,66.879],[-120.593,67.035],[-121.723,67.035],[-122.79,67.318],[-123.073,67.444],[-123.889,67.757]]]}},{"type":"Feature","properties":{"density":3},"geometry":{"type":"Polygon","coordinates":[[[-86.824,67.731],[-87.535,67.857],[-88.372,68.045],[-89.481,68.171],[-89.879,68.192],[-90.318,68.192],[-90.632,68.171],[-90.904,68.087],[-90.946,68.024],[-90.842,67.815],[-90.423,67.606],[-90.088,67.501],[-89.147,67.313],[-88.728,67.313],[-87.786,67.208],[-87.326,67.124],[-85.84,66.957],[-85.129,66.706],[-84.731,66.518],[-84.459,66.308],[-84.334,66.015],[-84.292,65.618],[-84.208,65.115],[-84.02,64.718],[-83.727,64.174],[-83.392,63.672],[-82.408,62.856],[-81.32,62.27],[-80.713,62.06],[-80.107,61.914],[-79.395,61.872],[-78.705,61.788],[-78.014,61.767],[-77.282,61.851],[-76.717,61.935],[-76.193,62.081],[-75.817,62.249],[-75.482,62.458],[-74.812,62.814],[-74.603,63.002],[-74.54,63.295],[-74.561,63.588],[-74.708,63.818],[-74.896,64.027],[-75.294,64.216],[-75.649,64.299],[-76.068,64.299],[-77.323,64.174],[-77.826,64.174],[-78.516,64.237],[-79.165,64.425],[-79.688,64.613],[-80.086,64.927],[-80.525,65.241],[-81.383,65.953],[-81.906,66.329],[-82.388,66.601],[-83.455,67.145],[-84.187,67.355],[-84.606,67.438],[-85.401,67.648],[-86.824,67.731]]]}}]}