{"type":"FeatureCollection","features":[{"type":"Feature","properties":{"density":1},"geometry":{"type":"Polygon","coordinates":[[[-138.385,68.749],[-137.867,70.209],[-136.388,71.503],[-133.63,72.704],[-131.444,73.057],[-124.684,73.363],[-121.062,73.269],[-112.94,73.127],[-110.327,73.127],[-108.534,73.081],[-106.725,73.127],[-103.335,73.057],[-99.733,72.916],[-97.191,72.704],[-91.255,71.715],[-87.394,70.632],[-83.957,69.361],[-81.512,68.254],[-78.919,66.348],[-77.13,64.041],[-76.215,62.039],[-75.297,59.073],[-75.156,58.296],[-75.156,56.46],[-75.67,54.294],[-76.286,52.999],[-77.412,51.517],[-78.73,50.151],[-79.817,49.468],[-81.794,49.115],[-83.041,48.372],[-84.054,47.208],[-84.761,45.584],[-84.619,44.383],[-83.984,43.394],[-81.724,42.617],[-80.241,41.982],[-77.557,41.982],[-74.943,42.534],[-72.165,42.628],[-70.283,42.971],[-68.304,43.287],[-67.104,43.606],[-65.479,43.758],[-64.068,43.677],[-62.89,43.24],[-62.373,42.335],[-62.019,40.64],[-62.019,38.451],[-62.161,36.332],[-63.291,34.001],[-64.421,32.447],[-66.893,30.47],[-69.34,29.115],[-72.119,28.139],[-74.927,27.467],[-78.051,27.08],[-81.441,27.433],[-84.187,27.844],[-85.756,27.624],[-87.514,27.216],[-89.146,26.463],[-89.994,25.615],[-90.693,24.82],[-91.375,23.889],[-92.128,22.414],[-92.459,21.642],[-92.662,20.562],[-92.6,19.241],[-92.671,17.616],[-92.106,16.062],[-91.823,14.65],[-91.823,13.308],[-92.035,12.249],[-92.6,11.542],[-94.013,11.048],[-96.343,11.048],[-98.281,11.177],[-100.369,11.613],[-102.417,12.602],[-105.782,14.912],[-107.784,16.981],[-109.392,18.71],[-110.334,19.871],[-111.589,21.629],[-112.374,22.822],[-113.347,24.14],[-114.697,25.71],[-115.544,27.373],[-115.733,28.252],[-115.576,29.351],[-115.513,30.261],[-115.106,30.883],[-114.604,31.49],[-113.997,31.574],[-113.348,31.344],[-112.616,30.82],[-111.841,30.135],[-111.495,29.633],[-110.867,29.037],[-109.894,27.781],[-107.782,25.477],[-106.934,24.284],[-106.338,23.405],[-105.836,22.62],[-104.957,21.459],[-104.056,20.53],[-102.863,19.369],[-101.63,18.697],[-100.038,17.957],[-98.365,17.504],[-97.37,17.768],[-96.962,18.522],[-97.119,19.557],[-98.092,20.782],[-98.867,22.087],[-99.087,22.589],[-99.464,23.782],[-99.558,24.441],[-99.087,25.947],[-98.648,26.607],[-97.737,27.705],[-96.356,28.835],[-96.105,29.84],[-96.388,30.248],[-97.235,30.718],[-98.249,30.732],[-99.881,31.109],[-100.352,32.05],[-100.321,33.149],[-99.85,34.09],[-98.742,35.803],[-98.522,36.808],[-98.491,37.781],[-98.616,38.911],[-99.15,40.104],[-99.527,40.763],[-100.343,41.391],[-101.253,41.642],[-102.91,41.64],[-104.087,41.969],[-106.589,42.583],[-107.311,42.709],[-108.127,42.897],[-109.665,42.992],[-110.567,42.838],[-111.273,42.454],[-111.652,42.02],[-111.918,41.53],[-112.073,41.115],[-112.21,40.674],[-112.402,39.688],[-112.867,39.256],[-113.871,38.817],[-114.719,39.005],[-115.158,39.131],[-116.571,39.037],[-117.136,38.597],[-117.92,38.126],[-118.642,37.467],[-119.145,36.682],[-119.992,36.18],[-121.279,35.772],[-121.656,35.772],[-122.001,35.866],[-122.346,36.588],[-122.315,37.467],[-122.001,38.315],[-122.064,38.691],[-122.252,38.942],[-122.284,39.256],[-122.221,39.602],[-121.97,39.79],[-121.562,39.978],[-121.154,40.355],[-120.84,40.888],[-120.84,41.077],[-120.965,41.391],[-121.216,41.767],[-121.671,42.913],[-122.613,43.761],[-123.884,44.137],[-124.685,44.231],[-125.485,44.985],[-126.144,46.209],[-126.333,47.668],[-126.851,48.657],[-127.51,49.411],[-127.698,50.588],[-127.321,52.236],[-126.898,53.177],[-126.474,54.307],[-126.201,55.77],[-125.761,56.711],[-125.156,57.697],[-124.715,58.992],[-124.757,60.227],[-125.176,61.503],[-126.18,62.592],[-127.086,63.677],[-127.745,64.148],[-128.628,64.412],[-129.968,64.642],[-131.809,64.663],[-133.019,64.524],[-134.243,64.618],[-135.326,64.618],[-136.644,64.807],[-137.539,65.136],[-138.254,65.668],[-138.547,66.421],[-138.527,67.396],[-138.385,68.749]]]}},{"type":"Feature","properties":{"density":1},"geometry":{"type":"Polygon","coordinates":[[[-109.634,33.646],[-109.705,33.624],[-109.774,33.571],[-109.854,33.486],[-109.854,33.453],[-109.821,33.431],[-109.793,33.442],[-109.612,33.624],[-109.634,33.646]]]}},{"type":"Feature","properties":{"density":1},"geometry":{"type":"Polygon","coordinates":[[[-109.865,39.423],[-109.977,39.423],[-110.138,39.373],[-110.258,39.311],[-110.316,39.262],[-110.336,39.204],[-110.295,39.167],[-110.245,39.15],[-110.183,39.158],[-109.853,39.353],[-109.844,39.398],[-109.865,39.423]]]}},{"type":"Feature","properties":{"density":1},"geometry":{"type":"Polygon","coordinates":[[[-126.509,50.013],[-126.651,50.024],[-126.727,50.145],[-126.974,50.25],[-127.004,50.291],[-127.001,50.329],[-126.945,50.353],[-126.894,50.345],[-126.438,50.246],[-126.184,50.222],[-126.074,50.176],[-126.073,50.12],[-126.124,50.093],[-126.306,50.134],[-126.425,50.138],[-126.445,50.118],[-126.439,50.027],[-126.509,50.013]]]}},{"type":"Feature","properties":{"density":1},"geometry":{"type":"Polygon","coordinates":[[[-126.794,50.345],[-126.954,50.496],[-126.963,50.524],[-126.942,50.585],[-126.884,50.632],[-126.844,50.63],[-126.779,50.471],[-126.759,50.361],[-126.766,50.342],[-126.794,50.345]]]}},{"type":"Feature","properties":{"density":1},"geometry":{"type":"Polygon","coordinates":[[[-119.834,49.049],[-119.324,48.853],[-119.219,48.787],[-119.192,48.748],[-119.193,48.713],[-119.223,48.685],[-119.361,48.63],[-119.384,48.587],[-119.383,48.554],[-119.304,48.387],[-119.498,48.286],[-119.519,48.267],[-119.563,48.119],[-119.592,48.077],[-119.631,48.051],[-119.703,48.034],[-119.817,48.078],[-119.86,48.132],[-119.891,48.252],[-119.888,48.313],[-119.829,48.482],[-119.919,48.618],[-119.958,48.811],[-119.954,48.967],[-119.918,49.047],[-119.87,49.069],[-119.834,49.049]]]}},{"type":"Feature","properties":{"density":1},"geometry":{"type":"Polygon","coordinates":[[[-120.051,49.722],[-119.875,49.691],[-119.755,49.638],[-119.739,49.616],[-119.744,49.59],[-119.8,49.565],[-119.991,49.548],[-120.184,49.588],[-120.206,49.605],[-120.216,49.655],[-120.185,49.696],[-120.124,49.723],[-120.051,49.722]]]}},{"type":"Feature","properties":{"density":1},"geometry":{"type":"Polygon","coordinates":[[[-118.319,44.849],[-118.282,44.972],[-118.167,45.121],[-118.065,45.211],[-117.945,45.228],[-117.889,45.206],[-117.802,45.14],[-117.777,45.092],[-117.772,45.013],[-117.804,44.953],[-117.831,44.938],[-118.059,44.876],[-118.23,44.776],[-118.285,44.791],[-118.316,44.82],[-118.319,44.849]]]}},{"type":"Feature","properties":{"density":1},"geometry":{"type":"Polygon","coordinates":[[[-117.698,50.91],[-117.669,50.933],[-117.604,50.938],[-117.574,50.904],[-117.578,50.873],[-117.632,50.751],[-117.813,50.594],[-117.825,50.43],[-117.766,50.258],[-117.778,50.212],[-117.827,50.187],[-117.88,50.203],[-117.949,50.253],[-118.0,50.334],[-118.029,50.49],[-118.007,50.576],[-117.926,50.744],[-117.698,50.91]]]}},{"type":"Feature","properties":{"density":1},"geometry":{"type":"Polygon","coordinates":[[[-116.643,48.849],[-116.714,48.875],[-116.754,48.915],[-116.83,49.0],[-116.838,49.048],[-116.804,49.065],[-116.757,49.036],[-116.687,48.94],[-116.61,48.88],[-116.612,48.858],[-116.643,48.849]]]}},{"type":"Feature","properties":{"density":1},"geometry":{"type":"Polygon","coordinates":[[[-115.566,43.693],[-115.673,43.628],[-115.806,43.575],[-115.952,43.541],[-116.033,43.545],[-116.054,43.57],[-116.06,43.624],[-116.008,43.761],[-116.004,44.043],[-116.026,44.203],[-115.993,44.317],[-115.94,44.396],[-115.835,44.493],[-115.469,44.668],[-115.354,44.71],[-115.271,44.719],[-115.247,44.703],[-115.23,44.651],[-115.249,44.578],[-115.317,44.468],[-115.374,44.273],[-115.433,43.979],[-115.427,43.807],[-115.486,43.731],[-115.566,43.693]]]}},{"type":"Feature","properties":{"density":1},"geometry":{"type":"Polygon","coordinates":[[[-113.873,43.098],[-113.916,43.13],[-114.01,43.152],[-114.229,43.134],[-114.49,43.051],[-114.679,43.036],[-114.683,42.993],[-114.635,42.961],[-114.339,42.896],[-114.223,42.906],[-114.057,42.949],[-113.854,42.944],[-113.775,42.975],[-113.774,43.014],[-113.873,43.098]]]}},{"type":"Feature","properties":{"density":1},"geometry":{"type":"Polygon","coordinates":[[[-113.849,43.354],[-113.378,43.646],[-113.133,43.836],[-112.954,44.007],[-112.805,44.109],[-112.328,44.299],[-111.926,44.398],[-111.606,44.423],[-111.32,44.393],[-111.141,44.321],[-111.102,44.288],[-111.091,44.181],[-111.201,44.128],[-111.411,44.109],[-111.557,44.068],[-111.736,43.971],[-111.785,43.924],[-111.824,43.853],[-111.832,43.781],[-111.81,43.737],[-111.645,43.698],[-111.186,43.755],[-110.993,43.853],[-110.871,43.97],[-110.767,44.093],[-110.585,44.367],[-110.467,44.474],[-110.329,44.463],[-110.217,44.259],[-110.168,43.917],[-110.208,43.678],[-110.181,43.54],[-110.111,43.366],[-110.098,43.228],[-110.168,43.114],[-110.348,43.076],[-110.607,43.09],[-110.925,43.076],[-111.251,43.103],[-111.807,43.12],[-112.199,43.077],[-112.606,43.091],[-113.13,42.957],[-113.299,42.941],[-113.387,42.961],[-113.547,43.029],[-113.622,43.093],[-113.762,43.152],[-114.016,43.179],[-114.049,43.225],[-114.014,43.293],[-113.849,43.354]]]}},{"type":"Feature","properties":{"density":1},"geometry":{"type":"Polygon","coordinates":[[[-115.534,41.568],[-116.289,41.32],[-116.727,41.204],[-116.848,41.149],[-116.948,41.066],[-117.003,40.915],[-116.986,40.733],[-116.901,40.639],[-116.686,40.59],[-116.278,40.559],[-116.022,40.565],[-115.741,40.615],[-115.515,40.703],[-115.016,41.066],[-114.825,41.17],[-114.783,41.267],[-114.788,41.314],[-114.82,41.372],[-114.776,41.612],[-114.528,41.728],[-114.316,41.794],[-113.916,41.882],[-113.285,41.969],[-112.438,42.031],[-112.14,42.035],[-111.098,41.965],[-110.929,41.993],[-110.867,42.031],[-110.83,42.105],[-110.826,42.2],[-110.896,42.279],[-111.032,42.337],[-111.239,42.394],[-111.859,42.415],[-112.376,42.456],[-114.017,42.44],[-114.645,42.378],[-114.887,42.276],[-115.1,42.13],[-115.474,41.681],[-115.534,41.568]]]}},{"type":"Feature","properties":{"density":1},"geometry":{"type":"Polygon","coordinates":[[[-112.739,40.004],[-112.788,40.146],[-112.765,40.272],[-112.739,40.329],[-112.699,40.359],[-112.621,40.362],[-112.587,40.338],[-112.538,40.25],[-112.594,40.026],[-112.642,39.987],[-112.679,39.979],[-112.739,40.004]]]}},{"type":"Feature","properties":{"density":1},"geometry":{"type":"Polygon","coordinates":[[[-109.961,39.402],[-109.879,39.461],[-109.824,39.463],[-109.712,39.408],[-109.687,39.352],[-109.722,39.334],[-109.902,39.335],[-109.953,39.362],[-109.961,39.402]]]}},{"type":"Feature","properties":{"density":1},"geometry":{"type":"Polygon","coordinates":[[[-114.92,39.95],[-114.839,40.016],[-114.653,40.112],[-114.481,40.174],[-114.442,40.166],[-114.444,40.138],[-114.503,40.094],[-114.875,39.882],[-114.935,39.878],[-114.945,39.898],[-114.92,39.95]]]}},{"type":"Feature","properties":{"density":1},"geometry":{"type":"Polygon","coordinates":[[[-113.2,47.252],[-113.451,47.117],[-113.749,46.893],[-113.9,46.805],[-114.082,46.764],[-114.278,46.764],[-114.702,46.904],[-115.25,47.304],[-115.402,47.48],[-115.471,47.781],[-115.438,47.965],[-115.347,48.167],[-115.204,48.387],[-115.058,48.552],[-114.889,48.671],[-114.738,48.718],[-114.559,48.742],[-114.347,48.742],[-114.231,48.709],[-113.919,48.539],[-113.755,48.368],[-113.696,48.269],[-113.52,48.093],[-113.312,48.005],[-112.971,47.969],[-112.877,47.925],[-112.662,47.735],[-112.654,47.669],[-112.684,47.627],[-112.993,47.383],[-113.2,47.252]]]}},{"type":"Feature","properties":{"density":1},"geometry":{"type":"Polygon","coordinates":[[[-121.805,36.23],[-121.821,36.336],[-121.808,36.376],[-121.572,36.716],[-121.415,36.823],[-121.327,36.834],[-121.283,36.817],[-121.262,36.769],[-121.274,36.709],[-121.303,36.649],[-121.394,36.546],[-121.433,36.416],[-121.41,36.367],[-121.316,36.312],[-121.309,36.291],[-121.332,36.24],[-121.488,36.122],[-121.583,36.092],[-121.628,36.095],[-121.705,36.134],[-121.805,36.23]]]}},{"type":"Feature","properties":{"density":1},"geometry":{"type":"Polygon","coordinates":[[[-109.625,33.611],[-109.731,33.545],[-109.768,33.568],[-109.776,33.623],[-109.742,33.657],[-109.647,33.661],[-109.615,33.64],[-109.625,33.611]]]}},{"type":"Feature","properties":{"density":1},"geometry":{"type":"Polygon","coordinates":[[[-115.076,61.876],[-115.034,61.896],[-114.864,61.911],[-114.761,61.892],[-114.57,61.809],[-114.436,61.703],[-114.346,61.593],[-114.205,61.463],[-113.977,61.356],[-113.846,61.218],[-113.828,61.137],[-113.879,61.106],[-113.964,61.114],[-114.317,61.237],[-114.407,61.284],[-114.605,61.441],[-114.683,61.526],[-114.956,61.687],[-115.075,61.78],[-115.106,61.821],[-115.076,61.876]]]}},{"type":"Feature","properties":{"density":1},"geometry":{"type":"Polygon","coordinates":[[[-82.87,31.686],[-82.816,31.806],[-82.777,31.855],[-82.701,31.875],[-82.663,31.849],[-82.66,31.81],[-82.689,31.758],[-82.804,31.631],[-82.827,31.615],[-82.865,31.622],[-82.87,31.686]]]}},{"type":"Feature","properties":{"density":1},"geometry":{"type":"Polygon","coordinates":[[[-82.733,31.602],[-82.642,31.651],[-82.599,31.656],[-82.52,31.626],[-82.486,31.58],[-82.498,31.564],[-82.705,31.538],[-82.739,31.562],[-82.733,31.602]]]}},{"type":"Feature","properties":{"density":1},"geometry":{"type":"Polygon","coordinates":[[[-82.551,32.03],[-82.521,32.142],[-82.481,32.157],[-82.455,32.15],[-82.439,32.128],[-82.453,32.084],[-82.518,32.015],[-82.551,32.03]]]}},{"type":"Feature","properties":{"density":1},"geometry":{"type":"Polygon","coordinates":[[[-82.742,33.495],[-82.614,33.524],[-82.578,33.518],[-82.594,33.489],[-82.642,33.461],[-82.835,33.38],[-82.842,33.421],[-82.772,33.486],[-82.742,33.495]]]}},{"type":"Feature","properties":{"density":1},"geometry":{"type":"Polygon","coordinates":[[[-82.248,33.23],[-81.967,33.304],[-81.901,33.304],[-81.855,33.286],[-81.84,33.262],[-81.847,33.234],[-81.885,33.219],[-82.11,33.187],[-82.412,33.056],[-82.472,33.061],[-82.548,33.156],[-82.548,33.193],[-82.496,33.218],[-82.248,33.23]]]}},{"type":"Feature","properties":{"density":1},"geometry":{"type":"Polygon","coordinates":[[[-77.802,36.847],[-77.929,36.69],[-77.952,36.613],[-77.94,36.596],[-77.917,36.593],[-77.841,36.638],[-77.716,36.804],[-77.741,36.839],[-77.802,36.847]]]}},{"type":"Feature","properties":{"density":1},"geometry":{"type":"Polygon","coordinates":[[[-85.948,36.424],[-85.834,36.418],[-85.733,36.387],[-85.695,36.343],[-85.685,36.263],[-85.724,36.23],[-85.766,36.23],[-85.91,36.283],[-85.955,36.315],[-85.981,36.365],[-85.98,36.392],[-85.948,36.424]]]}},{"type":"Feature","properties":{"density":1},"geometry":{"type":"Polygon","coordinates":[[[-86.389,32.891],[-86.316,32.858],[-86.322,32.803],[-86.371,32.786],[-86.416,32.812],[-86.421,32.858],[-86.405,32.889],[-86.389,32.891]]]}},{"type":"Feature","properties":{"density":1},"geometry":{"type":"Polygon","coordinates":[[[-86.523,32.674],[-86.493,32.653],[-86.466,32.6],[-86.448,32.547],[-86.452,32.5],[-86.502,32.517],[-86.547,32.592],[-86.551,32.645],[-86.523,32.674]]]}},{"type":"Feature","properties":{"density":1},"geometry":{"type":"Polygon","coordinates":[[[-88.203,38.905],[-88.229,38.964],[-88.214,38.998],[-88.185,39.005],[-88.126,38.985],[-88.121,38.961],[-88.148,38.906],[-88.203,38.905]]]}},{"type":"Feature","properties":{"density":1},"geometry":{"type":"Polygon","coordinates":[[[-85.886,31.487],[-85.838,31.471],[-85.817,31.429],[-85.82,31.241],[-85.845,31.219],[-85.88,31.264],[-85.906,31.346],[-85.912,31.474],[-85.886,31.487]]]}},{"type":"Feature","properties":{"density":1},"geometry":{"type":"Polygon","coordinates":[[[-83.08,22.544],[-83.143,22.573],[-83.192,22.574],[-83.183,22.545],[-83.14,22.52],[-83.086,22.515],[-83.08,22.544]]]}},{"type":"Feature","properties":{"density":1},"geometry":{"type":"Polygon","coordinates":[[[-91.445,17.866],[-91.693,18.044],[-91.783,18.073],[-91.806,18.056],[-91.809,18.018],[-91.778,17.968],[-91.651,17.877],[-91.522,17.826],[-91.456,17.827],[-91.437,17.848],[-91.445,17.866]]]}},{"type":"Feature","properties":{"density":1},"geometry":{"type":"Polygon","coordinates":[[[-91.5,17.715],[-91.562,17.778],[-91.67,17.812],[-91.631,17.75],[-91.566,17.702],[-91.514,17.69],[-91.5,17.715]]]}},{"type":"Feature","properties":{"density":1},"geometry":{"type":"Polygon","coordinates":[[[-92.466,17.93],[-92.74,18.126],[-92.992,18.282],[-93.08,18.319],[-93.13,18.293],[-93.142,18.233],[-93.12,18.177],[-92.992,18.03],[-92.931,17.986],[-92.622,17.854],[-92.551,17.843],[-92.499,17.839],[-92.435,17.874],[-92.466,17.93]]]}},{"type":"Feature","properties":{"density":1},"geometry":{"type":"Polygon","coordinates":[[[-93.221,17.951],[-93.618,18.077],[-93.723,18.09],[-93.771,18.07],[-93.8,18.03],[-93.789,17.993],[-93.681,17.881],[-93.6,17.833],[-93.344,17.783],[-93.157,17.782],[-93.089,17.789],[-93.045,17.811],[-93.034,17.835],[-93.058,17.873],[-93.146,17.927],[-93.221,17.951]]]}},{"type":"Feature","properties":{"density":1},"geometry":{"type":"Polygon","coordinates":[[[-126.578,50.002],[-126.64,50.029],[-126.813,50.168],[-126.89,50.209],[-127.082,50.27],[-127.116,50.321],[-127.17,50.466],[-127.265,50.58],[-127.306,50.663],[-127.315,50.709],[-127.291,50.749],[-127.208,50.764],[-127.082,50.742],[-126.975,50.7],[-126.795,50.593],[-126.76,50.538],[-126.714,50.382],[-126.674,50.343],[-126.534,50.305],[-126.18,50.258],[-126.064,50.199],[-126.042,50.166],[-126.066,50.108],[-126.104,50.09],[-126.377,50.09],[-126.45,50.013],[-126.578,50.002]]]}},{"type":"Feature","properties":{"density":1},"geometry":{"type":"Polygon","coordinates":[[[-125.396,52.619],[-125.486,52.7],[-125.521,52.754],[-125.595,52.94],[-125.606,53.043],[-125.595,53.093],[-125.526,53.191],[-125.488,53.209],[-125.422,53.18],[-125.389,53.148],[-125.367,53.094],[-125.365,52.921],[-125.285,52.658],[-125.283,52.631],[-125.32,52.599],[-125.396,52.619]]]}},{"type":"Feature","properties":{"density":1},"geometry":{"type":"Polygon","coordinates":[[[-120.0,49.563],[-120.279,49.699],[-120.314,49.748],[-120.324,49.808],[-120.314,49.878],[-120.279,49.949],[-120.203,50.048],[-120.116,50.096],[-120.031,50.114],[-119.952,50.091],[-119.848,49.982],[-119.782,49.891],[-119.758,49.809],[-119.778,49.746],[-119.937,49.568],[-120.0,49.563]]]}},{"type":"Feature","properties":{"density":1},"geometry":{"type":"Polygon","coordinates":[[[-117.663,50.989],[-117.724,50.955],[-117.799,50.836],[-117.961,50.73],[-117.993,50.582],[-117.98,50.489],[-117.955,50.455],[-117.908,50.459],[-117.87,50.5],[-117.807,50.627],[-117.773,50.665],[-117.584,50.778],[-117.567,50.807],[-117.557,50.849],[-117.569,50.943],[-117.606,50.983],[-117.663,50.989]]]}},{"type":"Feature","properties":{"density":1},"geometry":{"type":"Polygon","coordinates":[[[-119.912,48.65],[-119.938,48.754],[-119.999,48.842],[-120.032,48.943],[-119.997,49.11],[-119.927,49.24],[-119.839,49.323],[-119.742,49.373],[-119.724,49.361],[-119.727,49.308],[-119.695,49.266],[-119.66,49.294],[-119.619,49.402],[-119.581,49.427],[-119.476,49.42],[-119.292,49.216],[-119.271,49.086],[-119.277,48.995],[-119.295,48.967],[-119.424,48.909],[-119.611,48.728],[-119.744,48.633],[-119.845,48.625],[-119.912,48.65]]]}},{"type":"Feature","properties":{"density":1},"geometry":{"type":"Polygon","coordinates":[[[-118.242,45.545],[-118.273,45.556],[-118.36,45.654],[-118.381,45.701],[-118.398,45.84],[-118.387,45.907],[-118.223,46.322],[-117.997,46.647],[-117.926,46.708],[-117.865,46.735],[-117.786,46.744],[-117.72,46.726],[-117.67,46.678],[-117.645,46.618],[-117.656,46.533],[-117.709,46.405],[-117.755,46.18],[-117.799,46.07],[-117.849,45.989],[-117.979,45.904],[-118.007,45.841],[-118.014,45.748],[-118.054,45.635],[-118.108,45.58],[-118.242,45.545]]]}},{"type":"Feature","properties":{"density":1},"geometry":{"type":"Polygon","coordinates":[[[-115.551,44.346],[-115.208,44.325],[-115.182,44.259],[-115.225,44.144],[-115.23,43.902],[-115.258,43.854],[-115.335,43.798],[-115.574,43.753],[-115.633,43.765],[-115.826,43.699],[-115.877,43.698],[-115.964,43.793],[-116.025,43.938],[-116.031,44.069],[-115.995,44.238],[-115.913,44.353],[-115.873,44.375],[-115.806,44.37],[-115.791,44.327],[-115.797,44.275],[-115.76,44.206],[-115.68,44.215],[-115.551,44.346]]]}},{"type":"Feature","properties":{"density":1},"geometry":{"type":"Polygon","coordinates":[[[-113.881,42.939],[-114.044,42.999],[-114.248,42.973],[-114.579,43.007],[-114.849,43.138],[-114.884,43.174],[-114.893,43.22],[-114.862,43.275],[-114.805,43.321],[-114.717,43.365],[-114.539,43.417],[-114.258,43.425],[-114.129,43.403],[-113.972,43.327],[-113.907,43.263],[-113.799,43.103],[-113.78,43.048],[-113.79,42.979],[-113.881,42.939]]]}},{"type":"Feature","properties":{"density":1},"geometry":{"type":"Polygon","coordinates":[[[-114.933,41.106],[-115.013,41.095],[-115.083,41.106],[-115.265,41.208],[-115.318,41.282],[-115.397,41.527],[-115.402,41.637],[-115.353,41.74],[-115.279,41.821],[-115.061,41.911],[-115.0,41.915],[-114.937,41.891],[-114.886,41.786],[-114.876,41.718],[-114.911,41.561],[-114.907,41.453],[-114.898,41.396],[-114.829,41.286],[-114.814,41.187],[-114.868,41.126],[-114.933,41.106]]]}},{"type":"Feature","properties":{"density":1},"geometry":{"type":"Polygon","coordinates":[[[-112.804,40.004],[-112.867,40.12],[-112.884,40.198],[-112.869,40.342],[-112.845,40.436],[-112.804,40.512],[-112.731,40.585],[-112.683,40.599],[-112.585,40.584],[-112.447,40.457],[-112.343,40.405],[-112.165,40.241],[-112.136,40.192],[-112.139,40.132],[-112.176,40.077],[-112.274,40.032],[-112.474,40.006],[-112.609,39.948],[-112.686,39.958],[-112.804,40.004]]]}},{"type":"Feature","properties":{"density":1},"geometry":{"type":"Polygon","coordinates":[[[-116.818,42.82],[-116.924,42.883],[-116.936,42.925],[-116.926,42.946],[-116.902,42.96],[-116.765,42.953],[-116.65,42.993],[-116.6,42.992],[-116.555,42.981],[-116.505,42.921],[-116.503,42.901],[-116.527,42.879],[-116.705,42.804],[-116.755,42.794],[-116.818,42.82]]]}},{"type":"Feature","properties":{"density":1},"geometry":{"type":"Polygon","coordinates":[[[-115.257,47.111],[-115.327,47.049],[-115.428,46.996],[-115.548,46.963],[-115.992,46.944],[-116.268,46.961],[-116.6,46.898],[-116.738,46.814],[-116.955,46.612],[-117.054,46.498],[-117.059,46.456],[-116.986,46.41],[-116.819,46.386],[-116.552,46.432],[-116.431,46.424],[-116.363,46.402],[-116.308,46.366],[-116.225,46.228],[-116.183,46.118],[-116.001,46.01],[-115.869,46.004],[-115.709,46.047],[-115.588,46.042],[-115.29,45.993],[-114.995,46.028],[-114.959,46.021],[-114.932,45.993],[-114.88,45.891],[-114.842,45.869],[-114.739,45.875],[-114.723,45.909],[-114.747,46.127],[-114.782,46.241],[-114.779,46.312],[-114.677,46.472],[-114.593,46.556],[-114.597,46.591],[-114.624,46.62],[-114.784,46.69],[-114.883,46.819],[-114.918,47.001],[-114.957,47.074],[-115.005,47.113],[-115.113,47.146],[-115.223,47.137],[-115.257,47.111]]]}},{"type":"Feature","properties":{"density":1},"geometry":{"type":"Polygon","coordinates":[[[-113.063,47.223],[-113.388,46.96],[-113.623,46.82],[-113.899,46.749],[-114.093,46.736],[-114.321,46.798],[-114.804,47.009],[-115.036,47.183],[-115.197,47.36],[-115.288,47.6],[-115.317,47.836],[-115.292,48.034],[-115.102,48.642],[-115.024,48.803],[-114.813,49.092],[-114.73,49.154],[-114.552,49.196],[-114.304,49.163],[-114.147,49.109],[-113.688,48.795],[-113.531,48.533],[-113.416,48.398],[-113.281,48.279],[-113.168,48.131],[-113.041,48.056],[-112.947,48.034],[-112.815,48.042],[-112.683,48.075],[-112.465,48.073],[-111.762,48.128],[-111.299,48.131],[-111.139,48.081],[-110.93,47.954],[-110.872,47.827],[-110.908,47.679],[-111.087,47.425],[-111.139,47.315],[-111.214,47.224],[-111.39,47.122],[-111.589,47.083],[-111.765,47.092],[-111.966,47.114],[-112.787,47.26],[-112.996,47.255],[-113.063,47.223]]]}},{"type":"Feature","properties":{"density":1},"geometry":{"type":"Polygon","coordinates":[[[-116.656,48.841],[-116.815,49.083],[-116.913,49.177],[-116.922,49.234],[-116.907,49.266],[-116.832,49.291],[-116.535,49.283],[-116.389,49.247],[-116.333,49.19],[-116.327,49.088],[-116.363,48.959],[-116.425,48.903],[-116.593,48.824],[-116.629,48.816],[-116.656,48.841]]]}},{"type":"Feature","properties":{"density":1},"geometry":{"type":"Polygon","coordinates":[[[-116.726,48.661],[-116.542,48.772],[-116.253,48.833],[-116.089,48.895],[-116.031,48.896],[-115.988,48.879],[-115.987,48.837],[-116.006,48.806],[-116.197,48.696],[-116.679,48.6],[-116.73,48.607],[-116.745,48.641],[-116.726,48.661]]]}},{"type":"Feature","properties":{"density":1},"geometry":{"type":"Polygon","coordinates":[[[-109.975,39.472],[-109.87,39.518],[-109.739,39.53],[-109.679,39.503],[-109.655,39.452],[-109.662,39.424],[-109.779,39.363],[-109.926,39.337],[-109.984,39.364],[-110.002,39.39],[-109.975,39.472]]]}},{"type":"Feature","properties":{"density":1},"geometry":{"type":"Polygon","coordinates":[[[-119.942,41.636],[-119.789,42.006],[-119.683,42.198],[-119.532,42.356],[-119.472,42.398],[-119.419,42.4],[-119.404,42.358],[-119.422,42.286],[-119.529,42.009],[-119.668,41.768],[-119.75,41.659],[-119.837,41.592],[-119.913,41.583],[-119.933,41.594],[-119.942,41.636]]]}},{"type":"Feature","properties":{"density":1},"geometry":{"type":"Polygon","coordinates":[[[-121.866,36.32],[-121.876,36.396],[-121.825,36.613],[-121.722,36.875],[-121.619,36.979],[-121.541,37.011],[-121.177,37.073],[-120.757,37.218],[-120.672,37.233],[-120.615,37.205],[-120.628,37.13],[-120.779,36.981],[-121.08,36.766],[-121.42,36.45],[-121.502,36.211],[-121.484,36.099],[-121.435,35.989],[-120.944,35.427],[-120.863,35.238],[-120.882,35.185],[-120.953,35.172],[-121.052,35.23],[-121.12,35.286],[-121.205,35.433],[-121.28,35.504],[-121.517,35.655],[-121.684,35.805],[-121.859,36.087],[-121.875,36.155],[-121.879,36.296],[-121.866,36.32]]]}},{"type":"Feature","properties":{"density":1},"geometry":{"type":"Polygon","coordinates":[[[-98.389,33.201],[-98.271,33.396],[-98.113,33.73],[-98.036,33.816],[-97.82,34.002],[-97.461,34.268],[-97.255,34.378],[-97.095,34.425],[-97.065,34.326],[-97.109,34.205],[-97.244,34.05],[-97.398,33.918],[-97.668,33.731],[-97.726,33.665],[-97.822,33.505],[-97.917,33.302],[-97.954,33.149],[-98.08,32.905],[-98.154,32.81],[-98.277,32.692],[-98.343,32.675],[-98.406,32.685],[-98.453,32.731],[-98.474,32.811],[-98.477,32.905],[-98.448,33.065],[-98.389,33.201]]]}},{"type":"Feature","properties":{"density":1},"geometry":{"type":"Polygon","coordinates":[[[-95.737,34.517],[-95.603,34.642],[-95.356,34.824],[-95.189,34.916],[-95.086,34.945],[-95.083,34.899],[-95.114,34.847],[-95.271,34.704],[-95.553,34.576],[-95.674,34.487],[-95.734,34.491],[-95.737,34.517]]]}},{"type":"Feature","properties":{"density":1},"geometry":{"type":"Polygon","coordinates":[[[-95.007,34.305],[-94.892,34.466],[-94.797,34.554],[-94.705,34.601],[-94.62,34.623],[-94.556,34.601],[-94.447,34.454],[-94.386,34.422],[-94.344,34.366],[-94.359,34.325],[-94.409,34.321],[-94.668,34.361],[-94.803,34.321],[-94.951,34.243],[-94.987,34.259],[-95.007,34.305]]]}},{"type":"Feature","properties":{"density":1},"geometry":{"type":"Polygon","coordinates":[[[-91.755,37.607],[-91.941,37.673],[-91.977,37.701],[-92.005,37.756],[-92.001,37.834],[-91.944,37.913],[-91.818,37.976],[-91.761,37.942],[-91.685,37.739],[-91.68,37.631],[-91.712,37.604],[-91.755,37.607]]]}},{"type":"Feature","properties":{"density":1},"geometry":{"type":"Polygon","coordinates":[[[-90.526,35.804],[-90.423,35.976],[-90.381,36.017],[-90.286,36.069],[-90.215,36.067],[-90.201,36.025],[-90.214,35.969],[-90.28,35.889],[-90.441,35.764],[-90.494,35.759],[-90.516,35.77],[-90.526,35.804]]]}},{"type":"Feature","properties":{"density":1},"geometry":{"type":"Polygon","coordinates":[[[-90.302,35.612],[-90.242,35.764],[-90.183,35.791],[-90.156,35.766],[-90.151,35.706],[-90.178,35.634],[-90.253,35.564],[-90.285,35.559],[-90.308,35.578],[-90.302,35.612]]]}},{"type":"Feature","properties":{"density":1},"geometry":{"type":"Polygon","coordinates":[[[-89.906,35.62],[-89.895,35.69],[-89.91,35.717],[-89.999,35.818],[-90.043,35.826],[-90.051,35.668],[-89.982,35.6],[-89.929,35.595],[-89.906,35.62]]]}},{"type":"Feature","properties":{"density":1},"geometry":{"type":"Polygon","coordinates":[[[-88.248,38.864],[-88.344,38.932],[-88.475,39.072],[-88.499,39.147],[-88.479,39.177],[-88.435,39.185],[-88.295,39.131],[-88.17,39.008],[-88.144,38.965],[-88.16,38.898],[-88.223,38.855],[-88.248,38.864]]]}},{"type":"Feature","properties":{"density":1},"geometry":{"type":"Polygon","coordinates":[[[-82.735,33.505],[-82.527,33.537],[-82.465,33.502],[-82.451,33.473],[-82.478,33.433],[-82.601,33.366],[-82.802,33.282],[-82.873,33.283],[-82.892,33.311],[-82.866,33.393],[-82.829,33.447],[-82.735,33.505]]]}},{"type":"Feature","properties":{"density":1},"geometry":{"type":"Polygon","coordinates":[[[-82.476,33.218],[-82.215,33.271],[-81.74,33.327],[-81.654,33.314],[-81.605,33.266],[-81.618,33.238],[-81.749,33.156],[-81.992,32.951],[-82.08,32.898],[-82.151,32.881],[-82.407,32.909],[-82.525,32.988],[-82.55,33.047],[-82.558,33.142],[-82.523,33.205],[-82.476,33.218]]]}},{"type":"Feature","properties":{"density":1},"geometry":{"type":"Polygon","coordinates":[[[-86.516,32.681],[-86.486,32.674],[-86.426,32.612],[-86.404,32.329],[-86.409,32.233],[-86.436,32.162],[-86.503,32.121],[-86.555,32.123],[-86.6,32.145],[-86.644,32.193],[-86.669,32.261],[-86.674,32.352],[-86.614,32.56],[-86.556,32.669],[-86.516,32.681]]]}},{"type":"Feature","properties":{"density":1},"geometry":{"type":"Polygon","coordinates":[[[-86.71,32.632],[-86.661,32.577],[-86.626,32.467],[-86.629,32.432],[-86.663,32.384],[-86.729,32.37],[-86.763,32.387],[-86.778,32.432],[-86.759,32.571],[-86.71,32.632]]]}},{"type":"Feature","properties":{"density":1},"geometry":{"type":"Polygon","coordinates":[[[-84.744,31.041],[-84.621,31.175],[-84.526,31.224],[-84.406,31.239],[-84.358,31.23],[-84.306,31.206],[-84.287,31.161],[-84.317,31.099],[-84.368,31.053],[-84.494,30.973],[-84.621,30.929],[-84.671,30.928],[-84.704,30.947],[-84.744,31.041]]]}},{"type":"Feature","properties":{"density":1},"geometry":{"type":"Polygon","coordinates":[[[-80.061,35.198],[-79.898,35.171],[-79.698,35.08],[-79.669,35.061],[-79.657,35.023],[-79.97,34.912],[-80.079,34.818],[-80.112,34.803],[-80.153,34.808],[-80.178,34.836],[-80.177,34.896],[-80.127,35.07],[-80.061,35.198]]]}},{"type":"Feature","properties":{"density":1},"geometry":{"type":"Polygon","coordinates":[[[-89.173,39.154],[-89.269,39.221],[-89.298,39.263],[-89.32,39.336],[-89.32,39.366],[-89.301,39.385],[-89.173,39.31],[-89.091,39.22],[-89.084,39.197],[-89.106,39.162],[-89.173,39.154]]]}},{"type":"Feature","properties":{"density":1},"geometry":{"type":"Polygon","coordinates":[[[-90.241,36.727],[-90.397,36.808],[-90.46,36.871],[-90.498,36.971],[-90.446,37.033],[-90.325,37.06],[-90.236,37.015],[-90.189,36.917],[-90.184,36.783],[-90.196,36.74],[-90.241,36.727]]]}},{"type":"Feature","properties":{"density":1},"geometry":{"type":"Polygon","coordinates":[[[-89.598,37.022],[-89.615,37.1],[-89.659,37.153],[-89.778,37.153],[-89.857,37.099],[-89.857,37.062],[-89.842,37.051],[-89.764,37.04],[-89.662,36.996],[-89.621,36.99],[-89.598,37.022]]]}},{"type":"Feature","properties":{"density":1},"geometry":{"type":"Polygon","coordinates":[[[-80.773,33.636],[-80.871,33.61],[-80.875,33.578],[-80.749,33.595],[-80.737,33.62],[-80.773,33.636]]]}},{"type":"Feature","properties":{"density":1},"geometry":{"type":"Polygon","coordinates":[[[-83.112,22.503],[-83.261,22.52],[-83.318,22.547],[-83.348,22.584],[-83.304,22.631],[-83.231,22.667],[-83.062,22.723],[-82.982,22.734],[-82.911,22.723],[-82.874,22.699],[-82.862,22.651],[-82.875,22.617],[-82.993,22.543],[-83.112,22.503]]]}},{"type":"Feature","properties":{"density":1},"geometry":{"type":"Polygon","coordinates":[[[-91.504,17.934],[-91.689,17.973],[-91.937,17.981],[-92.038,17.967],[-92.121,17.936],[-92.142,17.897],[-92.1,17.852],[-92.029,17.81],[-91.918,17.77],[-91.587,17.7],[-91.529,17.7],[-91.447,17.729],[-91.418,17.789],[-91.442,17.888],[-91.504,17.934]]]}},{"type":"Feature","properties":{"density":1},"geometry":{"type":"Polygon","coordinates":[[[-91.494,17.275],[-91.532,17.31],[-91.665,17.368],[-91.742,17.377],[-91.763,17.358],[-91.768,17.332],[-91.749,17.309],[-91.599,17.251],[-91.495,17.242],[-91.494,17.275]]]}},{"type":"Feature","properties":{"density":1},"geometry":{"type":"Polygon","coordinates":[[[-83.108,33.699],[-83.035,33.697],[-83.013,33.648],[-83.074,33.416],[-83.112,33.392],[-83.149,33.41],[-83.179,33.468],[-83.188,33.554],[-83.172,33.625],[-83.108,33.699]]]}},{"type":"Feature","properties":{"density":1},"geometry":{"type":"Polygon","coordinates":[[[-86.344,33.017],[-86.214,32.968],[-86.188,32.936],[-86.192,32.896],[-86.238,32.762],[-86.344,32.565],[-86.377,32.544],[-86.432,32.543],[-86.469,32.554],[-86.505,32.591],[-86.512,32.658],[-86.476,32.806],[-86.344,33.017]]]}},{"type":"Feature","properties":{"density":1},"geometry":{"type":"Polygon","coordinates":[[[-115.105,61.865],[-115.034,61.92],[-114.868,61.968],[-114.705,62.065],[-114.411,62.17],[-114.343,62.174],[-114.126,62.087],[-113.91,61.861],[-113.807,61.639],[-113.507,61.189],[-113.511,61.106],[-113.583,61.073],[-113.836,61.091],[-114.23,61.222],[-114.426,61.401],[-114.543,61.561],[-114.653,61.622],[-114.788,61.65],[-115.091,61.764],[-115.131,61.809],[-115.105,61.865]]]}},{"type":"Feature","properties":{"density":1},"geometry":{"type":"Polygon","coordinates":[[[-116.656,48.718],[-116.51,48.779],[-116.5,48.805],[-116.543,48.848],[-116.671,48.836],[-116.684,48.908],[-116.658,49.089],[-116.585,49.187],[-116.424,49.257],[-116.21,49.294],[-115.763,49.322],[-115.521,49.26],[-115.355,49.243],[-115.278,49.217],[-115.249,49.182],[-115.239,49.109],[-115.256,49.01],[-115.313,48.909],[-115.39,48.833],[-115.592,48.76],[-116.228,48.642],[-116.705,48.6],[-116.72,48.61],[-116.722,48.655],[-116.656,48.718]]]}},{"type":"Feature","properties":{"density":1},"geometry":{"type":"Polygon","coordinates":[[[-117.703,50.926],[-117.649,51.029],[-117.565,51.047],[-117.536,51.015],[-117.539,50.939],[-117.591,50.804],[-117.754,50.644],[-117.85,50.618],[-117.887,50.63],[-117.899,50.687],[-117.89,50.743],[-117.703,50.926]]]}},{"type":"Feature","properties":{"density":1},"geometry":{"type":"Polygon","coordinates":[[[-116.377,51.16],[-116.356,51.199],[-116.236,51.296],[-116.096,51.355],[-115.843,51.374],[-115.758,51.335],[-115.754,51.289],[-115.772,51.274],[-116.097,51.224],[-116.202,51.172],[-116.302,51.099],[-116.361,51.107],[-116.38,51.132],[-116.377,51.16]]]}},{"type":"Feature","properties":{"density":1},"geometry":{"type":"Polygon","coordinates":[[[-119.657,51.455],[-119.685,51.548],[-119.73,51.609],[-119.777,51.642],[-119.959,51.708],[-120.014,51.701],[-120.037,51.682],[-120.045,51.659],[-120.031,51.633],[-119.811,51.515],[-119.751,51.43],[-119.68,51.421],[-119.657,51.455]]]}},{"type":"Feature","properties":{"density":1},"geometry":{"type":"Polygon","coordinates":[[[-113.952,46.135],[-113.947,46.169],[-113.919,46.204],[-113.789,46.301],[-113.392,46.468],[-113.103,46.639],[-112.766,46.67],[-112.632,46.594],[-112.604,46.538],[-112.614,46.462],[-112.692,46.346],[-112.827,46.26],[-113.04,46.183],[-113.715,46.134],[-113.902,46.097],[-113.952,46.135]]]}},{"type":"Feature","properties":{"density":1},"geometry":{"type":"Polygon","coordinates":[[[-113.35,45.599],[-113.039,45.732],[-112.6,45.791],[-112.456,45.773],[-112.372,45.74],[-112.295,45.69],[-112.249,45.633],[-112.261,45.567],[-112.302,45.506],[-112.408,45.471],[-112.543,45.479],[-112.666,45.523],[-112.87,45.523],[-113.048,45.498],[-113.195,45.445],[-113.325,45.434],[-113.371,45.444],[-113.39,45.47],[-113.386,45.532],[-113.35,45.599]]]}},{"type":"Feature","properties":{"density":1},"geometry":{"type":"Polygon","coordinates":[[[-113.957,43.023],[-113.976,43.066],[-114.049,43.104],[-114.251,43.097],[-114.329,43.118],[-114.369,43.169],[-114.373,43.219],[-114.254,43.445],[-114.201,43.489],[-113.938,43.63],[-113.878,43.629],[-113.727,43.573],[-113.651,43.477],[-113.64,43.423],[-113.719,43.232],[-113.779,42.991],[-113.822,42.959],[-113.906,42.959],[-113.938,42.977],[-113.957,43.023]]]}},{"type":"Feature","properties":{"density":1},"geometry":{"type":"Polygon","coordinates":[[[-115.627,43.811],[-115.649,43.935],[-115.652,44.21],[-115.569,44.395],[-115.412,44.521],[-115.167,44.668],[-114.833,44.753],[-114.665,44.745],[-114.535,44.672],[-114.476,44.613],[-114.45,44.498],[-114.456,44.426],[-114.528,44.275],[-114.586,44.202],[-114.897,44.141],[-115.06,44.077],[-115.242,43.978],[-115.394,43.87],[-115.489,43.778],[-115.524,43.764],[-115.58,43.768],[-115.627,43.811]]]}},{"type":"Feature","properties":{"density":1},"geometry":{"type":"Polygon","coordinates":[[[-112.756,40.026],[-112.72,40.174],[-112.573,40.359],[-112.383,40.519],[-111.94,40.76],[-111.813,40.747],[-111.672,40.677],[-111.561,40.596],[-111.499,40.521],[-111.457,40.407],[-111.457,40.301],[-111.49,40.174],[-111.558,40.084],[-111.661,40.025],[-111.942,40.005],[-112.192,40.031],[-112.392,40.029],[-112.55,40.014],[-112.635,39.975],[-112.702,39.965],[-112.752,39.996],[-112.756,40.026]]]}},{"type":"Feature","properties":{"density":1},"geometry":{"type":"Polygon","coordinates":[[[-121.846,36.217],[-121.896,36.789],[-121.857,36.947],[-121.635,37.399],[-121.562,37.473],[-121.455,37.537],[-121.378,37.563],[-121.27,37.568],[-121.15,37.548],[-121.014,37.4],[-120.902,37.106],[-120.915,36.977],[-121.06,36.627],[-121.055,36.487],[-121.076,36.384],[-121.145,36.288],[-121.287,36.21],[-121.316,36.144],[-121.245,36.019],[-120.954,35.676],[-120.794,35.456],[-120.659,35.31],[-120.529,35.106],[-120.397,34.96],[-120.356,34.883],[-120.339,34.803],[-120.364,34.762],[-120.466,34.748],[-120.593,34.786],[-120.846,34.957],[-121.403,35.69],[-121.766,36.054],[-121.846,36.217]]]}},{"type":"Feature","properties":{"density":1},"geometry":{"type":"Polygon","coordinates":[[[-122.742,44.922],[-122.595,45.134],[-122.51,45.179],[-122.461,45.153],[-122.426,45.006],[-122.46,44.948],[-122.609,44.86],[-122.673,44.843],[-122.7,44.845],[-122.735,44.88],[-122.742,44.922]]]}},{"type":"Feature","properties":{"density":1},"geometry":{"type":"Polygon","coordinates":[[[-126.528,50.032],[-126.654,50.107],[-126.802,50.164],[-127.287,50.531],[-127.427,50.731],[-127.441,50.773],[-127.421,50.911],[-127.294,51.042],[-127.18,51.089],[-126.874,51.145],[-126.62,51.152],[-126.491,51.15],[-126.293,51.115],[-126.1,51.029],[-126.073,50.972],[-126.085,50.67],[-126.062,50.113],[-126.086,50.067],[-126.118,50.055],[-126.281,50.053],[-126.389,50.02],[-126.505,50.017],[-126.528,50.032]]]}},{"type":"Feature","properties":{"density":1},"geometry":{"type":"Polygon","coordinates":[[[-115.126,61.799],[-115.179,62.014],[-115.163,62.111],[-115.128,62.207],[-115.056,62.282],[-114.97,62.33],[-114.74,62.355],[-114.474,62.332],[-113.869,62.197],[-113.652,62.079],[-113.359,61.875],[-113.238,61.751],[-113.161,61.55],[-113.164,61.371],[-113.136,61.283],[-113.133,61.159],[-113.161,61.092],[-113.222,61.035],[-113.351,61.046],[-113.676,61.291],[-113.853,61.328],[-114.545,61.528],[-114.663,61.574],[-114.801,61.666],[-114.902,61.706],[-115.112,61.742],[-115.128,61.759],[-115.126,61.799]]]}},{"type":"Feature","properties":{"density":1},"geometry":{"type":"Polygon","coordinates":[[[-95.002,34.308],[-94.922,34.441],[-94.689,34.663],[-94.49,34.782],[-94.409,34.802],[-94.342,34.796],[-94.042,34.675],[-93.943,34.598],[-93.86,34.49],[-93.794,34.383],[-93.778,34.314],[-93.833,34.25],[-93.929,34.237],[-94.252,34.326],[-94.463,34.335],[-94.885,34.229],[-94.994,34.25],[-95.008,34.268],[-95.002,34.308]]]}},{"type":"Feature","properties":{"density":1},"geometry":{"type":"Polygon","coordinates":[[[-95.733,34.506],[-95.678,34.593],[-95.572,34.684],[-95.461,34.75],[-95.363,34.771],[-95.248,34.761],[-95.175,34.693],[-95.128,34.611],[-95.127,34.566],[-95.148,34.526],[-95.193,34.491],[-95.703,34.462],[-95.739,34.483],[-95.733,34.506]]]}},{"type":"Feature","properties":{"density":1},"geometry":{"type":"Polygon","coordinates":[[[-85.805,33.101],[-85.73,33.004],[-85.7,32.79],[-85.702,32.677],[-85.746,32.515],[-85.811,32.489],[-85.871,32.535],[-85.913,32.649],[-85.908,32.781],[-85.866,33.057],[-85.846,33.094],[-85.805,33.101]]]}},{"type":"Feature","properties":{"density":1},"geometry":{"type":"Polygon","coordinates":[[[-85.792,33.551],[-85.722,33.49],[-85.66,33.393],[-85.618,33.257],[-85.581,33.027],[-85.59,32.923],[-85.614,32.864],[-85.654,32.857],[-85.73,32.89],[-85.803,32.998],[-85.846,33.163],[-85.86,33.511],[-85.842,33.544],[-85.792,33.551]]]}},{"type":"Feature","properties":{"density":1},"geometry":{"type":"Polygon","coordinates":[[[-86.342,33.011],[-86.274,32.996],[-86.212,32.947],[-86.175,32.882],[-86.146,32.68],[-86.151,32.476],[-86.177,32.293],[-86.282,31.988],[-86.407,31.802],[-86.475,31.765],[-86.557,31.82],[-86.596,31.958],[-86.6,32.471],[-86.559,32.621],[-86.453,32.871],[-86.383,32.978],[-86.342,33.011]]]}},{"type":"Feature","properties":{"density":1},"geometry":{"type":"Polygon","coordinates":[[[-80.043,35.216],[-79.698,35.034],[-79.66,34.991],[-79.659,34.96],[-79.692,34.909],[-79.77,34.859],[-80.067,34.712],[-80.138,34.704],[-80.189,34.729],[-80.215,34.793],[-80.156,34.984],[-80.128,35.147],[-80.084,35.22],[-80.043,35.216]]]}},{"type":"Feature","properties":{"density":1},"geometry":{"type":"Polygon","coordinates":[[[-83.147,37.675],[-83.283,37.673],[-83.432,37.64],[-83.484,37.572],[-83.483,37.529],[-83.457,37.499],[-83.42,37.486],[-83.179,37.532],[-83.138,37.566],[-83.122,37.602],[-83.124,37.657],[-83.147,37.675]]]}},{"type":"Feature","properties":{"density":1},"geometry":{"type":"Polygon","coordinates":[[[-88.418,33.103],[-88.254,32.898],[-88.157,32.738],[-88.09,32.526],[-88.086,32.399],[-88.105,32.367],[-88.119,32.362],[-88.161,32.395],[-88.286,32.543],[-88.478,32.933],[-88.495,33.028],[-88.488,33.088],[-88.456,33.106],[-88.418,33.103]]]}},{"type":"Feature","properties":{"density":1},"geometry":{"type":"Polygon","coordinates":[[[-89.97,36.712],[-90.013,36.812],[-90.013,36.976],[-89.997,37.04],[-89.97,37.072],[-89.88,37.084],[-89.824,37.058],[-89.738,36.981],[-89.708,36.886],[-89.72,36.823],[-89.789,36.731],[-89.857,36.677],[-89.927,36.675],[-89.97,36.712]]]}},{"type":"Feature","properties":{"density":1},"geometry":{"type":"Polygon","coordinates":[[[-86.265,31.174],[-86.207,31.109],[-86.149,31.001],[-86.139,30.943],[-86.155,30.887],[-86.204,30.834],[-86.278,30.79],[-86.404,30.745],[-86.447,30.755],[-86.473,30.795],[-86.473,30.859],[-86.341,31.149],[-86.295,31.191],[-86.265,31.174]]]}},{"type":"Feature","properties":{"density":1},"geometry":{"type":"Polygon","coordinates":[[[-84.536,44.881],[-84.405,44.951],[-84.195,45.025],[-84.104,45.03],[-83.928,44.991],[-83.867,44.931],[-83.864,44.895],[-83.9,44.85],[-84.047,44.811],[-84.46,44.793],[-84.529,44.811],[-84.549,44.854],[-84.536,44.881]]]}},{"type":"Feature","properties":{"density":1},"geometry":{"type":"Polygon","coordinates":[[[-80.035,22.804],[-80.201,22.765],[-80.266,22.729],[-80.268,22.708],[-80.188,22.707],[-80.031,22.752],[-80.009,22.778],[-80.035,22.804]]]}},{"type":"Feature","properties":{"density":1},"geometry":{"type":"Polygon","coordinates":[[[-88.254,38.866],[-88.37,38.928],[-88.455,39.013],[-88.501,39.113],[-88.506,39.196],[-88.468,39.225],[-88.397,39.245],[-88.218,39.218],[-88.078,39.08],[-88.069,39.032],[-88.081,38.973],[-88.116,38.919],[-88.187,38.874],[-88.254,38.866]]]}},{"type":"Feature","properties":{"density":1},"geometry":{"type":"Polygon","coordinates":[[[-124.125,58.236],[-125.318,59.492],[-127.599,61.522],[-129.796,63.51],[-131.575,64.577],[-133.981,65.791],[-135.32,66.042],[-136.262,67.507],[-136.597,69.662],[-135.927,70.834],[-133.939,72.027],[-130.947,72.989],[-120.693,72.738],[-117.355,73.13],[-115.629,73.35],[-111.203,73.476],[-106.118,73.162],[-94.897,73.366],[-93.515,73.303],[-90.816,73.146],[-88.776,72.926],[-82.62,72.86],[-78.42,72.446],[-76.744,72.05],[-75.557,70.845],[-75.576,69.319],[-76.141,68.321],[-79.211,67.417],[-81.396,67.455],[-85.859,68.02],[-89.717,68.061],[-92.888,67.81],[-97.282,67.653],[-99.762,67.622],[-102.524,67.433],[-105.286,66.68],[-107.421,65.613],[-108.99,64.232],[-109.963,62.788],[-110.152,61.124],[-109.241,59.461],[-107.735,58.393],[-105.663,57.86],[-103.497,57.734],[-101.363,58.299],[-97.91,59.973],[-94.415,61.166],[-85.449,61.741],[-83.659,61.694],[-78.339,61.129],[-75.326,60.329],[-72.187,57.19],[-71.622,56.248],[-71.308,54.899],[-71.601,52.461],[-72.019,51.896],[-72.814,51.331],[-73.882,50.87],[-75.074,50.452],[-77.879,49.343],[-78.506,49.05],[-79.302,47.92],[-79.469,47.02],[-78.998,45.412],[-78.308,42.65],[-77.397,40.986],[-76.4,40.377],[-75.17,40.641],[-74.353,41.67],[-73.613,42.788],[-72.181,43.478],[-70.8,44.169],[-69.645,44.897],[-68.703,45.625],[-68.113,46.354],[-67.719,47.055],[-67.593,48.31],[-66.882,49.671],[-65.731,50.612],[-64.162,51.345],[-61.441,51.847],[-57.319,51.7],[-56.586,51.115],[-56.398,50.026],[-56.712,48.478],[-57.403,46.448],[-60.149,42.744],[-60.672,41.844],[-61.112,40.735],[-61.572,39.459],[-62.263,38.559],[-63.141,37.513],[-64.46,36.069],[-69.398,32.239],[-70.811,31.204],[-71.878,30.325],[-73.039,29.446],[-74.232,28.787],[-75.613,28.316],[-77.12,28.002],[-80.026,27.209],[-81.671,26.582],[-81.997,25.966],[-82.186,25.339],[-82.562,24.435],[-82.751,23.807],[-83.266,23.38],[-84.622,22.112],[-85.952,21.157],[-86.145,20.806],[-86.522,20.328],[-88.397,19.299],[-89.677,18.772],[-90.518,18.395],[-91.184,17.955],[-91.761,16.863],[-91.799,15.846],[-91.479,15.036],[-90.952,14.509],[-89.727,13.567],[-89.162,13.021],[-89.2,12.155],[-89.614,11.496],[-90.387,10.987],[-91.856,11.1],[-94.021,11.966],[-95.66,12.795],[-97.581,13.078],[-99.05,13.153],[-100.387,13.793],[-101.875,14.283],[-103.664,14.773],[-105.855,15.532],[-106.546,15.884],[-107.211,16.424],[-107.437,17.353],[-109.675,20.068],[-111.948,23.345],[-113.58,25.517],[-113.819,27.036],[-112.676,28.141],[-111.27,28.53],[-109.55,27.814],[-106.489,24.221],[-105.999,23.731],[-105.623,23.204],[-104.851,20.809],[-104.662,20.526],[-104.192,20.055],[-103.608,19.509],[-102.779,19.076],[-100.594,17.889],[-100.048,17.739],[-99.596,17.55],[-99.05,17.475],[-98.372,17.475],[-97.562,18.021],[-97.562,18.907],[-98.014,20.018],[-98.73,21.11],[-99.238,22.089],[-99.54,23.012],[-99.766,26.063],[-99.596,26.835],[-99.351,27.589],[-99.201,28.53],[-99.088,29.566],[-99.144,30.357],[-99.521,30.847],[-100.048,30.941],[-100.877,30.847],[-101.95,30.79],[-102.948,30.866],[-103.928,31.205],[-104.38,31.864],[-104.418,32.523],[-104.116,32.937],[-103.758,33.352],[-101.58,36.114],[-101.279,36.604],[-100.249,37.219],[-99.86,37.257],[-99.571,37.395],[-99.483,37.809],[-99.646,38.261],[-99.96,38.726],[-100.475,39.19],[-101.109,39.937],[-101.862,40.728],[-103.087,41.368],[-104.499,41.915],[-105.893,42.254],[-107.06,42.385],[-108.906,42.461],[-109.395,42.247],[-109.881,41.945],[-110.241,41.602],[-110.433,41.251],[-110.508,41.025],[-110.524,40.682],[-110.611,40.349],[-110.895,39.889],[-111.331,39.722],[-111.959,39.688],[-112.578,39.697],[-113.289,39.814],[-113.767,40.006],[-114.729,40.45],[-115.139,40.575],[-115.742,40.626],[-116.918,40.471],[-118.467,40.454],[-118.977,40.58],[-119.588,40.814],[-120.007,41.057],[-120.342,41.341],[-120.919,41.919],[-121.036,42.379],[-120.76,43.241],[-120.877,43.886],[-121.413,44.405],[-121.957,44.639],[-122.401,44.723],[-122.677,44.798],[-123.372,45.104],[-123.824,45.732],[-125.079,46.811],[-125.619,47.364],[-126.958,48.498],[-127.528,48.908],[-127.812,49.36],[-128.381,49.921],[-128.448,50.197],[-128.415,50.607],[-128.256,51.101],[-127.682,53.127],[-127.293,53.805],[-126.891,54.458],[-126.552,54.872],[-125.925,55.575],[-125.573,55.902],[-125.134,56.203],[-124.518,56.354],[-123.865,56.379],[-123.1,56.128],[-122.447,55.789],[-121.781,55.236],[-120.149,53.503],[-119.546,52.901],[-119.22,52.461],[-118.856,52.147],[-118.391,51.796],[-117.952,51.532],[-117.55,51.344],[-117.06,50.917],[-116.596,50.603],[-116.094,50.352],[-113.608,50.176],[-112.967,50.051],[-111.134,50.063],[-110.356,50.452],[-109.904,50.879],[-109.778,51.633],[-110.092,52.486],[-110.782,53.328],[-112.189,55.123],[-112.98,55.914],[-113.865,56.423],[-114.882,56.762],[-117.594,57.214],[-120.256,57.364],[-121.022,57.352],[-121.888,57.402],[-122.692,57.502],[-124.01,58.105],[-124.125,58.236]]]}},{"type":"Feature","properties":{"density":1},"geometry":{"type":"Polygon","coordinates":[[[-77.247,25.886],[-77.314,25.907],[-77.418,25.97],[-77.505,26.051],[-77.54,26.154],[-77.529,26.322],[-77.479,26.432],[-77.409,26.491],[-77.305,26.529],[-77.234,26.508],[-77.199,26.453],[-77.186,26.374],[-77.163,25.929],[-77.176,25.899],[-77.247,25.886]]]}},{"type":"Feature","properties":{"density":1},"geometry":{"type":"Polygon","coordinates":[[[-109.974,39.491],[-109.769,39.639],[-109.59,39.718],[-109.519,39.733],[-109.382,39.748],[-109.324,39.735],[-109.265,39.715],[-109.223,39.678],[-109.2,39.629],[-109.202,39.568],[-109.261,39.5],[-109.38,39.444],[-109.997,39.273],[-110.045,39.286],[-110.057,39.329],[-110.04,39.386],[-109.974,39.491]]]}},{"type":"Feature","properties":{"density":2},"geometry":{"type":"Polygon","coordinates":[[[-126.533,66.939],[-126.035,67.317],[-124.857,67.741],[-123.904,67.894],[-122.645,67.882],[-121.373,67.788],[-120.479,67.788],[-118.972,67.694],[-117.607,67.27],[-116.288,66.234],[-115.394,65.057],[-113.699,63.503],[-112.004,61.902],[-110.497,60.914],[-109.367,60.396],[-105.93,59.407],[-104.235,59.36],[-102.549,59.765],[-101.175,60.207],[-98.773,61.149],[-96.89,61.714],[-95.101,61.997],[-93.571,62.181],[-91.993,62.138],[-90.91,61.95],[-89.215,61.479],[-87.215,61.051],[-85.166,60.019],[-83.801,59.501],[-82.059,58.418],[-79.94,56.488],[-79.092,54.934],[-78.622,53.522],[-78.575,52.25],[-78.81,50.932],[-79.337,50.473],[-80.341,50.285],[-81.251,50.473],[-82.287,50.442],[-83.449,50.599],[-85.457,51.415],[-86.014,51.827],[-86.682,52.168],[-87.426,52.109],[-87.937,51.478],[-88.227,50.461],[-88.462,48.907],[-88.603,47.589],[-89.027,45.517],[-89.027,44.764],[-88.785,43.16],[-88.816,42.155],[-88.603,41.092],[-88.038,40.15],[-87.238,39.35],[-86.296,38.926],[-85.402,38.596],[-83.471,38.361],[-81.776,37.937],[-80.175,37.843],[-78.198,37.937],[-76.644,38.361],[-75.09,38.69],[-72.689,39.491],[-71.747,39.867],[-70.429,40.244],[-69.064,40.338],[-68.31,40.244],[-67.698,39.915],[-67.315,39.299],[-67.18,38.502],[-67.18,37.278],[-67.463,35.771],[-68.452,33.841],[-69.535,33.087],[-70.806,32.099],[-72.171,31.298],[-72.783,30.922],[-73.828,30.557],[-75.326,30.168],[-77.256,29.933],[-79.94,30.262],[-83.33,30.592],[-84.837,30.686],[-86.485,30.639],[-87.513,30.73],[-88.853,31.169],[-89.969,31.628],[-90.863,32.852],[-91.522,33.605],[-92.464,34.029],[-93.749,34.329],[-94.524,34.308],[-95.402,34.057],[-97.267,33.182],[-98.538,32.805],[-98.679,32.852],[-98.867,33.182],[-99.009,33.7],[-98.82,34.265],[-98.302,34.877],[-97.879,35.583],[-97.737,36.289],[-97.596,36.619],[-97.879,37.56],[-97.926,38.69],[-98.114,39.867],[-98.585,40.762],[-99.527,41.798],[-101.222,42.222],[-102.352,42.551],[-103.67,42.787],[-104.659,43.069],[-107.013,43.493],[-108.378,43.634],[-110.262,44.152],[-111.533,44.576],[-112.71,45.094],[-113.568,45.23],[-115.054,45.69],[-115.598,45.878],[-116.121,45.816],[-116.916,45.753],[-117.397,45.606],[-118.025,45.376],[-119.281,45.376],[-120.013,45.272],[-121.31,44.811],[-121.771,44.707],[-122.378,44.686],[-123.11,44.727],[-123.843,44.979],[-124.115,45.313],[-124.282,45.753],[-124.428,46.569],[-124.219,47.427],[-124.533,48.201],[-124.617,48.787],[-124.617,49.582],[-124.596,50.336],[-124.094,51.173],[-123.801,51.821],[-123.026,52.282],[-122.21,52.198],[-121.645,51.884],[-121.31,51.549],[-120.787,50.942],[-120.348,50.608],[-119.657,50.147],[-119.155,49.666],[-118.36,49.436],[-117.628,49.101],[-116.811,48.975],[-116.163,48.934],[-114.761,48.913],[-112.689,48.641],[-111.559,48.452],[-110.492,48.369],[-110.22,48.369],[-109.676,48.536],[-108.88,48.536],[-108.232,48.808],[-108.19,49.436],[-108.211,49.708],[-108.295,50.001],[-108.718,50.822],[-109.566,51.811],[-109.99,52.564],[-110.649,53.553],[-110.931,54.542],[-110.696,55.389],[-110.739,55.782],[-111.172,56.172],[-112.014,56.519],[-113.502,56.94],[-114.51,57.131],[-115.687,57.273],[-116.864,57.367],[-118.088,57.273],[-119.406,57.414],[-120.489,57.461],[-121.195,57.602],[-121.76,57.932],[-122.372,58.685],[-122.561,59.297],[-122.99,60.368],[-123.597,60.898],[-124.397,61.51],[-125.236,62.265],[-125.588,62.945],[-125.776,63.447],[-125.986,63.887],[-126.32,64.452],[-126.61,64.853],[-126.845,65.277],[-126.994,65.753],[-126.98,66.213],[-126.798,66.595],[-126.533,66.939]]]}},{"type":"Feature","properties":{"density":2},"geometry":{"type":"Polygon","coordinates":[[[-114.155,43.0],[-114.125,43.071],[-113.945,43.276],[-113.629,43.474],[-112.978,43.747],[-112.705,43.821],[-112.395,43.871],[-112.166,43.871],[-111.943,43.827],[-111.707,43.697],[-111.639,43.617],[-111.627,43.511],[-111.751,43.22],[-111.862,43.121],[-112.03,43.052],[-112.29,43.021],[-113.084,42.99],[-113.313,42.997],[-113.679,42.941],[-113.952,42.86],[-114.058,42.862],[-114.118,42.886],[-114.155,43.0]]]}},{"type":"Feature","properties":{"density":2},"geometry":{"type":"Polygon","coordinates":[[[-115.462,43.843],[-115.518,43.949],[-115.506,44.085],[-115.45,44.19],[-115.326,44.29],[-115.251,44.451],[-115.258,44.569],[-115.351,44.643],[-115.518,44.705],[-115.89,44.631],[-115.989,44.587],[-116.088,44.482],[-116.132,44.265],[-116.138,44.128],[-116.082,43.806],[-116.039,43.694],[-115.964,43.583],[-115.89,43.558],[-115.76,43.564],[-115.623,43.614],[-115.475,43.694],[-115.444,43.769],[-115.4,43.806],[-115.462,43.843]]]}},{"type":"Feature","properties":{"density":2},"geometry":{"type":"Polygon","coordinates":[[[-118.001,41.226],[-117.809,41.232],[-117.517,41.214],[-117.151,41.146],[-116.723,41.183],[-115.973,41.363],[-115.496,41.629],[-115.366,41.778],[-115.155,41.921],[-114.69,42.187],[-114.405,42.255],[-113.927,42.311],[-112.569,42.386],[-112.309,42.373],[-112.135,42.286],[-112.073,42.187],[-112.104,42.076],[-112.327,42.045],[-113.456,42.026],[-114.138,41.939],[-114.392,41.803],[-114.541,41.778],[-114.721,41.722],[-114.888,41.604],[-114.913,41.542],[-114.901,41.425],[-114.82,41.282],[-114.82,41.201],[-114.857,41.139],[-115.235,40.96],[-115.384,40.873],[-115.527,40.755],[-115.725,40.65],[-116.023,40.588],[-116.599,40.594],[-117.765,40.445],[-117.982,40.439],[-118.094,40.488],[-118.193,40.6],[-118.255,40.712],[-118.274,40.867],[-118.224,41.009],[-118.137,41.177],[-117.988,41.239],[-118.001,41.226]]]}},{"type":"Feature","properties":{"density":2},"geometry":{"type":"Polygon","coordinates":[[[-116.189,41.569],[-116.252,41.58],[-116.299,41.613],[-116.351,41.682],[-116.371,41.764],[-116.371,41.921],[-116.285,42.054],[-116.272,42.098],[-116.28,42.26],[-116.2,42.354],[-116.156,42.365],[-116.062,42.346],[-115.877,42.384],[-115.773,42.327],[-115.756,42.266],[-115.765,42.2],[-115.902,42.012],[-115.919,41.966],[-115.897,41.869],[-115.864,41.833],[-115.875,41.8],[-115.933,41.775],[-116.04,41.775],[-116.114,41.742],[-116.148,41.704],[-116.137,41.596],[-116.181,41.56],[-116.189,41.569]]]}},{"type":"Feature","properties":{"density":2},"geometry":{"type":"Polygon","coordinates":[[[-116.845,42.792],[-117.022,42.792],[-117.196,42.875],[-117.262,42.966],[-117.266,43.065],[-117.2,43.16],[-117.142,43.21],[-116.994,43.272],[-116.684,43.35],[-116.349,43.383],[-115.911,43.313],[-115.634,43.226],[-115.592,43.181],[-115.572,43.098],[-115.592,42.974],[-115.625,42.887],[-115.704,42.805],[-115.824,42.751],[-115.993,42.726],[-116.142,42.726],[-116.431,42.829],[-116.526,42.846],[-116.605,42.838],[-116.762,42.78],[-116.845,42.792]]]}},{"type":"Feature","properties":{"density":2},"geometry":{"type":"Polygon","coordinates":[[[-118.301,44.827],[-118.268,44.936],[-118.132,45.079],[-118.071,45.123],[-118.034,45.146],[-117.966,45.157],[-117.914,45.129],[-117.887,45.094],[-117.87,45.04],[-117.902,44.978],[-118.088,44.888],[-118.218,44.789],[-118.281,44.796],[-118.301,44.827]]]}},{"type":"Feature","properties":{"density":2},"geometry":{"type":"Polygon","coordinates":[[[-112.723,39.979],[-112.781,40.006],[-112.817,40.084],[-112.792,40.213],[-112.732,40.271],[-112.63,40.299],[-112.541,40.287],[-112.484,40.249],[-112.434,40.108],[-112.456,40.064],[-112.547,39.987],[-112.599,39.968],[-112.723,39.979]]]}},{"type":"Feature","properties":{"density":2},"geometry":{"type":"Polygon","coordinates":[[[-122.115,45.839],[-122.334,45.901],[-122.549,46.019],[-122.735,46.194],[-122.768,46.257],[-122.773,46.323],[-122.757,46.371],[-122.68,46.412],[-122.584,46.378],[-122.485,46.259],[-122.3,46.132],[-122.24,46.067],[-122.071,45.958],[-122.05,45.908],[-122.057,45.863],[-122.078,45.842],[-122.115,45.839]]]}},{"type":"Feature","properties":{"density":2},"geometry":{"type":"Polygon","coordinates":[[[-122.713,44.859],[-123.053,45.33],[-123.812,46.794],[-124.122,47.29],[-124.3,47.451],[-124.527,47.587],[-124.857,47.592],[-125.106,47.562],[-125.522,47.546],[-125.906,47.77],[-126.104,48.011],[-126.135,48.179],[-126.135,48.514],[-126.005,48.811],[-125.887,49.01],[-125.664,49.152],[-125.435,49.245],[-124.771,49.084],[-124.499,49.078],[-124.43,49.171],[-124.548,49.344],[-125.007,49.729],[-125.404,50.268],[-125.391,50.504],[-125.249,50.696],[-125.007,50.857],[-124.164,51.353],[-123.99,51.527],[-123.953,51.781],[-123.959,52.048],[-123.885,52.314],[-123.779,52.519],[-123.488,52.711],[-123.24,52.773],[-122.812,52.823],[-122.514,52.773],[-122.322,52.655],[-122.142,52.488],[-121.925,52.432],[-121.411,52.352],[-121.194,52.252],[-121.02,52.128],[-120.902,51.98],[-120.803,51.75],[-120.667,51.552],[-120.611,51.366],[-120.617,51.173],[-120.673,51.012],[-120.778,50.851],[-120.902,50.708],[-121.064,50.578],[-121.194,50.436],[-121.202,50.355],[-121.177,50.25],[-121.017,50.085],[-120.887,50.057],[-120.634,49.889],[-120.576,49.807],[-120.608,49.595],[-120.674,49.397],[-120.694,49.14],[-120.712,48.752],[-120.658,48.57],[-120.348,48.138],[-120.255,48.051],[-120.003,47.716],[-119.85,47.671],[-119.507,47.758],[-119.341,47.783],[-119.188,47.766],[-119.056,47.692],[-119.002,47.638],[-118.978,47.543],[-118.986,47.444],[-119.122,47.311],[-119.371,47.136],[-119.64,46.9],[-119.813,46.788],[-119.991,46.714],[-120.599,46.516],[-120.793,46.507],[-121.338,46.528],[-121.533,46.512],[-121.892,46.404],[-122.149,46.297],[-122.202,46.239],[-122.202,46.14],[-122.144,46.082],[-122.029,46.044],[-121.913,46.028],[-121.744,46.04],[-121.549,46.069],[-121.231,46.152],[-121.037,46.185],[-120.925,46.185],[-120.842,46.127],[-120.842,46.053],[-120.863,45.987],[-121.126,45.515],[-121.31,45.286],[-121.431,45.21],[-121.628,45.155],[-121.823,45.229],[-121.931,45.207],[-121.936,45.174],[-121.819,45.089],[-121.804,45.019],[-121.843,44.942],[-121.966,44.869],[-122.05,44.795],[-122.222,44.702],[-122.291,44.685],[-122.455,44.684],[-122.592,44.732],[-122.649,44.81],[-122.713,44.859]]]}},{"type":"Feature","properties":{"density":2},"geometry":{"type":"Polygon","coordinates":[[[-126.523,50.021],[-126.591,50.049],[-126.585,50.097],[-126.505,50.1],[-126.449,50.079],[-126.445,50.049],[-126.461,50.03],[-126.523,50.021]]]}},{"type":"Feature","properties":{"density":2},"geometry":{"type":"Polygon","coordinates":[[[-126.135,50.116],[-126.222,50.158],[-126.237,50.191],[-126.214,50.2],[-126.112,50.165],[-126.097,50.135],[-126.135,50.116]]]}},{"type":"Feature","properties":{"density":2},"geometry":{"type":"Polygon","coordinates":[[[-126.805,50.36],[-126.914,50.513],[-126.896,50.563],[-126.857,50.554],[-126.804,50.487],[-126.765,50.357],[-126.805,50.36]]]}},{"type":"Feature","properties":{"density":2},"geometry":{"type":"Polygon","coordinates":[[[-119.892,48.978],[-119.683,48.897],[-119.611,48.85],[-119.613,48.705],[-119.576,48.658],[-119.516,48.48],[-119.525,48.367],[-119.634,48.214],[-119.638,48.122],[-119.682,48.076],[-119.731,48.086],[-119.796,48.161],[-119.807,48.236],[-119.797,48.298],[-119.739,48.369],[-119.721,48.422],[-119.726,48.467],[-119.824,48.606],[-119.859,48.696],[-119.859,48.768],[-119.907,48.92],[-119.892,48.978]]]}},{"type":"Feature","properties":{"density":2},"geometry":{"type":"Polygon","coordinates":[[[-119.953,49.571],[-119.92,49.605],[-119.837,49.596],[-119.832,49.635],[-119.873,49.661],[-120.067,49.664],[-120.136,49.641],[-120.141,49.623],[-120.117,49.603],[-120.062,49.597],[-119.971,49.557],[-119.953,49.571]]]}},{"type":"Feature","properties":{"density":2},"geometry":{"type":"Polygon","coordinates":[[[-118.304,44.837],[-118.255,44.963],[-118.174,45.046],[-118.024,45.13],[-117.935,45.138],[-117.917,45.122],[-117.915,45.083],[-117.944,45.047],[-118.121,44.921],[-118.205,44.822],[-118.263,44.803],[-118.304,44.837]]]}},{"type":"Feature","properties":{"density":2},"geometry":{"type":"Polygon","coordinates":[[[-118.118,45.64],[-118.071,45.707],[-118.067,45.746],[-118.118,45.817],[-118.193,45.84],[-118.277,45.794],[-118.314,45.714],[-118.283,45.604],[-118.265,45.585],[-118.178,45.57],[-118.153,45.58],[-118.118,45.64]]]}},{"type":"Feature","properties":{"density":2},"geometry":{"type":"Polygon","coordinates":[[[-117.985,45.944],[-118.177,45.949],[-118.192,45.935],[-118.194,45.867],[-118.215,45.847],[-118.309,45.823],[-118.371,45.849],[-118.364,45.94],[-118.206,46.26],[-118.136,46.368],[-118.017,46.478],[-117.903,46.501],[-117.84,46.467],[-117.811,46.414],[-117.828,46.31],[-117.878,46.185],[-117.877,46.101],[-117.816,46.06],[-117.779,46.01],[-117.804,45.981],[-117.985,45.944]]]}},{"type":"Feature","properties":{"density":2},"geometry":{"type":"Polygon","coordinates":[[[-115.231,46.868],[-115.129,46.856],[-115.1,46.827],[-115.096,46.794],[-115.375,46.641],[-115.379,46.598],[-115.329,46.52],[-115.348,46.469],[-115.42,46.455],[-115.518,46.482],[-115.549,46.526],[-115.557,46.585],[-115.624,46.592],[-115.723,46.572],[-115.846,46.522],[-115.887,46.492],[-115.914,46.438],[-115.892,46.408],[-115.626,46.236],[-115.473,46.19],[-115.239,46.157],[-115.192,46.171],[-115.158,46.204],[-115.159,46.243],[-115.191,46.298],[-115.146,46.413],[-115.046,46.511],[-115.005,46.522],[-114.963,46.496],[-114.928,46.351],[-114.82,46.21],[-114.777,46.065],[-114.792,45.934],[-114.866,45.889],[-114.923,45.928],[-114.926,45.97],[-114.961,46.046],[-115.04,46.057],[-115.215,46.016],[-115.333,46.015],[-115.664,46.073],[-115.792,46.078],[-115.974,46.057],[-116.029,46.069],[-116.074,46.102],[-116.239,46.37],[-116.434,46.523],[-116.443,46.617],[-116.425,46.69],[-116.386,46.747],[-116.225,46.857],[-116.028,46.931],[-115.824,46.96],[-115.411,46.892],[-115.396,46.874],[-115.402,46.823],[-115.364,46.803],[-115.314,46.839],[-115.231,46.868]]]}},{"type":"Feature","properties":{"density":2},"geometry":{"type":"Polygon","coordinates":[[[-117.674,50.903],[-117.596,50.922],[-117.589,50.892],[-117.625,50.788],[-117.767,50.69],[-117.869,50.586],[-117.899,50.586],[-117.915,50.618],[-117.904,50.658],[-117.828,50.762],[-117.707,50.849],[-117.674,50.903]]]}},{"type":"Feature","properties":{"density":2},"geometry":{"type":"Polygon","coordinates":[[[-116.637,48.857],[-116.745,48.925],[-116.781,48.975],[-116.78,48.999],[-116.754,48.999],[-116.688,48.924],[-116.618,48.881],[-116.637,48.857]]]}},{"type":"Feature","properties":{"density":2},"geometry":{"type":"Polygon","coordinates":[[[-115.683,43.778],[-115.732,43.804],[-115.845,43.79],[-115.908,43.808],[-115.926,43.837],[-115.931,43.911],[-115.917,44.044],[-115.891,44.1],[-115.834,44.086],[-115.813,43.981],[-115.754,43.95],[-115.646,43.937],[-115.526,44.004],[-115.472,44.018],[-115.501,43.941],[-115.493,43.86],[-115.535,43.774],[-115.641,43.693],[-115.848,43.592],[-115.912,43.577],[-115.983,43.59],[-115.991,43.611],[-115.972,43.639],[-115.873,43.651],[-115.706,43.727],[-115.68,43.747],[-115.683,43.778]]]}},{"type":"Feature","properties":{"density":2},"geometry":{"type":"Polygon","coordinates":[[[-116.301,41.634],[-116.349,41.739],[-116.362,41.926],[-116.349,42.023],[-116.253,42.217],[-116.206,42.266],[-115.951,42.37],[-115.849,42.39],[-115.719,42.392],[-115.694,42.378],[-115.684,42.359],[-115.702,42.309],[-115.865,42.154],[-115.901,42.055],[-115.9,41.963],[-115.856,41.856],[-115.87,41.805],[-115.91,41.788],[-116.001,41.809],[-116.052,41.798],[-116.126,41.7],[-116.127,41.601],[-116.152,41.574],[-116.25,41.578],[-116.301,41.634]]]}},{"type":"Feature","properties":{"density":2},"geometry":{"type":"Polygon","coordinates":[[[-113.854,43.065],[-113.913,43.109],[-113.974,43.123],[-114.152,43.111],[-114.3,43.071],[-114.34,43.039],[-114.342,42.999],[-114.303,42.971],[-114.203,42.955],[-114.032,42.973],[-113.867,42.965],[-113.793,42.981],[-113.783,43.009],[-113.854,43.065]]]}},{"type":"Feature","properties":{"density":2},"geometry":{"type":"Polygon","coordinates":[[[-115.062,41.187],[-115.126,41.199],[-115.197,41.247],[-115.317,41.45],[-115.335,41.553],[-115.264,41.732],[-115.158,41.897],[-115.037,41.998],[-114.866,42.059],[-114.543,42.099],[-114.483,42.09],[-114.398,42.046],[-114.372,41.998],[-114.385,41.967],[-114.448,41.924],[-114.8,41.814],[-114.914,41.759],[-114.99,41.607],[-114.999,41.548],[-114.928,41.404],[-114.917,41.351],[-114.87,41.284],[-114.856,41.191],[-114.947,41.164],[-115.062,41.187]]]}},{"type":"Feature","properties":{"density":2},"geometry":{"type":"Polygon","coordinates":[[[-112.74,40.034],[-112.755,40.075],[-112.741,40.16],[-112.718,40.192],[-112.674,40.214],[-112.651,40.202],[-112.615,40.052],[-112.688,39.988],[-112.74,40.034]]]}},{"type":"Feature","properties":{"density":2},"geometry":{"type":"Polygon","coordinates":[[[-113.078,47.386],[-113.154,47.417],[-113.421,47.457],[-113.542,47.532],[-113.624,47.661],[-113.672,47.909],[-113.752,48.02],[-113.763,48.113],[-113.752,48.176],[-113.729,48.184],[-113.68,48.165],[-113.547,48.086],[-113.323,47.878],[-113.243,47.787],[-113.167,47.613],[-113.132,47.57],[-113.098,47.558],[-113.02,47.576],[-112.978,47.567],[-112.952,47.525],[-112.974,47.433],[-113.047,47.383],[-113.078,47.386]]]}},{"type":"Feature","properties":{"density":2},"geometry":{"type":"Polygon","coordinates":[[[-121.796,36.292],[-121.806,36.325],[-121.786,36.363],[-121.691,36.43],[-121.549,36.628],[-121.456,36.715],[-121.426,36.719],[-121.396,36.694],[-121.39,36.656],[-121.493,36.368],[-121.602,36.197],[-121.669,36.173],[-121.742,36.194],[-121.776,36.224],[-121.796,36.292]]]}},{"type":"Feature","properties":{"density":2},"geometry":{"type":"Polygon","coordinates":[[[-125.353,52.607],[-125.498,52.703],[-125.655,52.888],[-125.681,52.956],[-125.591,52.953],[-125.526,52.927],[-125.395,52.81],[-125.29,52.673],[-125.292,52.626],[-125.353,52.607]]]}},{"type":"Feature","properties":{"density":2},"geometry":{"type":"Polygon","coordinates":[[[-98.361,33.055],[-98.325,33.147],[-98.227,33.279],[-98.176,33.305],[-98.091,33.316],[-98.054,33.228],[-98.126,32.9],[-98.283,32.751],[-98.35,32.731],[-98.398,32.765],[-98.426,32.862],[-98.413,32.958],[-98.361,33.055]]]}},{"type":"Feature","properties":{"density":2},"geometry":{"type":"Polygon","coordinates":[[[-120.829,62.584],[-120.591,62.974],[-120.473,63.11],[-120.355,63.161],[-120.208,63.166],[-120.186,63.122],[-120.218,63.054],[-120.374,62.915],[-120.622,62.549],[-120.693,62.513],[-120.79,62.511],[-120.818,62.523],[-120.839,62.556],[-120.829,62.584]]]}},{"type":"Feature","properties":{"density":2},"geometry":{"type":"Polygon","coordinates":[[[-120.393,62.152],[-120.41,62.246],[-120.409,62.395],[-120.367,62.46],[-120.272,62.465],[-120.216,62.399],[-120.273,62.157],[-120.29,62.132],[-120.345,62.116],[-120.392,62.133],[-120.393,62.152]]]}},{"type":"Feature","properties":{"density":2},"geometry":{"type":"Polygon","coordinates":[[[-116.537,61.612],[-116.38,61.785],[-116.273,61.809],[-116.201,61.778],[-116.116,61.597],[-116.164,61.566],[-116.272,61.558],[-116.358,61.572],[-116.483,61.555],[-116.556,61.581],[-116.561,61.595],[-116.537,61.612]]]}},{"type":"Feature","properties":{"density":2},"geometry":{"type":"Polygon","coordinates":[[[-113.649,59.034],[-113.555,58.993],[-113.537,58.965],[-113.543,58.944],[-113.683,58.866],[-113.768,58.859],[-113.789,58.877],[-113.8,58.921],[-113.763,59.004],[-113.649,59.034]]]}},{"type":"Feature","properties":{"density":2},"geometry":{"type":"Polygon","coordinates":[[[-115.078,61.847],[-114.95,61.884],[-114.755,61.868],[-114.606,61.807],[-114.556,61.769],[-114.493,61.708],[-114.479,61.65],[-114.526,61.594],[-114.56,61.579],[-114.724,61.57],[-115.092,61.81],[-115.078,61.847]]]}},{"type":"Feature","properties":{"density":2},"geometry":{"type":"Polygon","coordinates":[[[-82.723,33.479],[-82.758,33.459],[-82.766,33.435],[-82.678,33.472],[-82.723,33.479]]]}},{"type":"Feature","properties":{"density":2},"geometry":{"type":"Polygon","coordinates":[[[-82.253,33.206],[-82.36,33.162],[-82.394,33.101],[-82.341,33.097],[-82.244,33.138],[-82.222,33.188],[-82.253,33.206]]]}},{"type":"Feature","properties":{"density":2},"geometry":{"type":"Polygon","coordinates":[[[-86.519,32.661],[-86.484,32.573],[-86.485,32.55],[-86.502,32.544],[-86.529,32.568],[-86.541,32.61],[-86.536,32.663],[-86.519,32.661]]]}},{"type":"Feature","properties":{"density":2},"geometry":{"type":"Polygon","coordinates":[[[-85.868,31.475],[-85.83,31.43],[-85.833,31.323],[-85.847,31.306],[-85.869,31.31],[-85.895,31.364],[-85.893,31.471],[-85.868,31.475]]]}},{"type":"Feature","properties":{"density":2},"geometry":{"type":"Polygon","coordinates":[[[-119.081,64.24],[-119.451,64.458],[-119.564,64.506],[-119.599,64.542],[-119.612,64.581],[-119.601,64.619],[-119.57,64.629],[-119.369,64.571],[-119.219,64.484],[-119.001,64.298],[-118.992,64.265],[-119.018,64.24],[-119.081,64.24]]]}},{"type":"Feature","properties":{"density":2},"geometry":{"type":"Polygon","coordinates":[[[-122.137,45.859],[-122.433,46.012],[-122.543,46.091],[-122.762,46.429],[-122.821,46.63],[-122.804,46.733],[-122.753,46.735],[-122.644,46.618],[-122.466,46.246],[-122.428,46.205],[-122.082,45.972],[-122.054,45.901],[-122.063,45.843],[-122.077,45.835],[-122.137,45.859]]]}},{"type":"Feature","properties":{"density":2},"geometry":{"type":"Polygon","coordinates":[[[-122.211,44.785],[-122.364,44.786],[-122.45,44.807],[-122.507,44.845],[-122.551,44.902],[-122.63,45.095],[-122.761,45.305],[-122.932,45.476],[-123.169,45.751],[-123.257,45.911],[-123.355,46.203],[-123.384,46.439],[-123.491,46.774],[-123.512,46.964],[-123.458,47.386],[-123.447,47.572],[-123.468,47.696],[-123.633,47.971],[-123.607,48.336],[-123.785,48.932],[-124.025,49.207],[-124.541,49.617],[-125.008,49.889],[-125.203,50.047],[-125.248,50.158],[-125.157,50.447],[-125.013,50.658],[-124.744,50.972],[-124.603,51.117],[-124.388,51.27],[-124.178,51.349],[-123.983,51.461],[-123.929,51.549],[-123.907,51.676],[-123.896,51.983],[-123.836,52.358],[-123.736,52.449],[-123.503,52.54],[-123.123,52.477],[-122.991,52.386],[-122.908,52.273],[-122.839,52.152],[-122.704,51.57],[-122.59,51.3],[-122.427,51.071],[-122.291,51.009],[-121.993,50.832],[-121.807,50.786],[-121.642,50.765],[-121.518,50.724],[-121.167,50.526],[-120.902,50.307],[-120.811,50.207],[-120.762,50.104],[-120.745,50.013],[-120.757,49.943],[-120.848,49.844],[-120.873,49.785],[-120.757,49.613],[-120.767,49.549],[-120.939,49.52],[-121.012,49.487],[-121.037,49.437],[-121.036,49.371],[-120.861,49.182],[-120.822,49.108],[-120.839,49.044],[-120.894,48.967],[-120.894,48.86],[-120.808,48.639],[-120.74,48.546],[-120.596,48.48],[-120.513,48.402],[-120.378,48.318],[-120.278,48.214],[-120.168,47.988],[-120.152,47.831],[-120.127,47.748],[-120.077,47.687],[-120.014,47.665],[-119.876,47.69],[-119.656,47.795],[-119.129,48.123],[-119.038,48.134],[-118.898,48.114],[-118.807,48.084],[-118.757,48.048],[-118.716,47.985],[-118.713,47.916],[-118.815,47.762],[-118.912,47.658],[-119.124,47.496],[-119.212,47.446],[-119.735,47.282],[-119.862,47.21],[-120.003,47.186],[-120.351,47.048],[-120.666,47.006],[-120.811,47.015],[-121.074,47.127],[-121.358,47.217],[-121.462,47.204],[-121.501,47.187],[-121.542,47.129],[-121.581,47.052],[-121.597,46.958],[-121.653,46.888],[-121.788,46.856],[-121.929,46.866],[-122.078,46.827],[-122.402,46.793],[-122.583,46.735],[-122.65,46.68],[-122.683,46.603],[-122.672,46.526],[-122.594,46.413],[-122.369,46.196],[-122.116,46.015],[-122.042,45.933],[-122.037,45.864],[-122.075,45.827],[-122.224,45.834],[-122.248,45.775],[-122.243,45.733],[-122.17,45.565],[-122.002,45.409],[-121.882,45.343],[-121.869,45.31],[-121.868,45.263],[-121.954,45.19],[-121.94,45.148],[-121.853,45.113],[-121.825,45.076],[-121.82,44.997],[-121.837,44.962],[-121.933,44.915],[-122.045,44.884],[-122.211,44.785]]]}},{"type":"Feature","properties":{"density":2},"geometry":{"type":"Polygon","coordinates":[[[-125.651,47.877],[-125.918,48.027],[-126.094,48.159],[-126.221,48.289],[-126.292,48.393],[-126.352,48.638],[-126.442,48.791],[-126.809,49.016],[-126.853,49.171],[-126.831,49.314],[-126.867,49.435],[-126.842,49.57],[-126.71,49.62],[-126.561,49.625],[-126.305,49.585],[-125.966,49.411],[-125.705,49.25],[-125.419,49.115],[-125.204,48.975],[-125.036,48.818],[-124.989,48.71],[-125.054,48.627],[-125.332,48.563],[-125.459,48.412],[-125.492,48.294],[-125.548,47.87],[-125.651,47.877]]]}},{"type":"Feature","properties":{"density":2},"geometry":{"type":"Polygon","coordinates":[[[-126.52,50.024],[-126.556,50.041],[-126.562,50.066],[-126.502,50.11],[-126.465,50.11],[-126.45,50.07],[-126.459,50.025],[-126.492,50.014],[-126.52,50.024]]]}},{"type":"Feature","properties":{"density":2},"geometry":{"type":"Polygon","coordinates":[[[-126.124,50.118],[-126.215,50.152],[-126.22,50.193],[-126.184,50.201],[-126.118,50.183],[-126.095,50.143],[-126.103,50.121],[-126.124,50.118]]]}},{"type":"Feature","properties":{"density":2},"geometry":{"type":"Polygon","coordinates":[[[-126.789,50.351],[-126.893,50.448],[-126.974,50.473],[-127.045,50.522],[-127.088,50.591],[-127.092,50.639],[-127.04,50.647],[-126.947,50.619],[-126.808,50.546],[-126.756,50.393],[-126.76,50.36],[-126.789,50.351]]]}},{"type":"Feature","properties":{"density":2},"geometry":{"type":"Polygon","coordinates":[[[-125.356,52.624],[-125.405,52.659],[-125.485,52.758],[-125.513,52.862],[-125.525,52.998],[-125.517,53.034],[-125.497,53.048],[-125.457,53.053],[-125.415,53.021],[-125.389,52.835],[-125.309,52.719],[-125.293,52.637],[-125.302,52.618],[-125.321,52.608],[-125.356,52.624]]]}},{"type":"Feature","properties":{"density":2},"geometry":{"type":"Polygon","coordinates":[[[-119.991,49.572],[-120.114,49.635],[-120.138,49.706],[-120.133,49.744],[-120.102,49.753],[-120.07,49.741],[-119.963,49.663],[-119.952,49.575],[-119.967,49.563],[-119.991,49.572]]]}},{"type":"Feature","properties":{"density":2},"geometry":{"type":"Polygon","coordinates":[[[-117.669,50.94],[-117.713,50.878],[-117.72,50.826],[-117.835,50.746],[-117.875,50.689],[-117.886,50.641],[-117.854,50.638],[-117.763,50.689],[-117.606,50.812],[-117.578,50.936],[-117.608,50.95],[-117.669,50.94]]]}},{"type":"Feature","properties":{"density":2},"geometry":{"type":"Polygon","coordinates":[[[-121.138,47.348],[-121.415,47.306],[-121.598,47.229],[-121.687,47.237],[-121.723,47.268],[-121.757,47.377],[-121.802,47.45],[-121.982,47.586],[-122.011,47.682],[-121.998,47.765],[-121.957,47.818],[-121.799,47.814],[-121.702,47.798],[-121.562,47.727],[-121.353,47.666],[-121.217,47.59],[-121.127,47.503],[-121.096,47.451],[-121.085,47.393],[-121.138,47.348]]]}},{"type":"Feature","properties":{"density":2},"geometry":{"type":"Polygon","coordinates":[[[-121.088,47.46],[-121.091,47.498],[-121.147,47.616],[-121.127,47.664],[-121.042,47.697],[-121.024,47.503],[-121.054,47.442],[-121.088,47.444],[-121.088,47.46]]]}},{"type":"Feature","properties":{"density":2},"geometry":{"type":"Polygon","coordinates":[[[-119.843,48.694],[-119.89,48.756],[-119.916,48.862],[-119.89,48.965],[-119.894,49.053],[-119.821,49.198],[-119.795,49.234],[-119.719,49.233],[-119.67,49.153],[-119.643,49.151],[-119.593,49.285],[-119.557,49.317],[-119.512,49.325],[-119.475,49.307],[-119.357,49.066],[-119.425,49.022],[-119.652,48.941],[-119.701,48.884],[-119.731,48.719],[-119.765,48.681],[-119.805,48.667],[-119.843,48.694]]]}},{"type":"Feature","properties":{"density":2},"geometry":{"type":"Polygon","coordinates":[[[-118.046,45.95],[-118.11,45.956],[-118.154,45.997],[-118.178,46.036],[-118.187,46.132],[-118.148,46.231],[-118.092,46.291],[-117.943,46.399],[-117.872,46.415],[-117.798,46.367],[-117.785,46.34],[-117.776,46.233],[-117.8,46.119],[-117.86,46.014],[-117.914,45.959],[-117.979,45.937],[-118.046,45.95]]]}},{"type":"Feature","properties":{"density":2},"geometry":{"type":"Polygon","coordinates":[[[-118.276,45.649],[-118.28,45.755],[-118.315,45.935],[-118.291,46.018],[-118.225,46.053],[-118.156,46.023],[-118.083,45.917],[-118.057,45.853],[-118.047,45.742],[-118.158,45.561],[-118.21,45.556],[-118.254,45.582],[-118.277,45.614],[-118.276,45.649]]]}},{"type":"Feature","properties":{"density":2},"geometry":{"type":"Polygon","coordinates":[[[-115.597,43.783],[-115.79,43.798],[-115.813,43.838],[-115.81,43.879],[-115.749,43.974],[-115.554,44.144],[-115.386,44.251],[-115.303,44.27],[-115.284,44.211],[-115.415,43.88],[-115.473,43.807],[-115.531,43.779],[-115.597,43.783]]]}},{"type":"Feature","properties":{"density":2},"geometry":{"type":"Polygon","coordinates":[[[-113.989,43.263],[-113.945,43.197],[-113.826,43.086],[-113.8,43.034],[-113.813,42.964],[-113.842,42.947],[-113.895,42.951],[-114.025,43.022],[-114.233,42.994],[-114.423,43.033],[-114.506,43.093],[-114.497,43.146],[-114.445,43.182],[-114.409,43.233],[-114.301,43.295],[-114.07,43.314],[-114.008,43.29],[-113.989,43.263]]]}},{"type":"Feature","properties":{"density":2},"geometry":{"type":"Polygon","coordinates":[[[-115.094,41.277],[-115.208,41.43],[-115.201,41.465],[-115.129,41.545],[-115.009,41.635],[-114.959,41.64],[-114.933,41.589],[-114.971,41.458],[-114.937,41.387],[-114.87,41.306],[-114.871,41.212],[-114.924,41.164],[-114.978,41.165],[-115.094,41.277]]]}},{"type":"Feature","properties":{"density":2},"geometry":{"type":"Polygon","coordinates":[[[-112.778,40.019],[-112.811,40.07],[-112.823,40.126],[-112.825,40.301],[-112.79,40.4],[-112.752,40.435],[-112.662,40.469],[-112.636,40.468],[-112.602,40.441],[-112.521,40.236],[-112.493,40.219],[-112.378,40.223],[-112.285,40.151],[-112.267,40.119],[-112.271,40.089],[-112.299,40.065],[-112.495,40.047],[-112.699,39.969],[-112.756,39.986],[-112.778,40.019]]]}},{"type":"Feature","properties":{"density":2},"geometry":{"type":"Polygon","coordinates":[[[-115.13,46.164],[-115.219,46.099],[-115.31,46.086],[-115.534,46.129],[-115.643,46.176],[-115.764,46.173],[-115.829,46.187],[-115.916,46.228],[-116.137,46.403],[-116.167,46.42],[-116.188,46.409],[-116.165,46.234],[-116.123,46.147],[-116.064,46.076],[-115.946,46.066],[-115.694,46.1],[-115.393,46.04],[-115.22,46.033],[-115.082,46.067],[-115.033,46.107],[-115.044,46.168],[-115.082,46.181],[-115.13,46.164]]]}},{"type":"Feature","properties":{"density":2},"geometry":{"type":"Polygon","coordinates":[[[-115.09,46.249],[-115.131,46.37],[-115.131,46.432],[-115.094,46.51],[-115.029,46.58],[-114.94,46.623],[-114.836,46.649],[-114.811,46.609],[-114.815,46.556],[-114.792,46.547],[-114.745,46.565],[-114.709,46.551],[-114.704,46.52],[-114.74,46.462],[-114.993,46.297],[-114.991,46.264],[-114.892,46.252],[-114.87,46.231],[-114.886,46.172],[-115.012,46.088],[-115.151,46.033],[-115.22,46.022],[-115.434,46.045],[-115.674,46.11],[-115.967,46.074],[-116.027,46.098],[-116.128,46.189],[-116.179,46.27],[-116.207,46.328],[-116.219,46.434],[-116.167,46.459],[-115.995,46.296],[-115.895,46.233],[-115.472,46.155],[-115.302,46.093],[-115.253,46.092],[-115.194,46.129],[-115.111,46.202],[-115.09,46.249]]]}},{"type":"Feature","properties":{"density":2},"geometry":{"type":"Polygon","coordinates":[[[-115.245,46.825],[-115.18,47.011],[-115.127,47.054],[-115.068,47.04],[-115.04,46.961],[-115.099,46.839],[-115.176,46.796],[-115.228,46.795],[-115.245,46.825]]]}},{"type":"Feature","properties":{"density":2},"geometry":{"type":"Polygon","coordinates":[[[-115.408,46.463],[-115.47,46.505],[-115.459,46.579],[-115.43,46.594],[-115.339,46.584],[-115.315,46.543],[-115.375,46.471],[-115.408,46.463]]]}},{"type":"Feature","properties":{"density":2},"geometry":{"type":"Polygon","coordinates":[[[-113.107,47.376],[-113.264,47.471],[-113.523,47.716],[-113.624,47.951],[-113.631,48.037],[-113.617,48.071],[-113.582,48.088],[-113.472,48.069],[-113.17,47.902],[-113.138,47.732],[-113.113,47.695],[-113.052,47.661],[-112.986,47.661],[-112.806,47.701],[-112.701,47.694],[-112.682,47.668],[-112.715,47.598],[-112.893,47.457],[-113.014,47.379],[-113.107,47.376]]]}},{"type":"Feature","properties":{"density":2},"geometry":{"type":"Polygon","coordinates":[[[-116.703,48.66],[-116.596,48.717],[-116.481,48.747],[-116.273,48.769],[-116.21,48.765],[-116.196,48.75],[-116.237,48.712],[-116.66,48.615],[-116.718,48.625],[-116.703,48.66]]]}},{"type":"Feature","properties":{"density":2},"geometry":{"type":"Polygon","coordinates":[[[-116.65,48.89],[-116.746,49.024],[-116.751,49.115],[-116.593,49.116],[-116.508,49.059],[-116.504,48.97],[-116.547,48.903],[-116.625,48.83],[-116.643,48.841],[-116.65,48.89]]]}},{"type":"Feature","properties":{"density":2},"geometry":{"type":"Polygon","coordinates":[[[-109.93,39.399],[-109.821,39.473],[-109.781,39.472],[-109.772,39.456],[-109.791,39.413],[-109.881,39.36],[-109.931,39.358],[-109.93,39.399]]]}},{"type":"Feature","properties":{"density":2},"geometry":{"type":"Polygon","coordinates":[[[-119.923,41.627],[-119.735,41.968],[-119.677,42.117],[-119.603,42.171],[-119.55,42.178],[-119.535,42.147],[-119.547,42.074],[-119.657,41.826],[-119.82,41.641],[-119.888,41.601],[-119.912,41.6],[-119.923,41.627]]]}},{"type":"Feature","properties":{"density":2},"geometry":{"type":"Polygon","coordinates":[[[-121.792,36.278],[-121.781,36.363],[-121.789,36.552],[-121.772,36.63],[-121.657,36.785],[-121.565,36.829],[-121.527,36.819],[-121.503,36.787],[-121.489,36.633],[-121.464,36.545],[-121.471,36.505],[-121.55,36.382],[-121.537,36.241],[-121.568,36.191],[-121.645,36.182],[-121.788,36.243],[-121.792,36.278]]]}},{"type":"Feature","properties":{"density":2},"geometry":{"type":"Polygon","coordinates":[[[-98.322,33.208],[-98.295,33.301],[-98.202,33.472],[-98.001,33.77],[-97.689,34.016],[-97.642,34.035],[-97.587,34.035],[-97.546,34.005],[-97.554,33.944],[-97.595,33.886],[-97.923,33.561],[-98.0,33.379],[-98.035,33.143],[-98.053,33.106],[-98.252,32.821],[-98.335,32.752],[-98.356,32.756],[-98.371,32.787],[-98.384,32.899],[-98.322,33.208]]]}},{"type":"Feature","properties":{"density":2},"geometry":{"type":"Polygon","coordinates":[[[-94.981,34.303],[-94.863,34.45],[-94.768,34.512],[-94.673,34.535],[-94.664,34.483],[-94.685,34.446],[-94.775,34.37],[-94.935,34.256],[-94.979,34.259],[-94.981,34.303]]]}},{"type":"Feature","properties":{"density":2},"geometry":{"type":"Polygon","coordinates":[[[-91.758,37.622],[-91.87,37.716],[-91.88,37.753],[-91.861,37.781],[-91.825,37.784],[-91.776,37.759],[-91.727,37.691],[-91.714,37.622],[-91.758,37.622]]]}},{"type":"Feature","properties":{"density":2},"geometry":{"type":"Polygon","coordinates":[[[-82.734,33.476],[-82.769,33.453],[-82.771,33.434],[-82.685,33.468],[-82.734,33.476]]]}},{"type":"Feature","properties":{"density":2},"geometry":{"type":"Polygon","coordinates":[[[-82.24,33.189],[-82.158,33.176],[-82.142,33.167],[-82.141,33.136],[-82.35,33.09],[-82.385,33.101],[-82.383,33.125],[-82.332,33.174],[-82.24,33.189]]]}},{"type":"Feature","properties":{"density":2},"geometry":{"type":"Polygon","coordinates":[[[-80.045,35.183],[-79.93,35.147],[-79.922,35.115],[-79.934,35.094],[-79.982,35.073],[-80.011,35.081],[-80.068,35.162],[-80.06,35.185],[-80.045,35.183]]]}},{"type":"Feature","properties":{"density":2},"geometry":{"type":"Polygon","coordinates":[[[-80.024,35.041],[-80.084,34.977],[-80.088,34.953],[-80.024,34.989],[-79.997,35.039],[-80.024,35.041]]]}},{"type":"Feature","properties":{"density":2},"geometry":{"type":"Polygon","coordinates":[[[-120.754,62.636],[-120.669,62.678],[-120.601,62.746],[-120.333,63.158],[-120.263,63.222],[-120.164,63.241],[-120.107,63.182],[-120.102,63.081],[-120.153,62.932],[-120.236,62.803],[-120.327,62.713],[-120.614,62.535],[-120.686,62.508],[-120.787,62.5],[-120.836,62.517],[-120.864,62.579],[-120.836,62.609],[-120.754,62.636]]]}},{"type":"Feature","properties":{"density":2},"geometry":{"type":"Polygon","coordinates":[[[-116.557,61.598],[-116.504,61.747],[-116.463,61.813],[-116.289,61.937],[-116.162,62.009],[-115.994,62.063],[-115.915,62.066],[-115.865,62.052],[-115.828,62.019],[-115.817,61.982],[-115.837,61.942],[-116.025,61.76],[-116.151,61.668],[-116.357,61.612],[-116.468,61.554],[-116.55,61.576],[-116.557,61.598]]]}},{"type":"Feature","properties":{"density":2},"geometry":{"type":"Polygon","coordinates":[[[-115.087,61.835],[-115.05,61.869],[-114.939,61.908],[-114.734,61.896],[-114.543,61.93],[-114.481,61.92],[-114.439,61.895],[-114.409,61.857],[-114.402,61.81],[-114.477,61.739],[-114.614,61.694],[-114.789,61.752],[-115.061,61.774],[-115.092,61.793],[-115.087,61.835]]]}},{"type":"Feature","properties":{"density":2},"geometry":{"type":"Polygon","coordinates":[[[-123.056,61.29],[-123.05,61.492],[-122.919,61.751],[-122.854,61.872],[-122.766,61.929],[-122.726,61.925],[-122.696,61.907],[-122.676,61.797],[-122.851,61.472],[-122.932,61.289],[-122.95,61.261],[-122.994,61.247],[-123.046,61.27],[-123.056,61.29]]]}},{"type":"Feature","properties":{"density":2},"geometry":{"type":"Polygon","coordinates":[[[-118.647,63.053],[-118.642,63.173],[-118.617,63.213],[-118.58,63.233],[-118.529,63.235],[-118.421,63.173],[-118.439,63.103],[-118.485,63.041],[-118.618,63.031],[-118.647,63.053]]]}},{"type":"Feature","properties":{"density":2},"geometry":{"type":"Polygon","coordinates":[[[-123.594,61.967],[-123.533,62.067],[-123.448,62.117],[-123.437,62.102],[-123.446,62.074],[-123.541,61.969],[-123.588,61.949],[-123.594,61.967]]]}},{"type":"Feature","properties":{"density":2},"geometry":{"type":"Polygon","coordinates":[[[-119.909,48.895],[-119.885,49.006],[-119.824,49.15],[-119.789,49.197],[-119.669,49.277],[-118.992,49.592],[-118.89,49.601],[-118.75,49.646],[-118.699,49.616],[-118.682,49.551],[-118.714,49.464],[-118.843,49.238],[-118.95,49.115],[-118.996,49.084],[-119.22,48.968],[-119.59,48.857],[-119.773,48.652],[-119.867,48.618],[-119.909,48.617],[-119.939,48.636],[-119.942,48.689],[-119.899,48.814],[-119.909,48.895]]]}},{"type":"Feature","properties":{"density":2},"geometry":{"type":"Polygon","coordinates":[[[-116.683,48.637],[-116.655,48.68],[-116.549,48.735],[-116.426,48.776],[-116.278,48.85],[-116.026,48.928],[-115.989,48.917],[-116.045,48.832],[-116.028,48.803],[-115.918,48.771],[-115.902,48.746],[-115.919,48.72],[-115.982,48.702],[-116.671,48.602],[-116.685,48.611],[-116.683,48.637]]]}},{"type":"Feature","properties":{"density":2},"geometry":{"type":"Polygon","coordinates":[[[-116.647,48.864],[-116.638,48.918],[-116.608,48.965],[-116.462,49.04],[-116.236,49.095],[-115.978,49.186],[-115.869,49.24],[-115.829,49.247],[-115.806,49.224],[-115.846,49.148],[-116.057,49.022],[-116.161,48.978],[-116.398,48.93],[-116.605,48.852],[-116.647,48.864]]]}},{"type":"Feature","properties":{"density":2},"geometry":{"type":"Polygon","coordinates":[[[-115.267,46.814],[-115.194,46.915],[-115.129,47.055],[-115.01,47.187],[-114.885,47.233],[-114.689,47.252],[-114.411,47.334],[-114.36,47.32],[-114.312,47.258],[-114.317,47.179],[-114.425,47.028],[-114.542,46.923],[-114.64,46.865],[-114.99,46.733],[-115.207,46.732],[-115.256,46.776],[-115.267,46.814]]]}},{"type":"Feature","properties":{"density":2},"geometry":{"type":"Polygon","coordinates":[[[-115.128,46.296],[-115.037,46.551],[-114.961,46.662],[-114.907,46.717],[-114.721,46.811],[-114.604,46.849],[-114.519,46.842],[-114.414,46.819],[-114.326,46.768],[-114.282,46.718],[-114.271,46.594],[-114.325,46.525],[-114.584,46.377],[-114.72,46.216],[-115.004,46.012],[-115.146,45.981],[-115.58,46.057],[-115.592,46.085],[-115.57,46.111],[-115.258,46.166],[-115.183,46.209],[-115.135,46.264],[-115.128,46.296]]]}},{"type":"Feature","properties":{"density":2},"geometry":{"type":"Polygon","coordinates":[[[-113.042,47.497],[-112.852,47.593],[-112.41,47.631],[-112.122,47.62],[-112.09,47.597],[-112.067,47.492],[-112.091,47.433],[-112.121,47.411],[-112.286,47.342],[-112.624,47.353],[-112.758,47.393],[-112.89,47.41],[-113.115,47.396],[-113.126,47.437],[-113.042,47.497]]]}},{"type":"Feature","properties":{"density":2},"geometry":{"type":"Polygon","coordinates":[[[-113.927,46.163],[-113.701,46.306],[-113.48,46.359],[-113.346,46.343],[-113.312,46.271],[-113.34,46.242],[-113.393,46.225],[-113.663,46.188],[-113.896,46.111],[-113.933,46.12],[-113.927,46.163]]]}},{"type":"Feature","properties":{"density":2},"geometry":{"type":"Polygon","coordinates":[[[-113.329,45.583],[-113.194,45.526],[-113.189,45.482],[-113.267,45.446],[-113.364,45.461],[-113.372,45.54],[-113.329,45.583]]]}},{"type":"Feature","properties":{"density":2},"geometry":{"type":"Polygon","coordinates":[[[-115.599,43.822],[-115.497,44.04],[-115.29,44.301],[-115.225,44.359],[-115.168,44.379],[-115.059,44.375],[-115.021,44.35],[-115.002,44.261],[-115.048,44.175],[-115.285,44.03],[-115.442,43.843],[-115.556,43.792],[-115.587,43.795],[-115.599,43.822]]]}},{"type":"Feature","properties":{"density":2},"geometry":{"type":"Polygon","coordinates":[[[-112.739,40.048],[-112.553,40.229],[-112.444,40.299],[-112.334,40.305],[-112.285,40.287],[-112.258,40.256],[-112.24,40.205],[-112.25,40.157],[-112.297,40.122],[-112.487,40.081],[-112.672,39.994],[-112.729,39.994],[-112.745,40.01],[-112.739,40.048]]]}},{"type":"Feature","properties":{"density":2},"geometry":{"type":"Polygon","coordinates":[[[-109.843,39.543],[-109.723,39.59],[-109.397,39.632],[-109.339,39.612],[-109.325,39.548],[-109.36,39.484],[-109.429,39.435],[-109.764,39.405],[-109.938,39.306],[-110.009,39.298],[-110.021,39.326],[-109.985,39.399],[-109.946,39.454],[-109.843,39.543]]]}},{"type":"Feature","properties":{"density":2},"geometry":{"type":"Polygon","coordinates":[[[-119.979,41.688],[-119.796,42.092],[-119.662,42.314],[-119.515,42.636],[-119.394,42.757],[-119.227,42.849],[-119.074,42.873],[-118.966,42.847],[-118.938,42.814],[-118.922,42.753],[-118.927,42.617],[-119.17,42.316],[-119.44,42.059],[-119.598,41.861],[-119.736,41.727],[-119.846,41.59],[-119.927,41.584],[-119.962,41.628],[-119.979,41.688]]]}},{"type":"Feature","properties":{"density":2},"geometry":{"type":"Polygon","coordinates":[[[-121.793,36.279],[-121.777,36.354],[-121.795,36.71],[-121.718,37.032],[-121.707,37.189],[-121.622,37.341],[-121.569,37.396],[-121.492,37.44],[-121.42,37.443],[-121.266,37.319],[-121.134,37.142],[-121.09,37.054],[-121.098,36.965],[-121.141,36.845],[-121.39,36.371],[-121.512,36.222],[-121.613,36.167],[-121.706,36.167],[-121.768,36.209],[-121.789,36.237],[-121.793,36.279]]]}},{"type":"Feature","properties":{"density":2},"geometry":{"type":"Polygon","coordinates":[[[-126.162,50.124],[-126.282,50.521],[-126.396,50.764],[-126.387,50.879],[-126.35,50.931],[-126.306,50.953],[-126.265,50.938],[-126.238,50.9],[-126.175,50.697],[-126.088,50.159],[-126.097,50.1],[-126.135,50.098],[-126.162,50.124]]]}},{"type":"Feature","properties":{"density":2},"geometry":{"type":"Polygon","coordinates":[[[-126.504,50.034],[-126.548,50.088],[-126.694,50.168],[-126.776,50.244],[-126.789,50.292],[-126.667,50.279],[-126.578,50.248],[-126.465,50.102],[-126.469,50.033],[-126.49,50.023],[-126.504,50.034]]]}},{"type":"Feature","properties":{"density":2},"geometry":{"type":"Polygon","coordinates":[[[-125.377,52.651],[-125.419,52.711],[-125.56,52.775],[-125.628,52.897],[-125.618,52.975],[-125.555,53.029],[-125.471,53.067],[-125.268,53.048],[-125.196,52.995],[-125.171,52.935],[-125.189,52.835],[-125.247,52.744],[-125.284,52.631],[-125.338,52.6],[-125.358,52.609],[-125.377,52.651]]]}},{"type":"Feature","properties":{"density":2},"geometry":{"type":"Polygon","coordinates":[[[-126.278,52.814],[-126.262,52.934],[-126.193,53.001],[-126.137,52.996],[-126.114,52.947],[-126.059,52.912],[-126.038,52.867],[-126.053,52.809],[-126.125,52.783],[-126.239,52.766],[-126.273,52.781],[-126.278,52.814]]]}},{"type":"Feature","properties":{"density":2},"geometry":{"type":"Polygon","coordinates":[[[-116.574,61.59],[-116.624,61.752],[-116.624,61.885],[-116.668,62.146],[-116.661,62.223],[-116.547,62.401],[-116.358,62.535],[-116.22,62.581],[-116.003,62.594],[-115.724,62.561],[-115.704,62.541],[-115.691,62.484],[-115.75,62.264],[-115.733,62.009],[-115.76,61.946],[-115.81,61.909],[-115.895,61.883],[-116.048,61.866],[-116.181,61.81],[-116.344,61.665],[-116.399,61.581],[-116.439,61.55],[-116.542,61.559],[-116.574,61.59]]]}},{"type":"Feature","properties":{"density":2},"geometry":{"type":"Polygon","coordinates":[[[-115.085,61.803],[-115.144,61.982],[-115.099,62.129],[-114.924,62.283],[-114.773,62.298],[-114.558,62.272],[-114.389,62.222],[-114.307,62.121],[-114.298,62.001],[-114.383,61.833],[-114.394,61.739],[-114.433,61.642],[-114.587,61.609],[-114.727,61.637],[-114.863,61.731],[-115.085,61.803]]]}},{"type":"Feature","properties":{"density":2},"geometry":{"type":"Polygon","coordinates":[[[-123.251,61.342],[-123.275,61.832],[-123.344,62.037],[-123.53,62.173],[-123.672,62.309],[-124.019,62.737],[-124.075,62.948],[-124.112,63.196],[-124.292,63.636],[-124.255,63.897],[-124.201,64.041],[-124.106,64.062],[-124.024,64.054],[-123.813,63.971],[-123.734,63.921],[-123.577,63.781],[-123.482,63.748],[-123.416,63.764],[-123.375,63.835],[-123.358,63.942],[-123.362,64.128],[-123.255,64.484],[-123.156,64.583],[-123.069,64.616],[-122.961,64.761],[-123.06,64.926],[-123.339,65.145],[-123.424,65.269],[-123.468,65.48],[-123.399,65.746],[-123.22,66.118],[-123.027,66.199],[-122.457,66.379],[-122.063,66.441],[-121.766,66.599],[-121.524,66.673],[-121.167,66.873],[-120.839,67.028],[-120.516,67.158],[-120.2,67.256],[-119.949,67.424],[-119.596,67.507],[-118.954,67.479],[-118.517,67.424],[-118.135,67.349],[-117.698,67.21],[-117.187,66.866],[-117.066,66.642],[-117.019,66.308],[-117.019,65.917],[-117.047,65.638],[-117.038,64.857],[-116.982,64.633],[-116.852,64.42],[-116.647,64.206],[-116.251,63.865],[-115.862,63.695],[-115.692,63.604],[-115.511,63.435],[-115.391,63.282],[-115.312,63.104],[-115.341,62.935],[-115.329,62.792],[-115.44,62.589],[-115.482,62.267],[-115.727,61.99],[-115.855,61.792],[-115.903,60.773],[-115.664,60.252],[-115.32,60.094],[-114.855,59.825],[-113.053,59.327],[-112.421,59.197],[-111.593,58.936],[-111.081,58.741],[-108.798,58.044],[-106.719,57.388],[-105.896,56.914],[-104.697,56.411],[-104.264,56.177],[-103.011,55.892],[-102.23,55.675],[-101.561,55.774],[-101.003,56.086],[-99.826,57.232],[-99.185,57.887],[-98.208,58.473],[-96.367,59.394],[-95.892,59.533],[-93.972,59.91],[-89.828,59.78],[-87.945,59.613],[-85.978,59.32],[-84.032,58.943],[-81.479,58.629],[-80.168,58.685],[-79.484,58.587],[-78.828,58.42],[-78.34,58.085],[-77.853,57.985],[-77.477,57.762],[-77.253,57.344],[-77.001,57.043],[-76.485,56.736],[-75.857,56.304],[-75.452,55.69],[-75.229,55.16],[-75.243,54.393],[-75.508,53.653],[-75.871,53.053],[-76.499,52.384],[-77.168,51.84],[-78.047,51.31],[-78.786,51.003],[-80.042,50.807],[-81.688,50.849],[-82.386,50.835],[-83.153,51.003],[-83.906,51.226],[-84.506,51.617],[-85.148,52.105],[-86.71,53.486],[-87.087,54.072],[-87.436,54.825],[-88.022,55.634],[-88.608,56.206],[-89.417,56.513],[-92.123,56.499],[-93.546,56.541],[-94.246,56.043],[-94.915,55.439],[-95.604,54.871],[-96.283,54.081],[-96.746,53.477],[-96.76,52.891],[-96.871,52.082],[-96.941,51.217],[-96.676,50.101],[-96.132,49.682],[-95.155,49.501],[-94.123,49.25],[-93.509,49.124],[-93.021,48.971],[-92.616,48.705],[-92.202,48.487],[-91.961,48.273],[-91.635,47.808],[-91.421,47.083],[-91.384,46.125],[-91.537,45.257],[-91.83,44.546],[-91.977,43.73],[-91.83,42.809],[-91.663,42.098],[-91.788,41.595],[-92.207,41.114],[-92.877,40.842],[-94.174,40.57],[-96.036,40.486],[-98.066,40.486],[-100.284,40.779],[-102.126,41.344],[-105.411,42.516],[-106.744,42.746],[-107.371,42.872],[-108.166,43.151],[-108.697,43.611],[-109.004,44.169],[-109.255,45.062],[-109.194,45.513],[-109.306,45.746],[-109.566,46.015],[-109.91,46.248],[-110.357,46.415],[-110.673,46.294],[-110.729,46.053],[-110.701,45.913],[-110.785,45.727],[-111.101,45.532],[-111.51,45.336],[-112.896,45.002],[-113.305,45.011],[-113.891,45.057],[-114.477,45.188],[-114.951,45.402],[-115.667,45.829],[-116.467,46.657],[-116.728,46.862],[-117.239,47.159],[-117.648,47.308],[-118.253,47.41],[-118.829,47.448],[-119.267,47.383],[-119.883,47.235],[-120.062,47.055],[-120.36,46.819],[-120.59,46.509],[-120.827,45.827],[-120.86,45.674],[-120.885,45.315],[-120.935,45.121],[-121.06,44.934],[-121.167,44.826],[-121.308,44.719],[-121.539,44.619],[-121.775,44.619],[-121.986,44.735],[-122.29,44.969],[-122.406,45.077],[-122.585,45.297],[-122.681,45.449],[-122.899,45.986],[-123.142,46.402],[-123.332,46.621],[-123.629,46.923],[-123.733,47.188],[-124.041,48.442],[-124.069,48.935],[-124.227,49.316],[-124.71,50.228],[-124.921,50.482],[-125.101,51.276],[-125.101,51.58],[-125.033,51.914],[-124.673,52.28],[-124.599,52.408],[-124.541,52.553],[-124.508,52.739],[-124.524,53.037],[-124.648,53.478],[-124.664,53.623],[-124.657,53.789],[-124.52,53.929],[-124.375,53.991],[-124.111,54.029],[-123.933,54.02],[-123.797,53.979],[-123.363,53.557],[-122.958,53.28],[-122.765,53.063],[-122.245,52.375],[-121.904,51.991],[-121.544,51.668],[-120.812,51.141],[-120.068,50.968],[-119.845,50.931],[-119.603,50.782],[-119.492,50.627],[-119.355,50.249],[-119.386,49.815],[-119.324,49.61],[-119.157,49.61],[-118.977,49.703],[-118.803,49.734],[-118.63,49.641],[-118.45,49.486],[-118.301,49.25],[-117.319,49.157],[-116.928,49.343],[-116.677,49.399],[-116.184,49.427],[-114.156,49.846],[-113.459,49.846],[-112.315,49.79],[-111.631,49.622],[-110.85,49.288],[-109.72,48.632],[-109.12,48.158],[-108.227,47.739],[-107.404,47.181],[-106.735,46.679],[-106.033,46.436],[-105.284,46.316],[-104.348,45.983],[-104.025,45.921],[-103.727,45.902],[-103.653,46.008],[-103.802,46.181],[-104.633,46.454],[-105.293,46.84],[-105.819,47.312],[-106.042,47.56],[-106.079,47.733],[-106.07,47.975],[-105.989,48.275],[-105.85,48.564],[-105.905,48.88],[-106.315,49.224],[-107.031,50.014],[-107.514,50.414],[-108.1,50.87],[-108.775,51.34],[-109.095,51.828],[-109.081,52.386],[-108.886,52.888],[-108.775,53.293],[-108.788,53.893],[-108.928,54.521],[-109.081,54.995],[-109.514,55.469],[-110.072,55.902],[-110.477,56.041],[-111.188,56.223],[-111.802,56.348],[-113.15,56.799],[-113.699,56.967],[-116.173,57.497],[-116.908,57.683],[-117.339,57.897],[-119.335,58.256],[-119.949,58.448],[-120.254,58.384],[-120.579,58.375],[-121.007,58.328],[-121.333,58.263],[-121.927,58.328],[-122.169,58.216],[-122.606,58.179],[-123.833,58.402],[-124.717,58.765],[-124.968,58.997],[-125.238,59.313],[-125.377,59.62],[-125.433,59.983],[-125.368,60.271],[-125.247,60.467],[-124.903,60.653],[-124.55,60.783],[-123.908,61.099],[-123.318,61.302],[-123.251,61.342]]]}},{"type":"Feature","properties":{"density":2},"geometry":{"type":"Polygon","coordinates":[[[-94.832,35.53],[-93.894,35.521],[-93.534,35.538],[-92.807,35.513],[-92.284,35.536],[-91.905,35.604],[-91.763,35.815],[-91.664,36.106],[-91.459,36.385],[-91.13,36.509],[-90.734,36.447],[-89.996,36.212],[-89.717,36.013],[-89.574,35.821],[-89.475,35.505],[-89.419,35.158],[-89.475,34.414],[-89.611,34.029],[-89.642,33.651],[-89.894,33.217],[-90.049,32.994],[-90.248,32.752],[-90.459,32.591],[-90.798,32.285],[-90.906,32.21],[-91.683,31.843],[-92.03,31.762],[-92.784,31.619],[-93.273,31.564],[-93.788,31.557],[-94.092,31.657],[-94.526,31.824],[-94.861,32.078],[-95.034,32.351],[-95.152,32.611],[-95.133,32.791],[-94.96,32.965],[-94.836,33.058],[-94.52,33.169],[-94.067,33.355],[-93.354,33.734],[-93.025,33.994],[-92.827,34.23],[-92.746,34.434],[-92.784,34.589],[-92.97,34.707],[-93.304,34.769],[-93.732,34.794],[-94.185,34.862],[-94.631,34.974],[-95.177,34.937],[-95.425,35.011],[-95.487,35.166],[-95.406,35.327],[-95.288,35.433],[-94.916,35.526],[-94.832,35.53]]]}},{"type":"Feature","properties":{"density":2},"geometry":{"type":"Polygon","coordinates":[[[-98.502,32.82],[-98.43,33.201],[-98.336,33.416],[-98.124,33.76],[-97.907,33.961],[-97.562,34.204],[-97.452,34.253],[-97.322,34.278],[-97.229,34.284],[-97.179,34.24],[-97.157,34.165],[-97.143,33.992],[-97.193,33.881],[-97.41,33.611],[-97.477,33.438],[-97.466,33.38],[-97.204,33.206],[-97.171,33.159],[-97.124,33.044],[-97.116,32.967],[-97.113,32.922],[-97.146,32.867],[-97.223,32.793],[-97.441,32.688],[-97.7,32.633],[-97.849,32.633],[-98.196,32.586],[-98.389,32.625],[-98.436,32.666],[-98.502,32.82]]]}},{"type":"Feature","properties":{"density":2},"geometry":{"type":"Polygon","coordinates":[[[-94.978,34.303],[-94.869,34.399],[-94.809,34.426],[-94.697,34.528],[-94.619,34.575],[-94.532,34.596],[-94.478,34.572],[-94.452,34.54],[-94.441,34.486],[-94.457,34.454],[-94.549,34.403],[-94.838,34.328],[-94.954,34.257],[-94.98,34.263],[-94.978,34.303]]]}},{"type":"Feature","properties":{"density":2},"geometry":{"type":"Polygon","coordinates":[[[-95.715,34.508],[-95.686,34.559],[-95.566,34.63],[-95.524,34.625],[-95.496,34.594],[-95.488,34.561],[-95.519,34.532],[-95.687,34.485],[-95.71,34.487],[-95.715,34.508]]]}},{"type":"Feature","properties":{"density":2},"geometry":{"type":"Polygon","coordinates":[[[-94.933,35.598],[-94.14,35.641],[-93.582,35.784],[-93.16,35.951],[-92.856,36.162],[-92.044,36.67],[-91.275,36.751],[-90.81,36.757],[-90.382,36.739],[-90.073,36.547],[-89.92,36.423],[-89.804,36.233],[-89.515,36.254],[-89.279,36.13],[-89.089,35.952],[-88.945,35.745],[-88.593,35.427],[-88.556,35.173],[-88.624,34.85],[-88.965,34.441],[-89.12,34.001],[-89.331,33.778],[-89.511,33.53],[-89.753,33.058],[-90.044,32.643],[-90.317,32.376],[-90.695,32.122],[-92.034,31.651],[-93.107,31.459],[-93.473,31.428],[-95.451,31.694],[-96.964,31.806],[-97.633,31.924],[-98.235,32.128],[-98.477,32.314],[-98.613,32.507],[-98.65,32.748],[-98.594,32.984],[-98.52,33.158],[-98.169,33.893],[-97.954,34.113],[-97.697,34.344],[-97.487,34.472],[-96.908,34.594],[-96.753,34.588],[-96.542,34.458],[-96.368,34.259],[-96.114,34.123],[-95.854,34.024],[-95.659,34.034],[-95.397,33.959],[-95.08,33.913],[-94.523,33.902],[-94.322,33.866],[-94.146,33.88],[-93.873,33.802],[-93.622,33.763],[-93.312,33.968],[-92.934,34.377],[-92.934,34.631],[-93.039,34.848],[-93.516,34.96],[-94.44,35.016],[-94.862,34.966],[-95.116,34.966],[-95.294,34.985],[-95.347,35.125],[-95.294,35.282],[-95.174,35.406],[-95.062,35.477],[-95.009,35.555],[-94.933,35.598]]]}},{"type":"Feature","properties":{"density":2},"geometry":{"type":"Polygon","coordinates":[[[-80.016,35.184],[-79.914,35.053],[-79.881,34.979],[-79.893,34.945],[-79.935,34.911],[-80.022,34.941],[-80.076,34.997],[-80.095,35.093],[-80.088,35.144],[-80.077,35.177],[-80.016,35.184]]]}},{"type":"Feature","properties":{"density":2},"geometry":{"type":"Polygon","coordinates":[[[-88.413,33.064],[-88.318,32.953],[-88.167,32.705],[-88.16,32.641],[-88.195,32.597],[-88.303,32.683],[-88.418,32.908],[-88.464,33.059],[-88.448,33.072],[-88.413,33.064]]]}},{"type":"Feature","properties":{"density":2},"geometry":{"type":"Polygon","coordinates":[[[-89.972,36.295],[-89.982,36.338],[-89.96,36.412],[-89.935,36.437],[-89.878,36.447],[-89.87,36.405],[-89.928,36.289],[-89.96,36.28],[-89.972,36.295]]]}},{"type":"Feature","properties":{"density":2},"geometry":{"type":"Polygon","coordinates":[[[-89.935,36.701],[-89.972,36.746],[-89.988,36.824],[-89.942,36.846],[-89.885,36.838],[-89.869,36.802],[-89.884,36.701],[-89.913,36.688],[-89.935,36.701]]]}},{"type":"Feature","properties":{"density":2},"geometry":{"type":"Polygon","coordinates":[[[-84.521,44.856],[-84.315,44.954],[-84.127,44.986],[-84.025,44.962],[-84.007,44.928],[-84.005,44.908],[-84.038,44.873],[-84.097,44.843],[-84.474,44.816],[-84.516,44.823],[-84.521,44.856]]]}},{"type":"Feature","properties":{"density":2},"geometry":{"type":"Polygon","coordinates":[[[-77.261,25.92],[-77.394,26.011],[-77.407,26.093],[-77.385,26.26],[-77.346,26.328],[-77.298,26.356],[-77.247,26.353],[-77.21,26.282],[-77.209,26.1],[-77.177,25.965],[-77.182,25.933],[-77.207,25.917],[-77.261,25.92]]]}},{"type":"Feature","properties":{"density":3},"geometry":{"type":"Polygon","coordinates":[[[-117.193,62.306],[-117.821,62.766],[-118.195,63.169],[-118.302,63.603],[-118.386,63.854],[-118.735,64.275],[-119.16,64.545],[-119.646,64.759],[-120.176,64.805],[-121.169,64.65],[-121.534,64.554],[-121.841,64.433],[-122.111,64.106],[-122.353,63.959],[-122.55,63.896],[-122.706,63.773],[-122.79,63.448],[-122.939,63.345],[-123.178,63.269],[-123.325,63.269],[-123.618,63.164],[-123.952,62.976],[-124.12,62.662],[-124.203,62.306],[-124.099,61.95],[-123.952,61.643],[-123.597,61.218],[-123.338,61.002],[-122.511,60.63],[-122.204,60.369],[-122.036,60.155],[-121.962,59.848],[-121.916,59.374],[-121.757,58.388],[-121.618,58.1],[-121.246,57.97],[-120.781,57.998],[-120.362,58.146],[-119.99,58.202],[-119.404,58.128],[-118.365,57.953],[-117.528,57.974],[-116.838,58.016],[-116.356,58.016],[-115.624,57.953],[-115.226,57.995],[-114.619,57.974],[-113.468,57.974],[-112.443,57.912],[-111.941,57.807],[-111.543,57.681],[-110.936,57.577],[-109.597,57.116],[-109.179,56.865],[-108.781,56.53],[-108.321,55.965],[-108.111,55.526],[-108.028,55.17],[-108.195,54.71],[-108.446,54.354],[-108.551,53.977],[-108.53,53.559],[-108.467,53.224],[-108.237,52.889],[-107.944,52.617],[-107.546,52.429],[-107.065,52.262],[-106.688,52.262],[-106.354,52.429],[-106.207,52.701],[-106.165,52.952],[-106.123,53.078],[-105.948,53.343],[-105.57,53.697],[-105.135,53.994],[-104.052,54.542],[-103.471,54.983],[-102.399,55.631],[-101.499,56.217],[-100.532,56.815],[-99.762,57.179],[-98.151,57.744],[-97.502,58.079],[-96.518,58.372],[-95.786,58.728],[-95.012,59.021],[-94.551,59.272],[-93.965,59.523],[-93.652,59.879],[-93.61,60.192],[-93.693,60.444],[-93.903,60.611],[-94.217,60.778],[-94.542,60.835],[-95.137,60.872],[-95.844,60.881],[-96.281,60.937],[-96.923,60.928],[-97.573,60.802],[-98.318,60.537],[-99.526,59.937],[-100.374,59.402],[-101.13,58.793],[-101.536,58.556],[-101.88,58.258],[-102.382,57.877],[-103.291,57.257],[-103.65,56.984],[-105.207,56.129],[-105.554,56.067],[-105.653,56.197],[-105.56,56.494],[-105.455,56.922],[-105.642,57.263],[-106.165,57.556],[-106.751,57.828],[-107.756,58.163],[-108.488,58.372],[-109.158,58.435],[-111.208,58.749],[-111.836,58.79],[-113.875,59.332],[-114.107,59.321],[-114.318,59.24],[-114.442,59.135],[-114.715,58.843],[-114.876,58.75],[-115.087,58.701],[-115.308,58.69],[-115.615,58.718],[-115.903,58.811],[-116.117,58.904],[-116.219,59.062],[-116.238,59.221],[-116.107,59.425],[-115.921,59.537],[-115.875,59.63],[-115.959,59.723],[-116.219,59.779],[-116.675,59.769],[-117.261,59.899],[-117.475,60.03],[-117.521,60.309],[-117.428,60.476],[-117.326,60.578],[-117.075,60.718],[-116.805,60.83],[-116.252,60.88],[-115.521,60.874],[-115.378,60.942],[-115.366,61.109],[-115.552,61.351],[-116.052,61.722],[-116.303,61.853],[-116.517,61.918],[-117.158,62.299],[-117.193,62.306]]]}},{"type":"Feature","properties":{"density":3},"geometry":{"type":"Polygon","coordinates":[[[-120.69,47.21],[-120.871,47.211],[-121.049,47.261],[-121.09,47.314],[-121.107,47.401],[-121.049,47.438],[-121.041,47.476],[-121.074,47.496],[-121.132,47.472],[-121.165,47.476],[-121.214,47.513],[-121.285,47.509],[-121.434,47.455],[-121.496,47.455],[-121.624,47.474],[-121.76,47.529],[-121.872,47.635],[-121.959,47.777],[-122.07,48.087],[-122.033,48.193],[-121.965,48.249],[-121.847,48.28],[-121.363,48.255],[-121.27,48.224],[-121.128,48.162],[-120.979,47.932],[-121.059,47.926],[-121.084,47.901],[-121.084,47.864],[-120.855,47.765],[-120.774,47.666],[-120.439,47.424],[-120.346,47.381],[-120.272,47.399],[-120.179,47.554],[-120.179,47.629],[-120.284,47.827],[-120.322,47.945],[-120.458,48.075],[-120.532,48.187],[-120.638,48.292],[-120.706,48.416],[-120.768,48.435],[-120.935,48.583],[-120.991,48.701],[-120.954,49.092],[-120.929,49.16],[-120.849,49.265],[-120.774,49.439],[-120.663,49.613],[-120.663,49.73],[-120.743,49.774],[-120.824,49.774],[-120.912,49.718],[-120.973,49.619],[-121.016,49.588],[-121.109,49.532],[-121.258,49.507],[-121.314,49.575],[-121.307,49.644],[-121.289,49.662],[-121.214,49.637],[-121.146,49.65],[-121.134,49.662],[-121.159,49.761],[-121.208,49.767],[-121.267,49.851],[-121.331,49.882],[-121.464,50.126],[-121.526,50.163],[-121.695,50.196],[-121.869,50.18],[-121.906,50.159],[-121.935,50.114],[-121.939,50.06],[-121.803,50.018],[-121.679,50.006],[-121.637,49.981],[-121.488,49.762],[-121.484,49.659],[-121.571,49.642],[-121.67,49.675],[-121.844,49.77],[-121.972,49.899],[-122.108,50.068],[-122.216,50.142],[-122.286,50.345],[-122.435,50.572],[-122.509,50.663],[-122.774,50.862],[-122.877,50.899],[-123.101,50.878],[-123.266,50.771],[-123.394,50.717],[-123.597,50.539],[-123.638,50.457],[-123.675,50.271],[-123.737,50.204],[-123.845,50.134],[-123.981,50.089],[-124.055,50.047],[-124.175,49.886],[-124.237,49.692],[-124.237,49.717],[-124.245,49.485],[-124.212,49.365],[-124.159,49.254],[-124.097,49.175],[-123.944,49.08],[-123.766,49.047],[-123.646,48.997],[-123.539,48.931],[-123.415,48.811],[-123.373,48.795],[-123.332,48.704],[-123.262,48.634],[-123.175,48.452],[-123.121,48.39],[-123.01,48.32],[-122.79,48.047],[-122.666,47.96],[-122.617,47.848],[-122.609,47.77],[-122.621,47.72],[-122.65,47.679],[-122.724,47.646],[-123.138,47.613],[-123.208,47.588],[-123.361,47.468],[-123.394,47.423],[-123.46,47.315],[-123.493,47.166],[-123.485,47.071],[-123.353,46.724],[-123.328,46.6],[-123.282,46.513],[-123.15,46.389],[-123.121,46.34],[-123.08,46.079],[-123.096,45.968],[-122.972,45.451],[-122.919,45.356],[-122.832,45.257],[-122.745,45.211],[-122.666,45.116],[-122.596,44.947],[-122.538,44.893],[-122.29,44.835],[-122.199,44.847],[-121.931,44.967],[-121.873,44.971],[-121.848,44.996],[-121.848,45.033],[-121.933,45.062],[-121.997,45.104],[-122.22,45.298],[-122.265,45.367],[-122.258,45.405],[-122.187,45.484],[-122.146,45.579],[-122.154,45.629],[-122.204,45.715],[-122.249,45.736],[-122.282,45.782],[-122.274,45.839],[-122.257,45.864],[-122.22,45.873],[-122.17,45.856],[-122.1,45.86],[-122.055,45.881],[-122.055,45.926],[-122.121,45.98],[-122.179,45.988],[-122.208,46.009],[-122.315,46.216],[-122.319,46.307],[-122.278,46.369],[-122.204,46.435],[-122.108,46.459],[-121.972,46.406],[-121.722,46.356],[-121.667,46.378],[-121.635,46.41],[-121.617,46.453],[-121.542,46.54],[-121.207,46.801],[-121.052,46.813],[-120.897,46.807],[-120.773,46.776],[-120.184,46.776],[-119.893,46.85],[-119.595,46.974],[-119.422,47.024],[-119.318,47.084],[-119.294,47.195],[-119.347,47.272],[-119.49,47.309],[-119.651,47.328],[-119.955,47.278],[-120.147,47.179],[-120.39,47.157],[-120.625,47.185],[-120.69,47.21]]]}},{"type":"Feature","properties":{"density":3},"geometry":{"type":"Polygon","coordinates":[[[-112.715,40.007],[-112.752,40.075],[-112.749,40.123],[-112.704,40.167],[-112.633,40.184],[-112.592,40.149],[-112.603,40.037],[-112.647,40.003],[-112.688,39.994],[-112.715,40.007]]]}},{"type":"Feature","properties":{"density":3},"geometry":{"type":"Polygon","coordinates":[[[-116.234,41.609],[-116.255,41.633],[-116.257,41.686],[-116.236,41.717],[-116.166,41.763],[-116.113,41.862],[-116.036,41.936],[-115.966,41.927],[-115.907,41.875],[-115.898,41.82],[-115.92,41.802],[-115.941,41.798],[-115.972,41.831],[-116.031,41.82],[-116.076,41.771],[-116.161,41.721],[-116.194,41.605],[-116.234,41.609]]]}},{"type":"Feature","properties":{"density":3},"geometry":{"type":"Polygon","coordinates":[[[-115.539,43.867],[-115.693,43.911],[-115.765,43.947],[-115.825,44.002],[-115.892,44.0],[-115.916,43.936],[-115.919,43.873],[-115.867,43.823],[-115.566,43.785],[-115.517,43.801],[-115.509,43.854],[-115.539,43.867]]]}},{"type":"Feature","properties":{"density":3},"geometry":{"type":"Polygon","coordinates":[[[-114.953,41.158],[-115.084,41.177],[-115.35,41.357],[-115.369,41.475],[-115.338,41.692],[-115.195,41.816],[-114.773,41.94],[-114.476,42.101],[-114.417,42.091],[-114.389,42.033],[-114.426,41.971],[-114.519,41.884],[-114.612,41.828],[-114.742,41.791],[-114.966,41.661],[-115.009,41.561],[-114.99,41.344],[-114.848,41.307],[-114.823,41.258],[-114.829,41.214],[-114.879,41.158],[-114.972,41.115],[-114.953,41.158]]]}},{"type":"Feature","properties":{"density":3},"geometry":{"type":"Polygon","coordinates":[[[-118.297,44.839],[-118.256,44.904],[-118.216,44.933],[-118.107,44.965],[-118.069,44.923],[-118.101,44.884],[-118.243,44.808],[-118.292,44.817],[-118.297,44.839]]]}},{"type":"Feature","properties":{"density":3},"geometry":{"type":"Polygon","coordinates":[[[-121.992,44.944],[-122.26,44.822],[-122.436,44.806],[-122.494,44.839],[-122.673,45.114],[-122.824,45.236],[-122.94,45.374],[-123.083,45.684],[-123.203,46.142],[-123.283,46.739],[-123.269,47.109],[-123.339,47.308],[-123.435,47.48],[-123.446,47.606],[-123.418,47.87],[-123.347,48.081],[-123.212,48.329],[-123.132,48.37],[-123.057,48.39],[-122.851,48.37],[-122.636,48.304],[-122.545,48.26],[-122.487,48.199],[-122.459,48.128],[-122.425,47.883],[-122.393,47.798],[-122.236,47.617],[-122.248,47.552],[-122.432,47.436],[-122.6,47.221],[-122.683,46.984],[-122.773,46.819],[-122.807,46.659],[-122.688,46.105],[-122.44,45.571],[-122.388,45.496],[-122.206,45.364],[-121.952,45.138],[-121.865,45.085],[-121.843,45.046],[-121.85,45.004],[-121.886,44.977],[-121.992,44.944]]]}},{"type":"Feature","properties":{"density":3},"geometry":{"type":"Polygon","coordinates":[[[-121.806,46.959],[-121.806,47.046],[-121.773,47.112],[-121.557,47.355],[-121.471,47.511],[-121.394,47.543],[-121.22,47.554],[-121.126,47.456],[-121.11,47.43],[-121.121,47.377],[-121.339,47.163],[-121.518,47.098],[-121.719,46.929],[-121.793,46.927],[-121.806,46.959]]]}},{"type":"Feature","properties":{"density":3},"geometry":{"type":"Polygon","coordinates":[[[-122.128,45.861],[-122.26,45.9],[-122.342,45.969],[-122.404,46.074],[-122.393,46.138],[-122.373,46.153],[-122.35,46.145],[-122.226,46.002],[-122.08,45.912],[-122.075,45.865],[-122.128,45.861]]]}},{"type":"Feature","properties":{"density":3},"geometry":{"type":"Polygon","coordinates":[[[-121.883,47.324],[-121.805,47.334],[-121.687,47.318],[-121.521,47.342],[-121.445,47.396],[-121.384,47.47],[-121.293,47.508],[-121.194,47.475],[-120.973,47.324],[-120.869,47.279],[-120.698,47.227],[-120.601,47.216],[-120.428,47.211],[-120.315,47.23],[-120.144,47.277],[-119.937,47.384],[-119.833,47.409],[-119.667,47.421],[-119.626,47.405],[-119.605,47.375],[-119.614,47.33],[-119.641,47.301],[-119.995,47.111],[-120.386,46.836],[-120.634,46.764],[-120.847,46.756],[-121.169,46.855],[-121.257,46.852],[-121.731,46.739],[-121.812,46.741],[-121.893,46.771],[-121.983,46.888],[-122.014,47.008],[-121.915,47.151],[-121.913,47.276],[-121.904,47.318],[-121.883,47.324]]]}},{"type":"Feature","properties":{"density":3},"geometry":{"type":"Polygon","coordinates":[[[-120.642,47.808],[-120.952,47.827],[-121.029,47.866],[-121.043,47.888],[-121.009,47.937],[-120.99,48.007],[-121.016,48.09],[-120.98,48.168],[-120.868,48.226],[-120.824,48.215],[-120.686,48.089],[-120.636,48.07],[-120.601,48.098],[-120.57,48.096],[-120.46,47.989],[-120.366,47.923],[-120.329,47.859],[-120.379,47.844],[-120.512,47.893],[-120.522,47.854],[-120.557,47.823],[-120.642,47.808]]]}},{"type":"Feature","properties":{"density":3},"geometry":{"type":"Polygon","coordinates":[[[-121.235,48.883],[-121.126,48.866],[-121.008,48.787],[-121.005,48.768],[-121.046,48.734],[-121.046,48.712],[-120.983,48.604],[-120.964,48.522],[-121.005,48.503],[-121.067,48.541],[-121.15,48.549],[-121.156,48.648],[-121.194,48.729],[-121.18,48.757],[-121.106,48.772],[-121.114,48.793],[-121.234,48.808],[-121.259,48.87],[-121.255,48.884],[-121.235,48.883]]]}},{"type":"Feature","properties":{"density":3},"geometry":{"type":"Polygon","coordinates":[[[-122.216,48.987],[-122.58,49.031],[-122.845,49.122],[-123.561,49.298],[-123.696,49.353],[-123.842,49.486],[-123.906,49.574],[-124.024,49.838],[-124.027,49.904],[-123.969,49.971],[-123.727,50.009],[-123.605,50.048],[-123.423,50.188],[-123.322,50.216],[-123.164,50.128],[-122.988,49.918],[-122.875,49.849],[-122.781,49.805],[-122.398,49.756],[-122.376,49.783],[-122.511,49.957],[-122.542,50.089],[-122.547,50.194],[-122.498,50.254],[-122.445,50.265],[-122.346,50.194],[-122.192,50.042],[-122.059,49.96],[-121.817,49.769],[-121.627,49.67],[-121.594,49.615],[-121.737,49.499],[-121.72,49.461],[-121.643,49.425],[-121.528,49.439],[-121.453,49.505],[-121.387,49.53],[-121.376,49.477],[-121.406,49.403],[-121.497,49.293],[-121.528,49.232],[-121.522,49.188],[-121.445,49.108],[-121.459,49.064],[-121.503,49.023],[-121.596,49.012],[-121.809,49.025],[-122.216,48.987]]]}},{"type":"Feature","properties":{"density":3},"geometry":{"type":"Polygon","coordinates":[[[-121.953,50.156],[-121.666,50.178],[-121.573,50.144],[-121.398,49.93],[-121.185,49.728],[-121.186,49.668],[-121.276,49.644],[-121.295,49.567],[-121.401,49.535],[-121.445,49.544],[-121.445,49.689],[-121.495,49.781],[-121.576,49.849],[-121.587,49.888],[-121.587,50.057],[-121.618,50.09],[-121.724,50.105],[-121.772,50.103],[-121.842,50.073],[-122.004,50.105],[-122.008,50.135],[-121.953,50.156]]]}},{"type":"Feature","properties":{"density":3},"geometry":{"type":"Polygon","coordinates":[[[-118.294,44.85],[-118.255,44.915],[-118.19,44.9],[-118.109,44.916],[-118.181,44.845],[-118.24,44.811],[-118.29,44.825],[-118.294,44.85]]]}},{"type":"Feature","properties":{"density":3},"geometry":{"type":"Polygon","coordinates":[[[-118.026,45.954],[-118.165,46.018],[-118.187,46.053],[-118.192,46.146],[-118.162,46.221],[-118.097,46.312],[-118.037,46.354],[-117.983,46.359],[-117.934,46.338],[-117.925,46.302],[-117.928,46.264],[-117.978,46.165],[-117.987,46.085],[-117.917,46.009],[-117.946,45.956],[-118.026,45.954]]]}},{"type":"Feature","properties":{"density":3},"geometry":{"type":"Polygon","coordinates":[[[-115.051,46.153],[-115.098,46.186],[-115.225,46.114],[-115.28,46.1],[-115.573,46.176],[-115.629,46.178],[-115.661,46.167],[-115.67,46.143],[-115.607,46.105],[-115.262,46.035],[-115.055,46.073],[-115.029,46.11],[-115.051,46.153]]]}},{"type":"Feature","properties":{"density":3},"geometry":{"type":"Polygon","coordinates":[[[-115.417,46.479],[-115.431,46.508],[-115.412,46.55],[-115.352,46.533],[-115.348,46.515],[-115.375,46.473],[-115.397,46.466],[-115.417,46.479]]]}},{"type":"Feature","properties":{"density":3},"geometry":{"type":"Polygon","coordinates":[[[-115.241,46.829],[-115.193,46.855],[-115.149,46.832],[-115.166,46.806],[-115.224,46.784],[-115.256,46.792],[-115.241,46.829]]]}},{"type":"Feature","properties":{"density":3},"geometry":{"type":"Polygon","coordinates":[[[-117.647,50.899],[-117.627,50.898],[-117.624,50.875],[-117.625,50.838],[-117.641,50.823],[-117.656,50.828],[-117.667,50.873],[-117.647,50.899]]]}},{"type":"Feature","properties":{"density":3},"geometry":{"type":"Polygon","coordinates":[[[-115.663,43.864],[-115.534,43.863],[-115.516,43.823],[-115.624,43.73],[-115.638,43.735],[-115.644,43.809],[-115.676,43.839],[-115.663,43.864]]]}},{"type":"Feature","properties":{"density":3},"geometry":{"type":"Polygon","coordinates":[[[-116.237,41.634],[-116.262,41.727],[-116.247,41.766],[-116.229,41.768],[-116.165,41.682],[-116.194,41.626],[-116.216,41.615],[-116.237,41.634]]]}},{"type":"Feature","properties":{"density":3},"geometry":{"type":"Polygon","coordinates":[[[-116.145,41.806],[-116.101,41.924],[-116.064,41.968],[-116.031,41.969],[-115.963,41.937],[-115.983,41.888],[-116.055,41.804],[-116.115,41.78],[-116.145,41.806]]]}},{"type":"Feature","properties":{"density":3},"geometry":{"type":"Polygon","coordinates":[[[-112.723,40.043],[-112.691,40.122],[-112.655,40.133],[-112.683,40.022],[-112.705,40.017],[-112.723,40.043]]]}},{"type":"Feature","properties":{"density":3},"geometry":{"type":"Polygon","coordinates":[[[-113.105,47.475],[-113.0,47.508],[-113.009,47.458],[-113.048,47.43],[-113.107,47.44],[-113.116,47.461],[-113.105,47.475]]]}},{"type":"Feature","properties":{"density":3},"geometry":{"type":"Polygon","coordinates":[[[-121.704,36.229],[-121.767,36.267],[-121.759,36.317],[-121.674,36.36],[-121.659,36.354],[-121.673,36.299],[-121.657,36.282],[-121.605,36.347],[-121.573,36.343],[-121.575,36.28],[-121.614,36.201],[-121.651,36.192],[-121.704,36.229]]]}},{"type":"Feature","properties":{"density":3},"geometry":{"type":"Polygon","coordinates":[[[-125.351,52.627],[-125.455,52.708],[-125.474,52.739],[-125.464,52.797],[-125.439,52.792],[-125.385,52.723],[-125.303,52.664],[-125.311,52.618],[-125.342,52.613],[-125.351,52.627]]]}},{"type":"Feature","properties":{"density":3},"geometry":{"type":"Polygon","coordinates":[[[-116.513,61.611],[-116.436,61.665],[-116.311,61.687],[-116.234,61.664],[-116.162,61.596],[-116.251,61.569],[-116.364,61.586],[-116.486,61.567],[-116.533,61.581],[-116.536,61.598],[-116.513,61.611]]]}},{"type":"Feature","properties":{"density":3},"geometry":{"type":"Polygon","coordinates":[[[-115.062,61.84],[-114.925,61.84],[-114.688,61.788],[-114.649,61.776],[-114.621,61.73],[-114.638,61.715],[-114.866,61.702],[-115.07,61.803],[-115.08,61.823],[-115.062,61.84]]]}},{"type":"Feature","properties":{"density":3},"geometry":{"type":"Polygon","coordinates":[[[-119.09,64.268],[-119.363,64.428],[-119.385,64.451],[-119.375,64.479],[-119.351,64.487],[-119.261,64.446],[-119.059,64.328],[-119.026,64.302],[-119.015,64.259],[-119.057,64.246],[-119.09,64.268]]]}},{"type":"Feature","properties":{"density":3},"geometry":{"type":"Polygon","coordinates":[[[-122.032,44.921],[-122.131,44.887],[-122.277,44.883],[-122.381,44.933],[-122.452,45.024],[-122.484,45.076],[-122.53,45.267],[-122.559,45.321],[-122.753,45.567],[-122.762,45.616],[-122.698,45.693],[-122.674,45.766],[-122.647,45.768],[-122.511,45.599],[-122.348,45.536],[-122.161,45.326],[-122.072,45.283],[-121.882,45.252],[-121.787,45.182],[-121.734,45.045],[-121.743,44.973],[-121.768,44.942],[-121.843,44.914],[-122.032,44.921]]]}},{"type":"Feature","properties":{"density":3},"geometry":{"type":"Polygon","coordinates":[[[-123.18,46.362],[-123.213,46.588],[-123.229,47.043],[-123.201,47.189],[-123.193,47.451],[-123.159,47.728],[-123.166,47.8],[-123.242,47.896],[-123.266,47.958],[-123.245,48.382],[-123.176,48.682],[-123.152,48.752],[-123.014,48.899],[-122.928,49.026],[-122.714,49.231],[-122.646,49.27],[-122.505,49.277],[-122.457,49.242],[-122.437,49.123],[-122.455,49.033],[-122.551,48.827],[-122.582,48.694],[-122.591,48.247],[-122.563,48.107],[-122.475,47.93],[-122.506,47.905],[-122.574,47.914],[-122.667,47.955],[-122.73,47.952],[-122.763,47.915],[-122.793,47.545],[-122.94,47.278],[-122.964,47.038],[-123.043,46.863],[-123.029,46.79],[-122.962,46.72],[-122.951,46.689],[-122.983,46.51],[-122.95,46.327],[-122.955,46.283],[-122.999,46.246],[-123.119,46.227],[-123.183,46.292],[-123.18,46.362]]]}},{"type":"Feature","properties":{"density":3},"geometry":{"type":"Polygon","coordinates":[[[-121.814,46.984],[-121.8,47.045],[-121.82,47.17],[-121.794,47.198],[-121.751,47.203],[-121.701,47.121],[-121.683,46.979],[-121.702,46.946],[-121.734,46.938],[-121.811,46.949],[-121.814,46.984]]]}},{"type":"Feature","properties":{"density":3},"geometry":{"type":"Polygon","coordinates":[[[-121.171,47.368],[-121.263,47.363],[-121.583,47.292],[-121.619,47.313],[-121.622,47.338],[-121.579,47.421],[-121.542,47.599],[-121.524,47.62],[-121.481,47.628],[-121.353,47.598],[-121.176,47.493],[-121.137,47.447],[-121.125,47.403],[-121.133,47.377],[-121.171,47.368]]]}},{"type":"Feature","properties":{"density":3},"geometry":{"type":"Polygon","coordinates":[[[-120.678,47.859],[-121.004,48.089],[-121.001,48.133],[-120.976,48.168],[-120.882,48.232],[-120.829,48.238],[-120.762,48.115],[-120.642,47.994],[-120.46,48.095],[-120.438,48.092],[-120.438,48.04],[-120.518,47.861],[-120.598,47.83],[-120.655,47.835],[-120.678,47.859]]]}},{"type":"Feature","properties":{"density":3},"geometry":{"type":"Polygon","coordinates":[[[-121.188,48.869],[-121.082,48.84],[-121.013,48.785],[-121.06,48.712],[-120.991,48.59],[-121.022,48.536],[-121.137,48.527],[-121.146,48.544],[-121.113,48.618],[-121.151,48.655],[-121.151,48.712],[-121.086,48.758],[-121.104,48.792],[-121.126,48.8],[-121.225,48.808],[-121.228,48.863],[-121.188,48.869]]]}},{"type":"Feature","properties":{"density":3},"geometry":{"type":"Polygon","coordinates":[[[-117.63,50.913],[-117.672,50.922],[-117.684,50.885],[-117.664,50.866],[-117.632,50.869],[-117.594,50.907],[-117.63,50.913]]]}},{"type":"Feature","properties":{"density":3},"geometry":{"type":"Polygon","coordinates":[[[-118.057,46.008],[-117.94,46.111],[-117.909,46.115],[-117.865,46.094],[-117.87,46.046],[-117.954,45.955],[-118.027,45.949],[-118.074,45.985],[-118.057,46.008]]]}},{"type":"Feature","properties":{"density":3},"geometry":{"type":"Polygon","coordinates":[[[-121.679,36.221],[-121.745,36.229],[-121.781,36.285],[-121.749,36.357],[-121.708,36.388],[-121.68,36.378],[-121.661,36.332],[-121.615,36.312],[-121.588,36.247],[-121.608,36.209],[-121.679,36.221]]]}},{"type":"Feature","properties":{"density":3},"geometry":{"type":"Polygon","coordinates":[[[-116.499,61.591],[-116.45,61.778],[-116.425,61.8],[-116.265,61.8],[-116.155,61.776],[-116.17,61.733],[-116.435,61.564],[-116.485,61.557],[-116.499,61.591]]]}},{"type":"Feature","properties":{"density":3},"geometry":{"type":"Polygon","coordinates":[[[-123.029,61.299],[-122.987,61.399],[-122.959,61.403],[-122.994,61.276],[-123.015,61.271],[-123.029,61.299]]]}},{"type":"Feature","properties":{"density":3},"geometry":{"type":"Polygon","coordinates":[[[-121.924,61.85],[-121.945,61.943],[-121.995,61.978],[-122.155,62.041],[-122.359,62.065],[-122.371,62.104],[-122.357,62.246],[-122.315,62.297],[-122.233,62.324],[-122.093,62.326],[-122.01,62.292],[-121.751,62.125],[-121.715,62.036],[-121.716,61.978],[-121.754,61.758],[-121.78,61.719],[-121.811,61.693],[-121.86,61.689],[-121.91,61.708],[-121.924,61.85]]]}},{"type":"Feature","properties":{"density":3},"geometry":{"type":"Polygon","coordinates":[[[-121.5,61.656],[-121.467,61.808],[-121.464,61.902],[-121.736,62.254],[-121.807,62.423],[-121.862,62.482],[-122.172,62.558],[-122.233,62.597],[-122.266,62.703],[-122.178,62.749],[-121.951,62.798],[-121.553,62.784],[-121.506,62.745],[-121.412,62.621],[-121.335,62.56],[-121.139,62.536],[-120.995,62.558],[-120.94,62.532],[-120.909,62.481],[-120.924,62.395],[-120.958,62.302],[-121.022,62.206],[-121.038,62.133],[-121.031,62.051],[-121.072,61.99],[-121.071,61.886],[-121.286,61.743],[-121.412,61.563],[-121.494,61.579],[-121.5,61.656]]]}},{"type":"Feature","properties":{"density":3},"geometry":{"type":"Polygon","coordinates":[[[-122.015,44.901],[-122.082,44.937],[-122.184,45.101],[-122.252,45.251],[-122.227,45.286],[-122.154,45.286],[-122.111,45.259],[-122.063,45.199],[-121.989,45.168],[-121.971,45.232],[-121.94,45.242],[-121.78,45.196],[-121.647,45.188],[-121.578,45.166],[-121.441,45.205],[-121.349,45.201],[-121.27,45.157],[-121.211,45.098],[-121.207,45.055],[-121.222,45.021],[-121.307,44.961],[-121.328,44.934],[-121.352,44.823],[-121.415,44.785],[-121.504,44.795],[-121.584,44.823],[-121.658,44.873],[-121.78,44.904],[-122.015,44.901]]]}},{"type":"Feature","properties":{"density":3},"geometry":{"type":"Polygon","coordinates":[[[-121.357,49.737],[-121.146,49.901],[-120.847,50.027],[-120.536,50.292],[-120.433,50.358],[-120.394,50.363],[-120.38,50.323],[-120.424,50.214],[-120.496,50.127],[-120.706,49.954],[-121.199,49.66],[-121.292,49.654],[-121.35,49.672],[-121.369,49.713],[-121.357,49.737]]]}},{"type":"Feature","properties":{"density":3},"geometry":{"type":"Polygon","coordinates":[[[-120.665,47.853],[-120.684,47.889],[-120.722,47.915],[-120.848,47.911],[-120.935,47.953],[-120.959,48.011],[-120.962,48.147],[-120.941,48.256],[-120.896,48.304],[-120.826,48.307],[-120.706,48.27],[-120.522,48.264],[-120.443,48.214],[-120.418,48.173],[-120.411,48.088],[-120.539,47.837],[-120.571,47.822],[-120.612,47.826],[-120.665,47.853]]]}},{"type":"Feature","properties":{"density":3},"geometry":{"type":"Polygon","coordinates":[[[-119.872,48.931],[-119.804,49.013],[-119.707,49.081],[-119.445,49.205],[-119.328,49.221],[-119.247,49.147],[-119.239,49.091],[-119.292,49.048],[-119.696,48.947],[-119.751,48.921],[-119.832,48.839],[-119.891,48.863],[-119.872,48.931]]]}},{"type":"Feature","properties":{"density":3},"geometry":{"type":"Polygon","coordinates":[[[-116.631,48.884],[-116.57,48.944],[-116.421,49.015],[-116.103,49.104],[-116.049,49.11],[-116.023,49.094],[-116.093,49.039],[-116.43,48.951],[-116.61,48.861],[-116.633,48.861],[-116.631,48.884]]]}},{"type":"Feature","properties":{"density":3},"geometry":{"type":"Polygon","coordinates":[[[-115.161,46.843],[-114.931,47.081],[-114.744,47.128],[-114.654,47.132],[-114.635,47.118],[-114.637,47.067],[-114.66,47.04],[-114.789,46.967],[-114.91,46.871],[-115.169,46.773],[-115.201,46.807],[-115.161,46.843]]]}},{"type":"Feature","properties":{"density":3},"geometry":{"type":"Polygon","coordinates":[[[-109.925,39.424],[-109.83,39.523],[-109.769,39.551],[-109.582,39.586],[-109.496,39.564],[-109.417,39.488],[-109.416,39.461],[-109.44,39.439],[-109.752,39.425],[-109.824,39.408],[-109.92,39.341],[-109.966,39.334],[-109.967,39.376],[-109.925,39.424]]]}},{"type":"Feature","properties":{"density":3},"geometry":{"type":"Polygon","coordinates":[[[-119.913,41.781],[-119.82,41.956],[-119.456,42.518],[-119.296,42.591],[-119.227,42.605],[-119.184,42.593],[-119.144,42.519],[-119.145,42.456],[-119.173,42.391],[-119.409,42.183],[-119.506,42.064],[-119.634,41.86],[-119.728,41.787],[-119.859,41.615],[-119.914,41.589],[-119.95,41.651],[-119.913,41.781]]]}},{"type":"Feature","properties":{"density":3},"geometry":{"type":"Polygon","coordinates":[[[-121.638,36.197],[-121.669,36.205],[-121.701,36.245],[-121.743,36.254],[-121.751,36.273],[-121.667,36.527],[-121.62,36.569],[-121.587,36.545],[-121.588,36.356],[-121.56,36.372],[-121.487,36.49],[-121.435,36.518],[-121.418,36.488],[-121.425,36.454],[-121.505,36.335],[-121.549,36.232],[-121.594,36.191],[-121.638,36.197]]]}},{"type":"Feature","properties":{"density":3},"geometry":{"type":"Polygon","coordinates":[[[-126.261,52.815],[-126.225,52.882],[-126.206,52.884],[-126.144,52.827],[-126.168,52.804],[-126.229,52.787],[-126.264,52.802],[-126.261,52.815]]]}},{"type":"Feature","properties":{"density":3},"geometry":{"type":"Polygon","coordinates":[[[-121.917,50.139],[-121.824,50.131],[-121.81,50.112],[-121.825,50.068],[-121.875,50.063],[-121.994,50.086],[-122.045,50.12],[-122.02,50.135],[-121.917,50.139]]]}},{"type":"Feature","properties":{"density":3},"geometry":{"type":"Polygon","coordinates":[[[-121.63,61.269],[-121.503,61.357],[-121.219,61.468],[-120.718,61.785],[-120.618,61.831],[-120.528,61.936],[-120.519,61.966],[-120.106,62.038],[-120.045,62.063],[-119.924,62.168],[-119.775,62.383],[-119.75,62.451],[-119.767,62.537],[-119.985,62.573],[-120.337,62.57],[-120.442,62.592],[-120.483,62.636],[-120.426,62.713],[-120.175,62.884],[-119.971,62.992],[-119.728,63.204],[-119.516,63.496],[-119.5,63.584],[-119.525,63.68],[-119.596,63.769],[-119.693,63.851],[-120.043,64.066],[-120.263,64.24],[-120.486,64.353],[-120.955,64.458],[-121.199,64.471],[-121.339,64.385],[-121.662,64.232],[-121.79,64.153],[-121.885,64.066],[-121.897,63.882],[-121.861,63.595],[-121.867,63.482],[-122.043,63.209],[-122.261,63.008],[-122.517,62.713],[-122.776,62.451],[-122.798,62.337],[-122.961,62.028],[-122.959,61.964],[-122.897,61.933],[-122.63,62.025],[-122.474,62.054],[-122.416,62.05],[-122.414,62.026],[-122.535,61.927],[-122.596,61.784],[-122.583,61.762],[-122.463,61.722],[-122.206,61.753],[-122.038,61.813],[-121.97,61.794],[-121.892,61.705],[-121.829,61.694],[-121.474,61.933],[-121.4,61.925],[-121.374,61.904],[-121.605,61.714],[-121.619,61.562],[-121.665,61.495],[-121.777,61.403],[-121.814,61.341],[-121.76,61.271],[-121.718,61.253],[-121.654,61.251],[-121.63,61.269]]]}},{"type":"Feature","properties":{"density":3},"geometry":{"type":"Polygon","coordinates":[[[-123.042,61.296],[-122.985,61.421],[-122.911,61.503],[-122.833,61.57],[-122.739,61.618],[-122.32,61.681],[-122.207,61.684],[-122.005,61.664],[-121.958,61.645],[-121.933,61.607],[-121.924,61.559],[-121.939,61.512],[-121.984,61.474],[-122.039,61.457],[-122.811,61.364],[-123.001,61.247],[-123.041,61.255],[-123.042,61.296]]]}},{"type":"Feature","properties":{"density":3},"geometry":{"type":"Polygon","coordinates":[[[-118.632,63.008],[-118.677,63.04],[-118.688,63.096],[-118.663,63.166],[-118.612,63.228],[-118.387,63.361],[-118.305,63.373],[-118.247,63.347],[-118.201,63.302],[-118.184,63.258],[-118.189,63.22],[-118.422,63.089],[-118.467,63.031],[-118.6,63.002],[-118.632,63.008]]]}},{"type":"Feature","properties":{"density":3},"geometry":{"type":"Polygon","coordinates":[[[-116.55,61.6],[-116.529,61.81],[-116.492,61.856],[-116.376,61.907],[-116.292,61.912],[-116.26,61.899],[-116.239,61.876],[-116.235,61.802],[-116.355,61.685],[-116.446,61.564],[-116.505,61.554],[-116.538,61.569],[-116.55,61.6]]]}},{"type":"Feature","properties":{"density":3},"geometry":{"type":"Polygon","coordinates":[[[-115.079,61.816],[-115.124,61.942],[-115.116,61.999],[-115.039,62.153],[-114.98,62.2],[-114.954,62.196],[-114.938,62.171],[-114.939,62.123],[-115.002,61.938],[-115.01,61.819],[-115.042,61.797],[-115.079,61.816]]]}},{"type":"Feature","properties":{"density":3},"geometry":{"type":"Polygon","coordinates":[[[-102.148,54.37],[-101.739,54.755],[-101.292,55.133],[-100.691,55.517],[-100.319,55.691],[-99.693,56.032],[-99.079,56.416],[-98.137,57.036],[-97.938,57.123],[-97.882,57.098],[-97.945,56.742],[-97.9,56.137],[-97.815,55.889],[-97.878,55.71],[-98.055,55.572],[-98.248,55.491],[-98.698,55.198],[-99.008,54.888],[-99.202,54.727],[-99.442,54.558],[-99.636,54.458],[-100.635,53.857],[-101.428,53.218],[-101.72,53.063],[-101.974,52.97],[-102.166,52.958],[-102.302,53.057],[-102.383,53.256],[-102.414,53.448],[-102.408,53.826],[-102.321,54.093],[-102.216,54.241],[-102.148,54.37]]]}},{"type":"Feature","properties":{"density":3},"geometry":{"type":"Polygon","coordinates":[[[-98.291,33.161],[-98.166,33.236],[-97.966,33.323],[-97.782,33.352],[-97.604,33.337],[-97.543,33.323],[-97.427,33.253],[-97.284,33.047],[-97.273,32.97],[-97.363,32.855],[-97.512,32.794],[-97.65,32.715],[-97.975,32.649],[-98.313,32.649],[-98.37,32.665],[-98.405,32.696],[-98.432,32.825],[-98.346,33.119],[-98.291,33.161]]]}}]}