{"type":"FeatureCollection","features":[{"type":"Feature","properties":{"density":1},"geometry":{"type":"Polygon","coordinates":[[[-82.244,30.652],[-82.038,30.762],[-81.928,30.803],[-81.898,30.797],[-81.938,30.708],[-82.03,30.624],[-82.128,30.599],[-82.246,30.608],[-82.264,30.64],[-82.244,30.652]]]}},{"type":"Feature","properties":{"density":1},"geometry":{"type":"Polygon","coordinates":[[[-80.794,32.67],[-80.579,32.737],[-80.513,32.743],[-80.478,32.715],[-80.579,32.655],[-80.673,32.63],[-80.787,32.631],[-80.806,32.656],[-80.794,32.67]]]}},{"type":"Feature","properties":{"density":1},"geometry":{"type":"Polygon","coordinates":[[[-98.409,29.121],[-98.28,29.336],[-98.225,29.361],[-98.198,29.348],[-98.194,29.314],[-98.214,29.269],[-98.326,29.083],[-98.354,29.064],[-98.417,29.079],[-98.409,29.121]]]}},{"type":"Feature","properties":{"density":1},"geometry":{"type":"Polygon","coordinates":[[[-82.516,31.911],[-82.429,31.907],[-82.394,31.876],[-82.395,31.855],[-82.437,31.826],[-82.499,31.824],[-82.534,31.852],[-82.516,31.911]]]}},{"type":"Feature","properties":{"density":1},"geometry":{"type":"Polygon","coordinates":[[[-122.084,45.896],[-122.279,45.969],[-122.445,45.987],[-122.506,45.973],[-122.564,45.917],[-122.56,45.876],[-122.533,45.849],[-122.488,45.84],[-122.211,45.855],[-122.094,45.838],[-122.069,45.855],[-122.084,45.896]]]}},{"type":"Feature","properties":{"density":1},"geometry":{"type":"Polygon","coordinates":[[[-78.681,22.211],[-78.799,22.248],[-78.985,22.253],[-79.189,22.229],[-79.26,22.194],[-79.27,22.163],[-79.185,22.143],[-78.933,22.128],[-78.706,22.167],[-78.679,22.178],[-78.681,22.211]]]}},{"type":"Feature","properties":{"density":1},"geometry":{"type":"Polygon","coordinates":[[[-78.22,22.101],[-78.421,22.131],[-78.844,22.111],[-78.94,22.083],[-78.935,22.059],[-78.904,22.041],[-78.824,22.024],[-78.529,21.999],[-78.196,22.041],[-78.187,22.084],[-78.22,22.101]]]}},{"type":"Feature","properties":{"density":1},"geometry":{"type":"Polygon","coordinates":[[[-78.047,21.867],[-78.083,21.879],[-78.427,21.843],[-78.737,21.847],[-78.799,21.837],[-78.827,21.802],[-78.743,21.78],[-78.383,21.772],[-78.022,21.813],[-78.002,21.835],[-78.047,21.867]]]}},{"type":"Feature","properties":{"density":1},"geometry":{"type":"Polygon","coordinates":[[[-77.245,25.935],[-77.538,25.956],[-77.817,26.01],[-77.879,26.069],[-77.878,26.11],[-77.848,26.14],[-77.747,26.152],[-77.358,26.081],[-77.219,26.038],[-77.199,26.014],[-77.205,25.954],[-77.245,25.935]]]}},{"type":"Feature","properties":{"density":1},"geometry":{"type":"Polygon","coordinates":[[[-85.176,30.564],[-85.074,30.546],[-85.003,30.499],[-84.964,30.392],[-84.987,30.344],[-85.039,30.336],[-85.152,30.412],[-85.224,30.511],[-85.218,30.552],[-85.176,30.564]]]}},{"type":"Feature","properties":{"density":1},"geometry":{"type":"Polygon","coordinates":[[[-82.973,37.758],[-83.096,37.672],[-83.132,37.602],[-83.126,37.584],[-82.998,37.625],[-82.929,37.681],[-82.915,37.713],[-82.926,37.753],[-82.973,37.758]]]}},{"type":"Feature","properties":{"density":1},"geometry":{"type":"Polygon","coordinates":[[[-126.807,50.352],[-126.857,50.459],[-126.843,50.492],[-126.825,50.496],[-126.783,50.47],[-126.755,50.409],[-126.767,50.352],[-126.807,50.352]]]}},{"type":"Feature","properties":{"density":1},"geometry":{"type":"Polygon","coordinates":[[[-121.82,36.316],[-121.749,36.609],[-121.715,36.833],[-121.686,36.901],[-121.627,36.938],[-121.549,36.939],[-121.499,36.923],[-121.462,36.888],[-121.448,36.833],[-121.451,36.608],[-121.474,36.505],[-121.55,36.359],[-121.591,36.221],[-121.642,36.171],[-121.781,36.199],[-121.829,36.253],[-121.82,36.316]]]}},{"type":"Feature","properties":{"density":1},"geometry":{"type":"Polygon","coordinates":[[[-125.282,60.796],[-124.804,62.289],[-124.36,62.995],[-123.676,63.678],[-122.697,64.316],[-121.979,64.464],[-120.84,64.316],[-119.53,64.065],[-117.719,63.325],[-117.138,63.2],[-116.204,63.336],[-115.464,64.054],[-115.008,64.84],[-114.689,65.432],[-114.211,65.865],[-111.557,66.403],[-109.916,66.25],[-108.353,65.66],[-105.149,64.84],[-104.073,64.379],[-103.355,63.687],[-103.125,63.046],[-102.51,61.841],[-102.048,61.662],[-101.305,61.431],[-100.357,61.56],[-99.255,61.534],[-94.949,61.534],[-93.411,61.713],[-90.31,61.867],[-87.209,61.495],[-85.864,61.38],[-84.634,60.342],[-83.788,59.381],[-82.98,57.805],[-82.404,56.152],[-81.942,54.653],[-81.942,52.884],[-82.404,51.346],[-83.634,50.078],[-85.432,48.318],[-85.689,47.37],[-85.971,46.575],[-86.15,45.601],[-85.996,44.192],[-85.791,43.756],[-85.535,43.372],[-84.202,42.449],[-83.254,41.962],[-82.049,41.424],[-79.973,41.372],[-78.718,41.193],[-76.77,41.014],[-75.488,41.347],[-73.925,41.962],[-70.657,43.179],[-68.85,43.333],[-66.313,43.026],[-65.006,42.026],[-64.481,41.27],[-64.429,40.373],[-64.763,39.117],[-65.711,37.528],[-66.787,35.401],[-67.684,34.043],[-69.239,31.514],[-70.187,30.463],[-73.083,28.387],[-74.365,27.644],[-75.672,27.157],[-76.569,26.849],[-77.671,26.696],[-78.901,26.542],[-81.233,26.286],[-82.156,26.234],[-83.053,26.157],[-84.258,26.081],[-86.359,26.132],[-88.338,25.697],[-90.35,25.14],[-91.148,24.823],[-91.679,24.482],[-92.413,23.697],[-92.704,22.95],[-92.616,21.849],[-91.667,20.141],[-91.553,19.634],[-91.591,18.66],[-91.736,18.236],[-91.945,18.046],[-92.572,17.856],[-93.179,17.742],[-93.881,17.685],[-94.514,17.78],[-94.97,18.046],[-95.603,18.489],[-96.273,19.097],[-96.97,19.919],[-97.324,20.438],[-97.856,20.881],[-98.349,21.084],[-99.526,21.058],[-100.488,20.742],[-101.184,20.4],[-101.855,19.907],[-102.374,19.4],[-103.829,18.324],[-104.462,17.894],[-105.247,17.641],[-106.082,17.755],[-106.968,18.135],[-108.854,19.508],[-109.93,20.204],[-110.524,20.875],[-110.942,21.748],[-111.322,22.469],[-114.41,24.994],[-115.226,25.279],[-115.986,25.906],[-116.884,27.526],[-117.289,28.374],[-117.973,30.797],[-118.466,31.329],[-119.403,32.215],[-120.036,32.974],[-120.377,33.847],[-120.263,34.581],[-120.048,35.012],[-119.213,35.493],[-118.061,35.961],[-116.998,36.303],[-115.796,36.657],[-115.074,36.822],[-114.48,36.847],[-114.049,36.682],[-113.695,36.265],[-113.429,35.822],[-113.113,34.721],[-111.746,33.819],[-110.493,33.288],[-108.594,33.383],[-106.943,33.971],[-104.399,34.484],[-101.38,36.173],[-101.285,37.73],[-101.608,38.916],[-103.108,41.042],[-103.886,41.992],[-104.741,42.827],[-105.823,43.605],[-106.791,43.966],[-107.816,44.099],[-108.518,44.042],[-109.43,43.928],[-110.901,43.843],[-111.584,43.881],[-112.673,43.868],[-113.723,43.881],[-114.546,43.691],[-115.204,43.564],[-115.925,43.552],[-116.672,43.564],[-117.697,43.514],[-118.609,43.501],[-120.38,43.577],[-121.064,43.564],[-121.773,43.463],[-123.836,42.729],[-124.519,42.577],[-125.297,42.634],[-125.829,43.147],[-125.962,44.077],[-126.019,44.798],[-125.867,45.615],[-125.297,47.062],[-125.078,47.247],[-124.734,47.964],[-124.454,48.352],[-124.201,48.639],[-123.787,49.382],[-123.374,49.947],[-123.154,50.344],[-122.918,51.736],[-122.711,52.105],[-122.509,52.544],[-121.931,52.999],[-121.129,53.413],[-120.547,53.599],[-119.64,54.444],[-118.931,54.653],[-118.261,54.963],[-117.451,55.697],[-116.628,57.026],[-116.742,57.495],[-117.261,57.937],[-117.931,58.191],[-118.868,58.355],[-121.741,58.596],[-123.108,58.798],[-123.842,59.077],[-124.386,59.444],[-124.968,59.798],[-125.335,60.114],[-125.367,60.608],[-125.282,60.796]]]}},{"type":"Feature","properties":{"density":1},"geometry":{"type":"Polygon","coordinates":[[[-113.951,46.179],[-113.823,46.285],[-113.713,46.349],[-113.599,46.383],[-113.39,46.48],[-113.276,46.491],[-113.238,46.479],[-113.22,46.428],[-113.229,46.352],[-113.317,46.22],[-113.38,46.189],[-113.727,46.194],[-113.813,46.178],[-113.929,46.119],[-113.97,46.146],[-113.951,46.179]]]}},{"type":"Feature","properties":{"density":1},"geometry":{"type":"Polygon","coordinates":[[[-113.274,45.632],[-113.129,45.735],[-112.969,45.886],[-112.891,45.906],[-112.847,45.9],[-112.789,45.85],[-112.791,45.784],[-112.934,45.708],[-113.027,45.561],[-113.098,45.491],[-113.252,45.425],[-113.336,45.407],[-113.387,45.417],[-113.424,45.486],[-113.426,45.531],[-113.407,45.576],[-113.274,45.632]]]}},{"type":"Feature","properties":{"density":1},"geometry":{"type":"Polygon","coordinates":[[[-78.169,21.848],[-78.231,21.796],[-78.251,21.743],[-78.237,21.71],[-78.184,21.7],[-78.128,21.716],[-78.061,21.778],[-78.032,21.841],[-78.038,21.864],[-78.067,21.878],[-78.169,21.848]]]}},{"type":"Feature","properties":{"density":1},"geometry":{"type":"Polygon","coordinates":[[[-80.88,22.307],[-80.925,22.299],[-80.929,22.266],[-80.833,22.17],[-80.688,22.11],[-80.634,22.124],[-80.626,22.163],[-80.708,22.227],[-80.88,22.307]]]}},{"type":"Feature","properties":{"density":1},"geometry":{"type":"Polygon","coordinates":[[[-83.131,22.643],[-83.17,22.62],[-83.178,22.574],[-83.127,22.526],[-83.076,22.515],[-83.054,22.551],[-83.081,22.626],[-83.094,22.642],[-83.131,22.643]]]}},{"type":"Feature","properties":{"density":1},"geometry":{"type":"Polygon","coordinates":[[[-77.458,26.352],[-77.513,26.309],[-77.517,26.282],[-77.483,26.182],[-77.476,26.079],[-77.37,25.954],[-77.308,25.942],[-77.241,25.956],[-77.214,25.981],[-77.206,26.014],[-77.257,26.243],[-77.318,26.313],[-77.458,26.352]]]}},{"type":"Feature","properties":{"density":1},"geometry":{"type":"Polygon","coordinates":[[[-80.849,25.614],[-80.863,25.599],[-80.878,25.485],[-80.831,25.472],[-80.779,25.517],[-80.777,25.604],[-80.792,25.622],[-80.849,25.614]]]}},{"type":"Feature","properties":{"density":1},"geometry":{"type":"Polygon","coordinates":[[[-82.022,30.723],[-82.243,30.645],[-82.254,30.628],[-82.194,30.603],[-82.064,30.605],[-82.021,30.636],[-81.991,30.683],[-81.988,30.717],[-82.022,30.723]]]}},{"type":"Feature","properties":{"density":1},"geometry":{"type":"Polygon","coordinates":[[[-86.449,31.144],[-86.476,31.144],[-86.486,31.114],[-86.326,31.02],[-86.27,31.012],[-86.28,31.042],[-86.32,31.076],[-86.418,31.14],[-86.449,31.144]]]}},{"type":"Feature","properties":{"density":1},"geometry":{"type":"Polygon","coordinates":[[[-85.179,30.543],[-85.208,30.53],[-85.213,30.505],[-85.099,30.476],[-85.037,30.41],[-84.985,30.42],[-84.974,30.47],[-85.015,30.514],[-85.075,30.54],[-85.179,30.543]]]}},{"type":"Feature","properties":{"density":1},"geometry":{"type":"Polygon","coordinates":[[[-82.404,31.889],[-82.484,31.901],[-82.517,31.892],[-82.526,31.872],[-82.483,31.829],[-82.424,31.808],[-82.363,31.808],[-82.362,31.842],[-82.404,31.889]]]}},{"type":"Feature","properties":{"density":1},"geometry":{"type":"Polygon","coordinates":[[[-83.384,33.066],[-83.406,33.049],[-83.382,32.957],[-83.408,32.838],[-83.368,32.803],[-83.294,32.797],[-83.208,32.867],[-83.208,32.936],[-83.285,33.033],[-83.384,33.066]]]}},{"type":"Feature","properties":{"density":1},"geometry":{"type":"Polygon","coordinates":[[[-82.902,33.788],[-82.925,33.77],[-82.931,33.729],[-82.908,33.686],[-82.89,33.549],[-82.863,33.505],[-82.839,33.483],[-82.751,33.456],[-82.691,33.456],[-82.652,33.473],[-82.636,33.532],[-82.66,33.61],[-82.699,33.67],[-82.816,33.776],[-82.902,33.788]]]}},{"type":"Feature","properties":{"density":1},"geometry":{"type":"Polygon","coordinates":[[[-77.899,37.261],[-78.002,37.261],[-78.045,37.23],[-78.029,37.216],[-77.957,37.213],[-77.856,37.238],[-77.899,37.261]]]}},{"type":"Feature","properties":{"density":1},"geometry":{"type":"Polygon","coordinates":[[[-92.232,52.233],[-92.355,52.169],[-92.486,52.052],[-92.595,51.841],[-92.598,51.774],[-92.51,51.762],[-92.431,51.797],[-92.355,51.85],[-92.264,51.964],[-92.109,52.064],[-92.077,52.131],[-92.088,52.192],[-92.147,52.228],[-92.232,52.233]]]}},{"type":"Feature","properties":{"density":1},"geometry":{"type":"Polygon","coordinates":[[[-88.154,34.291],[-88.191,34.296],[-88.254,34.273],[-88.256,34.214],[-88.193,34.168],[-87.959,34.097],[-87.916,34.101],[-87.895,34.123],[-87.906,34.173],[-87.979,34.234],[-88.154,34.291]]]}},{"type":"Feature","properties":{"density":1},"geometry":{"type":"Polygon","coordinates":[[[-86.477,31.149],[-86.497,31.113],[-86.45,31.057],[-86.342,30.971],[-86.269,30.953],[-86.274,31.017],[-86.347,31.103],[-86.407,31.139],[-86.477,31.149]]]}},{"type":"Feature","properties":{"density":1},"geometry":{"type":"Polygon","coordinates":[[[-92.314,30.065],[-92.511,30.024],[-92.632,29.961],[-92.632,29.94],[-92.548,29.928],[-92.291,30.0],[-92.259,30.035],[-92.285,30.061],[-92.314,30.065]]]}},{"type":"Feature","properties":{"density":1},"geometry":{"type":"Polygon","coordinates":[[[-97.365,31.566],[-97.525,31.498],[-97.618,31.379],[-97.755,31.303],[-97.784,31.256],[-97.782,31.188],[-97.757,31.17],[-97.708,31.174],[-97.581,31.24],[-97.454,31.373],[-97.236,31.523],[-97.218,31.578],[-97.281,31.592],[-97.365,31.566]]]}},{"type":"Feature","properties":{"density":1},"geometry":{"type":"Polygon","coordinates":[[[-115.449,44.025],[-115.566,44.054],[-115.792,44.048],[-115.95,44.089],[-115.991,44.084],[-116.038,44.01],[-116.038,43.87],[-115.999,43.785],[-115.912,43.738],[-115.859,43.627],[-115.818,43.592],[-115.657,43.562],[-115.519,43.577],[-115.452,43.609],[-115.364,43.688],[-115.194,43.75],[-115.162,43.814],[-115.218,43.905],[-115.297,43.972],[-115.449,44.025]]]}},{"type":"Feature","properties":{"density":1},"geometry":{"type":"Polygon","coordinates":[[[-116.605,48.902],[-116.635,48.898],[-116.67,48.789],[-116.673,48.771],[-116.644,48.75],[-116.614,48.791],[-116.596,48.88],[-116.605,48.902]]]}},{"type":"Feature","properties":{"density":1},"geometry":{"type":"Polygon","coordinates":[[[-121.624,42.675],[-121.68,42.661],[-121.702,42.617],[-121.732,42.424],[-121.699,42.383],[-121.646,42.405],[-121.602,42.507],[-121.591,42.587],[-121.624,42.675]]]}},{"type":"Feature","properties":{"density":1},"geometry":{"type":"Polygon","coordinates":[[[-118.213,45.792],[-118.411,45.713],[-118.443,45.664],[-118.441,45.631],[-118.415,45.603],[-118.378,45.598],[-118.329,45.611],[-118.171,45.583],[-118.132,45.605],[-118.13,45.623],[-118.171,45.645],[-118.25,45.638],[-118.294,45.651],[-118.299,45.669],[-118.208,45.73],[-118.101,45.748],[-118.095,45.763],[-118.138,45.794],[-118.213,45.792]]]}},{"type":"Feature","properties":{"density":1},"geometry":{"type":"Polygon","coordinates":[[[-126.102,50.173],[-126.254,50.254],[-126.497,50.239],[-126.745,50.295],[-126.789,50.28],[-126.752,50.223],[-126.702,50.194],[-126.427,50.179],[-126.162,50.083],[-126.124,50.083],[-126.089,50.109],[-126.102,50.173]]]}},{"type":"Feature","properties":{"density":1},"geometry":{"type":"Polygon","coordinates":[[[-126.569,50.028],[-126.473,50.01],[-126.44,50.039],[-126.434,50.087],[-126.462,50.149],[-126.596,50.284],[-126.633,50.311],[-126.794,50.342],[-126.917,50.418],[-126.982,50.43],[-126.996,50.355],[-126.903,50.217],[-126.802,50.164],[-126.719,50.087],[-126.569,50.028]]]}},{"type":"Feature","properties":{"density":1},"geometry":{"type":"Polygon","coordinates":[[[-125.589,53.398],[-125.713,53.393],[-125.775,53.344],[-125.812,53.257],[-125.812,53.203],[-125.758,53.083],[-125.754,52.848],[-125.725,52.765],[-125.679,52.687],[-125.613,52.62],[-125.539,52.575],[-125.283,52.546],[-125.25,52.587],[-125.233,52.645],[-125.254,52.72],[-125.374,52.873],[-125.444,52.993],[-125.448,53.083],[-125.415,53.199],[-125.419,53.274],[-125.465,53.34],[-125.589,53.398]]]}},{"type":"Feature","properties":{"density":1},"geometry":{"type":"Polygon","coordinates":[[[-126.253,53.066],[-126.305,53.055],[-126.327,53.005],[-126.327,52.922],[-126.418,52.773],[-126.412,52.729],[-126.374,52.702],[-126.297,52.696],[-126.233,52.718],[-126.198,52.74],[-126.151,52.834],[-126.145,52.942],[-126.195,53.035],[-126.253,53.066]]]}},{"type":"Feature","properties":{"density":1},"geometry":{"type":"Polygon","coordinates":[[[-119.9,49.004],[-119.994,49.021],[-120.065,49.013],[-120.126,48.974],[-120.137,48.949],[-120.14,48.914],[-120.087,48.817],[-120.06,48.688],[-119.977,48.586],[-119.9,48.547],[-119.804,48.533],[-119.641,48.586],[-119.531,48.564],[-119.429,48.569],[-119.374,48.621],[-119.352,48.66],[-119.352,48.74],[-119.409,48.839],[-119.531,48.861],[-119.9,49.004]]]}},{"type":"Feature","properties":{"density":1},"geometry":{"type":"Polygon","coordinates":[[[-73.009,19.587],[-73.053,19.577],[-73.099,19.524],[-73.082,19.436],[-73.036,19.36],[-72.873,19.219],[-72.795,19.202],[-72.7,19.214],[-72.695,19.236],[-72.71,19.248],[-72.849,19.295],[-72.951,19.375],[-72.978,19.438],[-72.951,19.548],[-72.983,19.582],[-73.009,19.587]]]}},{"type":"Feature","properties":{"density":1},"geometry":{"type":"Polygon","coordinates":[[[-77.416,18.554],[-77.545,18.661],[-77.642,18.713],[-77.786,18.734],[-77.81,18.727],[-77.827,18.698],[-77.801,18.63],[-77.701,18.552],[-77.326,18.379],[-77.33,18.445],[-77.416,18.554]]]}},{"type":"Feature","properties":{"density":1},"geometry":{"type":"Polygon","coordinates":[[[-78.036,21.774],[-78.126,21.757],[-78.182,21.711],[-78.184,21.689],[-78.14,21.696],[-78.006,21.762],[-78.036,21.774]]]}},{"type":"Feature","properties":{"density":1},"geometry":{"type":"Polygon","coordinates":[[[-80.822,22.769],[-81.022,22.741],[-81.092,22.696],[-81.1,22.665],[-80.976,22.655],[-80.79,22.693],[-80.78,22.736],[-80.822,22.769]]]}},{"type":"Feature","properties":{"density":1},"geometry":{"type":"Polygon","coordinates":[[[-83.124,22.588],[-83.16,22.596],[-83.171,22.574],[-83.122,22.524],[-83.076,22.512],[-83.124,22.588]]]}},{"type":"Feature","properties":{"density":1},"geometry":{"type":"Polygon","coordinates":[[[-77.151,26.35],[-77.252,26.407],[-77.404,26.458],[-77.489,26.458],[-77.559,26.417],[-77.613,26.333],[-77.624,26.286],[-77.617,26.113],[-77.661,26.029],[-77.664,25.972],[-77.617,25.941],[-77.438,25.951],[-77.347,25.894],[-77.188,25.864],[-77.054,25.917],[-76.888,25.899],[-76.796,25.917],[-76.789,25.957],[-76.807,25.973],[-76.969,26.034],[-77.016,26.076],[-77.151,26.35]]]}},{"type":"Feature","properties":{"density":1},"geometry":{"type":"Polygon","coordinates":[[[-80.967,27.314],[-81.019,27.321],[-81.064,27.29],[-81.19,27.026],[-81.197,26.954],[-81.174,26.918],[-81.104,26.936],[-81.021,27.049],[-80.904,27.155],[-80.897,27.202],[-80.922,27.274],[-80.967,27.314]]]}},{"type":"Feature","properties":{"density":1},"geometry":{"type":"Polygon","coordinates":[[[-82.137,30.695],[-82.214,30.68],[-82.259,30.65],[-82.259,30.628],[-82.194,30.619],[-82.119,30.635],[-82.113,30.659],[-82.137,30.695]]]}},{"type":"Feature","properties":{"density":1},"geometry":{"type":"Polygon","coordinates":[[[-84.589,30.911],[-84.67,30.87],[-84.714,30.807],[-84.675,30.81],[-84.547,30.873],[-84.553,30.911],[-84.589,30.911]]]}},{"type":"Feature","properties":{"density":1},"geometry":{"type":"Polygon","coordinates":[[[-85.647,32.924],[-85.697,32.917],[-85.73,32.883],[-85.721,32.84],[-85.681,32.813],[-85.357,32.766],[-85.121,32.674],[-85.006,32.681],[-85.001,32.71],[-85.031,32.757],[-85.087,32.802],[-85.202,32.856],[-85.339,32.899],[-85.647,32.924]]]}},{"type":"Feature","properties":{"density":1},"geometry":{"type":"Polygon","coordinates":[[[-88.219,34.284],[-88.278,34.253],[-88.269,34.208],[-88.104,34.116],[-87.9,33.958],[-87.726,33.882],[-87.555,33.832],[-87.474,33.841],[-87.427,33.886],[-87.436,34.026],[-87.479,34.093],[-87.526,34.125],[-87.603,34.152],[-87.796,34.183],[-88.082,34.266],[-88.219,34.284]]]}},{"type":"Feature","properties":{"density":1},"geometry":{"type":"Polygon","coordinates":[[[-87.638,36.903],[-87.659,36.905],[-87.679,36.884],[-87.664,36.848],[-87.488,36.701],[-87.449,36.695],[-87.421,36.713],[-87.413,36.746],[-87.425,36.768],[-87.485,36.825],[-87.638,36.903]]]}},{"type":"Feature","properties":{"density":1},"geometry":{"type":"Polygon","coordinates":[[[-83.398,33.061],[-83.42,33.045],[-83.391,33.022],[-83.13,32.944],[-82.988,32.878],[-82.923,32.876],[-82.869,32.928],[-82.88,32.98],[-82.901,33.002],[-82.991,33.047],[-83.211,33.07],[-83.398,33.061]]]}},{"type":"Feature","properties":{"density":1},"geometry":{"type":"Polygon","coordinates":[[[-84.01,32.946],[-84.032,32.953],[-84.044,32.939],[-84.053,32.793],[-84.03,32.797],[-84.012,32.829],[-84.01,32.946]]]}},{"type":"Feature","properties":{"density":1},"geometry":{"type":"Polygon","coordinates":[[[-82.58,33.65],[-82.821,33.758],[-82.878,33.768],[-82.907,33.737],[-82.77,33.671],[-82.631,33.578],[-82.532,33.555],[-82.526,33.576],[-82.58,33.65]]]}},{"type":"Feature","properties":{"density":1},"geometry":{"type":"Polygon","coordinates":[[[-78.841,38.1],[-78.877,38.123],[-78.911,38.123],[-78.902,38.093],[-78.85,38.046],[-78.794,38.019],[-78.841,38.1]]]}},{"type":"Feature","properties":{"density":1},"geometry":{"type":"Polygon","coordinates":[[[-98.279,47.412],[-98.329,47.419],[-98.397,47.385],[-98.437,47.301],[-98.471,47.024],[-98.444,46.818],[-98.471,46.595],[-98.454,46.534],[-98.42,46.528],[-98.387,46.545],[-98.312,46.646],[-98.241,46.912],[-98.164,47.088],[-98.154,47.23],[-98.167,47.277],[-98.214,47.358],[-98.279,47.412]]]}},{"type":"Feature","properties":{"density":1},"geometry":{"type":"Polygon","coordinates":[[[-98.002,47.034],[-98.072,47.043],[-98.103,47.029],[-98.157,46.96],[-98.173,46.874],[-98.168,46.753],[-98.198,46.604],[-98.191,46.521],[-98.164,46.489],[-98.132,46.489],[-98.076,46.541],[-97.903,46.818],[-97.898,46.854],[-97.921,46.937],[-98.002,47.034]]]}},{"type":"Feature","properties":{"density":1},"geometry":{"type":"Polygon","coordinates":[[[-98.03,33.194],[-98.102,33.176],[-98.16,33.125],[-98.264,33.068],[-98.309,33.017],[-98.399,32.825],[-98.401,32.744],[-98.369,32.711],[-98.293,32.706],[-98.225,32.751],[-98.165,32.81],[-98.077,32.963],[-97.969,33.046],[-97.955,33.086],[-97.962,33.131],[-98.03,33.194]]]}},{"type":"Feature","properties":{"density":1},"geometry":{"type":"Polygon","coordinates":[[[-97.395,31.899],[-97.487,31.89],[-97.606,31.843],[-97.678,31.78],[-97.732,31.692],[-97.818,31.33],[-97.813,31.269],[-97.766,31.186],[-97.732,31.188],[-97.669,31.251],[-97.588,31.478],[-97.516,31.582],[-97.44,31.661],[-97.282,31.782],[-97.28,31.859],[-97.395,31.899]]]}},{"type":"Feature","properties":{"density":1},"geometry":{"type":"Polygon","coordinates":[[[-97.87,31.962],[-97.944,31.976],[-98.025,31.969],[-98.096,31.915],[-98.227,31.75],[-98.251,31.621],[-98.211,31.486],[-98.173,31.436],[-98.103,31.412],[-98.072,31.419],[-97.988,31.483],[-97.91,31.594],[-97.795,31.834],[-97.809,31.928],[-97.839,31.959],[-97.87,31.962]]]}},{"type":"Feature","properties":{"density":1},"geometry":{"type":"Polygon","coordinates":[[[-112.885,47.684],[-113.013,47.714],[-113.283,47.687],[-113.367,47.633],[-113.398,47.525],[-113.391,47.475],[-113.371,47.434],[-113.249,47.343],[-113.087,47.299],[-112.999,47.296],[-112.496,47.363],[-112.237,47.417],[-112.169,47.414],[-111.794,47.319],[-111.734,47.323],[-111.697,47.333],[-111.653,47.397],[-111.676,47.465],[-111.754,47.525],[-111.909,47.6],[-112.166,47.684],[-112.338,47.701],[-112.628,47.65],[-112.726,47.65],[-112.885,47.684]]]}},{"type":"Feature","properties":{"density":1},"geometry":{"type":"Polygon","coordinates":[[[-121.672,42.616],[-121.722,42.571],[-121.731,42.531],[-121.702,42.434],[-121.666,42.414],[-121.654,42.445],[-121.661,42.506],[-121.621,42.605],[-121.672,42.616]]]}},{"type":"Feature","properties":{"density":1},"geometry":{"type":"Polygon","coordinates":[[[-126.287,53.315],[-126.347,53.356],[-126.432,53.349],[-126.469,53.329],[-126.523,53.261],[-126.546,53.082],[-126.661,52.89],[-126.668,52.805],[-126.624,52.728],[-126.56,52.691],[-126.307,52.654],[-126.222,52.681],[-126.06,52.768],[-126.03,52.809],[-126.02,52.856],[-126.057,52.947],[-126.287,53.315]]]}},{"type":"Feature","properties":{"density":1},"geometry":{"type":"Polygon","coordinates":[[[-125.632,53.524],[-125.706,53.572],[-125.743,53.578],[-125.834,53.551],[-125.892,53.518],[-125.939,53.386],[-125.851,53.116],[-125.824,52.886],[-125.797,52.816],[-125.713,52.697],[-125.51,52.566],[-125.389,52.519],[-125.308,52.512],[-125.244,52.532],[-125.196,52.586],[-125.176,52.647],[-125.19,52.731],[-125.325,52.998],[-125.45,53.312],[-125.632,53.524]]]}},{"type":"Feature","properties":{"density":1},"geometry":{"type":"Polygon","coordinates":[[[-122.844,52.043],[-122.932,52.074],[-122.986,52.074],[-123.121,52.02],[-123.148,51.962],[-123.151,51.871],[-123.212,51.729],[-123.212,51.679],[-123.178,51.605],[-123.006,51.429],[-122.854,51.348],[-122.699,51.308],[-122.419,51.284],[-122.223,51.24],[-121.939,51.227],[-121.868,51.24],[-121.835,51.291],[-121.825,51.348],[-121.845,51.392],[-121.895,51.439],[-122.091,51.564],[-122.327,51.783],[-122.618,51.952],[-122.844,52.043]]]}},{"type":"Feature","properties":{"density":1},"geometry":{"type":"Polygon","coordinates":[[[-120.277,49.893],[-120.432,49.94],[-120.459,49.923],[-120.473,49.889],[-120.476,49.829],[-120.456,49.761],[-120.351,49.616],[-120.176,49.528],[-120.014,49.518],[-119.929,49.559],[-119.909,49.596],[-119.933,49.67],[-120.105,49.751],[-120.186,49.832],[-120.277,49.893]]]}},{"type":"Feature","properties":{"density":1},"geometry":{"type":"Polygon","coordinates":[[[-92.307,52.441],[-92.408,52.397],[-92.459,52.316],[-92.617,52.198],[-92.671,52.124],[-92.698,52.002],[-92.688,51.861],[-92.665,51.786],[-92.601,51.736],[-92.523,51.739],[-92.445,51.803],[-92.391,51.915],[-92.354,52.063],[-92.233,52.202],[-92.192,52.286],[-92.189,52.326],[-92.219,52.397],[-92.25,52.431],[-92.307,52.441]]]}},{"type":"Feature","properties":{"density":1},"geometry":{"type":"Polygon","coordinates":[[[-99.297,23.977],[-99.353,23.975],[-99.371,23.954],[-99.36,23.917],[-99.329,23.888],[-99.21,23.86],[-99.116,23.8],[-99.071,23.806],[-99.08,23.837],[-99.116,23.87],[-99.297,23.977]]]}},{"type":"Feature","properties":{"density":1},"geometry":{"type":"Polygon","coordinates":[[[-73.2,19.563],[-73.26,19.552],[-73.26,19.518],[-73.228,19.485],[-73.101,19.442],[-72.957,19.269],[-72.78,19.217],[-72.697,19.211],[-72.686,19.224],[-72.71,19.299],[-72.83,19.377],[-72.918,19.463],[-73.2,19.563]]]}},{"type":"Feature","properties":{"density":1},"geometry":{"type":"Polygon","coordinates":[[[-78.177,18.807],[-78.231,18.814],[-78.272,18.702],[-78.185,18.607],[-78.085,18.571],[-77.89,18.542],[-77.517,18.395],[-77.391,18.376],[-77.354,18.386],[-77.352,18.434],[-77.386,18.507],[-77.481,18.593],[-78.012,18.773],[-78.177,18.807]]]}},{"type":"Feature","properties":{"density":1},"geometry":{"type":"Polygon","coordinates":[[[-78.916,20.983],[-78.955,20.939],[-78.928,20.869],[-78.77,20.806],[-78.682,20.793],[-78.5,20.801],[-78.29,20.759],[-78.09,20.767],[-77.988,20.747],[-77.966,20.771],[-78.029,20.903],[-78.115,20.947],[-78.295,20.954],[-78.526,21.008],[-78.728,21.01],[-78.916,20.983]]]}},{"type":"Feature","properties":{"density":1},"geometry":{"type":"Polygon","coordinates":[[[-80.046,22.802],[-80.117,22.812],[-80.192,22.8],[-80.343,22.71],[-80.531,22.642],[-80.524,22.544],[-80.494,22.503],[-80.448,22.488],[-80.365,22.517],[-80.175,22.673],[-80.029,22.722],[-80.017,22.773],[-80.046,22.802]]]}},{"type":"Feature","properties":{"density":1},"geometry":{"type":"Polygon","coordinates":[[[-80.351,22.058],[-80.416,22.07],[-80.451,22.056],[-80.572,21.971],[-80.594,21.929],[-80.589,21.907],[-80.567,21.895],[-80.509,21.905],[-80.446,21.966],[-80.329,22.0],[-80.351,22.058]]]}},{"type":"Feature","properties":{"density":1},"geometry":{"type":"Polygon","coordinates":[[[-80.818,22.754],[-80.878,22.733],[-80.912,22.701],[-80.972,22.6],[-81.036,22.535],[-81.057,22.463],[-81.04,22.428],[-81.003,22.416],[-80.966,22.431],[-80.876,22.512],[-80.787,22.717],[-80.792,22.739],[-80.818,22.754]]]}},{"type":"Feature","properties":{"density":1},"geometry":{"type":"Polygon","coordinates":[[[-81.575,23.032],[-81.614,23.024],[-81.622,23.005],[-81.602,22.964],[-81.512,22.905],[-81.466,22.778],[-81.444,22.747],[-81.39,22.725],[-81.244,22.759],[-81.122,22.869],[-81.025,22.912],[-80.988,22.949],[-81.02,22.993],[-81.088,23.007],[-81.305,23.007],[-81.575,23.032]]]}},{"type":"Feature","properties":{"density":1},"geometry":{"type":"Polygon","coordinates":[[[-80.926,25.509],[-80.911,25.428],[-80.809,25.337],[-80.751,25.235],[-80.699,25.187],[-80.403,25.045],[-80.228,24.891],[-79.965,24.73],[-79.804,24.705],[-79.497,24.712],[-79.366,24.77],[-79.337,24.833],[-79.311,24.917],[-79.329,25.235],[-79.41,25.373],[-79.523,25.454],[-79.702,25.476],[-80.137,25.45],[-80.345,25.468],[-80.772,25.578],[-80.856,25.556],[-80.926,25.509]]]}},{"type":"Feature","properties":{"density":1},"geometry":{"type":"Polygon","coordinates":[[[-80.63,27.682],[-80.703,27.69],[-80.736,27.679],[-81.039,27.449],[-81.105,27.27],[-81.211,27.069],[-81.226,26.966],[-81.2,26.919],[-81.16,26.912],[-81.109,26.93],[-80.937,27.039],[-80.816,27.16],[-80.721,27.207],[-80.663,27.266],[-80.634,27.346],[-80.55,27.438],[-80.535,27.485],[-80.575,27.617],[-80.63,27.682]]]}},{"type":"Feature","properties":{"density":1},"geometry":{"type":"Polygon","coordinates":[[[-84.224,32.688],[-84.027,32.595],[-83.859,32.574],[-83.781,32.544],[-83.744,32.503],[-83.739,32.466],[-83.768,32.379],[-83.866,32.311],[-83.963,32.301],[-84.105,32.33],[-84.319,32.437],[-84.577,32.454],[-84.896,32.542],[-85.054,32.561],[-85.276,32.676],[-85.605,32.783],[-85.671,32.844],[-85.68,32.883],[-85.668,32.922],[-85.6,32.936],[-85.43,32.905],[-85.135,32.919],[-84.779,32.839],[-84.584,32.834],[-84.224,32.688]]]}},{"type":"Feature","properties":{"density":1},"geometry":{"type":"Polygon","coordinates":[[[-86.136,33.326],[-86.175,33.319],[-86.207,33.285],[-86.22,33.135],[-86.253,33.031],[-86.248,32.944],[-86.172,32.856],[-86.058,32.803],[-85.929,32.798],[-85.849,32.82],[-85.607,32.993],[-85.41,33.053],[-85.313,33.126],[-85.247,33.253],[-85.266,33.304],[-85.322,33.334],[-85.393,33.334],[-85.622,33.268],[-85.793,33.248],[-85.892,33.258],[-86.136,33.326]]]}},{"type":"Feature","properties":{"density":1},"geometry":{"type":"Polygon","coordinates":[[[-88.247,34.289],[-88.283,34.282],[-88.307,34.236],[-88.315,34.099],[-88.295,34.033],[-88.2,33.904],[-88.001,33.736],[-87.847,33.551],[-87.776,33.515],[-87.64,33.495],[-87.387,33.417],[-87.233,33.422],[-87.138,33.468],[-87.094,33.558],[-87.099,33.641],[-87.126,33.697],[-87.187,33.763],[-87.416,33.848],[-87.552,33.975],[-87.657,34.043],[-87.91,34.136],[-88.018,34.245],[-88.117,34.277],[-88.247,34.289]]]}},{"type":"Feature","properties":{"density":1},"geometry":{"type":"Polygon","coordinates":[[[-80.801,32.806],[-80.809,32.784],[-80.796,32.767],[-80.671,32.744],[-80.647,32.767],[-80.657,32.793],[-80.696,32.819],[-80.757,32.822],[-80.801,32.806]]]}},{"type":"Feature","properties":{"density":1},"geometry":{"type":"Polygon","coordinates":[[[-87.635,36.906],[-87.703,36.901],[-87.739,36.857],[-87.749,36.745],[-87.735,36.677],[-87.632,36.577],[-87.562,36.436],[-87.503,36.372],[-87.367,36.285],[-87.308,36.275],[-87.277,36.289],[-87.238,36.331],[-87.233,36.394],[-87.284,36.479],[-87.279,36.599],[-87.313,36.638],[-87.459,36.711],[-87.54,36.838],[-87.635,36.906]]]}},{"type":"Feature","properties":{"density":1},"geometry":{"type":"Polygon","coordinates":[[[-90.297,35.416],[-90.414,35.458],[-90.49,35.441],[-90.56,35.324],[-90.653,35.234],[-90.665,35.18],[-90.655,35.158],[-90.548,35.141],[-90.288,35.268],[-90.254,35.307],[-90.249,35.358],[-90.297,35.416]]]}},{"type":"Feature","properties":{"density":1},"geometry":{"type":"Polygon","coordinates":[[[-90.459,36.158],[-90.514,36.125],[-90.511,35.961],[-90.551,35.862],[-90.558,35.826],[-90.543,35.8],[-90.507,35.785],[-90.408,35.789],[-90.299,35.822],[-90.149,35.91],[-90.083,35.986],[-90.087,36.089],[-90.112,36.129],[-90.152,36.155],[-90.226,36.169],[-90.459,36.158]]]}},{"type":"Feature","properties":{"density":1},"geometry":{"type":"Polygon","coordinates":[[[-90.01,35.837],[-90.204,35.851],[-90.339,35.796],[-90.383,35.742],[-90.426,35.617],[-90.437,35.464],[-90.412,35.427],[-90.357,35.406],[-90.171,35.373],[-89.959,35.241],[-89.886,35.212],[-89.78,35.194],[-89.736,35.201],[-89.637,35.289],[-89.641,35.409],[-89.751,35.501],[-89.805,35.654],[-89.846,35.712],[-89.908,35.778],[-90.01,35.837]]]}},{"type":"Feature","properties":{"density":1},"geometry":{"type":"Polygon","coordinates":[[[-97.885,47.269],[-97.962,47.276],[-98.028,47.243],[-98.046,47.207],[-98.082,47.101],[-98.093,46.907],[-98.207,46.633],[-98.214,46.545],[-98.17,46.487],[-98.108,46.494],[-98.064,46.531],[-98.024,46.578],[-97.94,46.739],[-97.801,46.914],[-97.801,47.09],[-97.885,47.269]]]}},{"type":"Feature","properties":{"density":1},"geometry":{"type":"Polygon","coordinates":[[[-97.635,34.675],[-97.445,34.629],[-97.338,34.636],[-97.255,34.704],[-97.24,34.741],[-97.233,34.787],[-97.252,34.865],[-97.381,34.989],[-97.627,35.06],[-98.11,35.128],[-98.28,35.125],[-98.331,35.094],[-98.339,35.052],[-98.295,34.962],[-98.21,34.875],[-98.124,34.819],[-97.844,34.721],[-97.635,34.675]]]}},{"type":"Feature","properties":{"density":1},"geometry":{"type":"Polygon","coordinates":[[[-97.227,33.73],[-97.273,33.759],[-97.322,33.737],[-97.556,33.384],[-97.575,33.286],[-97.551,33.277],[-97.497,33.291],[-97.295,33.508],[-97.222,33.627],[-97.227,33.73]]]}},{"type":"Feature","properties":{"density":1},"geometry":{"type":"Polygon","coordinates":[[[-98.676,31.873],[-98.61,31.626],[-98.566,31.522],[-98.517,31.435],[-98.468,31.385],[-98.402,31.358],[-98.216,31.352],[-98.128,31.369],[-98.057,31.413],[-97.98,31.566],[-97.936,31.835],[-97.859,32.114],[-97.783,32.218],[-97.607,32.394],[-97.58,32.443],[-97.569,32.569],[-97.679,32.673],[-97.81,32.717],[-98.101,32.706],[-98.249,32.575],[-98.468,32.317],[-98.632,32.185],[-98.682,32.048],[-98.676,31.873]]]}},{"type":"Feature","properties":{"density":1},"geometry":{"type":"Polygon","coordinates":[[[-98.703,32.602],[-98.649,32.443],[-98.605,32.366],[-98.517,32.306],[-98.391,32.279],[-98.292,32.279],[-98.09,32.213],[-97.98,32.196],[-97.876,32.224],[-97.81,32.284],[-97.777,32.394],[-97.755,32.575],[-97.706,32.651],[-97.416,32.766],[-97.257,32.783],[-97.18,32.816],[-97.147,32.849],[-97.125,32.881],[-97.114,32.98],[-97.142,33.09],[-97.235,33.216],[-97.377,33.364],[-97.421,33.462],[-97.459,33.687],[-97.525,33.852],[-97.558,33.906],[-97.673,34.005],[-97.81,34.043],[-97.942,34.049],[-98.084,34.027],[-98.265,33.945],[-98.38,33.857],[-98.473,33.753],[-98.577,33.567],[-98.605,33.309],[-98.55,33.172],[-98.555,33.024],[-98.687,32.783],[-98.703,32.602]]]}},{"type":"Feature","properties":{"density":1},"geometry":{"type":"Polygon","coordinates":[[[-97.351,32.562],[-97.541,32.525],[-97.647,32.467],[-97.723,32.394],[-97.866,32.171],[-97.939,31.959],[-97.954,31.692],[-97.913,31.404],[-97.859,31.254],[-97.804,31.181],[-97.738,31.13],[-97.639,31.122],[-97.581,31.137],[-97.511,31.192],[-97.49,31.254],[-97.49,31.462],[-97.453,31.55],[-97.354,31.674],[-97.292,31.937],[-97.219,32.047],[-97.04,32.229],[-96.989,32.313],[-96.993,32.397],[-97.08,32.489],[-97.194,32.551],[-97.351,32.562]]]}},{"type":"Feature","properties":{"density":1},"geometry":{"type":"Polygon","coordinates":[[[-112.779,31.977],[-112.881,32.026],[-112.935,32.033],[-112.981,32.023],[-113.003,31.984],[-112.984,31.933],[-112.932,31.88],[-112.823,31.814],[-112.63,31.753],[-112.475,31.653],[-112.38,31.639],[-112.336,31.648],[-112.35,31.724],[-112.438,31.848],[-112.506,31.885],[-112.63,31.916],[-112.779,31.977]]]}},{"type":"Feature","properties":{"density":1},"geometry":{"type":"Polygon","coordinates":[[[-113.088,34.829],[-113.118,34.829],[-113.149,34.795],[-113.135,34.644],[-113.105,34.602],[-113.064,34.675],[-113.066,34.79],[-113.088,34.829]]]}},{"type":"Feature","properties":{"density":1},"geometry":{"type":"Polygon","coordinates":[[[-109.027,40.015],[-109.257,40.048],[-109.374,40.0],[-109.56,39.825],[-109.955,39.562],[-110.013,39.485],[-110.028,39.39],[-110.017,39.339],[-109.98,39.303],[-109.926,39.281],[-109.798,39.295],[-109.06,39.624],[-108.998,39.675],[-108.946,39.748],[-108.928,39.807],[-108.932,39.847],[-109.027,40.015]]]}},{"type":"Feature","properties":{"density":1},"geometry":{"type":"Polygon","coordinates":[[[-116.743,48.97],[-116.66,49.026],[-116.553,49.051],[-116.168,49.036],[-116.092,48.978],[-116.031,48.88],[-115.983,48.834],[-115.759,48.737],[-115.632,48.644],[-115.569,48.5],[-115.554,48.398],[-115.576,48.298],[-115.634,48.232],[-115.703,48.206],[-115.781,48.215],[-115.907,48.266],[-115.978,48.32],[-116.173,48.554],[-116.426,48.763],[-116.548,48.822],[-116.687,48.783],[-116.767,48.795],[-116.799,48.836],[-116.796,48.885],[-116.743,48.97]]]}},{"type":"Feature","properties":{"density":1},"geometry":{"type":"Polygon","coordinates":[[[-121.823,42.502],[-121.818,42.467],[-121.767,42.391],[-121.646,42.36],[-121.605,42.36],[-121.463,42.452],[-121.408,42.522],[-121.246,42.831],[-121.15,42.973],[-120.821,43.327],[-120.653,43.656],[-120.638,43.748],[-120.638,43.874],[-120.684,43.98],[-120.755,44.056],[-120.826,44.087],[-120.891,44.077],[-121.028,44.001],[-121.155,43.874],[-121.236,43.758],[-121.307,43.651],[-121.524,43.135],[-121.793,42.639],[-121.823,42.502]]]}},{"type":"Feature","properties":{"density":1},"geometry":{"type":"Polygon","coordinates":[[[-125.642,49.977],[-125.263,49.878],[-125.149,49.825],[-124.982,49.78],[-124.777,49.765],[-124.518,49.848],[-124.42,49.901],[-124.336,49.97],[-124.283,50.046],[-124.275,50.273],[-124.344,50.395],[-124.625,50.668],[-124.837,50.843],[-124.989,50.926],[-125.316,51.2],[-125.931,51.633],[-126.121,51.739],[-126.531,51.876],[-126.743,51.898],[-126.888,51.898],[-127.055,51.838],[-127.138,51.777],[-127.214,51.686],[-127.275,51.579],[-127.32,51.458],[-127.389,50.972],[-127.51,50.615],[-127.518,50.486],[-127.488,50.349],[-127.336,50.106],[-127.191,50.0],[-126.812,49.84],[-126.455,49.795],[-126.174,49.818],[-125.817,49.939],[-125.642,49.977]]]}},{"type":"Feature","properties":{"density":1},"geometry":{"type":"Polygon","coordinates":[[[-98.315,24.337],[-98.405,24.438],[-98.47,24.604],[-98.513,24.665],[-98.547,24.69],[-98.569,24.681],[-98.583,24.598],[-98.565,24.487],[-98.497,24.31],[-98.392,24.197],[-98.295,24.145],[-98.248,24.15],[-98.234,24.186],[-98.279,24.298],[-98.315,24.337]]]}},{"type":"Feature","properties":{"density":1},"geometry":{"type":"Polygon","coordinates":[[[-115.929,32.254],[-115.97,32.285],[-116.017,32.426],[-116.064,32.494],[-116.125,32.541],[-116.226,32.565],[-116.425,32.545],[-116.763,32.362],[-116.901,32.254],[-117.009,32.14],[-117.043,32.075],[-117.057,31.998],[-117.033,31.913],[-116.905,31.846],[-116.807,31.829],[-116.49,31.88],[-116.125,31.87],[-115.983,31.886],[-115.848,31.964],[-115.821,32.015],[-115.852,32.15],[-115.889,32.231],[-115.929,32.254]]]}},{"type":"Feature","properties":{"density":1},"geometry":{"type":"Polygon","coordinates":[[[-120.555,34.358],[-120.658,34.29],[-120.76,34.102],[-120.828,33.897],[-120.845,33.657],[-120.777,33.316],[-120.675,33.025],[-120.555,32.769],[-120.094,32.154],[-119.991,31.983],[-119.752,31.402],[-119.667,31.026],[-119.632,30.582],[-119.667,30.121],[-119.803,29.745],[-119.974,29.437],[-120.162,29.147],[-120.333,28.925],[-120.726,28.327],[-120.914,27.934],[-121.016,27.472],[-120.982,27.062],[-120.828,26.755],[-120.521,26.55],[-120.23,26.447],[-119.889,26.413],[-119.53,26.43],[-119.12,26.498],[-118.795,26.601],[-118.419,26.618],[-117.958,26.567],[-117.565,26.447],[-117.121,26.191],[-116.625,25.832],[-115.421,25.26],[-114.985,25.003],[-114.088,24.26],[-113.627,23.824],[-113.14,23.286],[-112.268,21.928],[-111.935,21.262],[-111.653,20.749],[-111.32,20.236],[-110.936,19.826],[-110.474,19.468],[-110.09,19.211],[-109.705,18.776],[-109.347,18.314],[-109.039,17.827],[-108.783,17.315],[-108.527,16.725],[-108.245,16.264],[-107.911,15.828],[-107.578,15.469],[-107.219,15.213],[-106.374,15.034],[-105.502,15.034],[-105.246,15.111],[-104.938,15.418],[-104.298,16.315],[-103.99,16.572],[-103.298,17.007],[-102.606,17.417],[-102.299,17.674],[-102.068,17.981],[-101.863,18.314],[-101.837,18.699],[-101.94,19.058],[-102.35,19.647],[-102.478,19.878],[-102.734,20.262],[-103.196,20.852],[-104.104,22.173],[-104.719,23.531],[-105.736,26.239],[-105.975,26.803],[-105.941,28.05],[-105.873,28.204],[-105.514,28.768],[-105.326,28.939],[-104.523,29.417],[-104.13,29.469],[-103.566,29.434],[-103.241,29.298],[-102.882,29.041],[-102.643,28.751],[-102.404,28.375],[-102.182,27.931],[-102.028,27.469],[-101.669,25.966],[-101.481,25.402],[-101.174,24.872],[-100.883,24.445],[-100.542,24.018],[-99.425,23.124],[-99.084,22.782],[-98.725,22.372],[-97.836,21.227],[-97.085,20.185],[-96.794,19.843],[-96.521,19.399],[-96.247,19.04],[-95.889,18.613],[-95.547,18.289],[-95.222,18.032],[-93.505,17.582],[-93.069,17.608],[-92.608,17.685],[-91.378,18.146],[-90.84,18.326],[-90.302,18.479],[-89.763,18.556],[-89.225,18.556],[-87.744,18.329],[-87.488,18.346],[-87.129,18.431],[-86.822,18.534],[-86.48,18.653],[-85.455,19.063],[-85.011,19.2],[-84.566,19.32],[-84.173,19.405],[-83.285,19.525],[-82.807,19.525],[-82.311,19.49],[-81.952,19.422],[-81.61,19.302],[-81.2,19.183],[-80.329,18.978],[-79.543,18.892],[-79.355,18.892],[-79.116,18.927],[-78.825,19.012],[-78.296,19.234],[-77.261,19.752],[-77.09,19.889],[-76.834,20.145],[-76.441,20.709],[-76.321,20.965],[-76.219,21.29],[-76.185,21.529],[-76.185,21.82],[-76.219,22.059],[-76.219,23.067],[-76.27,23.221],[-76.321,23.682],[-76.321,23.955],[-76.27,24.246],[-75.911,25.339],[-75.877,25.562],[-75.057,27.635],[-74.75,28.097],[-74.211,28.635],[-73.712,28.981],[-73.02,29.327],[-71.559,29.98],[-70.79,30.442],[-70.136,30.865],[-69.56,31.441],[-68.291,32.864],[-65.792,36.17],[-65.562,36.439],[-65.177,36.977],[-64.985,37.592],[-64.831,38.169],[-63.806,40.053],[-63.46,40.475],[-62.96,40.745],[-62.038,40.937],[-61.153,40.937],[-60.461,40.745],[-57.847,39.783],[-56.963,39.514],[-55.81,39.322],[-54.695,39.284],[-53.695,39.361],[-52.888,39.63],[-52.196,40.091],[-51.735,40.706],[-51.466,41.59],[-51.389,42.513],[-51.543,43.359],[-51.927,44.397],[-52.311,45.242],[-52.773,45.973],[-53.542,46.895],[-54.426,47.78],[-55.118,48.433],[-55.81,48.933],[-56.886,49.433],[-58.904,50.817],[-59.481,50.99],[-60.519,51.22],[-61.499,51.278],[-62.71,51.278],[-63.806,51.047],[-64.902,50.644],[-65.824,50.182],[-68.919,47.933],[-69.188,47.703],[-69.419,47.395],[-69.803,46.934],[-70.149,46.396],[-70.495,45.896],[-70.88,45.396],[-71.226,44.896],[-71.61,44.397],[-72.648,43.282],[-73.263,42.782],[-73.917,42.205],[-74.609,41.744],[-75.377,41.36],[-76.531,40.898],[-77.415,40.668],[-78.145,40.591],[-78.953,40.629],[-79.875,40.783],[-81.144,41.091],[-82.297,41.321],[-83.335,41.629],[-83.873,41.898],[-84.45,42.244],[-84.835,42.551],[-85.142,43.09],[-85.18,43.666],[-85.18,44.166],[-85.065,44.704],[-84.835,45.204],[-84.565,45.665],[-84.335,46.011],[-84.258,46.473],[-84.335,46.934],[-84.527,47.434],[-84.719,47.664],[-85.027,47.78],[-85.257,47.78],[-85.526,47.818],[-85.642,48.049],[-85.642,48.279],[-85.565,48.395],[-85.334,48.625],[-85.027,48.856],[-84.758,49.125],[-83.903,50.167],[-83.647,50.526],[-83.083,51.039],[-82.596,51.372],[-82.058,51.654],[-81.52,51.885],[-80.367,52.653],[-79.905,52.91],[-79.316,53.269],[-78.752,53.653],[-77.778,54.422],[-76.958,55.165],[-76.599,55.55],[-76.189,55.934],[-75.907,56.318],[-75.01,57.677],[-74.369,58.779],[-73.75,60.473],[-73.75,61.05],[-73.827,61.857],[-74.211,63.51],[-74.826,65.086],[-75.172,65.663],[-75.595,66.163],[-76.018,66.547],[-76.441,66.893],[-76.787,67.278],[-77.056,67.777],[-77.21,68.316],[-77.248,68.815],[-77.248,69.315],[-77.056,69.815],[-76.979,70.468],[-77.095,71.122],[-77.479,71.699],[-78.056,72.121],[-78.825,72.467],[-79.709,72.813],[-85.187,73.659],[-87.609,73.947],[-89.569,74.063],[-93.318,74.409],[-95.163,74.524],[-97.527,74.812],[-99.661,75.043],[-102.544,75.158],[-105.427,75.389],[-107.965,75.504],[-110.56,75.504],[-115.749,75.735],[-118.402,75.735],[-120.997,75.793],[-123.476,75.735],[-125.495,75.447],[-132.126,74.178],[-134.073,73.555],[-135.716,72.949],[-137.36,71.998],[-138.7,70.603],[-138.988,70.142],[-139.219,69.45],[-139.334,68.7],[-139.334,68.066],[-139.104,67.604],[-138.758,67.143],[-138.412,66.739],[-138.008,66.336],[-137.547,66.047],[-136.047,65.471],[-135.298,65.298],[-133.453,64.721],[-132.703,64.375],[-131.204,63.568],[-130.512,63.049],[-129.82,62.357],[-129.301,61.434],[-128.782,60.627],[-128.32,59.762],[-128.09,58.782],[-127.917,57.744],[-127.917,56.706],[-127.974,55.898],[-128.263,55.149],[-128.493,54.399],[-128.782,53.534],[-129.083,52.4],[-129.066,51.768],[-128.878,50.931],[-128.758,50.572],[-128.604,50.264],[-127.425,49.034],[-126.998,48.846],[-126.417,48.641],[-124.965,48.026],[-124.845,47.923],[-124.709,47.753],[-124.555,47.513],[-124.487,47.291],[-124.435,46.779],[-124.658,45.344],[-124.675,45.138],[-124.658,44.899],[-124.606,44.677],[-124.487,44.455],[-124.35,44.318],[-124.179,44.216],[-123.769,44.079],[-123.581,43.977],[-123.41,43.84],[-123.069,43.481],[-122.966,43.31],[-122.846,43.02],[-122.71,42.815],[-122.351,42.507],[-121.428,42.148],[-121.07,42.285],[-120.301,42.798],[-119.873,43.122],[-118.677,43.789],[-118.558,43.806],[-118.37,43.823],[-118.148,43.806],[-116.368,43.319],[-116.112,43.293],[-115.65,43.293],[-115.24,43.268],[-112.524,43.575],[-111.268,43.575],[-110.986,43.524],[-110.627,43.498],[-109.798,43.33],[-109.593,43.33],[-108.338,43.023],[-107.338,42.715],[-106.774,42.561],[-104.365,41.741],[-104.134,41.562],[-103.827,41.357],[-103.545,41.126],[-103.212,40.819],[-102.93,40.485],[-102.725,40.152],[-102.571,39.845],[-102.443,39.512],[-102.366,39.178],[-102.366,38.768],[-102.392,38.486],[-102.546,37.897],[-102.699,37.589],[-102.776,37.307],[-102.827,36.949],[-102.802,36.615],[-102.751,36.308],[-102.415,34.682],[-102.491,34.426],[-102.62,34.118],[-102.876,33.836],[-103.26,33.554],[-103.722,33.4],[-104.285,33.298],[-104.849,33.272],[-105.413,33.375],[-106.105,33.426],[-107.54,33.477],[-108.309,33.554],[-109.232,33.734],[-109.924,33.964],[-110.539,34.272],[-111.231,34.733],[-112.359,35.861],[-112.512,36.168],[-112.717,36.476],[-113.05,36.783],[-113.435,37.065],[-114.101,37.296],[-114.793,37.399],[-115.434,37.322],[-115.921,37.194],[-116.408,36.886],[-116.869,36.553],[-117.228,36.143],[-117.664,35.681],[-118.151,35.246],[-118.714,34.887],[-119.176,34.708],[-120.555,34.358]]]}},{"type":"Feature","properties":{"density":2},"geometry":{"type":"Polygon","coordinates":[[[-121.971,45.094],[-122.009,45.11],[-122.084,45.2],[-122.155,45.25],[-122.289,45.307],[-122.634,45.302],[-122.876,45.276],[-122.935,45.256],[-122.973,45.218],[-123.005,45.123],[-123.018,44.969],[-123.227,44.612],[-123.289,44.44],[-123.313,44.198],[-123.277,44.093],[-123.214,44.074],[-123.14,44.102],[-123.078,44.158],[-122.824,44.601],[-122.719,44.689],[-122.642,44.718],[-122.296,44.782],[-122.135,44.849],[-121.997,44.877],[-121.92,44.94],[-121.856,44.968],[-121.837,44.99],[-121.834,45.037],[-121.856,45.063],[-121.971,45.094]]]}},{"type":"Feature","properties":{"density":2},"geometry":{"type":"Polygon","coordinates":[[[-117.921,45.595],[-117.778,45.703],[-117.654,45.756],[-117.524,45.786],[-117.297,45.693],[-117.178,45.605],[-117.052,45.595],[-116.76,45.726],[-116.454,45.814],[-116.278,45.814],[-116.155,45.793],[-116.067,45.757],[-116.04,45.681],[-116.062,45.638],[-116.371,45.575],[-116.544,45.571],[-117.073,45.42],[-117.298,45.287],[-117.751,45.088],[-117.87,45.019],[-118.041,44.857],[-117.945,44.749],[-117.963,44.697],[-118.006,44.652],[-118.174,44.593],[-118.262,44.534],[-118.504,44.546],[-118.604,44.567],[-118.695,44.654],[-118.684,44.794],[-118.714,44.869],[-118.708,45.01],[-118.57,45.139],[-118.305,45.255],[-117.921,45.595]]]}},{"type":"Feature","properties":{"density":2},"geometry":{"type":"Polygon","coordinates":[[[-115.163,46.343],[-115.064,46.363],[-114.962,46.358],[-114.785,46.324],[-114.643,46.271],[-114.599,46.204],[-114.58,46.126],[-114.586,46.024],[-114.64,45.863],[-114.707,45.836],[-114.811,45.877],[-114.961,45.979],[-115.078,45.994],[-115.426,45.985],[-115.693,46.063],[-116.035,46.094],[-116.09,46.147],[-116.075,46.196],[-115.994,46.255],[-115.927,46.28],[-115.838,46.297],[-115.738,46.292],[-115.543,46.232],[-115.36,46.208],[-115.286,46.222],[-115.222,46.258],[-115.163,46.343]]]}},{"type":"Feature","properties":{"density":2},"geometry":{"type":"Polygon","coordinates":[[[-126.797,50.357],[-126.829,50.387],[-126.824,50.47],[-126.793,50.453],[-126.766,50.398],[-126.765,50.367],[-126.797,50.357]]]}},{"type":"Feature","properties":{"density":2},"geometry":{"type":"Polygon","coordinates":[[[-121.774,36.302],[-121.692,36.401],[-121.659,36.48],[-121.698,36.65],[-121.704,36.746],[-121.683,36.828],[-121.642,36.863],[-121.582,36.872],[-121.522,36.849],[-121.501,36.782],[-121.498,36.665],[-121.542,36.456],[-121.6,36.317],[-121.615,36.219],[-121.675,36.203],[-121.752,36.23],[-121.779,36.252],[-121.774,36.302]]]}},{"type":"Feature","properties":{"density":2},"geometry":{"type":"Polygon","coordinates":[[[-113.111,47.383],[-113.197,47.39],[-113.337,47.529],[-113.355,47.629],[-113.327,47.687],[-113.301,47.683],[-113.193,47.55],[-113.123,47.525],[-113.035,47.539],[-112.906,47.589],[-112.713,47.564],[-112.454,47.563],[-112.348,47.593],[-112.217,47.604],[-112.031,47.584],[-111.961,47.551],[-111.93,47.519],[-111.976,47.471],[-112.021,47.46],[-112.662,47.424],[-112.811,47.434],[-113.044,47.381],[-113.111,47.383]]]}},{"type":"Feature","properties":{"density":2},"geometry":{"type":"Polygon","coordinates":[[[-115.267,46.848],[-115.303,46.796],[-115.385,46.732],[-115.458,46.7],[-115.556,46.705],[-115.59,46.684],[-115.582,46.62],[-115.596,46.59],[-115.556,46.578],[-115.415,46.444],[-115.357,46.451],[-115.337,46.474],[-115.358,46.629],[-115.355,46.659],[-115.333,46.682],[-115.24,46.718],[-115.186,46.77],[-115.157,46.772],[-115.103,46.741],[-115.072,46.748],[-115.083,46.789],[-115.182,46.872],[-115.233,46.871],[-115.267,46.848]]]}},{"type":"Feature","properties":{"density":2},"geometry":{"type":"Polygon","coordinates":[[[-113.938,46.165],[-113.767,46.263],[-113.614,46.318],[-113.491,46.345],[-113.445,46.343],[-113.406,46.315],[-113.44,46.278],[-113.776,46.216],[-113.942,46.133],[-113.955,46.145],[-113.938,46.165]]]}},{"type":"Feature","properties":{"density":2},"geometry":{"type":"Polygon","coordinates":[[[-113.378,45.453],[-113.377,45.544],[-113.306,45.587],[-113.206,45.596],[-113.098,45.672],[-112.943,45.842],[-112.888,45.841],[-112.883,45.822],[-113.107,45.516],[-113.266,45.45],[-113.346,45.44],[-113.378,45.453]]]}},{"type":"Feature","properties":{"density":2},"geometry":{"type":"Polygon","coordinates":[[[-117.951,46.032],[-118.182,46.071],[-118.195,46.003],[-118.262,45.915],[-118.252,45.873],[-118.154,45.856],[-118.031,45.886],[-117.926,45.965],[-117.912,46.0],[-117.951,46.032]]]}},{"type":"Feature","properties":{"density":2},"geometry":{"type":"Polygon","coordinates":[[[-118.094,45.785],[-118.213,45.795],[-118.329,45.77],[-118.385,45.748],[-118.402,45.716],[-118.309,45.571],[-118.271,45.551],[-118.221,45.55],[-118.17,45.562],[-118.133,45.591],[-118.093,45.654],[-118.071,45.742],[-118.094,45.785]]]}},{"type":"Feature","properties":{"density":2},"geometry":{"type":"Polygon","coordinates":[[[-90.44,47.765],[-89.983,47.567],[-89.427,47.061],[-89.044,46.381],[-87.537,42.305],[-86.981,41.675],[-86.351,40.786],[-85.82,40.131],[-85.153,39.39],[-84.412,38.809],[-83.448,38.241],[-82.411,37.809],[-81.348,37.562],[-79.718,37.327],[-79.236,37.067],[-79.285,36.833],[-79.718,36.697],[-80.199,36.573],[-81.138,36.573],[-82.065,36.635],[-83.522,36.833],[-84.597,37.154],[-85.98,37.759],[-87.105,38.624],[-88.612,40.205],[-89.266,41.107],[-90.415,42.799],[-91.626,44.454],[-92.169,45.517],[-92.577,46.69],[-92.416,47.444],[-92.046,47.827],[-91.589,47.95],[-91.033,47.987],[-90.724,47.926],[-90.44,47.765]]]}},{"type":"Feature","properties":{"density":2},"geometry":{"type":"Polygon","coordinates":[[[-121.633,50.384],[-121.534,50.445],[-121.473,50.609],[-121.473,50.757],[-121.532,50.873],[-121.583,50.931],[-121.711,50.865],[-121.792,50.939],[-121.825,51.067],[-121.909,51.177],[-122.037,51.209],[-122.081,51.151],[-122.07,51.1],[-122.154,51.081],[-122.418,51.253],[-122.579,51.403],[-122.571,51.502],[-122.451,51.59],[-122.29,51.601],[-122.066,51.572],[-121.894,51.576],[-121.759,51.605],[-121.598,51.579],[-121.477,51.447],[-121.261,50.979],[-121.159,50.862],[-120.884,50.646],[-120.826,50.547],[-120.811,50.335],[-120.734,50.148],[-120.756,50.09],[-120.983,49.961],[-121.137,49.841],[-121.173,49.778],[-121.353,49.61],[-121.415,49.379],[-121.477,49.306],[-121.715,49.138],[-122.048,48.981],[-122.235,48.937],[-122.363,48.929],[-122.491,48.973],[-122.593,49.057],[-122.575,49.167],[-122.282,49.226],[-121.913,49.354],[-121.755,49.427],[-121.613,49.584],[-121.55,49.705],[-121.653,49.804],[-121.671,49.969],[-121.71,50.09],[-121.747,50.104],[-121.903,50.075],[-121.954,50.119],[-121.986,50.185],[-121.927,50.224],[-121.817,50.229],[-121.769,50.251],[-121.686,50.36],[-121.633,50.384]],[[-121.335,50.297],[-121.374,50.227],[-121.434,50.185],[-121.452,50.129],[-121.398,49.975],[-121.353,49.921],[-121.296,49.921],[-121.234,49.951],[-121.174,50.012],[-121.154,50.082],[-121.172,50.162],[-121.203,50.208],[-121.297,50.289],[-121.335,50.297]],[[-121.208,50.607],[-121.221,50.547],[-121.198,50.456],[-121.128,50.363],[-121.068,50.326],[-121.004,50.327],[-120.957,50.361],[-120.938,50.421],[-121.076,50.521],[-121.151,50.6],[-121.208,50.607]]]}},{"type":"Feature","properties":{"density":2},"geometry":{"type":"Polygon","coordinates":[[[-88.193,34.264],[-88.219,34.238],[-88.2,34.221],[-88.074,34.179],[-88.013,34.187],[-88.037,34.224],[-88.081,34.243],[-88.193,34.264]]]}},{"type":"Feature","properties":{"density":2},"geometry":{"type":"Polygon","coordinates":[[[-113.335,47.718],[-113.403,47.718],[-113.417,47.671],[-113.406,47.595],[-113.245,47.443],[-113.133,47.387],[-113.016,47.375],[-112.759,47.381],[-111.93,47.305],[-111.617,47.311],[-111.547,47.334],[-111.52,47.364],[-111.52,47.405],[-111.547,47.44],[-111.655,47.487],[-111.845,47.478],[-112.235,47.519],[-112.68,47.522],[-113.069,47.563],[-113.189,47.613],[-113.268,47.686],[-113.335,47.718]]]}},{"type":"Feature","properties":{"density":2},"geometry":{"type":"Polygon","coordinates":[[[-113.372,46.398],[-113.567,46.377],[-113.862,46.279],[-113.946,46.213],[-113.951,46.156],[-113.909,46.135],[-113.797,46.221],[-113.376,46.33],[-113.325,46.381],[-113.337,46.408],[-113.372,46.398]]]}},{"type":"Feature","properties":{"density":2},"geometry":{"type":"Polygon","coordinates":[[[-112.793,45.844],[-112.92,45.848],[-113.01,45.821],[-113.086,45.766],[-113.222,45.614],[-113.287,45.602],[-113.347,45.614],[-113.412,45.588],[-113.416,45.497],[-113.381,45.462],[-113.342,45.454],[-113.303,45.46],[-113.242,45.501],[-113.098,45.52],[-113.051,45.563],[-113.008,45.688],[-112.979,45.717],[-112.93,45.743],[-112.75,45.778],[-112.748,45.815],[-112.793,45.844]]]}},{"type":"Feature","properties":{"density":2},"geometry":{"type":"Polygon","coordinates":[[[-115.549,43.935],[-115.851,43.912],[-115.878,43.896],[-115.894,43.855],[-115.865,43.804],[-115.798,43.762],[-115.761,43.666],[-115.705,43.65],[-115.543,43.672],[-115.515,43.68],[-115.471,43.73],[-115.43,43.859],[-115.472,43.914],[-115.549,43.935]]]}},{"type":"Feature","properties":{"density":2},"geometry":{"type":"Polygon","coordinates":[[[-115.172,46.886],[-115.313,46.89],[-115.346,46.784],[-115.383,46.739],[-115.457,46.704],[-115.491,46.7],[-115.52,46.718],[-115.463,46.804],[-115.455,46.831],[-115.473,46.862],[-115.51,46.855],[-115.573,46.8],[-115.596,46.704],[-115.51,46.62],[-115.522,46.521],[-115.498,46.47],[-115.432,46.441],[-115.37,46.472],[-115.36,46.521],[-115.391,46.599],[-115.387,46.624],[-115.305,46.71],[-115.196,46.743],[-115.159,46.775],[-115.141,46.8],[-115.141,46.841],[-115.172,46.886]]]}},{"type":"Feature","properties":{"density":2},"geometry":{"type":"Polygon","coordinates":[[[-115.084,46.221],[-115.163,46.253],[-115.426,46.256],[-115.789,46.335],[-116.023,46.335],[-116.167,46.289],[-116.269,46.183],[-116.301,46.136],[-116.313,46.078],[-116.301,46.013],[-116.252,45.952],[-116.097,45.885],[-115.944,45.89],[-115.625,45.937],[-115.157,45.934],[-115.016,45.902],[-114.908,45.858],[-114.808,45.861],[-114.782,45.89],[-114.773,45.934],[-114.803,45.996],[-114.867,46.051],[-114.972,46.104],[-115.084,46.221]]]}},{"type":"Feature","properties":{"density":2},"geometry":{"type":"Polygon","coordinates":[[[-115.054,46.429],[-115.154,46.42],[-115.227,46.373],[-115.224,46.289],[-115.209,46.265],[-115.107,46.177],[-115.051,46.078],[-115.002,46.037],[-114.896,46.013],[-114.844,45.899],[-114.817,45.873],[-114.7,45.849],[-114.603,45.858],[-114.583,45.896],[-114.595,45.937],[-114.7,46.016],[-114.767,46.113],[-114.753,46.166],[-114.653,46.253],[-114.656,46.289],[-114.724,46.318],[-114.864,46.312],[-114.946,46.397],[-115.054,46.429]]]}},{"type":"Feature","properties":{"density":2},"geometry":{"type":"Polygon","coordinates":[[[-121.114,64.022],[-120.063,63.817],[-119.089,63.151],[-118.115,62.741],[-116.885,62.562],[-115.245,62.844],[-114.553,65.022],[-113.835,65.509],[-112.528,65.714],[-111.221,65.432],[-110.016,65.15],[-108.274,64.791],[-106.275,64.535],[-104.968,64.176],[-104.019,63.587],[-103.712,62.613],[-103.84,61.87],[-103.712,60.998],[-102.661,59.999],[-100.453,60.851],[-99.052,60.953],[-97.457,60.862],[-96.774,60.6],[-96.136,60.293],[-94.052,59.837],[-93.402,59.769],[-92.702,59.632],[-91.694,59.085],[-90.361,58.521],[-89.592,58.231],[-88.635,58.111],[-87.644,57.804],[-86.705,57.189],[-86.448,56.42],[-86.431,55.343],[-86.91,54.745],[-87.644,54.113],[-88.567,53.635],[-90.105,53.567],[-91.489,53.532],[-95.099,53.087],[-96.883,52.821],[-97.719,52.612],[-98.478,52.252],[-99.313,51.663],[-100.035,51.188],[-100.68,50.809],[-101.364,50.277],[-102.503,48.569],[-102.977,48.132],[-103.395,47.619],[-103.813,47.145],[-104.173,46.841],[-104.762,46.544],[-105.42,46.126],[-106.065,45.809],[-106.698,45.607],[-107.559,45.367],[-108.508,45.253],[-109.103,45.227],[-109.521,45.265],[-109.964,45.329],[-110.698,45.24],[-111.394,45.24],[-112.828,44.881],[-113.174,44.831],[-113.604,44.991],[-114.22,45.177],[-114.659,45.253],[-115.165,45.253],[-116.819,45.008],[-117.034,44.894],[-117.642,44.502],[-117.958,44.324],[-118.275,44.223],[-118.553,44.185],[-118.782,44.275],[-118.918,44.487],[-118.896,44.791],[-118.842,44.996],[-118.804,45.277],[-119.169,45.642],[-120.156,46.249],[-121.353,46.864],[-121.546,47.001],[-122.184,47.289],[-122.487,47.522],[-122.751,47.765],[-122.908,48.013],[-122.852,48.256],[-122.644,48.504],[-122.406,48.666],[-122.082,48.737],[-121.728,48.752],[-121.439,48.813],[-121.065,48.752],[-120.812,48.601],[-120.386,48.418],[-119.997,48.373],[-119.89,48.408],[-119.814,48.454],[-119.819,48.515],[-119.921,48.758],[-119.885,48.904],[-119.853,48.954],[-119.747,48.968],[-119.662,48.965],[-119.581,48.938],[-119.42,48.668],[-119.212,48.466],[-118.878,48.218],[-118.382,48.142],[-117.628,48.076],[-116.252,48.356],[-115.751,48.572],[-115.306,49.016],[-115.375,49.358],[-115.717,49.632],[-116.195,50.064],[-117.015,50.714],[-117.607,51.272],[-118.08,53.197],[-117.841,54.359],[-117.26,55.298],[-116.611,56.05],[-115.927,56.734],[-115.5,57.109],[-115.09,57.502],[-114.765,58.049],[-114.646,58.664],[-114.783,59.126],[-115.175,59.348],[-115.893,59.314],[-116.611,59.109],[-117.328,59.023],[-118.405,59.074],[-119.635,59.194],[-120.814,59.45],[-121.668,59.57],[-122.437,59.536],[-123.138,59.467],[-123.821,59.502],[-124.436,59.655],[-124.795,59.963],[-124.812,60.612],[-124.709,61.313],[-124.539,61.945],[-124.146,62.594],[-123.616,63.004],[-123.052,63.38],[-122.659,63.602],[-122.232,63.79],[-121.907,63.858],[-121.497,63.978],[-121.114,64.022]]]}},{"type":"Feature","properties":{"density":2},"geometry":{"type":"Polygon","coordinates":[[[-121.216,48.886],[-121.263,48.889],[-121.283,48.871],[-121.281,48.83],[-121.251,48.789],[-121.087,48.707],[-121.038,48.719],[-121.032,48.751],[-121.064,48.804],[-121.216,48.886]]]}},{"type":"Feature","properties":{"density":2},"geometry":{"type":"Polygon","coordinates":[[[-121.04,48.695],[-121.178,48.757],[-121.254,48.757],[-121.406,48.625],[-121.541,48.564],[-121.573,48.531],[-121.573,48.508],[-121.544,48.485],[-121.483,48.49],[-121.415,48.549],[-121.228,48.657],[-121.204,48.631],[-121.187,48.531],[-121.158,48.508],[-121.008,48.499],[-120.97,48.52],[-120.959,48.572],[-120.997,48.654],[-121.04,48.695]]]}},{"type":"Feature","properties":{"density":2},"geometry":{"type":"Polygon","coordinates":[[[-121.254,47.552],[-121.392,47.577],[-121.607,47.682],[-121.717,47.751],[-121.825,47.855],[-121.885,47.864],[-121.905,47.85],[-121.905,47.797],[-121.852,47.687],[-121.869,47.541],[-121.836,47.486],[-121.648,47.39],[-121.541,47.395],[-121.546,47.453],[-121.593,47.511],[-121.538,47.508],[-121.516,47.489],[-121.447,47.326],[-121.329,47.224],[-120.91,47.109],[-120.86,47.081],[-120.789,47.009],[-120.604,46.965],[-120.491,46.883],[-120.458,46.827],[-120.472,46.767],[-120.519,46.687],[-120.521,46.61],[-120.505,46.585],[-120.475,46.579],[-120.397,46.632],[-120.375,46.703],[-120.378,46.811],[-120.408,46.894],[-120.477,47.001],[-120.596,47.073],[-120.717,47.12],[-120.811,47.197],[-121.056,47.327],[-121.066,47.365],[-121.033,47.437],[-121.029,47.506],[-121.061,47.515],[-121.137,47.501],[-121.254,47.552]]]}},{"type":"Feature","properties":{"density":2},"geometry":{"type":"Polygon","coordinates":[[[-122.085,45.2],[-122.247,45.321],[-122.402,45.351],[-122.6,45.321],[-122.782,45.318],[-122.892,45.28],[-122.991,45.205],[-123.118,44.996],[-123.217,44.875],[-123.242,44.811],[-123.311,44.532],[-123.427,44.263],[-123.431,44.143],[-123.398,44.06],[-123.257,43.994],[-123.199,44.011],[-123.117,44.069],[-122.893,44.503],[-122.84,44.561],[-122.778,44.598],[-122.65,44.651],[-122.323,44.693],[-122.236,44.718],[-121.926,44.825],[-121.819,44.899],[-121.794,44.933],[-121.79,44.974],[-121.798,45.032],[-121.827,45.073],[-121.885,45.106],[-122.017,45.139],[-122.085,45.2]],[[-122.662,44.961],[-122.686,44.937],[-122.691,44.872],[-122.651,44.825],[-122.561,44.826],[-122.445,44.887],[-122.458,44.918],[-122.531,44.959],[-122.662,44.961]],[[-122.328,45.187],[-122.379,45.166],[-122.381,45.144],[-122.351,45.098],[-122.359,45.071],[-122.438,45.056],[-122.464,45.008],[-122.318,44.957],[-122.127,44.997],[-122.122,45.016],[-122.142,45.034],[-122.225,45.054],[-122.239,45.097],[-122.181,45.098],[-122.127,45.078],[-122.107,45.089],[-122.107,45.12],[-122.125,45.141],[-122.166,45.161],[-122.328,45.187]]]}},{"type":"Feature","properties":{"density":2},"geometry":{"type":"Polygon","coordinates":[[[-117.985,46.066],[-118.174,46.114],[-118.219,46.101],[-118.233,46.009],[-118.219,45.96],[-118.173,45.921],[-118.108,45.912],[-117.976,45.943],[-117.945,45.985],[-117.963,46.048],[-117.985,46.066]]]}},{"type":"Feature","properties":{"density":2},"geometry":{"type":"Polygon","coordinates":[[[-116.919,45.675],[-117.233,45.58],[-117.643,45.567],[-117.771,45.538],[-117.862,45.489],[-118.01,45.365],[-118.176,45.282],[-118.267,45.27],[-118.333,45.29],[-118.395,45.348],[-118.469,45.34],[-118.593,45.261],[-118.709,45.141],[-118.874,45.104],[-118.94,45.022],[-118.94,44.968],[-118.924,44.926],[-118.858,44.856],[-118.779,44.831],[-118.622,44.819],[-118.482,44.691],[-118.42,44.666],[-118.263,44.637],[-117.994,44.645],[-117.948,44.695],[-117.948,44.765],[-117.981,44.802],[-118.048,44.836],[-118.043,44.869],[-117.816,45.063],[-117.56,45.199],[-117.382,45.253],[-117.246,45.323],[-117.051,45.456],[-116.741,45.633],[-116.725,45.675],[-116.754,45.708],[-116.787,45.716],[-116.849,45.712],[-116.919,45.675]]]}},{"type":"Feature","properties":{"density":2},"geometry":{"type":"Polygon","coordinates":[[[-121.335,37.179],[-121.567,37.043],[-121.707,36.832],[-121.736,36.745],[-121.753,36.576],[-121.881,36.357],[-121.885,36.262],[-121.864,36.204],[-121.786,36.142],[-121.691,36.138],[-121.55,36.253],[-121.402,36.601],[-121.356,36.667],[-121.302,36.873],[-121.133,37.13],[-121.137,37.196],[-121.174,37.233],[-121.249,37.222],[-121.335,37.179]]]}},{"type":"Feature","properties":{"density":2},"geometry":{"type":"Polygon","coordinates":[[[-126.262,50.23],[-126.324,50.244],[-126.401,50.222],[-126.416,50.204],[-126.364,50.167],[-126.28,50.151],[-126.214,50.118],[-126.104,50.11],[-126.098,50.13],[-126.133,50.173],[-126.208,50.222],[-126.262,50.23]]]}},{"type":"Feature","properties":{"density":2},"geometry":{"type":"Polygon","coordinates":[[[-126.601,50.226],[-126.651,50.231],[-126.647,50.187],[-126.528,50.046],[-126.471,50.031],[-126.46,50.061],[-126.493,50.149],[-126.601,50.226]]]}},{"type":"Feature","properties":{"density":2},"geometry":{"type":"Polygon","coordinates":[[[-126.831,50.48],[-126.859,50.46],[-126.853,50.396],[-126.811,50.355],[-126.78,50.351],[-126.774,50.374],[-126.8,50.445],[-126.831,50.48]]]}},{"type":"Feature","properties":{"density":2},"geometry":{"type":"Polygon","coordinates":[[[-125.539,52.948],[-125.594,52.965],[-125.63,52.935],[-125.591,52.733],[-125.536,52.678],[-125.437,52.623],[-125.307,52.596],[-125.285,52.634],[-125.294,52.654],[-125.415,52.731],[-125.539,52.948]]]}},{"type":"Feature","properties":{"density":2},"geometry":{"type":"Polygon","coordinates":[[[-126.25,52.85],[-126.296,52.839],[-126.334,52.756],[-126.22,52.787],[-126.22,52.826],[-126.25,52.85]]]}},{"type":"Feature","properties":{"density":2},"geometry":{"type":"Polygon","coordinates":[[[-119.892,48.94],[-119.95,48.968],[-119.993,48.966],[-119.967,48.927],[-119.859,48.878],[-119.892,48.94]]]}},{"type":"Feature","properties":{"density":2},"geometry":{"type":"Polygon","coordinates":[[[-119.873,48.869],[-119.892,48.857],[-119.881,48.835],[-119.78,48.806],[-119.737,48.823],[-119.745,48.85],[-119.776,48.869],[-119.873,48.869]]]}},{"type":"Feature","properties":{"density":2},"geometry":{"type":"Polygon","coordinates":[[[-119.818,48.755],[-119.892,48.751],[-119.912,48.738],[-119.921,48.701],[-119.877,48.668],[-119.796,48.661],[-119.778,48.701],[-119.818,48.755]]]}},{"type":"Feature","properties":{"density":2},"geometry":{"type":"Polygon","coordinates":[[[-119.953,49.696],[-119.992,49.724],[-120.032,49.722],[-120.076,49.665],[-120.15,49.634],[-120.15,49.601],[-120.078,49.562],[-119.981,49.545],[-119.92,49.549],[-119.854,49.575],[-119.852,49.615],[-119.953,49.696]]]}},{"type":"Feature","properties":{"density":2},"geometry":{"type":"Polygon","coordinates":[[[-122.083,51.408],[-122.125,51.426],[-122.167,51.496],[-122.255,51.522],[-122.329,51.502],[-122.36,51.454],[-122.345,51.386],[-122.276,51.322],[-122.081,51.301],[-122.051,51.318],[-122.026,51.362],[-122.051,51.404],[-122.083,51.408]]]}},{"type":"Feature","properties":{"density":2},"geometry":{"type":"Polygon","coordinates":[[[-77.266,26.237],[-77.329,26.275],[-77.374,26.279],[-77.422,26.162],[-77.406,26.133],[-77.291,26.066],[-77.262,25.942],[-77.248,25.917],[-77.203,25.901],[-77.163,25.953],[-77.176,26.079],[-77.201,26.151],[-77.266,26.237]]]}},{"type":"Feature","properties":{"density":2},"geometry":{"type":"Polygon","coordinates":[[[-81.087,27.082],[-81.113,27.079],[-81.134,27.053],[-81.164,26.921],[-81.068,27.038],[-81.087,27.082]]]}},{"type":"Feature","properties":{"density":2},"geometry":{"type":"Polygon","coordinates":[[[-98.054,46.883],[-98.099,46.881],[-98.114,46.856],[-98.11,46.681],[-98.157,46.593],[-98.173,46.512],[-98.137,46.514],[-98.117,46.534],[-98.063,46.64],[-98.024,46.813],[-98.054,46.883]]]}},{"type":"Feature","properties":{"density":2},"geometry":{"type":"Polygon","coordinates":[[[-98.192,32.996],[-98.259,32.999],[-98.315,32.906],[-98.381,32.843],[-98.385,32.774],[-98.354,32.729],[-98.322,32.729],[-98.252,32.774],[-98.156,32.888],[-98.153,32.94],[-98.192,32.996]]]}},{"type":"Feature","properties":{"density":2},"geometry":{"type":"Polygon","coordinates":[[[-98.063,31.748],[-98.119,31.751],[-98.189,31.703],[-98.185,31.532],[-98.169,31.494],[-98.137,31.469],[-98.068,31.485],[-97.987,31.604],[-97.991,31.694],[-98.063,31.748]]]}},{"type":"Feature","properties":{"density":2},"geometry":{"type":"Polygon","coordinates":[[[-113.009,47.585],[-113.075,47.585],[-113.156,47.535],[-113.27,47.549],[-113.291,47.54],[-113.3,47.502],[-113.239,47.423],[-113.126,47.373],[-112.915,47.418],[-112.629,47.38],[-112.559,47.391],[-112.409,47.477],[-112.375,47.511],[-112.368,47.547],[-112.424,47.58],[-112.881,47.562],[-113.009,47.585]]]}},{"type":"Feature","properties":{"density":2},"geometry":{"type":"Polygon","coordinates":[[[-113.928,46.232],[-113.975,46.199],[-113.98,46.172],[-113.955,46.142],[-113.894,46.124],[-113.845,46.156],[-113.743,46.167],[-113.584,46.217],[-113.269,46.237],[-113.194,46.268],[-113.172,46.302],[-113.217,46.352],[-113.345,46.361],[-113.777,46.286],[-113.928,46.232]]]}},{"type":"Feature","properties":{"density":2},"geometry":{"type":"Polygon","coordinates":[[[-112.551,45.682],[-112.787,45.705],[-112.958,45.698],[-113.253,45.624],[-113.336,45.563],[-113.365,45.507],[-113.32,45.475],[-113.233,45.482],[-113.003,45.565],[-112.837,45.588],[-112.519,45.552],[-112.45,45.563],[-112.456,45.619],[-112.551,45.682]]]}},{"type":"Feature","properties":{"density":2},"geometry":{"type":"Polygon","coordinates":[[[-109.86,39.493],[-109.883,39.49],[-109.901,39.457],[-109.944,39.432],[-109.95,39.385],[-109.912,39.351],[-109.797,39.403],[-109.806,39.452],[-109.86,39.493]]]}},{"type":"Feature","properties":{"density":2},"geometry":{"type":"Polygon","coordinates":[[[-114.543,41.265],[-114.607,41.286],[-114.863,41.269],[-114.941,41.248],[-114.958,41.205],[-114.921,41.164],[-114.701,41.164],[-114.522,41.124],[-114.404,41.13],[-114.428,41.171],[-114.543,41.265]]]}},{"type":"Feature","properties":{"density":2},"geometry":{"type":"Polygon","coordinates":[[[-121.444,37.544],[-121.508,37.527],[-121.545,37.476],[-121.565,37.388],[-121.558,37.253],[-121.572,37.203],[-121.612,37.135],[-121.795,36.933],[-121.866,36.794],[-121.882,36.727],[-121.889,36.626],[-121.859,36.507],[-121.893,36.379],[-121.882,36.254],[-121.795,36.126],[-121.71,36.042],[-121.643,36.011],[-121.585,36.032],[-121.538,36.109],[-121.518,36.19],[-121.518,36.295],[-121.484,36.416],[-121.477,36.558],[-121.366,36.754],[-121.302,36.953],[-121.241,37.044],[-121.214,37.118],[-121.211,37.166],[-121.251,37.213],[-121.329,37.226],[-121.366,37.267],[-121.366,37.301],[-121.319,37.392],[-121.315,37.466],[-121.349,37.513],[-121.39,37.537],[-121.444,37.544]]]}},{"type":"Feature","properties":{"density":2},"geometry":{"type":"Polygon","coordinates":[[[-119.838,45.42],[-120.06,45.393],[-120.114,45.353],[-120.112,45.31],[-120.067,45.299],[-119.887,45.314],[-119.813,45.326],[-119.745,45.359],[-119.748,45.391],[-119.838,45.42]]]}},{"type":"Feature","properties":{"density":2},"geometry":{"type":"Polygon","coordinates":[[[-122.043,45.242],[-122.114,45.293],[-122.252,45.303],[-122.408,45.269],[-122.661,45.286],[-122.728,45.235],[-122.765,45.154],[-122.813,45.094],[-122.819,45.029],[-122.698,44.959],[-122.573,44.935],[-122.374,44.834],[-122.222,44.834],[-122.046,44.948],[-121.911,44.965],[-121.854,44.999],[-121.864,45.053],[-121.982,45.137],[-122.043,45.242]]]}},{"type":"Feature","properties":{"density":2},"geometry":{"type":"Polygon","coordinates":[[[-118.225,45.856],[-118.378,45.872],[-118.495,45.784],[-118.493,45.703],[-118.421,45.656],[-118.378,45.546],[-118.356,45.526],[-118.284,45.519],[-118.191,45.537],[-118.131,45.577],[-118.099,45.629],[-118.092,45.724],[-118.142,45.789],[-118.225,45.856]]]}},{"type":"Feature","properties":{"density":2},"geometry":{"type":"Polygon","coordinates":[[[-117.978,46.111],[-118.124,46.185],[-118.214,46.189],[-118.245,46.156],[-118.248,46.111],[-118.266,46.093],[-118.342,46.072],[-118.344,46.027],[-118.293,45.942],[-118.227,45.901],[-118.032,45.888],[-117.942,45.913],[-117.899,45.953],[-117.901,46.003],[-117.978,46.111]]]}},{"type":"Feature","properties":{"density":2},"geometry":{"type":"Polygon","coordinates":[[[-118.455,45.283],[-118.502,45.252],[-118.526,45.202],[-118.533,45.131],[-118.516,45.077],[-118.452,45.029],[-118.381,44.901],[-118.337,44.854],[-118.273,44.813],[-118.222,44.813],[-118.162,44.834],[-117.892,45.013],[-117.584,45.185],[-117.382,45.34],[-117.257,45.407],[-117.203,45.461],[-117.196,45.529],[-117.223,45.593],[-117.247,45.613],[-117.287,45.634],[-117.368,45.644],[-117.446,45.637],[-117.625,45.542],[-117.733,45.509],[-117.79,45.522],[-117.848,45.573],[-117.905,45.58],[-118.023,45.532],[-118.185,45.421],[-118.455,45.283]]]}},{"type":"Feature","properties":{"density":2},"geometry":{"type":"Polygon","coordinates":[[[-115.242,44.499],[-115.411,44.587],[-115.583,44.645],[-115.755,44.661],[-115.813,44.651],[-115.9,44.607],[-115.954,44.543],[-116.035,44.381],[-116.143,44.253],[-116.184,44.159],[-116.204,43.98],[-116.154,43.851],[-116.116,43.804],[-116.039,43.77],[-115.833,43.747],[-115.661,43.632],[-115.516,43.622],[-115.344,43.811],[-115.158,43.949],[-115.047,44.098],[-115.04,44.219],[-115.074,44.321],[-115.161,44.445],[-115.242,44.499]]]}},{"type":"Feature","properties":{"density":2},"geometry":{"type":"Polygon","coordinates":[[[-116.175,46.155],[-116.233,46.162],[-116.301,46.133],[-116.371,46.13],[-116.395,46.108],[-116.398,46.058],[-116.371,46.034],[-116.35,45.939],[-116.303,45.896],[-116.227,45.896],[-116.033,46.025],[-116.031,46.065],[-116.049,46.094],[-116.175,46.155]]]}},{"type":"Feature","properties":{"density":2},"geometry":{"type":"Polygon","coordinates":[[[-116.445,46.621],[-116.481,46.619],[-116.587,46.558],[-116.596,46.52],[-116.553,46.511],[-116.418,46.542],[-116.402,46.583],[-116.445,46.621]]]}},{"type":"Feature","properties":{"density":2},"geometry":{"type":"Polygon","coordinates":[[[-116.085,46.205],[-116.125,46.173],[-116.132,46.13],[-116.096,46.07],[-116.031,46.029],[-115.882,46.038],[-115.693,46.097],[-115.648,46.085],[-115.567,46.031],[-115.399,46.022],[-115.295,45.928],[-115.268,45.937],[-115.266,45.973],[-115.243,46.0],[-115.079,46.043],[-114.994,46.094],[-114.901,46.072],[-114.854,46.036],[-114.787,46.034],[-114.789,46.065],[-114.841,46.099],[-114.856,46.128],[-114.838,46.162],[-114.78,46.205],[-114.78,46.223],[-114.861,46.272],[-114.859,46.304],[-114.771,46.414],[-114.591,46.529],[-114.568,46.589],[-114.575,46.616],[-114.634,46.657],[-114.739,46.661],[-114.793,46.652],[-114.976,46.565],[-115.185,46.515],[-115.383,46.488],[-115.579,46.504],[-115.684,46.452],[-115.855,46.324],[-116.085,46.205]]]}},{"type":"Feature","properties":{"density":2},"geometry":{"type":"Polygon","coordinates":[[[-115.356,46.643],[-115.39,46.686],[-115.462,46.729],[-115.561,46.733],[-115.691,46.603],[-115.687,46.515],[-115.626,46.47],[-115.525,46.43],[-115.464,46.418],[-115.399,46.427],[-115.372,46.443],[-115.34,46.517],[-115.356,46.643]]]}},{"type":"Feature","properties":{"density":2},"geometry":{"type":"Polygon","coordinates":[[[-115.093,46.949],[-115.173,47.003],[-115.268,47.024],[-115.373,46.961],[-115.558,46.934],[-115.596,46.882],[-115.499,46.796],[-115.412,46.781],[-115.344,46.749],[-115.218,46.754],[-115.128,46.783],[-115.065,46.841],[-115.061,46.898],[-115.093,46.949]]]}},{"type":"Feature","properties":{"density":2},"geometry":{"type":"Polygon","coordinates":[[[-122.12,45.891],[-122.238,45.968],[-122.307,45.983],[-122.371,45.968],[-122.368,45.947],[-122.341,45.929],[-122.097,45.849],[-122.12,45.891]]]}},{"type":"Feature","properties":{"density":2},"geometry":{"type":"Polygon","coordinates":[[[-119.987,49.126],[-120.05,49.177],[-120.109,49.165],[-120.115,49.12],[-120.085,49.038],[-120.107,48.903],[-120.097,48.834],[-120.046,48.763],[-119.939,48.721],[-119.843,48.631],[-119.764,48.627],[-119.63,48.727],[-119.614,48.78],[-119.624,48.808],[-119.668,48.864],[-119.876,49.006],[-119.987,49.126]]]}},{"type":"Feature","properties":{"density":2},"geometry":{"type":"Polygon","coordinates":[[[-121.04,48.865],[-121.192,48.97],[-121.33,49.007],[-121.516,48.946],[-121.637,48.94],[-121.711,48.953],[-121.762,48.98],[-121.772,49.071],[-121.819,49.142],[-121.961,49.223],[-122.126,49.27],[-122.292,49.392],[-122.386,49.395],[-122.454,49.348],[-122.488,49.304],[-122.521,49.21],[-122.518,49.088],[-122.491,49.034],[-122.42,48.953],[-122.319,48.872],[-122.272,48.795],[-122.245,48.656],[-122.272,48.582],[-122.268,48.518],[-122.241,48.498],[-122.133,48.487],[-122.069,48.46],[-122.056,48.44],[-122.062,48.312],[-122.022,48.268],[-121.985,48.251],[-121.843,48.248],[-121.769,48.221],[-121.283,47.968],[-120.874,47.792],[-120.739,47.62],[-120.658,47.549],[-120.429,47.468],[-120.351,47.404],[-120.189,47.357],[-120.155,47.377],[-120.149,47.431],[-120.257,47.509],[-120.267,47.573],[-120.216,47.715],[-120.193,47.735],[-120.078,47.765],[-120.054,47.785],[-120.054,47.816],[-120.108,47.853],[-120.193,47.877],[-120.25,47.92],[-120.355,48.123],[-120.55,48.339],[-120.625,48.4],[-120.854,48.514],[-120.925,48.599],[-121.04,48.865]],[[-121.941,49.081],[-122.039,49.051],[-122.056,49.024],[-122.049,48.987],[-121.958,48.899],[-121.917,48.825],[-121.836,48.818],[-121.779,48.852],[-121.759,48.879],[-121.762,48.906],[-121.853,49.054],[-121.883,49.078],[-121.941,49.081]],[[-121.377,48.933],[-121.462,48.943],[-121.536,48.886],[-121.58,48.778],[-121.563,48.697],[-121.526,48.683],[-121.489,48.693],[-121.428,48.747],[-121.296,48.781],[-121.293,48.832],[-121.313,48.879],[-121.377,48.933]],[[-120.422,47.819],[-120.49,47.843],[-120.53,47.802],[-120.537,47.772],[-120.476,47.62],[-120.429,47.593],[-120.398,47.6],[-120.351,47.667],[-120.355,47.718],[-120.422,47.819]]]}},{"type":"Feature","properties":{"density":2},"geometry":{"type":"Polygon","coordinates":[[[-126.483,50.075],[-126.508,50.145],[-126.573,50.231],[-126.753,50.28],[-126.879,50.354],[-126.922,50.357],[-126.933,50.341],[-126.918,50.287],[-126.879,50.251],[-126.681,50.186],[-126.533,50.035],[-126.461,50.015],[-126.483,50.075]]]}},{"type":"Feature","properties":{"density":2},"geometry":{"type":"Polygon","coordinates":[[[-126.14,50.167],[-126.263,50.256],[-126.413,50.245],[-126.446,50.226],[-126.449,50.208],[-126.42,50.176],[-126.263,50.172],[-126.11,50.11],[-126.108,50.14],[-126.14,50.167]]]}},{"type":"Feature","properties":{"density":2},"geometry":{"type":"Polygon","coordinates":[[[-126.91,50.617],[-126.948,50.646],[-126.982,50.626],[-126.984,50.578],[-126.944,50.479],[-126.903,50.425],[-126.782,50.347],[-126.764,50.374],[-126.847,50.475],[-126.91,50.617]]]}},{"type":"Feature","properties":{"density":2},"geometry":{"type":"Polygon","coordinates":[[[-126.265,52.87],[-126.335,52.951],[-126.396,52.957],[-126.418,52.928],[-126.416,52.798],[-126.371,52.766],[-126.238,52.764],[-126.234,52.804],[-126.265,52.87]]]}},{"type":"Feature","properties":{"density":2},"geometry":{"type":"Polygon","coordinates":[[[-125.525,53.173],[-125.552,53.18],[-125.597,53.131],[-125.592,52.969],[-125.622,52.87],[-125.608,52.791],[-125.545,52.703],[-125.471,52.649],[-125.385,52.611],[-125.302,52.595],[-125.273,52.656],[-125.282,52.687],[-125.381,52.831],[-125.446,53.034],[-125.525,53.173]]]}},{"type":"Feature","properties":{"density":2},"geometry":{"type":"Polygon","coordinates":[[[-122.07,51.401],[-122.398,51.435],[-122.558,51.516],[-122.731,51.673],[-122.792,51.691],[-122.812,51.68],[-122.824,51.588],[-122.799,51.538],[-122.752,51.491],[-122.617,51.421],[-122.484,51.381],[-122.239,51.34],[-122.025,51.342],[-122.018,51.374],[-122.07,51.401]]]}},{"type":"Feature","properties":{"density":2},"geometry":{"type":"Polygon","coordinates":[[[-122.01,50.392],[-122.12,50.385],[-122.183,50.345],[-122.195,50.255],[-122.174,50.214],[-122.042,50.111],[-121.884,50.057],[-121.817,50.063],[-121.801,50.147],[-121.844,50.23],[-121.801,50.297],[-121.81,50.34],[-121.857,50.367],[-122.01,50.392]]]}},{"type":"Feature","properties":{"density":2},"geometry":{"type":"Polygon","coordinates":[[[-121.571,50.59],[-121.611,50.605],[-121.692,50.595],[-121.743,50.524],[-121.748,50.428],[-121.713,50.104],[-121.834,50.033],[-121.844,50.003],[-121.839,49.972],[-121.738,49.906],[-121.723,49.815],[-121.642,49.694],[-121.627,49.598],[-121.647,49.537],[-121.682,49.491],[-121.778,49.42],[-122.194,49.248],[-122.229,49.203],[-122.234,49.162],[-122.188,49.086],[-122.118,49.046],[-122.042,49.015],[-121.93,49.01],[-121.773,49.091],[-121.652,49.243],[-121.581,49.289],[-121.551,49.289],[-121.49,49.167],[-121.287,49.091],[-121.232,49.031],[-121.156,48.99],[-121.075,48.98],[-121.039,49.0],[-120.984,49.076],[-120.968,49.132],[-120.984,49.258],[-121.019,49.284],[-121.156,49.309],[-121.237,49.385],[-121.257,49.456],[-121.252,49.542],[-121.161,49.729],[-121.161,49.851],[-121.206,49.927],[-121.358,50.038],[-121.348,50.185],[-121.358,50.291],[-121.495,50.504],[-121.571,50.59]]]}},{"type":"Feature","properties":{"density":2},"geometry":{"type":"Polygon","coordinates":[[[-120.003,49.63],[-120.113,49.657],[-120.261,49.765],[-120.306,49.762],[-120.315,49.738],[-120.293,49.677],[-120.27,49.645],[-120.214,49.616],[-119.969,49.58],[-119.964,49.618],[-120.003,49.63]]]}},{"type":"Feature","properties":{"density":2},"geometry":{"type":"Polygon","coordinates":[[[-92.467,52.06],[-92.501,52.06],[-92.536,52.037],[-92.605,51.904],[-92.612,51.821],[-92.582,51.77],[-92.54,51.785],[-92.491,51.932],[-92.446,52.0],[-92.443,52.028],[-92.467,52.06]]]}},{"type":"Feature","properties":{"density":2},"geometry":{"type":"Polygon","coordinates":[[[-80.057,22.776],[-80.122,22.777],[-80.234,22.742],[-80.242,22.727],[-80.2,22.717],[-80.034,22.748],[-80.057,22.776]]]}},{"type":"Feature","properties":{"density":2},"geometry":{"type":"Polygon","coordinates":[[[-83.209,24.035],[-83.362,24.019],[-83.537,23.964],[-83.718,23.882],[-83.751,23.849],[-83.97,23.515],[-84.085,23.306],[-84.096,23.257],[-84.085,23.158],[-83.981,23.153],[-83.855,23.197],[-83.68,23.142],[-83.62,23.164],[-83.576,23.219],[-83.461,23.263],[-83.406,23.235],[-83.329,23.235],[-83.252,23.279],[-83.203,23.383],[-83.165,23.646],[-83.099,23.767],[-83.022,23.854],[-83.011,23.909],[-83.05,23.981],[-83.209,24.035]]]}},{"type":"Feature","properties":{"density":2},"geometry":{"type":"Polygon","coordinates":[[[-81.161,26.989],[-81.173,26.949],[-81.163,26.926],[-80.882,27.197],[-80.755,27.402],[-80.744,27.447],[-80.768,27.486],[-80.843,27.48],[-80.937,27.407],[-80.989,27.214],[-81.161,26.989]]]}},{"type":"Feature","properties":{"density":2},"geometry":{"type":"Polygon","coordinates":[[[-86.136,33.296],[-86.158,33.276],[-86.155,33.252],[-86.092,33.152],[-85.997,33.133],[-85.946,33.154],[-85.951,33.198],[-86.136,33.296]]]}},{"type":"Feature","properties":{"density":2},"geometry":{"type":"Polygon","coordinates":[[[-87.652,36.889],[-87.691,36.881],[-87.713,36.855],[-87.715,36.762],[-87.679,36.691],[-87.596,36.599],[-87.52,36.589],[-87.501,36.604],[-87.503,36.638],[-87.571,36.745],[-87.596,36.838],[-87.62,36.877],[-87.652,36.889]]]}},{"type":"Feature","properties":{"density":2},"geometry":{"type":"Polygon","coordinates":[[[-90.413,35.333],[-90.525,35.311],[-90.615,35.223],[-90.627,35.189],[-90.561,35.187],[-90.461,35.248],[-90.381,35.274],[-90.379,35.311],[-90.413,35.333]]]}},{"type":"Feature","properties":{"density":2},"geometry":{"type":"Polygon","coordinates":[[[-90.224,35.728],[-90.256,35.731],[-90.3,35.699],[-90.346,35.57],[-90.397,35.504],[-90.4,35.46],[-90.383,35.436],[-90.327,35.434],[-90.12,35.536],[-90.107,35.572],[-90.115,35.619],[-90.224,35.728]]]}},{"type":"Feature","properties":{"density":2},"geometry":{"type":"Polygon","coordinates":[[[-90.407,35.943],[-90.453,35.933],[-90.497,35.877],[-90.492,35.85],[-90.465,35.85],[-90.402,35.894],[-90.39,35.935],[-90.407,35.943]]]}},{"type":"Feature","properties":{"density":2},"geometry":{"type":"Polygon","coordinates":[[[-97.787,33.668],[-97.867,33.701],[-98.014,33.711],[-98.09,33.697],[-98.171,33.638],[-98.24,33.532],[-98.266,33.346],[-98.324,33.207],[-98.488,33.036],[-98.576,32.9],[-98.591,32.732],[-98.573,32.615],[-98.507,32.498],[-98.412,32.389],[-98.236,32.393],[-98.05,32.301],[-97.966,32.323],[-97.922,32.363],[-97.9,32.444],[-97.94,32.626],[-97.933,32.677],[-97.871,32.74],[-97.648,32.857],[-97.528,32.944],[-97.465,33.039],[-97.451,33.127],[-97.484,33.215],[-97.531,33.277],[-97.615,33.459],[-97.787,33.668]]]}},{"type":"Feature","properties":{"density":2},"geometry":{"type":"Polygon","coordinates":[[[-98.002,32.412],[-98.177,32.357],[-98.287,32.248],[-98.331,32.087],[-98.32,31.985],[-98.294,31.93],[-98.305,31.882],[-98.342,31.882],[-98.397,31.926],[-98.444,31.915],[-98.455,31.893],[-98.448,31.773],[-98.338,31.564],[-98.298,31.513],[-98.166,31.451],[-98.071,31.455],[-98.02,31.491],[-97.969,31.557],[-97.94,31.725],[-97.933,31.904],[-97.812,32.24],[-97.805,32.291],[-97.845,32.357],[-97.892,32.39],[-98.002,32.412]]]}},{"type":"Feature","properties":{"density":2},"geometry":{"type":"Polygon","coordinates":[[[-97.72,31.897],[-97.782,31.893],[-97.793,31.879],[-97.837,31.641],[-97.837,31.539],[-97.804,31.352],[-97.774,31.261],[-97.745,31.239],[-97.72,31.265],[-97.723,31.502],[-97.661,31.754],[-97.669,31.838],[-97.72,31.897]]]}},{"type":"Feature","properties":{"density":2},"geometry":{"type":"Polygon","coordinates":[[[-112.831,47.677],[-112.966,47.662],[-113.101,47.593],[-113.189,47.487],[-113.182,47.425],[-113.112,47.374],[-113.028,47.352],[-112.634,47.341],[-112.345,47.271],[-112.254,47.268],[-111.991,47.304],[-111.665,47.231],[-111.497,47.253],[-111.238,47.33],[-110.887,47.395],[-110.822,47.417],[-110.774,47.461],[-110.759,47.498],[-110.763,47.545],[-110.792,47.6],[-110.84,47.633],[-111.019,47.691],[-111.227,47.717],[-112.484,47.717],[-112.831,47.677]]]}},{"type":"Feature","properties":{"density":2},"geometry":{"type":"Polygon","coordinates":[[[-113.907,46.417],[-113.987,46.333],[-114.024,46.224],[-114.024,46.162],[-113.965,46.089],[-113.874,46.074],[-113.805,46.081],[-113.622,46.125],[-113.293,46.118],[-112.942,46.253],[-112.628,46.407],[-112.343,46.502],[-112.234,46.571],[-112.204,46.67],[-112.288,46.783],[-112.416,46.83],[-112.705,46.838],[-112.997,46.783],[-113.246,46.819],[-113.494,46.713],[-113.907,46.417]]]}},{"type":"Feature","properties":{"density":2},"geometry":{"type":"Polygon","coordinates":[[[-112.214,45.758],[-112.502,45.806],[-112.572,45.802],[-112.769,45.736],[-113.248,45.648],[-113.335,45.59],[-113.353,45.542],[-113.302,45.491],[-113.218,45.473],[-113.09,45.491],[-112.681,45.623],[-112.528,45.626],[-112.254,45.575],[-112.159,45.572],[-112.115,45.59],[-112.1,45.67],[-112.166,45.74],[-112.214,45.758]]]}},{"type":"Feature","properties":{"density":2},"geometry":{"type":"Polygon","coordinates":[[[-112.747,31.885],[-112.79,31.891],[-112.803,31.867],[-112.743,31.805],[-112.562,31.779],[-112.557,31.795],[-112.574,31.811],[-112.705,31.85],[-112.747,31.885]]]}},{"type":"Feature","properties":{"density":2},"geometry":{"type":"Polygon","coordinates":[[[-109.48,39.679],[-109.809,39.515],[-109.911,39.43],[-109.937,39.372],[-109.893,39.376],[-109.809,39.416],[-109.418,39.628],[-109.388,39.657],[-109.374,39.704],[-109.48,39.679]]]}},{"type":"Feature","properties":{"density":2},"geometry":{"type":"Polygon","coordinates":[[[-116.346,48.936],[-116.433,48.985],[-116.506,48.992],[-116.65,48.924],[-116.662,48.878],[-116.614,48.863],[-116.489,48.895],[-116.394,48.839],[-116.312,48.822],[-116.292,48.846],[-116.316,48.907],[-116.346,48.936]]]}},{"type":"Feature","properties":{"density":2},"geometry":{"type":"Polygon","coordinates":[[[-114.756,47.161],[-115.049,47.178],[-115.112,47.158],[-115.236,47.046],[-115.351,46.983],[-115.395,46.9],[-115.382,46.837],[-115.246,46.756],[-115.197,46.759],[-114.963,46.834],[-114.832,46.915],[-114.647,46.978],[-114.586,47.024],[-114.586,47.07],[-114.62,47.112],[-114.756,47.161]]]}},{"type":"Feature","properties":{"density":2},"geometry":{"type":"Polygon","coordinates":[[[-116.547,46.666],[-116.591,46.69],[-116.659,46.695],[-116.712,46.671],[-116.744,46.632],[-116.739,46.535],[-116.688,46.457],[-116.644,46.432],[-116.588,46.423],[-116.379,46.464],[-116.179,46.469],[-115.996,46.574],[-115.962,46.61],[-115.947,46.654],[-115.957,46.7],[-116.001,46.734],[-116.064,46.751],[-116.118,46.749],[-116.415,46.644],[-116.488,46.642],[-116.547,46.666]]]}},{"type":"Feature","properties":{"density":2},"geometry":{"type":"Polygon","coordinates":[[[-115.244,46.739],[-115.356,46.744],[-115.426,46.7],[-115.504,46.547],[-115.46,46.466],[-115.365,46.449],[-115.324,46.476],[-115.268,46.547],[-115.119,46.605],[-115.122,46.673],[-115.168,46.71],[-115.244,46.739]]]}},{"type":"Feature","properties":{"density":2},"geometry":{"type":"Polygon","coordinates":[[[-115.516,46.251],[-115.553,46.262],[-115.633,46.254],[-115.706,46.192],[-115.721,46.141],[-115.703,46.094],[-115.567,46.002],[-115.472,45.827],[-115.388,45.743],[-115.253,45.714],[-115.038,45.769],[-114.848,45.787],[-114.709,45.838],[-114.607,45.926],[-114.384,46.207],[-114.252,46.324],[-114.084,46.419],[-113.876,46.474],[-113.774,46.58],[-113.752,46.631],[-113.752,46.689],[-113.799,46.788],[-113.89,46.865],[-114.132,46.927],[-114.292,46.941],[-114.431,46.901],[-114.661,46.777],[-114.924,46.678],[-115.03,46.609],[-115.198,46.408],[-115.334,46.284],[-115.421,46.244],[-115.516,46.251]]]}},{"type":"Feature","properties":{"density":2},"geometry":{"type":"Polygon","coordinates":[[[-116.088,46.318],[-116.17,46.313],[-116.214,46.264],[-116.426,46.198],[-116.455,46.164],[-116.482,46.077],[-116.485,46.03],[-116.446,45.945],[-116.416,45.921],[-116.368,45.918],[-116.275,45.938],[-116.107,46.023],[-115.944,46.062],[-115.912,46.099],[-115.912,46.14],[-115.932,46.177],[-116.056,46.315],[-116.088,46.318]]]}},{"type":"Feature","properties":{"density":2},"geometry":{"type":"Polygon","coordinates":[[[-114.426,44.537],[-114.609,44.57],[-114.836,44.551],[-115.095,44.478],[-115.329,44.369],[-115.541,44.336],[-115.654,44.266],[-115.734,44.182],[-115.866,44.102],[-115.906,44.043],[-115.899,43.967],[-115.848,43.883],[-115.749,43.835],[-115.632,43.799],[-115.431,43.791],[-115.303,43.828],[-114.839,44.014],[-114.488,44.051],[-114.335,44.098],[-114.262,44.16],[-114.233,44.252],[-114.244,44.303],[-114.317,44.427],[-114.368,44.493],[-114.426,44.537]]]}},{"type":"Feature","properties":{"density":2},"geometry":{"type":"Polygon","coordinates":[[[-119.949,41.745],[-119.986,41.752],[-119.997,41.741],[-120.008,41.723],[-119.997,41.676],[-119.909,41.588],[-119.832,41.573],[-119.836,41.613],[-119.909,41.723],[-119.949,41.745]]]}},{"type":"Feature","properties":{"density":2},"geometry":{"type":"Polygon","coordinates":[[[-120.824,38.598],[-120.912,38.598],[-121.017,38.537],[-121.064,38.422],[-121.071,38.281],[-121.054,38.203],[-121.01,38.119],[-120.861,37.93],[-120.868,37.731],[-120.811,37.531],[-120.73,37.45],[-120.642,37.447],[-120.581,37.491],[-120.524,37.599],[-120.527,37.72],[-120.554,37.785],[-120.558,37.852],[-120.443,38.112],[-120.436,38.271],[-120.412,38.325],[-120.409,38.402],[-120.487,38.503],[-120.723,38.584],[-120.824,38.598]]]}},{"type":"Feature","properties":{"density":2},"geometry":{"type":"Polygon","coordinates":[[[-121.251,38.859],[-121.413,38.794],[-121.469,38.748],[-121.484,38.713],[-121.484,38.53],[-121.433,38.399],[-121.433,38.363],[-121.499,38.161],[-121.524,38.019],[-121.524,37.928],[-121.489,37.801],[-121.489,37.655],[-121.55,37.518],[-121.717,37.381],[-121.767,37.29],[-121.798,37.189],[-121.924,37.057],[-121.995,36.9],[-121.99,36.753],[-121.884,36.328],[-121.761,36.055],[-121.71,35.997],[-121.685,35.992],[-121.609,36.003],[-121.538,36.053],[-121.341,36.372],[-121.31,36.564],[-121.26,36.691],[-121.214,36.934],[-121.057,37.202],[-121.017,37.299],[-120.986,37.557],[-120.9,37.891],[-120.89,37.997],[-120.92,38.21],[-120.92,38.357],[-120.915,38.508],[-120.88,38.66],[-120.9,38.812],[-120.961,38.868],[-121.037,38.898],[-121.128,38.903],[-121.251,38.859]]]}},{"type":"Feature","properties":{"density":2},"geometry":{"type":"Polygon","coordinates":[[[-121.62,42.678],[-121.691,42.614],[-121.735,42.539],[-121.728,42.465],[-121.695,42.414],[-121.658,42.431],[-121.678,42.506],[-121.56,42.637],[-121.57,42.681],[-121.62,42.678]]]}},{"type":"Feature","properties":{"density":2},"geometry":{"type":"Polygon","coordinates":[[[-121.55,45.623],[-121.651,45.649],[-121.889,45.644],[-122.117,45.674],[-122.365,45.745],[-122.542,45.775],[-122.684,45.765],[-122.876,45.684],[-122.916,45.664],[-122.997,45.578],[-123.078,45.416],[-123.094,45.355],[-123.099,45.178],[-123.205,44.99],[-123.21,44.879],[-123.195,44.828],[-123.154,44.803],[-123.058,44.793],[-123.002,44.798],[-122.906,44.839],[-122.805,44.834],[-122.643,44.702],[-122.451,44.656],[-122.162,44.702],[-122.051,44.763],[-122.005,44.808],[-121.884,44.859],[-121.838,44.894],[-121.777,44.965],[-121.727,45.082],[-121.666,45.142],[-121.469,45.279],[-121.413,45.39],[-121.398,45.482],[-121.443,45.542],[-121.55,45.623]]]}},{"type":"Feature","properties":{"density":2},"geometry":{"type":"Polygon","coordinates":[[[-116.479,45.765],[-116.259,45.833],[-116.123,45.894],[-116.031,45.947],[-115.94,46.031],[-115.902,46.122],[-115.917,46.236],[-115.978,46.319],[-116.069,46.38],[-116.206,46.403],[-116.343,46.403],[-116.927,46.259],[-117.262,46.198],[-117.603,46.016],[-117.702,45.985],[-118.196,45.94],[-118.423,45.894],[-118.628,45.818],[-118.704,45.773],[-118.78,45.689],[-118.803,45.613],[-118.803,45.469],[-118.94,45.287],[-118.963,45.218],[-118.963,45.15],[-118.932,45.013],[-118.826,44.816],[-118.75,44.732],[-118.697,44.702],[-118.347,44.656],[-118.158,44.656],[-118.044,44.626],[-117.998,44.641],[-117.968,44.672],[-117.991,44.831],[-117.96,44.884],[-117.915,44.922],[-117.801,44.983],[-117.383,45.051],[-117.216,45.097],[-117.057,45.165],[-116.988,45.211],[-116.821,45.37],[-116.479,45.765]]]}},{"type":"Feature","properties":{"density":2},"geometry":{"type":"Polygon","coordinates":[[[-117.968,46.032],[-118.052,46.088],[-118.124,46.113],[-118.135,46.037],[-118.173,45.987],[-118.173,45.949],[-118.16,45.931],[-118.103,45.915],[-117.935,45.915],[-117.919,45.929],[-117.921,45.965],[-117.968,46.032]]]}},{"type":"Feature","properties":{"density":2},"geometry":{"type":"Polygon","coordinates":[[[-118.126,45.705],[-118.189,45.705],[-118.243,45.658],[-118.245,45.61],[-118.232,45.595],[-118.191,45.581],[-118.058,45.617],[-118.058,45.649],[-118.097,45.696],[-118.126,45.705]]]}},{"type":"Feature","properties":{"density":2},"geometry":{"type":"Polygon","coordinates":[[[-122.215,45.987],[-122.377,46.081],[-122.476,46.106],[-122.597,46.054],[-122.615,46.021],[-122.561,45.958],[-122.503,45.926],[-122.14,45.827],[-122.066,45.834],[-122.08,45.89],[-122.17,45.967],[-122.215,45.987]]]}},{"type":"Feature","properties":{"density":2},"geometry":{"type":"Polygon","coordinates":[[[-120.107,49.388],[-120.255,49.398],[-120.556,49.321],[-120.593,49.29],[-120.59,49.189],[-120.498,49.105],[-120.353,49.013],[-120.093,48.706],[-119.979,48.622],[-119.823,48.581],[-119.753,48.585],[-119.651,48.635],[-119.493,48.767],[-119.489,48.818],[-119.537,48.929],[-119.628,49.02],[-119.847,49.148],[-120.107,49.388]]]}},{"type":"Feature","properties":{"density":2},"geometry":{"type":"Polygon","coordinates":[[[-120.183,49.848],[-120.444,49.945],[-120.536,49.956],[-120.617,49.915],[-120.651,49.814],[-120.644,49.767],[-120.595,49.688],[-120.485,49.596],[-120.336,49.51],[-120.206,49.492],[-119.99,49.506],[-119.924,49.533],[-119.904,49.571],[-119.915,49.618],[-120.134,49.823],[-120.183,49.848]]]}},{"type":"Feature","properties":{"density":2},"geometry":{"type":"Polygon","coordinates":[[[-126.838,50.925],[-126.922,50.925],[-126.966,50.905],[-127.034,50.837],[-127.074,50.652],[-127.108,50.567],[-127.118,50.449],[-127.061,50.287],[-126.851,50.037],[-126.801,50.0],[-126.74,49.983],[-126.423,49.963],[-126.24,49.983],[-125.967,50.088],[-125.785,50.095],[-125.717,50.115],[-125.673,50.156],[-125.673,50.237],[-125.839,50.395],[-125.937,50.567],[-126.072,50.733],[-126.176,50.824],[-126.261,50.871],[-126.335,50.885],[-126.612,50.871],[-126.743,50.891],[-126.838,50.925]]]}},{"type":"Feature","properties":{"density":2},"geometry":{"type":"Polygon","coordinates":[[[-126.041,53.393],[-126.122,53.418],[-126.183,53.403],[-126.289,53.322],[-126.325,53.266],[-126.375,53.241],[-126.477,53.236],[-126.512,53.21],[-126.532,53.069],[-126.467,52.831],[-126.421,52.75],[-126.36,52.704],[-126.294,52.679],[-126.203,52.684],[-126.127,52.719],[-126.001,52.826],[-125.889,52.952],[-125.879,53.033],[-125.915,53.195],[-125.986,53.347],[-126.041,53.393]]]}},{"type":"Feature","properties":{"density":2},"geometry":{"type":"Polygon","coordinates":[[[-125.403,53.266],[-125.479,53.322],[-125.54,53.327],[-125.606,53.291],[-125.667,53.18],[-125.682,53.094],[-125.616,52.861],[-125.606,52.735],[-125.535,52.633],[-125.439,52.567],[-125.373,52.562],[-125.307,52.573],[-125.191,52.659],[-125.15,52.709],[-125.13,52.826],[-125.186,52.932],[-125.241,53.104],[-125.317,53.205],[-125.403,53.266]]]}},{"type":"Feature","properties":{"density":2},"geometry":{"type":"Polygon","coordinates":[[[-124.761,54.274],[-124.863,54.342],[-125.034,54.387],[-125.205,54.387],[-125.501,54.308],[-125.774,54.125],[-126.424,53.59],[-126.549,53.453],[-126.629,53.305],[-126.72,52.964],[-126.697,52.736],[-126.629,52.611],[-126.515,52.542],[-126.344,52.519],[-126.15,52.508],[-125.979,52.531],[-125.752,52.519],[-125.501,52.474],[-125.228,52.462],[-124.966,52.542],[-124.795,52.667],[-124.761,52.872],[-124.829,53.226],[-124.783,53.374],[-124.647,53.601],[-124.601,53.727],[-124.578,53.886],[-124.612,54.091],[-124.761,54.274]]]}},{"type":"Feature","properties":{"density":2},"geometry":{"type":"Polygon","coordinates":[[[-121.096,64.201],[-121.224,64.227],[-121.762,64.227],[-122.301,64.175],[-122.557,64.073],[-123.377,63.893],[-124.761,63.919],[-125.145,63.816],[-125.504,63.509],[-125.837,63.073],[-126.017,62.586],[-126.119,62.125],[-126.658,61.1],[-126.709,60.741],[-126.709,60.228],[-126.658,59.767],[-126.555,59.408],[-126.324,59.049],[-126.068,58.793],[-125.709,58.563],[-125.427,58.46],[-122.941,57.922],[-121.967,58.178],[-121.66,58.229],[-121.019,58.281],[-120.584,58.306],[-120.173,58.306],[-119.353,58.178],[-116.739,57.307],[-116.227,57.025],[-115.509,56.487],[-115.125,55.82],[-115.15,55.641],[-115.304,55.359],[-115.483,55.077],[-115.765,54.539],[-115.919,53.924],[-115.945,53.667],[-115.945,53.334],[-115.919,52.95],[-115.817,52.54],[-115.509,51.617],[-115.278,51.233],[-114.971,50.899],[-114.304,50.259],[-113.741,49.797],[-113.177,49.413],[-112.51,49.029],[-111.665,48.695],[-110.793,48.465],[-109.845,48.311],[-108.999,48.234],[-108.128,48.234],[-107.359,48.311],[-106.078,48.542],[-104.924,48.875],[-104.412,48.977],[-103.976,48.952],[-103.797,48.721],[-103.848,48.362],[-104.309,47.593],[-104.745,47.363],[-105.206,47.209],[-105.693,47.132],[-106.359,46.978],[-107.026,46.927],[-107.641,46.953],[-108.359,47.055],[-109.179,47.26],[-110.204,47.568],[-111.255,47.927],[-112.587,48.311],[-113.228,48.542],[-114.381,49.054],[-114.996,49.259],[-115.612,49.362],[-116.124,49.336],[-116.534,49.234],[-116.816,49.029],[-116.995,48.824],[-117.175,48.567],[-117.406,48.362],[-117.713,48.234],[-118.097,48.183],[-118.482,48.157],[-119.071,48.234],[-119.251,48.388],[-119.456,48.695],[-119.533,49.054],[-119.635,49.259],[-119.815,49.516],[-119.968,49.695],[-120.199,49.951],[-120.327,50.054],[-120.763,50.259],[-120.891,50.361],[-120.917,50.489],[-120.84,50.669],[-120.686,50.899],[-120.66,51.105],[-120.66,51.31],[-120.558,51.617],[-120.353,51.899],[-120.302,52.155],[-120.404,52.412],[-120.609,52.745],[-121.07,53.385],[-121.199,53.77],[-121.686,54.846],[-122.07,55.205],[-122.864,55.666],[-123.121,55.871],[-123.326,56.077],[-123.582,56.282],[-123.813,56.435],[-124.264,56.521],[-124.812,56.41],[-124.966,56.333],[-125.12,56.128],[-125.145,55.948],[-124.992,55.692],[-124.812,55.513],[-124.71,55.385],[-124.684,55.18],[-124.761,54.974],[-125.017,54.795],[-125.35,54.641],[-126.376,54.231],[-126.581,54.077],[-127.016,53.565],[-127.17,53.334],[-127.298,52.95],[-127.298,52.745],[-127.145,52.54],[-126.939,52.386],[-126.658,52.283],[-125.863,52.155],[-125.504,52.155],[-125.145,52.13],[-124.889,52.078],[-124.3,51.797],[-123.838,51.46],[-123.326,51.347],[-122.813,51.312],[-122.699,51.255],[-122.574,51.142],[-122.323,51.039],[-122.301,50.993],[-122.392,50.788],[-122.415,50.629],[-122.38,50.561],[-122.232,50.367],[-122.118,50.264],[-122.084,50.173],[-122.084,50.094],[-122.061,50.002],[-122.016,49.923],[-121.97,49.877],[-121.936,49.797],[-121.925,49.729],[-122.027,49.467],[-122.073,49.444],[-122.13,49.456],[-122.198,49.535],[-122.255,49.558],[-122.517,49.558],[-122.574,49.592],[-122.608,49.649],[-122.768,49.752],[-122.87,49.763],[-122.927,49.718],[-122.995,49.627],[-123.075,49.57],[-123.166,49.547],[-123.383,49.535],[-123.451,49.547],[-124.017,49.778],[-124.419,49.892],[-124.503,49.908],[-124.609,49.885],[-124.685,49.809],[-124.708,49.703],[-124.677,49.581],[-124.609,49.475],[-124.313,49.277],[-124.146,49.201],[-124.093,49.141],[-124.047,49.049],[-123.952,48.784],[-123.952,48.746],[-123.983,48.677],[-124.135,48.457],[-124.15,48.404],[-124.142,48.153],[-124.104,48.131],[-123.937,48.1],[-123.573,48.055],[-123.504,48.032],[-123.368,47.91],[-123.314,47.751],[-123.299,47.531],[-123.254,47.288],[-123.036,46.854],[-122.934,46.82],[-122.626,46.786],[-121.909,46.768],[-121.516,46.7],[-121.328,46.649],[-121.157,46.563],[-120.986,46.444],[-120.798,46.273],[-120.61,46.051],[-120.234,45.47],[-119.585,44.855],[-119.277,44.752],[-118.936,44.718],[-118.731,44.701],[-118.355,44.701],[-118.167,44.718],[-117.979,44.752],[-116.766,45.06],[-116.527,45.179],[-116.304,45.231],[-115.587,45.265],[-115.279,45.248],[-114.698,45.162],[-113.81,44.889],[-113.349,44.787],[-112.973,44.684],[-112.289,44.616],[-110.769,44.599],[-109.743,44.701],[-108.359,44.889],[-107.642,45.162],[-107.3,45.316],[-106.531,45.538],[-105.643,45.709],[-105.216,45.76],[-104.754,45.76],[-102.683,45.871],[-100.402,46.077],[-100.145,46.077],[-99.633,45.948],[-99.095,45.769],[-98.582,45.564],[-98.146,45.359],[-97.685,45.103],[-97.249,44.769],[-96.891,44.436],[-96.583,44.052],[-96.378,43.565],[-96.25,42.591],[-96.327,42.053],[-96.48,41.72],[-96.686,41.412],[-97.121,40.848],[-97.275,40.541],[-97.326,40.207],[-97.352,39.951],[-97.301,39.669],[-97.172,39.387],[-96.967,39.131],[-96.686,38.875],[-96.352,38.695],[-95.865,38.542],[-94.994,38.311],[-94.02,38.106],[-93.482,37.927],[-92.841,37.67],[-92.175,37.311],[-91.406,36.799],[-90.945,36.235],[-90.688,35.799],[-90.483,35.261],[-90.253,34.851],[-89.945,34.415],[-89.586,34.057],[-89.048,33.723],[-88.484,33.518],[-87.818,33.441],[-87.382,33.518],[-87.228,33.826],[-87.228,34.185],[-87.357,34.646],[-87.562,35.159],[-87.844,35.671],[-88.254,36.235],[-88.766,36.824],[-89.407,37.414],[-90.048,37.952],[-90.663,38.311],[-91.252,38.618],[-91.842,38.9],[-92.534,39.285],[-93.123,39.746],[-93.559,40.31],[-93.661,40.669],[-93.456,42.181],[-92.995,42.412],[-92.265,42.412],[-91.534,42.219],[-90.611,41.835],[-90.227,41.566],[-89.804,41.181],[-89.151,40.451],[-88.459,39.605],[-87.203,38.747],[-86.562,38.26],[-86.101,37.773],[-85.563,37.363],[-84.973,36.953],[-84.537,36.619],[-82.923,35.569],[-82.718,35.415],[-82.385,35.21],[-81.923,34.954],[-81.359,34.723],[-80.796,34.518],[-80.104,34.364],[-79.386,34.338],[-78.617,34.39],[-77.643,34.595],[-76.746,34.851],[-75.9,35.184],[-75.132,35.543],[-74.235,36.056],[-73.414,36.568],[-72.133,37.516],[-71.467,38.029],[-70.775,38.618],[-70.185,39.182],[-69.596,39.823],[-69.109,40.438],[-68.673,41.028],[-68.366,41.489],[-68.135,42.078],[-67.981,42.642],[-67.955,43.155],[-67.571,44.59],[-67.571,45.205],[-67.597,45.666],[-67.725,46.077],[-67.904,46.307],[-68.109,46.461],[-68.366,46.538],[-68.596,46.512],[-68.955,46.282],[-69.288,45.974],[-69.801,45.154],[-70.083,44.59],[-70.313,44.18],[-70.544,43.821],[-70.8,43.36],[-71.108,42.899],[-71.467,42.463],[-72.338,41.463],[-72.953,40.823],[-73.543,40.336],[-74.158,39.977],[-74.773,39.721],[-75.516,39.516],[-76.131,39.464],[-76.746,39.464],[-77.336,39.516],[-78.002,39.516],[-78.745,39.439],[-80.18,39.336],[-80.898,39.439],[-81.59,39.618],[-82.385,39.849],[-83.205,40.156],[-83.922,40.464],[-87.568,43.456],[-87.837,43.725],[-88.145,44.109],[-88.414,44.609],[-88.644,45.263],[-88.837,46.032],[-88.952,46.954],[-88.952,47.992],[-88.683,48.838],[-87.991,49.722],[-87.03,50.683],[-86.146,51.375],[-85.185,51.875],[-84.223,52.336],[-83.493,52.721],[-82.878,52.99],[-80.571,54.066],[-79.841,54.605],[-79.187,55.22],[-78.649,55.758],[-78.073,56.565],[-77.727,57.257],[-77.457,58.064],[-77.092,59.833],[-77.131,60.333],[-77.438,61.063],[-78.053,61.678],[-78.861,62.332],[-79.937,62.87],[-80.975,63.101],[-83.82,63.101],[-84.973,63.062],[-86.395,63.216],[-87.818,63.6],[-90.317,64.446],[-97.967,66.099],[-99.812,66.368],[-100.966,66.484],[-102.157,66.56],[-103.541,66.676],[-105.848,66.676],[-106.924,66.599],[-107.885,66.368],[-108.731,66.022],[-109.423,65.599],[-109.961,65.215],[-110.73,64.754],[-111.499,64.446],[-112.614,64.138],[-113.806,63.946],[-114.959,63.869],[-116.574,63.869],[-117.804,63.831],[-119.303,63.869],[-121.096,64.201]]]}},{"type":"Feature","properties":{"density":2},"geometry":{"type":"Polygon","coordinates":[[[-116.044,32.207],[-116.334,32.403],[-116.395,32.43],[-116.469,32.433],[-116.533,32.41],[-116.733,32.237],[-116.83,32.2],[-116.901,32.15],[-116.925,32.116],[-116.928,31.971],[-116.905,31.924],[-116.868,31.913],[-116.52,32.018],[-116.358,32.025],[-116.091,31.988],[-116.014,32.008],[-115.98,32.048],[-115.987,32.109],[-116.044,32.207]]]}},{"type":"Feature","properties":{"density":2},"geometry":{"type":"Polygon","coordinates":[[[-80.142,25.024],[-80.256,25.001],[-80.552,24.865],[-80.871,24.648],[-81.304,24.284],[-81.44,24.193],[-81.771,24.044],[-81.942,23.988],[-82.466,23.896],[-82.978,24.079],[-83.16,24.124],[-84.14,24.101],[-84.277,24.044],[-84.482,23.931],[-84.641,23.817],[-85.245,23.338],[-85.325,23.236],[-85.518,22.917],[-85.587,22.632],[-85.587,22.541],[-85.53,22.313],[-85.484,22.199],[-85.416,22.097],[-85.051,21.778],[-84.835,21.789],[-84.413,21.914],[-84.3,21.983],[-84.094,22.154],[-83.901,22.381],[-83.753,22.518],[-83.571,22.655],[-83.195,22.848],[-82.921,22.928],[-82.671,22.962],[-82.01,22.985],[-81.816,23.008],[-81.623,23.076],[-81.452,23.179],[-81.281,23.315],[-80.666,23.931],[-80.484,24.056],[-79.982,24.341],[-79.869,24.432],[-79.812,24.546],[-79.8,24.762],[-79.857,24.853],[-80.017,24.99],[-80.142,25.024]]]}},{"type":"Feature","properties":{"density":2},"geometry":{"type":"Polygon","coordinates":[[[-77.263,26.778],[-77.384,26.793],[-77.485,26.757],[-77.536,26.717],[-77.622,26.575],[-77.723,26.459],[-77.83,26.388],[-77.961,26.352],[-78.113,26.287],[-78.169,26.226],[-78.184,26.079],[-78.164,25.983],[-78.098,25.876],[-78.002,25.801],[-77.86,25.78],[-77.602,25.709],[-77.399,25.755],[-77.313,25.755],[-77.161,25.811],[-77.136,25.836],[-77.121,25.866],[-77.121,25.998],[-77.151,26.054],[-77.161,26.211],[-77.192,26.302],[-77.121,26.443],[-77.101,26.519],[-77.131,26.636],[-77.263,26.778]]]}},{"type":"Feature","properties":{"density":3},"geometry":{"type":"Polygon","coordinates":[[[-121.535,62.212],[-121.163,62.082],[-120.854,62.085],[-120.479,62.016],[-120.405,61.972],[-120.281,61.931],[-120.055,61.771],[-119.986,61.661],[-119.961,61.572],[-119.904,61.512],[-119.716,61.451],[-119.475,61.419],[-119.093,61.316],[-118.966,61.365],[-118.825,61.492],[-118.736,61.52],[-118.415,61.484],[-118.258,61.482],[-117.884,61.437],[-117.696,61.399],[-117.585,61.403],[-117.243,61.499],[-116.943,61.623],[-116.46,61.657],[-115.721,61.897],[-115.242,62.076],[-114.586,62.448],[-114.404,62.589],[-114.276,62.667],[-113.825,63.089],[-113.12,63.672],[-112.695,63.961],[-112.128,64.114],[-111.971,64.085],[-111.856,64.031],[-111.798,63.899],[-111.765,63.577],[-111.694,63.362],[-111.558,63.324],[-111.318,63.362],[-111.095,63.481],[-110.014,64.292],[-109.845,64.374],[-109.663,64.42],[-109.427,64.511],[-109.225,64.486],[-109.026,64.387],[-108.91,64.275],[-108.848,64.089],[-108.865,63.841],[-108.985,63.419],[-109.088,63.155],[-109.237,62.911],[-109.324,62.808],[-109.406,62.613],[-109.473,62.303],[-109.543,61.704],[-109.543,61.489],[-109.448,61.142],[-109.477,61.08],[-109.572,61.022],[-109.696,60.952],[-109.869,60.89],[-110.287,60.749],[-110.477,60.708],[-110.928,60.675],[-111.01,60.683],[-111.118,60.655],[-111.36,60.693],[-111.646,60.764],[-111.959,60.694],[-112.351,60.549],[-112.502,60.411],[-112.646,60.326],[-112.731,60.173],[-112.85,60.063],[-112.988,59.977],[-113.197,59.906],[-113.497,59.831],[-114.222,59.829],[-114.561,59.853],[-114.787,59.911],[-115.145,59.975],[-115.563,59.893],[-116.101,59.723],[-116.555,59.419],[-116.754,59.334],[-117.104,59.389],[-117.484,59.615],[-117.958,59.756],[-118.126,59.76],[-118.251,59.727],[-118.492,59.611],[-118.688,59.566],[-118.947,59.547],[-119.504,59.61],[-120.556,59.53],[-121.099,59.66],[-121.517,59.72],[-122.448,59.931],[-122.623,59.946],[-122.768,59.937],[-123.376,59.856],[-123.828,59.941],[-123.909,59.968],[-123.968,60.025],[-123.986,60.078],[-123.97,60.135],[-123.848,60.281],[-123.801,60.303],[-123.761,60.384],[-123.739,60.527],[-123.689,60.685],[-123.638,60.744],[-123.518,60.817],[-123.279,60.933],[-123.013,60.997],[-122.814,61.036],[-122.605,61.034],[-122.178,61.128],[-121.988,61.147],[-121.842,61.249],[-121.836,61.329],[-121.878,61.409],[-122.013,61.574],[-122.026,61.64],[-122.007,61.72],[-121.955,61.828],[-121.952,61.888],[-121.968,61.919],[-122.073,62.007],[-122.079,62.029],[-122.07,62.057],[-122.003,62.073],[-121.874,62.056],[-121.768,62.097],[-121.719,62.189],[-121.692,62.207],[-121.647,62.222],[-121.535,62.212]]]}},{"type":"Feature","properties":{"density":3},"geometry":{"type":"Polygon","coordinates":[[[-120.359,47.429],[-120.563,47.438],[-120.625,47.474],[-120.685,47.526],[-120.764,47.668],[-120.816,47.718],[-121.06,47.809],[-121.118,47.861],[-121.151,47.921],[-121.326,47.979],[-121.327,48.058],[-121.31,48.087],[-121.115,48.078],[-121.043,48.097],[-120.895,48.181],[-120.837,48.176],[-120.558,48.078],[-120.366,47.946],[-120.292,47.871],[-120.194,47.821],[-120.134,47.811],[-120.001,47.833],[-119.949,47.821],[-119.96,47.782],[-120.119,47.745],[-120.157,47.71],[-120.204,47.605],[-120.228,47.492],[-120.195,47.418],[-120.203,47.39],[-120.222,47.376],[-120.244,47.4],[-120.359,47.429]],[[-120.509,47.802],[-120.447,47.777],[-120.346,47.689],[-120.336,47.613],[-120.358,47.602],[-120.408,47.612],[-120.491,47.678],[-120.567,47.783],[-120.56,47.809],[-120.509,47.802]]]}},{"type":"Feature","properties":{"density":3},"geometry":{"type":"Polygon","coordinates":[[[-121.174,47.463],[-121.22,47.517],[-121.25,47.519],[-121.317,47.481],[-121.299,47.373],[-121.414,47.441],[-121.436,47.436],[-121.45,47.408],[-121.446,47.37],[-121.421,47.335],[-121.281,47.232],[-121.194,47.199],[-121.013,47.154],[-120.803,47.156],[-120.792,47.171],[-120.807,47.195],[-120.975,47.248],[-121.089,47.335],[-121.092,47.362],[-121.035,47.467],[-121.045,47.495],[-121.121,47.454],[-121.174,47.463]]]}},{"type":"Feature","properties":{"density":3},"geometry":{"type":"Polygon","coordinates":[[[-121.878,45.043],[-122.009,45.07],[-122.061,45.149],[-122.092,45.165],[-122.242,44.991],[-122.271,44.895],[-122.261,44.849],[-122.218,44.841],[-122.084,44.908],[-122.002,44.912],[-121.943,44.98],[-121.863,45.0],[-121.858,45.03],[-121.878,45.043]]]}},{"type":"Feature","properties":{"density":3},"geometry":{"type":"Polygon","coordinates":[[[-118.354,45.061],[-118.288,45.031],[-118.168,45.04],[-117.538,45.315],[-117.365,45.361],[-117.361,45.334],[-117.536,45.216],[-117.902,45.042],[-117.98,44.982],[-118.02,44.919],[-118.149,44.878],[-118.147,44.834],[-118.131,44.816],[-118.031,44.777],[-118.003,44.736],[-118.001,44.697],[-118.068,44.654],[-118.281,44.695],[-118.592,44.896],[-118.611,44.929],[-118.588,44.978],[-118.43,45.051],[-118.354,45.061]]]}},{"type":"Feature","properties":{"density":3},"geometry":{"type":"Polygon","coordinates":[[[-115.139,46.29],[-115.068,46.313],[-115.0,46.3],[-114.902,46.227],[-114.881,46.19],[-114.888,46.154],[-115.039,46.071],[-115.173,46.031],[-115.326,46.011],[-115.408,46.017],[-115.667,46.124],[-115.764,46.146],[-115.793,46.186],[-115.761,46.232],[-115.719,46.237],[-115.491,46.167],[-115.305,46.134],[-115.181,46.141],[-115.14,46.153],[-115.097,46.199],[-115.094,46.222],[-115.144,46.272],[-115.139,46.29]]]}},{"type":"Feature","properties":{"density":3},"geometry":{"type":"Polygon","coordinates":[[[-113.124,47.391],[-113.23,47.45],[-113.226,47.478],[-113.143,47.478],[-113.094,47.496],[-113.04,47.494],[-112.995,47.47],[-112.994,47.43],[-113.124,47.391]]]}},{"type":"Feature","properties":{"density":3},"geometry":{"type":"Polygon","coordinates":[[[-115.423,46.487],[-115.461,46.517],[-115.474,46.582],[-115.459,46.643],[-115.421,46.652],[-115.354,46.513],[-115.378,46.467],[-115.423,46.487]]]}},{"type":"Feature","properties":{"density":3},"geometry":{"type":"Polygon","coordinates":[[[-115.245,46.833],[-115.183,46.864],[-115.149,46.834],[-115.17,46.803],[-115.23,46.782],[-115.251,46.797],[-115.245,46.833]]]}},{"type":"Feature","properties":{"density":3},"geometry":{"type":"Polygon","coordinates":[[[-117.993,46.015],[-118.125,46.022],[-118.13,46.006],[-118.08,45.934],[-118.054,45.931],[-117.967,45.962],[-117.94,45.994],[-117.993,46.015]]]}},{"type":"Feature","properties":{"density":3},"geometry":{"type":"Polygon","coordinates":[[[-88.2,34.256],[-88.202,34.234],[-88.054,34.199],[-88.08,34.229],[-88.2,34.256]]]}},{"type":"Feature","properties":{"density":3},"geometry":{"type":"Polygon","coordinates":[[[-113.247,47.537],[-113.28,47.54],[-113.117,47.409],[-113.087,47.402],[-113.038,47.402],[-112.925,47.463],[-112.804,47.475],[-112.788,47.497],[-112.835,47.528],[-112.992,47.541],[-113.079,47.502],[-113.137,47.494],[-113.247,47.537]]]}},{"type":"Feature","properties":{"density":3},"geometry":{"type":"Polygon","coordinates":[[[-115.545,43.853],[-115.683,43.853],[-115.705,43.826],[-115.633,43.758],[-115.521,43.816],[-115.545,43.853]]]}},{"type":"Feature","properties":{"density":3},"geometry":{"type":"Polygon","coordinates":[[[-115.07,46.169],[-115.138,46.194],[-115.253,46.124],[-115.326,46.12],[-115.536,46.165],[-115.878,46.176],[-115.976,46.165],[-116.011,46.145],[-116.018,46.122],[-115.987,46.088],[-115.95,46.081],[-115.876,46.081],[-115.745,46.114],[-115.669,46.112],[-115.591,46.075],[-115.433,46.073],[-115.331,46.036],[-115.249,46.034],[-115.169,46.073],[-115.072,46.083],[-115.05,46.112],[-115.07,46.169]]]}},{"type":"Feature","properties":{"density":3},"geometry":{"type":"Polygon","coordinates":[[[-115.086,46.327],[-115.136,46.313],[-115.115,46.26],[-114.957,46.239],[-115.039,46.309],[-115.086,46.327]]]}},{"type":"Feature","properties":{"density":3},"geometry":{"type":"Polygon","coordinates":[[[-115.421,46.578],[-115.441,46.586],[-115.433,46.526],[-115.447,46.496],[-115.437,46.471],[-115.406,46.467],[-115.39,46.512],[-115.421,46.578]]]}},{"type":"Feature","properties":{"density":3},"geometry":{"type":"Polygon","coordinates":[[[-115.224,46.854],[-115.279,46.848],[-115.246,46.813],[-115.24,46.777],[-115.224,46.772],[-115.175,46.811],[-115.224,46.854]]]}},{"type":"Feature","properties":{"density":3},"geometry":{"type":"Polygon","coordinates":[[[-121.226,48.863],[-121.247,48.853],[-121.242,48.816],[-121.154,48.793],[-121.095,48.744],[-121.054,48.746],[-121.056,48.777],[-121.117,48.828],[-121.181,48.861],[-121.226,48.863]]]}},{"type":"Feature","properties":{"density":3},"geometry":{"type":"Polygon","coordinates":[[[-121.126,48.73],[-121.175,48.738],[-121.187,48.715],[-121.138,48.652],[-121.126,48.572],[-121.089,48.543],[-121.011,48.543],[-120.999,48.566],[-121.011,48.609],[-121.126,48.73]]]}},{"type":"Feature","properties":{"density":3},"geometry":{"type":"Polygon","coordinates":[[[-121.617,48.376],[-121.664,48.379],[-121.67,48.356],[-121.652,48.323],[-121.497,48.16],[-121.374,48.08],[-121.292,48.04],[-120.879,47.922],[-120.777,47.876],[-120.713,47.823],[-120.61,47.805],[-120.595,47.838],[-120.607,47.905],[-120.68,47.984],[-120.879,48.069],[-121.12,48.086],[-121.278,48.133],[-121.5,48.265],[-121.55,48.356],[-121.617,48.376]]]}},{"type":"Feature","properties":{"density":3},"geometry":{"type":"Polygon","coordinates":[[[-120.824,48.401],[-120.931,48.399],[-121.001,48.352],[-120.976,48.328],[-120.816,48.326],[-120.8,48.356],[-120.824,48.401]]]}},{"type":"Feature","properties":{"density":3},"geometry":{"type":"Polygon","coordinates":[[[-120.787,48.118],[-120.83,48.217],[-120.933,48.205],[-121.079,48.254],[-121.193,48.25],[-121.163,48.209],[-120.999,48.161],[-120.949,48.129],[-120.853,48.022],[-120.83,48.016],[-120.775,48.04],[-120.775,48.108],[-120.787,48.118]]]}},{"type":"Feature","properties":{"density":3},"geometry":{"type":"Polygon","coordinates":[[[-120.387,47.956],[-120.566,48.01],[-120.59,48.01],[-120.603,47.993],[-120.562,47.928],[-120.469,47.866],[-120.418,47.764],[-120.363,47.739],[-120.332,47.751],[-120.299,47.835],[-120.387,47.956]]]}},{"type":"Feature","properties":{"density":3},"geometry":{"type":"Polygon","coordinates":[[[-121.252,47.506],[-121.352,47.479],[-121.471,47.547],[-121.518,47.557],[-121.545,47.547],[-121.524,47.51],[-121.455,47.454],[-121.372,47.307],[-121.332,47.27],[-121.274,47.257],[-121.157,47.186],[-121.09,47.165],[-120.958,47.153],[-120.886,47.18],[-120.888,47.214],[-121.01,47.257],[-121.083,47.311],[-121.098,47.341],[-121.092,47.409],[-121.172,47.44],[-121.252,47.506]],[[-121.348,47.422],[-121.362,47.378],[-121.33,47.338],[-121.303,47.332],[-121.285,47.348],[-121.29,47.372],[-121.321,47.413],[-121.348,47.422]],[[-121.167,47.386],[-121.221,47.394],[-121.23,47.342],[-121.17,47.267],[-121.114,47.239],[-121.11,47.266],[-121.147,47.316],[-121.167,47.386]]]}},{"type":"Feature","properties":{"density":3},"geometry":{"type":"Polygon","coordinates":[[[-122.101,45.173],[-122.202,45.236],[-122.285,45.263],[-122.353,45.261],[-122.549,45.173],[-122.674,45.138],[-122.717,45.109],[-122.729,45.068],[-122.695,45.013],[-122.597,44.995],[-122.472,44.923],[-122.345,44.887],[-122.329,44.892],[-122.327,44.922],[-122.36,44.966],[-122.529,45.021],[-122.549,45.032],[-122.551,45.061],[-122.459,45.102],[-122.39,45.17],[-122.296,45.186],[-122.178,45.142],[-122.186,45.122],[-122.25,45.098],[-122.265,45.074],[-122.244,45.037],[-122.195,45.013],[-122.248,44.934],[-122.246,44.909],[-122.2,44.876],[-122.164,44.877],[-122.097,44.94],[-122.006,44.925],[-122.009,44.991],[-121.996,44.999],[-121.86,44.991],[-121.866,45.021],[-121.903,45.046],[-122.0,45.067],[-122.101,45.173]]]}},{"type":"Feature","properties":{"density":3},"geometry":{"type":"Polygon","coordinates":[[[-118.026,46.01],[-118.091,46.054],[-118.124,46.054],[-118.142,46.031],[-118.104,45.984],[-118.056,45.96],[-118.001,45.969],[-117.998,45.984],[-118.026,46.01]]]}},{"type":"Feature","properties":{"density":3},"geometry":{"type":"Polygon","coordinates":[[[-118.314,45.128],[-118.351,45.124],[-118.412,45.078],[-118.539,45.066],[-118.581,45.034],[-118.586,45.007],[-118.542,44.976],[-118.535,44.906],[-118.52,44.895],[-118.414,44.913],[-118.307,44.808],[-118.221,44.792],[-118.182,44.818],[-118.123,44.915],[-118.002,44.968],[-118.006,45.077],[-117.984,45.115],[-117.749,45.239],[-117.66,45.314],[-117.649,45.344],[-117.685,45.363],[-117.724,45.355],[-117.878,45.234],[-118.079,45.129],[-118.314,45.128]]]}},{"type":"Feature","properties":{"density":3},"geometry":{"type":"Polygon","coordinates":[[[-121.554,36.76],[-121.588,36.707],[-121.632,36.509],[-121.786,36.341],[-121.786,36.297],[-121.736,36.231],[-121.643,36.187],[-121.61,36.209],[-121.629,36.322],[-121.532,36.47],[-121.494,36.592],[-121.486,36.76],[-121.51,36.779],[-121.554,36.76]]]}},{"type":"Feature","properties":{"density":3},"geometry":{"type":"Polygon","coordinates":[[[-126.199,50.189],[-126.223,50.184],[-126.199,50.156],[-126.111,50.118],[-126.116,50.14],[-126.199,50.189]]]}},{"type":"Feature","properties":{"density":3},"geometry":{"type":"Polygon","coordinates":[[[-126.546,50.162],[-126.598,50.163],[-126.539,50.107],[-126.504,50.046],[-126.482,50.039],[-126.473,50.061],[-126.493,50.107],[-126.519,50.151],[-126.546,50.162]]]}},{"type":"Feature","properties":{"density":3},"geometry":{"type":"Polygon","coordinates":[[[-126.807,50.403],[-126.824,50.403],[-126.783,50.367],[-126.807,50.403]]]}},{"type":"Feature","properties":{"density":3},"geometry":{"type":"Polygon","coordinates":[[[-125.483,52.756],[-125.509,52.754],[-125.505,52.733],[-125.453,52.671],[-125.374,52.623],[-125.319,52.621],[-125.341,52.658],[-125.483,52.756]]]}},{"type":"Feature","properties":{"density":3},"geometry":{"type":"Polygon","coordinates":[[[-119.954,49.656],[-120.003,49.656],[-120.071,49.6],[-119.973,49.58],[-119.901,49.583],[-119.905,49.61],[-119.954,49.656]]]}},{"type":"Feature","properties":{"density":3},"geometry":{"type":"Polygon","coordinates":[[[-121.872,50.151],[-121.909,50.127],[-121.887,50.085],[-121.71,50.107],[-121.606,50.056],[-121.552,49.977],[-121.507,49.854],[-121.464,49.83],[-121.446,49.841],[-121.439,49.935],[-121.565,50.1],[-121.694,50.153],[-121.872,50.151]]]}},{"type":"Feature","properties":{"density":3},"geometry":{"type":"Polygon","coordinates":[[[-121.227,49.865],[-121.297,49.881],[-121.409,49.872],[-121.552,49.901],[-121.571,49.85],[-121.552,49.806],[-121.499,49.769],[-121.47,49.716],[-121.495,49.574],[-121.552,49.488],[-121.698,49.389],[-121.776,49.303],[-121.935,49.199],[-121.952,49.152],[-121.927,49.135],[-121.864,49.146],[-121.654,49.323],[-121.511,49.356],[-121.464,49.32],[-121.428,49.243],[-121.371,49.174],[-121.236,49.146],[-121.15,49.089],[-121.103,49.033],[-121.07,49.033],[-121.059,49.075],[-121.114,49.141],[-121.288,49.179],[-121.354,49.213],[-121.404,49.254],[-121.423,49.309],[-121.431,49.496],[-121.415,49.568],[-121.326,49.686],[-121.241,49.722],[-121.236,49.742],[-121.258,49.777],[-121.202,49.835],[-121.202,49.86],[-121.227,49.865]]]}},{"type":"Feature","properties":{"density":3},"geometry":{"type":"Polygon","coordinates":[[[-122.123,51.399],[-122.151,51.414],[-122.169,51.478],[-122.213,51.485],[-122.219,51.447],[-122.197,51.404],[-122.141,51.349],[-122.094,51.338],[-122.123,51.399]]]}},{"type":"Feature","properties":{"density":3},"geometry":{"type":"Polygon","coordinates":[[[-122.978,61.309],[-123.057,61.301],[-123.057,61.284],[-122.991,61.198],[-122.949,61.107],[-122.887,61.098],[-122.859,61.127],[-122.863,61.218],[-122.929,61.305],[-122.978,61.309]]]}},{"type":"Feature","properties":{"density":3},"geometry":{"type":"Polygon","coordinates":[[[-116.42,61.629],[-116.52,61.592],[-116.028,61.406],[-115.767,61.277],[-115.511,61.211],[-115.441,61.215],[-115.474,61.277],[-115.523,61.319],[-115.772,61.455],[-116.243,61.583],[-116.367,61.6],[-116.42,61.629]]]}},{"type":"Feature","properties":{"density":3},"geometry":{"type":"Polygon","coordinates":[[[-114.99,61.835],[-115.061,61.844],[-115.077,61.827],[-115.048,61.778],[-115.007,61.761],[-114.751,61.707],[-114.424,61.596],[-114.106,61.517],[-114.002,61.509],[-114.031,61.546],[-114.263,61.612],[-114.519,61.724],[-114.862,61.782],[-114.99,61.835]]]}},{"type":"Feature","properties":{"density":3},"geometry":{"type":"Polygon","coordinates":[[[-77.223,26.035],[-77.242,26.048],[-77.253,26.021],[-77.221,25.946],[-77.223,26.035]]]}},{"type":"Feature","properties":{"density":3},"geometry":{"type":"Polygon","coordinates":[[[-98.367,32.834],[-98.367,32.769],[-98.331,32.749],[-98.21,32.891],[-98.198,32.945],[-98.225,32.947],[-98.367,32.834]]]}},{"type":"Feature","properties":{"density":3},"geometry":{"type":"Polygon","coordinates":[[[-98.067,31.711],[-98.116,31.696],[-98.152,31.594],[-98.16,31.531],[-98.131,31.484],[-98.091,31.504],[-98.064,31.58],[-98.017,31.645],[-98.034,31.691],[-98.067,31.711]]]}},{"type":"Feature","properties":{"density":3},"geometry":{"type":"Polygon","coordinates":[[[-112.983,47.541],[-113.04,47.528],[-113.126,47.463],[-113.118,47.433],[-113.046,47.42],[-112.964,47.459],[-112.847,47.465],[-112.737,47.43],[-112.622,47.417],[-112.548,47.444],[-112.527,47.492],[-112.544,47.523],[-112.602,47.543],[-112.767,47.526],[-112.983,47.541]]]}},{"type":"Feature","properties":{"density":3},"geometry":{"type":"Polygon","coordinates":[[[-113.86,46.242],[-113.946,46.2],[-113.95,46.163],[-113.935,46.146],[-113.911,46.145],[-113.889,46.19],[-113.755,46.217],[-113.794,46.247],[-113.86,46.242]]]}},{"type":"Feature","properties":{"density":3},"geometry":{"type":"Polygon","coordinates":[[[-121.792,36.406],[-121.828,36.393],[-121.828,36.363],[-121.787,36.341],[-121.774,36.276],[-121.727,36.224],[-121.637,36.204],[-121.587,36.231],[-121.58,36.278],[-121.603,36.363],[-121.601,36.438],[-121.583,36.568],[-121.517,36.773],[-121.529,36.897],[-121.547,36.921],[-121.603,36.906],[-121.679,36.759],[-121.758,36.667],[-121.799,36.552],[-121.776,36.438],[-121.792,36.406]]]}},{"type":"Feature","properties":{"density":3},"geometry":{"type":"Polygon","coordinates":[[[-122.087,45.15],[-122.156,45.193],[-122.189,45.19],[-122.111,45.127],[-122.073,45.12],[-122.087,45.15]]]}},{"type":"Feature","properties":{"density":3},"geometry":{"type":"Polygon","coordinates":[[[-121.986,45.055],[-122.046,45.114],[-122.179,45.177],[-122.213,45.168],[-122.249,45.127],[-122.337,45.134],[-122.375,45.098],[-122.373,45.071],[-122.334,45.042],[-122.208,45.026],[-122.193,44.97],[-122.161,44.961],[-122.051,45.008],[-121.983,44.999],[-121.968,45.022],[-121.986,45.055]]]}},{"type":"Feature","properties":{"density":3},"geometry":{"type":"Polygon","coordinates":[[[-118.245,45.695],[-118.27,45.698],[-118.286,45.677],[-118.257,45.626],[-118.185,45.585],[-118.149,45.612],[-118.151,45.639],[-118.245,45.695]]]}},{"type":"Feature","properties":{"density":3},"geometry":{"type":"Polygon","coordinates":[[[-118.007,46.039],[-118.164,46.057],[-118.185,46.027],[-118.171,46.003],[-118.068,45.937],[-118.018,45.933],[-117.971,45.964],[-118.007,46.039]]]}},{"type":"Feature","properties":{"density":3},"geometry":{"type":"Polygon","coordinates":[[[-118.165,45.252],[-118.283,45.158],[-118.344,45.033],[-118.351,44.942],[-118.313,44.874],[-118.266,44.847],[-118.195,44.857],[-118.148,44.932],[-118.023,44.992],[-117.568,45.289],[-117.497,45.343],[-117.48,45.394],[-117.5,45.414],[-117.584,45.404],[-117.848,45.286],[-118.023,45.141],[-118.138,45.083],[-118.165,45.094],[-118.172,45.124],[-118.057,45.222],[-118.016,45.286],[-118.02,45.299],[-118.054,45.303],[-118.165,45.252]]]}},{"type":"Feature","properties":{"density":3},"geometry":{"type":"Polygon","coordinates":[[[-115.495,44.042],[-115.56,44.052],[-115.587,44.019],[-115.701,43.998],[-115.735,43.948],[-115.725,43.88],[-115.624,43.809],[-115.536,43.803],[-115.472,43.884],[-115.384,43.938],[-115.357,43.971],[-115.354,43.998],[-115.371,44.022],[-115.495,44.042]]]}},{"type":"Feature","properties":{"density":3},"geometry":{"type":"Polygon","coordinates":[[[-115.05,46.157],[-115.111,46.238],[-115.16,46.245],[-115.18,46.232],[-115.167,46.196],[-115.086,46.126],[-115.05,46.119],[-115.05,46.157]]]}},{"type":"Feature","properties":{"density":3},"geometry":{"type":"Polygon","coordinates":[[[-115.057,46.119],[-115.153,46.187],[-115.196,46.193],[-115.257,46.139],[-115.34,46.135],[-115.561,46.164],[-115.59,46.128],[-115.529,46.045],[-115.432,46.058],[-115.297,46.025],[-115.234,46.029],[-115.178,46.061],[-115.086,46.067],[-115.075,46.11],[-115.057,46.119]]]}},{"type":"Feature","properties":{"density":3},"geometry":{"type":"Polygon","coordinates":[[[-115.14,46.378],[-115.162,46.358],[-115.167,46.317],[-115.115,46.229],[-115.057,46.223],[-114.899,46.328],[-114.87,46.414],[-114.802,46.52],[-114.834,46.533],[-114.942,46.461],[-115.14,46.378]]]}},{"type":"Feature","properties":{"density":3},"geometry":{"type":"Polygon","coordinates":[[[-115.392,46.574],[-115.419,46.583],[-115.495,46.551],[-115.513,46.513],[-115.5,46.481],[-115.464,46.468],[-115.372,46.477],[-115.356,46.513],[-115.392,46.574]]]}},{"type":"Feature","properties":{"density":3},"geometry":{"type":"Polygon","coordinates":[[[-115.275,46.918],[-115.331,46.907],[-115.349,46.873],[-115.266,46.839],[-115.219,46.794],[-115.187,46.796],[-115.111,46.864],[-115.131,46.891],[-115.275,46.918]]]}},{"type":"Feature","properties":{"density":3},"geometry":{"type":"Polygon","coordinates":[[[-121.771,47.716],[-121.924,47.777],[-121.96,47.777],[-121.969,47.761],[-121.928,47.689],[-121.82,47.608],[-121.451,47.439],[-121.395,47.342],[-121.307,47.275],[-121.157,47.205],[-121.085,47.198],[-121.082,47.21],[-121.177,47.275],[-121.226,47.356],[-121.224,47.383],[-121.206,47.39],[-121.17,47.376],[-121.125,47.383],[-121.13,47.41],[-121.226,47.471],[-121.283,47.543],[-121.33,47.565],[-121.442,47.57],[-121.544,47.617],[-121.613,47.63],[-121.771,47.716]],[[-121.324,47.427],[-121.364,47.433],[-121.372,47.373],[-121.327,47.322],[-121.276,47.297],[-121.264,47.33],[-121.324,47.427]]]}},{"type":"Feature","properties":{"density":3},"geometry":{"type":"Polygon","coordinates":[[[-120.804,47.933],[-120.862,47.98],[-121.024,48.061],[-121.108,48.084],[-121.2,48.086],[-121.38,48.14],[-121.497,48.293],[-121.681,48.435],[-121.735,48.432],[-121.742,48.358],[-121.765,48.327],[-121.756,48.279],[-121.684,48.239],[-121.558,48.212],[-121.423,48.09],[-121.254,48.025],[-121.099,47.998],[-120.878,47.917],[-120.811,47.874],[-120.804,47.933]]]}},{"type":"Feature","properties":{"density":3},"geometry":{"type":"Polygon","coordinates":[[[-120.55,47.863],[-120.608,47.931],[-120.75,48.027],[-120.795,48.097],[-120.815,48.21],[-120.851,48.266],[-120.903,48.279],[-121.006,48.268],[-121.146,48.345],[-121.308,48.358],[-121.409,48.385],[-121.648,48.511],[-121.699,48.516],[-121.715,48.502],[-121.72,48.43],[-121.663,48.347],[-121.432,48.151],[-120.923,47.971],[-120.77,47.868],[-120.736,47.78],[-120.691,47.762],[-120.604,47.805],[-120.541,47.807],[-120.534,47.834],[-120.55,47.863]]]}},{"type":"Feature","properties":{"density":3},"geometry":{"type":"Polygon","coordinates":[[[-120.487,48.039],[-120.826,48.205],[-120.833,48.158],[-120.802,48.075],[-120.743,47.991],[-120.568,47.949],[-120.444,47.852],[-120.367,47.85],[-120.361,47.944],[-120.376,47.989],[-120.487,48.039]]]}},{"type":"Feature","properties":{"density":3},"geometry":{"type":"Polygon","coordinates":[[[-120.86,48.439],[-120.986,48.5],[-121.015,48.473],[-121.009,48.419],[-120.97,48.358],[-120.804,48.32],[-120.79,48.329],[-120.793,48.36],[-120.86,48.439]]]}},{"type":"Feature","properties":{"density":3},"geometry":{"type":"Polygon","coordinates":[[[-121.015,48.599],[-121.119,48.723],[-121.177,48.75],[-121.22,48.75],[-121.263,48.734],[-121.441,48.585],[-121.519,48.547],[-121.645,48.563],[-121.675,48.538],[-121.639,48.475],[-121.551,48.459],[-121.452,48.516],[-121.324,48.646],[-121.249,48.671],[-121.166,48.671],[-121.101,48.594],[-121.04,48.552],[-121.006,48.561],[-121.015,48.599]]]}},{"type":"Feature","properties":{"density":3},"geometry":{"type":"Polygon","coordinates":[[[-121.209,48.86],[-121.234,48.869],[-121.243,48.844],[-121.211,48.808],[-121.114,48.783],[-121.06,48.741],[-121.031,48.745],[-121.033,48.772],[-121.06,48.799],[-121.209,48.86]]]}},{"type":"Feature","properties":{"density":3},"geometry":{"type":"Polygon","coordinates":[[[-126.456,50.125],[-126.485,50.125],[-126.482,50.03],[-126.467,50.033],[-126.458,50.063],[-126.456,50.125]]]}},{"type":"Feature","properties":{"density":3},"geometry":{"type":"Polygon","coordinates":[[[-121.835,50.167],[-121.868,50.203],[-121.961,50.219],[-121.992,50.246],[-122.026,50.248],[-122.033,50.23],[-122.017,50.18],[-121.866,50.084],[-121.828,50.108],[-121.835,50.167]]]}},{"type":"Feature","properties":{"density":3},"geometry":{"type":"Polygon","coordinates":[[[-121.513,50.046],[-121.544,50.051],[-121.553,50.017],[-121.477,49.932],[-121.475,49.9],[-121.517,49.891],[-121.529,49.864],[-121.495,49.806],[-121.481,49.738],[-121.506,49.72],[-121.587,49.749],[-121.607,49.738],[-121.569,49.7],[-121.502,49.689],[-121.479,49.671],[-121.47,49.585],[-121.481,49.504],[-121.517,49.452],[-121.768,49.338],[-121.859,49.253],[-121.859,49.236],[-121.812,49.203],[-121.755,49.203],[-121.654,49.314],[-121.583,49.348],[-121.515,49.348],[-121.468,49.324],[-121.414,49.223],[-121.343,49.159],[-121.198,49.132],[-121.151,49.098],[-121.107,49.02],[-121.066,49.014],[-121.063,49.064],[-121.12,49.132],[-121.171,49.152],[-121.279,49.162],[-121.34,49.196],[-121.38,49.247],[-121.404,49.314],[-121.411,49.5],[-121.353,49.544],[-121.333,49.618],[-121.245,49.702],[-121.245,49.763],[-121.269,49.871],[-121.363,49.918],[-121.421,49.989],[-121.513,50.046]]]}},{"type":"Feature","properties":{"density":3},"geometry":{"type":"Polygon","coordinates":[[[-92.512,51.988],[-92.537,51.983],[-92.593,51.854],[-92.59,51.803],[-92.57,51.788],[-92.558,51.79],[-92.554,51.835],[-92.504,51.932],[-92.512,51.988]]]}},{"type":"Feature","properties":{"density":3},"geometry":{"type":"Polygon","coordinates":[[[-116.45,61.622],[-116.49,61.607],[-116.49,61.586],[-116.389,61.526],[-115.63,61.455],[-115.225,61.364],[-114.729,61.146],[-114.44,61.06],[-114.217,61.019],[-114.121,61.019],[-114.081,61.034],[-114.075,61.055],[-114.232,61.166],[-114.521,61.298],[-114.87,61.399],[-115.695,61.546],[-116.298,61.627],[-116.45,61.622]]]}},{"type":"Feature","properties":{"density":3},"geometry":{"type":"Polygon","coordinates":[[[-114.972,61.86],[-115.063,61.86],[-115.093,61.829],[-115.078,61.799],[-113.939,61.612],[-113.721,61.546],[-113.362,61.389],[-113.129,61.358],[-113.053,61.394],[-113.078,61.45],[-113.159,61.515],[-113.377,61.622],[-113.61,61.698],[-114.668,61.85],[-114.972,61.86]]]}},{"type":"Feature","properties":{"density":3},"geometry":{"type":"Polygon","coordinates":[[[-87.652,36.874],[-87.669,36.874],[-87.688,36.845],[-87.691,36.784],[-87.683,36.75],[-87.637,36.73],[-87.623,36.75],[-87.625,36.847],[-87.652,36.874]]]}},{"type":"Feature","properties":{"density":3},"geometry":{"type":"Polygon","coordinates":[[[-90.497,35.262],[-90.591,35.209],[-90.552,35.201],[-90.479,35.256],[-90.497,35.262]]]}},{"type":"Feature","properties":{"density":3},"geometry":{"type":"Polygon","coordinates":[[[-90.263,35.609],[-90.297,35.609],[-90.3,35.531],[-90.373,35.485],[-90.373,35.455],[-90.305,35.46],[-90.237,35.514],[-90.234,35.57],[-90.263,35.609]]]}},{"type":"Feature","properties":{"density":3},"geometry":{"type":"Polygon","coordinates":[[[-97.951,33.233],[-98.061,33.2],[-98.364,32.999],[-98.478,32.897],[-98.496,32.805],[-98.467,32.74],[-98.404,32.677],[-98.39,32.517],[-98.331,32.495],[-98.218,32.583],[-98.138,32.597],[-98.003,32.542],[-97.984,32.597],[-98.043,32.677],[-98.032,32.747],[-97.725,32.926],[-97.721,33.01],[-97.765,33.079],[-97.765,33.16],[-97.783,33.193],[-97.845,33.226],[-97.951,33.233]]]}},{"type":"Feature","properties":{"density":3},"geometry":{"type":"Polygon","coordinates":[[[-98.06,32.061],[-98.114,32.042],[-98.202,31.898],[-98.302,31.827],[-98.358,31.752],[-98.35,31.676],[-98.311,31.606],[-98.126,31.489],[-98.092,31.513],[-98.043,31.603],[-98.026,31.784],[-97.987,31.883],[-97.961,32.022],[-97.978,32.066],[-98.06,32.061]]]}},{"type":"Feature","properties":{"density":3},"geometry":{"type":"Polygon","coordinates":[[[-112.97,47.563],[-113.061,47.563],[-113.101,47.545],[-113.145,47.494],[-113.145,47.454],[-113.058,47.399],[-112.769,47.377],[-112.637,47.403],[-112.385,47.41],[-112.031,47.494],[-111.698,47.512],[-111.658,47.52],[-111.636,47.556],[-111.665,47.585],[-111.731,47.596],[-111.91,47.585],[-112.272,47.607],[-112.484,47.6],[-112.699,47.56],[-112.97,47.563]]]}},{"type":"Feature","properties":{"density":3},"geometry":{"type":"Polygon","coordinates":[[[-113.947,46.24],[-113.974,46.196],[-113.967,46.157],[-113.894,46.12],[-113.796,46.179],[-113.557,46.237],[-113.411,46.296],[-113.212,46.308],[-113.168,46.34],[-113.139,46.398],[-113.08,46.459],[-113.112,46.483],[-113.158,46.481],[-113.338,46.415],[-113.643,46.393],[-113.799,46.34],[-113.886,46.296],[-113.947,46.24]]]}},{"type":"Feature","properties":{"density":3},"geometry":{"type":"Polygon","coordinates":[[[-114.993,47.036],[-115.141,47.031],[-115.212,46.997],[-115.234,46.922],[-115.28,46.849],[-115.275,46.81],[-115.217,46.793],[-115.068,46.9],[-114.946,46.949],[-114.929,46.968],[-114.929,47.01],[-114.961,47.036],[-114.993,47.036]]]}},{"type":"Feature","properties":{"density":3},"geometry":{"type":"Polygon","coordinates":[[[-116.276,46.617],[-116.357,46.63],[-116.569,46.622],[-116.617,46.613],[-116.644,46.564],[-116.617,46.515],[-116.583,46.491],[-116.52,46.481],[-116.269,46.554],[-116.249,46.566],[-116.242,46.595],[-116.276,46.617]]]}},{"type":"Feature","properties":{"density":3},"geometry":{"type":"Polygon","coordinates":[[[-115.397,46.583],[-115.424,46.564],[-115.436,46.503],[-115.419,46.469],[-115.399,46.462],[-115.378,46.479],[-115.343,46.566],[-115.397,46.583]]]}},{"type":"Feature","properties":{"density":3},"geometry":{"type":"Polygon","coordinates":[[[-115.163,46.191],[-115.239,46.123],[-115.373,46.128],[-115.399,46.101],[-115.365,46.072],[-115.346,46.021],[-115.304,46.018],[-115.173,46.069],[-115.071,46.026],[-114.842,46.013],[-114.754,46.057],[-114.693,46.128],[-114.676,46.172],[-114.693,46.216],[-114.737,46.245],[-115.007,46.23],[-115.163,46.191]]]}},{"type":"Feature","properties":{"density":3},"geometry":{"type":"Polygon","coordinates":[[[-115.097,46.359],[-115.134,46.328],[-115.136,46.281],[-115.054,46.245],[-114.62,46.33],[-114.357,46.508],[-114.333,46.586],[-114.357,46.693],[-114.389,46.72],[-114.457,46.722],[-114.569,46.666],[-114.773,46.617],[-114.898,46.532],[-114.99,46.408],[-115.097,46.359]]]}},{"type":"Feature","properties":{"density":3},"geometry":{"type":"Polygon","coordinates":[[[-114.77,44.31],[-114.967,44.328],[-115.124,44.281],[-115.285,44.175],[-115.61,44.003],[-115.661,43.934],[-115.665,43.883],[-115.617,43.821],[-115.537,43.817],[-115.395,43.89],[-115.175,44.069],[-115.044,44.146],[-114.931,44.171],[-114.748,44.171],[-114.686,44.186],[-114.671,44.222],[-114.693,44.259],[-114.733,44.299],[-114.77,44.31]]]}},{"type":"Feature","properties":{"density":3},"geometry":{"type":"Polygon","coordinates":[[[-120.584,38.351],[-120.749,38.289],[-120.834,38.207],[-120.845,38.16],[-120.845,38.058],[-120.779,37.915],[-120.786,37.831],[-120.739,37.707],[-120.739,37.521],[-120.713,37.469],[-120.684,37.477],[-120.64,37.539],[-120.611,37.663],[-120.651,37.853],[-120.603,37.952],[-120.603,37.988],[-120.662,38.098],[-120.658,38.167],[-120.636,38.211],[-120.523,38.28],[-120.512,38.321],[-120.541,38.354],[-120.584,38.351]]]}},{"type":"Feature","properties":{"density":3},"geometry":{"type":"Polygon","coordinates":[[[-121.808,36.315],[-121.73,36.234],[-121.639,36.213],[-121.568,36.237],[-121.518,36.294],[-121.508,36.406],[-121.454,36.615],[-121.393,36.757],[-121.308,36.899],[-121.265,37.03],[-121.254,37.162],[-121.268,37.304],[-121.238,37.462],[-121.241,37.513],[-121.265,37.54],[-121.396,37.574],[-121.443,37.557],[-121.511,37.506],[-121.592,37.391],[-121.68,37.304],[-121.717,37.239],[-121.757,37.128],[-121.781,36.959],[-121.838,36.804],[-121.859,36.686],[-121.855,36.477],[-121.808,36.315]]]}},{"type":"Feature","properties":{"density":3},"geometry":{"type":"Polygon","coordinates":[[[-122.481,45.583],[-122.542,45.568],[-122.587,45.487],[-122.567,45.416],[-122.461,45.309],[-122.456,45.239],[-122.522,45.152],[-122.527,45.112],[-122.496,45.051],[-122.329,44.97],[-122.228,44.854],[-122.106,44.834],[-122.0,44.864],[-121.96,44.92],[-121.853,44.975],[-121.818,45.137],[-121.732,45.244],[-121.701,45.325],[-121.737,45.385],[-121.782,45.411],[-121.955,45.431],[-122.091,45.497],[-122.192,45.502],[-122.481,45.583]]]}},{"type":"Feature","properties":{"density":3},"geometry":{"type":"Polygon","coordinates":[[[-118.208,45.096],[-118.31,45.039],[-118.343,44.964],[-118.33,44.87],[-118.269,44.823],[-118.208,44.826],[-118.131,44.88],[-117.935,44.964],[-117.743,45.076],[-117.412,45.184],[-117.348,45.244],[-117.132,45.525],[-117.019,45.616],[-116.831,45.717],[-116.715,45.808],[-116.674,45.864],[-116.71,46.031],[-116.796,46.076],[-116.846,46.081],[-116.968,46.051],[-117.11,45.99],[-117.489,45.757],[-117.763,45.692],[-117.869,45.636],[-117.96,45.514],[-117.975,45.383],[-118.026,45.276],[-118.142,45.145],[-118.208,45.096]]]}},{"type":"Feature","properties":{"density":3},"geometry":{"type":"Polygon","coordinates":[[[-122.39,46.021],[-122.44,46.018],[-122.435,45.985],[-122.401,45.96],[-122.102,45.865],[-122.167,45.924],[-122.39,46.021]]]}},{"type":"Feature","properties":{"density":3},"geometry":{"type":"Polygon","coordinates":[[[-122.573,48.303],[-122.624,48.323],[-122.68,48.308],[-122.695,48.227],[-122.685,48.136],[-122.523,47.787],[-122.416,47.711],[-122.229,47.685],[-121.971,47.68],[-121.819,47.655],[-121.429,47.458],[-121.201,47.387],[-121.125,47.377],[-121.11,47.387],[-121.115,47.427],[-121.044,47.468],[-121.044,47.528],[-121.07,47.559],[-121.384,47.756],[-121.505,47.807],[-121.89,47.888],[-122.158,47.989],[-122.371,48.101],[-122.573,48.303]]]}},{"type":"Feature","properties":{"density":3},"geometry":{"type":"Polygon","coordinates":[[[-122.421,49.27],[-122.614,49.371],[-122.664,49.386],[-122.73,49.371],[-122.771,49.331],[-122.786,49.28],[-122.776,49.164],[-122.745,49.093],[-122.644,48.986],[-122.558,48.85],[-122.528,48.642],[-122.497,48.581],[-122.416,48.506],[-122.234,48.268],[-122.173,48.232],[-122.037,48.192],[-121.809,48.166],[-121.657,48.131],[-121.257,47.933],[-120.963,47.852],[-120.513,47.802],[-120.366,47.832],[-120.3,47.888],[-120.219,47.923],[-120.199,47.954],[-120.204,47.999],[-120.234,48.055],[-120.27,48.085],[-120.493,48.131],[-120.69,48.349],[-120.746,48.379],[-120.968,48.44],[-121.146,48.551],[-121.141,48.576],[-121.115,48.587],[-121.014,48.576],[-120.974,48.607],[-120.918,48.688],[-120.908,48.779],[-120.943,48.855],[-121.085,48.997],[-121.07,49.037],[-121.014,49.083],[-120.999,49.179],[-121.029,49.275],[-121.156,49.422],[-121.373,49.483],[-121.47,49.422],[-121.546,49.412],[-121.672,49.467],[-121.763,49.467],[-121.885,49.341],[-122.037,49.25],[-122.229,49.229],[-122.421,49.27]],[[-121.64,49.344],[-121.758,49.314],[-121.846,49.192],[-121.988,49.081],[-122.001,49.003],[-121.978,48.976],[-121.856,48.959],[-121.735,48.963],[-121.667,48.943],[-121.677,48.919],[-121.826,48.899],[-121.876,48.885],[-121.91,48.855],[-121.924,48.733],[-121.89,48.713],[-121.755,48.777],[-121.542,48.818],[-121.519,48.841],[-121.508,48.905],[-121.529,48.943],[-121.667,49.061],[-121.647,49.118],[-121.616,49.132],[-121.529,49.121],[-121.434,49.061],[-121.292,49.017],[-121.262,48.986],[-121.188,48.99],[-121.181,49.051],[-121.201,49.074],[-121.34,49.115],[-121.573,49.31],[-121.64,49.344]],[[-121.309,49.327],[-121.387,49.364],[-121.4,49.348],[-121.387,49.283],[-121.309,49.182],[-121.279,49.169],[-121.215,49.186],[-121.208,49.206],[-121.309,49.327]]]}},{"type":"Feature","properties":{"density":3},"geometry":{"type":"Polygon","coordinates":[[[-120.127,49.29],[-120.232,49.28],[-120.266,49.246],[-120.276,49.189],[-120.218,49.101],[-120.178,48.922],[-120.114,48.818],[-120.019,48.747],[-119.84,48.666],[-119.766,48.669],[-119.618,48.76],[-119.601,48.791],[-119.601,48.848],[-119.655,48.97],[-119.79,49.007],[-119.857,49.047],[-119.975,49.182],[-120.127,49.29]]]}},{"type":"Feature","properties":{"density":3},"geometry":{"type":"Polygon","coordinates":[[[-119.992,49.634],[-120.147,49.65],[-120.278,49.753],[-120.343,49.753],[-120.359,49.733],[-120.356,49.679],[-120.32,49.621],[-120.239,49.582],[-119.951,49.58],[-119.958,49.607],[-119.992,49.634]]]}},{"type":"Feature","properties":{"density":3},"geometry":{"type":"Polygon","coordinates":[[[-126.513,50.153],[-126.578,50.178],[-126.693,50.167],[-126.708,50.158],[-126.708,50.115],[-126.661,50.07],[-126.486,50.021],[-126.459,50.041],[-126.454,50.077],[-126.513,50.153]]]}},{"type":"Feature","properties":{"density":3},"geometry":{"type":"Polygon","coordinates":[[[-125.786,50.273],[-126.146,50.313],[-126.234,50.297],[-126.319,50.234],[-126.303,50.196],[-126.256,50.16],[-126.11,50.102],[-126.087,50.12],[-126.063,50.205],[-126.015,50.23],[-125.874,50.243],[-125.705,50.212],[-125.721,50.25],[-125.786,50.273]]]}},{"type":"Feature","properties":{"density":3},"geometry":{"type":"Polygon","coordinates":[[[-126.816,50.464],[-126.859,50.484],[-126.875,50.45],[-126.81,50.347],[-126.767,50.322],[-126.744,50.356],[-126.816,50.464]]]}},{"type":"Feature","properties":{"density":3},"geometry":{"type":"Polygon","coordinates":[[[-121.361,50.03],[-121.402,50.044],[-121.451,50.023],[-121.46,49.954],[-121.503,49.861],[-121.498,49.807],[-121.458,49.765],[-121.449,49.702],[-121.503,49.576],[-121.503,49.519],[-121.456,49.402],[-121.406,49.389],[-121.384,49.398],[-121.377,49.508],[-121.255,49.666],[-121.17,49.686],[-121.15,49.706],[-121.138,49.776],[-120.916,49.868],[-120.796,49.947],[-120.819,49.987],[-120.895,50.028],[-120.965,50.028],[-121.145,49.96],[-121.235,49.954],[-121.361,50.03]]]}},{"type":"Feature","properties":{"density":3},"geometry":{"type":"Polygon","coordinates":[[[-121.53,50.176],[-121.611,50.19],[-121.658,50.149],[-121.658,50.118],[-121.609,50.057],[-121.615,49.96],[-121.602,49.911],[-121.559,49.868],[-121.494,49.852],[-121.433,49.879],[-121.402,50.044],[-121.456,50.129],[-121.494,50.165],[-121.53,50.176]]]}},{"type":"Feature","properties":{"density":3},"geometry":{"type":"Polygon","coordinates":[[[-121.863,50.352],[-121.894,50.388],[-121.964,50.404],[-122.032,50.386],[-122.047,50.361],[-122.045,50.32],[-121.984,50.215],[-121.966,50.143],[-121.926,50.109],[-121.865,50.129],[-121.852,50.161],[-121.834,50.28],[-121.863,50.352]]]}},{"type":"Feature","properties":{"density":3},"geometry":{"type":"Polygon","coordinates":[[[-126.235,52.952],[-126.262,52.952],[-126.286,52.918],[-126.273,52.854],[-126.293,52.787],[-126.276,52.77],[-126.225,52.77],[-126.195,52.841],[-126.202,52.942],[-126.235,52.952]]]}},{"type":"Feature","properties":{"density":3},"geometry":{"type":"Polygon","coordinates":[[[-125.446,52.902],[-125.466,52.922],[-125.523,52.922],[-125.55,52.871],[-125.55,52.844],[-125.51,52.797],[-125.483,52.709],[-125.388,52.632],[-125.287,52.628],[-125.26,52.689],[-125.186,52.76],[-125.199,52.81],[-125.247,52.831],[-125.324,52.827],[-125.446,52.902]]]}},{"type":"Feature","properties":{"density":3},"geometry":{"type":"Polygon","coordinates":[[[-116.39,61.63],[-116.481,61.63],[-116.497,61.622],[-116.504,61.577],[-116.238,61.501],[-115.646,61.402],[-115.365,61.303],[-115.244,61.235],[-115.084,61.174],[-114.887,61.129],[-114.72,61.113],[-114.401,61.151],[-114.249,61.151],[-113.953,61.106],[-113.778,61.098],[-113.641,61.121],[-113.512,61.167],[-113.459,61.22],[-113.459,61.303],[-113.543,61.372],[-113.687,61.425],[-113.831,61.455],[-114.241,61.478],[-114.955,61.478],[-115.403,61.546],[-116.216,61.63],[-116.39,61.63]]]}},{"type":"Feature","properties":{"density":3},"geometry":{"type":"Polygon","coordinates":[[[-114.97,61.926],[-115.107,61.941],[-115.183,61.888],[-115.206,61.804],[-115.168,61.766],[-115.084,61.736],[-114.689,61.66],[-114.196,61.531],[-113.816,61.425],[-113.505,61.311],[-113.133,61.205],[-112.95,61.189],[-112.844,61.197],[-112.867,61.296],[-113.041,61.402],[-113.512,61.569],[-114.765,61.903],[-114.97,61.926]]]}},{"type":"Feature","properties":{"density":3},"geometry":{"type":"Polygon","coordinates":[[[-113.824,60.756],[-113.983,60.756],[-114.074,60.696],[-114.036,60.635],[-113.96,60.589],[-113.254,60.453],[-112.988,60.316],[-112.51,60.012],[-112.411,59.974],[-112.297,59.982],[-112.244,60.027],[-112.244,60.103],[-112.29,60.21],[-112.358,60.286],[-112.457,60.369],[-112.73,60.529],[-113.079,60.635],[-113.596,60.756],[-113.824,60.756]]]}},{"type":"Feature","properties":{"density":3},"geometry":{"type":"Polygon","coordinates":[[[-122.353,62.408],[-122.434,62.402],[-122.465,62.377],[-122.475,62.347],[-122.45,62.311],[-122.12,62.23],[-122.014,62.18],[-121.685,61.977],[-121.559,61.962],[-121.513,62.018],[-121.548,62.099],[-121.624,62.159],[-121.974,62.311],[-122.293,62.382],[-122.353,62.408]]]}},{"type":"Feature","properties":{"density":3},"geometry":{"type":"Polygon","coordinates":[[[-122.895,62.028],[-123.006,62.018],[-123.032,61.977],[-123.027,61.937],[-122.981,61.901],[-122.824,61.856],[-122.642,61.775],[-122.237,61.481],[-122.176,61.456],[-122.115,61.476],[-122.095,61.537],[-122.11,61.582],[-122.212,61.684],[-122.369,61.805],[-122.596,61.937],[-122.723,61.987],[-122.895,62.028]]]}},{"type":"Feature","properties":{"density":3},"geometry":{"type":"Polygon","coordinates":[[[-121.252,63.598],[-121.526,63.553],[-121.64,63.462],[-121.696,63.336],[-121.731,63.04],[-121.833,62.926],[-122.038,62.847],[-122.334,62.801],[-122.756,62.801],[-122.995,62.721],[-123.28,62.539],[-123.359,62.425],[-123.428,62.266],[-123.462,62.118],[-123.496,61.844],[-123.997,61.446],[-124.339,61.104],[-124.578,60.813],[-124.732,60.506],[-124.835,60.198],[-124.852,59.822],[-124.817,59.635],[-124.681,59.464],[-124.527,59.344],[-124.322,59.242],[-124.151,59.207],[-123.485,59.156],[-122.904,59.019],[-122.255,59.019],[-122.05,58.985],[-121.264,58.746],[-121.076,58.712],[-120.136,58.712],[-119.931,58.729],[-119.504,58.695],[-119.282,58.695],[-119.042,58.729],[-118.769,58.729],[-118.53,58.695],[-118.137,58.592],[-117.881,58.558],[-117.351,58.541],[-117.197,58.558],[-116.907,58.626],[-116.48,58.797],[-116.223,58.814],[-116.07,58.746],[-115.591,58.439],[-115.113,58.251],[-114.703,58.063],[-114.207,57.892],[-113.712,57.823],[-113.575,57.823],[-113.199,57.926],[-112.584,57.977],[-112.276,57.977],[-111.73,57.926],[-110.393,57.922],[-109.086,58.024],[-108.368,57.947],[-108.112,57.845],[-107.881,57.665],[-107.65,57.46],[-107.522,57.255],[-107.497,57.05],[-107.497,56.82],[-107.599,56.589],[-107.625,56.384],[-107.548,56.179],[-107.215,55.999],[-106.933,55.948],[-106.292,55.897],[-106.01,55.897],[-105.062,56.128],[-104.857,56.205],[-103.524,56.41],[-103.217,56.41],[-102.115,56.256],[-101.679,56.128],[-101.294,55.999],[-100.91,55.82],[-100.551,55.615],[-99.859,55.051],[-99.603,54.795],[-99.065,53.975],[-98.911,53.667],[-98.808,53.411],[-98.706,52.821],[-98.68,52.565],[-98.732,52.258],[-98.937,51.719],[-99.218,51.13],[-99.424,50.899],[-99.68,50.797],[-100.039,50.746],[-100.782,50.746],[-101.038,50.669],[-101.243,50.515],[-101.397,50.233],[-101.525,49.925],[-101.602,49.644],[-101.576,49.336],[-100.799,48.755],[-100.338,48.704],[-100.03,48.704],[-99.569,48.781],[-99.184,48.909],[-98.826,49.114],[-98.518,49.345],[-98.262,49.601],[-98.031,49.883],[-97.826,50.165],[-97.647,50.472],[-97.467,50.831],[-97.313,51.42],[-97.237,52.087],[-96.801,53.086],[-96.621,53.42],[-96.365,53.778],[-96.083,54.086],[-95.673,54.496],[-95.34,54.727],[-93.623,54.803],[-93.187,54.547],[-92.905,54.342],[-92.034,53.906],[-91.034,53.573],[-90.855,53.548],[-90.547,53.548],[-90.24,53.599],[-89.625,53.753],[-88.676,54.06],[-87.574,54.214],[-87.164,54.368],[-86.908,54.522],[-86.421,54.88],[-86.165,55.214],[-86.062,55.521],[-86.062,56.008],[-86.165,56.264],[-86.37,56.521],[-87.113,57.136],[-87.472,57.7],[-87.523,57.853],[-87.574,58.161],[-87.728,58.52],[-87.882,58.776],[-88.215,59.135],[-89.625,60.211],[-90.342,60.647],[-91.547,61.339],[-93.033,62.031],[-93.905,62.39],[-94.802,62.672],[-95.801,62.928],[-96.314,63.082],[-98.62,63.697],[-99.851,63.953],[-102.157,64.466],[-102.49,64.568],[-103.464,64.824],[-104.823,65.055],[-106.796,65.234],[-107.539,65.234],[-107.873,65.158],[-108.154,65.055],[-108.436,64.927],[-108.718,64.747],[-109.128,64.414],[-109.282,63.722],[-109.385,63.543],[-109.513,63.261],[-109.743,62.928],[-110.205,62.518],[-110.41,62.415],[-110.948,62.236],[-111.179,62.185],[-111.691,62.159],[-112.845,62.21],[-113.408,62.287],[-115.151,62.441],[-115.382,62.441],[-115.587,62.364],[-116.125,62.261],[-116.714,62.261],[-117.022,62.287],[-117.33,62.364],[-118.098,62.595],[-118.79,62.902],[-119.687,63.184],[-119.969,63.235],[-121.252,63.598]]]}},{"type":"Feature","properties":{"density":3},"geometry":{"type":"Polygon","coordinates":[[[-116.122,32.153],[-116.317,32.244],[-116.432,32.258],[-116.574,32.18],[-116.692,32.16],[-116.763,32.106],[-116.722,32.079],[-116.682,32.075],[-116.473,32.119],[-116.341,32.129],[-116.095,32.086],[-116.088,32.113],[-116.122,32.153]]]}},{"type":"Feature","properties":{"density":3},"geometry":{"type":"Polygon","coordinates":[[[-77.345,26.568],[-77.438,26.586],[-77.492,26.557],[-77.503,26.433],[-77.588,26.334],[-77.591,26.255],[-77.519,26.145],[-77.539,26.066],[-77.62,25.945],[-77.624,25.866],[-77.588,25.807],[-77.505,25.789],[-77.451,25.796],[-77.381,25.837],[-77.26,25.841],[-77.222,25.882],[-77.213,25.94],[-77.26,26.017],[-77.235,26.127],[-77.242,26.215],[-77.303,26.329],[-77.271,26.417],[-77.273,26.46],[-77.345,26.568]]]}}]}