{"type":"FeatureCollection","features":[{"type":"Feature","properties":{"density":1},"geometry":{"type":"Polygon","coordinates":[[[-76.921,20.507],[-77.488,20.331],[-77.704,20.294],[-77.93,20.294],[-78.055,20.348],[-78.116,20.416],[-78.119,20.48],[-78.082,20.547],[-78.041,20.588],[-77.92,20.635],[-77.302,20.682],[-77.012,20.74],[-76.84,20.746],[-76.769,20.719],[-76.793,20.642],[-76.874,20.54],[-76.921,20.507]]]}},{"type":"Feature","properties":{"density":1},"geometry":{"type":"Polygon","coordinates":[[[-80.623,25.827],[-80.656,25.82],[-80.66,25.763],[-80.628,25.762],[-80.604,25.784],[-80.623,25.827]]]}},{"type":"Feature","properties":{"density":1},"geometry":{"type":"Polygon","coordinates":[[[-89.22,30.933],[-89.344,30.915],[-89.447,30.873],[-89.479,30.825],[-89.425,30.735],[-89.209,30.882],[-89.195,30.92],[-89.22,30.933]]]}},{"type":"Feature","properties":{"density":1},"geometry":{"type":"Polygon","coordinates":[[[-90.567,30.531],[-90.693,30.495],[-90.716,30.481],[-90.709,30.454],[-90.54,30.49],[-90.54,30.517],[-90.567,30.531]]]}},{"type":"Feature","properties":{"density":1},"geometry":{"type":"Polygon","coordinates":[[[-93.55,29.85],[-93.58,29.893],[-93.584,29.938],[-93.537,30.254],[-93.477,30.366],[-93.37,30.654],[-93.345,30.791],[-93.365,30.933],[-93.456,31.14],[-93.517,31.221],[-93.694,31.333],[-93.73,31.302],[-93.735,31.272],[-93.735,31.226],[-93.699,31.14],[-93.704,31.1],[-93.76,31.054],[-93.952,30.968],[-93.988,30.912],[-94.185,29.966],[-94.145,29.834],[-94.044,29.778],[-93.917,29.738],[-93.558,29.733],[-93.507,29.799],[-93.55,29.85]]]}},{"type":"Feature","properties":{"density":1},"geometry":{"type":"Polygon","coordinates":[[[-98.308,26.349],[-98.235,26.366],[-98.218,26.39],[-98.215,26.423],[-98.275,26.501],[-98.311,26.546],[-98.441,26.645],[-98.477,26.654],[-98.538,26.64],[-98.545,26.611],[-98.502,26.525],[-98.308,26.349]]]}},{"type":"Feature","properties":{"density":1},"geometry":{"type":"Polygon","coordinates":[[[-93.025,17.712],[-93.198,17.717],[-93.351,17.762],[-93.355,17.775],[-93.313,17.802],[-93.241,17.811],[-93.079,17.807],[-92.977,17.757],[-92.973,17.739],[-93.025,17.712]]]}},{"type":"Feature","properties":{"density":1},"geometry":{"type":"Polygon","coordinates":[[[-92.797,17.728],[-92.869,17.703],[-92.854,17.683],[-92.788,17.679],[-92.764,17.715],[-92.797,17.728]]]}},{"type":"Feature","properties":{"density":1},"geometry":{"type":"Polygon","coordinates":[[[-87.33,20.566],[-87.362,20.563],[-87.42,20.402],[-87.399,20.399],[-87.357,20.438],[-87.318,20.548],[-87.33,20.566]]]}},{"type":"Feature","properties":{"density":1},"geometry":{"type":"Polygon","coordinates":[[[-75.234,52.277],[-75.099,52.26],[-75.031,52.29],[-75.001,52.347],[-74.994,52.523],[-75.065,52.523],[-75.133,52.469],[-75.207,52.371],[-75.234,52.277]]]}},{"type":"Feature","properties":{"density":1},"geometry":{"type":"Polygon","coordinates":[[[-143.61,74.879],[-144.071,74.11],[-143.725,72.726],[-142.841,71.88],[-142.418,71.227],[-142.187,70.65],[-142.341,70.074],[-142.956,69.343],[-143.687,68.843],[-144.263,68.574],[-146.378,68.113],[-147.224,67.114],[-146.839,66.383],[-145.916,65.73],[-144.994,65.038],[-144.302,64.615],[-141.918,63.039],[-139.42,62.154],[-137.959,62.001],[-135.652,61.885],[-134.114,61.539],[-131.769,60.617],[-130.654,59.694],[-130.308,58.502],[-129.886,57.81],[-128.579,57.234],[-126.541,56.849],[-125.426,56.734],[-124.234,56.311],[-123.584,55.649],[-123.182,55.047],[-123.784,54.505],[-124.146,54.204],[-124.306,53.883],[-124.687,53.682],[-125.157,53.543],[-125.772,53.543],[-126.08,53.274],[-126.195,52.928],[-126.195,52.62],[-125.964,52.236],[-125.388,51.813],[-122.581,49.968],[-122.248,49.353],[-122.094,48.917],[-122.069,48.404],[-122.248,47.892],[-122.556,47.431],[-123.453,46.687],[-123.683,46.303],[-123.863,45.893],[-123.965,45.38],[-123.786,44.611],[-123.222,44.073],[-123.145,43.555],[-123.079,42.925],[-122.675,42.23],[-122.428,41.869],[-122.094,40.741],[-121.736,40.536],[-121.3,40.562],[-120.915,40.741],[-120.505,40.793],[-120.044,40.69],[-119.89,40.459],[-119.89,39.588],[-119.685,39.152],[-118.865,38.307],[-118.301,37.973],[-117.866,37.768],[-117.353,37.307],[-117.097,36.846],[-116.917,36.205],[-116.866,35.385],[-116.738,34.565],[-116.482,33.591],[-116.405,33.181],[-117.379,32.13],[-117.686,31.412],[-117.353,30.336],[-116.789,28.337],[-116.61,27.363],[-116.559,26.261],[-116.61,25.569],[-116.2,24.083],[-115.943,23.262],[-115.226,22.365],[-114.611,21.853],[-113.919,21.187],[-113.56,20.418],[-113.509,19.905],[-114.79,18.47],[-116.328,17.829],[-118.096,17.24],[-118.686,16.701],[-119.198,15.702],[-119.019,14.446],[-118.506,13.6],[-117.046,13.165],[-114.585,13.216],[-111.1,13.805],[-110.049,13.805],[-107.922,13.293],[-106.179,12.934],[-105.256,12.908],[-103.513,12.96],[-101.232,13.062],[-100.335,13.088],[-98.208,13.318],[-96.696,13.344],[-95.825,13.498],[-95.005,13.985],[-94.825,14.779],[-95.184,15.42],[-95.143,16.187],[-94.12,16.969],[-92.735,17.782],[-89.695,19.347],[-88.009,20.311],[-86.564,21.214],[-85.842,21.755],[-84.758,22.749],[-84.487,23.26],[-84.337,25.157],[-77.744,32.426],[-76.706,33.013],[-75.08,33.646],[-73.455,34.097],[-71.649,34.729],[-67.811,35.993],[-66.411,36.897],[-61.67,41.231],[-60.631,43.985],[-59.728,46.108],[-59.051,46.288],[-57.967,46.243],[-57.064,45.927],[-55.439,44.798],[-54.22,44.572],[-52.775,44.979],[-52.188,45.34],[-51.149,46.333],[-50.562,47.643],[-50.472,48.862],[-50.653,50.126],[-51.059,51.571],[-53.678,55.725],[-55.845,58.389],[-57.606,62.498],[-58.013,64.394],[-58.284,66.2],[-61.489,67.058],[-65.102,66.652],[-67.043,65.884],[-70.113,63.762],[-71.92,62.272],[-76.796,59.969],[-79.009,59.428],[-80.815,59.021],[-93.156,56.839],[-95.805,56.327],[-98.304,55.936],[-100.411,55.304],[-103.21,55.153],[-106.431,56.207],[-107.424,56.448],[-108.719,56.478],[-109.351,56.327],[-110.314,56.417],[-111.157,56.598],[-111.97,57.08],[-112.301,57.682],[-112.12,58.555],[-111.578,59.127],[-110.856,59.608],[-110.194,59.849],[-108.117,60.391],[-104.941,61.926],[-103.767,63.01],[-102.096,64.59],[-99.749,66.622],[-98.349,67.706],[-96.543,68.699],[-94.556,69.331],[-92.66,69.737],[-90.899,70.053],[-89.138,70.279],[-85.842,70.369],[-81.417,70.189],[-76.495,70.595],[-73.018,72.085],[-72.431,73.35],[-72.386,75.065],[-73.244,76.239],[-77.624,78.361],[-81.733,78.678],[-85.029,77.955],[-88.731,77.097],[-91.711,77.097],[-94.827,77.594],[-98.168,78.226],[-100.697,78.542],[-115.145,77.955],[-123.137,78.407],[-128.42,77.865],[-133.884,76.962],[-138.354,76.059],[-141.514,75.517],[-143.61,74.879]]]}},{"type":"Feature","properties":{"density":1},"geometry":{"type":"Polygon","coordinates":[[[-123.603,41.194],[-123.825,41.279],[-123.92,41.197],[-123.992,41.102],[-124.008,41.033],[-123.992,40.946],[-124.105,40.785],[-124.095,40.719],[-124.031,40.695],[-123.963,40.724],[-123.878,40.811],[-123.772,40.882],[-123.714,40.875],[-123.656,40.832],[-123.564,40.84],[-123.519,40.909],[-123.506,40.962],[-123.561,41.036],[-123.566,41.147],[-123.603,41.194]]]}},{"type":"Feature","properties":{"density":1},"geometry":{"type":"Polygon","coordinates":[[[-122.527,43.176],[-122.598,43.176],[-122.735,43.132],[-122.928,43.032],[-122.951,43.01],[-122.957,42.968],[-122.92,42.949],[-122.758,42.961],[-122.644,42.991],[-122.506,43.086],[-122.502,43.161],[-122.527,43.176]]]}},{"type":"Feature","properties":{"density":1},"geometry":{"type":"Polygon","coordinates":[[[-124.544,52.657],[-124.479,52.65],[-123.873,52.441],[-123.692,52.346],[-123.638,52.299],[-123.594,52.198],[-123.584,52.11],[-123.638,51.995],[-123.726,51.901],[-123.972,51.766],[-124.192,51.698],[-124.418,51.671],[-124.475,51.678],[-124.553,51.749],[-124.51,52.155],[-124.533,52.244],[-124.566,52.286],[-124.717,52.383],[-124.728,52.407],[-124.704,52.548],[-124.671,52.61],[-124.544,52.657]]]}},{"type":"Feature","properties":{"density":1},"geometry":{"type":"Polygon","coordinates":[[[-123.718,41.303],[-123.826,41.458],[-123.912,41.492],[-124.022,41.467],[-124.107,41.346],[-124.164,41.141],[-124.193,40.958],[-124.206,40.607],[-124.233,40.424],[-124.21,40.252],[-124.169,40.144],[-124.122,40.114],[-123.916,40.151],[-123.835,40.188],[-123.811,40.353],[-123.843,40.511],[-123.804,40.546],[-123.728,40.529],[-123.612,40.393],[-123.438,40.103],[-123.345,40.087],[-123.312,40.132],[-123.305,40.237],[-123.366,40.761],[-123.325,40.887],[-123.352,41.044],[-123.4,41.154],[-123.469,41.19],[-123.553,41.208],[-123.718,41.303]]]}},{"type":"Feature","properties":{"density":1},"geometry":{"type":"Polygon","coordinates":[[[-76.792,20.737],[-77.055,20.738],[-77.266,20.761],[-77.556,20.752],[-77.655,20.734],[-77.864,20.65],[-77.94,20.536],[-77.931,20.419],[-77.907,20.351],[-77.862,20.315],[-77.805,20.297],[-77.704,20.295],[-77.337,20.455],[-77.198,20.563],[-77.126,20.59],[-76.782,20.627],[-76.752,20.683],[-76.792,20.737]]]}},{"type":"Feature","properties":{"density":1},"geometry":{"type":"Polygon","coordinates":[[[-93.225,17.941],[-93.6,17.849],[-93.675,17.781],[-93.677,17.662],[-93.598,17.588],[-93.537,17.565],[-93.425,17.565],[-93.2,17.68],[-93.076,17.788],[-93.06,17.862],[-93.225,17.941]]]}},{"type":"Feature","properties":{"density":1},"geometry":{"type":"Polygon","coordinates":[[[-93.12,32.484],[-93.071,32.534],[-93.02,32.536],[-92.981,32.502],[-92.981,32.449],[-93.008,32.424],[-93.083,32.428],[-93.118,32.451],[-93.12,32.484]]]}},{"type":"Feature","properties":{"density":1},"geometry":{"type":"Polygon","coordinates":[[[-115.274,46.766],[-115.274,46.849],[-115.244,46.9],[-115.076,47.026],[-114.982,47.041],[-114.926,46.991],[-114.92,46.913],[-114.964,46.813],[-115.208,46.712],[-115.262,46.735],[-115.274,46.766]]]}},{"type":"Feature","properties":{"density":1},"geometry":{"type":"Polygon","coordinates":[[[-115.5,46.655],[-115.416,46.654],[-115.259,46.576],[-115.212,46.528],[-115.22,46.478],[-115.299,46.436],[-115.38,46.433],[-115.473,46.45],[-115.536,46.483],[-115.586,46.517],[-115.602,46.58],[-115.571,46.625],[-115.5,46.655]]]}},{"type":"Feature","properties":{"density":1},"geometry":{"type":"Polygon","coordinates":[[[-123.702,41.251],[-123.806,41.389],[-123.943,41.483],[-124.112,41.483],[-124.172,41.395],[-124.213,41.242],[-124.186,40.95],[-124.206,40.648],[-124.183,40.534],[-124.156,40.456],[-124.115,40.399],[-124.034,40.146],[-123.99,40.068],[-123.902,39.977],[-123.835,39.943],[-123.798,39.943],[-123.764,39.994],[-123.778,40.183],[-123.821,40.324],[-123.842,40.47],[-123.842,40.554],[-123.815,40.672],[-123.764,40.699],[-123.69,40.652],[-123.602,40.501],[-123.519,40.269],[-123.442,40.222],[-123.397,40.202],[-123.298,40.233],[-123.271,40.348],[-123.269,40.429],[-123.289,40.582],[-123.312,40.645],[-123.35,41.001],[-123.587,41.217],[-123.635,41.244],[-123.702,41.251]]]}},{"type":"Feature","properties":{"density":1},"geometry":{"type":"Polygon","coordinates":[[[-122.523,43.199],[-122.634,43.181],[-122.838,43.107],[-122.916,43.055],[-122.937,42.973],[-122.869,42.959],[-122.542,43.037],[-122.482,43.079],[-122.464,43.133],[-122.473,43.181],[-122.523,43.199]]]}},{"type":"Feature","properties":{"density":1},"geometry":{"type":"Polygon","coordinates":[[[-122.111,45.935],[-121.922,45.915],[-121.763,45.84],[-121.696,45.781],[-121.672,45.732],[-121.675,45.682],[-121.733,45.661],[-121.883,45.648],[-121.996,45.702],[-122.052,45.788],[-122.149,45.865],[-122.152,45.907],[-122.111,45.935]]]}},{"type":"Feature","properties":{"density":1},"geometry":{"type":"Polygon","coordinates":[[[-121.265,47.515],[-121.166,47.515],[-121.052,47.478],[-120.935,47.418],[-120.723,47.355],[-120.678,47.302],[-120.677,47.266],[-120.714,47.212],[-120.807,47.166],[-120.929,47.16],[-121.064,47.184],[-121.133,47.233],[-121.193,47.307],[-121.302,47.361],[-121.302,47.446],[-121.265,47.515]]]}},{"type":"Feature","properties":{"density":1},"geometry":{"type":"Polygon","coordinates":[[[-124.684,52.534],[-124.655,52.579],[-124.594,52.617],[-124.497,52.639],[-124.153,52.648],[-123.89,52.615],[-123.649,52.453],[-123.532,52.32],[-123.514,52.126],[-123.588,51.987],[-123.737,51.865],[-123.854,51.737],[-124.009,51.658],[-124.234,51.58],[-124.369,51.571],[-124.475,51.609],[-124.563,51.67],[-124.574,51.735],[-124.554,51.814],[-124.411,52.123],[-124.411,52.153],[-124.438,52.221],[-124.681,52.384],[-124.696,52.441],[-124.684,52.534]]]}},{"type":"Feature","properties":{"density":1},"geometry":{"type":"Polygon","coordinates":[[[-76.771,20.745],[-76.861,20.781],[-77.086,20.831],[-77.72,20.86],[-78.064,20.788],[-78.211,20.671],[-78.24,20.617],[-78.24,20.574],[-78.208,20.489],[-78.123,20.439],[-78.004,20.428],[-77.925,20.403],[-77.808,20.416],[-77.637,20.445],[-77.431,20.569],[-77.11,20.581],[-76.787,20.618],[-76.753,20.637],[-76.75,20.698],[-76.771,20.745]]]}},{"type":"Feature","properties":{"density":1},"geometry":{"type":"Polygon","coordinates":[[[-140.041,63.583],[-139.906,63.547],[-139.782,63.488],[-139.476,63.272],[-139.18,63.124],[-138.468,62.975],[-138.401,62.901],[-138.367,62.82],[-138.364,62.752],[-138.472,62.685],[-138.583,62.648],[-139.082,62.621],[-139.406,62.651],[-139.548,62.685],[-139.717,62.759],[-139.862,62.908],[-140.098,63.373],[-140.102,63.529],[-140.075,63.576],[-140.041,63.583]]]}},{"type":"Feature","properties":{"density":1},"geometry":{"type":"Polygon","coordinates":[[[-122.119,45.963],[-121.287,45.747],[-121.245,45.695],[-121.242,45.647],[-121.38,45.594],[-121.633,45.624],[-121.861,45.71],[-122.011,45.804],[-122.143,45.864],[-122.166,45.885],[-122.172,45.93],[-122.16,45.951],[-122.119,45.963]]]}},{"type":"Feature","properties":{"density":1},"geometry":{"type":"Polygon","coordinates":[[[-123.712,41.218],[-123.541,41.218],[-123.303,41.184],[-123.058,41.083],[-122.891,40.927],[-122.866,40.763],[-122.898,40.696],[-123.04,40.552],[-123.296,40.365],[-123.337,40.347],[-123.409,40.349],[-123.472,40.385],[-123.528,40.441],[-123.721,40.904],[-123.755,40.951],[-123.775,41.041],[-123.77,41.097],[-123.752,41.169],[-123.712,41.218]]]}},{"type":"Feature","properties":{"density":1},"geometry":{"type":"Polygon","coordinates":[[[-121.696,43.456],[-121.681,43.497],[-121.478,43.673],[-121.349,43.705],[-121.267,43.707],[-121.165,43.684],[-121.132,43.644],[-121.163,43.598],[-121.443,43.481],[-121.653,43.42],[-121.681,43.425],[-121.696,43.456]]]}},{"type":"Feature","properties":{"density":1},"geometry":{"type":"Polygon","coordinates":[[[-122.568,43.076],[-122.653,43.179],[-122.652,43.222],[-122.555,43.225],[-122.474,43.19],[-122.459,43.161],[-122.468,43.081],[-122.514,43.065],[-122.568,43.076]]]}},{"type":"Feature","properties":{"density":1},"geometry":{"type":"Polygon","coordinates":[[[-121.44,48.331],[-121.209,48.276],[-121.178,48.256],[-121.176,48.234],[-121.257,48.228],[-121.446,48.273],[-121.469,48.294],[-121.44,48.331]]]}},{"type":"Feature","properties":{"density":1},"geometry":{"type":"Polygon","coordinates":[[[-122.456,50.007],[-122.659,50.108],[-122.93,50.335],[-123.775,50.95],[-125.236,51.463],[-125.774,51.924],[-126.184,52.642],[-126.21,53.103],[-125.826,53.411],[-125.134,53.795],[-124.749,54.257],[-124.053,55.263],[-124.079,57.237],[-124.339,58.498],[-125.146,60.536],[-125.838,61.766],[-126.454,62.688],[-127.184,64.726],[-129.26,68.57],[-129.375,69.493],[-128.799,70.935],[-127.299,72.146],[-125.512,72.78],[-121.475,72.953],[-118.88,72.895],[-114.152,72.607],[-110.634,72.492],[-106.655,72.203],[-104.522,72.203],[-98.678,72.876],[-96.064,73.03],[-94.18,72.645],[-92.95,71.876],[-92.258,71.184],[-92.354,70.166],[-93.277,69.531],[-98.063,68.551],[-99.966,67.917],[-104.464,66.475],[-107.924,65.034],[-110.057,63.65],[-112.133,61.574],[-112.998,60.19],[-113.344,58.748],[-112.595,57.306],[-111.095,56.268],[-107.289,54.884],[-103.887,53.847],[-98.121,53.693],[-97.083,53.27],[-94.891,52.616],[-90.048,50.809],[-88.587,50.694],[-87.357,50.771],[-85.55,50.925],[-84.55,51.079],[-80.937,52.232],[-80.206,52.501],[-75.196,55.423],[-74.811,56.653],[-74.465,58.075],[-74.196,60.036],[-73.427,61.42],[-72.466,62.535],[-71.697,63.073],[-71.082,63.265],[-69.756,63.803],[-69.09,63.752],[-67.347,63.547],[-66.424,63.316],[-64.771,62.791],[-62.618,61.638],[-61.081,60.561],[-59.312,59.062],[-58.351,57.332],[-55.506,51.642],[-54.814,49.739],[-54.325,48.908],[-53.658,48.087],[-53.06,47.882],[-52.244,47.69],[-51.104,47.01],[-50.528,46.28],[-49.874,44.973],[-49.759,43.704],[-49.759,43.127],[-49.144,39.148],[-48.625,37.707],[-47.241,36.323],[-44.704,35.861],[-41.936,36.15],[-39.629,36.784],[-36.804,37.476],[-36.285,37.534],[-35.535,36.15],[-36.342,34.708],[-38.937,33.555],[-41.82,33.209],[-43.896,32.632],[-47.126,32.402],[-49.317,32.344],[-51.681,32.863],[-54.103,33.497],[-56.553,33.939],[-59.603,34.913],[-60.705,35.964],[-61.423,37.604],[-62.349,39.091],[-64.425,39.321],[-65.982,38.918],[-66.571,37.791],[-67.596,36.894],[-69.416,36.125],[-71.902,34.921],[-72.94,34.465],[-73.812,34.388],[-74.939,34.131],[-76.221,33.696],[-79.886,34.067],[-80.462,34.029],[-85.652,32.645],[-86.306,32.261],[-88.228,30.915],[-88.997,30.069],[-89.766,29.454],[-91.303,27.827],[-93.303,26.43],[-93.661,26.199],[-94.661,25.174],[-94.943,24.764],[-95.097,24.098],[-94.968,23.149],[-94.652,22.611],[-94.345,22.389],[-93.849,22.133],[-93.371,21.842],[-92.91,21.535],[-92.585,21.108],[-92.431,19.946],[-92.619,19.245],[-92.841,18.869],[-93.191,17.93],[-93.166,17.084],[-92.858,16.469],[-92.397,15.751],[-92.089,15.444],[-91.884,15.162],[-91.782,14.624],[-91.936,14.188],[-92.32,13.778],[-93.371,13.419],[-94.447,13.111],[-95.985,12.701],[-97.318,12.65],[-98.753,12.65],[-100.291,12.778],[-102.136,13.188],[-102.649,13.265],[-105.57,14.008],[-107.134,14.495],[-108.71,14.739],[-111.016,14.662],[-112.323,14.585],[-113.592,14.393],[-114.899,14.162],[-115.553,14.354],[-117.513,15.7],[-117.206,17.43],[-116.744,19.813],[-116.129,21.197],[-116.014,22.082],[-116.437,23.965],[-117.09,26.08],[-117.09,26.656],[-116.591,27.541],[-115.591,27.925],[-113.977,28.079],[-112.977,27.925],[-111.708,27.656],[-107.428,26.246],[-106.685,25.836],[-105.365,25.862],[-104.673,26.169],[-104.366,27.015],[-104.173,28.476],[-104.135,29.86],[-104.135,30.629],[-104.097,31.551],[-104.097,32.359],[-104.558,33.397],[-105.557,34.396],[-106.403,34.781],[-107.672,35.011],[-109.094,34.858],[-110.593,34.896],[-111.362,34.935],[-112.695,35.302],[-113.31,35.789],[-113.874,36.276],[-114.643,36.583],[-115.309,36.763],[-115.95,36.993],[-116.975,37.147],[-117.983,37.523],[-118.462,37.762],[-119.453,38.531],[-119.846,39.3],[-120.401,40.453],[-120.606,40.761],[-121.136,40.949],[-121.426,40.949],[-121.699,40.88],[-121.921,40.932],[-122.263,41.068],[-122.468,41.41],[-122.502,41.683],[-122.343,42.674],[-122.206,42.925],[-122.024,43.324],[-121.842,43.631],[-121.716,43.791],[-121.614,44.11],[-121.615,44.23],[-121.592,44.374],[-121.661,44.541],[-121.949,45.073],[-122.095,45.181],[-122.266,45.91],[-122.244,46.047],[-122.187,46.138],[-121.993,46.161],[-121.186,45.982],[-120.829,45.921],[-120.168,46.05],[-119.857,46.142],[-119.895,46.301],[-120.008,46.438],[-120.396,46.529],[-120.631,46.628],[-120.92,46.795],[-120.98,46.886],[-121.292,47.038],[-121.375,47.167],[-121.406,47.319],[-121.406,47.478],[-121.345,47.607],[-121.132,47.698],[-121.087,47.797],[-121.072,48.116],[-121.041,48.23],[-121.026,48.473],[-121.079,48.541],[-121.277,48.655],[-121.747,49.278],[-121.899,49.544],[-122.264,49.901],[-122.456,50.007]]]}},{"type":"Feature","properties":{"density":2},"geometry":{"type":"Polygon","coordinates":[[[-76.807,20.707],[-77.025,20.714],[-77.266,20.664],[-77.329,20.633],[-77.354,20.558],[-77.451,20.462],[-77.181,20.484],[-76.992,20.538],[-76.904,20.572],[-76.807,20.648],[-76.782,20.673],[-76.782,20.705],[-76.807,20.707]]]}},{"type":"Feature","properties":{"density":2},"geometry":{"type":"Polygon","coordinates":[[[-80.64,25.807],[-80.646,25.787],[-80.618,25.788],[-80.616,25.8],[-80.64,25.807]]]}},{"type":"Feature","properties":{"density":2},"geometry":{"type":"Polygon","coordinates":[[[-93.586,29.81],[-93.771,29.808],[-93.67,29.904],[-93.634,29.97],[-93.64,29.882],[-93.582,29.846],[-93.586,29.81]]]}},{"type":"Feature","properties":{"density":2},"geometry":{"type":"Polygon","coordinates":[[[-98.251,26.418],[-98.284,26.453],[-98.308,26.439],[-98.284,26.384],[-98.247,26.396],[-98.251,26.418]]]}},{"type":"Feature","properties":{"density":2},"geometry":{"type":"Polygon","coordinates":[[[-87.341,20.545],[-87.357,20.507],[-87.333,20.536],[-87.341,20.545]]]}},{"type":"Feature","properties":{"density":2},"geometry":{"type":"Polygon","coordinates":[[[-117.899,38.59],[-117.284,38.59],[-116.258,38.692],[-115.507,38.863],[-115.319,39.102],[-115.182,39.358],[-115.199,39.837],[-115.097,40.127],[-114.909,40.298],[-114.755,40.76],[-114.687,41.204],[-114.704,41.494],[-114.84,41.716],[-115.011,41.904],[-115.336,42.126],[-115.626,42.161],[-115.848,42.161],[-116.105,42.024],[-116.532,41.836],[-116.857,41.87],[-117.249,42.024],[-117.625,42.092],[-117.916,42.075],[-118.292,41.99],[-119.522,41.614],[-119.864,41.46],[-120.171,41.375],[-120.427,41.375],[-120.684,41.34],[-120.974,41.255],[-121.487,41.033],[-121.709,41.016],[-121.982,41.067],[-122.119,41.135],[-122.153,41.272],[-122.034,41.443],[-121.948,41.733],[-122.119,42.058],[-122.187,42.297],[-122.17,42.502],[-122.051,42.673],[-121.914,42.776],[-121.589,42.947],[-121.162,43.049],[-121.008,43.152],[-120.473,43.846],[-120.462,43.972],[-121.236,44.268],[-121.362,44.382],[-121.362,44.61],[-121.259,44.644],[-121.179,44.723],[-121.225,44.815],[-121.794,45.088],[-121.92,45.225],[-121.92,45.27],[-121.646,45.612],[-121.464,45.612],[-121.248,45.657],[-120.963,45.76],[-120.803,45.84],[-119.653,46.022],[-119.448,46.068],[-119.254,46.204],[-119.277,46.341],[-119.516,46.455],[-120.382,47.07],[-120.45,47.252],[-120.564,47.457],[-120.997,48.163],[-120.997,48.255],[-120.746,48.471],[-120.781,48.63],[-120.906,48.71],[-121.225,48.699],[-121.316,48.722],[-121.384,48.813],[-121.418,48.927],[-121.43,49.132],[-121.305,49.291],[-121.191,49.337],[-121.077,49.359],[-120.929,49.359],[-120.427,49.28],[-120.245,49.28],[-120.154,49.371],[-120.154,49.508],[-120.291,49.587],[-120.553,49.644],[-121.396,49.656],[-121.521,49.701],[-121.658,49.781],[-121.76,49.918],[-121.794,50.088],[-122.079,50.51],[-122.216,50.59],[-122.432,50.635],[-122.842,50.681],[-123.047,50.749],[-123.161,50.863],[-123.759,51.233],[-124.084,51.472],[-124.887,52.156],[-125.399,52.429],[-125.605,52.634],[-125.622,52.856],[-125.263,52.908],[-124.648,52.805],[-124.169,52.668],[-123.913,52.549],[-123.469,52.395],[-123.195,52.378],[-122.939,52.327],[-122.529,52.293],[-122.187,52.344],[-121.982,52.463],[-121.316,53.215],[-120.684,53.745],[-120.479,53.899],[-120.154,54.104],[-119.915,54.223],[-119.59,54.445],[-119.351,54.77],[-119.607,55.078],[-120.274,55.351],[-121.145,55.881],[-121.521,56.308],[-121.743,56.598],[-122.409,57.042],[-123.059,57.384],[-123.469,57.64],[-124.152,58.187],[-124.357,58.461],[-124.733,58.819],[-125.212,59.11],[-125.724,59.366],[-126.168,59.52],[-126.578,59.622],[-127.023,59.657],[-127.399,59.725],[-127.86,59.845],[-128.492,60.562],[-128.518,60.895],[-128.313,60.998],[-128.005,60.972],[-127.441,60.87],[-126.98,60.767],[-125.929,60.69],[-125.083,60.818],[-124.673,60.921],[-124.391,61.203],[-124.315,61.536],[-124.417,61.946],[-124.776,62.331],[-125.212,62.612],[-126.416,62.946],[-127.287,62.997],[-128.082,63.125],[-129.722,64.535],[-130.286,64.611],[-131.209,64.663],[-131.978,64.535],[-132.593,64.201],[-133.233,63.586],[-133.695,63.202],[-134.233,62.971],[-135.079,62.817],[-135.848,62.766],[-136.77,62.869],[-137.231,62.997],[-137.975,63.099],[-138.18,63.048],[-138.59,62.843],[-138.897,62.638],[-139.231,62.561],[-139.718,62.664],[-140.051,62.894],[-140.358,63.304],[-140.589,63.74],[-140.538,64.022],[-140.256,64.406],[-139.794,64.893],[-139.512,65.303],[-139.41,65.816],[-139.154,66.431],[-138.82,66.867],[-138.462,67.277],[-137.36,70.122],[-137.36,70.756],[-136.552,72.198],[-135.111,73.639],[-133.092,74.793],[-130.786,75.658],[-128.768,75.773],[-127.211,75.6],[-125.481,75.023],[-123.52,74.677],[-121.386,74.677],[-119.656,74.735],[-118.676,74.908],[-111.064,76.119],[-109.104,76.503],[-106.49,77.157],[-105.259,77.195],[-102.876,77.157],[-101.3,76.965],[-100.3,76.772],[-99.416,76.58],[-97.84,75.773],[-97.34,75.35],[-96.61,74.466],[-96.302,73.928],[-96.264,72.774],[-97.033,71.506],[-97.609,71.006],[-98.493,70.621],[-99.032,70.275],[-99.493,69.853],[-100.454,69.161],[-102.799,67.854],[-104.068,67.623],[-111.449,66.79],[-113.166,66.457],[-114.063,66.226],[-114.516,65.818],[-114.786,65.156],[-114.455,64.765],[-113.823,64.223],[-113.01,63.741],[-112.499,63.079],[-112.138,62.296],[-112.288,61.182],[-113.101,60.55],[-113.944,59.978],[-115.539,59.948],[-116.322,60.159],[-116.954,60.279],[-116.831,59.879],[-116.352,59.212],[-115.361,58.238],[-114.61,57.538],[-113.157,56.667],[-112.628,56.376],[-111.961,56.103],[-111.244,55.898],[-110.167,55.641],[-108.664,54.804],[-107.399,54.138],[-105.913,53.659],[-104.99,53.318],[-104.273,53.096],[-103.316,52.754],[-101.881,52.344],[-101.402,52.873],[-101.095,53.147],[-100.719,53.335],[-100.087,53.523],[-99.301,53.591],[-98.737,53.591],[-98.139,53.557],[-93.79,51.323],[-93.483,50.862],[-92.983,50.246],[-91.868,48.67],[-91.663,48.414],[-91.228,48.132],[-90.689,47.927],[-89.357,47.722],[-88.793,47.594],[-87.793,47.491],[-86.64,47.491],[-85.846,47.543],[-85.41,47.645],[-85.0,47.645],[-84.59,47.594],[-84.308,47.491],[-84.18,47.312],[-84.18,47.004],[-84.538,46.723],[-84.897,46.62],[-87.05,46.543],[-88.075,46.415],[-88.716,46.389],[-89.075,46.415],[-90.92,46.364],[-91.407,46.594],[-91.791,46.441],[-92.073,46.261],[-92.483,46.159],[-92.842,46.159],[-93.509,46.492],[-94.072,46.594],[-94.559,46.671],[-94.688,46.543],[-94.739,46.261],[-94.534,45.979],[-94.124,45.672],[-93.278,45.364],[-92.125,45.057],[-91.638,44.852],[-91.202,44.698],[-90.843,44.647],[-90.484,44.647],[-89.408,45.031],[-88.383,45.108],[-87.435,45.236],[-86.127,45.364],[-84.718,45.569],[-84.282,45.697],[-83.718,45.954],[-82.975,46.21],[-82.232,46.441],[-81.822,46.748],[-81.412,47.158],[-81.104,47.671],[-78.727,51.246],[-78.42,51.823],[-77.458,53.207],[-77.112,53.63],[-76.305,54.206],[-75.844,54.437],[-73.729,56.09],[-73.037,57.282],[-72.0,58.589],[-70.923,59.704],[-70.423,59.857],[-69.847,59.857],[-69.232,59.55],[-69.001,59.088],[-68.962,58.589],[-69.616,57.858],[-70.27,57.243],[-71.038,56.551],[-71.961,55.821],[-73.23,54.86],[-73.691,54.245],[-74.114,53.591],[-74.383,52.976],[-74.575,52.207],[-74.498,51.477],[-74.152,51.092],[-73.537,50.746],[-72.461,50.477],[-71.308,50.554],[-70.846,50.862],[-70.346,51.4],[-70.0,51.746],[-69.232,52.092],[-68.424,52.284],[-67.848,52.361],[-65.08,55.359],[-64.042,56.359],[-63.619,56.859],[-62.773,57.051],[-60.659,55.744],[-60.428,54.975],[-60.697,54.014],[-62.812,51.784],[-62.965,51.054],[-62.581,50.4],[-62.081,49.862],[-61.889,49.093],[-61.889,48.555],[-62.081,48.094],[-62.85,47.671],[-63.926,47.479],[-65.003,48.286],[-65.772,48.901],[-66.579,49.093],[-69.116,48.517],[-70.077,47.94],[-71.077,47.171],[-71.538,46.402],[-71.538,45.057],[-71.038,44.557],[-70.423,44.326],[-69.616,44.249],[-68.463,44.096],[-67.194,43.634],[-66.81,43.173],[-67.002,42.366],[-67.809,41.443],[-69.924,39.444],[-71.923,38.367],[-74.191,37.714],[-77.804,37.483],[-78.881,37.214],[-81.264,36.407],[-82.072,36.022],[-84.686,34.715],[-87.223,32.409],[-88.3,31.947],[-91.913,31.063],[-92.49,31.755],[-92.259,32.293],[-91.875,32.716],[-91.337,33.408],[-90.991,34.408],[-90.683,35.446],[-90.26,36.253],[-89.991,36.714],[-89.76,37.06],[-89.607,37.752],[-89.876,38.137],[-90.375,38.252],[-91.029,38.022],[-91.375,37.599],[-91.759,36.753],[-92.067,35.715],[-92.682,34.446],[-93.912,33.255],[-95.834,31.832],[-98.833,31.217],[-99.909,31.025],[-100.409,31.255],[-100.448,31.794],[-100.217,32.563],[-99.602,33.024],[-98.449,33.639],[-97.603,33.985],[-96.719,34.408],[-96.142,34.946],[-95.95,35.676],[-96.296,35.869],[-96.911,35.907],[-98.218,35.676],[-99.756,35.484],[-100.678,35.33],[-101.524,35.177],[-103.139,34.792],[-104.215,34.677],[-105.099,34.792],[-104.869,35.446],[-104.599,35.869],[-104.407,36.522],[-104.523,36.984],[-104.984,37.368],[-105.291,37.868],[-105.215,38.252],[-104.984,38.56],[-104.984,38.906],[-105.291,39.213],[-105.868,39.367],[-106.445,39.329],[-106.868,39.059],[-106.983,38.713],[-107.06,37.945],[-106.829,37.253],[-106.637,36.484],[-106.599,35.946],[-107.06,35.484],[-108.521,34.523],[-108.944,33.101],[-108.521,32.524],[-107.675,32.063],[-106.214,31.601],[-105.138,31.063],[-104.676,30.371],[-104.177,29.679],[-103.792,28.949],[-103.638,28.218],[-103.984,27.257],[-104.561,26.681],[-105.291,26.527],[-106.406,26.719],[-106.714,27.296],[-106.752,28.372],[-106.752,29.18],[-107.444,30.102],[-108.252,30.756],[-109.328,31.294],[-110.289,31.409],[-111.289,31.332],[-111.904,31.255],[-112.327,31.563],[-112.865,32.024],[-113.365,32.639],[-113.826,33.293],[-113.711,33.793],[-113.211,34.369],[-112.942,34.754],[-112.749,35.138],[-112.711,35.561],[-114.133,37.56],[-115.171,37.906],[-117.67,37.906],[-118.132,38.252],[-117.899,38.59]]]}},{"type":"Feature","properties":{"density":2},"geometry":{"type":"Polygon","coordinates":[[[-123.696,41.207],[-123.741,41.194],[-123.804,41.139],[-123.796,41.099],[-123.738,41.012],[-123.672,41.025],[-123.614,41.091],[-123.606,41.131],[-123.619,41.163],[-123.651,41.197],[-123.696,41.207]]]}},{"type":"Feature","properties":{"density":2},"geometry":{"type":"Polygon","coordinates":[[[-122.562,43.155],[-122.705,43.088],[-122.848,43.052],[-122.879,43.032],[-122.883,43.012],[-122.824,43.004],[-122.594,43.052],[-122.515,43.1],[-122.511,43.155],[-122.562,43.155]]]}},{"type":"Feature","properties":{"density":2},"geometry":{"type":"Polygon","coordinates":[[[-122.519,45.922],[-122.241,45.886],[-122.023,45.811],[-121.773,45.7],[-121.746,45.74],[-121.781,45.787],[-122.019,45.942],[-122.221,46.029],[-122.114,46.132],[-122.122,46.164],[-122.162,46.18],[-122.233,46.164],[-122.376,46.096],[-122.487,46.021],[-122.511,45.981],[-122.519,45.922]]]}},{"type":"Feature","properties":{"density":2},"geometry":{"type":"Polygon","coordinates":[[[-121.263,47.529],[-121.286,47.516],[-121.297,47.479],[-121.276,47.323],[-121.234,47.292],[-121.167,47.289],[-121.117,47.268],[-121.046,47.223],[-120.996,47.218],[-120.959,47.244],[-121.115,47.463],[-121.263,47.529]]]}},{"type":"Feature","properties":{"density":2},"geometry":{"type":"Polygon","coordinates":[[[-93.349,27.151],[-94.192,26.991],[-95.777,26.529],[-96.319,26.208],[-96.72,25.847],[-96.981,25.526],[-97.603,24.563],[-97.864,24.322],[-98.206,24.262],[-98.446,24.663],[-98.607,25.064],[-98.948,25.245],[-99.169,25.205],[-99.349,24.924],[-99.389,24.482],[-99.008,23.8],[-98.968,23.499],[-99.249,23.118],[-99.209,22.716],[-98.486,21.713],[-98.145,21.171],[-97.925,20.649],[-97.483,19.867],[-96.821,18.803],[-96.359,18.121],[-96.058,17.74],[-95.637,17.579],[-95.075,17.579],[-94.714,17.92],[-94.975,18.342],[-95.416,18.703],[-95.476,19.245],[-95.195,19.626],[-94.894,19.987],[-94.854,20.389],[-95.155,20.77],[-95.797,21.292],[-96.139,21.593],[-96.68,22.295],[-96.981,23.078],[-97.082,23.559],[-97.062,24.001],[-96.761,24.924],[-96.56,25.185],[-96.139,25.486],[-95.757,25.686],[-95.075,25.907],[-94.754,25.967],[-94.352,25.987],[-93.61,25.987],[-93.108,26.048],[-92.827,26.228],[-92.727,26.409],[-92.707,26.69],[-92.827,26.931],[-93.349,27.151]]]}},{"type":"Feature","properties":{"density":2},"geometry":{"type":"Polygon","coordinates":[[[-116.83,42.833],[-116.803,42.813],[-116.71,42.808],[-116.636,42.777],[-116.557,42.718],[-116.533,42.682],[-116.427,42.309],[-116.42,42.185],[-116.422,42.111],[-116.463,42.034],[-116.512,42.007],[-116.629,42.016],[-116.866,42.131],[-116.945,42.198],[-116.971,42.25],[-116.98,42.358],[-116.911,42.592],[-116.929,42.772],[-116.884,42.828],[-116.83,42.833]]]}},{"type":"Feature","properties":{"density":2},"geometry":{"type":"Polygon","coordinates":[[[-122.534,43.163],[-122.576,43.162],[-122.688,43.106],[-122.795,43.079],[-122.821,43.03],[-122.714,43.03],[-122.579,43.087],[-122.526,43.083],[-122.506,43.137],[-122.534,43.163]]]}},{"type":"Feature","properties":{"density":2},"geometry":{"type":"Polygon","coordinates":[[[-119.785,44.345],[-119.905,44.435],[-119.905,44.501],[-119.863,44.54],[-119.777,44.562],[-119.593,44.495],[-119.569,44.463],[-119.579,44.421],[-119.653,44.364],[-119.725,44.34],[-119.785,44.345]]]}},{"type":"Feature","properties":{"density":2},"geometry":{"type":"Polygon","coordinates":[[[-122.206,45.989],[-122.074,45.95],[-121.776,45.82],[-121.744,45.784],[-121.744,45.737],[-121.779,45.719],[-121.848,45.731],[-122.268,45.884],[-122.314,45.937],[-122.314,45.958],[-122.281,45.986],[-122.206,45.989]]]}},{"type":"Feature","properties":{"density":2},"geometry":{"type":"Polygon","coordinates":[[[-121.266,47.516],[-121.188,47.516],[-121.059,47.42],[-120.984,47.314],[-120.953,47.221],[-120.944,47.173],[-120.966,47.104],[-120.984,47.092],[-121.038,47.105],[-121.077,47.135],[-121.157,47.245],[-121.248,47.323],[-121.293,47.395],[-121.313,47.461],[-121.31,47.482],[-121.266,47.516]]]}},{"type":"Feature","properties":{"density":2},"geometry":{"type":"Polygon","coordinates":[[[-124.665,52.397],[-124.652,52.5],[-124.592,52.568],[-124.552,52.565],[-124.512,52.551],[-124.405,52.447],[-124.319,52.428],[-124.266,52.355],[-124.25,52.301],[-124.382,52.293],[-124.636,52.37],[-124.665,52.397]]]}},{"type":"Feature","properties":{"density":2},"geometry":{"type":"Polygon","coordinates":[[[-117.975,46.07],[-117.922,46.076],[-117.763,46.021],[-117.696,46.013],[-117.667,45.976],[-117.713,45.943],[-117.764,45.943],[-117.922,45.997],[-117.951,45.977],[-118.014,45.989],[-118.107,45.971],[-118.15,45.985],[-118.162,46.009],[-118.159,46.038],[-118.128,46.049],[-118.073,46.043],[-117.975,46.07]]]}},{"type":"Feature","properties":{"density":2},"geometry":{"type":"Polygon","coordinates":[[[-115.432,46.477],[-115.464,46.52],[-115.461,46.539],[-115.433,46.555],[-115.364,46.507],[-115.375,46.473],[-115.432,46.477]]]}},{"type":"Feature","properties":{"density":2},"geometry":{"type":"Polygon","coordinates":[[[-107.395,38.083],[-107.362,38.195],[-107.318,38.222],[-107.237,38.176],[-107.201,38.098],[-107.23,38.06],[-107.31,38.028],[-107.362,38.04],[-107.395,38.083]]]}},{"type":"Feature","properties":{"density":2},"geometry":{"type":"Polygon","coordinates":[[[-123.674,41.217],[-123.8,41.226],[-123.849,41.206],[-123.908,41.158],[-123.944,41.104],[-123.942,40.983],[-123.998,40.902],[-124.079,40.731],[-124.077,40.6],[-124.052,40.567],[-124.014,40.56],[-123.984,40.587],[-123.912,40.751],[-123.773,40.904],[-123.656,40.861],[-123.62,40.722],[-123.57,40.614],[-123.537,40.582],[-123.496,40.499],[-123.429,40.488],[-123.384,40.515],[-123.377,40.564],[-123.44,40.702],[-123.39,40.796],[-123.388,40.915],[-123.421,40.993],[-123.579,41.111],[-123.635,41.209],[-123.674,41.217]]]}},{"type":"Feature","properties":{"density":2},"geometry":{"type":"Polygon","coordinates":[[[-122.873,51.73],[-122.804,51.719],[-122.235,51.833],[-121.791,52.083],[-121.358,52.425],[-121.073,52.835],[-119.672,54.296],[-119.381,54.398],[-118.613,54.535],[-117.98,54.518],[-117.348,54.535],[-116.716,54.586],[-115.947,54.552],[-115.195,54.416],[-114.409,54.108],[-113.401,53.613],[-112.786,53.22],[-111.163,52.741],[-108.429,52.57],[-105.294,52.305],[-103.423,51.947],[-101.732,51.742],[-100.886,51.665],[-99.399,51.28],[-97.529,50.742],[-96.426,50.46],[-94.974,50.033],[-92.264,49.582],[-91.443,49.217],[-90.657,48.591],[-90.304,47.896],[-90.532,47.258],[-91.124,46.802],[-92.241,46.677],[-94.356,46.823],[-94.777,46.493],[-94.242,46.015],[-93.283,45.437],[-92.719,45.129],[-92.104,44.924],[-90.113,44.173],[-89.524,43.686],[-88.806,42.891],[-88.191,42.302],[-88.012,41.866],[-87.935,41.276],[-88.037,40.943],[-88.473,40.098],[-90.19,39.277],[-92.087,39.226],[-93.086,39.175],[-94.368,39.175],[-95.828,39.226],[-99.955,40.123],[-102.056,40.431],[-104.799,41.892],[-105.817,42.055],[-107.441,42.192],[-108.773,42.551],[-109.779,42.994],[-110.36,42.959],[-111.436,42.31],[-112.103,41.883],[-112.564,41.678],[-113.401,41.575],[-114.034,41.37],[-114.614,41.302],[-115.247,41.353],[-116.682,41.61],[-117.16,41.746],[-117.536,41.883],[-118.168,42.003],[-118.578,41.986],[-118.954,41.951],[-119.672,42.02],[-119.894,42.02],[-121.172,41.274],[-121.536,41.182],[-121.798,41.262],[-121.935,41.422],[-122.037,41.638],[-122.182,42.129],[-122.171,42.413],[-122.05,42.676],[-121.974,42.772],[-121.898,42.833],[-121.761,42.889],[-121.498,42.919],[-121.417,42.954],[-121.164,42.97],[-120.972,43.002],[-120.865,42.987],[-120.577,43.048],[-120.463,43.101],[-120.372,43.253],[-120.349,43.397],[-120.372,43.557],[-120.463,43.724],[-120.395,43.881],[-120.382,43.948],[-120.389,44.019],[-120.463,44.097],[-120.557,44.137],[-121.293,44.289],[-121.388,44.441],[-121.394,44.627],[-121.347,44.725],[-121.357,44.792],[-121.408,44.876],[-121.567,44.978],[-121.661,45.018],[-121.85,45.238],[-121.85,45.349],[-121.83,45.41],[-121.734,45.501],[-121.354,45.663],[-121.02,45.774],[-120.093,46.027],[-119.79,46.073],[-118.594,45.986],[-118.351,46.016],[-117.978,46.153],[-117.485,46.229],[-117.141,46.444],[-117.055,46.545],[-117.06,46.656],[-117.11,46.717],[-117.313,46.803],[-117.495,46.808],[-118.057,46.666],[-118.67,46.226],[-118.872,46.201],[-119.338,46.256],[-119.944,46.56],[-120.177,46.656],[-120.385,46.925],[-120.686,47.241],[-120.884,47.53],[-120.982,47.773],[-121.013,47.932],[-120.92,48.227],[-120.788,48.318],[-120.722,48.414],[-120.687,48.556],[-120.717,48.637],[-120.839,48.672],[-121.137,48.692],[-121.198,48.718],[-121.33,48.809],[-121.32,49.021],[-121.244,49.219],[-120.96,49.3],[-120.474,49.269],[-120.1,49.123],[-119.988,49.143],[-119.928,49.234],[-119.993,49.325],[-120.135,49.447],[-120.768,49.558],[-121.094,49.634],[-121.254,49.588],[-121.436,49.626],[-121.573,49.695],[-121.71,49.839],[-121.854,50.052],[-121.968,50.34],[-122.223,50.634],[-122.32,50.689],[-122.859,50.735],[-122.965,50.765],[-123.087,50.841],[-123.208,51.084],[-123.213,51.287],[-123.188,51.388],[-123.112,51.56],[-122.873,51.73]]]}},{"type":"Feature","properties":{"density":2},"geometry":{"type":"Polygon","coordinates":[[[-112.594,38.806],[-112.452,38.921],[-112.308,39.087],[-112.238,39.112],[-112.126,39.119],[-112.054,39.062],[-112.081,38.788],[-112.202,38.594],[-112.294,38.525],[-112.407,38.489],[-112.474,38.491],[-112.524,38.525],[-112.616,38.655],[-112.627,38.7],[-112.618,38.774],[-112.594,38.806]]]}},{"type":"Feature","properties":{"density":2},"geometry":{"type":"Polygon","coordinates":[[[-76.817,20.712],[-77.114,20.703],[-77.166,20.68],[-77.169,20.656],[-77.003,20.646],[-76.787,20.659],[-76.782,20.696],[-76.817,20.712]]]}},{"type":"Feature","properties":{"density":2},"geometry":{"type":"Polygon","coordinates":[[[-93.103,32.477],[-93.05,32.516],[-93.018,32.506],[-93.01,32.468],[-93.025,32.444],[-93.079,32.441],[-93.099,32.449],[-93.103,32.477]]]}},{"type":"Feature","properties":{"density":2},"geometry":{"type":"Polygon","coordinates":[[[-125.252,67.037],[-124.804,67.188],[-124.424,67.295],[-124.234,67.447],[-124.09,67.538],[-123.847,67.629],[-123.589,67.69],[-123.277,67.667],[-122.951,67.5],[-122.852,67.363],[-122.746,67.014],[-122.632,66.976],[-122.434,67.059],[-122.283,67.295],[-121.888,67.431],[-120.946,67.439],[-120.506,67.378],[-120.399,67.28],[-120.438,67.026],[-120.726,66.801],[-121.204,66.672],[-121.523,66.558],[-121.667,66.31],[-121.53,66.223],[-120.92,66.365],[-120.622,66.416],[-120.338,66.396],[-120.125,66.35],[-119.888,66.223],[-119.847,65.98],[-119.867,65.737],[-119.963,65.565],[-120.136,65.449],[-120.404,65.403],[-120.627,65.434],[-120.865,65.418],[-121.34,65.292],[-122.199,65.114],[-122.344,64.976],[-122.328,64.798],[-121.583,64.334],[-120.953,64.076],[-120.414,63.955],[-120.125,64.016],[-120.194,64.319],[-120.558,65.09],[-120.414,65.295],[-120.103,65.284],[-119.715,65.094],[-119.34,64.808],[-119.09,64.538],[-118.904,64.177],[-118.508,63.893],[-118.25,63.635],[-118.009,63.508],[-117.683,63.247],[-117.466,62.996],[-117.375,62.711],[-117.409,62.427],[-117.489,62.278],[-117.741,62.215],[-117.901,62.139],[-118.076,62.093],[-118.508,62.055],[-118.774,62.078],[-119.268,62.237],[-119.556,62.366],[-119.827,62.404],[-120.004,62.364],[-120.07,62.313],[-120.141,62.111],[-120.288,61.893],[-120.738,61.701],[-120.769,61.599],[-120.678,61.534],[-120.571,61.483],[-120.427,61.448],[-120.361,61.387],[-120.063,61.202],[-119.691,61.073],[-119.546,60.989],[-119.288,60.891],[-119.151,60.8],[-119.06,60.716],[-119.037,60.625],[-119.121,60.602],[-119.455,60.686],[-119.721,60.807],[-120.42,61.058],[-121.38,61.22],[-121.451,61.18],[-121.427,61.116],[-121.018,60.957],[-120.648,60.754],[-120.198,60.557],[-118.989,59.817],[-118.807,59.658],[-118.762,59.35],[-118.989,59.088],[-119.388,58.872],[-119.992,58.747],[-120.96,58.872],[-121.769,59.1],[-122.304,59.35],[-123.136,59.897],[-123.352,60.159],[-123.796,60.49],[-123.947,61.1],[-123.962,61.495],[-124.137,61.738],[-124.182,62.202],[-124.252,62.403],[-124.434,62.574],[-124.981,63.212],[-125.467,64.021],[-125.558,64.226],[-125.763,64.499],[-125.976,64.696],[-126.15,64.78],[-126.727,64.955],[-127.062,65.038],[-127.282,65.198],[-127.798,65.463],[-127.882,65.524],[-127.912,65.577],[-127.882,65.63],[-127.532,65.661],[-126.91,65.471],[-126.659,65.441],[-126.651,65.517],[-126.826,65.57],[-126.986,65.676],[-127.122,65.714],[-127.251,65.813],[-127.335,65.843],[-127.434,65.957],[-127.426,66.025],[-127.244,66.056],[-126.75,66.01],[-126.522,65.919],[-126.348,65.911],[-126.074,66.079],[-125.998,66.215],[-125.998,66.352],[-126.021,66.466],[-125.968,66.565],[-125.877,66.678],[-125.755,66.785],[-125.252,67.037]]]}},{"type":"Feature","properties":{"density":2},"geometry":{"type":"Polygon","coordinates":[[[-118.281,64.075],[-118.376,64.113],[-118.461,64.183],[-118.482,64.282],[-118.437,64.354],[-118.385,64.383],[-118.324,64.394],[-118.223,64.378],[-118.155,64.32],[-118.144,64.259],[-118.183,64.096],[-118.24,64.062],[-118.281,64.075]]]}},{"type":"Feature","properties":{"density":2},"geometry":{"type":"Polygon","coordinates":[[[-120.36,65.116],[-120.288,65.26],[-120.229,65.305],[-120.108,65.343],[-120.058,65.341],[-120.024,65.314],[-120.015,65.278],[-120.031,65.208],[-120.067,65.163],[-120.256,65.073],[-120.333,65.073],[-120.36,65.116]]]}},{"type":"Feature","properties":{"density":2},"geometry":{"type":"Polygon","coordinates":[[[-119.817,44.339],[-119.91,44.423],[-119.916,44.461],[-119.901,44.507],[-119.869,44.549],[-119.725,44.639],[-119.646,44.669],[-119.544,44.662],[-119.329,44.578],[-119.253,44.531],[-119.169,44.503],[-119.149,44.447],[-119.154,44.416],[-119.193,44.387],[-119.262,44.378],[-119.445,44.393],[-119.736,44.333],[-119.817,44.339]]]}},{"type":"Feature","properties":{"density":2},"geometry":{"type":"Polygon","coordinates":[[[-116.884,42.89],[-116.603,42.985],[-116.337,43.052],[-116.242,43.032],[-116.188,42.991],[-116.168,42.951],[-116.161,42.87],[-116.189,42.624],[-116.139,42.455],[-116.105,42.404],[-116.054,42.195],[-116.065,42.127],[-116.129,42.003],[-116.2,41.949],[-116.328,41.891],[-116.453,41.847],[-116.574,41.83],[-116.858,41.837],[-116.939,41.854],[-117.06,41.918],[-117.084,41.955],[-117.097,42.043],[-117.042,42.165],[-116.968,42.453],[-116.963,42.761],[-116.918,42.867],[-116.884,42.89]]]}},{"type":"Feature","properties":{"density":2},"geometry":{"type":"Polygon","coordinates":[[[-115.457,43.353],[-115.34,43.401],[-115.059,43.43],[-114.991,43.452],[-114.953,43.486],[-114.789,43.533],[-114.748,43.529],[-114.717,43.5],[-114.73,43.452],[-114.816,43.371],[-114.906,43.335],[-115.248,43.275],[-115.374,43.236],[-115.453,43.25],[-115.468,43.275],[-115.457,43.353]]]}},{"type":"Feature","properties":{"density":2},"geometry":{"type":"Polygon","coordinates":[[[-113.12,45.721],[-112.884,45.773],[-112.611,45.809],[-112.337,45.82],[-112.141,45.809],[-112.069,45.773],[-112.058,45.651],[-111.995,45.599],[-111.959,45.521],[-111.961,45.491],[-112.085,45.458],[-112.607,45.467],[-112.769,45.485],[-113.07,45.467],[-113.23,45.44],[-113.381,45.444],[-113.381,45.482],[-113.343,45.541],[-113.12,45.721]]]}},{"type":"Feature","properties":{"density":2},"geometry":{"type":"Polygon","coordinates":[[[-113.728,46.079],[-113.662,46.152],[-113.716,46.169],[-113.908,46.166],[-113.92,46.182],[-113.911,46.223],[-113.8,46.281],[-113.421,46.355],[-113.236,46.347],[-113.026,46.364],[-112.98,46.346],[-112.945,46.308],[-112.929,46.251],[-112.942,46.199],[-112.993,46.157],[-113.283,46.145],[-113.676,46.02],[-113.723,46.042],[-113.728,46.079]]]}},{"type":"Feature","properties":{"density":2},"geometry":{"type":"Polygon","coordinates":[[[-115.259,46.776],[-115.229,46.86],[-115.121,46.92],[-115.033,46.914],[-115.003,46.888],[-115.015,46.85],[-115.157,46.784],[-115.201,46.735],[-115.247,46.742],[-115.259,46.776]]]}},{"type":"Feature","properties":{"density":2},"geometry":{"type":"Polygon","coordinates":[[[-115.426,46.482],[-115.409,46.523],[-115.359,46.55],[-115.304,46.557],[-115.273,46.53],[-115.289,46.491],[-115.418,46.462],[-115.426,46.482]]]}},{"type":"Feature","properties":{"density":2},"geometry":{"type":"Polygon","coordinates":[[[-123.334,51.221],[-123.334,51.388],[-123.28,51.586],[-123.182,51.76],[-122.969,51.904],[-122.46,52.087],[-121.868,52.254],[-121.435,52.44],[-120.387,53.066],[-120.068,53.374],[-119.875,53.67],[-119.704,53.875],[-119.476,54.046],[-119.054,54.262],[-118.462,54.467],[-116.657,54.763],[-115.615,54.763],[-114.077,54.439],[-112.795,54.063],[-112.437,53.926],[-111.873,53.738],[-110.66,53.089],[-109.976,52.867],[-109.259,52.73],[-108.285,52.354],[-107.499,52.252],[-106.661,52.047],[-104.731,52.166],[-103.526,52.09],[-102.296,51.961],[-101.066,51.756],[-98.657,51.269],[-96.94,50.731],[-96.119,50.526],[-94.249,50.347],[-93.736,50.244],[-90.994,49.834],[-90.455,49.706],[-89.2,49.475],[-88.585,49.219],[-88.226,48.886],[-88.046,48.553],[-87.867,48.168],[-87.739,47.63],[-87.688,47.22],[-87.739,46.861],[-87.867,46.682],[-88.251,46.426],[-88.841,46.144],[-89.687,46.092],[-90.225,46.118],[-90.72,45.862],[-91.062,45.793],[-91.882,45.793],[-92.241,45.964],[-92.514,45.896],[-92.805,45.742],[-92.941,45.623],[-92.941,45.315],[-92.822,45.178],[-92.634,45.042],[-92.275,44.819],[-91.95,44.58],[-90.754,44.153],[-90.37,44.127],[-89.857,44.127],[-88.636,44.051],[-87.662,43.794],[-87.431,43.487],[-87.124,43.128],[-86.919,42.82],[-86.816,42.615],[-86.611,41.821],[-86.56,41.513],[-86.534,41.257],[-86.509,40.668],[-86.826,39.765],[-87.088,39.492],[-87.327,39.286],[-87.658,39.127],[-88.535,38.99],[-89.435,38.711],[-90.05,38.592],[-91.314,38.438],[-91.929,38.489],[-92.681,38.506],[-95.457,38.139],[-95.816,37.857],[-96.124,37.447],[-96.38,37.011],[-96.713,36.627],[-97.098,36.294],[-97.815,36.217],[-98.123,36.294],[-98.43,36.627],[-98.687,37.652],[-98.815,38.421],[-98.892,39.036],[-99.174,39.728],[-99.661,40.394],[-100.66,40.984],[-102.864,41.317],[-105.481,41.918],[-106.951,42.02],[-107.258,42.157],[-108.54,42.516],[-108.898,42.669],[-109.445,43.028],[-109.855,43.148],[-110.641,43.199],[-111.29,43.199],[-111.735,43.028],[-112.076,42.584],[-112.615,42.225],[-113.819,41.636],[-115.081,41.535],[-116.305,41.508],[-118.273,41.677],[-119.545,41.832],[-120.315,42.126],[-120.547,42.151],[-120.668,42.091],[-120.665,41.972],[-120.459,41.706],[-120.509,41.554],[-120.695,41.49],[-121.191,41.422],[-121.546,41.419],[-121.923,41.684],[-122.024,42.14],[-122.065,42.443],[-121.933,42.742],[-121.872,42.795],[-121.758,42.863],[-121.462,42.993],[-121.067,43.106],[-120.809,43.205],[-120.703,43.304],[-120.657,43.433],[-120.574,43.554],[-120.543,43.775],[-120.574,43.889],[-120.741,44.003],[-120.908,44.094],[-121.366,44.235],[-121.371,44.357],[-121.244,44.478],[-121.098,44.585],[-121.042,44.661],[-121.072,44.782],[-121.401,44.98],[-121.599,45.061],[-121.72,45.142],[-121.817,45.299],[-121.822,45.461],[-121.695,45.536],[-121.452,45.643],[-121.108,45.714],[-120.324,45.935],[-119.921,46.003],[-119.747,46.095],[-119.39,46.193],[-118.767,46.224],[-117.343,46.33],[-116.523,46.467],[-115.232,46.556],[-114.609,46.571],[-114.165,46.694],[-113.697,46.742],[-113.518,46.888],[-113.42,47.006],[-113.234,47.09],[-112.988,47.161],[-112.9,47.303],[-112.958,47.418],[-113.132,47.494],[-113.641,47.646],[-114.112,47.722],[-114.451,47.696],[-114.978,47.563],[-115.281,47.426],[-115.76,47.335],[-116.734,47.052],[-117.32,46.991],[-117.764,46.861],[-118.429,46.602],[-118.763,46.541],[-119.895,46.496],[-120.373,46.693],[-120.555,46.807],[-120.681,46.944],[-120.772,47.16],[-120.886,47.502],[-120.984,47.935],[-120.992,48.041],[-120.946,48.155],[-120.878,48.193],[-120.825,48.246],[-120.757,48.36],[-120.726,48.482],[-120.749,48.55],[-120.833,48.618],[-120.931,48.649],[-121.083,48.656],[-121.311,48.709],[-121.372,48.763],[-121.425,48.907],[-121.425,49.021],[-121.364,49.165],[-121.265,49.264],[-121.194,49.304],[-121.119,49.395],[-121.113,49.451],[-121.134,49.492],[-121.2,49.537],[-121.402,49.598],[-121.539,49.724],[-121.579,49.841],[-121.84,50.236],[-122.015,50.471],[-122.356,50.681],[-123.126,50.838],[-123.263,51.0],[-123.334,51.221]]]}},{"type":"Feature","properties":{"density":2},"geometry":{"type":"Polygon","coordinates":[[[-112.553,38.667],[-112.585,38.768],[-112.564,38.874],[-112.436,39.034],[-112.393,39.074],[-112.274,39.121],[-112.222,39.133],[-112.177,39.117],[-112.153,39.079],[-112.153,38.935],[-112.234,38.815],[-112.328,38.721],[-112.393,38.595],[-112.42,38.584],[-112.461,38.595],[-112.553,38.667]]]}},{"type":"Feature","properties":{"density":2},"geometry":{"type":"Polygon","coordinates":[[[-123.703,41.226],[-123.656,41.231],[-123.612,41.211],[-123.551,41.085],[-123.483,41.032],[-123.464,40.976],[-123.475,40.902],[-123.46,40.833],[-123.482,40.805],[-123.572,40.804],[-123.606,40.824],[-123.667,40.968],[-123.738,41.064],[-123.804,41.123],[-123.787,41.19],[-123.703,41.226]]]}},{"type":"Feature","properties":{"density":2},"geometry":{"type":"Polygon","coordinates":[[[-122.566,43.083],[-122.605,43.124],[-122.602,43.157],[-122.559,43.178],[-122.499,43.175],[-122.506,43.1],[-122.535,43.079],[-122.566,43.083]]]}},{"type":"Feature","properties":{"density":2},"geometry":{"type":"Polygon","coordinates":[[[-122.131,45.916],[-122.017,45.912],[-121.918,45.873],[-121.882,45.845],[-121.881,45.808],[-121.952,45.796],[-122.058,45.822],[-122.139,45.88],[-122.131,45.916]]]}},{"type":"Feature","properties":{"density":2},"geometry":{"type":"Polygon","coordinates":[[[-121.287,47.409],[-121.269,47.453],[-121.225,47.492],[-121.171,47.497],[-121.093,47.468],[-121.001,47.405],[-120.976,47.317],[-120.977,47.254],[-121.002,47.237],[-121.082,47.233],[-121.181,47.319],[-121.276,47.357],[-121.287,47.409]]]}},{"type":"Feature","properties":{"density":2},"geometry":{"type":"Polygon","coordinates":[[[-124.663,52.386],[-124.65,52.482],[-124.602,52.546],[-124.347,52.611],[-124.178,52.612],[-123.975,52.578],[-123.835,52.53],[-123.812,52.5],[-123.822,52.45],[-123.853,52.434],[-124.258,52.431],[-124.568,52.355],[-124.62,52.355],[-124.663,52.386]]]}},{"type":"Feature","properties":{"density":2},"geometry":{"type":"Polygon","coordinates":[[[-121.534,61.373],[-121.527,61.213],[-120.79,60.704],[-120.35,60.515],[-119.871,60.279],[-119.651,60.142],[-119.491,59.975],[-119.294,59.846],[-119.218,59.71],[-118.967,59.424],[-118.719,59.241],[-118.648,59.15],[-118.638,59.084],[-118.75,59.039],[-119.327,59.181],[-119.499,59.307],[-119.955,59.383],[-120.236,59.368],[-120.608,59.292],[-120.957,59.292],[-121.359,59.383],[-122.529,59.824],[-122.855,59.983],[-123.076,60.18],[-123.144,60.416],[-123.319,60.909],[-123.425,61.335],[-123.41,61.555],[-123.552,61.673],[-123.758,61.774],[-123.889,61.967],[-123.911,62.216],[-124.101,62.459],[-124.283,62.58],[-124.944,63.56],[-125.247,64.141],[-125.339,64.243],[-125.749,64.528],[-126.432,64.813],[-127.036,65.086],[-127.309,65.132],[-127.469,65.223],[-127.56,65.439],[-127.321,65.678],[-127.081,65.69],[-126.592,65.656],[-126.472,65.689],[-126.17,65.97],[-126.083,66.081],[-126.052,66.309],[-126.014,66.46],[-125.954,66.582],[-125.711,66.764],[-125.392,67.076],[-124.959,67.319],[-124.724,67.516],[-124.344,67.751],[-123.926,67.896],[-123.14,67.945],[-122.742,67.945],[-122.195,67.9],[-121.876,67.9],[-121.033,67.945],[-120.691,67.922],[-120.327,67.945],[-119.837,67.945],[-119.541,67.763],[-119.461,67.603],[-119.415,67.296],[-119.415,67.045],[-119.453,66.882],[-119.453,66.685],[-119.491,66.35],[-119.575,66.13],[-119.621,65.91],[-119.757,65.507],[-119.833,65.432],[-119.901,65.28],[-119.97,64.991],[-119.977,64.695],[-119.879,64.551],[-119.765,64.49],[-119.628,64.513],[-119.529,64.558],[-119.408,64.665],[-119.209,64.695],[-119.002,64.619],[-118.789,64.634],[-118.617,64.766],[-118.44,64.958],[-118.359,65.13],[-118.219,65.978],[-118.159,66.123],[-117.988,66.396],[-117.783,66.521],[-117.669,66.544],[-117.43,66.487],[-117.156,66.328],[-116.985,66.111],[-116.815,65.747],[-116.723,65.337],[-116.769,65.154],[-116.94,64.608],[-117.099,64.311],[-117.597,63.806],[-117.847,63.632],[-117.885,63.579],[-117.885,63.472],[-117.703,63.343],[-117.559,63.191],[-117.293,62.812],[-117.164,62.493],[-117.172,62.371],[-117.247,62.189],[-117.468,62.03],[-117.779,61.87],[-118.371,61.931],[-119.672,62.295],[-119.769,62.26],[-119.865,62.199],[-120.054,62.148],[-120.341,62.022],[-120.545,61.898],[-120.675,61.799],[-121.049,61.698],[-121.095,61.673],[-121.358,61.432],[-121.454,61.412],[-121.534,61.373]]]}},{"type":"Feature","properties":{"density":2},"geometry":{"type":"Polygon","coordinates":[[[-119.206,64.261],[-119.373,64.385],[-119.425,64.461],[-119.463,64.563],[-119.465,64.61],[-119.418,64.648],[-119.373,64.635],[-119.119,64.374],[-119.096,64.322],[-119.101,64.277],[-119.148,64.248],[-119.206,64.261]]]}},{"type":"Feature","properties":{"density":2},"geometry":{"type":"Polygon","coordinates":[[[-140.01,63.545],[-139.706,63.356],[-139.506,63.19],[-139.478,63.139],[-139.505,63.043],[-139.678,62.991],[-139.748,63.004],[-139.876,63.07],[-139.968,63.18],[-140.052,63.332],[-140.081,63.496],[-140.052,63.548],[-140.01,63.545]]]}},{"type":"Feature","properties":{"density":2},"geometry":{"type":"Polygon","coordinates":[[[-78.696,50.407],[-78.581,50.367],[-78.234,50.455],[-78.079,50.526],[-78.011,50.583],[-77.92,50.63],[-77.519,50.806],[-77.442,50.799],[-77.411,50.779],[-77.398,50.738],[-77.398,50.674],[-77.472,50.532],[-77.685,50.272],[-77.776,50.205],[-78.232,50.184],[-78.579,50.119],[-78.723,50.169],[-78.752,50.2],[-78.775,50.268],[-78.768,50.331],[-78.741,50.394],[-78.696,50.407]]]}},{"type":"Feature","properties":{"density":2},"geometry":{"type":"Polygon","coordinates":[[[-115.427,43.358],[-115.22,43.354],[-114.878,43.471],[-114.734,43.493],[-114.639,43.48],[-114.433,43.399],[-114.376,43.356],[-114.338,43.273],[-114.365,43.246],[-114.46,43.223],[-114.905,43.196],[-115.389,43.241],[-115.465,43.286],[-115.474,43.307],[-115.468,43.334],[-115.427,43.358]]]}},{"type":"Feature","properties":{"density":2},"geometry":{"type":"Polygon","coordinates":[[[-116.871,42.805],[-116.74,42.859],[-116.569,42.897],[-116.45,42.859],[-116.281,42.767],[-116.254,42.726],[-116.27,42.663],[-116.333,42.573],[-116.432,42.499],[-116.461,42.441],[-116.461,42.409],[-116.43,42.369],[-116.398,42.256],[-116.434,42.162],[-116.473,42.13],[-116.605,42.123],[-116.893,42.195],[-116.947,42.252],[-116.954,42.398],[-116.875,42.585],[-116.891,42.742],[-116.871,42.805]]]}},{"type":"Feature","properties":{"density":2},"geometry":{"type":"Polygon","coordinates":[[[-120.694,44.33],[-120.689,44.508],[-120.662,44.571],[-120.559,44.684],[-120.392,44.751],[-119.967,44.792],[-119.742,44.783],[-119.492,44.928],[-119.353,44.966],[-119.236,44.971],[-118.995,44.953],[-118.88,44.91],[-118.743,44.804],[-118.727,44.759],[-118.723,44.66],[-118.75,44.604],[-118.781,44.559],[-118.948,44.428],[-119.054,44.23],[-119.117,44.057],[-119.382,43.915],[-119.636,43.873],[-119.832,43.792],[-119.958,43.715],[-120.062,43.697],[-120.143,43.711],[-120.212,43.749],[-120.35,43.983],[-120.678,44.282],[-120.694,44.33]]]}},{"type":"Feature","properties":{"density":2},"geometry":{"type":"Polygon","coordinates":[[[-121.285,47.435],[-121.179,47.471],[-121.024,47.474],[-120.78,47.427],[-120.657,47.465],[-120.514,47.463],[-120.288,47.397],[-120.259,47.37],[-120.257,47.315],[-120.333,47.045],[-120.388,47.015],[-120.471,47.012],[-120.606,47.052],[-120.981,47.241],[-121.276,47.339],[-121.313,47.379],[-121.285,47.435]]]}},{"type":"Feature","properties":{"density":2},"geometry":{"type":"Polygon","coordinates":[[[-124.655,52.382],[-124.651,52.45],[-124.633,52.487],[-124.525,52.573],[-124.405,52.636],[-124.05,52.759],[-123.776,52.874],[-123.513,52.911],[-123.216,53.019],[-122.969,53.035],[-122.687,53.014],[-122.487,52.969],[-122.465,52.922],[-122.465,52.825],[-122.514,52.711],[-122.593,52.645],[-122.721,52.578],[-122.973,52.479],[-123.194,52.441],[-123.713,52.429],[-123.99,52.405],[-124.1,52.373],[-124.386,52.355],[-124.498,52.333],[-124.6,52.339],[-124.65,52.358],[-124.655,52.382]]]}},{"type":"Feature","properties":{"density":2},"geometry":{"type":"Polygon","coordinates":[[[-123.705,41.147],[-123.734,41.113],[-123.738,41.081],[-123.675,40.883],[-123.651,40.832],[-123.563,40.744],[-123.355,40.765],[-123.276,40.823],[-123.226,40.895],[-123.202,40.954],[-123.192,41.044],[-123.235,41.111],[-123.277,41.129],[-123.577,41.156],[-123.65,41.161],[-123.705,41.147]]]}},{"type":"Feature","properties":{"density":2},"geometry":{"type":"Polygon","coordinates":[[[-121.67,43.482],[-121.483,43.638],[-121.405,43.68],[-121.319,43.683],[-121.263,43.653],[-121.267,43.625],[-121.44,43.566],[-121.641,43.441],[-121.684,43.446],[-121.67,43.482]]]}},{"type":"Feature","properties":{"density":2},"geometry":{"type":"Polygon","coordinates":[[[-122.424,52.107],[-121.57,52.483],[-121.183,52.893],[-119.753,54.248],[-119.36,54.539],[-117.959,55.103],[-117.208,55.222],[-116.319,55.308],[-115.55,55.291],[-114.85,55.154],[-113.261,54.693],[-110.937,54.078],[-109.758,53.309],[-108.707,53.052],[-107.708,52.847],[-106.888,52.591],[-102.633,51.566],[-101.326,51.515],[-99.609,51.617],[-96.482,51.258],[-94.355,50.848],[-92.715,50.695],[-89.691,49.926],[-88.025,49.874],[-86.82,49.798],[-85.898,49.874],[-84.898,49.669],[-83.958,49.379],[-83.702,49.037],[-83.446,48.422],[-83.343,47.875],[-83.343,47.465],[-83.275,46.816],[-83.309,46.474],[-83.429,46.235],[-83.719,45.825],[-84.215,45.073],[-85.325,44.39],[-85.411,44.202],[-85.274,44.151],[-84.761,44.202],[-84.044,44.407],[-83.258,44.578],[-82.421,44.817],[-81.581,45.324],[-81.205,45.506],[-81.045,45.7],[-80.703,45.871],[-80.157,46.349],[-79.918,46.691],[-79.473,46.862],[-79.029,46.947],[-78.158,46.964],[-77.696,46.708],[-77.56,46.486],[-77.525,46.212],[-77.611,46.041],[-77.705,45.999],[-78.115,45.589],[-78.747,44.136],[-79.066,43.617],[-79.503,43.045],[-80.403,42.441],[-80.728,41.766],[-80.877,41.02],[-80.433,40.319],[-80.272,39.67],[-80.705,39.169],[-81.286,38.793],[-82.163,38.588],[-83.142,38.645],[-84.373,38.77],[-85.204,38.793],[-85.853,38.85],[-86.937,38.827],[-88.734,38.579],[-89.298,38.451],[-90.246,38.349],[-90.989,38.143],[-91.579,38.118],[-94.438,36.879],[-95.474,36.119],[-96.243,35.632],[-96.73,35.427],[-97.832,35.119],[-98.345,35.119],[-99.062,35.478],[-99.396,36.17],[-99.981,39.002],[-100.203,39.549],[-100.493,40.01],[-101.194,40.676],[-101.928,41.052],[-102.834,41.394],[-106.191,41.796],[-107.507,42.402],[-108.566,42.676],[-110.412,42.898],[-111.386,42.795],[-112.547,42.573],[-115.378,41.642],[-116.027,41.585],[-117.656,41.71],[-118.636,41.847],[-119.148,41.938],[-119.611,41.779],[-120.006,41.665],[-120.826,41.558],[-121.206,41.444],[-121.54,41.376],[-121.723,41.444],[-121.852,41.642],[-121.859,41.816],[-121.814,41.892],[-121.776,42.014],[-121.905,42.532],[-121.864,42.628],[-121.692,42.78],[-121.383,42.912],[-120.948,43.155],[-120.457,43.347],[-120.239,43.362],[-120.184,43.403],[-120.118,43.55],[-120.118,43.651],[-120.262,43.914],[-120.454,44.014],[-120.686,44.235],[-120.74,44.316],[-120.75,44.39],[-120.719,44.532],[-120.672,44.592],[-120.265,44.836],[-120.015,44.905],[-119.59,44.965],[-119.438,45.029],[-119.25,45.084],[-118.855,45.388],[-118.815,45.454],[-118.81,45.515],[-118.835,45.555],[-119.017,45.575],[-119.59,45.494],[-119.949,45.373],[-120.126,45.287],[-120.572,45.14],[-120.781,45.079],[-120.96,45.052],[-121.139,45.059],[-121.314,45.106],[-121.358,45.143],[-121.667,45.222],[-121.723,45.292],[-121.732,45.343],[-121.786,45.382],[-121.78,45.445],[-121.699,45.487],[-121.51,45.512],[-121.327,45.6],[-121.132,45.644],[-120.781,45.755],[-120.44,45.819],[-119.846,46.018],[-119.031,46.15],[-118.911,46.234],[-118.769,46.271],[-118.533,46.298],[-118.111,46.415],[-117.946,46.418],[-117.571,46.479],[-117.281,46.557],[-117.105,46.634],[-117.068,46.732],[-117.095,46.803],[-117.132,46.837],[-117.328,46.877],[-117.581,46.84],[-117.848,46.766],[-118.244,46.69],[-118.533,46.614],[-118.73,46.538],[-119.014,46.482],[-119.292,46.457],[-119.763,46.457],[-119.879,46.492],[-119.95,46.548],[-120.052,46.665],[-120.143,46.72],[-120.219,46.791],[-120.274,46.923],[-120.47,47.027],[-120.905,47.125],[-121.07,47.246],[-121.191,47.288],[-121.277,47.34],[-121.326,47.412],[-121.324,47.441],[-121.301,47.464],[-121.088,47.493],[-120.903,47.491],[-120.809,47.472],[-120.696,47.506],[-120.687,47.491],[-120.68,47.542],[-120.697,47.572],[-120.738,47.599],[-120.88,47.774],[-120.964,48.022],[-120.961,48.1],[-120.947,48.134],[-120.795,48.215],[-120.694,48.249],[-120.481,48.269],[-120.4,48.299],[-120.377,48.357],[-120.383,48.566],[-120.505,48.684],[-120.812,48.792],[-121.092,48.714],[-121.261,48.711],[-121.372,48.778],[-121.376,48.974],[-121.143,49.318],[-120.822,49.41],[-120.491,49.44],[-120.329,49.507],[-120.316,49.528],[-120.329,49.572],[-120.437,49.602],[-121.082,49.619],[-121.173,49.649],[-121.301,49.625],[-121.42,49.641],[-121.508,49.693],[-121.584,49.792],[-121.675,50.041],[-121.989,50.396],[-122.101,50.5],[-122.305,50.757],[-122.443,50.855],[-122.572,50.912],[-122.703,50.791],[-122.723,50.791],[-123.02,50.907],[-123.238,51.079],[-123.339,51.206],[-123.375,51.337],[-123.37,51.444],[-123.319,51.651],[-123.243,51.742],[-123.061,51.869],[-122.545,52.031],[-122.424,52.107]]]}},{"type":"Feature","properties":{"density":2},"geometry":{"type":"Polygon","coordinates":[[[-120.353,65.141],[-120.383,65.055],[-120.391,64.94],[-120.361,64.902],[-120.316,64.919],[-120.254,64.977],[-120.233,65.084],[-120.238,65.13],[-120.265,65.163],[-120.299,65.165],[-120.353,65.141]]]}},{"type":"Feature","properties":{"density":2},"geometry":{"type":"Polygon","coordinates":[[[-121.737,61.392],[-122.482,61.514],[-122.876,61.605],[-123.325,61.681],[-123.643,61.787],[-123.902,62.053],[-124.008,62.334],[-124.479,62.93],[-125.493,63.739],[-126.233,64.548],[-126.438,64.707],[-127.11,65.311],[-127.121,65.732],[-127.03,66.268],[-126.632,66.552],[-126.016,66.826],[-125.071,67.179],[-123.306,67.543],[-121.54,67.817],[-120.754,67.828],[-120.025,67.862],[-119.524,67.794],[-119.285,67.555],[-119.091,67.099],[-119.323,65.949],[-119.307,65.706],[-119.209,65.387],[-118.988,65.129],[-118.594,64.984],[-118.138,65.28],[-117.956,65.622],[-117.667,65.911],[-117.439,66.07],[-116.847,65.941],[-116.615,65.459],[-116.509,64.791],[-116.494,64.517],[-116.539,64.198],[-116.741,63.393],[-116.832,63.211],[-116.889,63.052],[-117.174,62.869],[-117.698,62.721],[-118.745,62.391],[-118.928,62.288],[-119.553,62.035],[-119.776,62.03],[-119.978,62.0],[-120.555,61.853],[-120.717,61.782],[-121.173,61.534],[-121.381,61.463],[-121.492,61.403],[-121.644,61.382],[-121.737,61.392]]]}},{"type":"Feature","properties":{"density":2},"geometry":{"type":"Polygon","coordinates":[[[-112.449,39.102],[-112.348,39.274],[-112.217,39.391],[-112.171,39.411],[-111.958,39.411],[-111.776,39.38],[-111.685,39.304],[-111.569,39.239],[-111.447,39.127],[-111.391,39.046],[-111.326,38.884],[-111.31,38.788],[-111.32,38.621],[-111.346,38.565],[-111.493,38.469],[-111.908,38.5],[-112.328,38.5],[-112.475,38.459],[-112.556,38.464],[-112.627,38.525],[-112.647,38.565],[-112.637,38.687],[-112.556,38.96],[-112.449,39.102]]]}},{"type":"Feature","properties":{"density":2},"geometry":{"type":"Polygon","coordinates":[[[-107.338,38.163],[-107.193,38.15],[-107.095,38.096],[-107.024,37.994],[-107.025,37.922],[-107.066,37.889],[-107.104,37.882],[-107.192,37.898],[-107.264,37.925],[-107.354,37.992],[-107.408,38.046],[-107.408,38.082],[-107.383,38.141],[-107.338,38.163]]]}},{"type":"Feature","properties":{"density":3},"geometry":{"type":"Polygon","coordinates":[[[-76.809,20.696],[-76.924,20.705],[-76.933,20.655],[-76.908,20.621],[-76.879,20.619],[-76.791,20.684],[-76.809,20.696]]]}},{"type":"Feature","properties":{"density":3},"geometry":{"type":"Polygon","coordinates":[[[-119.175,64.263],[-119.283,64.287],[-119.388,64.401],[-119.449,64.435],[-119.553,64.459],[-119.813,64.479],[-119.843,64.506],[-119.843,64.543],[-119.793,64.567],[-119.681,64.56],[-119.351,64.469],[-119.209,64.385],[-119.141,64.287],[-119.145,64.263],[-119.175,64.263]]]}},{"type":"Feature","properties":{"density":3},"geometry":{"type":"Polygon","coordinates":[[[-118.79,63.895],[-118.804,63.963],[-118.898,64.037],[-118.871,64.074],[-118.784,64.067],[-118.703,64.0],[-118.693,63.969],[-118.703,63.926],[-118.747,63.882],[-118.79,63.895]]]}},{"type":"Feature","properties":{"density":3},"geometry":{"type":"Polygon","coordinates":[[[-118.277,64.088],[-118.298,64.148],[-118.288,64.182],[-118.264,64.192],[-118.24,64.179],[-118.227,64.108],[-118.23,64.094],[-118.277,64.088]]]}},{"type":"Feature","properties":{"density":3},"geometry":{"type":"Polygon","coordinates":[[[-118.674,63.738],[-118.698,63.738],[-118.741,63.678],[-118.741,63.651],[-118.718,63.637],[-118.664,63.667],[-118.633,63.735],[-118.674,63.738]]]}},{"type":"Feature","properties":{"density":3},"geometry":{"type":"Polygon","coordinates":[[[-119.295,63.87],[-119.079,63.89],[-119.042,63.914],[-119.042,63.951],[-119.194,63.964],[-119.244,63.954],[-119.308,63.917],[-119.332,63.87],[-119.295,63.87]]]}},{"type":"Feature","properties":{"density":3},"geometry":{"type":"Polygon","coordinates":[[[-123.215,65.009],[-123.268,65.13],[-123.374,65.244],[-123.42,65.275],[-123.526,65.29],[-123.549,65.252],[-123.534,65.191],[-123.458,65.062],[-123.443,65.001],[-123.504,64.948],[-123.663,64.933],[-123.747,64.963],[-123.807,65.07],[-123.663,65.298],[-123.625,65.389],[-123.617,65.563],[-123.64,65.715],[-123.617,65.875],[-123.473,66.057],[-123.268,66.11],[-122.866,66.247],[-122.767,66.315],[-122.676,66.406],[-122.63,66.497],[-122.645,66.573],[-122.721,66.664],[-122.82,66.68],[-122.987,66.68],[-123.959,66.49],[-124.779,66.421],[-124.863,66.55],[-124.969,66.634],[-125.068,66.672],[-125.303,66.687],[-125.402,66.649],[-125.463,66.588],[-125.47,66.52],[-125.448,66.444],[-125.326,66.285],[-125.182,66.171],[-124.946,66.019],[-124.916,65.905],[-124.931,65.776],[-125.053,65.48],[-125.189,65.358],[-125.463,65.282],[-125.911,65.267],[-127.126,65.396],[-127.293,65.449],[-127.543,65.556],[-127.635,65.616],[-127.764,65.67],[-127.862,65.677],[-127.862,65.594],[-127.43,65.465],[-127.073,65.313],[-126.792,65.222],[-125.994,64.986],[-125.797,64.948],[-125.653,64.887],[-125.25,64.637],[-125.038,64.379],[-124.931,64.196],[-124.757,63.824],[-124.665,63.748],[-124.536,63.71],[-124.164,63.71],[-124.096,63.748],[-124.073,63.885],[-124.21,64.166],[-124.179,64.272],[-124.096,64.333],[-123.982,64.371],[-123.701,64.371],[-123.633,64.341],[-123.549,64.272],[-123.496,64.189],[-123.359,63.877],[-123.276,63.764],[-123.056,63.232],[-122.964,63.095],[-122.881,62.928],[-122.866,62.845],[-122.896,62.784],[-122.957,62.746],[-123.048,62.731],[-123.223,62.951],[-123.299,62.959],[-123.329,62.86],[-123.291,62.716],[-123.2,62.518],[-123.124,62.404],[-123.002,62.382],[-123.033,62.556],[-122.98,62.609],[-122.706,62.632],[-122.547,62.625],[-122.463,62.602],[-122.425,62.549],[-122.463,62.511],[-122.547,62.503],[-122.6,62.48],[-122.661,62.412],[-122.668,62.336],[-122.615,62.237],[-122.463,62.116],[-122.402,61.979],[-122.068,61.668],[-121.939,61.592],[-121.393,61.447],[-121.18,61.432],[-121.051,61.44],[-120.99,61.47],[-120.952,61.516],[-120.967,61.561],[-121.127,61.766],[-121.165,61.858],[-121.15,61.896],[-120.998,61.896],[-120.914,61.865],[-120.755,61.842],[-120.755,61.918],[-120.777,61.941],[-120.952,61.987],[-121.005,62.032],[-121.02,62.108],[-120.952,62.131],[-120.869,62.131],[-120.686,62.047],[-120.504,62.025],[-120.428,62.04],[-120.39,62.07],[-120.36,62.23],[-120.36,62.275],[-120.481,62.473],[-120.739,62.693],[-120.815,62.822],[-120.77,62.868],[-120.671,62.898],[-120.542,62.936],[-120.421,62.936],[-120.36,62.959],[-120.276,63.027],[-120.246,63.095],[-120.238,63.194],[-120.291,63.27],[-120.458,63.384],[-121.263,63.771],[-121.522,63.877],[-121.59,63.931],[-122.0,64.371],[-122.311,64.538],[-122.44,64.644],[-122.554,64.812],[-122.623,64.872],[-122.699,64.895],[-122.759,64.895],[-122.858,64.842],[-122.957,64.842],[-123.04,64.865],[-123.215,65.009]]]}},{"type":"Feature","properties":{"density":3},"geometry":{"type":"Polygon","coordinates":[[[-112.64,38.739],[-112.529,38.617],[-112.468,38.577],[-112.397,38.572],[-112.296,38.592],[-112.2,38.638],[-112.078,38.805],[-112.033,38.886],[-112.023,38.972],[-112.033,39.058],[-112.094,39.225],[-112.245,39.402],[-112.291,39.422],[-112.342,39.407],[-112.387,39.367],[-112.397,39.068],[-112.458,38.997],[-112.574,38.982],[-112.64,39.002],[-112.676,38.946],[-112.64,38.739]]]}},{"type":"Feature","properties":{"density":3},"geometry":{"type":"Polygon","coordinates":[[[-107.31,38.086],[-107.279,38.115],[-107.265,38.16],[-107.258,38.219],[-107.285,38.237],[-107.335,38.113],[-107.319,38.061],[-107.31,38.086]]]}},{"type":"Feature","properties":{"density":3},"geometry":{"type":"Polygon","coordinates":[[[-121.57,42.69],[-121.656,42.655],[-121.691,42.665],[-121.818,42.65],[-121.853,42.624],[-121.858,42.599],[-121.838,42.559],[-121.909,42.554],[-121.975,42.397],[-121.975,42.194],[-121.949,42.138],[-121.757,42.083],[-121.681,42.083],[-121.56,42.123],[-121.367,42.26],[-121.296,42.29],[-120.78,42.366],[-120.694,42.386],[-120.532,42.457],[-120.314,42.437],[-120.152,42.386],[-120.036,42.376],[-119.985,42.386],[-119.828,42.564],[-119.722,42.64],[-119.509,42.69],[-118.932,42.756],[-118.537,42.847],[-118.416,42.857],[-118.183,42.802],[-117.889,42.791],[-117.631,42.832],[-117.348,42.908],[-117.292,42.893],[-117.236,42.847],[-117.191,42.746],[-117.11,42.655],[-116.988,42.604],[-116.846,42.574],[-116.76,42.574],[-116.689,42.614],[-116.644,42.68],[-116.644,42.731],[-116.77,42.898],[-116.796,43.06],[-116.765,43.141],[-116.715,43.196],[-116.614,43.161],[-116.553,43.09],[-116.386,42.948],[-115.839,42.7],[-115.768,42.68],[-115.485,42.67],[-115.414,42.68],[-115.328,42.746],[-115.186,42.903],[-115.161,43.004],[-115.161,43.11],[-115.257,43.429],[-115.237,43.505],[-115.201,43.541],[-114.346,43.839],[-114.092,44.012],[-113.971,44.057],[-113.849,44.082],[-113.323,44.067],[-113.049,43.991],[-112.518,43.774],[-112.396,43.733],[-112.326,43.728],[-111.49,43.85],[-111.007,43.905],[-110.84,43.905],[-110.635,43.936],[-110.536,43.996],[-110.597,44.08],[-110.794,44.141],[-110.923,44.209],[-111.128,44.406],[-111.227,44.452],[-111.402,44.482],[-111.91,44.482],[-112.313,44.52],[-112.465,44.596],[-112.943,44.741],[-113.475,44.771],[-113.87,44.763],[-115.312,44.809],[-115.806,44.809],[-116.057,44.832],[-116.209,44.892],[-116.269,44.946],[-116.391,44.953],[-116.368,45.037],[-116.041,45.227],[-115.814,45.447],[-115.715,45.545],[-115.616,45.705],[-115.662,45.766],[-115.798,45.796],[-116.117,45.781],[-116.102,45.857],[-115.616,46.085],[-115.533,46.1],[-115.244,46.054],[-115.085,46.054],[-114.978,46.085],[-114.735,46.191],[-114.553,46.214],[-114.591,46.161],[-115.039,45.933],[-115.13,45.857],[-115.009,45.842],[-114.227,45.978],[-114.037,46.024],[-113.057,46.13],[-112.784,46.183],[-112.662,46.183],[-112.617,46.138],[-112.7,46.031],[-112.799,45.994],[-113.103,45.804],[-113.209,45.728],[-113.293,45.637],[-113.361,45.492],[-113.338,45.454],[-113.232,45.447],[-112.526,45.925],[-112.472,45.986],[-112.457,46.13],[-112.404,46.183],[-111.941,46.221],[-111.151,46.237],[-110.232,46.176],[-110.02,46.153],[-109.685,46.085],[-109.351,45.946],[-109.078,45.695],[-109.01,45.536],[-108.987,45.308],[-108.987,45.115],[-109.192,44.978],[-109.294,44.796],[-109.317,44.534],[-109.169,44.351],[-108.873,44.317],[-108.668,44.477],[-108.349,44.761],[-108.178,44.875],[-107.939,44.989],[-107.745,45.035],[-107.21,45.08],[-106.731,45.001],[-106.561,44.841],[-106.401,44.727],[-106.037,44.636],[-105.832,44.625],[-105.9,44.511],[-105.695,44.237],[-105.741,44.067],[-105.82,43.919],[-105.854,43.645],[-105.854,43.338],[-105.9,42.882],[-105.672,42.7],[-105.501,42.734],[-105.262,42.939],[-105.091,43.007],[-104.647,43.11],[-104.191,43.19],[-103.394,43.19],[-102.38,43.155],[-101.879,43.098],[-101.549,43.11],[-101.196,43.144],[-101.036,43.19],[-100.786,43.201],[-100.524,43.246],[-100.307,43.406],[-100.239,43.6],[-100.478,43.725],[-100.774,43.827],[-101.093,44.169],[-101.321,44.34],[-101.685,44.568],[-101.879,44.739],[-102.016,44.887],[-102.278,45.24],[-102.449,45.411],[-102.676,45.604],[-103.075,45.798],[-103.588,45.957],[-104.203,45.98],[-104.795,46.037],[-105.353,46.288],[-105.535,46.333],[-105.923,46.368],[-106.31,46.379],[-107.54,46.368],[-108.076,46.288],[-108.743,46.452],[-110.079,46.619],[-110.403,46.711],[-110.95,46.776],[-111.643,46.913],[-112.064,46.923],[-112.55,46.893],[-112.899,46.822],[-113.344,46.756],[-113.987,46.726],[-114.529,46.66],[-114.742,46.655],[-115.086,46.746],[-115.131,46.817],[-115.081,46.883],[-115.081,46.918],[-115.101,46.918],[-115.258,46.832],[-115.435,46.781],[-115.648,46.756],[-115.759,46.761],[-115.855,46.741],[-117.577,46.164],[-117.769,46.133],[-117.982,46.073],[-118.058,46.012],[-118.726,45.749],[-118.969,45.582],[-118.964,45.47],[-118.903,45.44],[-118.878,45.364],[-119.05,45.182],[-119.268,45.192],[-119.359,45.151],[-119.485,45.141],[-119.804,45.161],[-120.148,45.298],[-120.224,45.374],[-120.229,45.46],[-119.971,45.506],[-119.855,45.546],[-119.799,45.597],[-119.829,45.647],[-120.098,45.698],[-120.25,45.627],[-120.984,45.622],[-121.201,45.526],[-121.434,45.511],[-121.632,45.465],[-121.768,45.455],[-121.779,45.425],[-121.758,45.359],[-121.546,45.161],[-121.394,45.06],[-121.176,45.116],[-121.095,45.116],[-120.857,45.07],[-120.837,45.02],[-120.872,44.934],[-121.044,44.797],[-121.06,44.746],[-120.969,44.772],[-120.862,44.868],[-120.771,44.918],[-120.685,44.934],[-119.624,44.891],[-119.154,44.891],[-118.994,44.951],[-118.88,45.042],[-118.645,45.141],[-118.569,45.134],[-118.425,45.088],[-118.326,45.08],[-118.121,45.156],[-118.06,45.156],[-118.007,45.134],[-117.977,45.088],[-117.908,44.891],[-117.923,44.769],[-117.961,44.708],[-118.531,44.496],[-118.751,44.382],[-119.176,44.2],[-119.252,44.124],[-119.488,43.972],[-119.883,43.539],[-119.997,43.387],[-120.202,43.038],[-120.748,42.696],[-120.938,42.628],[-121.325,42.582],[-121.401,42.62],[-121.447,42.704],[-121.53,42.726],[-121.57,42.69]]]}},{"type":"Feature","properties":{"density":3},"geometry":{"type":"Polygon","coordinates":[[[-120.525,44.517],[-120.673,44.436],[-120.791,44.419],[-120.916,44.422],[-121.004,44.476],[-121.125,44.594],[-121.156,44.608],[-121.179,44.594],[-121.186,44.564],[-121.146,44.497],[-121.038,44.409],[-121.065,44.375],[-121.024,44.294],[-120.889,44.26],[-120.646,44.284],[-120.504,44.267],[-120.444,44.25],[-120.312,44.142],[-120.204,44.105],[-120.164,44.115],[-120.13,44.149],[-120.137,44.193],[-120.204,44.247],[-120.292,44.27],[-120.346,44.318],[-120.363,44.389],[-120.309,44.459],[-120.045,44.5],[-119.951,44.547],[-119.637,44.618],[-119.6,44.655],[-119.647,44.686],[-119.802,44.662],[-120.032,44.598],[-120.312,44.675],[-120.43,44.686],[-120.464,44.665],[-120.494,44.591],[-120.545,44.547],[-120.555,44.527],[-120.525,44.517]]]}},{"type":"Feature","properties":{"density":3},"geometry":{"type":"Polygon","coordinates":[[[-100.086,44.69],[-99.471,44.417],[-98.377,43.836],[-98.053,43.699],[-97.694,43.614],[-97.369,43.562],[-96.532,43.289],[-96.122,43.101],[-95.849,43.016],[-94.806,42.401],[-94.55,42.281],[-94.482,42.196],[-94.482,42.076],[-94.619,41.922],[-94.789,41.768],[-94.926,41.444],[-94.841,41.205],[-94.67,40.897],[-94.345,40.726],[-93.901,40.589],[-93.61,40.436],[-93.422,40.231],[-93.371,40.06],[-93.457,39.991],[-93.679,39.957],[-93.969,40.043],[-94.311,40.077],[-94.567,40.043],[-94.96,39.906],[-95.251,39.855],[-95.9,39.838],[-96.259,39.94],[-96.806,40.299],[-96.942,40.419],[-97.079,40.726],[-97.216,40.914],[-97.711,41.512],[-98.104,42.042],[-98.514,42.52],[-98.873,42.811],[-99.129,43.084],[-99.3,43.306],[-99.471,43.46],[-99.881,43.819],[-100.376,44.178],[-100.564,44.297],[-100.872,44.588],[-100.872,44.605],[-100.769,44.656],[-100.428,44.656],[-100.086,44.69]]]}},{"type":"Feature","properties":{"density":3},"geometry":{"type":"Polygon","coordinates":[[[-91.116,40.128],[-90.723,40.214],[-90.518,40.333],[-90.501,40.555],[-90.637,40.726],[-90.723,40.914],[-90.603,41.17],[-90.296,41.427],[-89.937,41.683],[-89.834,41.854],[-89.817,42.144],[-89.834,42.332],[-89.92,42.537],[-90.057,42.708],[-90.227,42.862],[-90.415,42.981],[-90.637,43.152],[-90.808,43.357],[-91.816,44.092],[-92.141,44.178],[-92.244,44.178],[-92.38,44.246],[-92.517,44.485],[-92.705,44.69],[-92.91,44.776],[-93.679,44.861],[-94.345,45.032],[-94.824,45.22],[-95.866,45.903],[-96.071,46.057],[-97.694,46.689],[-98.873,47.099],[-99.198,47.321],[-99.761,47.748],[-100.616,48.261],[-101.248,48.5],[-101.88,48.671],[-102.495,48.791],[-103.606,48.944],[-103.947,49.337],[-103.623,49.645],[-103.196,49.782],[-102.837,49.867],[-102.205,49.918],[-101.641,49.935],[-101.248,49.918],[-100.701,49.713],[-100.052,49.372],[-99.642,49.064],[-98.275,48.415],[-97.831,48.227],[-97.421,48.176],[-96.959,48.141],[-96.788,48.176],[-96.276,48.346],[-96.156,48.449],[-95.968,48.671],[-95.832,49.013],[-95.78,49.423],[-95.832,49.696],[-96.037,49.935],[-96.276,50.106],[-96.464,50.209],[-97.762,50.533],[-98.275,50.636],[-100.001,50.739],[-101.299,50.875],[-104.118,51.131],[-105.929,51.2],[-107.416,51.2],[-107.809,51.217],[-110.645,51.524],[-111.243,51.644],[-111.739,51.764],[-113.498,52.259],[-113.909,52.31],[-114.216,52.328],[-114.951,52.498],[-115.378,52.652],[-115.532,52.738],[-116.557,52.96],[-116.745,53.028],[-117.24,53.301],[-117.445,53.489],[-117.958,53.763],[-118.351,53.831],[-118.505,53.882],[-118.932,53.899],[-119.291,53.882],[-119.496,53.814],[-119.718,53.711],[-120.025,53.524],[-120.145,53.421],[-120.179,53.113],[-120.35,52.908],[-120.418,52.635],[-120.487,52.447],[-120.657,51.866],[-120.777,51.61],[-120.88,51.507],[-121.085,51.473],[-121.443,51.559],[-121.905,51.644],[-122.332,51.644],[-122.793,51.507],[-122.998,51.405],[-123.05,51.234],[-123.05,51.114],[-122.998,50.944],[-122.879,50.875],[-122.657,50.841],[-122.383,50.875],[-121.785,50.841],[-121.597,50.739],[-121.495,50.636],[-121.478,50.243],[-121.512,49.987],[-121.426,49.884],[-121.204,49.85],[-120.948,49.918],[-120.623,49.935],[-120.282,49.85],[-119.923,49.713],[-119.803,49.628],[-119.701,49.508],[-119.581,49.235],[-119.752,48.876],[-120.282,48.364],[-120.504,48.295],[-120.709,48.176],[-120.777,48.056],[-120.64,47.936],[-120.299,47.492],[-120.141,47.147],[-120.149,47.025],[-120.126,46.873],[-119.526,46.608],[-119.253,46.516],[-118.919,46.456],[-118.516,46.752],[-118.41,46.805],[-118.083,46.851],[-117.597,46.873],[-117.362,46.911],[-116.785,47.207],[-116.489,47.397],[-116.299,47.587],[-116.321,47.663],[-116.329,47.785],[-116.238,47.876],[-116.063,47.936],[-115.699,47.857],[-115.118,47.811],[-114.913,47.811],[-114.799,47.845],[-114.639,47.606],[-114.526,47.492],[-114.389,47.367],[-114.184,47.264],[-114.07,47.299],[-114.024,47.458],[-113.933,47.663],[-113.797,47.8],[-113.58,47.823],[-112.931,47.674],[-112.43,47.674],[-112.122,47.72],[-111.666,47.834],[-111.291,47.948],[-110.812,48.164],[-110.414,48.267],[-109.947,48.278],[-109.536,48.21],[-109.115,48.039],[-108.819,47.948],[-108.306,47.652],[-107.862,47.606],[-107.509,47.663],[-107.099,47.754],[-106.563,47.925],[-106.074,47.914],[-105.595,48.033],[-105.305,48.067],[-104.365,48.05],[-103.938,47.948],[-103.528,47.657],[-103.425,47.435],[-103.049,47.076],[-102.4,46.906],[-102.093,46.803],[-101.495,46.393],[-101.375,46.12],[-101.033,45.932],[-100.538,45.932],[-99.974,45.983],[-99.684,45.932],[-99.308,45.71],[-98.846,45.368],[-97.206,44.77],[-96.557,44.462],[-95.685,43.933],[-95.651,43.745],[-95.788,43.728],[-96.335,43.796],[-96.711,43.95],[-97.138,44.223],[-97.497,44.377],[-97.787,44.548],[-98.368,44.804],[-98.624,44.889],[-98.829,44.924],[-99.0,44.855],[-98.881,44.753],[-98.077,44.36],[-97.804,44.274],[-97.445,44.103],[-96.745,43.847],[-96.095,43.676],[-95.344,43.591],[-94.78,43.454],[-94.421,43.318],[-94.182,43.181],[-93.362,42.344],[-93.293,42.087],[-93.293,41.934],[-93.02,41.694],[-92.542,41.421],[-92.422,41.25],[-92.473,40.874],[-92.302,40.755],[-92.132,40.669],[-91.602,40.533],[-91.448,40.43],[-91.116,40.128]]]}},{"type":"Feature","properties":{"density":3},"geometry":{"type":"Polygon","coordinates":[[[-123.693,41.184],[-123.72,41.173],[-123.725,41.141],[-123.709,41.104],[-123.661,41.094],[-123.64,41.147],[-123.693,41.184]]]}},{"type":"Feature","properties":{"density":3},"geometry":{"type":"Polygon","coordinates":[[[-122.094,45.91],[-122.253,45.977],[-122.368,46.005],[-122.328,45.966],[-122.201,45.91],[-122.098,45.878],[-122.094,45.91]]]}},{"type":"Feature","properties":{"density":3},"geometry":{"type":"Polygon","coordinates":[[[-121.268,47.408],[-121.284,47.447],[-121.263,47.469],[-121.215,47.474],[-121.173,47.447],[-121.191,47.403],[-121.22,47.384],[-121.268,47.408]]]}},{"type":"Feature","properties":{"density":3},"geometry":{"type":"Polygon","coordinates":[[[-123.099,51.243],[-122.871,51.456],[-122.279,51.684],[-121.77,51.752],[-120.889,52.113],[-120.616,52.386],[-120.085,53.042],[-119.683,53.415],[-119.24,53.769],[-118.703,53.931],[-117.919,53.875],[-117.108,53.491],[-116.037,53.195],[-115.183,52.728],[-114.75,52.625],[-114.055,52.306],[-113.424,52.215],[-112.604,52.238],[-111.776,52.162],[-109.618,51.364],[-108.029,51.313],[-106.808,51.432],[-106.039,51.569],[-105.543,51.569],[-104.066,51.244],[-103.741,51.244],[-102.938,51.108],[-102.272,50.868],[-101.827,50.663],[-101.417,50.27],[-101.589,49.87],[-101.969,49.734],[-102.553,49.658],[-103.244,49.688],[-104.51,49.279],[-106.743,49.254],[-107.785,49.1],[-108.869,48.891],[-109.699,48.684],[-110.437,48.209],[-111.838,47.696],[-112.129,47.542],[-112.761,47.508],[-113.701,47.696],[-114.367,47.884],[-114.985,47.969],[-115.27,47.89],[-115.532,47.764],[-115.851,47.559],[-116.534,47.297],[-116.967,47.24],[-117.32,47.149],[-117.582,47.035],[-117.787,46.967],[-117.946,46.842],[-118.37,46.812],[-118.699,46.746],[-119.134,46.614],[-119.377,46.604],[-119.656,46.65],[-119.985,46.781],[-120.116,46.857],[-120.333,47.066],[-120.595,47.545],[-120.702,47.701],[-120.809,47.793],[-120.829,47.904],[-120.783,48.076],[-120.702,48.142],[-120.505,48.218],[-120.323,48.319],[-120.072,48.522],[-120.057,48.62],[-119.935,48.916],[-119.897,49.061],[-119.958,49.22],[-120.064,49.372],[-120.323,49.645],[-120.793,49.82],[-120.939,49.898],[-121.061,50.033],[-121.419,50.205],[-121.574,50.414],[-121.813,50.432],[-121.874,50.476],[-121.975,50.614],[-122.036,50.736],[-122.093,50.786],[-122.296,50.891],[-122.377,50.955],[-122.566,51.023],[-122.636,51.036],[-122.913,51.002],[-123.001,51.029],[-123.075,51.107],[-123.099,51.243]]]}},{"type":"Feature","properties":{"density":3},"geometry":{"type":"Polygon","coordinates":[[[-121.558,45.453],[-121.382,45.449],[-121.048,45.536],[-120.71,45.656],[-120.512,45.683],[-119.789,45.894],[-119.502,45.901],[-119.435,45.871],[-119.388,45.8],[-119.388,45.702],[-119.415,45.587],[-119.489,45.456],[-119.577,45.344],[-119.673,45.282],[-119.745,45.192],[-119.754,45.12],[-119.556,45.095],[-119.322,45.088],[-119.079,45.108],[-118.903,45.226],[-118.795,45.226],[-118.676,45.158],[-118.665,45.043],[-118.764,44.949],[-119.088,44.85],[-119.639,44.778],[-120.52,44.835],[-120.925,44.896],[-121.289,44.98],[-121.458,45.037],[-121.66,45.25],[-121.72,45.34],[-121.69,45.415],[-121.616,45.448],[-121.558,45.453]]]}},{"type":"Feature","properties":{"density":3},"geometry":{"type":"Polygon","coordinates":[[[-120.516,44.543],[-120.593,44.539],[-120.705,44.422],[-120.737,44.408],[-121.016,44.42],[-121.074,44.402],[-121.097,44.386],[-121.106,44.323],[-120.966,44.287],[-120.591,44.269],[-120.357,44.179],[-120.235,44.111],[-120.161,44.089],[-120.109,44.105],[-120.078,44.154],[-120.145,44.267],[-120.251,44.303],[-120.321,44.298],[-120.361,44.318],[-120.352,44.343],[-120.287,44.35],[-120.258,44.386],[-120.327,44.483],[-120.35,44.501],[-120.516,44.543]]]}},{"type":"Feature","properties":{"density":3},"geometry":{"type":"Polygon","coordinates":[[[-121.508,42.7],[-121.436,42.759],[-121.208,42.847],[-121.15,42.847],[-121.133,42.799],[-121.16,42.711],[-121.207,42.639],[-121.415,42.451],[-121.43,42.396],[-121.427,42.276],[-121.457,42.216],[-121.639,42.099],[-121.694,42.091],[-121.852,42.091],[-121.928,42.109],[-121.979,42.133],[-122.053,42.199],[-121.982,42.318],[-121.985,42.414],[-121.946,42.535],[-121.925,42.552],[-121.849,42.558],[-121.741,42.654],[-121.645,42.655],[-121.527,42.683],[-121.508,42.7]]]}},{"type":"Feature","properties":{"density":3},"geometry":{"type":"Polygon","coordinates":[[[-116.776,42.484],[-116.665,42.432],[-116.589,42.369],[-116.557,42.277],[-116.551,42.187],[-116.569,42.135],[-116.598,42.117],[-116.771,42.178],[-116.902,42.192],[-116.933,42.212],[-116.956,42.313],[-116.944,42.365],[-116.868,42.464],[-116.776,42.484]]]}},{"type":"Feature","properties":{"density":3},"geometry":{"type":"Polygon","coordinates":[[[-122.546,43.157],[-122.652,43.107],[-122.656,43.091],[-122.623,43.084],[-122.581,43.107],[-122.52,43.111],[-122.519,43.145],[-122.546,43.157]]]}},{"type":"Feature","properties":{"density":3},"geometry":{"type":"Polygon","coordinates":[[[-122.146,45.86],[-122.248,45.908],[-122.265,45.953],[-122.248,45.974],[-122.212,45.974],[-122.089,45.905],[-122.085,45.878],[-122.109,45.854],[-122.146,45.86]]]}},{"type":"Feature","properties":{"density":3},"geometry":{"type":"Polygon","coordinates":[[[-121.266,47.396],[-121.264,47.437],[-121.236,47.464],[-121.192,47.476],[-121.158,47.455],[-121.152,47.434],[-121.218,47.381],[-121.248,47.375],[-121.266,47.396]]]}},{"type":"Feature","properties":{"density":3},"geometry":{"type":"Polygon","coordinates":[[[-124.637,52.387],[-124.649,52.395],[-124.646,52.436],[-124.606,52.471],[-124.556,52.468],[-124.471,52.415],[-124.475,52.394],[-124.515,52.374],[-124.637,52.387]]]}},{"type":"Feature","properties":{"density":3},"geometry":{"type":"Polygon","coordinates":[[[-117.983,45.998],[-117.93,46.012],[-117.902,46.053],[-117.93,46.065],[-118.002,46.046],[-118.024,46.021],[-117.983,45.998]]]}},{"type":"Feature","properties":{"density":3},"geometry":{"type":"Polygon","coordinates":[[[-113.263,45.473],[-113.341,45.457],[-113.377,45.481],[-113.378,45.518],[-113.307,45.555],[-113.279,45.546],[-113.158,45.567],[-113.087,45.542],[-113.137,45.483],[-113.199,45.465],[-113.263,45.473]]]}},{"type":"Feature","properties":{"density":3},"geometry":{"type":"Polygon","coordinates":[[[-113.168,45.637],[-113.19,45.656],[-113.186,45.685],[-113.103,45.802],[-113.091,45.866],[-113.021,45.883],[-112.941,45.877],[-112.881,45.851],[-112.841,45.809],[-112.862,45.781],[-112.922,45.781],[-112.982,45.758],[-113.024,45.719],[-113.058,45.631],[-113.103,45.615],[-113.168,45.637]]]}},{"type":"Feature","properties":{"density":3},"geometry":{"type":"Polygon","coordinates":[[[-107.371,38.08],[-107.359,38.167],[-107.342,38.181],[-107.29,38.178],[-107.225,38.136],[-107.233,38.097],[-107.27,38.065],[-107.329,38.058],[-107.371,38.08]]]}},{"type":"Feature","properties":{"density":3},"geometry":{"type":"Polygon","coordinates":[[[-123.631,41.125],[-123.643,41.199],[-123.711,41.209],[-123.739,41.191],[-123.727,41.128],[-123.687,41.093],[-123.651,41.095],[-123.631,41.125]]]}},{"type":"Feature","properties":{"density":3},"geometry":{"type":"Polygon","coordinates":[[[-121.721,42.696],[-121.655,42.685],[-121.518,42.726],[-121.372,42.837],[-121.23,42.898],[-121.164,42.903],[-121.093,42.883],[-121.073,42.858],[-121.073,42.827],[-120.997,42.802],[-120.724,42.847],[-120.587,42.852],[-120.339,42.913],[-120.263,42.974],[-119.691,43.237],[-119.304,43.769],[-119.159,43.928],[-118.924,44.095],[-118.711,44.194],[-118.445,44.498],[-118.263,44.599],[-118.157,44.624],[-117.838,44.614],[-117.777,44.675],[-117.742,44.761],[-117.787,44.862],[-117.926,44.92],[-118.047,44.943],[-118.091,44.977],[-118.111,45.055],[-118.061,45.267],[-118.054,45.382],[-118.074,45.456],[-118.108,45.531],[-118.29,45.615],[-118.317,45.689],[-118.287,45.75],[-118.192,45.811],[-117.625,45.919],[-117.281,46.03],[-116.162,46.309],[-114.712,46.476],[-113.504,46.507],[-113.31,46.471],[-113.081,46.452],[-112.527,46.556],[-112.304,46.571],[-111.287,46.505],[-110.598,46.518],[-110.265,46.504],[-109.909,46.428],[-109.598,46.381],[-109.421,46.275],[-109.322,46.176],[-109.34,46.054],[-109.466,45.987],[-109.787,46.009],[-110.551,46.169],[-111.037,46.184],[-111.745,46.159],[-112.687,46.03],[-113.029,46.015],[-113.355,45.924],[-114.198,45.787],[-115.102,45.552],[-115.246,45.46],[-115.398,45.392],[-115.481,45.324],[-115.528,45.233],[-115.495,45.131],[-115.14,45.088],[-114.931,45.091],[-114.546,45.013],[-114.358,44.937],[-114.175,44.906],[-113.393,44.845],[-112.983,44.883],[-112.527,44.868],[-112.079,44.891],[-111.928,44.876],[-111.624,44.8],[-111.624,44.709],[-111.647,44.595],[-111.733,44.421],[-111.938,44.215],[-112.322,44.105],[-112.687,44.089],[-113.143,44.15],[-113.59,44.149],[-114.035,44.126],[-114.521,44.129],[-114.913,44.17],[-115.25,44.17],[-116.112,44.262],[-116.264,44.145],[-116.294,44.029],[-116.208,43.846],[-116.071,43.72],[-115.879,43.459],[-115.762,43.201],[-115.752,43.064],[-115.899,42.948],[-116.066,42.912],[-116.567,43.1],[-116.79,43.206],[-116.912,43.292],[-117.028,43.343],[-117.317,43.439],[-117.666,43.495],[-117.803,43.495],[-118.076,43.393],[-118.202,43.292],[-118.415,43.191],[-118.521,43.074],[-118.82,42.847],[-119.053,42.74],[-119.525,42.73],[-119.91,42.602],[-120.71,42.369],[-120.855,42.342],[-121.186,42.328],[-121.586,42.126],[-121.766,42.083],[-121.87,42.088],[-121.935,42.115],[-121.964,42.148],[-122.003,42.288],[-121.982,42.416],[-121.917,42.558],[-121.846,42.577],[-121.767,42.674],[-121.721,42.696]],[[-117.284,45.251],[-117.269,45.266],[-117.168,45.271],[-117.063,45.206],[-117.054,45.137],[-117.065,45.118],[-117.182,45.076],[-117.293,45.05],[-117.396,45.055],[-117.426,45.083],[-117.44,45.151],[-117.365,45.164],[-117.284,45.251]]]}},{"type":"Feature","properties":{"density":3},"geometry":{"type":"Polygon","coordinates":[[[-103.747,43.368],[-103.646,43.515],[-103.469,43.702],[-103.241,43.788],[-102.912,43.879],[-102.395,43.981],[-102.168,43.97],[-102.026,43.945],[-101.702,43.935],[-101.246,43.857],[-100.861,43.624],[-100.828,43.51],[-100.828,43.403],[-100.97,43.241],[-101.082,43.191],[-101.274,43.145],[-101.806,43.064],[-102.884,43.024],[-103.446,43.064],[-103.815,43.166],[-103.798,43.274],[-103.747,43.368]]]}},{"type":"Feature","properties":{"density":3},"geometry":{"type":"Polygon","coordinates":[[[-97.995,46.722],[-97.574,46.597],[-96.913,46.324],[-95.968,45.823],[-95.034,45.219],[-94.385,44.923],[-93.77,44.535],[-93.302,44.095],[-92.945,43.86],[-92.319,43.675],[-91.911,43.621],[-91.816,43.526],[-91.759,43.324],[-91.83,43.084],[-92.039,42.936],[-92.429,42.986],[-92.665,43.131],[-93.249,43.358],[-93.971,43.533],[-94.464,43.723],[-95.512,44.171],[-95.998,44.444],[-96.424,44.847],[-96.636,44.968],[-97.046,45.439],[-97.441,45.819],[-97.76,46.069],[-98.018,46.335],[-98.14,46.601],[-98.125,46.681],[-98.059,46.731],[-97.995,46.722]]]}},{"type":"Feature","properties":{"density":3},"geometry":{"type":"Polygon","coordinates":[[[-121.641,61.518],[-122.017,61.678],[-122.279,61.928],[-122.723,62.008],[-122.996,62.122],[-123.213,62.27],[-123.349,62.452],[-123.463,62.748],[-123.52,62.965],[-123.543,63.215],[-123.486,63.306],[-123.372,63.318],[-123.258,63.215],[-123.179,63.09],[-123.091,63.082],[-123.053,63.158],[-123.076,63.272],[-123.182,63.409],[-123.266,63.561],[-123.494,64.07],[-123.63,64.153],[-123.851,64.252],[-124.101,64.335],[-124.124,64.297],[-124.094,63.925],[-124.154,63.819],[-124.458,63.69],[-124.701,63.66],[-125.035,63.781],[-125.331,64.533],[-125.605,64.829],[-125.833,64.897],[-126.015,64.973],[-126.767,65.049],[-127.169,65.247],[-127.283,65.315],[-127.298,65.353],[-127.131,65.399],[-126.698,65.338],[-126.349,65.247],[-126.197,65.224],[-126.022,65.345],[-125.992,65.459],[-125.992,65.717],[-125.954,65.854],[-125.704,66.196],[-125.601,66.378],[-125.419,66.56],[-125.145,66.708],[-124.769,66.731],[-123.813,66.708],[-123.63,66.621],[-123.501,66.583],[-123.441,66.545],[-123.372,66.484],[-123.357,66.363],[-123.372,66.257],[-123.425,66.12],[-123.441,65.998],[-123.425,65.824],[-123.38,65.634],[-123.258,65.368],[-123.084,65.285],[-122.825,65.512],[-122.636,65.702],[-122.218,65.869],[-121.74,66.021],[-121.276,66.09],[-120.783,66.12],[-120.563,66.097],[-120.418,66.052],[-120.342,65.907],[-120.373,65.793],[-120.494,65.755],[-121.003,65.672],[-121.626,65.474],[-121.869,65.361],[-122.134,65.262],[-122.461,65.08],[-122.59,64.951],[-122.613,64.814],[-122.507,64.632],[-122.028,64.48],[-121.869,64.32],[-121.345,63.948],[-121.079,63.849],[-120.813,63.819],[-120.509,63.751],[-120.32,63.69],[-120.206,63.553],[-120.13,63.379],[-120.111,62.952],[-120.202,62.485],[-120.213,62.28],[-120.361,61.95],[-120.475,61.848],[-120.578,61.802],[-120.828,61.73],[-120.881,61.692],[-120.889,61.661],[-120.866,61.593],[-120.783,61.525],[-120.585,61.418],[-120.555,61.381],[-120.57,61.327],[-120.669,61.282],[-121.261,61.398],[-121.641,61.518]]]}},{"type":"Feature","properties":{"density":3},"geometry":{"type":"Polygon","coordinates":[[[-119.187,64.253],[-119.333,64.289],[-119.396,64.334],[-119.423,64.379],[-119.387,64.406],[-119.185,64.341],[-119.147,64.309],[-119.14,64.271],[-119.187,64.253]]]}},{"type":"Feature","properties":{"density":3},"geometry":{"type":"Polygon","coordinates":[[[-118.691,63.653],[-118.839,63.59],[-118.86,63.606],[-118.842,63.804],[-118.828,63.842],[-118.763,63.883],[-118.677,63.887],[-118.646,63.867],[-118.63,63.831],[-118.63,63.734],[-118.657,63.676],[-118.691,63.653]]]}},{"type":"Feature","properties":{"density":3},"geometry":{"type":"Polygon","coordinates":[[[-118.292,64.093],[-118.382,64.168],[-118.407,64.23],[-118.365,64.296],[-118.317,64.308],[-118.223,64.237],[-118.197,64.122],[-118.22,64.087],[-118.292,64.093]]]}},{"type":"Feature","properties":{"density":3},"geometry":{"type":"Polygon","coordinates":[[[-121.252,51.952],[-120.327,52.345],[-119.666,52.648],[-119.18,53.043],[-118.687,53.347],[-118.284,53.552],[-117.662,53.704],[-116.958,53.846],[-115.925,53.704],[-114.942,53.406],[-113.61,52.97],[-112.764,52.56],[-111.892,52.047],[-111.154,51.802],[-108.823,51.377],[-107.406,51.058],[-106.548,50.974],[-106.168,50.99],[-105.819,50.952],[-104.376,50.936],[-103.989,50.906],[-103.609,50.845],[-103.01,50.784],[-102.467,50.592],[-101.965,50.444],[-101.863,50.25],[-101.874,49.977],[-102.045,49.715],[-102.25,49.59],[-102.956,49.214],[-103.469,49.02],[-104.768,49.032],[-106.043,48.872],[-106.362,48.849],[-107.08,48.713],[-107.535,48.485],[-107.866,48.234],[-108.04,47.988],[-108.025,47.874],[-107.911,47.775],[-107.79,47.729],[-107.668,47.707],[-107.524,47.631],[-107.266,47.539],[-107.243,47.464],[-107.281,47.403],[-108.23,47.19],[-110.774,47.088],[-111.23,47.167],[-111.731,47.338],[-112.141,47.532],[-112.654,48.067],[-112.825,48.215],[-113.075,48.352],[-113.975,48.489],[-114.294,48.375],[-114.465,48.284],[-115.524,47.953],[-115.741,47.931],[-116.151,47.919],[-116.769,47.95],[-117.339,47.843],[-117.605,47.752],[-118.193,47.405],[-118.459,47.269],[-118.732,47.17],[-119.036,47.14],[-119.461,46.942],[-119.575,46.927],[-119.735,46.935],[-119.978,46.98],[-120.099,47.117],[-120.183,47.238],[-120.251,47.375],[-120.464,47.648],[-120.555,47.739],[-120.745,47.823],[-120.798,47.869],[-120.828,47.952],[-120.798,48.066],[-120.737,48.165],[-120.433,48.195],[-120.274,48.256],[-120.069,48.294],[-119.978,48.37],[-119.947,48.476],[-119.983,48.633],[-119.978,48.734],[-119.856,49.013],[-119.849,49.213],[-119.872,49.365],[-119.925,49.516],[-120.023,49.645],[-120.122,49.729],[-120.266,49.775],[-120.849,49.81],[-120.955,49.861],[-121.157,49.997],[-121.289,50.104],[-121.486,50.433],[-121.669,50.62],[-121.897,50.919],[-122.033,50.979],[-122.545,51.04],[-122.823,50.978],[-122.941,51.001],[-123.093,51.103],[-123.15,51.197],[-123.171,51.265],[-123.083,51.359],[-122.944,51.454],[-122.607,51.612],[-122.411,51.666],[-122.077,51.715],[-121.864,51.786],[-121.53,51.847],[-121.252,51.952]]]}},{"type":"Feature","properties":{"density":3},"geometry":{"type":"Polygon","coordinates":[[[-121.809,42.208],[-121.802,42.399],[-121.883,42.493],[-121.888,42.527],[-121.881,42.561],[-121.799,42.677],[-121.645,42.739],[-121.459,42.786],[-121.231,42.808],[-121.107,42.87],[-120.907,42.938],[-120.734,43.034],[-120.646,43.011],[-120.623,42.968],[-120.623,42.923],[-120.666,42.847],[-120.837,42.664],[-120.995,42.525],[-121.303,42.343],[-121.499,42.25],[-121.715,42.199],[-121.791,42.196],[-121.809,42.208]]]}},{"type":"Feature","properties":{"density":3},"geometry":{"type":"Polygon","coordinates":[[[-120.672,44.319],[-120.687,44.372],[-120.678,44.46],[-120.646,44.519],[-120.567,44.57],[-120.52,44.574],[-119.968,44.375],[-119.925,44.343],[-119.92,44.27],[-119.956,44.219],[-119.997,44.205],[-120.117,44.204],[-120.231,44.144],[-120.369,44.153],[-120.495,44.186],[-120.655,44.291],[-120.672,44.319]]]}},{"type":"Feature","properties":{"density":3},"geometry":{"type":"Polygon","coordinates":[[[-121.508,45.409],[-121.337,45.515],[-121.157,45.58],[-120.824,45.614],[-120.446,45.677],[-119.95,45.818],[-119.322,45.957],[-118.901,46.014],[-118.823,45.97],[-118.749,45.886],[-118.745,45.785],[-118.786,45.737],[-118.967,45.603],[-119.011,45.549],[-119.092,45.518],[-119.196,45.424],[-119.524,45.198],[-119.973,45.13],[-120.182,45.14],[-120.445,45.316],[-120.534,45.329],[-120.707,45.255],[-121.103,45.275],[-121.317,45.183],[-121.436,45.18],[-121.628,45.262],[-121.7,45.338],[-121.698,45.387],[-121.661,45.421],[-121.61,45.43],[-121.508,45.409]]]}},{"type":"Feature","properties":{"density":3},"geometry":{"type":"Polygon","coordinates":[[[-119.733,44.942],[-119.45,45.081],[-118.913,45.243],[-118.307,45.364],[-118.239,45.328],[-118.223,45.288],[-118.259,45.225],[-118.356,45.18],[-118.439,45.114],[-119.011,44.858],[-119.272,44.82],[-119.504,44.829],[-119.609,44.799],[-119.697,44.797],[-119.762,44.811],[-119.774,44.831],[-119.774,44.88],[-119.733,44.942]]]}},{"type":"Feature","properties":{"density":3},"geometry":{"type":"Polygon","coordinates":[[[-116.896,42.489],[-116.752,42.528],[-116.587,42.546],[-116.512,42.542],[-116.482,42.522],[-116.44,42.477],[-116.377,42.326],[-116.356,42.252],[-116.353,42.087],[-116.419,42.063],[-116.506,42.075],[-116.674,42.128],[-116.819,42.216],[-116.84,42.339],[-116.92,42.426],[-116.923,42.459],[-116.896,42.489]]]}},{"type":"Feature","properties":{"density":3},"geometry":{"type":"Polygon","coordinates":[[[-116.789,42.798],[-116.744,42.786],[-116.654,42.715],[-116.546,42.688],[-116.54,42.646],[-116.608,42.586],[-116.716,42.579],[-116.858,42.73],[-116.864,42.781],[-116.789,42.798]]]}},{"type":"Feature","properties":{"density":3},"geometry":{"type":"Polygon","coordinates":[[[-113.26,45.535],[-112.91,45.616],[-112.679,45.599],[-112.655,45.563],[-112.676,45.538],[-112.762,45.502],[-113.083,45.497],[-113.253,45.461],[-113.338,45.481],[-113.317,45.52],[-113.26,45.535]]]}},{"type":"Feature","properties":{"density":3},"geometry":{"type":"Polygon","coordinates":[[[-113.694,46.087],[-113.599,46.164],[-113.574,46.17],[-113.524,46.141],[-113.539,46.099],[-113.692,46.036],[-113.712,46.051],[-113.694,46.087]]]}},{"type":"Feature","properties":{"density":3},"geometry":{"type":"Polygon","coordinates":[[[-118.049,45.803],[-117.819,45.803],[-117.65,45.858],[-117.353,45.925],[-117.208,46.009],[-117.077,46.05],[-116.884,46.074],[-116.361,46.084],[-115.87,46.185],[-115.662,46.236],[-115.485,46.306],[-115.04,46.423],[-113.921,46.448],[-113.607,46.468],[-113.496,46.489],[-113.158,46.465],[-112.846,46.552],[-112.708,46.552],[-112.576,46.525],[-112.367,46.512],[-112.046,46.421],[-111.721,46.359],[-111.393,46.369],[-111.153,46.414],[-110.459,46.471],[-109.513,46.323],[-108.921,46.289],[-108.72,46.244],[-108.507,46.16],[-108.416,46.092],[-108.416,46.016],[-108.509,45.925],[-108.608,45.909],[-109.192,45.925],[-109.64,45.985],[-110.195,46.016],[-111.015,45.985],[-111.88,45.917],[-112.921,45.887],[-113.84,45.803],[-114.25,45.803],[-114.508,45.742],[-115.009,45.666],[-115.1,45.59],[-115.094,45.504],[-115.053,45.457],[-114.749,45.42],[-114.157,45.477],[-113.818,45.452],[-113.351,45.369],[-113.06,45.362],[-112.74,45.303],[-112.166,45.242],[-111.653,44.844],[-111.341,44.806],[-110.977,44.791],[-110.141,44.474],[-109.782,44.312],[-109.721,44.145],[-109.949,44.008],[-110.268,43.993],[-110.724,44.028],[-111.591,43.963],[-112.673,43.963],[-113.607,44.054],[-114.598,44.407],[-115.277,44.472],[-115.429,44.472],[-116.082,44.297],[-116.352,44.17],[-117.082,43.577],[-117.259,43.456],[-117.91,43.218],[-118.221,43.127],[-118.586,42.892],[-118.738,42.816],[-119.117,42.709],[-119.292,42.679],[-119.9,42.466],[-119.991,42.55],[-120.051,42.74],[-120.006,42.884],[-119.892,43.013],[-119.482,43.309],[-118.996,43.59],[-118.745,43.879],[-118.654,44.038],[-118.305,44.372],[-117.933,44.646],[-117.735,44.828],[-117.644,44.881],[-117.568,44.957],[-117.538,45.086],[-117.553,45.23],[-117.591,45.337],[-117.667,45.405],[-117.781,45.451],[-118.173,45.524],[-118.285,45.6],[-118.295,45.625],[-118.269,45.676],[-118.193,45.757],[-118.049,45.803]]]}},{"type":"Feature","properties":{"density":3},"geometry":{"type":"Polygon","coordinates":[[[-103.365,43.106],[-103.145,43.501],[-103.031,43.622],[-102.887,43.744],[-102.426,43.994],[-101.97,44.063],[-101.378,44.07],[-101.089,44.017],[-100.748,44.009],[-100.55,43.926],[-100.057,43.804],[-99.973,43.797],[-99.723,43.63],[-99.009,43.402],[-98.865,43.402],[-98.591,43.28],[-98.53,43.174],[-98.492,43.03],[-98.553,42.855],[-98.644,42.772],[-98.978,42.635],[-99.388,42.605],[-99.897,42.635],[-100.368,42.559],[-101.097,42.384],[-101.492,42.384],[-102.122,42.43],[-102.623,42.605],[-102.859,42.779],[-103.246,42.999],[-103.322,43.053],[-103.365,43.106]]]}},{"type":"Feature","properties":{"density":3},"geometry":{"type":"Polygon","coordinates":[[[-123.759,41.166],[-123.718,41.203],[-123.649,41.205],[-123.625,41.191],[-123.618,41.163],[-123.649,41.03],[-123.683,41.027],[-123.759,41.166]]]}},{"type":"Feature","properties":{"density":3},"geometry":{"type":"Polygon","coordinates":[[[-121.274,47.422],[-121.212,47.471],[-121.077,47.408],[-121.047,47.365],[-121.053,47.288],[-121.077,47.272],[-121.158,47.334],[-121.25,47.363],[-121.274,47.392],[-121.274,47.422]]]}},{"type":"Feature","properties":{"density":3},"geometry":{"type":"Polygon","coordinates":[[[-124.633,52.406],[-124.6,52.505],[-124.48,52.529],[-124.075,52.54],[-124.012,52.531],[-123.973,52.505],[-124.084,52.463],[-124.261,52.463],[-124.41,52.433],[-124.557,52.365],[-124.626,52.377],[-124.633,52.406]]]}},{"type":"Feature","properties":{"density":3},"geometry":{"type":"Polygon","coordinates":[[[-123.341,64.901],[-123.35,64.928],[-123.503,65.016],[-123.564,65.088],[-123.537,65.15],[-123.459,65.145],[-123.3,65.097],[-123.131,65.021],[-123.132,64.986],[-123.174,64.917],[-123.27,64.886],[-123.309,64.883],[-123.341,64.901]]]}},{"type":"Feature","properties":{"density":3},"geometry":{"type":"Polygon","coordinates":[[[-121.434,63.468],[-121.34,63.594],[-121.256,63.675],[-121.034,63.833],[-120.984,63.833],[-120.974,63.818],[-121.01,63.728],[-121.106,63.618],[-121.364,63.459],[-121.432,63.44],[-121.434,63.468]]]}},{"type":"Feature","properties":{"density":3},"geometry":{"type":"Polygon","coordinates":[[[-120.943,61.89],[-121.142,61.957],[-121.185,61.945],[-121.259,61.886],[-121.354,61.893],[-121.556,61.985],[-121.619,62.048],[-121.799,62.107],[-121.817,62.091],[-121.81,62.059],[-121.752,61.99],[-121.747,61.947],[-121.772,61.927],[-121.844,61.92],[-122.022,61.942],[-122.299,62.03],[-122.391,62.082],[-122.594,62.155],[-122.635,62.185],[-122.797,62.398],[-122.864,62.455],[-123.006,62.476],[-123.222,62.459],[-123.269,62.513],[-123.334,62.695],[-123.361,62.823],[-123.317,63.11],[-123.276,63.144],[-123.205,63.147],[-123.101,63.12],[-122.891,63.168],[-122.696,63.174],[-122.594,63.205],[-122.537,63.262],[-122.507,63.323],[-122.962,63.498],[-123.033,63.579],[-123.288,64.131],[-123.359,64.354],[-123.622,64.354],[-123.858,64.392],[-124.336,64.544],[-124.503,64.574],[-125.179,64.597],[-125.422,64.741],[-125.619,64.961],[-125.634,65.197],[-125.627,65.485],[-125.566,65.698],[-125.161,66.227],[-125.035,66.612],[-124.938,66.759],[-124.726,66.926],[-124.478,67.027],[-123.961,67.118],[-123.506,67.174],[-123.323,67.108],[-123.197,67.017],[-123.217,66.895],[-123.318,66.698],[-123.485,66.47],[-123.627,66.318],[-123.703,66.186],[-123.698,66.111],[-123.592,65.943],[-123.359,65.65],[-123.278,65.356],[-123.166,65.174],[-123.06,65.058],[-122.832,64.893],[-122.539,64.807],[-121.941,64.569],[-121.602,64.392],[-121.028,64.192],[-120.562,64.058],[-120.369,64.037],[-120.142,63.794],[-120.101,63.683],[-120.111,63.546],[-120.197,63.394],[-120.461,63.04],[-120.673,62.925],[-120.693,62.861],[-120.683,62.787],[-120.653,62.726],[-120.592,62.642],[-120.481,62.544],[-120.41,62.395],[-120.38,62.287],[-120.362,62.107],[-120.425,62.051],[-120.539,61.995],[-120.652,61.995],[-120.767,62.067],[-120.814,62.076],[-120.816,62.058],[-120.773,62.013],[-120.749,61.95],[-120.752,61.842],[-120.819,61.824],[-120.943,61.89]]]}},{"type":"Feature","properties":{"density":3},"geometry":{"type":"Polygon","coordinates":[[[-140.024,63.521],[-139.916,63.442],[-139.79,63.377],[-139.763,63.332],[-139.767,63.26],[-139.821,63.239],[-139.873,63.257],[-140.01,63.347],[-140.037,63.386],[-140.064,63.491],[-140.046,63.521],[-140.024,63.521]]]}},{"type":"Feature","properties":{"density":3},"geometry":{"type":"Polygon","coordinates":[[[-78.673,50.353],[-78.497,50.352],[-78.234,50.416],[-78.189,50.449],[-78.06,50.469],[-77.981,50.509],[-77.802,50.562],[-77.509,50.693],[-77.471,50.69],[-77.451,50.653],[-77.453,50.63],[-77.514,50.549],[-77.564,50.506],[-77.669,50.455],[-78.203,50.277],[-78.362,50.209],[-78.572,50.15],[-78.615,50.148],[-78.705,50.195],[-78.741,50.245],[-78.748,50.278],[-78.725,50.33],[-78.705,50.353],[-78.673,50.353]]]}},{"type":"Feature","properties":{"density":3},"geometry":{"type":"Polygon","coordinates":[[[-113.123,45.713],[-113.02,45.767],[-112.813,45.792],[-112.463,45.863],[-111.901,45.868],[-111.616,45.841],[-111.153,45.844],[-110.758,45.817],[-110.465,45.844],[-110.245,45.844],[-110.029,45.804],[-109.871,45.74],[-109.715,45.699],[-109.607,45.659],[-109.58,45.598],[-109.594,45.554],[-109.688,45.497],[-109.999,45.436],[-110.39,45.402],[-110.596,45.368],[-111.46,45.375],[-111.727,45.345],[-112.021,45.358],[-112.129,45.395],[-112.463,45.436],[-112.972,45.463],[-113.237,45.434],[-113.324,45.438],[-113.358,45.454],[-113.372,45.517],[-113.342,45.578],[-113.123,45.713]]]}},{"type":"Feature","properties":{"density":3},"geometry":{"type":"Polygon","coordinates":[[[-113.918,46.194],[-113.894,46.227],[-113.81,46.266],[-113.322,46.374],[-112.589,46.394],[-112.469,46.383],[-112.305,46.335],[-112.152,46.227],[-112.13,46.185],[-112.155,46.106],[-112.256,46.083],[-112.623,46.09],[-112.733,46.077],[-113.232,46.113],[-113.426,46.08],[-113.564,46.074],[-113.626,46.033],[-113.699,46.011],[-113.724,46.054],[-113.701,46.106],[-113.659,46.141],[-113.605,46.153],[-113.593,46.174],[-113.671,46.186],[-113.888,46.15],[-113.911,46.163],[-113.918,46.194]]]}},{"type":"Feature","properties":{"density":3},"geometry":{"type":"Polygon","coordinates":[[[-116.157,45.12],[-116.071,45.16],[-115.777,45.464],[-115.671,45.54],[-115.463,45.606],[-115.266,45.616],[-115.084,45.705],[-114.747,45.765],[-114.448,45.887],[-113.837,45.875],[-113.614,45.895],[-113.341,45.895],[-113.04,45.862],[-112.939,45.888],[-111.599,45.852],[-111.393,45.866],[-110.711,45.835],[-110.229,45.852],[-109.749,45.731],[-109.591,45.657],[-109.567,45.609],[-109.574,45.552],[-109.668,45.498],[-109.986,45.427],[-110.19,45.355],[-110.195,45.274],[-110.149,45.193],[-110.073,45.122],[-110.002,45.076],[-109.456,44.869],[-109.324,44.782],[-108.471,44.397],[-107.914,44.109],[-107.666,43.881],[-107.674,43.658],[-107.907,43.53],[-108.322,43.52],[-108.805,43.682],[-109.841,44.069],[-110.13,44.135],[-110.433,44.156],[-110.644,44.105],[-111.15,44.129],[-111.397,44.159],[-111.613,44.25],[-111.805,44.398],[-112.007,44.464],[-112.711,44.671],[-112.939,44.691],[-113.622,44.874],[-114.189,44.904],[-114.625,44.767],[-115.105,44.666],[-115.323,44.575],[-115.607,44.342],[-115.824,44.226],[-115.926,44.129],[-116.047,44.099],[-116.138,44.205],[-116.148,44.327],[-116.123,44.438],[-116.083,44.524],[-115.806,44.744],[-115.779,44.784],[-115.772,44.858],[-115.786,44.892],[-115.823,44.919],[-115.904,44.899],[-116.212,44.729],[-116.647,44.522],[-116.819,44.486],[-116.921,44.491],[-117.032,44.542],[-116.87,44.745],[-116.637,44.927],[-116.485,45.003],[-116.157,45.12]]]}},{"type":"Feature","properties":{"density":3},"geometry":{"type":"Polygon","coordinates":[[[-121.739,42.443],[-121.744,42.515],[-121.667,42.565],[-121.478,42.641],[-121.188,42.713],[-121.109,42.776],[-121.01,42.782],[-120.954,42.807],[-120.747,42.956],[-120.486,43.091],[-119.903,43.138],[-119.737,43.181],[-119.667,43.154],[-119.636,43.114],[-119.627,43.062],[-119.667,42.997],[-119.759,42.909],[-120.108,42.657],[-120.631,42.444],[-120.899,42.316],[-121.162,42.327],[-121.446,42.397],[-121.592,42.372],[-121.675,42.388],[-121.731,42.42],[-121.739,42.443]]]}},{"type":"Feature","properties":{"density":3},"geometry":{"type":"Polygon","coordinates":[[[-120.53,44.304],[-120.611,44.359],[-120.638,44.394],[-120.64,44.437],[-120.576,44.549],[-120.447,44.65],[-120.322,44.695],[-120.193,44.715],[-119.754,44.746],[-119.692,44.734],[-119.584,44.637],[-119.57,44.599],[-119.591,44.415],[-119.551,44.298],[-119.513,44.235],[-119.326,44.082],[-119.312,44.037],[-119.344,43.96],[-119.405,43.951],[-119.909,44.095],[-120.325,44.152],[-120.419,44.14],[-120.489,44.176],[-120.53,44.304]]]}},{"type":"Feature","properties":{"density":3},"geometry":{"type":"Polygon","coordinates":[[[-121.397,45.457],[-121.172,45.55],[-120.481,45.677],[-118.773,46.183],[-118.179,46.254],[-118.018,46.331],[-117.752,46.361],[-117.36,46.432],[-117.198,46.429],[-117.141,46.385],[-117.161,46.324],[-117.269,46.28],[-117.512,46.216],[-118.143,46.088],[-118.933,45.794],[-118.974,45.764],[-119.595,45.504],[-120.229,45.308],[-120.648,45.244],[-120.816,45.244],[-120.925,45.217],[-121.062,45.214],[-121.15,45.199],[-121.204,45.169],[-121.447,45.165],[-121.567,45.221],[-121.609,45.296],[-121.612,45.372],[-121.6,45.401],[-121.558,45.426],[-121.397,45.457]]]}},{"type":"Feature","properties":{"density":3},"geometry":{"type":"Polygon","coordinates":[[[-121.287,47.406],[-121.242,47.439],[-121.089,47.443],[-120.779,47.37],[-120.729,47.344],[-120.53,47.172],[-120.5,47.13],[-120.5,47.085],[-120.584,47.076],[-120.636,47.097],[-120.962,47.281],[-121.134,47.349],[-121.248,47.371],[-121.287,47.406]]]}},{"type":"Feature","properties":{"density":3},"geometry":{"type":"Polygon","coordinates":[[[-121.668,50.837],[-121.779,50.938],[-121.938,51.049],[-122.036,51.066],[-122.205,51.08],[-122.424,51.059],[-122.539,51.015],[-122.707,50.982],[-122.896,50.995],[-122.991,51.046],[-123.052,51.15],[-123.099,51.242],[-123.099,51.35],[-123.085,51.38],[-122.913,51.464],[-122.444,51.667],[-122.157,51.755],[-121.796,51.758],[-121.346,51.809],[-120.531,52.067],[-120.191,52.128],[-119.237,52.357],[-118.895,52.554],[-118.554,52.676],[-118.037,52.919],[-117.673,53.139],[-117.285,53.298],[-117.111,53.389],[-116.739,53.45],[-116.035,53.707],[-115.466,53.741],[-114.034,54.145],[-113.176,53.955],[-112.249,53.461],[-111.634,52.862],[-111.224,52.376],[-110.876,51.907],[-110.204,51.543],[-109.537,51.349],[-109.127,51.121],[-108.244,50.7],[-107.197,50.57],[-104.884,49.92],[-104.218,49.868],[-103.699,49.64],[-103.825,49.27],[-104.32,49.014],[-105.841,48.741],[-107.925,48.467],[-109.361,48.228],[-110.189,47.875],[-111.252,47.609],[-112.065,47.829],[-112.748,48.254],[-113.335,48.461],[-113.939,48.358],[-114.417,48.324],[-115.101,48.142],[-115.762,47.914],[-116.274,47.812],[-117.322,47.254],[-117.998,47.087],[-118.218,47.064],[-118.613,47.064],[-118.879,47.094],[-119.236,47.185],[-119.425,47.261],[-119.539,47.368],[-119.722,47.489],[-120.063,47.591],[-120.129,47.647],[-120.58,47.778],[-120.813,47.87],[-120.843,47.915],[-120.853,47.991],[-120.833,48.057],[-120.722,48.128],[-120.58,48.173],[-119.395,48.275],[-119.329,48.29],[-119.294,48.335],[-119.309,48.411],[-119.36,48.477],[-119.598,48.558],[-119.807,48.588],[-120.2,48.68],[-120.463,48.771],[-120.554,48.776],[-120.646,48.801],[-120.681,48.826],[-120.858,48.862],[-121.076,48.781],[-121.218,48.761],[-121.263,48.811],[-121.258,48.877],[-121.121,49.155],[-120.99,49.282],[-120.727,49.393],[-120.544,49.403],[-120.16,49.388],[-119.993,49.403],[-119.942,49.454],[-119.932,49.54],[-120.013,49.606],[-120.443,49.687],[-120.899,49.692],[-121.116,49.727],[-121.385,49.697],[-121.526,49.727],[-121.567,49.798],[-121.572,49.879],[-121.516,50.03],[-121.408,50.235],[-121.398,50.357],[-121.439,50.438],[-121.587,50.519],[-121.84,50.482],[-121.955,50.502],[-121.979,50.563],[-121.958,50.661],[-121.888,50.725],[-121.791,50.807],[-121.668,50.837]]]}},{"type":"Feature","properties":{"density":3},"geometry":{"type":"Polygon","coordinates":[[[-124.624,52.417],[-124.438,52.579],[-124.219,52.642],[-123.724,52.736],[-122.842,52.952],[-122.716,52.961],[-122.667,52.934],[-122.644,52.817],[-122.674,52.772],[-122.759,52.712],[-122.887,52.664],[-123.166,52.595],[-124.006,52.536],[-124.308,52.452],[-124.506,52.349],[-124.538,52.345],[-124.623,52.373],[-124.638,52.396],[-124.624,52.417]]]}},{"type":"Feature","properties":{"density":3},"geometry":{"type":"Polygon","coordinates":[[[-123.698,41.133],[-123.709,41.088],[-123.655,41.011],[-123.526,40.964],[-123.465,40.981],[-123.456,41.0],[-123.475,41.039],[-123.553,41.103],[-123.649,41.138],[-123.698,41.133]]]}},{"type":"Feature","properties":{"density":3},"geometry":{"type":"Polygon","coordinates":[[[-102.847,43.012],[-102.778,43.103],[-102.604,43.278],[-102.156,43.498],[-101.51,43.658],[-101.017,43.696],[-100.47,43.688],[-100.166,43.779],[-98.928,43.901],[-98.473,43.901],[-98.047,43.809],[-97.675,43.688],[-97.098,43.384],[-96.859,43.225],[-96.768,43.088],[-96.722,42.94],[-96.711,42.826],[-96.779,42.701],[-96.984,42.575],[-97.315,42.496],[-97.839,42.507],[-98.26,42.462],[-98.784,42.45],[-100.136,42.086],[-100.953,42.114],[-101.272,42.174],[-101.523,42.182],[-101.796,42.212],[-102.457,42.508],[-102.616,42.637],[-102.783,42.805],[-102.852,42.926],[-102.847,43.012]]]}},{"type":"Feature","properties":{"density":3},"geometry":{"type":"Polygon","coordinates":[[[-122.35,63.391],[-122.397,63.576],[-122.382,63.643],[-122.344,63.695],[-122.166,63.715],[-121.981,63.765],[-121.88,63.767],[-121.828,63.744],[-121.828,63.702],[-121.869,63.648],[-122.071,63.481],[-122.274,63.357],[-122.321,63.364],[-122.35,63.391]]]}},{"type":"Feature","properties":{"density":3},"geometry":{"type":"Polygon","coordinates":[[[-123.201,64.826],[-123.59,64.745],[-123.779,64.815],[-123.779,64.917],[-123.438,64.977],[-123.161,65.106],[-123.066,65.126],[-122.955,65.119],[-122.837,65.065],[-122.766,64.994],[-122.732,64.927],[-122.739,64.842],[-122.81,64.815],[-123.201,64.826]]]}},{"type":"Feature","properties":{"density":3},"geometry":{"type":"Polygon","coordinates":[[[-120.329,65.102],[-120.353,65.06],[-120.356,64.997],[-120.32,64.961],[-120.295,64.99],[-120.279,65.086],[-120.296,65.12],[-120.329,65.102]]]}},{"type":"Feature","properties":{"density":3},"geometry":{"type":"Polygon","coordinates":[[[-121.325,61.883],[-121.457,61.91],[-121.497,61.89],[-121.49,61.829],[-121.342,61.688],[-121.339,61.647],[-121.393,61.583],[-121.477,61.526],[-121.571,61.512],[-121.71,61.559],[-122.311,61.863],[-122.585,61.929],[-122.98,62.096],[-123.223,62.301],[-123.382,62.537],[-123.466,62.848],[-123.473,62.977],[-123.443,63.114],[-123.382,63.197],[-123.238,63.296],[-123.147,63.334],[-122.947,63.316],[-122.886,63.291],[-122.708,63.38],[-122.521,63.607],[-122.344,63.764],[-122.152,63.795],[-121.838,63.8],[-121.771,63.771],[-121.757,63.626],[-121.737,63.612],[-121.676,63.616],[-121.561,63.736],[-121.487,63.778],[-121.447,63.825],[-121.237,63.96],[-120.988,64.085],[-120.505,64.051],[-120.378,63.95],[-120.338,63.828],[-120.323,63.661],[-120.338,63.519],[-120.394,63.368],[-120.35,63.072],[-120.365,63.022],[-120.426,62.966],[-120.584,62.929],[-120.618,62.888],[-120.608,62.834],[-120.544,62.767],[-120.412,62.52],[-120.351,62.369],[-120.318,62.2],[-120.321,62.099],[-120.351,62.018],[-120.422,61.984],[-120.658,61.947],[-120.692,61.92],[-120.729,61.839],[-120.76,61.808],[-120.81,61.798],[-121.165,61.845],[-121.325,61.883]]]}},{"type":"Feature","properties":{"density":3},"geometry":{"type":"Polygon","coordinates":[[[-121.698,63.389],[-121.639,63.501],[-121.5,63.645],[-121.376,63.751],[-121.068,63.931],[-120.915,63.967],[-120.851,63.954],[-120.787,63.922],[-120.733,63.861],[-120.751,63.763],[-121.055,63.618],[-121.131,63.564],[-121.304,63.497],[-121.43,63.42],[-121.538,63.393],[-121.587,63.363],[-121.673,63.356],[-121.691,63.363],[-121.698,63.389]]]}},{"type":"Feature","properties":{"density":3},"geometry":{"type":"Polygon","coordinates":[[[-120.894,63.0],[-120.948,62.998],[-121.02,63.029],[-121.135,63.135],[-121.135,63.236],[-121.094,63.313],[-120.984,63.403],[-120.905,63.425],[-120.71,63.436],[-120.66,63.421],[-120.485,63.261],[-120.406,63.146],[-120.397,63.094],[-120.415,63.054],[-120.518,62.982],[-120.777,62.964],[-120.84,62.971],[-120.894,63.0]]]}},{"type":"Feature","properties":{"density":3},"geometry":{"type":"Polygon","coordinates":[[[-120.687,62.037],[-121.061,62.233],[-121.108,62.339],[-121.112,62.411],[-121.065,62.494],[-120.925,62.64],[-120.849,62.696],[-120.678,62.757],[-120.597,62.744],[-120.491,62.597],[-120.365,62.339],[-120.338,62.222],[-120.347,62.141],[-120.394,62.064],[-120.435,62.033],[-120.561,62.01],[-120.687,62.037]]]}},{"type":"Feature","properties":{"density":3},"geometry":{"type":"Polygon","coordinates":[[[-121.341,61.931],[-121.436,61.958],[-121.746,62.093],[-122.094,62.323],[-122.175,62.394],[-122.215,62.451],[-122.246,62.552],[-122.219,62.674],[-122.131,62.755],[-122.043,62.805],[-121.993,62.822],[-121.901,62.795],[-121.8,62.731],[-121.665,62.593],[-121.466,62.465],[-121.294,62.33],[-121.081,62.188],[-120.842,62.056],[-120.774,61.989],[-120.747,61.921],[-120.771,61.874],[-120.838,61.857],[-121.206,61.874],[-121.341,61.931]]]}},{"type":"Feature","properties":{"density":3},"geometry":{"type":"Polygon","coordinates":[[[-121.697,61.605],[-122.031,61.757],[-122.254,61.838],[-122.552,61.995],[-122.704,62.122],[-122.745,62.309],[-122.932,62.506],[-123.053,62.608],[-123.145,62.724],[-123.19,62.841],[-123.311,62.918],[-123.375,63.033],[-123.354,63.154],[-123.226,63.239],[-123.03,63.222],[-122.875,63.121],[-122.649,62.803],[-122.528,62.672],[-122.335,62.52],[-122.153,62.213],[-121.721,62.027],[-121.458,61.842],[-121.299,61.757],[-121.279,61.717],[-121.471,61.619],[-121.663,61.595],[-121.697,61.605]]]}},{"type":"Feature","properties":{"density":3},"geometry":{"type":"Polygon","coordinates":[[[-112.218,39.068],[-111.863,39.099],[-111.504,38.906],[-111.473,38.82],[-111.529,38.714],[-111.61,38.653],[-112.218,38.613],[-112.438,38.572],[-112.498,38.527],[-112.554,38.597],[-112.554,38.653],[-112.529,38.729],[-112.362,38.942],[-112.291,39.019],[-112.218,39.068]]]}}]}